{"type": "Feature", "properties": {}, "geometry": {"type": "Polygon", "coordinates": [[[25.543040728983858, 56.87672341900401], [25.544632919268214, 56.87578232225243], [25.54620597176899, 56.875150255353425], [25.54678273690288, 56.87461044868782], [25.549583920269853, 56.87191862486724], [25.550190663946577, 56.87131065574697], [25.5504803636583, 56.871033880077796], [25.550471959875008, 56.87085463484508], [25.55001659885329, 56.8708197911652], [25.549450362991667, 56.870801290302], [25.54898568925971, 56.87082528433295], [25.548588232130367, 56.87086667383789], [25.548159358205886, 56.87095221738693], [25.54775238060338, 56.871084883962865], [25.547427154727586, 56.87126395021311], [25.547150556866118, 56.871493457003055], [25.546860822931322, 56.87172677373544], [25.546688375411478, 56.87190029794063], [25.546478601587147, 56.87218515881312], [25.546256394590777, 56.87244316433493], [25.545899112337537, 56.87259973849785], [25.545592708112714, 56.87270143969642], [25.545352250735643, 56.872736050992785], [25.544634656494818, 56.87264190511041], [25.543861258099522, 56.872359751211896], [25.543571279194424, 56.87226487757078], [25.543238064214442, 56.872250764384106], [25.542973584251776, 56.87229049284298], [25.5425983143325, 56.87238628961423], [25.54203762590071, 56.87250260498096], [25.541281183349664, 56.872712504031426], [25.541073647105577, 56.87284268737141], [25.54082665894527, 56.87298430072933], [25.5397358190477, 56.87321654534897], [25.539370386272903, 56.87322833626788], [25.538969464757642, 56.87318587182049], [25.538532440892784, 56.873074567635456], [25.538215420529877, 56.872969079984195], [25.53798850968065, 56.87278955102103], [25.53779924006935, 56.87255485771792], [25.537621477801554, 56.87227627463901], [25.53703194351936, 56.871933466905766], [25.536612442349476, 56.871924036752624], [25.536219460231816, 56.87207473268046], [25.536073545028245, 56.87224791553805], [25.535969919558724, 56.87247891760885], [25.53590358616377, 56.872807909357725], [25.53582908299407, 56.873100549474], [25.53585601415777, 56.873432805999194], [25.53580492188583, 56.87380902391326], [25.53571997129466, 56.874171075449475], [25.535567319549017, 56.874504776003555], [25.535308791566685, 56.87469027684176], [25.535110790128414, 56.87472918032564], [25.534777406592294, 56.874711398612405], [25.534430556780197, 56.874690133536795], [25.53399563484304, 56.87462984022535], [25.533710036917146, 56.87456041625582], [25.533007014229405, 56.87445235850087], [25.532070379958128, 56.87432528395377], [25.531635896465264, 56.874275911798804], [25.530964969536836, 56.87413828388485], [25.530685672808122, 56.87414170675377], [25.530388368923106, 56.87419274528281], [25.529591074166458, 56.87426815514166], [25.529239672096285, 56.87429797498725], [25.52895845650027, 56.87425402182576], [25.52870204104284, 56.874165998800734], [25.528484041054288, 56.87404103524895], [25.527970248345962, 56.87367795869059], [25.527797310450424, 56.87351598178223], [25.52757337174041, 56.87324523651817], [25.527004064028432, 56.872825555894316], [25.526664461839673, 56.87265468011976], [25.52615832300248, 56.8724785425523], [25.525741599633516, 56.87237423268057], [25.52511593602253, 56.872252813676475], [25.524680463230155, 56.87217790336895], [25.524478013322028, 56.87210744354182], [25.5242725981619, 56.871964097702005], [25.524204599607906, 56.871764365374176], [25.524291063923418, 56.871273612323165], [25.52432796416648, 56.87103614790954], [25.524285527862663, 56.87081057739134], [25.524001760697026, 56.870376463795346], [25.52377278414335, 56.86998072078688], [25.5238636242127, 56.869760828893], [25.52400958662236, 56.869587659989875], [25.524183480457708, 56.869446972101656], [25.52426324220707, 56.86928190649078], [25.52453182434923, 56.86901608807565], [25.524709907682958, 56.86881519398277], [25.52474606111698, 56.86855949897452], [25.524667255907044, 56.86825780266671], [25.524491852800466, 56.86803386419131], [25.52415273402114, 56.86787391064158], [25.523781863012736, 56.867750813514384], [25.523401417243065, 56.86771898447275], [25.522719257339933, 56.86779293805637], [25.522172613349834, 56.86792723259533], [25.521633626004853, 56.8680869486995], [25.520927368526195, 56.86828809844046], [25.52040314868789, 56.86848409924064], [25.52005713358378, 56.86864510713289], [25.519570455929095, 56.868959158939106], [25.519369618203864, 56.86919798720138], [25.519196649401945, 56.86957145701065], [25.519364349496644, 56.86993372981582], [25.519308929836214, 56.870207636177945], [25.5190510977187, 56.870411136430334], [25.518672092113878, 56.87057969350544], [25.518329274857365, 56.87065672014128], [25.51799621077709, 56.87063679655418], [25.517445315671576, 56.870458589343336], [25.517021352031996, 56.870278847140455], [25.516414675210967, 56.86985926757218], [25.515929928109248, 56.869451853463524], [25.515701208207968, 56.86919359867312], [25.51569207252221, 56.86886967658091], [25.51573307825101, 56.868706030378725], [25.51594465025273, 56.868246668158015], [25.51591626907116, 56.86793775085789], [25.515838724776952, 56.86768853318145], [25.515639113343525, 56.867462558326324], [25.515412183129932, 56.86724778640966], [25.515057688375187, 56.866968935530366], [25.514770396523364, 56.866733142123444], [25.51452433851031, 56.86653600445431], [25.51425995277257, 56.86637606156297], [25.51393739959902, 56.866249465513846], [25.513619064171642, 56.86622721357715], [25.513317444268168, 56.86627437362816], [25.513005870267616, 56.86641954446509], [25.512708304515677, 56.866616738362104], [25.512607780896037, 56.86697732647167], [25.512608184112487, 56.86718397520053], [25.51262904252192, 56.867405596682346], [25.512787416459872, 56.867691906410315], [25.51296718757195, 56.86791813502608], [25.513004607430343, 56.868156950663405], [25.512888348469986, 56.86842245323254], [25.512697933423127, 56.868620532342305], [25.51228217307755, 56.86874085271452], [25.51189673979378, 56.868728115048455], [25.511446601450356, 56.868635681146785], [25.510981397251268, 56.868613025201576], [25.510227634881602, 56.86861779278884], [25.509687320490755, 56.86870046307983], [25.508801057298843, 56.86902245515143], [25.50843697272693, 56.86928365998078], [25.508125810236386, 56.86958684023166], [25.50794575162866, 56.86984569562608], [25.507808539437768, 56.87008444636902], [25.507623800631553, 56.870374697171094], [25.507454065477013, 56.870594270860906], [25.507148993536557, 56.87090248740505], [25.506896415274635, 56.871036040864844], [25.506640600179463, 56.871089163860084], [25.506343540584314, 56.871103618449744], [25.50603018479287, 56.8710771717809], [25.50567735514593, 56.87098789240507], [25.50544689188872, 56.87088190781955], [25.504511901186156, 56.8705255553815], [25.50415576413955, 56.870303020292916], [25.50387909449806, 56.87003445007932], [25.503825815556144, 56.869893695855296], [25.50381446895558, 56.8696110500334], [25.503704261850036, 56.86943558055611], [25.503580022490087, 56.86930656123684], [25.50340732388941, 56.86915638158275], [25.503230674343413, 56.8690062402618], [25.503079551843697, 56.868859313594896], [25.502953849986053, 56.86869332933275], [25.502830242750292, 56.86857953112335], [25.502743757385712, 56.86840220303679], [25.502658335687876, 56.86825096329166], [25.502566269962614, 56.86813243665315], [25.50239187169238, 56.86803822518674], [25.50223953117538, 56.86790083619942], [25.50206393865159, 56.86777679074058], [25.501859523443468, 56.8676269814422], [25.50166814735029, 56.86750529059447], [25.501427009971707, 56.867444881809526], [25.500912564169866, 56.86742187294665], [25.500660035990318, 56.867406335488454], [25.50020559940291, 56.86743036652461], [25.49988895095957, 56.86741790678498], [25.499368202248988, 56.867532921677444], [25.49915310993615, 56.867611641770495], [25.498680503730522, 56.867899233195395], [25.49838885748601, 56.868048467640385], [25.497992006213092, 56.86821594468677], [25.497831765310938, 56.86837665679984], [25.49760651430618, 56.868498991950595], [25.49739157006728, 56.86858205585665], [25.497076265110046, 56.868635863499904], [25.49675276203413, 56.868683245536644], [25.496403727425495, 56.868687427678374], [25.496164628696416, 56.86866201648958], [25.495904646433974, 56.86861074481324], [25.49567465946076, 56.86851561746821], [25.495492694559573, 56.86843078646951], [25.495231503028332, 56.868308870560575], [25.495028690272868, 56.86819818731085], [25.49484629477457, 56.86810248880123], [25.49464320775414, 56.86798528517627], [25.494479354455574, 56.867856731063725], [25.49432784049106, 56.86773890085138], [25.494210708306717, 56.867588034943466], [25.494025733100912, 56.86742710873341], [25.49375471335421, 56.86724725586933], [25.493593206807763, 56.86717740690064], [25.4934129864971, 56.867136056992614], [25.493213808602558, 56.8671166859345], [25.49297567466088, 56.867115175006006], [25.492737871424815, 56.86712237503063], [25.49255853489312, 56.867102765793454], [25.49236642789364, 56.86706155643175], [25.49215914105831, 56.867037922908466], [25.492007244941345, 56.86702886577301], [25.491652279538908, 56.86708313353619], [25.491461645164446, 56.86707888707042], [25.491254532151306, 56.86705960765181], [25.491003369249526, 56.867029973033375], [25.49076540919272, 56.86703281349685], [25.49054682490565, 56.86702455054438], [25.490328689375737, 56.867027153587784], [25.49009142114295, 56.86704738826779], [25.48987475506375, 56.86708694585815], [25.489670495933446, 56.867139419139406], [25.489431802824825, 56.86715313752973], [25.48907458575268, 56.86715087381781], [25.488835328489373, 56.867121092904775], [25.488613893277464, 56.86704108018596], [25.488417439073753, 56.86689032776922], [25.48834483041643, 56.86676067836848], [25.488314991800426, 56.86660876683345], [25.488338947029614, 56.86641270938198], [25.488462055468847, 56.8662154703023], [25.48863970886607, 56.86599305219979], [25.488646429792375, 56.86586245741232], [25.488679183220732, 56.86568805642467], [25.488661231880414, 56.86553600325545], [25.488589056824697, 56.865417220545986], [25.48845494925609, 56.865337514474454], [25.48827346412242, 56.86526353914695], [25.487913933693118, 56.86520256550387], [25.487567603425646, 56.86517406677325], [25.487150745200122, 56.86516815035198], [25.486650565934088, 56.865191508814235], [25.486322136596648, 56.865226757052405], [25.48602849518909, 56.86521016994228], [25.485735395863998, 56.86502687888293], [25.48557969432685, 56.86490256505132], [25.485396908113305, 56.864795985888264], [25.485162588429212, 56.86469001028984], [25.484902981095004, 56.86454735307571], [25.484443987294906, 56.864338115224406], [25.484200864333776, 56.86421060685314], [25.483707564619905, 56.86397741596363], [25.483478242044495, 56.863897550895985], [25.48324761853242, 56.86388507859511], [25.483009677607694, 56.86388790418568], [25.482843670055644, 56.86378136470961], [25.48316452315398, 56.863522635374274], [25.48487054669591, 56.86202556972041], [25.486237283330833, 56.86096978605853], [25.48625728827234, 56.86095432755774], [25.486762353392386, 56.860566457383065], [25.487726002879597, 56.859960135696944], [25.48740689152154, 56.85850654865426], [25.48645110650638, 56.85775716761891], [25.485472139233362, 56.85619059919419], [25.48646164182312, 56.85529725218543], [25.489168258517502, 56.85285335377875], [25.48716683187771, 56.852073226526144], [25.48556491196395, 56.85213868374154], [25.484568002932548, 56.85292091526716], [25.48461792144519, 56.85295361987604], [25.483465288461556, 56.85347926954259], [25.483071120273348, 56.853693695272554], [25.482958995968733, 56.853680803765315], [25.481394664927674, 56.85350087691641], [25.480639488480133, 56.853417720182485], [25.48018581100959, 56.852797893042755], [25.47969340377258, 56.852194399572745], [25.480907188893262, 56.8517361381418], [25.48396280229266, 56.85144969541197], [25.484312995729056, 56.851392261616446], [25.48525423658629, 56.851237203104354], [25.48588444266361, 56.85001596890504], [25.486460184017016, 56.84873802866258], [25.493062865913686, 56.84872615316531], [25.493341066694796, 56.848684289878626], [25.494472061934506, 56.847464539706266], [25.498246236430518, 56.84621749221917], [25.49874007496237, 56.84635208993818], [25.497107011439837, 56.84449192375918], [25.498488540074632, 56.844054630414256], [25.498936995099793, 56.84416650985658], [25.4991052351312, 56.844054756770234], [25.499127058051222, 56.84406462078102], [25.499731060673405, 56.84421348055006], [25.499852969574572, 56.84424651834854], [25.500467892831846, 56.84448171456048], [25.500752240411515, 56.844550580966875], [25.50145580761092, 56.84477796813887], [25.502272715062723, 56.8450304394334], [25.502348449293763, 56.84495684889343], [25.503724334523703, 56.84488930512418], [25.50704532118906, 56.84477484156324], [25.50859189484332, 56.84471606444479], [25.507737221937862, 56.84203903063015], [25.507939141337722, 56.84075246957893], [25.50464341951222, 56.84060104153719], [25.50359833756701, 56.84010020471947], [25.503197139919873, 56.83972271686363], [25.50270772361746, 56.83929984637222], [25.50186264430958, 56.83860116494325], [25.50103565236929, 56.83781460319638], [25.500240009173176, 56.837127742860524], [25.50006247360239, 56.836577498866326], [25.499411830359673, 56.835774692179946], [25.5011503087488, 56.83511979354205], [25.503145575973612, 56.834573317871936], [25.504998883398592, 56.833804427215945], [25.505173675433184, 56.833489912316104], [25.50597547777963, 56.83203168440867], [25.506986927742503, 56.83023212317315], [25.506966433090412, 56.83017153329457], [25.507032170712815, 56.829991210774395], [25.50775069849943, 56.82802015975559], [25.507793091461977, 56.827903849200574], [25.50828257137754, 56.82667340776767], [25.506461600638445, 56.823652677789404], [25.506083378285496, 56.82285586213776], [25.50676955310554, 56.82105392463986], [25.507063541826746, 56.82027919315266], [25.507547100885148, 56.81906016323424], [25.507911443062927, 56.81797178472867], [25.50771538642073, 56.81691070692806], [25.507347433809922, 56.81653704485309], [25.506199278326076, 56.815296574302636], [25.50256058628176, 56.813229205614896], [25.499271604735647, 56.81140385549028], [25.499242448384305, 56.811280015207224], [25.49784480160209, 56.8103940676488], [25.497847096581143, 56.81037481221988], [25.494137748027413, 56.80759634093555], [25.493542957864406, 56.807603110969154], [25.492571757714895, 56.80759923235657], [25.49135755045119, 56.806822810528466], [25.49220320555386, 56.805385408382094], [25.486781160889162, 56.80201287176213], [25.48613483846565, 56.801611134782625], [25.485836136293276, 56.800140516698455], [25.485901741947803, 56.79973285929004], [25.48589142703817, 56.7996145150817], [25.48565411657438, 56.79891624248254], [25.483687431198156, 56.798156962905786], [25.48365723781071, 56.79815494991635], [25.483387390930808, 56.79798947438889], [25.483347493278078, 56.79798471049193], [25.48228227457122, 56.79767543836541], [25.477910726949297, 56.79589695914889], [25.477867074237444, 56.79584495005525], [25.477194760104513, 56.79563483769754], [25.474127449666156, 56.79436465703933], [25.474235933213908, 56.792715889958835], [25.474474815693974, 56.790036729026035], [25.472974856453174, 56.78917107223159], [25.471493370668775, 56.7883171927625], [25.469751568595182, 56.787387232631474], [25.46843795226727, 56.786746098548605], [25.46558511890295, 56.78526568908228], [25.462006509844816, 56.78328923594973], [25.456502805744584, 56.78042211461035], [25.45502909779134, 56.77961508755862], [25.453508043866417, 56.77881790357526], [25.452465322252014, 56.77824976544573], [25.452366121798484, 56.77797600770105], [25.45241096290868, 56.77794078563219], [25.451804875549964, 56.77762727628854], [25.450282692890617, 56.77685887263661], [25.449982059014932, 56.77670709883905], [25.449752714634947, 56.77660875589424], [25.449622234476372, 56.77655281363454], [25.44726324189322, 56.77656719822242], [25.445878998251928, 56.77659256096975], [25.44510591243158, 56.77659453016584], [25.44507252586298, 56.77663751464327], [25.44381853151787, 56.77685886153577], [25.44352393602213, 56.77691480636205], [25.44350510025907, 56.776913559807845], [25.443147072384, 56.77688984051587], [25.443070580549115, 56.77688476851171], [25.44125647103744, 56.77738340184407], [25.441122749666427, 56.77726825945652], [25.44112234014171, 56.777244768555924], [25.437871345825755, 56.77458604208415], [25.43777398031132, 56.77448217545383], [25.435250235104334, 56.77324540853361], [25.435222184712575, 56.77261858237217], [25.43462746685553, 56.77179282607406], [25.43344272367489, 56.771018666807244], [25.428482928149453, 56.771870929263706], [25.427533250894946, 56.77276907382451], [25.425810287860426, 56.773128799344526], [25.424904689552516, 56.77230072944717], [25.424828240815117, 56.772230837558425], [25.42476771107591, 56.772294306734324], [25.424694763633024, 56.77228183337234], [25.42451295008972, 56.77218689988274], [25.42431430457626, 56.77217288791868], [25.42412205084563, 56.77219931568396], [25.42401194396892, 56.77226985566377], [25.423858452760985, 56.772331223067276], [25.423775560640856, 56.77230200698266], [25.42367885662805, 56.772305608709765], [25.423623203967416, 56.77235531963372], [25.423275415227085, 56.772414267764155], [25.423125557504036, 56.772428574681776], [25.42298951127328, 56.77246970556273], [25.42264157747555, 56.77252098044184], [25.422370981765816, 56.772557643403424], [25.421916568744546, 56.77266695118938], [25.42183786092934, 56.772664416260014], [25.42170603689669, 56.77270042111002], [25.42160957160428, 56.77270604011026], [25.421291967825997, 56.77278533087318], [25.421112957334163, 56.772780416386446], [25.420692796209984, 56.77287565433749], [25.42056537002166, 56.77289254187417], [25.420451817887685, 56.77292105948203], [25.420357914287422, 56.77295379177344], [25.420061067341017, 56.77298140432419], [25.41955832028284, 56.77312236851791], [25.41941492268911, 56.773232053177416], [25.41733236307056, 56.774294329769894], [25.41619924835765, 56.77490472457376], [25.416035709000518, 56.77491152308975], [25.41440984326211, 56.77472128794628], [25.41405737036395, 56.77475019074822], [25.413816976594656, 56.7746610902244], [25.41277745383864, 56.77456385557977], [25.412703613123433, 56.77445357564882], [25.41269973748447, 56.774350427912964], [25.412227553835418, 56.77394871416135], [25.41054933851398, 56.7724028404615], [25.410062712859094, 56.77206854302759], [25.41029599178935, 56.77182727530726], [25.410140934843152, 56.77161573590794], [25.410302097416977, 56.77157646452314], [25.410577514614193, 56.77029024230284], [25.41070931208947, 56.76900427804457], [25.410416751825405, 56.769012034550634], [25.409060130354973, 56.76878855069311], [25.408814091369038, 56.7686120544502], [25.40846960286081, 56.768626421871325], [25.405343005864296, 56.76794719607077], [25.403281117171872, 56.76646910889945], [25.400992559134217, 56.764923066454536], [25.399771700960503, 56.76461813557996], [25.399063091174327, 56.76440886854394], [25.39631993217472, 56.76362717265003], [25.396402690227454, 56.76347496730068], [25.39604383935701, 56.7629222450972], [25.395302660266704, 56.761741344635496], [25.39344136264195, 56.75869410318333], [25.39286111047308, 56.75777479128654], [25.392457038763492, 56.75770370532565], [25.391145878652853, 56.75726147634286], [25.389247133579005, 56.75661736811642], [25.388991480204943, 56.75652308054641], [25.38722444103216, 56.75595112384488], [25.386873939815615, 56.75583225327782], [25.3845370760602, 56.75600504547418], [25.381471682536414, 56.75624811466626], [25.381269008889657, 56.75629358623266], [25.380428938986892, 56.75696157089847], [25.379595665972285, 56.75946438382522], [25.379003367098978, 56.76117685725221], [25.37661045870374, 56.76156928604743], [25.37357211420967, 56.76206280623281], [25.371586970191956, 56.762375532328825], [25.368025315488502, 56.762899900612005], [25.362136311192867, 56.76376017069869], [25.36058324301656, 56.76399132352293], [25.359492328218924, 56.764139242466676], [25.358401405026488, 56.764287160885424], [25.35772842296651, 56.76435752732356], [25.355572307975617, 56.76454437227808], [25.35044119495498, 56.764267226221435], [25.346033098027643, 56.764663754754025], [25.34440434142108, 56.76480735411138], [25.342231463981292, 56.76499500205826], [25.340969411218225, 56.765076594098296], [25.339129908524793, 56.764425554628254], [25.3378971136409, 56.76449315355517], [25.337273423811844, 56.76452734559648], [25.335811858898012, 56.763942177992384], [25.335186024302708, 56.763832320282056], [25.33385070478324, 56.76353376810352], [25.332475390732537, 56.76323658147642], [25.33152499337226, 56.762808858659945], [25.33160540621497, 56.76279102774553], [25.3364958019948, 56.761706438281465], [25.339368746755138, 56.76103157406802], [25.33945547888676, 56.76101225056623], [25.341589624948767, 56.76053681536067], [25.347719756507704, 56.75913952135255], [25.352892016554062, 56.76012925742411], [25.358158710115625, 56.761129306492116], [25.3605716401918, 56.758010544715454], [25.36289161914996, 56.7550083474537], [25.364970200011804, 56.75239219328407], [25.363706023279462, 56.75196994617673], [25.36346729655843, 56.75187568222511], [25.362145166124137, 56.751382174334154], [25.361581824299314, 56.75154226514263], [25.360018179765483, 56.75202400080182], [25.359938816375177, 56.752022808924615], [25.357316377908674, 56.75278968789393], [25.35444741385111, 56.753648974720214], [25.353017775379467, 56.75376959215534], [25.348813640360902, 56.75435675667786], [25.345064233940203, 56.754880275024185], [25.341601733431457, 56.75536362074557], [25.335546409919306, 56.75651788182934], [25.335486020990896, 56.756529391263264], [25.324731517189925, 56.75857849223032], [25.324647951284284, 56.75859441153699], [25.322320002246467, 56.759037819739255], [25.321566538666602, 56.75918131594185], [25.32159184534912, 56.75922139842649], [25.31986174283234, 56.75958942849456], [25.31942255577484, 56.75962224355287], [25.315614918642108, 56.76031891947668], [25.315063222620235, 56.760332968819235], [25.312405205645227, 56.75886370333439], [25.312263194689617, 56.75893466816891], [25.311862009114108, 56.75916031922011], [25.311204894428755, 56.759523755364626], [25.311167914033724, 56.75958772046932], [25.31112523093395, 56.75960774708276], [25.311055426879776, 56.75959539917314], [25.31077791904418, 56.75976028502407], [25.310439109861658, 56.75994285856795], [25.31034681815434, 56.76002317293011], [25.31044576975166, 56.760380589587136], [25.310347092553982, 56.76040441190166], [25.31017302496171, 56.76046876589668], [25.309785520102412, 56.76063477813582], [25.309216422016885, 56.76085215694648], [25.308013425871764, 56.761336301752486], [25.307586576732987, 56.76153855993588], [25.307387674958168, 56.76165069079792], [25.307315496182845, 56.761674583270946], [25.307133116056544, 56.76173494998794], [25.305936792036025, 56.76096952024842], [25.305459344205143, 56.76078680070751], [25.304686999736674, 56.76056368779319], [25.302427509160378, 56.75995639732981], [25.30079397145971, 56.75950284434525], [25.30072080402398, 56.75948252931983], [25.29633667514551, 56.758292015044894], [25.29596851317035, 56.75819155582271], [25.295602217653208, 56.75807493951244], [25.295332357972796, 56.757960941267235], [25.29510048380643, 56.757846547932644], [25.294931010967808, 56.75772021233489], [25.294725788682086, 56.75749707759388], [25.29462905177212, 56.75733539504773], [25.294414652175405, 56.75706646994825], [25.29410424069696, 56.75660822589654], [25.293767717527274, 56.756078679459144], [25.293411097277414, 56.75563272809865], [25.29311551020159, 56.755186322501224], [25.29285408820838, 56.75479058640075], [25.29242629827706, 56.75423804728094], [25.291669922554842, 56.75369631446762], [25.29096507749545, 56.7532129386968], [25.290850125274098, 56.753158324503474], [25.290632458127583, 56.753054899074066], [25.290221300982672, 56.75291008821419], [25.28701466739424, 56.75183338691239], [25.283539712558206, 56.75059918645199], [25.279736087133514, 56.749270644932906], [25.27951599326319, 56.7491539098617], [25.279364541652313, 56.74905083668168], [25.278643599676602, 56.74841850061875], [25.277046685329147, 56.74703473917601], [25.275082468501648, 56.745340653056246], [25.27382635391424, 56.74432587263658], [25.273350030159783, 56.74391890492324], [25.272450668089604, 56.743150449121394], [25.27135979319329, 56.7421862129285], [25.270584817799936, 56.741458811466536], [25.270298054880016, 56.74123536322904], [25.270134688725516, 56.74107740484132], [25.269985409391257, 56.74093423538051], [25.26947870482544, 56.740612396577475], [25.269271485970098, 56.74048082258101], [25.267628123934365, 56.740287651184424], [25.26736933492869, 56.740297029918096], [25.267240022244646, 56.74030172274382], [25.26589948792354, 56.740350328975026], [25.26318938626929, 56.740411386173356], [25.261722249240755, 56.74042630654245], [25.261332758514627, 56.74043024795459], [25.261088806441126, 56.740445303590214], [25.260891087509712, 56.7404724787474], [25.260467587755357, 56.740502251102754], [25.260154190060508, 56.740497018714336], [25.25982482574189, 56.74047097653721], [25.259387697989116, 56.740420837996695], [25.25904858153876, 56.740331945290585], [25.2586278665, 56.74020341730185], [25.25857503505145, 56.74017631366456], [25.257773249058065, 56.73972900586444], [25.25720624511845, 56.73931281152904], [25.25635604219602, 56.73874318877315], [25.255568142137328, 56.73822423560649], [25.25472260027176, 56.737666908947865], [25.25442279372498, 56.73748592801802], [25.253996025617766, 56.737180096034926], [25.252931086122175, 56.736479528511815], [25.252493198521506, 56.736181242584586], [25.25230448237913, 56.736057370406606], [25.25207806434807, 56.735908737382424], [25.251746049141033, 56.73569681577171], [25.251538095811505, 56.73557486967549], [25.251324874516403, 56.73547194287145], [25.2510890536578, 56.735383016109786], [25.250872400852113, 56.73530614274132], [25.250652676177367, 56.73523666729343], [25.250226110378282, 56.73512773876204], [25.24929046472851, 56.73497141410957], [25.24827974641534, 56.73478996725994], [25.24769820080594, 56.73469907795118], [25.2476615245868, 56.734693344424436], [25.247240521815414, 56.73462754860139], [25.247157606586423, 56.734591397088934], [25.24710058380091, 56.734556693579606], [25.247137590040218, 56.73440260377646], [25.24730470277819, 56.7342037081358], [25.247351943595888, 56.73404081863433], [25.24731386197436, 56.73400349082537], [25.24718594522471, 56.733955471576245], [25.246962899182094, 56.73383164739744], [25.24691877210604, 56.73377118139807], [25.24685617167961, 56.73362968728105], [25.246877776934653, 56.73348735984366], [25.246880062480344, 56.73339741789699], [25.246857671530456, 56.733357039917315], [25.246766636613444, 56.73331154440282], [25.246585255706815, 56.73324085175598], [25.246500530514904, 56.73318447534506], [25.246305607514444, 56.73307845502423], [25.245922072815652, 56.73307338530176], [25.24582103488186, 56.73309209506335], [25.245609497558128, 56.73317260975237], [25.24509915024033, 56.73321259615711], [25.24496218655531, 56.7331602265669], [25.244912358193137, 56.7330987566189], [25.244937316154246, 56.73305911835027], [25.245117096496983, 56.73292479807818], [25.245382747425612, 56.73279609761458], [25.245643392992132, 56.73269156157984], [25.245681327996504, 56.73258370726228], [25.24566050440166, 56.73229909073839], [25.24564658272549, 56.73213368638252], [25.245514564603972, 56.73190257985843], [25.24537790063632, 56.731706901444454], [25.24604628174602, 56.731548622544764], [25.246795834882143, 56.73130708429991], [25.24839831041276, 56.73072680429932], [25.250416665506986, 56.730173580917615], [25.251711436974457, 56.72974888688886], [25.253243226989472, 56.72951288364778], [25.254374883001773, 56.72953697189804], [25.25498276171397, 56.729611661644185], [25.25534237021399, 56.729862515105964], [25.255630301116977, 56.72998657823303], [25.256042975172896, 56.73011642776627], [25.256490455942952, 56.730300821831015], [25.256533782714072, 56.730311975378484], [25.25663337793099, 56.73033760209496], [25.256751863125487, 56.730350342837994], [25.256921038995273, 56.7303656720499], [25.257359980724953, 56.73037828006031], [25.257810742433563, 56.730395358452185], [25.258175838717264, 56.730385483200486], [25.25893654762597, 56.730465017126306], [25.259258972579982, 56.73048658501154], [25.259519903284993, 56.73049531432468], [25.260363720469524, 56.73052760253268], [25.261158233382037, 56.73056792210444], [25.262179739288182, 56.73056599208358], [25.263016122171795, 56.73039450068513], [25.263977893275463, 56.73023899187328], [25.26496940240954, 56.730157396813176], [25.265871286339582, 56.73006991162024], [25.266604200632926, 56.729943292333274], [25.267471218480402, 56.72991330182304], [25.267965321055193, 56.729888465066715], [25.268805966998016, 56.72987965902353], [25.26913228783968, 56.72989166482604], [25.270233847836693, 56.73009177428742], [25.271470922329506, 56.7301428272845], [25.273250532230623, 56.73034547064317], [25.274268497068487, 56.73053371204615], [25.274896098163598, 56.73066060131659], [25.276180221000615, 56.73072797291491], [25.27649103993818, 56.73072116036508], [25.276580806547617, 56.73071918981654], [25.277240679941887, 56.73070472989403], [25.27825252018298, 56.73070054795725], [25.278467403251963, 56.730699359397605], [25.27852888235584, 56.73069901631298], [25.279567866879628, 56.73069324247248], [25.280457579609276, 56.73061610904075], [25.2817035772258, 56.73055376084399], [25.28276420336015, 56.73057403622473], [25.28381741708763, 56.73046409070149], [25.28471074260641, 56.73028147122032], [25.285928319497238, 56.73004594940046], [25.287147170447884, 56.72974292672302], [25.288016497668185, 56.72951717058955], [25.289119074549323, 56.72920848348665], [25.290599116386847, 56.72864910244558], [25.291360005355802, 56.728274201821456], [25.291421891734228, 56.72824247324838], [25.291594385786055, 56.72814945432788], [25.291644148880497, 56.72812262219316], [25.292470082459634, 56.727677228727615], [25.293349648055404, 56.72705604269324], [25.2938358143952, 56.72663324883101], [25.294165164655272, 56.726208810919964], [25.29422914411628, 56.7261259087302], [25.294274727539378, 56.72606365592045], [25.29465297073097, 56.7255470909044], [25.294903172077372, 56.725039024883834], [25.295003864388597, 56.72469733799686], [25.295037313185695, 56.72436253127673], [25.2950007868578, 56.72395413834668], [25.294913446663763, 56.72335822146683], [25.294844907331367, 56.722999703250345], [25.2948991486348, 56.722615138254525], [25.29518026495365, 56.722290156885514], [25.29551991276671, 56.72203268919323], [25.296117365885014, 56.72158972582221], [25.29660330143111, 56.72133693311396], [25.296793064558514, 56.721297788550864], [25.29683789954859, 56.72124161621493], [25.29684673418169, 56.72117403041513], [25.29680925166951, 56.72105783359435], [25.296803973946727, 56.72090449988714], [25.29682823043137, 56.72069152318533], [25.296985724810078, 56.720401498854315], [25.297211651691097, 56.7201537183749], [25.297435252292033, 56.71983846778906], [25.297787017485984, 56.71947560140754], [25.298024528722742, 56.71923996298543], [25.2982079134241, 56.719053980950626], [25.29833253944399, 56.718782707012416], [25.298445191286028, 56.71847079359325], [25.298496759656793, 56.71834749678629], [25.298511462826195, 56.71831232976843], [25.298527660465812, 56.71827358919037], [25.298530149946306, 56.718021988477254], [25.298535387641245, 56.717850135279654], [25.298481718032534, 56.71774173566639], [25.29827158103545, 56.71747400324558], [25.2981010003695, 56.71705863327815], [25.297978019483125, 56.71672864415627], [25.297836108813616, 56.716497002171636], [25.29771355465904, 56.7161792815978], [25.297526165000072, 56.71592357532699], [25.297270157170754, 56.71561951704821], [25.296902161933712, 56.71530434154185], [25.29644532088969, 56.71500236257682], [25.295761573887038, 56.714592327199846], [25.29539373253394, 56.71443021101602], [25.295332815985276, 56.71440336868411], [25.295081634826015, 56.714292662935094], [25.294915094802498, 56.7142468639751], [25.294505940867467, 56.71411707058225], [25.29417107768602, 56.71397297320512], [25.294084765126954, 56.71387689649141], [25.29395745917212, 56.713795513277745], [25.293901980120452, 56.71368905327537], [25.293891223619127, 56.71352660274172], [25.29387947185237, 56.71333563575529], [25.293865577523793, 56.71323311056001], [25.293820473096073, 56.71312805224492], [25.293775254851784, 56.713020146909045], [25.293730150939027, 56.71291508855546], [25.2936966739586, 56.71284698980292], [25.29362212220109, 56.7127907191869], [25.29357251053036, 56.7127056718295], [25.29365018583899, 56.712550236813875], [25.29368883010928, 56.712467130404214], [25.29365507614128, 56.71239047198614], [25.29365731734901, 56.712304886330706], [25.293752925338044, 56.71221833133311], [25.293833067122943, 56.712134794017814], [25.293855282206305, 56.71202618851456], [25.29385107342836, 56.711903589487314], [25.293760454315127, 56.711833235869605], [25.293683441549227, 56.711705687349976], [25.293642342256316, 56.71156636421606], [25.293783448379596, 56.7114451136555], [25.293976168662034, 56.711213667273], [25.294143776786633, 56.71110924816421], [25.29420428501057, 56.711055869865056], [25.294177850421065, 56.71089072495149], [25.294177463754913, 56.71072816666798], [25.294141263033595, 56.7105802302649], [25.294178729584218, 56.71046291272061], [25.29428916891789, 56.71032032662712], [25.29436246411476, 56.710188368967096], [25.294415186383258, 56.70991117872744], [25.294388180814185, 56.70972893266469], [25.294300800598947, 56.709601492194594], [25.294085243630875, 56.7095181686244], [25.293681952693703, 56.709368653077604], [25.293400944248248, 56.709343052470125], [25.293187738183466, 56.70932814930516], [25.29308207849762, 56.709290575179644], [25.293072354030343, 56.70924948969008], [25.293057834385447, 56.70918814827235], [25.293075346110513, 56.70909385057675], [25.293183314829566, 56.70891590885816], [25.293283276637084, 56.70880648750617], [25.29328356238687, 56.70866388647949], [25.293213935483905, 56.70859901097148], [25.292884632712216, 56.70852257120152], [25.29279258938011, 56.70840944597337], [25.29287043742629, 56.708361602722476], [25.29289372867239, 56.708284352167915], [25.292850295631933, 56.708227767198395], [25.292728187781805, 56.708146319866735], [25.292627014987037, 56.70807036958241], [25.292513322440257, 56.70793179911241], [25.292256399538136, 56.70785174971351], [25.2920102382378, 56.70778300790615], [25.291712446952907, 56.70768390207482], [25.29144672109094, 56.707649576171164], [25.29107756418327, 56.7076248839986], [25.29080893844076, 56.707576444685834], [25.290418458849555, 56.707534864367624], [25.290200354431935, 56.707521120999836], [25.29017872885918, 56.70751975461118], [25.289854645666715, 56.70748702688796], [25.28946134983226, 56.70744519420514], [25.28918506091022, 56.70742955340968], [25.288535744247348, 56.70736569417949], [25.288080935244906, 56.70730910228172], [25.28763931912829, 56.70728912027975], [25.287276765799486, 56.70729593923716], [25.2871584462111, 56.70726758356627], [25.28704504887378, 56.7070039904913], [25.287032050126463, 56.70691272226169], [25.287004201798045, 56.70675299938338], [25.286903056266816, 56.7066601707642], [25.28669830371826, 56.706482274627184], [25.286645215247027, 56.70640281308797], [25.286597622985163, 56.70632022196709], [25.286500181077702, 56.70625352754363], [25.286313119863802, 56.706184685472], [25.28613218472557, 56.70613116188713], [25.285960047589256, 56.7060664240418], [25.285762206112413, 56.70600999262123], [25.28567090829695, 56.70595862513962], [25.285666082311756, 56.70581711922119], [25.28562111788724, 56.70565535340919], [25.285516311915668, 56.70553642463559], [25.28546385665568, 56.705475419860335], [25.285297951736613, 56.70545010507008], [25.28565210124267, 56.70462213959091], [25.2856575432705, 56.704612164202075], [25.284591271980016, 56.70428163142671], [25.28435691065124, 56.704190892969066], [25.284158648181037, 56.70409344772805], [25.283977513148155, 56.70398714634565], [25.283750804380524, 56.703821727004645], [25.283605629641166, 56.70365424536002], [25.283503678703056, 56.70347201446378], [25.283471136720543, 56.703394118929914], [25.283402637897883, 56.70323012393873], [25.28336743731302, 56.70309330640645], [25.283354270129408, 56.70291137378564], [25.283362488726105, 56.70268833997553], [25.283329382950654, 56.70253291126805], [25.28322373151762, 56.702368993364], [25.283041490138537, 56.70216746302743], [25.282838439904243, 56.70195144753313], [25.282634185331286, 56.701795022411844], [25.282339563955187, 56.701688539250206], [25.281673828249154, 56.70148288973833], [25.280514979453482, 56.70111342732697], [25.280587183846304, 56.70107396065696], [25.280646492200642, 56.70103084389704], [25.281268775500326, 56.700646931013935], [25.281555240213734, 56.700435438156326], [25.28174985186669, 56.70026098162951], [25.281899485742695, 56.700025100171246], [25.281940553246358, 56.69992064243835], [25.28190937636615, 56.699804888402554], [25.281823651077303, 56.69964204013845], [25.28141831861984, 56.69909098416234], [25.281322895633714, 56.698893994170334], [25.28126150738308, 56.698672466962165], [25.28123246391004, 56.69848242232211], [25.281226268294564, 56.69827604191353], [25.281272407443563, 56.69741339334007], [25.281295815874728, 56.69722036535466], [25.281256341000823, 56.69706885603545], [25.281259287290546, 56.69701522230882], [25.28126857792553, 56.696986339400844], [25.28129895401395, 56.69694311549827], [25.28135333481915, 56.69684746985256], [25.281421370588568, 56.69676152210418], [25.281578524413103, 56.69657859188957], [25.281730721716343, 56.69639978258084], [25.28182007263505, 56.69631688577231], [25.281889457391014, 56.69624810284575], [25.28194775045178, 56.696184510437995], [25.281973361067518, 56.6961394935067], [25.282015607724606, 56.696082337592216], [25.282074032824667, 56.69597700926965], [25.282117341147988, 56.69590113599414], [25.28215116672551, 56.695828298333836], [25.28216956117028, 56.695765574663504], [25.282177403202688, 56.69571044395269], [25.28220381367218, 56.69562364830009], [25.282224131844348, 56.69555843399301], [25.282245049122167, 56.69548442635949], [25.282251106980972, 56.69543686125495], [25.28226489853223, 56.69539438282067], [25.28230024189244, 56.69531817814892], [25.28198432991708, 56.69527560688952], [25.281252424088933, 56.695322211493284], [25.2795640844469, 56.69543026592508], [25.27305351115115, 56.69584458017492], [25.26557450051509, 56.695994241980074], [25.260689660702383, 56.69621199226994], [25.257907437698595, 56.69633508507165], [25.256452803526365, 56.696402280279194], [25.25569015896339, 56.69643749893018], [25.2527581195248, 56.69657080953289], [25.250190923995643, 56.69668961753579], [25.249285580663674, 56.69672851095629], [25.242878486640027, 56.696792397798475], [25.24277252059905, 56.696793454911955], [25.23939998412707, 56.69832362564625], [25.237529653790414, 56.69917868089107], [25.23549406649339, 56.70010921898841], [25.234883501407033, 56.7003855335127], [25.234310804025817, 56.700646456316456], [25.23358154827847, 56.700975575492755], [25.231722601198566, 56.701813106425156], [25.22942072476735, 56.70285011099428], [25.228181582497903, 56.70341203617884], [25.22688268728445, 56.70400103315917], [25.22609378230996, 56.704358754268114], [25.224539235642183, 56.70506361113756], [25.22417766526393, 56.70522755049431], [25.22276655715167, 56.70586731861588], [25.219439081637134, 56.707375794719574], [25.216186784512853, 56.708849978324146], [25.216111323087414, 56.70888418288396], [25.216041078904038, 56.70890946856959], [25.215977164015722, 56.70893954419529], [25.214969699391087, 56.709413503781526], [25.2147893578875, 56.709489727342316], [25.214689652305825, 56.70953764444271], [25.214598462669265, 56.7096272932958], [25.214122455642663, 56.710068696923784], [25.21408244939408, 56.71011082069332], [25.21397985962941, 56.710169187570436], [25.213879280155073, 56.710203752253605], [25.21356762251975, 56.7102759252247], [25.213127102086997, 56.710330798598164], [25.213003669497695, 56.71034412058542], [25.21284257543909, 56.71037603000874], [25.212513259969782, 56.71052859663194], [25.212249528380045, 56.71064954509115], [25.21182205149777, 56.71084558039264], [25.211462911785418, 56.71101028504318], [25.21104980544393, 56.71118199110556], [25.21078408873362, 56.71125058385769], [25.203149835385958, 56.71207130025441], [25.202836025789153, 56.71210582108288], [25.200879602684953, 56.71232101478047], [25.200610191234205, 56.71233444631259], [25.20068671340675, 56.71224980999771], [25.20112595590099, 56.711763988626444], [25.201294871956666, 56.711586943247966], [25.20162014839824, 56.711216315220874], [25.201686320823676, 56.71112744743365], [25.20173912042976, 56.71106800765549], [25.202946752990677, 56.70971167915051], [25.202981416841713, 56.70967274625526], [25.203789136613693, 56.7087655147419], [25.20583890384741, 56.706462988313035], [25.205959756181382, 56.70640558343874], [25.206647233281096, 56.705628049060046], [25.20553874547672, 56.70249217306939], [25.205444618422696, 56.70245995716321], [25.205317199494562, 56.70209597944649], [25.205294319015, 56.70203063038651], [25.20418072647644, 56.69884913084874], [25.204168169916407, 56.69878475995114], [25.2017968395268, 56.69896697380291], [25.19901027577381, 56.699285717504786], [25.193730492848967, 56.699863432514086], [25.192528861862822, 56.699412183192095], [25.192422158236567, 56.699419089461465], [25.192322649382298, 56.700218062413015], [25.191556112663, 56.701877447083895], [25.190781194051866, 56.70242957044457], [25.190459540687204, 56.70260298487175], [25.189801659706006, 56.70280604260942], [25.189370758871437, 56.70294513363829], [25.18880446044351, 56.70312483208502], [25.188180923739143, 56.70333350131844], [25.187942982918983, 56.703391052920225], [25.185830938474144, 56.70403280408859], [25.185761027344675, 56.7040555268247], [25.18400699576253, 56.70435668898238], [25.18170448477, 56.70440306673089], [25.17871395753053, 56.704908946544634], [25.175426309482198, 56.706058424534824], [25.17491199699241, 56.70625304030987], [25.174720300613952, 56.70631187338663], [25.17417262133264, 56.70642504918999], [25.171702233689793, 56.70703156113556], [25.171013705616325, 56.70719655007581], [25.170861534650356, 56.70722770131441], [25.170744909774026, 56.70724365776702], [25.170664171497474, 56.7072543264119], [25.170592740288132, 56.70724435965943], [25.170002555321457, 56.70702250110909], [25.169756456902547, 56.70695091288437], [25.169375778866883, 56.706878287179435], [25.169196687970373, 56.70684411900502], [25.168406335397815, 56.70669332187168], [25.167220634118323, 56.70647198363248], [25.16661422240544, 56.70635495934035], [25.166197740856095, 56.7062745909771], [25.16498855673404, 56.706044125334834], [25.164869243609527, 56.70601533091418], [25.16101183879957, 56.70527784477988], [25.160349704287704, 56.70529886432357], [25.158630118670917, 56.70532972678339], [25.156712993653386, 56.70538739475095], [25.156563388514826, 56.705392107814426], [25.153582336951366, 56.70548424339726], [25.153603767252793, 56.705535491024825], [25.153980066551664, 56.70642490880058], [25.153551097083295, 56.70648110854968], [25.15150097090053, 56.70777813536164], [25.151364410994493, 56.70785998042097], [25.15099516841181, 56.70809839370459], [25.150719900403566, 56.70828284787824], [25.150636052132803, 56.70832567024292], [25.150590720370737, 56.70833525315737], [25.15055589909406, 56.708387344122016], [25.150628200108137, 56.70843982958059], [25.153227882739873, 56.709469478558574], [25.154305761935444, 56.709907948322446], [25.154335520709353, 56.709918445226336], [25.15512444569779, 56.710208373049255], [25.155393089346962, 56.71083342312978], [25.155545648068518, 56.71119930028961], [25.15564053431197, 56.7114376002513], [25.155773938310933, 56.7118137085618], [25.15596491101244, 56.712403242713066], [25.15653542422053, 56.71423283528954], [25.152526486608153, 56.71671527616029], [25.147332605004536, 56.719915578516726], [25.144622283617462, 56.71982521877427], [25.14093598442191, 56.719693469896725], [25.138490483582967, 56.71961324755418], [25.137030927854916, 56.72308267630415], [25.13401602559741, 56.724994940165125], [25.133045926342966, 56.72474561765878], [25.130861887867884, 56.72412808656609], [25.127545746782523, 56.72318287233892], [25.127234885624485, 56.722656537351426], [25.12712439697417, 56.72252965905551], [25.12491507428218, 56.72324468428717], [25.12453938504619, 56.72406879763364], [25.12303273849769, 56.72747429160506], [25.12307703252198, 56.72749523086285], [25.122073187493303, 56.72795402124114], [25.120092254046533, 56.72887739242779], [25.119078396728625, 56.72939936472898], [25.11855754543057, 56.72964566160746], [25.118355117167358, 56.72974684721676], [25.11826156330416, 56.729773328489856], [25.117184111783995, 56.7303014619247], [25.116941463841098, 56.730410211272584], [25.11690862342015, 56.7303819705847], [25.114944162451053, 56.73112160118491], [25.11442687156936, 56.731241903160914], [25.112175550056502, 56.73178766055116], [25.109585906479136, 56.73239989165846], [25.104980450849197, 56.73350089617222], [25.10681481848533, 56.736469151475404], [25.10682208182059, 56.73647822426126], [25.106914868346095, 56.73655437992293], [25.106922894165855, 56.73656047205089], [25.107527017529502, 56.73751611036857], [25.104510359474567, 56.73843226208948], [25.102709247312397, 56.73770373947056], [25.10090795639317, 56.73697508485954], [25.10050770323883, 56.73681566649657], [25.098657235813683, 56.73610185194475], [25.0977271774711, 56.73570021604], [25.09636225747855, 56.735139976311295], [25.09612998804475, 56.73415610183987], [25.095918739155035, 56.73311674227034], [25.09286369695596, 56.73304564116976], [25.08951320544187, 56.7329227005174], [25.087328446314515, 56.73283824803239], [25.086725942968243, 56.73282463454453], [25.086084778106983, 56.732799531374724], [25.0860412426655, 56.73279759267407], [25.085917393325133, 56.73278348780079], [25.08302796586564, 56.73268793624458], [25.082094337910334, 56.73265216394569], [25.080645958038016, 56.7326460766733], [25.07713647562016, 56.732549536180464], [25.074999861559867, 56.73389224219506], [25.074924349517953, 56.733944033149754], [25.07418834211766, 56.734448729909765], [25.071875027811835, 56.735873305655666], [25.07170236407944, 56.735808161127565], [25.071201297328148, 56.73561911242085], [25.068765447386816, 56.734460777931126], [25.067711371861968, 56.7342850714733], [25.067645951738797, 56.73427576681228], [25.06434454013396, 56.733806095810536], [25.06401357699187, 56.73375388219804], [25.06009958193162, 56.73318777475489], [25.05923916979538, 56.73306159739064], [25.058390604815923, 56.73290600613523], [25.0560403629786, 56.732575067698505], [25.055840731550866, 56.73254695722401], [25.054029711879966, 56.73227062934123], [25.052206009042017, 56.73200623284792], [25.051975325763372, 56.731972789966946], [25.050155862248374, 56.731719863895435], [25.049915556227912, 56.73168645336276], [25.04835020443263, 56.731428251865246], [25.04692711424016, 56.731239669658606], [25.043551714850594, 56.730731438387636], [25.042298174805126, 56.73033632246463], [25.04114543588856, 56.72997296575801], [25.038256422668535, 56.72906222898606], [25.0359884313614, 56.72834718541044], [25.035930101720567, 56.72832879383079], [25.035882348005412, 56.72827836557357], [25.03583247359678, 56.72822569982053], [25.035806073437698, 56.728255226532355], [25.034054027154212, 56.72703968349986], [25.03323100947716, 56.72802651584634], [25.032021278557224, 56.72719729909576], [25.031163086084696, 56.727544858849846], [25.03082732165145, 56.727290752361235], [25.03031458316358, 56.72687353958727], [25.02982955003629, 56.72647878159279], [25.03054326364775, 56.726286634844605], [25.03030147556305, 56.725949128818925], [25.03058843385293, 56.72590367599374], [25.03210307462214, 56.7256905022145], [25.033086440117327, 56.72634799669377], [25.03377599661508, 56.725998623707014], [25.03349053488128, 56.725703569184724], [25.034842324271445, 56.72501059388863], [25.034645554659605, 56.72457884358111], [25.03348874472665, 56.7245374540597], [25.032769692423138, 56.72327170761131], [25.031579546327084, 56.723376790012544], [25.031385655605845, 56.722014022211], [25.034153820169223, 56.72182113409555], [25.03416358847772, 56.72161323319863], [25.035994378082624, 56.72151305354763], [25.036264365923916, 56.72139745192232], [25.037959024852167, 56.72130624550772], [25.039570359382186, 56.7212027464385], [25.043150399565018, 56.72096084508304], [25.043216797494573, 56.72095636311267], [25.043192936815636, 56.720907246996376], [25.043138441074408, 56.720613892507174], [25.043079118111535, 56.72031317516937], [25.043016543826898, 56.72006083950348], [25.04289667647779, 56.71948181318388], [25.042719010627927, 56.71838283490863], [25.03657438058751, 56.718707382966166], [25.03668058325587, 56.71900004053269], [25.035656542829006, 56.719061086600504], [25.03566417427917, 56.71875376299971], [25.035197994522875, 56.71628077662224], [25.03641762573757, 56.71620714643424], [25.038600181411848, 56.7167860494751], [25.04232032354255, 56.716533658309565], [25.042158276165985, 56.71575490822594], [25.044051468024673, 56.71564883987019], [25.04413097879772, 56.71563856032457], [25.04905434739098, 56.71533491122259], [25.049054782084198, 56.71530474660083], [25.04891457395066, 56.71472025422895], [25.048894401622793, 56.71462415510085], [25.048827400520484, 56.714311833802746], [25.048122498941975, 56.71099791019563], [25.04528747068148, 56.71144606106228], [25.044969721439895, 56.71013175092655], [25.044861707976164, 56.70968499487055], [25.045822446226413, 56.70912248378527], [25.047540366127333, 56.70832119988197], [25.04762896243662, 56.70826225342132], [25.04829550083167, 56.70781018068211], [25.05022292681184, 56.70788538625767], [25.050524008109658, 56.707878284197115], [25.051180703362313, 56.707902421979604], [25.052750365384938, 56.7079661858923], [25.0531335508439, 56.707983819005385], [25.053845695437108, 56.708009890949185], [25.05407092978871, 56.70802365487925], [25.05446052846858, 56.708048021960614], [25.055263708386942, 56.70812306268599], [25.056740641483685, 56.70828544797317], [25.058837461158518, 56.70850913429744], [25.058994131576508, 56.708559158447564], [25.06319925889763, 56.70902397690506], [25.063830797169864, 56.708052642616735], [25.063976377812022, 56.70786526722305], [25.064352528381843, 56.707271978067716], [25.064475049255105, 56.70718388038378], [25.06510844456827, 56.706984105577064], [25.06561971776346, 56.70682247805638], [25.066267240235312, 56.70664269283779], [25.067390310646744, 56.70631231175138], [25.0666067526818, 56.70605106670814], [25.06649120197563, 56.70605844376196], [25.06564043407167, 56.70615520850208], [25.062137780979686, 56.70653074921269], [25.062065347350202, 56.70651598510638], [25.060046628645505, 56.70609356235021], [25.059897916396352, 56.70550476874089], [25.059774478451107, 56.70501597336029], [25.061094080403453, 56.70416153596402], [25.061173806210547, 56.70400613443493], [25.06148258785879, 56.702031453785985], [25.05942073784598, 56.7006004803442], [25.058663137404263, 56.7000749547882], [25.056535542136658, 56.6986212228846], [25.053254757633002, 56.70050718944825], [25.05130299571605, 56.69786694055336], [25.051053429659195, 56.69752930531353], [25.050065541910637, 56.69627592943616], [25.049311377057624, 56.695319007543176], [25.04757329010705, 56.69312061068556], [25.045501870627454, 56.691485388698275], [25.042727449228437, 56.689085389110964], [25.036872745158995, 56.691343712951195], [25.03614331000697, 56.69142994184917], [25.028223061378906, 56.69188688485808], [25.026395010179144, 56.6912392981554], [25.025017159493597, 56.69077657518423], [25.024934152747182, 56.69074598306933], [25.02417200811985, 56.690465106354026], [25.02357079718386, 56.69024750141023], [25.020584594417443, 56.689173655091544], [25.019442966856268, 56.68876813436689], [25.01872349957359, 56.68851387377591], [25.018364871331556, 56.688391571053096], [25.015133136397516, 56.68727481435355], [25.01409511500083, 56.68562057036483], [25.013767421475173, 56.68497836608626], [25.0178275819837, 56.68228957084802], [25.022839473763753, 56.67887695896629], [25.022898915638162, 56.67883648071463], [25.022678364076118, 56.678814563674486], [25.02271606249877, 56.678787246669486], [25.022532753124747, 56.67720426844037], [25.02248537641653, 56.67693574163266], [25.022304576199165, 56.67591106740406], [25.022038218034137, 56.67459527752914], [25.02215479244221, 56.67459400639615], [25.02195954402796, 56.673839623669636], [25.02188617047341, 56.67356417613338], [25.021949425036226, 56.67346466559416], [25.02196682520648, 56.67332554116282], [25.02191837309175, 56.67318995791294], [25.02180524385388, 56.672587646953666], [25.021739125911775, 56.67256083151032], [25.0214744543408, 56.67063689020829], [25.02113236642545, 56.66828036646776], [25.020861911586582, 56.66665676041812], [25.02064212284448, 56.665337251149374], [25.020643297993054, 56.66512599707645], [25.02060971514581, 56.664735894156], [25.019980045571533, 56.6607649989359], [25.019709105313705, 56.661016062858735], [25.017170569093395, 56.66318367156868], [25.01589706791359, 56.66262501402122], [25.018953545124894, 56.65782205229294], [25.019313452284667, 56.657486866963644], [25.01938948816834, 56.65733097354534], [25.01981981927946, 56.65668804637161], [25.020386720108505, 56.65584106441278], [25.021046439075636, 56.65484428276297], [25.021598541973333, 56.654010048420915], [25.02173513376294, 56.65381766439906], [25.02234330937951, 56.652918070863606], [25.021938850541428, 56.65293270287015], [25.01492795573379, 56.65378695316919], [25.01474038075207, 56.65381933499048], [25.014619412233024, 56.653730538254806], [25.014764352585313, 56.65351126614051], [25.0150841528893, 56.65304032173336], [25.01595731546502, 56.65179887539967], [25.01603439176564, 56.6515899935132], [25.015941183535336, 56.65005389252723], [25.01587939558024, 56.64920263403639], [25.015683068980238, 56.64919798261139], [25.013267657668287, 56.64904426271198], [25.013254469855777, 56.647867744025774], [25.013245227613265, 56.647456811843796], [25.013203764450477, 56.64589960477052], [25.01318156135224, 56.64507944152091], [25.012676089045797, 56.64175982445301], [25.012674518799678, 56.641338533150986], [25.012801791060763, 56.63897659689557], [25.012841102949096, 56.63844847870264], [25.012904524057603, 56.63749917438657], [25.012858944357593, 56.637383833024764], [25.012792563078374, 56.636584620773505], [25.012405418354277, 56.63605287387059], [25.01365593340526, 56.633970126457605], [25.017946619204654, 56.63367546473117], [25.020730762486643, 56.63348673676979], [25.02255772305942, 56.633370826162654], [25.027082984561847, 56.63308645493665], [25.0278568960107, 56.63188252815947], [25.027873852275285, 56.63185503004735], [25.02901021279822, 56.630172726883586], [25.02965945404681, 56.629195170158454], [25.029784693106485, 56.6290018635919], [25.030906629995528, 56.62734435957609], [25.031686623158432, 56.62620892690599], [25.031745057682553, 56.62622270105813], [25.03324011173844, 56.62396422682604], [25.033958076805586, 56.622843471355736], [25.034215043537415, 56.62245294032301], [25.034385281824996, 56.62220947997967], [25.035689464506635, 56.62027893503055], [25.036144644304482, 56.619574219926115], [25.03708546414387, 56.61818456610251], [25.03745205296738, 56.617635317219225], [25.037033631552124, 56.61725747057676], [25.035640489315355, 56.61600286105704], [25.03460395997731, 56.615090083453545], [25.03424350630226, 56.614760514091756], [25.034094260794614, 56.61462982426675], [25.03457967800307, 56.614413698247894], [25.031901021611663, 56.613995325939], [25.02882068506567, 56.61349445085352], [25.02643654859353, 56.613100434857294], [25.026750318586018, 56.611688294285344], [25.025323931737734, 56.61034997361665], [25.025100885681045, 56.61014069083201], [25.024027965630683, 56.60891167872884], [25.02693183489964, 56.60841276415347], [25.027846734256855, 56.60821367528625], [25.028944099187154, 56.60785074554774], [25.029555142561826, 56.60766796585419], [25.029527371039507, 56.60739989668434], [25.02951550937703, 56.60734295142809], [25.031302555169994, 56.60506296408631], [25.033964169862184, 56.605684181885266], [25.036409609936875, 56.606561732723904], [25.04012456553769, 56.60774896780948], [25.043912885335494, 56.609106059751255], [25.048501502518484, 56.61097003798428], [25.050834755777974, 56.609307107121445], [25.05127011247876, 56.609078840165914], [25.051358786759852, 56.608980194151655], [25.05158230649194, 56.608798180934876], [25.05153752769627, 56.60876211764113], [25.051501514106956, 56.60873895409239], [25.05096125453447, 56.608372290912065], [25.050541332875127, 56.60818098708571], [25.0501214157054, 56.60798969080326], [25.05002218762741, 56.60797047452062], [25.049590859015975, 56.607560819974125], [25.049361851001866, 56.60710202774463], [25.049369013203485, 56.60684977715881], [25.049402424659444, 56.60675336856697], [25.049455929858503, 56.606599055102585], [25.049606723012317, 56.60635893508122], [25.049724283422652, 56.606226380993654], [25.04996148852684, 56.60608111015162], [25.05011607966937, 56.60596513431535], [25.050389390585504, 56.60572509323113], [25.050556565190334, 56.605553135023044], [25.05062370280051, 56.605430637348505], [25.050583028082176, 56.60497183798354], [25.050558082618064, 56.60474572514971], [25.050309684101553, 56.604312363075366], [25.05033462211923, 56.60425182956161], [25.050437809662448, 56.60400144547984], [25.05124048832549, 56.602890954352986], [25.051499667265727, 56.602471040292706], [25.051701016175556, 56.60223703096605], [25.052087222670096, 56.60188506185737], [25.052211080741323, 56.60177476986169], [25.052340920983184, 56.601675783748654], [25.052500427996957, 56.60157288975835], [25.052669734487377, 56.6014323118264], [25.052710023890267, 56.60135877286402], [25.052750026113692, 56.60125207392525], [25.0528954607445, 56.60093558927899], [25.052990767457658, 56.600787523987194], [25.053129970577704, 56.60066169244504], [25.053212699663668, 56.600525871723576], [25.053108310835515, 56.60024674834816], [25.05309806579565, 56.60021924316692], [25.053091094432055, 56.60008048910296], [25.053180156731408, 56.59939196797283], [25.053393185938866, 56.59788651730615], [25.05340334161786, 56.59763982910404], [25.05339874627402, 56.59755428904342], [25.05343313991782, 56.59747275842074], [25.053543742034126, 56.59735323313003], [25.053457896735253, 56.59731299003063], [25.05287757449894, 56.59702612589534], [25.052813798075384, 56.59700398835699], [25.052790431992573, 56.596992479081884], [25.052006107182525, 56.596607589430924], [25.05087849088751, 56.59605422182437], [25.05065743628464, 56.59594573934212], [25.050405143496906, 56.595792569953815], [25.050210350722196, 56.59573183407266], [25.050248629873366, 56.59547902374969], [25.05026058844951, 56.59544983042926], [25.050214758636596, 56.59542457511054], [25.05007443468901, 56.59510802589197], [25.04923826672772, 56.59465765406895], [25.04928608270001, 56.59462711616705], [25.04979737633649, 56.594637016046114], [25.049873336307584, 56.59464297871217], [25.049874723118005, 56.594448673532135], [25.049858787043043, 56.59438963499573], [25.049500122010564, 56.5935123795103], [25.04941097958089, 56.593267508648424], [25.04927236057699, 56.59306247980898], [25.049039076811162, 56.59267109849638], [25.048997101624927, 56.59262611583134], [25.048745074076823, 56.59221924972058], [25.048693811434447, 56.59221344654665], [25.04348533559607, 56.591624027025226], [25.042984831143457, 56.59156737153051], [25.04070280887211, 56.59130904752986], [25.03575282105111, 56.59074281153485], [25.026847490495904, 56.58973428257448], [25.0211434044131, 56.58905966587515], [25.0166394900001, 56.58853766069021], [25.0086585946159, 56.58760395740106], [25.000678345023882, 56.58666655789368], [24.997263887558113, 56.58628219789926], [24.9968862400477, 56.58623712156783], [24.99569278173661, 56.586095676629036], [24.994133837746496, 56.58590107799742], [24.99185988326622, 56.585646611980025], [24.988360467850892, 56.5852227222073], [24.987281152309645, 56.585088465740014], [24.98717297538356, 56.585059675141956], [24.986917231771383, 56.58504314245961], [24.979002279399587, 56.58408248202597], [24.969761776944097, 56.58295768417506], [24.966226473996834, 56.58253165651802], [24.960619065831413, 56.5818748782007], [24.953654741028537, 56.58103696891924], [24.9526520582702, 56.5809215284656], [24.95212406378171, 56.58085905875567], [24.951369883519185, 56.58075589200412], [24.948915949220073, 56.580462523602826], [24.940942873996953, 56.57952114062509], [24.932312346914088, 56.57851503305832], [24.928134603078455, 56.57802869824447], [24.928002304596014, 56.57801329765667], [24.925554218537876, 56.577703819847585], [24.91992845737377, 56.57705084750471], [24.91952133278599, 56.57700083148008], [24.915966481203487, 56.57658957038426], [24.914040584625432, 56.57637323236579], [24.91107410538909, 56.57601321029278], [24.90645416153553, 56.575461024558], [24.90252072708074, 56.57499073866927], [24.901497671713084, 56.57798981286686], [24.901439875254805, 56.577982639866114], [24.901446088543416, 56.57796737502517], [24.90137260435662, 56.57791045152042], [24.90128148507039, 56.57792307929141], [24.901180389223807, 56.57782972581358], [24.901028073299678, 56.577806499293764], [24.90092920100238, 56.57781140236809], [24.900880915032303, 56.577828337601844], [24.900759495226264, 56.577805776416525], [24.900704958091698, 56.57777340479781], [24.90069774539782, 56.57773500321745], [24.900625476784104, 56.577678474776214], [24.9005360273284, 56.57768189872947], [24.900501777669135, 56.57766614526536], [24.90051535488634, 56.57763263346483], [24.900607640959166, 56.577612271101906], [24.900629487344997, 56.577568483988046], [24.90050768623123, 56.57753120865012], [24.900456838965898, 56.577509546727626], [24.900397061441026, 56.57753473192096], [24.900365886274667, 56.57759148832459], [24.900420961271152, 56.577673226224526], [24.900311708859043, 56.57772355790026], [24.900156497418198, 56.57764488075104], [24.900147644992884, 56.577610749678755], [24.900100598886038, 56.57758532253196], [24.899956340260832, 56.57757776831341], [24.89984136412364, 56.57752831381398], [24.89985672190985, 56.577497098229486], [24.900037174736667, 56.577465245006785], [24.90007577235487, 56.57737145461555], [24.90018409568734, 56.577316305170044], [24.900167042385934, 56.577291217993384], [24.900023535198095, 56.57729195114531], [24.900052502848734, 56.577257375654], [24.90004359359478, 56.5771852134402], [24.900089598072263, 56.57712570833537], [24.900102575080613, 56.5770806288381], [24.900007908204728, 56.57703293222528], [24.899966795016738, 56.57699751621106], [24.899918671862867, 56.57697604998682], [24.89980717714247, 56.57701210305777], [24.899769458327814, 56.57710315571259], [24.899686883336322, 56.57711016806198], [24.899611616018948, 56.57707531346319], [24.89960433077653, 56.57696593450579], [24.89960794722548, 56.57692148879659], [24.899569539954047, 56.57688278270759], [24.899570742858383, 56.576810727006055], [24.899482717626416, 56.57682811984748], [24.899440249189276, 56.57687683567992], [24.899387717253184, 56.57691237208328], [24.89927619845193, 56.57691930596893], [24.899130863038028, 56.57690741905815], [24.89908230761828, 56.57686085284312], [24.898901364812765, 56.57677865853115], [24.898731060772903, 56.5768031862579], [24.898581425596134, 56.57676920985212], [24.898501523036355, 56.57677082935517], [24.898438591381147, 56.57680647642762], [24.898315386093866, 56.57681825568092], [24.898227074576287, 56.57669039671164], [24.898147964442373, 56.57668767073417], [24.898062136302354, 56.5767579386623], [24.897992588617164, 56.576779563500345], [24.89788706651035, 56.57678470085675], [24.897826625050353, 56.57669602859335], [24.897746393649786, 56.57667552107536], [24.897685726092533, 56.576687207635146], [24.897508115852094, 56.576810122157646], [24.89747260003033, 56.57681298397459], [24.897379987189094, 56.57678311383875], [24.897322373537644, 56.57678492214932], [24.897146763893236, 56.57672566926], [24.897021336420142, 56.57670753577675], [24.896869345849247, 56.57665924397465], [24.896782509167178, 56.57664573750106], [24.896697337483392, 56.576606289595965], [24.896498876354745, 56.576552573310664], [24.89644996898504, 56.576554956359836], [24.896290208312514, 56.57648848125825], [24.896190942282917, 56.576462853968756], [24.896086831596683, 56.576455374328354], [24.896004946004513, 56.57640822049864], [24.89595772083144, 56.576405326298364], [24.89588169015236, 56.57636069978437], [24.895796832712964, 56.57635512968072], [24.895655458829523, 56.57631168345656], [24.89525246722014, 56.57620544097651], [24.893746320035124, 56.575781539469055], [24.884811433808427, 56.573235128204416], [24.882758712952405, 56.57265005308893], [24.881871766855706, 56.57207263024949], [24.881855650258274, 56.57208017474205], [24.880108588341873, 56.570736463044035], [24.874261463604977, 56.56984160173909], [24.85931588294633, 56.568799192898844], [24.854621976072263, 56.56847665299897], [24.854253889527815, 56.56822130889341], [24.854246513544215, 56.56820381282329], [24.851961139506237, 56.568497445193245], [24.85034909864248, 56.56857480285254], [24.848780050056714, 56.56860645644519], [24.847283913193262, 56.569005948936336], [24.845181483498727, 56.569367632836425], [24.84413418481007, 56.56941406269473], [24.84267095230274, 56.56941224408999], [24.842670879890974, 56.56943021356888], [24.842424042837525, 56.57015802173811], [24.842412739785185, 56.57019133194767], [24.842372239064233, 56.57019680832611], [24.842241429687803, 56.57017598782146], [24.84218728559335, 56.570142429079], [24.842225331725924, 56.57009534423039], [24.842210249484957, 56.57006113460062], [24.842141705907245, 56.570029937452894], [24.84217857479894, 56.56994965390431], [24.84209625679417, 56.569863250463676], [24.842022443075916, 56.569848278995316], [24.841896030724875, 56.569882467361055], [24.84177059489618, 56.56995769913344], [24.841679499379644, 56.56997140614492], [24.841551350867608, 56.56991058591712], [24.841445737306035, 56.56993085085597], [24.84141469550498, 56.57007060802956], [24.841393016390253, 56.57009622574941], [24.84112407096146, 56.570081495736645], [24.840945077747705, 56.570077046077365], [24.84081583364502, 56.570010087112394], [24.840762864922723, 56.56999202703975], [24.840676534307857, 56.569991649354236], [24.840563261202995, 56.57002028496056], [24.840371341626128, 56.57003251620612], [24.840227082423468, 56.56997387891216], [24.84010173093854, 56.569995812416195], [24.83992507426969, 56.569952101249534], [24.839869164423067, 56.57005613293897], [24.83977433590557, 56.57009164216813], [24.839530203572806, 56.57005162050816], [24.83942913762901, 56.57000393027997], [24.839335969864273, 56.569928523415385], [24.839231705704055, 56.56990174355454], [24.83895441286973, 56.569911979182216], [24.838900180662428, 56.56992869682009], [24.838741593247605, 56.56989906655878], [24.838536757858254, 56.569838032712916], [24.83838060584333, 56.56985960614639], [24.838307944847383, 56.56988122751746], [24.83813540026902, 56.56985039680766], [24.83806769700032, 56.56973191643339], [24.837924841566952, 56.569604796228546], [24.83776235456657, 56.56958124654709], [24.83767187087699, 56.569595413692944], [24.837455179637473, 56.56958174330503], [24.837219198463536, 56.56951850920401], [24.83713531411116, 56.56954630592072], [24.8371448924912, 56.56959975305537], [24.837100594879143, 56.56966248447082], [24.83698921210168, 56.56966846318008], [24.83697043160201, 56.56963459228008], [24.83682050048388, 56.569577480656335], [24.836737591676396, 56.56960304238492], [24.836712540067037, 56.56964631852288], [24.83651722825565, 56.56972824135336], [24.83645128907549, 56.56977277178642], [24.836386425349023, 56.56978713402443], [24.836269778314968, 56.56975370559234], [24.836252052681747, 56.56980301486545], [24.83616323269049, 56.569829936677785], [24.836096292917166, 56.56983430400383], [24.836069614386066, 56.56977584162425], [24.835993664239847, 56.56971407176996], [24.835812753736075, 56.56966611574773], [24.835753869037802, 56.56967559483025], [24.835711919911613, 56.569709874054894], [24.835641868973482, 56.569731826718105], [24.835529934711225, 56.56971871578909], [24.83545239346384, 56.569843114871134], [24.835337797386014, 56.5698465890452], [24.83529992957263, 56.569807626128444], [24.83520991290485, 56.56979947985893], [24.83506599493661, 56.56985046302386], [24.83493185021211, 56.56985086961869], [24.834820448122567, 56.5698050329781], [24.834768266835248, 56.56982331630906], [24.834766755577554, 56.569868491466885], [24.834717714589743, 56.56987418439938], [24.834615751448645, 56.56982905688337], [24.834475933193502, 56.56984157621443], [24.834205203816992, 56.56984096683654], [24.83415135437015, 56.56987516363759], [24.834078586434863, 56.569880943597006], [24.834002594543175, 56.569837105852585], [24.83392992969303, 56.56982390081571], [24.833908867353017, 56.569847446645234], [24.83393233976758, 56.56992602927005], [24.833877017254526, 56.56995838502498], [24.83372792993132, 56.56996610506039], [24.83360072548341, 56.570057862853346], [24.833665964609416, 56.57018257040155], [24.833583388365582, 56.57020120972874], [24.833509994304762, 56.570163014496615], [24.83340154831697, 56.57015239392536], [24.833295593267373, 56.570172896791725], [24.833174435107843, 56.570171094124696], [24.83306827680396, 56.57012090823512], [24.832877604174584, 56.57007744270065], [24.832727525851944, 56.57007564461799], [24.832685983373437, 56.57009450270974], [24.83258381612277, 56.57007333652188], [24.832555765786264, 56.57000701218694], [24.832484005084236, 56.56998531889984], [24.832447823151185, 56.5700044554831], [24.83244539289965, 56.57006867487438], [24.832332929277044, 56.57008184422756], [24.83219918792048, 56.570121408535826], [24.832141616977182, 56.57008998872407], [24.8321234594191, 56.569996096589925], [24.832004270211282, 56.569974235226525], [24.831968938155725, 56.569915704106194], [24.83189852382682, 56.56989675072714], [24.831849579070365, 56.569979510783476], [24.831689496346918, 56.570083211284356], [24.83145853804095, 56.570008270828005], [24.831400619106816, 56.57003217046496], [24.831340421227257, 56.5699358639417], [24.8315823287088, 56.56927119158083], [24.831953741304915, 56.568331580542605], [24.830870911927256, 56.568128511517614], [24.8299310330423, 56.56803784533953], [24.82847735451113, 56.568140725929375], [24.827612969166374, 56.568176409133685], [24.826799950796133, 56.56771932331232], [24.82678535510312, 56.567641084656344], [24.826767828228487, 56.56756499480892], [24.826600522539543, 56.567572728629884], [24.826330188867384, 56.567572342117955], [24.82304183746439, 56.5670490171115], [24.823014063285783, 56.56709121236829], [24.82101313654956, 56.566746408107484], [24.82103023987712, 56.56670508337782], [24.8179596169933, 56.56614578509559], [24.816749355090234, 56.565931850738124], [24.81672702870816, 56.56597567092019], [24.815186420019305, 56.565733756788916], [24.814749516750883, 56.565673001190014], [24.812680723755324, 56.56555601280825], [24.811761773300535, 56.56544284528699], [24.810502305355772, 56.56514337881293], [24.80938110535189, 56.56482158971503], [24.808490173339198, 56.5646108420307], [24.80773302117544, 56.56442271342735], [24.807158622898665, 56.564260140819506], [24.806731454616475, 56.56411099457959], [24.806333448991126, 56.563952637364835], [24.80524513874773, 56.5635043481194], [24.804680392260792, 56.563272503241436], [24.804343739190603, 56.563145880087], [24.80438755949287, 56.56310983842693], [24.804179464878352, 56.56303269612772], [24.802923388642583, 56.56263241545176], [24.80171048564155, 56.56227187858646], [24.80120608762644, 56.56212193561348], [24.80079843908673, 56.56201876958925], [24.800499132712506, 56.56198133592839], [24.800249348972258, 56.56196818230331], [24.80002239268889, 56.56198194251854], [24.799759035804442, 56.562032664954536], [24.799328123578672, 56.56200124097039], [24.79901982909593, 56.561964975608284], [24.79863288417119, 56.56187873994918], [24.79813892430439, 56.56170903257759], [24.79755263612325, 56.5614970955507], [24.7971679663368, 56.561386349109014], [24.796187616209757, 56.56114326669669], [24.796093284382867, 56.56112426660213], [24.794866919173604, 56.56085499571231], [24.793673272757765, 56.56059645599138], [24.793460589968095, 56.5601926500339], [24.793156887093946, 56.55970293092772], [24.792202454371456, 56.559797503717384], [24.79143544672037, 56.55978653972191], [24.789815769180294, 56.56021526322663], [24.78921519575493, 56.56037982671859], [24.788740517694986, 56.560193104951466], [24.788746480752778, 56.55980480367231], [24.789801429130765, 56.55754777747046], [24.78758446090357, 56.557715987124055], [24.786655908965642, 56.557779581767285], [24.786616115503808, 56.55773654639939], [24.785872184454067, 56.55775517673651], [24.785360995729043, 56.557758406776884], [24.784882166815787, 56.55774825922035], [24.784740355426102, 56.55773383585872], [24.784339556896043, 56.55765295318257], [24.78403031799364, 56.55759612727205], [24.78349802174165, 56.557540706427595], [24.78288601762993, 56.557489756365705], [24.782204473042274, 56.556770518552035], [24.777878137663844, 56.556023902328235], [24.777851703878422, 56.55602325910992], [24.777409557652465, 56.55594510156176], [24.77206542770059, 56.55511690146186], [24.770797934062372, 56.553953058592704], [24.769305705580887, 56.5526305805723], [24.76935678164888, 56.55259432668674], [24.769482381585394, 56.55248127063194], [24.769023147242986, 56.552067727604964], [24.76887965414864, 56.551938511237964], [24.76713793008614, 56.550369920518605], [24.7669067419995, 56.55025117081994], [24.765417603002096, 56.54971900784088], [24.76540922526179, 56.549303878733696], [24.762685014394755, 56.547966340840425], [24.76194707431127, 56.547549495042254], [24.760103470810105, 56.546600935972535], [24.757337357432803, 56.545715572716965], [24.757182539644212, 56.545666014199206], [24.7571089940134, 56.5456424736552], [24.755619402417977, 56.545655301540364], [24.752194224289607, 56.544483891469845], [24.751542280514364, 56.54420932567412], [24.751380793533205, 56.544163942118324], [24.750852028696503, 56.54400129313204], [24.750244312104563, 56.543896376349096], [24.749607190874137, 56.54380527232354], [24.749528123462408, 56.543794051342495], [24.747079147617583, 56.54342021625766], [24.74633270480141, 56.54333412789485], [24.746011954507466, 56.54328758215956], [24.74578840717711, 56.54324581617232], [24.74571505945377, 56.543237532309064], [24.745671984441227, 56.54312285265505], [24.74566451929663, 56.54310297891253], [24.745633234775887, 56.54301971002586], [24.74492297292533, 56.543270735280956], [24.743401348842056, 56.54356392375017], [24.741173367438147, 56.54393747723224], [24.739475996595818, 56.54399566184004], [24.73944584771197, 56.543996694707005], [24.739112971977637, 56.544031332827636], [24.739170143401285, 56.54381706431831], [24.73912778963977, 56.543826067007274], [24.7380275154086, 56.54407118619127], [24.736753614351567, 56.54428044363011], [24.736072005985196, 56.54443576153484], [24.735773339091573, 56.54447525534356], [24.734207992498387, 56.5437709306247], [24.733824368262344, 56.54381799228146], [24.732560941879772, 56.54403729729026], [24.73076590886946, 56.543864211824285], [24.73019935721669, 56.54380957353968], [24.728875508924315, 56.54368190261045], [24.726612843076108, 56.54354803805633], [24.725945511214128, 56.543369804603394], [24.725858218884863, 56.543366037766226], [24.725046458518815, 56.54339196048405], [24.723774437150723, 56.54354281875286], [24.721529643779736, 56.543816201557334], [24.72062469254745, 56.5439942664306], [24.719310798638123, 56.54445706324917], [24.71920427732268, 56.54453118117857], [24.718529473161265, 56.54476548910008], [24.716520745672582, 56.54550065316968], [24.71380172751238, 56.546495678339326], [24.713178102411646, 56.546776525762844], [24.711714004521617, 56.547182656727784], [24.709982878408617, 56.54782139276362], [24.709180810668332, 56.54811731746936], [24.708273976840083, 56.54820571895041], [24.705024996445566, 56.54907184819581], [24.70396820199855, 56.54937196849647], [24.701422971086657, 56.54949182308085], [24.698645428018946, 56.5497731501246], [24.698618890400486, 56.54981600212474], [24.696566737666583, 56.549524042263826], [24.696055162650577, 56.5495322802773], [24.69474752288218, 56.549553314002246], [24.694283117902344, 56.548585853695435], [24.692285488361033, 56.54886682245281], [24.69207332567045, 56.548760199930264], [24.692126577773873, 56.54872624790364], [24.69194883256523, 56.5486106198522], [24.69175518735825, 56.548484649135595], [24.690277140311604, 56.54680599888009], [24.689620246388042, 56.54618194052047], [24.686477650924985, 56.54384771226162], [24.685680185174327, 56.54322673631972], [24.68473331204922, 56.54248268345557], [24.684658614199346, 56.54242397753057], [24.684922309659004, 56.54215154625419], [24.68282688993409, 56.54080450682633], [24.679537056890258, 56.54069670865487], [24.678520734014636, 56.54034087197186], [24.676843282301718, 56.54039937757805], [24.67508749444882, 56.540449822695955], [24.674724354141986, 56.54046025769263], [24.6721817685146, 56.54054451568973], [24.665986134960896, 56.54078413766202], [24.665825053862942, 56.54079036427515], [24.665799287463404, 56.540814050380696], [24.663997107831147, 56.54247038509282], [24.66597678486839, 56.54299465328105], [24.66501252419499, 56.54581840619458], [24.66450523783059, 56.54756277739391], [24.66396470441299, 56.54942129030636], [24.663922220907132, 56.54956734263631], [24.66356451896496, 56.55077327571071], [24.66325544394409, 56.551815216810034], [24.662946352152762, 56.55285715700589], [24.66267169486839, 56.55373130923493], [24.662653787518035, 56.55377525739624], [24.662310612163203, 56.55461774455392], [24.661822176586423, 56.55601480034475], [24.66143170043138, 56.5571295650512], [24.661186087071012, 56.557834077650845], [24.661088480268884, 56.55789063214374], [24.659223946607362, 56.558077595707196], [24.65824896545365, 56.55816218298087], [24.657281355862406, 56.55825366853728], [24.65630103355226, 56.55767866394998], [24.65584951581473, 56.55744012185235], [24.654642824464627, 56.55725829475981], [24.65434391191297, 56.55723951866082], [24.65312470499832, 56.557662992058575], [24.652184944818146, 56.55791027808601], [24.651824021775763, 56.55807015168179], [24.650713495116904, 56.55857350429459], [24.65043390619087, 56.55870382981807], [24.64890179429386, 56.55941583121112], [24.647584687880705, 56.56003641011973], [24.64725818952845, 56.5601945726396], [24.647218026993748, 56.560221797645625], [24.64737639920482, 56.560524545407326], [24.647400960076922, 56.56054314989968], [24.64767494513111, 56.560781515358016], [24.648657035638788, 56.561630205666546], [24.64925487318279, 56.56214360474353], [24.64933801713383, 56.56228026277059], [24.649272763606156, 56.5624870548782], [24.649857946406833, 56.562389114193536], [24.650099665720614, 56.562361104247564], [24.65025600824541, 56.56235962190762], [24.65035056737206, 56.5623884343226], [24.65055705326701, 56.562486208976324], [24.650770332218116, 56.56263177143146], [24.65156526601212, 56.56319257138389], [24.651875383790763, 56.56343450272175], [24.651968686910433, 56.56349980594086], [24.652903222501433, 56.56407854379697], [24.653801625130555, 56.56444946797647], [24.653773148355796, 56.564551347488276], [24.654295160114874, 56.565543780209], [24.654406787963342, 56.56645504119699], [24.654738194533312, 56.56725603010679], [24.6548854413775, 56.567935351738775], [24.655129387556688, 56.56832714088504], [24.656070259047777, 56.56890493215895], [24.65591934085504, 56.56907751792595], [24.65631695853933, 56.56936254171833], [24.656677357667277, 56.56977221191761], [24.657287667961462, 56.57100509851275], [24.65917362371066, 56.57231861772117], [24.660706409407556, 56.572783051260494], [24.66242604205649, 56.57306921877552], [24.664595604861976, 56.57406900219357], [24.665744516460503, 56.57499306018604], [24.66707877196321, 56.57550407367481], [24.667804530583872, 56.57555012272336], [24.668265677529273, 56.57557881238318], [24.671386828456814, 56.57581239603943], [24.672119802327508, 56.5759846829221], [24.672183736497093, 56.57590102554769], [24.672243342376934, 56.57584774065569], [24.674578388176478, 56.5737147457904], [24.67900217421193, 56.573272656452076], [24.679807940431786, 56.573191995285704], [24.683697531259693, 56.572759925806714], [24.685695867072237, 56.57254756614592], [24.687195689834187, 56.57289802407542], [24.68826457262264, 56.57315029671176], [24.69007715004972, 56.57357806010851], [24.690911430803002, 56.573774947259835], [24.69255535027669, 56.574162867460615], [24.693580019441402, 56.57440464041041], [24.69462837279776, 56.57465199570642], [24.697286588030572, 56.575222469574015], [24.70085179408319, 56.57755866040098], [24.70043077315448, 56.579617714644186], [24.700243407618746, 56.58094251636869], [24.698649320084847, 56.58148768531278], [24.698713477748814, 56.581641235942975], [24.698084305779098, 56.581693724571366], [24.697855269807786, 56.58172662579264], [24.69415441163925, 56.581986184277234], [24.691325627905155, 56.582576120287996], [24.691562881041975, 56.58274749855973], [24.692699629592596, 56.58346775540863], [24.692741411709406, 56.58348323634043], [24.693263609542957, 56.58364516276342], [24.693604529296067, 56.58395481245225], [24.694188266633763, 56.58414628276597], [24.694178606580163, 56.58441870624065], [24.694191628574586, 56.584952447685176], [24.694200045570838, 56.58509456006696], [24.694189193410985, 56.585268189270565], [24.69400659333698, 56.58589698955279], [24.693109877196648, 56.5864667455214], [24.691307977965717, 56.58767310127211], [24.69096477786859, 56.58796752039467], [24.689402473620266, 56.588037911297874], [24.6891360220303, 56.588178995424705], [24.688711651585507, 56.58831245422823], [24.687236274048807, 56.58863833630513], [24.6867811121005, 56.5886879999452], [24.685846743418836, 56.589060219275275], [24.684446840625522, 56.58961715127845], [24.683778098248833, 56.59004223030503], [24.682599367287562, 56.59017241829604], [24.6808748610941, 56.59106630487385], [24.6794792605234, 56.59136477647038], [24.679275786190857, 56.59182188732308], [24.67896784591186, 56.591613442980226], [24.678347090987756, 56.591841985782054], [24.678055451331698, 56.592269864119174], [24.678059083823683, 56.592331764300305], [24.676726238133824, 56.59235768252249], [24.67264684408161, 56.59243754064484], [24.67234587296912, 56.59244831372082], [24.672332688559994, 56.59243672332788], [24.672003389197098, 56.59255063596062], [24.67149192984105, 56.592708601958385], [24.670979807188285, 56.592832132511795], [24.670898152660953, 56.59283649905561], [24.669642311488403, 56.59286245606504], [24.668774558837008, 56.59280621044269], [24.668740842449694, 56.59280209719282], [24.667893350863956, 56.592616622863794], [24.666940472875265, 56.59136590700811], [24.66765083724463, 56.59111360810494], [24.668095187203996, 56.59071297441356], [24.668072434704378, 56.5906850385712], [24.669634180617393, 56.59029671229866], [24.669612777041912, 56.5902705214152], [24.668136425208537, 56.58944717629118], [24.667916392803562, 56.58842424377595], [24.66767813345226, 56.58836166228949], [24.66748160485706, 56.58835346315608], [24.665978113322275, 56.58795854786845], [24.66537558164013, 56.587787000254814], [24.662573656782953, 56.58753301971171], [24.66245463707776, 56.587511794765526], [24.662368061910563, 56.58752746625955], [24.6613085963234, 56.587634769900866], [24.661319199196257, 56.587666652794155], [24.660166420755207, 56.58874585434994], [24.657691914566172, 56.58906158099561], [24.65635956471783, 56.58923134219196], [24.657213266916727, 56.58994280382917], [24.659221728869174, 56.5904267449811], [24.659952730216844, 56.59126327086316], [24.659940229945327, 56.59130564431962], [24.660180251269363, 56.591458694334676], [24.66100389255273, 56.592072630094385], [24.662056987359858, 56.59292752964709], [24.662608761326265, 56.59335218236906], [24.66284092488416, 56.5935461747069], [24.662988183353818, 56.59383234897986], [24.66303282319203, 56.59392551199391], [24.66323063603143, 56.59389666007606], [24.665852025337312, 56.59540433029594], [24.66758590793325, 56.596177616649825], [24.667236418529093, 56.59654394024434], [24.667309167182477, 56.59759998836928], [24.667299583670648, 56.599160210185566], [24.669760707026505, 56.59882389148032], [24.67036354200432, 56.598826736055784], [24.669430101475914, 56.6004461618604], [24.66803928753858, 56.60043963103665], [24.668172199831645, 56.60125558185762], [24.665959760409365, 56.60123196501477], [24.664576403001572, 56.60279192147434], [24.663539312148764, 56.60313287661473], [24.663465087759786, 56.60315727848918], [24.66199849274643, 56.60299866527219], [24.661131145062594, 56.6023580786513], [24.660966785169535, 56.602283924026025], [24.660584863592995, 56.60220343159295], [24.656857891564336, 56.60127620979015], [24.656454104231727, 56.601289068193246], [24.65605362741288, 56.60151268844357], [24.653882229510526, 56.60256496797457], [24.653759514700408, 56.60259160440697], [24.65307498115007, 56.60247725360179], [24.65257306655864, 56.60223934165891], [24.65211884336383, 56.60206528966569], [24.651976896585147, 56.601964511055485], [24.652006739970535, 56.601886200288526], [24.65178898097889, 56.60158351038861], [24.65154904241697, 56.60134240680241], [24.65112782569613, 56.600844007021486], [24.650499378908393, 56.60059603961541], [24.650054036635083, 56.6004385366678], [24.649612862617833, 56.60037754661891], [24.649244696369742, 56.60020953046662], [24.6481600126025, 56.60003592244286], [24.64791093617227, 56.5997509801882], [24.646690056478064, 56.59975733220747], [24.646540028289184, 56.59990965003038], [24.64541213874253, 56.599999698022884], [24.645259808585145, 56.60001732472506], [24.644899157935868, 56.599864628915434], [24.64458721694886, 56.59980610462148], [24.643377178196967, 56.599666525951584], [24.642769115511904, 56.599631692335706], [24.642612275622312, 56.59965516990189], [24.6425136880305, 56.599703152075534], [24.642453440019658, 56.59972325559548], [24.64065052195353, 56.59998515483183], [24.64048499481342, 56.59998244930014], [24.63929622488587, 56.600012838976326], [24.63913079942689, 56.60000168588942], [24.63898180730477, 56.60001556825289], [24.63824357759673, 56.60006310205637], [24.637054800137523, 56.600188137768484], [24.636620825622654, 56.60025066167604], [24.63518919000686, 56.60034478518819], [24.63439300225476, 56.60036537859716], [24.633928239577422, 56.60041051275501], [24.633401774940076, 56.60053237064765], [24.633198998454603, 56.600598952156496], [24.632618583778928, 56.60073836703821], [24.63232253193304, 56.60076641159925], [24.631807205016923, 56.600936496617244], [24.631269607065168, 56.60090240789462], [24.63066215786836, 56.600718157282245], [24.629820242436683, 56.60048044846511], [24.629414457982055, 56.60038592096679], [24.62910011509193, 56.60028163107975], [24.628784157329502, 56.600229062083756], [24.628651100030194, 56.60020824407722], [24.62862644748745, 56.600177274045315], [24.627640035638326, 56.60052490560793], [24.625687720586217, 56.60101169652785], [24.623760140691214, 56.60141314372275], [24.62337946397744, 56.60141965160069], [24.62266723536777, 56.6015633817914], [24.621874361460588, 56.60162501739616], [24.621930213426626, 56.60183318236111], [24.618189536416402, 56.60300491994057], [24.61805124411373, 56.60299592193653], [24.617962129323026, 56.60308878575948], [24.617656073928796, 56.603283170785204], [24.61683109521032, 56.60394126426292], [24.616782885719687, 56.60398265120092], [24.61672425017294, 56.60403298422375], [24.61587784134495, 56.60460439840732], [24.615502289032428, 56.60486996293595], [24.61283376199388, 56.606693104534365], [24.61264963553284, 56.60678088906784], [24.612588205074054, 56.606810120840755], [24.60524240656676, 56.61180218706479], [24.600244677447236, 56.615167931347266], [24.599550050692603, 56.615606179996206], [24.599478284555012, 56.61566336003068], [24.599416873799093, 56.615668642099564], [24.598730692936478, 56.61609399794621], [24.598264129260084, 56.61731466605829], [24.597563414230112, 56.61904980675436], [24.597373654877313, 56.61942257515561], [24.597166202262773, 56.620008489189054], [24.59671440191285, 56.62112163721791], [24.596403052954614, 56.621864589062234], [24.596265771884486, 56.622185318957754], [24.59598817164445, 56.62288470509978], [24.595946637425804, 56.622980352409634], [24.595861669143588, 56.62317523179947], [24.595550932786807, 56.62395092574332], [24.594973506744772, 56.625628526334296], [24.593969634173906, 56.62819288933654], [24.5937583789484, 56.62844125974143], [24.593281803543054, 56.62904773879321], [24.592765133759713, 56.62947453390071], [24.592581664040054, 56.629643358417646], [24.59296569186229, 56.62958891797242], [24.591269635498808, 56.63155274154259], [24.590508589349177, 56.63244422783427], [24.589808463470323, 56.63323561504356], [24.58921601513643, 56.63397460470273], [24.588894626243334, 56.6346836048138], [24.588533150519947, 56.63456931930314], [24.58860601711376, 56.63481087448989], [24.588072764985256, 56.63618495028368], [24.587025287578903, 56.63888381559767], [24.586534283463763, 56.64014874201708], [24.585138599056123, 56.643659333625884], [24.584529073336068, 56.64536113386465], [24.583913216684333, 56.64691214270049], [24.58296374577135, 56.64939486068581], [24.582231418648902, 56.65126189349084], [24.582053525521232, 56.65402466723376], [24.582050210266313, 56.654076269851885], [24.58204647247405, 56.65413432508068], [24.58200946108058, 56.65470906285867], [24.581972448619275, 56.6552838005748], [24.581448025630763, 56.65821822496408], [24.58096413484503, 56.660724648622065], [24.580444491020227, 56.66384396445128], [24.580137569434942, 56.66582327456317], [24.580126216965375, 56.66588721377016], [24.57954775229357, 56.66914322119627], [24.57897414076631, 56.672990187405254], [24.586419915951836, 56.67327541384619], [24.595880237165034, 56.67364452115629], [24.59648941221222, 56.67369886130066], [24.596527116294368, 56.67366519678732], [24.597281906224637, 56.67370488318439], [24.604678970610227, 56.67402316756299], [24.606543104430955, 56.67410330741356], [24.617208123083593, 56.674595463394766], [24.62522279122085, 56.67488625154076], [24.63537833934109, 56.675673281637174], [24.639817160860755, 56.67585972023702], [24.639455634445365, 56.67826903996329], [24.638884360982107, 56.682292793000535], [24.63829754502832, 56.68628874225513], [24.63764725044462, 56.69064628168365], [24.6375566280939, 56.691253373693904], [24.636901099875367, 56.69572473427808], [24.636291162772416, 56.70013899432788], [24.635640212405416, 56.70458075987116], [24.63552824171979, 56.705331119945775], [24.634872671686416, 56.709745634009444], [24.634258415137968, 56.71413977944226], [24.63330107125592, 56.71409859523672], [24.625161047408422, 56.71376276417598], [24.617026629675376, 56.713391982905065], [24.60888904303006, 56.713040334837906], [24.607968604619217, 56.712996709525804], [24.600749993222504, 56.71268852222833], [24.59260872570877, 56.71235504662354], [24.584474660581485, 56.71198341632933], [24.57633774830134, 56.711630593470396], [24.568197601885863, 56.711292302793666], [24.560058200923702, 56.71096105998342], [24.560044856744934, 56.71089850991473], [24.559345004996338, 56.710868986883554], [24.55860241171899, 56.7108344137954], [24.558569296823475, 56.71089152126811], [24.554304917129937, 56.71069978598748], [24.546171632265388, 56.71033431463799], [24.53803841702122, 56.70997151985626], [24.5299003058869, 56.709618520166316], [24.529297288906744, 56.71392042174804], [24.529227476710087, 56.714359804904205], [24.529163352487878, 56.71437826090711], [24.529189501700014, 56.71440575787815], [24.529199112918583, 56.71445034086562], [24.529172430257233, 56.71469669809683], [24.528927493272533, 56.71645590790614], [24.5286816760046, 56.71808292014209], [24.52824176311954, 56.720886091882505], [24.527609439544413, 56.72491464468239], [24.527609013731155, 56.724928580728], [24.527419740802202, 56.726974391022345], [24.52688211541886, 56.730675130085345], [24.52660037474363, 56.73260723071747], [24.526566399041656, 56.73284024019352], [24.526450746800823, 56.733633335306116], [24.526389707024553, 56.73380007601616], [24.52617200939186, 56.73375710805494], [24.526076128047418, 56.73373719082896], [24.526771939461288, 56.73509487415912], [24.528754611409603, 56.73897120781799], [24.53076025201168, 56.74287508151891], [24.53275506608563, 56.74680004426853], [24.5337665324459, 56.748112388102065], [24.533806927859246, 56.74813711885187], [24.533353599523156, 56.748380593727454], [24.532569223662634, 56.74876838984714], [24.532160236548098, 56.74898948044151], [24.531692187712192, 56.74928394234085], [24.531449942435415, 56.749457144479436], [24.531025569325983, 56.74980566309759], [24.530234899646878, 56.750665185180075], [24.529820596554895, 56.75111978476543], [24.529710771739126, 56.751247617523234], [24.52950926781126, 56.75157159190233], [24.52946786998845, 56.75168025847317], [24.529445034966997, 56.75188790380793], [24.52945547777583, 56.75201994224474], [24.52951670399633, 56.75235005091528], [24.529773446481297, 56.75361492273609], [24.529821408853966, 56.75383539291851], [24.529906983957677, 56.754228770984994], [24.52992098365647, 56.75430314391453], [24.530041359460622, 56.75494244564852], [24.530116917983026, 56.75535119278212], [24.53038974283649, 56.75595209522073], [24.5305607528102, 56.75603587126249], [24.530923792639097, 56.756259168689326], [24.536698370350173, 56.758070268197024], [24.53749771357903, 56.76009027291397], [24.534825985514335, 56.76251026753982], [24.536004447033996, 56.76546342885054], [24.540291654033908, 56.76669723627605], [24.543499672151757, 56.769754986409765], [24.543282285492406, 56.771719014221475], [24.54163782545293, 56.77395645588124], [24.541127157227372, 56.77422675396781], [24.539625816145612, 56.77528807485502], [24.539001231064695, 56.77525732776253], [24.53605636408153, 56.77584703947089], [24.53561897118666, 56.77720171524003], [24.537772537406, 56.779479795329806], [24.5372879689674, 56.780313618637315], [24.53738496188554, 56.78092694935278], [24.53812676891552, 56.78139213979437], [24.538399269939774, 56.78194010884093], [24.538697732489485, 56.78224569466415], [24.538952431058778, 56.782564630337085], [24.53970814385511, 56.783335870813154], [24.540172722593375, 56.783877434805696], [24.53996616181561, 56.78433827178494], [24.54035257651807, 56.78473800215858], [24.54152517216939, 56.785142685593804], [24.541701941385462, 56.78644649687318], [24.54174177794477, 56.78711629355748], [24.541847590328576, 56.78811935099319], [24.541688052492603, 56.78867198198662], [24.54149807470659, 56.78963443107379], [24.541185969727923, 56.79065955144796], [24.541150279415827, 56.7906581520166], [24.540903898993797, 56.79181170844958], [24.54370989202663, 56.793289133027606], [24.54400070082707, 56.7934401345085], [24.537790042295406, 56.794495537994564], [24.537605163131104, 56.79465385013138], [24.534121460943705, 56.79871597584016], [24.533037249503174, 56.79802404219262], [24.530907516842397, 56.79706978261362], [24.529163884410085, 56.79739992749445], [24.52798744489239, 56.796923533394384], [24.526290957319983, 56.79643148950615], [24.525771628344188, 56.79646933592208], [24.524934861042393, 56.79704338337269], [24.523069251388, 56.798082842067636], [24.521484872457233, 56.79896554084765], [24.52046681600392, 56.799941995591055], [24.519984640553805, 56.800477129724136], [24.51997665898182, 56.80050026065218], [24.519890545493872, 56.800749815534246], [24.519179574053872, 56.801497614509486], [24.51925975490147, 56.80157892681237], [24.521344885844133, 56.80283141471239], [24.521489729377098, 56.80290014746861], [24.52171040749555, 56.80304197967979], [24.52293752300922, 56.80372512914327], [24.5230448777479, 56.803764828414224], [24.523437325581344, 56.8046724008535], [24.523406749608707, 56.804956663554535], [24.523306870759143, 56.80522226975256], [24.522861977756737, 56.805508268828845], [24.522761302656146, 56.80571704561703], [24.522040649650247, 56.80707523216752], [24.52187816508461, 56.807473072672636], [24.51920883983398, 56.80688359500839], [24.515428899090736, 56.80627296695705], [24.512343466965124, 56.80627984948984], [24.50976952101357, 56.8066082938873], [24.506779239715073, 56.807510597326505], [24.50531368796307, 56.80812054547992], [24.503742572954298, 56.80902401120668], [24.502167042741842, 56.81043703251101], [24.500962971301366, 56.81171739607047], [24.49944907704796, 56.81311955153837], [24.498599624471268, 56.813802893664054], [24.49655781919182, 56.81437358633672], [24.492846945775987, 56.81524653336622], [24.49045300138412, 56.8160518809578], [24.48950347172633, 56.81640574609763], [24.48811548169847, 56.81746919537652], [24.4868526457844, 56.81832987771494], [24.485486297405494, 56.81924628135705], [24.483957756419517, 56.81990073585936], [24.48206077032104, 56.820336633574605], [24.480328465074496, 56.82073999401491], [24.47913144626975, 56.82112558215195], [24.47803654217934, 56.82159135307877], [24.477250805929916, 56.82200329625211], [24.47660704236138, 56.82264299057292], [24.47569220051508, 56.8236539219063], [24.475229167396833, 56.82477094259174], [24.47511582831651, 56.825879749338995], [24.475026164331656, 56.82667172164337], [24.475119733572335, 56.827680567764325], [24.475170726475937, 56.82883620129276], [24.47527641564236, 56.83076239647461], [24.473225910432774, 56.83212548059068], [24.47055323300579, 56.83367450662194], [24.46551070851458, 56.836064281241974], [24.46294651075764, 56.83726390414991], [24.460963059693874, 56.83799313853267], [24.45856664591586, 56.83886582098342], [24.45612945241763, 56.83965882061764], [24.45426956554167, 56.84036642935725], [24.451254392147614, 56.841312551500685], [24.44902295332984, 56.84209589058504], [24.448362354418883, 56.84227101418859], [24.44566456414368, 56.84232519512464], [24.442329133055974, 56.842316795630545], [24.442154173628794, 56.844665139538684], [24.442126802147985, 56.84489506054008], [24.442095538833556, 56.84515783116541], [24.44207994855455, 56.84524823663077], [24.44200280760841, 56.84569540079194], [24.442074094355338, 56.845796054719806], [24.44210240262331, 56.845836040308484], [24.4420853023243, 56.845870688546725], [24.441798674887153, 56.84645138374247], [24.4416878337755, 56.84703602040338], [24.441382059994538, 56.84747892555998], [24.442540936075428, 56.8484599627356], [24.44225926804786, 56.84909939529355], [24.441370732355185, 56.84956561825228], [24.440733894138543, 56.84985147722484], [24.44066769465726, 56.84995525824138], [24.440206996019924, 56.85027414623169], [24.439746289446227, 56.85059302353459], [24.439558812811068, 56.85086257793053], [24.4393713169878, 56.85113212311164], [24.439024004710845, 56.85163146973531], [24.438753439872816, 56.85202044019425], [24.438729371303914, 56.85279407551142], [24.43881371927971, 56.8532369414041], [24.438995299464942, 56.85419041046329], [24.43998684324551, 56.855214336373564], [24.440070387352367, 56.85530060998662], [24.441016988080733, 56.856083012698065], [24.441178029314976, 56.856216122977415], [24.441471362469237, 56.85648740358802], [24.441710922823628, 56.856914077856736], [24.44214625607152, 56.85768942089297], [24.442272375262956, 56.85791403659156], [24.442448904669078, 56.85797029684148], [24.442501974008984, 56.85798430325342], [24.442772468754995, 56.858074997438095], [24.443001840387847, 56.85815086089665], [24.443466552558757, 56.85830369732045], [24.443820912018644, 56.85842152799273], [24.444345385346043, 56.85859189180605], [24.444603306286787, 56.85868084797133], [24.44485141775055, 56.85876257962955], [24.44521370520062, 56.85888026133506], [24.445702199398198, 56.85904143149755], [24.44597191363457, 56.85913276838828], [24.446007501368516, 56.85918102807744], [24.446086433359856, 56.85929538850547], [24.44616559791088, 56.85939755703345], [24.446235926114706, 56.859546796261185], [24.446707403225265, 56.86019727210036], [24.446924439054893, 56.86049670740545], [24.44708317464576, 56.860699900931195], [24.447427598875414, 56.86121908125104], [24.447839658367407, 56.86179081591706], [24.448408573611108, 56.8625831403872], [24.448483180062784, 56.86268431759646], [24.44917791622962, 56.86362657547488], [24.44927188125131, 56.863688099986156], [24.44979731108905, 56.863847935467724], [24.450070687042096, 56.863924966107795], [24.450771272721333, 56.86412238338], [24.450983981386305, 56.86418302887318], [24.45216106748691, 56.864518630848046], [24.453116656276404, 56.864783217889034], [24.453483235521556, 56.86488532711755], [24.45530645163162, 56.86539317933643], [24.455472629095528, 56.86547849458851], [24.45645781620048, 56.865774795770506], [24.456539292231167, 56.86641868118674], [24.45654422480285, 56.86660543628386], [24.45657953712324, 56.867944656326664], [24.455373072234732, 56.86899257233229], [24.454570050812983, 56.86929746900541], [24.4549222450519, 56.86961326093089], [24.456370604415657, 56.869741351805494], [24.45632283705359, 56.870106564679446], [24.456214341648685, 56.870578475171136], [24.456096295879373, 56.87123501031312], [24.455837009413667, 56.87171602334896], [24.455132534943683, 56.872972027679424], [24.45524159772974, 56.873432148175866], [24.455220687641113, 56.87366635079798], [24.455138425120776, 56.87368778036467], [24.452727140892677, 56.87431573054857], [24.450525626810443, 56.8758761757179], [24.45136604710778, 56.876403077633285], [24.4514563065688, 56.876404665075846], [24.45149472686429, 56.876521261474984], [24.451594880237966, 56.87661266882531], [24.452201009435736, 56.87701547431106], [24.45227172735439, 56.877113411049905], [24.45228642601022, 56.87716075625996], [24.452245305656266, 56.87728555503407], [24.452102537885885, 56.877410272447285], [24.451152602028973, 56.87803762944534], [24.450990379613945, 56.87813198775238], [24.449963826612738, 56.87848323521509], [24.448706298087814, 56.878888586634496], [24.44769056036609, 56.8792037066001], [24.447039514790156, 56.879413769391654], [24.44679343365024, 56.87951275237372], [24.445149916316225, 56.880510372905526], [24.445032526845477, 56.880591968411075], [24.444961031771864, 56.880641660719036], [24.44445549271528, 56.88094268238043], [24.444430466965965, 56.88095361480478], [24.44434395940518, 56.880984242688385], [24.444237921126508, 56.88099382809249], [24.444089578311438, 56.88100331222225], [24.44276022138962, 56.881097409317036], [24.44163800939619, 56.88118307017495], [24.440395276077155, 56.88125433154711], [24.439884209965197, 56.88199810999807], [24.439661817328957, 56.88232176923424], [24.439340884527503, 56.88278722392649], [24.438876481009427, 56.88349040698295], [24.43871047369406, 56.88372578955445], [24.43738999007227, 56.885597783145926], [24.437316163777457, 56.885702486717264], [24.436870774703888, 56.88633405763295], [24.436541965174477, 56.88679986463428], [24.43642461617812, 56.88696707593925], [24.4361756420236, 56.88732592096014], [24.435982422346058, 56.88759795855963], [24.43593019572335, 56.887740084098844], [24.435956649304543, 56.88822612976066], [24.435973788734273, 56.88880162317988], [24.436000845893844, 56.88909836997674], [24.436019684360076, 56.88929114950214], [24.43600193723787, 56.88947537836262], [24.435805162399713, 56.88959815393811], [24.434697375586865, 56.89028933213541], [24.43329829517807, 56.89116559667427], [24.432782095242963, 56.891489084428514], [24.432696263668458, 56.89160384357626], [24.43276436200964, 56.891762593173084], [24.432867680951244, 56.89186983370244], [24.43290337933376, 56.8919221571706], [24.433125658569214, 56.89220441998314], [24.43342219493755, 56.892534469966826], [24.433889673183284, 56.89321537005812], [24.43418484713392, 56.8933035535302], [24.434361277242896, 56.893346394842894], [24.43581384680669, 56.893790192856216], [24.43663221746387, 56.89403117324413], [24.437093523777005, 56.89417267181546], [24.437468418737957, 56.89427718864052], [24.437801004147943, 56.894341578424964], [24.438158292423072, 56.89439868474144], [24.439483948468798, 56.89457876290414], [24.440222601118226, 56.89469579982468], [24.44090157223245, 56.894953611646535], [24.440980321145066, 56.89493304850816], [24.442272890414152, 56.89459549842651], [24.4438454026998, 56.89418091155602], [24.44454668059058, 56.89399495290766], [24.446070627132315, 56.89359333045115], [24.447740301740453, 56.89315313010131], [24.44885644155778, 56.892859454223334], [24.450081295909808, 56.89253734753266], [24.450457635125893, 56.89244510296003], [24.450799967838982, 56.89236969869072], [24.45146602621715, 56.892241566662456], [24.4517985909624, 56.892189480831476], [24.45236761991751, 56.892114447343815], [24.452697313144203, 56.892080283121786], [24.453360433046427, 56.892028980709206], [24.454041652084726, 56.89200036487851], [24.45444086047374, 56.891996254675576], [24.455370664258435, 56.89201300275924], [24.455612226058, 56.89201928238946], [24.45561215098218, 56.892052226107566], [24.45569420012755, 56.89205447834275], [24.4575035516975, 56.89210403419516], [24.458729626103537, 56.8921427067137], [24.459039548093653, 56.89213238731787], [24.46005640100389, 56.89215704583908], [24.461068168487788, 56.89218849759112], [24.463512744122127, 56.892265375521944], [24.46368240065451, 56.89226922008233], [24.465439168391775, 56.89146609032005], [24.46556729153519, 56.891420882912435], [24.467620330133048, 56.89063118979004], [24.47004487129323, 56.889699757355906], [24.47013496532385, 56.889773121298425], [24.470182187132473, 56.889754904229925], [24.471001138795767, 56.88943905933081], [24.472587490633774, 56.889208619778266], [24.472444259841375, 56.889137488819664], [24.472158702915024, 56.88868419581939], [24.47208371491947, 56.88866220835181], [24.47190982637739, 56.888400808487006], [24.47228936964774, 56.886799229739424], [24.47442421464589, 56.88546249622871], [24.47516797984897, 56.88516923364637], [24.475600795080098, 56.88503765468309], [24.475632785067734, 56.88629904407956], [24.475649064783084, 56.88764521900527], [24.474843755109674, 56.887902100242776], [24.474420003574135, 56.88842151648533], [24.474362030749997, 56.88841994878903], [24.474314028498174, 56.888951503224696], [24.47426084896636, 56.88964456054634], [24.474313789651344, 56.88979290629147], [24.474604235482392, 56.89006201746346], [24.474683815208415, 56.890067815192786], [24.477139332832806, 56.890246781834314], [24.479283522279637, 56.88990487451634], [24.479310858392783, 56.88993755146533], [24.48003967836186, 56.88975482694509], [24.481082520588824, 56.88947989300681], [24.481909101022726, 56.889250424860954], [24.48278173759423, 56.8889976760057], [24.483333667209365, 56.88883472391896], [24.484647876771348, 56.88844696097845], [24.48461680835007, 56.88841531482227], [24.483677625761587, 56.88733643496226], [24.48422779652771, 56.887032053964276], [24.48421316541619, 56.886880410530054], [24.48491747335281, 56.88658301140225], [24.48612180861936, 56.886265921100524], [24.485585336049105, 56.88600971417504], [24.486838887124467, 56.884654178558705], [24.48797874611227, 56.88484822921405], [24.48972544708222, 56.88448347284925], [24.49165580465655, 56.883879099514395], [24.492189947458215, 56.88366003820024], [24.49349483958251, 56.88377763708346], [24.49446669557545, 56.88421290485344], [24.494443080083524, 56.88424643596827], [24.495214374082554, 56.88440917751945], [24.495161815323172, 56.88423830747278], [24.49511334193475, 56.88414304676685], [24.49493843692914, 56.883897269354016], [24.494657611959823, 56.88360363214073], [24.49435236441365, 56.88331558001295], [24.49405458807522, 56.88302253854374], [24.493826780996343, 56.882781137195074], [24.493714282552297, 56.88264494724594], [24.493628210005394, 56.88250912894329], [24.493554211304637, 56.882329386045924], [24.49351115780928, 56.88214307052152], [24.493511307903113, 56.8819963106833], [24.493552919209144, 56.88182541831902], [24.493643077090066, 56.881645107797965], [24.493773875574348, 56.88146690052762], [24.494048984654253, 56.88116853032825], [24.49425247294214, 56.88093684205171], [24.494438514938842, 56.88066283691895], [24.4945416051576, 56.8804521362457], [24.49457980804409, 56.88030320438731], [24.49458295715023, 56.880011083778754], [24.494654262932315, 56.87977196726918], [24.494816175139103, 56.87947310003798], [24.49492058050637, 56.879226979659684], [24.494997569665724, 56.87885450286614], [24.494979831187273, 56.87885318963375], [24.494224519592393, 56.87868298088528], [24.492203438670785, 56.87837110874976], [24.492478179159765, 56.877984324745974], [24.49353252366008, 56.87819191268528], [24.49418517261608, 56.87817062876249], [24.495368183189573, 56.87816686944724], [24.495643443352808, 56.87774505747833], [24.49584447232869, 56.877440041405336], [24.496051081522502, 56.87719610166686], [24.49627065495519, 56.87694386294795], [24.496373224496217, 56.87679817843719], [24.49530123044043, 56.877011081446746], [24.495606446721432, 56.876386179660784], [24.495612341214958, 56.87637410001608], [24.494883186312393, 56.876241568418095], [24.4940428090655, 56.87609140599135], [24.49284541257716, 56.875874693261224], [24.492754621122174, 56.875860156222714], [24.492622633080895, 56.87605035170048], [24.49253763313227, 56.87607700036544], [24.492425124573376, 56.87609665120655], [24.49190168461085, 56.87617037689239], [24.491792578629713, 56.87619180154239], [24.491603222948303, 56.8762531155188], [24.491388639903093, 56.87634003343528], [24.490806529014883, 56.87656207420728], [24.49072318338623, 56.87659620762031], [24.490232923636444, 56.87679892010726], [24.49015500892346, 56.876834388382136], [24.488743407744995, 56.87754286438382], [24.488690559103368, 56.877580677274345], [24.488606999538014, 56.877688037025855], [24.48837929483033, 56.87823454017815], [24.488147961718884, 56.87884811207404], [24.48789856194043, 56.87941686199428], [24.487700959084506, 56.879775278262606], [24.487599122006152, 56.87990480875557], [24.487399649757226, 56.87982619723435], [24.486338039262893, 56.87940744874902], [24.486404495623155, 56.87914220409285], [24.486574071783703, 56.878748898142724], [24.486715961621847, 56.87835795471483], [24.48686537790163, 56.87797948721055], [24.486921626730478, 56.87785847190169], [24.487075291493284, 56.87748401229089], [24.487167517665352, 56.87725170906975], [24.487479228866576, 56.87714431379532], [24.487766620981912, 56.8770494282868], [24.48797301927533, 56.876985690857616], [24.48800056851586, 56.876964345562236], [24.48802706979184, 56.8768663456087], [24.487980345040327, 56.87671047953896], [24.488150160203784, 56.87664356067827], [24.48836257192436, 56.87659326581399], [24.48853948932723, 56.87656778787301], [24.488706642273126, 56.87657864242038], [24.489379834724776, 56.87663602820862], [24.489409980452706, 56.87658117184303], [24.49039049108973, 56.87641084846989], [24.49050316186914, 56.87637461473536], [24.49038850986195, 56.87624572502302], [24.490133481122243, 56.875989151205744], [24.4901148746816, 56.875959002692106], [24.490119551276855, 56.8759251872907], [24.49016827851507, 56.875878639724874], [24.490272006384465, 56.875791035971076], [24.49029204962825, 56.875762981764574], [24.490287037856625, 56.87574108994214], [24.490064753312694, 56.87550896715415], [24.490024077905403, 56.87549874141844], [24.489963230047852, 56.87549289801944], [24.48966170154238, 56.87548904020934], [24.489007929910137, 56.875487540056135], [24.48896114465235, 56.875485594000786], [24.488904776248887, 56.875450849638455], [24.488799966458604, 56.87537775427275], [24.48871811968309, 56.87530160434466], [24.48872845784888, 56.87524263915869], [24.48877152004485, 56.875209500157034], [24.489389771693784, 56.87503059322579], [24.48997659966826, 56.87486932486868], [24.491177961109823, 56.874525019957275], [24.491253272920684, 56.87449293017898], [24.491293047232066, 56.87446953268362], [24.4913687893248, 56.87434267998829], [24.491505210080675, 56.874133925775354], [24.4915291277709, 56.87408869705191], [24.491529603215834, 56.87406616380201], [24.491195795927048, 56.873761820668136], [24.491159320962936, 56.87370771087405], [24.492567816750032, 56.87305073209818], [24.49336048770021, 56.87268098427094], [24.495869908089002, 56.87255811407415], [24.49586507144401, 56.87253231380623], [24.495826359859368, 56.87232326150241], [24.497191831857013, 56.87235184759716], [24.49726093387851, 56.87237051044767], [24.497298851407685, 56.872367116368316], [24.497610824432375, 56.87236865017326], [24.49969056286066, 56.87246821792129], [24.499864675032192, 56.87261322983765], [24.500819046816634, 56.87257900653116], [24.50207496106212, 56.87251596621578], [24.502518219119914, 56.87249465330017], [24.50480443777419, 56.87235510845435], [24.50604595270002, 56.87237482729242], [24.510003320519672, 56.87274385352583], [24.511404494646, 56.87382466446976], [24.512822779948483, 56.874925836630034], [24.51289685636303, 56.87498335238322], [24.513392558076827, 56.87498483811481], [24.513331972873292, 56.87511331303394], [24.513542288546827, 56.875227953643545], [24.51378114361592, 56.87530837398452], [24.51390304790364, 56.87547109056112], [24.514123978526737, 56.87576593777223], [24.514495576062743, 56.87629699553264], [24.51442093869861, 56.87629936015154], [24.515855089975357, 56.8774372482215], [24.517456248613907, 56.87864623589526], [24.517529133332886, 56.87870314293814], [24.516912808447017, 56.8788832233295], [24.51452993251823, 56.87958530611671], [24.512180739931985, 56.880288759301024], [24.512126189692875, 56.88030509086033], [24.51159184650376, 56.88045305104116], [24.51120559588931, 56.88084531062882], [24.51121093754481, 56.88085075092786], [24.511136211606058, 56.880951908822645], [24.510870188769246, 56.8813120434749], [24.510857701963698, 56.881328948143214], [24.51048936002398, 56.88182758128476], [24.511973942931874, 56.88279203647771], [24.514304216744787, 56.88418006814433], [24.516214353073376, 56.88528251776413], [24.51629817601984, 56.88533089061175], [24.517671220067967, 56.88612329499412], [24.51772186499781, 56.88615405233995], [24.517754767643567, 56.88617403074747], [24.517877838681624, 56.886248778061336], [24.505018625566162, 56.89246886102682], [24.5049502168903, 56.892429195542576], [24.50490587961171, 56.89240349239488], [24.504784807029907, 56.89233654021299], [24.504719962918283, 56.89230068729738], [24.504695718762296, 56.89228728258008], [24.504543345971395, 56.89215951955347], [24.504422579558835, 56.89199214503826], [24.504237133615298, 56.89173514862013], [24.50401614246345, 56.89151997106354], [24.503435076968046, 56.891688917472834], [24.502430723987388, 56.89199039448801], [24.502357468798177, 56.89201251957172], [24.50210151942547, 56.89209066496022], [24.50187332328099, 56.892157621366145], [24.500793787624293, 56.89245326010517], [24.500917083692965, 56.89251514935518], [24.50139267427985, 56.89264004827987], [24.50152000467722, 56.892672139512754], [24.502196525449854, 56.892843196104856], [24.50268205663971, 56.89295963238555], [24.502783185750427, 56.89298763229473], [24.503238715875394, 56.89311149092724], [24.503506295963724, 56.89332291556188], [24.50342167666705, 56.893328943186965], [24.502958254256818, 56.8933619468676], [24.501607504352393, 56.893458147751836], [24.501437083770785, 56.893470285966764], [24.501454497606133, 56.893499521190144], [24.501629512303545, 56.89379345989839], [24.50176718156872, 56.894024661834294], [24.501774356306488, 56.894023537007], [24.501929644870224, 56.893999178284794], [24.502162659405958, 56.89396263951041], [24.50244077518591, 56.894008749448695], [24.502801281989964, 56.89406851507006], [24.50299001838137, 56.89417566878641], [24.503242442890567, 56.89435822718521], [24.50336616270149, 56.89452532137428], [24.50347365821799, 56.89478098900489], [24.50347964394682, 56.89479519519931], [24.503507166870044, 56.89486066591512], [24.503502365552354, 56.89501261894889], [24.503431328661524, 56.89516589888889], [24.503416062083897, 56.89519885000177], [24.50337011808187, 56.89529797342221], [24.503217970684798, 56.895547769213046], [24.50321222072148, 56.89555720736521], [24.503181206475286, 56.89560813550684], [24.50298239471492, 56.89586834239948], [24.502897530562578, 56.89594699550414], [24.50265216195477, 56.8961744097272], [24.50254015376198, 56.89627822750441], [24.502315226211284, 56.89645969666698], [24.50221695547606, 56.896538960171995], [24.502144701765346, 56.896597249756276], [24.501955183517918, 56.8966797993566], [24.501889763648673, 56.896696861744], [24.501591226753117, 56.89677474574348], [24.501411538017038, 56.89682162540607], [24.501206813953573, 56.89686237945229], [24.500870174169254, 56.89692939142382], [24.500760938903124, 56.896980874955084], [24.500506479848678, 56.89710082144866], [24.50047457271414, 56.897128313800415], [24.500282496277986, 56.8972938362493], [24.500076152071507, 56.89747164240043], [24.500067761273982, 56.89747887197652], [24.49993183079678, 56.89763366717973], [24.4997628781747, 56.89782605661396], [24.499749569629472, 56.89784859621535], [24.49965862296167, 56.898002483544175], [24.499656565206266, 56.89802296579074], [24.499655027907608, 56.898038163497645], [24.499732967763627, 56.898144579119126], [24.499505872643702, 56.898271277716226], [24.499171830218447, 56.8984603551703], [24.499042008698588, 56.8985148660652], [24.499039683581483, 56.898516555314416], [24.499036908519138, 56.89851774326887], [24.498941427139954, 56.898562100034496], [24.49892809328972, 56.89856801966605], [24.49731465974974, 56.89928503027435], [24.49713795161905, 56.899363559664714], [24.497390847160066, 56.899689778355665], [24.49768803200994, 56.900018937548666], [24.497735004902832, 56.90004129077704], [24.498122444257973, 56.90061834696264], [24.498134379472408, 56.900689837148896], [24.498534059687827, 56.90127524306642], [24.49873936008427, 56.901568911963025], [24.49861533791634, 56.90196957972256], [24.498423404139544, 56.90258959628294], [24.498106322094575, 56.90378229622681], [24.498929517511527, 56.90383474835549], [24.500262193292976, 56.903890852746876], [24.501508124289117, 56.903942915912346], [24.503097132006886, 56.904111336512045], [24.504492339153167, 56.904259200802], [24.50591945693871, 56.90438734475657], [24.509653336805137, 56.90472254320956], [24.51052391367792, 56.904800679968865], [24.512598638353712, 56.90476919950069], [24.512548408258425, 56.904598848581536], [24.513324440820472, 56.903385343242746], [24.514298994325266, 56.90197496309952], [24.515084136936956, 56.900725212934994], [24.51552874892098, 56.90005262398267], [24.51554167939319, 56.90003306686298], [24.515591258809422, 56.899961405367115], [24.51564953079232, 56.899877202566834], [24.51583105719118, 56.89961486381525], [24.516035655900897, 56.899311454500875], [24.518704840163387, 56.90013146834246], [24.5193922360666, 56.90177571801465], [24.52488284396531, 56.90385747479351], [24.5261549486647, 56.90434968412159], [24.526616850537977, 56.9044465515417], [24.527395105692765, 56.904570786051], [24.528367588255136, 56.90471656447799], [24.528404890413942, 56.90471746688015], [24.528663181438656, 56.90389167260846], [24.52868990388212, 56.903806240608674], [24.52869656269253, 56.90375922726482], [24.5290586358097, 56.90282731675338], [24.52915135006382, 56.90274809158613], [24.52961242914396, 56.902513881009355], [24.529635554444152, 56.9025028138211], [24.53059682193259, 56.90204376208808], [24.53095629962132, 56.90237294667207], [24.531187952517946, 56.90251406792811], [24.53149415691487, 56.902637245583364], [24.531656538466564, 56.90266949853788], [24.53171032062099, 56.90266443648719], [24.532576606167897, 56.902458397569035], [24.532838746254537, 56.902443193769734], [24.533114123040548, 56.90246279903856], [24.53339575722719, 56.902535498127435], [24.534323445548793, 56.9029245585373], [24.534390092678766, 56.902933913217424], [24.534749569809776, 56.90298436497943], [24.534961454054997, 56.90295538397657], [24.53521934755389, 56.902877279907166], [24.536099928379315, 56.902482738344084], [24.537956011133605, 56.90165108493222], [24.538152983176623, 56.90162250405303], [24.53835242557299, 56.901646970489715], [24.540046107716865, 56.90191207958138], [24.541582066713115, 56.902152488032975], [24.541738172328976, 56.90219647895001], [24.541939729581834, 56.90231558373796], [24.542091680092327, 56.90248069374265], [24.543728656054256, 56.90468412607316], [24.54403410001441, 56.905121340705726], [24.544122610420448, 56.90522905737661], [24.54423943265398, 56.90534037000629], [24.54439022198997, 56.90542299310084], [24.54446457550476, 56.905453672309285], [24.54456999411227, 56.90548082924986], [24.544662643810792, 56.905499363401404], [24.54475780407173, 56.905508750029824], [24.54487012789228, 56.905513929227645], [24.54499322170661, 56.9055088467996], [24.545263331315464, 56.90546022543376], [24.5461082979094, 56.905239802746415], [24.546647832301534, 56.905105185014676], [24.54693426079142, 56.90503089383385], [24.547246855632988, 56.904949462112384], [24.54781780461589, 56.90479432652373], [24.548792683462963, 56.90454788304211], [24.549767582268313, 56.90430143182709], [24.549985848078084, 56.90427233439593], [24.55015503945576, 56.90426585817067], [24.55037393679646, 56.90428196373233], [24.55050778126698, 56.9043014710704], [24.550602366709406, 56.90432211247266], [24.550613451462958, 56.90432444434951], [24.551268594852065, 56.9044536184602], [24.552298712005435, 56.90463999469768], [24.552417136023298, 56.90466141879226], [24.553479587156733, 56.90485278114837], [24.55443048126892, 56.905034567511684], [24.555509750405363, 56.90523251301524], [24.55692214807264, 56.90548789912822], [24.55717731177195, 56.905534906160966], [24.557807295682768, 56.90565096103476], [24.558818390440372, 56.905836802580005], [24.561368742873885, 56.906293826109305], [24.562090304475465, 56.90642345388363], [24.562720208578046, 56.90653872977716], [24.56390038938171, 56.906755221292364], [24.564479039124546, 56.90686071160109], [24.564525706197955, 56.906797533404465], [24.566719762911767, 56.90382670571168], [24.566792294199125, 56.903728489298736], [24.567753483318224, 56.902677414787824], [24.568464338847395, 56.90190004909765], [24.570776458398218, 56.89937133162368], [24.570645223334328, 56.89917903042267], [24.570684875331253, 56.899148061846994], [24.571151067446618, 56.89857485819024], [24.57285542787885, 56.89648831939058], [24.574110378874067, 56.894959533751276], [24.57432054265851, 56.894703499453634], [24.574364872937736, 56.8946494916153], [24.574979771554993, 56.89392120243598], [24.575143251679496, 56.893721530357176], [24.57514492615088, 56.893719402468534], [24.57623092708798, 56.8923926813976], [24.576842458721355, 56.89164555903342], [24.576996846574296, 56.8910489399426], [24.57702019533754, 56.890957888829654], [24.578657425785885, 56.890852691233505], [24.57876323894376, 56.89084589458133], [24.580738160228346, 56.89074306717536], [24.58205631536196, 56.89067441617241], [24.58334407560248, 56.89060733055009], [24.586109959425382, 56.89042880790147], [24.588862236786557, 56.890271777415634], [24.59152508010927, 56.890136104842654], [24.592824926855723, 56.89007159529489], [24.59519466262537, 56.88994097183868], [24.596231092077577, 56.88988764423705], [24.597061271921184, 56.88984175299636], [24.59704805488038, 56.8897992866248], [24.59794810963774, 56.889747620399326], [24.5988577334813, 56.88969816575689], [24.59973521290833, 56.88965045788154], [24.60013109522841, 56.88962651098715], [24.60086671381458, 56.88958200978619], [24.602363191927978, 56.88948500286243], [24.602589595697186, 56.88946765057648], [24.603046986864435, 56.88944548207361], [24.60353250563043, 56.88942000475495], [24.60404891653614, 56.8893876024055], [24.604862932906244, 56.889340129293835], [24.60535238612468, 56.889311472521456], [24.60599198189795, 56.88927343438936], [24.606440723008838, 56.88924542894303], [24.607027441701998, 56.8892139667305], [24.607256533679887, 56.88919561367973], [24.60745437044912, 56.88918103263564], [24.60785872311166, 56.889165842199276], [24.608979946449796, 56.88909797246357], [24.609450834891, 56.88907463665854], [24.609932802181934, 56.889055368592835], [24.610031675488866, 56.88906853244439], [24.610293237430263, 56.889089894637756], [24.610445456446165, 56.88911029016061], [24.610549743501576, 56.88911623108994], [24.610632639318254, 56.88912085701181], [24.61208841723049, 56.889264645784316], [24.612530193418344, 56.889305783338855], [24.613040204182358, 56.88935117536639], [24.613416792008998, 56.889389476233966], [24.61396096662166, 56.88944322248455], [24.61467243330736, 56.88950737343839], [24.616438423317685, 56.88967323089501], [24.617493325929782, 56.8897758380535], [24.617688827445498, 56.88979485197376], [24.618372410216057, 56.88986132974705], [24.618431577114862, 56.88986708309389], [24.618571507068072, 56.88990715928333], [24.62193003107659, 56.89019216784303], [24.628542001813145, 56.89081960744117], [24.634592796204277, 56.891377003948875], [24.63765237231845, 56.89165771799233], [24.642860864637797, 56.89213541488515], [24.645697142196298, 56.89241293021326], [24.652143136498562, 56.89303067330454], [24.658077796656134, 56.893591125115], [24.659522019210492, 56.89371723692752], [24.66705723207539, 56.89443197147765], [24.673067737030305, 56.89495651321133], [24.679618243605944, 56.89557190135291], [24.686179389874304, 56.896168282687135], [24.692677283292937, 56.896731879502724], [24.700679794572864, 56.897449887382976], [24.70769975676023, 56.89811761933463], [24.71562049715549, 56.89883049954497], [24.715817630032785, 56.898854965830566], [24.718252428967116, 56.899070724948196], [24.71830094842489, 56.899075288438574], [24.72223527652373, 56.899445401154225], [24.72243637474177, 56.899463114134555], [24.723360198861442, 56.89954448359183], [24.72344912128617, 56.89955231497237], [24.723600702349625, 56.89956566800801], [24.7236477685783, 56.899569725756514], [24.725222944377304, 56.89970537157413], [24.72586051484173, 56.89976202442163], [24.726321651672286, 56.89980300732821], [24.7265328383692, 56.899821769107724], [24.730992870106043, 56.90022117923642], [24.730818831500283, 56.90083036393899], [24.729690833863746, 56.90488176802235], [24.728455752668587, 56.90931680272388], [24.72792921374942, 56.91108758924566], [24.735775118329048, 56.91224767369912], [24.736168192337626, 56.91067611201538], [24.739570760515363, 56.91126741021504], [24.743869214710106, 56.91202825908584], [24.744429023674897, 56.91212584301896], [24.745262891653592, 56.91226293724805], [24.752283181116443, 56.913496074540284], [24.7526696394543, 56.91356393973505], [24.752727228360673, 56.91357405027652], [24.753014785399074, 56.913723625757655], [24.754084687358805, 56.91340210117967], [24.755391616151982, 56.9129740682559], [24.756592929065203, 56.91267599347293], [24.75748012540245, 56.91238772568253], [24.758555455497394, 56.911918110327036], [24.76034744392432, 56.91150740243315], [24.760220903470792, 56.91237528347241], [24.761500316351615, 56.91320736842705], [24.76152260040916, 56.913223349858335], [24.763550444720543, 56.91455763622876], [24.76907082481452, 56.91806292858531], [24.786895621368267, 56.9261967769302], [24.787845103556513, 56.92661540565698], [24.787872632915008, 56.92662754916966], [24.787767948184822, 56.92721105067203], [24.78756777209864, 56.92840309642561], [24.787616689282263, 56.92841183512787], [24.79229219992349, 56.92924720731851], [24.7945530428538, 56.92965042596787], [24.79793708624848, 56.931196188122605], [24.802323808918715, 56.93319201182451], [24.803532488989802, 56.933692167018556], [24.803558569526672, 56.93370828731367], [24.804799699524736, 56.93422189537445], [24.804870716339003, 56.93424902798483], [24.810875316479052, 56.9366561506804], [24.81093786949779, 56.93667831272441], [24.81242541028119, 56.9372926734152], [24.814393756866473, 56.93809056373542], [24.81851815763555, 56.93738990346562], [24.818593408889047, 56.93736277349304], [24.81932508429078, 56.93718252534957], [24.81963920896634, 56.93710291742822], [24.819951882945798, 56.93705312697422], [24.820152586910634, 56.937047444644314], [24.8206362819943, 56.93701588216956], [24.821502026365934, 56.937162233380946], [24.822771788440587, 56.936330757811234], [24.824985641638822, 56.93559213730658], [24.825042671317465, 56.93557744961383], [24.827271388742183, 56.93451062282512], [24.827775881916867, 56.93434621084241], [24.8280155719919, 56.934268089579305], [24.82802512222103, 56.934294906357884], [24.832121217459395, 56.933858604619644], [24.83425144698097, 56.93362586699653], [24.834374376363943, 56.9336042758777], [24.83579912838722, 56.93330447107862], [24.83790676485734, 56.9328653073596], [24.83903504677772, 56.93262457179454], [24.840443662248234, 56.93233171272275], [24.840513736601775, 56.932309356755574], [24.843982861272558, 56.930424679910516], [24.844021320058435, 56.930380686292416], [24.84579155608572, 56.93084332166857], [24.84679875679292, 56.93110012189473], [24.848189560550917, 56.93145980253981], [24.849321508805854, 56.9317286462912], [24.849847158587103, 56.93185305174644], [24.851311513139468, 56.9317953319438], [24.85410952158635, 56.93184514966523], [24.854183135307704, 56.93184935443611], [24.85435140653075, 56.931886261031444], [24.854767172123218, 56.931713712060755], [24.857261472295097, 56.9306684005974], [24.859339913725012, 56.92979561407532], [24.8609711988757, 56.92927064229203], [24.862636476494554, 56.92873469657448], [24.86429948831601, 56.92823782452684], [24.866972600641496, 56.92694687727649], [24.867126432174206, 56.92687661568495], [24.86720198906475, 56.92685090948424], [24.86742096027626, 56.92678116598864], [24.86795422004735, 56.92662228453492], [24.868464802336128, 56.926462704821134], [24.868552251406868, 56.926434821918484], [24.868972708759532, 56.926301991644436], [24.86980470536893, 56.926060861303455], [24.869961693999397, 56.92602357249719], [24.87089938319872, 56.92589869818773], [24.871947303524387, 56.925760928695794], [24.872971027986726, 56.92563213264602], [24.873995623158674, 56.92549308929946], [24.87453883172134, 56.925426456729234], [24.87460893189908, 56.92541785381776], [24.876193991311997, 56.92521033837793], [24.87672450661845, 56.92513871823987], [24.87713931388681, 56.92508762756618], [24.877601807566897, 56.925023659107204], [24.8780730134782, 56.924969752739216], [24.878786292554665, 56.924880489227434], [24.879239816393007, 56.92481956042673], [24.88021359693796, 56.92468802844151], [24.88128466636508, 56.92455452739131], [24.88311238437163, 56.92424587684661], [24.88361344222154, 56.924185090479085], [24.885504885920746, 56.92395562479279], [24.888655383337873, 56.92357334435155], [24.891921759423692, 56.92329463300733], [24.89375327890374, 56.92310512514104], [24.895795967752743, 56.9228964688024], [24.895903392533913, 56.92291977630218], [24.896692511577523, 56.92325474918307], [24.89689296324452, 56.92337217925544], [24.896935061720367, 56.92451140427401], [24.897707531910616, 56.927716001771664], [24.89872722784751, 56.92889924131727], [24.89877059279631, 56.9289465450155], [24.89883580411015, 56.9290482247655], [24.899187831186353, 56.92959776281491], [24.899922259584155, 56.93018264058197], [24.90100924415454, 56.93045279680448], [24.901808408164573, 56.930651404555675], [24.901928207445167, 56.93068117605872], [24.902887031924372, 56.93092326689262], [24.903580603426192, 56.9311148905372], [24.904370043192962, 56.93133761153864], [24.904878291524824, 56.93156790592733], [24.906069243185296, 56.93211688529226], [24.909007591670044, 56.93153800053659], [24.912788271868546, 56.93260928904454], [24.91398004264753, 56.9329430196856], [24.914104109760665, 56.932994067532704], [24.91461815645434, 56.93320407510519], [24.915051776488706, 56.93337879584851], [24.916020602001584, 56.93377785331412], [24.91624336897139, 56.93393467290187], [24.91641994483741, 56.93411633012235], [24.916948992883054, 56.934656624594076], [24.917084119109973, 56.93479631487412], [24.917205334224523, 56.934890764556336], [24.9173704810518, 56.934973320387265], [24.91763615753197, 56.93510221474215], [24.918012511795233, 56.935277040076755], [24.918706062262117, 56.93560035853099], [24.91978574008352, 56.9361211599904], [24.920473471701822, 56.936452507332675], [24.920889759033816, 56.93666081016417], [24.921182233448558, 56.93682111457683], [24.92191147122063, 56.93760277924422], [24.922249208654744, 56.937791289817405], [24.92267170643592, 56.93802712200746], [24.924019184263745, 56.93843529947728], [24.924826256737553, 56.93866525464556], [24.924940914580155, 56.93867342664521], [24.926521635804086, 56.9381758137676], [24.927312772062624, 56.937916177201096], [24.92753934368302, 56.93784461892158], [24.928333200889607, 56.93763288557907], [24.929802881244164, 56.93724087202977], [24.931730715150437, 56.936851726116075], [24.93217727977901, 56.936773542873425], [24.932218539433045, 56.93676863546339], [24.932426116276652, 56.936743971882024], [24.93437740395844, 56.936512118619945], [24.936822801499442, 56.93621289098882], [24.936970874685848, 56.93620635522321], [24.93735963284859, 56.936240653749806], [24.937944467181534, 56.9361989127887], [24.938029138899132, 56.936190497473106], [24.938195548032308, 56.9361739671903], [24.93841364018245, 56.93611872281724], [24.93885689546699, 56.93597184825922], [24.938932019943092, 56.93595565193198], [24.939731578397556, 56.935861045013695], [24.9400076972746, 56.93584312180795], [24.940119851911817, 56.93586304985045], [24.940207601994487, 56.93589996149651], [24.940285380757, 56.93596446626591], [24.94045674520693, 56.936152759454494], [24.940928263484587, 56.93665548275922], [24.941801366862236, 56.93758235503684], [24.94207202434129, 56.93789297994168], [24.9441274847609, 56.940088314341615], [24.944598805866796, 56.94063130099055], [24.944663765867855, 56.940713373899094], [24.944703495711117, 56.94076356424474], [24.947456028099793, 56.943633571869405], [24.94757456954393, 56.943704618179815], [24.948082683595473, 56.94425954933412], [24.948183589311718, 56.944357105982974], [24.94882316635446, 56.94504623861851], [24.948807959231182, 56.94508953140858], [24.948703305791483, 56.94514229812825], [24.94859223031951, 56.94520434908723], [24.94873922797051, 56.9452829407068], [24.948879135414835, 56.94537747876078], [24.948941607752907, 56.9453932749154], [24.94910174304693, 56.94542147363054], [24.950055678185944, 56.945731161785524], [24.950143310257044, 56.945739507094736], [24.950243305362637, 56.94571882073266], [24.950312318361913, 56.94570283478801], [24.950413259044204, 56.94563597198397], [24.950536913347534, 56.945570248144875], [24.95070660198843, 56.94554227568849], [24.9508629612961, 56.94555637790528], [24.95113768607805, 56.945565015911306], [24.951384833131094, 56.94559905442658], [24.951816931705604, 56.945689955707], [24.952106776888755, 56.945790015191896], [24.952190928714643, 56.94584689054938], [24.952202943203645, 56.94589195300695], [24.952142092081147, 56.94596113541837], [24.952034001698205, 56.94601827938223], [24.951847370169443, 56.94608715227922], [24.951741520231884, 56.94612451398548], [24.951659890223894, 56.94618663108381], [24.95159811798164, 56.94627585469999], [24.951837769347048, 56.94657938155107], [24.9519202808297, 56.94662989088563], [24.952020888646462, 56.946663507134765], [24.952253178573287, 56.946700594843584], [24.952583920665248, 56.94672732834273], [24.952786777768733, 56.946706736914464], [24.952946279169918, 56.94664015364764], [24.953080647984226, 56.946573042971224], [24.953158798605216, 56.94649638828378], [24.953193635605384, 56.94630001852984], [24.953271137168223, 56.94613676228424], [24.953411660345914, 56.94604100803432], [24.953601737808377, 56.945987469274364], [24.95379834159627, 56.94597774068224], [24.95396503892536, 56.946026411751504], [24.954072605178354, 56.94608080733739], [24.954155499513817, 56.946134645379104], [24.95431571386109, 56.94636770958088], [24.95442794687403, 56.94649467851062], [24.954630993616426, 56.94660124316273], [24.954795627653862, 56.94665522050308], [24.95514809761508, 56.94677366144189], [24.95537351186552, 56.94689335050385], [24.95561402053432, 56.94706773564863], [24.955718997987372, 56.947203212881156], [24.955992752878185, 56.94746505473271], [24.95632409824509, 56.94755735748308], [24.9565851341881, 56.947503936454574], [24.956975303247322, 56.947229273393354], [24.957591748033558, 56.946803840037084], [24.95786975755394, 56.94657665114366], [24.957964193280137, 56.94643348536493], [24.958001954724995, 56.946360470048305], [24.958250227174336, 56.94590153923336], [24.958457031284148, 56.945641042502245], [24.958616284937726, 56.94514001085939], [24.958795004748048, 56.94470909419156], [24.959019493061202, 56.94447961764323], [24.959066299498907, 56.944465827520425], [24.959240652734373, 56.9444144580399], [24.959332624195515, 56.94439850661315], [24.959442506902, 56.94439192286802], [24.959778085524995, 56.94442002864801], [24.960040061343047, 56.94446754714541], [24.960372813264872, 56.94444255915642], [24.96049634943794, 56.944447234500444], [24.960735494436584, 56.94438546485657], [24.960900888516257, 56.94431628355252], [24.961260480125862, 56.94399864616725], [24.961466401955192, 56.94375745781495], [24.961504701394695, 56.94371721116117], [24.961869199561534, 56.94337477409431], [24.962688447557202, 56.94270005470709], [24.96316418187422, 56.94234593158195], [24.963508034793488, 56.942050464609316], [24.963584441920215, 56.94190612155929], [24.963610433802444, 56.941743812436144], [24.963909474541325, 56.94149242410709], [24.964085453455713, 56.94133986541769], [24.964346762825944, 56.941271754771414], [24.96508608361522, 56.94112241398483], [24.965685333359982, 56.941048978967906], [24.965960880480093, 56.9409869270508], [24.966269766809507, 56.9408889231381], [24.966558411231052, 56.9408313056615], [24.96707774936788, 56.94081792028516], [24.967190069723948, 56.940693250876414], [24.968244948386694, 56.94009884004621], [24.970624039395265, 56.93740626265427], [24.971208979583253, 56.93697274824906], [24.976002510271787, 56.93340915553139], [24.978725596025598, 56.93240842316223], [24.97878026715034, 56.93238832899905], [24.978895374680693, 56.93237816530286], [24.97963714779344, 56.93249112611434], [24.979693732943815, 56.932512720825024], [24.980471258992708, 56.932958554600404], [24.980576220019568, 56.9329687281068], [24.981591118876814, 56.932806732515004], [24.981744533489476, 56.932790371897994], [24.985188759979412, 56.93254412412525], [24.985191194776355, 56.93255420309565], [24.98627081210543, 56.93247644261663], [24.988890732287082, 56.932287729297094], [24.99297034601302, 56.929483137986146], [24.99299956944947, 56.92946304198123], [24.993051547486044, 56.92948304113075], [24.993595610521705, 56.9299300639355], [24.995374068195634, 56.93139117696909], [24.995395437553494, 56.93140873255599], [24.995952776650245, 56.931979387019595], [24.996013491891816, 56.93204155876465], [24.996144796721467, 56.932144854531494], [24.99871998918085, 56.93428214945693], [24.998774256375327, 56.934327175742446], [25.00071471116475, 56.93593746684841], [25.00426881649293, 56.93888801504206], [25.005233830444336, 56.93968037069787], [25.0053254530075, 56.93969230180271], [25.005375809205308, 56.93973859650931], [25.006256059005704, 56.940483398966336], [25.00648458756918, 56.94060476835197], [25.006493987788055, 56.940660852523315], [25.00774813815823, 56.94170622668002], [25.009192663932772, 56.94291019450662], [25.011663504346245, 56.94495804713082], [25.012369388596653, 56.94559165520253], [25.012422300649558, 56.945552702918114], [25.016210001157496, 56.94364981479032], [25.01870744322363, 56.94238981035354], [25.02086407575751, 56.94129786387571], [25.02269459206459, 56.94038081794207], [25.02717882796042, 56.939595577687044], [25.031252188050654, 56.938808048332795], [25.033337777227672, 56.93843817651028], [25.03514438837637, 56.93810813314221], [25.035285594125583, 56.93813222768427], [25.03859278599194, 56.93740775787421], [25.040844232478698, 56.93707497844661], [25.040833936966106, 56.93705701492566], [25.040929278825665, 56.93705654475142], [25.041091836606704, 56.93702117738667], [25.04150282285229, 56.937161537866565], [25.0416154306466, 56.937218583829306], [25.041740533714222, 56.93726812263513], [25.04202706142933, 56.93728112525233], [25.04245198906484, 56.93726293943116], [25.042540385667905, 56.93725915686089], [25.04284743968948, 56.93734219784129], [25.04307166816716, 56.93737244614076], [25.043272286036803, 56.937351699158164], [25.04376408825437, 56.93731764188988], [25.04387157262526, 56.93730586484865], [25.044399785278593, 56.93724798952103], [25.04480923018162, 56.93722158766901], [25.045129218739216, 56.93722160895428], [25.045383923675054, 56.937283168816904], [25.04564723362669, 56.93729863922057], [25.04578637904234, 56.93734939522727], [25.045989970935562, 56.93734922872337], [25.04666627884114, 56.9371981428424], [25.046759587357336, 56.937137392374844], [25.04723938925646, 56.936982045504436], [25.047502749532285, 56.93691903470393], [25.047580191098405, 56.93693196107673], [25.04767951441992, 56.936904688506665], [25.04787521519172, 56.93677558109109], [25.048099293039595, 56.93665804074156], [25.048379359131815, 56.936512269457296], [25.049122587446043, 56.936051759601256], [25.051137266640662, 56.934809585307605], [25.054015465870293, 56.932995750322206], [25.054202354760534, 56.93356245239782], [25.05438923273496, 56.93412914527944], [25.054505609139238, 56.93470027766007], [25.054878251063396, 56.935561531203916], [25.057815082640108, 56.93614748568905], [25.060790928938946, 56.93671678820831], [25.06309074575994, 56.93868806724173], [25.069003355164494, 56.94169476420997], [25.07085164730111, 56.942605690046776], [25.070911416069713, 56.94263559876854], [25.072098569791816, 56.94192696797395], [25.072187858579287, 56.94192419900634], [25.072271859479898, 56.9419301899969], [25.075484068988935, 56.942321818891116], [25.076151566129987, 56.94240276540147], [25.076617186134317, 56.94246613040532], [25.078605720352527, 56.942701802343464], [25.08118587919724, 56.94290724542377], [25.081170235949102, 56.94296593081235], [25.082264345770536, 56.94437238894492], [25.083901134745293, 56.944091130906266], [25.08400042172067, 56.944074179615875], [25.08418957406192, 56.94404189477736], [25.088080094515146, 56.94337776414077], [25.091734074290823, 56.94274959116725], [25.094175230111578, 56.942329635138115], [25.09877206733272, 56.94355764532612], [25.101013175723228, 56.94426290030288], [25.102746117216867, 56.94473399379897], [25.10387628718167, 56.94474289923489], [25.106627855731524, 56.944764545347915], [25.107014192841323, 56.94473966283965], [25.107087234013957, 56.94473485657334], [25.110277944711473, 56.94427159825427], [25.113383749974098, 56.94635127039524], [25.11495195124628, 56.945522167318146], [25.116787352120642, 56.94448402038299], [25.121199043568833, 56.94192242042554], [25.12287079949776, 56.940966354609316], [25.12559652324924, 56.94057304598159], [25.125810322304133, 56.941951222806466], [25.125914363295667, 56.9426218875336], [25.12606050006264, 56.94363431213588], [25.128287478110142, 56.944289093910896], [25.12919839298392, 56.9445569052509], [25.12933411504916, 56.94459683668268], [25.131370078472898, 56.94519576248308], [25.131392541985043, 56.945232403782995], [25.13490068757326, 56.94629264795656], [25.138578340431156, 56.947403953337435], [25.14052755016425, 56.94799289270036], [25.14242775038869, 56.94856147796442], [25.14254490069122, 56.94853023858067], [25.142587736928387, 56.94854829198817], [25.143125341739726, 56.94871576993007], [25.14529251978265, 56.94938643071631], [25.14614048873991, 56.949628084650854], [25.146239836221657, 56.949642447487804], [25.146276093122786, 56.94963887186942], [25.14820707161853, 56.947346040051215], [25.148278830287293, 56.94732196815729], [25.148855601381342, 56.947197566471935], [25.148710380668458, 56.946876489956075], [25.148699869898245, 56.94685330818558], [25.148913207537223, 56.94678661668505], [25.149175965025282, 56.94661371656894], [25.14930154118003, 56.94638705677506], [25.14928692138423, 56.94614590883625], [25.149329407373973, 56.946062799971436], [25.1494641107309, 56.94598966962923], [25.14971031578078, 56.94596770393937], [25.150138669417146, 56.94583377152251], [25.150335703543526, 56.94567832783113], [25.150415541003742, 56.945708553352276], [25.150405425889193, 56.94599609905501], [25.150501386500657, 56.94614360998686], [25.150610747267358, 56.946242069070244], [25.15071976201244, 56.94627110956409], [25.1508079719342, 56.94626249055336], [25.15101471010073, 56.94628168316426], [25.151280208228126, 56.94624080456104], [25.151545689056324, 56.94619991656579], [25.151588538882176, 56.94617569564714], [25.151707111469086, 56.94610949454715], [25.151762454561, 56.94601542237398], [25.151720474148032, 56.94585295954416], [25.15167384656828, 56.94575783190831], [25.15136278355056, 56.945399230643396], [25.151191590892697, 56.94524562074706], [25.151147375935206, 56.94509802035802], [25.151150733766293, 56.94501707683204], [25.151241739826542, 56.94495313338344], [25.151277672327904, 56.94490559009928], [25.151424092984417, 56.94492433999177], [25.15161986849303, 56.94496781824119], [25.15181526345851, 56.944920567221445], [25.15215772661175, 56.94474464451973], [25.15251437977741, 56.944355814818344], [25.152594341625164, 56.94426170401614], [25.152723510697584, 56.9442120701149], [25.152813446939653, 56.94420523060732], [25.15296640730059, 56.94419359637272], [25.153156161883278, 56.94416297126502], [25.1535325651548, 56.9439979711121], [25.153840535324765, 56.94396768300034], [25.15398376855273, 56.94395622710249], [25.154168946855698, 56.943941419116186], [25.15460266125203, 56.94394975108174], [25.154730021221877, 56.9439900826747], [25.155048087563518, 56.94407264009396], [25.155168334331233, 56.944169970500155], [25.155167198570403, 56.94421882867214], [25.155092192310494, 56.94446608680858], [25.15511623375111, 56.94450783045204], [25.155252812292435, 56.944552757198956], [25.15552849132285, 56.944594440043105], [25.15567039797646, 56.94464684595705], [25.155674184462274, 56.944690600482325], [25.155726639421147, 56.944851060627286], [25.155779785505658, 56.94488241884764], [25.155914345146265, 56.94493109202672], [25.156051559956396, 56.944880697508985], [25.15605776875029, 56.944878412007064], [25.156084690426397, 56.944601518325726], [25.156174503423195, 56.94448923769739], [25.156246495558296, 56.944351956715025], [25.15654116994676, 56.94415606929618], [25.156731963573264, 56.94412034401717], [25.156883583474315, 56.94411324547324], [25.156982376213772, 56.944157271055865], [25.15706062104484, 56.94420393939017], [25.157428438315673, 56.944309362735645], [25.157598742520275, 56.94434448736576], [25.15767146539814, 56.9443418286641], [25.157865571901574, 56.944281462960724], [25.15792758529786, 56.94423877034449], [25.157930740517717, 56.94416661507963], [25.157889160367365, 56.94409953687084], [25.157666900041175, 56.943998238999875], [25.157606393337787, 56.94391237001851], [25.157631854842663, 56.94382692712377], [25.157739084596056, 56.94372628050193], [25.157846735093337, 56.94371029804321], [25.15796408697479, 56.943715096219805], [25.15808861654479, 56.9437520545462], [25.15824379368416, 56.94375317798492], [25.158300495385, 56.943748097777984], [25.15881736849227, 56.94362976566055], [25.15901366940177, 56.94360004126687], [25.159196405131375, 56.9435749703969], [25.1593845084015, 56.94361957675823], [25.15942145249191, 56.94364843327442], [25.159491295455656, 56.94382155135438], [25.159520087637578, 56.94398867115127], [25.15954245253257, 56.94404245052757], [25.15963341856003, 56.944176335829766], [25.15963505172325, 56.94421676806514], [25.15993350957014, 56.944538280028546], [25.160006606756305, 56.94457784277141], [25.16020216868455, 56.944618407677915], [25.160304273257804, 56.94460693976787], [25.16039171819012, 56.94456489042743], [25.160399204715823, 56.94453230673024], [25.160334845794228, 56.944420555035755], [25.160346296736886, 56.944309205013475], [25.160431047222076, 56.94423494491952], [25.160548812960638, 56.94418315362712], [25.160746871988515, 56.94416128945221], [25.160934602022483, 56.9441667523066], [25.161088291420608, 56.94420139753191], [25.16121054200458, 56.94426959442631], [25.161300262813953, 56.94439229565141], [25.161285526680533, 56.94452002773389], [25.161539334819786, 56.94468706992882], [25.162319275696774, 56.944423474052556], [25.16245900876302, 56.94433389538609], [25.162864656038874, 56.944193391820065], [25.16344564996495, 56.94456392791422], [25.1635923238112, 56.94460014471241], [25.163992290390123, 56.9446002410213], [25.164759661573953, 56.944737591211094], [25.16518568179128, 56.94464589083615], [25.165326241999985, 56.94459355920597], [25.165495300301853, 56.94429604026531], [25.165254915666942, 56.94357276043993], [25.16537629246015, 56.943400406224384], [25.16559544788914, 56.94328729959925], [25.167362732661815, 56.94330047246191], [25.167444483378357, 56.943280123497786], [25.167545193027976, 56.94320895283963], [25.16755611088334, 56.943184332686364], [25.167540773103234, 56.94305805744257], [25.16749726664898, 56.942976140241534], [25.167460734440713, 56.9428759556748], [25.167410665434645, 56.942738666419615], [25.16735143871736, 56.942699149198816], [25.167386779077127, 56.94263337747885], [25.16742436056148, 56.94262828293065], [25.16751540864035, 56.94264196958634], [25.167668683363846, 56.942763273409476], [25.1678330292565, 56.94288324280854], [25.167917925793816, 56.94292464935964], [25.168290071854724, 56.94289246837913], [25.16842036138446, 56.942892607771086], [25.168711322338776, 56.94282316235605], [25.168897877146282, 56.94282065511114], [25.168769250959645, 56.942657201540776], [25.16872366871831, 56.94254578164965], [25.168707496623277, 56.942469143739345], [25.16878350893746, 56.9423342793641], [25.168978706734453, 56.9422119750341], [25.16925471478319, 56.942188586991136], [25.16924477840304, 56.942105341261986], [25.16937252904045, 56.9420039714836], [25.169521371012976, 56.94213898866472], [25.169597078011567, 56.942119449474156], [25.170061616008326, 56.9421042868244], [25.17012765012338, 56.94205827114959], [25.170190255807842, 56.94203190031245], [25.170166974747247, 56.94196296577168], [25.170241529601682, 56.94177180032022], [25.170307912071927, 56.94173430741338], [25.170314841314575, 56.94165589021884], [25.170290041269716, 56.941563125498334], [25.17040137602734, 56.941517674001275], [25.170453877071665, 56.94147678008773], [25.170488981311756, 56.94142834042805], [25.170752638729976, 56.94137296362217], [25.170880418082497, 56.941765209137664], [25.171132970538725, 56.94187463628432], [25.17148005897731, 56.941801226686565], [25.171440445574458, 56.94171159272982], [25.171868980494168, 56.94155860849938], [25.17188238933717, 56.94186190172974], [25.17211926158335, 56.94186593488287], [25.172227938584975, 56.942040191571785], [25.17237954908251, 56.94207138345861], [25.172433083740493, 56.94192885722905], [25.1727465362697, 56.94190770686626], [25.173070619647884, 56.94203668304099], [25.173254734876927, 56.94196656707455], [25.172921649051162, 56.94181314858065], [25.17288829003911, 56.94155581771217], [25.173237201824577, 56.94138469044042], [25.173445057667966, 56.941496984999], [25.173156196839233, 56.94159659124005], [25.173202937249766, 56.94168693046705], [25.17345079163719, 56.94166489333533], [25.173610536928923, 56.941579884865014], [25.1738906061248, 56.94166767450556], [25.17406585741588, 56.94158235817358], [25.17423434954073, 56.9412903754823], [25.1745494667992, 56.941221992241886], [25.17485863839389, 56.94113967544597], [25.175332800060133, 56.94099458801929], [25.175587379845098, 56.941046999511755], [25.175455622562964, 56.941274814076166], [25.175285995634606, 56.94148600400059], [25.175155782012858, 56.94168409250533], [25.175561149933355, 56.941840626010816], [25.175984309055526, 56.94171525106429], [25.176330075497745, 56.941630475186], [25.176257507504626, 56.94148279041255], [25.17641479857749, 56.94146936166282], [25.17654623940209, 56.94160225229249], [25.176845200211893, 56.94160805520539], [25.176635777459975, 56.94148236736691], [25.176478063805316, 56.94138424183237], [25.176530153909837, 56.94130702551213], [25.176767604039735, 56.94133054042371], [25.17687702325262, 56.941289772994985], [25.177031111857556, 56.9413192468726], [25.176981291455824, 56.941412649793826], [25.17700226587544, 56.941479457590646], [25.177207726850032, 56.94144076869672], [25.177271992946842, 56.94143911253658], [25.177516627646344, 56.94147880208312], [25.17760717184638, 56.941377908847656], [25.17776043688775, 56.94132439224608], [25.177890032282228, 56.94136628749603], [25.177800379553485, 56.94151576884343], [25.17812294700109, 56.941548784538824], [25.1781396662394, 56.94160777094414], [25.178064605019628, 56.94170756637101], [25.178323373816404, 56.94174867549276], [25.178249590736556, 56.941866059309945], [25.1785765410715, 56.94201132783587], [25.178851251010453, 56.941827731009816], [25.17906079817676, 56.94199299901834], [25.179208519306542, 56.94200962875435], [25.1791965644145, 56.941721999961544], [25.179432295012095, 56.94163987916505], [25.17948742251789, 56.94178036848187], [25.17962564055697, 56.941768831595205], [25.17972512024937, 56.9417090187748], [25.179707250970704, 56.94158662294025], [25.1797920957173, 56.94150998568066], [25.18000595908966, 56.941572439501996], [25.179958205931545, 56.94169828456991], [25.18003649261424, 56.941699729061284], [25.180188505176236, 56.941658664608994], [25.180446301967706, 56.941728770999326], [25.180777230450047, 56.94167306140446], [25.18102043497229, 56.941745334860386], [25.181305766539833, 56.9417468265509], [25.181346859950313, 56.94174111962949], [25.181629702542544, 56.94170185414954], [25.18170284031011, 56.94170004899492], [25.181745478081236, 56.941698999208064], [25.1818049310959, 56.941700027600035], [25.182131053235217, 56.941753789166164], [25.18242216083192, 56.941679656371385], [25.182630111075994, 56.94156811687629], [25.18273283268355, 56.941250015910285], [25.182852903870536, 56.94117054571219], [25.182990591122472, 56.94111483406855], [25.183117471382957, 56.9411580253922], [25.18318289300803, 56.94122298318341], [25.183270113327804, 56.941235616477265], [25.18339695937275, 56.941167689423445], [25.183450264839884, 56.94107014502498], [25.18322897590743, 56.94100738999118], [25.183143350985848, 56.94079908941953], [25.18325218490723, 56.94068768694903], [25.183469570418826, 56.94064491277282], [25.183818218944932, 56.94067942787021], [25.183990608858508, 56.94065405016873], [25.18402863304231, 56.94048359843434], [25.184306793488204, 56.940374787359666], [25.184438492565153, 56.940288997284924], [25.184377113494364, 56.94021884483331], [25.18407342965795, 56.94014980096754], [25.183993706462054, 56.94008529349494], [25.18458208321972, 56.93972237770021], [25.184841986655606, 56.93955067715676], [25.185162249809398, 56.939547130160385], [25.18548894125301, 56.93961668099226], [25.18588973709353, 56.939617615512645], [25.18628584951207, 56.93947569701951], [25.186896575010667, 56.939506360386524], [25.187137102715695, 56.93945203083945], [25.18734292185525, 56.939347700024335], [25.187403924907922, 56.93918194339469], [25.187524628681874, 56.93910893132471], [25.18765797877802, 56.939078555581155], [25.18769562478552, 56.93915479865807], [25.187655055056695, 56.93927304076804], [25.187705893837197, 56.939343417537856], [25.187958038005057, 56.93941982424025], [25.188200288329597, 56.93946521162019], [25.18840622290386, 56.93939922318019], [25.188428361284767, 56.93929893602733], [25.188261823043188, 56.939222741059254], [25.18825962194156, 56.93915352851534], [25.188350635511988, 56.93911860393919], [25.188455681120374, 56.939160541884505], [25.188513843855823, 56.939227569437435], [25.18861230865112, 56.93926309207733], [25.18871480687461, 56.93919652297527], [25.188681870064354, 56.93900488525344], [25.188935504803574, 56.93896698579106], [25.1890605511997, 56.93888903445125], [25.18921728202093, 56.93884970191051], [25.18938085768071, 56.938963451459315], [25.189275750773152, 56.939032175222785], [25.189421705780486, 56.939085447875186], [25.189506349110385, 56.93911634855257], [25.189511254617948, 56.93911813469898], [25.18967376294274, 56.93915028908725], [25.189733911575257, 56.93924503190916], [25.189905197774618, 56.93934893244082], [25.19005226012399, 56.939298604161806], [25.19020037003791, 56.939216676726666], [25.190417602452897, 56.93929445295967], [25.190844874475996, 56.93935367959687], [25.19095460463595, 56.93925474099135], [25.191071600372155, 56.939202766213], [25.19123775851912, 56.93936274924431], [25.191443856350347, 56.93939793609242], [25.191934182471766, 56.93932738108158], [25.192032569590353, 56.93924650038797], [25.19200923209978, 56.93902399151763], [25.19197454891542, 56.93888787660763], [25.192019528854452, 56.93880527686197], [25.19230116250758, 56.93886719843573], [25.192339233373584, 56.93872417272681], [25.192561663540026, 56.93857337839158], [25.192940463306513, 56.93846277944734], [25.193071108871926, 56.93843901821566], [25.19326087410199, 56.93842813332357], [25.193338205135856, 56.93839264384599], [25.193392910879957, 56.938348107365876], [25.193387607028853, 56.938308635759256], [25.19335957225211, 56.938278931462364], [25.193279342151673, 56.9382328975346], [25.193354273637606, 56.938131036479035], [25.193485023170886, 56.93810234139673], [25.19353295440909, 56.93804383592801], [25.193620323793258, 56.93800620201909], [25.193671480929954, 56.93799569612478], [25.193781005007658, 56.93801001384738], [25.19387660873516, 56.938018175322426], [25.193926646406243, 56.93803899052931], [25.19396912598547, 56.93803775837189], [25.19398997793078, 56.93802680498492], [25.19416298689908, 56.93800441699527], [25.194233332970096, 56.93796641514327], [25.194269201111172, 56.93791671247268], [25.194322034151224, 56.93787534697129], [25.194400402688956, 56.93786055587982], [25.194443172780137, 56.93784219658061], [25.194459756106312, 56.93782368311237], [25.19445445410591, 56.937797670107145], [25.194424092934764, 56.937781581614296], [25.194380159456088, 56.9377758828988], [25.194357566072455, 56.93775188582709], [25.194352762423073, 56.937737862188555], [25.19436704787147, 56.93771430349666], [25.19444511775216, 56.937690180469296], [25.19450648093626, 56.937702819299865], [25.1945529037775, 56.93768716530054], [25.19456568421135, 56.93767205728378], [25.19455706251218, 56.937642455294785], [25.194483722255356, 56.93757956453235], [25.194501984296007, 56.93753542058789], [25.194551632622055, 56.9375024228984], [25.194568082229157, 56.93748435990955], [25.19466132379175, 56.93745877110385], [25.194736911003925, 56.937461885260575], [25.194775672892284, 56.93748730004521], [25.194860426075213, 56.9375144136413], [25.194966031252775, 56.937513629106896], [25.195101678096513, 56.93757752334037], [25.19527850992488, 56.93755295897431], [25.195357911617407, 56.93747442228485], [25.195390253631096, 56.937427583062], [25.19544605515455, 56.93735782503942], [25.195528113747446, 56.937317149922414], [25.195588694131693, 56.93726115511955], [25.19556063452797, 56.937175227356235], [25.195504541644233, 56.93714801991583], [25.19530728266233, 56.93712171272227], [25.195184332102613, 56.937047760650586], [25.19516935199697, 56.93700127495163], [25.195277533056654, 56.936944906182376], [25.195290182191044, 56.93686867867259], [25.19538976483732, 56.936801449030334], [25.195451681243753, 56.936756411430245], [25.195548094635182, 56.9367678791053], [25.195616626813568, 56.93679812110057], [25.195667171130378, 56.93686406824476], [25.19571411100941, 56.93686359244636], [25.195781663103276, 56.93685087147916], [25.195882108661795, 56.936796768337885], [25.195962413758938, 56.93678711475742], [25.196051026087357, 56.93679412853443], [25.196080524398134, 56.93683101472251], [25.195977116472346, 56.93688139089026], [25.195895234795202, 56.936913170093575], [25.19588559629386, 56.936968911465996], [25.19593686525575, 56.93702666681134], [25.195986869096348, 56.93708956431189], [25.19610124641644, 56.93717186323101], [25.196184640133918, 56.937241727587626], [25.19625457352977, 56.93723098710362], [25.196370074247906, 56.937197421570005], [25.19650735611783, 56.937241506075665], [25.19661994491061, 56.937255073232116], [25.19668267137652, 56.937231760464144], [25.196697987222038, 56.93719783265371], [25.196721012884407, 56.93718038026821], [25.196753667741117, 56.93717210759307], [25.19697307725591, 56.93716643174219], [25.1970226766397, 56.9371504589083], [25.197035430074823, 56.9371037618377], [25.19707060896831, 56.93702601571987], [25.19712523931352, 56.93701318413361], [25.1971829128796, 56.937022496818386], [25.197308859103597, 56.937066715927465], [25.197363239893974, 56.93713277840162], [25.197433646677865, 56.937174779973105], [25.19772689703445, 56.93728644134923], [25.19779755550246, 56.93727782235164], [25.197817915803167, 56.93722286756745], [25.197856874367336, 56.93720155180015], [25.197925020338506, 56.937215561480286], [25.197994788243157, 56.937206339964305], [25.198054879151986, 56.937183384174325], [25.19807213044753, 56.93715962592417], [25.198072046513637, 56.937059100574146], [25.19810471036143, 56.93704496964606], [25.198204234756133, 56.9370514101614], [25.198261333269294, 56.93703970442614], [25.198466397395507, 56.936962396235046], [25.198495811047675, 56.936917650653704], [25.198486974404943, 56.936895786522456], [25.198551346745983, 56.93680752695705], [25.198795998258856, 56.93674088954061], [25.199009862567678, 56.93672331404214], [25.199211329734343, 56.93682337270018], [25.19935559441807, 56.93690624454825], [25.199553560642133, 56.93689769717179], [25.199629621241478, 56.936872574916926], [25.19953410402377, 56.93679589318492], [25.19951913271304, 56.93670735202825], [25.199708658167662, 56.93668778966552], [25.199818549528118, 56.93677143100161], [25.199980763329005, 56.9367831892738], [25.200147783258178, 56.936692820720076], [25.20017849536761, 56.93664149468687], [25.200355965803645, 56.93662425720006], [25.200429998626372, 56.93678775396142], [25.20058108918019, 56.936957159291346], [25.200769688574695, 56.93690875538089], [25.200962614178746, 56.93686917721341], [25.201081762285572, 56.93692573049567], [25.201373419967023, 56.937062716647674], [25.201423707390855, 56.93706667178078], [25.20159939608858, 56.936993980105804], [25.201825670984636, 56.93698514811525], [25.202067906007283, 56.93684302277637], [25.20251807027018, 56.936876419879646], [25.202771367849973, 56.93682738174544], [25.203127285218173, 56.936900333966605], [25.203196392564955, 56.93708401054007], [25.203596111795655, 56.93706864577003], [25.203673299577915, 56.936848989358275], [25.203869499237, 56.93705448706276], [25.20410335778002, 56.937121361194954], [25.204318397594523, 56.937257550956325], [25.20438602667207, 56.93739516024341], [25.20451534558854, 56.93748608539718], [25.20472628755118, 56.937495571270404], [25.20501849634446, 56.93741210289771], [25.205228340275124, 56.93738704456856], [25.2054016295365, 56.93753514388523], [25.205613332005246, 56.93756767485989], [25.205800625598393, 56.93749673411859], [25.205863428510796, 56.93748461052055], [25.205949508818936, 56.93754138824871], [25.20619960439284, 56.93745832324045], [25.206474481283493, 56.937490234371424], [25.20660380558436, 56.937581157341846], [25.206838788498896, 56.93768258745912], [25.207587952348455, 56.93739884246016], [25.207946678924372, 56.93741841360866], [25.20811700024414, 56.937474376058425], [25.208162955279118, 56.93751305906039], [25.20833354631715, 56.93765662536427], [25.208333918954676, 56.93766814873107], [25.208481688085993, 56.93767823871184], [25.208769418869785, 56.93745655306494], [25.208939758011233, 56.93751251422911], [25.209078265421738, 56.937506098880945], [25.2092888359105, 56.93750406267028], [25.209437738829834, 56.93754868552634], [25.209477539701037, 56.93760943932614], [25.209515428621884, 56.93765935846639], [25.209559099896808, 56.93769953649292], [25.209644510225658, 56.93771562789681], [25.20977089887994, 56.93772018215774], [25.209823636880383, 56.9377429145379], [25.209922758090386, 56.9378261122603], [25.21001816740374, 56.93786572661906], [25.210097852441663, 56.937891773913236], [25.210191304781684, 56.937954685629876], [25.21031488618695, 56.93798468334925], [25.210457902894866, 56.9379804329959], [25.21043450686486, 56.93792437227409], [25.21044631525349, 56.93790532786212], [25.210520207931758, 56.93787331094717], [25.21056686332712, 56.93781075020424], [25.210697885668665, 56.93779800864428], [25.21074600444766, 56.937742073126834], [25.210768073454712, 56.93769376600615], [25.210797685799264, 56.93767841245628], [25.210980501697957, 56.937745471552425], [25.211148770429165, 56.93784338891276], [25.21117725690339, 56.937945418246464], [25.21107979516847, 56.938020007249776], [25.210925219336414, 56.93806468320568], [25.21091447206202, 56.93810074280543], [25.21093848225233, 56.9381280564322], [25.211059240490325, 56.938166247570706], [25.211159669752934, 56.93816139362911], [25.211214331334173, 56.9382084365247], [25.21120406648152, 56.93832782168786], [25.21122548792951, 56.93838123303261], [25.211278871636146, 56.93841622224362], [25.211509529208026, 56.938389774814254], [25.211611928843617, 56.93841322920341], [25.211590135950747, 56.93852375967802], [25.211619899004972, 56.93856981277921], [25.211733380224583, 56.9385933663391], [25.211896113030676, 56.9385700830331], [25.211998500136236, 56.93841831467117], [25.21212563636486, 56.938388071760876], [25.21230910717005, 56.938358621251886], [25.212395966908893, 56.938397517090316], [25.212513494576665, 56.93840546974505], [25.21273700816056, 56.93848657857305], [25.21292304214066, 56.938709249244226], [25.212744065767012, 56.938753652005616], [25.212759688605765, 56.93887595773484], [25.212810316323687, 56.93892825899734], [25.212896246987953, 56.93895265371512], [25.21298649876026, 56.93896282010595], [25.21318292267971, 56.93894094230426], [25.213576688978016, 56.93899734383912], [25.21372005153373, 56.93894544218886], [25.213800044332395, 56.9388953055005], [25.213767348366837, 56.938807629731016], [25.213794705292567, 56.938751696896155], [25.213855682029713, 56.938718788141315], [25.214204161378795, 56.93870171269508], [25.214244698051598, 56.93876561139392], [25.214497917899354, 56.93887403768309], [25.21463968899665, 56.93881671486641], [25.214877024390965, 56.939010808141724], [25.215132178179434, 56.93902444699054], [25.215159428917495, 56.93889707996581], [25.21535061400488, 56.93883243003585], [25.21557451008944, 56.938908858232175], [25.2156387952768, 56.93890796377496], [25.215682303792732, 56.9388883321684], [25.21572738012974, 56.938838084455874], [25.215703723125962, 56.93879244911531], [25.21569391581403, 56.93872036383411], [25.21574908986296, 56.93870112191712], [25.215961541008554, 56.93870717811345], [25.21612103590851, 56.93868395672005], [25.216377979757098, 56.93867135015737], [25.21642995773725, 56.93862210419137], [25.21650247586524, 56.938422277559994], [25.216718671802493, 56.93832634109865], [25.216659121685602, 56.93825002306379], [25.216875099123087, 56.9381247094689], [25.217020323566707, 56.93793593552158], [25.217030257577917, 56.93792302708644], [25.217146204906143, 56.93788802737487], [25.217233459113533, 56.93788744757782], [25.21726416372391, 56.93793596990442], [25.217319398678825, 56.93795548538124], [25.217490149604224, 56.93794290696285], [25.21755081079518, 56.93797712188824], [25.217528366661405, 56.938046439427445], [25.21754753098398, 56.9381039506345], [25.217633595434524, 56.93810971614618], [25.217749413944663, 56.93808639684855], [25.217963352959018, 56.93802625605595], [25.218255670481643, 56.93785614594332], [25.21834448481529, 56.93777034212552], [25.21859886100891, 56.93782385420514], [25.218766706664027, 56.93780840038863], [25.218963545318733, 56.937890710481895], [25.21906728064865, 56.937924774310616], [25.219241825773597, 56.93791667565976], [25.219204103579944, 56.93785665930292], [25.21922709311407, 56.937827325692766], [25.21948515119746, 56.9376939604727], [25.219668893398243, 56.937848326299985], [25.220019344534055, 56.93781393834634], [25.220066027882332, 56.93777285540115], [25.22010611547036, 56.93765259436827], [25.220156223056886, 56.93761169360092], [25.22043660711514, 56.937570764678206], [25.22053399865647, 56.93752783897044], [25.220475938785285, 56.937496340332025], [25.220324626026635, 56.937487538942726], [25.220290724144196, 56.937446406771635], [25.220333303461523, 56.937349633519794], [25.220252081804276, 56.937161969315596], [25.220229384766782, 56.937062320179606], [25.22032374414591, 56.93698999130986], [25.220574695462087, 56.9369860236181], [25.220727791955905, 56.93692220431251], [25.220872727280796, 56.93681736983303], [25.22089916202366, 56.93675973732577], [25.220869135383076, 56.93668630447334], [25.220952173958104, 56.936621174339294], [25.22102309835662, 56.936541922159456], [25.22095578520178, 56.93650383868899], [25.22078185506424, 56.93645408318769], [25.22070551005843, 56.936410176022854], [25.220717699654212, 56.93636071467287], [25.220774619117375, 56.93633421202737], [25.220887759861373, 56.93633177770555], [25.22094206692989, 56.936316872403395], [25.2209725681669, 56.93629518271031], [25.221004369378303, 56.936212682844854], [25.221071951325975, 56.93614131563592], [25.221154158768638, 56.936150377707555], [25.221240343795632, 56.93618509627823], [25.22132014773855, 56.936198557121116], [25.22146036916115, 56.93616031546144], [25.221577848257024, 56.9360648764814], [25.221730531284752, 56.936015219372216], [25.22186236162573, 56.93607524083702], [25.22185925197371, 56.93612791086195], [25.22201250485181, 56.93623740660628], [25.222081759502355, 56.93621824885116], [25.222117477978532, 56.93613198187368], [25.222175091622205, 56.93611769957548], [25.22231683255145, 56.9361339864329], [25.222393673307003, 56.936185973743335], [25.222513631310505, 56.93616838648225], [25.222636484817528, 56.93612125701462], [25.222768715222394, 56.93608496076915], [25.222765719418422, 56.936042628581205], [25.222707657491547, 56.93602411346392], [25.222591952329182, 56.93602398700271], [25.22250203279033, 56.93598867696079], [25.222475943716333, 56.93594977797559], [25.222492471407293, 56.93587575557446], [25.222545992568197, 56.935835862627926], [25.222851081007228, 56.93575834471729], [25.22301980994103, 56.93581490449056], [25.22308396000338, 56.93587431983115], [25.223319691175995, 56.93586150206555], [25.22343725117107, 56.93582593261357], [25.223659202835478, 56.93580537868403], [25.223747499751447, 56.93581621227801], [25.22395248169516, 56.935783344558175], [25.22401234675649, 56.93576006394222], [25.22428161188861, 56.93577960137811], [25.224374102984683, 56.93576545274135], [25.22447951099986, 56.93572771026541], [25.224526115082828, 56.93566788489464], [25.22465709640406, 56.93560761946907], [25.224764170192902, 56.935608187932054], [25.224878816778002, 56.93565577840644], [25.225067795795848, 56.935675238085665], [25.225111850251707, 56.93572365470843], [25.225252547993012, 56.93573319218061], [25.22542005870994, 56.935724929154986], [25.22552827799088, 56.9357463834822], [25.225588678210254, 56.93580910463817], [25.225665030269113, 56.935822021543885], [25.225822064379035, 56.935805999312656], [25.22588084722508, 56.93577882018559], [25.2259852523018, 56.93564142217309], [25.22620706995633, 56.93561285092315], [25.227630347373523, 56.934964657665965], [25.227836976039548, 56.93485810412974], [25.22793999359408, 56.93482881853744], [25.228137271091693, 56.93481782474089], [25.228589390764878, 56.934734221498424], [25.229101714150683, 56.93465383422932], [25.229389198541423, 56.93464835759714], [25.229525024306383, 56.93461529809453], [25.23016546991867, 56.933741759697824], [25.230488826478183, 56.933273229835066], [25.23055417235525, 56.93312916840993], [25.230700391841307, 56.93305013083123], [25.2314175985961, 56.93279822594211], [25.231759468653415, 56.932650317122665], [25.232538813891527, 56.93236959142429], [25.23293507369321, 56.9322033809557], [25.233682224541493, 56.93193159950232], [25.234376140897844, 56.93163849792526], [25.234747257568156, 56.93156973237857], [25.234869543377428, 56.93152971195934], [25.23506619805349, 56.93143133068866], [25.236785517681966, 56.93075457258156], [25.237552628899998, 56.93046498762529], [25.23992872225078, 56.929354967148974], [25.240683754585504, 56.92901246521051], [25.241324021530765, 56.928709749185124], [25.24163803419376, 56.92871976639159], [25.242891646589538, 56.92882135909137], [25.244323306049562, 56.92871916107344], [25.251216213982467, 56.92820892741911], [25.251359260360136, 56.928171944277146], [25.251785515522215, 56.92798277708185], [25.25287587908123, 56.92744977730154], [25.255667253556204, 56.92612147880047], [25.25617769904977, 56.92608035028542], [25.256871641038234, 56.92643412919684], [25.257650839311832, 56.92692513799843], [25.257985655900292, 56.92718110620276], [25.25815048532431, 56.92723266259096], [25.259587945107622, 56.929084370851044], [25.25959834411133, 56.92995370199509], [25.259551386566866, 56.93030057116951], [25.258864845398413, 56.931238878028985], [25.25836937745511, 56.93143109284029], [25.258301371813566, 56.93145384309852], [25.257051711978114, 56.931750268296106], [25.255205756480123, 56.93218810920109], [25.25338923985768, 56.93399403164152], [25.25496969646316, 56.93433022579125], [25.25573952793582, 56.93428739455437], [25.258053781739623, 56.93459201911394], [25.257563100097176, 56.93534398574441], [25.25896990150193, 56.93609229520328], [25.25750709523838, 56.93711741563603], [25.254595484242785, 56.93683781317251], [25.253052537736878, 56.937412530524796], [25.252935163790376, 56.93766079693281], [25.251733842006374, 56.93824283746416], [25.250176484125408, 56.938539684240226], [25.246698284194416, 56.93864059832269], [25.24668018296189, 56.93900201604001], [25.245840570361004, 56.939004867460184], [25.245446571091634, 56.93895088756331], [25.24486056398152, 56.93893482765891], [25.244908502758875, 56.9389978074705], [25.24501383431716, 56.93913617924474], [25.24512649855121, 56.93923858510477], [25.245197061580054, 56.93930473564691], [25.24520937889991, 56.93931627478855], [25.245449301676597, 56.9395411826383], [25.24604083677382, 56.940059818946736], [25.24629052864129, 56.94027178911276], [25.24845357036287, 56.94214148139132], [25.248474017593132, 56.94215915628191], [25.24888457939525, 56.94245666422553], [25.248990886101257, 56.94253692962218], [25.25287087801391, 56.94357294394141], [25.25865069149034, 56.945114415081235], [25.260757406714454, 56.94691426073282], [25.26222795549798, 56.948155830337306], [25.260696913795318, 56.94881255579053], [25.256757821970268, 56.95056587420922], [25.25373156583486, 56.95192965305354], [25.253488318007385, 56.95247711349814], [25.25346339962304, 56.95253319246069], [25.2539574553324, 56.952661056930744], [25.25419326599377, 56.95273390117018], [25.25443662663663, 56.95281365913166], [25.254784209337114, 56.95308552730404], [25.254974390266554, 56.953149376235295], [25.25510442919925, 56.95321382841188], [25.255585222137906, 56.95364463978908], [25.255664516654214, 56.95368448931041], [25.256014282680145, 56.95373966371634], [25.256475513147734, 56.95392575263477], [25.25670242838497, 56.95390880132756], [25.25728456155197, 56.95410835301907], [25.257891467999087, 56.95424895760053], [25.258484751941772, 56.9543823650304], [25.25934112474962, 56.95438108579635], [25.259774667379098, 56.9541419835911], [25.26008085574924, 56.95409488452062], [25.26043947001238, 56.95421654111078], [25.26076855859764, 56.95440063964258], [25.261008534055552, 56.95447630419048], [25.26193555378194, 56.95445133969309], [25.26247790480254, 56.95448230744825], [25.263016580861123, 56.95468510140108], [25.263429367778468, 56.95481628299308], [25.263903523232546, 56.954795877602045], [25.264351994494312, 56.95485901579646], [25.2647217391062, 56.95512077683689], [25.265043135058185, 56.95535699789079], [25.265271508152495, 56.9553703028693], [25.26556446214964, 56.95543767823253], [25.265979383471286, 56.95563129871224], [25.266598841791108, 56.95594485549086], [25.266738875850816, 56.955903160126375], [25.266858516642607, 56.95585895785568], [25.266916328445934, 56.955891309260494], [25.266941394778627, 56.95600344174121], [25.267157077579764, 56.956092323183256], [25.267370065962105, 56.9561017911252], [25.267445780183184, 56.9560351499986], [25.267356669710253, 56.95591591297628], [25.267468775562016, 56.955850789823295], [25.26787335510842, 56.95586919545643], [25.26811501914225, 56.95591494711567], [25.268285471270378, 56.95590033517928], [25.268397384368505, 56.95584846519284], [25.268622015682794, 56.955844920250904], [25.268753318891502, 56.95588607586707], [25.268816223671507, 56.95596131140036], [25.268795235896746, 56.956010022329295], [25.268742376687218, 56.95605088968629], [25.268746159234396, 56.956136077751616], [25.26888471762665, 56.956217463856575], [25.269001250220057, 56.956267645691085], [25.269023453684923, 56.95634034715413], [25.26913579516679, 56.956422987260865], [25.269211533879556, 56.95645195725847], [25.269591553197994, 56.956462610433704], [25.269778091855354, 56.95651624973889], [25.269845788231194, 56.95652823953861], [25.270002513289548, 56.956463874012535], [25.270073236026516, 56.95639466748326], [25.27012934405986, 56.95626854012074], [25.270238851731023, 56.956214159293204], [25.270367033222485, 56.95618908464481], [25.27078135325346, 56.95615000729468], [25.27101033105895, 56.95617652079439], [25.27114867758625, 56.95622013595824], [25.271186052328446, 56.95626161466256], [25.27115115256634, 56.956326648377164], [25.271034248047794, 56.95637239026051], [25.270908805872466, 56.95641079762927], [25.270867800965984, 56.9564641236678], [25.270868552570683, 56.95652195789589], [25.270914025349626, 56.956595545670424], [25.27101795528838, 56.9566966248031], [25.271268036141933, 56.95671691281249], [25.27138475960043, 56.95674648018978], [25.271431578871887, 56.95679293005053], [25.27141065078369, 56.95685972651347], [25.2714127442345, 56.95692748389798], [25.27150292942058, 56.956974005036564], [25.27160030708156, 56.95698545857191], [25.271699470817648, 56.95698030858414], [25.271757668160863, 56.95700545731853], [25.271746139853082, 56.957045501412765], [25.271684017118126, 56.95712478286646], [25.271674333132434, 56.95718132161422], [25.27174930873337, 56.957277582369734], [25.271818589783194, 56.95730224103844], [25.272011215527428, 56.95730409169678], [25.272213265282716, 56.95736100172663], [25.27243681495393, 56.95733848583364], [25.272549196927997, 56.957285457355795], [25.272801695177293, 56.95719369064983], [25.272819654238845, 56.957186994176354], [25.272866869417122, 56.957164915096314], [25.27290342592384, 56.95715963757222], [25.273000250016494, 56.95715675647654], [25.273050361709206, 56.95722011690445], [25.273040028213067, 56.95728069639692], [25.273051009771844, 56.95733799525354], [25.273092834697387, 56.95742453003644], [25.273182275517936, 56.9574443018694], [25.273544658023827, 56.957505956627294], [25.273880612710784, 56.957571383429546], [25.273904087864743, 56.95758369562353], [25.27404571844626, 56.95764426377037], [25.27411196082145, 56.95761595286511], [25.274147962738198, 56.95760983609011], [25.274174015903988, 56.95758685800946], [25.274202799138475, 56.957561480217485], [25.274296233282886, 56.95737974327923], [25.27433207686582, 56.95728275035132], [25.274409717792416, 56.9571986554993], [25.27456712139718, 56.957197186439025], [25.274669518594482, 56.95720871222685], [25.274795517271766, 56.95721601728209], [25.27486110001778, 56.95719443306243], [25.27494561873548, 56.957142764527696], [25.27495870901133, 56.95713315250284], [25.275039812291517, 56.95703155618222], [25.27504515758267, 56.95701135855382], [25.275096129802076, 56.956951029451844], [25.275551797885505, 56.95666512518403], [25.27570295948771, 56.95664081696527], [25.275779127126444, 56.95663645530651], [25.27584006107872, 56.956635752924996], [25.276050700293755, 56.95664223825264], [25.276136189163193, 56.95667485113691], [25.27619728446954, 56.956723130175654], [25.276193802715376, 56.95674923858371], [25.276162240286155, 56.956789469551964], [25.276224774645417, 56.95681489541518], [25.276452650291763, 56.95680363959697], [25.276641114145978, 56.95682522849032], [25.276899945435563, 56.95700846582224], [25.277244900134505, 56.95702880655942], [25.277486018757788, 56.957116206700015], [25.27748956003427, 56.95742541545566], [25.277480447883406, 56.95749697086867], [25.277531929175463, 56.957506885007945], [25.277564371630998, 56.95752123424917], [25.277578884755254, 56.957536880684586], [25.27757689358564, 56.95754741283369], [25.27754158503672, 56.95758627185308], [25.277497662286276, 56.957599738929616], [25.277438012576464, 56.957610626349144], [25.27737349666682, 56.95762059311402], [25.277333465795152, 56.95763390358935], [25.27731309237757, 56.957645476973966], [25.277279933867764, 56.957682301443384], [25.277296997532655, 56.95771001494047], [25.277307574392083, 56.95771971795626], [25.27740452617897, 56.95774937384508], [25.27752627034608, 56.95776587477008], [25.277567360954947, 56.95776286756292], [25.277651502840378, 56.95777906960454], [25.277694825943584, 56.957798051464245], [25.277749365161334, 56.95779255289469], [25.277776721205605, 56.95777118692888], [25.277794408092824, 56.95771811476542], [25.277757557514892, 56.95751730232428], [25.277665919197233, 56.957440118577495], [25.27765007864426, 56.9573976940676], [25.27766979277418, 56.95737118621266], [25.2777719630344, 56.95736498545734], [25.27784404786534, 56.957382074212525], [25.27791125208135, 56.95739205217935], [25.27825398705129, 56.95739450681466], [25.27829584367629, 56.957386028988125], [25.278523077529552, 56.95737611465813], [25.27856517800592, 56.95737139873542], [25.27861161271854, 56.95735255086612], [25.278661051614787, 56.957328272610575], [25.27871485124845, 56.95731176623194], [25.2787925058797, 56.95730949889001], [25.278897336079478, 56.957333915999676], [25.278976626187863, 56.95738947375248], [25.27903297221384, 56.95741081966829], [25.279094971508528, 56.95741909825534], [25.279280395070444, 56.95743388609975], [25.279331784390138, 56.95744926299097], [25.27937677257889, 56.95744867706311], [25.279413612404326, 56.95743920797773], [25.279479444993296, 56.957437456449306], [25.27951884574769, 56.95742929982065], [25.279538165673195, 56.95741771887954], [25.279518624978248, 56.957407981962156], [25.279791870874128, 56.95742879765998], [25.27983802281463, 56.95744249393094], [25.279951375426705, 56.95767758935126], [25.28007692224599, 56.95781648907341], [25.280182442379633, 56.95782690925627], [25.280284197056808, 56.95785556141863], [25.28068836663546, 56.95785302311652], [25.280931329128894, 56.95785860329341], [25.2812694606622, 56.957721505291886], [25.281502381939085, 56.95763386562881], [25.281572823786462, 56.95762026918098], [25.28175861139953, 56.957593388691], [25.28208929736359, 56.957592083995394], [25.28221346542766, 56.957704976754194], [25.282397551931393, 56.95790674032562], [25.28224281606412, 56.95803242000989], [25.282058522368487, 56.958065026964256], [25.281768757339556, 56.95834016284874], [25.28173276365159, 56.958478236484204], [25.281823384447154, 56.95849241073589], [25.28194911383915, 56.95841315509627], [25.282059656611107, 56.9583097340524], [25.282189473099685, 56.958309778035336], [25.282362407463943, 56.95854154727015], [25.282601893280713, 56.95855397009263], [25.28279148736473, 56.95845923435721], [25.282870575152216, 56.958523021520676], [25.282897440792077, 56.95860374987629], [25.28309842940904, 56.95872239454436], [25.283159430860067, 56.95886614906334], [25.282642329361497, 56.959039300271264], [25.282756039314794, 56.959150116519815], [25.282874843975943, 56.95927517469074], [25.28286446065246, 56.95945015469646], [25.282699945750842, 56.95955460607524], [25.282539086891507, 56.95955104452256], [25.28249602743447, 56.95944891045246], [25.282128202454512, 56.959379179348964], [25.281980642757464, 56.95940945100091], [25.282011792481587, 56.9595110514392], [25.28209026139794, 56.9596434687227], [25.281718003362847, 56.95968271838954], [25.281687094755156, 56.95973279101994], [25.281873010208397, 56.95985158311048], [25.281516047045848, 56.960057642559605], [25.281344466858283, 56.96002781991946], [25.281219719957885, 56.960102833149975], [25.28122879792723, 56.960267200630575], [25.28136938048462, 56.96025921094094], [25.281491670823133, 56.960389068328624], [25.281445344942053, 56.96047775230436], [25.281511344139226, 56.96054202479675], [25.281752330543494, 56.96061359658562], [25.28199015733648, 56.96074494693015], [25.281958367879813, 56.96080147049889], [25.281748851192052, 56.96083702174653], [25.281631092571512, 56.96100642632263], [25.281714150450593, 56.96118143702902], [25.2820458739148, 56.961163923032565], [25.282354143344815, 56.96121290895974], [25.28238521792579, 56.961249049316336], [25.28227899596501, 56.96133915622216], [25.282205713695188, 56.96149242752684], [25.282083861092723, 56.961547412519266], [25.282085599974508, 56.96157170663244], [25.2822057418847, 56.961607688814986], [25.282199275709022, 56.96163106975616], [25.282059294104783, 56.96166867593622], [25.281908750269366, 56.96163338251971], [25.28177411052839, 56.96166659414428], [25.281753423146355, 56.961704972085016], [25.281925273757295, 56.96177404451488], [25.281988091626232, 56.96184136814033], [25.281975208137215, 56.961871364503054], [25.281756588791204, 56.96188913893031], [25.28154795265516, 56.96186093607521], [25.28120546301243, 56.96197321918212], [25.28062744013018, 56.96231748357125], [25.28008591447786, 56.962263073048], [25.27974852296493, 56.96245138026834], [25.279617427744544, 56.96249505609862], [25.27937742780401, 56.96234980657363], [25.279246417844845, 56.96235661794503], [25.27930908727057, 56.96247155300563], [25.279150903866906, 56.96254354583769], [25.279340150150972, 56.96273439884109], [25.279312685786753, 56.962782917230705], [25.279036569298995, 56.96285226161787], [25.278733797124215, 56.96285311090502], [25.27868688246243, 56.96272562497125], [25.278531504788525, 56.96268176081424], [25.278281448131096, 56.962743200397675], [25.27841773023687, 56.96291286260397], [25.27820250678152, 56.9629747995476], [25.27795744363778, 56.963244626614156], [25.27800187270387, 56.963264495536016], [25.278156511252064, 56.96316999843794], [25.278361430064994, 56.963293147680176], [25.27841240610583, 56.96346575703342], [25.27828874231924, 56.96353303848966], [25.277965997010888, 56.96361793283703], [25.277976149112966, 56.963680989780485], [25.278052501585645, 56.96376760144107], [25.278037308814458, 56.96392577510073], [25.278086765630494, 56.96405547240458], [25.2778607375033, 56.964162333511986], [25.277790045131347, 56.96433717417385], [25.277582640045285, 56.96452209006132], [25.277687954355045, 56.96461774099037], [25.277931929281312, 56.96455025539699], [25.278184917264625, 56.96449047572849], [25.278466830036994, 56.964489122276056], [25.27841794011131, 56.964631037094314], [25.27905081796751, 56.96482282757319], [25.279111154207985, 56.96491132737185], [25.278880784330205, 56.96501202643753], [25.278714908432814, 56.96515219935952], [25.27875449875364, 56.96519638447161], [25.279134370839227, 56.965168368579334], [25.27960173619044, 56.96515594306097], [25.279687119750893, 56.9652265588954], [25.27966629254784, 56.965411141773764], [25.279796572897627, 56.96555687542502], [25.28001573203095, 56.96548464431098], [25.280364832279425, 56.96570069658869], [25.280340656011703, 56.965834066577216], [25.28035768183398, 56.96596886566479], [25.280467098009765, 56.96603991782421], [25.28051866633753, 56.96632863524913], [25.280738766485403, 56.96643904706287], [25.28088333412219, 56.96639648105323], [25.281136509740172, 56.96636494065842], [25.281191206288593, 56.96641734381712], [25.281256855504445, 56.9664802274398], [25.281305120145674, 56.96653164524424], [25.281328270375422, 56.96655629504944], [25.281527902828255, 56.96647863705009], [25.28166141589128, 56.96640156630301], [25.281807034524725, 56.9663781432942], [25.281878515297922, 56.96637995345712], [25.28191530783323, 56.96642969169447], [25.281770059153875, 56.9667000216316], [25.282043472995834, 56.966683958894286], [25.282119231028375, 56.966708276053694], [25.28211084846286, 56.966756338916994], [25.281916261870066, 56.96688561569448], [25.281911835181127, 56.9670186937688], [25.28199983408295, 56.96699519612196], [25.28228012443888, 56.96703799140496], [25.282256909652197, 56.967082828153394], [25.28227268660389, 56.96709152510712], [25.282333066796607, 56.96760083648723], [25.283067303233157, 56.96827095114671], [25.283092247135862, 56.968611340628634], [25.283280738280066, 56.968703627171024], [25.28379728440895, 56.968712819422144], [25.2840287295549, 56.968898883958985], [25.28478649096367, 56.96918706095876], [25.284870729318268, 56.96920904328027], [25.285156410377855, 56.96928359977488], [25.2851950524634, 56.96929368766437], [25.286090261794655, 56.96939836592192], [25.286222870661796, 56.96941387541749], [25.286953566807167, 56.96949931401658], [25.289876415254152, 56.96976815234504], [25.29700937071404, 56.97055973564958], [25.300243516034907, 56.97091577622016], [25.30136976218055, 56.97104798827386], [25.302259112696298, 56.971152378658466], [25.303462645258865, 56.97129364138105], [25.302514278479155, 56.973380781809254], [25.301946822203995, 56.97463791889136], [25.301527180524946, 56.9755675320883], [25.300910422022394, 56.97632988110591], [25.3021570959597, 56.97647504817732], [25.3035142239757, 56.976662950288414], [25.306269425176232, 56.977052406689225], [25.305613254220127, 56.97787973502456], [25.30486632428306, 56.978838200041416], [25.30470061027813, 56.97904595084928], [25.30365548539982, 56.97944753366717], [25.302309240804302, 56.97996223876656], [25.30169546511581, 56.98019816040552], [25.30675908580486, 56.98068208540518], [25.30920266518813, 56.980914854385446], [25.312816962787487, 56.981273452492026], [25.315969069119912, 56.98155960469853], [25.318421581810384, 56.981752182288886], [25.320284218659854, 56.98196159298059], [25.320613222880922, 56.98154226529554], [25.320685228666033, 56.98145948596556], [25.321064126731514, 56.98103025956117], [25.321237362068526, 56.98079745730808], [25.321275006007664, 56.98072067371565], [25.32130800726782, 56.98062059744248], [25.32143927281288, 56.98016834276155], [25.32160580327913, 56.98017004295442], [25.321785963175127, 56.980171886452226], [25.32341594465541, 56.980188519663585], [25.32467550573818, 56.980119487384094], [25.325561900545956, 56.98043320042497], [25.327818881563267, 56.98036470675507], [25.328890258209107, 56.97958455626336], [25.33120589590741, 56.97888030860801], [25.331795872919553, 56.97944225518962], [25.332642506851986, 56.979148351200365], [25.335038016647005, 56.979601473001274], [25.335137822291834, 56.980384252375956], [25.33618630955156, 56.98158409084117], [25.338445386076614, 56.98171557625186], [25.34040277262741, 56.981924941373954], [25.340470394775906, 56.981923767741996], [25.342041445137756, 56.98120826463525], [25.342796537618792, 56.98086783530875], [25.34292263667116, 56.98085792873952], [25.345733853179148, 56.98106593205212], [25.34589592219189, 56.981066956118525], [25.347619121242943, 56.98063383600619], [25.348631929101924, 56.98037120428727], [25.349294851929972, 56.97994804673154], [25.35112638385118, 56.978201662194905], [25.351341076783335, 56.97799693105781], [25.351423496192396, 56.977503284086694], [25.35408167302775, 56.976013981781975], [25.356188534906668, 56.97549761424079], [25.3566520204125, 56.97501982260718], [25.357086521844888, 56.97479578862447], [25.357596159058247, 56.974259416580956], [25.357806564587577, 56.97388917108444], [25.357007983600358, 56.97299006353774], [25.354515260553576, 56.969188436820744], [25.355330259400368, 56.96872585413102], [25.35584049895165, 56.96846208220513], [25.356013518140685, 56.96835761228415], [25.35619602318153, 56.96826388363876], [25.35625673484157, 56.96820269651328], [25.356711170021143, 56.96804087170099], [25.357340971587153, 56.967803666886894], [25.35763949298275, 56.96767440115871], [25.357964321552792, 56.96755256687296], [25.358185048394358, 56.96750141146189], [25.358471367907594, 56.967542299976074], [25.358679363194216, 56.9674866459091], [25.358953661186153, 56.96752353098802], [25.35932164579825, 56.96776659942744], [25.359727272344475, 56.967742416236376], [25.35999826607395, 56.96784382613285], [25.360237671574232, 56.96770764078944], [25.3606297376007, 56.96777851502121], [25.36077203953612, 56.96770182931505], [25.360877530769034, 56.96766311732927], [25.361329126131864, 56.967634304939295], [25.361553115417678, 56.96759874119765], [25.36180810722383, 56.96746345232114], [25.36198705902759, 56.967381047372285], [25.362192507276056, 56.967312558241765], [25.362395882512576, 56.967187299908325], [25.362619160443653, 56.9671328025148], [25.362955380626634, 56.96708655296715], [25.36321210800836, 56.96699856396757], [25.363381352713045, 56.96688787153246], [25.36332633352113, 56.96679380975145], [25.363174559840964, 56.96665821546366], [25.362829565990378, 56.966434790611856], [25.362756259744472, 56.96631914921853], [25.363125043929106, 56.96601222555098], [25.363490737084756, 56.9658567873107], [25.363527674788987, 56.96568600133513], [25.36341009414439, 56.96530392032439], [25.36344121636272, 56.96521033027168], [25.36371245357753, 56.9650701253845], [25.36434350278581, 56.964850265139226], [25.36456982930307, 56.96466320845395], [25.364591612100227, 56.964438419424646], [25.3646026403846, 56.96431357528668], [25.364638773841296, 56.964179903960094], [25.36466124857391, 56.9638791337993], [25.364662182612918, 56.96348044214876], [25.364662015411472, 56.96317579504112], [25.364671273995903, 56.96293057687922], [25.364667305390057, 56.96276848454236], [25.36474922393243, 56.96268425888994], [25.36502042122758, 56.9625660815808], [25.365545506245226, 56.96226851352644], [25.365636308071185, 56.96222668733984], [25.36609020188499, 56.96204729560679], [25.366290796075138, 56.96197524965249], [25.366424017568637, 56.9618756109746], [25.366608633057663, 56.96186894911872], [25.366596462678753, 56.961805156803614], [25.366436025768213, 56.961659104190375], [25.366229474285447, 56.96160562003712], [25.36620897091212, 56.961519933437046], [25.366226043563795, 56.96144896645529], [25.365536781998443, 56.960848901745976], [25.365464287638304, 56.960717610843275], [25.36549310160923, 56.96044784877774], [25.36553595713866, 56.96023466203679], [25.365596147470374, 56.960137510544314], [25.36571032067221, 56.9600576669106], [25.366165773280002, 56.95965509863272], [25.36641264501609, 56.95942658356498], [25.366839247437408, 56.95908762424727], [25.366923930132494, 56.958978183049375], [25.367800103896915, 56.95818775465165], [25.36855858883311, 56.95750344869906], [25.369098906257317, 56.95701361667225], [25.369628680181215, 56.95653529908552], [25.36994045264534, 56.95626790842098], [25.370173353353046, 56.95605782219226], [25.370376132038157, 56.95591599804407], [25.370699041831863, 56.955593030459575], [25.37082991259362, 56.95542312605691], [25.371080394713108, 56.95524206325346], [25.371389696421254, 56.95491423853096], [25.371764577222393, 56.95460722983618], [25.37238750188042, 56.954311505479716], [25.37313769372488, 56.953930123196464], [25.3732792906483, 56.953510883479176], [25.37338839432549, 56.95338718044369], [25.373354859499173, 56.95331230265067], [25.373561418062263, 56.95272368127374], [25.373634307372093, 56.952436244990174], [25.37363489450274, 56.95228502768195], [25.37367102530526, 56.951847610778735], [25.373782280718252, 56.951673507023514], [25.373900227409862, 56.9514618728381], [25.373935757184306, 56.951341169691744], [25.373994505055997, 56.95125583541422], [25.37403799757062, 56.95117281603026], [25.37404493278789, 56.951039111809095], [25.374034875729286, 56.9509364743587], [25.373979652567854, 56.9507743788419], [25.373827001647694, 56.95068884222175], [25.373696613349672, 56.950535361892776], [25.37355648046596, 56.950425357142265], [25.373336789494925, 56.950310026513975], [25.373037964373825, 56.95020177267815], [25.372853645932302, 56.95012323116062], [25.372699689429144, 56.94994522000408], [25.37260080704988, 56.949723217569314], [25.37269463714563, 56.94949910897549], [25.372906579159825, 56.949403827791336], [25.373049603871273, 56.94928452335094], [25.37298815603428, 56.949155064934516], [25.372654427627648, 56.94902239589527], [25.37257166845362, 56.94893035846982], [25.37263650265934, 56.94884289153699], [25.372847758111018, 56.948729028805644], [25.373114782542213, 56.94858976487279], [25.373353220991792, 56.94828971127623], [25.373380844927727, 56.94811588819159], [25.3734071024056, 56.94790491077699], [25.373606799810403, 56.94778498323322], [25.37379720706854, 56.9477209248828], [25.374080784702013, 56.947723999818905], [25.374352811855296, 56.947721010651385], [25.374509216215813, 56.947657324879216], [25.374631163020627, 56.94758162788572], [25.374558601487625, 56.9474584917315], [25.37441961758622, 56.94737946324669], [25.374314879343107, 56.94730624867403], [25.37431328391896, 56.94726288850751], [25.374413007384614, 56.947199825712914], [25.374478729710926, 56.947137136536504], [25.37446535573381, 56.94708151604508], [25.37431662948425, 56.94704596324157], [25.37421189271745, 56.94697275755453], [25.37423204738269, 56.946904369839764], [25.374489554769116, 56.94681478448324], [25.37448704768771, 56.94674665477613], [25.374314065899764, 56.94666799085897], [25.374243102528244, 56.94658821466288], [25.37424082358087, 56.946526272841716], [25.374396539438116, 56.94644400557276], [25.37451802647419, 56.94635591494039], [25.374638128824532, 56.94623066107995], [25.374712647908527, 56.946099726776126], [25.37467682421753, 56.94605054347875], [25.3743907353365, 56.94597932233474], [25.37433270719915, 56.94594278173533], [25.374352405434554, 56.945862009221045], [25.374385721374434, 56.94584305391475], [25.37454348542688, 56.945816531415986], [25.374711448257386, 56.94575891765819], [25.37487665802726, 56.945626968292494], [25.37492809071491, 56.945483879896834], [25.37487887696871, 56.94537907637366], [25.374752834203473, 56.94534327473159], [25.374329614861324, 56.94524258195392], [25.374162282332318, 56.94500894306964], [25.37396482678646, 56.94488098850595], [25.37377893819481, 56.94475908798214], [25.37357515771975, 56.94476752582795], [25.373212266538896, 56.9447653118654], [25.373006209144645, 56.94471180691727], [25.372989406628253, 56.94456326911339], [25.373085043181188, 56.94438870822824], [25.373102466488334, 56.94424599400868], [25.372962148228368, 56.94412980028472], [25.372662918477793, 56.9440091514479], [25.372328343619902, 56.94385170247918], [25.372164442970163, 56.94371097812547], [25.37214787193174, 56.94356863705241], [25.372325556794404, 56.9434675330683], [25.372619091274874, 56.94343333250443], [25.372868183693342, 56.94342439872441], [25.372945695193927, 56.94337397064715], [25.372943646426986, 56.94331822564329], [25.372790644713344, 56.943164983671466], [25.37210908393208, 56.94295881878332], [25.37213673108199, 56.942922514079], [25.372154825445786, 56.942826629403946], [25.372330917052963, 56.94269925388141], [25.372453773463292, 56.9425206660825], [25.372375074820877, 56.942469392081854], [25.372065636091286, 56.94246242842245], [25.372031610474988, 56.94240606391826], [25.372068920564427, 56.94228018441827], [25.372306487904208, 56.942087930307615], [25.372347108192244, 56.94198641659736], [25.372284724787175, 56.94187538651071], [25.37229892428019, 56.94183145764097], [25.372462084240965, 56.941882433635925], [25.373065750674805, 56.94183070389455], [25.373122157735413, 56.94179204365147], [25.372926524014265, 56.94155609937934], [25.372788892532462, 56.94147202293829], [25.372526969682617, 56.94147453870372], [25.37249894884577, 56.94140935739497], [25.372640369149117, 56.94127625236278], [25.372757596517808, 56.94113162493576], [25.37328932437212, 56.94100309259162], [25.373372782563713, 56.94100100800732], [25.37354430639247, 56.940910239237866], [25.373851967054335, 56.94089869241172], [25.37402523801328, 56.94081256679261], [25.374015521278007, 56.94078658222801], [25.373631724520138, 56.94069889516191], [25.373413422822658, 56.940719504838405], [25.37334226210762, 56.94068362915363], [25.37339440339522, 56.94063137696757], [25.373609082158907, 56.94060255025388], [25.373992914632723, 56.940617937762696], [25.37402838643226, 56.9405938106329], [25.374018803751277, 56.94050085324353], [25.374088135554462, 56.94044051438552], [25.374137683670266, 56.94025880403586], [25.374240966570362, 56.940259043650464], [25.37432022423216, 56.94028803746374], [25.374410035029268, 56.94029068014446], [25.37456004023805, 56.94020893341023], [25.374592215764935, 56.94015286608392], [25.37475228614745, 56.94011820468007], [25.374794553617896, 56.94007375127692], [25.374745441861606, 56.93999250421774], [25.37453042825624, 56.939940627745756], [25.374480651402813, 56.93991321475972], [25.374507265479245, 56.93985386630397], [25.37466317482793, 56.93983033776623], [25.37486302324484, 56.9398310246542], [25.374932892029808, 56.939877803043764], [25.37499583056818, 56.93995020087953], [25.37505539236375, 56.93996657177864], [25.375124065489484, 56.9399223489943], [25.37513671731204, 56.93981415181409], [25.375062560475627, 56.939755372313364], [25.37494723621554, 56.939711510682265], [25.374845771124793, 56.9397101555502], [25.37476676646888, 56.93974206603996], [25.37467455675706, 56.93971975570611], [25.374659928107384, 56.93968357373244], [25.37474801935306, 56.93964086272677], [25.37486416918236, 56.939610691163956], [25.37494298628755, 56.93958396679882], [25.375081793834195, 56.939577687571685], [25.375178996015556, 56.93955835288355], [25.375339356865616, 56.93961873583256], [25.375415840964113, 56.939678666558315], [25.375512179838605, 56.93970061646429], [25.37558420230994, 56.93969337322101], [25.375643713679683, 56.939641416337544], [25.37574793126207, 56.93966083556861], [25.37599614547431, 56.93976755512138], [25.375988415866907, 56.939873658731784], [25.37607367573194, 56.939898695048356], [25.37622801351924, 56.93982984543874], [25.37628512042849, 56.93977644123177], [25.376243742663153, 56.9396798896631], [25.37617521519429, 56.939556215809226], [25.376097933609778, 56.93947599805192], [25.37620349104519, 56.939405960225386], [25.37626727453801, 56.93934462997625], [25.376489030025947, 56.93920075310438], [25.376553720300116, 56.93919617758027], [25.37655794991315, 56.939294916967775], [25.376551532947545, 56.939364330943185], [25.376615174640524, 56.93944058363167], [25.376593794212646, 56.939547304778955], [25.376538457112524, 56.939633555406544], [25.376572433372843, 56.93966169857357], [25.37668570711298, 56.93966190703318], [25.37676020666824, 56.9396674748672], [25.376862613365414, 56.93969215114758], [25.376950222368006, 56.93970153673924], [25.377035313444665, 56.93967337629675], [25.377201697908742, 56.93958583056603], [25.377293263290117, 56.939492981210954], [25.377293365664517, 56.93944938667979], [25.377247592590773, 56.93940443761875], [25.377182536286753, 56.93936297132523], [25.37716598528977, 56.93926845565661], [25.377193991487108, 56.93923674593927], [25.377330985526335, 56.93922367383109], [25.37741992619622, 56.93926207374695], [25.37748160087919, 56.939332633451194], [25.377535479526596, 56.939361590345484], [25.377686312977175, 56.9393636572222], [25.377732017954994, 56.93931492417623], [25.37771834334296, 56.9392659109667], [25.377646015179494, 56.93918860449564], [25.37756830607619, 56.93913073710388], [25.377504838226912, 56.93908063722065], [25.377420885013656, 56.93904331448947], [25.37736142093098, 56.93899480563295], [25.37741698541944, 56.93895893789558], [25.37748051957443, 56.93895823801315], [25.377575623172362, 56.93899395539886], [25.377819671137267, 56.93899257827521], [25.37798236615933, 56.93904177322419], [25.378004396282382, 56.93909628276664], [25.378083717238585, 56.93915015193754], [25.37817358402324, 56.939132989163696], [25.378340796900286, 56.93907204521472], [25.378414088263867, 56.93904533462302], [25.37862965318644, 56.939028843294615], [25.3787652264897, 56.93868110785037], [25.378824929299906, 56.9386416269453], [25.378934497458573, 56.93863503690614], [25.379035648749372, 56.93871480102392], [25.379142822581965, 56.93879028484542], [25.379181957657583, 56.93884772319978], [25.3791876818724, 56.93891863863476], [25.379260360690676, 56.93899602122786], [25.379420961393382, 56.93903607309582], [25.379792905041143, 56.93893996679252], [25.379976880044502, 56.93895869106234], [25.380054400392623, 56.938941492475216], [25.38000594840633, 56.93883743713119], [25.380098002221395, 56.93874291810831], [25.38027349827671, 56.938710559060276], [25.380418802282772, 56.9387623327346], [25.380431175851733, 56.93880807166193], [25.380780296592327, 56.93900939002498], [25.38117504859283, 56.93904173257875], [25.381539152390296, 56.93923868753374], [25.381979724256308, 56.93927701720499], [25.38213308951491, 56.93920134264095], [25.382633523171314, 56.93922855021231], [25.384405524822697, 56.93923255575747], [25.384531687412018, 56.939259918713404], [25.384965643470686, 56.93934759187366], [25.385393010889388, 56.939523044573555], [25.3855026067172, 56.939602260759806], [25.386106346878826, 56.93965940561805], [25.38669341675027, 56.93965529547496], [25.386955635098083, 56.93970227000268], [25.387147052021607, 56.93955333767668], [25.387163189299123, 56.93942396851064], [25.387505547514465, 56.939166749297854], [25.387685608033316, 56.93907949590029], [25.38783424546332, 56.93904811609336], [25.388040765406203, 56.93896346155495], [25.388301940668057, 56.938693152143394], [25.38831001789258, 56.93853851760832], [25.388072433238086, 56.93820854373328], [25.38806085819405, 56.938061108434965], [25.38804349852973, 56.93797696228783], [25.388033153219347, 56.93788563142003], [25.38767737827651, 56.93759841491393], [25.387442214340453, 56.93740856446587], [25.387294423733515, 56.93713013495184], [25.387197047387318, 56.93683189187683], [25.387209261708126, 56.93667657358813], [25.38733951220568, 56.93658004398181], [25.38794752376995, 56.93595563788437], [25.388052865284852, 56.93584746136601], [25.387969450481847, 56.93522163631529], [25.387998257465167, 56.93505208170712], [25.38804136689788, 56.93498352646626], [25.388343528809997, 56.9347055110023], [25.388914949248093, 56.9345402353157], [25.389465455095245, 56.93435493799784], [25.38971263492996, 56.93425298237425], [25.39028954628525, 56.93406336274755], [25.390503183124583, 56.93400743851283], [25.39126928029426, 56.933982528278456], [25.391334321997515, 56.93401239727343], [25.391534770472152, 56.93417212395095], [25.3915082321066, 56.934571634450734], [25.391452474593216, 56.93473728509122], [25.391501237800068, 56.93481323775738], [25.391663057812114, 56.93486717755271], [25.392194267687223, 56.93499129881898], [25.392441134772685, 56.93506098412074], [25.392520542574985, 56.93504761110276], [25.39265329565182, 56.93496494720248], [25.392926981065813, 56.93491636430982], [25.392981363644406, 56.93505876722181], [25.393083586961062, 56.935106343135494], [25.393235329036585, 56.93502432956871], [25.393537463121945, 56.93493741425337], [25.39365755335056, 56.93488236547974], [25.39374795616332, 56.93477207741103], [25.393593529494808, 56.93461017911412], [25.39333315913815, 56.93452961340686], [25.393363428091387, 56.93445370614467], [25.393571622168825, 56.93435501643036], [25.393783782425928, 56.93441645164522], [25.393865002824196, 56.934390919281576], [25.39386889626069, 56.934355188816006], [25.393751509313415, 56.93425617470171], [25.39376725797196, 56.93418755402397], [25.39407447250751, 56.934103994885604], [25.394298343780118, 56.93407100465462], [25.394528334202356, 56.93405490880829], [25.394677613981692, 56.93398726040991], [25.394880782416674, 56.93403103139117], [25.394947618756742, 56.93400015118595], [25.395013340236588, 56.93388613933581], [25.3949678354947, 56.933837761498104], [25.394690467653426, 56.93374996693283], [25.394657640523445, 56.93372641593984], [25.394978515947173, 56.933488588269526], [25.395216207043017, 56.93338085151502], [25.39520374290657, 56.93327545676742], [25.39509919426776, 56.93320030765501], [25.39494793481004, 56.93302373964311], [25.39479246764145, 56.932982293792215], [25.394785465276183, 56.93293954202728], [25.394869005476977, 56.932888646356254], [25.39503562458727, 56.93282690462634], [25.395303544229478, 56.932661364482854], [25.395310876644615, 56.93261346628017], [25.395045293572906, 56.93258448939134], [25.395012477983723, 56.932561666121366], [25.395116532129535, 56.932485833567135], [25.395611400981316, 56.93237187478095], [25.396010919941617, 56.93235120625857], [25.396236306415442, 56.93243475360285], [25.396299203471386, 56.93249471565124], [25.396516104254022, 56.932607090221985], [25.396617436942524, 56.93269553545181], [25.396651835079314, 56.93281300305414], [25.396809578279463, 56.93286298356048], [25.396990484767702, 56.93279974087168], [25.39711800426015, 56.93275910691951], [25.397266425577172, 56.93273469017156], [25.39737943035437, 56.932686500329254], [25.397368880090593, 56.93265222494226], [25.397261702854184, 56.932592551632865], [25.397259138862758, 56.93254683036892], [25.397363390386616, 56.93251155947577], [25.397519318181363, 56.932520472497984], [25.397557830281112, 56.932561991428045], [25.397564428438308, 56.932639554174706], [25.39774665743886, 56.93270971788665], [25.39774185804962, 56.93279669818588], [25.397686338200028, 56.93286771370306], [25.397601450844803, 56.932874574524284], [25.39758879159199, 56.932942110008184], [25.397623615237773, 56.93298957307351], [25.39782871168826, 56.933047594339996], [25.397830665419658, 56.93309982731424], [25.397673191588083, 56.93317004192811], [25.397713763180864, 56.933251663305185], [25.39778544931338, 56.93329957676432], [25.398037652661614, 56.93325405287719], [25.39820483020358, 56.93332460885406], [25.39844941134511, 56.933283131610224], [25.398764319098404, 56.93309823554192], [25.398836801913195, 56.93312745138515], [25.39890862867591, 56.933194455053716], [25.398839046054782, 56.93338277950432], [25.398931329905615, 56.93345231257898], [25.39916806318363, 56.93344703111572], [25.399272423190347, 56.9333782086768], [25.39910036111301, 56.933261087331964], [25.399143423430203, 56.93320284302596], [25.399347149649063, 56.933261919377024], [25.399471280410413, 56.9333616524792], [25.399476480303203, 56.933500506227844], [25.399421336177397, 56.93354287519637], [25.39922039448648, 56.93354548347718], [25.39913181173457, 56.93360379694963], [25.39915032026575, 56.93364559315222], [25.399223493624252, 56.933673902583415], [25.399354741608498, 56.93368498530224], [25.399406136382222, 56.93371232544213], [25.399270991546036, 56.93389124022029], [25.399139260875636, 56.933959901728294], [25.399107136152313, 56.9340065502103], [25.399146200660518, 56.93405966168603], [25.399502239209625, 56.934170779574835], [25.39989881771928, 56.93421899913256], [25.400009333728047, 56.93420699808342], [25.400242187019398, 56.93411602635786], [25.400376806855142, 56.93402933502973], [25.400633480839502, 56.9341306641713], [25.40087097798527, 56.93409874039349], [25.401041176648732, 56.93422990529618], [25.401114129035573, 56.93424436175073], [25.40123816983114, 56.934215253982195], [25.40141862102482, 56.934089934909515], [25.40151874397676, 56.93409005252937], [25.40175258943101, 56.9342044025002], [25.40193331481644, 56.9342691143699], [25.40174330604081, 56.934419141365005], [25.40145029737719, 56.93439863453761], [25.401259958990806, 56.93439793766075], [25.4011505592818, 56.93445286503856], [25.401261453972932, 56.93453422732434], [25.40156742156037, 56.934591740945756], [25.401751606396918, 56.9345952915964], [25.40198595469293, 56.93455604257238], [25.402129825524195, 56.93447637944373], [25.40225769689066, 56.93453490012591], [25.40218641178102, 56.934647684509244], [25.40222794570569, 56.934679311962896], [25.40230284997601, 56.93470063708371], [25.40243614261851, 56.93467192751004], [25.402527866151544, 56.934633872829735], [25.402616233444146, 56.93465615185931], [25.402789025074263, 56.93487936024975], [25.402937560577975, 56.93488630999823], [25.403181808075267, 56.93483493515756], [25.403351744692973, 56.934702804100205], [25.403417492332533, 56.934688598119116], [25.403466376594785, 56.93470980130727], [25.403450233602225, 56.934872039040755], [25.403546213750744, 56.93491451037329], [25.403729687414472, 56.93488595488437], [25.40374659933982, 56.934826906425705], [25.403839607533673, 56.9347955119668], [25.403956052393582, 56.93489537192096], [25.403759334955097, 56.93500536974889], [25.403766476714498, 56.935065109516934], [25.40386104358117, 56.935131621493184], [25.40411077441168, 56.93511638252253], [25.40437471602597, 56.93506689558729], [25.404481577574092, 56.93499392570625], [25.404457638335476, 56.93487078113186], [25.404179496778724, 56.9347907609201], [25.40416813265494, 56.93473588437292], [25.40420962945628, 56.93471180662037], [25.404376399539657, 56.934704560731575], [25.404514975055797, 56.93478671437893], [25.4045829799693, 56.93486230221278], [25.40471636269359, 56.934937011772654], [25.40470448904052, 56.9350338651841], [25.404610184772107, 56.9350701265699], [25.40456024265634, 56.935275286585345], [25.40477110882932, 56.93534757131775], [25.404837089922353, 56.93534174467296], [25.405061065812948, 56.93524689247382], [25.40530346004036, 56.93520175170788], [25.405493167380065, 56.93520915211617], [25.405550314689282, 56.935310602578454], [25.405537191406577, 56.935478170528775], [25.40574044046717, 56.93552788890336], [25.4059257940246, 56.93548024358671], [25.405967174700343, 56.93538844007468], [25.405868690526763, 56.935224040749915], [25.405934318096868, 56.935109233383095], [25.40632742131688, 56.93507203644912], [25.40668586065556, 56.93521334948098], [25.406729031580156, 56.9353084248045], [25.40689835672688, 56.93529346492094], [25.40710571302937, 56.935172030672575], [25.407195447166423, 56.9351759443956], [25.407331650446068, 56.93535417685278], [25.40750972581216, 56.93535859643366], [25.40784077585323, 56.935295336893276], [25.40832791001599, 56.93527357075088], [25.408358154091783, 56.93544591562473], [25.408439206818407, 56.93556220777905], [25.40819812249727, 56.93567783366662], [25.408351004042057, 56.93573500632396], [25.408770324096547, 56.93555434455726], [25.408820504948814, 56.93544156050907], [25.409122410878417, 56.93561181433099], [25.409172635714473, 56.93569241589432], [25.409142668761497, 56.93580339995704], [25.409348841751775, 56.935806709618944], [25.409477405650062, 56.93566443455014], [25.409329691365492, 56.935480233514426], [25.409445654190247, 56.93536904373813], [25.409629080847438, 56.935311414664696], [25.410204803539234, 56.935389935734804], [25.410289758868533, 56.935458375218396], [25.41022989352531, 56.93554741478346], [25.410270042423168, 56.93563532629474], [25.410104218933547, 56.935794913607005], [25.410077503767592, 56.93606255407291], [25.410216185916894, 56.93613878837495], [25.410254200481493, 56.9361596802701], [25.410521033196634, 56.93599827049816], [25.410701517644352, 56.93592971174488], [25.410995309134734, 56.935928265535864], [25.411107521102675, 56.93588714314732], [25.411118991478034, 56.93581355492959], [25.410849717984853, 56.93576221830166], [25.410738766047977, 56.93571830419501], [25.410840627642155, 56.935652914394254], [25.41129425784734, 56.935653015100556], [25.41146414572029, 56.935619453369966], [25.41144063748327, 56.93553618813834], [25.41130440605691, 56.935484815097404], [25.411011411173423, 56.93547810395838], [25.410911481240564, 56.93542966312908], [25.410916132162757, 56.935366978421484], [25.4111702456482, 56.935263275583985], [25.411154636232276, 56.9351902625221], [25.411037399000467, 56.93515004044968], [25.41103358663224, 56.93508041623619], [25.41110975148121, 56.93502311489193], [25.411350825759342, 56.93496848941232], [25.411638448031535, 56.93518112646708], [25.4118513096272, 56.9352928195808], [25.41216334185306, 56.93532189224633], [25.412364661557753, 56.93532121760951], [25.41254612964927, 56.93517407395392], [25.412818125441056, 56.93510228595645], [25.412956737395536, 56.93512053985313], [25.412996232681678, 56.93530705586921], [25.41284621533148, 56.93547618073322], [25.412844363342316, 56.935657144248395], [25.412937428000042, 56.93583036856921], [25.413016869101835, 56.93585930897527], [25.413349937684004, 56.935813037988304], [25.413493686353277, 56.935726741338], [25.413635634380416, 56.935605029269404], [25.41398739165346, 56.935465508826375], [25.414030347872092, 56.93535766500033], [25.41408998911279, 56.935310288085546], [25.41407673739842, 56.93521981839182], [25.414052968621096, 56.93518019518785], [25.41413532349444, 56.935158464225964], [25.414460412529177, 56.935138650536686], [25.414607836365548, 56.93520644333031], [25.41475212986199, 56.93520803624314], [25.414874344127547, 56.93517124467345], [25.414891912562737, 56.93509483773138], [25.414860160206903, 56.93506879103691], [25.414836504431143, 56.93498702850268], [25.41504087412813, 56.93477832843746], [25.415225538354644, 56.93480618436758], [25.415326997278097, 56.93493350802425], [25.415340432340802, 56.93516195342347], [25.415455194561265, 56.935290303383205], [25.41519871678995, 56.93541676404693], [25.415034445094992, 56.93555859572201], [25.415078723182795, 56.935699693315264], [25.415235814576477, 56.935883790590196], [25.415520395731747, 56.93605355140364], [25.415573355806984, 56.936340461890616], [25.415717387422806, 56.93660267555994], [25.415941630083324, 56.936746991132104], [25.415987547099288, 56.936857476984066], [25.41595136793201, 56.93695104893062], [25.415761702507467, 56.93705132737077], [25.415437825307574, 56.93711440087279], [25.414790616956715, 56.937105732918575], [25.41426256329299, 56.937079559483955], [25.413915663910306, 56.93703597166204], [25.413463498343674, 56.93693165942638], [25.413018032336545, 56.93701356728855], [25.412572051228473, 56.93714494005052], [25.412366518816484, 56.93728922878948], [25.41232855775042, 56.93743809351411], [25.412457935996745, 56.93755577797437], [25.41258367307666, 56.937597996166026], [25.412925616581493, 56.937647780243765], [25.413227793429712, 56.93759608161777], [25.413453533581684, 56.937601508422496], [25.41364212731345, 56.937748962398025], [25.41339735821626, 56.93794701152376], [25.41298455329853, 56.93818272713546], [25.413249063227443, 56.93828270228335], [25.41369617527816, 56.938318195927714], [25.413792084502646, 56.938398207299116], [25.41381294997472, 56.93845878870002], [25.413685277794453, 56.93852105851208], [25.413596285532687, 56.93862343878963], [25.413598585532824, 56.93868423010597], [25.413711510821322, 56.938723501296245], [25.41382291907847, 56.938722241664074], [25.413899097769566, 56.938772071878645], [25.413962463008538, 56.9389740947345], [25.414024678749442, 56.939145726388915], [25.41408344329263, 56.9392261575875], [25.414178205032773, 56.9392757684975], [25.414457284081216, 56.93935520809477], [25.41486013997339, 56.93938880834729], [25.415244825589937, 56.9394035294919], [25.41561495341138, 56.93949473017961], [25.415863994399903, 56.93961590815349], [25.41606103639697, 56.939747216255235], [25.416136268082912, 56.93988944537427], [25.416071516435842, 56.94002371805514], [25.416072962102312, 56.94006185963988], [25.41612857694331, 56.94014706948695], [25.416183108123864, 56.94020368434659], [25.41608308084659, 56.94032882378346], [25.416001963504176, 56.94049189796717], [25.415989557281407, 56.94062557781303], [25.41606263823432, 56.94071058990098], [25.41613813688554, 56.940746194743824], [25.41659122796507, 56.94089733325546], [25.417112180508347, 56.94100479923185], [25.417317837800802, 56.94113151542335], [25.41807197185157, 56.94154623403152], [25.418364031560646, 56.941718383555724], [25.418618553226565, 56.94193953847319], [25.418715282161862, 56.942074801659146], [25.418674780959687, 56.94230470308298], [25.41873250745637, 56.94239852212954], [25.418971659625868, 56.942474092162975], [25.419659840275962, 56.942576954562504], [25.419799871083505, 56.94263474452365], [25.420199574916055, 56.94291903638851], [25.420346902234368, 56.94290926787611], [25.420572529095246, 56.94275824193643], [25.420739215732688, 56.942740148840706], [25.420884794056626, 56.94281407396552], [25.42092033454589, 56.942906580790385], [25.42130417937017, 56.943290914205114], [25.421516075110812, 56.943296609819534], [25.42187742240944, 56.94309004961906], [25.422048012277124, 56.943044920393795], [25.42233505146462, 56.94308484527939], [25.422438201111934, 56.94320784041337], [25.422505886178662, 56.9434338171089], [25.422624448254464, 56.94361226996992], [25.422695193534175, 56.943678994052284], [25.422867333309068, 56.94371205782242], [25.423214302977854, 56.94370810938936], [25.42356125612614, 56.94370416018101], [25.423973608314576, 56.94387458594761], [25.42423227444806, 56.94393585379421], [25.424604595989777, 56.943896590440936], [25.42485903438984, 56.94384698912166], [25.425167526583945, 56.94381429140655], [25.425413064420813, 56.94381149282959], [25.425574320243204, 56.94383883690304], [25.425672400456687, 56.943890261243986], [25.42572934999904, 56.94398300786322], [25.425782764960513, 56.94482298887398], [25.42584014545428, 56.94492741062896], [25.425994735114845, 56.945059906189], [25.426279675903135, 56.945249288478024], [25.42650766569785, 56.94534592390121], [25.42692803938972, 56.94544620390752], [25.42727169049648, 56.94549481569765], [25.42743473922227, 56.94556884838899], [25.427512801950588, 56.945655513166344], [25.427369815358873, 56.94582643492511], [25.426949215154, 56.94600051557584], [25.426750160269037, 56.94610202269733], [25.4266689781005, 56.94621386491703], [25.426705908364454, 56.94634186181676], [25.426850271694153, 56.94648615311794], [25.427067605639724, 56.94658290914128], [25.42738100729852, 56.94667856831685], [25.4276099008217, 56.946798542689564], [25.427873962647393, 56.94699983090102], [25.42807661588507, 56.9472718824771], [25.428158492980952, 56.947457739247994], [25.428055742162133, 56.94756398861532], [25.427854451445025, 56.94760714941634], [25.42765158259006, 56.9476094655233], [25.427513901943374, 56.947640219485294], [25.427420715666976, 56.947717176854034], [25.42741270976894, 56.947787312894306], [25.427489678744948, 56.94784480789106], [25.42765184603955, 56.94789549918899], [25.42797460321351, 56.94795601882088], [25.428189254966156, 56.94798275890777], [25.42839501025348, 56.94805629369385], [25.428558964869527, 56.9481536568655], [25.428757404718787, 56.94831483945332], [25.428867075595832, 56.94838947117365], [25.4290403589059, 56.94845170480483], [25.429222314903587, 56.94846129659385], [25.42943518377215, 56.94844135249853], [25.429732357415762, 56.948391252982795], [25.430094258930882, 56.94835793274137], [25.430521781934672, 56.94836471424899], [25.430993374029836, 56.9484060213743], [25.431466069035025, 56.94847650538605], [25.431747020952997, 56.94856084508766], [25.432094286809072, 56.94870280737125], [25.432453563493564, 56.948879653487], [25.43271742612776, 56.94907510288738], [25.43281638942022, 56.94917806582436], [25.432806949547558, 56.94944541485294], [25.432597435650017, 56.949631363446535], [25.432347922953674, 56.94980158834833], [25.432287619204203, 56.949898136734035], [25.432198610409987, 56.95014479769579], [25.432235070067854, 56.9502792134994], [25.43224299861031, 56.95035304878215], [25.4323585012117, 56.95057938919125], [25.432537859681155, 56.95079914903874], [25.4328121789995, 56.950988647431046], [25.433093617356406, 56.95108465875254], [25.43331918052545, 56.95111709619852], [25.43357656784751, 56.95114332839934], [25.433750336416274, 56.95121723015796], [25.433816415461273, 56.951269006130616], [25.433840004591254, 56.95132710926817], [25.43387763715, 56.95147261625443], [25.43400936515237, 56.95156450184479], [25.434258986822076, 56.95166671544666], [25.434390044134364, 56.951741097159456], [25.434425213822884, 56.9518224186007], [25.434401922718795, 56.952050348986184], [25.434490922471824, 56.95214272413258], [25.434555435140737, 56.95215365528677], [25.434715164700044, 56.95214015190438], [25.4349687484136, 56.95206718892978], [25.435338672033392, 56.951963707990714], [25.435498832490907, 56.9519618697788], [25.435832769398367, 56.952033930179155], [25.436074448270332, 56.952059367282196], [25.436953510560148, 56.952009378246146], [25.43719866811742, 56.9519948811351], [25.437372206637985, 56.952062940511844], [25.437528888316628, 56.952247931643996], [25.43771625658716, 56.95239755644303], [25.437899806574006, 56.952447979844], [25.438051774136188, 56.95251044623947], [25.43820464080545, 56.952596244371605], [25.43829432575771, 56.9527061291652], [25.438331078093686, 56.95282829378544], [25.43834587616704, 56.952838527885675], [25.439246119192816, 56.95285816227608], [25.43923992898426, 56.95291555592313], [25.43904158502333, 56.953150380346834], [25.439020801536326, 56.95327796866527], [25.43880814677413, 56.95340904027123], [25.439122067904883, 56.953596524124066], [25.439125326703085, 56.95367553404171], [25.439039699687406, 56.95372270066447], [25.438876577954037, 56.95368244816141], [25.43876403806417, 56.953685360090965], [25.438530756192268, 56.953835958637406], [25.438493084021687, 56.95403655311036], [25.43842918707069, 56.95406818639431], [25.438104197247995, 56.95409370259984], [25.438015095353826, 56.95413779975229], [25.438006377099494, 56.95422311088955], [25.43825030744198, 56.954302749648605], [25.43825007071499, 56.95444943659011], [25.438194182780038, 56.95452338543076], [25.43803365060665, 56.95468152014888], [25.437847904159046, 56.95483312513313], [25.43769978856314, 56.95479065005171], [25.437545085894385, 56.954840172960495], [25.43758162568682, 56.9549862934086], [25.437381538949634, 56.95505337273405], [25.437158803629412, 56.954957981136836], [25.436815446133693, 56.954959787724185], [25.436527594875425, 56.955052860319704], [25.436250388776944, 56.9550708866176], [25.43596793924645, 56.95513515383631], [25.435730637776178, 56.955285658370464], [25.43574299796803, 56.95551772592808], [25.43557211307933, 56.95563279576496], [25.435269576394177, 56.955596438731504], [25.434760338554963, 56.95564478802177], [25.434439538527347, 56.955733552670885], [25.434165241641324, 56.95591352595066], [25.43402130189662, 56.95587488002258], [25.433909704451185, 56.955738514011195], [25.4337902834007, 56.955707996394835], [25.4337042180183, 56.95571834503437], [25.433609297167443, 56.955729756479485], [25.433364630532587, 56.95596589306635], [25.43315193120661, 56.956034161279916], [25.432985517497432, 56.9559994913408], [25.433038081745707, 56.95579748828163], [25.43265666889094, 56.95571239721548], [25.432173360987324, 56.95587270260594], [25.43189973981267, 56.95573828885394], [25.43132193555006, 56.95571658277047], [25.431050953136644, 56.95582166874848], [25.431030928418743, 56.95591874380382], [25.430933642504176, 56.9559856157854], [25.4307963839962, 56.9563233570638], [25.430701786317382, 56.956460422401996], [25.43091160686664, 56.95651080716426], [25.431165814482107, 56.95639267005371], [25.43125929138027, 56.95639843775538], [25.431545387330935, 56.956546339902324], [25.431622093900348, 56.95671643153844], [25.431795198064446, 56.956837180874786], [25.431931676055687, 56.95681243798139], [25.432080650069757, 56.95686868358826], [25.432283937883685, 56.95706802612487], [25.432580199786944, 56.957145908666696], [25.43279189653328, 56.95710403201486], [25.432980666000944, 56.9570003784052], [25.433204951929184, 56.95697633517337], [25.433322597812257, 56.957143000731264], [25.433454633158636, 56.95717129878459], [25.433622934233455, 56.957123494004094], [25.433714823478542, 56.957227894032954], [25.433669562567303, 56.957387073464965], [25.43369252618258, 56.95746347659738], [25.433723413345525, 56.957478135964095], [25.43367090408178, 56.95779159370059], [25.43363759568859, 56.957903178974796], [25.43367117398574, 56.95795279388618], [25.43390616935926, 56.958030189600315], [25.434257381816252, 56.958074158970405], [25.434578942260977, 56.95789722845827], [25.43480895670928, 56.957926279089854], [25.434875855063183, 56.95811155763447], [25.43460496707463, 56.958227854051444], [25.434734613839204, 56.95838216149273], [25.43441485764485, 56.958459754929045], [25.434127721124952, 56.95836379366342], [25.433947950905765, 56.95840512682323], [25.43401255081515, 56.95855248980646], [25.434159929165105, 56.9586174484604], [25.434020939926413, 56.958744351483055], [25.433898155301225, 56.95883075428276], [25.43388330898679, 56.95893747388638], [25.43400517955196, 56.95910513260655], [25.434220167718696, 56.95935630536647], [25.43429114419025, 56.959578392606694], [25.434514284153853, 56.95972273331431], [25.434573855628578, 56.95984654191967], [25.43455781073548, 56.95993058900904], [25.43479176895626, 56.96005122934054], [25.43527624950537, 56.96011408939533], [25.43553334618336, 56.960208092790445], [25.43574555827102, 56.96022543240338], [25.43601279846449, 56.96027140304648], [25.43649226780256, 56.96026031804877], [25.436840912400577, 56.96030829900021], [25.436847009027087, 56.9603910678096], [25.43687508867991, 56.96047967571089], [25.437020028018054, 56.96053947491045], [25.436953061524104, 56.960585679820134], [25.43695737921696, 56.96064145209666], [25.437072420137735, 56.960705098739325], [25.43716917493711, 56.96067694317088], [25.437301746566366, 56.96067434172211], [25.437381617455443, 56.96063012669115], [25.437411216010307, 56.96055440500224], [25.437528991258528, 56.96051735533027], [25.43770915726858, 56.960525850610246], [25.437852857074986, 56.9605760584664], [25.437997018820646, 56.96069802158006], [25.438215393734232, 56.960760389329074], [25.438411321813646, 56.96071737282531], [25.43857104978017, 56.96073278651152], [25.438862687922626, 56.96094177627945], [25.43908618671526, 56.961016248857376], [25.439123096865355, 56.96107992998264], [25.43897746827576, 56.96122681599866], [25.438888023278555, 56.96137506811675], [25.43889580050949, 56.96144712572825], [25.438972107494234, 56.96152507061555], [25.439092719719117, 56.961601247877816], [25.439668378220073, 56.96159125435605], [25.43978894763898, 56.961276534399595], [25.439707528351946, 56.96094623285807], [25.439869128510146, 56.960797374152285], [25.440051413482504, 56.96074265232065], [25.440248164449134, 56.960391502311516], [25.440424643865978, 56.960281006878525], [25.440584912099148, 56.960255468504755], [25.440761357847975, 56.96027965357218], [25.441004838545588, 56.960109140435435], [25.44111505893367, 56.960095489676135], [25.441543589343112, 56.96029346207816], [25.441717336999485, 56.96031802730018], [25.44188958007172, 56.96021804577005], [25.442021559904408, 56.960177180295645], [25.44203566662023, 56.96011917417345], [25.442001293155, 56.960079543620246], [25.441950097983135, 56.95989861594536], [25.44213996642284, 56.95976452260268], [25.442536160738545, 56.95980361063953], [25.44285222997687, 56.95973202275947], [25.44285401122543, 56.95968024135214], [25.44242427030305, 56.95957735449422], [25.442325337701245, 56.959531514348384], [25.44226651903224, 56.95939847329511], [25.44240088618077, 56.959280293473235], [25.442865951718375, 56.95914538811915], [25.443091600854515, 56.95912622611327], [25.44330988781342, 56.95921440802499], [25.443460397638525, 56.959339023047356], [25.443311454738236, 56.95949613222211], [25.443292397293927, 56.959575336637144], [25.44351795355353, 56.95976254456382], [25.44361868915163, 56.959893232460374], [25.443740014872276, 56.95990737565702], [25.444155081344427, 56.95989005940942], [25.444266000295134, 56.959951473969646], [25.444335770595945, 56.9601879902674], [25.444136572060025, 56.960287792271544], [25.444126592592127, 56.960439227835785], [25.444031310013056, 56.960512097674005], [25.444037531684014, 56.96055006707219], [25.44414280806078, 56.96065390975598], [25.444141332478587, 56.96079687338912], [25.44432180630586, 56.96088125836466], [25.44430192354691, 56.96102155943943], [25.444374929335726, 56.96104579274014], [25.444430543852945, 56.96115526702692], [25.444098811700687, 56.961315368241046], [25.44399403653006, 56.96130913850147], [25.443887133659338, 56.96133719189642], [25.443833435549127, 56.96140522394507], [25.443936976481492, 56.961467128284625], [25.443921116218988, 56.96155201912038], [25.44367123273355, 56.961638524022284], [25.443589417340103, 56.961814346456315], [25.44363713807224, 56.9618498692732], [25.443767646309603, 56.961875038545124], [25.443807159515252, 56.96194413302075], [25.443680583098427, 56.96207294310028], [25.443699187526715, 56.96212745417394], [25.443825461572967, 56.96216601453869], [25.444003623086726, 56.96230313991418], [25.44412172153826, 56.962299126028796], [25.444231870217276, 56.96225712666413], [25.44433690590582, 56.96212081993943], [25.4444027281335, 56.96209238700907], [25.444706181665875, 56.96214147899026], [25.444833180839414, 56.96219874510051], [25.444952340143274, 56.96233941677504], [25.444739100356095, 56.962614242067126], [25.444638387633177, 56.96269863052438], [25.444736033696387, 56.96274493298767], [25.444916203134614, 56.96273322032002], [25.4451406587355, 56.96276638646041], [25.445152640851642, 56.96287748759978], [25.444952186622576, 56.963019093126], [25.44490609965906, 56.96310657941472], [25.444927604898282, 56.963242341377814], [25.444912317989438, 56.96333647994344], [25.444924177320733, 56.963393009449355], [25.44501748664457, 56.963383737525795], [25.445122225314687, 56.96333831383167], [25.445356563015828, 56.96337343192081], [25.44545622287428, 56.963316215809236], [25.445352448950214, 56.963191575227256], [25.445465499836825, 56.96315950528809], [25.445695012089313, 56.96315795802924], [25.44586507710968, 56.96325602804421], [25.44601244082438, 56.96323042529931], [25.44621699038249, 56.96322643430308], [25.446375501907344, 56.96326654213217], [25.446530999205006, 56.96323225535116], [25.44671491199458, 56.96314224006148], [25.446942626553167, 56.963183846859934], [25.447256114056678, 56.96341844960212], [25.447315566070042, 56.9634433321957], [25.44753351396819, 56.963426425749965], [25.447574516011898, 56.96337761355846], [25.44759525317816, 56.963315190444995], [25.447728002290827, 56.96326307921691], [25.44786286244961, 56.963177628128115], [25.448201081193684, 56.962915510403725], [25.448240669453693, 56.962843012697085], [25.448332462655763, 56.96280319885623], [25.448524892709596, 56.962833656984905], [25.44866631772107, 56.96290643050807], [25.448980092698495, 56.96303975006243], [25.448950737495107, 56.96314237199392], [25.44903435481473, 56.96328639856225], [25.448960709235326, 56.9633314654001], [25.448872650464796, 56.96351284437722], [25.448963479475783, 56.963612564738284], [25.448980713322914, 56.96368747724202], [25.448790783203467, 56.96386986543785], [25.44881531707886, 56.96392098277504], [25.449230823675165, 56.964018963565486], [25.4493771454668, 56.96401521973805], [25.44953440643683, 56.96407123203746], [25.449575458155742, 56.9642748978107], [25.449527182316388, 56.9643845585107], [25.44919810271049, 56.96457757133025], [25.449136509334547, 56.964677664700964], [25.448841334059995, 56.964830238943804], [25.44856270036601, 56.96492043779147], [25.448534897174394, 56.96495376954987], [25.44853718205092, 56.96506265565486], [25.44887885454556, 56.965254870661084], [25.44896410184349, 56.965203919315314], [25.448959006785326, 56.965154023384336], [25.449050898958422, 56.96512510636141], [25.449380642498202, 56.96510492503733], [25.449772730868357, 56.965188233880376], [25.450239222901004, 56.965144282101704], [25.45037535152837, 56.96511726812189], [25.450479223054828, 56.965129990025744], [25.45053695463309, 56.96517946423278], [25.45055697994384, 56.9652431492152], [25.45049802743382, 56.965307435543735], [25.450492164028926, 56.96544817706118], [25.450911418796345, 56.965551472796285], [25.451136185711608, 56.965659332529476], [25.45159527530188, 56.965635129119754], [25.452014119398193, 56.96569898309126], [25.452217417720455, 56.9656971622072], [25.45226911528279, 56.96586075755768], [25.4522755224507, 56.96599625342081], [25.452432070859984, 56.96604503772805], [25.45270206305387, 56.96596653886597], [25.453205499741312, 56.96586752898067], [25.453767022290087, 56.96597440049034], [25.45451889659031, 56.96607041302916], [25.455167088442995, 56.966215102439335], [25.455329879025093, 56.96613488890594], [25.45534568245527, 56.965987993684756], [25.45541783198673, 56.96589956230367], [25.45549992914754, 56.96590510304281], [25.455633417369636, 56.965979533495144], [25.456045708661332, 56.96600541799457], [25.45617724316297, 56.96609550401709], [25.456383450911087, 56.966102851837945], [25.45657369548435, 56.96604592885688], [25.456774043929535, 56.96594656991172], [25.45704431652771, 56.9658969891257], [25.457431194599884, 56.96596878046431], [25.457703383745976, 56.9658886907784], [25.457817334237674, 56.965789168891575], [25.458157889249605, 56.96568654741568], [25.458870555184948, 56.965679010725694], [25.45926353765229, 56.9658665112851], [25.45930356225425, 56.96593732014373], [25.459090143732794, 56.966017743112026], [25.458798888937228, 56.96608385333015], [25.45865345831122, 56.96622633075872], [25.4586735103816, 56.96643553069278], [25.458467943886497, 56.96683780135743], [25.458899502937985, 56.966911511128515], [25.45932456029889, 56.966778511998825], [25.459424547838363, 56.966762376979794], [25.459647418093272, 56.96701648799089], [25.459815921623346, 56.96714640838688], [25.459870075529857, 56.967257510365435], [25.459844504008597, 56.967336748514796], [25.459720560125078, 56.96735486151733], [25.459499676836874, 56.96732534538015], [25.45915929986935, 56.96725484183004], [25.458882744646406, 56.96736185882572], [25.45880679062723, 56.9675308306566], [25.458798506599827, 56.96765219396683], [25.45886845795093, 56.96773278871823], [25.459310710966008, 56.96774568066442], [25.459473099804267, 56.96778101886687], [25.45955445183058, 56.96782626913042], [25.45953162215729, 56.96793189926203], [25.459272317769436, 56.96809358546884], [25.45920967209178, 56.96839214157071], [25.459291205187867, 56.96852402950414], [25.459400520835082, 56.96862348190258], [25.459560405919685, 56.96870363802813], [25.45989925652449, 56.96865907315328], [25.460160257154726, 56.96868197483767], [25.46039444515173, 56.96881123560396], [25.46039533837472, 56.968872734545194], [25.46025869463391, 56.96897882190194], [25.45990847207456, 56.969169656838716], [25.459550749674214, 56.969363983474295], [25.459511747254925, 56.96958104200558], [25.45963103791943, 56.96962251627556], [25.45989185060392, 56.96958788264171], [25.460266038486143, 56.9696545844537], [25.460912664557224, 56.96953228201391], [25.461173030443923, 56.96961232285327], [25.461354372742925, 56.96975459800762], [25.461572266693118, 56.9697859248646], [25.461780461191974, 56.969672935348854], [25.461989249414966, 56.96962762041827], [25.462248495567273, 56.969658435867366], [25.462612645878128, 56.96975893172818], [25.46265329109962, 56.96981592277551], [25.462636523767852, 56.969869532969405], [25.462554950675646, 56.96990364028811], [25.462259338648582, 56.96991584708743], [25.462123180517125, 56.96997299104099], [25.461959919095563, 56.97012228437961], [25.46159653548444, 56.970665963847736], [25.461587240138154, 56.970772208895966], [25.461778530638327, 56.97082389114247], [25.461963148773496, 56.971108355220785], [25.46213223320002, 56.971326729319806], [25.462246584877157, 56.97139853735868], [25.462368042544778, 56.9713322030823], [25.46301193532192, 56.971414872308074], [25.463406177031356, 56.97141551729012], [25.463442269808052, 56.97151575087841], [25.46353846135622, 56.97156361926761], [25.46395193016606, 56.97172555589019], [25.464647352236543, 56.97186631991442], [25.46463373334397, 56.97204452055061], [25.464588436648427, 56.972637449277165], [25.46443896331113, 56.97352165103003], [25.464221786901064, 56.9747652697228], [25.462876101563232, 56.97571065991262], [25.45961229704046, 56.978018980913106], [25.458515900947926, 56.978765906649684], [25.457294264164734, 56.97984826032344], [25.456762396395924, 56.980265800289246], [25.456252653403634, 56.98071042979227], [25.455072022073598, 56.98163529383279], [25.454340224464747, 56.98178797917666], [25.45252817418975, 56.9816313737791], [25.452491326462273, 56.9818349632564], [25.448592837700936, 56.98176865809628], [25.446973813643133, 56.98149096908221], [25.445106269645066, 56.98126288604992], [25.443687317574785, 56.98106283443933], [25.44381732136051, 56.98223765259059], [25.443736892727777, 56.98300225070945], [25.443218220544498, 56.98406696063429], [25.44314124225559, 56.984088369454106], [25.443112998779732, 56.984041480761356], [25.44300246260823, 56.98396285488446], [25.442984847383578, 56.983847407379535], [25.443016994207476, 56.98373275167565], [25.443004830263348, 56.98368206568576], [25.442897379836598, 56.9836572222972], [25.442819332745753, 56.98367225515052], [25.442743837123746, 56.98365029561197], [25.442684140696503, 56.98362580887053], [25.44263181431802, 56.9835816864924], [25.442678104284, 56.98351739758787], [25.442713133179076, 56.983496805160904], [25.44277679011991, 56.98348116561628], [25.44280563852257, 56.9834513992031], [25.44279293995592, 56.98343197701871], [25.442709541621458, 56.98340778155604], [25.442510403502013, 56.983390742450005], [25.442413796954707, 56.98336669906062], [25.442358437055844, 56.98332113805468], [25.44233588494446, 56.9832524406898], [25.442177688880587, 56.98319406684546], [25.44210012590278, 56.98312413465938], [25.442083626617816, 56.983073220025624], [25.442023051092885, 56.98297700952073], [25.441930705858223, 56.98290097629264], [25.441993710125324, 56.98283441956463], [25.44203387001401, 56.98274351707348], [25.44201293459096, 56.982703417186634], [25.44195134387346, 56.98268393842684], [25.441886769356824, 56.9826264349677], [25.441743425129157, 56.98254478087868], [25.44171443460376, 56.98245379475192], [25.441678396105857, 56.98240397671103], [25.441561490519934, 56.9823293762356], [25.44147162072449, 56.98229220878533], [25.44138152406503, 56.982270883853914], [25.44131854350295, 56.98226353213051], [25.4412120758356, 56.982264839354784], [25.44117175850763, 56.982252895906164], [25.44107719698632, 56.98219990630768], [25.440968649133186, 56.9821861250737], [25.44088798262014, 56.98220868910362], [25.44077884504434, 56.98226569570072], [25.440704457303546, 56.98228935531817], [25.440592671682897, 56.982271846462226], [25.440491719455327, 56.982280043703966], [25.44035331031911, 56.98238232820602], [25.44033665223008, 56.98241501749768], [25.440372226130318, 56.98244944154422], [25.440386526326808, 56.98248268191458], [25.440389296152507, 56.98252287437796], [25.44036001237, 56.98258784716169], [25.44034001028581, 56.98261448334281], [25.440255029795207, 56.98262721348146], [25.44018740054482, 56.98260815376828], [25.440150185913815, 56.982616901901444], [25.440102708273916, 56.982662021267224], [25.4401001345239, 56.98273899556022], [25.44013782507434, 56.982811616075914], [25.440218184233885, 56.98284028664112], [25.4402306868253, 56.98285339511456], [25.44021076957202, 56.982880955716446], [25.440113789260597, 56.982902565951576], [25.440042432801878, 56.98289396228189], [25.439917365731013, 56.98283979549589], [25.43987025942591, 56.98279351848826], [25.43981270253874, 56.98276596895806], [25.43969431084091, 56.98278070040752], [25.4396179319371, 56.98278052799276], [25.439523956033753, 56.98273970471223], [25.439449474778105, 56.98273668019432], [25.43934040094132, 56.98276899491813], [25.439238113577257, 56.98278570598684], [25.43915993444333, 56.98281905780891], [25.43905555641615, 56.98284044682844], [25.438994604957312, 56.9828857027519], [25.438903407713862, 56.98297917674644], [25.438640982144438, 56.9830295074975], [25.43858514252633, 56.983057561705984], [25.438530380481453, 56.98317244025775], [25.438565964390992, 56.98328693599863], [25.43860758421717, 56.98334629534142], [25.438604210726556, 56.983373602575334], [25.43854560507217, 56.98340248819752], [25.43848424019598, 56.983401648313404], [25.438378766404895, 56.98338699390438], [25.438291704127952, 56.98338975567941], [25.4381801660992, 56.98341073209803], [25.438132599775614, 56.98342931101941], [25.43809818364139, 56.983483785245525], [25.43805529890095, 56.98350641632036], [25.43798855784589, 56.983498881514286], [25.437900302291244, 56.98344209741437], [25.43785741901729, 56.98339689421801], [25.437776765537997, 56.983385332318136], [25.43769675627013, 56.98340627844998], [25.43763306707975, 56.98344845645299], [25.43758669628788, 56.98356210608412], [25.437503668344906, 56.98362130751223], [25.4373535154737, 56.98366857566384], [25.43721476692482, 56.983699198839695], [25.437188289516467, 56.98372655576435], [25.437130019571306, 56.98374113327819], [25.437059346454628, 56.983732349345146], [25.437002009775032, 56.98373997093952], [25.4368711404192, 56.98379657672178], [25.436749216793636, 56.98382610770367], [25.436703127524083, 56.98382453449359], [25.436519851220684, 56.983796737774576], [25.436489583431044, 56.98382226026875], [25.436460775664134, 56.9838976577979], [25.436526653453026, 56.983974205502335], [25.43657717646952, 56.98408832360406], [25.436583123217144, 56.984201273336026], [25.43645665382169, 56.98427219461712], [25.43641191728882, 56.98427926697641], [25.436386048214057, 56.98431347203212], [25.43638187186448, 56.9844109945151], [25.43636886237473, 56.984444099573764], [25.436284929430183, 56.98446366125889], [25.436122282887737, 56.98447294041999], [25.43590985174396, 56.9845466895505], [25.435840488770697, 56.98454974064821], [25.435648248704027, 56.98451702307124], [25.43556601401805, 56.98456575593047], [25.435570018920842, 56.984606527272135], [25.435651041726135, 56.98463960461745], [25.43567069232885, 56.98468025035502], [25.435652260716672, 56.9847281344086], [25.435615577461522, 56.98475119661254], [25.435596032009464, 56.98481161804471], [25.435513365823837, 56.98486968188455], [25.43544161393617, 56.984947081225314], [25.43547155390353, 56.98501519184538], [25.435517007871344, 56.985075047275636], [25.435475598240235, 56.98511043669405], [25.435499383812473, 56.985199507230206], [25.435550333698654, 56.985227269306684], [25.435631970538044, 56.985246763812825], [25.435678400201184, 56.985279366519535], [25.43569839309472, 56.98533915462255], [25.43563215712756, 56.9854089436668], [25.435649157738624, 56.98544785881676], [25.435584954928412, 56.985499502459184], [25.435582404569356, 56.98557519148929], [25.435504974821924, 56.98569409321228], [25.43555402688842, 56.98574393438603], [25.43563755586857, 56.985764242760006], [25.435662699127583, 56.985848374094715], [25.435599625531925, 56.98591226883338], [25.435501187219366, 56.985955275614984], [25.4354693021363, 56.985956800413256], [25.435359097185607, 56.985927130434995], [25.43525609636073, 56.98594994693404], [25.435172532893436, 56.985991614834504], [25.435095371147877, 56.98597853764825], [25.435025864445066, 56.985943279365834], [25.434896023695593, 56.98594476832375], [25.434749928885118, 56.98585571649802], [25.434521557652804, 56.98592521651869], [25.434440554894195, 56.98592265906818], [25.43439668501838, 56.98588942459247], [25.434298260499332, 56.985896877995366], [25.43451023343927, 56.986018023021266], [25.434909386337534, 56.9862527257674], [25.43738114965991, 56.98703824136149], [25.441240577523335, 56.98731058587166], [25.442714857824825, 56.987438366987014], [25.441679846093617, 56.9892430767196], [25.441382251619842, 56.989429953608365], [25.4415763947863, 56.98951621614534], [25.441629578162324, 56.9895163312286], [25.44167501981591, 56.98954098273394], [25.441741002264678, 56.9895498810668], [25.441947385345742, 56.98965256074391], [25.442085668190106, 56.9896762411127], [25.442176630904473, 56.98971990948512], [25.442244494272558, 56.98972848938457], [25.442276066100657, 56.989760065974004], [25.442260009162638, 56.989803655922024], [25.442304746621673, 56.98988582611989], [25.442221080522565, 56.989927419017974], [25.442283214566494, 56.98999680122092], [25.44234579853658, 56.99003823591969], [25.442460806707015, 56.99004822198259], [25.442478834495912, 56.9900287780241], [25.442474584443087, 56.98999975265795], [25.442430038315184, 56.98994126387439], [25.44243938197804, 56.989902836603235], [25.442635962997485, 56.98991456862798], [25.442755343588434, 56.98994270693209], [25.44281514621156, 56.98998668917052], [25.442802776703, 56.99012769327527], [25.4427210896931, 56.99013407976331], [25.44269070115518, 56.99015310022625], [25.442684673512556, 56.99023936853474], [25.44265623326014, 56.990292157829266], [25.442690163252518, 56.99033659113209], [25.442781481670018, 56.99036854796458], [25.44288162490959, 56.99034059210523], [25.443000187155587, 56.99036030302478], [25.443184618272973, 56.990344249982485], [25.44330275781345, 56.9903679187416], [25.44330697794067, 56.99038849884759], [25.443328562672278, 56.99042566202145], [25.443368981271874, 56.99042849321062], [25.4434229034179, 56.99041576892503], [25.443457843669666, 56.99038125115091], [25.443572917780006, 56.99038652747757], [25.443641899438024, 56.99043202966643], [25.443773126378552, 56.9904442622724], [25.44394295175977, 56.990389365224885], [25.443993124318887, 56.99033380017034], [25.4440956336866, 56.990302365919874], [25.44419494834912, 56.990251345952714], [25.444258766523376, 56.99024766246629], [25.444417446542833, 56.99020676570981], [25.44466839424306, 56.99019256621297], [25.44487514654004, 56.99013201250263], [25.444894400829575, 56.990033812443066], [25.444963547996192, 56.989966329865425], [25.444972287497237, 56.98993956247199], [25.445060920345583, 56.989883930224075], [25.445127766278816, 56.989877273341115], [25.445153173167935, 56.98985758204788], [25.445220097977373, 56.989826207394856], [25.445285558123203, 56.98980927899104], [25.445397997602267, 56.98974025393351], [25.44535563624987, 56.989708092945214], [25.445361818665102, 56.989579693581895], [25.445301978011244, 56.98953733920575], [25.445321149694646, 56.98950838482319], [25.445627996367236, 56.98945791353894], [25.445894081581315, 56.989449250919684], [25.44603249658102, 56.98950515340628], [25.44610526023699, 56.98951699891634], [25.446123216197616, 56.98950297300012], [25.446167219166735, 56.98939538524217], [25.446235640212706, 56.989341522091976], [25.446292327325768, 56.98932419140066], [25.446369258105378, 56.989327210575155], [25.446445791158872, 56.98926905770725], [25.446524827753393, 56.98919950126316], [25.446627305299454, 56.989171623193954], [25.446703428086064, 56.98916400467155], [25.446781508220063, 56.98913471940998], [25.446871052548126, 56.98914638843066], [25.446956756376384, 56.98918039275435], [25.447024091238088, 56.989195283410346], [25.44708238695351, 56.98918761024261], [25.44711223213092, 56.98916993368902], [25.447123194047922, 56.989076635920796], [25.447159531411955, 56.989063394580704], [25.447122739190323, 56.989025895777935], [25.44714971201454, 56.98900121743569], [25.447155353371027, 56.98895785508211], [25.447218057414354, 56.98892213464256], [25.447259446893668, 56.98891524091227], [25.447285646203902, 56.988918981005746], [25.447418304796894, 56.98901781439246], [25.447522386271697, 56.9890813180604], [25.44758560496262, 56.989086417816345], [25.447625659096857, 56.98912737378758], [25.4476801756777, 56.9891559073481], [25.447725186799854, 56.98916004966371], [25.447761014331174, 56.989174801288996], [25.447836754948973, 56.98917218197274], [25.447884288667233, 56.989158208906936], [25.4478995490039, 56.98913878717864], [25.447841975106382, 56.98910569792009], [25.447804994378096, 56.989069297623935], [25.447806166120646, 56.989044791860216], [25.447857049192958, 56.989006871848474], [25.44792762884041, 56.9889815540211], [25.448023394444423, 56.98896015852733], [25.448066797725566, 56.988908066309186], [25.44815516213842, 56.98886646897369], [25.448362555126952, 56.98891724001669], [25.448490043879126, 56.98889943024409], [25.448611419744235, 56.98891322729734], [25.44874397563306, 56.988971198210045], [25.448869882332904, 56.989018572181905], [25.44891165982316, 56.98905470998336], [25.448903998607207, 56.98910195023958], [25.448837907501822, 56.98912713579015], [25.448741741680458, 56.989102642845246], [25.44866437031372, 56.98909293665252], [25.44862592041019, 56.98910559193073], [25.448573182323294, 56.98914743307897], [25.448549045818062, 56.98919976965323], [25.448556383250146, 56.98924459908174], [25.44858922136162, 56.989271783921126], [25.44863873627313, 56.98929186648623], [25.44869889114182, 56.989303667775665], [25.44879983683445, 56.9893588240033], [25.448766661794544, 56.98939583858506], [25.448783143331514, 56.9894442907744], [25.44877849516814, 56.98946741722017], [25.448756462966458, 56.98947647727023], [25.44870176020213, 56.989481737669365], [25.448699663721513, 56.98949937189228], [25.448718011492108, 56.98951536782704], [25.448744295536866, 56.98952339232498], [25.448799551691042, 56.98952432492286], [25.448943795904274, 56.98967590635708], [25.448739144604072, 56.98974243530696], [25.448728658111566, 56.9897796633932], [25.448750055332194, 56.98980297347969], [25.44874478705813, 56.98983555897362], [25.448728351824855, 56.98984930711013], [25.44869979071577, 56.98992036507183], [25.448703265741923, 56.98995473612477], [25.44876658795323, 56.9899849103072], [25.44883126340401, 56.99000458368187], [25.448886788602053, 56.99000098485773], [25.448949255072755, 56.98998540993617], [25.44898868419305, 56.98998395609468], [25.449015967800854, 56.990002445088216], [25.449023561721102, 56.99005427956086], [25.449002024983898, 56.99006254326345], [25.449001943318873, 56.990081196382526], [25.449052076462323, 56.99013282579039], [25.44909204924535, 56.99013222815032], [25.449176981427943, 56.99015600637379], [25.44917740905449, 56.990227995577776], [25.449250612109104, 56.99025404793208], [25.449271694248626, 56.99024848485298], [25.449350617973746, 56.99027265599381], [25.449379486765572, 56.99027348065937], [25.449429918688246, 56.99025189937038], [25.44946988243858, 56.99026503927518], [25.449606860804032, 56.990351933638806], [25.449603444587588, 56.990374138392326], [25.449551537335275, 56.990411118594395], [25.44956060971505, 56.99045184882882], [25.44953891672762, 56.990463717285024], [25.44956203760065, 56.99048857958787], [25.449590935195268, 56.99049352783554], [25.44971696490897, 56.990570575925055], [25.449740988113643, 56.9906017080266], [25.449751234337906, 56.99063282902157], [25.449824964542795, 56.990660555072516], [25.44988363664333, 56.99065870730292], [25.4499565383648, 56.99063803347384], [25.449960249129283, 56.990623408359056], [25.450011864064415, 56.99060473314821], [25.450154877553302, 56.990644019103996], [25.450256685083048, 56.99063062014522], [25.450416993720125, 56.990624099179904], [25.450487466801835, 56.99067978695177], [25.45048768231144, 56.990761913329806], [25.450511312851216, 56.9907973175576], [25.450502752280933, 56.99085862934447], [25.45069010622728, 56.990878371209], [25.450703267480385, 56.990841399455725], [25.450747187186927, 56.9908093900501], [25.450846153013234, 56.990810093552405], [25.450963295913972, 56.990838860982436], [25.45109981072472, 56.99081345970581], [25.451068143891355, 56.99076274005836], [25.451881173963354, 56.990701297674676], [25.457527535541935, 56.99027436915182], [25.463423719021876, 56.98978485686006], [25.466158089765297, 56.989546534450085], [25.466310000592536, 56.98973514925405], [25.46730916326951, 56.989297895227935], [25.467630422344815, 56.98912175638384], [25.467758340773035, 56.988971640127055], [25.467793844997626, 56.988765977166054], [25.467718681189442, 56.98849257381094], [25.467175486370795, 56.98649767321773], [25.467136521120587, 56.986350583277186], [25.470180208504775, 56.98638714177187], [25.470097364043934, 56.98956729952766], [25.47005241920844, 56.9912048494011], [25.470034985027397, 56.992275644240145], [25.469920769685043, 56.996015824064855], [25.46988299665733, 56.99725644303742], [25.472394103835583, 56.99728988141483], [25.482178994550353, 56.99741503727224], [25.48277845114175, 56.99742426172275], [25.4908478165926, 56.99752166806597], [25.490643399521534, 56.99665462389142], [25.491137747153413, 56.996574835458354], [25.49149336370863, 56.996481828744926], [25.491939575046384, 56.99642309596035], [25.492098773088937, 56.996454576308885], [25.492449297070838, 56.9964305943699], [25.49266905642441, 56.99637729061951], [25.49262640942901, 56.996331402106364], [25.492538438116846, 56.99629075313906], [25.492216610571365, 56.996221005881594], [25.491375882272518, 56.9961343427287], [25.49117641636515, 56.9961266386808], [25.490398787982166, 56.99636271228894], [25.489589426550285, 56.99671165645339], [25.489345200288124, 56.99679097817178], [25.489021178205665, 56.99687190470687], [25.488729189425413, 56.99695403964358], [25.488727514674018, 56.996905919409265], [25.488686500777398, 56.99658545492902], [25.48839436052003, 56.994473475836735], [25.488314210759274, 56.993889999448605], [25.48808676731082, 56.99204477895386], [25.48876195391873, 56.99001746557434], [25.488077867058404, 56.987905222861], [25.486901089091326, 56.986983415369906], [25.48727135577694, 56.98657844858045], [25.487497353499258, 56.98627515090742], [25.486957777464177, 56.986155166703746], [25.48602172158723, 56.9858603653384], [25.485247262408574, 56.985544573453915], [25.483657155745416, 56.98478838744144], [25.48316106090401, 56.984504951345905], [25.48272814345813, 56.98419896773941], [25.48239906186722, 56.98404089909668], [25.480039979614908, 56.983367351660455], [25.479831937238156, 56.983219668507175], [25.479449538808087, 56.982618422113696], [25.480107915825773, 56.98198195625494], [25.48049708711852, 56.98160573455205], [25.480654034614325, 56.98164123589893], [25.48081098240614, 56.98167673704726], [25.4825588984493, 56.98207210347074], [25.484306834757202, 56.98246744546175], [25.485362662748365, 56.98267973212463], [25.487662168830017, 56.983185945169815], [25.488984167488933, 56.98204071217429], [25.490154792741297, 56.98218096324793], [25.492754674101764, 56.98283886960099], [25.495277825998375, 56.98340391049728], [25.496073224177955, 56.9836794351052], [25.497181517491658, 56.98345912505614], [25.50120727872529, 56.9826695840602], [25.501864694974795, 56.98268578291917], [25.502835455423902, 56.98266895180296], [25.50552731239998, 56.98390292296704], [25.508479166075887, 56.983810182900534], [25.509080402887534, 56.9828061978433], [25.510441524799, 56.9809201221176], [25.51320799446125, 56.97827470867316], [25.51353153317002, 56.97790644390445], [25.515377839645744, 56.975793898894466], [25.516338436099545, 56.9746728618253], [25.51847761424862, 56.97197575996957], [25.519493144722876, 56.97061706446063], [25.518503114659282, 56.969654889696166], [25.517798390328856, 56.96897165657448], [25.517470194001458, 56.968417429843264], [25.51685084371833, 56.966983615928484], [25.51543405672884, 56.96718949565379], [25.513876614843525, 56.96659414319103], [25.51257400073271, 56.965389620403464], [25.512544317240355, 56.965362171354045], [25.514064072968818, 56.964585530519855], [25.514065895597497, 56.964560719365714], [25.514255230829864, 56.96421124540016], [25.51426466196662, 56.96415464371899], [25.514190446082438, 56.96389671666351], [25.51408593410712, 56.963700819045904], [25.51401288009199, 56.96364827960745], [25.51372844835127, 56.96348928558551], [25.51357778106374, 56.96351508926744], [25.512752811815243, 56.962963931625694], [25.510533966272, 56.96155359038604], [25.510131372204174, 56.960758983334586], [25.51002147755957, 56.95968602331971], [25.510497691668952, 56.95863986795182], [25.513146044451982, 56.95782411101973], [25.51933433145118, 56.95762734759342], [25.51940533171252, 56.95686782405276], [25.51942499237693, 56.95665751987638], [25.51952844565126, 56.955336633880535], [25.51958016286891, 56.95425378237065], [25.51974459940894, 56.95123374190194], [25.520321120551337, 56.951279071368354], [25.520873424161916, 56.94994648996968], [25.521328562709865, 56.94858019950644], [25.52162775061154, 56.948088080383975], [25.523394529352903, 56.9467930397614], [25.522704600907307, 56.94631296328628], [25.521867622244084, 56.946025843416486], [25.52175211114178, 56.94598621532731], [25.52081776580519, 56.94561289570392], [25.521066880468712, 56.94490928122664], [25.521999029796373, 56.94460856419268], [25.52153250439624, 56.944065959007794], [25.521637964295746, 56.94392760287162], [25.52072624368931, 56.943263167894884], [25.521213206156695, 56.94236406965168], [25.52100225135114, 56.942196507650905], [25.519856331061003, 56.94151643325772], [25.51985382194493, 56.94143455784822], [25.521381273312624, 56.9405747667197], [25.522030079804274, 56.940323722734995], [25.52257597022607, 56.93972438161388], [25.523125811870177, 56.93922198136721], [25.524360808683312, 56.9381616323927], [25.525123918145184, 56.937681052519416], [25.52546449610449, 56.93735335277635], [25.5257251400957, 56.93699427296373], [25.526033015252594, 56.9368287431679], [25.526604315820503, 56.93685412362047], [25.5275751451768, 56.936551075702894], [25.52784495464696, 56.936383814102555], [25.528158881007123, 56.93619860900339], [25.528517860992782, 56.93607503662179], [25.528632865538192, 56.93611249919226], [25.529067936586504, 56.9361149511745], [25.5292573367722, 56.93600640659168], [25.5296872665372, 56.93603264834935], [25.529881816220193, 56.93593431850009], [25.53001783498395, 56.935754439075296], [25.530055697266977, 56.935508670640154], [25.530211294891277, 56.93536387093094], [25.530294191167727, 56.93528672748811], [25.530670542570054, 56.93512981791662], [25.530694668248074, 56.93511975599311], [25.530814281256077, 56.93508438261963], [25.53106555594811, 56.93501008271125], [25.531195518126165, 56.9348683180638], [25.531508994129982, 56.93491704016083], [25.531737252157843, 56.934835401638786], [25.531699412148882, 56.934691307469514], [25.53166738603633, 56.93449458051099], [25.53180583696234, 56.93442327845457], [25.532056696923856, 56.93450336880455], [25.532281275593714, 56.93452687949329], [25.532462319254165, 56.93446625884823], [25.53252551494652, 56.93444509754744], [25.53242343515067, 56.93429315650013], [25.532185851921433, 56.93414725165065], [25.53222765287163, 56.933997922773216], [25.53248801837955, 56.9339203188787], [25.5327004117931, 56.93403589350777], [25.53298051230407, 56.93404997099721], [25.533056293995553, 56.93414533280144], [25.53327577652714, 56.934238941352774], [25.533594538295944, 56.93422189590856], [25.533314880288348, 56.934023983626226], [25.53340761171373, 56.93394844251758], [25.533680985006765, 56.93399323041455], [25.534180569113758, 56.93410090368415], [25.534474840583073, 56.93407102957729], [25.534820861990976, 56.93393985283394], [25.534919596611786, 56.93381608687347], [25.535511083241545, 56.933633744408894], [25.535553050058407, 56.93348878791389], [25.53575556191851, 56.933363746635024], [25.535654623518116, 56.93304546583428], [25.53577111722679, 56.93296525540004], [25.53603346266381, 56.93293576971315], [25.536229948516894, 56.93285894270282], [25.53635239517541, 56.9327037155873], [25.536707792258966, 56.93278941237013], [25.537038147839898, 56.93283681691531], [25.537297838067282, 56.93287746133663], [25.538529505698044, 56.93202598769758], [25.539147998530822, 56.93109591354643], [25.538614742985676, 56.930677887048134], [25.538198194170576, 56.93024555609482], [25.53806985586162, 56.92997693223086], [25.537975182220777, 56.92938624372565], [25.537472807574826, 56.929147952862465], [25.53731998345954, 56.928853905611646], [25.53733550292817, 56.928660719154436], [25.53756304724654, 56.928490657943634], [25.537450238406983, 56.92802884681326], [25.537628788781873, 56.92780792245275], [25.53722391941339, 56.92765850500238], [25.53681429453192, 56.927393347340065], [25.536687033689898, 56.92715044158764], [25.536623227062623, 56.92673950185774], [25.53695177533859, 56.9264589347175], [25.537063500651477, 56.92638839530357], [25.53752327303971, 56.92609808174688], [25.537501286296713, 56.92584876954497], [25.537326610836704, 56.92559359013963], [25.536703134350812, 56.92526028779727], [25.536006869848542, 56.92515304738859], [25.53590249510768, 56.92505053623379], [25.53578692311079, 56.92493702128031], [25.535222858878655, 56.924622290326546], [25.535352408204258, 56.92435050534216], [25.53571229986898, 56.9242624441828], [25.536027518923014, 56.92394334503583], [25.536363442666158, 56.923842719064396], [25.53654577652186, 56.923428753779675], [25.537324128314843, 56.923251921057926], [25.537547144076296, 56.9229725419334], [25.537800748211865, 56.922866491292574], [25.538447771291292, 56.92263286505586], [25.53884658241602, 56.922351328819836], [25.53906587560409, 56.921981927915], [25.539240946597687, 56.92167741206714], [25.539188521704126, 56.92154296047528], [25.53876942308492, 56.92104632195776], [25.53873658282982, 56.92081842860867], [25.538229838574185, 56.92047083071782], [25.538086636777386, 56.92012520024987], [25.538137040780118, 56.91992515094078], [25.538203648965894, 56.91983426654516], [25.53775092675965, 56.91965970728744], [25.537520071800074, 56.91946310900719], [25.537294862938452, 56.91911848634294], [25.537165599716886, 56.918765504477285], [25.537043925292338, 56.91843322024535], [25.537039813403158, 56.917963135289554], [25.536243160035106, 56.9174067987083], [25.536127925772636, 56.917170186658744], [25.535855075463633, 56.91680684736723], [25.535445542800677, 56.91675799630488], [25.53487722029758, 56.91669019499304], [25.534321468121323, 56.91657478750042], [25.534361483676033, 56.916407024229386], [25.534244137515536, 56.91611897087381], [25.533883254079203, 56.915895102524985], [25.53355238117609, 56.915545327797794], [25.533116060407067, 56.91519685465761], [25.532520704724302, 56.91497256078436], [25.531663392322287, 56.914850604975136], [25.53118759570339, 56.914682738404856], [25.53092914208817, 56.914488074657484], [25.530825293070677, 56.914423406378965], [25.530819627097156, 56.913998885019346], [25.530760137371555, 56.91369082032814], [25.53082043545406, 56.91344561147391], [25.53074539827818, 56.91333073300154], [25.5303995541638, 56.91318700470245], [25.529617303542967, 56.91297785195719], [25.529197240987894, 56.912738530771975], [25.529116896811896, 56.91240893210348], [25.524994983371887, 56.910648413368264], [25.522538035186823, 56.90961045012064], [25.521602176945205, 56.90928220036422], [25.52023086170287, 56.908707493504245], [25.51979060644963, 56.90854571992282], [25.51884865090188, 56.90815219482309], [25.516978620805833, 56.907416393688045], [25.516854330956352, 56.907365762944295], [25.51569153541731, 56.906892044909426], [25.514963881377405, 56.90694211736783], [25.514799947827136, 56.906949396580956], [25.514803199844447, 56.906744600511665], [25.514739140194997, 56.90565374869707], [25.514720614106707, 56.90500274829582], [25.514556324585257, 56.90416299880662], [25.514083266940123, 56.904061145972406], [25.51425646930107, 56.90388598039816], [25.514827396916733, 56.902527795883906], [25.51465138306581, 56.902307184830065], [25.514168682989194, 56.90217545774385], [25.51330876388595, 56.90215967416471], [25.513114457999148, 56.902076859207725], [25.512690882089654, 56.90163649827852], [25.51236167377133, 56.90146359729771], [25.512040430945934, 56.90119233131465], [25.511702737236636, 56.90110469910014], [25.511102349551877, 56.90101369284996], [25.51041719096243, 56.900596146218014], [25.510284428339133, 56.900263629700966], [25.510318873959452, 56.899858794443475], [25.510239346737073, 56.89943025980572], [25.510471783471914, 56.899241984275726], [25.5116267725183, 56.898929342019294], [25.512440782951195, 56.898696747791355], [25.512944398499037, 56.898461356693694], [25.513187583944905, 56.898278291820745], [25.51307309072581, 56.89810279252912], [25.512379738642633, 56.89777707374592], [25.511830590159462, 56.89747580653514], [25.51100417511117, 56.89740063460438], [25.510713959414968, 56.89730587580959], [25.51042852341372, 56.89728922716405], [25.51019985762691, 56.897350554523186], [25.509993921831608, 56.89731400387954], [25.509954439720836, 56.89721686908587], [25.5103079248263, 56.896944155411525], [25.510441424682266, 56.89672779376787], [25.510689111017697, 56.8966903604255], [25.510787726935828, 56.89647297355035], [25.511490355059895, 56.89643826739995], [25.511484272184, 56.89628766423518], [25.511164386537207, 56.89604913866408], [25.51088954788743, 56.89603936220722], [25.510682008640455, 56.8962187481917], [25.51047458106614, 56.89622807532303], [25.510182015502316, 56.89605733152953], [25.510146840594004, 56.896036803865314], [25.510092182389556, 56.895783668055735], [25.51032502593684, 56.89538551839007], [25.51048497273221, 56.895163958138475], [25.511323521818163, 56.894670853222664], [25.51109005022089, 56.89450335015614], [25.510464626356555, 56.89408507280376], [25.510399289294668, 56.89385734965908], [25.511079522665877, 56.89365180771549], [25.51142696127663, 56.89368691442628], [25.511327827034712, 56.893891199271884], [25.511523408606926, 56.89400676030541], [25.511668099562208, 56.89404431884109], [25.511937368541115, 56.8939165840589], [25.511892073953483, 56.89368128742552], [25.512077610708303, 56.89325320280383], [25.5116029990753, 56.89302310073437], [25.51127047540324, 56.89276648006156], [25.515071595262942, 56.890579818877455], [25.51522264086693, 56.890515470179274], [25.51525273487997, 56.89052449445096], [25.515307900837904, 56.89052959372695], [25.51569025320587, 56.89071443882283], [25.51768382408822, 56.890622870040325], [25.519001139190514, 56.89056234144773], [25.518835958923297, 56.89033686036713], [25.518635156569253, 56.89006276338292], [25.519022067168184, 56.88990133605738], [25.524709976673066, 56.88941488369119], [25.526148151173736, 56.88960431958732], [25.52688748868375, 56.889696735324435], [25.528996493165376, 56.88959383499735], [25.532322845680923, 56.88754061796487], [25.53383587659236, 56.88707839306358], [25.53528204618062, 56.88672335301648], [25.53514385228062, 56.88540595238804], [25.53490699304423, 56.88443680751482], [25.53501179992538, 56.8844162291124], [25.536200796965762, 56.88378435685449], [25.53622609595097, 56.88354292545609], [25.536287009946907, 56.883310696937066], [25.536310726170495, 56.88303071253743], [25.536336435821298, 56.88279891689096], [25.53640168330528, 56.88267273836142], [25.53632654696522, 56.882557918155676], [25.536476619531907, 56.882353533560114], [25.536432831212963, 56.88229912009545], [25.536382315193556, 56.882236334508654], [25.536182422442664, 56.88208447601606], [25.535948103613393, 56.88195233118684], [25.535834621284053, 56.88176082830467], [25.535725472985927, 56.88167536643795], [25.535546728469956, 56.881610050660534], [25.53536483886463, 56.88146761944695], [25.535357723705697, 56.881294099524006], [25.535316197728502, 56.881140293215466], [25.535294249016985, 56.881034468567634], [25.53511590337497, 56.88097878815294], [25.535213981583574, 56.880794334653004], [25.535534491054506, 56.88045283049265], [25.53581584051579, 56.88001536232334], [25.535860460044645, 56.879957292033005], [25.535869805938155, 56.87991267461536], [25.535880440984148, 56.87986187766322], [25.535964088625473, 56.87985709349739], [25.53598181620865, 56.87979637079628], [25.535845081827173, 56.87976240860166], [25.53587759141927, 56.87967877222458], [25.535981409258667, 56.87964762077099], [25.536048459756667, 56.87960230279684], [25.536118324298474, 56.87953397563318], [25.53611531592726, 56.87948744356601], [25.536091044062065, 56.87948423789137], [25.535973689548655, 56.87950542982963], [25.535889783809292, 56.87947589462599], [25.535769189145483, 56.879383673094694], [25.535600323284694, 56.8793372841193], [25.53565671819077, 56.879285843803466], [25.53560089513592, 56.879236375968475], [25.535427791567113, 56.87924230437914], [25.535326910616437, 56.87920137786291], [25.535316111154998, 56.87917653239933], [25.53542661951979, 56.87915928875443], [25.535438079638755, 56.87907377278831], [25.535611907360494, 56.87907031530549], [25.535636065262377, 56.879056343224526], [25.535621701674238, 56.879037831072644], [25.53551301828434, 56.87899351445623], [25.535487452675195, 56.87890591983541], [25.53550472785362, 56.87888618316923], [25.535541536378428, 56.87888897428881], [25.535601279789216, 56.87893161031066], [25.535777174480984, 56.87897936842595], [25.535800124354218, 56.878972356539855], [25.5357963358655, 56.87894600529629], [25.535726304426355, 56.878909812272745], [25.535711922611117, 56.87886364464024], [25.535732540225137, 56.87880456662427], [25.535664278940192, 56.87876190958747], [25.535698616284368, 56.87863561712356], [25.535701280306682, 56.87854731609755], [25.535803585502613, 56.87853777422765], [25.535902426202426, 56.8784925776106], [25.53640801906618, 56.87814670163335], [25.538533702135144, 56.87755862823241], [25.54178137537072, 56.87732383700214], [25.543040728983858, 56.87672341900401]]]}}