{
 "type": "FeatureCollection",
 "nosaukums": "Pagaidu izmitināšanas vietas",
 "avots": "Pašvaldību civilās aizsardzības plāni (ai-open-data-2026-hakatons/ca-plani-hakatons/markdown); izvilkts ar src/karte/db/ca_plani.py",
 "features": [
  {
   "type": "Feature",
   "properties": {
    "kategorija": "izmitinasana",
    "nosaukums": "Ādažu Sākumskola",
    "adrese": "Attekas 16, Ādažu novads, Ādaži LV - 2164",
    "pasvaldiba": "Ādažu novads",
    "pasvaldiba_slug": "adazu-novads",
    "nr_plana": null,
    "avots_teksts": "Avots: Ādažu novada CA plāns, lpp. 135",
    "plans_url": "https://www.adazunovads.lv/lv/media/26445/download?attachment",
    "plans_fails": "adazu_novada_ca_plans_publiska-versija_0.md",
    "lpp": 135,
    "citats": "|Ādažu<br>Sākumsk<br>ola|Izglītības<br>iestāde|Attekas 16,<br>Ādažu<br>novads,<br>Ādaži LV -<br>2164|Sporta<br>zāle; aktu<br>zāle;<br>mācību<br>klases;<br>internāts|400|ir|0|57,0<br>7858<br>84|24,3<br>1768<br>64|",
    "izdevejs": "Ādažu novads (pašvaldība)",
    "geokodesana": "plan_coords",
    "adrese_vzd": null,
    "vzd_kods": null,
    "plana_lat": 57.0785884,
    "plana_lon": 24.3176864,
    "koord_teksts": "57,0<br>7858<br>84; 24,3<br>1768<br>64",
    "karodzini": [],
    "vietas": 400,
    "gultas": 0,
    "edinasana": "Virtuve ar ēdnīcu: ir",
    "izvilkuma_piezime": "Coordinate digits are split by <br> in the converted cell; joined. Row has no Nr. cell in the converted table (first row of the table, before page break).",
    "komentars": "Avots: Ādažu novada CA plāns, lpp. 135 · 400 vietas",
    "id": "adazu-novads-izm-1"
   },
   "geometry": {
    "type": "Point",
    "coordinates": [
     24.317686,
     57.078588
    ]
   }
  },
  {
   "type": "Feature",
   "properties": {
    "kategorija": "izmitinasana",
    "nosaukums": "Carnikavas pamatskola",
    "adrese": "Nākotnes iela 1, Ādažu novads, Carnikavas pag., Carnikava LV - 2163",
    "pasvaldiba": "Ādažu novads",
    "pasvaldiba_slug": "adazu-novads",
    "nr_plana": null,
    "avots_teksts": "Avots: Ādažu novada CA plāns, lpp. 135",
    "plans_url": "https://www.adazunovads.lv/lv/media/26445/download?attachment",
    "plans_fails": "adazu_novada_ca_plans_publiska-versija_0.md",
    "lpp": 135,
    "citats": "|Carnikav<br>as<br>pamatsk<br>ola|Izglītības<br>iestāde|Nākotnes iela<br>1, Ādažu<br>novads,<br>Carnikavas<br>pag.,<br>Carnikava<br>LV - 2163|Sporta<br>zāle; aktu<br>zāle;<br>mācību<br>klases;<br>internāts|400|ir|0|57,1<br>2922<br>61|24,2<br>7322<br>68|",
    "izdevejs": "Ādažu novads (pašvaldība)",
    "geokodesana": "plan_coords",
    "adrese_vzd": "Nākotnes iela 1, Carnikava, Ādažu nov., LV-2163",
    "vzd_kods": "101302404",
    "plana_lat": 57.1292261,
    "plana_lon": 24.2732268,
    "koord_teksts": "57,1<br>2922<br>61; 24,2<br>7322<br>68",
    "karodzini": [],
    "vietas": 400,
    "gultas": 0,
    "edinasana": "Virtuve ar ēdnīcu: ir",
    "izvilkuma_piezime": "Coordinate digits are split by <br> in the converted cell; joined. Row has no Nr. cell in the converted table.",
    "komentars": "Avots: Ādažu novada CA plāns, lpp. 135 · 400 vietas",
    "id": "adazu-novads-izm-2"
   },
   "geometry": {
    "type": "Point",
    "coordinates": [
     24.273227,
     57.129226
    ]
   }
  },
  {
   "type": "Feature",
   "properties": {
    "kategorija": "izmitinasana",
    "nosaukums": "Ādažu vidusskola",
    "adrese": "Gaujas iela 30, Ādažu novads, Ādaži LV - 2164",
    "pasvaldiba": "Ādažu novads",
    "pasvaldiba_slug": "adazu-novads",
    "nr_plana": 3,
    "avots_teksts": "Avots: Ādažu novada CA plāns, lpp. 136",
    "plans_url": "https://www.adazunovads.lv/lv/media/26445/download?attachment",
    "plans_fails": "adazu_novada_ca_plans_publiska-versija_0.md",
    "lpp": 136,
    "citats": "|3.|Ādažu<br>vidussko<br>la|Izglītības<br>iestāde|Gaujas iela<br>30, Ādažu<br>novads,<br>Ādaži LV -<br>2164|Sporta<br>zāle; aktu<br>zāle;<br>mācību<br>klases;<br>internāts|1000|ir|0|57,0<br>7962<br>09|24,3<br>3615<br>48|",
    "izdevejs": "Ādažu novads (pašvaldība)",
    "geokodesana": "plan_coords",
    "adrese_vzd": null,
    "vzd_kods": null,
    "plana_lat": 57.0796209,
    "plana_lon": 24.3361548,
    "koord_teksts": "57,0<br>7962<br>09; 24,3<br>3615<br>48",
    "karodzini": [],
    "vietas": 1000,
    "gultas": 0,
    "edinasana": "Virtuve ar ēdnīcu: ir",
    "izvilkuma_piezime": "Coordinate digits are split by <br> in the converted cell; joined.",
    "komentars": "Avots: Ādažu novada CA plāns, lpp. 136 · 1000 vietas",
    "id": "adazu-novads-izm-3"
   },
   "geometry": {
    "type": "Point",
    "coordinates": [
     24.336155,
     57.079621
    ]
   }
  },
  {
   "type": "Feature",
   "properties": {
    "kategorija": "izmitinasana",
    "nosaukums": "Ādažu novada Domes ēka",
    "adrese": "Gaujas iela 33A, Ādažu novads, Ādaži LV - 2164",
    "pasvaldiba": "Ādažu novads",
    "pasvaldiba_slug": "adazu-novads",
    "nr_plana": 4,
    "avots_teksts": "Avots: Ādažu novada CA plāns, lpp. 136",
    "plans_url": "https://www.adazunovads.lv/lv/media/26445/download?attachment",
    "plans_fails": "adazu_novada_ca_plans_publiska-versija_0.md",
    "lpp": 136,
    "citats": "|4.|Ādažu<br>novada<br>Domes<br>ēka|Domes<br>ēka|Gaujas iela<br>33A, Ādažu<br>novads,<br>Ādaži LV -<br>2164|kabineti,<br>ceriņu zāle|200|nav|0|57,0<br>8015<br>85|24,3<br>3133<br>79|",
    "izdevejs": "Ādažu novads (pašvaldība)",
    "geokodesana": "plan_coords",
    "adrese_vzd": null,
    "vzd_kods": null,
    "plana_lat": 57.0801585,
    "plana_lon": 24.3313379,
    "koord_teksts": "57,0<br>8015<br>85; 24,3<br>3133<br>79",
    "karodzini": [],
    "vietas": 200,
    "gultas": 0,
    "edinasana": "Virtuve ar ēdnīcu: nav",
    "izvilkuma_piezime": "Coordinate digits are split by <br> in the converted cell; joined.",
    "komentars": "Avots: Ādažu novada CA plāns, lpp. 136 · 200 vietas",
    "id": "adazu-novads-izm-4"
   },
   "geometry": {
    "type": "Point",
    "coordinates": [
     24.331338,
     57.080159
    ]
   }
  },
  {
   "type": "Feature",
   "properties": {
    "kategorija": "izmitinasana",
    "nosaukums": "Ādažu novada Domes ēka",
    "adrese": "Stacijas iela 5, Ādažu novads, Carnikavas pag., Carnikava LV-2163",
    "pasvaldiba": "Ādažu novads",
    "pasvaldiba_slug": "adazu-novads",
    "nr_plana": 5,
    "avots_teksts": "Avots: Ādažu novada CA plāns, lpp. 136",
    "plans_url": "https://www.adazunovads.lv/lv/media/26445/download?attachment",
    "plans_fails": "adazu_novada_ca_plans_publiska-versija_0.md",
    "lpp": 136,
    "citats": "|5.|Ādažu<br>novada<br>Domes<br>ēka|Domes<br>ēka|Stacijas iela<br>5, Ādažu<br>novads,<br>Carnikavas<br>pag.,<br>Carnikava<br>LV-2163|kabineti|50|nav|0|57,1<br>2840<br>71|24,2<br>7721<br>77|",
    "izdevejs": "Ādažu novads (pašvaldība)",
    "geokodesana": "plan_coords",
    "adrese_vzd": "Stacijas iela 5, Carnikava, Ādažu nov., LV-2163",
    "vzd_kods": "101157582",
    "plana_lat": 57.1284071,
    "plana_lon": 24.2772177,
    "koord_teksts": "57,1<br>2840<br>71; 24,2<br>7721<br>77",
    "karodzini": [],
    "vietas": 50,
    "gultas": 0,
    "edinasana": "Virtuve ar ēdnīcu: nav",
    "izvilkuma_piezime": "Coordinate digits are split by <br> in the converted cell; joined.",
    "komentars": "Avots: Ādažu novada CA plāns, lpp. 136 · 50 vietas",
    "id": "adazu-novads-izm-5"
   },
   "geometry": {
    "type": "Point",
    "coordinates": [
     24.277218,
     57.128407
    ]
   }
  },
  {
   "type": "Feature",
   "properties": {
    "kategorija": "izmitinasana",
    "nosaukums": "Siguļu pirmsskolas izglītības iestāde \"Piejūra\"",
    "adrese": "Ādažu novads, Carnikavas pag., Siguļi LV - 2163",
    "pasvaldiba": "Ādažu novads",
    "pasvaldiba_slug": "adazu-novads",
    "nr_plana": 6,
    "avots_teksts": "Avots: Ādažu novada CA plāns, lpp. 136",
    "plans_url": "https://www.adazunovads.lv/lv/media/26445/download?attachment",
    "plans_fails": "adazu_novada_ca_plans_publiska-versija_0.md",
    "lpp": 136,
    "citats": "|6.|Siguļu<br>pirmssko<br>las<br>izglītības<br>iestāde<br>\"Piejūra\"|bernudār<br>zs|Ādažu<br>novads,<br>Carnikavas<br>pag., Siguļi<br>LV - 2163|zāles,<br>grupiņas|210|ir|0|57,1<br>2571<br>23|24,3<br>1798<br>24|",
    "izdevejs": "Ādažu novads (pašvaldība)",
    "geokodesana": "plan_coords",
    "adrese_vzd": null,
    "vzd_kods": null,
    "plana_lat": 57.1257123,
    "plana_lon": 24.3179824,
    "koord_teksts": "57,1<br>2571<br>23; 24,3<br>1798<br>24",
    "karodzini": [],
    "vietas": 210,
    "gultas": 0,
    "edinasana": "Virtuve ar ēdnīcu: ir",
    "izvilkuma_piezime": "Coordinate digits are split by <br> in the converted cell; joined.",
    "komentars": "Avots: Ādažu novada CA plāns, lpp. 136 · 210 vietas",
    "id": "adazu-novads-izm-6"
   },
   "geometry": {
    "type": "Point",
    "coordinates": [
     24.317982,
     57.125712
    ]
   }
  },
  {
   "type": "Feature",
   "properties": {
    "kategorija": "izmitinasana",
    "nosaukums": "Ādažu pirmsskolas izglītības iestāde \"Strautiņš\"",
    "adrese": "Pirmā iela 26, Ādažu novads, Ādaži LV - 2164",
    "pasvaldiba": "Ādažu novads",
    "pasvaldiba_slug": "adazu-novads",
    "nr_plana": 7,
    "avots_teksts": "Avots: Ādažu novada CA plāns, lpp. 136",
    "plans_url": "https://www.adazunovads.lv/lv/media/26445/download?attachment",
    "plans_fails": "adazu_novada_ca_plans_publiska-versija_0.md",
    "lpp": 136,
    "citats": "|7.|Ādažu<br>pirmssko<br>las<br>izglītības<br>iestāde<br>\"Strautiņ<br>š\"|bernudār<br>zs|Pirmā iela 26,<br>Ādažu<br>novads,<br>Ādaži LV -<br>2164|zāles,<br>grupiņas|300|ir|0|57,0<br>7368<br>49|24,3<br>2039<br>4|",
    "izdevejs": "Ādažu novads (pašvaldība)",
    "geokodesana": "plan_coords",
    "adrese_vzd": null,
    "vzd_kods": null,
    "plana_lat": 57.0736849,
    "plana_lon": 24.320394,
    "koord_teksts": "57,0<br>7368<br>49; 24,3<br>2039<br>4",
    "karodzini": [],
    "vietas": 300,
    "gultas": 0,
    "edinasana": "Virtuve ar ēdnīcu: ir",
    "izvilkuma_piezime": "Coordinate digits are split by <br> in the converted cell; joined.",
    "komentars": "Avots: Ādažu novada CA plāns, lpp. 136 · 300 vietas",
    "id": "adazu-novads-izm-7"
   },
   "geometry": {
    "type": "Point",
    "coordinates": [
     24.320394,
     57.073685
    ]
   }
  },
  {
   "type": "Feature",
   "properties": {
    "kategorija": "izmitinasana",
    "nosaukums": "Ādažu pirmsskolas izglītības iestāde \"Mežavēji\"",
    "adrese": "Kadaga, Ādažu novads, Ādaži LV - 2103",
    "pasvaldiba": "Ādažu novads",
    "pasvaldiba_slug": "adazu-novads",
    "nr_plana": 8,
    "avots_teksts": "Avots: Ādažu novada CA plāns, lpp. 136",
    "plans_url": "https://www.adazunovads.lv/lv/media/26445/download?attachment",
    "plans_fails": "adazu_novada_ca_plans_publiska-versija_0.md",
    "lpp": 136,
    "citats": "|8.|Ādažu<br>pirmssko<br>las<br>izglītības<br>iestāde<br>\"Mežavē<br>ji\"|bernudār<br>zs|Kadaga,<br>Ādažu<br>novads,<br>Ādaži LV -<br>2103|zāles,<br>grupiņas|50|ir|0|57,0<br>9020<br>12|24,3<br>5542<br>19|",
    "izdevejs": "Ādažu novads (pašvaldība)",
    "geokodesana": "plan_coords",
    "adrese_vzd": null,
    "vzd_kods": null,
    "plana_lat": 57.0902012,
    "plana_lon": 24.3554219,
    "koord_teksts": "57,0<br>9020<br>12; 24,3<br>5542<br>19",
    "karodzini": [],
    "vietas": 50,
    "gultas": 0,
    "edinasana": "Virtuve ar ēdnīcu: ir",
    "izvilkuma_piezime": "Coordinate digits are split by <br> in the converted cell; joined.",
    "komentars": "Avots: Ādažu novada CA plāns, lpp. 136 · 50 vietas",
    "id": "adazu-novads-izm-8"
   },
   "geometry": {
    "type": "Point",
    "coordinates": [
     24.355422,
     57.090201
    ]
   }
  },
  {
   "type": "Feature",
   "properties": {
    "kategorija": "izmitinasana",
    "nosaukums": "SIA Ādažu ūdens un SIA Ādažu namsaimnieks ēka",
    "adrese": "Gaujas iela 16, Ādažu novads, Ādaži LV - 2164",
    "pasvaldiba": "Ādažu novads",
    "pasvaldiba_slug": "adazu-novads",
    "nr_plana": 9,
    "avots_teksts": "Avots: Ādažu novada CA plāns, lpp. 136",
    "plans_url": "https://www.adazunovads.lv/lv/media/26445/download?attachment",
    "plans_fails": "adazu_novada_ca_plans_publiska-versija_0.md",
    "lpp": 136,
    "citats": "|9.|SIA<br>Ādažu<br>ūdens un<br>SIA<br>Ādažu<br>namsaim<br>nieks ēka|pašvaldī<br>bas<br>īpašums|Gaujas iela<br>16, Ādažu<br>novads,<br>Ādaži LV -<br>2164|aktu zāle;<br>darba<br>telpas|100|nav|0|57,0<br>7797<br>86|24,3<br>2780<br>95|",
    "izdevejs": "Ādažu novads (pašvaldība)",
    "geokodesana": "plan_coords",
    "adrese_vzd": null,
    "vzd_kods": null,
    "plana_lat": 57.0779786,
    "plana_lon": 24.3278095,
    "koord_teksts": "57,0<br>7797<br>86; 24,3<br>2780<br>95",
    "karodzini": [],
    "vietas": 100,
    "gultas": 0,
    "edinasana": "Virtuve ar ēdnīcu: nav",
    "izvilkuma_piezime": "Coordinate digits are split by <br> in the converted cell; joined.",
    "komentars": "Avots: Ādažu novada CA plāns, lpp. 136 · 100 vietas",
    "id": "adazu-novads-izm-9"
   },
   "geometry": {
    "type": "Point",
    "coordinates": [
     24.32781,
     57.077979
    ]
   }
  },
  {
   "type": "Feature",
   "properties": {
    "kategorija": "izmitinasana",
    "nosaukums": "Aizkraukles novada pašvaldības administrācija",
    "adrese": "Lāčplēša iela 1, Aizkraukle",
    "pasvaldiba": "Aizkraukles novads",
    "pasvaldiba_slug": "aizkraukles-novads",
    "nr_plana": 1,
    "avots_teksts": "Avots: Aizkraukles novada CA plāns, lpp. 175",
    "plans_url": "https://www.aizkraukle.lv/lv/media/69197/download?attachment",
    "plans_fails": "22.01.2026_10_CAP_jauna_redakcija.md",
    "lpp": 175,
    "citats": "|1|Aizkra<br>ukles<br>novad<br>a<br>pašval<br>dības<br>admin<br>istrācij<br>a|administ<br>ratīvā<br>ēka|Aizkraukle<br>s novads||Aizkr<br>aukle|Lāčplēš<br>a iela|1|3201002<br>0217002|biroja telpas,<br>aktu zāle|200|0|nav|nav|ir|56.60<br>1451|25.25<br>3356||",
    "izdevejs": "Aizkraukles novads (pašvaldība)",
    "geokodesana": "plan_coords",
    "adrese_vzd": "Lāčplēša iela 1, Aizkraukle, Aizkraukles nov., LV-5101",
    "vzd_kods": "101630078",
    "plana_lat": 56.601451,
    "plana_lon": 25.253356,
    "koord_teksts": "56.60<br>1451; 25.25<br>3356",
    "karodzini": [],
    "vietas": 200,
    "gultas": 0,
    "edinasana": "Virtuve: nav",
    "izvilkuma_piezime": "Coordinate digits split by <br> in the converted cell; joined. Lat/Lon columns as labelled.",
    "komentars": "Avots: Aizkraukles novada CA plāns, lpp. 175 · 200 vietas",
    "id": "aizkraukles-novads-izm-1"
   },
   "geometry": {
    "type": "Point",
    "coordinates": [
     25.253356,
     56.601451
    ]
   }
  },
  {
   "type": "Feature",
   "properties": {
    "kategorija": "izmitinasana",
    "nosaukums": "Aizkraukles kultūras centrs",
    "adrese": "Spīdolas iela 2, Aizkraukle",
    "pasvaldiba": "Aizkraukles novads",
    "pasvaldiba_slug": "aizkraukles-novads",
    "nr_plana": 2,
    "avots_teksts": "Avots: Aizkraukles novada CA plāns, lpp. 175",
    "plans_url": "https://www.aizkraukle.lv/lv/media/69197/download?attachment",
    "plans_fails": "22.01.2026_10_CAP_jauna_redakcija.md",
    "lpp": 175,
    "citats": "|2|Aizkra<br>ukles<br>kultūr<br>as<br>centrs|kultūras<br>iestāde|Aizkraukle<br>s novads||Aizkr<br>aukle|Spīdola<br>s iela|2|3201002<br>0137001|lielā zāle,<br>mazā zāle|400|0|nav|ir|ir|56.59<br>6795|25.24<br>6035||",
    "izdevejs": "Aizkraukles novads (pašvaldība)",
    "geokodesana": "plan_coords",
    "adrese_vzd": "Spīdolas iela 2, Aizkraukle, Aizkraukles nov., LV-5101",
    "vzd_kods": "101630447",
    "plana_lat": 56.596795,
    "plana_lon": 25.246035,
    "koord_teksts": "56.59<br>6795; 25.24<br>6035",
    "karodzini": [],
    "vietas": 400,
    "gultas": 0,
    "edinasana": "Virtuve: ir",
    "izvilkuma_piezime": "Coordinate digits split by <br> in the converted cell; joined. Lat/Lon columns as labelled.",
    "komentars": "Avots: Aizkraukles novada CA plāns, lpp. 175 · 400 vietas",
    "id": "aizkraukles-novads-izm-2"
   },
   "geometry": {
    "type": "Point",
    "coordinates": [
     25.246035,
     56.596795
    ]
   }
  },
  {
   "type": "Feature",
   "properties": {
    "kategorija": "izmitinasana",
    "nosaukums": "Aizkraukles pagasta kultūras nams",
    "adrese": "Kalna iela 20, Aizkraukles pagasts",
    "pasvaldiba": "Aizkraukles novads",
    "pasvaldiba_slug": "aizkraukles-novads",
    "nr_plana": 3,
    "avots_teksts": "Avots: Aizkraukles novada CA plāns, lpp. 175",
    "plans_url": "https://www.aizkraukle.lv/lv/media/69197/download?attachment",
    "plans_fails": "22.01.2026_10_CAP_jauna_redakcija.md",
    "lpp": 175,
    "citats": "|3|Aizkra<br>ukles<br>pagast<br>a<br>kultūr<br>as<br>nams|kultūras<br>iestāde|Aizkraukle<br>s novads|Aizkraukl<br>es pagasts||Kalna<br>iela|20|3244005<br>0094001|lielā zāle,<br>mazā zāle|250|0|nav|nav|ir|56.61<br>5115|25.22<br>4723||",
    "izdevejs": "Aizkraukles novads (pašvaldība)",
    "geokodesana": "plan_coords",
    "adrese_vzd": "Kalna iela 20, Aizkraukle, Aizkraukles pag., Aizkraukles nov., LV-5101",
    "vzd_kods": "102347243",
    "plana_lat": 56.615115,
    "plana_lon": 25.224723,
    "koord_teksts": "56.61<br>5115; 25.22<br>4723",
    "karodzini": [],
    "vietas": 250,
    "gultas": 0,
    "edinasana": "Virtuve: nav",
    "izvilkuma_piezime": "Coordinate digits split by <br> in the converted cell; joined. Lat/Lon columns as labelled.",
    "komentars": "Avots: Aizkraukles novada CA plāns, lpp. 175 · 250 vietas",
    "id": "aizkraukles-novads-izm-3"
   },
   "geometry": {
    "type": "Point",
    "coordinates": [
     25.224723,
     56.615115
    ]
   }
  },
  {
   "type": "Feature",
   "properties": {
    "kategorija": "izmitinasana",
    "nosaukums": "Aizkraukles novada vidusskola",
    "adrese": "Draudzības krastmala 5, Aizkraukle",
    "pasvaldiba": "Aizkraukles novads",
    "pasvaldiba_slug": "aizkraukles-novads",
    "nr_plana": 4,
    "avots_teksts": "Avots: Aizkraukles novada CA plāns, lpp. 175",
    "plans_url": "https://www.aizkraukle.lv/lv/media/69197/download?attachment",
    "plans_fails": "22.01.2026_10_CAP_jauna_redakcija.md",
    "lpp": 175,
    "citats": "|4|Aizkra<br>ukles<br>novad<br>a|izglītība<br>s iestāde|Aizkraukle<br>s novads||Aizkr<br>aukle|Draudzī<br>bas<br>krastma<br>la|5|3201002<br>0108021|aktu zāle,<br>sporta zāle,<br>klašu telpas|300|0|nav|ir|ir|56.59<br>8541|25.25<br>2927||",
    "izdevejs": "Aizkraukles novads (pašvaldība)",
    "geokodesana": "plan_coords",
    "adrese_vzd": "Draudzības krastmala 5, Aizkraukle, Aizkraukles nov., LV-5101",
    "vzd_kods": "101629838",
    "plana_lat": 56.598541,
    "plana_lon": 25.252927,
    "koord_teksts": "56.59<br>8541; 25.25<br>2927",
    "karodzini": [],
    "vietas": 300,
    "gultas": 0,
    "edinasana": "Virtuve: ir",
    "izvilkuma_piezime": "Coordinate digits split by <br> in the converted cell; joined. Lat/Lon columns as labelled. Name split across pages 175/176 ('viduss kola' continues on next table line).",
    "komentars": "Avots: Aizkraukles novada CA plāns, lpp. 175 · 300 vietas",
    "id": "aizkraukles-novads-izm-4"
   },
   "geometry": {
    "type": "Point",
    "coordinates": [
     25.252927,
     56.598541
    ]
   }
  },
  {
   "type": "Feature",
   "properties": {
    "kategorija": "izmitinasana",
    "nosaukums": "Aizkraukles novada vidusskola",
    "adrese": "Lāčplēša iela 21, Aizkraukle",
    "pasvaldiba": "Aizkraukles novads",
    "pasvaldiba_slug": "aizkraukles-novads",
    "nr_plana": 5,
    "avots_teksts": "Avots: Aizkraukles novada CA plāns, lpp. 176",
    "plans_url": "https://www.aizkraukle.lv/lv/media/69197/download?attachment",
    "plans_fails": "22.01.2026_10_CAP_jauna_redakcija.md",
    "lpp": 176,
    "citats": "|5|Aizkra<br>ukles<br>novad<br>a<br>viduss<br>kola|izglītība<br>s iestāde|Aizkraukle<br>s novads||Aizkr<br>aukle|Lāčplēš<br>a iela|21|3201002<br>0222069|aktu zāle,<br>sporta zāle,<br>klašu telpas|300|0|nav|nav|ir|56.60<br>044|25.26<br>1087||",
    "izdevejs": "Aizkraukles novads (pašvaldība)",
    "geokodesana": "plan_coords",
    "adrese_vzd": "Lāčplēša iela 21, Aizkraukle, Aizkraukles nov., LV-5101",
    "vzd_kods": "101630117",
    "plana_lat": 56.60044,
    "plana_lon": 25.261087,
    "koord_teksts": "56.60<br>044; 25.26<br>1087",
    "karodzini": [],
    "vietas": 300,
    "gultas": 0,
    "edinasana": "Virtuve: nav",
    "izvilkuma_piezime": "Coordinate digits split by <br> in the converted cell; joined. Lat/Lon columns as labelled.",
    "komentars": "Avots: Aizkraukles novada CA plāns, lpp. 176 · 300 vietas",
    "id": "aizkraukles-novads-izm-5"
   },
   "geometry": {
    "type": "Point",
    "coordinates": [
     25.261087,
     56.60044
    ]
   }
  },
  {
   "type": "Feature",
   "properties": {
    "kategorija": "izmitinasana",
    "nosaukums": "Aizkraukles profesionālā vidusskola",
    "adrese": "Jaunceltnes iela 21, Aizkraukle",
    "pasvaldiba": "Aizkraukles novads",
    "pasvaldiba_slug": "aizkraukles-novads",
    "nr_plana": 6,
    "avots_teksts": "Avots: Aizkraukles novada CA plāns, lpp. 176",
    "plans_url": "https://www.aizkraukle.lv/lv/media/69197/download?attachment",
    "plans_fails": "22.01.2026_10_CAP_jauna_redakcija.md",
    "lpp": 176,
    "citats": "|6|Aizkra<br>ukles<br>profes<br>ionālā<br>viduss<br>kola|izglītība<br>s iestāde|Aizkraukle<br>s novads||Aizkr<br>aukle|Jauncelt<br>nes iela|21|3201002<br>0229001|aktu zāle,<br>sporta zāle,<br>klašu telpas|300|0|nav|ir|nav|56.60<br>7335|25.25<br>7354||",
    "izdevejs": "Aizkraukles novads (pašvaldība)",
    "geokodesana": "plan_coords",
    "adrese_vzd": "Jaunceltnes iela 21, Aizkraukle, Aizkraukles nov., LV-5101",
    "vzd_kods": "101630004",
    "plana_lat": 56.607335,
    "plana_lon": 25.257354,
    "koord_teksts": "56.60<br>7335; 25.25<br>7354",
    "karodzini": [],
    "vietas": 300,
    "gultas": 0,
    "edinasana": "Virtuve: ir",
    "izvilkuma_piezime": "Coordinate digits split by <br> in the converted cell; joined. Lat/Lon columns as labelled.",
    "komentars": "Avots: Aizkraukles novada CA plāns, lpp. 176 · 300 vietas",
    "id": "aizkraukles-novads-izm-6"
   },
   "geometry": {
    "type": "Point",
    "coordinates": [
     25.257354,
     56.607335
    ]
   }
  },
  {
   "type": "Feature",
   "properties": {
    "kategorija": "izmitinasana",
    "nosaukums": "Aizkraukles profesionālās vidusskolas dienesta viesnīca",
    "adrese": "Bērzu iela 14, Aizkraukle",
    "pasvaldiba": "Aizkraukles novads",
    "pasvaldiba_slug": "aizkraukles-novads",
    "nr_plana": 7,
    "avots_teksts": "Avots: Aizkraukles novada CA plāns, lpp. 176",
    "plans_url": "https://www.aizkraukle.lv/lv/media/69197/download?attachment",
    "plans_fails": "22.01.2026_10_CAP_jauna_redakcija.md",
    "lpp": 176,
    "citats": "|7|Aizkra<br>ukles<br>profes<br>ionālā<br>s<br>viduss<br>kolas<br>dienes<br>ta<br>viesnī<br>ca|izglītība<br>s<br>iestādes<br>dienesta<br>viesnīca|Aizkraukle<br>s novads||Aizkr<br>aukle|Bērzu<br>iela|14|3201002<br>0228001|viesnīcas<br>istabas|170|170|nav|ir|nav|56.60<br>5599|25.25<br>956||",
    "izdevejs": "Aizkraukles novads (pašvaldība)",
    "geokodesana": "plan_coords",
    "adrese_vzd": "Bērzu iela 14, Aizkraukle, Aizkraukles nov., LV-5101",
    "vzd_kods": "101629700",
    "plana_lat": 56.605599,
    "plana_lon": 25.25956,
    "koord_teksts": "56.60<br>5599; 25.25<br>956",
    "karodzini": [],
    "vietas": 170,
    "gultas": 170,
    "edinasana": "Virtuve: ir",
    "izvilkuma_piezime": "Coordinate digits split by <br> in the converted cell; joined. Lat/Lon columns as labelled. Plan's assembly-point table gives Bērzu iela 12 for the same dormitory.",
    "komentars": "Avots: Aizkraukles novada CA plāns, lpp. 176 · 170 vietas",
    "id": "aizkraukles-novads-izm-7"
   },
   "geometry": {
    "type": "Point",
    "coordinates": [
     25.25956,
     56.605599
    ]
   }
  },
  {
   "type": "Feature",
   "properties": {
    "kategorija": "izmitinasana",
    "nosaukums": "Sporta halle \"Irši\"",
    "adrese": "\"Pērses pamatskola\", Irši, Iršu pagasts",
    "pasvaldiba": "Aizkraukles novads",
    "pasvaldiba_slug": "aizkraukles-novads",
    "nr_plana": 8,
    "avots_teksts": "Avots: Aizkraukles novada CA plāns, lpp. 176",
    "plans_url": "https://www.aizkraukle.lv/lv/media/69197/download?attachment",
    "plans_fails": "22.01.2026_10_CAP_jauna_redakcija.md",
    "lpp": 176,
    "citats": "|8|Sporta<br>halle<br>\"Irši\"|sporta<br>centrs|Aizkraukle<br>s novads|Iršu<br>pagasts|Irši|\"Pērses<br>pamatsk<br>ola\"||3254003<br>0231002|sporta zāle|150|0|nav|nav|ir|56.79<br>3373|25.59<br>4665||",
    "izdevejs": "Aizkraukles novads (pašvaldība)",
    "geokodesana": "plan_coords",
    "adrese_vzd": "\"Pērses pamatskola\", Irši, Iršu pag., Aizkraukles nov., LV-5108",
    "vzd_kods": "103167246",
    "plana_lat": 56.793373,
    "plana_lon": 25.594665,
    "koord_teksts": "56.79<br>3373; 25.59<br>4665",
    "karodzini": [],
    "vietas": 150,
    "gultas": 0,
    "edinasana": "Virtuve: nav",
    "izvilkuma_piezime": "Coordinate digits split by <br> in the converted cell; joined. Lat/Lon columns as labelled.",
    "komentars": "Avots: Aizkraukles novada CA plāns, lpp. 176 · 150 vietas",
    "id": "aizkraukles-novads-izm-8"
   },
   "geometry": {
    "type": "Point",
    "coordinates": [
     25.594665,
     56.793373
    ]
   }
  },
  {
   "type": "Feature",
   "properties": {
    "kategorija": "izmitinasana",
    "nosaukums": "Bebru pamatskola",
    "adrese": "\"Bebru pamatskola\", Vecbebri, Bebru pagasts",
    "pasvaldiba": "Aizkraukles novads",
    "pasvaldiba_slug": "aizkraukles-novads",
    "nr_plana": 9,
    "avots_teksts": "Avots: Aizkraukles novada CA plāns, lpp. 176",
    "plans_url": "https://www.aizkraukle.lv/lv/media/69197/download?attachment",
    "plans_fails": "22.01.2026_10_CAP_jauna_redakcija.md",
    "lpp": 176,
    "citats": "|9|Bebru<br>pamat<br>skola|izglītība<br>s iestāde|Aizkraukle<br>s novads|Bebru<br>pagasts|Vecbe<br>bri|\"Bebru<br>pamatsk<br>ola\"||3246006<br>0176001|sporta zāle|50|0|nav|nav|ir|56.72<br>0128|25.49<br>0032||",
    "izdevejs": "Aizkraukles novads (pašvaldība)",
    "geokodesana": "plan_coords",
    "adrese_vzd": "\"Bebru pamatskola\", Vecbebri, Bebru pag., Aizkraukles nov., LV-5135",
    "vzd_kods": "105972272",
    "plana_lat": 56.720128,
    "plana_lon": 25.490032,
    "koord_teksts": "56.72<br>0128; 25.49<br>0032",
    "karodzini": [],
    "vietas": 50,
    "gultas": 0,
    "edinasana": "Virtuve: nav",
    "izvilkuma_piezime": "Coordinate digits split by <br> in the converted cell; joined. Lat/Lon columns as labelled.",
    "komentars": "Avots: Aizkraukles novada CA plāns, lpp. 176 · 50 vietas",
    "id": "aizkraukles-novads-izm-9"
   },
   "geometry": {
    "type": "Point",
    "coordinates": [
     25.490032,
     56.720128
    ]
   }
  },
  {
   "type": "Feature",
   "properties": {
    "kategorija": "izmitinasana",
    "nosaukums": "Dienesta viesnīca",
    "adrese": "\"Dienesta viesnīca\", Vecbebri, Bebru pagasts",
    "pasvaldiba": "Aizkraukles novads",
    "pasvaldiba_slug": "aizkraukles-novads",
    "nr_plana": 10,
    "avots_teksts": "Avots: Aizkraukles novada CA plāns, lpp. 176",
    "plans_url": "https://www.aizkraukle.lv/lv/media/69197/download?attachment",
    "plans_fails": "22.01.2026_10_CAP_jauna_redakcija.md",
    "lpp": 176,
    "citats": "|10|Diene<br>sta<br>viesnī<br>ca|dienesta<br>viesnīca|Aizkraukle<br>s novads|Bebru<br>pagasts|Vecbe<br>bri|\"Dienes<br>ta<br>viesnīca<br>\"||3246006<br>0110001|viesnīcas<br>istabas|300|300|nav|ir|nav|56.72<br>3498|25.47<br>7884||",
    "izdevejs": "Aizkraukles novads (pašvaldība)",
    "geokodesana": "plan_coords",
    "adrese_vzd": "\"Dienesta viesnīca\", Vecbebri, Bebru pag., Aizkraukles nov., LV-5135",
    "vzd_kods": "103214074",
    "plana_lat": 56.723498,
    "plana_lon": 25.477884,
    "koord_teksts": "56.72<br>3498; 25.47<br>7884",
    "karodzini": [],
    "vietas": 300,
    "gultas": 300,
    "edinasana": "Virtuve: ir",
    "izvilkuma_piezime": "Coordinate digits split by <br> in the converted cell; joined. Lat/Lon columns as labelled.",
    "komentars": "Avots: Aizkraukles novada CA plāns, lpp. 176 · 300 vietas",
    "id": "aizkraukles-novads-izm-10"
   },
   "geometry": {
    "type": "Point",
    "coordinates": [
     25.477884,
     56.723498
    ]
   }
  },
  {
   "type": "Feature",
   "properties": {
    "kategorija": "izmitinasana",
    "nosaukums": "Kokneses kultūras centrs",
    "adrese": "Hanzas iela 2, Koknese",
    "pasvaldiba": "Aizkraukles novads",
    "pasvaldiba_slug": "aizkraukles-novads",
    "nr_plana": 11,
    "avots_teksts": "Avots: Aizkraukles novada CA plāns, lpp. 177",
    "plans_url": "https://www.aizkraukle.lv/lv/media/69197/download?attachment",
    "plans_fails": "22.01.2026_10_CAP_jauna_redakcija.md",
    "lpp": 177,
    "citats": "Kokn Hanzas  3260013 56.65 25.43",
    "izdevejs": "Aizkraukles novads (pašvaldība)",
    "geokodesana": "plan_coords",
    "adrese_vzd": "Hanzas iela 2, Koknese, Aizkraukles nov., LV-5113",
    "vzd_kods": "101640216",
    "plana_lat": 56.650385,
    "plana_lon": 25.438681,
    "koord_teksts": "56.65 … 0385; 25.43 … 8681",
    "karodzini": [],
    "vietas": 100,
    "gultas": 0,
    "edinasana": "Virtuve: nav",
    "izvilkuma_piezime": "Row is in a '[attēls izlaists]' picture-text block (p. 177); cells and coordinate fragments are scattered over the <br>-separated text and were reassembled by reading order — verify against the original.",
    "komentars": "Avots: Aizkraukles novada CA plāns, lpp. 177 · 100 vietas",
    "id": "aizkraukles-novads-izm-11"
   },
   "geometry": {
    "type": "Point",
    "coordinates": [
     25.438681,
     56.650385
    ]
   }
  },
  {
   "type": "Feature",
   "properties": {
    "kategorija": "izmitinasana",
    "nosaukums": "Andreja Upīša Skrīveru vidusskolas dienesta viesnīca",
    "adrese": "Daugavas iela 85, Skrīveri, Skrīveru pagasts",
    "pasvaldiba": "Aizkraukles novads",
    "pasvaldiba_slug": "aizkraukles-novads",
    "nr_plana": 12,
    "avots_teksts": "Avots: Aizkraukles novada CA plāns, lpp. 177",
    "plans_url": "https://www.aizkraukle.lv/lv/media/69197/download?attachment",
    "plans_fails": "22.01.2026_10_CAP_jauna_redakcija.md",
    "lpp": 177,
    "citats": "Skrīv Daugav 3282008 viesnīcas  56.64 25.11",
    "izdevejs": "Aizkraukles novads (pašvaldība)",
    "geokodesana": "plan_coords",
    "adrese_vzd": "Daugavas iela 85, Skrīveri, Skrīveru pag., Aizkraukles nov., LV-5125",
    "vzd_kods": "102684873",
    "plana_lat": 56.647206,
    "plana_lon": 25.117685,
    "koord_teksts": "56.64 … 7206; 25.11 … 7685",
    "karodzini": [],
    "vietas": 30,
    "gultas": 30,
    "edinasana": "Virtuve: nav",
    "izvilkuma_piezime": "Row is in a '[attēls izlaists]' picture-text block (p. 177); cells and coordinate fragments are scattered over the <br>-separated text and were reassembled by reading order — verify against the original. Building number 85 / capacity 30 / beds 30 inferred from picture-text order ('85  30  30').",
    "komentars": "Avots: Aizkraukles novada CA plāns, lpp. 177 · 30 vietas",
    "id": "aizkraukles-novads-izm-12"
   },
   "geometry": {
    "type": "Point",
    "coordinates": [
     25.117685,
     56.647206
    ]
   }
  },
  {
   "type": "Feature",
   "properties": {
    "kategorija": "izmitinasana",
    "nosaukums": "Andreja Upīša Skrīveru vidusskola",
    "adrese": "Stacijas laukums 1, Skrīveri, Skrīveru pagasts",
    "pasvaldiba": "Aizkraukles novads",
    "pasvaldiba_slug": "aizkraukles-novads",
    "nr_plana": 13,
    "avots_teksts": "Avots: Aizkraukles novada CA plāns, lpp. 177",
    "plans_url": "https://www.aizkraukle.lv/lv/media/69197/download?attachment",
    "plans_fails": "22.01.2026_10_CAP_jauna_redakcija.md",
    "lpp": 177,
    "citats": "Skrīv Stacijas  3282008 sporta zāle,  56.64 2512",
    "izdevejs": "Aizkraukles novads (pašvaldība)",
    "geokodesana": "varis_address",
    "adrese_vzd": "Stacijas laukums 1, Skrīveri, Skrīveru pag., Aizkraukles nov., LV-5125",
    "vzd_kods": "103287636",
    "plana_lat": null,
    "plana_lon": null,
    "koord_teksts": "56.64 … 6933; 2512 … 1158",
    "karodzini": [],
    "vietas": 500,
    "gultas": 0,
    "edinasana": "Virtuve: ir",
    "izvilkuma_piezime": "Row is in a '[attēls izlaists]' picture-text block (p. 177); cells and coordinate fragments are scattered over the <br>-separated text and were reassembled by reading order — verify against the original. Lon printed as '2512' + '1158' without a decimal point; left null.",
    "komentars": "Avots: Aizkraukles novada CA plāns, lpp. 177 · 500 vietas · vieta noteikta pēc adreses (VZD)",
    "id": "aizkraukles-novads-izm-13"
   },
   "geometry": {
    "type": "Point",
    "coordinates": [
     25.121133,
     56.646929
    ]
   }
  },
  {
   "type": "Feature",
   "properties": {
    "kategorija": "izmitinasana",
    "nosaukums": "Skrīveru pirmsskolas izglītības iestāde \"Saulēni\"",
    "adrese": "Zemkopības institūts 15, Skrīveri, Skrīveru pagasts",
    "pasvaldiba": "Aizkraukles novads",
    "pasvaldiba_slug": "aizkraukles-novads",
    "nr_plana": 14,
    "avots_teksts": "Avots: Aizkraukles novada CA plāns, lpp. 177",
    "plans_url": "https://www.aizkraukle.lv/lv/media/69197/download?attachment",
    "plans_fails": "22.01.2026_10_CAP_jauna_redakcija.md",
    "lpp": 177,
    "citats": "Skrīv 3282007 56.62 25.12<br>14",
    "izdevejs": "Aizkraukles novads (pašvaldība)",
    "geokodesana": "plan_coords",
    "adrese_vzd": "\"Zemkopības institūts 15\", Zemkopības institūts, Skrīveru pag., Aizkraukles nov., LV-5125",
    "vzd_kods": "103347938",
    "plana_lat": 56.625463,
    "plana_lon": 25.128577,
    "koord_teksts": "56.62 … 5463; 25.12 … 8577",
    "karodzini": [],
    "vietas": 30,
    "gultas": 10,
    "edinasana": "Virtuve: ir",
    "izvilkuma_piezime": "Row is in a '[attēls izlaists]' picture-text block (p. 177); cells and coordinate fragments are scattered over the <br>-separated text and were reassembled by reading order — verify against the original.",
    "komentars": "Avots: Aizkraukles novada CA plāns, lpp. 177 · 30 vietas",
    "id": "aizkraukles-novads-izm-14"
   },
   "geometry": {
    "type": "Point",
    "coordinates": [
     25.128577,
     56.625463
    ]
   }
  },
  {
   "type": "Feature",
   "properties": {
    "kategorija": "izmitinasana",
    "nosaukums": "Skrīveru pirmsskolas izglītības iestāde \"Sprīdītis\"",
    "adrese": "Sprīdīša iela 1, Skrīveri, Skrīveru pagasts",
    "pasvaldiba": "Aizkraukles novads",
    "pasvaldiba_slug": "aizkraukles-novads",
    "nr_plana": 15,
    "avots_teksts": "Avots: Aizkraukles novada CA plāns, lpp. 178",
    "plans_url": "https://www.aizkraukle.lv/lv/media/69197/download?attachment",
    "plans_fails": "22.01.2026_10_CAP_jauna_redakcija.md",
    "lpp": 178,
    "citats": "|15|Skrīve<br>ru<br>pirmss<br>kolas<br>izglītī<br>bas<br>iestād<br>e<br>\"Sprīd<br>ītis\"|izglītība<br>s iestāde|Aizkraukle<br>s novads|Skrīveru<br>pagasts|Skrīv<br>eri|Sprīdīša<br>iela|1|3282010<br>0441001|aktu zāle,<br>grupiņu<br>telpas|300|50|nav|ir|ir|56.65<br>7398|25.12<br>4601||",
    "izdevejs": "Aizkraukles novads (pašvaldība)",
    "geokodesana": "plan_coords",
    "adrese_vzd": "Sprīdīša iela 1, Skrīveri, Skrīveru pag., Aizkraukles nov., LV-5125",
    "vzd_kods": "102361728",
    "plana_lat": 56.657398,
    "plana_lon": 25.124601,
    "koord_teksts": "56.65<br>7398; 25.12<br>4601",
    "karodzini": [],
    "vietas": 300,
    "gultas": 50,
    "edinasana": "Virtuve: ir",
    "izvilkuma_piezime": "Coordinate digits split by <br> in the converted cell; joined. Lat/Lon columns as labelled.",
    "komentars": "Avots: Aizkraukles novada CA plāns, lpp. 178 · 300 vietas",
    "id": "aizkraukles-novads-izm-15"
   },
   "geometry": {
    "type": "Point",
    "coordinates": [
     25.124601,
     56.657398
    ]
   }
  },
  {
   "type": "Feature",
   "properties": {
    "kategorija": "izmitinasana",
    "nosaukums": "Neretas apvienības pārvalde",
    "adrese": "Rīgas iela 1, Nereta, Neretas pagasts",
    "pasvaldiba": "Aizkraukles novads",
    "pasvaldiba_slug": "aizkraukles-novads",
    "nr_plana": 16,
    "avots_teksts": "Avots: Aizkraukles novada CA plāns, lpp. 178",
    "plans_url": "https://www.aizkraukle.lv/lv/media/69197/download?attachment",
    "plans_fails": "22.01.2026_10_CAP_jauna_redakcija.md",
    "lpp": 178,
    "citats": "|16|Nereta<br>s<br>apvien<br>ības<br>pārval<br>de|administ<br>ratīvā<br>ēka|Aizkraukle<br>s novads|Neretas<br>pagasts|Neret<br>a|Rīgas<br>iela|1|3270007<br>0367003|biroja telpas|30|0|nav|nav|ir|56.20<br>5452|25.30<br>6718||",
    "izdevejs": "Aizkraukles novads (pašvaldība)",
    "geokodesana": "plan_coords",
    "adrese_vzd": "Rīgas iela 1, Nereta, Neretas pag., Aizkraukles nov., LV-5118",
    "vzd_kods": "101640827",
    "plana_lat": 56.205452,
    "plana_lon": 25.306718,
    "koord_teksts": "56.20<br>5452; 25.30<br>6718",
    "karodzini": [],
    "vietas": 30,
    "gultas": 0,
    "edinasana": "Virtuve: nav",
    "izvilkuma_piezime": "Coordinate digits split by <br> in the converted cell; joined. Lat/Lon columns as labelled.",
    "komentars": "Avots: Aizkraukles novada CA plāns, lpp. 178 · 30 vietas",
    "id": "aizkraukles-novads-izm-16"
   },
   "geometry": {
    "type": "Point",
    "coordinates": [
     25.306718,
     56.205452
    ]
   }
  },
  {
   "type": "Feature",
   "properties": {
    "kategorija": "izmitinasana",
    "nosaukums": "Neretas kultūras centrs",
    "adrese": "Pētera Lodzina iela 1, Nereta, Neretas pagasts",
    "pasvaldiba": "Aizkraukles novads",
    "pasvaldiba_slug": "aizkraukles-novads",
    "nr_plana": 17,
    "avots_teksts": "Avots: Aizkraukles novada CA plāns, lpp. 178",
    "plans_url": "https://www.aizkraukle.lv/lv/media/69197/download?attachment",
    "plans_fails": "22.01.2026_10_CAP_jauna_redakcija.md",
    "lpp": 178,
    "citats": "|17|Nereta<br>s<br>kultūr<br>as<br>centrs|kultūras<br>iestāde|Aizkraukle<br>s novads|Neretas<br>pagasts|Neret<br>a|Pētera<br>Lodzina<br>iela|1|3270007<br>0363001|aktu zāle|200|0|nav|nav|ir|56.20<br>3793|25.30<br>8263||",
    "izdevejs": "Aizkraukles novads (pašvaldība)",
    "geokodesana": "plan_coords",
    "adrese_vzd": "Pētera Lodziņa iela 1, Nereta, Neretas pag., Aizkraukles nov., LV-5118",
    "vzd_kods": "101640771",
    "plana_lat": 56.203793,
    "plana_lon": 25.308263,
    "koord_teksts": "56.20<br>3793; 25.30<br>8263",
    "karodzini": [],
    "vietas": 200,
    "gultas": 0,
    "edinasana": "Virtuve: nav",
    "izvilkuma_piezime": "Coordinate digits split by <br> in the converted cell; joined. Lat/Lon columns as labelled.",
    "komentars": "Avots: Aizkraukles novada CA plāns, lpp. 178 · 200 vietas",
    "id": "aizkraukles-novads-izm-17"
   },
   "geometry": {
    "type": "Point",
    "coordinates": [
     25.308263,
     56.203793
    ]
   }
  },
  {
   "type": "Feature",
   "properties": {
    "kategorija": "izmitinasana",
    "nosaukums": "Neretas Jāņa Jaunsudrabiņa vidusskola",
    "adrese": "Dzirnavu iela 4, Nereta, Neretas pagasts",
    "pasvaldiba": "Aizkraukles novads",
    "pasvaldiba_slug": "aizkraukles-novads",
    "nr_plana": 18,
    "avots_teksts": "Avots: Aizkraukles novada CA plāns, lpp. 178",
    "plans_url": "https://www.aizkraukle.lv/lv/media/69197/download?attachment",
    "plans_fails": "22.01.2026_10_CAP_jauna_redakcija.md",
    "lpp": 178,
    "citats": "|18|Nereta<br>s Jāņa<br>Jaunsu<br>drabiņ<br>a<br>viduss<br>kola|izglītība<br>s iestāde|Aizkraukle<br>s novads|Neretas<br>pagasts|Neret<br>a|Dzirnav<br>u iela|4|3270007<br>0365004|aktu zāle,<br>sporta zāle,<br>klašu telpas|300|0|nav|ir|ir|56.20<br>0349|25.31<br>1531||",
    "izdevejs": "Aizkraukles novads (pašvaldība)",
    "geokodesana": "plan_coords",
    "adrese_vzd": "Dzirnavu iela 4, Nereta, Neretas pag., Aizkraukles nov., LV-5118",
    "vzd_kods": "102352011",
    "plana_lat": 56.200349,
    "plana_lon": 25.311531,
    "koord_teksts": "56.20<br>0349; 25.31<br>1531",
    "karodzini": [],
    "vietas": 300,
    "gultas": 0,
    "edinasana": "Virtuve: ir",
    "izvilkuma_piezime": "Coordinate digits split by <br> in the converted cell; joined. Lat/Lon columns as labelled.",
    "komentars": "Avots: Aizkraukles novada CA plāns, lpp. 178 · 300 vietas",
    "id": "aizkraukles-novads-izm-18"
   },
   "geometry": {
    "type": "Point",
    "coordinates": [
     25.311531,
     56.200349
    ]
   }
  },
  {
   "type": "Feature",
   "properties": {
    "kategorija": "izmitinasana",
    "nosaukums": "Neretas Jāņa Jaunsudrabiņa vidusskolas dienesta viesnīca",
    "adrese": "Ziedu iela 20, Nereta, Neretas pagasts",
    "pasvaldiba": "Aizkraukles novads",
    "pasvaldiba_slug": "aizkraukles-novads",
    "nr_plana": 19,
    "avots_teksts": "Avots: Aizkraukles novada CA plāns, lpp. 178",
    "plans_url": "https://www.aizkraukle.lv/lv/media/69197/download?attachment",
    "plans_fails": "22.01.2026_10_CAP_jauna_redakcija.md",
    "lpp": 178,
    "citats": "|19|Nereta<br>s Jāņa<br>Jaunsu<br>drabiņ<br>a<br>viduss<br>kolas<br>dienes<br>ta<br>viesnī<br>ca|izglītība<br>s<br>iestādes<br>dienesta<br>viesnīca|Aizkraukle<br>s novads|Neretas<br>pagasts|Neret<br>a|Ziedu<br>iela|20|3270007<br>0413001|viesnīcas<br>istabas|40|40|nav|ir|nav|56.19<br>9975|25.31<br>4416||",
    "izdevejs": "Aizkraukles novads (pašvaldība)",
    "geokodesana": "plan_coords",
    "adrese_vzd": "Ziedu iela 20, Nereta, Neretas pag., Aizkraukles nov., LV-5118",
    "vzd_kods": "102684785",
    "plana_lat": 56.199975,
    "plana_lon": 25.314416,
    "koord_teksts": "56.19<br>9975; 25.31<br>4416",
    "karodzini": [],
    "vietas": 40,
    "gultas": 40,
    "edinasana": "Virtuve: ir",
    "izvilkuma_piezime": "Coordinate digits split by <br> in the converted cell; joined. Lat/Lon columns as labelled.",
    "komentars": "Avots: Aizkraukles novada CA plāns, lpp. 178 · 40 vietas",
    "id": "aizkraukles-novads-izm-19"
   },
   "geometry": {
    "type": "Point",
    "coordinates": [
     25.314416,
     56.199975
    ]
   }
  },
  {
   "type": "Feature",
   "properties": {
    "kategorija": "izmitinasana",
    "nosaukums": "Neretas pirmsskolas izglītības iestāde \"Ziediņš\"",
    "adrese": "Pasta iela 20, Nereta, Neretas pagasts",
    "pasvaldiba": "Aizkraukles novads",
    "pasvaldiba_slug": "aizkraukles-novads",
    "nr_plana": 20,
    "avots_teksts": "Avots: Aizkraukles novada CA plāns, lpp. 179",
    "plans_url": "https://www.aizkraukle.lv/lv/media/69197/download?attachment",
    "plans_fails": "22.01.2026_10_CAP_jauna_redakcija.md",
    "lpp": 179,
    "citats": "|20|Nereta<br>s<br>pirmss<br>kolas<br>izglītī<br>bas<br>iestād<br>e<br>\"Ziedi<br>ņš\"|izglītība<br>s iestāde|Aizkraukle<br>s novads|Neretas<br>pagasts|Neret<br>a|Pasta<br>iela|20|3270007<br>0364001|aktu zāle,<br>grupiņu<br>telpas|100|40|nav|ir|ir|56.20<br>4255|25.30<br>2896||",
    "izdevejs": "Aizkraukles novads (pašvaldība)",
    "geokodesana": "plan_coords",
    "adrese_vzd": "Pasta iela 20, Nereta, Neretas pag., Aizkraukles nov., LV-5118",
    "vzd_kods": "102353335",
    "plana_lat": 56.204255,
    "plana_lon": 25.302896,
    "koord_teksts": "56.20<br>4255; 25.30<br>2896",
    "karodzini": [],
    "vietas": 100,
    "gultas": 40,
    "edinasana": "Virtuve: ir",
    "izvilkuma_piezime": "Coordinate digits split by <br> in the converted cell; joined. Lat/Lon columns as labelled.",
    "komentars": "Avots: Aizkraukles novada CA plāns, lpp. 179 · 100 vietas",
    "id": "aizkraukles-novads-izm-20"
   },
   "geometry": {
    "type": "Point",
    "coordinates": [
     25.302896,
     56.204255
    ]
   }
  },
  {
   "type": "Feature",
   "properties": {
    "kategorija": "izmitinasana",
    "nosaukums": "Sproģu skola",
    "adrese": "\"Sproģu skola\", Sproģi, Zalves pagasts",
    "pasvaldiba": "Aizkraukles novads",
    "pasvaldiba_slug": "aizkraukles-novads",
    "nr_plana": 21,
    "avots_teksts": "Avots: Aizkraukles novada CA plāns, lpp. 179",
    "plans_url": "https://www.aizkraukle.lv/lv/media/69197/download?attachment",
    "plans_fails": "22.01.2026_10_CAP_jauna_redakcija.md",
    "lpp": 179,
    "citats": "|21|Sproģ<br>u<br>skola|bijusī<br>izglītība<br>siestāde|Aizkraukle<br>s novads|Zalves<br>pagasts|Sproģ<br>i|\"Sproģu<br>skola\"||3296013<br>0123001|Klašu telpas|50|nav|nav|ir|ir|56.27<br>6077|25.16<br>6942||",
    "izdevejs": "Aizkraukles novads (pašvaldība)",
    "geokodesana": "plan_coords",
    "adrese_vzd": "\"Sproģu skola\", Sproģi, Zalves pag., Aizkraukles nov., LV-5112",
    "vzd_kods": "106021718",
    "plana_lat": 56.276077,
    "plana_lon": 25.166942,
    "koord_teksts": "56.27<br>6077; 25.16<br>6942",
    "karodzini": [],
    "vietas": 50,
    "gultas": 0,
    "edinasana": "Virtuve: ir",
    "izvilkuma_piezime": "Coordinate digits split by <br> in the converted cell; joined. Lat/Lon columns as labelled. Beds column says 'nav' (read as 0).",
    "komentars": "Avots: Aizkraukles novada CA plāns, lpp. 179 · 50 vietas",
    "id": "aizkraukles-novads-izm-21"
   },
   "geometry": {
    "type": "Point",
    "coordinates": [
     25.166942,
     56.276077
    ]
   }
  },
  {
   "type": "Feature",
   "properties": {
    "kategorija": "izmitinasana",
    "nosaukums": "Zalves pagasta klubs, kultūras nams",
    "adrese": "\"Atpūtas\", Zalve, Zalves pagasts",
    "pasvaldiba": "Aizkraukles novads",
    "pasvaldiba_slug": "aizkraukles-novads",
    "nr_plana": 22,
    "avots_teksts": "Avots: Aizkraukles novada CA plāns, lpp. 179",
    "plans_url": "https://www.aizkraukle.lv/lv/media/69197/download?attachment",
    "plans_fails": "22.01.2026_10_CAP_jauna_redakcija.md",
    "lpp": 179,
    "citats": "|22|Zalves<br>pagast<br>a<br>klubs,<br>kultūr<br>as<br>nams|kultūras<br>iestāde|Aizkraukle<br>s novads|Zalves<br>pagasts|Zalve|\"Atpūta<br>s\"||3296006<br>0220001|aktu zāle|50|0|nav|nav|ir|56.32<br>2055|25.24<br>1467||",
    "izdevejs": "Aizkraukles novads (pašvaldība)",
    "geokodesana": "plan_coords",
    "adrese_vzd": "\"Atpūtas\", Zalve, Zalves pag., Aizkraukles nov., LV-5112",
    "vzd_kods": "105230481",
    "plana_lat": 56.322055,
    "plana_lon": 25.241467,
    "koord_teksts": "56.32<br>2055; 25.24<br>1467",
    "karodzini": [],
    "vietas": 50,
    "gultas": 0,
    "edinasana": "Virtuve: nav",
    "izvilkuma_piezime": "Coordinate digits split by <br> in the converted cell; joined. Lat/Lon columns as labelled.",
    "komentars": "Avots: Aizkraukles novada CA plāns, lpp. 179 · 50 vietas",
    "id": "aizkraukles-novads-izm-22"
   },
   "geometry": {
    "type": "Point",
    "coordinates": [
     25.241467,
     56.322055
    ]
   }
  },
  {
   "type": "Feature",
   "properties": {
    "kategorija": "izmitinasana",
    "nosaukums": "Zalves pamatskola",
    "adrese": "\"Lielzalves muiža\", Zalve, Zalves pagasts",
    "pasvaldiba": "Aizkraukles novads",
    "pasvaldiba_slug": "aizkraukles-novads",
    "nr_plana": 23,
    "avots_teksts": "Avots: Aizkraukles novada CA plāns, lpp. 179",
    "plans_url": "https://www.aizkraukle.lv/lv/media/69197/download?attachment",
    "plans_fails": "22.01.2026_10_CAP_jauna_redakcija.md",
    "lpp": 179,
    "citats": "|23|Zalves<br>pamat<br>skola|bijusī<br>izglītība<br>siestāde|Aizkraukle<br>s novads|Zalves<br>pagasts|Zalve|\"Lielzal<br>ves<br>muiža\"||3296006<br>0214001|aktu zāle|80|0|nav|ir|ir|56.32<br>6162|25.24<br>7444||",
    "izdevejs": "Aizkraukles novads (pašvaldība)",
    "geokodesana": "plan_coords",
    "adrese_vzd": "\"Lielzalves muiža\", Zalve, Zalves pag., Aizkraukles nov., LV-5112",
    "vzd_kods": "106322091",
    "plana_lat": 56.326162,
    "plana_lon": 25.247444,
    "koord_teksts": "56.32<br>6162; 25.24<br>7444",
    "karodzini": [],
    "vietas": 80,
    "gultas": 0,
    "edinasana": "Virtuve: ir",
    "izvilkuma_piezime": "Coordinate digits split by <br> in the converted cell; joined. Lat/Lon columns as labelled.",
    "komentars": "Avots: Aizkraukles novada CA plāns, lpp. 179 · 80 vietas",
    "id": "aizkraukles-novads-izm-23"
   },
   "geometry": {
    "type": "Point",
    "coordinates": [
     25.247444,
     56.326162
    ]
   }
  },
  {
   "type": "Feature",
   "properties": {
    "kategorija": "izmitinasana",
    "nosaukums": "Pilskalnes pamatskola",
    "adrese": "Nākotnes iela 4, Pilskalne, Pilskalnes pagasts",
    "pasvaldiba": "Aizkraukles novads",
    "pasvaldiba_slug": "aizkraukles-novads",
    "nr_plana": 24,
    "avots_teksts": "Avots: Aizkraukles novada CA plāns, lpp. 179",
    "plans_url": "https://www.aizkraukle.lv/lv/media/69197/download?attachment",
    "plans_fails": "22.01.2026_10_CAP_jauna_redakcija.md",
    "lpp": 179,
    "citats": "|24|Pilskal<br>nes<br>pamat<br>skola|bijusī<br>izglītība<br>s iestāde|Aizkraukle<br>s novads|Pilskalnes<br>pagasts|Pilska<br>lne|Nākotne<br>s iela|4|3274005<br>0233001|klašu telpas|300|0|nav|nav|nav|56.19<br>2647|25.17<br>9438||",
    "izdevejs": "Aizkraukles novads (pašvaldība)",
    "geokodesana": "plan_coords",
    "adrese_vzd": "Nākotnes iela 4, Pilskalne, Pilskalnes pag., Aizkraukles nov., LV-5110",
    "vzd_kods": "102354417",
    "plana_lat": 56.192647,
    "plana_lon": 25.179438,
    "koord_teksts": "56.19<br>2647; 25.17<br>9438",
    "karodzini": [],
    "vietas": 300,
    "gultas": 0,
    "edinasana": "Virtuve: nav",
    "izvilkuma_piezime": "Coordinate digits split by <br> in the converted cell; joined. Lat/Lon columns as labelled.",
    "komentars": "Avots: Aizkraukles novada CA plāns, lpp. 179 · 300 vietas",
    "id": "aizkraukles-novads-izm-24"
   },
   "geometry": {
    "type": "Point",
    "coordinates": [
     25.179438,
     56.192647
    ]
   }
  },
  {
   "type": "Feature",
   "properties": {
    "kategorija": "izmitinasana",
    "nosaukums": "Mazzalves pamatskola",
    "adrese": "Skolas iela 1, Ērberģe, Mazzalves pagasts",
    "pasvaldiba": "Aizkraukles novads",
    "pasvaldiba_slug": "aizkraukles-novads",
    "nr_plana": 25,
    "avots_teksts": "Avots: Aizkraukles novada CA plāns, lpp. 179",
    "plans_url": "https://www.aizkraukle.lv/lv/media/69197/download?attachment",
    "plans_fails": "22.01.2026_10_CAP_jauna_redakcija.md",
    "lpp": 179,
    "citats": "|25|Mazza<br>lves<br>pamat<br>skola|izglītība<br>s iestāde|Aizkraukle<br>s novads|Mazzalve<br>s pagasts|Ērber<br>ģe|Skolas<br>iela|1|3266010<br>0266001|klašu telpas,<br>sporta halle,<br>kamīnzāle|100|0|nav|ir|nav|56.36<br>4789|25.01<br>7267||",
    "izdevejs": "Aizkraukles novads (pašvaldība)",
    "geokodesana": "plan_coords",
    "adrese_vzd": "Skolas iela 1, Ērberģe, Mazzalves pag., Aizkraukles nov., LV-5133",
    "vzd_kods": "104763085",
    "plana_lat": 56.364789,
    "plana_lon": 25.017267,
    "koord_teksts": "56.36<br>4789; 25.01<br>7267",
    "karodzini": [],
    "vietas": 100,
    "gultas": 0,
    "edinasana": "Virtuve: ir",
    "izvilkuma_piezime": "Coordinate digits split by <br> in the converted cell; joined. Lat/Lon columns as labelled.",
    "komentars": "Avots: Aizkraukles novada CA plāns, lpp. 179 · 100 vietas",
    "id": "aizkraukles-novads-izm-25"
   },
   "geometry": {
    "type": "Point",
    "coordinates": [
     25.017267,
     56.364789
    ]
   }
  },
  {
   "type": "Feature",
   "properties": {
    "kategorija": "izmitinasana",
    "nosaukums": "Mazzalves pagasta pakalpojumu centrs",
    "adrese": "Liepu iela 2, Ērberģe, Mazzalves pagasts",
    "pasvaldiba": "Aizkraukles novads",
    "pasvaldiba_slug": "aizkraukles-novads",
    "nr_plana": 26,
    "avots_teksts": "Avots: Aizkraukles novada CA plāns, lpp. 179",
    "plans_url": "https://www.aizkraukle.lv/lv/media/69197/download?attachment",
    "plans_fails": "22.01.2026_10_CAP_jauna_redakcija.md",
    "lpp": 179,
    "citats": "|26|Mazza<br>lves<br>pagast<br>a<br>pakalp<br>ojumu<br>centrs|administ<br>ratīvā<br>ēka|Aizkraukle<br>s novads|Mazzalve<br>s pagasts|Ērber<br>ģe|Liepu<br>iela|2|3266010<br>0265001|biroja telpas|40|0|nav|nav|ir|56.36<br>8949|25.01<br>8098||",
    "izdevejs": "Aizkraukles novads (pašvaldība)",
    "geokodesana": "plan_coords",
    "adrese_vzd": "Liepu iela 2, Ērberģe, Mazzalves pag., Aizkraukles nov., LV-5133",
    "vzd_kods": "104762983",
    "plana_lat": 56.368949,
    "plana_lon": 25.018098,
    "koord_teksts": "56.36<br>8949; 25.01<br>8098",
    "karodzini": [],
    "vietas": 40,
    "gultas": 0,
    "edinasana": "Virtuve: nav",
    "izvilkuma_piezime": "Coordinate digits split by <br> in the converted cell; joined. Lat/Lon columns as labelled.",
    "komentars": "Avots: Aizkraukles novada CA plāns, lpp. 179 · 40 vietas",
    "id": "aizkraukles-novads-izm-26"
   },
   "geometry": {
    "type": "Point",
    "coordinates": [
     25.018098,
     56.368949
    ]
   }
  },
  {
   "type": "Feature",
   "properties": {
    "kategorija": "izmitinasana",
    "nosaukums": "Staburaga saieta nams",
    "adrese": "\"Vīgante\", Staburags, Staburaga pagasts",
    "pasvaldiba": "Aizkraukles novads",
    "pasvaldiba_slug": "aizkraukles-novads",
    "nr_plana": 27,
    "avots_teksts": "Avots: Aizkraukles novada CA plāns, lpp. 180",
    "plans_url": "https://www.aizkraukle.lv/lv/media/69197/download?attachment",
    "plans_fails": "22.01.2026_10_CAP_jauna_redakcija.md",
    "lpp": 180,
    "citats": "|27|Stabur<br>aga<br>saieta<br>nams|kultūras<br>iestāde|Aizkraukle<br>s novads|Staburaga<br>pagasts|Stabu<br>rags|\"Vīgant<br>e\"||3284001<br>0173002|aktu zāle|100|0|nav|nav|ir|56.57<br>3905|25.49<br>6216||",
    "izdevejs": "Aizkraukles novads (pašvaldība)",
    "geokodesana": "plan_coords",
    "adrese_vzd": "\"Vīgante\", Staburags, Staburaga pag., Aizkraukles nov., LV-5128",
    "vzd_kods": "106074698",
    "plana_lat": 56.573905,
    "plana_lon": 25.496216,
    "koord_teksts": "56.57<br>3905; 25.49<br>6216",
    "karodzini": [],
    "vietas": 100,
    "gultas": 0,
    "edinasana": "Virtuve: nav",
    "izvilkuma_piezime": "Coordinate digits split by <br> in the converted cell; joined. Lat/Lon columns as labelled.",
    "komentars": "Avots: Aizkraukles novada CA plāns, lpp. 180 · 100 vietas",
    "id": "aizkraukles-novads-izm-27"
   },
   "geometry": {
    "type": "Point",
    "coordinates": [
     25.496216,
     56.573905
    ]
   }
  },
  {
   "type": "Feature",
   "properties": {
    "kategorija": "izmitinasana",
    "nosaukums": "Sērenes pagasta Sporta un apūtas centrs",
    "adrese": "\"Atpūtas\", Sērene, Sērenes pagasts",
    "pasvaldiba": "Aizkraukles novads",
    "pasvaldiba_slug": "aizkraukles-novads",
    "nr_plana": 28,
    "avots_teksts": "Avots: Aizkraukles novada CA plāns, lpp. 180",
    "plans_url": "https://www.aizkraukle.lv/lv/media/69197/download?attachment",
    "plans_fails": "22.01.2026_10_CAP_jauna_redakcija.md",
    "lpp": 180,
    "citats": "|28|Sērene<br>s<br>pagast<br>a<br>Sporta<br>un<br>apūtas<br>centrs|sporta<br>centrs|Aizkraukle<br>s novads|Sērenes<br>pagasts|Sēren<br>e|\"Atpūta<br>s\"||3280002<br>0201002|sporta zāle|100|0|nav|nav|ir|56.58<br>0938|25.20<br>4023||",
    "izdevejs": "Aizkraukles novads (pašvaldība)",
    "geokodesana": "plan_coords",
    "adrese_vzd": "\"Atpūtas\", Sērene, Sērenes pag., Aizkraukles nov., LV-5123",
    "vzd_kods": "105989905",
    "plana_lat": 56.580938,
    "plana_lon": 25.204023,
    "koord_teksts": "56.58<br>0938; 25.20<br>4023",
    "karodzini": [],
    "vietas": 100,
    "gultas": 0,
    "edinasana": "Virtuve: nav",
    "izvilkuma_piezime": "Coordinate digits split by <br> in the converted cell; joined. Lat/Lon columns as labelled.",
    "komentars": "Avots: Aizkraukles novada CA plāns, lpp. 180 · 100 vietas",
    "id": "aizkraukles-novads-izm-28"
   },
   "geometry": {
    "type": "Point",
    "coordinates": [
     25.204023,
     56.580938
    ]
   }
  },
  {
   "type": "Feature",
   "properties": {
    "kategorija": "izmitinasana",
    "nosaukums": "Jaunjelgavas vidusskola",
    "adrese": "Uzvaras iela 1, Jaunjelgava",
    "pasvaldiba": "Aizkraukles novads",
    "pasvaldiba_slug": "aizkraukles-novads",
    "nr_plana": 29,
    "avots_teksts": "Avots: Aizkraukles novada CA plāns, lpp. 180",
    "plans_url": "https://www.aizkraukle.lv/lv/media/69197/download?attachment",
    "plans_fails": "22.01.2026_10_CAP_jauna_redakcija.md",
    "lpp": 180,
    "citats": "|29|Jaunje<br>lgavas<br>viduss<br>kola|izglītība<br>s iestāde|Aizkraukle<br>s novads||Jaunje<br>lgava|Uzvaras<br>iela|1|3207002<br>0675001|aktu zāle,<br>sporta zāle,<br>klašu telpas|500|0|nav|ir|ir|56.61<br>1161|25.08<br>2629||",
    "izdevejs": "Aizkraukles novads (pašvaldība)",
    "geokodesana": "plan_coords",
    "adrese_vzd": "Uzvaras iela 1, Jaunjelgava, Aizkraukles nov., LV-5134",
    "vzd_kods": "101633686",
    "plana_lat": 56.611161,
    "plana_lon": 25.082629,
    "koord_teksts": "56.61<br>1161; 25.08<br>2629",
    "karodzini": [],
    "vietas": 500,
    "gultas": 0,
    "edinasana": "Virtuve: ir",
    "izvilkuma_piezime": "Coordinate digits split by <br> in the converted cell; joined. Lat/Lon columns as labelled.",
    "komentars": "Avots: Aizkraukles novada CA plāns, lpp. 180 · 500 vietas",
    "dublikati": [
     "Jaunjelgavas vidusskolas dienesta viesnīca (nr. 30, lpp. 180)"
    ],
    "id": "aizkraukles-novads-izm-29"
   },
   "geometry": {
    "type": "Point",
    "coordinates": [
     25.082629,
     56.611161
    ]
   }
  },
  {
   "type": "Feature",
   "properties": {
    "kategorija": "izmitinasana",
    "nosaukums": "Sunākstes Saieta nams",
    "adrese": "\"Saulrieši\", Sunākste, Sunākstes pagasts",
    "pasvaldiba": "Aizkraukles novads",
    "pasvaldiba_slug": "aizkraukles-novads",
    "nr_plana": 31,
    "avots_teksts": "Avots: Aizkraukles novada CA plāns, lpp. 180",
    "plans_url": "https://www.aizkraukle.lv/lv/media/69197/download?attachment",
    "plans_fails": "22.01.2026_10_CAP_jauna_redakcija.md",
    "lpp": 180,
    "citats": "|31|Sunāk<br>stes<br>Saieta<br>nams|kultūras<br>iestāde|Aizkraukle<br>s novads|Sunākstes<br>pagasts|Sunāk<br>ste|\"Saulrie<br>ši\"||3286002<br>0216001|aktu zāle|150|0|nav|nav|ir|56.45<br>7589|25.47<br>9794||",
    "izdevejs": "Aizkraukles novads (pašvaldība)",
    "geokodesana": "plan_coords",
    "adrese_vzd": "\"Saulrieši\", Sunākste, Sunākstes pag., Aizkraukles nov., LV-5130",
    "vzd_kods": "106575211",
    "plana_lat": 56.457589,
    "plana_lon": 25.479794,
    "koord_teksts": "56.45<br>7589; 25.47<br>9794",
    "karodzini": [],
    "vietas": 150,
    "gultas": 0,
    "edinasana": "Virtuve: nav",
    "izvilkuma_piezime": "Coordinate digits split by <br> in the converted cell; joined. Lat/Lon columns as labelled.",
    "komentars": "Avots: Aizkraukles novada CA plāns, lpp. 180 · 150 vietas",
    "id": "aizkraukles-novads-izm-30"
   },
   "geometry": {
    "type": "Point",
    "coordinates": [
     25.479794,
     56.457589
    ]
   }
  },
  {
   "type": "Feature",
   "properties": {
    "kategorija": "izmitinasana",
    "nosaukums": "Sunākstes Sporta centrs",
    "adrese": "\"Saulstari\", Sunākste, Sunākstes pagasts",
    "pasvaldiba": "Aizkraukles novads",
    "pasvaldiba_slug": "aizkraukles-novads",
    "nr_plana": 32,
    "avots_teksts": "Avots: Aizkraukles novada CA plāns, lpp. 180",
    "plans_url": "https://www.aizkraukle.lv/lv/media/69197/download?attachment",
    "plans_fails": "22.01.2026_10_CAP_jauna_redakcija.md",
    "lpp": 180,
    "citats": "|32|Sunāk<br>stes<br>Sporta<br>centrs|sporta<br>centrs|Aizkraukle<br>s novads|Sunākstes<br>pagasts|Sunāk<br>ste|\"Saulsta<br>ri\"||3286002<br>0088002|sporta zāle|200|0|nav|nav|ir|56.45<br>9169|25.48<br>1741||",
    "izdevejs": "Aizkraukles novads (pašvaldība)",
    "geokodesana": "plan_coords",
    "adrese_vzd": "\"Saulstari\", Sunākste, Sunākstes pag., Aizkraukles nov., LV-5130",
    "vzd_kods": "106502324",
    "plana_lat": 56.459169,
    "plana_lon": 25.481741,
    "koord_teksts": "56.45<br>9169; 25.48<br>1741",
    "karodzini": [],
    "vietas": 200,
    "gultas": 0,
    "edinasana": "Virtuve: nav",
    "izvilkuma_piezime": "Coordinate digits split by <br> in the converted cell; joined. Lat/Lon columns as labelled.",
    "komentars": "Avots: Aizkraukles novada CA plāns, lpp. 180 · 200 vietas",
    "id": "aizkraukles-novads-izm-31"
   },
   "geometry": {
    "type": "Point",
    "coordinates": [
     25.481741,
     56.459169
    ]
   }
  },
  {
   "type": "Feature",
   "properties": {
    "kategorija": "izmitinasana",
    "nosaukums": "Serces pamatskola",
    "adrese": "\"Seces pamatskola\", Sece, Seces pagasts",
    "pasvaldiba": "Aizkraukles novads",
    "pasvaldiba_slug": "aizkraukles-novads",
    "nr_plana": 33,
    "avots_teksts": "Avots: Aizkraukles novada CA plāns, lpp. 180",
    "plans_url": "https://www.aizkraukle.lv/lv/media/69197/download?attachment",
    "plans_fails": "22.01.2026_10_CAP_jauna_redakcija.md",
    "lpp": 180,
    "citats": "|33|Serces<br>pamat<br>skola|izglītība<br>s iestāde|Aizkraukle<br>s novads|Seces<br>pagasts|Sece|\"Seces<br>pamatsk<br>ola\"||3278007<br>0187002|aktu zāle,<br>klašu telpas|150|0|nav|ir|nav|56.55<br>8753|25.40<br>0172||",
    "izdevejs": "Aizkraukles novads (pašvaldība)",
    "geokodesana": "plan_coords",
    "adrese_vzd": "\"Seces pamatskola\", Sece, Seces pag., Aizkraukles nov., LV-5124",
    "vzd_kods": "106000614",
    "plana_lat": 56.558753,
    "plana_lon": 25.400172,
    "koord_teksts": "56.55<br>8753; 25.40<br>0172",
    "karodzini": [],
    "vietas": 150,
    "gultas": 0,
    "edinasana": "Virtuve: ir",
    "izvilkuma_piezime": "Coordinate digits split by <br> in the converted cell; joined. Lat/Lon columns as labelled. Name written 'Serces' (sic) while address says 'Seces'.",
    "komentars": "Avots: Aizkraukles novada CA plāns, lpp. 180 · 150 vietas",
    "dublikati": [
     "Seces pamatskolas sporta zāle (nr. 34, lpp. 180)"
    ],
    "id": "aizkraukles-novads-izm-32"
   },
   "geometry": {
    "type": "Point",
    "coordinates": [
     25.400172,
     56.558753
    ]
   }
  },
  {
   "type": "Feature",
   "properties": {
    "kategorija": "izmitinasana",
    "nosaukums": "Daudzeses pamatskola",
    "adrese": "\"Skola\", Daudzese, Daudzeses pagasts",
    "pasvaldiba": "Aizkraukles novads",
    "pasvaldiba_slug": "aizkraukles-novads",
    "nr_plana": 35,
    "avots_teksts": "Avots: Aizkraukles novada CA plāns, lpp. 181",
    "plans_url": "https://www.aizkraukle.lv/lv/media/69197/download?attachment",
    "plans_fails": "22.01.2026_10_CAP_jauna_redakcija.md",
    "lpp": 181,
    "citats": "|35|Daudz<br>eses<br>pamat<br>skola|izglītība<br>s iestāde|Aizkraukle<br>s novads|Daudzese<br>s pagasts|Daud<br>zese|\"Skola\"||3250007<br>0082001|aktu zāle,<br>klašu telpas|100|0|nav|ir|nav|56.48<br>0591|25.21<br>7335||",
    "izdevejs": "Aizkraukles novads (pašvaldība)",
    "geokodesana": "plan_coords",
    "adrese_vzd": "\"Skola\", Daudzese, Daudzeses pag., Aizkraukles nov., LV-5111",
    "vzd_kods": "102760072",
    "plana_lat": 56.480591,
    "plana_lon": 25.217335,
    "koord_teksts": "56.48<br>0591; 25.21<br>7335",
    "karodzini": [],
    "vietas": 100,
    "gultas": 0,
    "edinasana": "Virtuve: ir",
    "izvilkuma_piezime": "Coordinate digits split by <br> in the converted cell; joined. Lat/Lon columns as labelled.",
    "komentars": "Avots: Aizkraukles novada CA plāns, lpp. 181 · 100 vietas",
    "id": "aizkraukles-novads-izm-33"
   },
   "geometry": {
    "type": "Point",
    "coordinates": [
     25.217335,
     56.480591
    ]
   }
  },
  {
   "type": "Feature",
   "properties": {
    "kategorija": "izmitinasana",
    "nosaukums": "Daudzeses pamatskolas sporta zāle",
    "adrese": "\"Sporta zāle\", Daudzese, Daudzeses pagasts",
    "pasvaldiba": "Aizkraukles novads",
    "pasvaldiba_slug": "aizkraukles-novads",
    "nr_plana": 36,
    "avots_teksts": "Avots: Aizkraukles novada CA plāns, lpp. 181",
    "plans_url": "https://www.aizkraukle.lv/lv/media/69197/download?attachment",
    "plans_fails": "22.01.2026_10_CAP_jauna_redakcija.md",
    "lpp": 181,
    "citats": "|36|Daudz<br>eses<br>pamat<br>skolas<br>sporta<br>zāle|izglītība<br>s iestāde|Aizkraukle<br>s novads|Daudzese<br>s pagasts|Daud<br>zese|\"Sporta<br>zāle\"||3250007<br>0082008|sporta zāle|150|0|nav|nav|ir|56.48<br>0473|25.21<br>6584||",
    "izdevejs": "Aizkraukles novads (pašvaldība)",
    "geokodesana": "plan_coords",
    "adrese_vzd": "\"Sporta zāle\", Daudzese, Daudzeses pag., Aizkraukles nov., LV-5111",
    "vzd_kods": "102761355",
    "plana_lat": 56.480473,
    "plana_lon": 25.216584,
    "koord_teksts": "56.48<br>0473; 25.21<br>6584",
    "karodzini": [],
    "vietas": 150,
    "gultas": 0,
    "edinasana": "Virtuve: nav",
    "izvilkuma_piezime": "Coordinate digits split by <br> in the converted cell; joined. Lat/Lon columns as labelled.",
    "komentars": "Avots: Aizkraukles novada CA plāns, lpp. 181 · 150 vietas",
    "id": "aizkraukles-novads-izm-34"
   },
   "geometry": {
    "type": "Point",
    "coordinates": [
     25.216584,
     56.480473
    ]
   }
  },
  {
   "type": "Feature",
   "properties": {
    "kategorija": "izmitinasana",
    "nosaukums": "Viesu nams \"Rats\"",
    "adrese": "\"Rati\", Daudzeva, Daudzeses pagasts",
    "pasvaldiba": "Aizkraukles novads",
    "pasvaldiba_slug": "aizkraukles-novads",
    "nr_plana": 37,
    "avots_teksts": "Avots: Aizkraukles novada CA plāns, lpp. 181",
    "plans_url": "https://www.aizkraukle.lv/lv/media/69197/download?attachment",
    "plans_fails": "22.01.2026_10_CAP_jauna_redakcija.md",
    "lpp": 181,
    "citats": "|37|Viesu<br>nams<br>\"Rats\"|atpūtas<br>komple<br>kss|Aizkraukle<br>s novads|Daudzese<br>s pagasts|Daud<br>zeva|\"Rati\"||3250004<br>0154001|atpūtas<br>telpas|40|40|nav|ir|nav|56.51<br>6328|25.26<br>9692||",
    "izdevejs": "Aizkraukles novads (pašvaldība)",
    "geokodesana": "plan_coords",
    "adrese_vzd": "\"Rati\", Daudzeses pag., Aizkraukles nov., LV-5111",
    "vzd_kods": "105712860",
    "plana_lat": 56.516328,
    "plana_lon": 25.269692,
    "koord_teksts": "56.51<br>6328; 25.26<br>9692",
    "karodzini": [],
    "vietas": 40,
    "gultas": 40,
    "edinasana": "Virtuve: ir",
    "izvilkuma_piezime": "Coordinate digits split by <br> in the converted cell; joined. Lat/Lon columns as labelled.",
    "komentars": "Avots: Aizkraukles novada CA plāns, lpp. 181 · 40 vietas",
    "id": "aizkraukles-novads-izm-35"
   },
   "geometry": {
    "type": "Point",
    "coordinates": [
     25.269692,
     56.516328
    ]
   }
  },
  {
   "type": "Feature",
   "properties": {
    "kategorija": "izmitinasana",
    "nosaukums": "Kempings Miera vējš",
    "adrese": "\"Balseri\", Daudzeses pagasts",
    "pasvaldiba": "Aizkraukles novads",
    "pasvaldiba_slug": "aizkraukles-novads",
    "nr_plana": 38,
    "avots_teksts": "Avots: Aizkraukles novada CA plāns, lpp. 181",
    "plans_url": "https://www.aizkraukle.lv/lv/media/69197/download?attachment",
    "plans_fails": "22.01.2026_10_CAP_jauna_redakcija.md",
    "lpp": 181,
    "citats": "|38|Kempi<br>ngs<br>Miera<br>vējš|atpūtas<br>komple<br>kss|Aizkraukle<br>s novads|Daudzese<br>s pagasts||\"Balseri<br>\"||3250003<br>0177001|kempinga<br>atpūtas<br>telpas|19|19|nav|ir|nav|56.55<br>6228|25.21<br>0198||",
    "izdevejs": "Aizkraukles novads (pašvaldība)",
    "geokodesana": "plan_coords",
    "adrese_vzd": "\"Balseri\", Daudzeses pag., Aizkraukles nov., LV-5111",
    "vzd_kods": "102752313",
    "plana_lat": 56.556228,
    "plana_lon": 25.210198,
    "koord_teksts": "56.55<br>6228; 25.21<br>0198",
    "karodzini": [],
    "vietas": 19,
    "gultas": 19,
    "edinasana": "Virtuve: ir",
    "izvilkuma_piezime": "Coordinate digits split by <br> in the converted cell; joined. Lat/Lon columns as labelled.",
    "komentars": "Avots: Aizkraukles novada CA plāns, lpp. 181 · 19 vietas",
    "id": "aizkraukles-novads-izm-36"
   },
   "geometry": {
    "type": "Point",
    "coordinates": [
     25.210198,
     56.556228
    ]
   }
  },
  {
   "type": "Feature",
   "properties": {
    "kategorija": "izmitinasana",
    "nosaukums": "Daudzevas Saieta nams",
    "adrese": "\"Pagastmāja\", Daudzeva, Daudzeses pagasts",
    "pasvaldiba": "Aizkraukles novads",
    "pasvaldiba_slug": "aizkraukles-novads",
    "nr_plana": 39,
    "avots_teksts": "Avots: Aizkraukles novada CA plāns, lpp. 181",
    "plans_url": "https://www.aizkraukle.lv/lv/media/69197/download?attachment",
    "plans_fails": "22.01.2026_10_CAP_jauna_redakcija.md",
    "lpp": 181,
    "citats": "|39|Daudz<br>evas<br>Saieta<br>nams|kultūras<br>iestāde|Aizkraukle<br>s novads|Daudzese<br>s pagasts|Daud<br>zeva|\"Pagast<br>māja\"||3250004<br>0083001|aktu zāle|100|0|nav|nav|ir|56.50<br>6174|25.24<br>1324||",
    "izdevejs": "Aizkraukles novads (pašvaldība)",
    "geokodesana": "plan_coords",
    "adrese_vzd": "\"Pagastmāja\", Daudzeva, Daudzeses pag., Aizkraukles nov., LV-5111",
    "vzd_kods": "102755800",
    "plana_lat": 56.506174,
    "plana_lon": 25.241324,
    "koord_teksts": "56.50<br>6174; 25.24<br>1324",
    "karodzini": [],
    "vietas": 100,
    "gultas": 0,
    "edinasana": "Virtuve: nav",
    "izvilkuma_piezime": "Coordinate digits split by <br> in the converted cell; joined. Lat/Lon columns as labelled.",
    "komentars": "Avots: Aizkraukles novada CA plāns, lpp. 181 · 100 vietas",
    "id": "aizkraukles-novads-izm-37"
   },
   "geometry": {
    "type": "Point",
    "coordinates": [
     25.241324,
     56.506174
    ]
   }
  },
  {
   "type": "Feature",
   "properties": {
    "kategorija": "izmitinasana",
    "nosaukums": "Pļaviņu vidusskola",
    "adrese": "Daugavas iela 101, Pļaviņas",
    "pasvaldiba": "Aizkraukles novads",
    "pasvaldiba_slug": "aizkraukles-novads",
    "nr_plana": 40,
    "avots_teksts": "Avots: Aizkraukles novada CA plāns, lpp. 181",
    "plans_url": "https://www.aizkraukle.lv/lv/media/69197/download?attachment",
    "plans_fails": "22.01.2026_10_CAP_jauna_redakcija.md",
    "lpp": 181,
    "citats": "|40|Pļaviņ<br>u<br>viduss<br>kola|izglītība<br>s iestāde|Aizkraukle<br>s novads||Pļaviņ<br>as|Daugav<br>as iela|101|3213001<br>0786001|aktu zāle,<br>sporta zāle,<br>klašu telpas|500|0|nav|ir|ir|56.61<br>8579|25.73<br>8362||",
    "izdevejs": "Aizkraukles novads (pašvaldība)",
    "geokodesana": "plan_coords",
    "adrese_vzd": "Daugavas iela 101, Pļaviņas, Aizkraukles nov., LV-5120",
    "vzd_kods": "101634220",
    "plana_lat": 56.618579,
    "plana_lon": 25.738362,
    "koord_teksts": "56.61<br>8579; 25.73<br>8362",
    "karodzini": [],
    "vietas": 500,
    "gultas": 0,
    "edinasana": "Virtuve: ir",
    "izvilkuma_piezime": "Coordinate digits split by <br> in the converted cell; joined. Lat/Lon columns as labelled.",
    "komentars": "Avots: Aizkraukles novada CA plāns, lpp. 181 · 500 vietas",
    "id": "aizkraukles-novads-izm-38"
   },
   "geometry": {
    "type": "Point",
    "coordinates": [
     25.738362,
     56.618579
    ]
   }
  },
  {
   "type": "Feature",
   "properties": {
    "kategorija": "izmitinasana",
    "nosaukums": "Odzienas pamatskola",
    "adrese": "\"Odzienas pamatskola\", Vietalvas pagasts",
    "pasvaldiba": "Aizkraukles novads",
    "pasvaldiba_slug": "aizkraukles-novads",
    "nr_plana": 41,
    "avots_teksts": "Avots: Aizkraukles novada CA plāns, lpp. 181",
    "plans_url": "https://www.aizkraukle.lv/lv/media/69197/download?attachment",
    "plans_fails": "22.01.2026_10_CAP_jauna_redakcija.md",
    "lpp": 181,
    "citats": "|41|Odzie<br>nas<br>pamat<br>skola|izglītība<br>s iestāde|Aizkraukle<br>s novads|Vietalvas<br>pagasts||\"Odzien<br>as<br>pamatsk<br>ola\"||3292011<br>0116001|aktu zāle,<br>sporta zāle,<br>klašu telpas|300|0|nav|ir|ir|56.71<br>3161|25.72<br>9157||",
    "izdevejs": "Aizkraukles novads (pašvaldība)",
    "geokodesana": "plan_coords",
    "adrese_vzd": "\"Odzienas pamatskola\", Vietalvas pag., Aizkraukles nov., LV-5109",
    "vzd_kods": "104726578",
    "plana_lat": 56.713161,
    "plana_lon": 25.729157,
    "koord_teksts": "56.71<br>3161; 25.72<br>9157",
    "karodzini": [],
    "vietas": 300,
    "gultas": 0,
    "edinasana": "Virtuve: ir",
    "izvilkuma_piezime": "Coordinate digits split by <br> in the converted cell; joined. Lat/Lon columns as labelled.",
    "komentars": "Avots: Aizkraukles novada CA plāns, lpp. 181 · 300 vietas",
    "id": "aizkraukles-novads-izm-39"
   },
   "geometry": {
    "type": "Point",
    "coordinates": [
     25.729157,
     56.713161
    ]
   }
  },
  {
   "type": "Feature",
   "properties": {
    "kategorija": "izmitinasana",
    "nosaukums": "Baltinavas vidusskola",
    "adrese": "Kārsavas iela 22, Baltinava",
    "pasvaldiba": "Balvu novads",
    "pasvaldiba_slug": "balvu-novads",
    "nr_plana": 1,
    "avots_teksts": "Avots: Balvu novada CA plāns, lpp. 108",
    "plans_url": "https://www.balvi.lv/lv/media/21408/download?attachment",
    "plans_fails": "49_paragrafs_pielikums_plans_0.md",
    "lpp": 108,
    "citats": "|1.|Baltinavas<br>vidusskola|Izglītības<br>iestāde|Kārsava<br>s iela<br>22,<br>Baltina<br>va|Aktu<br>zāle,<br>sporta<br>zāle,<br>mācību<br>klases|400|Ir|Nav|",
    "izdevejs": "Balvu novads (pašvaldība)",
    "geokodesana": "varis_address",
    "adrese_vzd": "Kārsavas iela 22, Baltinava, Baltinavas pag., Balvu nov., LV-4594",
    "vzd_kods": "102626290",
    "plana_lat": null,
    "plana_lon": null,
    "koord_teksts": null,
    "karodzini": [],
    "vietas": 400,
    "gultas": 0,
    "edinasana": "Virtuve ar ēdnīcu: Ir",
    "komentars": "Avots: Balvu novada CA plāns, lpp. 108 · 400 vietas · vieta noteikta pēc adreses (VZD)",
    "id": "balvu-novads-izm-1"
   },
   "geometry": {
    "type": "Point",
    "coordinates": [
     27.643107,
     56.941964
    ]
   }
  },
  {
   "type": "Feature",
   "properties": {
    "kategorija": "izmitinasana",
    "nosaukums": "Baltinavas mūzikas un mākslas skola",
    "adrese": "Tilžas iela 17, Baltinava",
    "pasvaldiba": "Balvu novads",
    "pasvaldiba_slug": "balvu-novads",
    "nr_plana": 2,
    "avots_teksts": "Avots: Balvu novada CA plāns, lpp. 108",
    "plans_url": "https://www.balvi.lv/lv/media/21408/download?attachment",
    "plans_fails": "49_paragrafs_pielikums_plans_0.md",
    "lpp": 108,
    "citats": "|2.|Baltinavas<br>mūzikas un<br>mākslas skola|Kultūras<br>iestāde|Tilžas<br>iela 17,<br>Baltina<br>va|Aktu<br>zāle,<br>mācību<br>klases|100|Nav|Nav|",
    "izdevejs": "Balvu novads (pašvaldība)",
    "geokodesana": "varis_address",
    "adrese_vzd": "Tilžas iela 17, Baltinava, Baltinavas pag., Balvu nov., LV-4594",
    "vzd_kods": "101615346",
    "plana_lat": null,
    "plana_lon": null,
    "koord_teksts": null,
    "karodzini": [],
    "vietas": 100,
    "gultas": 0,
    "edinasana": "Virtuve ar ēdnīcu: Nav",
    "komentars": "Avots: Balvu novada CA plāns, lpp. 108 · 100 vietas · vieta noteikta pēc adreses (VZD)",
    "id": "balvu-novads-izm-2"
   },
   "geometry": {
    "type": "Point",
    "coordinates": [
     27.632878,
     56.943461
    ]
   }
  },
  {
   "type": "Feature",
   "properties": {
    "kategorija": "izmitinasana",
    "nosaukums": "Baltinava kultūras nams",
    "adrese": "Kārsavas iela 16, Baltinava",
    "pasvaldiba": "Balvu novads",
    "pasvaldiba_slug": "balvu-novads",
    "nr_plana": 3,
    "avots_teksts": "Avots: Balvu novada CA plāns, lpp. 108",
    "plans_url": "https://www.balvi.lv/lv/media/21408/download?attachment",
    "plans_fails": "49_paragrafs_pielikums_plans_0.md",
    "lpp": 108,
    "citats": "|3.|Baltinava<br>kultūras nams|Sporta<br>halle|Kārsava<br>s iela<br>16,<br>Baltina<br>va|Zāles|100|Nav|Nav|",
    "izdevejs": "Balvu novads (pašvaldība)",
    "geokodesana": "varis_address",
    "adrese_vzd": "Kārsavas iela 16, Baltinava, Baltinavas pag., Balvu nov., LV-4594",
    "vzd_kods": "101614947",
    "plana_lat": null,
    "plana_lon": null,
    "koord_teksts": null,
    "karodzini": [],
    "vietas": 100,
    "gultas": 0,
    "edinasana": "Virtuve ar ēdnīcu: Nav",
    "izvilkuma_piezime": "ēkas tips given as 'Sporta halle' although the name is a culture house",
    "komentars": "Avots: Balvu novada CA plāns, lpp. 108 · 100 vietas · vieta noteikta pēc adreses (VZD)",
    "id": "balvu-novads-izm-3"
   },
   "geometry": {
    "type": "Point",
    "coordinates": [
     27.642922,
     56.942874
    ]
   }
  },
  {
   "type": "Feature",
   "properties": {
    "kategorija": "izmitinasana",
    "nosaukums": "Viduču pamatskola",
    "adrese": "Skolas iela 1, Semenova",
    "pasvaldiba": "Balvu novads",
    "pasvaldiba_slug": "balvu-novads",
    "nr_plana": 4,
    "avots_teksts": "Avots: Balvu novada CA plāns, lpp. 108",
    "plans_url": "https://www.balvi.lv/lv/media/21408/download?attachment",
    "plans_fails": "49_paragrafs_pielikums_plans_0.md",
    "lpp": 108,
    "citats": "|4.|Viduču<br>pamatskola|Izglītības<br>iestāde|Skolas<br>iela 1,<br>Semeno<br>va|Aktu<br>zāle,<br>sporta<br>zāle,<br>mācību<br>klases,<br>dienesta<br>viesnīca|150|Ir|21|",
    "izdevejs": "Balvu novads (pašvaldība)",
    "geokodesana": "varis_address",
    "adrese_vzd": "Skolas iela 1, Semenova, Medņevas pag., Balvu nov., LV-4586",
    "vzd_kods": "106705102",
    "plana_lat": null,
    "plana_lon": null,
    "koord_teksts": null,
    "karodzini": [],
    "vietas": 150,
    "gultas": 21,
    "edinasana": "Virtuve ar ēdnīcu: Ir",
    "komentars": "Avots: Balvu novada CA plāns, lpp. 108 · 150 vietas · vieta noteikta pēc adreses (VZD)",
    "id": "balvu-novads-izm-4"
   },
   "geometry": {
    "type": "Point",
    "coordinates": [
     27.642,
     57.134297
    ]
   }
  },
  {
   "type": "Feature",
   "properties": {
    "kategorija": "izmitinasana",
    "nosaukums": "Rekavas vidusskola",
    "adrese": "Skolas iela 1, Rekova, Šķilbēnu pagasts",
    "pasvaldiba": "Balvu novads",
    "pasvaldiba_slug": "balvu-novads",
    "nr_plana": 6,
    "avots_teksts": "Avots: Balvu novada CA plāns, lpp. 108",
    "plans_url": "https://www.balvi.lv/lv/media/21408/download?attachment",
    "plans_fails": "49_paragrafs_pielikums_plans_0.md",
    "lpp": 108,
    "citats": "|6.|Rekavas|Izglītības|Skolas|Aktu|200|Ir|25|",
    "izdevejs": "Balvu novads (pašvaldība)",
    "geokodesana": "varis_address",
    "adrese_vzd": "Skolas iela 1, Rekova, Šķilbēnu pag., Balvu nov., LV-4587",
    "vzd_kods": "104632461",
    "plana_lat": null,
    "plana_lon": null,
    "koord_teksts": null,
    "karodzini": [],
    "vietas": 200,
    "gultas": 25,
    "edinasana": "Virtuve ar ēdnīcu: Ir",
    "izvilkuma_piezime": "row split across pages 108/109 by the conversion: the quoted line has only the first word of each cell ('Rekavas', 'Skolas'); name/address continue on the next page's first table line",
    "komentars": "Avots: Balvu novada CA plāns, lpp. 108 · 200 vietas · vieta noteikta pēc adreses (VZD)",
    "dublikati": [
     "Kultūras centrs \"Rekova\" (nr. 28, lpp. 111)"
    ],
    "id": "balvu-novads-izm-5"
   },
   "geometry": {
    "type": "Point",
    "coordinates": [
     27.619003,
     57.041619
    ]
   }
  },
  {
   "type": "Feature",
   "properties": {
    "kategorija": "izmitinasana",
    "nosaukums": "Upītes tautas nams",
    "adrese": "Akas laukums 1, Upīte, Šķilbēnu pagasts",
    "pasvaldiba": "Balvu novads",
    "pasvaldiba_slug": "balvu-novads",
    "nr_plana": 7,
    "avots_teksts": "Avots: Balvu novada CA plāns, lpp. 109",
    "plans_url": "https://www.balvi.lv/lv/media/21408/download?attachment",
    "plans_fails": "49_paragrafs_pielikums_plans_0.md",
    "lpp": 109,
    "citats": "|7.|Upītes tautas<br>nams|Kultūras<br>iestāde|Akas<br>laukum<br>s 1,<br>Upīte,<br>Šķilbēn<br>u<br>pagasts|Zāles|50|Nav|Nav|",
    "izdevejs": "Balvu novads (pašvaldība)",
    "geokodesana": "varis_address",
    "adrese_vzd": "Akas laukums 1, Upīte, Šķilbēnu pag., Balvu nov., LV-4587",
    "vzd_kods": "105330448",
    "plana_lat": null,
    "plana_lon": null,
    "koord_teksts": null,
    "karodzini": [],
    "vietas": 50,
    "gultas": 0,
    "edinasana": "Virtuve ar ēdnīcu: Nav",
    "komentars": "Avots: Balvu novada CA plāns, lpp. 109 · 50 vietas · vieta noteikta pēc adreses (VZD)",
    "id": "balvu-novads-izm-6"
   },
   "geometry": {
    "type": "Point",
    "coordinates": [
     27.67559,
     57.026322
    ]
   }
  },
  {
   "type": "Feature",
   "properties": {
    "kategorija": "izmitinasana",
    "nosaukums": "Tilžas vidusskola",
    "adrese": "Raiņa 15, Tilža, Tilžas pagasts",
    "pasvaldiba": "Balvu novads",
    "pasvaldiba_slug": "balvu-novads",
    "nr_plana": 8,
    "avots_teksts": "Avots: Balvu novada CA plāns, lpp. 109",
    "plans_url": "https://www.balvi.lv/lv/media/21408/download?attachment",
    "plans_fails": "49_paragrafs_pielikums_plans_0.md",
    "lpp": 109,
    "citats": "|8.|Tilžas<br>vidusskola|Izglītības<br>iestāde|Raiņa<br>15,<br>Tilža,<br>Tilžas<br>pagasts|Aktu<br>zāle,<br>sporta<br>zāle,<br>mācību<br>klases|200|Ir|Nav|",
    "izdevejs": "Balvu novads (pašvaldība)",
    "geokodesana": "varis_address",
    "adrese_vzd": "Raiņa iela 15, Tilža, Tilžas pag., Balvu nov., LV-4572",
    "vzd_kods": "102333940",
    "plana_lat": null,
    "plana_lon": null,
    "koord_teksts": null,
    "karodzini": [],
    "vietas": 200,
    "gultas": 0,
    "edinasana": "Virtuve ar ēdnīcu: Ir",
    "komentars": "Avots: Balvu novada CA plāns, lpp. 109 · 200 vietas · vieta noteikta pēc adreses (VZD)",
    "id": "balvu-novads-izm-7"
   },
   "geometry": {
    "type": "Point",
    "coordinates": [
     27.364318,
     56.901279
    ]
   }
  },
  {
   "type": "Feature",
   "properties": {
    "kategorija": "izmitinasana",
    "nosaukums": "Bijušās Tilžas internātpamatskolas ēka",
    "adrese": "Pārupes 4, Tilža, Tilžas pagasts",
    "pasvaldiba": "Balvu novads",
    "pasvaldiba_slug": "balvu-novads",
    "nr_plana": 9,
    "avots_teksts": "Avots: Balvu novada CA plāns, lpp. 109",
    "plans_url": "https://www.balvi.lv/lv/media/21408/download?attachment",
    "plans_fails": "49_paragrafs_pielikums_plans_0.md",
    "lpp": 109,
    "citats": "|9.|Bijušās Tilžas<br>internātpamatsk<br>olas ēka|Izglītības<br>iestāde|Pārupes<br>4, Tilža,<br>Tilžas<br>pagasts|Aktu<br>zāle,<br>sporta<br>zāle,<br>mācību<br>klases,<br>dienesta<br>viesnīca|500|Ir|110|",
    "izdevejs": "Balvu novads (pašvaldība)",
    "geokodesana": "varis_address",
    "adrese_vzd": "Pārupes iela 4, Tilža, Tilžas pag., Balvu nov., LV-4572",
    "vzd_kods": "101617173",
    "plana_lat": null,
    "plana_lon": null,
    "koord_teksts": null,
    "karodzini": [],
    "vietas": 500,
    "gultas": 110,
    "edinasana": "Virtuve ar ēdnīcu: Ir",
    "komentars": "Avots: Balvu novada CA plāns, lpp. 109 · 500 vietas · vieta noteikta pēc adreses (VZD)",
    "id": "balvu-novads-izm-8"
   },
   "geometry": {
    "type": "Point",
    "coordinates": [
     27.363341,
     56.898486
    ]
   }
  },
  {
   "type": "Feature",
   "properties": {
    "kategorija": "izmitinasana",
    "nosaukums": "Balvu Valsts ģimnāzija",
    "adrese": "Dārza iela 2, Balvi",
    "pasvaldiba": "Balvu novads",
    "pasvaldiba_slug": "balvu-novads",
    "nr_plana": 10,
    "avots_teksts": "Avots: Balvu novada CA plāns, lpp. 109",
    "plans_url": "https://www.balvi.lv/lv/media/21408/download?attachment",
    "plans_fails": "49_paragrafs_pielikums_plans_0.md",
    "lpp": 109,
    "citats": "|10.|Balvu Valsts<br>ģimnāzija|Izglītības<br>iestāde|Dārza<br>iela 2,<br>Balvi|Aktu<br>zāle,<br>sporta<br>zāle,<br>mācību<br>klases,<br>dienesta<br>viesnīca|500|Ir|40|",
    "izdevejs": "Balvu novads (pašvaldība)",
    "geokodesana": "varis_address",
    "adrese_vzd": "Dārza iela 2, Balvi, Balvu nov., LV-4501",
    "vzd_kods": "101606441",
    "plana_lat": null,
    "plana_lon": null,
    "koord_teksts": null,
    "karodzini": [],
    "vietas": 500,
    "gultas": 40,
    "edinasana": "Virtuve ar ēdnīcu: Ir",
    "komentars": "Avots: Balvu novada CA plāns, lpp. 109 · 500 vietas · vieta noteikta pēc adreses (VZD)",
    "id": "balvu-novads-izm-9"
   },
   "geometry": {
    "type": "Point",
    "coordinates": [
     27.277267,
     57.132625
    ]
   }
  },
  {
   "type": "Feature",
   "properties": {
    "kategorija": "izmitinasana",
    "nosaukums": "Balvu profesionālā un vispārizglītojošā vidusskola",
    "adrese": "Vidzemes 26, Balvi",
    "pasvaldiba": "Balvu novads",
    "pasvaldiba_slug": "balvu-novads",
    "nr_plana": 11,
    "avots_teksts": "Avots: Balvu novada CA plāns, lpp. 109",
    "plans_url": "https://www.balvi.lv/lv/media/21408/download?attachment",
    "plans_fails": "49_paragrafs_pielikums_plans_0.md",
    "lpp": 109,
    "citats": "|11.|Balvu<br>profesionālā un<br>vispārizglītojošā<br>vidusskola|Izglītības<br>iestāde|Vidzem<br>es 26,<br>Balvi|Aktu<br>zāle,<br>sporta<br>zāle,<br>mācību<br>klases,<br>dienesta<br>viesnīca|500|Ir|54|",
    "izdevejs": "Balvu novads (pašvaldība)",
    "geokodesana": "varis_address",
    "adrese_vzd": "Vidzemes iela 26, Balvi, Balvu nov., LV-4501",
    "vzd_kods": "102328272",
    "plana_lat": null,
    "plana_lon": null,
    "koord_teksts": null,
    "karodzini": [],
    "vietas": 500,
    "gultas": 54,
    "edinasana": "Virtuve ar ēdnīcu: Ir",
    "komentars": "Avots: Balvu novada CA plāns, lpp. 109 · 500 vietas · vieta noteikta pēc adreses (VZD)",
    "id": "balvu-novads-izm-10"
   },
   "geometry": {
    "type": "Point",
    "coordinates": [
     27.243803,
     57.138547
    ]
   }
  },
  {
   "type": "Feature",
   "properties": {
    "kategorija": "izmitinasana",
    "nosaukums": "Balvu muiža",
    "adrese": "Brīvības iela 47, Balvi",
    "pasvaldiba": "Balvu novads",
    "pasvaldiba_slug": "balvu-novads",
    "nr_plana": 12,
    "avots_teksts": "Avots: Balvu novada CA plāns, lpp. 109",
    "plans_url": "https://www.balvi.lv/lv/media/21408/download?attachment",
    "plans_fails": "49_paragrafs_pielikums_plans_0.md",
    "lpp": 109,
    "citats": "|12.|Balvu muiža|Izglītības<br>iestāde/Ku<br>ltūras<br>iestāde|Brīvība<br>s iela<br>47,<br>Balvi|Aktu<br>zāle,<br>mācību<br>klases,|500|Ir|Nav|",
    "izdevejs": "Balvu novads (pašvaldība)",
    "geokodesana": "varis_address",
    "adrese_vzd": "Brīvības iela 47, Balvi, Balvu nov., LV-4501",
    "vzd_kods": "101605472",
    "plana_lat": null,
    "plana_lon": null,
    "koord_teksts": null,
    "karodzini": [],
    "vietas": 500,
    "gultas": 0,
    "edinasana": "Virtuve ar ēdnīcu: Ir",
    "komentars": "Avots: Balvu novada CA plāns, lpp. 109 · 500 vietas · vieta noteikta pēc adreses (VZD)",
    "id": "balvu-novads-izm-11"
   },
   "geometry": {
    "type": "Point",
    "coordinates": [
     27.257554,
     57.132009
    ]
   }
  },
  {
   "type": "Feature",
   "properties": {
    "kategorija": "izmitinasana",
    "nosaukums": "Rugāju vidusskola",
    "adrese": "Kurmenes iela 87, Rugāji, Rugāju pagasts",
    "pasvaldiba": "Balvu novads",
    "pasvaldiba_slug": "balvu-novads",
    "nr_plana": 13,
    "avots_teksts": "Avots: Balvu novada CA plāns, lpp. 109",
    "plans_url": "https://www.balvi.lv/lv/media/21408/download?attachment",
    "plans_fails": "49_paragrafs_pielikums_plans_0.md",
    "lpp": 109,
    "citats": "|13.|Rugāju<br>vidusskola|Izglītības<br>iestāde|Kurmen<br>es iela<br>87,<br>Rugāji,<br>Rugāju|Aktu<br>zāle,<br>sporta<br>zāle,<br>mācību|400|Ir|40|",
    "izdevejs": "Balvu novads (pašvaldība)",
    "geokodesana": "varis_address",
    "adrese_vzd": "Kurmenes iela 87, Rugāji, Rugāju pag., Balvu nov., LV-4570",
    "vzd_kods": "102332746",
    "plana_lat": null,
    "plana_lon": null,
    "koord_teksts": null,
    "karodzini": [],
    "vietas": 400,
    "gultas": 40,
    "edinasana": "Virtuve ar ēdnīcu: Ir",
    "izvilkuma_piezime": "address cell continues on page 110 ('pagasts')",
    "komentars": "Avots: Balvu novada CA plāns, lpp. 109 · 400 vietas · vieta noteikta pēc adreses (VZD)",
    "id": "balvu-novads-izm-12"
   },
   "geometry": {
    "type": "Point",
    "coordinates": [
     27.128124,
     56.999549
    ]
   }
  },
  {
   "type": "Feature",
   "properties": {
    "kategorija": "izmitinasana",
    "nosaukums": "Eglaines pamatskola",
    "adrese": "Skolas iela 3, Benislava, Lazdukalna pagasts",
    "pasvaldiba": "Balvu novads",
    "pasvaldiba_slug": "balvu-novads",
    "nr_plana": 14,
    "avots_teksts": "Avots: Balvu novada CA plāns, lpp. 110",
    "plans_url": "https://www.balvi.lv/lv/media/21408/download?attachment",
    "plans_fails": "49_paragrafs_pielikums_plans_0.md",
    "lpp": 110,
    "citats": "|14.|Eglaines<br>pamatskola|Izglītības<br>iestāde|Skolas<br>iela 3,<br>Benisla<br>va,<br>Lazduk<br>alna<br>pagasts|Aktu<br>zāle,<br>sporta<br>zāle,<br>mācību<br>klases|150|Ir|Nav|",
    "izdevejs": "Balvu novads (pašvaldība)",
    "geokodesana": "varis_address",
    "adrese_vzd": "Skolas iela 3, Benislava, Lazdukalna pag., Balvu nov., LV-4577",
    "vzd_kods": "105340932",
    "plana_lat": null,
    "plana_lon": null,
    "koord_teksts": null,
    "karodzini": [],
    "vietas": 150,
    "gultas": 0,
    "edinasana": "Virtuve ar ēdnīcu: Ir",
    "komentars": "Avots: Balvu novada CA plāns, lpp. 110 · 150 vietas · vieta noteikta pēc adreses (VZD)",
    "id": "balvu-novads-izm-13"
   },
   "geometry": {
    "type": "Point",
    "coordinates": [
     27.077013,
     56.922117
    ]
   }
  },
  {
   "type": "Feature",
   "properties": {
    "kategorija": "izmitinasana",
    "nosaukums": "Balvu sākumskola",
    "adrese": "Partizānu iela 16, Balvi",
    "pasvaldiba": "Balvu novads",
    "pasvaldiba_slug": "balvu-novads",
    "nr_plana": 15,
    "avots_teksts": "Avots: Balvu novada CA plāns, lpp. 110",
    "plans_url": "https://www.balvi.lv/lv/media/21408/download?attachment",
    "plans_fails": "49_paragrafs_pielikums_plans_0.md",
    "lpp": 110,
    "citats": "|15.|Balvu<br>sākumskola|Izglītības<br>iestāde|Partizān<br>u iela<br>16,<br>Balvi|Aktu<br>zāle,<br>sporta<br>zāle,<br>mācību<br>klases|400|Ir|Nav|",
    "izdevejs": "Balvu novads (pašvaldība)",
    "geokodesana": "varis_address",
    "adrese_vzd": "Partizānu iela 16, Balvi, Balvu nov., LV-4501",
    "vzd_kods": "101608638",
    "plana_lat": null,
    "plana_lon": null,
    "koord_teksts": null,
    "karodzini": [],
    "vietas": 400,
    "gultas": 0,
    "edinasana": "Virtuve ar ēdnīcu: Ir",
    "komentars": "Avots: Balvu novada CA plāns, lpp. 110 · 400 vietas · vieta noteikta pēc adreses (VZD)",
    "id": "balvu-novads-izm-14"
   },
   "geometry": {
    "type": "Point",
    "coordinates": [
     27.262354,
     57.130283
    ]
   }
  },
  {
   "type": "Feature",
   "properties": {
    "kategorija": "izmitinasana",
    "nosaukums": "Stacijas pamatskola",
    "adrese": "Skolas 12, Kubuli, Kubulu pagasts",
    "pasvaldiba": "Balvu novads",
    "pasvaldiba_slug": "balvu-novads",
    "nr_plana": 16,
    "avots_teksts": "Avots: Balvu novada CA plāns, lpp. 110",
    "plans_url": "https://www.balvi.lv/lv/media/21408/download?attachment",
    "plans_fails": "49_paragrafs_pielikums_plans_0.md",
    "lpp": 110,
    "citats": "|16.|Stacijas<br>pamatskola|Izglītības<br>iestāde|Skolas<br>12,<br>Kubuli,<br>Kubulu<br>pagasts|Aktu<br>zāle,<br>sporta<br>zāle,<br>mācību<br>klases|150|Ir|16|",
    "izdevejs": "Balvu novads (pašvaldība)",
    "geokodesana": "varis_address",
    "adrese_vzd": "Skolas iela 12, Kubuli, Kubulu pag., Balvu nov., LV-4566",
    "vzd_kods": "106073157",
    "plana_lat": null,
    "plana_lon": null,
    "koord_teksts": null,
    "karodzini": [],
    "vietas": 150,
    "gultas": 16,
    "edinasana": "Virtuve ar ēdnīcu: Ir",
    "komentars": "Avots: Balvu novada CA plāns, lpp. 110 · 150 vietas · vieta noteikta pēc adreses (VZD)",
    "id": "balvu-novads-izm-15"
   },
   "geometry": {
    "type": "Point",
    "coordinates": [
     27.209324,
     57.169766
    ]
   }
  },
  {
   "type": "Feature",
   "properties": {
    "kategorija": "izmitinasana",
    "nosaukums": "Viļakas Valsts ģimnāzija",
    "adrese": "Pils 11, Viļaka",
    "pasvaldiba": "Balvu novads",
    "pasvaldiba_slug": "balvu-novads",
    "nr_plana": 18,
    "avots_teksts": "Avots: Balvu novada CA plāns, lpp. 110",
    "plans_url": "https://www.balvi.lv/lv/media/21408/download?attachment",
    "plans_fails": "49_paragrafs_pielikums_plans_0.md",
    "lpp": 110,
    "citats": "|18.|Viļakas Valsts<br>ģimnāzija|Izglītības<br>iestāde|Pils 11,<br>Viļaka|Aktu<br>zāle,<br>sporta<br>zāle,<br>mācību<br>klases,<br>dienesta<br>viesnīca|300|Ir|6|",
    "izdevejs": "Balvu novads (pašvaldība)",
    "geokodesana": "varis_address",
    "adrese_vzd": "Pils iela 11, Viļaka, Balvu nov., LV-4583",
    "vzd_kods": "101613953",
    "plana_lat": null,
    "plana_lon": null,
    "koord_teksts": null,
    "karodzini": [],
    "vietas": 300,
    "gultas": 6,
    "edinasana": "Virtuve ar ēdnīcu: Ir",
    "komentars": "Avots: Balvu novada CA plāns, lpp. 110 · 300 vietas · vieta noteikta pēc adreses (VZD)",
    "id": "balvu-novads-izm-16"
   },
   "geometry": {
    "type": "Point",
    "coordinates": [
     27.686831,
     57.182914
    ]
   }
  },
  {
   "type": "Feature",
   "properties": {
    "kategorija": "izmitinasana",
    "nosaukums": "Viduču pamatskolas Žīguru filiāle",
    "adrese": "Parka iela 9, Žīguri, Žīguru pagasts",
    "pasvaldiba": "Balvu novads",
    "pasvaldiba_slug": "balvu-novads",
    "nr_plana": 19,
    "avots_teksts": "Avots: Balvu novada CA plāns, lpp. 110",
    "plans_url": "https://www.balvi.lv/lv/media/21408/download?attachment",
    "plans_fails": "49_paragrafs_pielikums_plans_0.md",
    "lpp": 110,
    "citats": "|19.|Viduču<br>pamatskolas<br>Žīguru filiāle|Izglītības<br>iestāde|Parka<br>iela 9,<br>Žīguri,<br>Žīguru<br>pagasts|Aktu<br>zāle,<br>sporta<br>zāle,<br>mācību<br>klases|200|Ir|Nav|",
    "izdevejs": "Balvu novads (pašvaldība)",
    "geokodesana": "varis_address",
    "adrese_vzd": "Parka iela 9, Žīguri, Žīguru pag., Balvu nov., LV-4584",
    "vzd_kods": "102334950",
    "plana_lat": null,
    "plana_lon": null,
    "koord_teksts": null,
    "karodzini": [],
    "vietas": 200,
    "gultas": 0,
    "edinasana": "Virtuve ar ēdnīcu: Ir",
    "komentars": "Avots: Balvu novada CA plāns, lpp. 110 · 200 vietas · vieta noteikta pēc adreses (VZD)",
    "id": "balvu-novads-izm-17"
   },
   "geometry": {
    "type": "Point",
    "coordinates": [
     27.664421,
     57.267344
    ]
   }
  },
  {
   "type": "Feature",
   "properties": {
    "kategorija": "izmitinasana",
    "nosaukums": "Žīguru kultūras nams",
    "adrese": "Meža iela 6, Žīguri, Žīguru pagasts",
    "pasvaldiba": "Balvu novads",
    "pasvaldiba_slug": "balvu-novads",
    "nr_plana": 20,
    "avots_teksts": "Avots: Balvu novada CA plāns, lpp. 110",
    "plans_url": "https://www.balvi.lv/lv/media/21408/download?attachment",
    "plans_fails": "49_paragrafs_pielikums_plans_0.md",
    "lpp": 110,
    "citats": "|20.|Žīguru kultūras<br>nams|Kultūras<br>iestāde|Meža<br>iela 6,<br>Žīguri,<br>Žīguru<br>pagasts|Zāles|200|Nav|Nav|",
    "izdevejs": "Balvu novads (pašvaldība)",
    "geokodesana": "varis_address",
    "adrese_vzd": "Meža iela 6, Žīguri, Žīguru pag., Balvu nov., LV-4584",
    "vzd_kods": "102334821",
    "plana_lat": null,
    "plana_lon": null,
    "koord_teksts": null,
    "karodzini": [],
    "vietas": 200,
    "gultas": 0,
    "edinasana": "Virtuve ar ēdnīcu: Nav",
    "komentars": "Avots: Balvu novada CA plāns, lpp. 110 · 200 vietas · vieta noteikta pēc adreses (VZD)",
    "id": "balvu-novads-izm-18"
   },
   "geometry": {
    "type": "Point",
    "coordinates": [
     27.661126,
     57.267676
    ]
   }
  },
  {
   "type": "Feature",
   "properties": {
    "kategorija": "izmitinasana",
    "nosaukums": "Balvu KAC",
    "adrese": "Brīvības iela 61, Balvi",
    "pasvaldiba": "Balvu novads",
    "pasvaldiba_slug": "balvu-novads",
    "nr_plana": 21,
    "avots_teksts": "Avots: Balvu novada CA plāns, lpp. 110",
    "plans_url": "https://www.balvi.lv/lv/media/21408/download?attachment",
    "plans_fails": "49_paragrafs_pielikums_plans_0.md",
    "lpp": 110,
    "citats": "|21.|Balvu KAC|Kultūras<br>iestāde|Brīvība<br>s iela<br>61,<br>Balvi|Zāles|300|Nav|Nav|",
    "izdevejs": "Balvu novads (pašvaldība)",
    "geokodesana": "varis_address",
    "adrese_vzd": "Brīvības iela 61, Balvi, Balvu nov., LV-4501",
    "vzd_kods": "101605616",
    "plana_lat": null,
    "plana_lon": null,
    "koord_teksts": null,
    "karodzini": [],
    "vietas": 300,
    "gultas": 0,
    "edinasana": "Virtuve ar ēdnīcu: Nav",
    "komentars": "Avots: Balvu novada CA plāns, lpp. 110 · 300 vietas · vieta noteikta pēc adreses (VZD)",
    "id": "balvu-novads-izm-19"
   },
   "geometry": {
    "type": "Point",
    "coordinates": [
     27.268588,
     57.132939
    ]
   }
  },
  {
   "type": "Feature",
   "properties": {
    "kategorija": "izmitinasana",
    "nosaukums": "Naudaskalna Tautas nams",
    "adrese": "Saulstari, Naudaskalns, Balvu pagasts",
    "pasvaldiba": "Balvu novads",
    "pasvaldiba_slug": "balvu-novads",
    "nr_plana": 22,
    "avots_teksts": "Avots: Balvu novada CA plāns, lpp. 110",
    "plans_url": "https://www.balvi.lv/lv/media/21408/download?attachment",
    "plans_fails": "49_paragrafs_pielikums_plans_0.md",
    "lpp": 110,
    "citats": "|22.|Naudaskalna<br>Tautas nams|Kultūras<br>iestāde|Saulstar<br>i,|Zāles|100|Nav|Nav|",
    "izdevejs": "Balvu novads (pašvaldība)",
    "geokodesana": "varis_address",
    "adrese_vzd": "\"Saulstari\", Naudaskalns, Balvu pag., Balvu nov., LV-4561",
    "vzd_kods": "105791317",
    "plana_lat": null,
    "plana_lon": null,
    "koord_teksts": null,
    "karodzini": [],
    "vietas": 100,
    "gultas": 0,
    "edinasana": "Virtuve ar ēdnīcu: Nav",
    "izvilkuma_piezime": "address cell continues on page 111 ('Naudaskalns, Balvu pagasts')",
    "komentars": "Avots: Balvu novada CA plāns, lpp. 110 · 100 vietas · vieta noteikta pēc adreses (VZD)",
    "id": "balvu-novads-izm-20"
   },
   "geometry": {
    "type": "Point",
    "coordinates": [
     27.245789,
     57.08789
    ]
   }
  },
  {
   "type": "Feature",
   "properties": {
    "kategorija": "izmitinasana",
    "nosaukums": "Bērzpils pagasta Saieta nams",
    "adrese": "Dārza iela 25A, Bērzpils, Bērzpils pagasts",
    "pasvaldiba": "Balvu novads",
    "pasvaldiba_slug": "balvu-novads",
    "nr_plana": 23,
    "avots_teksts": "Avots: Balvu novada CA plāns, lpp. 111",
    "plans_url": "https://www.balvi.lv/lv/media/21408/download?attachment",
    "plans_fails": "49_paragrafs_pielikums_plans_0.md",
    "lpp": 111,
    "citats": "|23.|Bērzpils pagasta<br>Saieta nams|Kultūras<br>iestāde|Dārza<br>iela<br>25A,<br>Bērzpil<br>s,<br>Bērzpil<br>s<br>pagasts|Zāles|100|Nav|Nav|",
    "izdevejs": "Balvu novads (pašvaldība)",
    "geokodesana": "varis_address",
    "adrese_vzd": "Dārza iela 25A, Bērzpils, Bērzpils pag., Balvu nov., LV-4576",
    "vzd_kods": "106544861",
    "plana_lat": null,
    "plana_lon": null,
    "koord_teksts": null,
    "karodzini": [],
    "vietas": 100,
    "gultas": 0,
    "edinasana": "Virtuve ar ēdnīcu: Nav",
    "komentars": "Avots: Balvu novada CA plāns, lpp. 111 · 100 vietas · vieta noteikta pēc adreses (VZD)",
    "id": "balvu-novads-izm-21"
   },
   "geometry": {
    "type": "Point",
    "coordinates": [
     27.084775,
     56.848614
    ]
   }
  },
  {
   "type": "Feature",
   "properties": {
    "kategorija": "izmitinasana",
    "nosaukums": "Bērzpils pamatskola",
    "adrese": "Dārza 12, Bērzpils, Bērzpils pagasts",
    "pasvaldiba": "Balvu novads",
    "pasvaldiba_slug": "balvu-novads",
    "nr_plana": 24,
    "avots_teksts": "Avots: Balvu novada CA plāns, lpp. 111",
    "plans_url": "https://www.balvi.lv/lv/media/21408/download?attachment",
    "plans_fails": "49_paragrafs_pielikums_plans_0.md",
    "lpp": 111,
    "citats": "|24.|Bērzpils<br>pamatskola|Izglītības<br>iestāde|Dārza<br>12,<br>Bērzpil<br>s,<br>Bērzpil<br>s<br>pagasts|Aktu<br>zāle,<br>sporta<br>zāle,<br>mācību<br>klases,<br>dienesta<br>viesnīca|300|Nav|40|",
    "izdevejs": "Balvu novads (pašvaldība)",
    "geokodesana": "varis_address",
    "adrese_vzd": "Dārza iela 12, Bērzpils, Bērzpils pag., Balvu nov., LV-4576",
    "vzd_kods": "103271743",
    "plana_lat": null,
    "plana_lon": null,
    "koord_teksts": null,
    "karodzini": [],
    "vietas": 300,
    "gultas": 40,
    "edinasana": "Virtuve ar ēdnīcu: Nav",
    "komentars": "Avots: Balvu novada CA plāns, lpp. 111 · 300 vietas · vieta noteikta pēc adreses (VZD)",
    "id": "balvu-novads-izm-22"
   },
   "geometry": {
    "type": "Point",
    "coordinates": [
     27.083739,
     56.847704
    ]
   }
  },
  {
   "type": "Feature",
   "properties": {
    "kategorija": "izmitinasana",
    "nosaukums": "Briežuciema pagasta Tautas nams",
    "adrese": "“Gaismas”, Briežuciema pagasts",
    "pasvaldiba": "Balvu novads",
    "pasvaldiba_slug": "balvu-novads",
    "nr_plana": 25,
    "avots_teksts": "Avots: Balvu novada CA plāns, lpp. 111",
    "plans_url": "https://www.balvi.lv/lv/media/21408/download?attachment",
    "plans_fails": "49_paragrafs_pielikums_plans_0.md",
    "lpp": 111,
    "citats": "|25.|Briežuciema<br>pagasta Tautas<br>nams|Kultūras<br>iestāde|“Gaism<br>as”,<br>Briežuc<br>iema<br>pagasts|Zāles|100|Nav|Nav|",
    "izdevejs": "Balvu novads (pašvaldība)",
    "geokodesana": "varis_address",
    "adrese_vzd": "\"Gaismas\", Grūšļeva, Briežuciema pag., Balvu nov., LV-4595",
    "vzd_kods": "104117605",
    "plana_lat": null,
    "plana_lon": null,
    "koord_teksts": null,
    "karodzini": [],
    "vietas": 100,
    "gultas": 0,
    "edinasana": "Virtuve ar ēdnīcu: Nav",
    "komentars": "Avots: Balvu novada CA plāns, lpp. 111 · 100 vietas · vieta noteikta pēc adreses (VZD)",
    "id": "balvu-novads-izm-23"
   },
   "geometry": {
    "type": "Point",
    "coordinates": [
     27.593123,
     56.961827
    ]
   }
  },
  {
   "type": "Feature",
   "properties": {
    "kategorija": "izmitinasana",
    "nosaukums": "Krišjāņu pagasta Tautas nams",
    "adrese": "Jaunatnes iela 2, Krišjāņi, Krišjāņu pagasts",
    "pasvaldiba": "Balvu novads",
    "pasvaldiba_slug": "balvu-novads",
    "nr_plana": 26,
    "avots_teksts": "Avots: Balvu novada CA plāns, lpp. 111",
    "plans_url": "https://www.balvi.lv/lv/media/21408/download?attachment",
    "plans_fails": "49_paragrafs_pielikums_plans_0.md",
    "lpp": 111,
    "citats": "|26.|Krišjāņu pagasta<br>Tautas nams|Kultūras<br>iestāde|Jaunatn<br>es iela<br>2,<br>Krišjāņi<br>,<br>Krišjāņ<br>u<br>pagasts|Zāles|50|Nav|Nav|",
    "izdevejs": "Balvu novads (pašvaldība)",
    "geokodesana": "varis_address",
    "adrese_vzd": "Jaunatnes iela 2, Krišjāņi, Krišjāņu pag., Balvu nov., LV-4574",
    "vzd_kods": "105809820",
    "plana_lat": null,
    "plana_lon": null,
    "koord_teksts": null,
    "karodzini": [],
    "vietas": 50,
    "gultas": 0,
    "edinasana": "Virtuve ar ēdnīcu: Nav",
    "komentars": "Avots: Balvu novada CA plāns, lpp. 111 · 50 vietas · vieta noteikta pēc adreses (VZD)",
    "id": "balvu-novads-izm-24"
   },
   "geometry": {
    "type": "Point",
    "coordinates": [
     27.287885,
     56.807416
    ]
   }
  },
  {
   "type": "Feature",
   "properties": {
    "kategorija": "izmitinasana",
    "nosaukums": "Kubulu pagasta Kultūras nams",
    "adrese": "Balvu iela 15, Kubuli, Kubulu pagasts",
    "pasvaldiba": "Balvu novads",
    "pasvaldiba_slug": "balvu-novads",
    "nr_plana": 27,
    "avots_teksts": "Avots: Balvu novada CA plāns, lpp. 111",
    "plans_url": "https://www.balvi.lv/lv/media/21408/download?attachment",
    "plans_fails": "49_paragrafs_pielikums_plans_0.md",
    "lpp": 111,
    "citats": "|27.|Kubulu pagasta<br>Kultūras nams|Kultūras<br>iestāde|Balvu<br>iela 15,<br>Kubuli,<br>Kubulu<br>pagasts|Zāles|100|Nav|Nav|",
    "izdevejs": "Balvu novads (pašvaldība)",
    "geokodesana": "varis_address",
    "adrese_vzd": "Balvu iela 15, Kubuli, Kubulu pag., Balvu nov., LV-4566",
    "vzd_kods": "104665081",
    "plana_lat": null,
    "plana_lon": null,
    "koord_teksts": null,
    "karodzini": [],
    "vietas": 100,
    "gultas": 0,
    "edinasana": "Virtuve ar ēdnīcu: Nav",
    "komentars": "Avots: Balvu novada CA plāns, lpp. 111 · 100 vietas · vieta noteikta pēc adreses (VZD)",
    "id": "balvu-novads-izm-25"
   },
   "geometry": {
    "type": "Point",
    "coordinates": [
     27.204203,
     57.157943
    ]
   }
  },
  {
   "type": "Feature",
   "properties": {
    "kategorija": "izmitinasana",
    "nosaukums": "Lazdulejas pagasta Saieta nams",
    "adrese": "Administratīvā ēka, Egļuciems, Lazdulejas pagasts",
    "pasvaldiba": "Balvu novads",
    "pasvaldiba_slug": "balvu-novads",
    "nr_plana": 29,
    "avots_teksts": "Avots: Balvu novada CA plāns, lpp. 111",
    "plans_url": "https://www.balvi.lv/lv/media/21408/download?attachment",
    "plans_fails": "49_paragrafs_pielikums_plans_0.md",
    "lpp": 111,
    "citats": "|29.|Lazdulejas<br>pagasta Saieta<br>nams|Kultūras<br>iestāde|Admini<br>stratīvā<br>ēka,<br>Egļucie<br>ms,<br>Lazdule<br>jas<br>pagasts|Zāles|50|Nav|Nav|",
    "izdevejs": "Balvu novads (pašvaldība)",
    "geokodesana": "varis_address",
    "adrese_vzd": "\"Administratīvā ēka\", Egļuciems, Lazdulejas pag., Balvu nov., LV-4592",
    "vzd_kods": "105526011",
    "plana_lat": null,
    "plana_lon": null,
    "koord_teksts": null,
    "karodzini": [],
    "vietas": 50,
    "gultas": 0,
    "edinasana": "Virtuve ar ēdnīcu: Nav",
    "komentars": "Avots: Balvu novada CA plāns, lpp. 111 · 50 vietas · vieta noteikta pēc adreses (VZD)",
    "id": "balvu-novads-izm-26"
   },
   "geometry": {
    "type": "Point",
    "coordinates": [
     27.497891,
     57.044155
    ]
   }
  },
  {
   "type": "Feature",
   "properties": {
    "kategorija": "izmitinasana",
    "nosaukums": "Lazdukalna Saieta nams",
    "adrese": "Skolas iela 3A, Benislava, Lazdukalna pagasts",
    "pasvaldiba": "Balvu novads",
    "pasvaldiba_slug": "balvu-novads",
    "nr_plana": 30,
    "avots_teksts": "Avots: Balvu novada CA plāns, lpp. 111",
    "plans_url": "https://www.balvi.lv/lv/media/21408/download?attachment",
    "plans_fails": "49_paragrafs_pielikums_plans_0.md",
    "lpp": 111,
    "citats": "|30.|Lazdukalna|Kultūras|Skolas|Zāles|100|Nav|Nav|",
    "izdevejs": "Balvu novads (pašvaldība)",
    "geokodesana": "varis_address",
    "adrese_vzd": "Skolas iela 3A, Benislava, Lazdukalna pag., Balvu nov., LV-4577",
    "vzd_kods": "106287181",
    "plana_lat": null,
    "plana_lon": null,
    "koord_teksts": null,
    "karodzini": [],
    "vietas": 100,
    "gultas": 0,
    "edinasana": "Virtuve ar ēdnīcu: Nav",
    "izvilkuma_piezime": "row split across pages 111/112: name/address continue on next page ('Saieta nams', 'iela 3A, Benislava, Lazdukalna pagasts')",
    "komentars": "Avots: Balvu novada CA plāns, lpp. 111 · 100 vietas · vieta noteikta pēc adreses (VZD)",
    "id": "balvu-novads-izm-27"
   },
   "geometry": {
    "type": "Point",
    "coordinates": [
     27.077556,
     56.922721
    ]
   }
  },
  {
   "type": "Feature",
   "properties": {
    "kategorija": "izmitinasana",
    "nosaukums": "Medņevas Tautas nams",
    "adrese": "Tautas iela 6, Semenova, Medņevas pagasts",
    "pasvaldiba": "Balvu novads",
    "pasvaldiba_slug": "balvu-novads",
    "nr_plana": 31,
    "avots_teksts": "Avots: Balvu novada CA plāns, lpp. 112",
    "plans_url": "https://www.balvi.lv/lv/media/21408/download?attachment",
    "plans_fails": "49_paragrafs_pielikums_plans_0.md",
    "lpp": 112,
    "citats": "|31.|Medņevas<br>Tautas nams|Kultūras<br>iestāde|Tautas<br>iela 6,<br>Semeno<br>va,<br>Medņev<br>as<br>pagasts|Zāles|100|Nav|Nav|",
    "izdevejs": "Balvu novads (pašvaldība)",
    "geokodesana": "varis_address",
    "adrese_vzd": "Tautas iela 6, Semenova, Medņevas pag., Balvu nov., LV-4586",
    "vzd_kods": "106705135",
    "plana_lat": null,
    "plana_lon": null,
    "koord_teksts": null,
    "karodzini": [],
    "vietas": 100,
    "gultas": 0,
    "edinasana": "Virtuve ar ēdnīcu: Nav",
    "komentars": "Avots: Balvu novada CA plāns, lpp. 112 · 100 vietas · vieta noteikta pēc adreses (VZD)",
    "id": "balvu-novads-izm-28"
   },
   "geometry": {
    "type": "Point",
    "coordinates": [
     27.646128,
     57.134564
    ]
   }
  },
  {
   "type": "Feature",
   "properties": {
    "kategorija": "izmitinasana",
    "nosaukums": "Tilžas Kultūras un vēstures nams",
    "adrese": "Brīvības iela 5, Tilža, Tilžas pagasts",
    "pasvaldiba": "Balvu novads",
    "pasvaldiba_slug": "balvu-novads",
    "nr_plana": 32,
    "avots_teksts": "Avots: Balvu novada CA plāns, lpp. 112",
    "plans_url": "https://www.balvi.lv/lv/media/21408/download?attachment",
    "plans_fails": "49_paragrafs_pielikums_plans_0.md",
    "lpp": 112,
    "citats": "|32.|Tilžas Kultūras<br>un vēstures<br>nams|Kultūras<br>iestāde|Brīvība<br>s iela 5,<br>Tilža,<br>Tilžas<br>pagasts|Zāles|100|Nav|Nav|",
    "izdevejs": "Balvu novads (pašvaldība)",
    "geokodesana": "varis_address",
    "adrese_vzd": "Brīvības iela 5, Tilža, Tilžas pag., Balvu nov., LV-4572",
    "vzd_kods": "102333395",
    "plana_lat": null,
    "plana_lon": null,
    "koord_teksts": null,
    "karodzini": [],
    "vietas": 100,
    "gultas": 0,
    "edinasana": "Virtuve ar ēdnīcu: Nav",
    "komentars": "Avots: Balvu novada CA plāns, lpp. 112 · 100 vietas · vieta noteikta pēc adreses (VZD)",
    "id": "balvu-novads-izm-29"
   },
   "geometry": {
    "type": "Point",
    "coordinates": [
     27.370142,
     56.899191
    ]
   }
  },
  {
   "type": "Feature",
   "properties": {
    "kategorija": "izmitinasana",
    "nosaukums": "Vectilžas pagasta Sporta un atpūtas centrs",
    "adrese": "Sporta iela 3, Vectilža, Vectilžas pagasts",
    "pasvaldiba": "Balvu novads",
    "pasvaldiba_slug": "balvu-novads",
    "nr_plana": 33,
    "avots_teksts": "Avots: Balvu novada CA plāns, lpp. 112",
    "plans_url": "https://www.balvi.lv/lv/media/21408/download?attachment",
    "plans_fails": "49_paragrafs_pielikums_plans_0.md",
    "lpp": 112,
    "citats": "|33.|Vectilžas<br>pagasta Sporta<br>un atpūtas centrs|Kultūras<br>iestāde|Sporta<br>iela 3,<br>Vectilž<br>a,<br>Vectilž<br>as<br>pagasts|Zāles|100|Nav|Nav|",
    "izdevejs": "Balvu novads (pašvaldība)",
    "geokodesana": "varis_address",
    "adrese_vzd": "Sporta iela 3, Vectilža, Vectilžas pag., Balvu nov., LV-4571",
    "vzd_kods": "105106766",
    "plana_lat": null,
    "plana_lon": null,
    "koord_teksts": null,
    "karodzini": [],
    "vietas": 100,
    "gultas": 0,
    "edinasana": "Virtuve ar ēdnīcu: Nav",
    "komentars": "Avots: Balvu novada CA plāns, lpp. 112 · 100 vietas · vieta noteikta pēc adreses (VZD)",
    "id": "balvu-novads-izm-30"
   },
   "geometry": {
    "type": "Point",
    "coordinates": [
     27.398286,
     56.962605
    ]
   }
  },
  {
   "type": "Feature",
   "properties": {
    "kategorija": "izmitinasana",
    "nosaukums": "Viļakas Kultūras nams",
    "adrese": "Pils iela 13, Viļaka, Balvu novads",
    "pasvaldiba": "Balvu novads",
    "pasvaldiba_slug": "balvu-novads",
    "nr_plana": 34,
    "avots_teksts": "Avots: Balvu novada CA plāns, lpp. 112",
    "plans_url": "https://www.balvi.lv/lv/media/21408/download?attachment",
    "plans_fails": "49_paragrafs_pielikums_plans_0.md",
    "lpp": 112,
    "citats": "|34.|Viļakas Kultūras<br>nams|Kultūras<br>iestāde|Pils iela<br>13,<br>Viļaka,<br>Balvu<br>novads|Zāles|100|Nav|Nav|",
    "izdevejs": "Balvu novads (pašvaldība)",
    "geokodesana": "varis_address",
    "adrese_vzd": "Pils iela 13, Viļaka, Balvu nov., LV-4583",
    "vzd_kods": "102329596",
    "plana_lat": null,
    "plana_lon": null,
    "koord_teksts": null,
    "karodzini": [],
    "vietas": 100,
    "gultas": 0,
    "edinasana": "Virtuve ar ēdnīcu: Nav",
    "komentars": "Avots: Balvu novada CA plāns, lpp. 112 · 100 vietas · vieta noteikta pēc adreses (VZD)",
    "id": "balvu-novads-izm-31"
   },
   "geometry": {
    "type": "Point",
    "coordinates": [
     27.688252,
     57.183378
    ]
   }
  },
  {
   "type": "Feature",
   "properties": {
    "kategorija": "izmitinasana",
    "nosaukums": "Bauskas pilsētas pamatskola",
    "adrese": "Rīgas iela 32, Bauska,LV-3901",
    "pasvaldiba": "Bauskas novads",
    "pasvaldiba_slug": "bauskas-novads",
    "nr_plana": 1,
    "avots_teksts": "Avots: Bauskas novada CA plāns, lpp. 108",
    "plans_url": "https://www.bauskasnovads.lv/lv/media/2665/download?attachment",
    "plans_fails": "bauska_stca_plans_2022_precizets.md",
    "lpp": 108,
    "citats": "|1.|Bauskas pilsētas<br>pamatskola|Izglītības<br>iestāde|Rīgas iela 32,<br>Bauska,LV-3901|56,411945|24,1905024|Ir|Nav|",
    "izdevejs": "Bauskas novads (pašvaldība)",
    "geokodesana": "plan_coords",
    "adrese_vzd": "Rīgas iela 32, Bauska, Bauskas nov., LV-3901",
    "vzd_kods": "101598702",
    "plana_lat": 56.411945,
    "plana_lon": 24.1905024,
    "koord_teksts": "56,411945|24,1905024",
    "karodzini": [],
    "vietas": null,
    "gultas": null,
    "edinasana": "Ir",
    "izvilkuma_piezime": "Guļam vietas column: 'Nav' (yes/no, not a count).",
    "komentars": "Avots: Bauskas novada CA plāns, lpp. 108",
    "id": "bauskas-novads-izm-1"
   },
   "geometry": {
    "type": "Point",
    "coordinates": [
     24.190502,
     56.411945
    ]
   }
  },
  {
   "type": "Feature",
   "properties": {
    "kategorija": "izmitinasana",
    "nosaukums": "Codes pamatskola",
    "adrese": "\"Virsaiši\" Code, Codes pag., LV-3910",
    "pasvaldiba": "Bauskas novads",
    "pasvaldiba_slug": "bauskas-novads",
    "nr_plana": 2,
    "avots_teksts": "Avots: Bauskas novada CA plāns, lpp. 108",
    "plans_url": "https://www.bauskasnovads.lv/lv/media/2665/download?attachment",
    "plans_fails": "bauska_stca_plans_2022_precizets.md",
    "lpp": 108,
    "citats": "|2.|Codes pamatskola|Izglītības<br>iestāde|\"Virsaiši\" Code,<br>Codes pag., LV-<br>3910|56,4681186|24,1690385|Ir|Nav|",
    "izdevejs": "Bauskas novads (pašvaldība)",
    "geokodesana": "plan_coords",
    "adrese_vzd": null,
    "vzd_kods": null,
    "plana_lat": 56.4681186,
    "plana_lon": 24.1690385,
    "koord_teksts": "56,4681186|24,1690385",
    "karodzini": [],
    "vietas": null,
    "gultas": null,
    "edinasana": "Ir",
    "izvilkuma_piezime": "Guļam vietas column: 'Nav' (yes/no, not a count).",
    "komentars": "Avots: Bauskas novada CA plāns, lpp. 108",
    "id": "bauskas-novads-izm-2"
   },
   "geometry": {
    "type": "Point",
    "coordinates": [
     24.169038,
     56.468119
    ]
   }
  },
  {
   "type": "Feature",
   "properties": {
    "kategorija": "izmitinasana",
    "nosaukums": "Griķu pamatskola",
    "adrese": "Visbijas iela 1, Ceraukstes pag., LV-3908",
    "pasvaldiba": "Bauskas novads",
    "pasvaldiba_slug": "bauskas-novads",
    "nr_plana": 3,
    "avots_teksts": "Avots: Bauskas novada CA plāns, lpp. 108",
    "plans_url": "https://www.bauskasnovads.lv/lv/media/2665/download?attachment",
    "plans_fails": "bauska_stca_plans_2022_precizets.md",
    "lpp": 108,
    "citats": "|3.|Griķu pamatskola|Izglītības<br>iestāde|Visbijas iela 1,<br>Ceraukstes pag.,<br>LV-3908|56,34724|24,2556098|Ir|Nav|",
    "izdevejs": "Bauskas novads (pašvaldība)",
    "geokodesana": "varis_address",
    "adrese_vzd": "Visbijas iela 1, Ceraukste, Ceraukstes pag., Bauskas nov., LV-3908",
    "vzd_kods": "105545827",
    "plana_lat": 56.34724,
    "plana_lon": 24.2556098,
    "koord_teksts": "56,34724|24,2556098",
    "karodzini": [
     "plan_coords_far_from_address"
    ],
    "vietas": null,
    "gultas": null,
    "edinasana": "Ir",
    "izvilkuma_piezime": "Guļam vietas column: 'Nav' (yes/no, not a count).",
    "komentars": "Avots: Bauskas novada CA plāns, lpp. 108 · plāna koordinātas kļūdainas, vieta noteikta pēc adreses (VZD)",
    "id": "bauskas-novads-izm-3"
   },
   "geometry": {
    "type": "Point",
    "coordinates": [
     24.288174,
     56.369299
    ]
   }
  },
  {
   "type": "Feature",
   "properties": {
    "kategorija": "izmitinasana",
    "nosaukums": "Bauskas PII “Pasaulīte”",
    "adrese": "Zemgaļu iela 7, Mežotnes pag., LV-3918",
    "pasvaldiba": "Bauskas novads",
    "pasvaldiba_slug": "bauskas-novads",
    "nr_plana": 4,
    "avots_teksts": "Avots: Bauskas novada CA plāns, lpp. 108",
    "plans_url": "https://www.bauskasnovads.lv/lv/media/2665/download?attachment",
    "plans_fails": "bauska_stca_plans_2022_precizets.md",
    "lpp": 108,
    "citats": "|4.|Bauskas PII<br>“Pasaulīte”|Izglītības<br>iestāde|Zemgaļu iela 7,<br>Mežotnes pag.,<br>LV-3918|56,4407646|24,0548507|Ir|Nav|",
    "izdevejs": "Bauskas novads (pašvaldība)",
    "geokodesana": "plan_coords",
    "adrese_vzd": "Zemgaļu iela 7, Mežotne, Mežotnes pag., Bauskas nov., LV-3918",
    "vzd_kods": "106307095",
    "plana_lat": 56.4407646,
    "plana_lon": 24.0548507,
    "koord_teksts": "56,4407646|24,0548507",
    "karodzini": [],
    "vietas": null,
    "gultas": null,
    "edinasana": "Ir",
    "izvilkuma_piezime": "Guļam vietas column: 'Nav' (yes/no, not a count).",
    "komentars": "Avots: Bauskas novada CA plāns, lpp. 108",
    "id": "bauskas-novads-izm-4"
   },
   "geometry": {
    "type": "Point",
    "coordinates": [
     24.054851,
     56.440765
    ]
   }
  },
  {
   "type": "Feature",
   "properties": {
    "kategorija": "izmitinasana",
    "nosaukums": "Vecsaules pamatskola",
    "adrese": "Vecsaule, Vecsaules pag., LV-3932",
    "pasvaldiba": "Bauskas novads",
    "pasvaldiba_slug": "bauskas-novads",
    "nr_plana": 5,
    "avots_teksts": "Avots: Bauskas novada CA plāns, lpp. 108",
    "plans_url": "https://www.bauskasnovads.lv/lv/media/2665/download?attachment",
    "plans_fails": "bauska_stca_plans_2022_precizets.md",
    "lpp": 108,
    "citats": "|5.|Vecsaules<br>pamatskola|Izglītības<br>iestāde|Vecsaule,<br>Vecsaules pag.,<br>LV-3932|56,4326109|24,3392783|Ir|Nav|",
    "izdevejs": "Bauskas novads (pašvaldība)",
    "geokodesana": "plan_coords",
    "adrese_vzd": null,
    "vzd_kods": null,
    "plana_lat": 56.4326109,
    "plana_lon": 24.3392783,
    "koord_teksts": "56,4326109|24,3392783",
    "karodzini": [],
    "vietas": null,
    "gultas": null,
    "edinasana": "Ir",
    "izvilkuma_piezime": "Guļam vietas column: 'Nav' (yes/no, not a count).",
    "komentars": "Avots: Bauskas novada CA plāns, lpp. 108",
    "id": "bauskas-novads-izm-5"
   },
   "geometry": {
    "type": "Point",
    "coordinates": [
     24.339278,
     56.432611
    ]
   }
  },
  {
   "type": "Feature",
   "properties": {
    "kategorija": "izmitinasana",
    "nosaukums": "Īslīces pamatskola",
    "adrese": "Skolas iela 16, Bērzi, īslīces pag., LV-3914",
    "pasvaldiba": "Bauskas novads",
    "pasvaldiba_slug": "bauskas-novads",
    "nr_plana": 6,
    "avots_teksts": "Avots: Bauskas novada CA plāns, lpp. 108",
    "plans_url": "https://www.bauskasnovads.lv/lv/media/2665/download?attachment",
    "plans_fails": "bauska_stca_plans_2022_precizets.md",
    "lpp": 108,
    "citats": "|6.|Īslīces pamatskola|Izglītības<br>iestāde|Skolas iela 16,<br>Bērzi, īslīces pag.,<br>LV-3914|56,3484688|24,1070629|Ir|Nav|",
    "izdevejs": "Bauskas novads (pašvaldība)",
    "geokodesana": "plan_coords",
    "adrese_vzd": "Skolas iela 16, Bērzi, Īslīces pag., Bauskas nov., LV-3914",
    "vzd_kods": "105508918",
    "plana_lat": 56.3484688,
    "plana_lon": 24.1070629,
    "koord_teksts": "56,3484688|24,1070629",
    "karodzini": [],
    "vietas": null,
    "gultas": null,
    "edinasana": "Ir",
    "izvilkuma_piezime": "Guļam vietas column: 'Nav' (yes/no, not a count).",
    "komentars": "Avots: Bauskas novada CA plāns, lpp. 108",
    "id": "bauskas-novads-izm-6"
   },
   "geometry": {
    "type": "Point",
    "coordinates": [
     24.107063,
     56.348469
    ]
   }
  },
  {
   "type": "Feature",
   "properties": {
    "kategorija": "izmitinasana",
    "nosaukums": "Uzvaras pamatskola",
    "adrese": "Sporta iela 3, Uzvara, Gailīšu pag.,LV-3931",
    "pasvaldiba": "Bauskas novads",
    "pasvaldiba_slug": "bauskas-novads",
    "nr_plana": 7,
    "avots_teksts": "Avots: Bauskas novada CA plāns, lpp. 108",
    "plans_url": "https://www.bauskasnovads.lv/lv/media/2665/download?attachment",
    "plans_fails": "bauska_stca_plans_2022_precizets.md",
    "lpp": 108,
    "citats": "|7.|Uzvaras<br>pamatskola|Izglītības<br>iestāde|Sporta iela 3,<br>Uzvara, Gailīšu<br>pag.,LV-3931|56,3191628|24,2578504|Ir|Nav|",
    "izdevejs": "Bauskas novads (pašvaldība)",
    "geokodesana": "plan_coords",
    "adrese_vzd": "Sporta iela 3, Uzvara, Gailīšu pag., Bauskas nov., LV-3931",
    "vzd_kods": "104179127",
    "plana_lat": 56.3191628,
    "plana_lon": 24.2578504,
    "koord_teksts": "56,3191628|24,2578504",
    "karodzini": [],
    "vietas": null,
    "gultas": null,
    "edinasana": "Ir",
    "izvilkuma_piezime": "Guļam vietas column: 'Nav' (yes/no, not a count).",
    "komentars": "Avots: Bauskas novada CA plāns, lpp. 108",
    "id": "bauskas-novads-izm-7"
   },
   "geometry": {
    "type": "Point",
    "coordinates": [
     24.25785,
     56.319163
    ]
   }
  },
  {
   "type": "Feature",
   "properties": {
    "kategorija": "izmitinasana",
    "nosaukums": "Bauskas Valsts ģimnāzija",
    "adrese": "Uzvaras iela 10, Bauska, LV-3901",
    "pasvaldiba": "Bauskas novads",
    "pasvaldiba_slug": "bauskas-novads",
    "nr_plana": 8,
    "avots_teksts": "Avots: Bauskas novada CA plāns, lpp. 109",
    "plans_url": "https://www.bauskasnovads.lv/lv/media/2665/download?attachment",
    "plans_fails": "bauska_stca_plans_2022_precizets.md",
    "lpp": 109,
    "citats": "|8.|Bauskas Valsts<br>ģimnāzija|Izglītības<br>iestāde|Uzvaras iela 10,<br>Bauska, LV-3901|56,4057673|24,1813552|Ir|Nav|",
    "izdevejs": "Bauskas novads (pašvaldība)",
    "geokodesana": "plan_coords",
    "adrese_vzd": "Uzvaras iela 10, Bauska, Bauskas nov., LV-3901",
    "vzd_kods": "102312250",
    "plana_lat": 56.4057673,
    "plana_lon": 24.1813552,
    "koord_teksts": "56,4057673|24,1813552",
    "karodzini": [],
    "vietas": null,
    "gultas": null,
    "edinasana": "Ir",
    "izvilkuma_piezime": "Guļam vietas column: 'Nav' (yes/no, not a count).",
    "komentars": "Avots: Bauskas novada CA plāns, lpp. 109",
    "id": "bauskas-novads-izm-8"
   },
   "geometry": {
    "type": "Point",
    "coordinates": [
     24.181355,
     56.405767
    ]
   }
  },
  {
   "type": "Feature",
   "properties": {
    "kategorija": "izmitinasana",
    "nosaukums": "Bauskas 2. Vidusskola",
    "adrese": "Dārza iela 9,Bauska, LV-3901",
    "pasvaldiba": "Bauskas novads",
    "pasvaldiba_slug": "bauskas-novads",
    "nr_plana": 9,
    "avots_teksts": "Avots: Bauskas novada CA plāns, lpp. 109",
    "plans_url": "https://www.bauskasnovads.lv/lv/media/2665/download?attachment",
    "plans_fails": "bauska_stca_plans_2022_precizets.md",
    "lpp": 109,
    "citats": "|9.|Bauskas 2.<br>Vidusskola|Izglītības<br>iestāde|Dārza iela<br>9,Bauska,<br>LV-3901|<br>56,4093338|24,1933159|ir|Nav|",
    "izdevejs": "Bauskas novads (pašvaldība)",
    "geokodesana": "plan_coords",
    "adrese_vzd": "Dārza iela 9, Bauska, Bauskas nov., LV-3901",
    "vzd_kods": "101595504",
    "plana_lat": 56.4093338,
    "plana_lon": 24.1933159,
    "koord_teksts": "<br>56,4093338|24,1933159",
    "karodzini": [],
    "vietas": null,
    "gultas": null,
    "edinasana": "ir",
    "izvilkuma_piezime": "Guļam vietas column: 'Nav' (yes/no, not a count). Lat cell begins with <br> in conversion.",
    "komentars": "Avots: Bauskas novada CA plāns, lpp. 109",
    "id": "bauskas-novads-izm-9"
   },
   "geometry": {
    "type": "Point",
    "coordinates": [
     24.193316,
     56.409334
    ]
   }
  },
  {
   "type": "Feature",
   "properties": {
    "kategorija": "izmitinasana",
    "nosaukums": "Bārbeles Tautas nams",
    "adrese": "Bauskas iela 2, Bārbele, Bārbeles pagasts",
    "pasvaldiba": "Bauskas novads",
    "pasvaldiba_slug": "bauskas-novads",
    "nr_plana": 10,
    "avots_teksts": "Avots: Bauskas novada CA plāns, lpp. 109",
    "plans_url": "https://www.bauskasnovads.lv/lv/media/2665/download?attachment",
    "plans_fails": "bauska_stca_plans_2022_precizets.md",
    "lpp": 109,
    "citats": "|10.|Bārbeles Tautas<br>nams|Kultūras<br>iestāde|Bauskas iela 2,<br>Bārbele,<br>Bārbeles<br>pagasts|56,452414|24,596280|nav|nav|",
    "izdevejs": "Bauskas novads (pašvaldība)",
    "geokodesana": "plan_coords",
    "adrese_vzd": "Bauskas iela 2, Bārbele, Bārbeles pag., Bauskas nov., LV-3905",
    "vzd_kods": "101105163",
    "plana_lat": 56.452414,
    "plana_lon": 24.59628,
    "koord_teksts": "56,452414|24,596280",
    "karodzini": [],
    "vietas": null,
    "gultas": null,
    "edinasana": "nav",
    "izvilkuma_piezime": "Guļam vietas column: 'nav' (yes/no, not a count).",
    "komentars": "Avots: Bauskas novada CA plāns, lpp. 109",
    "id": "bauskas-novads-izm-10"
   },
   "geometry": {
    "type": "Point",
    "coordinates": [
     24.59628,
     56.452414
    ]
   }
  },
  {
   "type": "Feature",
   "properties": {
    "kategorija": "izmitinasana",
    "nosaukums": "Skaistkalnes vidusskola",
    "adrese": "Skolas iela -5, Skaistkalne, Skaistkalnes pagasts",
    "pasvaldiba": "Bauskas novads",
    "pasvaldiba_slug": "bauskas-novads",
    "nr_plana": 11,
    "avots_teksts": "Avots: Bauskas novada CA plāns, lpp. 109",
    "plans_url": "https://www.bauskasnovads.lv/lv/media/2665/download?attachment",
    "plans_fails": "bauska_stca_plans_2022_precizets.md",
    "lpp": 109,
    "citats": "|11.|Skaistkalnes<br>vidusskola|Izglītības<br>iestāde|Skolas iela -5,<br>Skaistkalne,<br>Skaistkalnes<br>pagasts|56,378549|24,649485|ir|nav|",
    "izdevejs": "Bauskas novads (pašvaldība)",
    "geokodesana": "plan_coords",
    "adrese_vzd": "Skolas iela 5, Skaistkalne, Skaistkalnes pag., Bauskas nov., LV-3924",
    "vzd_kods": "101603532",
    "plana_lat": 56.378549,
    "plana_lon": 24.649485,
    "koord_teksts": "56,378549|24,649485",
    "karodzini": [],
    "vietas": null,
    "gultas": null,
    "edinasana": "ir",
    "izvilkuma_piezime": "Guļam vietas column: 'nav' (yes/no, not a count).",
    "komentars": "Avots: Bauskas novada CA plāns, lpp. 109",
    "id": "bauskas-novads-izm-11"
   },
   "geometry": {
    "type": "Point",
    "coordinates": [
     24.649485,
     56.378549
    ]
   }
  },
  {
   "type": "Feature",
   "properties": {
    "kategorija": "izmitinasana",
    "nosaukums": "Skaistkalnes mazā skola",
    "adrese": "Rīgas iela -5, Skaistkalne, Skaistkalnes pagasts",
    "pasvaldiba": "Bauskas novads",
    "pasvaldiba_slug": "bauskas-novads",
    "nr_plana": 12,
    "avots_teksts": "Avots: Bauskas novada CA plāns, lpp. 109",
    "plans_url": "https://www.bauskasnovads.lv/lv/media/2665/download?attachment",
    "plans_fails": "bauska_stca_plans_2022_precizets.md",
    "lpp": 109,
    "citats": "|12.|Skaistkalnes<br>mazā skola|Izglītības<br>iestāde|Rīgas iela -5,<br>Skaistkalne,<br>Skaistkalnes<br>pagasts|56,380536|24,645714|nav|nav|",
    "izdevejs": "Bauskas novads (pašvaldība)",
    "geokodesana": "plan_coords",
    "adrese_vzd": "Rīgas iela 5, Skaistkalne, Skaistkalnes pag., Bauskas nov., LV-3924",
    "vzd_kods": "101603508",
    "plana_lat": 56.380536,
    "plana_lon": 24.645714,
    "koord_teksts": "56,380536|24,645714",
    "karodzini": [],
    "vietas": null,
    "gultas": null,
    "edinasana": "nav",
    "izvilkuma_piezime": "Guļam vietas column: 'nav' (yes/no, not a count).",
    "komentars": "Avots: Bauskas novada CA plāns, lpp. 109",
    "id": "bauskas-novads-izm-12"
   },
   "geometry": {
    "type": "Point",
    "coordinates": [
     24.645714,
     56.380536
    ]
   }
  },
  {
   "type": "Feature",
   "properties": {
    "kategorija": "izmitinasana",
    "nosaukums": "Skaistkalnes tautas nams",
    "adrese": "Kurmenes iela -1, Skaistkalne, Skaistkalnes pagasts",
    "pasvaldiba": "Bauskas novads",
    "pasvaldiba_slug": "bauskas-novads",
    "nr_plana": 13,
    "avots_teksts": "Avots: Bauskas novada CA plāns, lpp. 109",
    "plans_url": "https://www.bauskasnovads.lv/lv/media/2665/download?attachment",
    "plans_fails": "bauska_stca_plans_2022_precizets.md",
    "lpp": 109,
    "citats": "|13.|Skaistkalnes<br>tautas nams|Kultūras<br>iestāde|Kurmenes iela -<br>1, Skaistkalne,<br>Skaistkalnes<br>pagasts|56,379630|24,648734|nav|nav|",
    "izdevejs": "Bauskas novads (pašvaldība)",
    "geokodesana": "plan_coords",
    "adrese_vzd": "Kurmenes iela 1, Skaistkalne, Skaistkalnes pag., Bauskas nov., LV-3924",
    "vzd_kods": "101603364",
    "plana_lat": 56.37963,
    "plana_lon": 24.648734,
    "koord_teksts": "56,379630|24,648734",
    "karodzini": [],
    "vietas": null,
    "gultas": null,
    "edinasana": "nav",
    "izvilkuma_piezime": "Guļam vietas column: 'nav' (yes/no, not a count).",
    "komentars": "Avots: Bauskas novada CA plāns, lpp. 109",
    "id": "bauskas-novads-izm-13"
   },
   "geometry": {
    "type": "Point",
    "coordinates": [
     24.648734,
     56.37963
    ]
   }
  },
  {
   "type": "Feature",
   "properties": {
    "kategorija": "izmitinasana",
    "nosaukums": "Stelpes pamatskola",
    "adrese": "Nākotnes, Stelpe, Stelpes pag.",
    "pasvaldiba": "Bauskas novads",
    "pasvaldiba_slug": "bauskas-novads",
    "nr_plana": 14,
    "avots_teksts": "Avots: Bauskas novada CA plāns, lpp. 109",
    "plans_url": "https://www.bauskasnovads.lv/lv/media/2665/download?attachment",
    "plans_fails": "bauska_stca_plans_2022_precizets.md",
    "lpp": 109,
    "citats": "|14.|Stelpes<br>pamatskola|Izglītības<br>iestāde|Nākotnes,<br>Stelpe, Stelpes<br>pag.|56,532774|24,506330|ir|nav|",
    "izdevejs": "Bauskas novads (pašvaldība)",
    "geokodesana": "plan_coords",
    "adrese_vzd": "\"Nākotnes\", Stelpes pag., Bauskas nov., LV-3925",
    "vzd_kods": "103429783",
    "plana_lat": 56.532774,
    "plana_lon": 24.50633,
    "koord_teksts": "56,532774|24,506330",
    "karodzini": [],
    "vietas": null,
    "gultas": null,
    "edinasana": "ir",
    "izvilkuma_piezime": "Guļam vietas column: 'nav' (yes/no, not a count).",
    "komentars": "Avots: Bauskas novada CA plāns, lpp. 109",
    "id": "bauskas-novads-izm-14"
   },
   "geometry": {
    "type": "Point",
    "coordinates": [
     24.50633,
     56.532774
    ]
   }
  },
  {
   "type": "Feature",
   "properties": {
    "kategorija": "izmitinasana",
    "nosaukums": "Vecumnieku vidusskola",
    "adrese": "Rīgas i. 24., Vecumnieki, Vecumnieku pagasts",
    "pasvaldiba": "Bauskas novads",
    "pasvaldiba_slug": "bauskas-novads",
    "nr_plana": 15,
    "avots_teksts": "Avots: Bauskas novada CA plāns, lpp. 109",
    "plans_url": "https://www.bauskasnovads.lv/lv/media/2665/download?attachment",
    "plans_fails": "bauska_stca_plans_2022_precizets.md",
    "lpp": 109,
    "citats": "|15.|Vecumnieku<br>vidusskola|Izglītības<br>iestāde|Rīgas i. 24.,<br>Vecumnieki,<br>Vecumnieku<br>pagasts|56,607572|24,519296|ir|nav|",
    "izdevejs": "Bauskas novads (pašvaldība)",
    "geokodesana": "plan_coords",
    "adrese_vzd": null,
    "vzd_kods": null,
    "plana_lat": 56.607572,
    "plana_lon": 24.519296,
    "koord_teksts": "56,607572|24,519296",
    "karodzini": [],
    "vietas": null,
    "gultas": null,
    "edinasana": "ir",
    "izvilkuma_piezime": "Guļam vietas column: 'nav' (yes/no, not a count).",
    "komentars": "Avots: Bauskas novada CA plāns, lpp. 109",
    "id": "bauskas-novads-izm-15"
   },
   "geometry": {
    "type": "Point",
    "coordinates": [
     24.519296,
     56.607572
    ]
   }
  },
  {
   "type": "Feature",
   "properties": {
    "kategorija": "izmitinasana",
    "nosaukums": "Misas vidusskola",
    "adrese": "Saules iela 6. Misa, Vecumnieku pagasts",
    "pasvaldiba": "Bauskas novads",
    "pasvaldiba_slug": "bauskas-novads",
    "nr_plana": 16,
    "avots_teksts": "Avots: Bauskas novada CA plāns, lpp. 109",
    "plans_url": "https://www.bauskasnovads.lv/lv/media/2665/download?attachment",
    "plans_fails": "bauska_stca_plans_2022_precizets.md",
    "lpp": 109,
    "citats": "|16.|Misas<br>vidusskola|Izglītības<br>iestāde|Saules iela 6.<br>Misa,<br>Vecumnieku<br>pagasts|56,589486|24,393613|ir|nav|",
    "izdevejs": "Bauskas novads (pašvaldība)",
    "geokodesana": "plan_coords",
    "adrese_vzd": "Saules iela 6, Misa, Vecumnieku pag., Bauskas nov., LV-3906",
    "vzd_kods": "105759546",
    "plana_lat": 56.589486,
    "plana_lon": 24.393613,
    "koord_teksts": "56,589486|24,393613",
    "karodzini": [],
    "vietas": null,
    "gultas": null,
    "edinasana": "ir",
    "izvilkuma_piezime": "Guļam vietas column: 'nav' (yes/no, not a count).",
    "komentars": "Avots: Bauskas novada CA plāns, lpp. 109",
    "id": "bauskas-novads-izm-16"
   },
   "geometry": {
    "type": "Point",
    "coordinates": [
     24.393613,
     56.589486
    ]
   }
  },
  {
   "type": "Feature",
   "properties": {
    "kategorija": "izmitinasana",
    "nosaukums": "Vecumnieku Tautas nams",
    "adrese": "Rīgas iela 5. Vecumnieki, Vecumnieku pagasts",
    "pasvaldiba": "Bauskas novads",
    "pasvaldiba_slug": "bauskas-novads",
    "nr_plana": 17,
    "avots_teksts": "Avots: Bauskas novada CA plāns, lpp. 109",
    "plans_url": "https://www.bauskasnovads.lv/lv/media/2665/download?attachment",
    "plans_fails": "bauska_stca_plans_2022_precizets.md",
    "lpp": 109,
    "citats": "|17.|Vecumnieku<br>Tautas nams|Kultūras<br>iestāde|Rīgas iela 5.<br>Vecumnieki,<br>Vecumnieku<br>pagasts|56,606845|24,521785|nav|nav|",
    "izdevejs": "Bauskas novads (pašvaldība)",
    "geokodesana": "plan_coords",
    "adrese_vzd": "Rīgas iela 5, Vecumnieki, Vecumnieku pag., Bauskas nov., LV-3933",
    "vzd_kods": "101604077",
    "plana_lat": 56.606845,
    "plana_lon": 24.521785,
    "koord_teksts": "56,606845|24,521785",
    "karodzini": [],
    "vietas": null,
    "gultas": null,
    "edinasana": "nav",
    "izvilkuma_piezime": "Guļam vietas column: 'nav' (yes/no, not a count).",
    "komentars": "Avots: Bauskas novada CA plāns, lpp. 109",
    "id": "bauskas-novads-izm-17"
   },
   "geometry": {
    "type": "Point",
    "coordinates": [
     24.521785,
     56.606845
    ]
   }
  },
  {
   "type": "Feature",
   "properties": {
    "kategorija": "izmitinasana",
    "nosaukums": "Misas Tautas nams",
    "adrese": "Misa Vecumnieku pagasts",
    "pasvaldiba": "Bauskas novads",
    "pasvaldiba_slug": "bauskas-novads",
    "nr_plana": 18,
    "avots_teksts": "Avots: Bauskas novada CA plāns, lpp. 109",
    "plans_url": "https://www.bauskasnovads.lv/lv/media/2665/download?attachment",
    "plans_fails": "bauska_stca_plans_2022_precizets.md",
    "lpp": 109,
    "citats": "|18.|Misas Tautas<br>nams|Kultūras<br>iestāde|Misa<br>Vecumnieku<br>pagasts|56,588745|24,396290|nav|nav|",
    "izdevejs": "Bauskas novads (pašvaldība)",
    "geokodesana": "plan_coords",
    "adrese_vzd": null,
    "vzd_kods": null,
    "plana_lat": 56.588745,
    "plana_lon": 24.39629,
    "koord_teksts": "56,588745|24,396290",
    "karodzini": [],
    "vietas": null,
    "gultas": null,
    "edinasana": "nav",
    "izvilkuma_piezime": "Guļam vietas column: 'nav' (yes/no, not a count).",
    "komentars": "Avots: Bauskas novada CA plāns, lpp. 109",
    "id": "bauskas-novads-izm-18"
   },
   "geometry": {
    "type": "Point",
    "coordinates": [
     24.39629,
     56.588745
    ]
   }
  },
  {
   "type": "Feature",
   "properties": {
    "kategorija": "izmitinasana",
    "nosaukums": "Valles pamatskola",
    "adrese": "Rīgas iela 4. Valle, Valles pagasts",
    "pasvaldiba": "Bauskas novads",
    "pasvaldiba_slug": "bauskas-novads",
    "nr_plana": 19,
    "avots_teksts": "Avots: Bauskas novada CA plāns, lpp. 109",
    "plans_url": "https://www.bauskasnovads.lv/lv/media/2665/download?attachment",
    "plans_fails": "bauska_stca_plans_2022_precizets.md",
    "lpp": 109,
    "citats": "|19,|Valles<br>pamatskola|Izglītības<br>iestāde|Rīgas iela 4. Valle,<br>Valles pagasts|56,512194|24,718632|ir|ir|",
    "izdevejs": "Bauskas novads (pašvaldība)",
    "geokodesana": "plan_coords",
    "adrese_vzd": "Rīgas iela 4, Valle, Valles pag., Bauskas nov., LV-5106",
    "vzd_kods": "104536180",
    "plana_lat": 56.512194,
    "plana_lon": 24.718632,
    "koord_teksts": "56,512194|24,718632",
    "karodzini": [],
    "vietas": null,
    "gultas": null,
    "edinasana": "ir",
    "izvilkuma_piezime": "Guļam vietas column: 'ir' (yes/no, not a count). Row number printed as '19,'.",
    "komentars": "Avots: Bauskas novada CA plāns, lpp. 109",
    "id": "bauskas-novads-izm-19"
   },
   "geometry": {
    "type": "Point",
    "coordinates": [
     24.718632,
     56.512194
    ]
   }
  },
  {
   "type": "Feature",
   "properties": {
    "kategorija": "izmitinasana",
    "nosaukums": "PII „Cielaviņa”",
    "adrese": "Liepu iela 15., Valle, Valles pagasts",
    "pasvaldiba": "Bauskas novads",
    "pasvaldiba_slug": "bauskas-novads",
    "nr_plana": 20,
    "avots_teksts": "Avots: Bauskas novada CA plāns, lpp. 109",
    "plans_url": "https://www.bauskasnovads.lv/lv/media/2665/download?attachment",
    "plans_fails": "bauska_stca_plans_2022_precizets.md",
    "lpp": 109,
    "citats": "|20.|PII „Cielaviņa”|Izglītības<br>iestāde|Liepu iela 15.,<br>Valle, Valles<br>pagasts|56,514195|24,719920|ir|nav|",
    "izdevejs": "Bauskas novads (pašvaldība)",
    "geokodesana": "plan_coords",
    "adrese_vzd": "Liepu iela 15, Valle, Valles pag., Bauskas nov., LV-5106",
    "vzd_kods": "101641917",
    "plana_lat": 56.514195,
    "plana_lon": 24.71992,
    "koord_teksts": "56,514195|24,719920",
    "karodzini": [],
    "vietas": null,
    "gultas": null,
    "edinasana": "ir",
    "izvilkuma_piezime": "Guļam vietas column: 'nav' (yes/no, not a count).",
    "komentars": "Avots: Bauskas novada CA plāns, lpp. 109",
    "id": "bauskas-novads-izm-20"
   },
   "geometry": {
    "type": "Point",
    "coordinates": [
     24.71992,
     56.514195
    ]
   }
  },
  {
   "type": "Feature",
   "properties": {
    "kategorija": "izmitinasana",
    "nosaukums": "Annenieku pamatskola",
    "adrese": "Skolas iela 8, Kaķenieki, Annenieku pagasts, Dobeles novads, LV-3718",
    "pasvaldiba": "Dobeles novads",
    "pasvaldiba_slug": "dobeles-novads",
    "nr_plana": 1,
    "avots_teksts": "Avots: Dobeles novada CA plāns",
    "plans_url": "https://www.dobele.lv/lv/media/39263/download?attachment",
    "plans_fails": "dobeles_novada_sadarbibas_teritorijas_ca_plans.md",
    "lpp": null,
    "citats": "<td style=\"text-align: center;\">Annenieku pamatskola</td>",
    "izdevejs": "Dobeles novads (pašvaldība)",
    "geokodesana": "varis_address",
    "adrese_vzd": "Skolas iela 8, Kaķenieki, Annenieku pag., Dobeles nov., LV-3718",
    "vzd_kods": "102270336",
    "plana_lat": null,
    "plana_lon": null,
    "koord_teksts": null,
    "karodzini": [],
    "vietas": 300,
    "gultas": 150,
    "edinasana": "Virtuve ar ēdnīcu: Ir",
    "komentars": "Avots: Dobeles novada CA plāns · 300 vietas · vieta noteikta pēc adreses (VZD)",
    "id": "dobeles-novads-izm-1"
   },
   "geometry": {
    "type": "Point",
    "coordinates": [
     23.031843,
     56.667225
    ]
   }
  },
  {
   "type": "Feature",
   "properties": {
    "kategorija": "izmitinasana",
    "nosaukums": "Pirmskolas izglītības iestāde \"Riekstiņš\"",
    "adrese": "Skolas iela 6, Kaķenieki, Annenieku pagasts, Dobeles novads, LV-3718",
    "pasvaldiba": "Dobeles novads",
    "pasvaldiba_slug": "dobeles-novads",
    "nr_plana": 2,
    "avots_teksts": "Avots: Dobeles novada CA plāns",
    "plans_url": "https://www.dobele.lv/lv/media/39263/download?attachment",
    "plans_fails": "dobeles_novada_sadarbibas_teritorijas_ca_plans.md",
    "lpp": null,
    "citats": "<td style=\"text-align: center;\">Pirmskolas izglītības iestāde \"Riekstiņš\"</td>",
    "izdevejs": "Dobeles novads (pašvaldība)",
    "geokodesana": "varis_address",
    "adrese_vzd": "Skolas iela 6, Kaķenieki, Annenieku pag., Dobeles nov., LV-3718",
    "vzd_kods": "102270311",
    "plana_lat": null,
    "plana_lon": null,
    "koord_teksts": null,
    "karodzini": [],
    "vietas": 350,
    "gultas": 200,
    "edinasana": "Virtuve ar ēdnīcu: Ir",
    "komentars": "Avots: Dobeles novada CA plāns · 350 vietas · vieta noteikta pēc adreses (VZD)",
    "id": "dobeles-novads-izm-2"
   },
   "geometry": {
    "type": "Point",
    "coordinates": [
     23.032982,
     56.667076
    ]
   }
  },
  {
   "type": "Feature",
   "properties": {
    "kategorija": "izmitinasana",
    "nosaukums": "Kultūras un Sporta centrs",
    "adrese": "Skolas iela 2, Kaķenieki, Annenieku pagasts, Dobeles novads, LV-3718",
    "pasvaldiba": "Dobeles novads",
    "pasvaldiba_slug": "dobeles-novads",
    "nr_plana": 3,
    "avots_teksts": "Avots: Dobeles novada CA plāns",
    "plans_url": "https://www.dobele.lv/lv/media/39263/download?attachment",
    "plans_fails": "dobeles_novada_sadarbibas_teritorijas_ca_plans.md",
    "lpp": null,
    "citats": "<td style=\"text-align: center;\">Kultūras un Sporta centrs</td>",
    "izdevejs": "Dobeles novads (pašvaldība)",
    "geokodesana": "varis_address",
    "adrese_vzd": "Skolas iela 2, Kaķenieki, Annenieku pag., Dobeles nov., LV-3718",
    "vzd_kods": "102270272",
    "plana_lat": null,
    "plana_lon": null,
    "koord_teksts": null,
    "karodzini": [],
    "vietas": 500,
    "gultas": 400,
    "edinasana": "Virtuve ar ēdnīcu: Nav",
    "komentars": "Avots: Dobeles novada CA plāns · 500 vietas · vieta noteikta pēc adreses (VZD)",
    "id": "dobeles-novads-izm-3"
   },
   "geometry": {
    "type": "Point",
    "coordinates": [
     23.037036,
     56.667848
    ]
   }
  },
  {
   "type": "Feature",
   "properties": {
    "kategorija": "izmitinasana",
    "nosaukums": "Auru pagasts",
    "adrese": "Skolas iela 8a, Auri, Auru pagasts, Dobeles novads, LV-3701",
    "pasvaldiba": "Dobeles novads",
    "pasvaldiba_slug": "dobeles-novads",
    "nr_plana": 5,
    "avots_teksts": "Avots: Dobeles novada CA plāns",
    "plans_url": "https://www.dobele.lv/lv/media/39263/download?attachment",
    "plans_fails": "dobeles_novada_sadarbibas_teritorijas_ca_plans.md",
    "lpp": null,
    "citats": "<td style=\"text-align: center;\">Auru pagasts</td>",
    "izdevejs": "Dobeles novads (pašvaldība)",
    "geokodesana": "varis_address",
    "adrese_vzd": "Skolas iela 8A, Auri, Auru pag., Dobeles nov., LV-3710",
    "vzd_kods": "106902466",
    "plana_lat": null,
    "plana_lon": null,
    "koord_teksts": null,
    "karodzini": [],
    "vietas": 50,
    "gultas": 0,
    "edinasana": "Virtuve ar ēdnīcu: Ir",
    "izvilkuma_piezime": "Name column only gives the parish; building type: Bērnudārzs.",
    "komentars": "Avots: Dobeles novada CA plāns · 50 vietas · vieta noteikta pēc adreses (VZD)",
    "id": "dobeles-novads-izm-4"
   },
   "geometry": {
    "type": "Point",
    "coordinates": [
     23.296853,
     56.565551
    ]
   }
  },
  {
   "type": "Feature",
   "properties": {
    "kategorija": "izmitinasana",
    "nosaukums": "Auru pagasts",
    "adrese": "Priežu iela 21, Gardene, Auru pagasts, Dobeles novads, LV-701",
    "pasvaldiba": "Dobeles novads",
    "pasvaldiba_slug": "dobeles-novads",
    "nr_plana": 6,
    "avots_teksts": "Avots: Dobeles novada CA plāns",
    "plans_url": "https://www.dobele.lv/lv/media/39263/download?attachment",
    "plans_fails": "dobeles_novada_sadarbibas_teritorijas_ca_plans.md",
    "lpp": null,
    "citats": "<td style=\"text-align: center;\">Auru pagasts</td>",
    "izdevejs": "Dobeles novads (pašvaldība)",
    "geokodesana": "varis_address",
    "adrese_vzd": "Priežu iela 21, Gardene, Auru pag., Dobeles nov., LV-3701",
    "vzd_kods": "105627592",
    "plana_lat": null,
    "plana_lon": null,
    "koord_teksts": null,
    "karodzini": [],
    "vietas": 150,
    "gultas": 0,
    "edinasana": "Virtuve ar ēdnīcu: Ir",
    "izvilkuma_piezime": "Name column only gives the parish; building type: Skola.",
    "komentars": "Avots: Dobeles novada CA plāns · 150 vietas · vieta noteikta pēc adreses (VZD)",
    "id": "dobeles-novads-izm-5"
   },
   "geometry": {
    "type": "Point",
    "coordinates": [
     23.224043,
     56.649457
    ]
   }
  },
  {
   "type": "Feature",
   "properties": {
    "kategorija": "izmitinasana",
    "nosaukums": "Bērzes pagasta pārvalde",
    "adrese": "Upes iela 1, Šķibe, Bērzes pagasts, Dobeles novads, LV-3732",
    "pasvaldiba": "Dobeles novads",
    "pasvaldiba_slug": "dobeles-novads",
    "nr_plana": 7,
    "avots_teksts": "Avots: Dobeles novada CA plāns",
    "plans_url": "https://www.dobele.lv/lv/media/39263/download?attachment",
    "plans_fails": "dobeles_novada_sadarbibas_teritorijas_ca_plans.md",
    "lpp": null,
    "citats": "<td style=\"text-align: center;\">Bērzes pagasta pārvalde</td>",
    "izdevejs": "Dobeles novads (pašvaldība)",
    "geokodesana": "varis_address",
    "adrese_vzd": "Upes iela 1, Šķibe, Bērzes pag., Dobeles nov., LV-3732",
    "vzd_kods": "102858686",
    "plana_lat": null,
    "plana_lon": null,
    "koord_teksts": null,
    "karodzini": [],
    "vietas": 100,
    "gultas": 100,
    "edinasana": "Virtuve ar ēdnīcu: Ir",
    "komentars": "Avots: Dobeles novada CA plāns · 100 vietas · vieta noteikta pēc adreses (VZD)",
    "id": "dobeles-novads-izm-6"
   },
   "geometry": {
    "type": "Point",
    "coordinates": [
     23.406806,
     56.622229
    ]
   }
  },
  {
   "type": "Feature",
   "properties": {
    "kategorija": "izmitinasana",
    "nosaukums": "Gaisma",
    "adrese": "Gaisma, Miltiņi, Bērzes pagasts, Dobeles novads, LV-3732",
    "pasvaldiba": "Dobeles novads",
    "pasvaldiba_slug": "dobeles-novads",
    "nr_plana": 9,
    "avots_teksts": "Avots: Dobeles novada CA plāns",
    "plans_url": "https://www.dobele.lv/lv/media/39263/download?attachment",
    "plans_fails": "dobeles_novada_sadarbibas_teritorijas_ca_plans.md",
    "lpp": null,
    "citats": "<td style=\"text-align: center;\">Gaisma</td>",
    "izdevejs": "Dobeles novads (pašvaldība)",
    "geokodesana": "varis_address",
    "adrese_vzd": "\"Gaisma\", Miltiņi, Bērzes pag., Dobeles nov., LV-3732",
    "vzd_kods": "103201900",
    "plana_lat": null,
    "plana_lon": null,
    "koord_teksts": null,
    "karodzini": [],
    "vietas": 200,
    "gultas": 200,
    "edinasana": "Virtuve ar ēdnīcu: Ir",
    "komentars": "Avots: Dobeles novada CA plāns · 200 vietas · vieta noteikta pēc adreses (VZD)",
    "id": "dobeles-novads-izm-7"
   },
   "geometry": {
    "type": "Point",
    "coordinates": [
     23.346422,
     56.628492
    ]
   }
  },
  {
   "type": "Feature",
   "properties": {
    "kategorija": "izmitinasana",
    "nosaukums": "Bikstu pagasta pārvalde",
    "adrese": "Liepziedi, Bikstu pagasts, Dobeles novads, LV-3713",
    "pasvaldiba": "Dobeles novads",
    "pasvaldiba_slug": "dobeles-novads",
    "nr_plana": 10,
    "avots_teksts": "Avots: Dobeles novada CA plāns",
    "plans_url": "https://www.dobele.lv/lv/media/39263/download?attachment",
    "plans_fails": "dobeles_novada_sadarbibas_teritorijas_ca_plans.md",
    "lpp": null,
    "citats": "<td style=\"text-align: center;\">Bikstu pagasta pārvalde</td>",
    "izdevejs": "Dobeles novads (pašvaldība)",
    "geokodesana": "varis_address",
    "adrese_vzd": "\"Liepziedi\", Biksti, Bikstu pag., Dobeles nov., LV-3713",
    "vzd_kods": "102823933",
    "plana_lat": null,
    "plana_lon": null,
    "koord_teksts": null,
    "karodzini": [],
    "vietas": 75,
    "gultas": 50,
    "edinasana": "Virtuve ar ēdnīcu: ir",
    "komentars": "Avots: Dobeles novada CA plāns · 75 vietas · vieta noteikta pēc adreses (VZD)",
    "id": "dobeles-novads-izm-8"
   },
   "geometry": {
    "type": "Point",
    "coordinates": [
     22.975027,
     56.668895
    ]
   }
  },
  {
   "type": "Feature",
   "properties": {
    "kategorija": "izmitinasana",
    "nosaukums": "Bikstu pamatskola",
    "adrese": "Alejas, Bikstu pagasts, Dobeles novads, LV-3713",
    "pasvaldiba": "Dobeles novads",
    "pasvaldiba_slug": "dobeles-novads",
    "nr_plana": 11,
    "avots_teksts": "Avots: Dobeles novada CA plāns",
    "plans_url": "https://www.dobele.lv/lv/media/39263/download?attachment",
    "plans_fails": "dobeles_novada_sadarbibas_teritorijas_ca_plans.md",
    "lpp": null,
    "citats": "<td style=\"text-align: center;\">Bikstu pamatskola</td>",
    "izdevejs": "Dobeles novads (pašvaldība)",
    "geokodesana": "varis_address",
    "adrese_vzd": "\"Alejas\", Bikstu pag., Dobeles nov., LV-3713",
    "vzd_kods": "101102551",
    "plana_lat": null,
    "plana_lon": null,
    "koord_teksts": null,
    "karodzini": [],
    "vietas": 150,
    "gultas": 150,
    "edinasana": "Virtuve ar ēdnīcu: ir",
    "komentars": "Avots: Dobeles novada CA plāns · 150 vietas · vieta noteikta pēc adreses (VZD)",
    "id": "dobeles-novads-izm-9"
   },
   "geometry": {
    "type": "Point",
    "coordinates": [
     22.971346,
     56.694112
    ]
   }
  },
  {
   "type": "Feature",
   "properties": {
    "kategorija": "izmitinasana",
    "nosaukums": "Bikstu pagasta kultūras nams",
    "adrese": "Laukvidi, Bikstu pagasts, Dobeles novads, LV-3713",
    "pasvaldiba": "Dobeles novads",
    "pasvaldiba_slug": "dobeles-novads",
    "nr_plana": 12,
    "avots_teksts": "Avots: Dobeles novada CA plāns",
    "plans_url": "https://www.dobele.lv/lv/media/39263/download?attachment",
    "plans_fails": "dobeles_novada_sadarbibas_teritorijas_ca_plans.md",
    "lpp": null,
    "citats": "<td style=\"text-align: center;\">Bikstu pagasta kultūras nams</td>",
    "izdevejs": "Dobeles novads (pašvaldība)",
    "geokodesana": "varis_address",
    "adrese_vzd": "\"Laukvidi\", Bikstu pag., Dobeles nov., LV-3713",
    "vzd_kods": "104607245",
    "plana_lat": null,
    "plana_lon": null,
    "koord_teksts": null,
    "karodzini": [],
    "vietas": 250,
    "gultas": 200,
    "edinasana": "Virtuve ar ēdnīcu: nav",
    "komentars": "Avots: Dobeles novada CA plāns · 250 vietas · vieta noteikta pēc adreses (VZD)",
    "id": "dobeles-novads-izm-10"
   },
   "geometry": {
    "type": "Point",
    "coordinates": [
     22.967068,
     56.68467
    ]
   }
  },
  {
   "type": "Feature",
   "properties": {
    "kategorija": "izmitinasana",
    "nosaukums": "Kempings \"Niedras\"",
    "adrese": "Niedras, Bikstu pagasts, Dobeles novads, LV-3713",
    "pasvaldiba": "Dobeles novads",
    "pasvaldiba_slug": "dobeles-novads",
    "nr_plana": 14,
    "avots_teksts": "Avots: Dobeles novada CA plāns",
    "plans_url": "https://www.dobele.lv/lv/media/39263/download?attachment",
    "plans_fails": "dobeles_novada_sadarbibas_teritorijas_ca_plans.md",
    "lpp": null,
    "citats": "<td style=\"text-align: center;\">Kempings \"Niedras\"</td>",
    "izdevejs": "Dobeles novads (pašvaldība)",
    "geokodesana": "varis_address",
    "adrese_vzd": "\"Niedras\", Bikstu pag., Dobeles nov., LV-3713",
    "vzd_kods": "106576383",
    "plana_lat": null,
    "plana_lon": null,
    "koord_teksts": null,
    "karodzini": [],
    "vietas": 200,
    "gultas": 100,
    "edinasana": "Virtuve ar ēdnīcu: ir",
    "komentars": "Avots: Dobeles novada CA plāns · 200 vietas · vieta noteikta pēc adreses (VZD)",
    "id": "dobeles-novads-izm-11"
   },
   "geometry": {
    "type": "Point",
    "coordinates": [
     22.997365,
     56.640816
    ]
   }
  },
  {
   "type": "Feature",
   "properties": {
    "kategorija": "izmitinasana",
    "nosaukums": "Viesu nams \"Dzirnaviņas\"",
    "adrese": "Vienības, Bikstu pagasts, Dobeles novads, LV-3713",
    "pasvaldiba": "Dobeles novads",
    "pasvaldiba_slug": "dobeles-novads",
    "nr_plana": 15,
    "avots_teksts": "Avots: Dobeles novada CA plāns",
    "plans_url": "https://www.dobele.lv/lv/media/39263/download?attachment",
    "plans_fails": "dobeles_novada_sadarbibas_teritorijas_ca_plans.md",
    "lpp": null,
    "citats": "<td style=\"text-align: center;\">Viesu nams \"Dzirnaviņas\"</td>",
    "izdevejs": "Dobeles novads (pašvaldība)",
    "geokodesana": "varis_address",
    "adrese_vzd": "\"Vienības\", Biksti, Bikstu pag., Dobeles nov., LV-3713",
    "vzd_kods": "101101951",
    "plana_lat": null,
    "plana_lon": null,
    "koord_teksts": null,
    "karodzini": [],
    "vietas": 75,
    "gultas": 50,
    "edinasana": "Virtuve ar ēdnīcu: ir",
    "komentars": "Avots: Dobeles novada CA plāns · 75 vietas · vieta noteikta pēc adreses (VZD)",
    "id": "dobeles-novads-izm-12"
   },
   "geometry": {
    "type": "Point",
    "coordinates": [
     22.970011,
     56.664685
    ]
   }
  },
  {
   "type": "Feature",
   "properties": {
    "kategorija": "izmitinasana",
    "nosaukums": "Dobeles pagasta pārvalde",
    "adrese": "Gaismiņas, Dobeles pagasts, Dobeles novads, LV-3701",
    "pasvaldiba": "Dobeles novads",
    "pasvaldiba_slug": "dobeles-novads",
    "nr_plana": 16,
    "avots_teksts": "Avots: Dobeles novada CA plāns",
    "plans_url": "https://www.dobele.lv/lv/media/39263/download?attachment",
    "plans_fails": "dobeles_novada_sadarbibas_teritorijas_ca_plans.md",
    "lpp": null,
    "citats": "<td style=\"text-align: center;\">Dobeles pagasta pārvalde</td>",
    "izdevejs": "Dobeles novads (pašvaldība)",
    "geokodesana": "varis_address",
    "adrese_vzd": "\"Gaismiņas\", Aizstrautnieki, Dobeles pag., Dobeles nov., LV-3701",
    "vzd_kods": "105997350",
    "plana_lat": null,
    "plana_lon": null,
    "koord_teksts": null,
    "karodzini": [],
    "vietas": 200,
    "gultas": 200,
    "edinasana": "Virtuve ar ēdnīcu: nav",
    "komentars": "Avots: Dobeles novada CA plāns · 200 vietas · vieta noteikta pēc adreses (VZD)",
    "id": "dobeles-novads-izm-13"
   },
   "geometry": {
    "type": "Point",
    "coordinates": [
     23.211842,
     56.685431
    ]
   }
  },
  {
   "type": "Feature",
   "properties": {
    "kategorija": "izmitinasana",
    "nosaukums": "Lejasstrazdu skola",
    "adrese": "Stariņi, Dobeles pagasts, Dobeles novads, LV-3722",
    "pasvaldiba": "Dobeles novads",
    "pasvaldiba_slug": "dobeles-novads",
    "nr_plana": 17,
    "avots_teksts": "Avots: Dobeles novada CA plāns",
    "plans_url": "https://www.dobele.lv/lv/media/39263/download?attachment",
    "plans_fails": "dobeles_novada_sadarbibas_teritorijas_ca_plans.md",
    "lpp": null,
    "citats": "<td style=\"text-align: center;\">Lejasstrazdu skola</td>",
    "izdevejs": "Dobeles novads (pašvaldība)",
    "geokodesana": "varis_address",
    "adrese_vzd": "\"Stariņi\", Lejasstrazdi, Dobeles pag., Dobeles nov., LV-3722",
    "vzd_kods": "102826818",
    "plana_lat": null,
    "plana_lon": null,
    "koord_teksts": null,
    "karodzini": [],
    "vietas": 400,
    "gultas": 400,
    "edinasana": "Virtuve ar ēdnīcu: ir",
    "komentars": "Avots: Dobeles novada CA plāns · 400 vietas · vieta noteikta pēc adreses (VZD)",
    "id": "dobeles-novads-izm-14"
   },
   "geometry": {
    "type": "Point",
    "coordinates": [
     23.309641,
     56.66005
    ]
   }
  },
  {
   "type": "Feature",
   "properties": {
    "kategorija": "izmitinasana",
    "nosaukums": "Mežinieku pamatskola",
    "adrese": "Skolas iela 2, Jaunbērze, Jaunbērzes pagasts, Dobeles novads, LV-3717",
    "pasvaldiba": "Dobeles novads",
    "pasvaldiba_slug": "dobeles-novads",
    "nr_plana": 18,
    "avots_teksts": "Avots: Dobeles novada CA plāns",
    "plans_url": "https://www.dobele.lv/lv/media/39263/download?attachment",
    "plans_fails": "dobeles_novada_sadarbibas_teritorijas_ca_plans.md",
    "lpp": null,
    "citats": "<td style=\"text-align: center;\">Mežinieku pamatskola</td>",
    "izdevejs": "Dobeles novads (pašvaldība)",
    "geokodesana": "varis_address",
    "adrese_vzd": "Skolas iela 2, Jaunbērze, Jaunbērzes pag., Dobeles nov., LV-3717",
    "vzd_kods": "105033616",
    "plana_lat": null,
    "plana_lon": null,
    "koord_teksts": null,
    "karodzini": [],
    "vietas": 400,
    "gultas": 150,
    "edinasana": "Virtuve ar ēdnīcu: Bez specializētā aprīkojuma",
    "komentars": "Avots: Dobeles novada CA plāns · 400 vietas · vieta noteikta pēc adreses (VZD)",
    "id": "dobeles-novads-izm-15"
   },
   "geometry": {
    "type": "Point",
    "coordinates": [
     23.392209,
     56.743286
    ]
   }
  },
  {
   "type": "Feature",
   "properties": {
    "kategorija": "izmitinasana",
    "nosaukums": "Jaunbērzes kultūras nams",
    "adrese": "Ceriņu iela 2, Jaunbērze, Jaunbērzes pagasts, Dobeles novads, LV-3717",
    "pasvaldiba": "Dobeles novads",
    "pasvaldiba_slug": "dobeles-novads",
    "nr_plana": 19,
    "avots_teksts": "Avots: Dobeles novada CA plāns",
    "plans_url": "https://www.dobele.lv/lv/media/39263/download?attachment",
    "plans_fails": "dobeles_novada_sadarbibas_teritorijas_ca_plans.md",
    "lpp": null,
    "citats": "<td style=\"text-align: center;\">Jaunbērzes kultūras nams</td>",
    "izdevejs": "Dobeles novads (pašvaldība)",
    "geokodesana": "varis_address",
    "adrese_vzd": "Ceriņu iela 2, Jaunbērze, Jaunbērzes pag., Dobeles nov., LV-3717",
    "vzd_kods": "102273060",
    "plana_lat": null,
    "plana_lon": null,
    "koord_teksts": null,
    "karodzini": [],
    "vietas": 450,
    "gultas": 200,
    "edinasana": "Virtuve ar ēdnīcu: Nav",
    "komentars": "Avots: Dobeles novada CA plāns · 450 vietas · vieta noteikta pēc adreses (VZD)",
    "id": "dobeles-novads-izm-16"
   },
   "geometry": {
    "type": "Point",
    "coordinates": [
     23.390605,
     56.737699
    ]
   }
  },
  {
   "type": "Feature",
   "properties": {
    "kategorija": "izmitinasana",
    "nosaukums": "Krimūnu skola (jaunā ēka)",
    "adrese": "Krimūnas, Krimūnu pagasts, Dobeles novads, LV-3719",
    "pasvaldiba": "Dobeles novads",
    "pasvaldiba_slug": "dobeles-novads",
    "nr_plana": 20,
    "avots_teksts": "Avots: Dobeles novada CA plāns",
    "plans_url": "https://www.dobele.lv/lv/media/39263/download?attachment",
    "plans_fails": "dobeles_novada_sadarbibas_teritorijas_ca_plans.md",
    "lpp": null,
    "citats": "<td style=\"text-align: center;\">Krimūnu skola (jaunā ēka)</td>",
    "izdevejs": "Dobeles novads (pašvaldība)",
    "geokodesana": "varis_address",
    "adrese_vzd": "\"Krimūnas\", Krimūnas, Krimūnu pag., Dobeles nov., LV-3719",
    "vzd_kods": "103068948",
    "plana_lat": null,
    "plana_lon": null,
    "koord_teksts": null,
    "karodzini": [],
    "vietas": 200,
    "gultas": 0,
    "edinasana": "Virtuve ar ēdnīcu: ir (ar daļēju aprīkojumu)",
    "komentars": "Avots: Dobeles novada CA plāns · 200 vietas · vieta noteikta pēc adreses (VZD)",
    "dublikati": [
     "Krimūnu skola (vecā ēka) (nr. 21, lpp. None)"
    ],
    "id": "dobeles-novads-izm-17"
   },
   "geometry": {
    "type": "Point",
    "coordinates": [
     23.375801,
     56.569914
    ]
   }
  },
  {
   "type": "Feature",
   "properties": {
    "kategorija": "izmitinasana",
    "nosaukums": "Naudītes pamatskola",
    "adrese": "Naudītes skola, Naudīte, Naudītes pagasts, Dobeles novads, LV-3724",
    "pasvaldiba": "Dobeles novads",
    "pasvaldiba_slug": "dobeles-novads",
    "nr_plana": 22,
    "avots_teksts": "Avots: Dobeles novada CA plāns",
    "plans_url": "https://www.dobele.lv/lv/media/39263/download?attachment",
    "plans_fails": "dobeles_novada_sadarbibas_teritorijas_ca_plans.md",
    "lpp": null,
    "citats": "<td style=\"text-align: center;\">Naudītes pamatskola</td>",
    "izdevejs": "Dobeles novads (pašvaldība)",
    "geokodesana": "varis_address",
    "adrese_vzd": "\"Naudītes skola\", Naudīte, Naudītes pag., Dobeles nov., LV-3724",
    "vzd_kods": "104689238",
    "plana_lat": null,
    "plana_lon": null,
    "koord_teksts": null,
    "karodzini": [],
    "vietas": 410,
    "gultas": 0,
    "edinasana": "Virtuve ar ēdnīcu: Ir",
    "komentars": "Avots: Dobeles novada CA plāns · 410 vietas · vieta noteikta pēc adreses (VZD)",
    "id": "dobeles-novads-izm-18"
   },
   "geometry": {
    "type": "Point",
    "coordinates": [
     23.198853,
     56.535665
    ]
   }
  },
  {
   "type": "Feature",
   "properties": {
    "kategorija": "izmitinasana",
    "nosaukums": "Zebrenes pagasta pārvalde",
    "adrese": "Upītes, Zebrenes pag., Dobeles novads, LV-3713",
    "pasvaldiba": "Dobeles novads",
    "pasvaldiba_slug": "dobeles-novads",
    "nr_plana": 23,
    "avots_teksts": "Avots: Dobeles novada CA plāns",
    "plans_url": "https://www.dobele.lv/lv/media/39263/download?attachment",
    "plans_fails": "dobeles_novada_sadarbibas_teritorijas_ca_plans.md",
    "lpp": null,
    "citats": "<td style=\"text-align: center;\">Zebrenes pagasta pārvalde</td>",
    "izdevejs": "Dobeles novads (pašvaldība)",
    "geokodesana": "varis_address",
    "adrese_vzd": "\"Upītes\", Zebrene, Zebrenes pag., Dobeles nov., LV-3731",
    "vzd_kods": "106048568",
    "plana_lat": null,
    "plana_lon": null,
    "koord_teksts": null,
    "karodzini": [],
    "vietas": 300,
    "gultas": 200,
    "edinasana": "Virtuve ar ēdnīcu: ir",
    "komentars": "Avots: Dobeles novada CA plāns · 300 vietas · vieta noteikta pēc adreses (VZD)",
    "id": "dobeles-novads-izm-19"
   },
   "geometry": {
    "type": "Point",
    "coordinates": [
     22.884093,
     56.601798
    ]
   }
  },
  {
   "type": "Feature",
   "properties": {
    "kategorija": "izmitinasana",
    "nosaukums": "Auces kultūras centrs",
    "adrese": "Ausmas iela 3., Auce, Dobeles novads, LV-3708",
    "pasvaldiba": "Dobeles novads",
    "pasvaldiba_slug": "dobeles-novads",
    "nr_plana": 24,
    "avots_teksts": "Avots: Dobeles novada CA plāns",
    "plans_url": "https://www.dobele.lv/lv/media/39263/download?attachment",
    "plans_fails": "dobeles_novada_sadarbibas_teritorijas_ca_plans.md",
    "lpp": null,
    "citats": "<td style=\"text-align: center;\">Auces kultūras centrs</td>",
    "izdevejs": "Dobeles novads (pašvaldība)",
    "geokodesana": "varis_address",
    "adrese_vzd": "Ausmas iela 3, Auce, Dobeles nov., LV-3708",
    "vzd_kods": "102266578",
    "plana_lat": null,
    "plana_lon": null,
    "koord_teksts": null,
    "karodzini": [],
    "vietas": 300,
    "gultas": 0,
    "edinasana": "Virtuve ar ēdnīcu: nav",
    "komentars": "Avots: Dobeles novada CA plāns · 300 vietas · vieta noteikta pēc adreses (VZD)",
    "id": "dobeles-novads-izm-20"
   },
   "geometry": {
    "type": "Point",
    "coordinates": [
     22.898992,
     56.464236
    ]
   }
  },
  {
   "type": "Feature",
   "properties": {
    "kategorija": "izmitinasana",
    "nosaukums": "Lielauces pagasta pārvaldes Īles klientu apkalpošanas punkts",
    "adrese": "\"Mālnieki\"., Īles pag., Dobeles novads, LV-3716",
    "pasvaldiba": "Dobeles novads",
    "pasvaldiba_slug": "dobeles-novads",
    "nr_plana": 28,
    "avots_teksts": "Avots: Dobeles novada CA plāns",
    "plans_url": "https://www.dobele.lv/lv/media/39263/download?attachment",
    "plans_fails": "dobeles_novada_sadarbibas_teritorijas_ca_plans.md",
    "lpp": null,
    "citats": "<td style=\"text-align: center;\">Lielauces pagasta pārvaldes Īles klientu apkalpošanas punkts</td>",
    "izdevejs": "Dobeles novads (pašvaldība)",
    "geokodesana": "varis_address",
    "adrese_vzd": "\"Mālnieki\", Īle, Īles pag., Dobeles nov., LV-3716",
    "vzd_kods": "105936871",
    "plana_lat": null,
    "plana_lon": null,
    "koord_teksts": null,
    "karodzini": [],
    "vietas": 250,
    "gultas": 0,
    "edinasana": "Virtuve ar ēdnīcu: nav",
    "komentars": "Avots: Dobeles novada CA plāns · 250 vietas · vieta noteikta pēc adreses (VZD)",
    "id": "dobeles-novads-izm-21"
   },
   "geometry": {
    "type": "Point",
    "coordinates": [
     22.999037,
     56.539006
    ]
   }
  },
  {
   "type": "Feature",
   "properties": {
    "kategorija": "izmitinasana",
    "nosaukums": "Īles tautas nams",
    "adrese": "\"Kumeliņi\", Īles pag., Dobeles novads, LV-3716",
    "pasvaldiba": "Dobeles novads",
    "pasvaldiba_slug": "dobeles-novads",
    "nr_plana": 29,
    "avots_teksts": "Avots: Dobeles novada CA plāns",
    "plans_url": "https://www.dobele.lv/lv/media/39263/download?attachment",
    "plans_fails": "dobeles_novada_sadarbibas_teritorijas_ca_plans.md",
    "lpp": null,
    "citats": "<td style=\"text-align: center;\">Īles tautas nams</td>",
    "izdevejs": "Dobeles novads (pašvaldība)",
    "geokodesana": "varis_address",
    "adrese_vzd": "\"Kumeliņi\", Īle, Īles pag., Dobeles nov., LV-3716",
    "vzd_kods": "104823401",
    "plana_lat": null,
    "plana_lon": null,
    "koord_teksts": null,
    "karodzini": [],
    "vietas": 150,
    "gultas": 0,
    "edinasana": "Virtuve ar ēdnīcu: nav",
    "komentars": "Avots: Dobeles novada CA plāns · 150 vietas · vieta noteikta pēc adreses (VZD)",
    "id": "dobeles-novads-izm-22"
   },
   "geometry": {
    "type": "Point",
    "coordinates": [
     22.99974,
     56.544017
    ]
   }
  },
  {
   "type": "Feature",
   "properties": {
    "kategorija": "izmitinasana",
    "nosaukums": "Bēnes pagasta pārvaldes Ukru klientu apkalpošanas punkts",
    "adrese": "\"Stariņi\", Ukru pag., Dobeles novads, LV-3729",
    "pasvaldiba": "Dobeles novads",
    "pasvaldiba_slug": "dobeles-novads",
    "nr_plana": 31,
    "avots_teksts": "Avots: Dobeles novada CA plāns",
    "plans_url": "https://www.dobele.lv/lv/media/39263/download?attachment",
    "plans_fails": "dobeles_novada_sadarbibas_teritorijas_ca_plans.md",
    "lpp": null,
    "citats": "<td style=\"text-align: center;\">Bēnes pagasta pārvaldes Ukru klientu apkalpošanas punkts</td>",
    "izdevejs": "Dobeles novads (pašvaldība)",
    "geokodesana": "varis_address",
    "adrese_vzd": "\"Stariņi\", Ukri, Ukru pag., Dobeles nov., LV-3729",
    "vzd_kods": "104566148",
    "plana_lat": null,
    "plana_lon": null,
    "koord_teksts": null,
    "karodzini": [],
    "vietas": 200,
    "gultas": 0,
    "edinasana": "Virtuve ar ēdnīcu: nav",
    "komentars": "Avots: Dobeles novada CA plāns · 200 vietas · vieta noteikta pēc adreses (VZD)",
    "id": "dobeles-novads-izm-23"
   },
   "geometry": {
    "type": "Point",
    "coordinates": [
     23.057277,
     56.341397
    ]
   }
  },
  {
   "type": "Feature",
   "properties": {
    "kategorija": "izmitinasana",
    "nosaukums": "Bēnes vidusskola",
    "adrese": "Jelgavas iela 27, Bēne, Dobeles novads, LV-3711",
    "pasvaldiba": "Dobeles novads",
    "pasvaldiba_slug": "dobeles-novads",
    "nr_plana": 32,
    "avots_teksts": "Avots: Dobeles novada CA plāns",
    "plans_url": "https://www.dobele.lv/lv/media/39263/download?attachment",
    "plans_fails": "dobeles_novada_sadarbibas_teritorijas_ca_plans.md",
    "lpp": null,
    "citats": "<td style=\"text-align: center;\">Bēnes vidusskola</td>",
    "izdevejs": "Dobeles novads (pašvaldība)",
    "geokodesana": "varis_address",
    "adrese_vzd": "Jelgavas iela 27, Bēne, Bēnes pag., Dobeles nov., LV-3711",
    "vzd_kods": "101566434",
    "plana_lat": null,
    "plana_lon": null,
    "koord_teksts": null,
    "karodzini": [],
    "vietas": 250,
    "gultas": 0,
    "edinasana": "Virtuve ar ēdnīcu: ir",
    "komentars": "Avots: Dobeles novada CA plāns · 250 vietas · vieta noteikta pēc adreses (VZD)",
    "id": "dobeles-novads-izm-24"
   },
   "geometry": {
    "type": "Point",
    "coordinates": [
     23.071814,
     56.483219
    ]
   }
  },
  {
   "type": "Feature",
   "properties": {
    "kategorija": "izmitinasana",
    "nosaukums": "Bēnes tautas nams",
    "adrese": "Centrālais laukums 3., Bēne, Dobeles novads, LV-3711",
    "pasvaldiba": "Dobeles novads",
    "pasvaldiba_slug": "dobeles-novads",
    "nr_plana": 33,
    "avots_teksts": "Avots: Dobeles novada CA plāns",
    "plans_url": "https://www.dobele.lv/lv/media/39263/download?attachment",
    "plans_fails": "dobeles_novada_sadarbibas_teritorijas_ca_plans.md",
    "lpp": null,
    "citats": "<td style=\"text-align: center;\">Bēnes tautas nams</td>",
    "izdevejs": "Dobeles novads (pašvaldība)",
    "geokodesana": "varis_address",
    "adrese_vzd": "Centrālais laukums 3, Bēne, Bēnes pag., Dobeles nov., LV-3711",
    "vzd_kods": "101566200",
    "plana_lat": null,
    "plana_lon": null,
    "koord_teksts": null,
    "karodzini": [],
    "vietas": 200,
    "gultas": 0,
    "edinasana": "Virtuve ar ēdnīcu: nav",
    "komentars": "Avots: Dobeles novada CA plāns · 200 vietas · vieta noteikta pēc adreses (VZD)",
    "id": "dobeles-novads-izm-25"
   },
   "geometry": {
    "type": "Point",
    "coordinates": [
     23.063627,
     56.4858
    ]
   }
  },
  {
   "type": "Feature",
   "properties": {
    "kategorija": "izmitinasana",
    "nosaukums": "Augstkalnes vidusskola",
    "adrese": "Ezerpils, Augstkalnes pagasts, Dobeles novads, LV-3709",
    "pasvaldiba": "Dobeles novads",
    "pasvaldiba_slug": "dobeles-novads",
    "nr_plana": 34,
    "avots_teksts": "Avots: Dobeles novada CA plāns",
    "plans_url": "https://www.dobele.lv/lv/media/39263/download?attachment",
    "plans_fails": "dobeles_novada_sadarbibas_teritorijas_ca_plans.md",
    "lpp": null,
    "citats": "<td style=\"text-align: center;\">Augstkalnes vidusskola</td>",
    "izdevejs": "Dobeles novads (pašvaldība)",
    "geokodesana": "varis_address",
    "adrese_vzd": "\"Ezerpils\", Augstkalne, Augstkalnes pag., Dobeles nov., LV-3709",
    "vzd_kods": "103070501",
    "plana_lat": null,
    "plana_lon": null,
    "koord_teksts": null,
    "karodzini": [],
    "vietas": 100,
    "gultas": 0,
    "edinasana": "Virtuve ar ēdnīcu: Ir",
    "komentars": "Avots: Dobeles novada CA plāns · 100 vietas · vieta noteikta pēc adreses (VZD)",
    "dublikati": [
     "Augstkalnes vidusskolas sporta zāle (nr. 35, lpp. None)"
    ],
    "id": "dobeles-novads-izm-26"
   },
   "geometry": {
    "type": "Point",
    "coordinates": [
     23.333896,
     56.404874
    ]
   }
  },
  {
   "type": "Feature",
   "properties": {
    "kategorija": "izmitinasana",
    "nosaukums": "Tērvetes kultūras nams",
    "adrese": "Zelmeņi, Tērvetes pagasts, Dobeles novads, LV-3730",
    "pasvaldiba": "Dobeles novads",
    "pasvaldiba_slug": "dobeles-novads",
    "nr_plana": 36,
    "avots_teksts": "Avots: Dobeles novada CA plāns",
    "plans_url": "https://www.dobele.lv/lv/media/39263/download?attachment",
    "plans_fails": "dobeles_novada_sadarbibas_teritorijas_ca_plans.md",
    "lpp": null,
    "citats": "<td style=\"text-align: center;\">Tērvetes kultūras nams</td>",
    "izdevejs": "Dobeles novads (pašvaldība)",
    "geokodesana": "varis_address",
    "adrese_vzd": "\"Zelmeņi\", Zelmeņi, Tērvetes pag., Dobeles nov., LV-3730",
    "vzd_kods": "102816116",
    "plana_lat": null,
    "plana_lon": null,
    "koord_teksts": null,
    "karodzini": [],
    "vietas": 150,
    "gultas": 0,
    "edinasana": "Virtuve ar ēdnīcu: nav",
    "komentars": "Avots: Dobeles novada CA plāns · 150 vietas · vieta noteikta pēc adreses (VZD)",
    "id": "dobeles-novads-izm-27"
   },
   "geometry": {
    "type": "Point",
    "coordinates": [
     23.359812,
     56.448512
    ]
   }
  },
  {
   "type": "Feature",
   "properties": {
    "kategorija": "izmitinasana",
    "nosaukums": "Sociālās aprūpes centrs \"Tērvete\"",
    "adrese": "\"Mežmalieši\", Tērvetes pagasts, Dobeles novads, LV-37",
    "pasvaldiba": "Dobeles novads",
    "pasvaldiba_slug": "dobeles-novads",
    "nr_plana": 40,
    "avots_teksts": "Avots: Dobeles novada CA plāns",
    "plans_url": "https://www.dobele.lv/lv/media/39263/download?attachment",
    "plans_fails": "dobeles_novada_sadarbibas_teritorijas_ca_plans.md",
    "lpp": null,
    "citats": "<td style=\"text-align: center;\">Sociālās aprūpes centrs \"Tērvete\"</td>",
    "izdevejs": "Dobeles novads (pašvaldība)",
    "geokodesana": "varis_address",
    "adrese_vzd": "\"Mežmalieši\", Tērvetes pag., Dobeles nov., LV-3730",
    "vzd_kods": "102814178",
    "plana_lat": null,
    "plana_lon": null,
    "koord_teksts": null,
    "karodzini": [],
    "vietas": 80,
    "gultas": 0,
    "edinasana": "Virtuve ar ēdnīcu: ir",
    "komentars": "Avots: Dobeles novada CA plāns · 80 vietas · vieta noteikta pēc adreses (VZD)",
    "id": "dobeles-novads-izm-28"
   },
   "geometry": {
    "type": "Point",
    "coordinates": [
     23.321796,
     56.475021
    ]
   }
  },
  {
   "type": "Feature",
   "properties": {
    "kategorija": "izmitinasana",
    "nosaukums": "Rankas Kultūras nams",
    "adrese": "\"Krastkalni\", Ranka, Rankas pag., Gulbenes nov., LV-4416",
    "pasvaldiba": "Gulbenes novads",
    "pasvaldiba_slug": "gulbenes-novads",
    "nr_plana": 1,
    "avots_teksts": "Avots: Gulbenes novada CA plāns, lpp. 229",
    "plans_url": "https://www.gulbene.lv/lv/media/36615/download?attachment",
    "plans_fails": "Gulbenes_sadarbibas_teritorijas_civilas_aizsardzibas_plans.md",
    "lpp": 229,
    "citats": "|1.|Rankas Kultūras nams|Kultūras<br>iestāde|\"Krastkalni\", Ranka,<br>Rankas pag., Gulbenes<br>nov., LV-4416|57.215804|26.180580|aktu zāle|100|nav|nav|",
    "izdevejs": "Gulbenes novads (pašvaldība)",
    "geokodesana": "plan_coords",
    "adrese_vzd": "\"Krastkalni\", Ranka, Rankas pag., Gulbenes nov., LV-4416",
    "vzd_kods": "104086527",
    "plana_lat": 57.215804,
    "plana_lon": 26.18058,
    "koord_teksts": "57.215804|26.180580",
    "karodzini": [],
    "vietas": 100,
    "gultas": 0,
    "edinasana": "nav",
    "izvilkuma_piezime": "Ēkas tips: Kultūras iestāde; telpu veids: aktu zāle",
    "komentars": "Avots: Gulbenes novada CA plāns, lpp. 229 · 100 vietas",
    "id": "gulbenes-novads-izm-1"
   },
   "geometry": {
    "type": "Point",
    "coordinates": [
     26.18058,
     57.215804
    ]
   }
  },
  {
   "type": "Feature",
   "properties": {
    "kategorija": "izmitinasana",
    "nosaukums": "Rēveļu pamatskola",
    "adrese": "\"Rēveļu pamatskola\", Gaujasrēveļi, Rankas pag., Gulbenes nov., LV-4416",
    "pasvaldiba": "Gulbenes novads",
    "pasvaldiba_slug": "gulbenes-novads",
    "nr_plana": 2,
    "avots_teksts": "Avots: Gulbenes novada CA plāns, lpp. 229",
    "plans_url": "https://www.gulbene.lv/lv/media/36615/download?attachment",
    "plans_fails": "Gulbenes_sadarbibas_teritorijas_civilas_aizsardzibas_plans.md",
    "lpp": 229,
    "citats": "|2.|Rēveļu pamatskola|Sabiedriska<br>ēka, kurā ir<br>vairākas<br>iestādes|\"Rēveļu pamatskola\",<br>Gaujasrēveļi, Rankas<br>pag., Gulbenes nov.,<br>LV-4416|57.227419|26.132267|aktu zāle|50|Nav|nav|",
    "izdevejs": "Gulbenes novads (pašvaldība)",
    "geokodesana": "plan_coords",
    "adrese_vzd": "\"Rēveļu pamatskola\", Gaujasrēveļi, Rankas pag., Gulbenes nov., LV-4416",
    "vzd_kods": "104091801",
    "plana_lat": 57.227419,
    "plana_lon": 26.132267,
    "koord_teksts": "57.227419|26.132267",
    "karodzini": [],
    "vietas": 50,
    "gultas": 0,
    "edinasana": "Nav",
    "izvilkuma_piezime": "Ēkas tips: Sabiedriska ēka, kurā ir vairākas iestādes; telpu veids: aktu zāle",
    "komentars": "Avots: Gulbenes novada CA plāns, lpp. 229 · 50 vietas",
    "id": "gulbenes-novads-izm-2"
   },
   "geometry": {
    "type": "Point",
    "coordinates": [
     26.132267,
     57.227419
    ]
   }
  },
  {
   "type": "Feature",
   "properties": {
    "kategorija": "izmitinasana",
    "nosaukums": "Rankas pamatskola",
    "adrese": "Skolas iela 5 Ranka",
    "pasvaldiba": "Gulbenes novads",
    "pasvaldiba_slug": "gulbenes-novads",
    "nr_plana": 3,
    "avots_teksts": "Avots: Gulbenes novada CA plāns, lpp. 229",
    "plans_url": "https://www.gulbene.lv/lv/media/36615/download?attachment",
    "plans_fails": "Gulbenes_sadarbibas_teritorijas_civilas_aizsardzibas_plans.md",
    "lpp": 229,
    "citats": "|3|Rankas pamatskola|Izglītības<br>iestāde|Skolas  iela 5<br>Ranka|57.21093|26.184552|Aktu zāle.<br>Dienesta  viesnīca|150<br>120|Ir|120|",
    "izdevejs": "Gulbenes novads (pašvaldība)",
    "geokodesana": "plan_coords",
    "adrese_vzd": "Skolas iela 5, Ranka, Rankas pag., Gulbenes nov., LV-4416",
    "vzd_kods": "104086912",
    "plana_lat": 57.21093,
    "plana_lon": 26.184552,
    "koord_teksts": "57.21093|26.184552",
    "karodzini": [],
    "vietas": null,
    "gultas": 120,
    "edinasana": "Ir",
    "izvilkuma_piezime": "Ēkas tips: Izglītības iestāde; telpu veids: Aktu zāle. Dienesta viesnīca; 'Cilvēku skaits' = '150 120' (two values for aktu zāle and dienesta viesnīca; the plan total 'Kopā: 3005' equals the other rows + 150 + 120)",
    "komentars": "Avots: Gulbenes novada CA plāns, lpp. 229",
    "id": "gulbenes-novads-izm-3"
   },
   "geometry": {
    "type": "Point",
    "coordinates": [
     26.184552,
     57.21093
    ]
   }
  },
  {
   "type": "Feature",
   "properties": {
    "kategorija": "izmitinasana",
    "nosaukums": "Staru kultūras nams",
    "adrese": "Dārza iela 17, Stari, Daukstu pagasts",
    "pasvaldiba": "Gulbenes novads",
    "pasvaldiba_slug": "gulbenes-novads",
    "nr_plana": 4,
    "avots_teksts": "Avots: Gulbenes novada CA plāns, lpp. 229",
    "plans_url": "https://www.gulbene.lv/lv/media/36615/download?attachment",
    "plans_fails": "Gulbenes_sadarbibas_teritorijas_civilas_aizsardzibas_plans.md",
    "lpp": 229,
    "citats": "|4.|Staru kultūras nams|Kultūras<br>iestāde|Dārza  iela 17, Stari,<br>Daukstu pagasts|57.116516|26.729624|Aktu un mazā<br>zāle; u.c. telpas|120|nav|nav|",
    "izdevejs": "Gulbenes novads (pašvaldība)",
    "geokodesana": "plan_coords",
    "adrese_vzd": "Dārza iela 17, Stari, Daukstu pag., Gulbenes nov., LV-4417",
    "vzd_kods": "104001850",
    "plana_lat": 57.116516,
    "plana_lon": 26.729624,
    "koord_teksts": "57.116516|26.729624",
    "karodzini": [],
    "vietas": 120,
    "gultas": 0,
    "edinasana": "nav",
    "izvilkuma_piezime": "Ēkas tips: Kultūras iestāde; telpu veids: Aktu un mazā zāle; u.c. telpas",
    "komentars": "Avots: Gulbenes novada CA plāns, lpp. 229 · 120 vietas",
    "dublikati": [
     "Staru sporta zāle (nr. 5, lpp. 229)"
    ],
    "id": "gulbenes-novads-izm-4"
   },
   "geometry": {
    "type": "Point",
    "coordinates": [
     26.729624,
     57.116516
    ]
   }
  },
  {
   "type": "Feature",
   "properties": {
    "kategorija": "izmitinasana",
    "nosaukums": "Līgo kultūras nams",
    "adrese": "Jaunstukmaņi, Līgo , Līgo pagasts",
    "pasvaldiba": "Gulbenes novads",
    "pasvaldiba_slug": "gulbenes-novads",
    "nr_plana": 6,
    "avots_teksts": "Avots: Gulbenes novada CA plāns, lpp. 230",
    "plans_url": "https://www.gulbene.lv/lv/media/36615/download?attachment",
    "plans_fails": "Gulbenes_sadarbibas_teritorijas_civilas_aizsardzibas_plans.md",
    "lpp": 230,
    "citats": "|6.|Līgo kultūras nams|Pašizklaides<br>pasākumu ēka|Jaunstukmaņi, Līgo ,<br>Līgo pagasts|56,917432|24,170905|Aktu un mazā<br>zāle;<br>u.c. telpas|60|nav|nav|",
    "izdevejs": "Gulbenes novads (pašvaldība)",
    "geokodesana": "varis_address",
    "adrese_vzd": "\"Jaunstukmaņi\", Līgo, Līgo pag., Gulbenes nov., LV-4421",
    "vzd_kods": "103980537",
    "plana_lat": 56.917432,
    "plana_lon": 24.170905,
    "koord_teksts": "56,917432|24,170905",
    "karodzini": [
     "plan_coordinate_error"
    ],
    "vietas": 60,
    "gultas": 0,
    "edinasana": "nav",
    "izvilkuma_piezime": "Ēkas tips: Pašizklaides pasākumu ēka; telpu veids: Aktu un mazā zāle; u.c. telpas; comma decimals converted to dot; coordinates 56.917432/24.170905 as written are near Rīga/Mārupe, far outside Gulbene county",
    "komentars": "Avots: Gulbenes novada CA plāns, lpp. 230 · 60 vietas · plāna koordinātas kļūdainas, vieta noteikta pēc adreses (VZD)",
    "id": "gulbenes-novads-izm-5"
   },
   "geometry": {
    "type": "Point",
    "coordinates": [
     26.578076,
     57.020613
    ]
   }
  },
  {
   "type": "Feature",
   "properties": {
    "kategorija": "izmitinasana",
    "nosaukums": "Druvienas sporta zāle",
    "adrese": "\"Kastaņi\", Druviena, Druvienas pagasts, Gulbenes novads, LV 4426",
    "pasvaldiba": "Gulbenes novads",
    "pasvaldiba_slug": "gulbenes-novads",
    "nr_plana": 7,
    "avots_teksts": "Avots: Gulbenes novada CA plāns, lpp. 230",
    "plans_url": "https://www.gulbene.lv/lv/media/36615/download?attachment",
    "plans_fails": "Gulbenes_sadarbibas_teritorijas_civilas_aizsardzibas_plans.md",
    "lpp": 230,
    "citats": "|7.|Druvienas sporta zāle|Sporta zāle|\"Kastaņi\", Druviena,<br>Druvienas pagasts,<br>Gulbenes novads, LV<br>4426|57,114903|26,297654|Sporta zāle|80|nav|nav|",
    "izdevejs": "Gulbenes novads (pašvaldība)",
    "geokodesana": "plan_coords",
    "adrese_vzd": "\"Kastaņi\", Druviena, Druvienas pag., Gulbenes nov., LV-4426",
    "vzd_kods": "105731446",
    "plana_lat": 57.114903,
    "plana_lon": 26.297654,
    "koord_teksts": "57,114903|26,297654",
    "karodzini": [],
    "vietas": 80,
    "gultas": 0,
    "edinasana": "nav",
    "izvilkuma_piezime": "Ēkas tips: Sporta zāle; telpu veids: Sporta zāle; comma decimals converted to dot",
    "komentars": "Avots: Gulbenes novada CA plāns, lpp. 230 · 80 vietas",
    "id": "gulbenes-novads-izm-6"
   },
   "geometry": {
    "type": "Point",
    "coordinates": [
     26.297654,
     57.114903
    ]
   }
  },
  {
   "type": "Feature",
   "properties": {
    "kategorija": "izmitinasana",
    "nosaukums": "Druvienas Latviskās dzīvesziņas centrs",
    "adrese": "\"Pamatskola\", Druviena, Druvienas pagasts, Gulbenes novads, LV 4426",
    "pasvaldiba": "Gulbenes novads",
    "pasvaldiba_slug": "gulbenes-novads",
    "nr_plana": 8,
    "avots_teksts": "Avots: Gulbenes novada CA plāns, lpp. 230",
    "plans_url": "https://www.gulbene.lv/lv/media/36615/download?attachment",
    "plans_fails": "Gulbenes_sadarbibas_teritorijas_civilas_aizsardzibas_plans.md",
    "lpp": 230,
    "citats": "|8.|Druvienas Latviskās<br>dzīvesziņas centrs|Sabiedrisko<br>aktivitāšu<br>telpas|\"Pamatskola\",<br>Druviena, Druvienas<br>pagasts, Gulbenes<br>novads, LV 4426|57,115278|26,296746|Aktu zāle,<br>nodarbību telpas,<br>guļamtelpas|26|Ir virtuve/<br>nav<br>ēdnīca|15|",
    "izdevejs": "Gulbenes novads (pašvaldība)",
    "geokodesana": "plan_coords",
    "adrese_vzd": "\"Pamatskola\", Druviena, Druvienas pag., Gulbenes nov., LV-4426",
    "vzd_kods": "102854420",
    "plana_lat": 57.115278,
    "plana_lon": 26.296746,
    "koord_teksts": "57,115278|26,296746",
    "karodzini": [],
    "vietas": 26,
    "gultas": 15,
    "edinasana": "Ir virtuve/ nav ēdnīca",
    "izvilkuma_piezime": "Ēkas tips: Sabiedrisko aktivitāšu telpas; telpu veids: Aktu zāle, nodarbību telpas, guļamtelpas; comma decimals converted to dot",
    "komentars": "Avots: Gulbenes novada CA plāns, lpp. 230 · 26 vietas",
    "id": "gulbenes-novads-izm-7"
   },
   "geometry": {
    "type": "Point",
    "coordinates": [
     26.296746,
     57.115278
    ]
   }
  },
  {
   "type": "Feature",
   "properties": {
    "kategorija": "izmitinasana",
    "nosaukums": "Druvienas kultūras nams",
    "adrese": "\"Pagastmāja\", Druviena, Druvienas pagasts, Gulbenes novads, LV 4426",
    "pasvaldiba": "Gulbenes novads",
    "pasvaldiba_slug": "gulbenes-novads",
    "nr_plana": 9,
    "avots_teksts": "Avots: Gulbenes novada CA plāns, lpp. 230",
    "plans_url": "https://www.gulbene.lv/lv/media/36615/download?attachment",
    "plans_fails": "Gulbenes_sadarbibas_teritorijas_civilas_aizsardzibas_plans.md",
    "lpp": 230,
    "citats": "|9.|Druvienas kultūras<br>nams|Kultūras nams|\"Pagastmāja\",<br>Druviena, Druvienas<br>pagasts, Gulbenes<br>novads, LV 4426|57,114356|26,297598|Aktu zāle, mazā<br>zāle|150|nav|nav|",
    "izdevejs": "Gulbenes novads (pašvaldība)",
    "geokodesana": "plan_coords",
    "adrese_vzd": "\"Pagastmāja\", Druviena, Druvienas pag., Gulbenes nov., LV-4426",
    "vzd_kods": "102856063",
    "plana_lat": 57.114356,
    "plana_lon": 26.297598,
    "koord_teksts": "57,114356|26,297598",
    "karodzini": [],
    "vietas": 150,
    "gultas": 0,
    "edinasana": "nav",
    "izvilkuma_piezime": "Ēkas tips: Kultūras nams; telpu veids: Aktu zāle, mazā zāle; comma decimals converted to dot",
    "komentars": "Avots: Gulbenes novada CA plāns, lpp. 230 · 150 vietas",
    "id": "gulbenes-novads-izm-8"
   },
   "geometry": {
    "type": "Point",
    "coordinates": [
     26.297598,
     57.114356
    ]
   }
  },
  {
   "type": "Feature",
   "properties": {
    "kategorija": "izmitinasana",
    "nosaukums": "Beļavas tautas nams",
    "adrese": "Vienības -3 Beļava ;Beļavas pagasts.",
    "pasvaldiba": "Gulbenes novads",
    "pasvaldiba_slug": "gulbenes-novads",
    "nr_plana": 10,
    "avots_teksts": "Avots: Gulbenes novada CA plāns, lpp. 230",
    "plans_url": "https://www.gulbene.lv/lv/media/36615/download?attachment",
    "plans_fails": "Gulbenes_sadarbibas_teritorijas_civilas_aizsardzibas_plans.md",
    "lpp": 230,
    "citats": "|10.|Beļavas tautas nams|Kultūras<br>iestāde.|Vienības -3 Beļava<br>;Beļavas pagasts.|57,2530355|26,7708538|Zāle; mazā zāle<br>u.t.t|120|nav|nav|",
    "izdevejs": "Gulbenes novads (pašvaldība)",
    "geokodesana": "plan_coords",
    "adrese_vzd": null,
    "vzd_kods": null,
    "plana_lat": 57.2530355,
    "plana_lon": 26.7708538,
    "koord_teksts": "57,2530355|26,7708538",
    "karodzini": [],
    "vietas": 120,
    "gultas": 0,
    "edinasana": "nav",
    "izvilkuma_piezime": "Ēkas tips: Kultūras iestāde.; telpu veids: Zāle; mazā zāle u.t.t; comma decimals converted to dot",
    "komentars": "Avots: Gulbenes novada CA plāns, lpp. 230 · 120 vietas",
    "id": "gulbenes-novads-izm-9"
   },
   "geometry": {
    "type": "Point",
    "coordinates": [
     26.770854,
     57.253036
    ]
   }
  },
  {
   "type": "Feature",
   "properties": {
    "kategorija": "izmitinasana",
    "nosaukums": "Kultūras un sporta centrs \"Zīļuks\" Beļavas pag",
    "adrese": "\"Blomīte\" Ozolkalns; Beļavas pagasts.",
    "pasvaldiba": "Gulbenes novads",
    "pasvaldiba_slug": "gulbenes-novads",
    "nr_plana": 11,
    "avots_teksts": "Avots: Gulbenes novada CA plāns, lpp. 230",
    "plans_url": "https://www.gulbene.lv/lv/media/36615/download?attachment",
    "plans_fails": "Gulbenes_sadarbibas_teritorijas_civilas_aizsardzibas_plans.md",
    "lpp": 230,
    "citats": "|11.|Kultūras un sporta<br>centrs \"Zīļuks\"<br>Beļavas pag|Kultūras un<br>sporta būve.|\"Blomīte\" Ozolkalns;<br>Beļavas pagasts.|57,1982589|26,6800789|Sporta zāle.|60|nav|nav|",
    "izdevejs": "Gulbenes novads (pašvaldība)",
    "geokodesana": "plan_coords",
    "adrese_vzd": null,
    "vzd_kods": null,
    "plana_lat": 57.1982589,
    "plana_lon": 26.6800789,
    "koord_teksts": "57,1982589|26,6800789",
    "karodzini": [],
    "vietas": 60,
    "gultas": 0,
    "edinasana": "nav",
    "izvilkuma_piezime": "Ēkas tips: Kultūras un sporta būve.; telpu veids: Sporta zāle.; comma decimals converted to dot",
    "komentars": "Avots: Gulbenes novada CA plāns, lpp. 230 · 60 vietas",
    "id": "gulbenes-novads-izm-10"
   },
   "geometry": {
    "type": "Point",
    "coordinates": [
     26.680079,
     57.198259
    ]
   }
  },
  {
   "type": "Feature",
   "properties": {
    "kategorija": "izmitinasana",
    "nosaukums": "Beļavas pag. skola.",
    "adrese": "K.Valdemāra skola; Pilskalns; Beļavas pagasts.",
    "pasvaldiba": "Gulbenes novads",
    "pasvaldiba_slug": "gulbenes-novads",
    "nr_plana": 12,
    "avots_teksts": "Avots: Gulbenes novada CA plāns, lpp. 230",
    "plans_url": "https://www.gulbene.lv/lv/media/36615/download?attachment",
    "plans_fails": "Gulbenes_sadarbibas_teritorijas_civilas_aizsardzibas_plans.md",
    "lpp": 230,
    "citats": "|12.|Beļavas pag.<br>skola.|Izglītības<br>iestāde.<br>(Izbijusi)|K.Valdemāra skola;<br>Pilskalns; Beļavas<br>pagasts.|57,2895398|26,7900392|Zāle; mācību<br>kabineti.|70|Ir virtuves<br>telpas|nav|",
    "izdevejs": "Gulbenes novads (pašvaldība)",
    "geokodesana": "plan_coords",
    "adrese_vzd": null,
    "vzd_kods": null,
    "plana_lat": 57.2895398,
    "plana_lon": 26.7900392,
    "koord_teksts": "57,2895398|26,7900392",
    "karodzini": [],
    "vietas": 70,
    "gultas": 0,
    "edinasana": "Ir virtuves telpas",
    "izvilkuma_piezime": "Ēkas tips: Izglītības iestāde. (Izbijusi); telpu veids: Zāle; mācību kabineti.; comma decimals converted to dot",
    "komentars": "Avots: Gulbenes novada CA plāns, lpp. 230 · 70 vietas",
    "id": "gulbenes-novads-izm-11"
   },
   "geometry": {
    "type": "Point",
    "coordinates": [
     26.790039,
     57.28954
    ]
   }
  },
  {
   "type": "Feature",
   "properties": {
    "kategorija": "izmitinasana",
    "nosaukums": "Galgauskas sporta halle",
    "adrese": "Skolas iela 3, Galgauska Gulbenes nov.",
    "pasvaldiba": "Gulbenes novads",
    "pasvaldiba_slug": "gulbenes-novads",
    "nr_plana": 13,
    "avots_teksts": "Avots: Gulbenes novada CA plāns, lpp. 231",
    "plans_url": "https://www.gulbene.lv/lv/media/36615/download?attachment",
    "plans_fails": "Gulbenes_sadarbibas_teritorijas_civilas_aizsardzibas_plans.md",
    "lpp": 231,
    "citats": "|13|Galgauskas sporta halle|Sporta zāle|Skolas iela 3,<br>Galgauska<br>Gulbenes nov.|57.167054|26.556755|Sporta halle|70|Nav|Nav|",
    "izdevejs": "Gulbenes novads (pašvaldība)",
    "geokodesana": "plan_coords",
    "adrese_vzd": null,
    "vzd_kods": null,
    "plana_lat": 57.167054,
    "plana_lon": 26.556755,
    "koord_teksts": "57.167054|26.556755",
    "karodzini": [],
    "vietas": 70,
    "gultas": 0,
    "edinasana": "Nav",
    "izvilkuma_piezime": "Ēkas tips: Sporta zāle; telpu veids: Sporta halle",
    "komentars": "Avots: Gulbenes novada CA plāns, lpp. 231 · 70 vietas",
    "id": "gulbenes-novads-izm-12"
   },
   "geometry": {
    "type": "Point",
    "coordinates": [
     26.556755,
     57.167054
    ]
   }
  },
  {
   "type": "Feature",
   "properties": {
    "kategorija": "izmitinasana",
    "nosaukums": "Galgauskas kultūras nams",
    "adrese": "Veišu iela 2, Galgauska, Galgauskas pag., Gulbenes nov.,",
    "pasvaldiba": "Gulbenes novads",
    "pasvaldiba_slug": "gulbenes-novads",
    "nr_plana": 14,
    "avots_teksts": "Avots: Gulbenes novada CA plāns, lpp. 231",
    "plans_url": "https://www.gulbene.lv/lv/media/36615/download?attachment",
    "plans_fails": "Gulbenes_sadarbibas_teritorijas_civilas_aizsardzibas_plans.md",
    "lpp": 231,
    "citats": "|14|Galgauskas kultūras<br>nams|Kultūras<br>iestāde|Veišu<br>iela<br>2,<br>Galgauska, Galgauskas<br>pag., Gulbenes nov.,|57.16601|26.55401|Zāle kabineti|100|Nav|Nav|",
    "izdevejs": "Gulbenes novads (pašvaldība)",
    "geokodesana": "plan_coords",
    "adrese_vzd": "Veišu iela 2, Galgauska, Galgauskas pag., Gulbenes nov., LV-4428",
    "vzd_kods": "104021614",
    "plana_lat": 57.16601,
    "plana_lon": 26.55401,
    "koord_teksts": "57.16601|26.55401",
    "karodzini": [],
    "vietas": 100,
    "gultas": 0,
    "edinasana": "Nav",
    "izvilkuma_piezime": "Ēkas tips: Kultūras iestāde; telpu veids: Zāle kabineti",
    "komentars": "Avots: Gulbenes novada CA plāns, lpp. 231 · 100 vietas",
    "id": "gulbenes-novads-izm-13"
   },
   "geometry": {
    "type": "Point",
    "coordinates": [
     26.55401,
     57.16601
    ]
   }
  },
  {
   "type": "Feature",
   "properties": {
    "kategorija": "izmitinasana",
    "nosaukums": "Jaungulbenes Alejas",
    "adrese": "Jaungulbene, Jaungulbenes pagasts, Gulbenes novads",
    "pasvaldiba": "Gulbenes novads",
    "pasvaldiba_slug": "gulbenes-novads",
    "nr_plana": 15,
    "avots_teksts": "Avots: Gulbenes novada CA plāns, lpp. 231",
    "plans_url": "https://www.gulbene.lv/lv/media/36615/download?attachment",
    "plans_fails": "Gulbenes_sadarbibas_teritorijas_civilas_aizsardzibas_plans.md",
    "lpp": 231,
    "citats": "|15.|Jaungulbenes Alejas|SAC|Jaungulbene,<br>Jaungulbenes pagasts,<br>Gulbenes novads|57,05927|26,59461|Sporta zāle;|50|ir|nav|",
    "izdevejs": "Gulbenes novads (pašvaldība)",
    "geokodesana": "plan_coords",
    "adrese_vzd": null,
    "vzd_kods": null,
    "plana_lat": 57.05927,
    "plana_lon": 26.59461,
    "koord_teksts": "57,05927|26,59461",
    "karodzini": [],
    "vietas": 50,
    "gultas": 0,
    "edinasana": "ir",
    "izvilkuma_piezime": "Ēkas tips: SAC; telpu veids: Sporta zāle;; comma decimals converted to dot",
    "komentars": "Avots: Gulbenes novada CA plāns, lpp. 231 · 50 vietas",
    "id": "gulbenes-novads-izm-14"
   },
   "geometry": {
    "type": "Point",
    "coordinates": [
     26.59461,
     57.05927
    ]
   }
  },
  {
   "type": "Feature",
   "properties": {
    "kategorija": "izmitinasana",
    "nosaukums": "Jaungulbenes tautas nams",
    "adrese": "\"Kokles\", Jaungulbenes pag., Gulbenes nov.",
    "pasvaldiba": "Gulbenes novads",
    "pasvaldiba_slug": "gulbenes-novads",
    "nr_plana": 16,
    "avots_teksts": "Avots: Gulbenes novada CA plāns, lpp. 231",
    "plans_url": "https://www.gulbene.lv/lv/media/36615/download?attachment",
    "plans_fails": "Gulbenes_sadarbibas_teritorijas_civilas_aizsardzibas_plans.md",
    "lpp": 231,
    "citats": "|16|Jaungulbenes tautas<br>nams|Kultūras<br>iestāde|\"Kokles\",<br>Jaungulbenes<br>pag.,<br>Gulbenes nov.|57.077155|26634389|Aktu zāle<br>Mēģinājuma<br>telpas|70|nav|nav|",
    "izdevejs": "Gulbenes novads (pašvaldība)",
    "geokodesana": "varis_address",
    "adrese_vzd": "\"Kokles\", Gulbītis, Jaungulbenes pag., Gulbenes nov., LV-4420",
    "vzd_kods": "104120580",
    "plana_lat": 57.077155,
    "plana_lon": 26634389.0,
    "koord_teksts": "57.077155|26634389",
    "karodzini": [
     "plan_coordinate_error"
    ],
    "vietas": 70,
    "gultas": 0,
    "edinasana": "nav",
    "izvilkuma_piezime": "Ēkas tips: Kultūras iestāde; telpu veids: Aktu zāle Mēģinājuma telpas; lon '26634389' as written lacks the decimal point (probably 26.634389)",
    "komentars": "Avots: Gulbenes novada CA plāns, lpp. 231 · 70 vietas · plāna koordinātas kļūdainas, vieta noteikta pēc adreses (VZD)",
    "id": "gulbenes-novads-izm-15"
   },
   "geometry": {
    "type": "Point",
    "coordinates": [
     26.63422,
     57.077194
    ]
   }
  },
  {
   "type": "Feature",
   "properties": {
    "kategorija": "izmitinasana",
    "nosaukums": "Gulbenes novada Lejasciema pamatskolas- internāts",
    "adrese": "A.Sakses iela 3, Lejasciems Lejasciema pagasts , Gulbenes nov. LV 4412",
    "pasvaldiba": "Gulbenes novads",
    "pasvaldiba_slug": "gulbenes-novads",
    "nr_plana": 17,
    "avots_teksts": "Avots: Gulbenes novada CA plāns, lpp. 231",
    "plans_url": "https://www.gulbene.lv/lv/media/36615/download?attachment",
    "plans_fails": "Gulbenes_sadarbibas_teritorijas_civilas_aizsardzibas_plans.md",
    "lpp": 231,
    "citats": "|17.|Gulbenes novada<br>Lejasciema<br>pamatskolas- internāts|Izglītības<br>iestāde|A.Sakses iela 3,<br>Lejasciems Lejasciema<br>pagasts , Gulbenes<br>nov. LV 4412|57.279208|26.574928|internāts|19|ir|14|",
    "izdevejs": "Gulbenes novads (pašvaldība)",
    "geokodesana": "plan_coords",
    "adrese_vzd": null,
    "vzd_kods": null,
    "plana_lat": 57.279208,
    "plana_lon": 26.574928,
    "koord_teksts": "57.279208|26.574928",
    "karodzini": [],
    "vietas": 19,
    "gultas": 14,
    "edinasana": "ir",
    "izvilkuma_piezime": "Ēkas tips: Izglītības iestāde; telpu veids: internāts",
    "komentars": "Avots: Gulbenes novada CA plāns, lpp. 231 · 19 vietas",
    "id": "gulbenes-novads-izm-16"
   },
   "geometry": {
    "type": "Point",
    "coordinates": [
     26.574928,
     57.279208
    ]
   }
  },
  {
   "type": "Feature",
   "properties": {
    "kategorija": "izmitinasana",
    "nosaukums": "Gulbenes novada Lejasciema kultūras nams",
    "adrese": "Rīgas iela 20B Lejasciems , Lejasciema pagasts , Gulbenes nov.LV 4412",
    "pasvaldiba": "Gulbenes novads",
    "pasvaldiba_slug": "gulbenes-novads",
    "nr_plana": 18,
    "avots_teksts": "Avots: Gulbenes novada CA plāns, lpp. 231",
    "plans_url": "https://www.gulbene.lv/lv/media/36615/download?attachment",
    "plans_fails": "Gulbenes_sadarbibas_teritorijas_civilas_aizsardzibas_plans.md",
    "lpp": 231,
    "citats": "|18.|Gulbenes novada<br>Lejasciema kultūras<br>nams|Kultūras nams|Rīgas iela 20B<br>Lejasciems ,<br>Lejasciema pagasts ,<br>Gulbenes nov.LV<br>4412|57.278063|26.573340|zāle|60|nav|nav|",
    "izdevejs": "Gulbenes novads (pašvaldība)",
    "geokodesana": "plan_coords",
    "adrese_vzd": "Rīgas iela 20B, Lejasciems, Lejasciema pag., Gulbenes nov., LV-4412",
    "vzd_kods": "104242628",
    "plana_lat": 57.278063,
    "plana_lon": 26.57334,
    "koord_teksts": "57.278063|26.573340",
    "karodzini": [],
    "vietas": 60,
    "gultas": 0,
    "edinasana": "nav",
    "izvilkuma_piezime": "Ēkas tips: Kultūras nams; telpu veids: zāle",
    "komentars": "Avots: Gulbenes novada CA plāns, lpp. 231 · 60 vietas",
    "id": "gulbenes-novads-izm-17"
   },
   "geometry": {
    "type": "Point",
    "coordinates": [
     26.57334,
     57.278063
    ]
   }
  },
  {
   "type": "Feature",
   "properties": {
    "kategorija": "izmitinasana",
    "nosaukums": "Gulbenes novada Sinoles nams",
    "adrese": "Sinoles nams, Lejasciema pagasts , Gulbenes nov.",
    "pasvaldiba": "Gulbenes novads",
    "pasvaldiba_slug": "gulbenes-novads",
    "nr_plana": 19,
    "avots_teksts": "Avots: Gulbenes novada CA plāns, lpp. 231",
    "plans_url": "https://www.gulbene.lv/lv/media/36615/download?attachment",
    "plans_fails": "Gulbenes_sadarbibas_teritorijas_civilas_aizsardzibas_plans.md",
    "lpp": 231,
    "citats": "|19.|Gulbenes novada<br>Sinoles nams|Sinoles nams|Sinoles nams,<br>Lejasciema pagasts ,<br>Gulbenes nov.|57.247882|26.496629|zāle|50|nav|nav|",
    "izdevejs": "Gulbenes novads (pašvaldība)",
    "geokodesana": "plan_coords",
    "adrese_vzd": "\"Sinoles nams\", Sinole, Lejasciema pag., Gulbenes nov., LV-4412",
    "vzd_kods": "104243172",
    "plana_lat": 57.247882,
    "plana_lon": 26.496629,
    "koord_teksts": "57.247882|26.496629",
    "karodzini": [],
    "vietas": 50,
    "gultas": 0,
    "edinasana": "nav",
    "izvilkuma_piezime": "Ēkas tips: Sinoles nams; telpu veids: zāle",
    "komentars": "Avots: Gulbenes novada CA plāns, lpp. 231 · 50 vietas",
    "id": "gulbenes-novads-izm-18"
   },
   "geometry": {
    "type": "Point",
    "coordinates": [
     26.496629,
     57.247882
    ]
   }
  },
  {
   "type": "Feature",
   "properties": {
    "kategorija": "izmitinasana",
    "nosaukums": "Litenes pagasta muiža Valdorfa skola",
    "adrese": "Skolas iela 2, Litenes pagasts, Litene",
    "pasvaldiba": "Gulbenes novads",
    "pasvaldiba_slug": "gulbenes-novads",
    "nr_plana": 20,
    "avots_teksts": "Avots: Gulbenes novada CA plāns, lpp. 232",
    "plans_url": "https://www.gulbene.lv/lv/media/36615/download?attachment",
    "plans_fails": "Gulbenes_sadarbibas_teritorijas_civilas_aizsardzibas_plans.md",
    "lpp": 232,
    "citats": "|20.|Litenes pagasta muiža<br>Valdorfa skola|Izglītības<br>iestāde|Skolas iela 2, Litenes<br>pagasts, Litene|57.191107|27.026783|mācību kabineti|60|Ir<br>(privātais)|nav|",
    "izdevejs": "Gulbenes novads (pašvaldība)",
    "geokodesana": "plan_coords",
    "adrese_vzd": "Skolas iela 2, Litene, Litenes pag., Gulbenes nov., LV-4405",
    "vzd_kods": "105659514",
    "plana_lat": 57.191107,
    "plana_lon": 27.026783,
    "koord_teksts": "57.191107|27.026783",
    "karodzini": [],
    "vietas": 60,
    "gultas": 0,
    "edinasana": "Ir (privātais)",
    "izvilkuma_piezime": "Ēkas tips: Izglītības iestāde; telpu veids: mācību kabineti",
    "komentars": "Avots: Gulbenes novada CA plāns, lpp. 232 · 60 vietas",
    "id": "gulbenes-novads-izm-19"
   },
   "geometry": {
    "type": "Point",
    "coordinates": [
     27.026783,
     57.191107
    ]
   }
  },
  {
   "type": "Feature",
   "properties": {
    "kategorija": "izmitinasana",
    "nosaukums": "Litenes tautas nams",
    "adrese": "pagastnams 1, Litenes pagasts, Litene",
    "pasvaldiba": "Gulbenes novads",
    "pasvaldiba_slug": "gulbenes-novads",
    "nr_plana": 21,
    "avots_teksts": "Avots: Gulbenes novada CA plāns, lpp. 232",
    "plans_url": "https://www.gulbene.lv/lv/media/36615/download?attachment",
    "plans_fails": "Gulbenes_sadarbibas_teritorijas_civilas_aizsardzibas_plans.md",
    "lpp": 232,
    "citats": "|21.|Litenes tautas nams|Kultūras nams|pagastnams 1, Litenes<br>pagasts, Litene|57.190970|27.02761|zāle|60|nav|nav|",
    "izdevejs": "Gulbenes novads (pašvaldība)",
    "geokodesana": "plan_coords",
    "adrese_vzd": "\"Pagastnams 1\", Litene, Litenes pag., Gulbenes nov., LV-4405",
    "vzd_kods": "105659491",
    "plana_lat": 57.19097,
    "plana_lon": 27.02761,
    "koord_teksts": "57.190970|27.02761",
    "karodzini": [],
    "vietas": 60,
    "gultas": 0,
    "edinasana": "nav",
    "izvilkuma_piezime": "Ēkas tips: Kultūras nams; telpu veids: zāle",
    "komentars": "Avots: Gulbenes novada CA plāns, lpp. 232 · 60 vietas",
    "id": "gulbenes-novads-izm-20"
   },
   "geometry": {
    "type": "Point",
    "coordinates": [
     27.02761,
     57.19097
    ]
   }
  },
  {
   "type": "Feature",
   "properties": {
    "kategorija": "izmitinasana",
    "nosaukums": "Lizuma kultūras nams",
    "adrese": "\"Klintis\", Lizums, Lizuma pagasts,LV445",
    "pasvaldiba": "Gulbenes novads",
    "pasvaldiba_slug": "gulbenes-novads",
    "nr_plana": 22,
    "avots_teksts": "Avots: Gulbenes novada CA plāns, lpp. 232",
    "plans_url": "https://www.gulbene.lv/lv/media/36615/download?attachment",
    "plans_fails": "Gulbenes_sadarbibas_teritorijas_civilas_aizsardzibas_plans.md",
    "lpp": 232,
    "citats": "|22.|Lizuma kultūras nams|kultūras nams|\"Klintis\", Lizums,<br>Lizuma<br>pagasts,LV445|57.191952|26.369215|lielā zāle<br>mazā zāle|100|Ir privāta<br>kafejnīca|nav|",
    "izdevejs": "Gulbenes novads (pašvaldība)",
    "geokodesana": "plan_coords",
    "adrese_vzd": "\"Klintis\", Lizums, Lizuma pag., Gulbenes nov., LV-4425",
    "vzd_kods": "102950340",
    "plana_lat": 57.191952,
    "plana_lon": 26.369215,
    "koord_teksts": "57.191952|26.369215",
    "karodzini": [],
    "vietas": 100,
    "gultas": 0,
    "edinasana": "Ir privāta kafejnīca",
    "izvilkuma_piezime": "Ēkas tips: kultūras nams; telpu veids: lielā zāle mazā zāle",
    "komentars": "Avots: Gulbenes novada CA plāns, lpp. 232 · 100 vietas",
    "id": "gulbenes-novads-izm-21"
   },
   "geometry": {
    "type": "Point",
    "coordinates": [
     26.369215,
     57.191952
    ]
   }
  },
  {
   "type": "Feature",
   "properties": {
    "kategorija": "izmitinasana",
    "nosaukums": "Lizuma sporta zāle",
    "adrese": "\"Stallis\", Lizums, Lizuma pagasts",
    "pasvaldiba": "Gulbenes novads",
    "pasvaldiba_slug": "gulbenes-novads",
    "nr_plana": 23,
    "avots_teksts": "Avots: Gulbenes novada CA plāns, lpp. 232",
    "plans_url": "https://www.gulbene.lv/lv/media/36615/download?attachment",
    "plans_fails": "Gulbenes_sadarbibas_teritorijas_civilas_aizsardzibas_plans.md",
    "lpp": 232,
    "citats": "|23.|Lizuma sporta zāle|sporta zāle|\"Stallis\", Lizums,<br>Lizuma pagasts|57.193173|26.369611|zāle|60|nav|nav|",
    "izdevejs": "Gulbenes novads (pašvaldība)",
    "geokodesana": "plan_coords",
    "adrese_vzd": "\"Stallis\", Lizums, Lizuma pag., Gulbenes nov., LV-4425",
    "vzd_kods": "104610805",
    "plana_lat": 57.193173,
    "plana_lon": 26.369611,
    "koord_teksts": "57.193173|26.369611",
    "karodzini": [],
    "vietas": 60,
    "gultas": 0,
    "edinasana": "nav",
    "izvilkuma_piezime": "Ēkas tips: sporta zāle; telpu veids: zāle",
    "komentars": "Avots: Gulbenes novada CA plāns, lpp. 232 · 60 vietas",
    "id": "gulbenes-novads-izm-22"
   },
   "geometry": {
    "type": "Point",
    "coordinates": [
     26.369611,
     57.193173
    ]
   }
  },
  {
   "type": "Feature",
   "properties": {
    "kategorija": "izmitinasana",
    "nosaukums": "Stāķu sporta nams",
    "adrese": "Stāķi 26, Stāķi, Stradu pag., Gulbenes nov.",
    "pasvaldiba": "Gulbenes novads",
    "pasvaldiba_slug": "gulbenes-novads",
    "nr_plana": 24,
    "avots_teksts": "Avots: Gulbenes novada CA plāns, lpp. 232",
    "plans_url": "https://www.gulbene.lv/lv/media/36615/download?attachment",
    "plans_fails": "Gulbenes_sadarbibas_teritorijas_civilas_aizsardzibas_plans.md",
    "lpp": 232,
    "citats": "|24.|Stāķu sporta nams|Izglītības<br>iestāde|Stāķi 26, Stāķi, Stradu<br>pag., Gulbenes nov.|57,132786|26,730543|Sporta zāle; aktu<br>zāle;|150|nav|nav|",
    "izdevejs": "Gulbenes novads (pašvaldība)",
    "geokodesana": "plan_coords",
    "adrese_vzd": "\"Stāķi 26\", Stāķi, Stradu pag., Gulbenes nov., LV-4417",
    "vzd_kods": "105642291",
    "plana_lat": 57.132786,
    "plana_lon": 26.730543,
    "koord_teksts": "57,132786|26,730543",
    "karodzini": [],
    "vietas": 150,
    "gultas": 0,
    "edinasana": "nav",
    "izvilkuma_piezime": "Ēkas tips: Izglītības iestāde; telpu veids: Sporta zāle; aktu zāle;; comma decimals converted to dot",
    "komentars": "Avots: Gulbenes novada CA plāns, lpp. 232 · 150 vietas",
    "id": "gulbenes-novads-izm-23"
   },
   "geometry": {
    "type": "Point",
    "coordinates": [
     26.730543,
     57.132786
    ]
   }
  },
  {
   "type": "Feature",
   "properties": {
    "kategorija": "izmitinasana",
    "nosaukums": "Stāmerienas tautas nams",
    "adrese": "\"Stāmerienas klubs\", Vecstāmeriena, Stāmerienas pagasts, Gulbenes nov.",
    "pasvaldiba": "Gulbenes novads",
    "pasvaldiba_slug": "gulbenes-novads",
    "nr_plana": 25,
    "avots_teksts": "Avots: Gulbenes novada CA plāns, lpp. 232",
    "plans_url": "https://www.gulbene.lv/lv/media/36615/download?attachment",
    "plans_fails": "Gulbenes_sadarbibas_teritorijas_civilas_aizsardzibas_plans.md",
    "lpp": 232,
    "citats": "|25.|Stāmerienas tautas<br>nams|kultūras nams|\"Stāmerienas klubs\",<br>Vecstāmeriena,<br>Stāmerienas pagasts,<br>Gulbenes nov.|57.215039|26.893385|zāle|70|nav|nav|",
    "izdevejs": "Gulbenes novads (pašvaldība)",
    "geokodesana": "plan_coords",
    "adrese_vzd": "\"Stāmerienas klubs\", Vecstāmeriena, Stāmerienas pag., Gulbenes nov., LV-4406",
    "vzd_kods": "103909090",
    "plana_lat": 57.215039,
    "plana_lon": 26.893385,
    "koord_teksts": "57.215039|26.893385",
    "karodzini": [],
    "vietas": 70,
    "gultas": 0,
    "edinasana": "nav",
    "izvilkuma_piezime": "Ēkas tips: kultūras nams; telpu veids: zāle",
    "komentars": "Avots: Gulbenes novada CA plāns, lpp. 232 · 70 vietas",
    "id": "gulbenes-novads-izm-24"
   },
   "geometry": {
    "type": "Point",
    "coordinates": [
     26.893385,
     57.215039
    ]
   }
  },
  {
   "type": "Feature",
   "properties": {
    "kategorija": "izmitinasana",
    "nosaukums": "Kalnienas tautas nams",
    "adrese": "\"Klubs\", Kalniena, Stāmerienas pagasts, Gulbenes novads",
    "pasvaldiba": "Gulbenes novads",
    "pasvaldiba_slug": "gulbenes-novads",
    "nr_plana": 26,
    "avots_teksts": "Avots: Gulbenes novada CA plāns, lpp. 232",
    "plans_url": "https://www.gulbene.lv/lv/media/36615/download?attachment",
    "plans_fails": "Gulbenes_sadarbibas_teritorijas_civilas_aizsardzibas_plans.md",
    "lpp": 232,
    "citats": "|26.|Kalnienas tautas nams|kultūras nams|\"Klubs\", Kalniena,<br>Stāmerienas pagasts,<br>Gulbenes novads|57.271253|26.929741|zāle|70|nav|nav|",
    "izdevejs": "Gulbenes novads (pašvaldība)",
    "geokodesana": "plan_coords",
    "adrese_vzd": null,
    "vzd_kods": null,
    "plana_lat": 57.271253,
    "plana_lon": 26.929741,
    "koord_teksts": "57.271253|26.929741",
    "karodzini": [],
    "vietas": 70,
    "gultas": 0,
    "edinasana": "nav",
    "izvilkuma_piezime": "Ēkas tips: kultūras nams; telpu veids: zāle",
    "komentars": "Avots: Gulbenes novada CA plāns, lpp. 232 · 70 vietas",
    "id": "gulbenes-novads-izm-25"
   },
   "geometry": {
    "type": "Point",
    "coordinates": [
     26.929741,
     57.271253
    ]
   }
  },
  {
   "type": "Feature",
   "properties": {
    "kategorija": "izmitinasana",
    "nosaukums": "Tirzas kultūras nams",
    "adrese": "Biedrības nams, Tirza, Tirzas pagasts, Gulbenes novads",
    "pasvaldiba": "Gulbenes novads",
    "pasvaldiba_slug": "gulbenes-novads",
    "nr_plana": 27,
    "avots_teksts": "Avots: Gulbenes novada CA plāns, lpp. 233",
    "plans_url": "https://www.gulbene.lv/lv/media/36615/download?attachment",
    "plans_fails": "Gulbenes_sadarbibas_teritorijas_civilas_aizsardzibas_plans.md",
    "lpp": 233,
    "citats": "|27.|Tirzas kultūras nams|Ēka<br>pašizklaides<br>pasākuniem|Biedrības nams, Tirza,<br>Tirzas<br>pagasts,<br>Gulbenes novads|57,1399532|26,4127814|Kultūras<br>nama<br>zāle|80|nav|nav|",
    "izdevejs": "Gulbenes novads (pašvaldība)",
    "geokodesana": "plan_coords",
    "adrese_vzd": "\"Biedrības nams\", Tirza, Tirzas pag., Gulbenes nov., LV-4424",
    "vzd_kods": "103984005",
    "plana_lat": 57.1399532,
    "plana_lon": 26.4127814,
    "koord_teksts": "57,1399532|26,4127814",
    "karodzini": [],
    "vietas": 80,
    "gultas": 0,
    "edinasana": "nav",
    "izvilkuma_piezime": "Ēkas tips: Ēka pašizklaides pasākuniem; telpu veids: Kultūras nama zāle; comma decimals converted to dot",
    "komentars": "Avots: Gulbenes novada CA plāns, lpp. 233 · 80 vietas",
    "id": "gulbenes-novads-izm-26"
   },
   "geometry": {
    "type": "Point",
    "coordinates": [
     26.412781,
     57.139953
    ]
   }
  },
  {
   "type": "Feature",
   "properties": {
    "kategorija": "izmitinasana",
    "nosaukums": "Gulbenes vidusskolas Internāta telpas",
    "adrese": "Līkā iela 19a, Gulbene",
    "pasvaldiba": "Gulbenes novads",
    "pasvaldiba_slug": "gulbenes-novads",
    "nr_plana": 28,
    "avots_teksts": "Avots: Gulbenes novada CA plāns, lpp. 233",
    "plans_url": "https://www.gulbene.lv/lv/media/36615/download?attachment",
    "plans_fails": "Gulbenes_sadarbibas_teritorijas_civilas_aizsardzibas_plans.md",
    "lpp": 233,
    "citats": "|28.|Gulbenes vidusskolas<br>Internāta telpas|Izglītības<br>iestāde|Līkā iela 19a, Gulbene|57.1745125|26.7538330|Internāts  telpas|50|Ir|31|",
    "izdevejs": "Gulbenes novads (pašvaldība)",
    "geokodesana": "plan_coords",
    "adrese_vzd": "Līkā iela 19A, Gulbene, Gulbenes nov., LV-4401",
    "vzd_kods": "103753134",
    "plana_lat": 57.1745125,
    "plana_lon": 26.753833,
    "koord_teksts": "57.1745125|26.7538330",
    "karodzini": [],
    "vietas": 50,
    "gultas": 31,
    "edinasana": "Ir",
    "izvilkuma_piezime": "Ēkas tips: Izglītības iestāde; telpu veids: Internāts telpas",
    "komentars": "Avots: Gulbenes novada CA plāns, lpp. 233 · 50 vietas",
    "id": "gulbenes-novads-izm-27"
   },
   "geometry": {
    "type": "Point",
    "coordinates": [
     26.753833,
     57.174512
    ]
   }
  },
  {
   "type": "Feature",
   "properties": {
    "kategorija": "izmitinasana",
    "nosaukums": "Gulbenes kultūras centrs",
    "adrese": "O.Kalpaka iela 60, Gulbene, Gulbenes novads",
    "pasvaldiba": "Gulbenes novads",
    "pasvaldiba_slug": "gulbenes-novads",
    "nr_plana": 29,
    "avots_teksts": "Avots: Gulbenes novada CA plāns, lpp. 233",
    "plans_url": "https://www.gulbene.lv/lv/media/36615/download?attachment",
    "plans_fails": "Gulbenes_sadarbibas_teritorijas_civilas_aizsardzibas_plans.md",
    "lpp": 233,
    "citats": "|29.|Gulbenes kultūras<br>centrs|Kultūras<br>iestāde|O.Kalpaka<br>iela<br>60,<br>Gulbene,<br>Gulbenes<br>novads|57.17289|26.76267|Lielā zāle<br>Mazās zāles|150|Ir<br>(privāta<br>kafejnīca)|nav|",
    "izdevejs": "Gulbenes novads (pašvaldība)",
    "geokodesana": "plan_coords",
    "adrese_vzd": "O. Kalpaka iela 60, Gulbene, Gulbenes nov., LV-4401",
    "vzd_kods": "101545507",
    "plana_lat": 57.17289,
    "plana_lon": 26.76267,
    "koord_teksts": "57.17289|26.76267",
    "karodzini": [],
    "vietas": 150,
    "gultas": 0,
    "edinasana": "Ir (privāta kafejnīca)",
    "izvilkuma_piezime": "Ēkas tips: Kultūras iestāde; telpu veids: Lielā zāle Mazās zāles",
    "komentars": "Avots: Gulbenes novada CA plāns, lpp. 233 · 150 vietas",
    "id": "gulbenes-novads-izm-28"
   },
   "geometry": {
    "type": "Point",
    "coordinates": [
     26.76267,
     57.17289
    ]
   }
  },
  {
   "type": "Feature",
   "properties": {
    "kategorija": "izmitinasana",
    "nosaukums": "Bērzu sporta zāle",
    "adrese": "Vidus iela 7 Gulbene Gulbenes nov.",
    "pasvaldiba": "Gulbenes novads",
    "pasvaldiba_slug": "gulbenes-novads",
    "nr_plana": 30,
    "avots_teksts": "Avots: Gulbenes novada CA plāns, lpp. 233",
    "plans_url": "https://www.gulbene.lv/lv/media/36615/download?attachment",
    "plans_fails": "Gulbenes_sadarbibas_teritorijas_civilas_aizsardzibas_plans.md",
    "lpp": 233,
    "citats": "|30.|Bērzu sporta zāle|Sporta ēka|Vidus iela 7<br>Gulbene<br>Gulbenes nov.|57.17702|26.76196|Zāle sporta|80|nav|nav|",
    "izdevejs": "Gulbenes novads (pašvaldība)",
    "geokodesana": "plan_coords",
    "adrese_vzd": "Vidus iela 7, Gulbene, Gulbenes nov., LV-4401",
    "vzd_kods": "101549016",
    "plana_lat": 57.17702,
    "plana_lon": 26.76196,
    "koord_teksts": "57.17702|26.76196",
    "karodzini": [],
    "vietas": 80,
    "gultas": 0,
    "edinasana": "nav",
    "izvilkuma_piezime": "Ēkas tips: Sporta ēka; telpu veids: Zāle sporta",
    "komentars": "Avots: Gulbenes novada CA plāns, lpp. 233 · 80 vietas",
    "id": "gulbenes-novads-izm-29"
   },
   "geometry": {
    "type": "Point",
    "coordinates": [
     26.76196,
     57.17702
    ]
   }
  },
  {
   "type": "Feature",
   "properties": {
    "kategorija": "izmitinasana",
    "nosaukums": "Gulbenes novada Bērnu un jaunatnes sporta skola",
    "adrese": "Skolas iela 10A, Gulbene",
    "pasvaldiba": "Gulbenes novads",
    "pasvaldiba_slug": "gulbenes-novads",
    "nr_plana": 31,
    "avots_teksts": "Avots: Gulbenes novada CA plāns, lpp. 233",
    "plans_url": "https://www.gulbene.lv/lv/media/36615/download?attachment",
    "plans_fails": "Gulbenes_sadarbibas_teritorijas_civilas_aizsardzibas_plans.md",
    "lpp": 233,
    "citats": "|31|Gulbenes novada Bērnu<br>un<br>jaunatnes<br>sporta<br>skola|Izglītības<br>iestāde|Skolas<br>iela<br>10A,<br>Gulbene|57.1718836|26.7663901|Sporta zāles;|200|nav|nav|",
    "izdevejs": "Gulbenes novads (pašvaldība)",
    "geokodesana": "plan_coords",
    "adrese_vzd": "Skolas iela 10A, Gulbene, Gulbenes nov., LV-4401",
    "vzd_kods": "103754298",
    "plana_lat": 57.1718836,
    "plana_lon": 26.7663901,
    "koord_teksts": "57.1718836|26.7663901",
    "karodzini": [],
    "vietas": 200,
    "gultas": 0,
    "edinasana": "nav",
    "izvilkuma_piezime": "Ēkas tips: Izglītības iestāde; telpu veids: Sporta zāles;",
    "komentars": "Avots: Gulbenes novada CA plāns, lpp. 233 · 200 vietas",
    "id": "gulbenes-novads-izm-30"
   },
   "geometry": {
    "type": "Point",
    "coordinates": [
     26.76639,
     57.171884
    ]
   }
  },
  {
   "type": "Feature",
   "properties": {
    "kategorija": "izmitinasana",
    "nosaukums": "Gulbenes sporta centrs",
    "adrese": "Skolas iela 12A, Gulbene",
    "pasvaldiba": "Gulbenes novads",
    "pasvaldiba_slug": "gulbenes-novads",
    "nr_plana": 32,
    "avots_teksts": "Avots: Gulbenes novada CA plāns, lpp. 233",
    "plans_url": "https://www.gulbene.lv/lv/media/36615/download?attachment",
    "plans_fails": "Gulbenes_sadarbibas_teritorijas_civilas_aizsardzibas_plans.md",
    "lpp": 233,
    "citats": "|32|Gulbenes sporta centrs|Sporta ēka|Skolas<br>iela<br>12A,<br>Gulbene|57.1722944|26.7669172|Sporta zāles, u.c.<br>telpas, internāts|300|nav|25|",
    "izdevejs": "Gulbenes novads (pašvaldība)",
    "geokodesana": "plan_coords",
    "adrese_vzd": "Skolas iela 12A, Gulbene, Gulbenes nov., LV-4401",
    "vzd_kods": "103754304",
    "plana_lat": 57.1722944,
    "plana_lon": 26.7669172,
    "koord_teksts": "57.1722944|26.7669172",
    "karodzini": [],
    "vietas": 300,
    "gultas": 25,
    "edinasana": "nav",
    "izvilkuma_piezime": "Ēkas tips: Sporta ēka; telpu veids: Sporta zāles, u.c. telpas, internāts",
    "komentars": "Avots: Gulbenes novada CA plāns, lpp. 233 · 300 vietas",
    "id": "gulbenes-novads-izm-31"
   },
   "geometry": {
    "type": "Point",
    "coordinates": [
     26.766917,
     57.172294
    ]
   }
  },
  {
   "type": "Feature",
   "properties": {
    "kategorija": "izmitinasana",
    "nosaukums": "Hotel Daina",
    "adrese": "Mežsargu iela 4-6, Jūrmala",
    "pasvaldiba": "Jūrmala",
    "pasvaldiba_slug": "jurmala",
    "nr_plana": 1,
    "avots_teksts": "Avots: Jūrmalas CA plāns, lpp. 88",
    "plans_url": "https://dokumenti.jurmala.lv/docs/l22/x/L0004_pielikums.pdf",
    "plans_fails": "L0004_pielikums.md",
    "lpp": 88,
    "citats": "|1.|Hotel Daina|Viesnīca|Mežsargu iela 4-6,<br>Jūrmala|Telpas|200|56.961983 / 23.709661|",
    "izdevejs": "Jūrmala (pašvaldība)",
    "geokodesana": "plan_coords",
    "adrese_vzd": "Mežsargu iela 4/6, Jūrmala, LV-2008",
    "vzd_kods": "102476353",
    "plana_lat": 56.961983,
    "plana_lon": 23.709661,
    "koord_teksts": "56.961983 / 23.709661",
    "karodzini": [],
    "vietas": 200,
    "gultas": null,
    "edinasana": null,
    "izvilkuma_piezime": "Ēkas tips: Viesnīca; telpu veids: Telpas",
    "komentars": "Avots: Jūrmalas CA plāns, lpp. 88 · 200 vietas",
    "id": "jurmala-izm-1"
   },
   "geometry": {
    "type": "Point",
    "coordinates": [
     23.709661,
     56.961983
    ]
   }
  },
  {
   "type": "Feature",
   "properties": {
    "kategorija": "izmitinasana",
    "nosaukums": "Bulduru Dārzkopības vidusskola",
    "adrese": "Viestura iela 6, Jūrmala",
    "pasvaldiba": "Jūrmala",
    "pasvaldiba_slug": "jurmala",
    "nr_plana": 2,
    "avots_teksts": "Avots: Jūrmalas CA plāns, lpp. 88",
    "plans_url": "https://dokumenti.jurmala.lv/docs/l22/x/L0004_pielikums.pdf",
    "plans_fails": "L0004_pielikums.md",
    "lpp": 88,
    "citats": "|2.|Bulduru<br>Dārzkopības<br>vidusskola|Izglītības<br>iestāde|Viestura iela 6,<br>Jūrmala|Aktu zāle,<br>sporta zāle,<br>mācību klases|300|56.972113 /  23.850196|",
    "izdevejs": "Jūrmala (pašvaldība)",
    "geokodesana": "plan_coords",
    "adrese_vzd": "Viestura iela 6, Jūrmala, LV-2010",
    "vzd_kods": "101747541",
    "plana_lat": 56.972113,
    "plana_lon": 23.850196,
    "koord_teksts": "56.972113 /  23.850196",
    "karodzini": [],
    "vietas": 300,
    "gultas": null,
    "edinasana": null,
    "izvilkuma_piezime": "Ēkas tips: Izglītības iestāde; telpu veids: Aktu zāle, sporta zāle, mācību klases",
    "komentars": "Avots: Jūrmalas CA plāns, lpp. 88 · 300 vietas",
    "id": "jurmala-izm-2"
   },
   "geometry": {
    "type": "Point",
    "coordinates": [
     23.850196,
     56.972113
    ]
   }
  },
  {
   "type": "Feature",
   "properties": {
    "kategorija": "izmitinasana",
    "nosaukums": "Jūrmalas Majoru vidusskola",
    "adrese": "Rīgas iela 3, Jūrmala",
    "pasvaldiba": "Jūrmala",
    "pasvaldiba_slug": "jurmala",
    "nr_plana": 3,
    "avots_teksts": "Avots: Jūrmalas CA plāns, lpp. 88",
    "plans_url": "https://dokumenti.jurmala.lv/docs/l22/x/L0004_pielikums.pdf",
    "plans_fails": "L0004_pielikums.md",
    "lpp": 88,
    "citats": "|3.|Jūrmalas Majoru<br>vidusskola|Izglītības<br>iestāde|Rīgas iela 3,<br>Jūrmala|Aktu zāle,<br>sporta zāle,<br>mācību klases|550|56.970011 / 23.803460|",
    "izdevejs": "Jūrmala (pašvaldība)",
    "geokodesana": "plan_coords",
    "adrese_vzd": "Rīgas iela 3, Jūrmala, LV-2015",
    "vzd_kods": "101736022",
    "plana_lat": 56.970011,
    "plana_lon": 23.80346,
    "koord_teksts": "56.970011 / 23.803460",
    "karodzini": [],
    "vietas": 550,
    "gultas": null,
    "edinasana": null,
    "izvilkuma_piezime": "Ēkas tips: Izglītības iestāde; telpu veids: Aktu zāle, sporta zāle, mācību klases",
    "komentars": "Avots: Jūrmalas CA plāns, lpp. 88 · 550 vietas",
    "id": "jurmala-izm-3"
   },
   "geometry": {
    "type": "Point",
    "coordinates": [
     23.80346,
     56.970011
    ]
   }
  },
  {
   "type": "Feature",
   "properties": {
    "kategorija": "izmitinasana",
    "nosaukums": "Jūrmalas Jaundubultu vidusskola",
    "adrese": "Lielupes iela 21, Jūrmala",
    "pasvaldiba": "Jūrmala",
    "pasvaldiba_slug": "jurmala",
    "nr_plana": 4,
    "avots_teksts": "Avots: Jūrmalas CA plāns, lpp. 89",
    "plans_url": "https://dokumenti.jurmala.lv/docs/l22/x/L0004_pielikums.pdf",
    "plans_fails": "L0004_pielikums.md",
    "lpp": 89,
    "citats": "|4.|Jūrmalas<br>Jaundubultu<br>vidusskola|Izglītības<br>iestāde|Lielupes iela 21,<br>Jūrmala|Mācību<br>telpas, sporta,<br>aktu zāles|Nav|56.962804 / 23.761079|",
    "izdevejs": "Jūrmala (pašvaldība)",
    "geokodesana": "plan_coords",
    "adrese_vzd": "Lielupes iela 21, Jūrmala, LV-2015",
    "vzd_kods": "101726622",
    "plana_lat": 56.962804,
    "plana_lon": 23.761079,
    "koord_teksts": "56.962804 / 23.761079",
    "karodzini": [],
    "vietas": null,
    "gultas": null,
    "edinasana": null,
    "izvilkuma_piezime": "'Guļam vietas' = 'Nav'; Ēkas tips: Izglītības iestāde; telpu veids: Mācību telpas, sporta, aktu zāles",
    "komentars": "Avots: Jūrmalas CA plāns, lpp. 89",
    "id": "jurmala-izm-4"
   },
   "geometry": {
    "type": "Point",
    "coordinates": [
     23.761079,
     56.962804
    ]
   }
  },
  {
   "type": "Feature",
   "properties": {
    "kategorija": "izmitinasana",
    "nosaukums": "Jūrmalas Pumpuru vidusskola",
    "adrese": "Kronvalda bulvāris 8, Jūrmala",
    "pasvaldiba": "Jūrmala",
    "pasvaldiba_slug": "jurmala",
    "nr_plana": 5,
    "avots_teksts": "Avots: Jūrmalas CA plāns, lpp. 89",
    "plans_url": "https://dokumenti.jurmala.lv/docs/l22/x/L0004_pielikums.pdf",
    "plans_fails": "L0004_pielikums.md",
    "lpp": 89,
    "citats": "|5.|Jūrmalas<br>Pumpuru<br>vidusskola|Izglītības<br>iestāde|Kronvalda bulvāris 8,<br>Jūrmala|Mācību telpas,<br>zāles|300|56.961219 / 23.735811|",
    "izdevejs": "Jūrmala (pašvaldība)",
    "geokodesana": "plan_coords",
    "adrese_vzd": null,
    "vzd_kods": null,
    "plana_lat": 56.961219,
    "plana_lon": 23.735811,
    "koord_teksts": "56.961219 / 23.735811",
    "karodzini": [],
    "vietas": 300,
    "gultas": null,
    "edinasana": null,
    "izvilkuma_piezime": "Ēkas tips: Izglītības iestāde; telpu veids: Mācību telpas, zāles",
    "komentars": "Avots: Jūrmalas CA plāns, lpp. 89 · 300 vietas",
    "id": "jurmala-izm-5"
   },
   "geometry": {
    "type": "Point",
    "coordinates": [
     23.735811,
     56.961219
    ]
   }
  },
  {
   "type": "Feature",
   "properties": {
    "kategorija": "izmitinasana",
    "nosaukums": "Jūrmalas Kauguru vidusskola",
    "adrese": "Raiņa iela 118, Jūrmala",
    "pasvaldiba": "Jūrmala",
    "pasvaldiba_slug": "jurmala",
    "nr_plana": 6,
    "avots_teksts": "Avots: Jūrmalas CA plāns, lpp. 89",
    "plans_url": "https://dokumenti.jurmala.lv/docs/l22/x/L0004_pielikums.pdf",
    "plans_fails": "L0004_pielikums.md",
    "lpp": 89,
    "citats": "|6.|Jūrmalas<br>Kauguru<br>vidusskola|Izglītības<br>iestāde|Raiņa iela 118,<br>Jūrmala|Mācību telpas,<br>sporta, aktu<br>zāles|300|56.961692 / 23.612165|",
    "izdevejs": "Jūrmala (pašvaldība)",
    "geokodesana": "plan_coords",
    "adrese_vzd": "Raiņa iela 118, Jūrmala, LV-2016",
    "vzd_kods": "101734701",
    "plana_lat": 56.961692,
    "plana_lon": 23.612165,
    "koord_teksts": "56.961692 / 23.612165",
    "karodzini": [],
    "vietas": 300,
    "gultas": null,
    "edinasana": null,
    "izvilkuma_piezime": "Ēkas tips: Izglītības iestāde; telpu veids: Mācību telpas, sporta, aktu zāles",
    "komentars": "Avots: Jūrmalas CA plāns, lpp. 89 · 300 vietas",
    "id": "jurmala-izm-6"
   },
   "geometry": {
    "type": "Point",
    "coordinates": [
     23.612165,
     56.961692
    ]
   }
  },
  {
   "type": "Feature",
   "properties": {
    "kategorija": "izmitinasana",
    "nosaukums": "Jūrmalas Ķemeru pamatskola",
    "adrese": "Tukuma iela 10, Jūrmala",
    "pasvaldiba": "Jūrmala",
    "pasvaldiba_slug": "jurmala",
    "nr_plana": 7,
    "avots_teksts": "Avots: Jūrmalas CA plāns, lpp. 89",
    "plans_url": "https://dokumenti.jurmala.lv/docs/l22/x/L0004_pielikums.pdf",
    "plans_fails": "L0004_pielikums.md",
    "lpp": 89,
    "citats": "|7.|Jūrmalas<br>Ķemeru<br>pamatskola|Izglītības<br>iestāde|Tukuma iela 10,<br>Jūrmala|Sporta zāle,<br>mācību klases<br>–11 telpas|300|56.941075 / 23.490156|",
    "izdevejs": "Jūrmala (pašvaldība)",
    "geokodesana": "plan_coords",
    "adrese_vzd": "Tukuma iela 10, Jūrmala, LV-2012",
    "vzd_kods": "101742926",
    "plana_lat": 56.941075,
    "plana_lon": 23.490156,
    "koord_teksts": "56.941075 / 23.490156",
    "karodzini": [],
    "vietas": 300,
    "gultas": null,
    "edinasana": null,
    "izvilkuma_piezime": "Ēkas tips: Izglītības iestāde; telpu veids: Sporta zāle, mācību klases –11 telpas",
    "komentars": "Avots: Jūrmalas CA plāns, lpp. 89 · 300 vietas",
    "id": "jurmala-izm-7"
   },
   "geometry": {
    "type": "Point",
    "coordinates": [
     23.490156,
     56.941075
    ]
   }
  },
  {
   "type": "Feature",
   "properties": {
    "kategorija": "izmitinasana",
    "nosaukums": "Jūrmalas pirmsskolas izglītības iestāde ,,Podziņa\"",
    "adrese": "Lībiešu iela 21, Jūrmala",
    "pasvaldiba": "Jūrmala",
    "pasvaldiba_slug": "jurmala",
    "nr_plana": 8,
    "avots_teksts": "Avots: Jūrmalas CA plāns, lpp. 89",
    "plans_url": "https://dokumenti.jurmala.lv/docs/l22/x/L0004_pielikums.pdf",
    "plans_fails": "L0004_pielikums.md",
    "lpp": 89,
    "citats": "|8.|Jūrmalas<br>pirmsskolas<br>izglītības iestāde<br>,,Podziņa\"|PII iestāde|Lībiešu iela 21,<br>Jūrmala|Aktu zāle,<br>nodarbību<br>telpas|60|56.962140 / 23.605967|",
    "izdevejs": "Jūrmala (pašvaldība)",
    "geokodesana": "plan_coords",
    "adrese_vzd": "Lībiešu iela 21, Jūrmala, LV-2016",
    "vzd_kods": "102473637",
    "plana_lat": 56.96214,
    "plana_lon": 23.605967,
    "koord_teksts": "56.962140 / 23.605967",
    "karodzini": [],
    "vietas": 60,
    "gultas": null,
    "edinasana": null,
    "izvilkuma_piezime": "Ēkas tips: PII iestāde; telpu veids: Aktu zāle, nodarbību telpas",
    "komentars": "Avots: Jūrmalas CA plāns, lpp. 89 · 60 vietas",
    "id": "jurmala-izm-8"
   },
   "geometry": {
    "type": "Point",
    "coordinates": [
     23.605967,
     56.96214
    ]
   }
  },
  {
   "type": "Feature",
   "properties": {
    "kategorija": "izmitinasana",
    "nosaukums": "Jūrmalas Aspazijas pamatskola",
    "adrese": "Viestura iela 6, Jūrmala _(sākot ar 2023.gada_ _1.janvāri)_",
    "pasvaldiba": "Jūrmala",
    "pasvaldiba_slug": "jurmala",
    "nr_plana": 9,
    "avots_teksts": "Avots: Jūrmalas CA plāns, lpp. 89",
    "plans_url": "https://dokumenti.jurmala.lv/docs/l22/x/L0004_pielikums.pdf",
    "plans_fails": "L0004_pielikums.md",
    "lpp": 89,
    "citats": "|9.|Jūrmalas<br>Aspazijas<br>pamatskola|Izglītības<br>iestāde|Viestura iela 6,<br>Jūrmala<br>_(sākot ar 2023.gada_<br>_1.janvāri)_|Sporta zāle|50|56.972525 / 23.851274|",
    "izdevejs": "Jūrmala (pašvaldība)",
    "geokodesana": "plan_coords",
    "adrese_vzd": null,
    "vzd_kods": null,
    "plana_lat": 56.972525,
    "plana_lon": 23.851274,
    "koord_teksts": "56.972525 / 23.851274",
    "karodzini": [],
    "vietas": 50,
    "gultas": null,
    "edinasana": null,
    "izvilkuma_piezime": "Ēkas tips: Izglītības iestāde; telpu veids: Sporta zāle",
    "komentars": "Avots: Jūrmalas CA plāns, lpp. 89 · 50 vietas",
    "id": "jurmala-izm-9"
   },
   "geometry": {
    "type": "Point",
    "coordinates": [
     23.851274,
     56.972525
    ]
   }
  },
  {
   "type": "Feature",
   "properties": {
    "kategorija": "izmitinasana",
    "nosaukums": "Jūrmalas Mežmalas vidusskola",
    "adrese": "Rūpniecības iela 13, Jūrmala",
    "pasvaldiba": "Jūrmala",
    "pasvaldiba_slug": "jurmala",
    "nr_plana": 10,
    "avots_teksts": "Avots: Jūrmalas CA plāns, lpp. 89",
    "plans_url": "https://dokumenti.jurmala.lv/docs/l22/x/L0004_pielikums.pdf",
    "plans_fails": "L0004_pielikums.md",
    "lpp": 89,
    "citats": "|10.|Jūrmalas<br>Mežmalas<br>vidusskola|Izglītības<br>iestāde|Rūpniecības iela 13,<br>Jūrmala|Aktu zāle,<br>mācību klases|100|56.957578 / 23.622130|",
    "izdevejs": "Jūrmala (pašvaldība)",
    "geokodesana": "plan_coords",
    "adrese_vzd": "Rūpniecības iela 13, Jūrmala, LV-2016",
    "vzd_kods": "102482541",
    "plana_lat": 56.957578,
    "plana_lon": 23.62213,
    "koord_teksts": "56.957578 / 23.622130",
    "karodzini": [],
    "vietas": 100,
    "gultas": null,
    "edinasana": null,
    "izvilkuma_piezime": "Ēkas tips: Izglītības iestāde; telpu veids: Aktu zāle, mācību klases",
    "komentars": "Avots: Jūrmalas CA plāns, lpp. 89 · 100 vietas",
    "id": "jurmala-izm-10"
   },
   "geometry": {
    "type": "Point",
    "coordinates": [
     23.62213,
     56.957578
    ]
   }
  },
  {
   "type": "Feature",
   "properties": {
    "kategorija": "izmitinasana",
    "nosaukums": "Jūrmalas Slokas pamatskola",
    "adrese": "Skolas iela 3, Jūrmala",
    "pasvaldiba": "Jūrmala",
    "pasvaldiba_slug": "jurmala",
    "nr_plana": 11,
    "avots_teksts": "Avots: Jūrmalas CA plāns, lpp. 89",
    "plans_url": "https://dokumenti.jurmala.lv/docs/l22/x/L0004_pielikums.pdf",
    "plans_fails": "L0004_pielikums.md",
    "lpp": 89,
    "citats": "|11.|Jūrmalas Slokas<br>pamatskola|Izglītības<br>iestāde|Skolas iela 3,<br>Jūrmala|Sporta zāle,<br>aktu zāle,<br>mācību klases|50|56.948935 / 23.612445|",
    "izdevejs": "Jūrmala (pašvaldība)",
    "geokodesana": "plan_coords",
    "adrese_vzd": "Skolas iela 3, Jūrmala, LV-2011",
    "vzd_kods": "101738163",
    "plana_lat": 56.948935,
    "plana_lon": 23.612445,
    "koord_teksts": "56.948935 / 23.612445",
    "karodzini": [],
    "vietas": 50,
    "gultas": null,
    "edinasana": null,
    "izvilkuma_piezime": "Ēkas tips: Izglītības iestāde; telpu veids: Sporta zāle, aktu zāle, mācību klases",
    "komentars": "Avots: Jūrmalas CA plāns, lpp. 89 · 50 vietas",
    "id": "jurmala-izm-11"
   },
   "geometry": {
    "type": "Point",
    "coordinates": [
     23.612445,
     56.948935
    ]
   }
  },
  {
   "type": "Feature",
   "properties": {
    "kategorija": "izmitinasana",
    "nosaukums": "Jūrmalas pamatskola",
    "adrese": "Dzirnavu iela 50, Jūrmala",
    "pasvaldiba": "Jūrmala",
    "pasvaldiba_slug": "jurmala",
    "nr_plana": 12,
    "avots_teksts": "Avots: Jūrmalas CA plāns, lpp. 89",
    "plans_url": "https://dokumenti.jurmala.lv/docs/l22/x/L0004_pielikums.pdf",
    "plans_fails": "L0004_pielikums.md",
    "lpp": 89,
    "citats": "|12.|Jūrmalas<br>pamatskola|Izglītības<br>iestāde|Dzirnavu iela 50,<br>Jūrmala|Sporta zāle,<br>aktu zāle,<br>mācību klases|150|56.941887 / 23.619000|",
    "izdevejs": "Jūrmala (pašvaldība)",
    "geokodesana": "plan_coords",
    "adrese_vzd": "Dzirnavu iela 50, Jūrmala, LV-2011",
    "vzd_kods": "101713743",
    "plana_lat": 56.941887,
    "plana_lon": 23.619,
    "koord_teksts": "56.941887 / 23.619000",
    "karodzini": [],
    "vietas": 150,
    "gultas": null,
    "edinasana": null,
    "izvilkuma_piezime": "Ēkas tips: Izglītības iestāde; telpu veids: Sporta zāle, aktu zāle, mācību klases",
    "komentars": "Avots: Jūrmalas CA plāns, lpp. 89 · 150 vietas",
    "id": "jurmala-izm-12"
   },
   "geometry": {
    "type": "Point",
    "coordinates": [
     23.619,
     56.941887
    ]
   }
  },
  {
   "type": "Feature",
   "properties": {
    "kategorija": "izmitinasana",
    "nosaukums": "PI “Sociālo pakalpojumu centrs “Jaundubulti””",
    "adrese": "Strēlnieku prosp. 38, Jūrmala",
    "pasvaldiba": "Jūrmala",
    "pasvaldiba_slug": "jurmala",
    "nr_plana": 13,
    "avots_teksts": "Avots: Jūrmalas CA plāns, lpp. 89",
    "plans_url": "https://dokumenti.jurmala.lv/docs/l22/x/L0004_pielikums.pdf",
    "plans_fails": "L0004_pielikums.md",
    "lpp": 89,
    "citats": "|13.|PI “Sociālo<br>pakalpojumu<br>centrs<br>“Jaundubulti””|Sociālais<br>dienests|Strēlnieku prosp. 38,<br>Jūrmala|Dienas<br>stacionāra<br>telpas;<br>sociālās<br>aprūpes un<br>sociālās<br>rehabilitācijas<br>telpas, palātas|50|56.965353 / 23.758127|",
    "izdevejs": "Jūrmala (pašvaldība)",
    "geokodesana": "plan_coords",
    "adrese_vzd": "Strēlnieku prospekts 38, Jūrmala, LV-2015",
    "vzd_kods": "101740207",
    "plana_lat": 56.965353,
    "plana_lon": 23.758127,
    "koord_teksts": "56.965353 / 23.758127",
    "karodzini": [],
    "vietas": 50,
    "gultas": null,
    "edinasana": null,
    "izvilkuma_piezime": "Ēkas tips: Sociālais dienests; telpu veids: Dienas stacionāra telpas; sociālās aprūpes un sociālās rehabilitācijas telpas, palātas",
    "komentars": "Avots: Jūrmalas CA plāns, lpp. 89 · 50 vietas",
    "id": "jurmala-izm-13"
   },
   "geometry": {
    "type": "Point",
    "coordinates": [
     23.758127,
     56.965353
    ]
   }
  },
  {
   "type": "Feature",
   "properties": {
    "kategorija": "izmitinasana",
    "nosaukums": "Jūrmalas Vaivaru pamatskola",
    "adrese": "Skautu iela 2, Jūrmala(līdz 2026.gada 31.decembrim)",
    "pasvaldiba": "Jūrmala",
    "pasvaldiba_slug": "jurmala",
    "nr_plana": 14,
    "avots_teksts": "Avots: Jūrmalas CA plāns, lpp. 89",
    "plans_url": "https://dokumenti.jurmala.lv/docs/l22/x/L0004_pielikums.pdf",
    "plans_fails": "L0004_pielikums.md",
    "lpp": 89,
    "citats": "|14.|Jūrmalas<br>Vaivaru<br>pamatskola|Izglītības<br>iestāde|Skautu iela 2,<br>Jūrmala(līdz 2026.gada<br>31.decembrim)|Sporta zāle,<br>mācību klases|40|56.959944 / 23.665058|",
    "izdevejs": "Jūrmala (pašvaldība)",
    "geokodesana": "plan_coords",
    "adrese_vzd": null,
    "vzd_kods": null,
    "plana_lat": 56.959944,
    "plana_lon": 23.665058,
    "koord_teksts": "56.959944 / 23.665058",
    "karodzini": [],
    "vietas": 40,
    "gultas": null,
    "edinasana": null,
    "izvilkuma_piezime": "Ēkas tips: Izglītības iestāde; telpu veids: Sporta zāle, mācību klases",
    "komentars": "Avots: Jūrmalas CA plāns, lpp. 89 · 40 vietas",
    "id": "jurmala-izm-14"
   },
   "geometry": {
    "type": "Point",
    "coordinates": [
     23.665058,
     56.959944
    ]
   }
  },
  {
   "type": "Feature",
   "properties": {
    "kategorija": "izmitinasana",
    "nosaukums": "Jūrmalas PII ,,Taurenītis\"",
    "adrese": "Kļavu iela 29, Jūrmala",
    "pasvaldiba": "Jūrmala",
    "pasvaldiba_slug": "jurmala",
    "nr_plana": 15,
    "avots_teksts": "Avots: Jūrmalas CA plāns, lpp. 89",
    "plans_url": "https://dokumenti.jurmala.lv/docs/l22/x/L0004_pielikums.pdf",
    "plans_fails": "L0004_pielikums.md",
    "lpp": 89,
    "citats": "|15.|Jūrmalas PII<br>,,Taurenītis\"|PII iestāde|Kļavu iela 29,<br>Jūrmala|PII Telpas|100|56.965572 / 23.766897|",
    "izdevejs": "Jūrmala (pašvaldība)",
    "geokodesana": "plan_coords",
    "adrese_vzd": null,
    "vzd_kods": null,
    "plana_lat": 56.965572,
    "plana_lon": 23.766897,
    "koord_teksts": "56.965572 / 23.766897",
    "karodzini": [],
    "vietas": 100,
    "gultas": null,
    "edinasana": null,
    "izvilkuma_piezime": "Ēkas tips: PII iestāde; telpu veids: PII Telpas",
    "komentars": "Avots: Jūrmalas CA plāns, lpp. 89 · 100 vietas",
    "id": "jurmala-izm-15"
   },
   "geometry": {
    "type": "Point",
    "coordinates": [
     23.766897,
     56.965572
    ]
   }
  },
  {
   "type": "Feature",
   "properties": {
    "kategorija": "izmitinasana",
    "nosaukums": "Jūrmalas PII ,,Ābelīte\"",
    "adrese": "Plūdu iela 4a, Jūrmala",
    "pasvaldiba": "Jūrmala",
    "pasvaldiba_slug": "jurmala",
    "nr_plana": 16,
    "avots_teksts": "Avots: Jūrmalas CA plāns, lpp. 89",
    "plans_url": "https://dokumenti.jurmala.lv/docs/l22/x/L0004_pielikums.pdf",
    "plans_fails": "L0004_pielikums.md",
    "lpp": 89,
    "citats": "|16.|Jūrmalas PII<br>,,Ābelīte\"|Izglītības<br>iestāde|Plūdu iela 4a,<br>Jūrmala|PII Telpas|100|56.961957 / 23.814091|",
    "izdevejs": "Jūrmala (pašvaldība)",
    "geokodesana": "plan_coords",
    "adrese_vzd": "Plūdu iela 4A, Jūrmala, LV-2015",
    "vzd_kods": "101733195",
    "plana_lat": 56.961957,
    "plana_lon": 23.814091,
    "koord_teksts": "56.961957 / 23.814091",
    "karodzini": [],
    "vietas": 100,
    "gultas": null,
    "edinasana": null,
    "izvilkuma_piezime": "Ēkas tips: Izglītības iestāde; telpu veids: PII Telpas",
    "komentars": "Avots: Jūrmalas CA plāns, lpp. 89 · 100 vietas",
    "id": "jurmala-izm-16"
   },
   "geometry": {
    "type": "Point",
    "coordinates": [
     23.814091,
     56.961957
    ]
   }
  },
  {
   "type": "Feature",
   "properties": {
    "kategorija": "izmitinasana",
    "nosaukums": "Jūrmalas Bērnu un jauniešu interešu centrs",
    "adrese": "Zemgales iela 4, Jūrmala",
    "pasvaldiba": "Jūrmala",
    "pasvaldiba_slug": "jurmala",
    "nr_plana": 17,
    "avots_teksts": "Avots: Jūrmalas CA plāns, lpp. 89",
    "plans_url": "https://dokumenti.jurmala.lv/docs/l22/x/L0004_pielikums.pdf",
    "plans_fails": "L0004_pielikums.md",
    "lpp": 89,
    "citats": "|17.|Jūrmalas Bērnu<br>un jauniešu<br>interešu centrs|Interešu<br>centrs|Zemgales iela 4,<br>Jūrmala|Telpas|30|56.9567015 /23.692978|",
    "izdevejs": "Jūrmala (pašvaldība)",
    "geokodesana": "plan_coords",
    "adrese_vzd": "Zemgales iela 4, Jūrmala, LV-2008",
    "vzd_kods": "101750082",
    "plana_lat": 56.9567015,
    "plana_lon": 23.692978,
    "koord_teksts": "56.9567015 /23.692978",
    "karodzini": [],
    "vietas": 30,
    "gultas": null,
    "edinasana": null,
    "izvilkuma_piezime": "Ēkas tips: Interešu centrs; telpu veids: Telpas",
    "komentars": "Avots: Jūrmalas CA plāns, lpp. 89 · 30 vietas",
    "id": "jurmala-izm-17"
   },
   "geometry": {
    "type": "Point",
    "coordinates": [
     23.692978,
     56.956702
    ]
   }
  },
  {
   "type": "Feature",
   "properties": {
    "kategorija": "izmitinasana",
    "nosaukums": "Jūrmalas Mākslas skola",
    "adrese": "Strēlnieku prospekts 30, korpuss 2, Jūrmala",
    "pasvaldiba": "Jūrmala",
    "pasvaldiba_slug": "jurmala",
    "nr_plana": 18,
    "avots_teksts": "Avots: Jūrmalas CA plāns, lpp. 89",
    "plans_url": "https://dokumenti.jurmala.lv/docs/l22/x/L0004_pielikums.pdf",
    "plans_fails": "L0004_pielikums.md",
    "lpp": 89,
    "citats": "|18.|Jūrmalas<br>Mākslas skola|Izglītības<br>iestāde|Strēlnieku prospekts<br>30, korpuss 2, Jūrmala|Aktu zāle,<br>mācību klases|550|56.965710 / 23.762521|",
    "izdevejs": "Jūrmala (pašvaldība)",
    "geokodesana": "plan_coords",
    "adrese_vzd": "Strēlnieku prospekts 30, Jūrmala, LV-2015",
    "vzd_kods": "106173148",
    "plana_lat": 56.96571,
    "plana_lon": 23.762521,
    "koord_teksts": "56.965710 / 23.762521",
    "karodzini": [],
    "vietas": 550,
    "gultas": null,
    "edinasana": null,
    "izvilkuma_piezime": "Ēkas tips: Izglītības iestāde; telpu veids: Aktu zāle, mācību klases",
    "komentars": "Avots: Jūrmalas CA plāns, lpp. 89 · 550 vietas",
    "id": "jurmala-izm-18"
   },
   "geometry": {
    "type": "Point",
    "coordinates": [
     23.762521,
     56.96571
    ]
   }
  },
  {
   "type": "Feature",
   "properties": {
    "kategorija": "izmitinasana",
    "nosaukums": "Jūrmalas pirmsskolas izglītības iestāde ,,Austras koks\"",
    "adrese": "Tukuma iela 9, Jūrmala",
    "pasvaldiba": "Jūrmala",
    "pasvaldiba_slug": "jurmala",
    "nr_plana": 19,
    "avots_teksts": "Avots: Jūrmalas CA plāns, lpp. 89",
    "plans_url": "https://dokumenti.jurmala.lv/docs/l22/x/L0004_pielikums.pdf",
    "plans_fails": "L0004_pielikums.md",
    "lpp": 89,
    "citats": "|19.|Jūrmalas<br>pirmsskolas<br>izglītības iestāde<br>,,Austras koks\"|PII iestāde|Tukuma iela 9,<br>Jūrmala|Aktu zāle,<br>mācību klases|200|56.940518 / 23.491227|",
    "izdevejs": "Jūrmala (pašvaldība)",
    "geokodesana": "plan_coords",
    "adrese_vzd": "Tukuma iela 9, Jūrmala, LV-2012",
    "vzd_kods": "102487848",
    "plana_lat": 56.940518,
    "plana_lon": 23.491227,
    "koord_teksts": "56.940518 / 23.491227",
    "karodzini": [],
    "vietas": 200,
    "gultas": null,
    "edinasana": null,
    "izvilkuma_piezime": "Ēkas tips: PII iestāde; telpu veids: Aktu zāle, mācību klases",
    "komentars": "Avots: Jūrmalas CA plāns, lpp. 89 · 200 vietas",
    "id": "jurmala-izm-19"
   },
   "geometry": {
    "type": "Point",
    "coordinates": [
     23.491227,
     56.940518
    ]
   }
  },
  {
   "type": "Feature",
   "properties": {
    "kategorija": "izmitinasana",
    "nosaukums": "Jūrmalas pirmsskolas izglītības iestāde ,,Katrīna\"",
    "adrese": "Salaspils iela 4, Jūrmala",
    "pasvaldiba": "Jūrmala",
    "pasvaldiba_slug": "jurmala",
    "nr_plana": 20,
    "avots_teksts": "Avots: Jūrmalas CA plāns, lpp. 89",
    "plans_url": "https://dokumenti.jurmala.lv/docs/l22/x/L0004_pielikums.pdf",
    "plans_fails": "L0004_pielikums.md",
    "lpp": 89,
    "citats": "|20.|Jūrmalas<br>pirmsskolas|PII iestāde|Salaspils iela 4,<br>Jūrmala|Aktu zāle,|50|56.975019 / 23.893865|",
    "izdevejs": "Jūrmala (pašvaldība)",
    "geokodesana": "plan_coords",
    "adrese_vzd": "Salaspils iela 4, Jūrmala, LV-2010",
    "vzd_kods": "102482791",
    "plana_lat": 56.975019,
    "plana_lon": 23.893865,
    "koord_teksts": "56.975019 / 23.893865",
    "karodzini": [],
    "vietas": 50,
    "gultas": null,
    "edinasana": null,
    "izvilkuma_piezime": "row split across page break (lpp. 89/90); name completed from the continuation line '||izglītības iestāde<br>,,Katrīna\"|||nodarbību<br>telpas|||'; Ēkas tips: PII iestāde; telpu veids: Aktu zāle, nodarbību telpas",
    "komentars": "Avots: Jūrmalas CA plāns, lpp. 89 · 50 vietas",
    "id": "jurmala-izm-20"
   },
   "geometry": {
    "type": "Point",
    "coordinates": [
     23.893865,
     56.975019
    ]
   }
  },
  {
   "type": "Feature",
   "properties": {
    "kategorija": "izmitinasana",
    "nosaukums": "Jūrmalas pirmsskolas izglītības iestāde ,,Lācītis\"",
    "adrese": "Tērbatas iela 42, Jūrmala",
    "pasvaldiba": "Jūrmala",
    "pasvaldiba_slug": "jurmala",
    "nr_plana": 21,
    "avots_teksts": "Avots: Jūrmalas CA plāns, lpp. 90",
    "plans_url": "https://dokumenti.jurmala.lv/docs/l22/x/L0004_pielikums.pdf",
    "plans_fails": "L0004_pielikums.md",
    "lpp": 90,
    "citats": "|21.|Jūrmalas<br>pirmsskolas<br>izglītības iestāde<br>,,Lācītis\"|PII iestāde|Tērbatas iela 42,<br>Jūrmala|Aktu zāle,<br>nodarbību<br>telpas|100|56.958321 / 23.616890|",
    "izdevejs": "Jūrmala (pašvaldība)",
    "geokodesana": "plan_coords",
    "adrese_vzd": "Tērbatas iela 42, Jūrmala, LV-2016",
    "vzd_kods": "102486645",
    "plana_lat": 56.958321,
    "plana_lon": 23.61689,
    "koord_teksts": "56.958321 / 23.616890",
    "karodzini": [],
    "vietas": 100,
    "gultas": null,
    "edinasana": null,
    "izvilkuma_piezime": "Ēkas tips: PII iestāde; telpu veids: Aktu zāle, nodarbību telpas",
    "komentars": "Avots: Jūrmalas CA plāns, lpp. 90 · 100 vietas",
    "id": "jurmala-izm-21"
   },
   "geometry": {
    "type": "Point",
    "coordinates": [
     23.61689,
     56.958321
    ]
   }
  },
  {
   "type": "Feature",
   "properties": {
    "kategorija": "izmitinasana",
    "nosaukums": "Jūrmalas pirmsskolas izglītības iestāde ,,Madara\"",
    "adrese": "Tērbatas iela 1, Jūrmala",
    "pasvaldiba": "Jūrmala",
    "pasvaldiba_slug": "jurmala",
    "nr_plana": 22,
    "avots_teksts": "Avots: Jūrmalas CA plāns, lpp. 90",
    "plans_url": "https://dokumenti.jurmala.lv/docs/l22/x/L0004_pielikums.pdf",
    "plans_fails": "L0004_pielikums.md",
    "lpp": 90,
    "citats": "|22.|Jūrmalas<br>pirmsskolas<br>izglītības iestāde<br>,,Madara\"|PII iestāde|Tērbatas iela 1,<br>Jūrmala|Aktu zāle,<br>nodarbību<br>telpas|100|56.949741 / 23.618515|",
    "izdevejs": "Jūrmala (pašvaldība)",
    "geokodesana": "plan_coords",
    "adrese_vzd": "Tērbatas iela 1, Jūrmala, LV-2011",
    "vzd_kods": "102486532",
    "plana_lat": 56.949741,
    "plana_lon": 23.618515,
    "koord_teksts": "56.949741 / 23.618515",
    "karodzini": [],
    "vietas": 100,
    "gultas": null,
    "edinasana": null,
    "izvilkuma_piezime": "Ēkas tips: PII iestāde; telpu veids: Aktu zāle, nodarbību telpas",
    "komentars": "Avots: Jūrmalas CA plāns, lpp. 90 · 100 vietas",
    "id": "jurmala-izm-22"
   },
   "geometry": {
    "type": "Point",
    "coordinates": [
     23.618515,
     56.949741
    ]
   }
  },
  {
   "type": "Feature",
   "properties": {
    "kategorija": "izmitinasana",
    "nosaukums": "Jūrmalas pirmsskolas izglītības iestāde ,,Mārīte\"",
    "adrese": "Engures iela 4, Jūrmala",
    "pasvaldiba": "Jūrmala",
    "pasvaldiba_slug": "jurmala",
    "nr_plana": 23,
    "avots_teksts": "Avots: Jūrmalas CA plāns, lpp. 90",
    "plans_url": "https://dokumenti.jurmala.lv/docs/l22/x/L0004_pielikums.pdf",
    "plans_fails": "L0004_pielikums.md",
    "lpp": 90,
    "citats": "|23.|Jūrmalas<br>pirmsskolas<br>izglītības iestāde<br>,,Mārīte\"|PII iestāde|Engures iela 4,<br>Jūrmala|Aktu zāle,<br>nodarbību<br>telpas|170|56.959907 / 23.598409|",
    "izdevejs": "Jūrmala (pašvaldība)",
    "geokodesana": "plan_coords",
    "adrese_vzd": "Engures iela 4, Jūrmala, LV-2016",
    "vzd_kods": "101715031",
    "plana_lat": 56.959907,
    "plana_lon": 23.598409,
    "koord_teksts": "56.959907 / 23.598409",
    "karodzini": [],
    "vietas": 170,
    "gultas": null,
    "edinasana": null,
    "izvilkuma_piezime": "Ēkas tips: PII iestāde; telpu veids: Aktu zāle, nodarbību telpas",
    "komentars": "Avots: Jūrmalas CA plāns, lpp. 90 · 170 vietas",
    "id": "jurmala-izm-23"
   },
   "geometry": {
    "type": "Point",
    "coordinates": [
     23.598409,
     56.959907
    ]
   }
  },
  {
   "type": "Feature",
   "properties": {
    "kategorija": "izmitinasana",
    "nosaukums": "Jūrmalas pirmsskolas izglītības iestāde ,,Namiņš\"",
    "adrese": "Poruka prospekts 14, Jūrmala",
    "pasvaldiba": "Jūrmala",
    "pasvaldiba_slug": "jurmala",
    "nr_plana": 24,
    "avots_teksts": "Avots: Jūrmalas CA plāns, lpp. 90",
    "plans_url": "https://dokumenti.jurmala.lv/docs/l22/x/L0004_pielikums.pdf",
    "plans_fails": "L0004_pielikums.md",
    "lpp": 90,
    "citats": "|24.|Jūrmalas<br>pirmsskolas<br>izglītības iestāde<br>,,Namiņš\"|PII iestāde|Poruka prospekts 14,<br>Jūrmala|Aktu zāle,<br>nodarbību<br>telpas|130|56.961382 / 23.733307|",
    "izdevejs": "Jūrmala (pašvaldība)",
    "geokodesana": "plan_coords",
    "adrese_vzd": "Poruka prospekts 14, Jūrmala, LV-2008",
    "vzd_kods": "105896784",
    "plana_lat": 56.961382,
    "plana_lon": 23.733307,
    "koord_teksts": "56.961382 / 23.733307",
    "karodzini": [],
    "vietas": 130,
    "gultas": null,
    "edinasana": null,
    "izvilkuma_piezime": "Ēkas tips: PII iestāde; telpu veids: Aktu zāle, nodarbību telpas",
    "komentars": "Avots: Jūrmalas CA plāns, lpp. 90 · 130 vietas",
    "id": "jurmala-izm-24"
   },
   "geometry": {
    "type": "Point",
    "coordinates": [
     23.733307,
     56.961382
    ]
   }
  },
  {
   "type": "Feature",
   "properties": {
    "kategorija": "izmitinasana",
    "nosaukums": "Ķekavas vidusskola",
    "adrese": "Nākotnes iela 1A, Ķekava, Ķekavas novads.",
    "pasvaldiba": "Ķekavas novads",
    "pasvaldiba_slug": "kekavas-novads",
    "nr_plana": 1,
    "avots_teksts": "Avots: Ķekavas novada CA plāns, lpp. 112",
    "plans_url": "https://kekava.lv/wp-content/uploads/2024/01/CA-plans-48.pdf",
    "plans_fails": "Kekavas-novada-sadarbibas-teritorijas-CA-plans.md",
    "lpp": 112,
    "citats": "|1.|Ķekavas<br>vidusskola|Izglītības<br>iestāde|Nākotnes iela 1A,<br>Ķekava, Ķekavas<br>novads.|56.8262<br>05|24.2382<br>93|Sporta zāle; aktu<br>zāle;<br>mācību klases;<br>u.c. telpas|1000|ir|nav|",
    "izdevejs": "Ķekavas novads (pašvaldība)",
    "geokodesana": "plan_coords",
    "adrese_vzd": "Nākotnes iela 1A, Ķekava, Ķekavas nov., LV-2123",
    "vzd_kods": "106422017",
    "plana_lat": 56.826205,
    "plana_lon": 24.238293,
    "koord_teksts": "56.8262<br>05 24.2382<br>93",
    "karodzini": [],
    "vietas": 1000,
    "gultas": 0,
    "edinasana": "Virtuve ar ēdnīcu: ir",
    "izvilkuma_piezime": "Coordinate digits split by <br> in the conversion; joined.",
    "komentars": "Avots: Ķekavas novada CA plāns, lpp. 112 · 1000 vietas",
    "id": "kekavas-novads-izm-1"
   },
   "geometry": {
    "type": "Point",
    "coordinates": [
     24.238293,
     56.826205
    ]
   }
  },
  {
   "type": "Feature",
   "properties": {
    "kategorija": "izmitinasana",
    "nosaukums": "Baložu vidusskola",
    "adrese": "Skolas iela 6, Baloži, Ķekavas novads.",
    "pasvaldiba": "Ķekavas novads",
    "pasvaldiba_slug": "kekavas-novads",
    "nr_plana": 2,
    "avots_teksts": "Avots: Ķekavas novada CA plāns, lpp. 112",
    "plans_url": "https://kekava.lv/wp-content/uploads/2024/01/CA-plans-48.pdf",
    "plans_fails": "Kekavas-novada-sadarbibas-teritorijas-CA-plans.md",
    "lpp": 112,
    "citats": "|2.|Baložu<br>vidusskola|Izglītības<br>iestāde|Skolas iela 6,<br>Baloži, Ķekavas<br>novads.|56.8771<br>40|24.1168<br>24|Sporta zāle; aktu<br>zāle;<br>mācību klases;<br>u.c. telpas|600|ir|48 bērnu<br>gultas<br>paredzētas<br>pirmskolas<br>vecuma<br>bērniem.|",
    "izdevejs": "Ķekavas novads (pašvaldība)",
    "geokodesana": "plan_coords",
    "adrese_vzd": "Skolas iela 6, Baloži, Ķekavas nov., LV-2112",
    "vzd_kods": "101272553",
    "plana_lat": 56.87714,
    "plana_lon": 24.116824,
    "koord_teksts": "56.8771<br>40 24.1168<br>24",
    "karodzini": [],
    "vietas": 600,
    "gultas": 48,
    "edinasana": "Virtuve ar ēdnīcu: ir",
    "izvilkuma_piezime": "Coordinate digits split by <br> in the conversion; joined. Guļamvietas as written: '48 bērnu gultas paredzētas pirmskolas vecuma bērniem.'",
    "komentars": "Avots: Ķekavas novada CA plāns, lpp. 112 · 600 vietas",
    "id": "kekavas-novads-izm-2"
   },
   "geometry": {
    "type": "Point",
    "coordinates": [
     24.116824,
     56.87714
    ]
   }
  },
  {
   "type": "Feature",
   "properties": {
    "kategorija": "izmitinasana",
    "nosaukums": "Daugmales sākumskola",
    "adrese": "“Skola” Daugmale, Daugmales pagasts, Ķekavas novads",
    "pasvaldiba": "Ķekavas novads",
    "pasvaldiba_slug": "kekavas-novads",
    "nr_plana": 3,
    "avots_teksts": "Avots: Ķekavas novada CA plāns, lpp. 112",
    "plans_url": "https://kekava.lv/wp-content/uploads/2024/01/CA-plans-48.pdf",
    "plans_fails": "Kekavas-novada-sadarbibas-teritorijas-CA-plans.md",
    "lpp": 112,
    "citats": "|3.|Daugmales<br>sākumskola|Izglītības<br>iestāde|“Skola”<br>Daugmale,<br>Daugmales<br>pagasts, Ķekavas<br>novads|56.8173<br>74|24.4275<br>12|Sporta zāle; aktu<br>zāle;<br>mācību klases;<br>u.c. telpas|350|ir|nav|",
    "izdevejs": "Ķekavas novads (pašvaldība)",
    "geokodesana": "plan_coords",
    "adrese_vzd": null,
    "vzd_kods": null,
    "plana_lat": 56.817374,
    "plana_lon": 24.427512,
    "koord_teksts": "56.8173<br>74 24.4275<br>12",
    "karodzini": [],
    "vietas": 350,
    "gultas": 0,
    "edinasana": "Virtuve ar ēdnīcu: ir",
    "izvilkuma_piezime": "Coordinate digits split by <br> in the conversion; joined.",
    "komentars": "Avots: Ķekavas novada CA plāns, lpp. 112 · 350 vietas",
    "id": "kekavas-novads-izm-3"
   },
   "geometry": {
    "type": "Point",
    "coordinates": [
     24.427512,
     56.817374
    ]
   }
  },
  {
   "type": "Feature",
   "properties": {
    "kategorija": "izmitinasana",
    "nosaukums": "Baldones vidusskola",
    "adrese": "Iecavas iela 2, Baldone, Ķekavas novads.",
    "pasvaldiba": "Ķekavas novads",
    "pasvaldiba_slug": "kekavas-novads",
    "nr_plana": 4,
    "avots_teksts": "Avots: Ķekavas novada CA plāns, lpp. 112",
    "plans_url": "https://kekava.lv/wp-content/uploads/2024/01/CA-plans-48.pdf",
    "plans_fails": "Kekavas-novada-sadarbibas-teritorijas-CA-plans.md",
    "lpp": 112,
    "citats": "|4.|Baldones<br>vidusskola|Izglītības<br>iestāde|Iecavas iela 2,<br>Baldone, Ķekavas<br>novads.|56.7425<br>97|24.3883<br>94|Sporta zāle; aktu<br>zāle;<br>mācību klases;<br>u.c. telpas|600|ir|nav|",
    "izdevejs": "Ķekavas novads (pašvaldība)",
    "geokodesana": "plan_coords",
    "adrese_vzd": "Iecavas iela 2, Baldone, Ķekavas nov., LV-2125",
    "vzd_kods": "101269098",
    "plana_lat": 56.742597,
    "plana_lon": 24.388394,
    "koord_teksts": "56.7425<br>97 24.3883<br>94",
    "karodzini": [],
    "vietas": 600,
    "gultas": 0,
    "edinasana": "Virtuve ar ēdnīcu: ir",
    "izvilkuma_piezime": "Coordinate digits split by <br> in the conversion; joined.",
    "komentars": "Avots: Ķekavas novada CA plāns, lpp. 112 · 600 vietas",
    "id": "kekavas-novads-izm-4"
   },
   "geometry": {
    "type": "Point",
    "coordinates": [
     24.388394,
     56.742597
    ]
   }
  },
  {
   "type": "Feature",
   "properties": {
    "kategorija": "izmitinasana",
    "nosaukums": "Daugmales multifunkcio nā- lais centrs",
    "adrese": "“Skolas nami” Daugmale, Daugmales pagasts, Ķekavas novads.",
    "pasvaldiba": "Ķekavas novads",
    "pasvaldiba_slug": "kekavas-novads",
    "nr_plana": 5,
    "avots_teksts": "Avots: Ķekavas novada CA plāns, lpp. 113",
    "plans_url": "https://kekava.lv/wp-content/uploads/2024/01/CA-plans-48.pdf",
    "plans_fails": "Kekavas-novada-sadarbibas-teritorijas-CA-plans.md",
    "lpp": 113,
    "citats": "|5.|Daugmales<br>multifunkcio<br>nā-<br>lais centrs|Izglītības<br>iestāde,|“Skolas nami”<br>Daugmale,<br>Daugmales<br>pagasts, Ķekavas<br>novads.|56.8188<br>13<br>24.4273<br>90|Sporta zāle; aktu<br>zāle;<br>mācību klases;<br>u.c. telpas<br>300|ir<br>110 bērnu<br>gultas<br>paredzētas<br>pirmskolas<br>vecuma<br>bērniem.|",
    "izdevejs": "Ķekavas novads (pašvaldība)",
    "geokodesana": "plan_coords",
    "adrese_vzd": null,
    "vzd_kods": null,
    "plana_lat": 56.818813,
    "plana_lon": 24.42739,
    "koord_teksts": "56.8188<br>13 24.4273<br>90",
    "karodzini": [],
    "vietas": 300,
    "gultas": 110,
    "edinasana": "Virtuve ar ēdnīcu: ir",
    "izvilkuma_piezime": "Row 5 is on the next page; conversion merged columns (coords, capacity and beds pushed into neighbouring cells); values read from the merged cells. Guļamvietas as written: '110 bērnu gultas paredzētas pirmskolas vecuma bērniem.'",
    "komentars": "Avots: Ķekavas novada CA plāns, lpp. 113 · 300 vietas",
    "id": "kekavas-novads-izm-5"
   },
   "geometry": {
    "type": "Point",
    "coordinates": [
     24.42739,
     56.818813
    ]
   }
  },
  {
   "type": "Feature",
   "properties": {
    "kategorija": "izmitinasana",
    "nosaukums": "Lidoņu māja",
    "adrese": "Ķepovas pag.",
    "pasvaldiba": "Krāslavas novads",
    "pasvaldiba_slug": "kraslavas-novads",
    "nr_plana": null,
    "avots_teksts": "Avots: Krāslavas novada CA plāns, lpp. 125",
    "plans_url": "https://www.kraslava.lv/lv/media/3822/download?attachment",
    "plans_fails": "kraslavas_novada_sadarbibas_teritorijas_civilas_aizsardzibas_plans.md",
    "lpp": 125,
    "citats": "|Ķepovas<br>25634589|Lidoņu māja|māja|8|-|-|56.033089<br>27.751142|",
    "izdevejs": "Krāslavas novads (pašvaldība)",
    "geokodesana": "plan_coords",
    "adrese_vzd": null,
    "vzd_kods": null,
    "plana_lat": 56.033089,
    "plana_lon": 27.751142,
    "koord_teksts": "56.033089<br>27.751142",
    "karodzini": [],
    "vietas": 8,
    "gultas": null,
    "edinasana": "-",
    "izvilkuma_piezime": "Parish name from the first column appended to the address.",
    "komentars": "Avots: Krāslavas novada CA plāns, lpp. 125 · 8 vietas",
    "id": "kraslavas-novads-izm-1"
   },
   "geometry": {
    "type": "Point",
    "coordinates": [
     27.751142,
     56.033089
    ]
   }
  },
  {
   "type": "Feature",
   "properties": {
    "kategorija": "izmitinasana",
    "nosaukums": "Tautas nams",
    "adrese": "Andrupenes pag.",
    "pasvaldiba": "Krāslavas novads",
    "pasvaldiba_slug": "kraslavas-novads",
    "nr_plana": null,
    "avots_teksts": "Avots: Krāslavas novada CA plāns, lpp. 125",
    "plans_url": "https://www.kraslava.lv/lv/media/3822/download?attachment",
    "plans_fails": "kraslavas_novada_sadarbibas_teritorijas_civilas_aizsardzibas_plans.md",
    "lpp": 125,
    "citats": "|Andrupenes<br>26408054|Tautas nams|zāle|45|-|-|56.186098<br>27.397258|",
    "izdevejs": "Krāslavas novads (pašvaldība)",
    "geokodesana": "plan_coords",
    "adrese_vzd": null,
    "vzd_kods": null,
    "plana_lat": 56.186098,
    "plana_lon": 27.397258,
    "koord_teksts": "56.186098<br>27.397258",
    "karodzini": [],
    "vietas": 45,
    "gultas": null,
    "edinasana": "-",
    "izvilkuma_piezime": "Parish name from the first column appended to the address.",
    "komentars": "Avots: Krāslavas novada CA plāns, lpp. 125 · 45 vietas",
    "id": "kraslavas-novads-izm-2"
   },
   "geometry": {
    "type": "Point",
    "coordinates": [
     27.397258,
     56.186098
    ]
   }
  },
  {
   "type": "Feature",
   "properties": {
    "kategorija": "izmitinasana",
    "nosaukums": "Pamatskola",
    "adrese": "Andzeļu pag.",
    "pasvaldiba": "Krāslavas novads",
    "pasvaldiba_slug": "kraslavas-novads",
    "nr_plana": null,
    "avots_teksts": "Avots: Krāslavas novada CA plāns, lpp. 125",
    "plans_url": "https://www.kraslava.lv/lv/media/3822/download?attachment",
    "plans_fails": "kraslavas_novada_sadarbibas_teritorijas_civilas_aizsardzibas_plans.md",
    "lpp": 125,
    "citats": "|Andzeļu<br>26408054|Pamatskola|zāle,<br>klases|150|-|-|56.166783<br>27.552657|",
    "izdevejs": "Krāslavas novads (pašvaldība)",
    "geokodesana": "plan_coords",
    "adrese_vzd": null,
    "vzd_kods": null,
    "plana_lat": 56.166783,
    "plana_lon": 27.552657,
    "koord_teksts": "56.166783<br>27.552657",
    "karodzini": [],
    "vietas": 150,
    "gultas": null,
    "edinasana": "-",
    "izvilkuma_piezime": "Parish name from the first column appended to the address.",
    "komentars": "Avots: Krāslavas novada CA plāns, lpp. 125 · 150 vietas",
    "dublikati": [
     "Tautas nams (nr. None, lpp. 125)"
    ],
    "id": "kraslavas-novads-izm-3"
   },
   "geometry": {
    "type": "Point",
    "coordinates": [
     27.552657,
     56.166783
    ]
   }
  },
  {
   "type": "Feature",
   "properties": {
    "kategorija": "izmitinasana",
    "nosaukums": "Tautas nams",
    "adrese": "Asūnes pag.",
    "pasvaldiba": "Krāslavas novads",
    "pasvaldiba_slug": "kraslavas-novads",
    "nr_plana": null,
    "avots_teksts": "Avots: Krāslavas novada CA plāns, lpp. 125",
    "plans_url": "https://www.kraslava.lv/lv/media/3822/download?attachment",
    "plans_fails": "kraslavas_novada_sadarbibas_teritorijas_civilas_aizsardzibas_plans.md",
    "lpp": 125,
    "citats": "|Asūnes<br>25634589|Tautas nams|zāle|16|-|-|56.023910<br>27.623963|",
    "izdevejs": "Krāslavas novads (pašvaldība)",
    "geokodesana": "plan_coords",
    "adrese_vzd": null,
    "vzd_kods": null,
    "plana_lat": 56.02391,
    "plana_lon": 27.623963,
    "koord_teksts": "56.023910<br>27.623963",
    "karodzini": [],
    "vietas": 16,
    "gultas": null,
    "edinasana": "-",
    "izvilkuma_piezime": "Same longitude as the Kalna 1 apartments. Parish name from the first column appended to the address.",
    "komentars": "Avots: Krāslavas novada CA plāns, lpp. 125 · 16 vietas",
    "id": "kraslavas-novads-izm-4"
   },
   "geometry": {
    "type": "Point",
    "coordinates": [
     27.623963,
     56.02391
    ]
   }
  },
  {
   "type": "Feature",
   "properties": {
    "kategorija": "izmitinasana",
    "nosaukums": "1 ist. dzīvoklis",
    "adrese": "Kalna 1-14, Asūnes pag.",
    "pasvaldiba": "Krāslavas novads",
    "pasvaldiba_slug": "kraslavas-novads",
    "nr_plana": null,
    "avots_teksts": "Avots: Krāslavas novada CA plāns, lpp. 125",
    "plans_url": "https://www.kraslava.lv/lv/media/3822/download?attachment",
    "plans_fails": "kraslavas_novada_sadarbibas_teritorijas_civilas_aizsardzibas_plans.md",
    "lpp": 125,
    "citats": "|Asūnes<br>25634589|Kalna 1-14|1 ist.<br>dzīvoklis|2|-|-|56.026339<br>27.623963|",
    "izdevejs": "Krāslavas novads (pašvaldība)",
    "geokodesana": "plan_coords",
    "adrese_vzd": null,
    "vzd_kods": null,
    "plana_lat": 56.026339,
    "plana_lon": 27.623963,
    "koord_teksts": "56.026339<br>27.623963",
    "karodzini": [],
    "vietas": 2,
    "gultas": null,
    "edinasana": "-",
    "izvilkuma_piezime": "Parish name from the first column appended to the address.",
    "komentars": "Avots: Krāslavas novada CA plāns, lpp. 125 · 2 vietas",
    "dublikati": [
     "2 ist. dzīvoklis (nr. None, lpp. 125)",
     "2 ist. dzīvoklis (nr. None, lpp. 125)",
     "3 ist. dzīvoklis (nr. None, lpp. 125)",
     "3 ist. dzīvoklis (nr. None, lpp. 125)"
    ],
    "id": "kraslavas-novads-izm-5"
   },
   "geometry": {
    "type": "Point",
    "coordinates": [
     27.623963,
     56.026339
    ]
   }
  },
  {
   "type": "Feature",
   "properties": {
    "kategorija": "izmitinasana",
    "nosaukums": "1 ist. dzīvoklis",
    "adrese": "Kalna 3-14, Asūnes pag.",
    "pasvaldiba": "Krāslavas novads",
    "pasvaldiba_slug": "kraslavas-novads",
    "nr_plana": null,
    "avots_teksts": "Avots: Krāslavas novada CA plāns, lpp. 125",
    "plans_url": "https://www.kraslava.lv/lv/media/3822/download?attachment",
    "plans_fails": "kraslavas_novada_sadarbibas_teritorijas_civilas_aizsardzibas_plans.md",
    "lpp": 125,
    "citats": "|Asūnes<br>25634589|Kalna 3-14|1 ist.<br>dzīvoklis|2|-|-|56.026357<br>27.624918|",
    "izdevejs": "Krāslavas novads (pašvaldība)",
    "geokodesana": "plan_coords",
    "adrese_vzd": null,
    "vzd_kods": null,
    "plana_lat": 56.026357,
    "plana_lon": 27.624918,
    "koord_teksts": "56.026357<br>27.624918",
    "karodzini": [],
    "vietas": 2,
    "gultas": null,
    "edinasana": "-",
    "izvilkuma_piezime": "Parish name from the first column appended to the address.",
    "komentars": "Avots: Krāslavas novada CA plāns, lpp. 125 · 2 vietas",
    "dublikati": [
     "3 ist. dzīvoklis (nr. None, lpp. 126)"
    ],
    "id": "kraslavas-novads-izm-6"
   },
   "geometry": {
    "type": "Point",
    "coordinates": [
     27.624918,
     56.026357
    ]
   }
  },
  {
   "type": "Feature",
   "properties": {
    "kategorija": "izmitinasana",
    "nosaukums": "soc.atb.centrs",
    "adrese": "Skolas 4, Bērziņu pag.",
    "pasvaldiba": "Krāslavas novads",
    "pasvaldiba_slug": "kraslavas-novads",
    "nr_plana": null,
    "avots_teksts": "Avots: Krāslavas novada CA plāns, lpp. 126",
    "plans_url": "https://www.kraslava.lv/lv/media/3822/download?attachment",
    "plans_fails": "kraslavas_novada_sadarbibas_teritorijas_civilas_aizsardzibas_plans.md",
    "lpp": 126,
    "citats": "|Bērziņu<br>29414380|Skolas 4<br>soc.atb.centrs|klases|20|-|-|56.087798<br>27,876338|",
    "izdevejs": "Krāslavas novads (pašvaldība)",
    "geokodesana": "plan_coords",
    "adrese_vzd": "Skolas iela 4, Porečje, Bērziņu pag., Krāslavas nov., LV-5697",
    "vzd_kods": "102749700",
    "plana_lat": 56.087798,
    "plana_lon": 27.876338,
    "koord_teksts": "56.087798<br>27,876338",
    "karodzini": [],
    "vietas": 20,
    "gultas": null,
    "edinasana": "-",
    "izvilkuma_piezime": "Longitude written with a comma decimal. Parish name from the first column appended to the address.",
    "komentars": "Avots: Krāslavas novada CA plāns, lpp. 126 · 20 vietas",
    "id": "kraslavas-novads-izm-7"
   },
   "geometry": {
    "type": "Point",
    "coordinates": [
     27.876338,
     56.087798
    ]
   }
  },
  {
   "type": "Feature",
   "properties": {
    "kategorija": "izmitinasana",
    "nosaukums": "Tautas nams",
    "adrese": "Skolas 13, Svariņu pag.",
    "pasvaldiba": "Krāslavas novads",
    "pasvaldiba_slug": "kraslavas-novads",
    "nr_plana": null,
    "avots_teksts": "Avots: Krāslavas novada CA plāns, lpp. 126",
    "plans_url": "https://www.kraslava.lv/lv/media/3822/download?attachment",
    "plans_fails": "kraslavas_novada_sadarbibas_teritorijas_civilas_aizsardzibas_plans.md",
    "lpp": 126,
    "citats": "|Svariņu<br>26565249|Skolas 13<br>Tautas nams|zāle|100|-|-|56.127380<br>27.750832|",
    "izdevejs": "Krāslavas novads (pašvaldība)",
    "geokodesana": "plan_coords",
    "adrese_vzd": "Skolas iela 13, Svarinci, Svariņu pag., Krāslavas nov., LV-5698",
    "vzd_kods": "101153181",
    "plana_lat": 56.12738,
    "plana_lon": 27.750832,
    "koord_teksts": "56.127380<br>27.750832",
    "karodzini": [],
    "vietas": 100,
    "gultas": null,
    "edinasana": "-",
    "izvilkuma_piezime": "Parish name from the first column appended to the address.",
    "komentars": "Avots: Krāslavas novada CA plāns, lpp. 126 · 100 vietas",
    "id": "kraslavas-novads-izm-8"
   },
   "geometry": {
    "type": "Point",
    "coordinates": [
     27.750832,
     56.12738
    ]
   }
  },
  {
   "type": "Feature",
   "properties": {
    "kategorija": "izmitinasana",
    "nosaukums": "Pamatskola",
    "adrese": "Ezernieku pag.",
    "pasvaldiba": "Krāslavas novads",
    "pasvaldiba_slug": "kraslavas-novads",
    "nr_plana": null,
    "avots_teksts": "Avots: Krāslavas novada CA plāns, lpp. 126",
    "plans_url": "https://www.kraslava.lv/lv/media/3822/download?attachment",
    "plans_fails": "kraslavas_novada_sadarbibas_teritorijas_civilas_aizsardzibas_plans.md",
    "lpp": 126,
    "citats": "|Ezernieku<br>26565249|Pamatskola|aktu zāle|50|+|-|56.183874<br>27.644069|",
    "izdevejs": "Krāslavas novads (pašvaldība)",
    "geokodesana": "plan_coords",
    "adrese_vzd": null,
    "vzd_kods": null,
    "plana_lat": 56.183874,
    "plana_lon": 27.644069,
    "koord_teksts": "56.183874<br>27.644069",
    "karodzini": [],
    "vietas": 50,
    "gultas": null,
    "edinasana": "+",
    "izvilkuma_piezime": "Parish name from the first column appended to the address.",
    "komentars": "Avots: Krāslavas novada CA plāns, lpp. 126 · 50 vietas",
    "id": "kraslavas-novads-izm-9"
   },
   "geometry": {
    "type": "Point",
    "coordinates": [
     27.644069,
     56.183874
    ]
   }
  },
  {
   "type": "Feature",
   "properties": {
    "kategorija": "izmitinasana",
    "nosaukums": "Internāts",
    "adrese": "Narūtas 3A, Dagda",
    "pasvaldiba": "Krāslavas novads",
    "pasvaldiba_slug": "kraslavas-novads",
    "nr_plana": null,
    "avots_teksts": "Avots: Krāslavas novada CA plāns, lpp. 126",
    "plans_url": "https://www.kraslava.lv/lv/media/3822/download?attachment",
    "plans_fails": "kraslavas_novada_sadarbibas_teritorijas_civilas_aizsardzibas_plans.md",
    "lpp": 126,
    "citats": "|Dagda<br>26320453|Narūtas 3A|Internāts|40|+|40|56.097785<br>27.533192|",
    "izdevejs": "Krāslavas novads (pašvaldība)",
    "geokodesana": "plan_coords",
    "adrese_vzd": "Narūtas iela 3A, Dagda, Krāslavas nov., LV-5674",
    "vzd_kods": "101500464",
    "plana_lat": 56.097785,
    "plana_lon": 27.533192,
    "koord_teksts": "56.097785<br>27.533192",
    "karodzini": [],
    "vietas": 40,
    "gultas": 40,
    "edinasana": "+",
    "komentars": "Avots: Krāslavas novada CA plāns, lpp. 126 · 40 vietas",
    "id": "kraslavas-novads-izm-10"
   },
   "geometry": {
    "type": "Point",
    "coordinates": [
     27.533192,
     56.097785
    ]
   }
  },
  {
   "type": "Feature",
   "properties": {
    "kategorija": "izmitinasana",
    "nosaukums": "Tautas nams",
    "adrese": "Skaistas pag.",
    "pasvaldiba": "Krāslavas novads",
    "pasvaldiba_slug": "kraslavas-novads",
    "nr_plana": null,
    "avots_teksts": "Avots: Krāslavas novada CA plāns, lpp. 126",
    "plans_url": "https://www.kraslava.lv/lv/media/3822/download?attachment",
    "plans_fails": "kraslavas_novada_sadarbibas_teritorijas_civilas_aizsardzibas_plans.md",
    "lpp": 126,
    "citats": "|Skaistas<br>29461786|Tautas nams|zāle|16|+|-|55.963881<br>27.367804|",
    "izdevejs": "Krāslavas novads (pašvaldība)",
    "geokodesana": "plan_coords",
    "adrese_vzd": null,
    "vzd_kods": null,
    "plana_lat": 55.963881,
    "plana_lon": 27.367804,
    "koord_teksts": "55.963881<br>27.367804",
    "karodzini": [],
    "vietas": 16,
    "gultas": null,
    "edinasana": "+",
    "izvilkuma_piezime": "Parish name from the first column appended to the address.",
    "komentars": "Avots: Krāslavas novada CA plāns, lpp. 126 · 16 vietas",
    "id": "kraslavas-novads-izm-11"
   },
   "geometry": {
    "type": "Point",
    "coordinates": [
     27.367804,
     55.963881
    ]
   }
  },
  {
   "type": "Feature",
   "properties": {
    "kategorija": "izmitinasana",
    "nosaukums": "Tautas nams",
    "adrese": "Kombuļu pag.",
    "pasvaldiba": "Krāslavas novads",
    "pasvaldiba_slug": "kraslavas-novads",
    "nr_plana": null,
    "avots_teksts": "Avots: Krāslavas novada CA plāns, lpp. 126",
    "plans_url": "https://www.kraslava.lv/lv/media/3822/download?attachment",
    "plans_fails": "kraslavas_novada_sadarbibas_teritorijas_civilas_aizsardzibas_plans.md",
    "lpp": 126,
    "citats": "|Kombuļu<br>29435179|Tautas nams|zāle|16|-|-|55.976254<br>27.176785|",
    "izdevejs": "Krāslavas novads (pašvaldība)",
    "geokodesana": "plan_coords",
    "adrese_vzd": null,
    "vzd_kods": null,
    "plana_lat": 55.976254,
    "plana_lon": 27.176785,
    "koord_teksts": "55.976254<br>27.176785",
    "karodzini": [],
    "vietas": 16,
    "gultas": null,
    "edinasana": "-",
    "izvilkuma_piezime": "Parish name from the first column appended to the address.",
    "komentars": "Avots: Krāslavas novada CA plāns, lpp. 126 · 16 vietas",
    "id": "kraslavas-novads-izm-12"
   },
   "geometry": {
    "type": "Point",
    "coordinates": [
     27.176785,
     55.976254
    ]
   }
  },
  {
   "type": "Feature",
   "properties": {
    "kategorija": "izmitinasana",
    "nosaukums": "Pamatskola",
    "adrese": "Izvaltas pag.",
    "pasvaldiba": "Krāslavas novads",
    "pasvaldiba_slug": "kraslavas-novads",
    "nr_plana": null,
    "avots_teksts": "Avots: Krāslavas novada CA plāns, lpp. 126",
    "plans_url": "https://www.kraslava.lv/lv/media/3822/download?attachment",
    "plans_fails": "kraslavas_novada_sadarbibas_teritorijas_civilas_aizsardzibas_plans.md",
    "lpp": 126,
    "citats": "|Izvaltas<br>20025092|Pamatskola|aktu zāle|50|-|-|55.957485<br>27.024943|",
    "izdevejs": "Krāslavas novads (pašvaldība)",
    "geokodesana": "plan_coords",
    "adrese_vzd": null,
    "vzd_kods": null,
    "plana_lat": 55.957485,
    "plana_lon": 27.024943,
    "koord_teksts": "55.957485<br>27.024943",
    "karodzini": [],
    "vietas": 50,
    "gultas": null,
    "edinasana": "-",
    "izvilkuma_piezime": "Parish name from the first column appended to the address.",
    "komentars": "Avots: Krāslavas novada CA plāns, lpp. 126 · 50 vietas",
    "id": "kraslavas-novads-izm-13"
   },
   "geometry": {
    "type": "Point",
    "coordinates": [
     27.024943,
     55.957485
    ]
   }
  },
  {
   "type": "Feature",
   "properties": {
    "kategorija": "izmitinasana",
    "nosaukums": "Ģimnāzija",
    "adrese": "Pils iela 5, Krāslava",
    "pasvaldiba": "Krāslavas novads",
    "pasvaldiba_slug": "kraslavas-novads",
    "nr_plana": null,
    "avots_teksts": "Avots: Krāslavas novada CA plāns, lpp. 126",
    "plans_url": "https://www.kraslava.lv/lv/media/3822/download?attachment",
    "plans_fails": "kraslavas_novada_sadarbibas_teritorijas_civilas_aizsardzibas_plans.md",
    "lpp": 126,
    "citats": "|Krāslava<br>26531015|Pils iela 5<br>Ģimnāzija|zāle,<br>klases|200|+|-|55.901452<br>27.160695|",
    "izdevejs": "Krāslavas novads (pašvaldība)",
    "geokodesana": "plan_coords",
    "adrese_vzd": "Pils iela 5, Krāslava, Krāslavas nov., LV-5601",
    "vzd_kods": "101490143",
    "plana_lat": 55.901452,
    "plana_lon": 27.160695,
    "koord_teksts": "55.901452<br>27.160695",
    "karodzini": [],
    "vietas": 200,
    "gultas": null,
    "edinasana": "+",
    "komentars": "Avots: Krāslavas novada CA plāns, lpp. 126 · 200 vietas",
    "id": "kraslavas-novads-izm-14"
   },
   "geometry": {
    "type": "Point",
    "coordinates": [
     27.160695,
     55.901452
    ]
   }
  },
  {
   "type": "Feature",
   "properties": {
    "kategorija": "izmitinasana",
    "nosaukums": "Mūzikas skola",
    "adrese": "Raiņa 25, Krāslava",
    "pasvaldiba": "Krāslavas novads",
    "pasvaldiba_slug": "kraslavas-novads",
    "nr_plana": null,
    "avots_teksts": "Avots: Krāslavas novada CA plāns, lpp. 126",
    "plans_url": "https://www.kraslava.lv/lv/media/3822/download?attachment",
    "plans_fails": "kraslavas_novada_sadarbibas_teritorijas_civilas_aizsardzibas_plans.md",
    "lpp": 126,
    "citats": "||Raiņa 25<br>Mūzikas skola|zāle,<br>klases|100|-|-|55.900925<br>27.170152|",
    "izdevejs": "Krāslavas novads (pašvaldība)",
    "geokodesana": "plan_coords",
    "adrese_vzd": "Raiņa iela 25, Krāslava, Krāslavas nov., LV-5601",
    "vzd_kods": "101490641",
    "plana_lat": 55.900925,
    "plana_lon": 27.170152,
    "koord_teksts": "55.900925<br>27.170152",
    "karodzini": [],
    "vietas": 100,
    "gultas": null,
    "edinasana": "-",
    "izvilkuma_piezime": "Unnumbered row under 'Krāslava'.",
    "komentars": "Avots: Krāslavas novada CA plāns, lpp. 126 · 100 vietas",
    "dublikati": [
     "Ģimnāzijas internāts (nr. None, lpp. 127)",
     "dienesta viesnīca (nr. None, lpp. 127)"
    ],
    "id": "kraslavas-novads-izm-15"
   },
   "geometry": {
    "type": "Point",
    "coordinates": [
     27.170152,
     55.900925
    ]
   }
  },
  {
   "type": "Feature",
   "properties": {
    "kategorija": "izmitinasana",
    "nosaukums": "Varavīksnes sk",
    "adrese": "N.Rancāna 4, Krāslava",
    "pasvaldiba": "Krāslavas novads",
    "pasvaldiba_slug": "kraslavas-novads",
    "nr_plana": null,
    "avots_teksts": "Avots: Krāslavas novada CA plāns, lpp. 126",
    "plans_url": "https://www.kraslava.lv/lv/media/3822/download?attachment",
    "plans_fails": "kraslavas_novada_sadarbibas_teritorijas_civilas_aizsardzibas_plans.md",
    "lpp": 126,
    "citats": "||N.Rancāna 4<br>Varavīksnes sk|zāle,<br>klases|100|+|-|56.892787<br>27.178744|",
    "izdevejs": "Krāslavas novads (pašvaldība)",
    "geokodesana": "varis_address",
    "adrese_vzd": "N. Rancāna iela 4, Krāslava, Krāslavas nov., LV-5601",
    "vzd_kods": "103412663",
    "plana_lat": 56.892787,
    "plana_lon": 27.178744,
    "koord_teksts": "56.892787<br>27.178744",
    "karodzini": [
     "plan_coordinate_error"
    ],
    "vietas": 100,
    "gultas": null,
    "edinasana": "+",
    "izvilkuma_piezime": "lat looks wrong: 56.89 is ~110 km north of Krāslava (other Krāslava rows are 55.90); likely a typo for 55.89.",
    "komentars": "Avots: Krāslavas novada CA plāns, lpp. 126 · 100 vietas · plāna koordinātas kļūdainas, vieta noteikta pēc adreses (VZD)",
    "id": "kraslavas-novads-izm-16"
   },
   "geometry": {
    "type": "Point",
    "coordinates": [
     27.178774,
     55.892787
    ]
   }
  },
  {
   "type": "Feature",
   "properties": {
    "kategorija": "izmitinasana",
    "nosaukums": "Kultūras nams",
    "adrese": "Krāslava",
    "pasvaldiba": "Krāslavas novads",
    "pasvaldiba_slug": "kraslavas-novads",
    "nr_plana": null,
    "avots_teksts": "Avots: Krāslavas novada CA plāns, lpp. 127",
    "plans_url": "https://www.kraslava.lv/lv/media/3822/download?attachment",
    "plans_fails": "kraslavas_novada_sadarbibas_teritorijas_civilas_aizsardzibas_plans.md",
    "lpp": 127,
    "citats": "|Kultūras nams|zāle|70|-|-|55.897781<br>27.159997|",
    "izdevejs": "Krāslavas novads (pašvaldība)",
    "geokodesana": "plan_coords",
    "adrese_vzd": null,
    "vzd_kods": null,
    "plana_lat": 55.897781,
    "plana_lon": 27.159997,
    "koord_teksts": "55.897781<br>27.159997",
    "karodzini": [],
    "vietas": 70,
    "gultas": null,
    "edinasana": "-",
    "izvilkuma_piezime": "Row continues on the next page without the first (parish) column.",
    "komentars": "Avots: Krāslavas novada CA plāns, lpp. 127 · 70 vietas",
    "id": "kraslavas-novads-izm-17"
   },
   "geometry": {
    "type": "Point",
    "coordinates": [
     27.159997,
     55.897781
    ]
   }
  },
  {
   "type": "Feature",
   "properties": {
    "kategorija": "izmitinasana",
    "nosaukums": "Limbažu kultūras nams",
    "adrese": "Rīgas iela 9, Limbaži, Limbažu novads",
    "pasvaldiba": "Limbažu novads",
    "pasvaldiba_slug": "limbazu-novads",
    "nr_plana": null,
    "avots_teksts": "Avots: Limbažu novada CA plāns",
    "plans_url": "https://www.limbazunovads.lv/lv/media/16552/download?attachment",
    "plans_fails": "limbazu-novada-ca-plans-2021.md",
    "lpp": null,
    "citats": "<td style=\"text-align: center;\">Rīgas iela 9, Limbaži, Limbažu novads</td>",
    "izdevejs": "Limbažu novads (pašvaldība)",
    "geokodesana": "varis_address",
    "adrese_vzd": "Rīgas iela 9, Limbaži, Limbažu nov., LV-4001",
    "vzd_kods": "102664361",
    "plana_lat": null,
    "plana_lon": null,
    "koord_teksts": null,
    "karodzini": [],
    "vietas": 350,
    "gultas": 0,
    "edinasana": "Virtuve ar ēdnīcu: Nav",
    "izvilkuma_piezime": "Group header: Limbažu pilsēta; Telpu veidi: Zāle, mazā zāle",
    "komentars": "Avots: Limbažu novada CA plāns · 350 vietas · vieta noteikta pēc adreses (VZD)",
    "id": "limbazu-novads-izm-1"
   },
   "geometry": {
    "type": "Point",
    "coordinates": [
     24.716025,
     57.511385
    ]
   }
  },
  {
   "type": "Feature",
   "properties": {
    "kategorija": "izmitinasana",
    "nosaukums": "Limbažu novada pašvaldības administrācijas ēka",
    "adrese": "Rīgas iela 16, Limbaži, Limbažu novads",
    "pasvaldiba": "Limbažu novads",
    "pasvaldiba_slug": "limbazu-novads",
    "nr_plana": null,
    "avots_teksts": "Avots: Limbažu novada CA plāns",
    "plans_url": "https://www.limbazunovads.lv/lv/media/16552/download?attachment",
    "plans_fails": "limbazu-novada-ca-plans-2021.md",
    "lpp": null,
    "citats": "<td style=\"text-align: center;\">Rīgas iela 16, Limbaži, Limbažu novads</td>",
    "izdevejs": "Limbažu novads (pašvaldība)",
    "geokodesana": "varis_address",
    "adrese_vzd": "Rīgas iela 16, Limbaži, Limbažu nov., LV-4001",
    "vzd_kods": "101434528",
    "plana_lat": null,
    "plana_lon": null,
    "koord_teksts": null,
    "karodzini": [],
    "vietas": 50,
    "gultas": 0,
    "edinasana": "Virtuve ar ēdnīcu: Nav",
    "izvilkuma_piezime": "Group header: Limbažu pilsēta; Telpu veidi: Zāle,",
    "komentars": "Avots: Limbažu novada CA plāns · 50 vietas · vieta noteikta pēc adreses (VZD)",
    "id": "limbazu-novads-izm-2"
   },
   "geometry": {
    "type": "Point",
    "coordinates": [
     24.71352,
     57.510732
    ]
   }
  },
  {
   "type": "Feature",
   "properties": {
    "kategorija": "izmitinasana",
    "nosaukums": "Limbažu Bērnu un jauniešu centrs",
    "adrese": "Jaunā iela 19, Limbaži, Limbažu novads",
    "pasvaldiba": "Limbažu novads",
    "pasvaldiba_slug": "limbazu-novads",
    "nr_plana": null,
    "avots_teksts": "Avots: Limbažu novada CA plāns",
    "plans_url": "https://www.limbazunovads.lv/lv/media/16552/download?attachment",
    "plans_fails": "limbazu-novada-ca-plans-2021.md",
    "lpp": null,
    "citats": "<td style=\"text-align: center;\">Jaunā iela 19, Limbaži, Limbažu novads</td>",
    "izdevejs": "Limbažu novads (pašvaldība)",
    "geokodesana": "varis_address",
    "adrese_vzd": "Jaunā iela 19, Limbaži, Limbažu nov., LV-4001",
    "vzd_kods": "101066584",
    "plana_lat": null,
    "plana_lon": null,
    "koord_teksts": null,
    "karodzini": [],
    "vietas": 100,
    "gultas": 0,
    "edinasana": "Virtuve ar ēdnīcu: Nav",
    "izvilkuma_piezime": "Group header: Limbažu pilsēta; Telpu veidi: Zāle, kabineti",
    "komentars": "Avots: Limbažu novada CA plāns · 100 vietas · vieta noteikta pēc adreses (VZD)",
    "id": "limbazu-novads-izm-3"
   },
   "geometry": {
    "type": "Point",
    "coordinates": [
     24.718875,
     57.509722
    ]
   }
  },
  {
   "type": "Feature",
   "properties": {
    "kategorija": "izmitinasana",
    "nosaukums": "Limbažu pilsētas un pašvaldības īpašumu apsaimniekošanas nodaļas un Pašvaldības policijas telpas",
    "adrese": "Mūru iela 17, Limbaži, Limbažu novads",
    "pasvaldiba": "Limbažu novads",
    "pasvaldiba_slug": "limbazu-novads",
    "nr_plana": null,
    "avots_teksts": "Avots: Limbažu novada CA plāns",
    "plans_url": "https://www.limbazunovads.lv/lv/media/16552/download?attachment",
    "plans_fails": "limbazu-novada-ca-plans-2021.md",
    "lpp": null,
    "citats": "<td style=\"text-align: center;\">Mūru iela 17, Limbaži, Limbažu novads</td>",
    "izdevejs": "Limbažu novads (pašvaldība)",
    "geokodesana": "varis_address",
    "adrese_vzd": "Mūru iela 17, Limbaži, Limbažu nov., LV-4001",
    "vzd_kods": "102188908",
    "plana_lat": null,
    "plana_lon": null,
    "koord_teksts": null,
    "karodzini": [],
    "vietas": 20,
    "gultas": 0,
    "edinasana": "Virtuve ar ēdnīcu: Nav",
    "izvilkuma_piezime": "Group header: Limbažu pilsēta; Telpu veidi: Zāle",
    "komentars": "Avots: Limbažu novada CA plāns · 20 vietas · vieta noteikta pēc adreses (VZD)",
    "id": "limbazu-novads-izm-4"
   },
   "geometry": {
    "type": "Point",
    "coordinates": [
     24.710654,
     57.514288
    ]
   }
  },
  {
   "type": "Feature",
   "properties": {
    "kategorija": "izmitinasana",
    "nosaukums": "Olimpiskais centrs „Limbaži”",
    "adrese": "Lielezera 33, Limbaži, Limbažu novads",
    "pasvaldiba": "Limbažu novads",
    "pasvaldiba_slug": "limbazu-novads",
    "nr_plana": null,
    "avots_teksts": "Avots: Limbažu novada CA plāns",
    "plans_url": "https://www.limbazunovads.lv/lv/media/16552/download?attachment",
    "plans_fails": "limbazu-novada-ca-plans-2021.md",
    "lpp": null,
    "citats": "<td style=\"text-align: center;\">Lielezera 33, Limbaži, Limbažu novads</td>",
    "izdevejs": "Limbažu novads (pašvaldība)",
    "geokodesana": "varis_address",
    "adrese_vzd": "Lielezera iela 33, Limbaži, Limbažu nov., LV-4001",
    "vzd_kods": "101432741",
    "plana_lat": null,
    "plana_lon": null,
    "koord_teksts": null,
    "karodzini": [],
    "vietas": 30,
    "gultas": 30,
    "edinasana": "Virtuve ar ēdnīcu: Ir",
    "izvilkuma_piezime": "Group header: Limbažu pilsēta; Telpu veidi: Viesnīcas istabas",
    "komentars": "Avots: Limbažu novada CA plāns · 30 vietas · vieta noteikta pēc adreses (VZD)",
    "id": "limbazu-novads-izm-5"
   },
   "geometry": {
    "type": "Point",
    "coordinates": [
     24.705016,
     57.502197
    ]
   }
  },
  {
   "type": "Feature",
   "properties": {
    "kategorija": "izmitinasana",
    "nosaukums": "Olimpiskais centrs „Limbaži”",
    "adrese": "Sporta iela 3, Limbaži, Limbažu novads",
    "pasvaldiba": "Limbažu novads",
    "pasvaldiba_slug": "limbazu-novads",
    "nr_plana": null,
    "avots_teksts": "Avots: Limbažu novada CA plāns",
    "plans_url": "https://www.limbazunovads.lv/lv/media/16552/download?attachment",
    "plans_fails": "limbazu-novada-ca-plans-2021.md",
    "lpp": null,
    "citats": "<td style=\"text-align: center;\">Sporta iela 3, Limbaži, Limbažu novads</td>",
    "izdevejs": "Limbažu novads (pašvaldība)",
    "geokodesana": "varis_address",
    "adrese_vzd": "Sporta iela 3, Limbaži, Limbažu nov., LV-4001",
    "vzd_kods": "101435265",
    "plana_lat": null,
    "plana_lon": null,
    "koord_teksts": null,
    "karodzini": [],
    "vietas": 60,
    "gultas": 60,
    "edinasana": "Virtuve ar ēdnīcu: Nav",
    "izvilkuma_piezime": "Group header: Limbažu pilsēta; Telpu veidi: Viesnīcas istabas",
    "komentars": "Avots: Limbažu novada CA plāns · 60 vietas · vieta noteikta pēc adreses (VZD)",
    "id": "limbazu-novads-izm-6"
   },
   "geometry": {
    "type": "Point",
    "coordinates": [
     24.708644,
     57.507541
    ]
   }
  },
  {
   "type": "Feature",
   "properties": {
    "kategorija": "izmitinasana",
    "nosaukums": "Olimpiskais centrs „Limbaži”",
    "adrese": "Parka iela 36, Limbaži, Limbažu novads",
    "pasvaldiba": "Limbažu novads",
    "pasvaldiba_slug": "limbazu-novads",
    "nr_plana": null,
    "avots_teksts": "Avots: Limbažu novada CA plāns",
    "plans_url": "https://www.limbazunovads.lv/lv/media/16552/download?attachment",
    "plans_fails": "limbazu-novada-ca-plans-2021.md",
    "lpp": null,
    "citats": "<td style=\"text-align: center;\">Parka iela 36, Limbaži, Limbažu novads</td>",
    "izdevejs": "Limbažu novads (pašvaldība)",
    "geokodesana": "varis_address",
    "adrese_vzd": "Parka iela 36, Limbaži, Limbažu nov., LV-4001",
    "vzd_kods": "101434327",
    "plana_lat": null,
    "plana_lon": null,
    "koord_teksts": null,
    "karodzini": [],
    "vietas": 300,
    "gultas": 0,
    "edinasana": "Virtuve ar ēdnīcu: Nav",
    "izvilkuma_piezime": "Group header: Limbažu pilsēta; Telpu veidi: Zāle",
    "komentars": "Avots: Limbažu novada CA plāns · 300 vietas · vieta noteikta pēc adreses (VZD)",
    "id": "limbazu-novads-izm-7"
   },
   "geometry": {
    "type": "Point",
    "coordinates": [
     24.71055,
     57.507193
    ]
   }
  },
  {
   "type": "Feature",
   "properties": {
    "kategorija": "izmitinasana",
    "nosaukums": "Limbažu Valsts ģimnāzija",
    "adrese": "Rīgas iela 30, Limbaži, Limbažu novads",
    "pasvaldiba": "Limbažu novads",
    "pasvaldiba_slug": "limbazu-novads",
    "nr_plana": null,
    "avots_teksts": "Avots: Limbažu novada CA plāns",
    "plans_url": "https://www.limbazunovads.lv/lv/media/16552/download?attachment",
    "plans_fails": "limbazu-novada-ca-plans-2021.md",
    "lpp": null,
    "citats": "<td style=\"text-align: center;\">Rīgas iela 30, Limbaži, Limbažu novads</td>",
    "izdevejs": "Limbažu novads (pašvaldība)",
    "geokodesana": "varis_address",
    "adrese_vzd": "Rīgas iela 30, Limbaži, Limbažu nov., LV-4001",
    "vzd_kods": "101434608",
    "plana_lat": null,
    "plana_lon": null,
    "koord_teksts": null,
    "karodzini": [],
    "vietas": 80,
    "gultas": 0,
    "edinasana": "Virtuve ar ēdnīcu: Nav",
    "izvilkuma_piezime": "Group header: Limbažu pilsēta; Telpu veidi: Aktu zāle",
    "komentars": "Avots: Limbažu novada CA plāns · 80 vietas · vieta noteikta pēc adreses (VZD)",
    "id": "limbazu-novads-izm-8"
   },
   "geometry": {
    "type": "Point",
    "coordinates": [
     24.712784,
     57.506904
    ]
   }
  },
  {
   "type": "Feature",
   "properties": {
    "kategorija": "izmitinasana",
    "nosaukums": "Limbažu Valsts ģimnāzija",
    "adrese": "Rīgas 28, Limbaži, Limbažu novads",
    "pasvaldiba": "Limbažu novads",
    "pasvaldiba_slug": "limbazu-novads",
    "nr_plana": null,
    "avots_teksts": "Avots: Limbažu novada CA plāns",
    "plans_url": "https://www.limbazunovads.lv/lv/media/16552/download?attachment",
    "plans_fails": "limbazu-novada-ca-plans-2021.md",
    "lpp": null,
    "citats": "<td style=\"text-align: center;\">Rīgas 28, Limbaži, Limbažu novads</td>",
    "izdevejs": "Limbažu novads (pašvaldība)",
    "geokodesana": "varis_address",
    "adrese_vzd": "Rīgas iela 28, Limbaži, Limbažu nov., LV-4001",
    "vzd_kods": "101434577",
    "plana_lat": null,
    "plana_lon": null,
    "koord_teksts": null,
    "karodzini": [],
    "vietas": 180,
    "gultas": 0,
    "edinasana": "Virtuve ar ēdnīcu: Ir",
    "izvilkuma_piezime": "Group header: Limbažu pilsēta; Telpu veidi: Aktu zāle, sporta zāle",
    "komentars": "Avots: Limbažu novada CA plāns · 180 vietas · vieta noteikta pēc adreses (VZD)",
    "id": "limbazu-novads-izm-9"
   },
   "geometry": {
    "type": "Point",
    "coordinates": [
     24.712706,
     57.507492
    ]
   }
  },
  {
   "type": "Feature",
   "properties": {
    "kategorija": "izmitinasana",
    "nosaukums": "Limbažu Valsts ģimnāzija, dienesta viesnīca",
    "adrese": "Rīgas 23, Limbaži, Limbažu novads",
    "pasvaldiba": "Limbažu novads",
    "pasvaldiba_slug": "limbazu-novads",
    "nr_plana": null,
    "avots_teksts": "Avots: Limbažu novada CA plāns",
    "plans_url": "https://www.limbazunovads.lv/lv/media/16552/download?attachment",
    "plans_fails": "limbazu-novada-ca-plans-2021.md",
    "lpp": null,
    "citats": "<td style=\"text-align: center;\">Rīgas 23, Limbaži, Limbažu novads</td>",
    "izdevejs": "Limbažu novads (pašvaldība)",
    "geokodesana": "varis_address",
    "adrese_vzd": "Rīgas iela 23, Limbaži, Limbažu nov., LV-4001",
    "vzd_kods": "102189403",
    "plana_lat": null,
    "plana_lon": null,
    "koord_teksts": null,
    "karodzini": [],
    "vietas": 44,
    "gultas": 44,
    "edinasana": "Virtuve ar ēdnīcu: Nav",
    "izvilkuma_piezime": "Group header: Limbažu pilsēta; Telpu veidi: viesnīcas istabas",
    "komentars": "Avots: Limbažu novada CA plāns · 44 vietas · vieta noteikta pēc adreses (VZD)",
    "id": "limbazu-novads-izm-10"
   },
   "geometry": {
    "type": "Point",
    "coordinates": [
     24.715185,
     57.508154
    ]
   }
  },
  {
   "type": "Feature",
   "properties": {
    "kategorija": "izmitinasana",
    "nosaukums": "Limbažu vidusskola",
    "adrese": "Parka iela 38, Limbaži, Limbažu novads",
    "pasvaldiba": "Limbažu novads",
    "pasvaldiba_slug": "limbazu-novads",
    "nr_plana": null,
    "avots_teksts": "Avots: Limbažu novada CA plāns",
    "plans_url": "https://www.limbazunovads.lv/lv/media/16552/download?attachment",
    "plans_fails": "limbazu-novada-ca-plans-2021.md",
    "lpp": null,
    "citats": "<td style=\"text-align: center;\">Parka iela 38, Limbaži, Limbažu novads</td>",
    "izdevejs": "Limbažu novads (pašvaldība)",
    "geokodesana": "varis_address",
    "adrese_vzd": "Parka iela 38, Limbaži, Limbažu nov., LV-4001",
    "vzd_kods": "101434335",
    "plana_lat": null,
    "plana_lon": null,
    "koord_teksts": null,
    "karodzini": [],
    "vietas": 200,
    "gultas": 0,
    "edinasana": "Virtuve ar ēdnīcu: Ir",
    "izvilkuma_piezime": "Group header: Limbažu pilsēta; Telpu veidi: Zāle, sporta zāle, mācību klašu kabineti",
    "komentars": "Avots: Limbažu novada CA plāns · 200 vietas · vieta noteikta pēc adreses (VZD)",
    "id": "limbazu-novads-izm-11"
   },
   "geometry": {
    "type": "Point",
    "coordinates": [
     24.710165,
     57.506298
    ]
   }
  },
  {
   "type": "Feature",
   "properties": {
    "kategorija": "izmitinasana",
    "nosaukums": "Limbažu pilsētas 1. pirmsskolas izglītības iestāde „Buratino”",
    "adrese": "Parka iela 5, Limbaži, Limbažu novads",
    "pasvaldiba": "Limbažu novads",
    "pasvaldiba_slug": "limbazu-novads",
    "nr_plana": null,
    "avots_teksts": "Avots: Limbažu novada CA plāns",
    "plans_url": "https://www.limbazunovads.lv/lv/media/16552/download?attachment",
    "plans_fails": "limbazu-novada-ca-plans-2021.md",
    "lpp": null,
    "citats": "<td style=\"text-align: center;\">Parka iela 5, Limbaži, Limbažu novads</td>",
    "izdevejs": "Limbažu novads (pašvaldība)",
    "geokodesana": "varis_address",
    "adrese_vzd": "Parka iela 5, Limbaži, Limbažu nov., LV-4001",
    "vzd_kods": "102189202",
    "plana_lat": null,
    "plana_lon": null,
    "koord_teksts": null,
    "karodzini": [],
    "vietas": 50,
    "gultas": 50,
    "edinasana": "Virtuve ar ēdnīcu: Ir",
    "izvilkuma_piezime": "Group header: Limbažu pilsēta; Telpu veidi: Zāle, grupu telpas; Guļamvietas as written: '50 bērnu gultas'",
    "komentars": "Avots: Limbažu novada CA plāns · 50 vietas · vieta noteikta pēc adreses (VZD)",
    "id": "limbazu-novads-izm-12"
   },
   "geometry": {
    "type": "Point",
    "coordinates": [
     24.713642,
     57.51328
    ]
   }
  },
  {
   "type": "Feature",
   "properties": {
    "kategorija": "izmitinasana",
    "nosaukums": "Limbažu pilsētas 2. pirmsskolas izglītības iestāde „Kāpēcītis”",
    "adrese": "Zāles iela 6, Limbaži, Limbažu novads",
    "pasvaldiba": "Limbažu novads",
    "pasvaldiba_slug": "limbazu-novads",
    "nr_plana": null,
    "avots_teksts": "Avots: Limbažu novada CA plāns",
    "plans_url": "https://www.limbazunovads.lv/lv/media/16552/download?attachment",
    "plans_fails": "limbazu-novada-ca-plans-2021.md",
    "lpp": null,
    "citats": "<td style=\"text-align: center;\">Zāles iela 6, Limbaži, Limbažu novads</td>",
    "izdevejs": "Limbažu novads (pašvaldība)",
    "geokodesana": "varis_address",
    "adrese_vzd": "Zāles iela 6, Limbaži, Limbažu nov., LV-4001",
    "vzd_kods": "102190012",
    "plana_lat": null,
    "plana_lon": null,
    "koord_teksts": null,
    "karodzini": [],
    "vietas": 60,
    "gultas": 50,
    "edinasana": "Virtuve ar ēdnīcu: Ir",
    "izvilkuma_piezime": "Group header: Limbažu pilsēta; Telpu veidi: Zāle, grupu telpas; Guļamvietas as written: '50 bērnu gultas'",
    "komentars": "Avots: Limbažu novada CA plāns · 60 vietas · vieta noteikta pēc adreses (VZD)",
    "id": "limbazu-novads-izm-13"
   },
   "geometry": {
    "type": "Point",
    "coordinates": [
     24.717413,
     57.510634
    ]
   }
  },
  {
   "type": "Feature",
   "properties": {
    "kategorija": "izmitinasana",
    "nosaukums": "Limbažu pilsētas 3.pirmsskolas izglītības iestāde „Spārīte”",
    "adrese": "Dārza iela 24, Limbaži, Limbažu novads",
    "pasvaldiba": "Limbažu novads",
    "pasvaldiba_slug": "limbazu-novads",
    "nr_plana": null,
    "avots_teksts": "Avots: Limbažu novada CA plāns",
    "plans_url": "https://www.limbazunovads.lv/lv/media/16552/download?attachment",
    "plans_fails": "limbazu-novada-ca-plans-2021.md",
    "lpp": null,
    "citats": "<td style=\"text-align: center;\">Dārza iela 24, Limbaži, Limbažu novads</td>",
    "izdevejs": "Limbažu novads (pašvaldība)",
    "geokodesana": "varis_address",
    "adrese_vzd": "Dārza iela 24, Limbaži, Limbažu nov., LV-4001",
    "vzd_kods": "102187850",
    "plana_lat": null,
    "plana_lon": null,
    "koord_teksts": null,
    "karodzini": [],
    "vietas": 60,
    "gultas": 50,
    "edinasana": "Virtuve ar ēdnīcu: Ir",
    "izvilkuma_piezime": "Group header: Limbažu pilsēta; Telpu veidi: Zāle, grupu telpas; Guļamvietas as written: '50 bērnu gultas'",
    "komentars": "Avots: Limbažu novada CA plāns · 60 vietas · vieta noteikta pēc adreses (VZD)",
    "id": "limbazu-novads-izm-14"
   },
   "geometry": {
    "type": "Point",
    "coordinates": [
     24.708949,
     57.510156
    ]
   }
  },
  {
   "type": "Feature",
   "properties": {
    "kategorija": "izmitinasana",
    "nosaukums": "Rīgas Valsts tehnikums, Limbažu teritoriālā struktūrvienība, dienesta viesnīca",
    "adrese": "Zeļļu iela 9a, Limbaži, Limbažu novads",
    "pasvaldiba": "Limbažu novads",
    "pasvaldiba_slug": "limbazu-novads",
    "nr_plana": null,
    "avots_teksts": "Avots: Limbažu novada CA plāns",
    "plans_url": "https://www.limbazunovads.lv/lv/media/16552/download?attachment",
    "plans_fails": "limbazu-novada-ca-plans-2021.md",
    "lpp": null,
    "citats": "<td style=\"text-align: center;\">Zeļļu iela 9a, Limbaži, Limbažu novads</td>",
    "izdevejs": "Limbažu novads (pašvaldība)",
    "geokodesana": "varis_address",
    "adrese_vzd": "Zeļļu iela 9A, Limbaži, Limbažu nov., LV-4001",
    "vzd_kods": "101436226",
    "plana_lat": null,
    "plana_lon": null,
    "koord_teksts": null,
    "karodzini": [],
    "vietas": 240,
    "gultas": 250,
    "edinasana": "Virtuve ar ēdnīcu: Nav",
    "izvilkuma_piezime": "Group header: Limbažu pilsēta; Telpu veidi: Istabas",
    "komentars": "Avots: Limbažu novada CA plāns · 240 vietas · vieta noteikta pēc adreses (VZD)",
    "id": "limbazu-novads-izm-15"
   },
   "geometry": {
    "type": "Point",
    "coordinates": [
     24.71386,
     57.530868
    ]
   }
  },
  {
   "type": "Feature",
   "properties": {
    "kategorija": "izmitinasana",
    "nosaukums": "Rīgas Valsts tehnikums, Limbažu teritoriālā struktūrvienība",
    "adrese": "Zeļļu iela 9, Limbaži, Limbažu novads",
    "pasvaldiba": "Limbažu novads",
    "pasvaldiba_slug": "limbazu-novads",
    "nr_plana": null,
    "avots_teksts": "Avots: Limbažu novada CA plāns",
    "plans_url": "https://www.limbazunovads.lv/lv/media/16552/download?attachment",
    "plans_fails": "limbazu-novada-ca-plans-2021.md",
    "lpp": null,
    "citats": "<td style=\"text-align: center;\">Zeļļu iela 9, Limbaži, Limbažu novads</td>",
    "izdevejs": "Limbažu novads (pašvaldība)",
    "geokodesana": "varis_address",
    "adrese_vzd": "Zeļļu iela 9, Limbaži, Limbažu nov., LV-4001",
    "vzd_kods": "101436234",
    "plana_lat": null,
    "plana_lon": null,
    "koord_teksts": null,
    "karodzini": [],
    "vietas": 350,
    "gultas": 0,
    "edinasana": "Virtuve ar ēdnīcu: Ir",
    "izvilkuma_piezime": "Group header: Limbažu pilsēta; Telpu veidi: Zāle, mācību klašu telpas",
    "komentars": "Avots: Limbažu novada CA plāns · 350 vietas · vieta noteikta pēc adreses (VZD)",
    "id": "limbazu-novads-izm-16"
   },
   "geometry": {
    "type": "Point",
    "coordinates": [
     24.712156,
     57.53032
    ]
   }
  },
  {
   "type": "Feature",
   "properties": {
    "kategorija": "izmitinasana",
    "nosaukums": "Salacgrīvas vidusskola",
    "adrese": "Pērnavas iela 31, Salacgrīva, Limbažu novads",
    "pasvaldiba": "Limbažu novads",
    "pasvaldiba_slug": "limbazu-novads",
    "nr_plana": null,
    "avots_teksts": "Avots: Limbažu novada CA plāns",
    "plans_url": "https://www.limbazunovads.lv/lv/media/16552/download?attachment",
    "plans_fails": "limbazu-novada-ca-plans-2021.md",
    "lpp": null,
    "citats": "<td style=\"text-align: center;\">Pērnavas iela 31, Salacgrīva, Limbažu novads</td>",
    "izdevejs": "Limbažu novads (pašvaldība)",
    "geokodesana": "varis_address",
    "adrese_vzd": "Pērnavas iela 31, Salacgrīva, Limbažu nov., LV-4033",
    "vzd_kods": "102664554",
    "plana_lat": null,
    "plana_lon": null,
    "koord_teksts": null,
    "karodzini": [],
    "vietas": 200,
    "gultas": 100,
    "edinasana": "Virtuve ar ēdnīcu: Ir",
    "izvilkuma_piezime": "Group header: Salacgrīvas pilsēta; Telpu veidi: Sporta zāle",
    "komentars": "Avots: Limbažu novada CA plāns · 200 vietas · vieta noteikta pēc adreses (VZD)",
    "id": "limbazu-novads-izm-17"
   },
   "geometry": {
    "type": "Point",
    "coordinates": [
     24.354148,
     57.766622
    ]
   }
  },
  {
   "type": "Feature",
   "properties": {
    "kategorija": "izmitinasana",
    "nosaukums": "Salacgrīvas kultūras centrs",
    "adrese": "Ostas iela 3, Salacgrīva, Limbažu novads",
    "pasvaldiba": "Limbažu novads",
    "pasvaldiba_slug": "limbazu-novads",
    "nr_plana": null,
    "avots_teksts": "Avots: Limbažu novada CA plāns",
    "plans_url": "https://www.limbazunovads.lv/lv/media/16552/download?attachment",
    "plans_fails": "limbazu-novada-ca-plans-2021.md",
    "lpp": null,
    "citats": "<td style=\"text-align: center;\">Ostas iela 3, Salacgrīva, Limbažu novads</td>",
    "izdevejs": "Limbažu novads (pašvaldība)",
    "geokodesana": "varis_address",
    "adrese_vzd": "Ostas iela 3, Salacgrīva, Limbažu nov., LV-4033",
    "vzd_kods": "101443014",
    "plana_lat": null,
    "plana_lon": null,
    "koord_teksts": null,
    "karodzini": [],
    "vietas": 350,
    "gultas": 0,
    "edinasana": "Virtuve ar ēdnīcu: Nav",
    "izvilkuma_piezime": "Group header: Salacgrīvas pilsēta; Telpu veidi: Zāle",
    "komentars": "Avots: Limbažu novada CA plāns · 350 vietas · vieta noteikta pēc adreses (VZD)",
    "id": "limbazu-novads-izm-18"
   },
   "geometry": {
    "type": "Point",
    "coordinates": [
     24.357279,
     57.757581
    ]
   }
  },
  {
   "type": "Feature",
   "properties": {
    "kategorija": "izmitinasana",
    "nosaukums": "Alojas kultūras nams",
    "adrese": "Jūras iela 13, Aloja, Limbažu novads",
    "pasvaldiba": "Limbažu novads",
    "pasvaldiba_slug": "limbazu-novads",
    "nr_plana": null,
    "avots_teksts": "Avots: Limbažu novada CA plāns",
    "plans_url": "https://www.limbazunovads.lv/lv/media/16552/download?attachment",
    "plans_fails": "limbazu-novada-ca-plans-2021.md",
    "lpp": null,
    "citats": "<td style=\"text-align: center;\">Jūras iela 13, Aloja, Limbažu novads</td>",
    "izdevejs": "Limbažu novads (pašvaldība)",
    "geokodesana": "varis_address",
    "adrese_vzd": "Jūras iela 13, Aloja, Limbažu nov., LV-4064",
    "vzd_kods": "102190760",
    "plana_lat": null,
    "plana_lon": null,
    "koord_teksts": null,
    "karodzini": [],
    "vietas": 200,
    "gultas": 0,
    "edinasana": "Virtuve ar ēdnīcu: Nav",
    "izvilkuma_piezime": "Group header: Alojas pilsēta; Telpu veidi: Zāle, mazā zāle",
    "komentars": "Avots: Limbažu novada CA plāns · 200 vietas · vieta noteikta pēc adreses (VZD)",
    "id": "limbazu-novads-izm-19"
   },
   "geometry": {
    "type": "Point",
    "coordinates": [
     24.879434,
     57.766996
    ]
   }
  },
  {
   "type": "Feature",
   "properties": {
    "kategorija": "izmitinasana",
    "nosaukums": "Alojas Ausekļa pamatskola",
    "adrese": "Ausekļa iela 1, Alojas pilsēta, Limbažu novads",
    "pasvaldiba": "Limbažu novads",
    "pasvaldiba_slug": "limbazu-novads",
    "nr_plana": null,
    "avots_teksts": "Avots: Limbažu novada CA plāns",
    "plans_url": "https://www.limbazunovads.lv/lv/media/16552/download?attachment",
    "plans_fails": "limbazu-novada-ca-plans-2021.md",
    "lpp": null,
    "citats": "<td style=\"text-align: center;\">Ausekļa iela 1, Alojas pilsēta, Limbažu novads</td>",
    "izdevejs": "Limbažu novads (pašvaldība)",
    "geokodesana": "varis_address",
    "adrese_vzd": "Ausekļa iela 1, Aloja, Limbažu nov., LV-4064",
    "vzd_kods": "101438463",
    "plana_lat": null,
    "plana_lon": null,
    "koord_teksts": null,
    "karodzini": [],
    "vietas": 400,
    "gultas": 0,
    "edinasana": "Virtuve ar ēdnīcu: Ir",
    "izvilkuma_piezime": "Group header: Alojas pilsēta; Telpu veidi: Zāle, mācību klases, sporta zāle",
    "komentars": "Avots: Limbažu novada CA plāns · 400 vietas · vieta noteikta pēc adreses (VZD)",
    "id": "limbazu-novads-izm-20"
   },
   "geometry": {
    "type": "Point",
    "coordinates": [
     24.876892,
     57.764587
    ]
   }
  },
  {
   "type": "Feature",
   "properties": {
    "kategorija": "izmitinasana",
    "nosaukums": "Alojas pirmsskolas izglītības iestāde “Auseklītis’",
    "adrese": "Parka iela13, Aloja, Alojas pilsēta, Limbažu novads",
    "pasvaldiba": "Limbažu novads",
    "pasvaldiba_slug": "limbazu-novads",
    "nr_plana": null,
    "avots_teksts": "Avots: Limbažu novada CA plāns",
    "plans_url": "https://www.limbazunovads.lv/lv/media/16552/download?attachment",
    "plans_fails": "limbazu-novada-ca-plans-2021.md",
    "lpp": null,
    "citats": "<td style=\"text-align: center;\">Alojas pirmsskolas izglītības iestāde “Auseklītis’</td>",
    "izdevejs": "Limbažu novads (pašvaldība)",
    "geokodesana": "varis_address",
    "adrese_vzd": "Parka iela 13, Aloja, Limbažu nov., LV-4064",
    "vzd_kods": "102191151",
    "plana_lat": null,
    "plana_lon": null,
    "koord_teksts": null,
    "karodzini": [],
    "vietas": 120,
    "gultas": 50,
    "edinasana": "Virtuve ar ēdnīcu: Ir",
    "izvilkuma_piezime": "Group header: Alojas pilsēta; Telpu veidi: Zāle, mācību klases; Guļamvietas as written: '50 bērnu gultas'; Address cell split over several lines; citats is the name line.",
    "komentars": "Avots: Limbažu novada CA plāns · 120 vietas · vieta noteikta pēc adreses (VZD)",
    "id": "limbazu-novads-izm-21"
   },
   "geometry": {
    "type": "Point",
    "coordinates": [
     24.868314,
     57.772072
    ]
   }
  },
  {
   "type": "Feature",
   "properties": {
    "kategorija": "izmitinasana",
    "nosaukums": "Alojas Dienas centrs",
    "adrese": "Rīgas iela 4, Aloja, Alojas pilsēta, Limbažu novads",
    "pasvaldiba": "Limbažu novads",
    "pasvaldiba_slug": "limbazu-novads",
    "nr_plana": null,
    "avots_teksts": "Avots: Limbažu novada CA plāns",
    "plans_url": "https://www.limbazunovads.lv/lv/media/16552/download?attachment",
    "plans_fails": "limbazu-novada-ca-plans-2021.md",
    "lpp": null,
    "citats": "<td style=\"text-align: center;\">Rīgas iela 4, Aloja, Alojas pilsēta,  Limbažu novads</td>",
    "izdevejs": "Limbažu novads (pašvaldība)",
    "geokodesana": "varis_address",
    "adrese_vzd": "Rīgas iela 4, Aloja, Limbažu nov., LV-4064",
    "vzd_kods": "102191223",
    "plana_lat": null,
    "plana_lon": null,
    "koord_teksts": null,
    "karodzini": [],
    "vietas": 50,
    "gultas": 0,
    "edinasana": "Virtuve ar ēdnīcu: Nav",
    "izvilkuma_piezime": "Group header: Alojas pilsēta; Telpu veidi: zāle",
    "komentars": "Avots: Limbažu novada CA plāns · 50 vietas · vieta noteikta pēc adreses (VZD)",
    "id": "limbazu-novads-izm-22"
   },
   "geometry": {
    "type": "Point",
    "coordinates": [
     24.882273,
     57.765978
    ]
   }
  },
  {
   "type": "Feature",
   "properties": {
    "kategorija": "izmitinasana",
    "nosaukums": "Ainažu kultūras nams",
    "adrese": "Valdemāra iela 50, Ainaži, Ainažu pilsēta, Limbažu novads",
    "pasvaldiba": "Limbažu novads",
    "pasvaldiba_slug": "limbazu-novads",
    "nr_plana": null,
    "avots_teksts": "Avots: Limbažu novada CA plāns",
    "plans_url": "https://www.limbazunovads.lv/lv/media/16552/download?attachment",
    "plans_fails": "limbazu-novada-ca-plans-2021.md",
    "lpp": null,
    "citats": "<td style=\"text-align: center;\">Valdemāra iela 50, Ainaži, Ainažu pilsēta, Limbažu novads</td>",
    "izdevejs": "Limbažu novads (pašvaldība)",
    "geokodesana": "varis_address",
    "adrese_vzd": "Valdemāra iela 50, Ainaži, Limbažu nov., LV-4035",
    "vzd_kods": "102190535",
    "plana_lat": null,
    "plana_lon": null,
    "koord_teksts": null,
    "karodzini": [],
    "vietas": 50,
    "gultas": 0,
    "edinasana": "Virtuve ar ēdnīcu: Nav",
    "izvilkuma_piezime": "Group header: Ainažu pilsēta; Telpu veidi: Zāle",
    "komentars": "Avots: Limbažu novada CA plāns · 50 vietas · vieta noteikta pēc adreses (VZD)",
    "id": "limbazu-novads-izm-23"
   },
   "geometry": {
    "type": "Point",
    "coordinates": [
     24.357429,
     57.861997
    ]
   }
  },
  {
   "type": "Feature",
   "properties": {
    "kategorija": "izmitinasana",
    "nosaukums": "Krišjāņa Valdemāra Ainažu pamatskola",
    "adrese": "Parka iela 12, Ainaži, Ainažu pilsēta, Limbažu novads",
    "pasvaldiba": "Limbažu novads",
    "pasvaldiba_slug": "limbazu-novads",
    "nr_plana": null,
    "avots_teksts": "Avots: Limbažu novada CA plāns",
    "plans_url": "https://www.limbazunovads.lv/lv/media/16552/download?attachment",
    "plans_fails": "limbazu-novada-ca-plans-2021.md",
    "lpp": null,
    "citats": "<td style=\"text-align: center;\">Krišjāņa Valdemāra Ainažu pamatskola</td>",
    "izdevejs": "Limbažu novads (pašvaldība)",
    "geokodesana": "varis_address",
    "adrese_vzd": "Parka iela 12, Ainaži, Limbažu nov., LV-4035",
    "vzd_kods": "101437236",
    "plana_lat": null,
    "plana_lon": null,
    "koord_teksts": null,
    "karodzini": [],
    "vietas": 50,
    "gultas": 0,
    "edinasana": "Virtuve ar ēdnīcu: Ir",
    "izvilkuma_piezime": "Group header: Ainažu pilsēta; Telpu veidi: Zāle; Address cell split over several lines; citats is the name line.",
    "komentars": "Avots: Limbažu novada CA plāns · 50 vietas · vieta noteikta pēc adreses (VZD)",
    "id": "limbazu-novads-izm-24"
   },
   "geometry": {
    "type": "Point",
    "coordinates": [
     24.35451,
     57.864032
    ]
   }
  },
  {
   "type": "Feature",
   "properties": {
    "kategorija": "izmitinasana",
    "nosaukums": "Staiceles pamatskola",
    "adrese": "Sporta iela 4, Staiceles pilsēta, Limbažu novads",
    "pasvaldiba": "Limbažu novads",
    "pasvaldiba_slug": "limbazu-novads",
    "nr_plana": null,
    "avots_teksts": "Avots: Limbažu novada CA plāns",
    "plans_url": "https://www.limbazunovads.lv/lv/media/16552/download?attachment",
    "plans_fails": "limbazu-novada-ca-plans-2021.md",
    "lpp": null,
    "citats": "<td style=\"text-align: center;\">Sporta iela 4, Staiceles pilsēta, Limbažu novads</td>",
    "izdevejs": "Limbažu novads (pašvaldība)",
    "geokodesana": "varis_address",
    "adrese_vzd": "Sporta iela 4, Staicele, Limbažu nov., LV-4043",
    "vzd_kods": "101446085",
    "plana_lat": null,
    "plana_lon": null,
    "koord_teksts": null,
    "karodzini": [],
    "vietas": 150,
    "gultas": null,
    "edinasana": "Virtuve ar ēdnīcu: Ir",
    "izvilkuma_piezime": "Group header: Staiceles pilsēta; Telpu veidi: Zāle, mācību klases, sporta zāle; Guļamvietas: 'Ir' (number not given)",
    "komentars": "Avots: Limbažu novada CA plāns · 150 vietas · vieta noteikta pēc adreses (VZD)",
    "id": "limbazu-novads-izm-25"
   },
   "geometry": {
    "type": "Point",
    "coordinates": [
     24.739113,
     57.837214
    ]
   }
  },
  {
   "type": "Feature",
   "properties": {
    "kategorija": "izmitinasana",
    "nosaukums": "Staiceles kultūras nams",
    "adrese": "Lielā iela 7, Staiceles pilsēta, Limbažu novads",
    "pasvaldiba": "Limbažu novads",
    "pasvaldiba_slug": "limbazu-novads",
    "nr_plana": null,
    "avots_teksts": "Avots: Limbažu novada CA plāns",
    "plans_url": "https://www.limbazunovads.lv/lv/media/16552/download?attachment",
    "plans_fails": "limbazu-novada-ca-plans-2021.md",
    "lpp": null,
    "citats": "<td style=\"text-align: center;\">Lielā iela 7, Staiceles pilsēta, Limbažu novads</td>",
    "izdevejs": "Limbažu novads (pašvaldība)",
    "geokodesana": "varis_address",
    "adrese_vzd": "Lielā iela 7, Staicele, Limbažu nov., LV-4043",
    "vzd_kods": "101446245",
    "plana_lat": null,
    "plana_lon": null,
    "koord_teksts": null,
    "karodzini": [],
    "vietas": 250,
    "gultas": 0,
    "edinasana": "Virtuve ar ēdnīcu: Nav",
    "izvilkuma_piezime": "Group header: Staiceles pilsēta; Telpu veidi: Zāle",
    "komentars": "Avots: Limbažu novada CA plāns · 250 vietas · vieta noteikta pēc adreses (VZD)",
    "id": "limbazu-novads-izm-26"
   },
   "geometry": {
    "type": "Point",
    "coordinates": [
     24.746514,
     57.836263
    ]
   }
  },
  {
   "type": "Feature",
   "properties": {
    "kategorija": "izmitinasana",
    "nosaukums": "Staiceles pirmsskolas izglītības iestāde",
    "adrese": "Parka iela 2, Staiceles pilsēta, Limbažu novads",
    "pasvaldiba": "Limbažu novads",
    "pasvaldiba_slug": "limbazu-novads",
    "nr_plana": null,
    "avots_teksts": "Avots: Limbažu novada CA plāns",
    "plans_url": "https://www.limbazunovads.lv/lv/media/16552/download?attachment",
    "plans_fails": "limbazu-novada-ca-plans-2021.md",
    "lpp": null,
    "citats": "<td style=\"text-align: center;\">Parka iela 2, Staiceles pilsēta, Limbažu novads</td>",
    "izdevejs": "Limbažu novads (pašvaldība)",
    "geokodesana": "varis_address",
    "adrese_vzd": "Parka iela 2, Staicele, Limbažu nov., LV-4043",
    "vzd_kods": "101446495",
    "plana_lat": null,
    "plana_lon": null,
    "koord_teksts": null,
    "karodzini": [],
    "vietas": 30,
    "gultas": 20,
    "edinasana": "Virtuve ar ēdnīcu: Ir",
    "izvilkuma_piezime": "Group header: Staiceles pilsēta; Telpu veidi: Zāle, mācību klases; Guļamvietas as written: '20 bērnu gultas'",
    "komentars": "Avots: Limbažu novada CA plāns · 30 vietas · vieta noteikta pēc adreses (VZD)",
    "id": "limbazu-novads-izm-27"
   },
   "geometry": {
    "type": "Point",
    "coordinates": [
     24.746865,
     57.834634
    ]
   }
  },
  {
   "type": "Feature",
   "properties": {
    "kategorija": "izmitinasana",
    "nosaukums": "Vilzēnu tautas nams",
    "adrese": "„Vilzēnu tautas nams”, Braslavas pagasts, Limbažu novads",
    "pasvaldiba": "Limbažu novads",
    "pasvaldiba_slug": "limbazu-novads",
    "nr_plana": null,
    "avots_teksts": "Avots: Limbažu novada CA plāns",
    "plans_url": "https://www.limbazunovads.lv/lv/media/16552/download?attachment",
    "plans_fails": "limbazu-novada-ca-plans-2021.md",
    "lpp": null,
    "citats": "<td style=\"text-align: center;\">Vilzēnu tautas nams</td>",
    "izdevejs": "Limbažu novads (pašvaldība)",
    "geokodesana": "varis_address",
    "adrese_vzd": "\"Vilzēnu tautas nams\", Vilzēni, Braslavas pag., Limbažu nov., LV-4068",
    "vzd_kods": "104370568",
    "plana_lat": null,
    "plana_lon": null,
    "koord_teksts": null,
    "karodzini": [],
    "vietas": 200,
    "gultas": 0,
    "edinasana": "Virtuve ar ēdnīcu: Nav",
    "izvilkuma_piezime": "Group header: Braslavas pagasts; Telpu veidi: Zāle; Address cell split over several lines; citats is the name line.",
    "komentars": "Avots: Limbažu novada CA plāns · 200 vietas · vieta noteikta pēc adreses (VZD)",
    "id": "limbazu-novads-izm-28"
   },
   "geometry": {
    "type": "Point",
    "coordinates": [
     25.013666,
     57.719303
    ]
   }
  },
  {
   "type": "Feature",
   "properties": {
    "kategorija": "izmitinasana",
    "nosaukums": "Puikules tautas nams",
    "adrese": "„Puikules tautas nams”, Puikule, Brīvzemnieku pagasts, Limbažu novads",
    "pasvaldiba": "Limbažu novads",
    "pasvaldiba_slug": "limbazu-novads",
    "nr_plana": null,
    "avots_teksts": "Avots: Limbažu novada CA plāns",
    "plans_url": "https://www.limbazunovads.lv/lv/media/16552/download?attachment",
    "plans_fails": "limbazu-novada-ca-plans-2021.md",
    "lpp": null,
    "citats": "<td style=\"text-align: center;\">„Puikules tautas nams”, Puikule, Brīvzemnieku pagasts,  Limbažu novads</td>",
    "izdevejs": "Limbažu novads (pašvaldība)",
    "geokodesana": "varis_address",
    "adrese_vzd": "\"Puikules tautas nams\", Puikule, Brīvzemnieku pag., Limbažu nov., LV-4063",
    "vzd_kods": "104945514",
    "plana_lat": null,
    "plana_lon": null,
    "koord_teksts": null,
    "karodzini": [],
    "vietas": 60,
    "gultas": 10,
    "edinasana": "Virtuve ar ēdnīcu: Nav",
    "izvilkuma_piezime": "Group header: Brīvzemnieku pagasts; Telpu veidi: Zāle",
    "komentars": "Avots: Limbažu novada CA plāns · 60 vietas · vieta noteikta pēc adreses (VZD)",
    "id": "limbazu-novads-izm-29"
   },
   "geometry": {
    "type": "Point",
    "coordinates": [
     24.884367,
     57.690262
    ]
   }
  },
  {
   "type": "Feature",
   "properties": {
    "kategorija": "izmitinasana",
    "nosaukums": "Sabiedriskais centrs",
    "adrese": "„Sabiedriskais centrs”, Puikule, Brīvzemnieku pagasts, Limbažu novads",
    "pasvaldiba": "Limbažu novads",
    "pasvaldiba_slug": "limbazu-novads",
    "nr_plana": null,
    "avots_teksts": "Avots: Limbažu novada CA plāns",
    "plans_url": "https://www.limbazunovads.lv/lv/media/16552/download?attachment",
    "plans_fails": "limbazu-novada-ca-plans-2021.md",
    "lpp": null,
    "citats": "<td style=\"text-align: center;\">„Sabiedriskais centrs”, Puikule, Brīvzemnieku pagasts, Limbažu novads</td>",
    "izdevejs": "Limbažu novads (pašvaldība)",
    "geokodesana": "varis_address",
    "adrese_vzd": "\"Sabiedriskais centrs\", Puikule, Brīvzemnieku pag., Limbažu nov., LV-4063",
    "vzd_kods": "104891851",
    "plana_lat": null,
    "plana_lon": null,
    "koord_teksts": null,
    "karodzini": [],
    "vietas": 15,
    "gultas": 0,
    "edinasana": "Virtuve ar ēdnīcu: Nav",
    "izvilkuma_piezime": "Group header: Brīvzemnieku pagasts; Telpu veidi: Zāle",
    "komentars": "Avots: Limbažu novada CA plāns · 15 vietas · vieta noteikta pēc adreses (VZD)",
    "id": "limbazu-novads-izm-30"
   },
   "geometry": {
    "type": "Point",
    "coordinates": [
     24.882028,
     57.689501
    ]
   }
  },
  {
   "type": "Feature",
   "properties": {
    "kategorija": "izmitinasana",
    "nosaukums": "Puikules muiža",
    "adrese": "„Puikules muiža”, Puikule, Brīvzemnieku pagasts, Limbažu novads",
    "pasvaldiba": "Limbažu novads",
    "pasvaldiba_slug": "limbazu-novads",
    "nr_plana": null,
    "avots_teksts": "Avots: Limbažu novada CA plāns",
    "plans_url": "https://www.limbazunovads.lv/lv/media/16552/download?attachment",
    "plans_fails": "limbazu-novada-ca-plans-2021.md",
    "lpp": null,
    "citats": "<td style=\"text-align: center;\">„Puikules muiža”, Puikule, Brīvzemnieku pagasts, Limbažu novads</td>",
    "izdevejs": "Limbažu novads (pašvaldība)",
    "geokodesana": "varis_address",
    "adrese_vzd": "\"Puikules muiža\", Puikule, Brīvzemnieku pag., Limbažu nov., LV-4063",
    "vzd_kods": "104945506",
    "plana_lat": null,
    "plana_lon": null,
    "koord_teksts": null,
    "karodzini": [],
    "vietas": 150,
    "gultas": 19,
    "edinasana": "Virtuve ar ēdnīcu: Ir",
    "izvilkuma_piezime": "Group header: Brīvzemnieku pagasts; Telpu veidi: Zāle",
    "komentars": "Avots: Limbažu novada CA plāns · 150 vietas · vieta noteikta pēc adreses (VZD)",
    "id": "limbazu-novads-izm-31"
   },
   "geometry": {
    "type": "Point",
    "coordinates": [
     24.882532,
     57.688384
    ]
   }
  },
  {
   "type": "Feature",
   "properties": {
    "kategorija": "izmitinasana",
    "nosaukums": "Pociema kultūras nams",
    "adrese": "Liepu iela 8, Pociems, Katvaru pagasts, Limbažu novads,",
    "pasvaldiba": "Limbažu novads",
    "pasvaldiba_slug": "limbazu-novads",
    "nr_plana": null,
    "avots_teksts": "Avots: Limbažu novada CA plāns",
    "plans_url": "https://www.limbazunovads.lv/lv/media/16552/download?attachment",
    "plans_fails": "limbazu-novada-ca-plans-2021.md",
    "lpp": null,
    "citats": "<td style=\"text-align: center;\">Liepu iela 8, Pociems, Katvaru pagasts, Limbažu novads,</td>",
    "izdevejs": "Limbažu novads (pašvaldība)",
    "geokodesana": "varis_address",
    "adrese_vzd": "Liepu iela 8, Pociems, Katvaru pag., Limbažu nov., LV-4061",
    "vzd_kods": "102195905",
    "plana_lat": null,
    "plana_lon": null,
    "koord_teksts": null,
    "karodzini": [],
    "vietas": 80,
    "gultas": 0,
    "edinasana": "Virtuve ar ēdnīcu: Nav",
    "izvilkuma_piezime": "Group header: Katvaru pagasts; Telpu veidi: Zāle",
    "komentars": "Avots: Limbažu novada CA plāns · 80 vietas · vieta noteikta pēc adreses (VZD)",
    "id": "limbazu-novads-izm-32"
   },
   "geometry": {
    "type": "Point",
    "coordinates": [
     24.847555,
     57.596236
    ]
   }
  },
  {
   "type": "Feature",
   "properties": {
    "kategorija": "izmitinasana",
    "nosaukums": "Liepupes pagasta tautas nams",
    "adrese": "„Mežgravas”, Dunte, Liepupes pagasts, Limbažu novads",
    "pasvaldiba": "Limbažu novads",
    "pasvaldiba_slug": "limbazu-novads",
    "nr_plana": null,
    "avots_teksts": "Avots: Limbažu novada CA plāns",
    "plans_url": "https://www.limbazunovads.lv/lv/media/16552/download?attachment",
    "plans_fails": "limbazu-novada-ca-plans-2021.md",
    "lpp": null,
    "citats": "<td style=\"text-align: center;\">„Mežgravas”, Dunte, Liepupes pagasts, Limbažu novads</td>",
    "izdevejs": "Limbažu novads (pašvaldība)",
    "geokodesana": "varis_address",
    "adrese_vzd": "\"Mežgravas\", Liepupes pag., Limbažu nov., LV-4023",
    "vzd_kods": "105003302",
    "plana_lat": null,
    "plana_lon": null,
    "koord_teksts": null,
    "karodzini": [],
    "vietas": 50,
    "gultas": 0,
    "edinasana": "Virtuve ar ēdnīcu: Nav",
    "izvilkuma_piezime": "Group header: Liepupes pagasts; Telpu veidi: Zāle",
    "komentars": "Avots: Limbažu novada CA plāns · 50 vietas · vieta noteikta pēc adreses (VZD)",
    "id": "limbazu-novads-izm-33"
   },
   "geometry": {
    "type": "Point",
    "coordinates": [
     24.428757,
     57.435978
    ]
   }
  },
  {
   "type": "Feature",
   "properties": {
    "kategorija": "izmitinasana",
    "nosaukums": "Liepupes pamatskola",
    "adrese": "„Veiksmes”, Liepupes pagasts, Limbažu novads",
    "pasvaldiba": "Limbažu novads",
    "pasvaldiba_slug": "limbazu-novads",
    "nr_plana": null,
    "avots_teksts": "Avots: Limbažu novada CA plāns",
    "plans_url": "https://www.limbazunovads.lv/lv/media/16552/download?attachment",
    "plans_fails": "limbazu-novada-ca-plans-2021.md",
    "lpp": null,
    "citats": "<td style=\"text-align: left;\">Liepupes pamatskola</td>",
    "izdevejs": "Limbažu novads (pašvaldība)",
    "geokodesana": "varis_address",
    "adrese_vzd": "\"Veiksmes\", Liepupe, Liepupes pag., Limbažu nov., LV-4023",
    "vzd_kods": "105088880",
    "plana_lat": null,
    "plana_lon": null,
    "koord_teksts": null,
    "karodzini": [],
    "vietas": 250,
    "gultas": 20,
    "edinasana": "Virtuve ar ēdnīcu: Ir",
    "izvilkuma_piezime": "Group header: Liepupes pagasts; Telpu veidi: Zāle, klašu telpas; Guļamvietas as written: '20 bērnu gultas'; Address cell split over several lines; citats is the name line.",
    "komentars": "Avots: Limbažu novada CA plāns · 250 vietas · vieta noteikta pēc adreses (VZD)",
    "id": "limbazu-novads-izm-34"
   },
   "geometry": {
    "type": "Point",
    "coordinates": [
     24.461558,
     57.467328
    ]
   }
  },
  {
   "type": "Feature",
   "properties": {
    "kategorija": "izmitinasana",
    "nosaukums": "Ozolaines PII",
    "adrese": "Ābeļu iela 4, Ozolaine, Limbažu pagasts, Limbažu novads",
    "pasvaldiba": "Limbažu novads",
    "pasvaldiba_slug": "limbazu-novads",
    "nr_plana": null,
    "avots_teksts": "Avots: Limbažu novada CA plāns",
    "plans_url": "https://www.limbazunovads.lv/lv/media/16552/download?attachment",
    "plans_fails": "limbazu-novada-ca-plans-2021.md",
    "lpp": null,
    "citats": "<td style=\"text-align: center;\">Ābeļu iela 4, Ozolaine, Limbažu pagasts, Limbažu novads</td>",
    "izdevejs": "Limbažu novads (pašvaldība)",
    "geokodesana": "varis_address",
    "adrese_vzd": "Ābeļu iela 4, Ozolaine, Limbažu pag., Limbažu nov., LV-4001",
    "vzd_kods": "102197121",
    "plana_lat": null,
    "plana_lon": null,
    "koord_teksts": null,
    "karodzini": [],
    "vietas": 40,
    "gultas": 25,
    "edinasana": "Virtuve ar ēdnīcu: Ir",
    "izvilkuma_piezime": "Group header: Limbažu pagasts; Telpu veidi: Zāle, grupu telpas; Guļamvietas as written: '25 bērnu gultas'",
    "komentars": "Avots: Limbažu novada CA plāns · 40 vietas · vieta noteikta pēc adreses (VZD)",
    "id": "limbazu-novads-izm-35"
   },
   "geometry": {
    "type": "Point",
    "coordinates": [
     24.686717,
     57.517919
    ]
   }
  },
  {
   "type": "Feature",
   "properties": {
    "kategorija": "izmitinasana",
    "nosaukums": "Sabiedriskais centrs „Lādes Vītoli”",
    "adrese": "Lādes Vītoli, Lāde, Limbažu pagasts, Limbažu novads",
    "pasvaldiba": "Limbažu novads",
    "pasvaldiba_slug": "limbazu-novads",
    "nr_plana": null,
    "avots_teksts": "Avots: Limbažu novada CA plāns",
    "plans_url": "https://www.limbazunovads.lv/lv/media/16552/download?attachment",
    "plans_fails": "limbazu-novada-ca-plans-2021.md",
    "lpp": null,
    "citats": "<td style=\"text-align: center;\">Lādes Vītoli, Lāde, Limbažu pagasts, Limbažu novads</td>",
    "izdevejs": "Limbažu novads (pašvaldība)",
    "geokodesana": "varis_address",
    "adrese_vzd": "\"Lādes Vītoli\", Lāde, Limbažu pag., Limbažu nov., LV-4020",
    "vzd_kods": "103677943",
    "plana_lat": null,
    "plana_lon": null,
    "koord_teksts": null,
    "karodzini": [],
    "vietas": 20,
    "gultas": 0,
    "edinasana": "Virtuve ar ēdnīcu: Nav",
    "izvilkuma_piezime": "Group header: Limbažu pagasts; Telpu veidi: Zāle",
    "komentars": "Avots: Limbažu novada CA plāns · 20 vietas · vieta noteikta pēc adreses (VZD)",
    "id": "limbazu-novads-izm-36"
   },
   "geometry": {
    "type": "Point",
    "coordinates": [
     24.61955,
     57.464072
    ]
   }
  },
  {
   "type": "Feature",
   "properties": {
    "kategorija": "izmitinasana",
    "nosaukums": "Lādezera pamatskola",
    "adrese": "Skolas iela 1, Lādezers, Limbažu pagasts, Limbažu novads",
    "pasvaldiba": "Limbažu novads",
    "pasvaldiba_slug": "limbazu-novads",
    "nr_plana": null,
    "avots_teksts": "Avots: Limbažu novada CA plāns",
    "plans_url": "https://www.limbazunovads.lv/lv/media/16552/download?attachment",
    "plans_fails": "limbazu-novada-ca-plans-2021.md",
    "lpp": null,
    "citats": "<td style=\"text-align: center;\">Skolas iela 1, Lādezers, Limbažu pagasts, Limbažu novads</td>",
    "izdevejs": "Limbažu novads (pašvaldība)",
    "geokodesana": "varis_address",
    "adrese_vzd": "Skolas iela 1, Lādezers, Limbažu pag., Limbažu nov., LV-4011",
    "vzd_kods": "106360966",
    "plana_lat": null,
    "plana_lon": null,
    "koord_teksts": null,
    "karodzini": [],
    "vietas": 100,
    "gultas": 0,
    "edinasana": "Virtuve ar ēdnīcu: Nav",
    "izvilkuma_piezime": "Group header: Limbažu pagasts; Telpu veidi: Zāle, mācību klases, internāts, Sporta zāle",
    "komentars": "Avots: Limbažu novada CA plāns · 100 vietas · vieta noteikta pēc adreses (VZD)",
    "id": "limbazu-novads-izm-37"
   },
   "geometry": {
    "type": "Point",
    "coordinates": [
     24.699882,
     57.421519
    ]
   }
  },
  {
   "type": "Feature",
   "properties": {
    "kategorija": "izmitinasana",
    "nosaukums": "Lādezera pamatskolas pirmsskolas grupa",
    "adrese": "Agru iela 3, Lādezers, Limbažu pagasts, Limbažu novads",
    "pasvaldiba": "Limbažu novads",
    "pasvaldiba_slug": "limbazu-novads",
    "nr_plana": null,
    "avots_teksts": "Avots: Limbažu novada CA plāns",
    "plans_url": "https://www.limbazunovads.lv/lv/media/16552/download?attachment",
    "plans_fails": "limbazu-novada-ca-plans-2021.md",
    "lpp": null,
    "citats": "<td style=\"text-align: center;\">Lādezera pamatskolas pirmsskolas grupa</td>",
    "izdevejs": "Limbažu novads (pašvaldība)",
    "geokodesana": "varis_address",
    "adrese_vzd": "Agru iela 3, Lādezers, Limbažu pag., Limbažu nov., LV-4011",
    "vzd_kods": "106351217",
    "plana_lat": null,
    "plana_lon": null,
    "koord_teksts": null,
    "karodzini": [],
    "vietas": 60,
    "gultas": 48,
    "edinasana": "Virtuve ar ēdnīcu: Ir",
    "izvilkuma_piezime": "Group header: Limbažu pagasts; Telpu veidi: Zāle, internāts, grupu telpas; Guļamvietas as written: '28 guļvietas (internātā) 20 bērnu gultas (pirmsskolas telpās)' (summed); Address cell split over several lines; citats is the name line.",
    "komentars": "Avots: Limbažu novada CA plāns · 60 vietas · vieta noteikta pēc adreses (VZD)",
    "id": "limbazu-novads-izm-38"
   },
   "geometry": {
    "type": "Point",
    "coordinates": [
     24.693396,
     57.420328
    ]
   }
  },
  {
   "type": "Feature",
   "properties": {
    "kategorija": "izmitinasana",
    "nosaukums": "Pāles pamatskola un sporta zāle",
    "adrese": "Skolotāju iela 4, Pāle, Pāles pagasts, Limbažu novads,",
    "pasvaldiba": "Limbažu novads",
    "pasvaldiba_slug": "limbazu-novads",
    "nr_plana": null,
    "avots_teksts": "Avots: Limbažu novada CA plāns",
    "plans_url": "https://www.limbazunovads.lv/lv/media/16552/download?attachment",
    "plans_fails": "limbazu-novada-ca-plans-2021.md",
    "lpp": null,
    "citats": "<td style=\"text-align: center;\">Skolotāju iela 4, Pāle, Pāles pagasts, Limbažu novads, </td>",
    "izdevejs": "Limbažu novads (pašvaldība)",
    "geokodesana": "varis_address",
    "adrese_vzd": "Skolotāju iela 4, Pāle, Pāles pag., Limbažu nov., LV-4052",
    "vzd_kods": "104748394",
    "plana_lat": null,
    "plana_lon": null,
    "koord_teksts": null,
    "karodzini": [],
    "vietas": 150,
    "gultas": 0,
    "edinasana": "Virtuve ar ēdnīcu: Ir",
    "izvilkuma_piezime": "Group header: Pāles pagasts; Telpu veidi: Zāle, mācību klases, sporta zāle",
    "komentars": "Avots: Limbažu novada CA plāns · 150 vietas · vieta noteikta pēc adreses (VZD)",
    "id": "limbazu-novads-izm-39"
   },
   "geometry": {
    "type": "Point",
    "coordinates": [
     24.673496,
     57.695732
    ]
   }
  },
  {
   "type": "Feature",
   "properties": {
    "kategorija": "izmitinasana",
    "nosaukums": "Pirmsskolas izglītības iestāde „Vilnītis” Svētciema filiāle",
    "adrese": "Dārza iela 26, Svētciems, Salacgrīvas pagasts, Limbažu novads",
    "pasvaldiba": "Limbažu novads",
    "pasvaldiba_slug": "limbazu-novads",
    "nr_plana": null,
    "avots_teksts": "Avots: Limbažu novada CA plāns",
    "plans_url": "https://www.limbazunovads.lv/lv/media/16552/download?attachment",
    "plans_fails": "limbazu-novada-ca-plans-2021.md",
    "lpp": null,
    "citats": "<td style=\"text-align: center;\">Dārza iela 26, Svētciems, Salacgrīvas pagasts, Limbažu novads</td>",
    "izdevejs": "Limbažu novads (pašvaldība)",
    "geokodesana": "varis_address",
    "adrese_vzd": "Dārza iela 26, Svētciems, Salacgrīvas pag., Limbažu nov., LV-4033",
    "vzd_kods": "103924126",
    "plana_lat": null,
    "plana_lon": null,
    "koord_teksts": null,
    "karodzini": [],
    "vietas": 30,
    "gultas": 20,
    "edinasana": "Virtuve ar ēdnīcu: Ir",
    "izvilkuma_piezime": "Group header: Salacgrīvas pagasts; Telpu veidi: Zāle, grupu telpas; Guļamvietas as written: '20 bērnu gultas'",
    "komentars": "Avots: Limbažu novada CA plāns · 30 vietas · vieta noteikta pēc adreses (VZD)",
    "id": "limbazu-novads-izm-40"
   },
   "geometry": {
    "type": "Point",
    "coordinates": [
     24.382388,
     57.702526
    ]
   }
  },
  {
   "type": "Feature",
   "properties": {
    "kategorija": "izmitinasana",
    "nosaukums": "Multifunkcionālais Skultes centrs",
    "adrese": "Edgara Liepiņa iela 2, Skultes pagasts, Limbažu novads",
    "pasvaldiba": "Limbažu novads",
    "pasvaldiba_slug": "limbazu-novads",
    "nr_plana": null,
    "avots_teksts": "Avots: Limbažu novada CA plāns",
    "plans_url": "https://www.limbazunovads.lv/lv/media/16552/download?attachment",
    "plans_fails": "limbazu-novada-ca-plans-2021.md",
    "lpp": null,
    "citats": "<td style=\"text-align: center;\">Edgara Liepiņa iela 2, Skultes pagasts, Limbažu novads</td>",
    "izdevejs": "Limbažu novads (pašvaldība)",
    "geokodesana": "varis_address",
    "adrese_vzd": "Edgara Liepiņa iela 2, Skulte, Skultes pag., Limbažu nov., LV-4025",
    "vzd_kods": "106247402",
    "plana_lat": null,
    "plana_lon": null,
    "koord_teksts": null,
    "karodzini": [],
    "vietas": 50,
    "gultas": 0,
    "edinasana": "Virtuve ar ēdnīcu: Nav",
    "izvilkuma_piezime": "Group header: Skultes pagasts; Telpu veidi: Zāle",
    "komentars": "Avots: Limbažu novada CA plāns · 50 vietas · vieta noteikta pēc adreses (VZD)",
    "id": "limbazu-novads-izm-41"
   },
   "geometry": {
    "type": "Point",
    "coordinates": [
     24.441468,
     57.330301
    ]
   }
  },
  {
   "type": "Feature",
   "properties": {
    "kategorija": "izmitinasana",
    "nosaukums": "Umurgas pamatskola",
    "adrese": "Skolas iela 8A, Umurga, Umurgas pagasts, Limbažu novads",
    "pasvaldiba": "Limbažu novads",
    "pasvaldiba_slug": "limbazu-novads",
    "nr_plana": null,
    "avots_teksts": "Avots: Limbažu novada CA plāns",
    "plans_url": "https://www.limbazunovads.lv/lv/media/16552/download?attachment",
    "plans_fails": "limbazu-novada-ca-plans-2021.md",
    "lpp": null,
    "citats": "<td style=\"text-align: center;\">Skolas iela 8A, Umurga, Umurgas pagasts, Limbažu novads</td>",
    "izdevejs": "Limbažu novads (pašvaldība)",
    "geokodesana": "varis_address",
    "adrese_vzd": "Skolas iela 8A, Umurga, Umurgas pag., Limbažu nov., LV-4004",
    "vzd_kods": "105089577",
    "plana_lat": null,
    "plana_lon": null,
    "koord_teksts": null,
    "karodzini": [],
    "vietas": 50,
    "gultas": 0,
    "edinasana": "Virtuve ar ēdnīcu: Ir",
    "izvilkuma_piezime": "Group header: Umurgas pagasts; Telpu veidi: Zāle, mācību klašu telpas",
    "komentars": "Avots: Limbažu novada CA plāns · 50 vietas · vieta noteikta pēc adreses (VZD)",
    "id": "limbazu-novads-izm-42"
   },
   "geometry": {
    "type": "Point",
    "coordinates": [
     24.798647,
     57.527656
    ]
   }
  },
  {
   "type": "Feature",
   "properties": {
    "kategorija": "izmitinasana",
    "nosaukums": "Umurgas kultūras nams",
    "adrese": "Cēsu iela 6, Umurga, Umurgas pagasts, Limbažu novads",
    "pasvaldiba": "Limbažu novads",
    "pasvaldiba_slug": "limbazu-novads",
    "nr_plana": null,
    "avots_teksts": "Avots: Limbažu novada CA plāns",
    "plans_url": "https://www.limbazunovads.lv/lv/media/16552/download?attachment",
    "plans_fails": "limbazu-novada-ca-plans-2021.md",
    "lpp": null,
    "citats": "<td style=\"text-align: center;\">Cēsu iela 6, Umurga, Umurgas pagasts, Limbažu novads</td>",
    "izdevejs": "Limbažu novads (pašvaldība)",
    "geokodesana": "varis_address",
    "adrese_vzd": "Cēsu iela 6, Umurga, Umurgas pag., Limbažu nov., LV-4004",
    "vzd_kods": "101447616",
    "plana_lat": null,
    "plana_lon": null,
    "koord_teksts": null,
    "karodzini": [],
    "vietas": 100,
    "gultas": 0,
    "edinasana": "Virtuve ar ēdnīcu: Nav",
    "izvilkuma_piezime": "Group header: Umurgas pagasts; Telpu veidi: zāle",
    "komentars": "Avots: Limbažu novada CA plāns · 100 vietas · vieta noteikta pēc adreses (VZD)",
    "id": "limbazu-novads-izm-43"
   },
   "geometry": {
    "type": "Point",
    "coordinates": [
     24.809204,
     57.518078
    ]
   }
  },
  {
   "type": "Feature",
   "properties": {
    "kategorija": "izmitinasana",
    "nosaukums": "Sporta un kultūras centrs „Vidriži”",
    "adrese": "Skolas iela 6A, Vidriži, Vidrižu pagasts, Limbažu novads",
    "pasvaldiba": "Limbažu novads",
    "pasvaldiba_slug": "limbazu-novads",
    "nr_plana": null,
    "avots_teksts": "Avots: Limbažu novada CA plāns",
    "plans_url": "https://www.limbazunovads.lv/lv/media/16552/download?attachment",
    "plans_fails": "limbazu-novada-ca-plans-2021.md",
    "lpp": null,
    "citats": "<td style=\"text-align: center;\">Skolas iela 6A, Vidriži, Vidrižu pagasts, Limbažu novads</td>",
    "izdevejs": "Limbažu novads (pašvaldība)",
    "geokodesana": "varis_address",
    "adrese_vzd": "Skolas iela 6A, Vidriži, Vidrižu pag., Limbažu nov., LV-4013",
    "vzd_kods": "105701286",
    "plana_lat": null,
    "plana_lon": null,
    "koord_teksts": null,
    "karodzini": [],
    "vietas": 200,
    "gultas": 70,
    "edinasana": "Virtuve ar ēdnīcu: Nav",
    "izvilkuma_piezime": "Group header: Vidrižu pagasts; Telpu veidi: zāle",
    "komentars": "Avots: Limbažu novada CA plāns · 200 vietas · vieta noteikta pēc adreses (VZD)",
    "id": "limbazu-novads-izm-44"
   },
   "geometry": {
    "type": "Point",
    "coordinates": [
     24.660473,
     57.345507
    ]
   }
  },
  {
   "type": "Feature",
   "properties": {
    "kategorija": "izmitinasana",
    "nosaukums": "Viļķenes kultūras nams",
    "adrese": "Dārza iela 1, Viļķene, Viļķenes pagasts, Limbažu novads",
    "pasvaldiba": "Limbažu novads",
    "pasvaldiba_slug": "limbazu-novads",
    "nr_plana": null,
    "avots_teksts": "Avots: Limbažu novada CA plāns",
    "plans_url": "https://www.limbazunovads.lv/lv/media/16552/download?attachment",
    "plans_fails": "limbazu-novada-ca-plans-2021.md",
    "lpp": null,
    "citats": "<td style=\"text-align: center;\">Dārza iela 1, Viļķene, Viļķenes pagasts,  Limbažu novads</td>",
    "izdevejs": "Limbažu novads (pašvaldība)",
    "geokodesana": "varis_address",
    "adrese_vzd": "Dārza iela 1, Viļķene, Viļķenes pag., Limbažu nov., LV-4050",
    "vzd_kods": "101447673",
    "plana_lat": null,
    "plana_lon": null,
    "koord_teksts": null,
    "karodzini": [],
    "vietas": 200,
    "gultas": 0,
    "edinasana": "Virtuve ar ēdnīcu: Ir",
    "izvilkuma_piezime": "Group header: Viļķenes pagasts; Telpu veidi: Zāle, mazā zāle",
    "komentars": "Avots: Limbažu novada CA plāns · 200 vietas · vieta noteikta pēc adreses (VZD)",
    "id": "limbazu-novads-izm-45"
   },
   "geometry": {
    "type": "Point",
    "coordinates": [
     24.60834,
     57.608248
    ]
   }
  },
  {
   "type": "Feature",
   "properties": {
    "kategorija": "izmitinasana",
    "nosaukums": "Baumaņu Kārļa Viļķenes pamatskola",
    "adrese": "“Viļķenes skola”, Viļķene, Viļķenes pagasts, Limbažu novads",
    "pasvaldiba": "Limbažu novads",
    "pasvaldiba_slug": "limbazu-novads",
    "nr_plana": null,
    "avots_teksts": "Avots: Limbažu novada CA plāns",
    "plans_url": "https://www.limbazunovads.lv/lv/media/16552/download?attachment",
    "plans_fails": "limbazu-novada-ca-plans-2021.md",
    "lpp": null,
    "citats": "<td style=\"text-align: center;\">“Viļķenes skola”, Viļķene, Viļķenes pagasts, Limbažu novads </td>",
    "izdevejs": "Limbažu novads (pašvaldība)",
    "geokodesana": "varis_address",
    "adrese_vzd": "\"Viļķenes skola\", Viļķene, Viļķenes pag., Limbažu nov., LV-4050",
    "vzd_kods": "104753812",
    "plana_lat": null,
    "plana_lon": null,
    "koord_teksts": null,
    "karodzini": [],
    "vietas": 300,
    "gultas": 30,
    "edinasana": "Virtuve ar ēdnīcu: Ir",
    "izvilkuma_piezime": "Group header: Viļķenes pagasts; Telpu veidi: Sporta halle, mācību klases, zāle, internāts",
    "komentars": "Avots: Limbažu novada CA plāns · 300 vietas · vieta noteikta pēc adreses (VZD)",
    "id": "limbazu-novads-izm-46"
   },
   "geometry": {
    "type": "Point",
    "coordinates": [
     24.597746,
     57.614732
    ]
   }
  },
  {
   "type": "Feature",
   "properties": {
    "kategorija": "izmitinasana",
    "nosaukums": "Viļķenes pirmsskolas izglītības iestāde",
    "adrese": "Briežu gatve 6A, Viļķene, Viļķenes pagasts, Limbažu novads",
    "pasvaldiba": "Limbažu novads",
    "pasvaldiba_slug": "limbazu-novads",
    "nr_plana": null,
    "avots_teksts": "Avots: Limbažu novada CA plāns",
    "plans_url": "https://www.limbazunovads.lv/lv/media/16552/download?attachment",
    "plans_fails": "limbazu-novada-ca-plans-2021.md",
    "lpp": null,
    "citats": "<td style=\"text-align: center;\">Briežu gatve 6A, Viļķene, Viļķenes pagasts, Limbažu novads</td>",
    "izdevejs": "Limbažu novads (pašvaldība)",
    "geokodesana": "varis_address",
    "adrese_vzd": "Briežu gatve 6A, Viļķene, Viļķenes pag., Limbažu nov., LV-4050",
    "vzd_kods": "103472382",
    "plana_lat": null,
    "plana_lon": null,
    "koord_teksts": null,
    "karodzini": [],
    "vietas": 80,
    "gultas": 44,
    "edinasana": "Virtuve ar ēdnīcu: Ir",
    "izvilkuma_piezime": "Group header: Viļķenes pagasts; Telpu veidi: Zāle, grupiņu telpas; Guļamvietas as written: '44 bērnu gultas'",
    "komentars": "Avots: Limbažu novada CA plāns · 80 vietas · vieta noteikta pēc adreses (VZD)",
    "id": "limbazu-novads-izm-47"
   },
   "geometry": {
    "type": "Point",
    "coordinates": [
     24.609999,
     57.611485
    ]
   }
  },
  {
   "type": "Feature",
   "properties": {
    "kategorija": "izmitinasana",
    "nosaukums": "Ludzas kultūras nams",
    "adrese": "Stacijas iela 41, Ludza, Ludzas novads",
    "pasvaldiba": "Ludzas novads",
    "pasvaldiba_slug": "ludzas-novads",
    "nr_plana": 1,
    "avots_teksts": "Avots: Ludzas novada CA plāns, lpp. 14",
    "plans_url": "https://www.ludzasnovads.lv/lv/media/50222/download?attachment",
    "plans_fails": "LSTCAP_pielikumi_publiskojams.md",
    "lpp": 14,
    "citats": "|1|Ludzas<br>kultūras nams|Kultūras<br>iestāde|Stacijas iela 41,<br>Ludza, Ludzas<br>novads|2 zāles, vestibils|250|nav|nav|Centrālā<br>apkure|",
    "izdevejs": "Ludzas novads (pašvaldība)",
    "geokodesana": "varis_address",
    "adrese_vzd": "Stacijas iela 41, Ludza, Ludzas nov., LV-5701",
    "vzd_kods": "101418482",
    "plana_lat": null,
    "plana_lon": null,
    "koord_teksts": null,
    "karodzini": [],
    "vietas": 250,
    "gultas": 0,
    "edinasana": "Virtuve ar ēdnīcu: nav",
    "izvilkuma_piezime": "Ēkas tips: Kultūras iestāde; telpu veids: 2 zāles, vestibils; apkure: Centrālā apkure",
    "komentars": "Avots: Ludzas novada CA plāns, lpp. 14 · 250 vietas · vieta noteikta pēc adreses (VZD)",
    "id": "ludzas-novads-izm-1"
   },
   "geometry": {
    "type": "Point",
    "coordinates": [
     27.71991,
     56.54361
    ]
   }
  },
  {
   "type": "Feature",
   "properties": {
    "kategorija": "izmitinasana",
    "nosaukums": "Ludzas kinoteātris",
    "adrese": "Skolas iela 26, Ludza, Ludzas novads",
    "pasvaldiba": "Ludzas novads",
    "pasvaldiba_slug": "ludzas-novads",
    "nr_plana": 2,
    "avots_teksts": "Avots: Ludzas novada CA plāns, lpp. 14",
    "plans_url": "https://www.ludzasnovads.lv/lv/media/50222/download?attachment",
    "plans_fails": "LSTCAP_pielikumi_publiskojams.md",
    "lpp": 14,
    "citats": "|2|Ludzas<br>kinoteātris|Kultūras<br>iestāde|Skolas iela 26,<br>Ludza, Ludzas<br>novads|Zāle, vestibils|150|nav|nav|Centrālā<br>apkure|",
    "izdevejs": "Ludzas novads (pašvaldība)",
    "geokodesana": "varis_address",
    "adrese_vzd": "Skolas iela 26, Ludza, Ludzas nov., LV-5701",
    "vzd_kods": "102663970",
    "plana_lat": null,
    "plana_lon": null,
    "koord_teksts": null,
    "karodzini": [],
    "vietas": 150,
    "gultas": 0,
    "edinasana": "Virtuve ar ēdnīcu: nav",
    "izvilkuma_piezime": "Ēkas tips: Kultūras iestāde; telpu veids: Zāle, vestibils; apkure: Centrālā apkure",
    "komentars": "Avots: Ludzas novada CA plāns, lpp. 14 · 150 vietas · vieta noteikta pēc adreses (VZD)",
    "id": "ludzas-novads-izm-2"
   },
   "geometry": {
    "type": "Point",
    "coordinates": [
     27.718973,
     56.544428
    ]
   }
  },
  {
   "type": "Feature",
   "properties": {
    "kategorija": "izmitinasana",
    "nosaukums": "Ludzas novada 2.vsk. dienesta viesnīca",
    "adrese": "Blaumaņa iela 4a, Ludza, Ludzas novads",
    "pasvaldiba": "Ludzas novads",
    "pasvaldiba_slug": "ludzas-novads",
    "nr_plana": 3,
    "avots_teksts": "Avots: Ludzas novada CA plāns, lpp. 14",
    "plans_url": "https://www.ludzasnovads.lv/lv/media/50222/download?attachment",
    "plans_fails": "LSTCAP_pielikumi_publiskojams.md",
    "lpp": 14,
    "citats": "|3|Ludzas<br>novada  2.vsk.<br>dienesta<br>viesnīca|Dienesta<br>viesnīca|Blaumaņa iela 4a,<br>Ludza, Ludzas<br>novads|Dzīvojamās telpas,<br>konferenču zāle|50|ir|72|Centrālā<br>apkure|",
    "izdevejs": "Ludzas novads (pašvaldība)",
    "geokodesana": "varis_address",
    "adrese_vzd": "Blaumaņa iela 4A, Ludza, Ludzas nov., LV-5701",
    "vzd_kods": "101409947",
    "plana_lat": null,
    "plana_lon": null,
    "koord_teksts": null,
    "karodzini": [],
    "vietas": 50,
    "gultas": 72,
    "edinasana": "Virtuve ar ēdnīcu: ir",
    "izvilkuma_piezime": "Ēkas tips: Dienesta viesnīca; telpu veids: Dzīvojamās telpas, konferenču zāle; apkure: Centrālā apkure",
    "komentars": "Avots: Ludzas novada CA plāns, lpp. 14 · 50 vietas · vieta noteikta pēc adreses (VZD)",
    "id": "ludzas-novads-izm-3"
   },
   "geometry": {
    "type": "Point",
    "coordinates": [
     27.716256,
     56.540772
    ]
   }
  },
  {
   "type": "Feature",
   "properties": {
    "kategorija": "izmitinasana",
    "nosaukums": "Nirzas pagasta kultūras nams",
    "adrese": "“Pašvaldība”, Nirza, Nirzas pagasts, Ludzas novads",
    "pasvaldiba": "Ludzas novads",
    "pasvaldiba_slug": "ludzas-novads",
    "nr_plana": 5,
    "avots_teksts": "Avots: Ludzas novada CA plāns, lpp. 14",
    "plans_url": "https://www.ludzasnovads.lv/lv/media/50222/download?attachment",
    "plans_fails": "LSTCAP_pielikumi_publiskojams.md",
    "lpp": 14,
    "citats": "|5|Nirzas pagasta<br>kultūras nams|<br>Kultūras<br>iestāde|“Pašvaldība”, Nirza,<br>Nirzas pagasts,<br>Ludzas novads|zāle|30|nav|nav|Centrālā<br>apkure|",
    "izdevejs": "Ludzas novads (pašvaldība)",
    "geokodesana": "varis_address",
    "adrese_vzd": "\"Pašvaldība\", Nirza, Nirzas pag., Ludzas nov., LV-5729",
    "vzd_kods": "106162922",
    "plana_lat": null,
    "plana_lon": null,
    "koord_teksts": null,
    "karodzini": [],
    "vietas": 30,
    "gultas": 0,
    "edinasana": "Virtuve ar ēdnīcu: nav",
    "izvilkuma_piezime": "Ēkas tips: Kultūras iestāde; telpu veids: zāle; apkure: Centrālā apkure",
    "komentars": "Avots: Ludzas novada CA plāns, lpp. 14 · 30 vietas · vieta noteikta pēc adreses (VZD)",
    "id": "ludzas-novads-izm-4"
   },
   "geometry": {
    "type": "Point",
    "coordinates": [
     27.930703,
     56.406473
    ]
   }
  },
  {
   "type": "Feature",
   "properties": {
    "kategorija": "izmitinasana",
    "nosaukums": "Istras pagasta kultūras nams",
    "adrese": "“Pagastmāja”, Vecslabada, Istras pagasts, Ludzas novads",
    "pasvaldiba": "Ludzas novads",
    "pasvaldiba_slug": "ludzas-novads",
    "nr_plana": 6,
    "avots_teksts": "Avots: Ludzas novada CA plāns, lpp. 14",
    "plans_url": "https://www.ludzasnovads.lv/lv/media/50222/download?attachment",
    "plans_fails": "LSTCAP_pielikumi_publiskojams.md",
    "lpp": 14,
    "citats": "|6|Istras pagasta<br>kultūras nams|Kultūras<br>iestāde|“Pagastmāja”,<br>Vecslabada, Istras<br>pagasts, Ludzas<br>novads|zāle|50|nav|nav|Centrāla<br>apkure|",
    "izdevejs": "Ludzas novads (pašvaldība)",
    "geokodesana": "varis_address",
    "adrese_vzd": "\"Pagastmāja\", Vecslabada, Istras pag., Ludzas nov., LV-5748",
    "vzd_kods": "106162947",
    "plana_lat": null,
    "plana_lon": null,
    "koord_teksts": null,
    "karodzini": [],
    "vietas": 50,
    "gultas": 0,
    "edinasana": "Virtuve ar ēdnīcu: nav",
    "izvilkuma_piezime": "Ēkas tips: Kultūras iestāde; telpu veids: zāle; apkure: Centrāla apkure",
    "komentars": "Avots: Ludzas novada CA plāns, lpp. 14 · 50 vietas · vieta noteikta pēc adreses (VZD)",
    "id": "ludzas-novads-izm-5"
   },
   "geometry": {
    "type": "Point",
    "coordinates": [
     27.98624,
     56.256731
    ]
   }
  },
  {
   "type": "Feature",
   "properties": {
    "kategorija": "izmitinasana",
    "nosaukums": "Rundēnu pagasta kultūras nams",
    "adrese": "Latgales iela 10, Rundēni, Rundēnu pagasts, Ludzas novads",
    "pasvaldiba": "Ludzas novads",
    "pasvaldiba_slug": "ludzas-novads",
    "nr_plana": 7,
    "avots_teksts": "Avots: Ludzas novada CA plāns, lpp. 14",
    "plans_url": "https://www.ludzasnovads.lv/lv/media/50222/download?attachment",
    "plans_fails": "LSTCAP_pielikumi_publiskojams.md",
    "lpp": 14,
    "citats": "|7|Rundēnu<br>pagasta<br>kultūras nams|Kultūras<br>iestāde|Latgales iela 10,<br>Rundēni, Rundēnu<br>pagasts, Ludzas<br>novads|zāle|30|nav|nav|Centrālā<br>apkure|",
    "izdevejs": "Ludzas novads (pašvaldība)",
    "geokodesana": "varis_address",
    "adrese_vzd": "Latgales iela 10, Rundēni, Rundēnu pag., Ludzas nov., LV-5739",
    "vzd_kods": "105774928",
    "plana_lat": null,
    "plana_lon": null,
    "koord_teksts": null,
    "karodzini": [],
    "vietas": 30,
    "gultas": 0,
    "edinasana": "Virtuve ar ēdnīcu: nav",
    "izvilkuma_piezime": "Ēkas tips: Kultūras iestāde; telpu veids: zāle; apkure: Centrālā apkure",
    "komentars": "Avots: Ludzas novada CA plāns, lpp. 14 · 30 vietas · vieta noteikta pēc adreses (VZD)",
    "id": "ludzas-novads-izm-6"
   },
   "geometry": {
    "type": "Point",
    "coordinates": [
     27.820945,
     56.280556
    ]
   }
  },
  {
   "type": "Feature",
   "properties": {
    "kategorija": "izmitinasana",
    "nosaukums": "Pildas pagasta kultūras nams",
    "adrese": "Liepu iela 3, Pilda, Pildas pagasts, Ludzas novads",
    "pasvaldiba": "Ludzas novads",
    "pasvaldiba_slug": "ludzas-novads",
    "nr_plana": 8,
    "avots_teksts": "Avots: Ludzas novada CA plāns, lpp. 14",
    "plans_url": "https://www.ludzasnovads.lv/lv/media/50222/download?attachment",
    "plans_fails": "LSTCAP_pielikumi_publiskojams.md",
    "lpp": 14,
    "citats": "|8|Pildas pagasta<br>kultūras nams|<br>Kultūras<br>iestāde|Liepu iela 3, Pilda,<br>Pildas pagasts,<br>Ludzas novads|zāle|70|nav|nav|Centrālā<br>apkure|",
    "izdevejs": "Ludzas novads (pašvaldība)",
    "geokodesana": "varis_address",
    "adrese_vzd": "Liepu iela 3, Pilda, Pildas pag., Ludzas nov., LV-5733",
    "vzd_kods": "105752767",
    "plana_lat": null,
    "plana_lon": null,
    "koord_teksts": null,
    "karodzini": [],
    "vietas": 70,
    "gultas": 0,
    "edinasana": "Virtuve ar ēdnīcu: nav",
    "izvilkuma_piezime": "Ēkas tips: Kultūras iestāde; telpu veids: zāle; apkure: Centrālā apkure",
    "komentars": "Avots: Ludzas novada CA plāns, lpp. 14 · 70 vietas · vieta noteikta pēc adreses (VZD)",
    "id": "ludzas-novads-izm-7"
   },
   "geometry": {
    "type": "Point",
    "coordinates": [
     27.744538,
     56.407328
    ]
   }
  },
  {
   "type": "Feature",
   "properties": {
    "kategorija": "izmitinasana",
    "nosaukums": "Ņukšu pagasta kultūras nams",
    "adrese": "Ņukši, Ņukšu pagasts, Ludzas novads",
    "pasvaldiba": "Ludzas novads",
    "pasvaldiba_slug": "ludzas-novads",
    "nr_plana": 9,
    "avots_teksts": "Avots: Ludzas novada CA plāns, lpp. 14",
    "plans_url": "https://www.ludzasnovads.lv/lv/media/50222/download?attachment",
    "plans_fails": "LSTCAP_pielikumi_publiskojams.md",
    "lpp": 14,
    "citats": "|9|Ņukšu pagasta<br>kultūras nams|<br>Kultūras<br>iestāde|Ņukši, Ņukšu<br>pagasts, Ludzas<br>novads|zāle|30|nav|nav|Autonomā<br>apkure|",
    "izdevejs": "Ludzas novads (pašvaldība)",
    "geokodesana": "varis_address",
    "adrese_vzd": "\"Ņukši\", Pilda, Ņukšu pag., Ludzas nov., LV-5730",
    "vzd_kods": "106177661",
    "plana_lat": null,
    "plana_lon": null,
    "koord_teksts": null,
    "karodzini": [],
    "vietas": 30,
    "gultas": 0,
    "edinasana": "Virtuve ar ēdnīcu: nav",
    "izvilkuma_piezime": "Ēkas tips: Kultūras iestāde; telpu veids: zāle; apkure: Autonomā apkure",
    "komentars": "Avots: Ludzas novada CA plāns, lpp. 14 · 30 vietas · vieta noteikta pēc adreses (VZD)",
    "id": "ludzas-novads-izm-8"
   },
   "geometry": {
    "type": "Point",
    "coordinates": [
     27.729341,
     56.456081
    ]
   }
  },
  {
   "type": "Feature",
   "properties": {
    "kategorija": "izmitinasana",
    "nosaukums": "Pildas, Ņukšu un Pureņu pagastu apvienības pārvaldes ēka",
    "adrese": "Kalna iela 3, Kivdolova, Pureņu pagasts, Ludzas novads",
    "pasvaldiba": "Ludzas novads",
    "pasvaldiba_slug": "ludzas-novads",
    "nr_plana": 10,
    "avots_teksts": "Avots: Ludzas novada CA plāns, lpp. 14",
    "plans_url": "https://www.ludzasnovads.lv/lv/media/50222/download?attachment",
    "plans_fails": "LSTCAP_pielikumi_publiskojams.md",
    "lpp": 14,
    "citats": "|10|Pildas, Ņukšu<br>un Pureņu<br>pagastu<br>apvienības<br>pārvaldes ēka|Administratī<br>vā ēka|Kalna iela 3,<br>Kivdolova, Pureņu<br>pagasts, Ludzas<br>novads|zāle|30|nav|nav|Centrālā<br>apkure|",
    "izdevejs": "Ludzas novads (pašvaldība)",
    "geokodesana": "varis_address",
    "adrese_vzd": "Kalna iela 3, Kivdolova, Pureņu pag., Ludzas nov., LV-5745",
    "vzd_kods": "105863360",
    "plana_lat": null,
    "plana_lon": null,
    "koord_teksts": null,
    "karodzini": [],
    "vietas": 30,
    "gultas": 0,
    "edinasana": "Virtuve ar ēdnīcu: nav",
    "izvilkuma_piezime": "Ēkas tips: Administratī vā ēka; telpu veids: zāle; apkure: Centrālā apkure",
    "komentars": "Avots: Ludzas novada CA plāns, lpp. 14 · 30 vietas · vieta noteikta pēc adreses (VZD)",
    "id": "ludzas-novads-izm-9"
   },
   "geometry": {
    "type": "Point",
    "coordinates": [
     27.664425,
     56.455555
    ]
   }
  },
  {
   "type": "Feature",
   "properties": {
    "kategorija": "izmitinasana",
    "nosaukums": "Isnaudas un Cirmas pagastu apvienības pārvaldes ēka",
    "adrese": "Pagasta iela 2, Tutāni, Cirmas pagasts, Ludzas novads",
    "pasvaldiba": "Ludzas novads",
    "pasvaldiba_slug": "ludzas-novads",
    "nr_plana": 11,
    "avots_teksts": "Avots: Ludzas novada CA plāns, lpp. 15",
    "plans_url": "https://www.ludzasnovads.lv/lv/media/50222/download?attachment",
    "plans_fails": "LSTCAP_pielikumi_publiskojams.md",
    "lpp": 15,
    "citats": "|11|Isnaudas un<br>Cirmas<br>pagastu<br>apvienības<br>pārvaldes ēka<br>|Administratī<br>vā ēka|Pagasta iela 2,<br>Tutāni, Cirmas<br>pagasts, Ludzas<br>novads|zāle|30|nav|nav|Centrālā<br>apkure|",
    "izdevejs": "Ludzas novads (pašvaldība)",
    "geokodesana": "varis_address",
    "adrese_vzd": "Pagasta iela 2, Tutāni, Cirmas pag., Ludzas nov., LV-5735",
    "vzd_kods": "105730766",
    "plana_lat": null,
    "plana_lon": null,
    "koord_teksts": null,
    "karodzini": [],
    "vietas": 30,
    "gultas": 0,
    "edinasana": "Virtuve ar ēdnīcu: nav",
    "izvilkuma_piezime": "Ēkas tips: Administratī vā ēka; telpu veids: zāle; apkure: Centrālā apkure",
    "komentars": "Avots: Ludzas novada CA plāns, lpp. 15 · 30 vietas · vieta noteikta pēc adreses (VZD)",
    "id": "ludzas-novads-izm-10"
   },
   "geometry": {
    "type": "Point",
    "coordinates": [
     27.630734,
     56.538653
    ]
   }
  },
  {
   "type": "Feature",
   "properties": {
    "kategorija": "izmitinasana",
    "nosaukums": "Ciblas pagasta kultūras nams",
    "adrese": "Muižas iela 1, Cibla, Ciblas pagasts, Ludzasnovads",
    "pasvaldiba": "Ludzas novads",
    "pasvaldiba_slug": "ludzas-novads",
    "nr_plana": 12,
    "avots_teksts": "Avots: Ludzas novada CA plāns, lpp. 15",
    "plans_url": "https://www.ludzasnovads.lv/lv/media/50222/download?attachment",
    "plans_fails": "LSTCAP_pielikumi_publiskojams.md",
    "lpp": 15,
    "citats": "|12|<sup>Ciblas pagasta</sup><br>kultūras nams|Kultūras<br>iestāde<br>|Muižas iela 1, Cibla,<br>Ciblas pagasts,<br>Ludzasnovads|<br>zāle|50|nav|nav|Centrālā<br>apkure|",
    "izdevejs": "Ludzas novads (pašvaldība)",
    "geokodesana": "varis_address",
    "adrese_vzd": "Muižas iela 1, Cibla, Ciblas pag., Ludzas nov., LV-5709",
    "vzd_kods": "105733868",
    "plana_lat": null,
    "plana_lon": null,
    "koord_teksts": null,
    "karodzini": [],
    "vietas": 50,
    "gultas": 0,
    "edinasana": "Virtuve ar ēdnīcu: nav",
    "izvilkuma_piezime": "Ēkas tips: Kultūras iestāde; telpu veids: zāle; apkure: Centrālā apkure",
    "komentars": "Avots: Ludzas novada CA plāns, lpp. 15 · 50 vietas · vieta noteikta pēc adreses (VZD)",
    "id": "ludzas-novads-izm-11"
   },
   "geometry": {
    "type": "Point",
    "coordinates": [
     27.882129,
     56.549291
    ]
   }
  },
  {
   "type": "Feature",
   "properties": {
    "kategorija": "izmitinasana",
    "nosaukums": "Blontu pagasta kultūras nams",
    "adrese": "Sporta iela1, Blonti, Blontu pagasts, Ludzasnovads",
    "pasvaldiba": "Ludzas novads",
    "pasvaldiba_slug": "ludzas-novads",
    "nr_plana": 13,
    "avots_teksts": "Avots: Ludzas novada CA plāns, lpp. 15",
    "plans_url": "https://www.ludzasnovads.lv/lv/media/50222/download?attachment",
    "plans_fails": "LSTCAP_pielikumi_publiskojams.md",
    "lpp": 15,
    "citats": "|13|<sup>Blontu pagasta</sup><br>kultūras nams|<br>Kultūras<br>iestāde|Sporta iela1, Blonti,<br>Blontu pagasts,<br>Ludzasnovads|<br>zāle|100|nav|nav|Centrālā<br>apkure|",
    "izdevejs": "Ludzas novads (pašvaldība)",
    "geokodesana": "varis_address",
    "adrese_vzd": "Sporta iela 1, Blonti, Blontu pag., Ludzas nov., LV-5706",
    "vzd_kods": "105929480",
    "plana_lat": null,
    "plana_lon": null,
    "koord_teksts": null,
    "karodzini": [],
    "vietas": 100,
    "gultas": 0,
    "edinasana": "Virtuve ar ēdnīcu: nav",
    "izvilkuma_piezime": "Ēkas tips: Kultūras iestāde; telpu veids: zāle; apkure: Centrālā apkure",
    "komentars": "Avots: Ludzas novada CA plāns, lpp. 15 · 100 vietas · vieta noteikta pēc adreses (VZD)",
    "id": "ludzas-novads-izm-12"
   },
   "geometry": {
    "type": "Point",
    "coordinates": [
     27.775171,
     56.611776
    ]
   }
  },
  {
   "type": "Feature",
   "properties": {
    "kategorija": "izmitinasana",
    "nosaukums": "Pušmucovas pagasta kultūras nams",
    "adrese": "Skolas iela 4, Pušmucova, Pušmucovas pagasts, Ludzas novads",
    "pasvaldiba": "Ludzas novads",
    "pasvaldiba_slug": "ludzas-novads",
    "nr_plana": 14,
    "avots_teksts": "Avots: Ludzas novada CA plāns, lpp. 15",
    "plans_url": "https://www.ludzasnovads.lv/lv/media/50222/download?attachment",
    "plans_fails": "LSTCAP_pielikumi_publiskojams.md",
    "lpp": 15,
    "citats": "|14|<sup>Pušmucovas</sup><br>pagasta<br>kultūras nams|Kultūras<br>iestāde|Skolas iela 4,<br>Pušmucova,<br>Pušmucovas<br>pagasts, Ludzas<br>novads|Zāle, vestibils|100|nav|nav|Centrālā<br>apkure|",
    "izdevejs": "Ludzas novads (pašvaldība)",
    "geokodesana": "varis_address",
    "adrese_vzd": "Skolas iela 4, Pušmucova, Pušmucovas pag., Ludzas nov., LV-5742",
    "vzd_kods": "106164091",
    "plana_lat": null,
    "plana_lon": null,
    "koord_teksts": null,
    "karodzini": [],
    "vietas": 100,
    "gultas": 0,
    "edinasana": "Virtuve ar ēdnīcu: nav",
    "izvilkuma_piezime": "Ēkas tips: Kultūras iestāde; telpu veids: Zāle, vestibils; apkure: Centrālā apkure",
    "komentars": "Avots: Ludzas novada CA plāns, lpp. 15 · 100 vietas · vieta noteikta pēc adreses (VZD)",
    "id": "ludzas-novads-izm-13"
   },
   "geometry": {
    "type": "Point",
    "coordinates": [
     27.723354,
     56.645007
    ]
   }
  },
  {
   "type": "Feature",
   "properties": {
    "kategorija": "izmitinasana",
    "nosaukums": "Felicianovas sporta komplekss",
    "adrese": "Sporta iela 1, Felicianova, Ciblas pagasts, Ludzas novads",
    "pasvaldiba": "Ludzas novads",
    "pasvaldiba_slug": "ludzas-novads",
    "nr_plana": 15,
    "avots_teksts": "Avots: Ludzas novada CA plāns, lpp. 15",
    "plans_url": "https://www.ludzasnovads.lv/lv/media/50222/download?attachment",
    "plans_fails": "LSTCAP_pielikumi_publiskojams.md",
    "lpp": 15,
    "citats": "|15|<sup>Felicianovas</sup><br>sporta<br>komplekss|Izglītības<br>iestāde|Sporta iela 1,<br>Felicianova, Ciblas<br>pagasts, Ludzas<br>novads|Sporta Zāle|100|nav|nav|Centrālā<br>apkure|",
    "izdevejs": "Ludzas novads (pašvaldība)",
    "geokodesana": "varis_address",
    "adrese_vzd": "Sporta iela 1, Felicianova, Ciblas pag., Ludzas nov., LV-5709",
    "vzd_kods": "105733997",
    "plana_lat": null,
    "plana_lon": null,
    "koord_teksts": null,
    "karodzini": [],
    "vietas": 100,
    "gultas": 0,
    "edinasana": "Virtuve ar ēdnīcu: nav",
    "izvilkuma_piezime": "Ēkas tips: Izglītības iestāde; telpu veids: Sporta Zāle; apkure: Centrālā apkure",
    "komentars": "Avots: Ludzas novada CA plāns, lpp. 15 · 100 vietas · vieta noteikta pēc adreses (VZD)",
    "id": "ludzas-novads-izm-14"
   },
   "geometry": {
    "type": "Point",
    "coordinates": [
     27.864993,
     56.533937
    ]
   }
  },
  {
   "type": "Feature",
   "properties": {
    "kategorija": "izmitinasana",
    "nosaukums": "Kārsavas vidusskola",
    "adrese": "Vienības iela 101, Kārsava, Ludzas novads",
    "pasvaldiba": "Ludzas novads",
    "pasvaldiba_slug": "ludzas-novads",
    "nr_plana": 16,
    "avots_teksts": "Avots: Ludzas novada CA plāns, lpp. 15",
    "plans_url": "https://www.ludzasnovads.lv/lv/media/50222/download?attachment",
    "plans_fails": "LSTCAP_pielikumi_publiskojams.md",
    "lpp": 15,
    "citats": "|16|<sup>Kārsavas</sup><br>vidusskola|Izglītības<br>iestāde|Vienības iela 101,<br>Kārsava, Ludzas<br>novads|Sporta zāle, aktu zāle,<br>mācību klases, internāta<br>telpas|400|ir|30<br>papildus<br>15|Centrālā<br>apkure|",
    "izdevejs": "Ludzas novads (pašvaldība)",
    "geokodesana": "varis_address",
    "adrese_vzd": "Vienības iela 101, Kārsava, Ludzas nov., LV-5717",
    "vzd_kods": "102185478",
    "plana_lat": null,
    "plana_lon": null,
    "koord_teksts": null,
    "karodzini": [],
    "vietas": 400,
    "gultas": 45,
    "edinasana": "Virtuve ar ēdnīcu: ir",
    "izvilkuma_piezime": "Ēkas tips: Izglītības iestāde; telpu veids: Sporta zāle, aktu zāle, mācību klases, internāta telpas; apkure: Centrālā apkure; Guļamvietas as written: '30 papildus 15' (summed)",
    "komentars": "Avots: Ludzas novada CA plāns, lpp. 15 · 400 vietas · vieta noteikta pēc adreses (VZD)",
    "id": "ludzas-novads-izm-15"
   },
   "geometry": {
    "type": "Point",
    "coordinates": [
     27.690827,
     56.780775
    ]
   }
  },
  {
   "type": "Feature",
   "properties": {
    "kategorija": "izmitinasana",
    "nosaukums": "Kārsavas pilsētas kultūras nams",
    "adrese": "Vienības iela 49 c, Kārsava, Ludzas novads",
    "pasvaldiba": "Ludzas novads",
    "pasvaldiba_slug": "ludzas-novads",
    "nr_plana": 17,
    "avots_teksts": "Avots: Ludzas novada CA plāns, lpp. 15",
    "plans_url": "https://www.ludzasnovads.lv/lv/media/50222/download?attachment",
    "plans_fails": "LSTCAP_pielikumi_publiskojams.md",
    "lpp": 15,
    "citats": "|17|<sup>Kārsavas</sup><br>pilsētas<br>kultūras nams|Kultūras<br>iestāde|Vienības iela 49 c,<br>Kārsava, Ludzas<br>novads|Divas zāles, vestibils|400|nav|nav|Centrālā<br>apkure|",
    "izdevejs": "Ludzas novads (pašvaldība)",
    "geokodesana": "varis_address",
    "adrese_vzd": "Vienības iela 49C, Kārsava, Ludzas nov., LV-5717",
    "vzd_kods": "101425832",
    "plana_lat": null,
    "plana_lon": null,
    "koord_teksts": null,
    "karodzini": [],
    "vietas": 400,
    "gultas": 0,
    "edinasana": "Virtuve ar ēdnīcu: nav",
    "izvilkuma_piezime": "Ēkas tips: Kultūras iestāde; telpu veids: Divas zāles, vestibils; apkure: Centrālā apkure",
    "komentars": "Avots: Ludzas novada CA plāns, lpp. 15 · 400 vietas · vieta noteikta pēc adreses (VZD)",
    "id": "ludzas-novads-izm-16"
   },
   "geometry": {
    "type": "Point",
    "coordinates": [
     27.672919,
     56.787728
    ]
   }
  },
  {
   "type": "Feature",
   "properties": {
    "kategorija": "izmitinasana",
    "nosaukums": "Latvijas Biozinātņu un tehnoloģiju universitātes Malnavas koledža",
    "adrese": "Kļavu iela 17, Malnava, Malnavas pagasts, Ludzas novads",
    "pasvaldiba": "Ludzas novads",
    "pasvaldiba_slug": "ludzas-novads",
    "nr_plana": 18,
    "avots_teksts": "Avots: Ludzas novada CA plāns, lpp. 15",
    "plans_url": "https://www.ludzasnovads.lv/lv/media/50222/download?attachment",
    "plans_fails": "LSTCAP_pielikumi_publiskojams.md",
    "lpp": 15,
    "citats": "|18|Latvijas<br>Biozinātņu un<br>tehnoloģiju<br>universitātes<br>Malnavas<br>koledža|Izglītības<br>iestāde|Kļavu iela 17,<br>Malnava, Malnavas<br>pagasts, Ludzas<br>novads|Sporta zāle, aktu zāle,<br>klases, dienesta<br>viesnīca|400|ir|200|Centrālā<br>apkure|",
    "izdevejs": "Ludzas novads (pašvaldība)",
    "geokodesana": "varis_address",
    "adrese_vzd": "Kļavu iela 17, Malnava, Malnavas pag., Ludzas nov., LV-5750",
    "vzd_kods": "105916118",
    "plana_lat": null,
    "plana_lon": null,
    "koord_teksts": null,
    "karodzini": [],
    "vietas": 400,
    "gultas": 200,
    "edinasana": "Virtuve ar ēdnīcu: ir",
    "izvilkuma_piezime": "Ēkas tips: Izglītības iestāde; telpu veids: Sporta zāle, aktu zāle, klases, dienesta viesnīca; apkure: Centrālā apkure",
    "komentars": "Avots: Ludzas novada CA plāns, lpp. 15 · 400 vietas · vieta noteikta pēc adreses (VZD)",
    "id": "ludzas-novads-izm-17"
   },
   "geometry": {
    "type": "Point",
    "coordinates": [
     27.719347,
     56.774662
    ]
   }
  },
  {
   "type": "Feature",
   "properties": {
    "kategorija": "izmitinasana",
    "nosaukums": "Goliševas pagasta kultūras nams",
    "adrese": "Aizgāršas iela 15, Goliševa, Goliševas pagasts, Ludzas novads",
    "pasvaldiba": "Ludzas novads",
    "pasvaldiba_slug": "ludzas-novads",
    "nr_plana": 19,
    "avots_teksts": "Avots: Ludzas novada CA plāns, lpp. 15",
    "plans_url": "https://www.ludzasnovads.lv/lv/media/50222/download?attachment",
    "plans_fails": "LSTCAP_pielikumi_publiskojams.md",
    "lpp": 15,
    "citats": "|19|<sup>Goliševas</sup><br>pagasta<br>kultūras nams|Kultūras<br>iestāde|Aizgāršas iela 15,<br>Goliševa, Goliševas<br>pagasts, Ludzas<br>novads|<br>Zāle, vestibils|100|nav|nav|Centrālā<br>apkure|",
    "izdevejs": "Ludzas novads (pašvaldība)",
    "geokodesana": "varis_address",
    "adrese_vzd": "Aizgāršas iela 15, Goliševa, Goliševas pag., Ludzas nov., LV-5704",
    "vzd_kods": "105751580",
    "plana_lat": null,
    "plana_lon": null,
    "koord_teksts": null,
    "karodzini": [],
    "vietas": 100,
    "gultas": 0,
    "edinasana": "Virtuve ar ēdnīcu: nav",
    "izvilkuma_piezime": "Ēkas tips: Kultūras iestāde; telpu veids: Zāle, vestibils; apkure: Centrālā apkure",
    "komentars": "Avots: Ludzas novada CA plāns, lpp. 15 · 100 vietas · vieta noteikta pēc adreses (VZD)",
    "id": "ludzas-novads-izm-18"
   },
   "geometry": {
    "type": "Point",
    "coordinates": [
     27.900912,
     56.74293
    ]
   }
  },
  {
   "type": "Feature",
   "properties": {
    "kategorija": "izmitinasana",
    "nosaukums": "Mežvidu pagasta kultūras nams",
    "adrese": "“Pagastmāja”, Mežvidi, Mežvidu pagasts, Ludzas novads",
    "pasvaldiba": "Ludzas novads",
    "pasvaldiba_slug": "ludzas-novads",
    "nr_plana": 20,
    "avots_teksts": "Avots: Ludzas novada CA plāns, lpp. 15",
    "plans_url": "https://www.ludzasnovads.lv/lv/media/50222/download?attachment",
    "plans_fails": "LSTCAP_pielikumi_publiskojams.md",
    "lpp": 15,
    "citats": "|20|<sup>Mežvidu</sup><br>pagasta<br>kultūras nams|Kultūras<br>iestāde|“Pagastmāja”,<br>Mežvidi, Mežvidu<br>pagasts, Ludzas<br>novads|Zāle, vestibils|210|nav|nav|Centrālā<br>apkure|",
    "izdevejs": "Ludzas novads (pašvaldība)",
    "geokodesana": "varis_address",
    "adrese_vzd": "\"Pagastmāja\", Mežvidi, Mežvidu pag., Ludzas nov., LV-5725",
    "vzd_kods": "105791438",
    "plana_lat": null,
    "plana_lon": null,
    "koord_teksts": null,
    "karodzini": [],
    "vietas": 210,
    "gultas": 0,
    "edinasana": "Virtuve ar ēdnīcu: nav",
    "izvilkuma_piezime": "Ēkas tips: Kultūras iestāde; telpu veids: Zāle, vestibils; apkure: Centrālā apkure",
    "komentars": "Avots: Ludzas novada CA plāns, lpp. 15 · 210 vietas · vieta noteikta pēc adreses (VZD)",
    "id": "ludzas-novads-izm-19"
   },
   "geometry": {
    "type": "Point",
    "coordinates": [
     27.533691,
     56.693051
    ]
   }
  },
  {
   "type": "Feature",
   "properties": {
    "kategorija": "izmitinasana",
    "nosaukums": "Salnavas pagasta kultūras nams",
    "adrese": "Liepu iela 1, Salnava, Salnavas pagasts",
    "pasvaldiba": "Ludzas novads",
    "pasvaldiba_slug": "ludzas-novads",
    "nr_plana": 21,
    "avots_teksts": "Avots: Ludzas novada CA plāns, lpp. 15",
    "plans_url": "https://www.ludzasnovads.lv/lv/media/50222/download?attachment",
    "plans_fails": "LSTCAP_pielikumi_publiskojams.md",
    "lpp": 15,
    "citats": "|21|<sup>Salnavas</sup><br>pagasta<br>kultūras nams|kultūras<br>iestāde|Liepu iela 1,<br>Salnava, Salnavas<br>pagasts|Zāle, vestibils|200|nav|nav|Centrālā<br>apkure|",
    "izdevejs": "Ludzas novads (pašvaldība)",
    "geokodesana": "varis_address",
    "adrese_vzd": "Liepu iela 1, Salnava, Salnavas pag., Ludzas nov., LV-5740",
    "vzd_kods": "104653862",
    "plana_lat": null,
    "plana_lon": null,
    "koord_teksts": null,
    "karodzini": [],
    "vietas": 200,
    "gultas": 0,
    "edinasana": "Virtuve ar ēdnīcu: nav",
    "izvilkuma_piezime": "Ēkas tips: kultūras iestāde; telpu veids: Zāle, vestibils; apkure: Centrālā apkure",
    "komentars": "Avots: Ludzas novada CA plāns, lpp. 15 · 200 vietas · vieta noteikta pēc adreses (VZD)",
    "id": "ludzas-novads-izm-20"
   },
   "geometry": {
    "type": "Point",
    "coordinates": [
     27.557765,
     56.813482
    ]
   }
  },
  {
   "type": "Feature",
   "properties": {
    "kategorija": "izmitinasana",
    "nosaukums": "Babītes vidusskola un Babītes sporta komplekss",
    "adrese": "Jūrmalas iela 17, Piņķi, Babītes pag., Babītes nov., LV-2107",
    "pasvaldiba": "Mārupes novads",
    "pasvaldiba_slug": "marupes-novads",
    "nr_plana": 1,
    "avots_teksts": "Avots: Mārupes novada CA plāns, lpp. 1",
    "plans_url": "https://www.marupe.lv/lv/media/6779/download?attachment",
    "plans_fails": "7_pielikums_izmitinasanas_vietas.md",
    "lpp": 1,
    "citats": "|1.|Babītes vidusskola un Babītes<br>sporta komplekss|Izglītības iestāde|Jūrmalas iela 17, Piņķi, Babītes<br>pag., Babītes nov., LV-2107|Sporta zāle; aktu<br>zāle;<br>mācību klases;<br>u.c. telpas|1000|ir|nav|",
    "izdevejs": "Mārupes novads (pašvaldība)",
    "geokodesana": "varis_address",
    "adrese_vzd": "Jūrmalas iela 17, Piņķi, Babītes pag., Mārupes nov., LV-2107",
    "vzd_kods": "101300007",
    "plana_lat": null,
    "plana_lon": null,
    "koord_teksts": null,
    "karodzini": [],
    "vietas": 1000,
    "gultas": 0,
    "edinasana": "Virtuve ar ēdnīcu: ir",
    "izvilkuma_piezime": "Ēkas tips: Izglītības iestāde; telpu veids: Sporta zāle; aktu zāle; mācību klases; u.c. telpas",
    "komentars": "Avots: Mārupes novada CA plāns, lpp. 1 · 1000 vietas · vieta noteikta pēc adreses (VZD)",
    "id": "marupes-novads-izm-1"
   },
   "geometry": {
    "type": "Point",
    "coordinates": [
     23.912297,
     56.942487
    ]
   }
  },
  {
   "type": "Feature",
   "properties": {
    "kategorija": "izmitinasana",
    "nosaukums": "Daudzfunkcionālais sociālo pakalpojumu centrs",
    "adrese": "Centra iela 3, Piņķi, Babītes pagasts, Babītes novads LV- 2107",
    "pasvaldiba": "Mārupes novads",
    "pasvaldiba_slug": "marupes-novads",
    "nr_plana": 2,
    "avots_teksts": "Avots: Mārupes novada CA plāns, lpp. 1",
    "plans_url": "https://www.marupe.lv/lv/media/6779/download?attachment",
    "plans_fails": "7_pielikums_izmitinasanas_vietas.md",
    "lpp": 1,
    "citats": "|2.|Daudzfunkcionālais sociālo<br>pakalpojumu centrs|Sociālo<br>pakalpojumu<br>iestāde|Centra iela 3, Piņķi, Babītes<br>pagasts, Babītes novads LV-<br>2107|Ofisa telpas;<br>atpūtas telpas|30|ir|nav|",
    "izdevejs": "Mārupes novads (pašvaldība)",
    "geokodesana": "varis_address",
    "adrese_vzd": "Centra iela 3, Piņķi, Babītes pag., Mārupes nov., LV-2107",
    "vzd_kods": "101299643",
    "plana_lat": null,
    "plana_lon": null,
    "koord_teksts": null,
    "karodzini": [],
    "vietas": 30,
    "gultas": 0,
    "edinasana": "Virtuve ar ēdnīcu: ir",
    "izvilkuma_piezime": "Ēkas tips: Sociālo pakalpojumu iestāde; telpu veids: Ofisa telpas; atpūtas telpas",
    "komentars": "Avots: Mārupes novada CA plāns, lpp. 1 · 30 vietas · vieta noteikta pēc adreses (VZD)",
    "id": "marupes-novads-izm-2"
   },
   "geometry": {
    "type": "Point",
    "coordinates": [
     23.908186,
     56.942965
    ]
   }
  },
  {
   "type": "Feature",
   "properties": {
    "kategorija": "izmitinasana",
    "nosaukums": "Babītes PII",
    "adrese": "Priežu iela 1, Babīte, Babītes pagasts, LV-2101",
    "pasvaldiba": "Mārupes novads",
    "pasvaldiba_slug": "marupes-novads",
    "nr_plana": 4,
    "avots_teksts": "Avots: Mārupes novada CA plāns, lpp. 1",
    "plans_url": "https://www.marupe.lv/lv/media/6779/download?attachment",
    "plans_fails": "7_pielikums_izmitinasanas_vietas.md",
    "lpp": 1,
    "citats": "|4.|Babītes PII|Izglītības iestāde|Priežu iela 1, Babīte, Babītes<br>pagasts, LV-2101|mācību klases;<br>u.c. telpas|100|ir|nav|",
    "izdevejs": "Mārupes novads (pašvaldība)",
    "geokodesana": "varis_address",
    "adrese_vzd": "Priežu iela 1, Babīte, Babītes pag., Mārupes nov., LV-2101",
    "vzd_kods": "105250710",
    "plana_lat": null,
    "plana_lon": null,
    "koord_teksts": null,
    "karodzini": [],
    "vietas": 100,
    "gultas": 0,
    "edinasana": "Virtuve ar ēdnīcu: ir",
    "izvilkuma_piezime": "Ēkas tips: Izglītības iestāde; telpu veids: mācību klases; u.c. telpas",
    "komentars": "Avots: Mārupes novada CA plāns, lpp. 1 · 100 vietas · vieta noteikta pēc adreses (VZD)",
    "id": "marupes-novads-izm-3"
   },
   "geometry": {
    "type": "Point",
    "coordinates": [
     23.948294,
     56.953761
    ]
   }
  },
  {
   "type": "Feature",
   "properties": {
    "kategorija": "izmitinasana",
    "nosaukums": "PII „Saimīte”",
    "adrese": "Jūrmalas iela 7, Piņķi, Babītes pagasts, Babītes novads LV- 2107",
    "pasvaldiba": "Mārupes novads",
    "pasvaldiba_slug": "marupes-novads",
    "nr_plana": 5,
    "avots_teksts": "Avots: Mārupes novada CA plāns, lpp. 1",
    "plans_url": "https://www.marupe.lv/lv/media/6779/download?attachment",
    "plans_fails": "7_pielikums_izmitinasanas_vietas.md",
    "lpp": 1,
    "citats": "|5.|PII „Saimīte”|Izglītības iestāde|Jūrmalas iela 7, Piņķi, Babītes<br>pagasts, Babītes novads LV-<br>2107|mācību klases;<br>u.c. telpas|400|ir|nav|",
    "izdevejs": "Mārupes novads (pašvaldība)",
    "geokodesana": "varis_address",
    "adrese_vzd": "Jūrmalas iela 7, Piņķi, Babītes pag., Mārupes nov., LV-2107",
    "vzd_kods": "102118046",
    "plana_lat": null,
    "plana_lon": null,
    "koord_teksts": null,
    "karodzini": [],
    "vietas": 400,
    "gultas": 0,
    "edinasana": "Virtuve ar ēdnīcu: ir",
    "izvilkuma_piezime": "Ēkas tips: Izglītības iestāde; telpu veids: mācību klases; u.c. telpas",
    "komentars": "Avots: Mārupes novada CA plāns, lpp. 1 · 400 vietas · vieta noteikta pēc adreses (VZD)",
    "id": "marupes-novads-izm-4"
   },
   "geometry": {
    "type": "Point",
    "coordinates": [
     23.912733,
     56.951753
    ]
   }
  },
  {
   "type": "Feature",
   "properties": {
    "kategorija": "izmitinasana",
    "nosaukums": "Kultūrizglītības centrs",
    "adrese": "Jūrmalas iela 14A, Piņķi, Babītes pagasts, Babītes novads LV-2107",
    "pasvaldiba": "Mārupes novads",
    "pasvaldiba_slug": "marupes-novads",
    "nr_plana": 6,
    "avots_teksts": "Avots: Mārupes novada CA plāns, lpp. 1",
    "plans_url": "https://www.marupe.lv/lv/media/6779/download?attachment",
    "plans_fails": "7_pielikums_izmitinasanas_vietas.md",
    "lpp": 1,
    "citats": "|6.|Kultūrizglītības centrs|Izgļītības iestāžu<br>telpu grupa|Jūrmalas iela 14A, Piņķi,<br>Babītes pagasts, Babītes novads<br>LV-2107|Aktu zāle;<br>mācību klases;<br>u.c. telpas|300|ir|nav|",
    "izdevejs": "Mārupes novads (pašvaldība)",
    "geokodesana": "varis_address",
    "adrese_vzd": "Jūrmalas iela 14A, Piņķi, Babītes pag., Mārupes nov., LV-2107",
    "vzd_kods": "104423253",
    "plana_lat": null,
    "plana_lon": null,
    "koord_teksts": null,
    "karodzini": [],
    "vietas": 300,
    "gultas": 0,
    "edinasana": "Virtuve ar ēdnīcu: ir",
    "izvilkuma_piezime": "Ēkas tips: Izgļītības iestāžu telpu grupa; telpu veids: Aktu zāle; mācību klases; u.c. telpas",
    "komentars": "Avots: Mārupes novada CA plāns, lpp. 1 · 300 vietas · vieta noteikta pēc adreses (VZD)",
    "id": "marupes-novads-izm-5"
   },
   "geometry": {
    "type": "Point",
    "coordinates": [
     23.912888,
     56.943862
    ]
   }
  },
  {
   "type": "Feature",
   "properties": {
    "kategorija": "izmitinasana",
    "nosaukums": "Kultūrizglītības centra filiāle \"Vietvalži\"",
    "adrese": "“Vietvalži”, Spuņciems, Salas pagasts, Mārupes novads, LV- 2105",
    "pasvaldiba": "Mārupes novads",
    "pasvaldiba_slug": "marupes-novads",
    "nr_plana": 7,
    "avots_teksts": "Avots: Mārupes novada CA plāns, lpp. 1",
    "plans_url": "https://www.marupe.lv/lv/media/6779/download?attachment",
    "plans_fails": "7_pielikums_izmitinasanas_vietas.md",
    "lpp": 1,
    "citats": "|7.|Kultūrizglītības centra filiāle<br>\"Vietvalži\"|Izgļītības iestāžu<br>telpu grupa|“Vietvalži”, Spuņciems, Salas<br>pagasts, Mārupes novads, LV-<br>2105|Aktu zāle;<br>mācību klases;<br>u.c. telpas|150|ir|nav|",
    "izdevejs": "Mārupes novads (pašvaldība)",
    "geokodesana": "varis_address",
    "adrese_vzd": "\"Vietvalži\", Spuņciems, Salas pag., Mārupes nov., LV-2105",
    "vzd_kods": "106197136",
    "plana_lat": null,
    "plana_lon": null,
    "koord_teksts": null,
    "karodzini": [],
    "vietas": 150,
    "gultas": 0,
    "edinasana": "Virtuve ar ēdnīcu: ir",
    "izvilkuma_piezime": "Ēkas tips: Izgļītības iestāžu telpu grupa; telpu veids: Aktu zāle; mācību klases; u.c. telpas",
    "komentars": "Avots: Mārupes novada CA plāns, lpp. 1 · 150 vietas · vieta noteikta pēc adreses (VZD)",
    "id": "marupes-novads-izm-6"
   },
   "geometry": {
    "type": "Point",
    "coordinates": [
     23.69844,
     56.936202
    ]
   }
  },
  {
   "type": "Feature",
   "properties": {
    "kategorija": "izmitinasana",
    "nosaukums": "Mārupes kultūras nams",
    "adrese": "Daugavas iela 29, Mārupe, Mārupes novads, LV-2167",
    "pasvaldiba": "Mārupes novads",
    "pasvaldiba_slug": "marupes-novads",
    "nr_plana": 8,
    "avots_teksts": "Avots: Mārupes novada CA plāns, lpp. 1",
    "plans_url": "https://www.marupe.lv/lv/media/6779/download?attachment",
    "plans_fails": "7_pielikums_izmitinasanas_vietas.md",
    "lpp": 1,
    "citats": "|8.|Mārupes kultūras nams|Kultūras nama ēka|Daugavas iela 29, Mārupe,<br>Mārupes novads, LV-2167|zāle ar<br>palīgtelpām|200|nav|nav|",
    "izdevejs": "Mārupes novads (pašvaldība)",
    "geokodesana": "varis_address",
    "adrese_vzd": "Daugavas iela 29, Mārupe, Mārupes nov., LV-2167",
    "vzd_kods": "101311124",
    "plana_lat": null,
    "plana_lon": null,
    "koord_teksts": null,
    "karodzini": [],
    "vietas": 200,
    "gultas": 0,
    "edinasana": "Virtuve ar ēdnīcu: nav",
    "izvilkuma_piezime": "Ēkas tips: Kultūras nama ēka; telpu veids: zāle ar palīgtelpām",
    "komentars": "Avots: Mārupes novada CA plāns, lpp. 1 · 200 vietas · vieta noteikta pēc adreses (VZD)",
    "id": "marupes-novads-izm-7"
   },
   "geometry": {
    "type": "Point",
    "coordinates": [
     24.055643,
     56.905256
    ]
   }
  },
  {
   "type": "Feature",
   "properties": {
    "kategorija": "izmitinasana",
    "nosaukums": "Mārupes vidusskolas un sporta centrs",
    "adrese": "Kantora iela 97, Mārupe, Mārupes novads, LV-2167",
    "pasvaldiba": "Mārupes novads",
    "pasvaldiba_slug": "marupes-novads",
    "nr_plana": 9,
    "avots_teksts": "Avots: Mārupes novada CA plāns, lpp. 1",
    "plans_url": "https://www.marupe.lv/lv/media/6779/download?attachment",
    "plans_fails": "7_pielikums_izmitinasanas_vietas.md",
    "lpp": 1,
    "citats": "|9.|Mārupes vidusskolas un<br>sporta centrs|Izglītības iestāde|Kantora iela 97, Mārupe,<br>Mārupes novads, LV-2167|Sporta zāle; aktu<br>zāle;<br>mācību klases;<br>u.c. telpas|800|ir|nav|",
    "izdevejs": "Mārupes novads (pašvaldība)",
    "geokodesana": "varis_address",
    "adrese_vzd": "Kantora iela 97, Mārupe, Mārupes nov., LV-2167",
    "vzd_kods": "103759836",
    "plana_lat": null,
    "plana_lon": null,
    "koord_teksts": null,
    "karodzini": [],
    "vietas": 800,
    "gultas": 0,
    "edinasana": "Virtuve ar ēdnīcu: ir",
    "izvilkuma_piezime": "Ēkas tips: Izglītības iestāde; telpu veids: Sporta zāle; aktu zāle; mācību klases; u.c. telpas",
    "komentars": "Avots: Mārupes novada CA plāns, lpp. 1 · 800 vietas · vieta noteikta pēc adreses (VZD)",
    "id": "marupes-novads-izm-8"
   },
   "geometry": {
    "type": "Point",
    "coordinates": [
     24.036117,
     56.918795
    ]
   }
  },
  {
   "type": "Feature",
   "properties": {
    "kategorija": "izmitinasana",
    "nosaukums": "Skultes sākumskola un dienas centrs",
    "adrese": "Skultes iela 25, Skulte, Mārupes novads, LV-2108",
    "pasvaldiba": "Mārupes novads",
    "pasvaldiba_slug": "marupes-novads",
    "nr_plana": 10,
    "avots_teksts": "Avots: Mārupes novada CA plāns, lpp. 1",
    "plans_url": "https://www.marupe.lv/lv/media/6779/download?attachment",
    "plans_fails": "7_pielikums_izmitinasanas_vietas.md",
    "lpp": 1,
    "citats": "|10.|Skultes sākumskola un dienas<br>centrs|Izglītības iestāde|Skultes iela 25, Skulte, Mārupes<br>novads, LV-2108|<br>Sporta zāle;<br>mācību telpas|250|ir|nav|",
    "izdevejs": "Mārupes novads (pašvaldība)",
    "geokodesana": "varis_address",
    "adrese_vzd": "Skultes iela 25, Skulte, Mārupes pag., Mārupes nov., LV-2108",
    "vzd_kods": "103771417",
    "plana_lat": null,
    "plana_lon": null,
    "koord_teksts": null,
    "karodzini": [],
    "vietas": 250,
    "gultas": 0,
    "edinasana": "Virtuve ar ēdnīcu: ir",
    "izvilkuma_piezime": "Ēkas tips: Izglītības iestāde; telpu veids: Sporta zāle; mācību telpas",
    "komentars": "Avots: Mārupes novada CA plāns, lpp. 1 · 250 vietas · vieta noteikta pēc adreses (VZD)",
    "id": "marupes-novads-izm-9"
   },
   "geometry": {
    "type": "Point",
    "coordinates": [
     23.953849,
     56.919757
    ]
   }
  },
  {
   "type": "Feature",
   "properties": {
    "kategorija": "izmitinasana",
    "nosaukums": "Mārupes pamatskola un sporta centrs",
    "adrese": "Viskalnu iela 7, Tīraine, Mārupes novads, LV-2167",
    "pasvaldiba": "Mārupes novads",
    "pasvaldiba_slug": "marupes-novads",
    "nr_plana": 11,
    "avots_teksts": "Avots: Mārupes novada CA plāns, lpp. 1",
    "plans_url": "https://www.marupe.lv/lv/media/6779/download?attachment",
    "plans_fails": "7_pielikums_izmitinasanas_vietas.md",
    "lpp": 1,
    "citats": "|11.|Mārupes pamatskola un<br>sporta centrs|Izglītības iestāde|Viskalnu iela 7, Tīraine,<br>Mārupes novads, LV-2167|Sporta zāle; aktu<br>zāle;|500|ir|nav|",
    "izdevejs": "Mārupes novads (pašvaldība)",
    "geokodesana": "varis_address",
    "adrese_vzd": "Viskalnu iela 7, Tīraine, Mārupes pag., Mārupes nov., LV-2167",
    "vzd_kods": "103759258",
    "plana_lat": null,
    "plana_lon": null,
    "koord_teksts": null,
    "karodzini": [],
    "vietas": 500,
    "gultas": 0,
    "edinasana": "Virtuve ar ēdnīcu: ir",
    "izvilkuma_piezime": "Ēkas tips: Izglītības iestāde; telpu veids: Sporta zāle; aktu zāle;; Telpu veids continues on the next page line ('mācību klases; u.c. telpas').",
    "komentars": "Avots: Mārupes novada CA plāns, lpp. 1 · 500 vietas · vieta noteikta pēc adreses (VZD)",
    "id": "marupes-novads-izm-10"
   },
   "geometry": {
    "type": "Point",
    "coordinates": [
     24.064273,
     56.885034
    ]
   }
  },
  {
   "type": "Feature",
   "properties": {
    "kategorija": "izmitinasana",
    "nosaukums": "Jaunmārupes pamatskola",
    "adrese": "Mazcenu aleja 4A, Jaunmārupe, Mārupes novads, LV-2166",
    "pasvaldiba": "Mārupes novads",
    "pasvaldiba_slug": "marupes-novads",
    "nr_plana": 12,
    "avots_teksts": "Avots: Mārupes novada CA plāns, lpp. 2",
    "plans_url": "https://www.marupe.lv/lv/media/6779/download?attachment",
    "plans_fails": "7_pielikums_izmitinasanas_vietas.md",
    "lpp": 2,
    "citats": "|12.|Jaunmārupes pamatskola|Izglītības iestāde|Mazcenu aleja 4A, Jaunmārupe,<br>Mārupes novads, LV-2166|Sporta zāle; aktu<br>zāle;<br>mācību klases;<br>u.c. telpas|600|ir|nav|",
    "izdevejs": "Mārupes novads (pašvaldība)",
    "geokodesana": "varis_address",
    "adrese_vzd": "Mazcenu aleja 4A, Jaunmārupe, Mārupes pag., Mārupes nov., LV-2166",
    "vzd_kods": "103665174",
    "plana_lat": null,
    "plana_lon": null,
    "koord_teksts": null,
    "karodzini": [],
    "vietas": 600,
    "gultas": 0,
    "edinasana": "Virtuve ar ēdnīcu: ir",
    "izvilkuma_piezime": "Ēkas tips: Izglītības iestāde; telpu veids: Sporta zāle; aktu zāle; mācību klases; u.c. telpas",
    "komentars": "Avots: Mārupes novada CA plāns, lpp. 2 · 600 vietas · vieta noteikta pēc adreses (VZD)",
    "id": "marupes-novads-izm-11"
   },
   "geometry": {
    "type": "Point",
    "coordinates": [
     23.948405,
     56.879557
    ]
   }
  },
  {
   "type": "Feature",
   "properties": {
    "kategorija": "izmitinasana",
    "nosaukums": "Mārupes mūzikas un mākslas skola",
    "adrese": "Mazcenu aleja 39, Jaunmārupe, Mārupes novads, LV-2166",
    "pasvaldiba": "Mārupes novads",
    "pasvaldiba_slug": "marupes-novads",
    "nr_plana": 13,
    "avots_teksts": "Avots: Mārupes novada CA plāns, lpp. 2",
    "plans_url": "https://www.marupe.lv/lv/media/6779/download?attachment",
    "plans_fails": "7_pielikums_izmitinasanas_vietas.md",
    "lpp": 2,
    "citats": "|13.|Mārupes mūzikas un mākslas<br>skola|Izglītības iestāde|Mazcenu aleja 39, Jaunmārupe,<br>Mārupes novads, LV-2166|Aktu zāle;<br>mācību klases;<br>u.c. telpas|200|nav|nav|",
    "izdevejs": "Mārupes novads (pašvaldība)",
    "geokodesana": "varis_address",
    "adrese_vzd": "Mazcenu aleja 39, Jaunmārupe, Mārupes pag., Mārupes nov., LV-2166",
    "vzd_kods": "103757238",
    "plana_lat": null,
    "plana_lon": null,
    "koord_teksts": null,
    "karodzini": [],
    "vietas": 200,
    "gultas": 0,
    "edinasana": "Virtuve ar ēdnīcu: nav",
    "izvilkuma_piezime": "Ēkas tips: Izglītības iestāde; telpu veids: Aktu zāle; mācību klases; u.c. telpas",
    "komentars": "Avots: Mārupes novada CA plāns, lpp. 2 · 200 vietas · vieta noteikta pēc adreses (VZD)",
    "id": "marupes-novads-izm-12"
   },
   "geometry": {
    "type": "Point",
    "coordinates": [
     23.93484,
     56.881744
    ]
   }
  },
  {
   "type": "Feature",
   "properties": {
    "kategorija": "izmitinasana",
    "nosaukums": "Ogres 1 vidusskola",
    "adrese": "Zinību iela 3, Ogre, Ogres novads",
    "pasvaldiba": "Ogres novads",
    "pasvaldiba_slug": "ogres-novads",
    "nr_plana": 1,
    "avots_teksts": "Avots: Ogres novada CA plāns, lpp. 123",
    "plans_url": "https://www.ogresnovads.lv/lv/media/127114/download?attachment",
    "plans_fails": "a_jaunais_-ca-plans_30.03.2023_publikacijai_0.md",
    "lpp": 123,
    "citats": "|1.|**Ogres 1 vidusskola**|Zinību iela 3, Ogre,<br>Ogres novads|56.817408|24.610286|Divas sporta zāles.<br>Aktu zāle. Mācību<br>telpas un klases|1000|Ir|Nav|",
    "izdevejs": "Ogres novads (pašvaldība)",
    "geokodesana": "plan_coords",
    "adrese_vzd": "Zinību iela 3, Ogre, Ogres nov., LV-5001",
    "vzd_kods": "101369015",
    "plana_lat": 56.817408,
    "plana_lon": 24.610286,
    "koord_teksts": "56.817408|24.610286",
    "karodzini": [],
    "vietas": 1000,
    "gultas": 0,
    "edinasana": "Ir",
    "izvilkuma_piezime": "Telpu veids: Divas sporta zāles. Aktu zāle. Mācību telpas un klases",
    "komentars": "Avots: Ogres novada CA plāns, lpp. 123 · 1000 vietas",
    "id": "ogres-novads-izm-1"
   },
   "geometry": {
    "type": "Point",
    "coordinates": [
     24.610286,
     56.817408
    ]
   }
  },
  {
   "type": "Feature",
   "properties": {
    "kategorija": "izmitinasana",
    "nosaukums": "Ogres Valsts ģimnāzija un Ogres sākumskola",
    "adrese": "Meža prospekts 14, Ogre, Ogresnovads",
    "pasvaldiba": "Ogres novads",
    "pasvaldiba_slug": "ogres-novads",
    "nr_plana": 2,
    "avots_teksts": "Avots: Ogres novada CA plāns, lpp. 123",
    "plans_url": "https://www.ogresnovads.lv/lv/media/127114/download?attachment",
    "plans_fails": "a_jaunais_-ca-plans_30.03.2023_publikacijai_0.md",
    "lpp": 123,
    "citats": "|2.|**Ogres Valsts**<br>**ģimnāzija un Ogres**<br>**sākumskola**|Meža prospekts 14,<br>Ogre, Ogresnovads|56.8219568|24.6044083|Sporta zāle. Aktu zāle.<br>Mācību klases, u.c.<br>telpas|1365|Ir|Nav|",
    "izdevejs": "Ogres novads (pašvaldība)",
    "geokodesana": "plan_coords",
    "adrese_vzd": "Meža prospekts 14, Ogre, Ogres nov., LV-5001",
    "vzd_kods": "102151903",
    "plana_lat": 56.8219568,
    "plana_lon": 24.6044083,
    "koord_teksts": "56.8219568|24.6044083",
    "karodzini": [],
    "vietas": 1365,
    "gultas": 0,
    "edinasana": "Ir",
    "izvilkuma_piezime": "Telpu veids: Sporta zāle. Aktu zāle. Mācību klases, u.c. telpas",
    "komentars": "Avots: Ogres novada CA plāns, lpp. 123 · 1365 vietas",
    "id": "ogres-novads-izm-2"
   },
   "geometry": {
    "type": "Point",
    "coordinates": [
     24.604408,
     56.821957
    ]
   }
  },
  {
   "type": "Feature",
   "properties": {
    "kategorija": "izmitinasana",
    "nosaukums": "Jaunogres vidusskola",
    "adrese": "Mālkalnes prosp.43, Ogre,Ogres novads",
    "pasvaldiba": "Ogres novads",
    "pasvaldiba_slug": "ogres-novads",
    "nr_plana": 3,
    "avots_teksts": "Avots: Ogres novada CA plāns, lpp. 123",
    "plans_url": "https://www.ogresnovads.lv/lv/media/127114/download?attachment",
    "plans_fails": "a_jaunais_-ca-plans_30.03.2023_publikacijai_0.md",
    "lpp": 123,
    "citats": "|3.|**Jaunogres**<br>**vidusskola**|Mālkalnes prosp.43,<br>Ogre,Ogres novads|56.8245756|24.5918844|Sporta zāle. Aktu zāle.<br>Mācību klases|1000|Ir|Nav|",
    "izdevejs": "Ogres novads (pašvaldība)",
    "geokodesana": "plan_coords",
    "adrese_vzd": "Mālkalnes prospekts 43, Ogre, Ogres nov., LV-5001",
    "vzd_kods": "101360554",
    "plana_lat": 56.8245756,
    "plana_lon": 24.5918844,
    "koord_teksts": "56.8245756|24.5918844",
    "karodzini": [],
    "vietas": 1000,
    "gultas": 0,
    "edinasana": "Ir",
    "izvilkuma_piezime": "Telpu veids: Sporta zāle. Aktu zāle. Mācību klases",
    "komentars": "Avots: Ogres novada CA plāns, lpp. 123 · 1000 vietas",
    "id": "ogres-novads-izm-3"
   },
   "geometry": {
    "type": "Point",
    "coordinates": [
     24.591884,
     56.824576
    ]
   }
  },
  {
   "type": "Feature",
   "properties": {
    "kategorija": "izmitinasana",
    "nosaukums": "Ogresgala pamatskola",
    "adrese": "Nākotnes iela 4, Ogresgals, Ogres novads",
    "pasvaldiba": "Ogres novads",
    "pasvaldiba_slug": "ogres-novads",
    "nr_plana": 4,
    "avots_teksts": "Avots: Ogres novada CA plāns, lpp. 123",
    "plans_url": "https://www.ogresnovads.lv/lv/media/127114/download?attachment",
    "plans_fails": "a_jaunais_-ca-plans_30.03.2023_publikacijai_0.md",
    "lpp": 123,
    "citats": "|4.|**Ogresgala**<br>**pamatskola**|Nākotnes iela 4,<br>Ogresgals, Ogres novads|56.80602|24.729324|Sporta zāle. Aktu zāle.<br>Foajē. Mācību klases,<br>u.c. telpas|160|Ir|Nav|",
    "izdevejs": "Ogres novads (pašvaldība)",
    "geokodesana": "plan_coords",
    "adrese_vzd": "Nākotnes iela 4, Ogresgals, Ogresgala pag., Ogres nov., LV-5041",
    "vzd_kods": "103349121",
    "plana_lat": 56.80602,
    "plana_lon": 24.729324,
    "koord_teksts": "56.80602|24.729324",
    "karodzini": [],
    "vietas": 160,
    "gultas": 0,
    "edinasana": "Ir",
    "izvilkuma_piezime": "Telpu veids: Sporta zāle. Aktu zāle. Foajē. Mācību klases, u.c. telpas",
    "komentars": "Avots: Ogres novada CA plāns, lpp. 123 · 160 vietas",
    "id": "ogres-novads-izm-4"
   },
   "geometry": {
    "type": "Point",
    "coordinates": [
     24.729324,
     56.80602
    ]
   }
  },
  {
   "type": "Feature",
   "properties": {
    "kategorija": "izmitinasana",
    "nosaukums": "Madlienas vidusskola",
    "adrese": "\"Skola\", Madliena, Ogres novads",
    "pasvaldiba": "Ogres novads",
    "pasvaldiba_slug": "ogres-novads",
    "nr_plana": 5,
    "avots_teksts": "Avots: Ogres novada CA plāns, lpp. 123",
    "plans_url": "https://www.ogresnovads.lv/lv/media/127114/download?attachment",
    "plans_fails": "a_jaunais_-ca-plans_30.03.2023_publikacijai_0.md",
    "lpp": 123,
    "citats": "|5.|**Madlienas**<br>**vidusskola**|\"Skola\", Madliena, Ogres<br>novads|56.8480613253|25.147036799|Sporta zāle. Aktu zāle.<br>Mācību klases.<br>Internāts, u.c. telpas|800|Ir|40<br>vietas|",
    "izdevejs": "Ogres novads (pašvaldība)",
    "geokodesana": "plan_coords",
    "adrese_vzd": "\"Skola\", Madliena, Madlienas pag., Ogres nov., LV-5045",
    "vzd_kods": "104408618",
    "plana_lat": 56.8480613253,
    "plana_lon": 25.147036799,
    "koord_teksts": "56.8480613253|25.147036799",
    "karodzini": [],
    "vietas": 800,
    "gultas": 40,
    "edinasana": "Ir",
    "izvilkuma_piezime": "Telpu veids: Sporta zāle. Aktu zāle. Mācību klases. Internāts, u.c. telpas",
    "komentars": "Avots: Ogres novada CA plāns, lpp. 123 · 800 vietas",
    "id": "ogres-novads-izm-5"
   },
   "geometry": {
    "type": "Point",
    "coordinates": [
     25.147037,
     56.848061
    ]
   }
  },
  {
   "type": "Feature",
   "properties": {
    "kategorija": "izmitinasana",
    "nosaukums": "Taurupes pamatskola",
    "adrese": "Taurupes pamatskola, Taurupes pagasts, Ogres novads",
    "pasvaldiba": "Ogres novads",
    "pasvaldiba_slug": "ogres-novads",
    "nr_plana": 6,
    "avots_teksts": "Avots: Ogres novada CA plāns, lpp. 123",
    "plans_url": "https://www.ogresnovads.lv/lv/media/127114/download?attachment",
    "plans_fails": "a_jaunais_-ca-plans_30.03.2023_publikacijai_0.md",
    "lpp": 123,
    "citats": "|6.|**Taurupes**<br>**pamatskola**|Taurupes pamatskola,<br>Taurupes pagasts, Ogres<br>novads|56.885514|25.349579|Sporta - aktu zāle.<br>Mācību klases|100|Ir|Nav|",
    "izdevejs": "Ogres novads (pašvaldība)",
    "geokodesana": "plan_coords",
    "adrese_vzd": null,
    "vzd_kods": null,
    "plana_lat": 56.885514,
    "plana_lon": 25.349579,
    "koord_teksts": "56.885514|25.349579",
    "karodzini": [],
    "vietas": 100,
    "gultas": 0,
    "edinasana": "Ir",
    "izvilkuma_piezime": "Telpu veids: Sporta - aktu zāle. Mācību klases",
    "komentars": "Avots: Ogres novada CA plāns, lpp. 123 · 100 vietas",
    "id": "ogres-novads-izm-6"
   },
   "geometry": {
    "type": "Point",
    "coordinates": [
     25.349579,
     56.885514
    ]
   }
  },
  {
   "type": "Feature",
   "properties": {
    "kategorija": "izmitinasana",
    "nosaukums": "Suntažu vidusskola",
    "adrese": "Suntažu vidusskola, Suntažu pag., Ogres nov.",
    "pasvaldiba": "Ogres novads",
    "pasvaldiba_slug": "ogres-novads",
    "nr_plana": 7,
    "avots_teksts": "Avots: Ogres novada CA plāns, lpp. 123",
    "plans_url": "https://www.ogresnovads.lv/lv/media/127114/download?attachment",
    "plans_fails": "a_jaunais_-ca-plans_30.03.2023_publikacijai_0.md",
    "lpp": 123,
    "citats": "|7.|**Suntažu vidusskola**|Suntažu vidusskola,<br>Suntažu pag., Ogres nov.|56.906826|24.922965|Divas aktu zāles.<br>Sporta zāle. Mācību<br>klases|500|Ir<br>vienā<br>reizē 250|Nav|",
    "izdevejs": "Ogres novads (pašvaldība)",
    "geokodesana": "plan_coords",
    "adrese_vzd": null,
    "vzd_kods": null,
    "plana_lat": 56.906826,
    "plana_lon": 24.922965,
    "koord_teksts": "56.906826|24.922965",
    "karodzini": [],
    "vietas": 500,
    "gultas": 0,
    "edinasana": "Ir vienā reizē 250",
    "izvilkuma_piezime": "Telpu veids: Divas aktu zāles. Sporta zāle. Mācību klases",
    "komentars": "Avots: Ogres novada CA plāns, lpp. 123 · 500 vietas",
    "id": "ogres-novads-izm-7"
   },
   "geometry": {
    "type": "Point",
    "coordinates": [
     24.922965,
     56.906826
    ]
   }
  },
  {
   "type": "Feature",
   "properties": {
    "kategorija": "izmitinasana",
    "nosaukums": "Ķeipenes pamatskola",
    "adrese": "Ziedu iela 3, Ķeipene Ķeipenes pagasts, Ogres novads",
    "pasvaldiba": "Ogres novads",
    "pasvaldiba_slug": "ogres-novads",
    "nr_plana": 8,
    "avots_teksts": "Avots: Ogres novada CA plāns, lpp. 123",
    "plans_url": "https://www.ogresnovads.lv/lv/media/127114/download?attachment",
    "plans_fails": "a_jaunais_-ca-plans_30.03.2023_publikacijai_0.md",
    "lpp": 123,
    "citats": "|8.|**Ķeipenes**<br>**pamatskola**|Ziedu iela 3, Ķeipene<br>Ķeipenes pagasts, Ogres<br>novads|56.89056|25.184021|Sporta zāle. Mācību<br>klases. Kopmītnes; u.c.<br>telpas|200|Ir|11<br>vietas|",
    "izdevejs": "Ogres novads (pašvaldība)",
    "geokodesana": "plan_coords",
    "adrese_vzd": "Ziedu iela 3, Ķeipene, Ķeipenes pag., Ogres nov., LV-5062",
    "vzd_kods": "103673792",
    "plana_lat": 56.89056,
    "plana_lon": 25.184021,
    "koord_teksts": "56.89056|25.184021",
    "karodzini": [],
    "vietas": 200,
    "gultas": 11,
    "edinasana": "Ir",
    "izvilkuma_piezime": "Telpu veids: Sporta zāle. Mācību klases. Kopmītnes; u.c. telpas",
    "komentars": "Avots: Ogres novada CA plāns, lpp. 123 · 200 vietas",
    "id": "ogres-novads-izm-8"
   },
   "geometry": {
    "type": "Point",
    "coordinates": [
     25.184021,
     56.89056
    ]
   }
  },
  {
   "type": "Feature",
   "properties": {
    "kategorija": "izmitinasana",
    "nosaukums": "Ikšķiles vidusskola",
    "adrese": "Skolas iela 2, Ikšķile, Ogres novads",
    "pasvaldiba": "Ogres novads",
    "pasvaldiba_slug": "ogres-novads",
    "nr_plana": 9,
    "avots_teksts": "Avots: Ogres novada CA plāns, lpp. 123",
    "plans_url": "https://www.ogresnovads.lv/lv/media/127114/download?attachment",
    "plans_fails": "a_jaunais_-ca-plans_30.03.2023_publikacijai_0.md",
    "lpp": 123,
    "citats": "|9.|**Ikšķiles vidusskola**|Skolas iela 2, Ikšķile,<br>Ogres novads|56.8359986|24.4913526|Divas sporta zāles.<br>Aktu zāle. Mācību<br>klases,u.c. telpas|2000|Ir|Nav|",
    "izdevejs": "Ogres novads (pašvaldība)",
    "geokodesana": "plan_coords",
    "adrese_vzd": "Skolas iela 2, Ikšķile, Ogres nov., LV-5052",
    "vzd_kods": "103720426",
    "plana_lat": 56.8359986,
    "plana_lon": 24.4913526,
    "koord_teksts": "56.8359986|24.4913526",
    "karodzini": [],
    "vietas": 2000,
    "gultas": 0,
    "edinasana": "Ir",
    "izvilkuma_piezime": "Telpu veids: Divas sporta zāles. Aktu zāle. Mācību klases,u.c. telpas",
    "komentars": "Avots: Ogres novada CA plāns, lpp. 123 · 2000 vietas",
    "id": "ogres-novads-izm-9"
   },
   "geometry": {
    "type": "Point",
    "coordinates": [
     24.491353,
     56.835999
    ]
   }
  },
  {
   "type": "Feature",
   "properties": {
    "kategorija": "izmitinasana",
    "nosaukums": "Tīnūžu sākumskola \"Kalnliepas\"",
    "adrese": "Tīnūžu sākumskola \"Kalnliepas\" Tīnūži, Tīnūžu pagasts, Ogres novads",
    "pasvaldiba": "Ogres novads",
    "pasvaldiba_slug": "ogres-novads",
    "nr_plana": 10,
    "avots_teksts": "Avots: Ogres novada CA plāns, lpp. 124",
    "plans_url": "https://www.ogresnovads.lv/lv/media/127114/download?attachment",
    "plans_fails": "a_jaunais_-ca-plans_30.03.2023_publikacijai_0.md",
    "lpp": 124,
    "citats": "|10.|**Tīnūžu sākumskola**<br>**\"Kalnliepas\"**|Tīnūžu sākumskola<br>\"Kalnliepas\" Tīnūži,<br>Tīnūžu pagasts, Ogres<br>novads|56.8668364|24.5637727|Sporta zāle. Aktu zāle.<br>Mācību klases, u.c.<br>telpas|500|Ir<br>vienā<br>reize<br>150|Nav|",
    "izdevejs": "Ogres novads (pašvaldība)",
    "geokodesana": "plan_coords",
    "adrese_vzd": null,
    "vzd_kods": null,
    "plana_lat": 56.8668364,
    "plana_lon": 24.5637727,
    "koord_teksts": "56.8668364|24.5637727",
    "karodzini": [],
    "vietas": 500,
    "gultas": 0,
    "edinasana": "Ir vienā reize 150",
    "izvilkuma_piezime": "Telpu veids: Sporta zāle. Aktu zāle. Mācību klases, u.c. telpas",
    "komentars": "Avots: Ogres novada CA plāns, lpp. 124 · 500 vietas",
    "id": "ogres-novads-izm-10"
   },
   "geometry": {
    "type": "Point",
    "coordinates": [
     24.563773,
     56.866836
    ]
   }
  },
  {
   "type": "Feature",
   "properties": {
    "kategorija": "izmitinasana",
    "nosaukums": "Pirmsskolas izglītības iestāde \"Čiekuriņš\"",
    "adrese": "Irbenāju iela 2, Ikšķile, Ogres novads",
    "pasvaldiba": "Ogres novads",
    "pasvaldiba_slug": "ogres-novads",
    "nr_plana": 11,
    "avots_teksts": "Avots: Ogres novada CA plāns, lpp. 124",
    "plans_url": "https://www.ogresnovads.lv/lv/media/127114/download?attachment",
    "plans_fails": "a_jaunais_-ca-plans_30.03.2023_publikacijai_0.md",
    "lpp": 124,
    "citats": "|11.|**Pirmsskolas**<br>**izglītības iestāde**<br>**\"Čiekuriņš\"**|Irbenāju iela 2, Ikšķile,<br>Ogres novads|56.8322399|24.4779415|Sporta zāles. Aktu zāle.<br>Grupiņas, u.c. telpas|500|Ir|Nav|",
    "izdevejs": "Ogres novads (pašvaldība)",
    "geokodesana": "varis_address",
    "adrese_vzd": "Irbenāju iela 2, Ikšķile, Ogres nov., LV-5052",
    "vzd_kods": "106638133",
    "plana_lat": 56.8322399,
    "plana_lon": 24.4779415,
    "koord_teksts": "56.8322399|24.4779415",
    "karodzini": [
     "plan_coords_far_from_address"
    ],
    "vietas": 500,
    "gultas": 0,
    "edinasana": "Ir",
    "izvilkuma_piezime": "Telpu veids: Sporta zāles. Aktu zāle. Grupiņas, u.c. telpas",
    "komentars": "Avots: Ogres novada CA plāns, lpp. 124 · 500 vietas · plāna koordinātas kļūdainas, vieta noteikta pēc adreses (VZD)",
    "id": "ogres-novads-izm-11"
   },
   "geometry": {
    "type": "Point",
    "coordinates": [
     24.505661,
     56.830911
    ]
   }
  },
  {
   "type": "Feature",
   "properties": {
    "kategorija": "izmitinasana",
    "nosaukums": "Pirmsskolas izglītības iestāde \"Urdaviņa\"",
    "adrese": "Melioratoru iela 10, Ikšķile, Ogres novads",
    "pasvaldiba": "Ogres novads",
    "pasvaldiba_slug": "ogres-novads",
    "nr_plana": 12,
    "avots_teksts": "Avots: Ogres novada CA plāns, lpp. 124",
    "plans_url": "https://www.ogresnovads.lv/lv/media/127114/download?attachment",
    "plans_fails": "a_jaunais_-ca-plans_30.03.2023_publikacijai_0.md",
    "lpp": 124,
    "citats": "|12.|**Pirmsskolas**<br>**izglītības iestāde**<br>**\"Urdaviņa\"**|Melioratoru iela 10,<br>Ikšķile, Ogres novads|56.83809|24.50199|Sporta zāle. Aktu zāle.<br>Grupiņas, u.c. telpas|500|Ir<br>vienā<br>reize<br>400|Nav|",
    "izdevejs": "Ogres novads (pašvaldība)",
    "geokodesana": "plan_coords",
    "adrese_vzd": "Melioratoru iela 10, Ikšķile, Ogres nov., LV-5052",
    "vzd_kods": "103660405",
    "plana_lat": 56.83809,
    "plana_lon": 24.50199,
    "koord_teksts": "56.83809|24.50199",
    "karodzini": [],
    "vietas": 500,
    "gultas": 0,
    "edinasana": "Ir vienā reize 400",
    "izvilkuma_piezime": "Telpu veids: Sporta zāle. Aktu zāle. Grupiņas, u.c. telpas",
    "komentars": "Avots: Ogres novada CA plāns, lpp. 124 · 500 vietas",
    "id": "ogres-novads-izm-12"
   },
   "geometry": {
    "type": "Point",
    "coordinates": [
     24.50199,
     56.83809
    ]
   }
  },
  {
   "type": "Feature",
   "properties": {
    "kategorija": "izmitinasana",
    "nosaukums": "Ķeguma komercnovirziena vidusskola",
    "adrese": "Skolas iela 10, Ķegums, Ogres novads",
    "pasvaldiba": "Ogres novads",
    "pasvaldiba_slug": "ogres-novads",
    "nr_plana": 13,
    "avots_teksts": "Avots: Ogres novada CA plāns, lpp. 124",
    "plans_url": "https://www.ogresnovads.lv/lv/media/127114/download?attachment",
    "plans_fails": "a_jaunais_-ca-plans_30.03.2023_publikacijai_0.md",
    "lpp": 124,
    "citats": "|13.|**Ķeguma**<br>**komercnovirziena**<br>**vidusskola**|Skolas iela 10, Ķegums,<br>Ogres novads|56.74696|24.713992|Sporta zāle. Aktu zāle.<br>Mācību klases, u.c.<br>telpas|300|Ir|Nav|",
    "izdevejs": "Ogres novads (pašvaldība)",
    "geokodesana": "plan_coords",
    "adrese_vzd": "Skolas iela 10, Ķegums, Ogres nov., LV-5020",
    "vzd_kods": "102157176",
    "plana_lat": 56.74696,
    "plana_lon": 24.713992,
    "koord_teksts": "56.74696|24.713992",
    "karodzini": [],
    "vietas": 300,
    "gultas": 0,
    "edinasana": "Ir",
    "izvilkuma_piezime": "Telpu veids: Sporta zāle. Aktu zāle. Mācību klases, u.c. telpas",
    "komentars": "Avots: Ogres novada CA plāns, lpp. 124 · 300 vietas",
    "id": "ogres-novads-izm-13"
   },
   "geometry": {
    "type": "Point",
    "coordinates": [
     24.713992,
     56.74696
    ]
   }
  },
  {
   "type": "Feature",
   "properties": {
    "kategorija": "izmitinasana",
    "nosaukums": "Birzgales pamatskola",
    "adrese": "Skolas iela 1, Birzgale, Ķegums, Ogres novads",
    "pasvaldiba": "Ogres novads",
    "pasvaldiba_slug": "ogres-novads",
    "nr_plana": 14,
    "avots_teksts": "Avots: Ogres novada CA plāns, lpp. 124",
    "plans_url": "https://www.ogresnovads.lv/lv/media/127114/download?attachment",
    "plans_fails": "a_jaunais_-ca-plans_30.03.2023_publikacijai_0.md",
    "lpp": 124,
    "citats": "|14.|**Birzgales**<br>**pamatskola**|Skolas iela 1, Birzgale,<br>Ķegums, Ogres novads|56.629998|24.759819|Sporta zāle. Aktu zāle.<br>Mācību klases, u.c.<br>telpas|200|Ir|Nav|",
    "izdevejs": "Ogres novads (pašvaldība)",
    "geokodesana": "plan_coords",
    "adrese_vzd": null,
    "vzd_kods": null,
    "plana_lat": 56.629998,
    "plana_lon": 24.759819,
    "koord_teksts": "56.629998|24.759819",
    "karodzini": [],
    "vietas": 200,
    "gultas": 0,
    "edinasana": "Ir",
    "izvilkuma_piezime": "Telpu veids: Sporta zāle. Aktu zāle. Mācību klases, u.c. telpas",
    "komentars": "Avots: Ogres novada CA plāns, lpp. 124 · 200 vietas",
    "id": "ogres-novads-izm-14"
   },
   "geometry": {
    "type": "Point",
    "coordinates": [
     24.759819,
     56.629998
    ]
   }
  },
  {
   "type": "Feature",
   "properties": {
    "kategorija": "izmitinasana",
    "nosaukums": "Jumpravas pamatskola",
    "adrese": "Ozolu iela 14, Jumpravas pagasts, Ogres novads",
    "pasvaldiba": "Ogres novads",
    "pasvaldiba_slug": "ogres-novads",
    "nr_plana": 15,
    "avots_teksts": "Avots: Ogres novada CA plāns, lpp. 124",
    "plans_url": "https://www.ogresnovads.lv/lv/media/127114/download?attachment",
    "plans_fails": "a_jaunais_-ca-plans_30.03.2023_publikacijai_0.md",
    "lpp": 124,
    "citats": "|15.|**Jumpravas**<br>**pamatskola**|Ozolu iela 14,<br>Jumpravas pagasts,<br>Ogres novads|56.672315|24.974164|Sporta zāle. Aktu zāle.<br>Mācību klases|400|Ir|Nav|",
    "izdevejs": "Ogres novads (pašvaldība)",
    "geokodesana": "plan_coords",
    "adrese_vzd": "Ozolu iela 14, Jumprava, Jumpravas pag., Ogres nov., LV-5022",
    "vzd_kods": "104688951",
    "plana_lat": 56.672315,
    "plana_lon": 24.974164,
    "koord_teksts": "56.672315|24.974164",
    "karodzini": [],
    "vietas": 400,
    "gultas": 0,
    "edinasana": "Ir",
    "izvilkuma_piezime": "Telpu veids: Sporta zāle. Aktu zāle. Mācību klases",
    "komentars": "Avots: Ogres novada CA plāns, lpp. 124 · 400 vietas",
    "id": "ogres-novads-izm-15"
   },
   "geometry": {
    "type": "Point",
    "coordinates": [
     24.974164,
     56.672315
    ]
   }
  },
  {
   "type": "Feature",
   "properties": {
    "kategorija": "izmitinasana",
    "nosaukums": "Lēdmanes tautas nams \"Aivas\"",
    "adrese": "Aivas, Lēdmanes pagasts,Ogres novads",
    "pasvaldiba": "Ogres novads",
    "pasvaldiba_slug": "ogres-novads",
    "nr_plana": 16,
    "avots_teksts": "Avots: Ogres novada CA plāns, lpp. 124",
    "plans_url": "https://www.ogresnovads.lv/lv/media/127114/download?attachment",
    "plans_fails": "a_jaunais_-ca-plans_30.03.2023_publikacijai_0.md",
    "lpp": 124,
    "citats": "|16.|**Lēdmanes tautas**<br>**nams \"Aivas\"**|Aivas, Lēdmanes<br>pagasts,Ogres novads|56.769029|24.999848|Svinību zāle|40|Ir|Nav|",
    "izdevejs": "Ogres novads (pašvaldība)",
    "geokodesana": "plan_coords",
    "adrese_vzd": "\"Aivas\", Lēdmane, Lēdmanes pag., Ogres nov., LV-5011",
    "vzd_kods": "106340085",
    "plana_lat": 56.769029,
    "plana_lon": 24.999848,
    "koord_teksts": "56.769029|24.999848",
    "karodzini": [],
    "vietas": 40,
    "gultas": 0,
    "edinasana": "Ir",
    "izvilkuma_piezime": "Telpu veids: Svinību zāle",
    "komentars": "Avots: Ogres novada CA plāns, lpp. 124 · 40 vietas",
    "id": "ogres-novads-izm-16"
   },
   "geometry": {
    "type": "Point",
    "coordinates": [
     24.999848,
     56.769029
    ]
   }
  },
  {
   "type": "Feature",
   "properties": {
    "kategorija": "izmitinasana",
    "nosaukums": "Lēdmanes pamatskola",
    "adrese": "Lēdmanes pamatskola, Lēdmanes pagasts, Ogres novads",
    "pasvaldiba": "Ogres novads",
    "pasvaldiba_slug": "ogres-novads",
    "nr_plana": 17,
    "avots_teksts": "Avots: Ogres novada CA plāns, lpp. 124",
    "plans_url": "https://www.ogresnovads.lv/lv/media/127114/download?attachment",
    "plans_fails": "a_jaunais_-ca-plans_30.03.2023_publikacijai_0.md",
    "lpp": 124,
    "citats": "|17.|**Lēdmanes**<br>**pamatskola**|Lēdmanes pamatskola,<br>Lēdmanes pagasts,<br>Ogres novads|56.768285|24.996893|Sporta zāle. Mācību<br>klases, u.c. telpas|400|Ir|Nav|",
    "izdevejs": "Ogres novads (pašvaldība)",
    "geokodesana": "plan_coords",
    "adrese_vzd": null,
    "vzd_kods": null,
    "plana_lat": 56.768285,
    "plana_lon": 24.996893,
    "koord_teksts": "56.768285|24.996893",
    "karodzini": [],
    "vietas": 400,
    "gultas": 0,
    "edinasana": "Ir",
    "izvilkuma_piezime": "Telpu veids: Sporta zāle. Mācību klases, u.c. telpas",
    "komentars": "Avots: Ogres novada CA plāns, lpp. 124 · 400 vietas",
    "id": "ogres-novads-izm-17"
   },
   "geometry": {
    "type": "Point",
    "coordinates": [
     24.996893,
     56.768285
    ]
   }
  },
  {
   "type": "Feature",
   "properties": {
    "kategorija": "izmitinasana",
    "nosaukums": "Lielvārdes pamatskola",
    "adrese": "Avotu iela 2, Lielvārde, Ogresnovads",
    "pasvaldiba": "Ogres novads",
    "pasvaldiba_slug": "ogres-novads",
    "nr_plana": 18,
    "avots_teksts": "Avots: Ogres novada CA plāns, lpp. 124",
    "plans_url": "https://www.ogresnovads.lv/lv/media/127114/download?attachment",
    "plans_fails": "a_jaunais_-ca-plans_30.03.2023_publikacijai_0.md",
    "lpp": 124,
    "citats": "|18.|**Lielvārdes**<br>**pamatskola**|Avotu iela 2, Lielvārde,<br>Ogresnovads|56.732457|24.803622|Sporta zāle. Aktu zāle.<br>Mācībuklases|400|Ir|Nav|",
    "izdevejs": "Ogres novads (pašvaldība)",
    "geokodesana": "plan_coords",
    "adrese_vzd": "Avotu iela 2, Lielvārde, Ogres nov., LV-5071",
    "vzd_kods": "101379557",
    "plana_lat": 56.732457,
    "plana_lon": 24.803622,
    "koord_teksts": "56.732457|24.803622",
    "karodzini": [],
    "vietas": 400,
    "gultas": 0,
    "edinasana": "Ir",
    "izvilkuma_piezime": "Telpu veids: Sporta zāle. Aktu zāle. Mācībuklases",
    "komentars": "Avots: Ogres novada CA plāns, lpp. 124 · 400 vietas",
    "id": "ogres-novads-izm-18"
   },
   "geometry": {
    "type": "Point",
    "coordinates": [
     24.803622,
     56.732457
    ]
   }
  },
  {
   "type": "Feature",
   "properties": {
    "kategorija": "izmitinasana",
    "nosaukums": "Lielvārdes mūzikas un mākslas skola",
    "adrese": "Dravnieku iela 8, Lielvārde,Ogres novads",
    "pasvaldiba": "Ogres novads",
    "pasvaldiba_slug": "ogres-novads",
    "nr_plana": 19,
    "avots_teksts": "Avots: Ogres novada CA plāns, lpp. 124",
    "plans_url": "https://www.ogresnovads.lv/lv/media/127114/download?attachment",
    "plans_fails": "a_jaunais_-ca-plans_30.03.2023_publikacijai_0.md",
    "lpp": 124,
    "citats": "|19.|**Lielvārdes mūzikas**<br>**un mākslas skola**|Dravnieku iela 8,<br>Lielvārde,Ogres novads|56.723792|24.786799|Aktu zāle. Mācību<br>klases|40|Ir|Nav|",
    "izdevejs": "Ogres novads (pašvaldība)",
    "geokodesana": "plan_coords",
    "adrese_vzd": "Dravnieku iela 8, Lielvārde, Ogres nov., LV-5070",
    "vzd_kods": "101380287",
    "plana_lat": 56.723792,
    "plana_lon": 24.786799,
    "koord_teksts": "56.723792|24.786799",
    "karodzini": [],
    "vietas": 40,
    "gultas": 0,
    "edinasana": "Ir",
    "izvilkuma_piezime": "Telpu veids: Aktu zāle. Mācību klases",
    "komentars": "Avots: Ogres novada CA plāns, lpp. 124 · 40 vietas",
    "id": "ogres-novads-izm-19"
   },
   "geometry": {
    "type": "Point",
    "coordinates": [
     24.786799,
     56.723792
    ]
   }
  },
  {
   "type": "Feature",
   "properties": {
    "kategorija": "izmitinasana",
    "nosaukums": "Edgara Kauliņa Lielvārdes vidusskola",
    "adrese": "Gaismas iela 17, Lielvārde, Ogres novads",
    "pasvaldiba": "Ogres novads",
    "pasvaldiba_slug": "ogres-novads",
    "nr_plana": 20,
    "avots_teksts": "Avots: Ogres novada CA plāns, lpp. 124",
    "plans_url": "https://www.ogresnovads.lv/lv/media/127114/download?attachment",
    "plans_fails": "a_jaunais_-ca-plans_30.03.2023_publikacijai_0.md",
    "lpp": 124,
    "citats": "|20.|**Edgara Kauliņa**<br>**Lielvārdes**<br>**vidusskola**|Gaismas iela 17,<br>Lielvārde, Ogres novads|56.71385|24.81899|Skolas ēdamzāle.<br>Mācību klases|200|Ir|Nav|",
    "izdevejs": "Ogres novads (pašvaldība)",
    "geokodesana": "plan_coords",
    "adrese_vzd": "Gaismas iela 17, Lielvārde, Ogres nov., LV-5070",
    "vzd_kods": "104475414",
    "plana_lat": 56.71385,
    "plana_lon": 24.81899,
    "koord_teksts": "56.71385|24.81899",
    "karodzini": [],
    "vietas": 200,
    "gultas": 0,
    "edinasana": "Ir",
    "izvilkuma_piezime": "Telpu veids: Skolas ēdamzāle. Mācību klases",
    "komentars": "Avots: Ogres novada CA plāns, lpp. 124 · 200 vietas",
    "id": "ogres-novads-izm-20"
   },
   "geometry": {
    "type": "Point",
    "coordinates": [
     24.81899,
     56.71385
    ]
   }
  },
  {
   "type": "Feature",
   "properties": {
    "kategorija": "izmitinasana",
    "nosaukums": "Lielvārdes novada Sporta centrs",
    "adrese": "Raiņa iela 22, Lielvārde, Ogres novads",
    "pasvaldiba": "Ogres novads",
    "pasvaldiba_slug": "ogres-novads",
    "nr_plana": 21,
    "avots_teksts": "Avots: Ogres novada CA plāns, lpp. 124",
    "plans_url": "https://www.ogresnovads.lv/lv/media/127114/download?attachment",
    "plans_fails": "a_jaunais_-ca-plans_30.03.2023_publikacijai_0.md",
    "lpp": 124,
    "citats": "|21.|**Lielvārdes novada**<br>**Sporta centrs**|Raiņa iela 22, Lielvārde,<br>Ogres novads|56.714559|24.820162|Sporta zāle, u.c. telpas|400|Nav|Nav|",
    "izdevejs": "Ogres novads (pašvaldība)",
    "geokodesana": "plan_coords",
    "adrese_vzd": "Raiņa iela 22, Lielvārde, Ogres nov., LV-5070",
    "vzd_kods": "104617746",
    "plana_lat": 56.714559,
    "plana_lon": 24.820162,
    "koord_teksts": "56.714559|24.820162",
    "karodzini": [],
    "vietas": 400,
    "gultas": 0,
    "edinasana": "Nav",
    "izvilkuma_piezime": "Telpu veids: Sporta zāle, u.c. telpas",
    "komentars": "Avots: Ogres novada CA plāns, lpp. 124 · 400 vietas",
    "id": "ogres-novads-izm-21"
   },
   "geometry": {
    "type": "Point",
    "coordinates": [
     24.820162,
     56.714559
    ]
   }
  },
  {
   "type": "Feature",
   "properties": {
    "kategorija": "izmitinasana",
    "nosaukums": "p/a “Olaines sociālais dienests” (“OLAKS” telpas)",
    "adrese": "Stacijas iela 38a Olaine, LV-2114",
    "pasvaldiba": "Olaines novads",
    "pasvaldiba_slug": "olaines-novads",
    "nr_plana": 1,
    "avots_teksts": "Avots: Olaines novada CA plāns",
    "plans_url": "https://www.olaine.lv/uploads/kcfinder/files/atseviski_faili/12._pielikums_Izmitinasanas_vietas.docx",
    "plans_fails": "12_pielikums_izmitinasanas_vietas.md",
    "lpp": null,
    "citats": "<td style=\"text-align: center;\"><p>p/a “Olaines sociālais dienests”</p>",
    "izdevejs": "Olaines novads (pašvaldība)",
    "geokodesana": "varis_address",
    "adrese_vzd": "Stacijas iela 38A, Olaine, Olaines nov., LV-2114",
    "vzd_kods": "102738480",
    "plana_lat": null,
    "plana_lon": null,
    "koord_teksts": null,
    "karodzini": [],
    "vietas": 21,
    "gultas": 0,
    "edinasana": "Virtuve ar ēdnīcu: nav",
    "komentars": "Avots: Olaines novada CA plāns · 21 vietas · vieta noteikta pēc adreses (VZD)",
    "id": "olaines-novads-izm-1"
   },
   "geometry": {
    "type": "Point",
    "coordinates": [
     23.930665,
     56.779484
    ]
   }
  },
  {
   "type": "Feature",
   "properties": {
    "kategorija": "izmitinasana",
    "nosaukums": "Olaines Kultūras nams",
    "adrese": "Zeiferta iela 11, Olaine, LV-2114",
    "pasvaldiba": "Olaines novads",
    "pasvaldiba_slug": "olaines-novads",
    "nr_plana": 2,
    "avots_teksts": "Avots: Olaines novada CA plāns",
    "plans_url": "https://www.olaine.lv/uploads/kcfinder/files/atseviski_faili/12._pielikums_Izmitinasanas_vietas.docx",
    "plans_fails": "12_pielikums_izmitinasanas_vietas.md",
    "lpp": null,
    "citats": "<td style=\"text-align: center;\"><p>Olaines Kultūras nams</p>",
    "izdevejs": "Olaines novads (pašvaldība)",
    "geokodesana": "varis_address",
    "adrese_vzd": "Zeiferta iela 11, Olaine, Olaines nov., LV-2114",
    "vzd_kods": "101273217",
    "plana_lat": null,
    "plana_lon": null,
    "koord_teksts": null,
    "karodzini": [],
    "vietas": 80,
    "gultas": 0,
    "edinasana": "Virtuve ar ēdnīcu: nav",
    "komentars": "Avots: Olaines novada CA plāns · 80 vietas · vieta noteikta pēc adreses (VZD)",
    "id": "olaines-novads-izm-2"
   },
   "geometry": {
    "type": "Point",
    "coordinates": [
     23.939265,
     56.787717
    ]
   }
  },
  {
   "type": "Feature",
   "properties": {
    "kategorija": "izmitinasana",
    "nosaukums": "Jaunolaines Kultūras nams",
    "adrese": "Meža iela 2, Jaunolaine, LV-2127",
    "pasvaldiba": "Olaines novads",
    "pasvaldiba_slug": "olaines-novads",
    "nr_plana": 3,
    "avots_teksts": "Avots: Olaines novada CA plāns",
    "plans_url": "https://www.olaine.lv/uploads/kcfinder/files/atseviski_faili/12._pielikums_Izmitinasanas_vietas.docx",
    "plans_fails": "12_pielikums_izmitinasanas_vietas.md",
    "lpp": null,
    "citats": "<td style=\"text-align: center;\"><p>Jaunolaines Kultūras nams</p>",
    "izdevejs": "Olaines novads (pašvaldība)",
    "geokodesana": "varis_address",
    "adrese_vzd": "Meža iela 2, Jaunolaine, Olaines pag., Olaines nov., LV-2127",
    "vzd_kods": "102132764",
    "plana_lat": null,
    "plana_lon": null,
    "koord_teksts": null,
    "karodzini": [],
    "vietas": 175,
    "gultas": 0,
    "edinasana": "Virtuve ar ēdnīcu: nav",
    "komentars": "Avots: Olaines novada CA plāns · 175 vietas · vieta noteikta pēc adreses (VZD)",
    "dublikati": [
     "Olaines 1. vidusskolas struktūrvienība (no 01.09.2026. Olaines pamatskolas struktūrvienība Jaunolaines sākumskola) (nr. 12, lpp. None)"
    ],
    "id": "olaines-novads-izm-3"
   },
   "geometry": {
    "type": "Point",
    "coordinates": [
     23.988561,
     56.799127
    ]
   }
  },
  {
   "type": "Feature",
   "properties": {
    "kategorija": "izmitinasana",
    "nosaukums": "OPII “Dzērvenīte”",
    "adrese": "Zemgales iela 39, Olaine, Olaines novads, LV-2114",
    "pasvaldiba": "Olaines novads",
    "pasvaldiba_slug": "olaines-novads",
    "nr_plana": 4,
    "avots_teksts": "Avots: Olaines novada CA plāns",
    "plans_url": "https://www.olaine.lv/uploads/kcfinder/files/atseviski_faili/12._pielikums_Izmitinasanas_vietas.docx",
    "plans_fails": "12_pielikums_izmitinasanas_vietas.md",
    "lpp": null,
    "citats": "<td style=\"text-align: center;\"><p>OPII “Dzērvenīte”</p>",
    "izdevejs": "Olaines novads (pašvaldība)",
    "geokodesana": "varis_address",
    "adrese_vzd": "Zemgales iela 39, Olaine, Olaines nov., LV-2114",
    "vzd_kods": "101273387",
    "plana_lat": null,
    "plana_lon": null,
    "koord_teksts": null,
    "karodzini": [],
    "vietas": 30,
    "gultas": 0,
    "edinasana": "Virtuve ar ēdnīcu: ir",
    "komentars": "Avots: Olaines novada CA plāns · 30 vietas · vieta noteikta pēc adreses (VZD)",
    "id": "olaines-novads-izm-4"
   },
   "geometry": {
    "type": "Point",
    "coordinates": [
     23.931928,
     56.781202
    ]
   }
  },
  {
   "type": "Feature",
   "properties": {
    "kategorija": "izmitinasana",
    "nosaukums": "OPII “Ābelīte”",
    "adrese": "Parka iela 5, Olaine, LV-2114",
    "pasvaldiba": "Olaines novads",
    "pasvaldiba_slug": "olaines-novads",
    "nr_plana": 5,
    "avots_teksts": "Avots: Olaines novada CA plāns",
    "plans_url": "https://www.olaine.lv/uploads/kcfinder/files/atseviski_faili/12._pielikums_Izmitinasanas_vietas.docx",
    "plans_fails": "12_pielikums_izmitinasanas_vietas.md",
    "lpp": null,
    "citats": "<td style=\"text-align: center;\"><p>OPII “Ābelīte”</p>",
    "izdevejs": "Olaines novads (pašvaldība)",
    "geokodesana": "varis_address",
    "adrese_vzd": "Parka iela 5, Olaine, Olaines nov., LV-2114",
    "vzd_kods": "102765957",
    "plana_lat": null,
    "plana_lon": null,
    "koord_teksts": null,
    "karodzini": [],
    "vietas": 35,
    "gultas": 0,
    "edinasana": "Virtuve ar ēdnīcu: ir",
    "komentars": "Avots: Olaines novada CA plāns · 35 vietas · vieta noteikta pēc adreses (VZD)",
    "id": "olaines-novads-izm-5"
   },
   "geometry": {
    "type": "Point",
    "coordinates": [
     23.926836,
     56.778994
    ]
   }
  },
  {
   "type": "Feature",
   "properties": {
    "kategorija": "izmitinasana",
    "nosaukums": "OPII “Zīle”",
    "adrese": "Kūdras iela 9, Olaine, Olaines novads, LV-2114",
    "pasvaldiba": "Olaines novads",
    "pasvaldiba_slug": "olaines-novads",
    "nr_plana": 6,
    "avots_teksts": "Avots: Olaines novada CA plāns",
    "plans_url": "https://www.olaine.lv/uploads/kcfinder/files/atseviski_faili/12._pielikums_Izmitinasanas_vietas.docx",
    "plans_fails": "12_pielikums_izmitinasanas_vietas.md",
    "lpp": null,
    "citats": "<td rowspan=\"3\" style=\"text-align: center;\"><p>OPII “Zīle”</p>",
    "izdevejs": "Olaines novads (pašvaldība)",
    "geokodesana": "varis_address",
    "adrese_vzd": "Kūdras iela 9, Olaine, Olaines nov., LV-2114",
    "vzd_kods": "102738640",
    "plana_lat": null,
    "plana_lon": null,
    "koord_teksts": null,
    "karodzini": [],
    "vietas": 27,
    "gultas": null,
    "edinasana": "Virtuve ar ēdnīcu: Virtuve ir, ēdnīcas nav",
    "izvilkuma_piezime": "row uses rowspans; 'Guļamvietas' column says 'ir' without a number, so gultas is null",
    "komentars": "Avots: Olaines novada CA plāns · 27 vietas · vieta noteikta pēc adreses (VZD)",
    "id": "olaines-novads-izm-6"
   },
   "geometry": {
    "type": "Point",
    "coordinates": [
     23.937325,
     56.787408
    ]
   }
  },
  {
   "type": "Feature",
   "properties": {
    "kategorija": "izmitinasana",
    "nosaukums": "OPII “Magonīte”",
    "adrese": "Baznīcas iela 1, Jaunolaine, LV-2127",
    "pasvaldiba": "Olaines novads",
    "pasvaldiba_slug": "olaines-novads",
    "nr_plana": 7,
    "avots_teksts": "Avots: Olaines novada CA plāns",
    "plans_url": "https://www.olaine.lv/uploads/kcfinder/files/atseviski_faili/12._pielikums_Izmitinasanas_vietas.docx",
    "plans_fails": "12_pielikums_izmitinasanas_vietas.md",
    "lpp": null,
    "citats": "<td style=\"text-align: center;\"><p>OPII “Magonīte”</p>",
    "izdevejs": "Olaines novads (pašvaldība)",
    "geokodesana": "varis_address",
    "adrese_vzd": "Baznīcas iela 1, Jaunolaine, Olaines pag., Olaines nov., LV-2127",
    "vzd_kods": "104711943",
    "plana_lat": null,
    "plana_lon": null,
    "koord_teksts": null,
    "karodzini": [],
    "vietas": 28,
    "gultas": 0,
    "edinasana": "Virtuve ar ēdnīcu: Virtuve ir, ēdnīcas nav",
    "komentars": "Avots: Olaines novada CA plāns · 28 vietas · vieta noteikta pēc adreses (VZD)",
    "id": "olaines-novads-izm-7"
   },
   "geometry": {
    "type": "Point",
    "coordinates": [
     23.984166,
     56.800272
    ]
   }
  },
  {
   "type": "Feature",
   "properties": {
    "kategorija": "izmitinasana",
    "nosaukums": "OPII “Čiekuriņš”",
    "adrese": "Veselības iela 7, Olaine, LV-2114",
    "pasvaldiba": "Olaines novads",
    "pasvaldiba_slug": "olaines-novads",
    "nr_plana": 8,
    "avots_teksts": "Avots: Olaines novada CA plāns",
    "plans_url": "https://www.olaine.lv/uploads/kcfinder/files/atseviski_faili/12._pielikums_Izmitinasanas_vietas.docx",
    "plans_fails": "12_pielikums_izmitinasanas_vietas.md",
    "lpp": null,
    "citats": "<td style=\"text-align: center;\"><p>OPII “Čiekuriņš”</p>",
    "izdevejs": "Olaines novads (pašvaldība)",
    "geokodesana": "varis_address",
    "adrese_vzd": "Veselības iela 7, Olaine, Olaines nov., LV-2114",
    "vzd_kods": "102765932",
    "plana_lat": null,
    "plana_lon": null,
    "koord_teksts": null,
    "karodzini": [],
    "vietas": 50,
    "gultas": 0,
    "edinasana": "Virtuve ar ēdnīcu: nav",
    "komentars": "Avots: Olaines novada CA plāns · 50 vietas · vieta noteikta pēc adreses (VZD)",
    "dublikati": [
     "Olaines kopstrādes telpas (nr. 19, lpp. None)",
     "Olaines Jauniešu centrs “Popkorns” (nr. 20, lpp. None)"
    ],
    "id": "olaines-novads-izm-8"
   },
   "geometry": {
    "type": "Point",
    "coordinates": [
     23.93317,
     56.785265
    ]
   }
  },
  {
   "type": "Feature",
   "properties": {
    "kategorija": "izmitinasana",
    "nosaukums": "Olaines Sporta nams",
    "adrese": "Zemgales iela 33A, Olaine, LV-2114",
    "pasvaldiba": "Olaines novads",
    "pasvaldiba_slug": "olaines-novads",
    "nr_plana": 9,
    "avots_teksts": "Avots: Olaines novada CA plāns",
    "plans_url": "https://www.olaine.lv/uploads/kcfinder/files/atseviski_faili/12._pielikums_Izmitinasanas_vietas.docx",
    "plans_fails": "12_pielikums_izmitinasanas_vietas.md",
    "lpp": null,
    "citats": "<td style=\"text-align: center;\"><p>Olaines Sporta nams</p>",
    "izdevejs": "Olaines novads (pašvaldība)",
    "geokodesana": "varis_address",
    "adrese_vzd": "Zemgales iela 33A, Olaine, Olaines nov., LV-2114",
    "vzd_kods": "101273362",
    "plana_lat": null,
    "plana_lon": null,
    "koord_teksts": null,
    "karodzini": [],
    "vietas": 108,
    "gultas": 0,
    "edinasana": "Virtuve ar ēdnīcu: nav",
    "komentars": "Avots: Olaines novada CA plāns · 108 vietas · vieta noteikta pēc adreses (VZD)",
    "id": "olaines-novads-izm-9"
   },
   "geometry": {
    "type": "Point",
    "coordinates": [
     23.936839,
     56.783275
    ]
   }
  },
  {
   "type": "Feature",
   "properties": {
    "kategorija": "izmitinasana",
    "nosaukums": "Jaunolaines Sporta nams",
    "adrese": "Meža iela 2B, Jaunolaine, LV-2127",
    "pasvaldiba": "Olaines novads",
    "pasvaldiba_slug": "olaines-novads",
    "nr_plana": 10,
    "avots_teksts": "Avots: Olaines novada CA plāns",
    "plans_url": "https://www.olaine.lv/uploads/kcfinder/files/atseviski_faili/12._pielikums_Izmitinasanas_vietas.docx",
    "plans_fails": "12_pielikums_izmitinasanas_vietas.md",
    "lpp": null,
    "citats": "<td style=\"text-align: center;\"><p>Jaunolaines Sporta nams</p>",
    "izdevejs": "Olaines novads (pašvaldība)",
    "geokodesana": "varis_address",
    "adrese_vzd": "Meža iela 2B, Jaunolaine, Olaines pag., Olaines nov., LV-2127",
    "vzd_kods": "106736233",
    "plana_lat": null,
    "plana_lon": null,
    "koord_teksts": null,
    "karodzini": [],
    "vietas": 125,
    "gultas": 0,
    "edinasana": "Virtuve ar ēdnīcu: nav",
    "komentars": "Avots: Olaines novada CA plāns · 125 vietas · vieta noteikta pēc adreses (VZD)",
    "id": "olaines-novads-izm-10"
   },
   "geometry": {
    "type": "Point",
    "coordinates": [
     23.98787,
     56.799199
    ]
   }
  },
  {
   "type": "Feature",
   "properties": {
    "kategorija": "izmitinasana",
    "nosaukums": "Olaines Vēstures un mākslas muzejs",
    "adrese": "Jelgavas iela 9, Olaine, LV-2114",
    "pasvaldiba": "Olaines novads",
    "pasvaldiba_slug": "olaines-novads",
    "nr_plana": 11,
    "avots_teksts": "Avots: Olaines novada CA plāns",
    "plans_url": "https://www.olaine.lv/uploads/kcfinder/files/atseviski_faili/12._pielikums_Izmitinasanas_vietas.docx",
    "plans_fails": "12_pielikums_izmitinasanas_vietas.md",
    "lpp": null,
    "citats": "<td style=\"text-align: center;\"><p>Olaines Vēstures un mākslas muzejs</p>",
    "izdevejs": "Olaines novads (pašvaldība)",
    "geokodesana": "varis_address",
    "adrese_vzd": "Jelgavas iela 9, Olaine, Olaines nov., LV-2114",
    "vzd_kods": "102108847",
    "plana_lat": null,
    "plana_lon": null,
    "koord_teksts": null,
    "karodzini": [],
    "vietas": 50,
    "gultas": 0,
    "edinasana": "Virtuve ar ēdnīcu: nav",
    "komentars": "Avots: Olaines novada CA plāns · 50 vietas · vieta noteikta pēc adreses (VZD)",
    "id": "olaines-novads-izm-11"
   },
   "geometry": {
    "type": "Point",
    "coordinates": [
     23.93678,
     56.790264
    ]
   }
  },
  {
   "type": "Feature",
   "properties": {
    "kategorija": "izmitinasana",
    "nosaukums": "Olaines 1. vidusskola",
    "adrese": "Zeiferta iela 4, Olaine, LV-2114",
    "pasvaldiba": "Olaines novads",
    "pasvaldiba_slug": "olaines-novads",
    "nr_plana": 12,
    "avots_teksts": "Avots: Olaines novada CA plāns",
    "plans_url": "https://www.olaine.lv/uploads/kcfinder/files/atseviski_faili/12._pielikums_Izmitinasanas_vietas.docx",
    "plans_fails": "12_pielikums_izmitinasanas_vietas.md",
    "lpp": null,
    "citats": "<td rowspan=\"2\" style=\"text-align: center;\"><p>Olaines 1. vidusskola</p>",
    "izdevejs": "Olaines novads (pašvaldība)",
    "geokodesana": "varis_address",
    "adrese_vzd": "Zeiferta iela 4, Olaine, Olaines nov., LV-2114",
    "vzd_kods": "101273266",
    "plana_lat": null,
    "plana_lon": null,
    "koord_teksts": null,
    "karodzini": [],
    "vietas": 154,
    "gultas": 0,
    "edinasana": "Virtuve ar ēdnīcu: ir",
    "izvilkuma_piezime": "row 12 has two sub-rows (rowspan); this is the first (Zeiferta iela 4)",
    "komentars": "Avots: Olaines novada CA plāns · 154 vietas · vieta noteikta pēc adreses (VZD)",
    "id": "olaines-novads-izm-12"
   },
   "geometry": {
    "type": "Point",
    "coordinates": [
     23.941872,
     56.787904
    ]
   }
  },
  {
   "type": "Feature",
   "properties": {
    "kategorija": "izmitinasana",
    "nosaukums": "Olaines 2. vidusskola (no 01.09.2026. Olaines pamatskola)",
    "adrese": "Skolas iela 1, Olaine, LV-2114",
    "pasvaldiba": "Olaines novads",
    "pasvaldiba_slug": "olaines-novads",
    "nr_plana": 13,
    "avots_teksts": "Avots: Olaines novada CA plāns",
    "plans_url": "https://www.olaine.lv/uploads/kcfinder/files/atseviski_faili/12._pielikums_Izmitinasanas_vietas.docx",
    "plans_fails": "12_pielikums_izmitinasanas_vietas.md",
    "lpp": null,
    "citats": "<td rowspan=\"3\" style=\"text-align: center;\"><p>Olaines 2. vidusskola</p>",
    "izdevejs": "Olaines novads (pašvaldība)",
    "geokodesana": "varis_address",
    "adrese_vzd": "Skolas iela 1, Olaine, Olaines nov., LV-2114",
    "vzd_kods": "101273104",
    "plana_lat": null,
    "plana_lon": null,
    "koord_teksts": null,
    "karodzini": [],
    "vietas": 157,
    "gultas": 0,
    "edinasana": "Virtuve ar ēdnīcu: ir",
    "izvilkuma_piezime": "capacity given per room in two sub-rows: sporta zāle 120 + aktu zāle 37 (summed here)",
    "komentars": "Avots: Olaines novada CA plāns · 157 vietas · vieta noteikta pēc adreses (VZD)",
    "id": "olaines-novads-izm-13"
   },
   "geometry": {
    "type": "Point",
    "coordinates": [
     23.934798,
     56.782349
    ]
   }
  },
  {
   "type": "Feature",
   "properties": {
    "kategorija": "izmitinasana",
    "nosaukums": "RTU Olaines Tehnoloģiju koledža",
    "adrese": "Zeiferta iela 2, Olaine, LV-2114",
    "pasvaldiba": "Olaines novads",
    "pasvaldiba_slug": "olaines-novads",
    "nr_plana": 14,
    "avots_teksts": "Avots: Olaines novada CA plāns",
    "plans_url": "https://www.olaine.lv/uploads/kcfinder/files/atseviski_faili/12._pielikums_Izmitinasanas_vietas.docx",
    "plans_fails": "12_pielikums_izmitinasanas_vietas.md",
    "lpp": null,
    "citats": "<td style=\"text-align: center;\">RTU Olaines Tehnoloģiju koledža (29485364; 25623747; 26117783; 26117783)</td>",
    "izdevejs": "Olaines novads (pašvaldība)",
    "geokodesana": "varis_address",
    "adrese_vzd": "Zeiferta iela 2, Olaine, Olaines nov., LV-2114",
    "vzd_kods": "102109004",
    "plana_lat": null,
    "plana_lon": null,
    "koord_teksts": null,
    "karodzini": [],
    "vietas": 191,
    "gultas": 125,
    "edinasana": "Virtuve ar ēdnīcu: nav",
    "komentars": "Avots: Olaines novada CA plāns · 191 vietas · vieta noteikta pēc adreses (VZD)",
    "id": "olaines-novads-izm-14"
   },
   "geometry": {
    "type": "Point",
    "coordinates": [
     23.943262,
     56.787078
    ]
   }
  },
  {
   "type": "Feature",
   "properties": {
    "kategorija": "izmitinasana",
    "nosaukums": "SIA “Zemgales 29”",
    "adrese": "Zemgales iela 29, Olaine, LV-2114",
    "pasvaldiba": "Olaines novads",
    "pasvaldiba_slug": "olaines-novads",
    "nr_plana": 15,
    "avots_teksts": "Avots: Olaines novada CA plāns",
    "plans_url": "https://www.olaine.lv/uploads/kcfinder/files/atseviski_faili/12._pielikums_Izmitinasanas_vietas.docx",
    "plans_fails": "12_pielikums_izmitinasanas_vietas.md",
    "lpp": null,
    "citats": "<td style=\"text-align: center;\"><p>SIA “Zemgales 29”</p>",
    "izdevejs": "Olaines novads (pašvaldība)",
    "geokodesana": "varis_address",
    "adrese_vzd": "Zemgales iela 29, Olaine, Olaines nov., LV-2114",
    "vzd_kods": "101273313",
    "plana_lat": null,
    "plana_lon": null,
    "koord_teksts": null,
    "karodzini": [],
    "vietas": 121,
    "gultas": 120,
    "edinasana": "Virtuve ar ēdnīcu: nav",
    "izvilkuma_piezime": "building type: Viesnīcas telpas",
    "komentars": "Avots: Olaines novada CA plāns · 121 vietas · vieta noteikta pēc adreses (VZD)",
    "id": "olaines-novads-izm-15"
   },
   "geometry": {
    "type": "Point",
    "coordinates": [
     23.937952,
     56.784504
    ]
   }
  },
  {
   "type": "Feature",
   "properties": {
    "kategorija": "izmitinasana",
    "nosaukums": "Olaines slidotava",
    "adrese": "Kūdras iela 5, Olaine, LV-2114",
    "pasvaldiba": "Olaines novads",
    "pasvaldiba_slug": "olaines-novads",
    "nr_plana": 16,
    "avots_teksts": "Avots: Olaines novada CA plāns",
    "plans_url": "https://www.olaine.lv/uploads/kcfinder/files/atseviski_faili/12._pielikums_Izmitinasanas_vietas.docx",
    "plans_fails": "12_pielikums_izmitinasanas_vietas.md",
    "lpp": null,
    "citats": "<td style=\"text-align: center;\">Olaines slidotava (26405937)</td>",
    "izdevejs": "Olaines novads (pašvaldība)",
    "geokodesana": "varis_address",
    "adrese_vzd": "Kūdras iela 5, Olaine, Olaines nov., LV-2114",
    "vzd_kods": "102738632",
    "plana_lat": null,
    "plana_lon": null,
    "koord_teksts": null,
    "karodzini": [],
    "vietas": 166,
    "gultas": 0,
    "edinasana": "Virtuve ar ēdnīcu: nav",
    "komentars": "Avots: Olaines novada CA plāns · 166 vietas · vieta noteikta pēc adreses (VZD)",
    "id": "olaines-novads-izm-16"
   },
   "geometry": {
    "type": "Point",
    "coordinates": [
     23.938122,
     56.788143
    ]
   }
  },
  {
   "type": "Feature",
   "properties": {
    "kategorija": "izmitinasana",
    "nosaukums": "Olaines peldbaseins",
    "adrese": "Stadiona iela 2, Olaine, LV-2114",
    "pasvaldiba": "Olaines novads",
    "pasvaldiba_slug": "olaines-novads",
    "nr_plana": 17,
    "avots_teksts": "Avots: Olaines novada CA plāns",
    "plans_url": "https://www.olaine.lv/uploads/kcfinder/files/atseviski_faili/12._pielikums_Izmitinasanas_vietas.docx",
    "plans_fails": "12_pielikums_izmitinasanas_vietas.md",
    "lpp": null,
    "citats": "<td style=\"text-align: center;\">Olaines peldbaseins (26235205)</td>",
    "izdevejs": "Olaines novads (pašvaldība)",
    "geokodesana": "varis_address",
    "adrese_vzd": "Stadiona iela 2, Olaine, Olaines nov., LV-2114",
    "vzd_kods": "105444801",
    "plana_lat": null,
    "plana_lon": null,
    "koord_teksts": null,
    "karodzini": [],
    "vietas": 50,
    "gultas": 0,
    "edinasana": "Virtuve ar ēdnīcu: nav",
    "komentars": "Avots: Olaines novada CA plāns · 50 vietas · vieta noteikta pēc adreses (VZD)",
    "id": "olaines-novads-izm-17"
   },
   "geometry": {
    "type": "Point",
    "coordinates": [
     23.934818,
     56.781664
    ]
   }
  },
  {
   "type": "Feature",
   "properties": {
    "kategorija": "izmitinasana",
    "nosaukums": "Dienas aprūpes un sociālās rehabilitācijas pakalpojumu centrs “Kastanis”",
    "adrese": "Zeiferta iela 6b, Olaine, LV-2114",
    "pasvaldiba": "Olaines novads",
    "pasvaldiba_slug": "olaines-novads",
    "nr_plana": 18,
    "avots_teksts": "Avots: Olaines novada CA plāns",
    "plans_url": "https://www.olaine.lv/uploads/kcfinder/files/atseviski_faili/12._pielikums_Izmitinasanas_vietas.docx",
    "plans_fails": "12_pielikums_izmitinasanas_vietas.md",
    "lpp": null,
    "citats": "<td style=\"text-align: center;\"><p>Dienas aprūpes un sociālās rehabilitācijas pakalpojumu centrs “Kastanis”</p>",
    "izdevejs": "Olaines novads (pašvaldība)",
    "geokodesana": "varis_address",
    "adrese_vzd": "Zeiferta iela 6B, Olaine, Olaines nov., LV-2114",
    "vzd_kods": "104702733",
    "plana_lat": null,
    "plana_lon": null,
    "koord_teksts": null,
    "karodzini": [],
    "vietas": 87,
    "gultas": 0,
    "edinasana": "Virtuve ar ēdnīcu: nav",
    "komentars": "Avots: Olaines novada CA plāns · 87 vietas · vieta noteikta pēc adreses (VZD)",
    "id": "olaines-novads-izm-18"
   },
   "geometry": {
    "type": "Point",
    "coordinates": [
     23.940036,
     56.789192
    ]
   }
  },
  {
   "type": "Feature",
   "properties": {
    "kategorija": "izmitinasana",
    "nosaukums": "Audriņu pagasta kultūras nams",
    "adrese": "Piemiņas iela 9A, Audriņi, Audriņu pag., Rēzeknes nov., LV-4611",
    "pasvaldiba": "Rēzekne",
    "pasvaldiba_slug": "rezekne",
    "nr_plana": 1,
    "avots_teksts": "Avots: Rēzeknes CA plāns, lpp. 75",
    "plans_url": "https://rezekne.lv/wp-content/uploads/2024/03/Rezeknes-valstspilsetas-un-Rezeknes-novada-sadarbibas-teritorijas-Civilas-aizsardzibas-plans.pdf",
    "plans_fails": "Rezeknes-valstspilsetas-un-Rezeknes-novada-sadarbibas-teritorijas-Civilas-aizsardzibas-plans.md",
    "lpp": 75,
    "citats": "|1.|Audriņu<br>pagasta<br>kultūras<br>nams|Kultūras<br>nams|Piemiņas<br>iela<br>9A,<br>Audriņi,<br>Audriņu<br>pag.,<br>Rēzeknes nov.,<br>LV-4611|56.590524|27.247430|Zāle,<br>kabineti|300|nav|nav|",
    "izdevejs": "Rēzekne (pašvaldība)",
    "geokodesana": "plan_coords",
    "adrese_vzd": "Piemiņas iela 9A, Audriņi, Audriņu pag., Rēzeknes nov., LV-4611",
    "vzd_kods": "105837698",
    "plana_lat": 56.590524,
    "plana_lon": 27.24743,
    "koord_teksts": "56.590524|27.247430",
    "karodzini": [],
    "vietas": 300,
    "gultas": 0,
    "edinasana": "nav",
    "izvilkuma_piezime": "Ēkas tips: Kultūras nams; telpu veids: Zāle, kabineti",
    "komentars": "Avots: Rēzeknes CA plāns, lpp. 75 · 300 vietas",
    "id": "rezekne-izm-1"
   },
   "geometry": {
    "type": "Point",
    "coordinates": [
     27.24743,
     56.590524
    ]
   }
  },
  {
   "type": "Feature",
   "properties": {
    "kategorija": "izmitinasana",
    "nosaukums": "Bijusī Audriņu pa matskola",
    "adrese": "Krasuhas iela 1A k-1, Audriņi, Audriņu pagasts, Rēzeknes novads, LV-4611",
    "pasvaldiba": "Rēzekne",
    "pasvaldiba_slug": "rezekne",
    "nr_plana": 2,
    "avots_teksts": "Avots: Rēzeknes CA plāns, lpp. 75",
    "plans_url": "https://rezekne.lv/wp-content/uploads/2024/03/Rezeknes-valstspilsetas-un-Rezeknes-novada-sadarbibas-teritorijas-Civilas-aizsardzibas-plans.pdf",
    "plans_fails": "Rezeknes-valstspilsetas-un-Rezeknes-novada-sadarbibas-teritorijas-Civilas-aizsardzibas-plans.md",
    "lpp": 75,
    "citats": "|2.|Bijusī<br>Audriņu pa<br>matskola|Izglītības<br>iestāde|Krasuhas iela 1A<br>k-1,<br>Audriņi,<br>Audriņu pagasts,<br>Rēzeknes<br>novads,<br>LV-<br>4611|56.587460|27.242977|Sporta<br>zāle; aktu<br>zāle;<br>mācību<br>klases|100|ir|40|",
    "izdevejs": "Rēzekne (pašvaldība)",
    "geokodesana": "plan_coords",
    "adrese_vzd": "Krasuhas iela 1, Audriņi, Audriņu pag., Rēzeknes nov., LV-4611",
    "vzd_kods": "106251597",
    "plana_lat": 56.58746,
    "plana_lon": 27.242977,
    "koord_teksts": "56.587460|27.242977",
    "karodzini": [],
    "vietas": 100,
    "gultas": 40,
    "edinasana": "ir",
    "izvilkuma_piezime": "Ēkas tips: Izglītības iestāde; telpu veids: Sporta zāle; aktu zāle; mācību klases",
    "komentars": "Avots: Rēzeknes CA plāns, lpp. 75 · 100 vietas",
    "id": "rezekne-izm-2"
   },
   "geometry": {
    "type": "Point",
    "coordinates": [
     27.242977,
     56.58746
    ]
   }
  },
  {
   "type": "Feature",
   "properties": {
    "kategorija": "izmitinasana",
    "nosaukums": "Audriņu pirmskolas izglītības iestāde",
    "adrese": "Krasuhas iela 1A k-3, Audriņi, Audriņu pagasts, Rēzeknes novads, LV-4611",
    "pasvaldiba": "Rēzekne",
    "pasvaldiba_slug": "rezekne",
    "nr_plana": 3,
    "avots_teksts": "Avots: Rēzeknes CA plāns, lpp. 75",
    "plans_url": "https://rezekne.lv/wp-content/uploads/2024/03/Rezeknes-valstspilsetas-un-Rezeknes-novada-sadarbibas-teritorijas-Civilas-aizsardzibas-plans.pdf",
    "plans_fails": "Rezeknes-valstspilsetas-un-Rezeknes-novada-sadarbibas-teritorijas-Civilas-aizsardzibas-plans.md",
    "lpp": 75,
    "citats": "|3.|Audriņu<br>pirmskolas<br>izglītības<br>iestāde|Izglītības<br>iestāde|Krasuhas iela 1A<br>k-3,<br>Audriņi,<br>Audriņu pagasts,<br>Rēzeknes<br>novads,<br>LV-<br>4611|56.588090|27.243130|mācību<br>klases|80|nav|nav|",
    "izdevejs": "Rēzekne (pašvaldība)",
    "geokodesana": "plan_coords",
    "adrese_vzd": "Krasuhas iela 1, Audriņi, Audriņu pag., Rēzeknes nov., LV-4611",
    "vzd_kods": "106251597",
    "plana_lat": 56.58809,
    "plana_lon": 27.24313,
    "koord_teksts": "56.588090|27.243130",
    "karodzini": [],
    "vietas": 80,
    "gultas": 0,
    "edinasana": "nav",
    "izvilkuma_piezime": "Ēkas tips: Izglītības iestāde; telpu veids: mācību klases",
    "komentars": "Avots: Rēzeknes CA plāns, lpp. 75 · 80 vietas",
    "id": "rezekne-izm-3"
   },
   "geometry": {
    "type": "Point",
    "coordinates": [
     27.24313,
     56.58809
    ]
   }
  },
  {
   "type": "Feature",
   "properties": {
    "kategorija": "izmitinasana",
    "nosaukums": "Bērzgales pamatskola, Nautrēnu vidusskolas struktūrvienī ba",
    "adrese": "Bērzgale, Rītupes 25, Bērzgales pagasts, Rēzeknes novads, LV-4612",
    "pasvaldiba": "Rēzekne",
    "pasvaldiba_slug": "rezekne",
    "nr_plana": 4,
    "avots_teksts": "Avots: Rēzeknes CA plāns, lpp. 75",
    "plans_url": "https://rezekne.lv/wp-content/uploads/2024/03/Rezeknes-valstspilsetas-un-Rezeknes-novada-sadarbibas-teritorijas-Civilas-aizsardzibas-plans.pdf",
    "plans_fails": "Rezeknes-valstspilsetas-un-Rezeknes-novada-sadarbibas-teritorijas-Civilas-aizsardzibas-plans.md",
    "lpp": 75,
    "citats": "|4.|Bērzgales<br>pamatskola,<br>Nautrēnu<br>vidusskolas<br>struktūrvienī<br>ba|Izglītības<br>iestāde|Bērzgale,<br>Rītupes<br>25,<br>Bērzgales<br>pagasts,<br>Rēzeknes<br>novads,<br>LV-<br>4612|56.629285|27.516034|Sporta<br>zāle; aktu<br>zāle;<br>mācību<br>klases|100|ir|nav|",
    "izdevejs": "Rēzekne (pašvaldība)",
    "geokodesana": "plan_coords",
    "adrese_vzd": null,
    "vzd_kods": null,
    "plana_lat": 56.629285,
    "plana_lon": 27.516034,
    "koord_teksts": "56.629285|27.516034",
    "karodzini": [],
    "vietas": 100,
    "gultas": 0,
    "edinasana": "ir",
    "izvilkuma_piezime": "Ēkas tips: Izglītības iestāde; telpu veids: Sporta zāle; aktu zāle; mācību klases",
    "komentars": "Avots: Rēzeknes CA plāns, lpp. 75 · 100 vietas",
    "id": "rezekne-izm-4"
   },
   "geometry": {
    "type": "Point",
    "coordinates": [
     27.516034,
     56.629285
    ]
   }
  },
  {
   "type": "Feature",
   "properties": {
    "kategorija": "izmitinasana",
    "nosaukums": "Bērzgales pagasta kultūras nams",
    "adrese": "Rītupes iela 34, Bērzgale, Bērzgales pag., Rēzeknes nov., LV-4612",
    "pasvaldiba": "Rēzekne",
    "pasvaldiba_slug": "rezekne",
    "nr_plana": 5,
    "avots_teksts": "Avots: Rēzeknes CA plāns, lpp. 75",
    "plans_url": "https://rezekne.lv/wp-content/uploads/2024/03/Rezeknes-valstspilsetas-un-Rezeknes-novada-sadarbibas-teritorijas-Civilas-aizsardzibas-plans.pdf",
    "plans_fails": "Rezeknes-valstspilsetas-un-Rezeknes-novada-sadarbibas-teritorijas-Civilas-aizsardzibas-plans.md",
    "lpp": 75,
    "citats": "|5.|Bērzgales<br>pagasta<br>kultūras<br>nams|Kultūras<br>nams|Rītupes iela 34,<br>Bērzgale,<br>Bērzgales pag.,<br>Rēzeknes nov.,<br>LV-4612|56.631303|27.512172|Zāle,<br>kabineti|300|nav|nav|",
    "izdevejs": "Rēzekne (pašvaldība)",
    "geokodesana": "plan_coords",
    "adrese_vzd": "Rītupes iela 34, Bērzgale, Bērzgales pag., Rēzeknes nov., LV-4612",
    "vzd_kods": "101322098",
    "plana_lat": 56.631303,
    "plana_lon": 27.512172,
    "koord_teksts": "56.631303|27.512172",
    "karodzini": [],
    "vietas": 300,
    "gultas": 0,
    "edinasana": "nav",
    "izvilkuma_piezime": "Ēkas tips: Kultūras nams; telpu veids: Zāle, kabineti",
    "komentars": "Avots: Rēzeknes CA plāns, lpp. 75 · 300 vietas",
    "id": "rezekne-izm-5"
   },
   "geometry": {
    "type": "Point",
    "coordinates": [
     27.512172,
     56.631303
    ]
   }
  },
  {
   "type": "Feature",
   "properties": {
    "kategorija": "izmitinasana",
    "nosaukums": "Bērzgales pirmsskolas izglītības iestāde",
    "adrese": "Bērzgale, Rītupes 40, Bērzgales pagasts, Rēzeknes novads, LV-4612",
    "pasvaldiba": "Rēzekne",
    "pasvaldiba_slug": "rezekne",
    "nr_plana": 6,
    "avots_teksts": "Avots: Rēzeknes CA plāns, lpp. 75",
    "plans_url": "https://rezekne.lv/wp-content/uploads/2024/03/Rezeknes-valstspilsetas-un-Rezeknes-novada-sadarbibas-teritorijas-Civilas-aizsardzibas-plans.pdf",
    "plans_fails": "Rezeknes-valstspilsetas-un-Rezeknes-novada-sadarbibas-teritorijas-Civilas-aizsardzibas-plans.md",
    "lpp": 75,
    "citats": "|6.|Bērzgales<br>pirmsskolas<br>izglītības<br>iestāde|Izglītības<br>iestāde|Bērzgale,<br>Rītupes<br>40,<br>Bērzgales<br>pagasts,<br>Rēzeknes<br>novads,<br>LV-<br>4612|56.630166|27.512059|mācību<br>klases|80|nav|nav|",
    "izdevejs": "Rēzekne (pašvaldība)",
    "geokodesana": "plan_coords",
    "adrese_vzd": null,
    "vzd_kods": null,
    "plana_lat": 56.630166,
    "plana_lon": 27.512059,
    "koord_teksts": "56.630166|27.512059",
    "karodzini": [],
    "vietas": 80,
    "gultas": 0,
    "edinasana": "nav",
    "izvilkuma_piezime": "Ēkas tips: Izglītības iestāde; telpu veids: mācību klases",
    "komentars": "Avots: Rēzeknes CA plāns, lpp. 75 · 80 vietas",
    "id": "rezekne-izm-6"
   },
   "geometry": {
    "type": "Point",
    "coordinates": [
     27.512059,
     56.630166
    ]
   }
  },
  {
   "type": "Feature",
   "properties": {
    "kategorija": "izmitinasana",
    "nosaukums": "Čornajas pirmsskolas izglītības iestāde",
    "adrese": "Gaismas iela 1, Čornaja, Čornajas pag., Rēzeknes nov., LV-4617",
    "pasvaldiba": "Rēzekne",
    "pasvaldiba_slug": "rezekne",
    "nr_plana": 7,
    "avots_teksts": "Avots: Rēzeknes CA plāns, lpp. 75",
    "plans_url": "https://rezekne.lv/wp-content/uploads/2024/03/Rezeknes-valstspilsetas-un-Rezeknes-novada-sadarbibas-teritorijas-Civilas-aizsardzibas-plans.pdf",
    "plans_fails": "Rezeknes-valstspilsetas-un-Rezeknes-novada-sadarbibas-teritorijas-Civilas-aizsardzibas-plans.md",
    "lpp": 75,
    "citats": "|7.|Čornajas<br>pirmsskolas<br>izglītības<br>iestāde|Izglītības<br>iestāde|Gaismas iela 1,<br>Čornaja,<br>Čornajas<br>pag.,<br>Rēzeknes nov.,<br>LV-4617|56.384723|27.415545|mācību<br>klases|50|ir|nav|",
    "izdevejs": "Rēzekne (pašvaldība)",
    "geokodesana": "plan_coords",
    "adrese_vzd": "Gaismas iela 1, Čornaja, Čornajas pag., Rēzeknes nov., LV-4617",
    "vzd_kods": "105377752",
    "plana_lat": 56.384723,
    "plana_lon": 27.415545,
    "koord_teksts": "56.384723|27.415545",
    "karodzini": [],
    "vietas": 50,
    "gultas": 0,
    "edinasana": "ir",
    "izvilkuma_piezime": "Ēkas tips: Izglītības iestāde; telpu veids: mācību klases",
    "komentars": "Avots: Rēzeknes CA plāns, lpp. 75 · 50 vietas",
    "id": "rezekne-izm-7"
   },
   "geometry": {
    "type": "Point",
    "coordinates": [
     27.415545,
     56.384723
    ]
   }
  },
  {
   "type": "Feature",
   "properties": {
    "kategorija": "izmitinasana",
    "nosaukums": "Čornajas tautas nams",
    "adrese": "Miera iela 1, Čornaja, Čornajas pagasts",
    "pasvaldiba": "Rēzekne",
    "pasvaldiba_slug": "rezekne",
    "nr_plana": 8,
    "avots_teksts": "Avots: Rēzeknes CA plāns, lpp. 75",
    "plans_url": "https://rezekne.lv/wp-content/uploads/2024/03/Rezeknes-valstspilsetas-un-Rezeknes-novada-sadarbibas-teritorijas-Civilas-aizsardzibas-plans.pdf",
    "plans_fails": "Rezeknes-valstspilsetas-un-Rezeknes-novada-sadarbibas-teritorijas-Civilas-aizsardzibas-plans.md",
    "lpp": 75,
    "citats": "|8.|Čornajas<br>tautas nams|Kultūras<br>nams|Miera<br>iela<br>1,<br>Čornaja,<br>Čornajas pagasts|56.380192|27.414992|Zāle,<br>kabineti|100|nav|nav|",
    "izdevejs": "Rēzekne (pašvaldība)",
    "geokodesana": "plan_coords",
    "adrese_vzd": "Miera iela 1, Čornaja, Čornajas pag., Rēzeknes nov., LV-4617",
    "vzd_kods": "105377736",
    "plana_lat": 56.380192,
    "plana_lon": 27.414992,
    "koord_teksts": "56.380192|27.414992",
    "karodzini": [],
    "vietas": 100,
    "gultas": 0,
    "edinasana": "nav",
    "izvilkuma_piezime": "Ēkas tips: Kultūras nams; telpu veids: Zāle, kabineti",
    "komentars": "Avots: Rēzeknes CA plāns, lpp. 75 · 100 vietas",
    "id": "rezekne-izm-8"
   },
   "geometry": {
    "type": "Point",
    "coordinates": [
     27.414992,
     56.380192
    ]
   }
  },
  {
   "type": "Feature",
   "properties": {
    "kategorija": "izmitinasana",
    "nosaukums": "Čornajas pagasta Ratnieku tautas nams",
    "adrese": "Čornajas pag., Ratnieki , Uzvaras iela 1, LV-4617",
    "pasvaldiba": "Rēzekne",
    "pasvaldiba_slug": "rezekne",
    "nr_plana": 9,
    "avots_teksts": "Avots: Rēzeknes CA plāns, lpp. 76",
    "plans_url": "https://rezekne.lv/wp-content/uploads/2024/03/Rezeknes-valstspilsetas-un-Rezeknes-novada-sadarbibas-teritorijas-Civilas-aizsardzibas-plans.pdf",
    "plans_fails": "Rezeknes-valstspilsetas-un-Rezeknes-novada-sadarbibas-teritorijas-Civilas-aizsardzibas-plans.md",
    "lpp": 76,
    "citats": "|9.|Čornajas<br>pagasta<br>Ratnieku<br>tautas nams|Kultūras<br>nams|Čornajas pag.,<br>Ratnieki<br>,<br>Uzvaras iela 1,<br>LV-4617|56.432202|27.461202|Zāle,<br>kabineti|100|nav|nav|",
    "izdevejs": "Rēzekne (pašvaldība)",
    "geokodesana": "plan_coords",
    "adrese_vzd": null,
    "vzd_kods": null,
    "plana_lat": 56.432202,
    "plana_lon": 27.461202,
    "koord_teksts": "56.432202|27.461202",
    "karodzini": [],
    "vietas": 100,
    "gultas": 0,
    "edinasana": "nav",
    "izvilkuma_piezime": "Ēkas tips: Kultūras nams; telpu veids: Zāle, kabineti",
    "komentars": "Avots: Rēzeknes CA plāns, lpp. 76 · 100 vietas",
    "id": "rezekne-izm-9"
   },
   "geometry": {
    "type": "Point",
    "coordinates": [
     27.461202,
     56.432202
    ]
   }
  },
  {
   "type": "Feature",
   "properties": {
    "kategorija": "izmitinasana",
    "nosaukums": "Dricānu vidusskola",
    "adrese": "``Dricānu vidusskola``, Dricāni, Dricānu pag., Rēzeknes nov., LV-4615",
    "pasvaldiba": "Rēzekne",
    "pasvaldiba_slug": "rezekne",
    "nr_plana": 10,
    "avots_teksts": "Avots: Rēzeknes CA plāns, lpp. 76",
    "plans_url": "https://rezekne.lv/wp-content/uploads/2024/03/Rezeknes-valstspilsetas-un-Rezeknes-novada-sadarbibas-teritorijas-Civilas-aizsardzibas-plans.pdf",
    "plans_fails": "Rezeknes-valstspilsetas-un-Rezeknes-novada-sadarbibas-teritorijas-Civilas-aizsardzibas-plans.md",
    "lpp": 76,
    "citats": "|10.|Dricānu<br>vidusskola|Izglītības<br>iestāde|``Dricānu<br>vidusskola``,<br>Dricāni, Dricānu<br>pag., Rēzeknes<br>nov., LV-4615|56.649631|27.198270|Sporta<br>zāle; aktu<br>zāle;<br>mācību<br>klases|250|ir|20|",
    "izdevejs": "Rēzekne (pašvaldība)",
    "geokodesana": "plan_coords",
    "adrese_vzd": "\"Dricānu vidusskola\", Dricāni, Dricānu pag., Rēzeknes nov., LV-4615",
    "vzd_kods": "106037965",
    "plana_lat": 56.649631,
    "plana_lon": 27.19827,
    "koord_teksts": "56.649631|27.198270",
    "karodzini": [],
    "vietas": 250,
    "gultas": 20,
    "edinasana": "ir",
    "izvilkuma_piezime": "Ēkas tips: Izglītības iestāde; telpu veids: Sporta zāle; aktu zāle; mācību klases",
    "komentars": "Avots: Rēzeknes CA plāns, lpp. 76 · 250 vietas",
    "id": "rezekne-izm-10"
   },
   "geometry": {
    "type": "Point",
    "coordinates": [
     27.19827,
     56.649631
    ]
   }
  },
  {
   "type": "Feature",
   "properties": {
    "kategorija": "izmitinasana",
    "nosaukums": "Dricānu pirmsskolas izglītības iestāde",
    "adrese": "“Dricānu bērnudārzs”, Dricāni, Dricānu pagasts, Rēzeknes novads, LV – 4615",
    "pasvaldiba": "Rēzekne",
    "pasvaldiba_slug": "rezekne",
    "nr_plana": 11,
    "avots_teksts": "Avots: Rēzeknes CA plāns, lpp. 76",
    "plans_url": "https://rezekne.lv/wp-content/uploads/2024/03/Rezeknes-valstspilsetas-un-Rezeknes-novada-sadarbibas-teritorijas-Civilas-aizsardzibas-plans.pdf",
    "plans_fails": "Rezeknes-valstspilsetas-un-Rezeknes-novada-sadarbibas-teritorijas-Civilas-aizsardzibas-plans.md",
    "lpp": 76,
    "citats": "|11.|Dricānu<br>pirmsskolas<br>izglītības<br>iestāde|Izglītības<br>iestāde|“Dricānu<br>bērnudārzs”,<br>Dricāni, Dricānu<br>pagasts,<br>Rēzeknes<br>novads, LV –<br>4615|56.648907|27.179810|mācību<br>klases|30|ir|nav|",
    "izdevejs": "Rēzekne (pašvaldība)",
    "geokodesana": "plan_coords",
    "adrese_vzd": "\"Dricānu bērnudārzs\", Dricāni, Dricānu pag., Rēzeknes nov., LV-4615",
    "vzd_kods": "106420062",
    "plana_lat": 56.648907,
    "plana_lon": 27.17981,
    "koord_teksts": "56.648907|27.179810",
    "karodzini": [],
    "vietas": 30,
    "gultas": 0,
    "edinasana": "ir",
    "izvilkuma_piezime": "Ēkas tips: Izglītības iestāde; telpu veids: mācību klases",
    "komentars": "Avots: Rēzeknes CA plāns, lpp. 76 · 30 vietas",
    "id": "rezekne-izm-11"
   },
   "geometry": {
    "type": "Point",
    "coordinates": [
     27.17981,
     56.648907
    ]
   }
  },
  {
   "type": "Feature",
   "properties": {
    "kategorija": "izmitinasana",
    "nosaukums": "Dricānu pagasta kultūras nams",
    "adrese": "``Pagastmāja``, Dricāni, Dricānu pag., Rēzeknes nov., LV-4615",
    "pasvaldiba": "Rēzekne",
    "pasvaldiba_slug": "rezekne",
    "nr_plana": 12,
    "avots_teksts": "Avots: Rēzeknes CA plāns, lpp. 76",
    "plans_url": "https://rezekne.lv/wp-content/uploads/2024/03/Rezeknes-valstspilsetas-un-Rezeknes-novada-sadarbibas-teritorijas-Civilas-aizsardzibas-plans.pdf",
    "plans_fails": "Rezeknes-valstspilsetas-un-Rezeknes-novada-sadarbibas-teritorijas-Civilas-aizsardzibas-plans.md",
    "lpp": 76,
    "citats": "|12.|Dricānu<br>pagasta<br>kultūras<br>nams|Kultūras<br>nams|``Pagastmāja``,<br>Dricāni, Dricānu<br>pag., Rēzeknes<br>nov., LV-4615|56.649313|27.183261|Zāle,<br>kabineti|50|nav|nav|",
    "izdevejs": "Rēzekne (pašvaldība)",
    "geokodesana": "plan_coords",
    "adrese_vzd": "\"Pagastmāja\", Dricāni, Dricānu pag., Rēzeknes nov., LV-4615",
    "vzd_kods": "106254586",
    "plana_lat": 56.649313,
    "plana_lon": 27.183261,
    "koord_teksts": "56.649313|27.183261",
    "karodzini": [],
    "vietas": 50,
    "gultas": 0,
    "edinasana": "nav",
    "izvilkuma_piezime": "Ēkas tips: Kultūras nams; telpu veids: Zāle, kabineti",
    "komentars": "Avots: Rēzeknes CA plāns, lpp. 76 · 50 vietas",
    "id": "rezekne-izm-12"
   },
   "geometry": {
    "type": "Point",
    "coordinates": [
     27.183261,
     56.649313
    ]
   }
  },
  {
   "type": "Feature",
   "properties": {
    "kategorija": "izmitinasana",
    "nosaukums": "Feimaņu pamatskola",
    "adrese": "``Feimaņu skola``, Feimaņi, Feimaņu pag., Rēzeknes nov., LV-4623",
    "pasvaldiba": "Rēzekne",
    "pasvaldiba_slug": "rezekne",
    "nr_plana": 13,
    "avots_teksts": "Avots: Rēzeknes CA plāns, lpp. 76",
    "plans_url": "https://rezekne.lv/wp-content/uploads/2024/03/Rezeknes-valstspilsetas-un-Rezeknes-novada-sadarbibas-teritorijas-Civilas-aizsardzibas-plans.pdf",
    "plans_fails": "Rezeknes-valstspilsetas-un-Rezeknes-novada-sadarbibas-teritorijas-Civilas-aizsardzibas-plans.md",
    "lpp": 76,
    "citats": "|13.|Feimaņu<br>pamatskola|Izglītības<br>iestāde|``Feimaņu<br>skola``, Feimaņi,<br>Feimaņu<br>pag.,<br>Rēzeknes nov.,<br>LV-4623|56.271269|27.183416|Sporta<br>zāle; aktu<br>zāle;<br>mācību<br>klases|100|ir|nav|",
    "izdevejs": "Rēzekne (pašvaldība)",
    "geokodesana": "varis_address",
    "adrese_vzd": "\"Feimaņu skola\", Feimaņi, Feimaņu pag., Rēzeknes nov., LV-4623",
    "vzd_kods": "106268305",
    "plana_lat": 56.271269,
    "plana_lon": 27.183416,
    "koord_teksts": "56.271269|27.183416",
    "karodzini": [
     "plan_coords_far_from_address"
    ],
    "vietas": 100,
    "gultas": 0,
    "edinasana": "ir",
    "izvilkuma_piezime": "Ēkas tips: Izglītības iestāde; telpu veids: Sporta zāle; aktu zāle; mācību klases; lon 27.183416 differs from #14 Feimaņu KN (27.044) in the same village; possibly wrong",
    "komentars": "Avots: Rēzeknes CA plāns, lpp. 76 · 100 vietas · plāna koordinātas kļūdainas, vieta noteikta pēc adreses (VZD)",
    "id": "rezekne-izm-13"
   },
   "geometry": {
    "type": "Point",
    "coordinates": [
     27.039405,
     56.271218
    ]
   }
  },
  {
   "type": "Feature",
   "properties": {
    "kategorija": "izmitinasana",
    "nosaukums": "Feimaņu pagasta kultūras nams",
    "adrese": "``Pagasta māja``, Feimaņi, Feimaņu pag., Rēzeknes nov., LV-4623",
    "pasvaldiba": "Rēzekne",
    "pasvaldiba_slug": "rezekne",
    "nr_plana": 14,
    "avots_teksts": "Avots: Rēzeknes CA plāns, lpp. 76",
    "plans_url": "https://rezekne.lv/wp-content/uploads/2024/03/Rezeknes-valstspilsetas-un-Rezeknes-novada-sadarbibas-teritorijas-Civilas-aizsardzibas-plans.pdf",
    "plans_fails": "Rezeknes-valstspilsetas-un-Rezeknes-novada-sadarbibas-teritorijas-Civilas-aizsardzibas-plans.md",
    "lpp": 76,
    "citats": "|14.|Feimaņu<br>pagasta<br>kultūras<br>nams|Kultūras<br>nams|``Pagasta māja``,<br>Feimaņi,<br>Feimaņu<br>pag.,<br>Rēzeknes nov.,<br>LV-4623|56.271945|27.044408|Zāle,<br>kabineti|250|nav|nav|",
    "izdevejs": "Rēzekne (pašvaldība)",
    "geokodesana": "plan_coords",
    "adrese_vzd": "\"Pagasta māja\", Feimaņi, Feimaņu pag., Rēzeknes nov., LV-4623",
    "vzd_kods": "105849204",
    "plana_lat": 56.271945,
    "plana_lon": 27.044408,
    "koord_teksts": "56.271945|27.044408",
    "karodzini": [],
    "vietas": 250,
    "gultas": 0,
    "edinasana": "nav",
    "izvilkuma_piezime": "Ēkas tips: Kultūras nams; telpu veids: Zāle, kabineti",
    "komentars": "Avots: Rēzeknes CA plāns, lpp. 76 · 250 vietas",
    "id": "rezekne-izm-14"
   },
   "geometry": {
    "type": "Point",
    "coordinates": [
     27.044408,
     56.271945
    ]
   }
  },
  {
   "type": "Feature",
   "properties": {
    "kategorija": "izmitinasana",
    "nosaukums": "Gaigalavas pamatskola",
    "adrese": "Skolas iela 5, Gaigalava, Gaigalavas pagasts, Rēzeknes novads, LV-4618",
    "pasvaldiba": "Rēzekne",
    "pasvaldiba_slug": "rezekne",
    "nr_plana": 15,
    "avots_teksts": "Avots: Rēzeknes CA plāns, lpp. 76",
    "plans_url": "https://rezekne.lv/wp-content/uploads/2024/03/Rezeknes-valstspilsetas-un-Rezeknes-novada-sadarbibas-teritorijas-Civilas-aizsardzibas-plans.pdf",
    "plans_fails": "Rezeknes-valstspilsetas-un-Rezeknes-novada-sadarbibas-teritorijas-Civilas-aizsardzibas-plans.md",
    "lpp": 76,
    "citats": "|15.|Gaigalavas<br>pamatskola|Izglītības<br>iestāde|Skolas iela 5,<br>Gaigalava,<br>Gaigalavas<br>pagasts,<br>Rēzeknes<br>novads,<br>LV-<br>4618|56.735147|27.065350|Sporta<br>zāle; aktu<br>zāle;<br>mācību<br>klases|60|ir|nav|",
    "izdevejs": "Rēzekne (pašvaldība)",
    "geokodesana": "plan_coords",
    "adrese_vzd": "Skolas iela 5, Gaigalava, Gaigalavas pag., Rēzeknes nov., LV-4618",
    "vzd_kods": "104796242",
    "plana_lat": 56.735147,
    "plana_lon": 27.06535,
    "koord_teksts": "56.735147|27.065350",
    "karodzini": [],
    "vietas": 60,
    "gultas": 0,
    "edinasana": "ir",
    "izvilkuma_piezime": "Ēkas tips: Izglītības iestāde; telpu veids: Sporta zāle; aktu zāle; mācību klases",
    "komentars": "Avots: Rēzeknes CA plāns, lpp. 76 · 60 vietas",
    "id": "rezekne-izm-15"
   },
   "geometry": {
    "type": "Point",
    "coordinates": [
     27.06535,
     56.735147
    ]
   }
  },
  {
   "type": "Feature",
   "properties": {
    "kategorija": "izmitinasana",
    "nosaukums": "Gaigalavas pirmsskolas izglītības iestāde",
    "adrese": "Skolas iela 1 Gaigalavas pagasts, Rēzeknes novads, LV-4618",
    "pasvaldiba": "Rēzekne",
    "pasvaldiba_slug": "rezekne",
    "nr_plana": 16,
    "avots_teksts": "Avots: Rēzeknes CA plāns, lpp. 76",
    "plans_url": "https://rezekne.lv/wp-content/uploads/2024/03/Rezeknes-valstspilsetas-un-Rezeknes-novada-sadarbibas-teritorijas-Civilas-aizsardzibas-plans.pdf",
    "plans_fails": "Rezeknes-valstspilsetas-un-Rezeknes-novada-sadarbibas-teritorijas-Civilas-aizsardzibas-plans.md",
    "lpp": 76,
    "citats": "|16.|Gaigalavas<br>pirmsskolas<br>izglītības<br>iestāde|Izglītības<br>iestāde|Skolas<br>iela<br>1<br>Gaigalavas<br>pagasts,<br>Rēzeknes<br>novads,<br>LV-<br>4618|56.733970|27.065753|mācību<br>klases|50|ir|nav|",
    "izdevejs": "Rēzekne (pašvaldība)",
    "geokodesana": "plan_coords",
    "adrese_vzd": "Skolas iela 1, Gaigalava, Gaigalavas pag., Rēzeknes nov., LV-4618",
    "vzd_kods": "104529616",
    "plana_lat": 56.73397,
    "plana_lon": 27.065753,
    "koord_teksts": "56.733970|27.065753",
    "karodzini": [],
    "vietas": 50,
    "gultas": 0,
    "edinasana": "ir",
    "izvilkuma_piezime": "Ēkas tips: Izglītības iestāde; telpu veids: mācību klases",
    "komentars": "Avots: Rēzeknes CA plāns, lpp. 76 · 50 vietas",
    "id": "rezekne-izm-16"
   },
   "geometry": {
    "type": "Point",
    "coordinates": [
     27.065753,
     56.73397
    ]
   }
  },
  {
   "type": "Feature",
   "properties": {
    "kategorija": "izmitinasana",
    "nosaukums": "Gaigalavas pagasta kultūras nams",
    "adrese": "Rēzeknes iela 2, Gaigalava, Gaigalavas pag., Rēzeknes nov., LV-4618",
    "pasvaldiba": "Rēzekne",
    "pasvaldiba_slug": "rezekne",
    "nr_plana": 17,
    "avots_teksts": "Avots: Rēzeknes CA plāns, lpp. 76",
    "plans_url": "https://rezekne.lv/wp-content/uploads/2024/03/Rezeknes-valstspilsetas-un-Rezeknes-novada-sadarbibas-teritorijas-Civilas-aizsardzibas-plans.pdf",
    "plans_fails": "Rezeknes-valstspilsetas-un-Rezeknes-novada-sadarbibas-teritorijas-Civilas-aizsardzibas-plans.md",
    "lpp": 76,
    "citats": "|17.|Gaigalavas<br>pagasta<br>kultūras<br>nams|Kultūras<br>nams|Rēzeknes iela 2,<br>Gaigalava,<br>Gaigalavas pag.,<br>Rēzeknes nov.,<br>LV-4618|56.732146|27.067990|Zāle,<br>kabineti|300|nav|nav|",
    "izdevejs": "Rēzekne (pašvaldība)",
    "geokodesana": "plan_coords",
    "adrese_vzd": "Rēzeknes iela 2, Gaigalava, Gaigalavas pag., Rēzeknes nov., LV-4618",
    "vzd_kods": "104528421",
    "plana_lat": 56.732146,
    "plana_lon": 27.06799,
    "koord_teksts": "56.732146|27.067990",
    "karodzini": [],
    "vietas": 300,
    "gultas": 0,
    "edinasana": "nav",
    "izvilkuma_piezime": "Ēkas tips: Kultūras nams; telpu veids: Zāle, kabineti",
    "komentars": "Avots: Rēzeknes CA plāns, lpp. 76 · 300 vietas",
    "id": "rezekne-izm-17"
   },
   "geometry": {
    "type": "Point",
    "coordinates": [
     27.06799,
     56.732146
    ]
   }
  },
  {
   "type": "Feature",
   "properties": {
    "kategorija": "izmitinasana",
    "nosaukums": "Sabiedrisko aktivitāšu centrs Strūžānos",
    "adrese": "``Strūžānu skola``, Strūžāni, Gaigalavas pag., Rēzeknes nov., LV-4649",
    "pasvaldiba": "Rēzekne",
    "pasvaldiba_slug": "rezekne",
    "nr_plana": 18,
    "avots_teksts": "Avots: Rēzeknes CA plāns, lpp. 77",
    "plans_url": "https://rezekne.lv/wp-content/uploads/2024/03/Rezeknes-valstspilsetas-un-Rezeknes-novada-sadarbibas-teritorijas-Civilas-aizsardzibas-plans.pdf",
    "plans_fails": "Rezeknes-valstspilsetas-un-Rezeknes-novada-sadarbibas-teritorijas-Civilas-aizsardzibas-plans.md",
    "lpp": 77,
    "citats": "|18.|Sabiedrisko<br>aktivitāšu<br>centrs<br>Strūžānos|Izglītības<br>iestāde|``Strūžānu<br>skola``,<br>Strūžāni,<br>Gaigalavas pag.,<br>Rēzeknes nov.,<br>LV-4649|56.745809|27.182434|Zāle,<br>kabineti|20|nav|nav|",
    "izdevejs": "Rēzekne (pašvaldība)",
    "geokodesana": "plan_coords",
    "adrese_vzd": "\"Strūžānu skola\", Strūžāni, Gaigalavas pag., Rēzeknes nov., LV-4649",
    "vzd_kods": "106338216",
    "plana_lat": 56.745809,
    "plana_lon": 27.182434,
    "koord_teksts": "56.745809|27.182434",
    "karodzini": [],
    "vietas": 20,
    "gultas": 0,
    "edinasana": "nav",
    "izvilkuma_piezime": "Ēkas tips: Izglītības iestāde; telpu veids: Zāle, kabineti",
    "komentars": "Avots: Rēzeknes CA plāns, lpp. 77 · 20 vietas",
    "id": "rezekne-izm-18"
   },
   "geometry": {
    "type": "Point",
    "coordinates": [
     27.182434,
     56.745809
    ]
   }
  },
  {
   "type": "Feature",
   "properties": {
    "kategorija": "izmitinasana",
    "nosaukums": "Zarečnajas pamatskola",
    "adrese": "“Zarečnajas pamatskola”, Punduri, Griškānu pag., Rēzeknes nov., LV-4641",
    "pasvaldiba": "Rēzekne",
    "pasvaldiba_slug": "rezekne",
    "nr_plana": 19,
    "avots_teksts": "Avots: Rēzeknes CA plāns, lpp. 77",
    "plans_url": "https://rezekne.lv/wp-content/uploads/2024/03/Rezeknes-valstspilsetas-un-Rezeknes-novada-sadarbibas-teritorijas-Civilas-aizsardzibas-plans.pdf",
    "plans_fails": "Rezeknes-valstspilsetas-un-Rezeknes-novada-sadarbibas-teritorijas-Civilas-aizsardzibas-plans.md",
    "lpp": 77,
    "citats": "|19.|Zarečnajas<br>pamatskola|Izglītības<br>iestāde|“Zarečnajas<br>pamatskola”,<br>Punduri,<br>Griškānu<br>pag.,<br>Rēzeknes nov.,<br>LV-4641|56.478149|27.449507|Zāle,<br>kabineti|50|nav|nav|",
    "izdevejs": "Rēzekne (pašvaldība)",
    "geokodesana": "plan_coords",
    "adrese_vzd": "\"Zarečnajas pamatskola\", Punduri, Griškānu pag., Rēzeknes nov., LV-4641",
    "vzd_kods": "105526245",
    "plana_lat": 56.478149,
    "plana_lon": 27.449507,
    "koord_teksts": "56.478149|27.449507",
    "karodzini": [],
    "vietas": 50,
    "gultas": 0,
    "edinasana": "nav",
    "izvilkuma_piezime": "Ēkas tips: Izglītības iestāde; telpu veids: Zāle, kabineti",
    "komentars": "Avots: Rēzeknes CA plāns, lpp. 77 · 50 vietas",
    "id": "rezekne-izm-19"
   },
   "geometry": {
    "type": "Point",
    "coordinates": [
     27.449507,
     56.478149
    ]
   }
  },
  {
   "type": "Feature",
   "properties": {
    "kategorija": "izmitinasana",
    "nosaukums": "Griškānu pirmsskolas izglītības iestāde",
    "adrese": "Parka iela 3, Sprūževa, Griškānu pag., Rēzeknes nov., LV-4641",
    "pasvaldiba": "Rēzekne",
    "pasvaldiba_slug": "rezekne",
    "nr_plana": 20,
    "avots_teksts": "Avots: Rēzeknes CA plāns, lpp. 77",
    "plans_url": "https://rezekne.lv/wp-content/uploads/2024/03/Rezeknes-valstspilsetas-un-Rezeknes-novada-sadarbibas-teritorijas-Civilas-aizsardzibas-plans.pdf",
    "plans_fails": "Rezeknes-valstspilsetas-un-Rezeknes-novada-sadarbibas-teritorijas-Civilas-aizsardzibas-plans.md",
    "lpp": 77,
    "citats": "|20.|Griškānu<br>pirmsskolas<br>izglītības<br>iestāde|Izglītības<br>iestāde|Parka<br>iela<br>3,<br>Sprūževa,<br>Griškānu<br>pag.,<br>Rēzeknes nov.,<br>LV-4641|56.491324|27.423238|mācību<br>klases|50|ir|nav|",
    "izdevejs": "Rēzekne (pašvaldība)",
    "geokodesana": "plan_coords",
    "adrese_vzd": "Parka iela 3, Sprūževa, Griškānu pag., Rēzeknes nov., LV-4641",
    "vzd_kods": "105526237",
    "plana_lat": 56.491324,
    "plana_lon": 27.423238,
    "koord_teksts": "56.491324|27.423238",
    "karodzini": [],
    "vietas": 50,
    "gultas": 0,
    "edinasana": "ir",
    "izvilkuma_piezime": "Ēkas tips: Izglītības iestāde; telpu veids: mācību klases",
    "komentars": "Avots: Rēzeknes CA plāns, lpp. 77 · 50 vietas",
    "id": "rezekne-izm-20"
   },
   "geometry": {
    "type": "Point",
    "coordinates": [
     27.423238,
     56.491324
    ]
   }
  },
  {
   "type": "Feature",
   "properties": {
    "kategorija": "izmitinasana",
    "nosaukums": "Griškānu pagasta kultūras nams",
    "adrese": "Centrālā iela 27, Sprūževa, Griškānu pag., LV-4641",
    "pasvaldiba": "Rēzekne",
    "pasvaldiba_slug": "rezekne",
    "nr_plana": 21,
    "avots_teksts": "Avots: Rēzeknes CA plāns, lpp. 77",
    "plans_url": "https://rezekne.lv/wp-content/uploads/2024/03/Rezeknes-valstspilsetas-un-Rezeknes-novada-sadarbibas-teritorijas-Civilas-aizsardzibas-plans.pdf",
    "plans_fails": "Rezeknes-valstspilsetas-un-Rezeknes-novada-sadarbibas-teritorijas-Civilas-aizsardzibas-plans.md",
    "lpp": 77,
    "citats": "|21.|Griškānu<br>pagasta<br>kultūras<br>nams|Kultūras<br>nams|Centrālā iela 27,<br>Sprūževa,<br>Griškānu<br>pag.,<br>LV-4641|56.492710|27.425110|Zāle,<br>kabineti|150|nav|nav|",
    "izdevejs": "Rēzekne (pašvaldība)",
    "geokodesana": "plan_coords",
    "adrese_vzd": "Centrālā iela 27, Sprūževa, Griškānu pag., Rēzeknes nov., LV-4641",
    "vzd_kods": "106154160",
    "plana_lat": 56.49271,
    "plana_lon": 27.42511,
    "koord_teksts": "56.492710|27.425110",
    "karodzini": [],
    "vietas": 150,
    "gultas": 0,
    "edinasana": "nav",
    "izvilkuma_piezime": "Ēkas tips: Kultūras nams; telpu veids: Zāle, kabineti",
    "komentars": "Avots: Rēzeknes CA plāns, lpp. 77 · 150 vietas",
    "id": "rezekne-izm-21"
   },
   "geometry": {
    "type": "Point",
    "coordinates": [
     27.42511,
     56.49271
    ]
   }
  },
  {
   "type": "Feature",
   "properties": {
    "kategorija": "izmitinasana",
    "nosaukums": "Ilzeskalna pirmsskolas izglītības iestāde",
    "adrese": "Centra iela 4, Ilzeskalns, Ilzeskalna pagasts, Rēzeknes novads, LV-4619",
    "pasvaldiba": "Rēzekne",
    "pasvaldiba_slug": "rezekne",
    "nr_plana": 22,
    "avots_teksts": "Avots: Rēzeknes CA plāns, lpp. 77",
    "plans_url": "https://rezekne.lv/wp-content/uploads/2024/03/Rezeknes-valstspilsetas-un-Rezeknes-novada-sadarbibas-teritorijas-Civilas-aizsardzibas-plans.pdf",
    "plans_fails": "Rezeknes-valstspilsetas-un-Rezeknes-novada-sadarbibas-teritorijas-Civilas-aizsardzibas-plans.md",
    "lpp": 77,
    "citats": "|22.|Ilzeskalna<br>pirmsskolas<br>izglītības<br>iestāde|Izglītības<br>iestāde|Centra iela 4,<br>Ilzeskalns,<br>Ilzeskalna<br>pagasts,<br>Rēzeknes<br>novads,<br>LV-<br>4619|56.640671|27.391974|mācību<br>klases|90|ir|nav|",
    "izdevejs": "Rēzekne (pašvaldība)",
    "geokodesana": "plan_coords",
    "adrese_vzd": "Centra iela 4, Ilzeskalns, Ilzeskalna pag., Rēzeknes nov., LV-4619",
    "vzd_kods": "106552112",
    "plana_lat": 56.640671,
    "plana_lon": 27.391974,
    "koord_teksts": "56.640671|27.391974",
    "karodzini": [],
    "vietas": 90,
    "gultas": 0,
    "edinasana": "ir",
    "izvilkuma_piezime": "Ēkas tips: Izglītības iestāde; telpu veids: mācību klases",
    "komentars": "Avots: Rēzeknes CA plāns, lpp. 77 · 90 vietas",
    "id": "rezekne-izm-22"
   },
   "geometry": {
    "type": "Point",
    "coordinates": [
     27.391974,
     56.640671
    ]
   }
  },
  {
   "type": "Feature",
   "properties": {
    "kategorija": "izmitinasana",
    "nosaukums": "Ilzeskalna pagasta tautas nams",
    "adrese": "Jaunatnes iela 1, Ilzeskalns, Ilzeskalna pag., Rēzeknes nov., LV-4619",
    "pasvaldiba": "Rēzekne",
    "pasvaldiba_slug": "rezekne",
    "nr_plana": 23,
    "avots_teksts": "Avots: Rēzeknes CA plāns, lpp. 77",
    "plans_url": "https://rezekne.lv/wp-content/uploads/2024/03/Rezeknes-valstspilsetas-un-Rezeknes-novada-sadarbibas-teritorijas-Civilas-aizsardzibas-plans.pdf",
    "plans_fails": "Rezeknes-valstspilsetas-un-Rezeknes-novada-sadarbibas-teritorijas-Civilas-aizsardzibas-plans.md",
    "lpp": 77,
    "citats": "|23.|Ilzeskalna<br>pagasta<br>tautas nams|Kultūras<br>nams|Jaunatnes iela 1,<br>Ilzeskalns,<br>Ilzeskalna pag.,<br>Rēzeknes nov.,<br>LV-4619|56.640004|27.394565|Zāle,<br>kabineti|300|nav|nav|",
    "izdevejs": "Rēzekne (pašvaldība)",
    "geokodesana": "plan_coords",
    "adrese_vzd": "Jaunatnes iela 1, Ilzeskalns, Ilzeskalna pag., Rēzeknes nov., LV-4619",
    "vzd_kods": "106404642",
    "plana_lat": 56.640004,
    "plana_lon": 27.394565,
    "koord_teksts": "56.640004|27.394565",
    "karodzini": [],
    "vietas": 300,
    "gultas": 0,
    "edinasana": "nav",
    "izvilkuma_piezime": "Ēkas tips: Kultūras nams; telpu veids: Zāle, kabineti",
    "komentars": "Avots: Rēzeknes CA plāns, lpp. 77 · 300 vietas",
    "id": "rezekne-izm-23"
   },
   "geometry": {
    "type": "Point",
    "coordinates": [
     27.394565,
     56.640004
    ]
   }
  },
  {
   "type": "Feature",
   "properties": {
    "kategorija": "izmitinasana",
    "nosaukums": "Kantinieku pagasta sporta un atpūtas centrs",
    "adrese": "“Sporta un atpūtas centrs”, Liuža, Kantinieku pag., Rēzeknes nov., LV-4621",
    "pasvaldiba": "Rēzekne",
    "pasvaldiba_slug": "rezekne",
    "nr_plana": 24,
    "avots_teksts": "Avots: Rēzeknes CA plāns, lpp. 77",
    "plans_url": "https://rezekne.lv/wp-content/uploads/2024/03/Rezeknes-valstspilsetas-un-Rezeknes-novada-sadarbibas-teritorijas-Civilas-aizsardzibas-plans.pdf",
    "plans_fails": "Rezeknes-valstspilsetas-un-Rezeknes-novada-sadarbibas-teritorijas-Civilas-aizsardzibas-plans.md",
    "lpp": 77,
    "citats": "|24.|Kantinieku<br>pagasta<br>sporta<br>un<br>atpūtas<br>centrs|Sporta un<br>atpūtas<br>centrs|“Sporta<br>un<br>atpūtas centrs”,<br>Liuža,<br>Kantinieku pag.,<br>Rēzeknes nov.,<br>LV-4621|56.564781|27.144175|Zāle,<br>kabineti|100|nav|nav|",
    "izdevejs": "Rēzekne (pašvaldība)",
    "geokodesana": "plan_coords",
    "adrese_vzd": "\"Sporta un atpūtas centrs\", Liuža, Kantinieku pag., Rēzeknes nov., LV-4621",
    "vzd_kods": "105638845",
    "plana_lat": 56.564781,
    "plana_lon": 27.144175,
    "koord_teksts": "56.564781|27.144175",
    "karodzini": [],
    "vietas": 100,
    "gultas": 0,
    "edinasana": "nav",
    "izvilkuma_piezime": "Ēkas tips: Sporta un atpūtas centrs; telpu veids: Zāle, kabineti",
    "komentars": "Avots: Rēzeknes CA plāns, lpp. 77 · 100 vietas",
    "id": "rezekne-izm-24"
   },
   "geometry": {
    "type": "Point",
    "coordinates": [
     27.144175,
     56.564781
    ]
   }
  },
  {
   "type": "Feature",
   "properties": {
    "kategorija": "izmitinasana",
    "nosaukums": "Kaunatas vidusskola",
    "adrese": "Kaunata, Rāznas 17, Kaunatas pagasts, Rēzeknes novads, LV-4622",
    "pasvaldiba": "Rēzekne",
    "pasvaldiba_slug": "rezekne",
    "nr_plana": 25,
    "avots_teksts": "Avots: Rēzeknes CA plāns, lpp. 77",
    "plans_url": "https://rezekne.lv/wp-content/uploads/2024/03/Rezeknes-valstspilsetas-un-Rezeknes-novada-sadarbibas-teritorijas-Civilas-aizsardzibas-plans.pdf",
    "plans_fails": "Rezeknes-valstspilsetas-un-Rezeknes-novada-sadarbibas-teritorijas-Civilas-aizsardzibas-plans.md",
    "lpp": 77,
    "citats": "|25.|Kaunatas<br>vidusskola|Izglītības<br>iestāde|Kaunata, Rāznas<br>17,<br>Kaunatas<br>pagasts,<br>Rēzeknes<br>novads,<br>LV-<br>4622|56.331908|27.541764|Sporta<br>zāle; aktu<br>zāle;<br>mācību<br>klases|600|ir|nav|",
    "izdevejs": "Rēzekne (pašvaldība)",
    "geokodesana": "plan_coords",
    "adrese_vzd": null,
    "vzd_kods": null,
    "plana_lat": 56.331908,
    "plana_lon": 27.541764,
    "koord_teksts": "56.331908|27.541764",
    "karodzini": [],
    "vietas": 600,
    "gultas": 0,
    "edinasana": "ir",
    "izvilkuma_piezime": "Ēkas tips: Izglītības iestāde; telpu veids: Sporta zāle; aktu zāle; mācību klases",
    "komentars": "Avots: Rēzeknes CA plāns, lpp. 77 · 600 vietas",
    "id": "rezekne-izm-25"
   },
   "geometry": {
    "type": "Point",
    "coordinates": [
     27.541764,
     56.331908
    ]
   }
  },
  {
   "type": "Feature",
   "properties": {
    "kategorija": "izmitinasana",
    "nosaukums": "Kaunatas pirmsskolas izglītības iestāde „Zvaniņš”",
    "adrese": "Kaunata, Rāznas 32, Kaunatas pagasts, Rēzeknes novads, LV-4622",
    "pasvaldiba": "Rēzekne",
    "pasvaldiba_slug": "rezekne",
    "nr_plana": 26,
    "avots_teksts": "Avots: Rēzeknes CA plāns, lpp. 78",
    "plans_url": "https://rezekne.lv/wp-content/uploads/2024/03/Rezeknes-valstspilsetas-un-Rezeknes-novada-sadarbibas-teritorijas-Civilas-aizsardzibas-plans.pdf",
    "plans_fails": "Rezeknes-valstspilsetas-un-Rezeknes-novada-sadarbibas-teritorijas-Civilas-aizsardzibas-plans.md",
    "lpp": 78,
    "citats": "|26.|Kaunatas<br>pirmsskolas<br>izglītības<br>iestāde<br>„Zvaniņš”|Izglītības<br>iestāde|Kaunata, Rāznas<br>32,<br>Kaunatas<br>pagasts,<br>Rēzeknes<br>novads,<br>LV-<br>4622|56.330780|27.544962|mācību<br>klases|45|ir|45|",
    "izdevejs": "Rēzekne (pašvaldība)",
    "geokodesana": "plan_coords",
    "adrese_vzd": null,
    "vzd_kods": null,
    "plana_lat": 56.33078,
    "plana_lon": 27.544962,
    "koord_teksts": "56.330780|27.544962",
    "karodzini": [],
    "vietas": 45,
    "gultas": 45,
    "edinasana": "ir",
    "izvilkuma_piezime": "Ēkas tips: Izglītības iestāde; telpu veids: mācību klases",
    "komentars": "Avots: Rēzeknes CA plāns, lpp. 78 · 45 vietas",
    "id": "rezekne-izm-26"
   },
   "geometry": {
    "type": "Point",
    "coordinates": [
     27.544962,
     56.33078
    ]
   }
  },
  {
   "type": "Feature",
   "properties": {
    "kategorija": "izmitinasana",
    "nosaukums": "Kaunatas pagasta tautas nams",
    "adrese": "Rāznas iela 14, Kaunata, Kaunatas pag., Rēzeknes nov., LV-4622",
    "pasvaldiba": "Rēzekne",
    "pasvaldiba_slug": "rezekne",
    "nr_plana": 27,
    "avots_teksts": "Avots: Rēzeknes CA plāns, lpp. 78",
    "plans_url": "https://rezekne.lv/wp-content/uploads/2024/03/Rezeknes-valstspilsetas-un-Rezeknes-novada-sadarbibas-teritorijas-Civilas-aizsardzibas-plans.pdf",
    "plans_fails": "Rezeknes-valstspilsetas-un-Rezeknes-novada-sadarbibas-teritorijas-Civilas-aizsardzibas-plans.md",
    "lpp": 78,
    "citats": "|27.|Kaunatas<br>pagasta<br>tautas nams|Kultūras<br>nams|Rāznas iela 14,<br>Kaunata,<br>Kaunatas<br>pag.,<br>Rēzeknes nov.,<br>LV-4622|56.330926|27.541587|Zāle,<br>kabineti|200|nav|nav|",
    "izdevejs": "Rēzekne (pašvaldība)",
    "geokodesana": "plan_coords",
    "adrese_vzd": "Rāznas iela 14, Kaunata, Kaunatas pag., Rēzeknes nov., LV-4622",
    "vzd_kods": "101323171",
    "plana_lat": 56.330926,
    "plana_lon": 27.541587,
    "koord_teksts": "56.330926|27.541587",
    "karodzini": [],
    "vietas": 200,
    "gultas": 0,
    "edinasana": "nav",
    "izvilkuma_piezime": "Ēkas tips: Kultūras nams; telpu veids: Zāle, kabineti",
    "komentars": "Avots: Rēzeknes CA plāns, lpp. 78 · 200 vietas",
    "id": "rezekne-izm-27"
   },
   "geometry": {
    "type": "Point",
    "coordinates": [
     27.541587,
     56.330926
    ]
   }
  },
  {
   "type": "Feature",
   "properties": {
    "kategorija": "izmitinasana",
    "nosaukums": "Lendžu skola",
    "adrese": "Viraudas iela 5, Lendži, Lendžu pag., Rēzeknes nov., LV-4625",
    "pasvaldiba": "Rēzekne",
    "pasvaldiba_slug": "rezekne",
    "nr_plana": 28,
    "avots_teksts": "Avots: Rēzeknes CA plāns, lpp. 78",
    "plans_url": "https://rezekne.lv/wp-content/uploads/2024/03/Rezeknes-valstspilsetas-un-Rezeknes-novada-sadarbibas-teritorijas-Civilas-aizsardzibas-plans.pdf",
    "plans_fails": "Rezeknes-valstspilsetas-un-Rezeknes-novada-sadarbibas-teritorijas-Civilas-aizsardzibas-plans.md",
    "lpp": 78,
    "citats": "|28.|Lendžu skola|Izglītības<br>iestāde|Viraudas iela 5,<br>Lendži, Lendžu<br>pag., Rēzeknes<br>nov., LV-4625|56.583551|27.510168|Sporta<br>zāle; aktu<br>zāle;<br>mācību<br>klases|150|nav|40|",
    "izdevejs": "Rēzekne (pašvaldība)",
    "geokodesana": "plan_coords",
    "adrese_vzd": "Viraudas iela 5, Lendži, Lendžu pag., Rēzeknes nov., LV-4625",
    "vzd_kods": "105220567",
    "plana_lat": 56.583551,
    "plana_lon": 27.510168,
    "koord_teksts": "56.583551|27.510168",
    "karodzini": [],
    "vietas": 150,
    "gultas": 40,
    "edinasana": "nav",
    "izvilkuma_piezime": "Ēkas tips: Izglītības iestāde; telpu veids: Sporta zāle; aktu zāle; mācību klases",
    "komentars": "Avots: Rēzeknes CA plāns, lpp. 78 · 150 vietas",
    "id": "rezekne-izm-28"
   },
   "geometry": {
    "type": "Point",
    "coordinates": [
     27.510168,
     56.583551
    ]
   }
  },
  {
   "type": "Feature",
   "properties": {
    "kategorija": "izmitinasana",
    "nosaukums": "Lendžu pagasta kultūras nams",
    "adrese": "Viraudas iela 3, Lendži, Lendžu pag., Rēzeknes nov., LV-4625",
    "pasvaldiba": "Rēzekne",
    "pasvaldiba_slug": "rezekne",
    "nr_plana": 29,
    "avots_teksts": "Avots: Rēzeknes CA plāns, lpp. 78",
    "plans_url": "https://rezekne.lv/wp-content/uploads/2024/03/Rezeknes-valstspilsetas-un-Rezeknes-novada-sadarbibas-teritorijas-Civilas-aizsardzibas-plans.pdf",
    "plans_fails": "Rezeknes-valstspilsetas-un-Rezeknes-novada-sadarbibas-teritorijas-Civilas-aizsardzibas-plans.md",
    "lpp": 78,
    "citats": "|29.|Lendžu<br>pagasta<br>kultūras<br>nams|Kultūras<br>nams|Viraudas iela 3,<br>Lendži, Lendžu<br>pag., Rēzeknes<br>nov., LV-4625|56.583353|27.509487|Zāle,<br>kabineti|130|nav|nav|",
    "izdevejs": "Rēzekne (pašvaldība)",
    "geokodesana": "plan_coords",
    "adrese_vzd": "Viraudas iela 3, Lendži, Lendžu pag., Rēzeknes nov., LV-4625",
    "vzd_kods": "105220550",
    "plana_lat": 56.583353,
    "plana_lon": 27.509487,
    "koord_teksts": "56.583353|27.509487",
    "karodzini": [],
    "vietas": 130,
    "gultas": 0,
    "edinasana": "nav",
    "izvilkuma_piezime": "Ēkas tips: Kultūras nams; telpu veids: Zāle, kabineti",
    "komentars": "Avots: Rēzeknes CA plāns, lpp. 78 · 130 vietas",
    "id": "rezekne-izm-29"
   },
   "geometry": {
    "type": "Point",
    "coordinates": [
     27.509487,
     56.583353
    ]
   }
  },
  {
   "type": "Feature",
   "properties": {
    "kategorija": "izmitinasana",
    "nosaukums": "Lūznavas pirmsskolas izglītības iestāde",
    "adrese": "Pils iela 1, Lūznava, Lūznavas pag., Rēzeknes nov., LV-4627",
    "pasvaldiba": "Rēzekne",
    "pasvaldiba_slug": "rezekne",
    "nr_plana": 30,
    "avots_teksts": "Avots: Rēzeknes CA plāns, lpp. 78",
    "plans_url": "https://rezekne.lv/wp-content/uploads/2024/03/Rezeknes-valstspilsetas-un-Rezeknes-novada-sadarbibas-teritorijas-Civilas-aizsardzibas-plans.pdf",
    "plans_fails": "Rezeknes-valstspilsetas-un-Rezeknes-novada-sadarbibas-teritorijas-Civilas-aizsardzibas-plans.md",
    "lpp": 78,
    "citats": "|30.|Lūznavas<br>pirmsskolas<br>izglītības<br>iestāde|Izglītības<br>iestāde|Pils<br>iela<br>1,<br>Lūznava,<br>Lūznavas pag.,<br>Rēzeknes nov.,<br>LV-4627|56.359481|27.263013|mācību<br>klases|30|ir|nav|",
    "izdevejs": "Rēzekne (pašvaldība)",
    "geokodesana": "plan_coords",
    "adrese_vzd": "Pils iela 1, Lūznava, Lūznavas pag., Rēzeknes nov., LV-4627",
    "vzd_kods": "103643534",
    "plana_lat": 56.359481,
    "plana_lon": 27.263013,
    "koord_teksts": "56.359481|27.263013",
    "karodzini": [],
    "vietas": 30,
    "gultas": 0,
    "edinasana": "ir",
    "izvilkuma_piezime": "Ēkas tips: Izglītības iestāde; telpu veids: mācību klases",
    "komentars": "Avots: Rēzeknes CA plāns, lpp. 78 · 30 vietas",
    "id": "rezekne-izm-30"
   },
   "geometry": {
    "type": "Point",
    "coordinates": [
     27.263013,
     56.359481
    ]
   }
  },
  {
   "type": "Feature",
   "properties": {
    "kategorija": "izmitinasana",
    "nosaukums": "Lūznavas pagasta administratīv ā ēka",
    "adrese": "Pils iela 6, Lūznava, Lūznavas pag., Rēzeknes nov., LV-4627",
    "pasvaldiba": "Rēzekne",
    "pasvaldiba_slug": "rezekne",
    "nr_plana": 31,
    "avots_teksts": "Avots: Rēzeknes CA plāns, lpp. 78",
    "plans_url": "https://rezekne.lv/wp-content/uploads/2024/03/Rezeknes-valstspilsetas-un-Rezeknes-novada-sadarbibas-teritorijas-Civilas-aizsardzibas-plans.pdf",
    "plans_fails": "Rezeknes-valstspilsetas-un-Rezeknes-novada-sadarbibas-teritorijas-Civilas-aizsardzibas-plans.md",
    "lpp": 78,
    "citats": "|31.|Lūznavas<br>pagasta<br>administratīv<br>ā ēka|Pašvaldī<br>bas<br>iestādes<br>biroja<br>ēka|Pils<br>iela<br>6,<br>Lūznava,<br>Lūznavas pag.,<br>Rēzeknes nov.,<br>LV-4627|56.358664|27.261181|Zāle,<br>kabineti|80|nav|nav|",
    "izdevejs": "Rēzekne (pašvaldība)",
    "geokodesana": "plan_coords",
    "adrese_vzd": "Pils iela 6, Lūznava, Lūznavas pag., Rēzeknes nov., LV-4627",
    "vzd_kods": "103643591",
    "plana_lat": 56.358664,
    "plana_lon": 27.261181,
    "koord_teksts": "56.358664|27.261181",
    "karodzini": [],
    "vietas": 80,
    "gultas": 0,
    "edinasana": "nav",
    "izvilkuma_piezime": "Ēkas tips: Pašvaldī bas iestādes biroja ēka; telpu veids: Zāle, kabineti",
    "komentars": "Avots: Rēzeknes CA plāns, lpp. 78 · 80 vietas",
    "id": "rezekne-izm-31"
   },
   "geometry": {
    "type": "Point",
    "coordinates": [
     27.261181,
     56.358664
    ]
   }
  },
  {
   "type": "Feature",
   "properties": {
    "kategorija": "izmitinasana",
    "nosaukums": "Mākoņkalna pagasta tautas nams",
    "adrese": "Līgo iela 1, Lipuški, Mākoņkalna pag., Rēzeknes nov., LV-4626",
    "pasvaldiba": "Rēzekne",
    "pasvaldiba_slug": "rezekne",
    "nr_plana": 32,
    "avots_teksts": "Avots: Rēzeknes CA plāns, lpp. 78",
    "plans_url": "https://rezekne.lv/wp-content/uploads/2024/03/Rezeknes-valstspilsetas-un-Rezeknes-novada-sadarbibas-teritorijas-Civilas-aizsardzibas-plans.pdf",
    "plans_fails": "Rezeknes-valstspilsetas-un-Rezeknes-novada-sadarbibas-teritorijas-Civilas-aizsardzibas-plans.md",
    "lpp": 78,
    "citats": "|32.|Mākoņkalna<br>pagasta<br>tautas nams|Kultūras<br>nams|Līgo<br>iela<br>1,<br>Lipuški,<br>Mākoņkalna<br>pag., Rēzeknes<br>nov., LV-4626|56.291247|27.432859|Zāle,<br>kabineti|160|nav|nav|",
    "izdevejs": "Rēzekne (pašvaldība)",
    "geokodesana": "plan_coords",
    "adrese_vzd": "Līgo iela 1, Lipuški, Mākoņkalna pag., Rēzeknes nov., LV-4626",
    "vzd_kods": "104846236",
    "plana_lat": 56.291247,
    "plana_lon": 27.432859,
    "koord_teksts": "56.291247|27.432859",
    "karodzini": [],
    "vietas": 160,
    "gultas": 0,
    "edinasana": "nav",
    "izvilkuma_piezime": "Ēkas tips: Kultūras nams; telpu veids: Zāle, kabineti",
    "komentars": "Avots: Rēzeknes CA plāns, lpp. 78 · 160 vietas",
    "id": "rezekne-izm-32"
   },
   "geometry": {
    "type": "Point",
    "coordinates": [
     27.432859,
     56.291247
    ]
   }
  },
  {
   "type": "Feature",
   "properties": {
    "kategorija": "izmitinasana",
    "nosaukums": "Mākoņkalna pirmsskolas izglītības iestāde",
    "adrese": "Skolas iela 3, Lipuški, Mākoņkalna pag., Rēzeknes nov., LV-4626",
    "pasvaldiba": "Rēzekne",
    "pasvaldiba_slug": "rezekne",
    "nr_plana": 33,
    "avots_teksts": "Avots: Rēzeknes CA plāns, lpp. 78",
    "plans_url": "https://rezekne.lv/wp-content/uploads/2024/03/Rezeknes-valstspilsetas-un-Rezeknes-novada-sadarbibas-teritorijas-Civilas-aizsardzibas-plans.pdf",
    "plans_fails": "Rezeknes-valstspilsetas-un-Rezeknes-novada-sadarbibas-teritorijas-Civilas-aizsardzibas-plans.md",
    "lpp": 78,
    "citats": "|33.|Mākoņkalna<br>pirmsskolas<br>izglītības<br>iestāde|Izglītības<br>iestāde|Skolas iela 3,<br>Lipuški,<br>Mākoņkalna<br>pag., Rēzeknes<br>nov., LV-4626|56.290214|27.437549|mācību<br>klases|30|ir|nav|",
    "izdevejs": "Rēzekne (pašvaldība)",
    "geokodesana": "plan_coords",
    "adrese_vzd": "Skolas iela 3, Lipuški, Mākoņkalna pag., Rēzeknes nov., LV-4626",
    "vzd_kods": "104846365",
    "plana_lat": 56.290214,
    "plana_lon": 27.437549,
    "koord_teksts": "56.290214|27.437549",
    "karodzini": [],
    "vietas": 30,
    "gultas": 0,
    "edinasana": "ir",
    "izvilkuma_piezime": "Ēkas tips: Izglītības iestāde; telpu veids: mācību klases",
    "komentars": "Avots: Rēzeknes CA plāns, lpp. 78 · 30 vietas",
    "id": "rezekne-izm-33"
   },
   "geometry": {
    "type": "Point",
    "coordinates": [
     27.437549,
     56.290214
    ]
   }
  },
  {
   "type": "Feature",
   "properties": {
    "kategorija": "izmitinasana",
    "nosaukums": "Maltas vidusskola",
    "adrese": "Malta, Skolas 5, Maltas pagasts, Rēzeknes novads, LV-4630",
    "pasvaldiba": "Rēzekne",
    "pasvaldiba_slug": "rezekne",
    "nr_plana": 34,
    "avots_teksts": "Avots: Rēzeknes CA plāns, lpp. 78",
    "plans_url": "https://rezekne.lv/wp-content/uploads/2024/03/Rezeknes-valstspilsetas-un-Rezeknes-novada-sadarbibas-teritorijas-Civilas-aizsardzibas-plans.pdf",
    "plans_fails": "Rezeknes-valstspilsetas-un-Rezeknes-novada-sadarbibas-teritorijas-Civilas-aizsardzibas-plans.md",
    "lpp": 78,
    "citats": "|34.|Maltas<br>vidusskola|Izglītības<br>iestāde|Malta, Skolas 5,<br>Maltas pagasts,<br>Rēzeknes<br>novads,<br>LV-<br>4630|56.348922|27.156508|Sporta<br>zāle; aktu<br>zāle;<br>mācību<br>klases|800|ir|70|",
    "izdevejs": "Rēzekne (pašvaldība)",
    "geokodesana": "plan_coords",
    "adrese_vzd": null,
    "vzd_kods": null,
    "plana_lat": 56.348922,
    "plana_lon": 27.156508,
    "koord_teksts": "56.348922|27.156508",
    "karodzini": [],
    "vietas": 800,
    "gultas": 70,
    "edinasana": "ir",
    "izvilkuma_piezime": "Ēkas tips: Izglītības iestāde; telpu veids: Sporta zāle; aktu zāle; mācību klases",
    "komentars": "Avots: Rēzeknes CA plāns, lpp. 78 · 800 vietas",
    "id": "rezekne-izm-34"
   },
   "geometry": {
    "type": "Point",
    "coordinates": [
     27.156508,
     56.348922
    ]
   }
  },
  {
   "type": "Feature",
   "properties": {
    "kategorija": "izmitinasana",
    "nosaukums": "Maltas Mūzikas skola",
    "adrese": "Brīvības iela 6, Malta, Maltas pag., Rēzeknes nov., LV-4630",
    "pasvaldiba": "Rēzekne",
    "pasvaldiba_slug": "rezekne",
    "nr_plana": 35,
    "avots_teksts": "Avots: Rēzeknes CA plāns, lpp. 78",
    "plans_url": "https://rezekne.lv/wp-content/uploads/2024/03/Rezeknes-valstspilsetas-un-Rezeknes-novada-sadarbibas-teritorijas-Civilas-aizsardzibas-plans.pdf",
    "plans_fails": "Rezeknes-valstspilsetas-un-Rezeknes-novada-sadarbibas-teritorijas-Civilas-aizsardzibas-plans.md",
    "lpp": 78,
    "citats": "|35.|Maltas<br>Mūzikas<br>skola|Izglītības<br>iestāde|Brīvības iela 6,<br>Malta,<br>Maltas<br>pag., Rēzeknes<br>nov., LV-4630|56.348272|27.161894|aktu zāle;<br>mācību<br>klases|50|nav|nav|",
    "izdevejs": "Rēzekne (pašvaldība)",
    "geokodesana": "plan_coords",
    "adrese_vzd": "Brīvības iela 6, Malta, Maltas pag., Rēzeknes nov., LV-4630",
    "vzd_kods": "106043052",
    "plana_lat": 56.348272,
    "plana_lon": 27.161894,
    "koord_teksts": "56.348272|27.161894",
    "karodzini": [],
    "vietas": 50,
    "gultas": 0,
    "edinasana": "nav",
    "izvilkuma_piezime": "Ēkas tips: Izglītības iestāde; telpu veids: aktu zāle; mācību klases",
    "komentars": "Avots: Rēzeknes CA plāns, lpp. 78 · 50 vietas",
    "id": "rezekne-izm-35"
   },
   "geometry": {
    "type": "Point",
    "coordinates": [
     27.161894,
     56.348272
    ]
   }
  },
  {
   "type": "Feature",
   "properties": {
    "kategorija": "izmitinasana",
    "nosaukums": "Maltas pagasta kultūras nams",
    "adrese": "1. maija iela 80, Malta, Maltas pag., Rēzeknes nov., LV-4630",
    "pasvaldiba": "Rēzekne",
    "pasvaldiba_slug": "rezekne",
    "nr_plana": 36,
    "avots_teksts": "Avots: Rēzeknes CA plāns, lpp. 79",
    "plans_url": "https://rezekne.lv/wp-content/uploads/2024/03/Rezeknes-valstspilsetas-un-Rezeknes-novada-sadarbibas-teritorijas-Civilas-aizsardzibas-plans.pdf",
    "plans_fails": "Rezeknes-valstspilsetas-un-Rezeknes-novada-sadarbibas-teritorijas-Civilas-aizsardzibas-plans.md",
    "lpp": 79,
    "citats": "|36.|Maltas<br>pagasta<br>kultūras<br>nams|Kultūras<br>nams|1. maija iela 80,<br>Malta,<br>Maltas<br>pag., Rēzeknes<br>nov., LV-4630|56.347862|27.166863|Zāle,<br>kabineti|150|nav|nav|",
    "izdevejs": "Rēzekne (pašvaldība)",
    "geokodesana": "plan_coords",
    "adrese_vzd": "1. maija iela 80, Malta, Maltas pag., Rēzeknes nov., LV-4630",
    "vzd_kods": "106042870",
    "plana_lat": 56.347862,
    "plana_lon": 27.166863,
    "koord_teksts": "56.347862|27.166863",
    "karodzini": [],
    "vietas": 150,
    "gultas": 0,
    "edinasana": "nav",
    "izvilkuma_piezime": "Ēkas tips: Kultūras nams; telpu veids: Zāle, kabineti",
    "komentars": "Avots: Rēzeknes CA plāns, lpp. 79 · 150 vietas",
    "id": "rezekne-izm-36"
   },
   "geometry": {
    "type": "Point",
    "coordinates": [
     27.166863,
     56.347862
    ]
   }
  },
  {
   "type": "Feature",
   "properties": {
    "kategorija": "izmitinasana",
    "nosaukums": "Nagļu pagasta tautas nams",
    "adrese": "``Tautas nams``, Nagļi, Nagļu pag., Rēzeknes nov., LV-4631",
    "pasvaldiba": "Rēzekne",
    "pasvaldiba_slug": "rezekne",
    "nr_plana": 37,
    "avots_teksts": "Avots: Rēzeknes CA plāns, lpp. 79",
    "plans_url": "https://rezekne.lv/wp-content/uploads/2024/03/Rezeknes-valstspilsetas-un-Rezeknes-novada-sadarbibas-teritorijas-Civilas-aizsardzibas-plans.pdf",
    "plans_fails": "Rezeknes-valstspilsetas-un-Rezeknes-novada-sadarbibas-teritorijas-Civilas-aizsardzibas-plans.md",
    "lpp": 79,
    "citats": "|37.|Nagļu<br>pagasta<br>tautas nams|Kultūras<br>nams|``Tautas nams``,<br>Nagļi,<br>Nagļu<br>pag., Rēzeknes<br>nov., LV-4631|56.680288|26.939722|Zāle,<br>kabineti|300|nav|nav|",
    "izdevejs": "Rēzekne (pašvaldība)",
    "geokodesana": "plan_coords",
    "adrese_vzd": "\"Tautas nams\", Nagļi, Nagļu pag., Rēzeknes nov., LV-4631",
    "vzd_kods": "105379387",
    "plana_lat": 56.680288,
    "plana_lon": 26.939722,
    "koord_teksts": "56.680288|26.939722",
    "karodzini": [],
    "vietas": 300,
    "gultas": 0,
    "edinasana": "nav",
    "izvilkuma_piezime": "Ēkas tips: Kultūras nams; telpu veids: Zāle, kabineti",
    "komentars": "Avots: Rēzeknes CA plāns, lpp. 79 · 300 vietas",
    "id": "rezekne-izm-37"
   },
   "geometry": {
    "type": "Point",
    "coordinates": [
     26.939722,
     56.680288
    ]
   }
  },
  {
   "type": "Feature",
   "properties": {
    "kategorija": "izmitinasana",
    "nosaukums": "Nagļu pagasta administratīv ā ēka",
    "adrese": "``Pagastmāja``, Nagļi, Nagļu pag., Rēzeknes nov., LV-4631",
    "pasvaldiba": "Rēzekne",
    "pasvaldiba_slug": "rezekne",
    "nr_plana": 38,
    "avots_teksts": "Avots: Rēzeknes CA plāns, lpp. 79",
    "plans_url": "https://rezekne.lv/wp-content/uploads/2024/03/Rezeknes-valstspilsetas-un-Rezeknes-novada-sadarbibas-teritorijas-Civilas-aizsardzibas-plans.pdf",
    "plans_fails": "Rezeknes-valstspilsetas-un-Rezeknes-novada-sadarbibas-teritorijas-Civilas-aizsardzibas-plans.md",
    "lpp": 79,
    "citats": "|38.|Nagļu<br>pagasta<br>administratīv<br>ā ēka|Pašvaldī<br>bas<br>iestādes<br>biroja<br>ēka|``Pagastmāja``,<br>Nagļi,<br>Nagļu<br>pag., Rēzeknes<br>nov., LV-4631|56.685177|26.930778|Zāle,<br>kabineti|80|ir|nav|",
    "izdevejs": "Rēzekne (pašvaldība)",
    "geokodesana": "plan_coords",
    "adrese_vzd": "\"Pagastmāja\", Nagļi, Nagļu pag., Rēzeknes nov., LV-4631",
    "vzd_kods": "105826982",
    "plana_lat": 56.685177,
    "plana_lon": 26.930778,
    "koord_teksts": "56.685177|26.930778",
    "karodzini": [],
    "vietas": 80,
    "gultas": 0,
    "edinasana": "ir",
    "izvilkuma_piezime": "Ēkas tips: Pašvaldī bas iestādes biroja ēka; telpu veids: Zāle, kabineti",
    "komentars": "Avots: Rēzeknes CA plāns, lpp. 79 · 80 vietas",
    "id": "rezekne-izm-38"
   },
   "geometry": {
    "type": "Point",
    "coordinates": [
     26.930778,
     56.685177
    ]
   }
  },
  {
   "type": "Feature",
   "properties": {
    "kategorija": "izmitinasana",
    "nosaukums": "Nautrēnu pagasta sporta halle – kultūras nams",
    "adrese": "``Halle``, Rogovka, Nautrēnu pag., Rēzeknes nov., LV-4652",
    "pasvaldiba": "Rēzekne",
    "pasvaldiba_slug": "rezekne",
    "nr_plana": 39,
    "avots_teksts": "Avots: Rēzeknes CA plāns, lpp. 79",
    "plans_url": "https://rezekne.lv/wp-content/uploads/2024/03/Rezeknes-valstspilsetas-un-Rezeknes-novada-sadarbibas-teritorijas-Civilas-aizsardzibas-plans.pdf",
    "plans_fails": "Rezeknes-valstspilsetas-un-Rezeknes-novada-sadarbibas-teritorijas-Civilas-aizsardzibas-plans.md",
    "lpp": 79,
    "citats": "|39.|Nautrēnu<br>pagasta<br>sporta halle –<br>kultūras<br>nams|Kultūras<br>nams|``Halle``,<br>Rogovka,<br>Nautrēnu<br>pag.,<br>Rēzeknes nov.,<br>LV-4652|56.711779|27.413966|Zāle,<br>kabineti|400|nav|nav|",
    "izdevejs": "Rēzekne (pašvaldība)",
    "geokodesana": "plan_coords",
    "adrese_vzd": "\"Halle\", Rogovka, Nautrēnu pag., Rēzeknes nov., LV-4652",
    "vzd_kods": "105744856",
    "plana_lat": 56.711779,
    "plana_lon": 27.413966,
    "koord_teksts": "56.711779|27.413966",
    "karodzini": [],
    "vietas": 400,
    "gultas": 0,
    "edinasana": "nav",
    "izvilkuma_piezime": "Ēkas tips: Kultūras nams; telpu veids: Zāle, kabineti",
    "komentars": "Avots: Rēzeknes CA plāns, lpp. 79 · 400 vietas",
    "id": "rezekne-izm-39"
   },
   "geometry": {
    "type": "Point",
    "coordinates": [
     27.413966,
     56.711779
    ]
   }
  },
  {
   "type": "Feature",
   "properties": {
    "kategorija": "izmitinasana",
    "nosaukums": "Nautrēnu vidusskola",
    "adrese": "``Vidusskola``, Rogovka, Nautrēnu pag., Rēzeknes nov., LV-4652",
    "pasvaldiba": "Rēzekne",
    "pasvaldiba_slug": "rezekne",
    "nr_plana": 40,
    "avots_teksts": "Avots: Rēzeknes CA plāns, lpp. 79",
    "plans_url": "https://rezekne.lv/wp-content/uploads/2024/03/Rezeknes-valstspilsetas-un-Rezeknes-novada-sadarbibas-teritorijas-Civilas-aizsardzibas-plans.pdf",
    "plans_fails": "Rezeknes-valstspilsetas-un-Rezeknes-novada-sadarbibas-teritorijas-Civilas-aizsardzibas-plans.md",
    "lpp": 79,
    "citats": "|40.|Nautrēnu<br>vidusskola|Izglītības<br>iestāde|``Vidusskola``,<br>Rogovka,<br>Nautrēnu<br>pag.,<br>Rēzeknes nov.,<br>LV-4652|56.710903|27.417276|Aktu zāle;<br>mācību<br>klases,<br>dienesta<br>viesnīca|100|ir|100|",
    "izdevejs": "Rēzekne (pašvaldība)",
    "geokodesana": "plan_coords",
    "adrese_vzd": "\"Vidusskola\", Rogovka, Nautrēnu pag., Rēzeknes nov., LV-4652",
    "vzd_kods": "105744807",
    "plana_lat": 56.710903,
    "plana_lon": 27.417276,
    "koord_teksts": "56.710903|27.417276",
    "karodzini": [],
    "vietas": 100,
    "gultas": 100,
    "edinasana": "ir",
    "izvilkuma_piezime": "Ēkas tips: Izglītības iestāde; telpu veids: Aktu zāle; mācību klases, dienesta viesnīca",
    "komentars": "Avots: Rēzeknes CA plāns, lpp. 79 · 100 vietas",
    "id": "rezekne-izm-40"
   },
   "geometry": {
    "type": "Point",
    "coordinates": [
     27.417276,
     56.710903
    ]
   }
  },
  {
   "type": "Feature",
   "properties": {
    "kategorija": "izmitinasana",
    "nosaukums": "Nautrēnu pirmsskolas izglītības iestāde „Vālodzīte”",
    "adrese": "``Vālodzīte``, Rogovka, Nautrēnu pag., Rēzeknes nov., LV-4652",
    "pasvaldiba": "Rēzekne",
    "pasvaldiba_slug": "rezekne",
    "nr_plana": 41,
    "avots_teksts": "Avots: Rēzeknes CA plāns, lpp. 79",
    "plans_url": "https://rezekne.lv/wp-content/uploads/2024/03/Rezeknes-valstspilsetas-un-Rezeknes-novada-sadarbibas-teritorijas-Civilas-aizsardzibas-plans.pdf",
    "plans_fails": "Rezeknes-valstspilsetas-un-Rezeknes-novada-sadarbibas-teritorijas-Civilas-aizsardzibas-plans.md",
    "lpp": 79,
    "citats": "|41.|Nautrēnu<br>pirmsskolas<br>izglītības<br>iestāde<br>„Vālodzīte”|Izglītības<br>iestāde|``Vālodzīte``,<br>Rogovka,<br>Nautrēnu<br>pag.,<br>Rēzeknes nov.,<br>LV-4652|56.710328|27.416493|mācību<br>klases|50|ir|nav|",
    "izdevejs": "Rēzekne (pašvaldība)",
    "geokodesana": "plan_coords",
    "adrese_vzd": "\"Vālodzīte\", Rogovka, Nautrēnu pag., Rēzeknes nov., LV-4652",
    "vzd_kods": "105744831",
    "plana_lat": 56.710328,
    "plana_lon": 27.416493,
    "koord_teksts": "56.710328|27.416493",
    "karodzini": [],
    "vietas": 50,
    "gultas": 0,
    "edinasana": "ir",
    "izvilkuma_piezime": "Ēkas tips: Izglītības iestāde; telpu veids: mācību klases",
    "komentars": "Avots: Rēzeknes CA plāns, lpp. 79 · 50 vietas",
    "id": "rezekne-izm-41"
   },
   "geometry": {
    "type": "Point",
    "coordinates": [
     27.416493,
     56.710328
    ]
   }
  },
  {
   "type": "Feature",
   "properties": {
    "kategorija": "izmitinasana",
    "nosaukums": "Ozolaines pirmsskolas izglītības iestāde „Jāņtārpiņš”",
    "adrese": "``Zariņš``, Bekši, Ozolaines pag., Rēzeknes nov., LV-4633",
    "pasvaldiba": "Rēzekne",
    "pasvaldiba_slug": "rezekne",
    "nr_plana": 42,
    "avots_teksts": "Avots: Rēzeknes CA plāns, lpp. 79",
    "plans_url": "https://rezekne.lv/wp-content/uploads/2024/03/Rezeknes-valstspilsetas-un-Rezeknes-novada-sadarbibas-teritorijas-Civilas-aizsardzibas-plans.pdf",
    "plans_fails": "Rezeknes-valstspilsetas-un-Rezeknes-novada-sadarbibas-teritorijas-Civilas-aizsardzibas-plans.md",
    "lpp": 79,
    "citats": "|42.|Ozolaines<br>pirmsskolas<br>izglītības<br>iestāde<br>„Jāņtārpiņš”|Izglītības<br>iestāde|``Zariņš``,<br>Bekši, Ozolaines<br>pag., Rēzeknes<br>nov., LV-4633|56.410680|27.236344|mācību<br>klases|70|ir|nav|",
    "izdevejs": "Rēzekne (pašvaldība)",
    "geokodesana": "plan_coords",
    "adrese_vzd": "\"Zariņš\", Bekši, Ozolaines pag., Rēzeknes nov., LV-4633",
    "vzd_kods": "105459292",
    "plana_lat": 56.41068,
    "plana_lon": 27.236344,
    "koord_teksts": "56.410680|27.236344",
    "karodzini": [],
    "vietas": 70,
    "gultas": 0,
    "edinasana": "ir",
    "izvilkuma_piezime": "Ēkas tips: Izglītības iestāde; telpu veids: mācību klases",
    "komentars": "Avots: Rēzeknes CA plāns, lpp. 79 · 70 vietas",
    "id": "rezekne-izm-42"
   },
   "geometry": {
    "type": "Point",
    "coordinates": [
     27.236344,
     56.41068
    ]
   }
  },
  {
   "type": "Feature",
   "properties": {
    "kategorija": "izmitinasana",
    "nosaukums": "Ozolaines pagasta tautas nams",
    "adrese": "``Bekši 7``, Bekši, Ozolaines pag., Rēzeknes nov., LV-4633",
    "pasvaldiba": "Rēzekne",
    "pasvaldiba_slug": "rezekne",
    "nr_plana": 43,
    "avots_teksts": "Avots: Rēzeknes CA plāns, lpp. 79",
    "plans_url": "https://rezekne.lv/wp-content/uploads/2024/03/Rezeknes-valstspilsetas-un-Rezeknes-novada-sadarbibas-teritorijas-Civilas-aizsardzibas-plans.pdf",
    "plans_fails": "Rezeknes-valstspilsetas-un-Rezeknes-novada-sadarbibas-teritorijas-Civilas-aizsardzibas-plans.md",
    "lpp": 79,
    "citats": "|43.|Ozolaines<br>pagasta<br>tautas nams|Kultūras<br>nams|``Bekši<br>7``,<br>Bekši, Ozolaines<br>pag., Rēzeknes<br>nov., LV-4633|56.412248|27.234779|Zāle,<br>kabineti|300|nav|nav|",
    "izdevejs": "Rēzekne (pašvaldība)",
    "geokodesana": "plan_coords",
    "adrese_vzd": "\"Bekši 7\", Bekši, Ozolaines pag., Rēzeknes nov., LV-4633",
    "vzd_kods": "105881555",
    "plana_lat": 56.412248,
    "plana_lon": 27.234779,
    "koord_teksts": "56.412248|27.234779",
    "karodzini": [],
    "vietas": 300,
    "gultas": 0,
    "edinasana": "nav",
    "izvilkuma_piezime": "Ēkas tips: Kultūras nams; telpu veids: Zāle, kabineti",
    "komentars": "Avots: Rēzeknes CA plāns, lpp. 79 · 300 vietas",
    "id": "rezekne-izm-43"
   },
   "geometry": {
    "type": "Point",
    "coordinates": [
     27.234779,
     56.412248
    ]
   }
  },
  {
   "type": "Feature",
   "properties": {
    "kategorija": "izmitinasana",
    "nosaukums": "Ozolaines pagasta administratīv ā ēka",
    "adrese": "``Lazdas``, Balbiši, Ozolaines pag., Rēzeknes nov., LV-4633",
    "pasvaldiba": "Rēzekne",
    "pasvaldiba_slug": "rezekne",
    "nr_plana": 44,
    "avots_teksts": "Avots: Rēzeknes CA plāns, lpp. 79",
    "plans_url": "https://rezekne.lv/wp-content/uploads/2024/03/Rezeknes-valstspilsetas-un-Rezeknes-novada-sadarbibas-teritorijas-Civilas-aizsardzibas-plans.pdf",
    "plans_fails": "Rezeknes-valstspilsetas-un-Rezeknes-novada-sadarbibas-teritorijas-Civilas-aizsardzibas-plans.md",
    "lpp": 79,
    "citats": "|44.|Ozolaines<br>pagasta<br>administratīv<br>ā ēka|Pašvaldī<br>bas<br>iestādes<br>biroja<br>ēka|``Lazdas``,<br>Balbiši,<br>Ozolaines pag.,<br>Rēzeknes nov.,<br>LV-4633|56.449843|27.263177|Zāle,<br>kabineti|100|nav|nav|",
    "izdevejs": "Rēzekne (pašvaldība)",
    "geokodesana": "plan_coords",
    "adrese_vzd": "\"Lazdas\", Balbiši, Ozolaines pag., Rēzeknes nov., LV-4633",
    "vzd_kods": "104257953",
    "plana_lat": 56.449843,
    "plana_lon": 27.263177,
    "koord_teksts": "56.449843|27.263177",
    "karodzini": [],
    "vietas": 100,
    "gultas": 0,
    "edinasana": "nav",
    "izvilkuma_piezime": "Ēkas tips: Pašvaldī bas iestādes biroja ēka; telpu veids: Zāle, kabineti",
    "komentars": "Avots: Rēzeknes CA plāns, lpp. 79 · 100 vietas",
    "id": "rezekne-izm-44"
   },
   "geometry": {
    "type": "Point",
    "coordinates": [
     27.263177,
     56.449843
    ]
   }
  },
  {
   "type": "Feature",
   "properties": {
    "kategorija": "izmitinasana",
    "nosaukums": "Ozolmuižas pagasta kultūras nams",
    "adrese": "``Laimas``, Ozolmuiža, Ozolmuižas pag., Rēzeknes nov., LV-4633",
    "pasvaldiba": "Rēzekne",
    "pasvaldiba_slug": "rezekne",
    "nr_plana": 45,
    "avots_teksts": "Avots: Rēzeknes CA plāns, lpp. 79",
    "plans_url": "https://rezekne.lv/wp-content/uploads/2024/03/Rezeknes-valstspilsetas-un-Rezeknes-novada-sadarbibas-teritorijas-Civilas-aizsardzibas-plans.pdf",
    "plans_fails": "Rezeknes-valstspilsetas-un-Rezeknes-novada-sadarbibas-teritorijas-Civilas-aizsardzibas-plans.md",
    "lpp": 79,
    "citats": "|45.|Ozolmuižas<br>pagasta<br>kultūras<br>nams|Kultūras<br>nams|``Laimas``,<br>Ozolmuiža,<br>Ozolmuižas<br>pag., Rēzeknes<br>nov., LV-4633|56.491892|27.225261|Zāle,<br>kabineti,<br>mācību<br>klases|300|ir|nav|",
    "izdevejs": "Rēzekne (pašvaldība)",
    "geokodesana": "plan_coords",
    "adrese_vzd": "\"Laimas\", Ozolmuiža, Ozolmuižas pag., Rēzeknes nov., LV-4633",
    "vzd_kods": "103949575",
    "plana_lat": 56.491892,
    "plana_lon": 27.225261,
    "koord_teksts": "56.491892|27.225261",
    "karodzini": [],
    "vietas": 300,
    "gultas": 0,
    "edinasana": "ir",
    "izvilkuma_piezime": "Ēkas tips: Kultūras nams; telpu veids: Zāle, kabineti, mācību klases",
    "komentars": "Avots: Rēzeknes CA plāns, lpp. 79 · 300 vietas",
    "id": "rezekne-izm-45"
   },
   "geometry": {
    "type": "Point",
    "coordinates": [
     27.225261,
     56.491892
    ]
   }
  },
  {
   "type": "Feature",
   "properties": {
    "kategorija": "izmitinasana",
    "nosaukums": "Pušas pagasta administratīv ā ēka",
    "adrese": "Parka iela 1, Puša, Pušas pag., Rēzeknes nov., LV-4635",
    "pasvaldiba": "Rēzekne",
    "pasvaldiba_slug": "rezekne",
    "nr_plana": 46,
    "avots_teksts": "Avots: Rēzeknes CA plāns, lpp. 80",
    "plans_url": "https://rezekne.lv/wp-content/uploads/2024/03/Rezeknes-valstspilsetas-un-Rezeknes-novada-sadarbibas-teritorijas-Civilas-aizsardzibas-plans.pdf",
    "plans_fails": "Rezeknes-valstspilsetas-un-Rezeknes-novada-sadarbibas-teritorijas-Civilas-aizsardzibas-plans.md",
    "lpp": 80,
    "citats": "|46.|Pušas<br>pagasta<br>administratīv<br>ā ēka|Pašvaldī<br>bas<br>iestādes<br>biroja<br>ēka|Parka<br>iela<br>1,<br>Puša, Pušas pag.,<br>Rēzeknes nov.,<br>LV-4635|56.241993|27.213476|Zāle,<br>kabineti|50|nav|nav|",
    "izdevejs": "Rēzekne (pašvaldība)",
    "geokodesana": "plan_coords",
    "adrese_vzd": "Parka iela 1, Puša, Pušas pag., Rēzeknes nov., LV-4635",
    "vzd_kods": "104931030",
    "plana_lat": 56.241993,
    "plana_lon": 27.213476,
    "koord_teksts": "56.241993|27.213476",
    "karodzini": [],
    "vietas": 50,
    "gultas": 0,
    "edinasana": "nav",
    "izvilkuma_piezime": "Ēkas tips: Pašvaldī bas iestādes biroja ēka; telpu veids: Zāle, kabineti",
    "komentars": "Avots: Rēzeknes CA plāns, lpp. 80 · 50 vietas",
    "id": "rezekne-izm-46"
   },
   "geometry": {
    "type": "Point",
    "coordinates": [
     27.213476,
     56.241993
    ]
   }
  },
  {
   "type": "Feature",
   "properties": {
    "kategorija": "izmitinasana",
    "nosaukums": "Rikavas sākumskola, Gaigalavas pamatskolas struktūrvienī ba",
    "adrese": "Skolas iela 5, Rikava, Rikavas pag., Rēzeknes nov., LV-4648",
    "pasvaldiba": "Rēzekne",
    "pasvaldiba_slug": "rezekne",
    "nr_plana": 47,
    "avots_teksts": "Avots: Rēzeknes CA plāns, lpp. 80",
    "plans_url": "https://rezekne.lv/wp-content/uploads/2024/03/Rezeknes-valstspilsetas-un-Rezeknes-novada-sadarbibas-teritorijas-Civilas-aizsardzibas-plans.pdf",
    "plans_fails": "Rezeknes-valstspilsetas-un-Rezeknes-novada-sadarbibas-teritorijas-Civilas-aizsardzibas-plans.md",
    "lpp": 80,
    "citats": "|47.|Rikavas<br>sākumskola,<br>Gaigalavas<br>pamatskolas<br>struktūrvienī<br>ba|Izglītības<br>iestāde|Skolas iela 5,<br>Rikava, Rikavas<br>pag., Rēzeknes<br>nov., LV-4648|56.621956|27.045239|Sporta<br>zāle; aktu<br>zāle;<br>mācību<br>klases|70|ir|nav|",
    "izdevejs": "Rēzekne (pašvaldība)",
    "geokodesana": "plan_coords",
    "adrese_vzd": "Skolas iela 5, Rikava, Rikavas pag., Rēzeknes nov., LV-4648",
    "vzd_kods": "101327644",
    "plana_lat": 56.621956,
    "plana_lon": 27.045239,
    "koord_teksts": "56.621956|27.045239",
    "karodzini": [],
    "vietas": 70,
    "gultas": 0,
    "edinasana": "ir",
    "izvilkuma_piezime": "Ēkas tips: Izglītības iestāde; telpu veids: Sporta zāle; aktu zāle; mācību klases",
    "komentars": "Avots: Rēzeknes CA plāns, lpp. 80 · 70 vietas",
    "id": "rezekne-izm-47"
   },
   "geometry": {
    "type": "Point",
    "coordinates": [
     27.045239,
     56.621956
    ]
   }
  },
  {
   "type": "Feature",
   "properties": {
    "kategorija": "izmitinasana",
    "nosaukums": "Rikavas pagasta kultūras nams",
    "adrese": "Jaunības iela 15, Rikava, Rikavas pag., Rēzeknes nov., LV-4648",
    "pasvaldiba": "Rēzekne",
    "pasvaldiba_slug": "rezekne",
    "nr_plana": 48,
    "avots_teksts": "Avots: Rēzeknes CA plāns, lpp. 80",
    "plans_url": "https://rezekne.lv/wp-content/uploads/2024/03/Rezeknes-valstspilsetas-un-Rezeknes-novada-sadarbibas-teritorijas-Civilas-aizsardzibas-plans.pdf",
    "plans_fails": "Rezeknes-valstspilsetas-un-Rezeknes-novada-sadarbibas-teritorijas-Civilas-aizsardzibas-plans.md",
    "lpp": 80,
    "citats": "|48.|Rikavas<br>pagasta<br>kultūras<br>nams|Kultūras<br>nams|Jaunības iela 15,<br>Rikava, Rikavas<br>pag., Rēzeknes<br>nov., LV-4648|56.619376|27.042361|Zāle,<br>kabineti|300|nav|nav|",
    "izdevejs": "Rēzekne (pašvaldība)",
    "geokodesana": "plan_coords",
    "adrese_vzd": "Jaunības iela 15, Rikava, Rikavas pag., Rēzeknes nov., LV-4648",
    "vzd_kods": "105762480",
    "plana_lat": 56.619376,
    "plana_lon": 27.042361,
    "koord_teksts": "56.619376|27.042361",
    "karodzini": [],
    "vietas": 300,
    "gultas": 0,
    "edinasana": "nav",
    "izvilkuma_piezime": "Ēkas tips: Kultūras nams; telpu veids: Zāle, kabineti",
    "komentars": "Avots: Rēzeknes CA plāns, lpp. 80 · 300 vietas",
    "id": "rezekne-izm-48"
   },
   "geometry": {
    "type": "Point",
    "coordinates": [
     27.042361,
     56.619376
    ]
   }
  },
  {
   "type": "Feature",
   "properties": {
    "kategorija": "izmitinasana",
    "nosaukums": "Sakstagala Jāņa Klīdzēja pamatskola",
    "adrese": "Skolas iela 13, Sakstagals, Sakstagala pagasts, Rēzeknes novads, LV-4638",
    "pasvaldiba": "Rēzekne",
    "pasvaldiba_slug": "rezekne",
    "nr_plana": 49,
    "avots_teksts": "Avots: Rēzeknes CA plāns, lpp. 80",
    "plans_url": "https://rezekne.lv/wp-content/uploads/2024/03/Rezeknes-valstspilsetas-un-Rezeknes-novada-sadarbibas-teritorijas-Civilas-aizsardzibas-plans.pdf",
    "plans_fails": "Rezeknes-valstspilsetas-un-Rezeknes-novada-sadarbibas-teritorijas-Civilas-aizsardzibas-plans.md",
    "lpp": 80,
    "citats": "|49.|Sakstagala<br>Jāņa<br>Klīdzēja<br>pamatskola|Izglītības<br>iestāde|Skolas iela 13,<br>Sakstagals,<br>Sakstagala<br>pagasts,<br>Rēzeknes<br>novads,<br>LV-<br>4638|56.540782|27.141947|Sporta<br>zāle; aktu<br>zāle;<br>mācību<br>klases|150|ir|nav|",
    "izdevejs": "Rēzekne (pašvaldība)",
    "geokodesana": "plan_coords",
    "adrese_vzd": "Skolas iela 13, Ciukori, Sakstagala pag., Rēzeknes nov., LV-4638",
    "vzd_kods": "105432651",
    "plana_lat": 56.540782,
    "plana_lon": 27.141947,
    "koord_teksts": "56.540782|27.141947",
    "karodzini": [],
    "vietas": 150,
    "gultas": 0,
    "edinasana": "ir",
    "izvilkuma_piezime": "Ēkas tips: Izglītības iestāde; telpu veids: Sporta zāle; aktu zāle; mācību klases",
    "komentars": "Avots: Rēzeknes CA plāns, lpp. 80 · 150 vietas",
    "id": "rezekne-izm-49"
   },
   "geometry": {
    "type": "Point",
    "coordinates": [
     27.141947,
     56.540782
    ]
   }
  },
  {
   "type": "Feature",
   "properties": {
    "kategorija": "izmitinasana",
    "nosaukums": "Sakstagala pagasta sabiedrisko aktivitāšu centrs",
    "adrese": "Kalna iela 2, Sakstagals, Sakstagala pag., Rēzeknes nov., LV-4638",
    "pasvaldiba": "Rēzekne",
    "pasvaldiba_slug": "rezekne",
    "nr_plana": 50,
    "avots_teksts": "Avots: Rēzeknes CA plāns, lpp. 80",
    "plans_url": "https://rezekne.lv/wp-content/uploads/2024/03/Rezeknes-valstspilsetas-un-Rezeknes-novada-sadarbibas-teritorijas-Civilas-aizsardzibas-plans.pdf",
    "plans_fails": "Rezeknes-valstspilsetas-un-Rezeknes-novada-sadarbibas-teritorijas-Civilas-aizsardzibas-plans.md",
    "lpp": 80,
    "citats": "|50.|Sakstagala<br>pagasta<br>sabiedrisko<br>aktivitāšu<br>centrs|Kultūras<br>nams|Kalna<br>iela<br>2,<br>Sakstagals,<br>Sakstagala pag.,<br>Rēzeknes nov.,<br>LV-4638|56.533804|27.151443|Zāle,<br>kabineti|200|nav|nav|",
    "izdevejs": "Rēzekne (pašvaldība)",
    "geokodesana": "plan_coords",
    "adrese_vzd": "Kalna iela 2, Sakstagals, Sakstagala pag., Rēzeknes nov., LV-4638",
    "vzd_kods": "105397516",
    "plana_lat": 56.533804,
    "plana_lon": 27.151443,
    "koord_teksts": "56.533804|27.151443",
    "karodzini": [],
    "vietas": 200,
    "gultas": 0,
    "edinasana": "nav",
    "izvilkuma_piezime": "Ēkas tips: Kultūras nams; telpu veids: Zāle, kabineti",
    "komentars": "Avots: Rēzeknes CA plāns, lpp. 80 · 200 vietas",
    "id": "rezekne-izm-50"
   },
   "geometry": {
    "type": "Point",
    "coordinates": [
     27.151443,
     56.533804
    ]
   }
  },
  {
   "type": "Feature",
   "properties": {
    "kategorija": "izmitinasana",
    "nosaukums": "F.Trasuna muzeja „Kolnasāta” Izstāžu zāle",
    "adrese": "Kalna iela 3, Sakstagals, Sakstagala pag., Rēzeknes nov., LV-4638",
    "pasvaldiba": "Rēzekne",
    "pasvaldiba_slug": "rezekne",
    "nr_plana": 51,
    "avots_teksts": "Avots: Rēzeknes CA plāns, lpp. 80",
    "plans_url": "https://rezekne.lv/wp-content/uploads/2024/03/Rezeknes-valstspilsetas-un-Rezeknes-novada-sadarbibas-teritorijas-Civilas-aizsardzibas-plans.pdf",
    "plans_fails": "Rezeknes-valstspilsetas-un-Rezeknes-novada-sadarbibas-teritorijas-Civilas-aizsardzibas-plans.md",
    "lpp": 80,
    "citats": "|51.|F.Trasuna<br>muzeja<br>„Kolnasāta”<br>Izstāžu zāle|Pašvaldī<br>bas<br>iestāde|Kalna<br>iela<br>3,<br>Sakstagals,<br>Sakstagala pag.,<br>Rēzeknes nov.,<br>LV-4638|56.533370|27.148590|Zāle,<br>kabineti|100|nav|nav|",
    "izdevejs": "Rēzekne (pašvaldība)",
    "geokodesana": "plan_coords",
    "adrese_vzd": "Kalna iela 3, Sakstagals, Sakstagala pag., Rēzeknes nov., LV-4638",
    "vzd_kods": "105953701",
    "plana_lat": 56.53337,
    "plana_lon": 27.14859,
    "koord_teksts": "56.533370|27.148590",
    "karodzini": [],
    "vietas": 100,
    "gultas": 0,
    "edinasana": "nav",
    "izvilkuma_piezime": "Ēkas tips: Pašvaldī bas iestāde; telpu veids: Zāle, kabineti",
    "komentars": "Avots: Rēzeknes CA plāns, lpp. 80 · 100 vietas",
    "id": "rezekne-izm-51"
   },
   "geometry": {
    "type": "Point",
    "coordinates": [
     27.14859,
     56.53337
    ]
   }
  },
  {
   "type": "Feature",
   "properties": {
    "kategorija": "izmitinasana",
    "nosaukums": "Uļjanovas pirmsskolas izglītības iestāde „Skudriņa”",
    "adrese": "Jaunatnes iela 10, Uļjanova, Sakstagala pag., Rēzeknes nov., LV-4645",
    "pasvaldiba": "Rēzekne",
    "pasvaldiba_slug": "rezekne",
    "nr_plana": 52,
    "avots_teksts": "Avots: Rēzeknes CA plāns, lpp. 80",
    "plans_url": "https://rezekne.lv/wp-content/uploads/2024/03/Rezeknes-valstspilsetas-un-Rezeknes-novada-sadarbibas-teritorijas-Civilas-aizsardzibas-plans.pdf",
    "plans_fails": "Rezeknes-valstspilsetas-un-Rezeknes-novada-sadarbibas-teritorijas-Civilas-aizsardzibas-plans.md",
    "lpp": 80,
    "citats": "|52.|Uļjanovas<br>pirmsskolas<br>izglītības<br>iestāde<br>„Skudriņa”|Izglītības<br>iestāde|Jaunatnes<br>iela<br>10,<br>Uļjanova,<br>Sakstagala pag.,<br>Rēzeknes nov.,<br>LV-4645|56.552818|27.061359|mācību<br>klases|100|ir|nav|",
    "izdevejs": "Rēzekne (pašvaldība)",
    "geokodesana": "plan_coords",
    "adrese_vzd": "Jaunatnes iela 10, Uļjanova, Sakstagala pag., Rēzeknes nov., LV-4645",
    "vzd_kods": "105397524",
    "plana_lat": 56.552818,
    "plana_lon": 27.061359,
    "koord_teksts": "56.552818|27.061359",
    "karodzini": [],
    "vietas": 100,
    "gultas": 0,
    "edinasana": "ir",
    "izvilkuma_piezime": "Ēkas tips: Izglītības iestāde; telpu veids: mācību klases",
    "komentars": "Avots: Rēzeknes CA plāns, lpp. 80 · 100 vietas",
    "id": "rezekne-izm-52"
   },
   "geometry": {
    "type": "Point",
    "coordinates": [
     27.061359,
     56.552818
    ]
   }
  },
  {
   "type": "Feature",
   "properties": {
    "kategorija": "izmitinasana",
    "nosaukums": "Silmalas pagasta kultūras nams",
    "adrese": "Saules iela 4, Gornica, Silmalas pag., Rēzeknes nov., LV-4630",
    "pasvaldiba": "Rēzekne",
    "pasvaldiba_slug": "rezekne",
    "nr_plana": 53,
    "avots_teksts": "Avots: Rēzeknes CA plāns, lpp. 80",
    "plans_url": "https://rezekne.lv/wp-content/uploads/2024/03/Rezeknes-valstspilsetas-un-Rezeknes-novada-sadarbibas-teritorijas-Civilas-aizsardzibas-plans.pdf",
    "plans_fails": "Rezeknes-valstspilsetas-un-Rezeknes-novada-sadarbibas-teritorijas-Civilas-aizsardzibas-plans.md",
    "lpp": 80,
    "citats": "|53.|Silmalas<br>pagasta<br>kultūras<br>nams|Kultūras<br>nams|Saules iela 4,<br>Gornica,<br>Silmalas<br>pag.,<br>Rēzeknes nov.,<br>LV-4630|56.373871|27.135889|Zāle,<br>kabineti|150|nav|nav|",
    "izdevejs": "Rēzekne (pašvaldība)",
    "geokodesana": "plan_coords",
    "adrese_vzd": "Saules iela 4, Gornica, Silmalas pag., Rēzeknes nov., LV-4630",
    "vzd_kods": "105508276",
    "plana_lat": 56.373871,
    "plana_lon": 27.135889,
    "koord_teksts": "56.373871|27.135889",
    "karodzini": [],
    "vietas": 150,
    "gultas": 0,
    "edinasana": "nav",
    "izvilkuma_piezime": "Ēkas tips: Kultūras nams; telpu veids: Zāle, kabineti",
    "komentars": "Avots: Rēzeknes CA plāns, lpp. 80 · 150 vietas",
    "id": "rezekne-izm-53"
   },
   "geometry": {
    "type": "Point",
    "coordinates": [
     27.135889,
     56.373871
    ]
   }
  },
  {
   "type": "Feature",
   "properties": {
    "kategorija": "izmitinasana",
    "nosaukums": "Silmalas pagasta Kruku kultūras nams",
    "adrese": "Miera iela 4, Kruki, Silmalas pag., Rēzeknes nov., LV-4636",
    "pasvaldiba": "Rēzekne",
    "pasvaldiba_slug": "rezekne",
    "nr_plana": 54,
    "avots_teksts": "Avots: Rēzeknes CA plāns, lpp. 80",
    "plans_url": "https://rezekne.lv/wp-content/uploads/2024/03/Rezeknes-valstspilsetas-un-Rezeknes-novada-sadarbibas-teritorijas-Civilas-aizsardzibas-plans.pdf",
    "plans_fails": "Rezeknes-valstspilsetas-un-Rezeknes-novada-sadarbibas-teritorijas-Civilas-aizsardzibas-plans.md",
    "lpp": 80,
    "citats": "|54.|Silmalas<br>pagasta<br>Kruku<br>kultūras<br>nams|Kultūras<br>nams|Miera<br>iela<br>4,<br>Kruki, Silmalas<br>pag., Rēzeknes<br>nov., LV-4636|56.410229|27.000098|Zāle,<br>kabineti|100|nav|nav|",
    "izdevejs": "Rēzekne (pašvaldība)",
    "geokodesana": "plan_coords",
    "adrese_vzd": "Miera iela 4, Kruki, Silmalas pag., Rēzeknes nov., LV-4636",
    "vzd_kods": "105709741",
    "plana_lat": 56.410229,
    "plana_lon": 27.000098,
    "koord_teksts": "56.410229|27.000098",
    "karodzini": [],
    "vietas": 100,
    "gultas": 0,
    "edinasana": "nav",
    "izvilkuma_piezime": "Ēkas tips: Kultūras nams; telpu veids: Zāle, kabineti",
    "komentars": "Avots: Rēzeknes CA plāns, lpp. 80 · 100 vietas",
    "id": "rezekne-izm-54"
   },
   "geometry": {
    "type": "Point",
    "coordinates": [
     27.000098,
     56.410229
    ]
   }
  },
  {
   "type": "Feature",
   "properties": {
    "kategorija": "izmitinasana",
    "nosaukums": "Tiskādu vidusskola",
    "adrese": "Parka iela 4, Vecružinas ciems, Silmalas pagasts, Rēzeknes novads, LV-4636",
    "pasvaldiba": "Rēzekne",
    "pasvaldiba_slug": "rezekne",
    "nr_plana": 55,
    "avots_teksts": "Avots: Rēzeknes CA plāns, lpp. 81",
    "plans_url": "https://rezekne.lv/wp-content/uploads/2024/03/Rezeknes-valstspilsetas-un-Rezeknes-novada-sadarbibas-teritorijas-Civilas-aizsardzibas-plans.pdf",
    "plans_fails": "Rezeknes-valstspilsetas-un-Rezeknes-novada-sadarbibas-teritorijas-Civilas-aizsardzibas-plans.md",
    "lpp": 81,
    "citats": "|55.|Tiskādu<br>vidusskola|Izglītības<br>iestāde|Parka<br>iela<br>4,<br>Vecružinas<br>ciems, Silmalas<br>pagasts,<br>Rēzeknes<br>novads,<br>LV-<br>4636|56.441771|27.085185|Sporta<br>zāle; aktu<br>zāle;<br>mācību<br>klases|150|ir|nav|",
    "izdevejs": "Rēzekne (pašvaldība)",
    "geokodesana": "plan_coords",
    "adrese_vzd": "Parka iela 4, Vecružina, Silmalas pag., Rēzeknes nov., LV-4636",
    "vzd_kods": "105508637",
    "plana_lat": 56.441771,
    "plana_lon": 27.085185,
    "koord_teksts": "56.441771|27.085185",
    "karodzini": [],
    "vietas": 150,
    "gultas": 0,
    "edinasana": "ir",
    "izvilkuma_piezime": "Ēkas tips: Izglītības iestāde; telpu veids: Sporta zāle; aktu zāle; mācību klases",
    "komentars": "Avots: Rēzeknes CA plāns, lpp. 81 · 150 vietas",
    "id": "rezekne-izm-55"
   },
   "geometry": {
    "type": "Point",
    "coordinates": [
     27.085185,
     56.441771
    ]
   }
  },
  {
   "type": "Feature",
   "properties": {
    "kategorija": "izmitinasana",
    "nosaukums": "Silmalas pagasta Ružinas kultūras nams",
    "adrese": "Jaunatnes iela 3, Vecružina, Silmalas pag., Rēzeknes nov., LV-4636",
    "pasvaldiba": "Rēzekne",
    "pasvaldiba_slug": "rezekne",
    "nr_plana": 56,
    "avots_teksts": "Avots: Rēzeknes CA plāns, lpp. 81",
    "plans_url": "https://rezekne.lv/wp-content/uploads/2024/03/Rezeknes-valstspilsetas-un-Rezeknes-novada-sadarbibas-teritorijas-Civilas-aizsardzibas-plans.pdf",
    "plans_fails": "Rezeknes-valstspilsetas-un-Rezeknes-novada-sadarbibas-teritorijas-Civilas-aizsardzibas-plans.md",
    "lpp": 81,
    "citats": "|56.|Silmalas<br>pagasta<br>Ružinas<br>kultūras<br>nams|Kultūras<br>nams|Jaunatnes iela 3,<br>Vecružina,<br>Silmalas<br>pag.,<br>Rēzeknes nov.,<br>LV-4636|56.444012|27.098473|Zāle,<br>kabineti|50|nav|nav|",
    "izdevejs": "Rēzekne (pašvaldība)",
    "geokodesana": "plan_coords",
    "adrese_vzd": "Jaunatnes iela 3, Vecružina, Silmalas pag., Rēzeknes nov., LV-4636",
    "vzd_kods": "105508991",
    "plana_lat": 56.444012,
    "plana_lon": 27.098473,
    "koord_teksts": "56.444012|27.098473",
    "karodzini": [],
    "vietas": 50,
    "gultas": 0,
    "edinasana": "nav",
    "izvilkuma_piezime": "Ēkas tips: Kultūras nams; telpu veids: Zāle, kabineti",
    "komentars": "Avots: Rēzeknes CA plāns, lpp. 81 · 50 vietas",
    "id": "rezekne-izm-56"
   },
   "geometry": {
    "type": "Point",
    "coordinates": [
     27.098473,
     56.444012
    ]
   }
  },
  {
   "type": "Feature",
   "properties": {
    "kategorija": "izmitinasana",
    "nosaukums": "Silmalas pagasta Štikānu klubs",
    "adrese": "Preiļu iela 9, Štikāni, Silmalas pag., Rēzeknes nov., LV-4636",
    "pasvaldiba": "Rēzekne",
    "pasvaldiba_slug": "rezekne",
    "nr_plana": 57,
    "avots_teksts": "Avots: Rēzeknes CA plāns, lpp. 81",
    "plans_url": "https://rezekne.lv/wp-content/uploads/2024/03/Rezeknes-valstspilsetas-un-Rezeknes-novada-sadarbibas-teritorijas-Civilas-aizsardzibas-plans.pdf",
    "plans_fails": "Rezeknes-valstspilsetas-un-Rezeknes-novada-sadarbibas-teritorijas-Civilas-aizsardzibas-plans.md",
    "lpp": 81,
    "citats": "|57.|Silmalas<br>pagasta<br>Štikānu<br>klubs|Kultūras<br>nams|Preiļu<br>iela<br>9,<br>Štikāni, Silmalas<br>pag., Rēzeknes<br>nov., LV-4636|56.361406|27.005903|Zāle,<br>kabineti|80|nav|nav|",
    "izdevejs": "Rēzekne (pašvaldība)",
    "geokodesana": "plan_coords",
    "adrese_vzd": "Preiļu iela 9, Štikāni, Silmalas pag., Rēzeknes nov., LV-4636",
    "vzd_kods": "105513591",
    "plana_lat": 56.361406,
    "plana_lon": 27.005903,
    "koord_teksts": "56.361406|27.005903",
    "karodzini": [],
    "vietas": 80,
    "gultas": 0,
    "edinasana": "nav",
    "izvilkuma_piezime": "Ēkas tips: Kultūras nams; telpu veids: Zāle, kabineti",
    "komentars": "Avots: Rēzeknes CA plāns, lpp. 81 · 80 vietas",
    "id": "rezekne-izm-57"
   },
   "geometry": {
    "type": "Point",
    "coordinates": [
     27.005903,
     56.361406
    ]
   }
  },
  {
   "type": "Feature",
   "properties": {
    "kategorija": "izmitinasana",
    "nosaukums": "Rēznas pamatskola",
    "adrese": "Skolas iela 2, Stoļerova, Stoļerovas pag., Rēzeknes nov., LV-4642",
    "pasvaldiba": "Rēzekne",
    "pasvaldiba_slug": "rezekne",
    "nr_plana": 58,
    "avots_teksts": "Avots: Rēzeknes CA plāns, lpp. 81",
    "plans_url": "https://rezekne.lv/wp-content/uploads/2024/03/Rezeknes-valstspilsetas-un-Rezeknes-novada-sadarbibas-teritorijas-Civilas-aizsardzibas-plans.pdf",
    "plans_fails": "Rezeknes-valstspilsetas-un-Rezeknes-novada-sadarbibas-teritorijas-Civilas-aizsardzibas-plans.md",
    "lpp": 81,
    "citats": "|58.|Rēznas<br>pamatskola|Izglītības<br>iestāde|Skolas iela 2,<br>Stoļerova,<br>Stoļerovas pag.,<br>Rēzeknes nov.,<br>LV-4642|56.435215|27.552038|Sporta<br>zāle; aktu<br>zāle;<br>mācību<br>klases|180|ir|nav|",
    "izdevejs": "Rēzekne (pašvaldība)",
    "geokodesana": "plan_coords",
    "adrese_vzd": "Skolas iela 2, Stoļerova, Stoļerovas pag., Rēzeknes nov., LV-4642",
    "vzd_kods": "104215360",
    "plana_lat": 56.435215,
    "plana_lon": 27.552038,
    "koord_teksts": "56.435215|27.552038",
    "karodzini": [],
    "vietas": 180,
    "gultas": 0,
    "edinasana": "ir",
    "izvilkuma_piezime": "Ēkas tips: Izglītības iestāde; telpu veids: Sporta zāle; aktu zāle; mācību klases",
    "komentars": "Avots: Rēzeknes CA plāns, lpp. 81 · 180 vietas",
    "dublikati": [
     "Stoļerovas pagasta saietu nams (nr. 59, lpp. 81)"
    ],
    "id": "rezekne-izm-58"
   },
   "geometry": {
    "type": "Point",
    "coordinates": [
     27.552038,
     56.435215
    ]
   }
  },
  {
   "type": "Feature",
   "properties": {
    "kategorija": "izmitinasana",
    "nosaukums": "Stružānu pagasta kultūras nams",
    "adrese": "Miera iela 14, Strūžāni, Stružānu pag., Rēzeknes nov., LV-4643",
    "pasvaldiba": "Rēzekne",
    "pasvaldiba_slug": "rezekne",
    "nr_plana": 60,
    "avots_teksts": "Avots: Rēzeknes CA plāns, lpp. 81",
    "plans_url": "https://rezekne.lv/wp-content/uploads/2024/03/Rezeknes-valstspilsetas-un-Rezeknes-novada-sadarbibas-teritorijas-Civilas-aizsardzibas-plans.pdf",
    "plans_fails": "Rezeknes-valstspilsetas-un-Rezeknes-novada-sadarbibas-teritorijas-Civilas-aizsardzibas-plans.md",
    "lpp": 81,
    "citats": "|60.|Stružānu<br>pagasta<br>kultūras<br>nams|Kultūras<br>nams|Miera iela 14,<br>Strūžāni,<br>Stružānu<br>pag.,<br>Rēzeknes nov.,<br>LV-4643|56.695552|27.237398|Zāle,<br>kabineti|400|nav|nav|",
    "izdevejs": "Rēzekne (pašvaldība)",
    "geokodesana": "plan_coords",
    "adrese_vzd": "Miera iela 14, Strūžāni, Stružānu pag., Rēzeknes nov., LV-4643",
    "vzd_kods": "102138775",
    "plana_lat": 56.695552,
    "plana_lon": 27.237398,
    "koord_teksts": "56.695552|27.237398",
    "karodzini": [],
    "vietas": 400,
    "gultas": 0,
    "edinasana": "nav",
    "izvilkuma_piezime": "Ēkas tips: Kultūras nams; telpu veids: Zāle, kabineti",
    "komentars": "Avots: Rēzeknes CA plāns, lpp. 81 · 400 vietas",
    "dublikati": [
     "Jaunstrūžānu pamatskola (nr. 61, lpp. 81)"
    ],
    "id": "rezekne-izm-59"
   },
   "geometry": {
    "type": "Point",
    "coordinates": [
     27.237398,
     56.695552
    ]
   }
  },
  {
   "type": "Feature",
   "properties": {
    "kategorija": "izmitinasana",
    "nosaukums": "Strūžānu pirmsskolas izglītības iestāde „Zvaniņš”",
    "adrese": "Miera iela 14A, Strūžāni, Stružānu pag., Rēzeknes nov., LV-4643",
    "pasvaldiba": "Rēzekne",
    "pasvaldiba_slug": "rezekne",
    "nr_plana": 62,
    "avots_teksts": "Avots: Rēzeknes CA plāns, lpp. 81",
    "plans_url": "https://rezekne.lv/wp-content/uploads/2024/03/Rezeknes-valstspilsetas-un-Rezeknes-novada-sadarbibas-teritorijas-Civilas-aizsardzibas-plans.pdf",
    "plans_fails": "Rezeknes-valstspilsetas-un-Rezeknes-novada-sadarbibas-teritorijas-Civilas-aizsardzibas-plans.md",
    "lpp": 81,
    "citats": "|62.|Strūžānu<br>pirmsskolas<br>izglītības<br>iestāde<br>„Zvaniņš”|Izglītības<br>iestāde|Miera iela 14A,<br>Strūžāni,<br>Stružānu<br>pag.,<br>Rēzeknes nov.,<br>LV-4643|56.694838|27.238254|mācību<br>klases|80|ir|nav|",
    "izdevejs": "Rēzekne (pašvaldība)",
    "geokodesana": "plan_coords",
    "adrese_vzd": "Miera iela 14A, Strūžāni, Stružānu pag., Rēzeknes nov., LV-4643",
    "vzd_kods": "105223476",
    "plana_lat": 56.694838,
    "plana_lon": 27.238254,
    "koord_teksts": "56.694838|27.238254",
    "karodzini": [],
    "vietas": 80,
    "gultas": 0,
    "edinasana": "ir",
    "izvilkuma_piezime": "Ēkas tips: Izglītības iestāde; telpu veids: mācību klases",
    "komentars": "Avots: Rēzeknes CA plāns, lpp. 81 · 80 vietas",
    "id": "rezekne-izm-60"
   },
   "geometry": {
    "type": "Point",
    "coordinates": [
     27.238254,
     56.694838
    ]
   }
  },
  {
   "type": "Feature",
   "properties": {
    "kategorija": "izmitinasana",
    "nosaukums": "Lūcijas Rancānes Makašānu Amatu vidusskola",
    "adrese": "``Makašānu amatu vidusskola``, Iugulova, Vērēmu pag., Rēzeknes nov., LV-4604",
    "pasvaldiba": "Rēzekne",
    "pasvaldiba_slug": "rezekne",
    "nr_plana": 63,
    "avots_teksts": "Avots: Rēzeknes CA plāns, lpp. 81",
    "plans_url": "https://rezekne.lv/wp-content/uploads/2024/03/Rezeknes-valstspilsetas-un-Rezeknes-novada-sadarbibas-teritorijas-Civilas-aizsardzibas-plans.pdf",
    "plans_fails": "Rezeknes-valstspilsetas-un-Rezeknes-novada-sadarbibas-teritorijas-Civilas-aizsardzibas-plans.md",
    "lpp": 81,
    "citats": "|63.|Lūcijas<br>Rancānes<br>Makašānu<br>Amatu<br>vidusskola|Izglītības<br>iestāde|``Makašānu<br>amatu<br>vidusskola``,<br>Iugulova,<br>Vērēmu<br>pag.,<br>Rēzeknes nov.,<br>LV-4604|56.583976|27.315891|Sporta<br>zāle; aktu<br>zāle;<br>mācību<br>klases|90|ir|90|",
    "izdevejs": "Rēzekne (pašvaldība)",
    "geokodesana": "plan_coords",
    "adrese_vzd": "\"Makašānu amatu vidusskola\", Iugulova, Vērēmu pag., Rēzeknes nov., LV-4604",
    "vzd_kods": "103370966",
    "plana_lat": 56.583976,
    "plana_lon": 27.315891,
    "koord_teksts": "56.583976|27.315891",
    "karodzini": [],
    "vietas": 90,
    "gultas": 90,
    "edinasana": "ir",
    "izvilkuma_piezime": "Ēkas tips: Izglītības iestāde; telpu veids: Sporta zāle; aktu zāle; mācību klases",
    "komentars": "Avots: Rēzeknes CA plāns, lpp. 81 · 90 vietas",
    "id": "rezekne-izm-61"
   },
   "geometry": {
    "type": "Point",
    "coordinates": [
     27.315891,
     56.583976
    ]
   }
  },
  {
   "type": "Feature",
   "properties": {
    "kategorija": "izmitinasana",
    "nosaukums": "Verēmu pamatskola",
    "adrese": "``Verēmu pamatskola``, Škeņeva, Vērēmu pag., Rēzeknes nov., LV-4647",
    "pasvaldiba": "Rēzekne",
    "pasvaldiba_slug": "rezekne",
    "nr_plana": 64,
    "avots_teksts": "Avots: Rēzeknes CA plāns, lpp. 82",
    "plans_url": "https://rezekne.lv/wp-content/uploads/2024/03/Rezeknes-valstspilsetas-un-Rezeknes-novada-sadarbibas-teritorijas-Civilas-aizsardzibas-plans.pdf",
    "plans_fails": "Rezeknes-valstspilsetas-un-Rezeknes-novada-sadarbibas-teritorijas-Civilas-aizsardzibas-plans.md",
    "lpp": 82,
    "citats": "|64.|Verēmu<br>pamatskola|Izglītības<br>iestāde|``Verēmu<br>pamatskola``,<br>Škeņeva,<br>Vērēmu<br>pag.,<br>Rēzeknes nov.,<br>LV-4647|56.574531|27.366472|Sporta<br>zāle; aktu<br>zāle;<br>mācību<br>klases|30|ir|30|",
    "izdevejs": "Rēzekne (pašvaldība)",
    "geokodesana": "plan_coords",
    "adrese_vzd": null,
    "vzd_kods": null,
    "plana_lat": 56.574531,
    "plana_lon": 27.366472,
    "koord_teksts": "56.574531|27.366472",
    "karodzini": [],
    "vietas": 30,
    "gultas": 30,
    "edinasana": "ir",
    "izvilkuma_piezime": "Ēkas tips: Izglītības iestāde; telpu veids: Sporta zāle; aktu zāle; mācību klases",
    "komentars": "Avots: Rēzeknes CA plāns, lpp. 82 · 30 vietas",
    "id": "rezekne-izm-62"
   },
   "geometry": {
    "type": "Point",
    "coordinates": [
     27.366472,
     56.574531
    ]
   }
  },
  {
   "type": "Feature",
   "properties": {
    "kategorija": "izmitinasana",
    "nosaukums": "Vērēmu pagasta tautas nams",
    "adrese": "Jāņa Zvīdra iela 4, Sondori, Vērēmu pag., Rēzeknes nov., LV-4647",
    "pasvaldiba": "Rēzekne",
    "pasvaldiba_slug": "rezekne",
    "nr_plana": 65,
    "avots_teksts": "Avots: Rēzeknes CA plāns, lpp. 82",
    "plans_url": "https://rezekne.lv/wp-content/uploads/2024/03/Rezeknes-valstspilsetas-un-Rezeknes-novada-sadarbibas-teritorijas-Civilas-aizsardzibas-plans.pdf",
    "plans_fails": "Rezeknes-valstspilsetas-un-Rezeknes-novada-sadarbibas-teritorijas-Civilas-aizsardzibas-plans.md",
    "lpp": 82,
    "citats": "|65.|Vērēmu<br>pagasta<br>tautas nams|Kultūras<br>nams|Jāņa Zvīdra iela<br>4,<br>Sondori,<br>Vērēmu<br>pag.,<br>Rēzeknes nov.,<br>LV-4647|56.572331|27.370145|Zāle,<br>kabineti|40|nav|40|",
    "izdevejs": "Rēzekne (pašvaldība)",
    "geokodesana": "plan_coords",
    "adrese_vzd": null,
    "vzd_kods": null,
    "plana_lat": 56.572331,
    "plana_lon": 27.370145,
    "koord_teksts": "56.572331|27.370145",
    "karodzini": [],
    "vietas": 40,
    "gultas": 40,
    "edinasana": "nav",
    "izvilkuma_piezime": "Ēkas tips: Kultūras nams; telpu veids: Zāle, kabineti",
    "komentars": "Avots: Rēzeknes CA plāns, lpp. 82 · 40 vietas",
    "id": "rezekne-izm-63"
   },
   "geometry": {
    "type": "Point",
    "coordinates": [
     27.370145,
     56.572331
    ]
   }
  },
  {
   "type": "Feature",
   "properties": {
    "kategorija": "izmitinasana",
    "nosaukums": "Dekšāres pamatskola",
    "adrese": "Nākotnes iela 2, “Dekšāres”, Dekšāres pagasts, Rēzeknes novads",
    "pasvaldiba": "Rēzekne",
    "pasvaldiba_slug": "rezekne",
    "nr_plana": 66,
    "avots_teksts": "Avots: Rēzeknes CA plāns, lpp. 82",
    "plans_url": "https://rezekne.lv/wp-content/uploads/2024/03/Rezeknes-valstspilsetas-un-Rezeknes-novada-sadarbibas-teritorijas-Civilas-aizsardzibas-plans.pdf",
    "plans_fails": "Rezeknes-valstspilsetas-un-Rezeknes-novada-sadarbibas-teritorijas-Civilas-aizsardzibas-plans.md",
    "lpp": 82,
    "citats": "|66.|Dekšāres<br>pamatskola|Izglītības<br>iestāde|Nākotnes iela 2,<br>“Dekšāres”,<br>Dekšāres<br>pagasts,<br>Rēzeknes<br>novads|56.572079|26.801982|Sporta<br>zāle; aktu<br>zāle;<br>mācību<br>klases;<br>kopmītnes<br>u.c. telpas|300|ir|nav|",
    "izdevejs": "Rēzekne (pašvaldība)",
    "geokodesana": "plan_coords",
    "adrese_vzd": "Nākotnes iela 2, Dekšāres, Dekšāres pag., Rēzeknes nov., LV-4614",
    "vzd_kods": "105745021",
    "plana_lat": 56.572079,
    "plana_lon": 26.801982,
    "koord_teksts": "56.572079|26.801982",
    "karodzini": [],
    "vietas": 300,
    "gultas": 0,
    "edinasana": "ir",
    "izvilkuma_piezime": "Ēkas tips: Izglītības iestāde; telpu veids: Sporta zāle; aktu zāle; mācību klases; kopmītnes u.c. telpas",
    "komentars": "Avots: Rēzeknes CA plāns, lpp. 82 · 300 vietas",
    "id": "rezekne-izm-64"
   },
   "geometry": {
    "type": "Point",
    "coordinates": [
     26.801982,
     56.572079
    ]
   }
  },
  {
   "type": "Feature",
   "properties": {
    "kategorija": "izmitinasana",
    "nosaukums": "Dzīvojamā ēka",
    "adrese": "Mehanizatoru iela 24A, Viļāni, Rēzeknes nov., LV-4650",
    "pasvaldiba": "Rēzekne",
    "pasvaldiba_slug": "rezekne",
    "nr_plana": 67,
    "avots_teksts": "Avots: Rēzeknes CA plāns, lpp. 82",
    "plans_url": "https://rezekne.lv/wp-content/uploads/2024/03/Rezeknes-valstspilsetas-un-Rezeknes-novada-sadarbibas-teritorijas-Civilas-aizsardzibas-plans.pdf",
    "plans_fails": "Rezeknes-valstspilsetas-un-Rezeknes-novada-sadarbibas-teritorijas-Civilas-aizsardzibas-plans.md",
    "lpp": 82,
    "citats": "|67.|Dzīvojamā<br>ēka|Izglītības<br>iestāde|Mehanizatoru<br>iela 24A, Viļāni,<br>Rēzeknes nov.,<br>LV-4650|56.544417|26.932853|kopmītnes|200|nav|ir|",
    "izdevejs": "Rēzekne (pašvaldība)",
    "geokodesana": "plan_coords",
    "adrese_vzd": "Mehanizatoru iela 24A, Viļāni, Rēzeknes nov., LV-4650",
    "vzd_kods": "106760954",
    "plana_lat": 56.544417,
    "plana_lon": 26.932853,
    "koord_teksts": "56.544417|26.932853",
    "karodzini": [],
    "vietas": 200,
    "gultas": null,
    "edinasana": "nav",
    "izvilkuma_piezime": "Ēkas tips: Izglītības iestāde; telpu veids: kopmītnes; 'Guļamvietas' = 'ir'",
    "komentars": "Avots: Rēzeknes CA plāns, lpp. 82 · 200 vietas",
    "id": "rezekne-izm-65"
   },
   "geometry": {
    "type": "Point",
    "coordinates": [
     26.932853,
     56.544417
    ]
   }
  },
  {
   "type": "Feature",
   "properties": {
    "kategorija": "izmitinasana",
    "nosaukums": "Dekšāres pagasta administratīv ā ēka",
    "adrese": "Nākotnes 6, Dekšāres, Dekšāres pag., Rēzeknes novads",
    "pasvaldiba": "Rēzekne",
    "pasvaldiba_slug": "rezekne",
    "nr_plana": 68,
    "avots_teksts": "Avots: Rēzeknes CA plāns, lpp. 82",
    "plans_url": "https://rezekne.lv/wp-content/uploads/2024/03/Rezeknes-valstspilsetas-un-Rezeknes-novada-sadarbibas-teritorijas-Civilas-aizsardzibas-plans.pdf",
    "plans_fails": "Rezeknes-valstspilsetas-un-Rezeknes-novada-sadarbibas-teritorijas-Civilas-aizsardzibas-plans.md",
    "lpp": 82,
    "citats": "|68.|Dekšāres<br>pagasta<br>administratīv<br>ā ēka|Pašvaldī<br>bas<br>iestādes<br>biroja<br>ēka|Nākotnes<br>6,<br>Dekšāres,<br>Dekšāres<br>pag.,<br>Rēzeknes<br>novads|56.571678|26.805541|aktu zāle,<br>kabineti|200|ir|nav|",
    "izdevejs": "Rēzekne (pašvaldība)",
    "geokodesana": "plan_coords",
    "adrese_vzd": "Nākotnes iela 6, Dekšāres, Dekšāres pag., Rēzeknes nov., LV-4614",
    "vzd_kods": "101322627",
    "plana_lat": 56.571678,
    "plana_lon": 26.805541,
    "koord_teksts": "56.571678|26.805541",
    "karodzini": [],
    "vietas": 200,
    "gultas": 0,
    "edinasana": "ir",
    "izvilkuma_piezime": "Ēkas tips: Pašvaldī bas iestādes biroja ēka; telpu veids: aktu zāle, kabineti",
    "komentars": "Avots: Rēzeknes CA plāns, lpp. 82 · 200 vietas",
    "id": "rezekne-izm-66"
   },
   "geometry": {
    "type": "Point",
    "coordinates": [
     26.805541,
     56.571678
    ]
   }
  },
  {
   "type": "Feature",
   "properties": {
    "kategorija": "izmitinasana",
    "nosaukums": "Viļānu kultūras nams",
    "adrese": "Kultūras laukums 2, Viļāni,",
    "pasvaldiba": "Rēzekne",
    "pasvaldiba_slug": "rezekne",
    "nr_plana": 69,
    "avots_teksts": "Avots: Rēzeknes CA plāns, lpp. 82",
    "plans_url": "https://rezekne.lv/wp-content/uploads/2024/03/Rezeknes-valstspilsetas-un-Rezeknes-novada-sadarbibas-teritorijas-Civilas-aizsardzibas-plans.pdf",
    "plans_fails": "Rezeknes-valstspilsetas-un-Rezeknes-novada-sadarbibas-teritorijas-Civilas-aizsardzibas-plans.md",
    "lpp": 82,
    "citats": "|69.|Viļānu<br>kultūras<br>nams|Kultūras<br>pasākum<br>u telpas|Kultūras<br>laukums<br>2,<br>Viļāni,|56.550769|86.923316|Zāle|500|nav|nav|",
    "izdevejs": "Rēzekne (pašvaldība)",
    "geokodesana": "varis_address",
    "adrese_vzd": "Kultūras laukums 2, Viļāni, Rēzeknes nov., LV-4650",
    "vzd_kods": "102135310",
    "plana_lat": 56.550769,
    "plana_lon": 86.923316,
    "koord_teksts": "56.550769|86.923316",
    "karodzini": [
     "plan_coordinate_error"
    ],
    "vietas": 500,
    "gultas": 0,
    "edinasana": "nav",
    "izvilkuma_piezime": "Ēkas tips: Kultūras pasākum u telpas; telpu veids: Zāle; coordinates as written are outside Latvia (lon 86.92, likely typo for 26.92)",
    "komentars": "Avots: Rēzeknes CA plāns, lpp. 82 · 500 vietas · plāna koordinātas kļūdainas, vieta noteikta pēc adreses (VZD)",
    "id": "rezekne-izm-67"
   },
   "geometry": {
    "type": "Point",
    "coordinates": [
     26.923726,
     56.550849
    ]
   }
  },
  {
   "type": "Feature",
   "properties": {
    "kategorija": "izmitinasana",
    "nosaukums": "Sokolku pagasta administratīv ā ēka",
    "adrese": "``Pagasta administratīvā ēka``, Strupļi, Sokolku pag., Rēzeknes nov., LV-4640",
    "pasvaldiba": "Rēzekne",
    "pasvaldiba_slug": "rezekne",
    "nr_plana": 70,
    "avots_teksts": "Avots: Rēzeknes CA plāns, lpp. 82",
    "plans_url": "https://rezekne.lv/wp-content/uploads/2024/03/Rezeknes-valstspilsetas-un-Rezeknes-novada-sadarbibas-teritorijas-Civilas-aizsardzibas-plans.pdf",
    "plans_fails": "Rezeknes-valstspilsetas-un-Rezeknes-novada-sadarbibas-teritorijas-Civilas-aizsardzibas-plans.md",
    "lpp": 82,
    "citats": "|70.|Sokolku<br>pagasta<br>administratīv<br>ā ēka|Pašvaldī<br>bas<br>iestādes<br>biroja<br>ēka|``Pagasta<br>administratīvā<br>ēka``,<br>Strupļi,<br>Sokolku<br>pag.,<br>Rēzeknes nov.,<br>LV-4640|56.514364|26.987494|kabineti|200|nav|nav|",
    "izdevejs": "Rēzekne (pašvaldība)",
    "geokodesana": "plan_coords",
    "adrese_vzd": "\"Pagasta administratīvā ēka\", Strupļi, Sokolku pag., Rēzeknes nov., LV-4640",
    "vzd_kods": "105863537",
    "plana_lat": 56.514364,
    "plana_lon": 26.987494,
    "koord_teksts": "56.514364|26.987494",
    "karodzini": [],
    "vietas": 200,
    "gultas": 0,
    "edinasana": "nav",
    "izvilkuma_piezime": "Ēkas tips: Pašvaldī bas iestādes biroja ēka; telpu veids: kabineti",
    "komentars": "Avots: Rēzeknes CA plāns, lpp. 82 · 200 vietas",
    "id": "rezekne-izm-68"
   },
   "geometry": {
    "type": "Point",
    "coordinates": [
     26.987494,
     56.514364
    ]
   }
  },
  {
   "type": "Feature",
   "properties": {
    "kategorija": "izmitinasana",
    "nosaukums": "Sokolku pagasta klubs",
    "adrese": "``Gaisma``, Strupļi, Sokolku pag., Rēzeknes nov., LV-4640",
    "pasvaldiba": "Rēzekne",
    "pasvaldiba_slug": "rezekne",
    "nr_plana": 71,
    "avots_teksts": "Avots: Rēzeknes CA plāns, lpp. 82",
    "plans_url": "https://rezekne.lv/wp-content/uploads/2024/03/Rezeknes-valstspilsetas-un-Rezeknes-novada-sadarbibas-teritorijas-Civilas-aizsardzibas-plans.pdf",
    "plans_fails": "Rezeknes-valstspilsetas-un-Rezeknes-novada-sadarbibas-teritorijas-Civilas-aizsardzibas-plans.md",
    "lpp": 82,
    "citats": "|71.|Sokolku<br>pagasta<br>klubs|Kultūras<br>pasākum<br>u telpas|``Gaisma``,<br>Strupļi, Sokolku<br>pag., Rēzeknes<br>nov., LV-4640|56.514140|26.986678|Zāle|200|nav|nav|",
    "izdevejs": "Rēzekne (pašvaldība)",
    "geokodesana": "plan_coords",
    "adrese_vzd": "\"Gaisma\", Strupļi, Sokolku pag., Rēzeknes nov., LV-4640",
    "vzd_kods": "105618792",
    "plana_lat": 56.51414,
    "plana_lon": 26.986678,
    "koord_teksts": "56.514140|26.986678",
    "karodzini": [],
    "vietas": 200,
    "gultas": 0,
    "edinasana": "nav",
    "izvilkuma_piezime": "Ēkas tips: Kultūras pasākum u telpas; telpu veids: Zāle",
    "komentars": "Avots: Rēzeknes CA plāns, lpp. 82 · 200 vietas",
    "id": "rezekne-izm-69"
   },
   "geometry": {
    "type": "Point",
    "coordinates": [
     26.986678,
     56.51414
    ]
   }
  },
  {
   "type": "Feature",
   "properties": {
    "kategorija": "izmitinasana",
    "nosaukums": "Rēzeknes PII „Rotaļa”",
    "adrese": "V.Seiles iela 17, Rēzekne",
    "pasvaldiba": "Rēzekne",
    "pasvaldiba_slug": "rezekne",
    "nr_plana": 72,
    "avots_teksts": "Avots: Rēzeknes CA plāns, lpp. 82",
    "plans_url": "https://rezekne.lv/wp-content/uploads/2024/03/Rezeknes-valstspilsetas-un-Rezeknes-novada-sadarbibas-teritorijas-Civilas-aizsardzibas-plans.pdf",
    "plans_fails": "Rezeknes-valstspilsetas-un-Rezeknes-novada-sadarbibas-teritorijas-Civilas-aizsardzibas-plans.md",
    "lpp": 82,
    "citats": "|72.|Rēzeknes PII<br>„Rotaļa”|Izglītības<br>iestāde|V.Seiles iela 17,<br>Rēzekne|56.507395|27.326216|aktu zāle|50|nav|nav|",
    "izdevejs": "Rēzekne (pašvaldība)",
    "geokodesana": "plan_coords",
    "adrese_vzd": "V. Seiles iela 17, Rēzekne, LV-4601",
    "vzd_kods": "102391086",
    "plana_lat": 56.507395,
    "plana_lon": 27.326216,
    "koord_teksts": "56.507395|27.326216",
    "karodzini": [],
    "vietas": 50,
    "gultas": 0,
    "edinasana": "nav",
    "izvilkuma_piezime": "Ēkas tips: Izglītības iestāde; telpu veids: aktu zāle",
    "komentars": "Avots: Rēzeknes CA plāns, lpp. 82 · 50 vietas",
    "id": "rezekne-izm-70"
   },
   "geometry": {
    "type": "Point",
    "coordinates": [
     27.326216,
     56.507395
    ]
   }
  },
  {
   "type": "Feature",
   "properties": {
    "kategorija": "izmitinasana",
    "nosaukums": "Rēzeknes PII „Rūķītis”",
    "adrese": "Kooperatīva šķērsiela 4, Rēzekne",
    "pasvaldiba": "Rēzekne",
    "pasvaldiba_slug": "rezekne",
    "nr_plana": 73,
    "avots_teksts": "Avots: Rēzeknes CA plāns, lpp. 82",
    "plans_url": "https://rezekne.lv/wp-content/uploads/2024/03/Rezeknes-valstspilsetas-un-Rezeknes-novada-sadarbibas-teritorijas-Civilas-aizsardzibas-plans.pdf",
    "plans_fails": "Rezeknes-valstspilsetas-un-Rezeknes-novada-sadarbibas-teritorijas-Civilas-aizsardzibas-plans.md",
    "lpp": 82,
    "citats": "|73.|Rēzeknes PII<br>„Rūķītis”|Izglītības<br>iestāde|Kooperatīva<br>šķērsiela 4,<br>Rēzekne|56.51352|27.328433|aktu zāle,<br>mācību<br>klases|250|ir|nav|",
    "izdevejs": "Rēzekne (pašvaldība)",
    "geokodesana": "plan_coords",
    "adrese_vzd": "Kooperatīva šķērsiela 4, Rēzekne, LV-4601",
    "vzd_kods": "102388168",
    "plana_lat": 56.51352,
    "plana_lon": 27.328433,
    "koord_teksts": "56.51352|27.328433",
    "karodzini": [],
    "vietas": 250,
    "gultas": 0,
    "edinasana": "ir",
    "izvilkuma_piezime": "Ēkas tips: Izglītības iestāde; telpu veids: aktu zāle, mācību klases",
    "komentars": "Avots: Rēzeknes CA plāns, lpp. 82 · 250 vietas",
    "id": "rezekne-izm-71"
   },
   "geometry": {
    "type": "Point",
    "coordinates": [
     27.328433,
     56.51352
    ]
   }
  },
  {
   "type": "Feature",
   "properties": {
    "kategorija": "izmitinasana",
    "nosaukums": "Rēzeknes 3. pamatskola",
    "adrese": "18. novembra iela 33, Rēzekne",
    "pasvaldiba": "Rēzekne",
    "pasvaldiba_slug": "rezekne",
    "nr_plana": 74,
    "avots_teksts": "Avots: Rēzeknes CA plāns, lpp. 83",
    "plans_url": "https://rezekne.lv/wp-content/uploads/2024/03/Rezeknes-valstspilsetas-un-Rezeknes-novada-sadarbibas-teritorijas-Civilas-aizsardzibas-plans.pdf",
    "plans_fails": "Rezeknes-valstspilsetas-un-Rezeknes-novada-sadarbibas-teritorijas-Civilas-aizsardzibas-plans.md",
    "lpp": 83,
    "citats": "|74.|Rēzeknes 3.<br>pamatskola|Izglītības<br>iestāde|18. novembra<br>iela 33, Rēzekne|56.510021|27.335001|Sporta<br>zāle; aktu<br>zāle;<br>mācību<br>klases|300|ir|nav|",
    "izdevejs": "Rēzekne (pašvaldība)",
    "geokodesana": "plan_coords",
    "adrese_vzd": "18. novembra iela 33, Rēzekne, LV-4601",
    "vzd_kods": "102386043",
    "plana_lat": 56.510021,
    "plana_lon": 27.335001,
    "koord_teksts": "56.510021|27.335001",
    "karodzini": [],
    "vietas": 300,
    "gultas": 0,
    "edinasana": "ir",
    "izvilkuma_piezime": "Ēkas tips: Izglītības iestāde; telpu veids: Sporta zāle; aktu zāle; mācību klases",
    "komentars": "Avots: Rēzeknes CA plāns, lpp. 83 · 300 vietas",
    "id": "rezekne-izm-72"
   },
   "geometry": {
    "type": "Point",
    "coordinates": [
     27.335001,
     56.510021
    ]
   }
  },
  {
   "type": "Feature",
   "properties": {
    "kategorija": "izmitinasana",
    "nosaukums": "Rēzeknes 4.vidusskola",
    "adrese": "Viļānu iela 2, Rēzekne",
    "pasvaldiba": "Rēzekne",
    "pasvaldiba_slug": "rezekne",
    "nr_plana": 75,
    "avots_teksts": "Avots: Rēzeknes CA plāns, lpp. 83",
    "plans_url": "https://rezekne.lv/wp-content/uploads/2024/03/Rezeknes-valstspilsetas-un-Rezeknes-novada-sadarbibas-teritorijas-Civilas-aizsardzibas-plans.pdf",
    "plans_fails": "Rezeknes-valstspilsetas-un-Rezeknes-novada-sadarbibas-teritorijas-Civilas-aizsardzibas-plans.md",
    "lpp": 83,
    "citats": "|75.|Rēzeknes<br>4.vidusskola|Izglītības<br>iestāde|Viļānu iela 2,<br>Rēzekne|56.50324|27.322257|Sporta<br>zāle; aktu<br>zāle;<br>mācību<br>klases|200|ir|nav|",
    "izdevejs": "Rēzekne (pašvaldība)",
    "geokodesana": "plan_coords",
    "adrese_vzd": "Viļānu iela 2, Rēzekne, LV-4601",
    "vzd_kods": "102391510",
    "plana_lat": 56.50324,
    "plana_lon": 27.322257,
    "koord_teksts": "56.50324|27.322257",
    "karodzini": [],
    "vietas": 200,
    "gultas": 0,
    "edinasana": "ir",
    "izvilkuma_piezime": "Ēkas tips: Izglītības iestāde; telpu veids: Sporta zāle; aktu zāle; mācību klases",
    "komentars": "Avots: Rēzeknes CA plāns, lpp. 83 · 200 vietas",
    "id": "rezekne-izm-73"
   },
   "geometry": {
    "type": "Point",
    "coordinates": [
     27.322257,
     56.50324
    ]
   }
  },
  {
   "type": "Feature",
   "properties": {
    "kategorija": "izmitinasana",
    "nosaukums": "Rēzeknes 5. pamatskola",
    "adrese": "Rūpnīcas iela 11, Rēzekne",
    "pasvaldiba": "Rēzekne",
    "pasvaldiba_slug": "rezekne",
    "nr_plana": 76,
    "avots_teksts": "Avots: Rēzeknes CA plāns, lpp. 83",
    "plans_url": "https://rezekne.lv/wp-content/uploads/2024/03/Rezeknes-valstspilsetas-un-Rezeknes-novada-sadarbibas-teritorijas-Civilas-aizsardzibas-plans.pdf",
    "plans_fails": "Rezeknes-valstspilsetas-un-Rezeknes-novada-sadarbibas-teritorijas-Civilas-aizsardzibas-plans.md",
    "lpp": 83,
    "citats": "|76.|Rēzeknes 5.<br>pamatskola|Izglītības<br>iestāde|Rūpnīcas iela<br>11, Rēzekne|56.52595|27.349137|Sporta<br>zāle; aktu<br>zāle;<br>mācību<br>klases|100|ir|nav|",
    "izdevejs": "Rēzekne (pašvaldība)",
    "geokodesana": "plan_coords",
    "adrese_vzd": "Rūpnīcas iela 11, Rēzekne, LV-4604",
    "vzd_kods": "106499764",
    "plana_lat": 56.52595,
    "plana_lon": 27.349137,
    "koord_teksts": "56.52595|27.349137",
    "karodzini": [],
    "vietas": 100,
    "gultas": 0,
    "edinasana": "ir",
    "izvilkuma_piezime": "Ēkas tips: Izglītības iestāde; telpu veids: Sporta zāle; aktu zāle; mācību klases",
    "komentars": "Avots: Rēzeknes CA plāns, lpp. 83 · 100 vietas",
    "id": "rezekne-izm-74"
   },
   "geometry": {
    "type": "Point",
    "coordinates": [
     27.349137,
     56.52595
    ]
   }
  },
  {
   "type": "Feature",
   "properties": {
    "kategorija": "izmitinasana",
    "nosaukums": "Rēzeknes 6. pamatskola",
    "adrese": "Kosmonautu ielā 6, Rēzekne",
    "pasvaldiba": "Rēzekne",
    "pasvaldiba_slug": "rezekne",
    "nr_plana": 77,
    "avots_teksts": "Avots: Rēzeknes CA plāns, lpp. 83",
    "plans_url": "https://rezekne.lv/wp-content/uploads/2024/03/Rezeknes-valstspilsetas-un-Rezeknes-novada-sadarbibas-teritorijas-Civilas-aizsardzibas-plans.pdf",
    "plans_fails": "Rezeknes-valstspilsetas-un-Rezeknes-novada-sadarbibas-teritorijas-Civilas-aizsardzibas-plans.md",
    "lpp": 83,
    "citats": "|77.|Rēzeknes 6.<br>pamatskola|Izglītības<br>iestāde|Kosmonautu<br>ielā 6, Rēzekne|56.522986|27.345389|Sporta<br>zāle; aktu<br>zāle;<br>mācību<br>klases|250|ir|nav|",
    "izdevejs": "Rēzekne (pašvaldība)",
    "geokodesana": "plan_coords",
    "adrese_vzd": "Kosmonautu iela 6, Rēzekne, LV-4604",
    "vzd_kods": "101674553",
    "plana_lat": 56.522986,
    "plana_lon": 27.345389,
    "koord_teksts": "56.522986|27.345389",
    "karodzini": [],
    "vietas": 250,
    "gultas": 0,
    "edinasana": "ir",
    "izvilkuma_piezime": "Ēkas tips: Izglītības iestāde; telpu veids: Sporta zāle; aktu zāle; mācību klases",
    "komentars": "Avots: Rēzeknes CA plāns, lpp. 83 · 250 vietas",
    "id": "rezekne-izm-75"
   },
   "geometry": {
    "type": "Point",
    "coordinates": [
     27.345389,
     56.522986
    ]
   }
  },
  {
   "type": "Feature",
   "properties": {
    "kategorija": "izmitinasana",
    "nosaukums": "Rēzeknes sākumskola",
    "adrese": "Kaļķu iela 12, Rēzekne",
    "pasvaldiba": "Rēzekne",
    "pasvaldiba_slug": "rezekne",
    "nr_plana": 78,
    "avots_teksts": "Avots: Rēzeknes CA plāns, lpp. 83",
    "plans_url": "https://rezekne.lv/wp-content/uploads/2024/03/Rezeknes-valstspilsetas-un-Rezeknes-novada-sadarbibas-teritorijas-Civilas-aizsardzibas-plans.pdf",
    "plans_fails": "Rezeknes-valstspilsetas-un-Rezeknes-novada-sadarbibas-teritorijas-Civilas-aizsardzibas-plans.md",
    "lpp": 83,
    "citats": "|78.|Rēzeknes<br>sākumskola|Izglītības<br>iestāde|Kaļķu iela 12,<br>Rēzekne|56.505171|27.338296|Aktu zāle;<br>mācību<br>klases|150|ir|nav|",
    "izdevejs": "Rēzekne (pašvaldība)",
    "geokodesana": "plan_coords",
    "adrese_vzd": "Kaļķu iela 12, Rēzekne, LV-4601",
    "vzd_kods": "101673607",
    "plana_lat": 56.505171,
    "plana_lon": 27.338296,
    "koord_teksts": "56.505171|27.338296",
    "karodzini": [],
    "vietas": 150,
    "gultas": 0,
    "edinasana": "ir",
    "izvilkuma_piezime": "Ēkas tips: Izglītības iestāde; telpu veids: Aktu zāle; mācību klases",
    "komentars": "Avots: Rēzeknes CA plāns, lpp. 83 · 150 vietas",
    "id": "rezekne-izm-76"
   },
   "geometry": {
    "type": "Point",
    "coordinates": [
     27.338296,
     56.505171
    ]
   }
  },
  {
   "type": "Feature",
   "properties": {
    "kategorija": "izmitinasana",
    "nosaukums": "Rēzeknes Valsts 1.ģimnāzijas Dienesta viesnīca",
    "adrese": "J.Tiņanova iela 31A, Rēzekne",
    "pasvaldiba": "Rēzekne",
    "pasvaldiba_slug": "rezekne",
    "nr_plana": 79,
    "avots_teksts": "Avots: Rēzeknes CA plāns, lpp. 83",
    "plans_url": "https://rezekne.lv/wp-content/uploads/2024/03/Rezeknes-valstspilsetas-un-Rezeknes-novada-sadarbibas-teritorijas-Civilas-aizsardzibas-plans.pdf",
    "plans_fails": "Rezeknes-valstspilsetas-un-Rezeknes-novada-sadarbibas-teritorijas-Civilas-aizsardzibas-plans.md",
    "lpp": 83,
    "citats": "|79.|Rēzeknes<br>Valsts<br>1.ģimnāzijas<br>Dienesta<br>viesnīca|Izglītības<br>iestāde|J.Tiņanova iela<br>31A, Rēzekne|56.496845|27.337298|Atpūtas un<br>sporta<br>telpas|40|nav|50|",
    "izdevejs": "Rēzekne (pašvaldība)",
    "geokodesana": "plan_coords",
    "adrese_vzd": "J. Tiņanova iela 31A, Rēzekne, LV-4601",
    "vzd_kods": "101671917",
    "plana_lat": 56.496845,
    "plana_lon": 27.337298,
    "koord_teksts": "56.496845|27.337298",
    "karodzini": [],
    "vietas": 40,
    "gultas": 50,
    "edinasana": "nav",
    "izvilkuma_piezime": "Ēkas tips: Izglītības iestāde; telpu veids: Atpūtas un sporta telpas",
    "komentars": "Avots: Rēzeknes CA plāns, lpp. 83 · 40 vietas",
    "id": "rezekne-izm-77"
   },
   "geometry": {
    "type": "Point",
    "coordinates": [
     27.337298,
     56.496845
    ]
   }
  },
  {
   "type": "Feature",
   "properties": {
    "kategorija": "izmitinasana",
    "nosaukums": "Rēzeknes valsts poļu ģimnāzija",
    "adrese": "Lubānas iela 49, Rēzekne",
    "pasvaldiba": "Rēzekne",
    "pasvaldiba_slug": "rezekne",
    "nr_plana": 80,
    "avots_teksts": "Avots: Rēzeknes CA plāns, lpp. 83",
    "plans_url": "https://rezekne.lv/wp-content/uploads/2024/03/Rezeknes-valstspilsetas-un-Rezeknes-novada-sadarbibas-teritorijas-Civilas-aizsardzibas-plans.pdf",
    "plans_fails": "Rezeknes-valstspilsetas-un-Rezeknes-novada-sadarbibas-teritorijas-Civilas-aizsardzibas-plans.md",
    "lpp": 83,
    "citats": "|80.|Rēzeknes<br>valsts<br>poļu<br>ģimnāzija|Izglītības<br>iestāde|Lubānas iela 49,<br>Rēzekne|56.516157|27.341874|Sporta<br>zāle; aktu<br>zāle;<br>mācību<br>klases|150|ir|nav|",
    "izdevejs": "Rēzekne (pašvaldība)",
    "geokodesana": "plan_coords",
    "adrese_vzd": "Lubānas iela 49, Rēzekne, LV-4601",
    "vzd_kods": "101678698",
    "plana_lat": 56.516157,
    "plana_lon": 27.341874,
    "koord_teksts": "56.516157|27.341874",
    "karodzini": [],
    "vietas": 150,
    "gultas": 0,
    "edinasana": "ir",
    "izvilkuma_piezime": "Ēkas tips: Izglītības iestāde; telpu veids: Sporta zāle; aktu zāle; mācību klases",
    "komentars": "Avots: Rēzeknes CA plāns, lpp. 83 · 150 vietas",
    "id": "rezekne-izm-78"
   },
   "geometry": {
    "type": "Point",
    "coordinates": [
     27.341874,
     56.516157
    ]
   }
  },
  {
   "type": "Feature",
   "properties": {
    "kategorija": "izmitinasana",
    "nosaukums": "Rēzeknes pamatskola – attīstības centrs",
    "adrese": "F.Varslavāna iela5, Rēzekne",
    "pasvaldiba": "Rēzekne",
    "pasvaldiba_slug": "rezekne",
    "nr_plana": 81,
    "avots_teksts": "Avots: Rēzeknes CA plāns, lpp. 83",
    "plans_url": "https://rezekne.lv/wp-content/uploads/2024/03/Rezeknes-valstspilsetas-un-Rezeknes-novada-sadarbibas-teritorijas-Civilas-aizsardzibas-plans.pdf",
    "plans_fails": "Rezeknes-valstspilsetas-un-Rezeknes-novada-sadarbibas-teritorijas-Civilas-aizsardzibas-plans.md",
    "lpp": 83,
    "citats": "|81.|Rēzeknes<br>pamatskola –<br>attīstības<br>centrs|Izglītības<br>iestāde|F.Varslavāna<br>iela5, Rēzekne|56.495186|27.324177|Sporta<br>zāle|30|ir|nav|",
    "izdevejs": "Rēzekne (pašvaldība)",
    "geokodesana": "plan_coords",
    "adrese_vzd": "F. Varslavāna iela 5, Rēzekne, LV-4601",
    "vzd_kods": "101686238",
    "plana_lat": 56.495186,
    "plana_lon": 27.324177,
    "koord_teksts": "56.495186|27.324177",
    "karodzini": [],
    "vietas": 30,
    "gultas": 0,
    "edinasana": "ir",
    "izvilkuma_piezime": "Ēkas tips: Izglītības iestāde; telpu veids: Sporta zāle",
    "komentars": "Avots: Rēzeknes CA plāns, lpp. 83 · 30 vietas",
    "id": "rezekne-izm-79"
   },
   "geometry": {
    "type": "Point",
    "coordinates": [
     27.324177,
     56.495186
    ]
   }
  },
  {
   "type": "Feature",
   "properties": {
    "kategorija": "izmitinasana",
    "nosaukums": "Austrumlatvi jas rodošo pakalpojumu centrs ”Zeimuļs”",
    "adrese": "Krasta iela 31, Rēzekne",
    "pasvaldiba": "Rēzekne",
    "pasvaldiba_slug": "rezekne",
    "nr_plana": 82,
    "avots_teksts": "Avots: Rēzeknes CA plāns, lpp. 84",
    "plans_url": "https://rezekne.lv/wp-content/uploads/2024/03/Rezeknes-valstspilsetas-un-Rezeknes-novada-sadarbibas-teritorijas-Civilas-aizsardzibas-plans.pdf",
    "plans_fails": "Rezeknes-valstspilsetas-un-Rezeknes-novada-sadarbibas-teritorijas-Civilas-aizsardzibas-plans.md",
    "lpp": 84,
    "citats": "|82.|Austrumlatvi<br>jas rodošo<br>pakalpojumu<br>centrs<br>”Zeimuļs”|Izglītības<br>iestāde|Krasta<br>iela<br>31, Rēzekne|56.502773|27.332852|Aktu<br>zāle;<br>mācību<br>klases|50|nav|nav|",
    "izdevejs": "Rēzekne (pašvaldība)",
    "geokodesana": "plan_coords",
    "adrese_vzd": "Krasta iela 31, Rēzekne, LV-4601",
    "vzd_kods": "102386806",
    "plana_lat": 56.502773,
    "plana_lon": 27.332852,
    "koord_teksts": "56.502773|27.332852",
    "karodzini": [],
    "vietas": 50,
    "gultas": 0,
    "edinasana": "nav",
    "izvilkuma_piezime": "Ēkas tips: Izglītības iestāde; telpu veids: Aktu zāle; mācību klases",
    "komentars": "Avots: Rēzeknes CA plāns, lpp. 84 · 50 vietas",
    "id": "rezekne-izm-80"
   },
   "geometry": {
    "type": "Point",
    "coordinates": [
     27.332852,
     56.502773
    ]
   }
  },
  {
   "type": "Feature",
   "properties": {
    "kategorija": "izmitinasana",
    "nosaukums": "Rēzeknes valstspilsētas pašvaldības Sporta pārvalde",
    "adrese": "18.novembra iela 39, Rēzekne",
    "pasvaldiba": "Rēzekne",
    "pasvaldiba_slug": "rezekne",
    "nr_plana": 83,
    "avots_teksts": "Avots: Rēzeknes CA plāns, lpp. 84",
    "plans_url": "https://rezekne.lv/wp-content/uploads/2024/03/Rezeknes-valstspilsetas-un-Rezeknes-novada-sadarbibas-teritorijas-Civilas-aizsardzibas-plans.pdf",
    "plans_fails": "Rezeknes-valstspilsetas-un-Rezeknes-novada-sadarbibas-teritorijas-Civilas-aizsardzibas-plans.md",
    "lpp": 84,
    "citats": "|83.|Rēzeknes<br>valstspilsētas<br>pašvaldības<br>Sporta<br>pārvalde|sporta<br>iestāde|18.novembra<br>iela 39,<br>Rēzekne|56.509546|27.339266|Lielā<br>sporta<br>zāle,<br>cīņas<br>sporta<br>zāle,<br>ģērbtuve<br>s|250|nav|nav|",
    "izdevejs": "Rēzekne (pašvaldība)",
    "geokodesana": "plan_coords",
    "adrese_vzd": "18. novembra iela 39, Rēzekne, LV-4601",
    "vzd_kods": "103151160",
    "plana_lat": 56.509546,
    "plana_lon": 27.339266,
    "koord_teksts": "56.509546|27.339266",
    "karodzini": [],
    "vietas": 250,
    "gultas": 0,
    "edinasana": "nav",
    "izvilkuma_piezime": "Ēkas tips: sporta iestāde; telpu veids: Lielā sporta zāle, cīņas sporta zāle, ģērbtuve s",
    "komentars": "Avots: Rēzeknes CA plāns, lpp. 84 · 250 vietas",
    "id": "rezekne-izm-81"
   },
   "geometry": {
    "type": "Point",
    "coordinates": [
     27.339266,
     56.509546
    ]
   }
  },
  {
   "type": "Feature",
   "properties": {
    "kategorija": "izmitinasana",
    "nosaukums": "Pašvaldības aģentūra \"Rēzeknes Kultūras un Tūrisma centrs\"",
    "adrese": "Brāļu Skrindu iela 3, Rēzekne",
    "pasvaldiba": "Rēzekne",
    "pasvaldiba_slug": "rezekne",
    "nr_plana": 84,
    "avots_teksts": "Avots: Rēzeknes CA plāns, lpp. 84",
    "plans_url": "https://rezekne.lv/wp-content/uploads/2024/03/Rezeknes-valstspilsetas-un-Rezeknes-novada-sadarbibas-teritorijas-Civilas-aizsardzibas-plans.pdf",
    "plans_fails": "Rezeknes-valstspilsetas-un-Rezeknes-novada-sadarbibas-teritorijas-Civilas-aizsardzibas-plans.md",
    "lpp": 84,
    "citats": "|84.|Pašvaldības<br>aģentūra<br>\"Rēzeknes<br>Kultūras un<br>Tūrisma<br>centrs\"|kultūras<br>nams|Brāļu<br>Skrindu iela<br>3, Rēzekne|56.505391|27.327939|teātra<br>telpa;<br>kursu<br>telpa,<br>koncertz<br>āle, teātra<br>zāle|355|nav|nav|",
    "izdevejs": "Rēzekne (pašvaldība)",
    "geokodesana": "plan_coords",
    "adrese_vzd": "Brāļu Skrindu iela 3, Rēzekne, LV-4601",
    "vzd_kods": "101667773",
    "plana_lat": 56.505391,
    "plana_lon": 27.327939,
    "koord_teksts": "56.505391|27.327939",
    "karodzini": [],
    "vietas": 355,
    "gultas": 0,
    "edinasana": "nav",
    "izvilkuma_piezime": "Ēkas tips: kultūras nams; telpu veids: teātra telpa; kursu telpa, koncertz āle, teātra zāle",
    "komentars": "Avots: Rēzeknes CA plāns, lpp. 84 · 355 vietas",
    "id": "rezekne-izm-82"
   },
   "geometry": {
    "type": "Point",
    "coordinates": [
     27.327939,
     56.505391
    ]
   }
  },
  {
   "type": "Feature",
   "properties": {
    "kategorija": "izmitinasana",
    "nosaukums": "Sociālās aprūpes pārvaldes Pensionāru sociālo pakalpojumu centrs",
    "adrese": "Rēznas iela 41, Rēzekne",
    "pasvaldiba": "Rēzekne",
    "pasvaldiba_slug": "rezekne",
    "nr_plana": 85,
    "avots_teksts": "Avots: Rēzeknes CA plāns, lpp. 84",
    "plans_url": "https://rezekne.lv/wp-content/uploads/2024/03/Rezeknes-valstspilsetas-un-Rezeknes-novada-sadarbibas-teritorijas-Civilas-aizsardzibas-plans.pdf",
    "plans_fails": "Rezeknes-valstspilsetas-un-Rezeknes-novada-sadarbibas-teritorijas-Civilas-aizsardzibas-plans.md",
    "lpp": 84,
    "citats": "|85.|Sociālās<br>aprūpes<br>pārvaldes<br>Pensionāru<br>sociālo<br>pakalpojumu<br>centrs|sociālā<br>aprūpe|Rēznas iela<br>41, Rēzekne|56.503278|27.364543|aktu zāle;<br>nodarbīb<br>u telpas|100|ir|30|",
    "izdevejs": "Rēzekne (pašvaldība)",
    "geokodesana": "plan_coords",
    "adrese_vzd": "Rēznas iela 41, Rēzekne, LV-4601",
    "vzd_kods": "101682191",
    "plana_lat": 56.503278,
    "plana_lon": 27.364543,
    "koord_teksts": "56.503278|27.364543",
    "karodzini": [],
    "vietas": 100,
    "gultas": 30,
    "edinasana": "ir",
    "izvilkuma_piezime": "Ēkas tips: sociālā aprūpe; telpu veids: aktu zāle; nodarbīb u telpas",
    "komentars": "Avots: Rēzeknes CA plāns, lpp. 84 · 100 vietas",
    "id": "rezekne-izm-83"
   },
   "geometry": {
    "type": "Point",
    "coordinates": [
     27.364543,
     56.503278
    ]
   }
  },
  {
   "type": "Feature",
   "properties": {
    "kategorija": "izmitinasana",
    "nosaukums": "Berģu Mūzikas un mākslas pamatskola",
    "adrese": "Skolas iela 8, Upesciems, Garkalnes pagasts, Ropažu nov.",
    "pasvaldiba": "Ropažu novads",
    "pasvaldiba_slug": "ropazu-novads",
    "nr_plana": 1,
    "avots_teksts": "Avots: Ropažu novada CA plāns, lpp. 139",
    "plans_url": "https://www.ropazi.lv/lv/media/83197/download?attachment",
    "plans_fails": "cap_ropazi_2024_publicesanai_0.md",
    "lpp": 139,
    "citats": "|**Nr.**<br>1.|**Nosaukums**<br>Berģu Mūzikas<br>un mākslas<br>pamatskola|**Ēkas tips**<br>Sabiedriskā<br>ēka|**Adrese**<br>Skolas iela 8,<br>Upesciems,<br>Garkalnes<br>pagasts,<br>Ropažu nov.|**Telpu**<br>**veids**<br>Sporta<br>zāle 700<br>m2<br>(Skolas 8)<br>Zāle<br>100m2<br>(Skolas<br>14)|**Izmitināšanas**<br>**kapacitāte**<br>228|**Virtuve**<br>**ar**<br>**ēdnīcu**<br>ir|**Esošo**<br>**guļamvi**<br>**etu**<br>**skaits**|**Ģeogrāfiskās ko**<br>56.982349603661<br>895|**ordinātes (WGS-84)**<br>24.33636171259528|",
    "izdevejs": "Ropažu novads (pašvaldība)",
    "geokodesana": "plan_coords",
    "adrese_vzd": "Skolas iela 8, Upesciems, Garkalnes pag., Ropažu nov., LV-2137",
    "vzd_kods": "104137282",
    "plana_lat": 56.982349603661895,
    "plana_lon": 24.33636171259528,
    "koord_teksts": "56.982349603661<br>895|**ordinātes (WGS-84)**<br>24.33636171259528",
    "karodzini": [],
    "vietas": 228,
    "gultas": null,
    "edinasana": "ir",
    "izvilkuma_piezime": "Row 1 is merged into the table header line by the conversion. Rooms: sporta zāle 700 m2 (Skolas 8), zāle 100 m2 (Skolas 14). Lat digits wrapped with <br>; joined.",
    "komentars": "Avots: Ropažu novada CA plāns, lpp. 139 · 228 vietas",
    "id": "ropazu-novads-izm-1"
   },
   "geometry": {
    "type": "Point",
    "coordinates": [
     24.336362,
     56.98235
    ]
   }
  },
  {
   "type": "Feature",
   "properties": {
    "kategorija": "izmitinasana",
    "nosaukums": "Gaismas pamatskola",
    "adrese": "Kaudzīšu 31, Rumbula, Stopiņu pagasts, Ropažu novads",
    "pasvaldiba": "Ropažu novads",
    "pasvaldiba_slug": "ropazu-novads",
    "nr_plana": 2,
    "avots_teksts": "Avots: Ropažu novada CA plāns, lpp. 139",
    "plans_url": "https://www.ropazi.lv/lv/media/83197/download?attachment",
    "plans_fails": "cap_ropazi_2024_publicesanai_0.md",
    "lpp": 139,
    "citats": "|2.|Gaismas<br>pamatskola|Sabiedriskā<br>ēka|Kaudzīšu 31,<br>Rumbula,<br>Stopiņu<br>pagasts,<br>Ropažu<br>novads|sporta zāle<br>136,60<br>m2; mazā<br>zāle 54<br>m2|Kopā 54<br>(39 sporta zālē;<br>15 mazajā zālē)|ir||56.89453316774<br>903|24.23958857418786|",
    "izdevejs": "Ropažu novads (pašvaldība)",
    "geokodesana": "plan_coords",
    "adrese_vzd": "Kaudzīšu iela 31, Rumbula, Stopiņu pag., Ropažu nov., LV-2121",
    "vzd_kods": "102787611",
    "plana_lat": 56.89453316774903,
    "plana_lon": 24.23958857418786,
    "koord_teksts": "56.89453316774<br>903|24.23958857418786",
    "karodzini": [],
    "vietas": 54,
    "gultas": null,
    "edinasana": "ir",
    "izvilkuma_piezime": "Capacity 'Kopā 54 (39 sporta zālē; 15 mazajā zālē)'. Lat digits wrapped; joined.",
    "komentars": "Avots: Ropažu novada CA plāns, lpp. 139 · 54 vietas",
    "id": "ropazu-novads-izm-2"
   },
   "geometry": {
    "type": "Point",
    "coordinates": [
     24.239589,
     56.894533
    ]
   }
  },
  {
   "type": "Feature",
   "properties": {
    "kategorija": "izmitinasana",
    "nosaukums": "Garkalnes Mākslu un vispārizglītojošā pamatskola",
    "adrese": "Vidzemes šoseja 34, Garkalne, Ropažu novads",
    "pasvaldiba": "Ropažu novads",
    "pasvaldiba_slug": "ropazu-novads",
    "nr_plana": 3,
    "avots_teksts": "Avots: Ropažu novada CA plāns, lpp. 140",
    "plans_url": "https://www.ropazi.lv/lv/media/83197/download?attachment",
    "plans_fails": "cap_ropazi_2024_publicesanai_0.md",
    "lpp": 140,
    "citats": "|3.|Garkalnes<br>Mākslu un<br>vispārizglītojošā<br>pamatskola|Sabiedriskā<br>ēka|Vidzemes<br>šoseja 34,<br>Garkalne,<br>Ropažu<br>novads|Sporta<br>zāle<br>275,2m2|78|ēdamzāl<br>e|57.046940149104<br>58|24.42439378005833|",
    "izdevejs": "Ropažu novads (pašvaldība)",
    "geokodesana": "plan_coords",
    "adrese_vzd": "Vidzemes šoseja 34, Garkalne, Garkalnes pag., Ropažu nov., LV-2137",
    "vzd_kods": "101306508",
    "plana_lat": 57.04694014910458,
    "plana_lon": 24.42439378005833,
    "koord_teksts": "57.046940149104<br>58|24.42439378005833",
    "karodzini": [],
    "vietas": 78,
    "gultas": null,
    "edinasana": "ēdamzāle",
    "izvilkuma_piezime": "Lat digits wrapped; joined.",
    "komentars": "Avots: Ropažu novada CA plāns, lpp. 140 · 78 vietas",
    "id": "ropazu-novads-izm-3"
   },
   "geometry": {
    "type": "Point",
    "coordinates": [
     24.424394,
     57.04694
    ]
   }
  },
  {
   "type": "Feature",
   "properties": {
    "kategorija": "izmitinasana",
    "nosaukums": "Ropažu Mūzikas un mākslas skola \"Rodenpois\"",
    "adrese": "Rīgas iela 6, Ropaži, Ropažu pag, Ropažu novads",
    "pasvaldiba": "Ropažu novads",
    "pasvaldiba_slug": "ropazu-novads",
    "nr_plana": 4,
    "avots_teksts": "Avots: Ropažu novada CA plāns, lpp. 140",
    "plans_url": "https://www.ropazi.lv/lv/media/83197/download?attachment",
    "plans_fails": "cap_ropazi_2024_publicesanai_0.md",
    "lpp": 140,
    "citats": "|4.|Ropažu<br>Mūzikas un<br>mākslas skola<br>\"Rodenpois\"|Sabiedriskā<br>ēka|Rīgas iela 6,<br>Ropaži,<br>Ropažu pag,<br>Ropažu<br>novads,|Jauniešu<br>centrs 6A<br>110 m2|30|nav|56.97298617350<br>168|24.633526942282106|",
    "izdevejs": "Ropažu novads (pašvaldība)",
    "geokodesana": "plan_coords",
    "adrese_vzd": "Rīgas iela 6, Ropaži, Ropažu pag., Ropažu nov., LV-2135",
    "vzd_kods": "104616672",
    "plana_lat": 56.97298617350168,
    "plana_lon": 24.633526942282106,
    "koord_teksts": "56.97298617350<br>168|24.633526942282106",
    "karodzini": [],
    "vietas": 30,
    "gultas": null,
    "edinasana": "nav",
    "izvilkuma_piezime": "Room: Jauniešu centrs 6A 110 m2. Lat digits wrapped; joined.",
    "komentars": "Avots: Ropažu novada CA plāns, lpp. 140 · 30 vietas",
    "id": "ropazu-novads-izm-4"
   },
   "geometry": {
    "type": "Point",
    "coordinates": [
     24.633527,
     56.972986
    ]
   }
  },
  {
   "type": "Feature",
   "properties": {
    "kategorija": "izmitinasana",
    "nosaukums": "Ropažu vidusskola",
    "adrese": "Ropažu novads, Ropaži, Rīgas iela 5",
    "pasvaldiba": "Ropažu novads",
    "pasvaldiba_slug": "ropazu-novads",
    "nr_plana": 5,
    "avots_teksts": "Avots: Ropažu novada CA plāns, lpp. 140",
    "plans_url": "https://www.ropazi.lv/lv/media/83197/download?attachment",
    "plans_fails": "cap_ropazi_2024_publicesanai_0.md",
    "lpp": 140,
    "citats": "|5.|Ropažu<br>vidusskola|Sabiedriskā<br>ēka|Ropažu<br>novads,<br>Ropaži,  Rīgas<br>iela 5|Klases,<br>aktu zāle<br>1569,3 m2|448|ir|56.97492125575<br>526|24.636254034014932|",
    "izdevejs": "Ropažu novads (pašvaldība)",
    "geokodesana": "plan_coords",
    "adrese_vzd": "Rīgas iela 5, Ropaži, Ropažu pag., Ropažu nov., LV-2135",
    "vzd_kods": "104856987",
    "plana_lat": 56.97492125575526,
    "plana_lon": 24.636254034014932,
    "koord_teksts": "56.97492125575<br>526|24.636254034014932",
    "karodzini": [],
    "vietas": 448,
    "gultas": null,
    "edinasana": "ir",
    "izvilkuma_piezime": "Lat digits wrapped; joined.",
    "komentars": "Avots: Ropažu novada CA plāns, lpp. 140 · 448 vietas",
    "id": "ropazu-novads-izm-5"
   },
   "geometry": {
    "type": "Point",
    "coordinates": [
     24.636254,
     56.974921
    ]
   }
  },
  {
   "type": "Feature",
   "properties": {
    "kategorija": "izmitinasana",
    "nosaukums": "Ropažu vidusskola",
    "adrese": "Ropažu novads, Zaķumuiža, Skolas iela 3",
    "pasvaldiba": "Ropažu novads",
    "pasvaldiba_slug": "ropazu-novads",
    "nr_plana": 6,
    "avots_teksts": "Avots: Ropažu novada CA plāns, lpp. 140",
    "plans_url": "https://www.ropazi.lv/lv/media/83197/download?attachment",
    "plans_fails": "cap_ropazi_2024_publicesanai_0.md",
    "lpp": 140,
    "citats": "|6.|Ropažu<br>vidusskola|Sabiedriskā<br>ēka|Ropažu<br>novads,<br>Zaķumuiža,<br>Skolas iela 3|Klases,<br>aktu zāle.<br>1303,3m2|372|ir|56.97045265696<br>614|24.504419343180505|",
    "izdevejs": "Ropažu novads (pašvaldība)",
    "geokodesana": "varis_address",
    "adrese_vzd": "Skolas iela 3, Zaķumuiža, Ropažu pag., Ropažu nov., LV-2133",
    "vzd_kods": "105935611",
    "plana_lat": 56.97045265696614,
    "plana_lon": 24.504419343180505,
    "koord_teksts": "56.97045265696<br>614|24.504419343180505",
    "karodzini": [
     "plan_coords_far_from_address"
    ],
    "vietas": 372,
    "gultas": null,
    "edinasana": "ir",
    "izvilkuma_piezime": "Name printed as 'Ropažu vidusskola' although the address is in Zaķumuiža (Zaķumuižas pamatskola address). Lat digits wrapped; joined.",
    "komentars": "Avots: Ropažu novada CA plāns, lpp. 140 · 372 vietas · plāna koordinātas kļūdainas, vieta noteikta pēc adreses (VZD)",
    "id": "ropazu-novads-izm-6"
   },
   "geometry": {
    "type": "Point",
    "coordinates": [
     24.487764,
     56.969846
    ]
   }
  },
  {
   "type": "Feature",
   "properties": {
    "kategorija": "izmitinasana",
    "nosaukums": "Stopiņu pamatskola",
    "adrese": "Līdumnieku iela 10, Saurieši, Stopiņu pag.,Ropažu nov",
    "pasvaldiba": "Ropažu novads",
    "pasvaldiba_slug": "ropazu-novads",
    "nr_plana": 7,
    "avots_teksts": "Avots: Ropažu novada CA plāns, lpp. 141",
    "plans_url": "https://www.ropazi.lv/lv/media/83197/download?attachment",
    "plans_fails": "cap_ropazi_2024_publicesanai_0.md",
    "lpp": 141,
    "citats": "|7.|Stopiņu<br>pamatskola|Sabiedriskā<br>ēka|Līdumnieku<br>iela 10,<br>Saurieši,<br>Stopiņu<br>pag.,Ropažu<br>nov|sporta<br>zāle 1100<br>m2|314|ir|56.92092094450<br>97|24.35745832607957|",
    "izdevejs": "Ropažu novads (pašvaldība)",
    "geokodesana": "plan_coords",
    "adrese_vzd": "Līdumnieku iela 10, Saurieši, Stopiņu pag., Ropažu nov., LV-2118",
    "vzd_kods": "105019701",
    "plana_lat": 56.9209209445097,
    "plana_lon": 24.35745832607957,
    "koord_teksts": "56.92092094450<br>97|24.35745832607957",
    "karodzini": [],
    "vietas": 314,
    "gultas": null,
    "edinasana": "ir",
    "izvilkuma_piezime": "Lat digits wrapped; joined.",
    "komentars": "Avots: Ropažu novada CA plāns, lpp. 141 · 314 vietas",
    "id": "ropazu-novads-izm-7"
   },
   "geometry": {
    "type": "Point",
    "coordinates": [
     24.357458,
     56.920921
    ]
   }
  },
  {
   "type": "Feature",
   "properties": {
    "kategorija": "izmitinasana",
    "nosaukums": "Stopiņu pamatskolas pirmsskola",
    "adrese": "Līdumnieku iela 3, Saurieši, Stopiņu pag.,Ropažu nov",
    "pasvaldiba": "Ropažu novads",
    "pasvaldiba_slug": "ropazu-novads",
    "nr_plana": 8,
    "avots_teksts": "Avots: Ropažu novada CA plāns, lpp. 141",
    "plans_url": "https://www.ropazi.lv/lv/media/83197/download?attachment",
    "plans_fails": "cap_ropazi_2024_publicesanai_0.md",
    "lpp": 141,
    "citats": "|8.|Stopiņu<br>pamatskolas<br>pirmsskola|Sabiedriskā<br>ēka|Līdumnieku<br>iela 3,<br>Saurieši,<br>Stopiņu<br>pag.,Ropažu<br>nov|sporta<br>zāle 72,9<br>m2|20|ir|56.91927048964<br>9385|24.36058726706647|",
    "izdevejs": "Ropažu novads (pašvaldība)",
    "geokodesana": "plan_coords",
    "adrese_vzd": "Līdumnieku iela 3, Saurieši, Stopiņu pag., Ropažu nov., LV-2118",
    "vzd_kods": "105467556",
    "plana_lat": 56.919270489649385,
    "plana_lon": 24.36058726706647,
    "koord_teksts": "56.91927048964<br>9385|24.36058726706647",
    "karodzini": [],
    "vietas": 20,
    "gultas": null,
    "edinasana": "ir",
    "izvilkuma_piezime": "Lat digits wrapped; joined.",
    "komentars": "Avots: Ropažu novada CA plāns, lpp. 141 · 20 vietas",
    "id": "ropazu-novads-izm-8"
   },
   "geometry": {
    "type": "Point",
    "coordinates": [
     24.360587,
     56.91927
    ]
   }
  },
  {
   "type": "Feature",
   "properties": {
    "kategorija": "izmitinasana",
    "nosaukums": "Ulbrokas Mūzikas un mākslas skola",
    "adrese": "Institūta iela 1b, Ulbroka, Stopiņu pagasts, Ropažu novads",
    "pasvaldiba": "Ropažu novads",
    "pasvaldiba_slug": "ropazu-novads",
    "nr_plana": 9,
    "avots_teksts": "Avots: Ropažu novada CA plāns, lpp. 141",
    "plans_url": "https://www.ropazi.lv/lv/media/83197/download?attachment",
    "plans_fails": "cap_ropazi_2024_publicesanai_0.md",
    "lpp": 141,
    "citats": "|9.|Ulbrokas<br>Mūzikas un<br>mākslas skola|Sabiedriskā<br>ēka|Institūta iela<br>1b, Ulbroka,<br>Stopiņu<br>pagasts,<br>Ropažu<br>novads,|zāle 188<br>m2|53|nav|56.94396243806<br>2364|4.28540033215755|",
    "izdevejs": "Ropažu novads (pašvaldība)",
    "geokodesana": "varis_address",
    "adrese_vzd": "Institūta iela 1B, Ulbroka, Stopiņu pag., Ropažu nov., LV-2130",
    "vzd_kods": "105977361",
    "plana_lat": 56.943962438062364,
    "plana_lon": 4.28540033215755,
    "koord_teksts": "56.94396243806<br>2364|4.28540033215755",
    "karodzini": [
     "plan_coordinate_error"
    ],
    "vietas": 53,
    "gultas": null,
    "edinasana": "nav",
    "izvilkuma_piezime": "lon looks wrong: '4.28540033215755' (probably 24.285... with a dropped digit); kept as printed. Lat digits wrapped; joined.",
    "komentars": "Avots: Ropažu novada CA plāns, lpp. 141 · 53 vietas · plāna koordinātas kļūdainas, vieta noteikta pēc adreses (VZD)",
    "id": "ropazu-novads-izm-9"
   },
   "geometry": {
    "type": "Point",
    "coordinates": [
     24.28562,
     56.943925
    ]
   }
  },
  {
   "type": "Feature",
   "properties": {
    "kategorija": "izmitinasana",
    "nosaukums": "Ulbrokas vidusskola",
    "adrese": "Vālodzes, Stopiņu pagasts",
    "pasvaldiba": "Ropažu novads",
    "pasvaldiba_slug": "ropazu-novads",
    "nr_plana": 10,
    "avots_teksts": "Avots: Ropažu novada CA plāns, lpp. 141",
    "plans_url": "https://www.ropazi.lv/lv/media/83197/download?attachment",
    "plans_fails": "cap_ropazi_2024_publicesanai_0.md",
    "lpp": 141,
    "citats": "|10.|Ulbrokas<br>vidusskola|Sabiedriskā<br>ēka|Vālodzes,<br>Stopiņu<br>pagasts|Mācību<br>klases,<br>Aktu zāle,<br>2671m2|763|ir|56.92873684798<br>834|24.3605872670664|",
    "izdevejs": "Ropažu novads (pašvaldība)",
    "geokodesana": "plan_coords",
    "adrese_vzd": null,
    "vzd_kods": null,
    "plana_lat": 56.92873684798834,
    "plana_lon": 24.3605872670664,
    "koord_teksts": "56.92873684798<br>834|24.3605872670664",
    "karodzini": [],
    "vietas": 763,
    "gultas": null,
    "edinasana": "ir",
    "izvilkuma_piezime": "lon 24.3606 is ~2.5 km east of the assembly-point coordinate for the same school (24.321295, assembly nr 27) and close to Stopiņu pamatskolas pirmsskola; possibly wrong. Lat digits wrapped; joined.",
    "komentars": "Avots: Ropažu novada CA plāns, lpp. 141 · 763 vietas",
    "id": "ropazu-novads-izm-10"
   },
   "geometry": {
    "type": "Point",
    "coordinates": [
     24.360587,
     56.928737
    ]
   }
  },
  {
   "type": "Feature",
   "properties": {
    "kategorija": "izmitinasana",
    "nosaukums": "Upesleju sākumskola",
    "adrese": "Skolas iela 12, Upeslejas, Stopiņu pagasts, Ropažu nov,",
    "pasvaldiba": "Ropažu novads",
    "pasvaldiba_slug": "ropazu-novads",
    "nr_plana": 11,
    "avots_teksts": "Avots: Ropažu novada CA plāns, lpp. 142",
    "plans_url": "https://www.ropazi.lv/lv/media/83197/download?attachment",
    "plans_fails": "cap_ropazi_2024_publicesanai_0.md",
    "lpp": 142,
    "citats": "Upesleju  Sabiedriskā   56.92565054012",
    "izdevejs": "Ropažu novads (pašvaldība)",
    "geokodesana": "plan_coords",
    "adrese_vzd": "Skolas iela 12, Upeslejas, Stopiņu pag., Ropažu nov., LV-2118",
    "vzd_kods": "106859733",
    "plana_lat": 56.92565054012,
    "plana_lon": 24.38868857527562,
    "koord_teksts": "56.92565054012<br>pagasts,  6.korpusa,  172   ir  24.38868857527562",
    "karodzini": [],
    "vietas": 172,
    "gultas": null,
    "edinasana": "ir",
    "izvilkuma_piezime": "Row is inside a '<!-- Start of picture text -->' block (table rendered as image), text is scrambled; values read from the scrambled text, citats is a substring of that line. Lat shown as printed before the break; a stray '833' later in the block is probably its remaining digits.",
    "komentars": "Avots: Ropažu novada CA plāns, lpp. 142 · 172 vietas",
    "id": "ropazu-novads-izm-11"
   },
   "geometry": {
    "type": "Point",
    "coordinates": [
     24.388689,
     56.925651
    ]
   }
  },
  {
   "type": "Feature",
   "properties": {
    "kategorija": "izmitinasana",
    "nosaukums": "Vangažu Mūzikas un mākslas skola",
    "adrese": "Gaujas iela 2, Vangaži, Vangažu pilsēta, Ropažu novads",
    "pasvaldiba": "Ropažu novads",
    "pasvaldiba_slug": "ropazu-novads",
    "nr_plana": 12,
    "avots_teksts": "Avots: Ropažu novada CA plāns, lpp. 142",
    "plans_url": "https://www.ropazi.lv/lv/media/83197/download?attachment",
    "plans_fails": "cap_ropazi_2024_publicesanai_0.md",
    "lpp": 142,
    "citats": "12.  Sabiedriskā  Vangažu   57.09209272224",
    "izdevejs": "Ropažu novads (pašvaldība)",
    "geokodesana": "plan_coords",
    "adrese_vzd": "Gaujas iela 2, Vangaži, Ropažu nov., LV-2136",
    "vzd_kods": "101295291",
    "plana_lat": 57.09209272224,
    "plana_lon": 24.550156129806524,
    "koord_teksts": "57.09209272224<br>Mūzikas un  klases   60   nav  24.550156129806524",
    "karodzini": [],
    "vietas": 60,
    "gultas": null,
    "edinasana": "nav",
    "izvilkuma_piezime": "Row is inside a '<!-- Start of picture text -->' block (table rendered as image), text is scrambled; values read from the scrambled text, citats is a substring of that line. Same coordinates as Vangažu vidusskola (nr 13).",
    "komentars": "Avots: Ropažu novada CA plāns, lpp. 142 · 60 vietas",
    "dublikati": [
     "Vangažu vidusskola (nr. 13, lpp. 142)"
    ],
    "id": "ropazu-novads-izm-12"
   },
   "geometry": {
    "type": "Point",
    "coordinates": [
     24.550156,
     57.092093
    ]
   }
  },
  {
   "type": "Feature",
   "properties": {
    "kategorija": "izmitinasana",
    "nosaukums": "Kultūras centrs \"Ulbrokas Pērle\"",
    "adrese": "Institūta iela 3, Ulbroka, Stopiņu pagasts",
    "pasvaldiba": "Ropažu novads",
    "pasvaldiba_slug": "ropazu-novads",
    "nr_plana": 14,
    "avots_teksts": "Avots: Ropažu novada CA plāns, lpp. 143",
    "plans_url": "https://www.ropazi.lv/lv/media/83197/download?attachment",
    "plans_fails": "cap_ropazi_2024_publicesanai_0.md",
    "lpp": 143,
    "citats": "\"Ulbrokas  120,3 m2;   150   ir   56.942294  24.289280",
    "izdevejs": "Ropažu novads (pašvaldība)",
    "geokodesana": "plan_coords",
    "adrese_vzd": "Institūta iela 3, Ulbroka, Stopiņu pag., Ropažu nov., LV-2130",
    "vzd_kods": "101316254",
    "plana_lat": 56.942294,
    "plana_lon": 24.28928,
    "koord_teksts": "56.942294  24.289280",
    "karodzini": [],
    "vietas": 150,
    "gultas": null,
    "edinasana": "ir",
    "izvilkuma_piezime": "Row is inside a '<!-- Start of picture text -->' block (table rendered as image), text is scrambled; values read from the scrambled text, citats is a substring of that line.",
    "komentars": "Avots: Ropažu novada CA plāns, lpp. 143 · 150 vietas",
    "id": "ropazu-novads-izm-13"
   },
   "geometry": {
    "type": "Point",
    "coordinates": [
     24.28928,
     56.942294
    ]
   }
  },
  {
   "type": "Feature",
   "properties": {
    "kategorija": "izmitinasana",
    "nosaukums": "Garkalnes PII \"Čiekuriņš\"",
    "adrese": "Mediķu iela 4, Langstiņi, Garkalnes pagasts, Ropažu novads",
    "pasvaldiba": "Ropažu novads",
    "pasvaldiba_slug": "ropazu-novads",
    "nr_plana": 15,
    "avots_teksts": "Avots: Ropažu novada CA plāns, lpp. 143",
    "plans_url": "https://www.ropazi.lv/lv/media/83197/download?attachment",
    "plans_fails": "cap_ropazi_2024_publicesanai_0.md",
    "lpp": 143,
    "citats": "Garkalnes PII  Sabiedriskā  Garkalnes  le   57.00336983036",
    "izdevejs": "Ropažu novads (pašvaldība)",
    "geokodesana": "plan_coords",
    "adrese_vzd": "Mediķu iela 4, Langstiņi, Garkalnes pag., Ropažu nov., LV-2137",
    "vzd_kods": "102124435",
    "plana_lat": 57.00336983036,
    "plana_lon": 24.32889139725249,
    "koord_teksts": "57.00336983036<br>15.  darbnīca   50  24.32889139725249",
    "karodzini": [],
    "vietas": 50,
    "gultas": null,
    "edinasana": "Ēdamzāle ir, virtuve nav",
    "izvilkuma_piezime": "Row is inside a '<!-- Start of picture text -->' block (table rendered as image), text is scrambled; values read from the scrambled text, citats is a substring of that line. Lat shown as printed before the break; a stray '041' later is probably its remaining digits.",
    "komentars": "Avots: Ropažu novada CA plāns, lpp. 143 · 50 vietas",
    "id": "ropazu-novads-izm-14"
   },
   "geometry": {
    "type": "Point",
    "coordinates": [
     24.328891,
     57.00337
    ]
   }
  },
  {
   "type": "Feature",
   "properties": {
    "kategorija": "izmitinasana",
    "nosaukums": "Ropažu novada pašvaldības Garkalnes PII \"Skudriņas\"",
    "adrese": "Saules iela 34, Garkalne, Garkalnes pag.,Ropažu nov.",
    "pasvaldiba": "Ropažu novads",
    "pasvaldiba_slug": "ropazu-novads",
    "nr_plana": 16,
    "avots_teksts": "Avots: Ropažu novada CA plāns, lpp. 143",
    "plans_url": "https://www.ropazi.lv/lv/media/83197/download?attachment",
    "plans_fails": "cap_ropazi_2024_publicesanai_0.md",
    "lpp": 143,
    "citats": "16.  pašvaldības   Sabiedriskā  mzāle   57.04687952404",
    "izdevejs": "Ropažu novads (pašvaldība)",
    "geokodesana": "plan_coords",
    "adrese_vzd": "Saules iela 34, Garkalne, Garkalnes pag., Ropažu nov., LV-2137",
    "vzd_kods": "101305836",
    "plana_lat": 57.04687952404,
    "plana_lon": 24.425516617897564,
    "koord_teksts": "57.04687952404<br>Garkalnes   42   ir  24.425516617897564",
    "karodzini": [],
    "vietas": 42,
    "gultas": null,
    "edinasana": "ir",
    "izvilkuma_piezime": "Row is inside a '<!-- Start of picture text -->' block (table rendered as image), text is scrambled; values read from the scrambled text, citats is a substring of that line. A stray '652' later is probably the remaining lat digits.",
    "komentars": "Avots: Ropažu novada CA plāns, lpp. 143 · 42 vietas",
    "id": "ropazu-novads-izm-15"
   },
   "geometry": {
    "type": "Point",
    "coordinates": [
     24.425517,
     57.04688
    ]
   }
  },
  {
   "type": "Feature",
   "properties": {
    "kategorija": "izmitinasana",
    "nosaukums": "Ropažu PII ,,Annele\"",
    "adrese": "Centra iela 4, Ropaži, Ropažu pagasts, Ropažu novads",
    "pasvaldiba": "Ropažu novads",
    "pasvaldiba_slug": "ropazu-novads",
    "nr_plana": 17,
    "avots_teksts": "Avots: Ropažu novada CA plāns, lpp. 144",
    "plans_url": "https://www.ropazi.lv/lv/media/83197/download?attachment",
    "plans_fails": "cap_ropazi_2024_publicesanai_0.md",
    "lpp": 144,
    "citats": "|17.|Ropažu PII<br>,,Annele\"|Sabiedriskā<br>ēka|Centra iela 4,<br>Ropaži,<br>Ropažu<br>pagasts,<br>Ropažu<br>novads|Svētku<br>zāle<br>210m2;<br>Sporta<br>zāle 76m2|81|Ēdamzā<br>le ir<br>Virtuves<br>nav|56.97230102566<br>861|24.632361787148454|",
    "izdevejs": "Ropažu novads (pašvaldība)",
    "geokodesana": "plan_coords",
    "adrese_vzd": "Centra iela 4, Ropaži, Ropažu pag., Ropažu nov., LV-2135",
    "vzd_kods": "104998404",
    "plana_lat": 56.97230102566861,
    "plana_lon": 24.632361787148454,
    "koord_teksts": "56.97230102566<br>861|24.632361787148454",
    "karodzini": [],
    "vietas": 81,
    "gultas": null,
    "edinasana": "Ēdamzāle ir Virtuves nav",
    "izvilkuma_piezime": "Lat digits wrapped; joined.",
    "komentars": "Avots: Ropažu novada CA plāns, lpp. 144 · 81 vietas",
    "id": "ropazu-novads-izm-16"
   },
   "geometry": {
    "type": "Point",
    "coordinates": [
     24.632362,
     56.972301
    ]
   }
  },
  {
   "type": "Feature",
   "properties": {
    "kategorija": "izmitinasana",
    "nosaukums": "Ulbrokas PII \"Pienenīte\"",
    "adrese": "Institūta iela 34a, Ulbroka, Stopiņu pagasts",
    "pasvaldiba": "Ropažu novads",
    "pasvaldiba_slug": "ropazu-novads",
    "nr_plana": 18,
    "avots_teksts": "Avots: Ropažu novada CA plāns, lpp. 144",
    "plans_url": "https://www.ropazi.lv/lv/media/83197/download?attachment",
    "plans_fails": "cap_ropazi_2024_publicesanai_0.md",
    "lpp": 144,
    "citats": "|18.|Ulbrokas PII<br>\"Pienenīte\"|Sabiedriskā<br>ēka|Institūta iela<br>34a, Ulbroka,<br>Stopiņu<br>pagasts|Lielā aktu<br>zāle -<br>200,10<br>m2;<br>lielā<br>sporta zāle<br>- 84,40<br>m2;<br>mazā<br>sporta zāle<br>- 74,20<br>m2;<br>mazā<br>mūzikas<br>zāle -<br>76,60 m2.|124|ir|56.940304|24.288443|",
    "izdevejs": "Ropažu novads (pašvaldība)",
    "geokodesana": "plan_coords",
    "adrese_vzd": "Institūta iela 34A, Ulbroka, Stopiņu pag., Ropažu nov., LV-2130",
    "vzd_kods": "104994663",
    "plana_lat": 56.940304,
    "plana_lon": 24.288443,
    "koord_teksts": "56.940304|24.288443",
    "karodzini": [],
    "vietas": 124,
    "gultas": null,
    "edinasana": "ir",
    "komentars": "Avots: Ropažu novada CA plāns, lpp. 144 · 124 vietas",
    "id": "ropazu-novads-izm-17"
   },
   "geometry": {
    "type": "Point",
    "coordinates": [
     24.288443,
     56.940304
    ]
   }
  },
  {
   "type": "Feature",
   "properties": {
    "kategorija": "izmitinasana",
    "nosaukums": "Vangažu pirmsskolas izglītības iestāde \"Jancis\"",
    "adrese": "Smilšu iela 2, Vangaži, Vangažu pilsēta, Ropažu novads",
    "pasvaldiba": "Ropažu novads",
    "pasvaldiba_slug": "ropazu-novads",
    "nr_plana": 19,
    "avots_teksts": "Avots: Ropažu novada CA plāns, lpp. 144",
    "plans_url": "https://www.ropazi.lv/lv/media/83197/download?attachment",
    "plans_fails": "cap_ropazi_2024_publicesanai_0.md",
    "lpp": 144,
    "citats": "|19.|Vangažu<br>pirmsskolas<br>izglītības<br>iestāde \"Jancis\"|Sabiedriskā<br>ēka|Smilšu iela 2,<br>Vangaži,<br>Vangažu<br>pilsēta,<br>Ropažu<br>novads||800|ir|57.093938866743<br>05|24.54444041928997|",
    "izdevejs": "Ropažu novads (pašvaldība)",
    "geokodesana": "plan_coords",
    "adrese_vzd": "Smilšu iela 2, Vangaži, Ropažu nov., LV-2136",
    "vzd_kods": "103138625",
    "plana_lat": 57.09393886674305,
    "plana_lon": 24.54444041928997,
    "koord_teksts": "57.093938866743<br>05|24.54444041928997",
    "karodzini": [],
    "vietas": 800,
    "gultas": null,
    "edinasana": "ir",
    "izvilkuma_piezime": "Capacity 800 for a pre-school with no room type given; looks high. Lat digits wrapped; joined.",
    "komentars": "Avots: Ropažu novada CA plāns, lpp. 144 · 800 vietas",
    "id": "ropazu-novads-izm-18"
   },
   "geometry": {
    "type": "Point",
    "coordinates": [
     24.54444,
     57.093939
    ]
   }
  },
  {
   "type": "Feature",
   "properties": {
    "kategorija": "izmitinasana",
    "nosaukums": "Ropažu Sporta centrs",
    "adrese": "Sporta 2-k1, Ropaži, Ropažu novads",
    "pasvaldiba": "Ropažu novads",
    "pasvaldiba_slug": "ropazu-novads",
    "nr_plana": 20,
    "avots_teksts": "Avots: Ropažu novada CA plāns, lpp. 145",
    "plans_url": "https://www.ropazi.lv/lv/media/83197/download?attachment",
    "plans_fails": "cap_ropazi_2024_publicesanai_0.md",
    "lpp": 145,
    "citats": "|20.|Ropažu Sporta<br>centrs|Sabiedriskā<br>ēka|Sporta 2-k1,<br>Ropaži,<br>Ropažu<br>novads|Lielā<br>sporta zāle<br>- 670 m2<br>Tribīne ar<br>beņķiem -<br>200 m2<br>Aerobikas<br>zāle - 60<br>m2|266|nav|56.976403949445<br>01|24.646572936018917|",
    "izdevejs": "Ropažu novads (pašvaldība)",
    "geokodesana": "plan_coords",
    "adrese_vzd": "Sporta iela 2 k-1, Ropaži, Ropažu pag., Ropažu nov., LV-2135",
    "vzd_kods": "106397021",
    "plana_lat": 56.97640394944501,
    "plana_lon": 24.646572936018917,
    "koord_teksts": "56.976403949445<br>01|24.646572936018917",
    "karodzini": [],
    "vietas": 266,
    "gultas": null,
    "edinasana": "nav",
    "izvilkuma_piezime": "Lat digits wrapped; joined.",
    "komentars": "Avots: Ropažu novada CA plāns, lpp. 145 · 266 vietas",
    "id": "ropazu-novads-izm-19"
   },
   "geometry": {
    "type": "Point",
    "coordinates": [
     24.646573,
     56.976404
    ]
   }
  },
  {
   "type": "Feature",
   "properties": {
    "kategorija": "izmitinasana",
    "nosaukums": "Ulbrokas sporta komplekss ar struktūrvienību",
    "adrese": "Ulbrokas vidusskola, \"Vālodzes\", Stopiņu pagasts, Ropažu novads",
    "pasvaldiba": "Ropažu novads",
    "pasvaldiba_slug": "ropazu-novads",
    "nr_plana": 21,
    "avots_teksts": "Avots: Ropažu novada CA plāns, lpp. 145",
    "plans_url": "https://www.ropazi.lv/lv/media/83197/download?attachment",
    "plans_fails": "cap_ropazi_2024_publicesanai_0.md",
    "lpp": 145,
    "citats": "|21.|Ulbrokas sporta<br>komplekss ar<br>struktūrvienību|Sabiedriskā<br>ēka|Ulbrokas<br>vidusskola,<br>\"Vālodzes\",<br>Stopiņu<br>pagasts,<br>Ropažu<br>novads|sporta<br>zāle 894,8<br>kvm,<br>mazā zāle<br>180,5<br>kvm,<br>aerobikas<br>zāle 51,9<br>kvm,<br>Policijas<br>ēkas zāle<br>Acones<br>ielā - 63,2<br>kvm.|Ulbrokas<br>kompleksā - 322<br>pers Policijas<br>zālē - 18 pers|nav|56.92909047004<br>0116|24.321619611325033|",
    "izdevejs": "Ropažu novads (pašvaldība)",
    "geokodesana": "plan_coords",
    "adrese_vzd": null,
    "vzd_kods": null,
    "plana_lat": 56.929090470040116,
    "plana_lon": 24.321619611325033,
    "koord_teksts": "56.92909047004<br>0116|24.321619611325033",
    "karodzini": [],
    "vietas": null,
    "gultas": null,
    "edinasana": "nav",
    "izvilkuma_piezime": "Capacity 'Ulbrokas kompleksā - 322 pers Policijas zālē - 18 pers' (second site: police building hall on Acones iela); vietas left null. Lat digits wrapped; joined.",
    "komentars": "Avots: Ropažu novada CA plāns, lpp. 145",
    "id": "ropazu-novads-izm-20"
   },
   "geometry": {
    "type": "Point",
    "coordinates": [
     24.32162,
     56.92909
    ]
   }
  },
  {
   "type": "Feature",
   "properties": {
    "kategorija": "izmitinasana",
    "nosaukums": "Zaķumuižas sporta zāle",
    "adrese": "Skolas iela 3, Zaķumuiža, Ropažu novads",
    "pasvaldiba": "Ropažu novads",
    "pasvaldiba_slug": "ropazu-novads",
    "nr_plana": 22,
    "avots_teksts": "Avots: Ropažu novada CA plāns, lpp. 145",
    "plans_url": "https://www.ropazi.lv/lv/media/83197/download?attachment",
    "plans_fails": "cap_ropazi_2024_publicesanai_0.md",
    "lpp": 145,
    "citats": "|22.|Zaķumuižas<br>sporta zāle|Sabiedriskā<br>ēka|Skolas iela 3,<br>Zaķumuiža,<br>Ropažu<br>novads|Sporta<br>Zāle - 710<br>m2<br>tribīne -<br>70 m2|223|nav|56.968809243293<br>29|24.490407452234173|",
    "izdevejs": "Ropažu novads (pašvaldība)",
    "geokodesana": "plan_coords",
    "adrese_vzd": "Skolas iela 3, Zaķumuiža, Ropažu pag., Ropažu nov., LV-2133",
    "vzd_kods": "105935611",
    "plana_lat": 56.96880924329329,
    "plana_lon": 24.490407452234173,
    "koord_teksts": "56.968809243293<br>29|24.490407452234173",
    "karodzini": [],
    "vietas": 223,
    "gultas": null,
    "edinasana": "nav",
    "izvilkuma_piezime": "Lat digits wrapped; joined.",
    "komentars": "Avots: Ropažu novada CA plāns, lpp. 145 · 223 vietas",
    "id": "ropazu-novads-izm-21"
   },
   "geometry": {
    "type": "Point",
    "coordinates": [
     24.490407,
     56.968809
    ]
   }
  },
  {
   "type": "Feature",
   "properties": {
    "kategorija": "izmitinasana",
    "nosaukums": "Salaspils 1 vidusskola",
    "adrese": "Lauku iela 1, Salaspils",
    "pasvaldiba": "Salaspils novads",
    "pasvaldiba_slug": "salaspils-novads",
    "nr_plana": 1,
    "avots_teksts": "Avots: Salaspils novada CA plāns, lpp. 132",
    "plans_url": "https://www.salaspils.lv/sites/default/files/Civil%C4%81%20aizsardziba/CA_plans_2024_GALA__16.05.2024_Domes_sede.pdf",
    "plans_fails": "CA_plans_2024_GALA__16.05.2024_Domes_sede.md",
    "lpp": 132,
    "citats": "|1|Salaspils 1<br>vidusskola|Izglītības<br>iestāde|Lauku iela 1,<br>Salaspils<br>Ceru iela 1,<br>Salaspils|Aktu zāle,<br>sporta zāle,<br>mācību<br>klases|400|ir|nav|Lauku iela:<br>56.856185, 24.338676<br>Ceru iela:<br>56.856701,24.336144|",
    "izdevejs": "Salaspils novads (pašvaldība)",
    "geokodesana": "plan_coords",
    "adrese_vzd": "Lauku iela 1, Salaspils, Salaspils nov., LV-2121",
    "vzd_kods": "101274774",
    "plana_lat": 56.856185,
    "plana_lon": 24.338676,
    "koord_teksts": "56.856185, 24.338676",
    "karodzini": [],
    "vietas": null,
    "gultas": null,
    "edinasana": "ir",
    "izvilkuma_piezime": "Row has two buildings (Lauku iela 1 and Ceru iela 1) with separate coordinates and a shared capacity of 400; split into two records, vietas left null. Guļ vietas: 'nav' (yes/no, not a count).",
    "komentars": "Avots: Salaspils novada CA plāns, lpp. 132",
    "id": "salaspils-novads-izm-1"
   },
   "geometry": {
    "type": "Point",
    "coordinates": [
     24.338676,
     56.856185
    ]
   }
  },
  {
   "type": "Feature",
   "properties": {
    "kategorija": "izmitinasana",
    "nosaukums": "Salaspils 1 vidusskola",
    "adrese": "Ceru iela 1, Salaspils",
    "pasvaldiba": "Salaspils novads",
    "pasvaldiba_slug": "salaspils-novads",
    "nr_plana": 1,
    "avots_teksts": "Avots: Salaspils novada CA plāns, lpp. 132",
    "plans_url": "https://www.salaspils.lv/sites/default/files/Civil%C4%81%20aizsardziba/CA_plans_2024_GALA__16.05.2024_Domes_sede.pdf",
    "plans_fails": "CA_plans_2024_GALA__16.05.2024_Domes_sede.md",
    "lpp": 132,
    "citats": "|1|Salaspils 1<br>vidusskola|Izglītības<br>iestāde|Lauku iela 1,<br>Salaspils<br>Ceru iela 1,<br>Salaspils|Aktu zāle,<br>sporta zāle,<br>mācību<br>klases|400|ir|nav|Lauku iela:<br>56.856185, 24.338676<br>Ceru iela:<br>56.856701,24.336144|",
    "izdevejs": "Salaspils novads (pašvaldība)",
    "geokodesana": "plan_coords",
    "adrese_vzd": "Ceru iela 1, Salaspils, Salaspils nov., LV-2121",
    "vzd_kods": "105566465",
    "plana_lat": 56.856701,
    "plana_lon": 24.336144,
    "koord_teksts": "56.856701,24.336144",
    "karodzini": [],
    "vietas": null,
    "gultas": null,
    "edinasana": "ir",
    "izvilkuma_piezime": "Second building of row 1 (shared capacity 400). Guļ vietas: 'nav' (yes/no, not a count).",
    "komentars": "Avots: Salaspils novada CA plāns, lpp. 132",
    "id": "salaspils-novads-izm-2"
   },
   "geometry": {
    "type": "Point",
    "coordinates": [
     24.336144,
     56.856701
    ]
   }
  },
  {
   "type": "Feature",
   "properties": {
    "kategorija": "izmitinasana",
    "nosaukums": "Salaspils pamatskola",
    "adrese": "Skolas iela 6, Salaspils",
    "pasvaldiba": "Salaspils novads",
    "pasvaldiba_slug": "salaspils-novads",
    "nr_plana": 2,
    "avots_teksts": "Avots: Salaspils novada CA plāns, lpp. 132",
    "plans_url": "https://www.salaspils.lv/sites/default/files/Civil%C4%81%20aizsardziba/CA_plans_2024_GALA__16.05.2024_Domes_sede.pdf",
    "plans_fails": "CA_plans_2024_GALA__16.05.2024_Domes_sede.md",
    "lpp": 132,
    "citats": "|2|Salaspils<br>pamatskola|Izglītības<br>iestāde|Skolas iela 6,<br>Salaspils|Aktu zāle,<br>sporta zāle,<br>mācību<br>klases|200|ir|nav|56.856290, 24.334481|",
    "izdevejs": "Salaspils novads (pašvaldība)",
    "geokodesana": "plan_coords",
    "adrese_vzd": "Skolas iela 6, Salaspils, Salaspils nov., LV-2121",
    "vzd_kods": "101277320",
    "plana_lat": 56.85629,
    "plana_lon": 24.334481,
    "koord_teksts": "56.856290, 24.334481",
    "karodzini": [],
    "vietas": 200,
    "gultas": null,
    "edinasana": "ir",
    "izvilkuma_piezime": "Guļ vietas: 'nav' (yes/no, not a count).",
    "komentars": "Avots: Salaspils novada CA plāns, lpp. 132 · 200 vietas",
    "id": "salaspils-novads-izm-3"
   },
   "geometry": {
    "type": "Point",
    "coordinates": [
     24.334481,
     56.85629
    ]
   }
  },
  {
   "type": "Feature",
   "properties": {
    "kategorija": "izmitinasana",
    "nosaukums": "Salaspils sporta nams",
    "adrese": "Smilšu iela 1, Salaspils",
    "pasvaldiba": "Salaspils novads",
    "pasvaldiba_slug": "salaspils-novads",
    "nr_plana": 3,
    "avots_teksts": "Avots: Salaspils novada CA plāns, lpp. 132",
    "plans_url": "https://www.salaspils.lv/sites/default/files/Civil%C4%81%20aizsardziba/CA_plans_2024_GALA__16.05.2024_Domes_sede.pdf",
    "plans_fails": "CA_plans_2024_GALA__16.05.2024_Domes_sede.md",
    "lpp": 132,
    "citats": "|3|Salaspils sporta<br>nams|Sporta<br>halle|Smilšu iela 1,<br>Salaspils|Sporta halle<br>u.c. telpas|1000|nav|nav|56.859041, 24.334481|",
    "izdevejs": "Salaspils novads (pašvaldība)",
    "geokodesana": "plan_coords",
    "adrese_vzd": "Smilšu iela 1, Salaspils, Salaspils nov., LV-2121",
    "vzd_kods": "104979907",
    "plana_lat": 56.859041,
    "plana_lon": 24.334481,
    "koord_teksts": "56.859041, 24.334481",
    "karodzini": [],
    "vietas": 1000,
    "gultas": null,
    "edinasana": "nav",
    "izvilkuma_piezime": "Longitude identical to row 2 (24.334481) - possibly copied. Guļ vietas: 'nav' (yes/no, not a count).",
    "komentars": "Avots: Salaspils novada CA plāns, lpp. 132 · 1000 vietas",
    "id": "salaspils-novads-izm-4"
   },
   "geometry": {
    "type": "Point",
    "coordinates": [
     24.334481,
     56.859041
    ]
   }
  },
  {
   "type": "Feature",
   "properties": {
    "kategorija": "izmitinasana",
    "nosaukums": "Salaspils sporta skola",
    "adrese": "Līvzemes iela 22, Salaspils",
    "pasvaldiba": "Salaspils novads",
    "pasvaldiba_slug": "salaspils-novads",
    "nr_plana": 4,
    "avots_teksts": "Avots: Salaspils novada CA plāns, lpp. 132",
    "plans_url": "https://www.salaspils.lv/sites/default/files/Civil%C4%81%20aizsardziba/CA_plans_2024_GALA__16.05.2024_Domes_sede.pdf",
    "plans_fails": "CA_plans_2024_GALA__16.05.2024_Domes_sede.md",
    "lpp": 132,
    "citats": "|4|Salaspils sporta<br>skola|Sporta<br>halle|Līvzemes iela 22,<br>Salaspils|Sporta zāle|100|nav|nav|56.855996, 24.351937|",
    "izdevejs": "Salaspils novads (pašvaldība)",
    "geokodesana": "plan_coords",
    "adrese_vzd": "Līvzemes iela 22, Salaspils, Salaspils nov., LV-2169",
    "vzd_kods": "101275003",
    "plana_lat": 56.855996,
    "plana_lon": 24.351937,
    "koord_teksts": "56.855996, 24.351937",
    "karodzini": [],
    "vietas": 100,
    "gultas": null,
    "edinasana": "nav",
    "izvilkuma_piezime": "Guļ vietas: 'nav' (yes/no, not a count).",
    "komentars": "Avots: Salaspils novada CA plāns, lpp. 132 · 100 vietas",
    "id": "salaspils-novads-izm-5"
   },
   "geometry": {
    "type": "Point",
    "coordinates": [
     24.351937,
     56.855996
    ]
   }
  },
  {
   "type": "Feature",
   "properties": {
    "kategorija": "izmitinasana",
    "nosaukums": "Veselības centrs",
    "adrese": "Lauku iela 8, Salaspils",
    "pasvaldiba": "Salaspils novads",
    "pasvaldiba_slug": "salaspils-novads",
    "nr_plana": 5,
    "avots_teksts": "Avots: Salaspils novada CA plāns, lpp. 132",
    "plans_url": "https://www.salaspils.lv/sites/default/files/Civil%C4%81%20aizsardziba/CA_plans_2024_GALA__16.05.2024_Domes_sede.pdf",
    "plans_fails": "CA_plans_2024_GALA__16.05.2024_Domes_sede.md",
    "lpp": 132,
    "citats": "|5|Veselības<br>centrs<br><br>|Ārstniecīb<br>as iestāde|Lauku iela 8,<br>Salaspils|Dienas<br>stacionāra<br>telpas|20|nav|ir|56.854806, 24.339062|",
    "izdevejs": "Salaspils novads (pašvaldība)",
    "geokodesana": "plan_coords",
    "adrese_vzd": "Lauku iela 8, Salaspils, Salaspils nov., LV-2121",
    "vzd_kods": "101274862",
    "plana_lat": 56.854806,
    "plana_lon": 24.339062,
    "koord_teksts": "56.854806, 24.339062",
    "karodzini": [],
    "vietas": 20,
    "gultas": null,
    "edinasana": "nav",
    "izvilkuma_piezime": "Guļ vietas: 'ir' (yes/no, not a count).",
    "komentars": "Avots: Salaspils novada CA plāns, lpp. 132 · 20 vietas",
    "id": "salaspils-novads-izm-6"
   },
   "geometry": {
    "type": "Point",
    "coordinates": [
     24.339062,
     56.854806
    ]
   }
  },
  {
   "type": "Feature",
   "properties": {
    "kategorija": "izmitinasana",
    "nosaukums": "K/n “Rīgava”",
    "adrese": "Līvzemes iela 7, Salaspils",
    "pasvaldiba": "Salaspils novads",
    "pasvaldiba_slug": "salaspils-novads",
    "nr_plana": 6,
    "avots_teksts": "Avots: Salaspils novada CA plāns, lpp. 132",
    "plans_url": "https://www.salaspils.lv/sites/default/files/Civil%C4%81%20aizsardziba/CA_plans_2024_GALA__16.05.2024_Domes_sede.pdf",
    "plans_fails": "CA_plans_2024_GALA__16.05.2024_Domes_sede.md",
    "lpp": 132,
    "citats": "|6|K/n “Rīgava”|Kultūras<br>iestāde|Līvzemes iela 7,<br>Salaspils|zāles|300|ir|nav|56.858830, 24.350252|",
    "izdevejs": "Salaspils novads (pašvaldība)",
    "geokodesana": "plan_coords",
    "adrese_vzd": "Līvzemes iela 7, Salaspils, Salaspils nov., LV-2169",
    "vzd_kods": "101275085",
    "plana_lat": 56.85883,
    "plana_lon": 24.350252,
    "koord_teksts": "56.858830, 24.350252",
    "karodzini": [],
    "vietas": 300,
    "gultas": null,
    "edinasana": "ir",
    "izvilkuma_piezime": "Guļ vietas: 'nav' (yes/no, not a count).",
    "komentars": "Avots: Salaspils novada CA plāns, lpp. 132 · 300 vietas",
    "id": "salaspils-novads-izm-7"
   },
   "geometry": {
    "type": "Point",
    "coordinates": [
     24.350252,
     56.85883
    ]
   }
  },
  {
   "type": "Feature",
   "properties": {
    "kategorija": "izmitinasana",
    "nosaukums": "PII \"Atvasīte\"",
    "adrese": "Meža iela 6, Salaspils",
    "pasvaldiba": "Salaspils novads",
    "pasvaldiba_slug": "salaspils-novads",
    "nr_plana": 7,
    "avots_teksts": "Avots: Salaspils novada CA plāns, lpp. 132",
    "plans_url": "https://www.salaspils.lv/sites/default/files/Civil%C4%81%20aizsardziba/CA_plans_2024_GALA__16.05.2024_Domes_sede.pdf",
    "plans_fails": "CA_plans_2024_GALA__16.05.2024_Domes_sede.md",
    "lpp": 132,
    "citats": "|7|PII \"Atvasīte\"|Izglītības<br>iestāde|Meža iela 6,<br>Salaspils|Mācību<br>telpas|80|ir|ir|56.871841, 24.343300|",
    "izdevejs": "Salaspils novads (pašvaldība)",
    "geokodesana": "plan_coords",
    "adrese_vzd": "Meža iela 6, Salaspils, Salaspils nov., LV-2169",
    "vzd_kods": "101275286",
    "plana_lat": 56.871841,
    "plana_lon": 24.3433,
    "koord_teksts": "56.871841, 24.343300",
    "karodzini": [],
    "vietas": 80,
    "gultas": null,
    "edinasana": "ir",
    "izvilkuma_piezime": "Guļ vietas: 'ir' (yes/no, not a count).",
    "komentars": "Avots: Salaspils novada CA plāns, lpp. 132 · 80 vietas",
    "id": "salaspils-novads-izm-8"
   },
   "geometry": {
    "type": "Point",
    "coordinates": [
     24.3433,
     56.871841
    ]
   }
  },
  {
   "type": "Feature",
   "properties": {
    "kategorija": "izmitinasana",
    "nosaukums": "PII \"Daugaviņa\"",
    "adrese": "Zvejnieku iela 10, Saulkalne",
    "pasvaldiba": "Salaspils novads",
    "pasvaldiba_slug": "salaspils-novads",
    "nr_plana": 8,
    "avots_teksts": "Avots: Salaspils novada CA plāns, lpp. 132",
    "plans_url": "https://www.salaspils.lv/sites/default/files/Civil%C4%81%20aizsardziba/CA_plans_2024_GALA__16.05.2024_Domes_sede.pdf",
    "plans_fails": "CA_plans_2024_GALA__16.05.2024_Domes_sede.md",
    "lpp": 132,
    "citats": "|8|PII \"Daugaviņa\"|Izglītības<br>iestāde|Zvejnieku iela 10,<br>Saulkalne|Mācību<br>telpas|80|ir|ir|56.84373481075963,<br>24.4361514248039|",
    "izdevejs": "Salaspils novads (pašvaldība)",
    "geokodesana": "plan_coords",
    "adrese_vzd": "Zvejnieku iela 10, Saulkalne, Salaspils pag., Salaspils nov., LV-2117",
    "vzd_kods": "103118886",
    "plana_lat": 56.84373481075963,
    "plana_lon": 24.4361514248039,
    "koord_teksts": "56.84373481075963,<br>24.4361514248039",
    "karodzini": [],
    "vietas": 80,
    "gultas": null,
    "edinasana": "ir",
    "izvilkuma_piezime": "Guļ vietas: 'ir' (yes/no, not a count).",
    "komentars": "Avots: Salaspils novada CA plāns, lpp. 132 · 80 vietas",
    "id": "salaspils-novads-izm-9"
   },
   "geometry": {
    "type": "Point",
    "coordinates": [
     24.436151,
     56.843735
    ]
   }
  },
  {
   "type": "Feature",
   "properties": {
    "kategorija": "izmitinasana",
    "nosaukums": "PII “Saime”",
    "adrese": "Miera iela 16/9, Salaspils",
    "pasvaldiba": "Salaspils novads",
    "pasvaldiba_slug": "salaspils-novads",
    "nr_plana": 9,
    "avots_teksts": "Avots: Salaspils novada CA plāns, lpp. 132",
    "plans_url": "https://www.salaspils.lv/sites/default/files/Civil%C4%81%20aizsardziba/CA_plans_2024_GALA__16.05.2024_Domes_sede.pdf",
    "plans_fails": "CA_plans_2024_GALA__16.05.2024_Domes_sede.md",
    "lpp": 132,
    "citats": "|9|PII “Saime”|Izglītības<br>iestāde|Miera iela 16/9,<br>Salaspils|Mācību<br>telpas|80|ir|ir|56.862496, 24.368384|",
    "izdevejs": "Salaspils novads (pašvaldība)",
    "geokodesana": "plan_coords",
    "adrese_vzd": null,
    "vzd_kods": null,
    "plana_lat": 56.862496,
    "plana_lon": 24.368384,
    "koord_teksts": "56.862496, 24.368384",
    "karodzini": [],
    "vietas": 80,
    "gultas": null,
    "edinasana": "ir",
    "izvilkuma_piezime": "Guļ vietas: 'ir' (yes/no, not a count).",
    "komentars": "Avots: Salaspils novada CA plāns, lpp. 132 · 80 vietas",
    "id": "salaspils-novads-izm-10"
   },
   "geometry": {
    "type": "Point",
    "coordinates": [
     24.368384,
     56.862496
    ]
   }
  },
  {
   "type": "Feature",
   "properties": {
    "kategorija": "izmitinasana",
    "nosaukums": "Salaspils dzīvokļu fonds",
    "adrese": "Skolas iela 7, Salaspils",
    "pasvaldiba": "Salaspils novads",
    "pasvaldiba_slug": "salaspils-novads",
    "nr_plana": 10,
    "avots_teksts": "Avots: Salaspils novada CA plāns, lpp. 132",
    "plans_url": "https://www.salaspils.lv/sites/default/files/Civil%C4%81%20aizsardziba/CA_plans_2024_GALA__16.05.2024_Domes_sede.pdf",
    "plans_fails": "CA_plans_2024_GALA__16.05.2024_Domes_sede.md",
    "lpp": 132,
    "citats": "|10|Salaspils<br>dzīvokļu fonds<br>|Pašvaldīb<br>as iestāde|Skolas iela 7,<br>Salaspils|Kopmītne|8|nav|ir|56.854214, 24.334524|",
    "izdevejs": "Salaspils novads (pašvaldība)",
    "geokodesana": "plan_coords",
    "adrese_vzd": "Skolas iela 7, Salaspils, Salaspils nov., LV-2121",
    "vzd_kods": "101277337",
    "plana_lat": 56.854214,
    "plana_lon": 24.334524,
    "koord_teksts": "56.854214, 24.334524",
    "karodzini": [],
    "vietas": 8,
    "gultas": null,
    "edinasana": "nav",
    "izvilkuma_piezime": "Guļ vietas: 'ir' (yes/no, not a count).",
    "komentars": "Avots: Salaspils novada CA plāns, lpp. 132 · 8 vietas",
    "id": "salaspils-novads-izm-11"
   },
   "geometry": {
    "type": "Point",
    "coordinates": [
     24.334524,
     56.854214
    ]
   }
  },
  {
   "type": "Feature",
   "properties": {
    "kategorija": "izmitinasana",
    "nosaukums": "PII \"Salaspils 2.pirmsskola\" (PII “Ritenītis”)",
    "adrese": "Rīgas iela 10, Salaspils",
    "pasvaldiba": "Salaspils novads",
    "pasvaldiba_slug": "salaspils-novads",
    "nr_plana": 11,
    "avots_teksts": "Avots: Salaspils novada CA plāns, lpp. 132",
    "plans_url": "https://www.salaspils.lv/sites/default/files/Civil%C4%81%20aizsardziba/CA_plans_2024_GALA__16.05.2024_Domes_sede.pdf",
    "plans_fails": "CA_plans_2024_GALA__16.05.2024_Domes_sede.md",
    "lpp": 132,
    "citats": "|11|PII \"Salaspils<br>2.pirmsskola\"|Izglītības<br>iestāde|PII “Ritenītis” -<br>Rīgas iela 10,<br>Salaspils|Mācību<br>telpas|80|ir|ir|PII“Ritenītis”:<br>56.852577, 24.340543|",
    "izdevejs": "Salaspils novads (pašvaldība)",
    "geokodesana": "plan_coords",
    "adrese_vzd": "Rīgas iela 10, Salaspils, Salaspils nov., LV-2121",
    "vzd_kods": "103095114",
    "plana_lat": 56.852577,
    "plana_lon": 24.340543,
    "koord_teksts": "56.852577, 24.340543",
    "karodzini": [],
    "vietas": 80,
    "gultas": null,
    "edinasana": "ir",
    "izvilkuma_piezime": "Guļ vietas: 'ir' (yes/no, not a count).",
    "komentars": "Avots: Salaspils novada CA plāns, lpp. 132 · 80 vietas",
    "id": "salaspils-novads-izm-12"
   },
   "geometry": {
    "type": "Point",
    "coordinates": [
     24.340543,
     56.852577
    ]
   }
  },
  {
   "type": "Feature",
   "properties": {
    "kategorija": "izmitinasana",
    "nosaukums": "PII \"Salaspils 1.pirmsskola\" (PII “Saulīte”)",
    "adrese": "Enerģētiķu iela 17, Salaspils",
    "pasvaldiba": "Salaspils novads",
    "pasvaldiba_slug": "salaspils-novads",
    "nr_plana": 12,
    "avots_teksts": "Avots: Salaspils novada CA plāns, lpp. 132",
    "plans_url": "https://www.salaspils.lv/sites/default/files/Civil%C4%81%20aizsardziba/CA_plans_2024_GALA__16.05.2024_Domes_sede.pdf",
    "plans_fails": "CA_plans_2024_GALA__16.05.2024_Domes_sede.md",
    "lpp": 132,
    "citats": "|12|PII \"Salaspils<br>1.pirmsskola\"|Izglītības<br>iestāde|PII “Saulīte” -<br>Enerģētiķu iela 17<br>PII “Jāņtārpiņš”-<br>Enerģētiķu iela 4B,<br>Salaspils|Mācību<br>telpas|80 +80|ir|ir|PII“Saulīte”:<br>56.856906, 24.330275<br>PII“Jāņtārpiņš”:<br>56.854666, 24.332292|",
    "izdevejs": "Salaspils novads (pašvaldība)",
    "geokodesana": "plan_coords",
    "adrese_vzd": "Enerģētiķu iela 17, Salaspils, Salaspils nov., LV-2121",
    "vzd_kods": "101274155",
    "plana_lat": 56.856906,
    "plana_lon": 24.330275,
    "koord_teksts": "56.856906, 24.330275",
    "karodzini": [],
    "vietas": 80,
    "gultas": null,
    "edinasana": "ir",
    "izvilkuma_piezime": "Row has two buildings with capacity '80 +80'; split into two records with 80 each. Guļ vietas: 'ir' (yes/no, not a count).",
    "komentars": "Avots: Salaspils novada CA plāns, lpp. 132 · 80 vietas",
    "id": "salaspils-novads-izm-13"
   },
   "geometry": {
    "type": "Point",
    "coordinates": [
     24.330275,
     56.856906
    ]
   }
  },
  {
   "type": "Feature",
   "properties": {
    "kategorija": "izmitinasana",
    "nosaukums": "PII \"Salaspils 1.pirmsskola\" (PII “Jāņtārpiņš”)",
    "adrese": "Enerģētiķu iela 4B, Salaspils",
    "pasvaldiba": "Salaspils novads",
    "pasvaldiba_slug": "salaspils-novads",
    "nr_plana": 12,
    "avots_teksts": "Avots: Salaspils novada CA plāns, lpp. 132",
    "plans_url": "https://www.salaspils.lv/sites/default/files/Civil%C4%81%20aizsardziba/CA_plans_2024_GALA__16.05.2024_Domes_sede.pdf",
    "plans_fails": "CA_plans_2024_GALA__16.05.2024_Domes_sede.md",
    "lpp": 132,
    "citats": "|12|PII \"Salaspils<br>1.pirmsskola\"|Izglītības<br>iestāde|PII “Saulīte” -<br>Enerģētiķu iela 17<br>PII “Jāņtārpiņš”-<br>Enerģētiķu iela 4B,<br>Salaspils|Mācību<br>telpas|80 +80|ir|ir|PII“Saulīte”:<br>56.856906, 24.330275<br>PII“Jāņtārpiņš”:<br>56.854666, 24.332292|",
    "izdevejs": "Salaspils novads (pašvaldība)",
    "geokodesana": "plan_coords",
    "adrese_vzd": "Enerģētiķu iela 4B, Salaspils, Salaspils nov., LV-2121",
    "vzd_kods": "103096977",
    "plana_lat": 56.854666,
    "plana_lon": 24.332292,
    "koord_teksts": "56.854666, 24.332292",
    "karodzini": [],
    "vietas": 80,
    "gultas": null,
    "edinasana": "ir",
    "izvilkuma_piezime": "Second building of row 12. Guļ vietas: 'ir' (yes/no, not a count).",
    "komentars": "Avots: Salaspils novada CA plāns, lpp. 132 · 80 vietas",
    "id": "salaspils-novads-izm-14"
   },
   "geometry": {
    "type": "Point",
    "coordinates": [
     24.332292,
     56.854666
    ]
   }
  },
  {
   "type": "Feature",
   "properties": {
    "kategorija": "izmitinasana",
    "nosaukums": "Viesnīca „Demians”",
    "adrese": "Saldus, Rīgas iela 10a",
    "pasvaldiba": "Saldus novads",
    "pasvaldiba_slug": "saldus-novads",
    "nr_plana": 1,
    "avots_teksts": "Avots: Saldus novada CA plāns, lpp. 137",
    "plans_url": "https://www.saldus.lv/wp-content/uploads/2021/12/Saldus_novada_sadarbibas_teritorijas_civilas_aizsardzibas_plana_grozijumi_21.12.2023.pdf",
    "plans_fails": "Saldus_novada_sadarbibas_teritorijas_civilas_aizsardzibas_plana_grozijumi_21.12.2023.md",
    "lpp": 137,
    "citats": "|1.|Viesnīca „Demians”,<br>tel.+371 63881596|Viesnīca|Saldus, Rīgas iela<br>10a|56.66435|22.4947<br>2|Viesnīcas<br>istabas,<br>restorāns|20|Ir|20|",
    "izdevejs": "Saldus novads (pašvaldība)",
    "geokodesana": "plan_coords",
    "adrese_vzd": "Rīgas iela 10A, Saldus, Saldus nov., LV-3801",
    "vzd_kods": "103135564",
    "plana_lat": 56.66435,
    "plana_lon": 22.49472,
    "koord_teksts": "56.66435|22.4947<br>2",
    "karodzini": [],
    "vietas": 20,
    "gultas": 20,
    "edinasana": "Ir",
    "izvilkuma_piezime": "Coordinate digits wrapped onto a second line inside the table cell (<br>); joined here.",
    "komentars": "Avots: Saldus novada CA plāns, lpp. 137 · 20 vietas",
    "id": "saldus-novads-izm-1"
   },
   "geometry": {
    "type": "Point",
    "coordinates": [
     22.49472,
     56.66435
    ]
   }
  },
  {
   "type": "Feature",
   "properties": {
    "kategorija": "izmitinasana",
    "nosaukums": "Dzīvoklis Saldus centrā",
    "adrese": "Saldus, Rīgas iela 13-4",
    "pasvaldiba": "Saldus novads",
    "pasvaldiba_slug": "saldus-novads",
    "nr_plana": 2,
    "avots_teksts": "Avots: Saldus novada CA plāns, lpp. 137",
    "plans_url": "https://www.saldus.lv/wp-content/uploads/2021/12/Saldus_novada_sadarbibas_teritorijas_civilas_aizsardzibas_plana_grozijumi_21.12.2023.pdf",
    "plans_fails": "Saldus_novada_sadarbibas_teritorijas_civilas_aizsardzibas_plana_grozijumi_21.12.2023.md",
    "lpp": 137,
    "citats": "|2.|Dzīvoklis Saldus centrā,<br>tel. +371 26376325|Dzīvoklis|Saldus, Rīgas iela<br>13-4|56.66478|22.4966<br>1|Dzīvoklis|2|Ir|2|",
    "izdevejs": "Saldus novads (pašvaldība)",
    "geokodesana": "plan_coords",
    "adrese_vzd": null,
    "vzd_kods": null,
    "plana_lat": 56.66478,
    "plana_lon": 22.49661,
    "koord_teksts": "56.66478|22.4966<br>1",
    "karodzini": [],
    "vietas": 2,
    "gultas": 2,
    "edinasana": "Ir",
    "izvilkuma_piezime": "Coordinate digits wrapped onto a second line inside the table cell (<br>); joined here.",
    "komentars": "Avots: Saldus novada CA plāns, lpp. 137 · 2 vietas",
    "id": "saldus-novads-izm-2"
   },
   "geometry": {
    "type": "Point",
    "coordinates": [
     22.49661,
     56.66478
    ]
   }
  },
  {
   "type": "Feature",
   "properties": {
    "kategorija": "izmitinasana",
    "nosaukums": "Dzīvoklis “Saules iela”",
    "adrese": "Saules iela 2a, Saldus",
    "pasvaldiba": "Saldus novads",
    "pasvaldiba_slug": "saldus-novads",
    "nr_plana": 3,
    "avots_teksts": "Avots: Saldus novada CA plāns, lpp. 137",
    "plans_url": "https://www.saldus.lv/wp-content/uploads/2021/12/Saldus_novada_sadarbibas_teritorijas_civilas_aizsardzibas_plana_grozijumi_21.12.2023.pdf",
    "plans_fails": "Saldus_novada_sadarbibas_teritorijas_civilas_aizsardzibas_plana_grozijumi_21.12.2023.md",
    "lpp": 137,
    "citats": "|3.|Dzīvoklis“Saules iela”,<br>tel. +371 24002400|Dzīvoklis|Saules iela 2a,<br>Saldus|56.66300<br>6|22.4862<br>54|Dzīvoklis|2|Ir|2|",
    "izdevejs": "Saldus novads (pašvaldība)",
    "geokodesana": "plan_coords",
    "adrese_vzd": "Saules iela 2A, Saldus, Saldus nov., LV-3801",
    "vzd_kods": "102098382",
    "plana_lat": 56.663006,
    "plana_lon": 22.486254,
    "koord_teksts": "56.66300<br>6|22.4862<br>54",
    "karodzini": [],
    "vietas": 2,
    "gultas": 2,
    "edinasana": "Ir",
    "izvilkuma_piezime": "Coordinate digits wrapped onto a second line inside the table cell (<br>); joined here.",
    "komentars": "Avots: Saldus novada CA plāns, lpp. 137 · 2 vietas",
    "id": "saldus-novads-izm-3"
   },
   "geometry": {
    "type": "Point",
    "coordinates": [
     22.486254,
     56.663006
    ]
   }
  },
  {
   "type": "Feature",
   "properties": {
    "kategorija": "izmitinasana",
    "nosaukums": "Apartamenti „MIUDA”",
    "adrese": "Saldus, Striķu iela 30",
    "pasvaldiba": "Saldus novads",
    "pasvaldiba_slug": "saldus-novads",
    "nr_plana": 4,
    "avots_teksts": "Avots: Saldus novada CA plāns, lpp. 137",
    "plans_url": "https://www.saldus.lv/wp-content/uploads/2021/12/Saldus_novada_sadarbibas_teritorijas_civilas_aizsardzibas_plana_grozijumi_21.12.2023.pdf",
    "plans_fails": "Saldus_novada_sadarbibas_teritorijas_civilas_aizsardzibas_plana_grozijumi_21.12.2023.md",
    "lpp": 137,
    "citats": "|4.|Apartamenti „MIUDA”,<br>tel. +371 26563716|Dzīvoklis|Saldus, Striķu iela<br>30|56.66129|22.4970<br>6|Dzīvoklis|6|Ir|6|",
    "izdevejs": "Saldus novads (pašvaldība)",
    "geokodesana": "plan_coords",
    "adrese_vzd": "Striķu iela 30, Saldus, Saldus nov., LV-3801",
    "vzd_kods": "101262317",
    "plana_lat": 56.66129,
    "plana_lon": 22.49706,
    "koord_teksts": "56.66129|22.4970<br>6",
    "karodzini": [],
    "vietas": 6,
    "gultas": 6,
    "edinasana": "Ir",
    "izvilkuma_piezime": "Coordinate digits wrapped onto a second line inside the table cell (<br>); joined here.",
    "komentars": "Avots: Saldus novada CA plāns, lpp. 137 · 6 vietas",
    "id": "saldus-novads-izm-4"
   },
   "geometry": {
    "type": "Point",
    "coordinates": [
     22.49706,
     56.66129
    ]
   }
  },
  {
   "type": "Feature",
   "properties": {
    "kategorija": "izmitinasana",
    "nosaukums": "AndanoLoft",
    "adrese": "Lielcieceres iela 29-63, Brocēni",
    "pasvaldiba": "Saldus novads",
    "pasvaldiba_slug": "saldus-novads",
    "nr_plana": 5,
    "avots_teksts": "Avots: Saldus novada CA plāns, lpp. 137",
    "plans_url": "https://www.saldus.lv/wp-content/uploads/2021/12/Saldus_novada_sadarbibas_teritorijas_civilas_aizsardzibas_plana_grozijumi_21.12.2023.pdf",
    "plans_fails": "Saldus_novada_sadarbibas_teritorijas_civilas_aizsardzibas_plana_grozijumi_21.12.2023.md",
    "lpp": 137,
    "citats": "|5.|AndanoLoft, tel. +371<br>29900656|Dzīvoklis|Lielcieceres iela<br>29-63, Brocēni|56.67574<br>9|22.5693<br>89|Dzīvoklis|4|Ir|4|",
    "izdevejs": "Saldus novads (pašvaldība)",
    "geokodesana": "plan_coords",
    "adrese_vzd": null,
    "vzd_kods": null,
    "plana_lat": 56.675749,
    "plana_lon": 22.569389,
    "koord_teksts": "56.67574<br>9|22.5693<br>89",
    "karodzini": [],
    "vietas": 4,
    "gultas": 4,
    "edinasana": "Ir",
    "izvilkuma_piezime": "Coordinate digits wrapped onto a second line inside the table cell (<br>); joined here.",
    "komentars": "Avots: Saldus novada CA plāns, lpp. 137 · 4 vietas",
    "id": "saldus-novads-izm-5"
   },
   "geometry": {
    "type": "Point",
    "coordinates": [
     22.569389,
     56.675749
    ]
   }
  },
  {
   "type": "Feature",
   "properties": {
    "kategorija": "izmitinasana",
    "nosaukums": "LaipaSPA apartamenti",
    "adrese": "Lielcieceres iela 25, Brocēni",
    "pasvaldiba": "Saldus novads",
    "pasvaldiba_slug": "saldus-novads",
    "nr_plana": 6,
    "avots_teksts": "Avots: Saldus novada CA plāns, lpp. 137",
    "plans_url": "https://www.saldus.lv/wp-content/uploads/2021/12/Saldus_novada_sadarbibas_teritorijas_civilas_aizsardzibas_plana_grozijumi_21.12.2023.pdf",
    "plans_fails": "Saldus_novada_sadarbibas_teritorijas_civilas_aizsardzibas_plana_grozijumi_21.12.2023.md",
    "lpp": 137,
    "citats": "|6.|LaipaSPA apartamenti,<br>tel. +371 29782124|Dzīvoklis|Lielcieceres iela<br>25, Brocēni|56.67667<br>8|22.5692<br>23|Dzīvoklis|4|Ir|4|",
    "izdevejs": "Saldus novads (pašvaldība)",
    "geokodesana": "plan_coords",
    "adrese_vzd": "Lielcieceres iela 25, Brocēni, Saldus nov., LV-3851",
    "vzd_kods": "101265435",
    "plana_lat": 56.676678,
    "plana_lon": 22.569223,
    "koord_teksts": "56.67667<br>8|22.5692<br>23",
    "karodzini": [],
    "vietas": 4,
    "gultas": 4,
    "edinasana": "Ir",
    "izvilkuma_piezime": "Coordinate digits wrapped onto a second line inside the table cell (<br>); joined here.",
    "komentars": "Avots: Saldus novada CA plāns, lpp. 137 · 4 vietas",
    "id": "saldus-novads-izm-6"
   },
   "geometry": {
    "type": "Point",
    "coordinates": [
     22.569223,
     56.676678
    ]
   }
  },
  {
   "type": "Feature",
   "properties": {
    "kategorija": "izmitinasana",
    "nosaukums": "Apartamenti “Airīte”",
    "adrese": "“Airītes stacija”, Zirņu pag.",
    "pasvaldiba": "Saldus novads",
    "pasvaldiba_slug": "saldus-novads",
    "nr_plana": 7,
    "avots_teksts": "Avots: Saldus novada CA plāns, lpp. 137",
    "plans_url": "https://www.saldus.lv/wp-content/uploads/2021/12/Saldus_novada_sadarbibas_teritorijas_civilas_aizsardzibas_plana_grozijumi_21.12.2023.pdf",
    "plans_fails": "Saldus_novada_sadarbibas_teritorijas_civilas_aizsardzibas_plana_grozijumi_21.12.2023.md",
    "lpp": 137,
    "citats": "|7.|Apartamenti “Airīte”,<br>tel. +371 29503503|Dzīvoklis|“Airītes stacija”,<br>Zirņu pag.|56.70575|22.1724<br>9|Istabas<br>stacijas ēkā|7|Ir|7|",
    "izdevejs": "Saldus novads (pašvaldība)",
    "geokodesana": "plan_coords",
    "adrese_vzd": "\"Airītes stacija\", Zirņu pag., Saldus nov., LV-3853",
    "vzd_kods": "104379295",
    "plana_lat": 56.70575,
    "plana_lon": 22.17249,
    "koord_teksts": "56.70575|22.1724<br>9",
    "karodzini": [],
    "vietas": 7,
    "gultas": 7,
    "edinasana": "Ir",
    "izvilkuma_piezime": "Coordinate digits wrapped onto a second line inside the table cell (<br>); joined here.",
    "komentars": "Avots: Saldus novada CA plāns, lpp. 137 · 7 vietas",
    "id": "saldus-novads-izm-7"
   },
   "geometry": {
    "type": "Point",
    "coordinates": [
     22.17249,
     56.70575
    ]
   }
  },
  {
   "type": "Feature",
   "properties": {
    "kategorija": "izmitinasana",
    "nosaukums": "Apartamenti “Anna”",
    "adrese": "Saldus, J. Rozentāla iela 15-32",
    "pasvaldiba": "Saldus novads",
    "pasvaldiba_slug": "saldus-novads",
    "nr_plana": 8,
    "avots_teksts": "Avots: Saldus novada CA plāns, lpp. 137",
    "plans_url": "https://www.saldus.lv/wp-content/uploads/2021/12/Saldus_novada_sadarbibas_teritorijas_civilas_aizsardzibas_plana_grozijumi_21.12.2023.pdf",
    "plans_fails": "Saldus_novada_sadarbibas_teritorijas_civilas_aizsardzibas_plana_grozijumi_21.12.2023.md",
    "lpp": 137,
    "citats": "|8.|Apartamenti “Anna”,<br>tel. +371 371 26135496|Dzīvoklis|Saldus, J.<br>Rozentāla iela 15-<br>32|56.66121|22.5001<br>5|Dzīvoklis|6|Ir|6|",
    "izdevejs": "Saldus novads (pašvaldība)",
    "geokodesana": "plan_coords",
    "adrese_vzd": null,
    "vzd_kods": null,
    "plana_lat": 56.66121,
    "plana_lon": 22.50015,
    "koord_teksts": "56.66121|22.5001<br>5",
    "karodzini": [],
    "vietas": 6,
    "gultas": 6,
    "edinasana": "Ir",
    "izvilkuma_piezime": "Coordinate digits wrapped onto a second line inside the table cell (<br>); joined here.",
    "komentars": "Avots: Saldus novada CA plāns, lpp. 137 · 6 vietas",
    "id": "saldus-novads-izm-8"
   },
   "geometry": {
    "type": "Point",
    "coordinates": [
     22.50015,
     56.66121
    ]
   }
  },
  {
   "type": "Feature",
   "properties": {
    "kategorija": "izmitinasana",
    "nosaukums": "“Ezerkrasti”",
    "adrese": "Krasta iela 21A, Ezere",
    "pasvaldiba": "Saldus novads",
    "pasvaldiba_slug": "saldus-novads",
    "nr_plana": 9,
    "avots_teksts": "Avots: Saldus novada CA plāns, lpp. 137",
    "plans_url": "https://www.saldus.lv/wp-content/uploads/2021/12/Saldus_novada_sadarbibas_teritorijas_civilas_aizsardzibas_plana_grozijumi_21.12.2023.pdf",
    "plans_fails": "Saldus_novada_sadarbibas_teritorijas_civilas_aizsardzibas_plana_grozijumi_21.12.2023.md",
    "lpp": 137,
    "citats": "|9.|“Ezerkrasti”, tel. +371<br>28279377|Jauniešu<br>mītne|Krasta iela 21A,<br>Ezere|56.41054<br>2|22.3620<br>76|Istabas<br>naktsmītnē|13|Ir|13|",
    "izdevejs": "Saldus novads (pašvaldība)",
    "geokodesana": "plan_coords",
    "adrese_vzd": "Krasta iela 21A, Ezere, Ezeres pag., Saldus nov., LV-3891",
    "vzd_kods": "105938930",
    "plana_lat": 56.410542,
    "plana_lon": 22.362076,
    "koord_teksts": "56.41054<br>2|22.3620<br>76",
    "karodzini": [],
    "vietas": 13,
    "gultas": 13,
    "edinasana": "Ir",
    "izvilkuma_piezime": "Coordinate digits wrapped onto a second line inside the table cell (<br>); joined here.",
    "komentars": "Avots: Saldus novada CA plāns, lpp. 137 · 13 vietas",
    "id": "saldus-novads-izm-9"
   },
   "geometry": {
    "type": "Point",
    "coordinates": [
     22.362076,
     56.410542
    ]
   }
  },
  {
   "type": "Feature",
   "properties": {
    "kategorija": "izmitinasana",
    "nosaukums": "Jauniešu mītne “Lose”",
    "adrese": "Kalnu iela 2, Kalni, Nīgrandes pag.",
    "pasvaldiba": "Saldus novads",
    "pasvaldiba_slug": "saldus-novads",
    "nr_plana": 10,
    "avots_teksts": "Avots: Saldus novada CA plāns, lpp. 137",
    "plans_url": "https://www.saldus.lv/wp-content/uploads/2021/12/Saldus_novada_sadarbibas_teritorijas_civilas_aizsardzibas_plana_grozijumi_21.12.2023.pdf",
    "plans_fails": "Saldus_novada_sadarbibas_teritorijas_civilas_aizsardzibas_plana_grozijumi_21.12.2023.md",
    "lpp": 137,
    "citats": "|10.|Jauniešu mītne “Lose”,<br>tel. +371 26436947|Dienesta<br>viesnīca|Kalnu iela 2,<br>Kalni, Nīgrandes<br>pag.|56.44365|22.1255<br>3|Istabas<br>dienesta<br>viesnīcā|50|-|50|",
    "izdevejs": "Saldus novads (pašvaldība)",
    "geokodesana": "plan_coords",
    "adrese_vzd": "Kalnu iela 2, Kalni, Nīgrandes pag., Saldus nov., LV-3898",
    "vzd_kods": "101267238",
    "plana_lat": 56.44365,
    "plana_lon": 22.12553,
    "koord_teksts": "56.44365|22.1255<br>3",
    "karodzini": [],
    "vietas": 50,
    "gultas": 50,
    "edinasana": "-",
    "izvilkuma_piezime": "Coordinate digits wrapped onto a second line inside the table cell (<br>); joined here.",
    "komentars": "Avots: Saldus novada CA plāns, lpp. 137 · 50 vietas",
    "id": "saldus-novads-izm-10"
   },
   "geometry": {
    "type": "Point",
    "coordinates": [
     22.12553,
     56.44365
    ]
   }
  },
  {
   "type": "Feature",
   "properties": {
    "kategorija": "izmitinasana",
    "nosaukums": "Jauniešu mītne “Druva”",
    "adrese": "Druva, J. Rozentāla iela 3",
    "pasvaldiba": "Saldus novads",
    "pasvaldiba_slug": "saldus-novads",
    "nr_plana": 11,
    "avots_teksts": "Avots: Saldus novada CA plāns, lpp. 138",
    "plans_url": "https://www.saldus.lv/wp-content/uploads/2021/12/Saldus_novada_sadarbibas_teritorijas_civilas_aizsardzibas_plana_grozijumi_21.12.2023.pdf",
    "plans_fails": "Saldus_novada_sadarbibas_teritorijas_civilas_aizsardzibas_plana_grozijumi_21.12.2023.md",
    "lpp": 138,
    "citats": "|11.|Jauniešu mītne “Druva”,<br>tel. +371 29226217|Dienesta<br>viesnīca|Druva, J.<br>Rozentāla iela 3|56.69479|22.4535<br>5|Istabas<br>dienesta<br>viesnīcā|35|-|35|",
    "izdevejs": "Saldus novads (pašvaldība)",
    "geokodesana": "plan_coords",
    "adrese_vzd": null,
    "vzd_kods": null,
    "plana_lat": 56.69479,
    "plana_lon": 22.45355,
    "koord_teksts": "56.69479|22.4535<br>5",
    "karodzini": [],
    "vietas": 35,
    "gultas": 35,
    "edinasana": "-",
    "izvilkuma_piezime": "Coordinate digits wrapped onto a second line inside the table cell (<br>); joined here.",
    "komentars": "Avots: Saldus novada CA plāns, lpp. 138 · 35 vietas",
    "id": "saldus-novads-izm-11"
   },
   "geometry": {
    "type": "Point",
    "coordinates": [
     22.45355,
     56.69479
    ]
   }
  },
  {
   "type": "Feature",
   "properties": {
    "kategorija": "izmitinasana",
    "nosaukums": "Saldus tehnikuma dienesta viesnīca",
    "adrese": "Saldus, Kalnsētas iela 20",
    "pasvaldiba": "Saldus novads",
    "pasvaldiba_slug": "saldus-novads",
    "nr_plana": 12,
    "avots_teksts": "Avots: Saldus novada CA plāns, lpp. 138",
    "plans_url": "https://www.saldus.lv/wp-content/uploads/2021/12/Saldus_novada_sadarbibas_teritorijas_civilas_aizsardzibas_plana_grozijumi_21.12.2023.pdf",
    "plans_fails": "Saldus_novada_sadarbibas_teritorijas_civilas_aizsardzibas_plana_grozijumi_21.12.2023.md",
    "lpp": 138,
    "citats": "|12.|Saldus tehnikuma<br>dienesta viesnīca, tel.<br>+371 22320309|Dienesta<br>viesnīca|Saldus, Kalnsētas<br>iela 20|56.66761|22.5142<br>1|Istabas<br>dienesta<br>viesnīcā|420|Ir|420<br>(skolēnu<br>brīvlaikā)|",
    "izdevejs": "Saldus novads (pašvaldība)",
    "geokodesana": "plan_coords",
    "adrese_vzd": "Kalnsētas iela 20, Saldus, Saldus nov., LV-3801",
    "vzd_kods": "101256145",
    "plana_lat": 56.66761,
    "plana_lon": 22.51421,
    "koord_teksts": "56.66761|22.5142<br>1",
    "karodzini": [],
    "vietas": 420,
    "gultas": 420,
    "edinasana": "Ir",
    "izvilkuma_piezime": "Coordinate digits wrapped onto a second line inside the table cell (<br>); joined here. Beds: '420 (skolēnu brīvlaikā)' (only during school holidays).",
    "komentars": "Avots: Saldus novada CA plāns, lpp. 138 · 420 vietas",
    "id": "saldus-novads-izm-12"
   },
   "geometry": {
    "type": "Point",
    "coordinates": [
     22.51421,
     56.66761
    ]
   }
  },
  {
   "type": "Feature",
   "properties": {
    "kategorija": "izmitinasana",
    "nosaukums": "Brocēnu vidusskolas internāts",
    "adrese": "Ezera iela 6, Brocēni",
    "pasvaldiba": "Saldus novads",
    "pasvaldiba_slug": "saldus-novads",
    "nr_plana": 13,
    "avots_teksts": "Avots: Saldus novada CA plāns, lpp. 138",
    "plans_url": "https://www.saldus.lv/wp-content/uploads/2021/12/Saldus_novada_sadarbibas_teritorijas_civilas_aizsardzibas_plana_grozijumi_21.12.2023.pdf",
    "plans_fails": "Saldus_novada_sadarbibas_teritorijas_civilas_aizsardzibas_plana_grozijumi_21.12.2023.md",
    "lpp": 138,
    "citats": "|13.|Brocēnu vidusskolas<br>internāts, tel. +371<br>63865605|Skolas<br>internāts|Ezera iela 6,<br>Brocēni|56.68262|22.5623<br>6|Istabasskolas<br>internātā|30|-|30<br>(skolēnu<br>brīvlaikā)|",
    "izdevejs": "Saldus novads (pašvaldība)",
    "geokodesana": "plan_coords",
    "adrese_vzd": "Ezera iela 6, Brocēni, Saldus nov., LV-3851",
    "vzd_kods": "101264810",
    "plana_lat": 56.68262,
    "plana_lon": 22.56236,
    "koord_teksts": "56.68262|22.5623<br>6",
    "karodzini": [],
    "vietas": 30,
    "gultas": 30,
    "edinasana": "-",
    "izvilkuma_piezime": "Coordinate digits wrapped onto a second line inside the table cell (<br>); joined here. Beds: '30 (skolēnu brīvlaikā)' (only during school holidays).",
    "komentars": "Avots: Saldus novada CA plāns, lpp. 138 · 30 vietas",
    "id": "saldus-novads-izm-13"
   },
   "geometry": {
    "type": "Point",
    "coordinates": [
     22.56236,
     56.68262
    ]
   }
  },
  {
   "type": "Feature",
   "properties": {
    "kategorija": "izmitinasana",
    "nosaukums": "Brocēnu sporta centrs",
    "adrese": "Ezera iela 1, Brocēni",
    "pasvaldiba": "Saldus novads",
    "pasvaldiba_slug": "saldus-novads",
    "nr_plana": 14,
    "avots_teksts": "Avots: Saldus novada CA plāns, lpp. 138",
    "plans_url": "https://www.saldus.lv/wp-content/uploads/2021/12/Saldus_novada_sadarbibas_teritorijas_civilas_aizsardzibas_plana_grozijumi_21.12.2023.pdf",
    "plans_fails": "Saldus_novada_sadarbibas_teritorijas_civilas_aizsardzibas_plana_grozijumi_21.12.2023.md",
    "lpp": 138,
    "citats": "|14.|Brocēnu sporta centrs,<br>tel.+371 26175514|Jauniešu<br>mītne|Ezera iela 1,<br>Brocēni|56.68453<br>7|22.5624<br>87|Istabas<br>naktsmītnē|58|-|58|",
    "izdevejs": "Saldus novads (pašvaldība)",
    "geokodesana": "plan_coords",
    "adrese_vzd": "Ezera iela 1, Brocēni, Saldus nov., LV-3851",
    "vzd_kods": "106156806",
    "plana_lat": 56.684537,
    "plana_lon": 22.562487,
    "koord_teksts": "56.68453<br>7|22.5624<br>87",
    "karodzini": [],
    "vietas": 58,
    "gultas": 58,
    "edinasana": "-",
    "izvilkuma_piezime": "Coordinate digits wrapped onto a second line inside the table cell (<br>); joined here.",
    "komentars": "Avots: Saldus novada CA plāns, lpp. 138 · 58 vietas",
    "id": "saldus-novads-izm-14"
   },
   "geometry": {
    "type": "Point",
    "coordinates": [
     22.562487,
     56.684537
    ]
   }
  },
  {
   "type": "Feature",
   "properties": {
    "kategorija": "izmitinasana",
    "nosaukums": "Viesu nams „Saules rats”",
    "adrese": "Saldus pag., Druva, Dīķa iela 1",
    "pasvaldiba": "Saldus novads",
    "pasvaldiba_slug": "saldus-novads",
    "nr_plana": 15,
    "avots_teksts": "Avots: Saldus novada CA plāns, lpp. 138",
    "plans_url": "https://www.saldus.lv/wp-content/uploads/2021/12/Saldus_novada_sadarbibas_teritorijas_civilas_aizsardzibas_plana_grozijumi_21.12.2023.pdf",
    "plans_fails": "Saldus_novada_sadarbibas_teritorijas_civilas_aizsardzibas_plana_grozijumi_21.12.2023.md",
    "lpp": 138,
    "citats": "|15.|Viesu nams „Saules<br>rats”, tel. +371<br>27509494|Viesu<br>nams|Saldus pag.,<br>Druva, Dīķa iela 1|56.69496|22.4446<br>3|Istabas viesu<br>namā,<br>kafejnīca|22|Ir|22|",
    "izdevejs": "Saldus novads (pašvaldība)",
    "geokodesana": "plan_coords",
    "adrese_vzd": "Dīķa iela 1, Druva, Saldus pag., Saldus nov., LV-3862",
    "vzd_kods": "103230128",
    "plana_lat": 56.69496,
    "plana_lon": 22.44463,
    "koord_teksts": "56.69496|22.4446<br>3",
    "karodzini": [],
    "vietas": 22,
    "gultas": 22,
    "edinasana": "Ir",
    "izvilkuma_piezime": "Coordinate digits wrapped onto a second line inside the table cell (<br>); joined here.",
    "komentars": "Avots: Saldus novada CA plāns, lpp. 138 · 22 vietas",
    "id": "saldus-novads-izm-15"
   },
   "geometry": {
    "type": "Point",
    "coordinates": [
     22.44463,
     56.69496
    ]
   }
  },
  {
   "type": "Feature",
   "properties": {
    "kategorija": "izmitinasana",
    "nosaukums": "Viesu nams “Sidrabi”",
    "adrese": "„Sidrabi”, Saldus pag.",
    "pasvaldiba": "Saldus novads",
    "pasvaldiba_slug": "saldus-novads",
    "nr_plana": 16,
    "avots_teksts": "Avots: Saldus novada CA plāns, lpp. 138",
    "plans_url": "https://www.saldus.lv/wp-content/uploads/2021/12/Saldus_novada_sadarbibas_teritorijas_civilas_aizsardzibas_plana_grozijumi_21.12.2023.pdf",
    "plans_fails": "Saldus_novada_sadarbibas_teritorijas_civilas_aizsardzibas_plana_grozijumi_21.12.2023.md",
    "lpp": 138,
    "citats": "|16.|Viesu nams “Sidrabi”,<br>tel. +371 29743909|Viesu<br>nams|„Sidrabi”, Saldus<br>pag.|56.70205|22.4667<br>2|Brīvdienu<br>dzīvokļi,<br>istabas viesu<br>namā|19|Ir|19|",
    "izdevejs": "Saldus novads (pašvaldība)",
    "geokodesana": "plan_coords",
    "adrese_vzd": "\"Sidrabi\", Saldus pag., Saldus nov., LV-3862",
    "vzd_kods": "103229430",
    "plana_lat": 56.70205,
    "plana_lon": 22.46672,
    "koord_teksts": "56.70205|22.4667<br>2",
    "karodzini": [],
    "vietas": 19,
    "gultas": 19,
    "edinasana": "Ir",
    "izvilkuma_piezime": "Coordinate digits wrapped onto a second line inside the table cell (<br>); joined here.",
    "komentars": "Avots: Saldus novada CA plāns, lpp. 138 · 19 vietas",
    "id": "saldus-novads-izm-16"
   },
   "geometry": {
    "type": "Point",
    "coordinates": [
     22.46672,
     56.70205
    ]
   }
  },
  {
   "type": "Feature",
   "properties": {
    "kategorija": "izmitinasana",
    "nosaukums": "Viesu nams “Kaplūžmuiža”",
    "adrese": "„Kaplūži”, Novadnieku pag.",
    "pasvaldiba": "Saldus novads",
    "pasvaldiba_slug": "saldus-novads",
    "nr_plana": 17,
    "avots_teksts": "Avots: Saldus novada CA plāns, lpp. 138",
    "plans_url": "https://www.saldus.lv/wp-content/uploads/2021/12/Saldus_novada_sadarbibas_teritorijas_civilas_aizsardzibas_plana_grozijumi_21.12.2023.pdf",
    "plans_fails": "Saldus_novada_sadarbibas_teritorijas_civilas_aizsardzibas_plana_grozijumi_21.12.2023.md",
    "lpp": 138,
    "citats": "|17.|Viesu nams<br>“Kaplūžmuiža”, tel.<br>+371 26294366|Viesu<br>nams|„Kaplūži”,<br>Novadnieku pag.|56.60814|22.4239<br>7|Istabas viesu<br>namā|52|Ir|52|",
    "izdevejs": "Saldus novads (pašvaldība)",
    "geokodesana": "plan_coords",
    "adrese_vzd": "\"Kaplūži\", Novadnieku pag., Saldus nov., LV-3880",
    "vzd_kods": "103364866",
    "plana_lat": 56.60814,
    "plana_lon": 22.42397,
    "koord_teksts": "56.60814|22.4239<br>7",
    "karodzini": [],
    "vietas": 52,
    "gultas": 52,
    "edinasana": "Ir",
    "izvilkuma_piezime": "Coordinate digits wrapped onto a second line inside the table cell (<br>); joined here.",
    "komentars": "Avots: Saldus novada CA plāns, lpp. 138 · 52 vietas",
    "id": "saldus-novads-izm-17"
   },
   "geometry": {
    "type": "Point",
    "coordinates": [
     22.42397,
     56.60814
    ]
   }
  },
  {
   "type": "Feature",
   "properties": {
    "kategorija": "izmitinasana",
    "nosaukums": "“Kloni”",
    "adrese": "“Kloni”, Gaiķu pag.",
    "pasvaldiba": "Saldus novads",
    "pasvaldiba_slug": "saldus-novads",
    "nr_plana": 18,
    "avots_teksts": "Avots: Saldus novada CA plāns, lpp. 138",
    "plans_url": "https://www.saldus.lv/wp-content/uploads/2021/12/Saldus_novada_sadarbibas_teritorijas_civilas_aizsardzibas_plana_grozijumi_21.12.2023.pdf",
    "plans_fails": "Saldus_novada_sadarbibas_teritorijas_civilas_aizsardzibas_plana_grozijumi_21.12.2023.md",
    "lpp": 138,
    "citats": "|18.|“Kloni”, tel. +371<br>29390950|Viesu<br>nams|“Kloni”, Gaiķu<br>pag.|56.78294<br>0|22.5410<br>92|Istabas viesu<br>namā|20|Ir|20|",
    "izdevejs": "Saldus novads (pašvaldība)",
    "geokodesana": "plan_coords",
    "adrese_vzd": "\"Kloni\", Gaiķu pag., Saldus nov., LV-3873",
    "vzd_kods": "103643036",
    "plana_lat": 56.78294,
    "plana_lon": 22.541092,
    "koord_teksts": "56.78294<br>0|22.5410<br>92",
    "karodzini": [],
    "vietas": 20,
    "gultas": 20,
    "edinasana": "Ir",
    "izvilkuma_piezime": "Coordinate digits wrapped onto a second line inside the table cell (<br>); joined here.",
    "komentars": "Avots: Saldus novada CA plāns, lpp. 138 · 20 vietas",
    "id": "saldus-novads-izm-18"
   },
   "geometry": {
    "type": "Point",
    "coordinates": [
     22.541092,
     56.78294
    ]
   }
  },
  {
   "type": "Feature",
   "properties": {
    "kategorija": "izmitinasana",
    "nosaukums": "Brīvdienu māja “Brekši”",
    "adrese": "„Brekši”, Zirņu pag.",
    "pasvaldiba": "Saldus novads",
    "pasvaldiba_slug": "saldus-novads",
    "nr_plana": 19,
    "avots_teksts": "Avots: Saldus novada CA plāns, lpp. 138",
    "plans_url": "https://www.saldus.lv/wp-content/uploads/2021/12/Saldus_novada_sadarbibas_teritorijas_civilas_aizsardzibas_plana_grozijumi_21.12.2023.pdf",
    "plans_fails": "Saldus_novada_sadarbibas_teritorijas_civilas_aizsardzibas_plana_grozijumi_21.12.2023.md",
    "lpp": 138,
    "citats": "|19.|Brīvdienu māja<br>“Brekši”, tel. +371<br>29245117|Brīvdienu<br>māja|„Brekši”, Zirņu<br>pag.|56.68405|22.3297<br>4|Istabas<br>naktsmītnē|18|Ir|18|",
    "izdevejs": "Saldus novads (pašvaldība)",
    "geokodesana": "plan_coords",
    "adrese_vzd": "\"Brekši\", Zirņu pag., Saldus nov., LV-3801",
    "vzd_kods": "106536645",
    "plana_lat": 56.68405,
    "plana_lon": 22.32974,
    "koord_teksts": "56.68405|22.3297<br>4",
    "karodzini": [],
    "vietas": 18,
    "gultas": 18,
    "edinasana": "Ir",
    "izvilkuma_piezime": "Coordinate digits wrapped onto a second line inside the table cell (<br>); joined here.",
    "komentars": "Avots: Saldus novada CA plāns, lpp. 138 · 18 vietas",
    "id": "saldus-novads-izm-19"
   },
   "geometry": {
    "type": "Point",
    "coordinates": [
     22.32974,
     56.68405
    ]
   }
  },
  {
   "type": "Feature",
   "properties": {
    "kategorija": "izmitinasana",
    "nosaukums": "Brīvdienu māja “Adleri”",
    "adrese": "\"Adleri\", Zirņu pagasts",
    "pasvaldiba": "Saldus novads",
    "pasvaldiba_slug": "saldus-novads",
    "nr_plana": 20,
    "avots_teksts": "Avots: Saldus novada CA plāns, lpp. 138",
    "plans_url": "https://www.saldus.lv/wp-content/uploads/2021/12/Saldus_novada_sadarbibas_teritorijas_civilas_aizsardzibas_plana_grozijumi_21.12.2023.pdf",
    "plans_fails": "Saldus_novada_sadarbibas_teritorijas_civilas_aizsardzibas_plana_grozijumi_21.12.2023.md",
    "lpp": 138,
    "citats": "|20.|Brīvdienu māja<br>“Adleri”, tel. +371<br>29422884|Brīvdienu<br>māja|\"Adleri\", Zirņu<br>pagasts|56.67542|22.3411<br>7|Istabas<br>naktsmītnē|20|Ir|20|",
    "izdevejs": "Saldus novads (pašvaldība)",
    "geokodesana": "plan_coords",
    "adrese_vzd": "\"Adleri\", Zirņu pag., Saldus nov., LV-3801",
    "vzd_kods": "106402848",
    "plana_lat": 56.67542,
    "plana_lon": 22.34117,
    "koord_teksts": "56.67542|22.3411<br>7",
    "karodzini": [],
    "vietas": 20,
    "gultas": 20,
    "edinasana": "Ir",
    "izvilkuma_piezime": "Coordinate digits wrapped onto a second line inside the table cell (<br>); joined here.",
    "komentars": "Avots: Saldus novada CA plāns, lpp. 138 · 20 vietas",
    "id": "saldus-novads-izm-20"
   },
   "geometry": {
    "type": "Point",
    "coordinates": [
     22.34117,
     56.67542
    ]
   }
  },
  {
   "type": "Feature",
   "properties": {
    "kategorija": "izmitinasana",
    "nosaukums": "Brīvdienu māja “Kraujas”",
    "adrese": "“Kraujas”, Nīgrandes pagasts",
    "pasvaldiba": "Saldus novads",
    "pasvaldiba_slug": "saldus-novads",
    "nr_plana": 21,
    "avots_teksts": "Avots: Saldus novada CA plāns, lpp. 138",
    "plans_url": "https://www.saldus.lv/wp-content/uploads/2021/12/Saldus_novada_sadarbibas_teritorijas_civilas_aizsardzibas_plana_grozijumi_21.12.2023.pdf",
    "plans_fails": "Saldus_novada_sadarbibas_teritorijas_civilas_aizsardzibas_plana_grozijumi_21.12.2023.md",
    "lpp": 138,
    "citats": "|21.|Brīvdienu māja<br>“Kraujas”, tel. +371<br>29104119|Brīvdienu<br>māja|“Kraujas”,<br>Nīgrandes pagasts|56.48157<br>9|22.0978<br>21|Istabas<br>brīvdienu<br>mājā|10|Ir|10|",
    "izdevejs": "Saldus novads (pašvaldība)",
    "geokodesana": "plan_coords",
    "adrese_vzd": "\"Kraujas\", Nīgrande, Nīgrandes pag., Saldus nov., LV-3899",
    "vzd_kods": "103304536",
    "plana_lat": 56.481579,
    "plana_lon": 22.097821,
    "koord_teksts": "56.48157<br>9|22.0978<br>21",
    "karodzini": [],
    "vietas": 10,
    "gultas": 10,
    "edinasana": "Ir",
    "izvilkuma_piezime": "Coordinate digits wrapped onto a second line inside the table cell (<br>); joined here.",
    "komentars": "Avots: Saldus novada CA plāns, lpp. 138 · 10 vietas",
    "id": "saldus-novads-izm-21"
   },
   "geometry": {
    "type": "Point",
    "coordinates": [
     22.097821,
     56.481579
    ]
   }
  },
  {
   "type": "Feature",
   "properties": {
    "kategorija": "izmitinasana",
    "nosaukums": "Brīvdienu māja “Lašupe”",
    "adrese": "“Cepurnieki 2004”, Lutriņu pag.",
    "pasvaldiba": "Saldus novads",
    "pasvaldiba_slug": "saldus-novads",
    "nr_plana": 22,
    "avots_teksts": "Avots: Saldus novada CA plāns, lpp. 138",
    "plans_url": "https://www.saldus.lv/wp-content/uploads/2021/12/Saldus_novada_sadarbibas_teritorijas_civilas_aizsardzibas_plana_grozijumi_21.12.2023.pdf",
    "plans_fails": "Saldus_novada_sadarbibas_teritorijas_civilas_aizsardzibas_plana_grozijumi_21.12.2023.md",
    "lpp": 138,
    "citats": "|22.|Brīvdienu māja<br>“Lašupe”, tel. +371<br>26689060|Brīvdienu<br>māja|“Cepurnieki<br>2004”, Lutriņu<br>pag.|56.69826<br>2|22.2999<br>17|Istabas<br>brīvdienu<br>mājā|8|Ir|8|",
    "izdevejs": "Saldus novads (pašvaldība)",
    "geokodesana": "plan_coords",
    "adrese_vzd": "\"Cepurnieki 2004\", Lutriņu pag., Saldus nov., LV-3861",
    "vzd_kods": "106256130",
    "plana_lat": 56.698262,
    "plana_lon": 22.299917,
    "koord_teksts": "56.69826<br>2|22.2999<br>17",
    "karodzini": [],
    "vietas": 8,
    "gultas": 8,
    "edinasana": "Ir",
    "izvilkuma_piezime": "Coordinate digits wrapped onto a second line inside the table cell (<br>); joined here.",
    "komentars": "Avots: Saldus novada CA plāns, lpp. 138 · 8 vietas",
    "id": "saldus-novads-izm-22"
   },
   "geometry": {
    "type": "Point",
    "coordinates": [
     22.299917,
     56.698262
    ]
   }
  },
  {
   "type": "Feature",
   "properties": {
    "kategorija": "izmitinasana",
    "nosaukums": "Brīvdienu māja “Renči”",
    "adrese": "“Renči”, Cieceres pag.",
    "pasvaldiba": "Saldus novads",
    "pasvaldiba_slug": "saldus-novads",
    "nr_plana": 23,
    "avots_teksts": "Avots: Saldus novada CA plāns, lpp. 139",
    "plans_url": "https://www.saldus.lv/wp-content/uploads/2021/12/Saldus_novada_sadarbibas_teritorijas_civilas_aizsardzibas_plana_grozijumi_21.12.2023.pdf",
    "plans_fails": "Saldus_novada_sadarbibas_teritorijas_civilas_aizsardzibas_plana_grozijumi_21.12.2023.md",
    "lpp": 139,
    "citats": "|23.|Brīvdienu māja “Renči”,<br>tel. +371 29237987|Brīvdienu<br>māja|“Renči”, Cieceres<br>pag.|56.73606<br>9|22.5883<br>24|Istabas<br>naktsmītnē|20|Ir|20|",
    "izdevejs": "Saldus novads (pašvaldība)",
    "geokodesana": "plan_coords",
    "adrese_vzd": "\"Renči\", Cieceres pag., Saldus nov., LV-3851",
    "vzd_kods": "104854227",
    "plana_lat": 56.736069,
    "plana_lon": 22.588324,
    "koord_teksts": "56.73606<br>9|22.5883<br>24",
    "karodzini": [],
    "vietas": 20,
    "gultas": 20,
    "edinasana": "Ir",
    "izvilkuma_piezime": "Coordinate digits wrapped onto a second line inside the table cell (<br>); joined here.",
    "komentars": "Avots: Saldus novada CA plāns, lpp. 139 · 20 vietas",
    "id": "saldus-novads-izm-23"
   },
   "geometry": {
    "type": "Point",
    "coordinates": [
     22.588324,
     56.736069
    ]
   }
  },
  {
   "type": "Feature",
   "properties": {
    "kategorija": "izmitinasana",
    "nosaukums": "Atpūtas bāze “Krustkalni”",
    "adrese": "„Krustkalni”, Novadnieku pag.",
    "pasvaldiba": "Saldus novads",
    "pasvaldiba_slug": "saldus-novads",
    "nr_plana": 24,
    "avots_teksts": "Avots: Saldus novada CA plāns, lpp. 139",
    "plans_url": "https://www.saldus.lv/wp-content/uploads/2021/12/Saldus_novada_sadarbibas_teritorijas_civilas_aizsardzibas_plana_grozijumi_21.12.2023.pdf",
    "plans_fails": "Saldus_novada_sadarbibas_teritorijas_civilas_aizsardzibas_plana_grozijumi_21.12.2023.md",
    "lpp": 139,
    "citats": "|24.|Atpūtas bāze<br>“Krustkalni”, tel. +371<br>29457794|Atpūtas<br>bāze|„Krustkalni”,<br>Novadnieku pag.|56.64237|22.4230<br>2|Istabas<br>naktsmītnē|9|-|9|",
    "izdevejs": "Saldus novads (pašvaldība)",
    "geokodesana": "plan_coords",
    "adrese_vzd": "\"Krustkalni\", Novadnieku pag., Saldus nov., LV-3801",
    "vzd_kods": "104784783",
    "plana_lat": 56.64237,
    "plana_lon": 22.42302,
    "koord_teksts": "56.64237|22.4230<br>2",
    "karodzini": [],
    "vietas": 9,
    "gultas": 9,
    "edinasana": "-",
    "izvilkuma_piezime": "Coordinate digits wrapped onto a second line inside the table cell (<br>); joined here.",
    "komentars": "Avots: Saldus novada CA plāns, lpp. 139 · 9 vietas",
    "id": "saldus-novads-izm-24"
   },
   "geometry": {
    "type": "Point",
    "coordinates": [
     22.42302,
     56.64237
    ]
   }
  },
  {
   "type": "Feature",
   "properties": {
    "kategorija": "izmitinasana",
    "nosaukums": "Atpūtas komplekss “Juku dzirnavas”",
    "adrese": "„Juku dzirnavas”, Šķēdes pag.",
    "pasvaldiba": "Saldus novads",
    "pasvaldiba_slug": "saldus-novads",
    "nr_plana": 25,
    "avots_teksts": "Avots: Saldus novada CA plāns, lpp. 139",
    "plans_url": "https://www.saldus.lv/wp-content/uploads/2021/12/Saldus_novada_sadarbibas_teritorijas_civilas_aizsardzibas_plana_grozijumi_21.12.2023.pdf",
    "plans_fails": "Saldus_novada_sadarbibas_teritorijas_civilas_aizsardzibas_plana_grozijumi_21.12.2023.md",
    "lpp": 139,
    "citats": "|25.|Atpūtas komplekss<br>“Juku dzirnavas”, tel.<br>+371 28666600|Atpūtas<br>kompleks<br>s|„Juku dzirnavas”,<br>Šķēdes pag.|56.86329|22.4976<br>1|Istabas viesu<br>namā|148|Ir|148|",
    "izdevejs": "Saldus novads (pašvaldība)",
    "geokodesana": "plan_coords",
    "adrese_vzd": "\"Juku dzirnavas\", Šķēdes pag., Saldus nov., LV-3875",
    "vzd_kods": "103644593",
    "plana_lat": 56.86329,
    "plana_lon": 22.49761,
    "koord_teksts": "56.86329|22.4976<br>1",
    "karodzini": [],
    "vietas": 148,
    "gultas": 148,
    "edinasana": "Ir",
    "izvilkuma_piezime": "Coordinate digits wrapped onto a second line inside the table cell (<br>); joined here.",
    "komentars": "Avots: Saldus novada CA plāns, lpp. 139 · 148 vietas",
    "id": "saldus-novads-izm-25"
   },
   "geometry": {
    "type": "Point",
    "coordinates": [
     22.49761,
     56.86329
    ]
   }
  },
  {
   "type": "Feature",
   "properties": {
    "kategorija": "izmitinasana",
    "nosaukums": "“Smuku muiža”",
    "adrese": "“Smukas”, Remtes pagasts",
    "pasvaldiba": "Saldus novads",
    "pasvaldiba_slug": "saldus-novads",
    "nr_plana": 26,
    "avots_teksts": "Avots: Saldus novada CA plāns, lpp. 139",
    "plans_url": "https://www.saldus.lv/wp-content/uploads/2021/12/Saldus_novada_sadarbibas_teritorijas_civilas_aizsardzibas_plana_grozijumi_21.12.2023.pdf",
    "plans_fails": "Saldus_novada_sadarbibas_teritorijas_civilas_aizsardzibas_plana_grozijumi_21.12.2023.md",
    "lpp": 139,
    "citats": "|26.|“Smuku muiža”, tel.<br>+371 27338854|Atpūtas<br>kompleks<br>s|“Smukas”,<br>Remtes pagasts|56.72976<br>0|22.8012<br>82|Istabas viesu<br>namā,<br>brīvdienu<br>mājās|108|Ir|108|",
    "izdevejs": "Saldus novads (pašvaldība)",
    "geokodesana": "plan_coords",
    "adrese_vzd": null,
    "vzd_kods": null,
    "plana_lat": 56.72976,
    "plana_lon": 22.801282,
    "koord_teksts": "56.72976<br>0|22.8012<br>82",
    "karodzini": [],
    "vietas": 108,
    "gultas": 108,
    "edinasana": "Ir",
    "izvilkuma_piezime": "Coordinate digits wrapped onto a second line inside the table cell (<br>); joined here.",
    "komentars": "Avots: Saldus novada CA plāns, lpp. 139 · 108 vietas",
    "id": "saldus-novads-izm-26"
   },
   "geometry": {
    "type": "Point",
    "coordinates": [
     22.801282,
     56.72976
    ]
   }
  },
  {
   "type": "Feature",
   "properties": {
    "kategorija": "izmitinasana",
    "nosaukums": "Atpūtas bāze “Radi”",
    "adrese": "“Radi”, Cieceres pag.",
    "pasvaldiba": "Saldus novads",
    "pasvaldiba_slug": "saldus-novads",
    "nr_plana": 27,
    "avots_teksts": "Avots: Saldus novada CA plāns, lpp. 139",
    "plans_url": "https://www.saldus.lv/wp-content/uploads/2021/12/Saldus_novada_sadarbibas_teritorijas_civilas_aizsardzibas_plana_grozijumi_21.12.2023.pdf",
    "plans_fails": "Saldus_novada_sadarbibas_teritorijas_civilas_aizsardzibas_plana_grozijumi_21.12.2023.md",
    "lpp": 139,
    "citats": "|27.|Atpūtas bāze “Radi”, tel.<br>+371 29538230|Atpūtas<br>kompleks<br>s|“Radi”, Cieceres<br>pag.|56.65477<br>9|22.5708<br>08|Istabas viesu<br>namā,<br>vasaras<br>mājiņas|45|Ir|45|",
    "izdevejs": "Saldus novads (pašvaldība)",
    "geokodesana": "varis_address",
    "adrese_vzd": "\"Radi\", Cieceres pag., Saldus nov., LV-3851",
    "vzd_kods": "104854202",
    "plana_lat": 56.654779,
    "plana_lon": 22.570808,
    "koord_teksts": "56.65477<br>9|22.5708<br>08",
    "karodzini": [
     "plan_coords_far_from_address"
    ],
    "vietas": 45,
    "gultas": 45,
    "edinasana": "Ir",
    "izvilkuma_piezime": "Coordinate digits wrapped onto a second line inside the table cell (<br>); joined here.",
    "komentars": "Avots: Saldus novada CA plāns, lpp. 139 · 45 vietas · plāna koordinātas kļūdainas, vieta noteikta pēc adreses (VZD)",
    "id": "saldus-novads-izm-27"
   },
   "geometry": {
    "type": "Point",
    "coordinates": [
     22.565422,
     56.641945
    ]
   }
  },
  {
   "type": "Feature",
   "properties": {
    "kategorija": "izmitinasana",
    "nosaukums": "Atpūtas bāze “Zvejnieki2000”",
    "adrese": "“Zvejnieki”, Cieceres pag.",
    "pasvaldiba": "Saldus novads",
    "pasvaldiba_slug": "saldus-novads",
    "nr_plana": 28,
    "avots_teksts": "Avots: Saldus novada CA plāns, lpp. 139",
    "plans_url": "https://www.saldus.lv/wp-content/uploads/2021/12/Saldus_novada_sadarbibas_teritorijas_civilas_aizsardzibas_plana_grozijumi_21.12.2023.pdf",
    "plans_fails": "Saldus_novada_sadarbibas_teritorijas_civilas_aizsardzibas_plana_grozijumi_21.12.2023.md",
    "lpp": 139,
    "citats": "|28.|Atpūtas bāze<br>“Zvejnieki2000”, tel.<br>+371 29715001|Atpūtas<br>kompleks<br>s|“Zvejnieki”,<br>Cieceres pag.|56.64610<br>3|22.5653<br>95|Labiekārtotas<br>mājiņas|25|Ir|25|",
    "izdevejs": "Saldus novads (pašvaldība)",
    "geokodesana": "plan_coords",
    "adrese_vzd": "\"Zvejnieki\", Cieceres pag., Saldus nov., LV-3851",
    "vzd_kods": "106376481",
    "plana_lat": 56.646103,
    "plana_lon": 22.565395,
    "koord_teksts": "56.64610<br>3|22.5653<br>95",
    "karodzini": [],
    "vietas": 25,
    "gultas": 25,
    "edinasana": "Ir",
    "izvilkuma_piezime": "Coordinate digits wrapped onto a second line inside the table cell (<br>); joined here.",
    "komentars": "Avots: Saldus novada CA plāns, lpp. 139 · 25 vietas",
    "id": "saldus-novads-izm-28"
   },
   "geometry": {
    "type": "Point",
    "coordinates": [
     22.565395,
     56.646103
    ]
   }
  },
  {
   "type": "Feature",
   "properties": {
    "kategorija": "izmitinasana",
    "nosaukums": "Lauku māja “Bieriņi”",
    "adrese": "„Bieriņi”, Nīgrandes pag.",
    "pasvaldiba": "Saldus novads",
    "pasvaldiba_slug": "saldus-novads",
    "nr_plana": 29,
    "avots_teksts": "Avots: Saldus novada CA plāns, lpp. 139",
    "plans_url": "https://www.saldus.lv/wp-content/uploads/2021/12/Saldus_novada_sadarbibas_teritorijas_civilas_aizsardzibas_plana_grozijumi_21.12.2023.pdf",
    "plans_fails": "Saldus_novada_sadarbibas_teritorijas_civilas_aizsardzibas_plana_grozijumi_21.12.2023.md",
    "lpp": 139,
    "citats": "|29.|Lauku māja “Bieriņi”,<br>tel. +371 29449245|Brīvdienu<br>māja|„Bieriņi”,<br>Nīgrandes pag.|56.44300|22.1002<br>9|Brīvdienu<br>māja|10|-|10|",
    "izdevejs": "Saldus novads (pašvaldība)",
    "geokodesana": "plan_coords",
    "adrese_vzd": "\"Bieriņi\", Nīgrandes pag., Saldus nov., LV-3898",
    "vzd_kods": "103301627",
    "plana_lat": 56.443,
    "plana_lon": 22.10029,
    "koord_teksts": "56.44300|22.1002<br>9",
    "karodzini": [],
    "vietas": 10,
    "gultas": 10,
    "edinasana": "-",
    "izvilkuma_piezime": "Coordinate digits wrapped onto a second line inside the table cell (<br>); joined here.",
    "komentars": "Avots: Saldus novada CA plāns, lpp. 139 · 10 vietas",
    "id": "saldus-novads-izm-29"
   },
   "geometry": {
    "type": "Point",
    "coordinates": [
     22.10029,
     56.443
    ]
   }
  },
  {
   "type": "Feature",
   "properties": {
    "kategorija": "izmitinasana",
    "nosaukums": "Vasaras nometņu vieta “Sava Daba mācību centrs”",
    "adrese": "“Kalsoni”, Cieceres pag.",
    "pasvaldiba": "Saldus novads",
    "pasvaldiba_slug": "saldus-novads",
    "nr_plana": 30,
    "avots_teksts": "Avots: Saldus novada CA plāns, lpp. 139",
    "plans_url": "https://www.saldus.lv/wp-content/uploads/2021/12/Saldus_novada_sadarbibas_teritorijas_civilas_aizsardzibas_plana_grozijumi_21.12.2023.pdf",
    "plans_fails": "Saldus_novada_sadarbibas_teritorijas_civilas_aizsardzibas_plana_grozijumi_21.12.2023.md",
    "lpp": 139,
    "citats": "|30.|Vasaras nometņu vieta<br>“Sava Daba mācību<br>centrs”, tel. +371<br>24941638|Kempings|“Kalsoni”,<br>Cieceres pag.|56.63109<br>3|22.5739<br>77|Vasaras<br>mājiņas|66|Ir|66|",
    "izdevejs": "Saldus novads (pašvaldība)",
    "geokodesana": "plan_coords",
    "adrese_vzd": "\"Kalsoni\", Cieceres pag., Saldus nov., LV-3851",
    "vzd_kods": "106569240",
    "plana_lat": 56.631093,
    "plana_lon": 22.573977,
    "koord_teksts": "56.63109<br>3|22.5739<br>77",
    "karodzini": [],
    "vietas": 66,
    "gultas": 66,
    "edinasana": "Ir",
    "izvilkuma_piezime": "Coordinate digits wrapped onto a second line inside the table cell (<br>); joined here.",
    "komentars": "Avots: Saldus novada CA plāns, lpp. 139 · 66 vietas",
    "id": "saldus-novads-izm-30"
   },
   "geometry": {
    "type": "Point",
    "coordinates": [
     22.573977,
     56.631093
    ]
   }
  },
  {
   "type": "Feature",
   "properties": {
    "kategorija": "izmitinasana",
    "nosaukums": "“Plostnieki”",
    "adrese": "“Plostnieki”, Kursīšu pag.",
    "pasvaldiba": "Saldus novads",
    "pasvaldiba_slug": "saldus-novads",
    "nr_plana": 31,
    "avots_teksts": "Avots: Saldus novada CA plāns, lpp. 139",
    "plans_url": "https://www.saldus.lv/wp-content/uploads/2021/12/Saldus_novada_sadarbibas_teritorijas_civilas_aizsardzibas_plana_grozijumi_21.12.2023.pdf",
    "plans_fails": "Saldus_novada_sadarbibas_teritorijas_civilas_aizsardzibas_plana_grozijumi_21.12.2023.md",
    "lpp": 139,
    "citats": "|31.|“Plostnieki”, tel. +371<br>27829425|Kempings|“Plostnieki”,<br>Kursīšu pag.|56.53532|22.4188<br>6|Istaba, telts|5|-|5|",
    "izdevejs": "Saldus novads (pašvaldība)",
    "geokodesana": "plan_coords",
    "adrese_vzd": "\"Plostnieki\", Kursīšu pag., Saldus nov., LV-3890",
    "vzd_kods": "103637483",
    "plana_lat": 56.53532,
    "plana_lon": 22.41886,
    "koord_teksts": "56.53532|22.4188<br>6",
    "karodzini": [],
    "vietas": 5,
    "gultas": 5,
    "edinasana": "-",
    "izvilkuma_piezime": "Coordinate digits wrapped onto a second line inside the table cell (<br>); joined here.",
    "komentars": "Avots: Saldus novada CA plāns, lpp. 139 · 5 vietas",
    "id": "saldus-novads-izm-31"
   },
   "geometry": {
    "type": "Point",
    "coordinates": [
     22.41886,
     56.53532
    ]
   }
  },
  {
   "type": "Feature",
   "properties": {
    "kategorija": "izmitinasana",
    "nosaukums": "Atpūtas vieta “Ievas”",
    "adrese": "\"Ievas\", Kalni, Nīgrandes pag.",
    "pasvaldiba": "Saldus novads",
    "pasvaldiba_slug": "saldus-novads",
    "nr_plana": 32,
    "avots_teksts": "Avots: Saldus novada CA plāns, lpp. 139",
    "plans_url": "https://www.saldus.lv/wp-content/uploads/2021/12/Saldus_novada_sadarbibas_teritorijas_civilas_aizsardzibas_plana_grozijumi_21.12.2023.pdf",
    "plans_fails": "Saldus_novada_sadarbibas_teritorijas_civilas_aizsardzibas_plana_grozijumi_21.12.2023.md",
    "lpp": 139,
    "citats": "|32.|Atpūtas vieta “Ievas”,<br>tel. +371 26373872|Kempings|\"Ievas\", Kalni,<br>Nīgrandes pag.|56.46273|22.1153<br>0|Zvanu teltis,<br>kempinga<br>mājiņas|30|Ir<br>(noju<br>me)|30|",
    "izdevejs": "Saldus novads (pašvaldība)",
    "geokodesana": "plan_coords",
    "adrese_vzd": "\"Ievas\", Nīgrandes pag., Saldus nov., LV-3898",
    "vzd_kods": "103304351",
    "plana_lat": 56.46273,
    "plana_lon": 22.1153,
    "koord_teksts": "56.46273|22.1153<br>0",
    "karodzini": [],
    "vietas": 30,
    "gultas": 30,
    "edinasana": "Ir (nojume)",
    "izvilkuma_piezime": "Coordinate digits wrapped onto a second line inside the table cell (<br>); joined here.",
    "komentars": "Avots: Saldus novada CA plāns, lpp. 139 · 30 vietas",
    "id": "saldus-novads-izm-32"
   },
   "geometry": {
    "type": "Point",
    "coordinates": [
     22.1153,
     56.46273
    ]
   }
  },
  {
   "type": "Feature",
   "properties": {
    "kategorija": "izmitinasana",
    "nosaukums": "Pabažu pamatskola",
    "adrese": "Maija 7/9, Pabaži, Sējas novads",
    "pasvaldiba": "Saulkrastu novads",
    "pasvaldiba_slug": "saulkrastu-novads",
    "nr_plana": 1,
    "avots_teksts": "Avots: Saulkrastu novada CA plāns, lpp. 139",
    "plans_url": "https://saulkrasti.lv/wp-content/uploads/2026/07/SAULKRASTU_NOVADA_CA_plans.pdf",
    "plans_fails": "SAULKRASTU_NOVADA_CA_plans.md",
    "lpp": 139,
    "citats": "|1.|Pabažu<br>pamatskola|Izglītības<br>iestāde|Maija 7/9,<br>Pabaži,<br>Sējas<br>novads|57.2633926|24.592862<br>3|Zāle,<br>mācību<br>klases|130|",
    "izdevejs": "Saulkrastu novads (pašvaldība)",
    "geokodesana": "plan_coords",
    "adrese_vzd": null,
    "vzd_kods": null,
    "plana_lat": 57.2633926,
    "plana_lon": 24.5928623,
    "koord_teksts": "57.2633926|24.592862<br>3",
    "karodzini": [],
    "vietas": 130,
    "gultas": null,
    "edinasana": null,
    "izvilkuma_piezime": "Lon digits wrapped onto a second line in the cell (<br>); joined.",
    "komentars": "Avots: Saulkrastu novada CA plāns, lpp. 139 · 130 vietas",
    "id": "saulkrastu-novads-izm-1"
   },
   "geometry": {
    "type": "Point",
    "coordinates": [
     24.592862,
     57.263393
    ]
   }
  },
  {
   "type": "Feature",
   "properties": {
    "kategorija": "izmitinasana",
    "nosaukums": "Sējas pamatskola",
    "adrese": "Sējas pamatskola, p./n. Murjāņi, Sējas novads",
    "pasvaldiba": "Saulkrastu novads",
    "pasvaldiba_slug": "saulkrastu-novads",
    "nr_plana": 2,
    "avots_teksts": "Avots: Saulkrastu novada CA plāns, lpp. 139",
    "plans_url": "https://saulkrasti.lv/wp-content/uploads/2026/07/SAULKRASTU_NOVADA_CA_plans.pdf",
    "plans_fails": "SAULKRASTU_NOVADA_CA_plans.md",
    "lpp": 139,
    "citats": "|2.|Sējas<br>pamatskola|Izglītības<br>iestāde|Sējas<br>pamatskola,<br>p./n.<br>Murjāņi,<br>Sējas<br>novads|57.1710991|24.632833<br>2|Zāle,<br>mācību<br>klases|250|",
    "izdevejs": "Saulkrastu novads (pašvaldība)",
    "geokodesana": "plan_coords",
    "adrese_vzd": null,
    "vzd_kods": null,
    "plana_lat": 57.1710991,
    "plana_lon": 24.6328332,
    "koord_teksts": "57.1710991|24.632833<br>2",
    "karodzini": [],
    "vietas": 250,
    "gultas": null,
    "edinasana": null,
    "izvilkuma_piezime": "Lon digits wrapped onto a second line in the cell (<br>); joined.",
    "komentars": "Avots: Saulkrastu novada CA plāns, lpp. 139 · 250 vietas",
    "id": "saulkrastu-novads-izm-2"
   },
   "geometry": {
    "type": "Point",
    "coordinates": [
     24.632833,
     57.171099
    ]
   }
  },
  {
   "type": "Feature",
   "properties": {
    "kategorija": "izmitinasana",
    "nosaukums": "Kultūras nams Pabažos",
    "adrese": "Kultūras nams \"Pabaži\", Sējas novads",
    "pasvaldiba": "Saulkrastu novads",
    "pasvaldiba_slug": "saulkrastu-novads",
    "nr_plana": 3,
    "avots_teksts": "Avots: Saulkrastu novada CA plāns, lpp. 139",
    "plans_url": "https://saulkrasti.lv/wp-content/uploads/2026/07/SAULKRASTU_NOVADA_CA_plans.pdf",
    "plans_fails": "SAULKRASTU_NOVADA_CA_plans.md",
    "lpp": 139,
    "citats": "|3.|Kultūras<br>nams<br>Pabažos|Kultūras<br>centrs|Kultūras<br>nams<br>\"Pabaži\",<br>Sējas<br>novads|57.2596077|24.591875<br>5|Zāle,<br>aktieru<br>telpas|90|",
    "izdevejs": "Saulkrastu novads (pašvaldība)",
    "geokodesana": "plan_coords",
    "adrese_vzd": null,
    "vzd_kods": null,
    "plana_lat": 57.2596077,
    "plana_lon": 24.5918755,
    "koord_teksts": "57.2596077|24.591875<br>5",
    "karodzini": [],
    "vietas": 90,
    "gultas": null,
    "edinasana": null,
    "izvilkuma_piezime": "Lon digits wrapped onto a second line in the cell (<br>); joined.",
    "komentars": "Avots: Saulkrastu novada CA plāns, lpp. 139 · 90 vietas",
    "dublikati": [
     "Kultūras nams Lojā (nr. 4, lpp. 139)"
    ],
    "id": "saulkrastu-novads-izm-3"
   },
   "geometry": {
    "type": "Point",
    "coordinates": [
     24.591876,
     57.259608
    ]
   }
  },
  {
   "type": "Feature",
   "properties": {
    "kategorija": "izmitinasana",
    "nosaukums": "PII Bitīte",
    "adrese": "p./n. Murjāņi, Sējas novads",
    "pasvaldiba": "Saulkrastu novads",
    "pasvaldiba_slug": "saulkrastu-novads",
    "nr_plana": 5,
    "avots_teksts": "Avots: Saulkrastu novada CA plāns, lpp. 139",
    "plans_url": "https://saulkrasti.lv/wp-content/uploads/2026/07/SAULKRASTU_NOVADA_CA_plans.pdf",
    "plans_fails": "SAULKRASTU_NOVADA_CA_plans.md",
    "lpp": 139,
    "citats": "|5.|PII Bitīte|Izglītības<br>iestāde|p./n.<br>Murjāņi,<br>Sējas<br>novads|57.1547642|24.647924<br>8|Zāle,<br>grupiņas<br>telpas|50|",
    "izdevejs": "Saulkrastu novads (pašvaldība)",
    "geokodesana": "plan_coords",
    "adrese_vzd": null,
    "vzd_kods": null,
    "plana_lat": 57.1547642,
    "plana_lon": 24.6479248,
    "koord_teksts": "57.1547642|24.647924<br>8",
    "karodzini": [],
    "vietas": 50,
    "gultas": null,
    "edinasana": null,
    "izvilkuma_piezime": "Lon digits wrapped onto a second line in the cell (<br>); joined.",
    "komentars": "Avots: Saulkrastu novada CA plāns, lpp. 139 · 50 vietas",
    "id": "saulkrastu-novads-izm-4"
   },
   "geometry": {
    "type": "Point",
    "coordinates": [
     24.647925,
     57.154764
    ]
   }
  },
  {
   "type": "Feature",
   "properties": {
    "kategorija": "izmitinasana",
    "nosaukums": "Murjāņu sporta ģimnāzija",
    "adrese": "p./n. Murjāņi, Klintsleju iela 4",
    "pasvaldiba": "Saulkrastu novads",
    "pasvaldiba_slug": "saulkrastu-novads",
    "nr_plana": 6,
    "avots_teksts": "Avots: Saulkrastu novada CA plāns, lpp. 139",
    "plans_url": "https://saulkrasti.lv/wp-content/uploads/2026/07/SAULKRASTU_NOVADA_CA_plans.pdf",
    "plans_fails": "SAULKRASTU_NOVADA_CA_plans.md",
    "lpp": 139,
    "citats": "|6.|Murjāņu<br>sporta<br>ģimnāzija|Izglītības<br>iestāde|p./n.<br>Murjāņi,<br>Klintsleju<br>iela 4|57.1441152|24.677551<br>4|Zāle,<br>mācību<br>telpas,<br>dienesta<br>viesnīca<br>u.c.|100|",
    "izdevejs": "Saulkrastu novads (pašvaldība)",
    "geokodesana": "plan_coords",
    "adrese_vzd": null,
    "vzd_kods": null,
    "plana_lat": 57.1441152,
    "plana_lon": 24.6775514,
    "koord_teksts": "57.1441152|24.677551<br>4",
    "karodzini": [],
    "vietas": 100,
    "gultas": null,
    "edinasana": null,
    "izvilkuma_piezime": "Lon digits wrapped onto a second line in the cell (<br>); joined.",
    "komentars": "Avots: Saulkrastu novada CA plāns, lpp. 139 · 100 vietas",
    "id": "saulkrastu-novads-izm-5"
   },
   "geometry": {
    "type": "Point",
    "coordinates": [
     24.677551,
     57.144115
    ]
   }
  },
  {
   "type": "Feature",
   "properties": {
    "kategorija": "izmitinasana",
    "nosaukums": "Saulkrastu novada vidusskola",
    "adrese": "Smilšu iela 3, Saulkrasti, Saulkrastu novads",
    "pasvaldiba": "Saulkrastu novads",
    "pasvaldiba_slug": "saulkrastu-novads",
    "nr_plana": 7,
    "avots_teksts": "Avots: Saulkrastu novada CA plāns, lpp. 139",
    "plans_url": "https://saulkrasti.lv/wp-content/uploads/2026/07/SAULKRASTU_NOVADA_CA_plans.pdf",
    "plans_fails": "SAULKRASTU_NOVADA_CA_plans.md",
    "lpp": 139,
    "citats": "|7.|Saulkrastu<br>novada<br>vidusskola|Izglītības<br>iestāde|Smilšu iela<br>3,<br>Saulkrasti,|57.263769|24.417442|Zāle,<br>mācību<br>klases|-|",
    "izdevejs": "Saulkrastu novads (pašvaldība)",
    "geokodesana": "plan_coords",
    "adrese_vzd": "Smilšu iela 3, Saulkrasti, Saulkrastu nov., LV-2160",
    "vzd_kods": "102112002",
    "plana_lat": 57.263769,
    "plana_lon": 24.417442,
    "koord_teksts": "57.263769|24.417442",
    "karodzini": [],
    "vietas": null,
    "gultas": null,
    "edinasana": null,
    "izvilkuma_piezime": "Address continues on the next line after the page break ('Saulkrastu novads'). Capacity '-'.",
    "komentars": "Avots: Saulkrastu novada CA plāns, lpp. 139",
    "id": "saulkrastu-novads-izm-6"
   },
   "geometry": {
    "type": "Point",
    "coordinates": [
     24.417442,
     57.263769
    ]
   }
  },
  {
   "type": "Feature",
   "properties": {
    "kategorija": "izmitinasana",
    "nosaukums": "PII Rūķītis",
    "adrese": "Stirnu iela 23, Saulkrasti, Saulkrastu pilsēta",
    "pasvaldiba": "Saulkrastu novads",
    "pasvaldiba_slug": "saulkrastu-novads",
    "nr_plana": 8,
    "avots_teksts": "Avots: Saulkrastu novada CA plāns, lpp. 140",
    "plans_url": "https://saulkrasti.lv/wp-content/uploads/2026/07/SAULKRASTU_NOVADA_CA_plans.pdf",
    "plans_fails": "SAULKRASTU_NOVADA_CA_plans.md",
    "lpp": 140,
    "citats": "|8.|PII Rūķītis|Izglītības<br>iestāde|Stirnu iela<br>23,<br>Saulkrasti,<br>Saulkrastu<br>pilsēta|57.274068|24.419254|Zāle,<br>grupiņas<br>telpas|-|",
    "izdevejs": "Saulkrastu novads (pašvaldība)",
    "geokodesana": "plan_coords",
    "adrese_vzd": "Stirnu iela 23, Saulkrasti, Saulkrastu nov., LV-2160",
    "vzd_kods": "103674778",
    "plana_lat": 57.274068,
    "plana_lon": 24.419254,
    "koord_teksts": "57.274068|24.419254",
    "karodzini": [],
    "vietas": null,
    "gultas": null,
    "edinasana": null,
    "izvilkuma_piezime": "Capacity '-'.",
    "komentars": "Avots: Saulkrastu novada CA plāns, lpp. 140",
    "id": "saulkrastu-novads-izm-7"
   },
   "geometry": {
    "type": "Point",
    "coordinates": [
     24.419254,
     57.274068
    ]
   }
  },
  {
   "type": "Feature",
   "properties": {
    "kategorija": "izmitinasana",
    "nosaukums": "Saulkrastu kultūras centrs",
    "adrese": "Atpūtas iela 1b, Zvejniekciems, Saulkrastu pagasts",
    "pasvaldiba": "Saulkrastu novads",
    "pasvaldiba_slug": "saulkrastu-novads",
    "nr_plana": 9,
    "avots_teksts": "Avots: Saulkrastu novada CA plāns, lpp. 140",
    "plans_url": "https://saulkrasti.lv/wp-content/uploads/2026/07/SAULKRASTU_NOVADA_CA_plans.pdf",
    "plans_fails": "SAULKRASTU_NOVADA_CA_plans.md",
    "lpp": 140,
    "citats": "|9.|Saulkrastu<br>kultūras<br>centrs|Kultūras<br>centrs|Atpūtas iela<br>1b,<br>Zvejniekcie<br>ms,<br>Saulkrastu<br>pagasts|57.261415|24.414617|Zāle,<br>aktieru<br>telpas|-|",
    "izdevejs": "Saulkrastu novads (pašvaldība)",
    "geokodesana": "plan_coords",
    "adrese_vzd": null,
    "vzd_kods": null,
    "plana_lat": 57.261415,
    "plana_lon": 24.414617,
    "koord_teksts": "57.261415|24.414617",
    "karodzini": [],
    "vietas": null,
    "gultas": null,
    "edinasana": null,
    "izvilkuma_piezime": "Capacity '-'. Coordinates identical to assembly point nr 1 (Saulkrastu vidusskola, Smilšu iela 3), while the address is in Zvejniekciems (~6 km north) - likely wrong.",
    "komentars": "Avots: Saulkrastu novada CA plāns, lpp. 140",
    "id": "saulkrastu-novads-izm-8"
   },
   "geometry": {
    "type": "Point",
    "coordinates": [
     24.414617,
     57.261415
    ]
   }
  },
  {
   "type": "Feature",
   "properties": {
    "kategorija": "izmitinasana",
    "nosaukums": "Saulkrastu veselības un sociālās aprūpes centrs",
    "adrese": "Ainažu iela 34, Saulkrasti, Saulkrastu pilsēta",
    "pasvaldiba": "Saulkrastu novads",
    "pasvaldiba_slug": "saulkrastu-novads",
    "nr_plana": 10,
    "avots_teksts": "Avots: Saulkrastu novada CA plāns, lpp. 140",
    "plans_url": "https://saulkrasti.lv/wp-content/uploads/2026/07/SAULKRASTU_NOVADA_CA_plans.pdf",
    "plans_fails": "SAULKRASTU_NOVADA_CA_plans.md",
    "lpp": 140,
    "citats": "|10.|Saulkrastu<br>veselības<br>un sociālās<br>aprūpes<br>centrs|Slimnīca|Ainažu iela<br>34,<br>Saulkrasti,<br>Saulkrastu<br>pilsēta|57.273633|24.416486|Zāle,<br>palātas,<br>telpas|-|",
    "izdevejs": "Saulkrastu novads (pašvaldība)",
    "geokodesana": "plan_coords",
    "adrese_vzd": "Ainažu iela 34, Saulkrasti, Saulkrastu nov., LV-2160",
    "vzd_kods": "102110400",
    "plana_lat": 57.273633,
    "plana_lon": 24.416486,
    "koord_teksts": "57.273633|24.416486",
    "karodzini": [],
    "vietas": null,
    "gultas": null,
    "edinasana": null,
    "izvilkuma_piezime": "Capacity '-'. Building type: Slimnīca.",
    "komentars": "Avots: Saulkrastu novada CA plāns, lpp. 140",
    "id": "saulkrastu-novads-izm-9"
   },
   "geometry": {
    "type": "Point",
    "coordinates": [
     24.416486,
     57.273633
    ]
   }
  },
  {
   "type": "Feature",
   "properties": {
    "kategorija": "izmitinasana",
    "nosaukums": "Zvejniekciema vidusskola",
    "adrese": "Atpūtas iela 1, Zvejniekciems, Saulkrastu novads",
    "pasvaldiba": "Saulkrastu novads",
    "pasvaldiba_slug": "saulkrastu-novads",
    "nr_plana": 11,
    "avots_teksts": "Avots: Saulkrastu novada CA plāns, lpp. 140",
    "plans_url": "https://saulkrasti.lv/wp-content/uploads/2026/07/SAULKRASTU_NOVADA_CA_plans.pdf",
    "plans_fails": "SAULKRASTU_NOVADA_CA_plans.md",
    "lpp": 140,
    "citats": "|11.|Zvejniekcie<br>ma<br>vidusskola|Izglītības<br>iestāde|Atpūtas iela<br>1,<br>Zvejniekcie<br>ms,<br>Saulkrastu<br>novads|57.317621|24.417004|Zāle,<br>mācību<br>klases|-|",
    "izdevejs": "Saulkrastu novads (pašvaldība)",
    "geokodesana": "plan_coords",
    "adrese_vzd": null,
    "vzd_kods": null,
    "plana_lat": 57.317621,
    "plana_lon": 24.417004,
    "koord_teksts": "57.317621|24.417004",
    "karodzini": [],
    "vietas": null,
    "gultas": null,
    "edinasana": null,
    "izvilkuma_piezime": "Capacity '-'.",
    "komentars": "Avots: Saulkrastu novada CA plāns, lpp. 140",
    "id": "saulkrastu-novads-izm-10"
   },
   "geometry": {
    "type": "Point",
    "coordinates": [
     24.417004,
     57.317621
    ]
   }
  },
  {
   "type": "Feature",
   "properties": {
    "kategorija": "izmitinasana",
    "nosaukums": "Zvejniekciema kultūras nams",
    "adrese": "Atpūtas iela 1D, Zvejniekciems, Saulkrastu novads",
    "pasvaldiba": "Saulkrastu novads",
    "pasvaldiba_slug": "saulkrastu-novads",
    "nr_plana": 12,
    "avots_teksts": "Avots: Saulkrastu novada CA plāns, lpp. 140",
    "plans_url": "https://saulkrasti.lv/wp-content/uploads/2026/07/SAULKRASTU_NOVADA_CA_plans.pdf",
    "plans_fails": "SAULKRASTU_NOVADA_CA_plans.md",
    "lpp": 140,
    "citats": "|12.|Zvejniekcie<br>ma kultūras<br>nams|Kultūras<br>centrs|Atpūtas iela<br>1D,<br>Zvejniekcie<br>ms,<br>Saulkrastu<br>novads|57.317505|24.414289|Zāle,<br>aktieru<br>telpas|-|",
    "izdevejs": "Saulkrastu novads (pašvaldība)",
    "geokodesana": "plan_coords",
    "adrese_vzd": null,
    "vzd_kods": null,
    "plana_lat": 57.317505,
    "plana_lon": 24.414289,
    "koord_teksts": "57.317505|24.414289",
    "karodzini": [],
    "vietas": null,
    "gultas": null,
    "edinasana": null,
    "izvilkuma_piezime": "Capacity '-'.",
    "komentars": "Avots: Saulkrastu novada CA plāns, lpp. 140",
    "id": "saulkrastu-novads-izm-11"
   },
   "geometry": {
    "type": "Point",
    "coordinates": [
     24.414289,
     57.317505
    ]
   }
  },
  {
   "type": "Feature",
   "properties": {
    "kategorija": "izmitinasana",
    "nosaukums": "Zvejniekciema katlumāja",
    "adrese": "Bērzu aleja 3a, Zvejniekciems",
    "pasvaldiba": "Saulkrastu novads",
    "pasvaldiba_slug": "saulkrastu-novads",
    "nr_plana": 13,
    "avots_teksts": "Avots: Saulkrastu novada CA plāns, lpp. 140",
    "plans_url": "https://saulkrasti.lv/wp-content/uploads/2026/07/SAULKRASTU_NOVADA_CA_plans.pdf",
    "plans_fails": "SAULKRASTU_NOVADA_CA_plans.md",
    "lpp": 140,
    "citats": "|13|Zvejniekcie<br>ma<br>katlumāja|Katlumāj<br>a|Bērzu aleja<br>3a,<br>Zvejniekcie<br>ms|57.3153015<br>4346486|24.413089<br>45492306|-|12|",
    "izdevejs": "Saulkrastu novads (pašvaldība)",
    "geokodesana": "plan_coords",
    "adrese_vzd": null,
    "vzd_kods": null,
    "plana_lat": 57.31530154346486,
    "plana_lon": 24.41308945492306,
    "koord_teksts": "57.3153015<br>4346486|24.413089<br>45492306",
    "karodzini": [],
    "vietas": 12,
    "gultas": null,
    "edinasana": null,
    "izvilkuma_piezime": "Building type: Katlumāja (boiler house); room type '-'. Lat and lon digits wrapped; joined.",
    "komentars": "Avots: Saulkrastu novada CA plāns, lpp. 140 · 12 vietas",
    "id": "saulkrastu-novads-izm-12"
   },
   "geometry": {
    "type": "Point",
    "coordinates": [
     24.413089,
     57.315302
    ]
   }
  },
  {
   "type": "Feature",
   "properties": {
    "kategorija": "izmitinasana",
    "nosaukums": "Smiltenes vidusskola",
    "adrese": "Dakteru iela 27, Smiltene",
    "pasvaldiba": "Smiltenes novads",
    "pasvaldiba_slug": "smiltenes-novads",
    "nr_plana": 1,
    "avots_teksts": "Avots: Smiltenes novada CA plāns, lpp. 134",
    "plans_url": "https://www.smiltenesnovads.lv/lv/media/41166/download?attachment",
    "plans_fails": "Smiltenes_novada_sadarbibas_teritorijas_CA_plans.md",
    "lpp": 134,
    "citats": "|1.|Smiltenes<br>vidusskola|Izglītības<br>iestāde|Dakteru iela 27,<br>Smiltene|Aktu zāle, sporta<br>zāle, mācību klases|500|Ir|Nav|",
    "izdevejs": "Smiltenes novads (pašvaldība)",
    "geokodesana": "varis_address",
    "adrese_vzd": "Dakteru iela 27, Smiltene, Smiltenes nov., LV-4729",
    "vzd_kods": "102619613",
    "plana_lat": null,
    "plana_lon": null,
    "koord_teksts": null,
    "karodzini": [],
    "vietas": 500,
    "gultas": 0,
    "edinasana": "Virtuve ar ēdnīcu: Ir",
    "komentars": "Avots: Smiltenes novada CA plāns, lpp. 134 · 500 vietas · vieta noteikta pēc adreses (VZD)",
    "id": "smiltenes-novads-izm-1"
   },
   "geometry": {
    "type": "Point",
    "coordinates": [
     25.917624,
     57.425159
    ]
   }
  },
  {
   "type": "Feature",
   "properties": {
    "kategorija": "izmitinasana",
    "nosaukums": "Smiltenes Sarkanā Krusta slimnīca",
    "adrese": "Dakteru iela 14, Smiltene",
    "pasvaldiba": "Smiltenes novads",
    "pasvaldiba_slug": "smiltenes-novads",
    "nr_plana": 2,
    "avots_teksts": "Avots: Smiltenes novada CA plāns, lpp. 134",
    "plans_url": "https://www.smiltenesnovads.lv/lv/media/41166/download?attachment",
    "plans_fails": "Smiltenes_novada_sadarbibas_teritorijas_CA_plans.md",
    "lpp": 134,
    "citats": "|2.|Smiltenes Sarkanā<br>Krusta slimnīca|Ārstniecī<br>bas<br>iestāde|Dakteru iela 14,<br>Smiltene|Dienas stacionāra<br>telpas; sociālās<br>aprūpes un sociālās<br>rehabilitācijas<br>telpas, palātas|100|Ir|50|",
    "izdevejs": "Smiltenes novads (pašvaldība)",
    "geokodesana": "varis_address",
    "adrese_vzd": "Dakteru iela 14, Smiltene, Smiltenes nov., LV-4729",
    "vzd_kods": "101191131",
    "plana_lat": null,
    "plana_lon": null,
    "koord_teksts": null,
    "karodzini": [],
    "vietas": 100,
    "gultas": 50,
    "edinasana": "Virtuve ar ēdnīcu: Ir",
    "izvilkuma_piezime": "a hospital (ēkas tips 'Ārstniecības iestāde') listed in the accommodation table",
    "komentars": "Avots: Smiltenes novada CA plāns, lpp. 134 · 100 vietas · vieta noteikta pēc adreses (VZD)",
    "id": "smiltenes-novads-izm-2"
   },
   "geometry": {
    "type": "Point",
    "coordinates": [
     25.914539,
     57.425038
    ]
   }
  },
  {
   "type": "Feature",
   "properties": {
    "kategorija": "izmitinasana",
    "nosaukums": "Smiltenes vidusskola",
    "adrese": "Rīgas iela 16C, Smiltene",
    "pasvaldiba": "Smiltenes novads",
    "pasvaldiba_slug": "smiltenes-novads",
    "nr_plana": 3,
    "avots_teksts": "Avots: Smiltenes novada CA plāns, lpp. 134",
    "plans_url": "https://www.smiltenesnovads.lv/lv/media/41166/download?attachment",
    "plans_fails": "Smiltenes_novada_sadarbibas_teritorijas_CA_plans.md",
    "lpp": 134,
    "citats": "|3.|Smiltenes<br>vidusskola|Izglītības<br>iestāde|Rīgas iela 16C,<br>Smiltene|<br>aktu zāle, sporta<br>zāle, mācību klases|100|Ir|20|",
    "izdevejs": "Smiltenes novads (pašvaldība)",
    "geokodesana": "varis_address",
    "adrese_vzd": "Rīgas iela 16C, Smiltene, Smiltenes nov., LV-4729",
    "vzd_kods": "104766515",
    "plana_lat": null,
    "plana_lon": null,
    "koord_teksts": null,
    "karodzini": [],
    "vietas": 100,
    "gultas": 20,
    "edinasana": "Virtuve ar ēdnīcu: Ir",
    "komentars": "Avots: Smiltenes novada CA plāns, lpp. 134 · 100 vietas · vieta noteikta pēc adreses (VZD)",
    "id": "smiltenes-novads-izm-3"
   },
   "geometry": {
    "type": "Point",
    "coordinates": [
     25.887692,
     57.418677
    ]
   }
  },
  {
   "type": "Feature",
   "properties": {
    "kategorija": "izmitinasana",
    "nosaukums": "Kultūras centrs un sporta halle",
    "adrese": "Gaujas iela 1, Smiltene",
    "pasvaldiba": "Smiltenes novads",
    "pasvaldiba_slug": "smiltenes-novads",
    "nr_plana": 4,
    "avots_teksts": "Avots: Smiltenes novada CA plāns, lpp. 134",
    "plans_url": "https://www.smiltenesnovads.lv/lv/media/41166/download?attachment",
    "plans_fails": "Smiltenes_novada_sadarbibas_teritorijas_CA_plans.md",
    "lpp": 134,
    "citats": "|4.|Kultūras centrs un<br>sporta halle|Kultūras<br>iestāde|Gaujas iela 1,<br>Smiltene|Zāles|500|Nav|Nav|",
    "izdevejs": "Smiltenes novads (pašvaldība)",
    "geokodesana": "varis_address",
    "adrese_vzd": "Gaujas iela 1, Smiltene, Smiltenes nov., LV-4729",
    "vzd_kods": "102067686",
    "plana_lat": null,
    "plana_lon": null,
    "koord_teksts": null,
    "karodzini": [],
    "vietas": 500,
    "gultas": 0,
    "edinasana": "Virtuve ar ēdnīcu: Nav",
    "izvilkuma_piezime": "rows 4 and 5 share the address Gaujas iela 1, Smiltene (Kultūras centrs un sporta halle / Sporta halle) - possible double count",
    "komentars": "Avots: Smiltenes novada CA plāns, lpp. 134 · 500 vietas · vieta noteikta pēc adreses (VZD)",
    "dublikati": [
     "Sporta halle (nr. 5, lpp. 134)"
    ],
    "id": "smiltenes-novads-izm-4"
   },
   "geometry": {
    "type": "Point",
    "coordinates": [
     25.902816,
     57.422793
    ]
   }
  },
  {
   "type": "Feature",
   "properties": {
    "kategorija": "izmitinasana",
    "nosaukums": "PII \"Pīlādzītis\"",
    "adrese": "Rīgas iela 8A, Smiltene",
    "pasvaldiba": "Smiltenes novads",
    "pasvaldiba_slug": "smiltenes-novads",
    "nr_plana": 6,
    "avots_teksts": "Avots: Smiltenes novada CA plāns, lpp. 134",
    "plans_url": "https://www.smiltenesnovads.lv/lv/media/41166/download?attachment",
    "plans_fails": "Smiltenes_novada_sadarbibas_teritorijas_CA_plans.md",
    "lpp": 134,
    "citats": "|6.|PII \"Pīlādzītis\"|Izglītības<br>iestāde|Rīgas iela 8A,<br>Smiltene|Mācību telpas,<br>zāles|150|Ir|100|",
    "izdevejs": "Smiltenes novads (pašvaldība)",
    "geokodesana": "varis_address",
    "adrese_vzd": "Rīgas iela 8A, Smiltene, Smiltenes nov., LV-4729",
    "vzd_kods": "102069343",
    "plana_lat": null,
    "plana_lon": null,
    "koord_teksts": null,
    "karodzini": [],
    "vietas": 150,
    "gultas": 100,
    "edinasana": "Virtuve ar ēdnīcu: Ir",
    "komentars": "Avots: Smiltenes novada CA plāns, lpp. 134 · 150 vietas · vieta noteikta pēc adreses (VZD)",
    "id": "smiltenes-novads-izm-5"
   },
   "geometry": {
    "type": "Point",
    "coordinates": [
     25.89038,
     57.422385
    ]
   }
  },
  {
   "type": "Feature",
   "properties": {
    "kategorija": "izmitinasana",
    "nosaukums": "Smiltenes tehnikums",
    "adrese": "Kalnamuiža 10, Smiltenes pagasts, Smiltenes novads",
    "pasvaldiba": "Smiltenes novads",
    "pasvaldiba_slug": "smiltenes-novads",
    "nr_plana": 7,
    "avots_teksts": "Avots: Smiltenes novada CA plāns, lpp. 134",
    "plans_url": "https://www.smiltenesnovads.lv/lv/media/41166/download?attachment",
    "plans_fails": "Smiltenes_novada_sadarbibas_teritorijas_CA_plans.md",
    "lpp": 134,
    "citats": "|7.|Smiltenes<br>tehnikums|Izglītības<br>iestāde|Kalnamuiža 10,<br>Smiltenes pagasts,<br>Smiltenes novads|Sporta zāle, aktu<br>zāle,<br>mācību klases,<br>kopmītnes u.c.<br>telpas|1200|Ir|350|",
    "izdevejs": "Smiltenes novads (pašvaldība)",
    "geokodesana": "varis_address",
    "adrese_vzd": "\"Kalnamuiža 10\", Smiltene, Smiltenes nov., LV-4729",
    "vzd_kods": "106244671",
    "plana_lat": null,
    "plana_lon": null,
    "koord_teksts": null,
    "karodzini": [],
    "vietas": 1200,
    "gultas": 350,
    "edinasana": "Virtuve ar ēdnīcu: Ir",
    "komentars": "Avots: Smiltenes novada CA plāns, lpp. 134 · 1200 vietas · vieta noteikta pēc adreses (VZD)",
    "id": "smiltenes-novads-izm-6"
   },
   "geometry": {
    "type": "Point",
    "coordinates": [
     25.905376,
     57.428226
    ]
   }
  },
  {
   "type": "Feature",
   "properties": {
    "kategorija": "izmitinasana",
    "nosaukums": "Birzuļu tautas nams",
    "adrese": "\"Birzuļu tautas nams\", Mēri, Bilskas pagasts, Smiltenes novads",
    "pasvaldiba": "Smiltenes novads",
    "pasvaldiba_slug": "smiltenes-novads",
    "nr_plana": 9,
    "avots_teksts": "Avots: Smiltenes novada CA plāns, lpp. 134",
    "plans_url": "https://www.smiltenesnovads.lv/lv/media/41166/download?attachment",
    "plans_fails": "Smiltenes_novada_sadarbibas_teritorijas_CA_plans.md",
    "lpp": 134,
    "citats": "|9.|Birzuļu tautas<br>nams|Kultūras<br>iestāde|\"Birzuļu tautas<br>nams\", Mēri,<br>Bilskas  pagasts,<br>Smiltenes novads|Zāle|150|Nav|Nav|",
    "izdevejs": "Smiltenes novads (pašvaldība)",
    "geokodesana": "varis_address",
    "adrese_vzd": "\"Birzuļu tautas nams\", Mēri, Bilskas pag., Smiltenes nov., LV-4706",
    "vzd_kods": "105768032",
    "plana_lat": null,
    "plana_lon": null,
    "koord_teksts": null,
    "karodzini": [],
    "vietas": 150,
    "gultas": 0,
    "edinasana": "Virtuve ar ēdnīcu: Nav",
    "komentars": "Avots: Smiltenes novada CA plāns, lpp. 134 · 150 vietas · vieta noteikta pēc adreses (VZD)",
    "id": "smiltenes-novads-izm-7"
   },
   "geometry": {
    "type": "Point",
    "coordinates": [
     26.089712,
     57.444116
    ]
   }
  },
  {
   "type": "Feature",
   "properties": {
    "kategorija": "izmitinasana",
    "nosaukums": "Blomes pamatskola",
    "adrese": "Cēsu iela 13, Blome, Blomes pagasts, Smiltenes novads",
    "pasvaldiba": "Smiltenes novads",
    "pasvaldiba_slug": "smiltenes-novads",
    "nr_plana": 11,
    "avots_teksts": "Avots: Smiltenes novada CA plāns, lpp. 134",
    "plans_url": "https://www.smiltenesnovads.lv/lv/media/41166/download?attachment",
    "plans_fails": "Smiltenes_novada_sadarbibas_teritorijas_CA_plans.md",
    "lpp": 134,
    "citats": "|11.|Blomes<br>pamatskola|Izglītības<br>iestāde|Cēsu iela 13,<br>Blome, Blomes<br>pagasts, Smiltenes<br>novads|Sporta zāle, aktu<br>zāle,<br>mācību klases|150|Ir|50|",
    "izdevejs": "Smiltenes novads (pašvaldība)",
    "geokodesana": "varis_address",
    "adrese_vzd": "Cēsu iela 13, Blome, Blomes pag., Smiltenes nov., LV-4707",
    "vzd_kods": "101202085",
    "plana_lat": null,
    "plana_lon": null,
    "koord_teksts": null,
    "karodzini": [],
    "vietas": 150,
    "gultas": 50,
    "edinasana": "Virtuve ar ēdnīcu: Ir",
    "komentars": "Avots: Smiltenes novada CA plāns, lpp. 134 · 150 vietas · vieta noteikta pēc adreses (VZD)",
    "id": "smiltenes-novads-izm-8"
   },
   "geometry": {
    "type": "Point",
    "coordinates": [
     25.776952,
     57.437332
    ]
   }
  },
  {
   "type": "Feature",
   "properties": {
    "kategorija": "izmitinasana",
    "nosaukums": "Palsmanes pamatskola",
    "adrese": "\"Pamatskola\", Palsmane, Palsmanes pagasts, Smiltenes novads",
    "pasvaldiba": "Smiltenes novads",
    "pasvaldiba_slug": "smiltenes-novads",
    "nr_plana": 12,
    "avots_teksts": "Avots: Smiltenes novada CA plāns, lpp. 134",
    "plans_url": "https://www.smiltenesnovads.lv/lv/media/41166/download?attachment",
    "plans_fails": "Smiltenes_novada_sadarbibas_teritorijas_CA_plans.md",
    "lpp": 134,
    "citats": "|12.|Palsmanes<br>pamatskola|Izglītības<br>iestāde|\"Pamatskola\",<br>Palsmane,<br>Palsmanes pagasts,<br>Smiltenes novads|Sporta zāle, aktu<br>zāle,<br>mācību klases|100|Ir|45|",
    "izdevejs": "Smiltenes novads (pašvaldība)",
    "geokodesana": "varis_address",
    "adrese_vzd": "\"Pamatskola\", Palsmane, Palsmanes pag., Smiltenes nov., LV-4724",
    "vzd_kods": "103702047",
    "plana_lat": null,
    "plana_lon": null,
    "koord_teksts": null,
    "karodzini": [],
    "vietas": 100,
    "gultas": 45,
    "edinasana": "Virtuve ar ēdnīcu: Ir",
    "komentars": "Avots: Smiltenes novada CA plāns, lpp. 134 · 100 vietas · vieta noteikta pēc adreses (VZD)",
    "id": "smiltenes-novads-izm-9"
   },
   "geometry": {
    "type": "Point",
    "coordinates": [
     26.178447,
     57.388617
    ]
   }
  },
  {
   "type": "Feature",
   "properties": {
    "kategorija": "izmitinasana",
    "nosaukums": "Palsmanes pirmsskolas izglītības iestāde",
    "adrese": "\"Bērnudārzs\", Palsmane, Palsmanes pagasts, Smiltenes novads",
    "pasvaldiba": "Smiltenes novads",
    "pasvaldiba_slug": "smiltenes-novads",
    "nr_plana": 13,
    "avots_teksts": "Avots: Smiltenes novada CA plāns, lpp. 134",
    "plans_url": "https://www.smiltenesnovads.lv/lv/media/41166/download?attachment",
    "plans_fails": "Smiltenes_novada_sadarbibas_teritorijas_CA_plans.md",
    "lpp": 134,
    "citats": "|13.|Palsmanes<br>pirmsskolas<br>izglītības iestāde|Izglītības<br>iestāde|\"Bērnudārzs\",<br>Palsmane,<br>Palsmanes pagasts,<br>Smiltenes novads|Zāles, nodarbību<br>telpas|50|Ir|40|",
    "izdevejs": "Smiltenes novads (pašvaldība)",
    "geokodesana": "varis_address",
    "adrese_vzd": "\"Bērnudārzs\", Palsmane, Palsmanes pag., Smiltenes nov., LV-4724",
    "vzd_kods": "105642074",
    "plana_lat": null,
    "plana_lon": null,
    "koord_teksts": null,
    "karodzini": [],
    "vietas": 50,
    "gultas": 40,
    "edinasana": "Virtuve ar ēdnīcu: Ir",
    "komentars": "Avots: Smiltenes novada CA plāns, lpp. 134 · 50 vietas · vieta noteikta pēc adreses (VZD)",
    "id": "smiltenes-novads-izm-10"
   },
   "geometry": {
    "type": "Point",
    "coordinates": [
     26.180641,
     57.388643
    ]
   }
  },
  {
   "type": "Feature",
   "properties": {
    "kategorija": "izmitinasana",
    "nosaukums": "Smiltenes novada speciālās skolas internāts",
    "adrese": "\"Speciālā internātskola\", Palsmane, Palsmanes pagasts, Smiltenes novads",
    "pasvaldiba": "Smiltenes novads",
    "pasvaldiba_slug": "smiltenes-novads",
    "nr_plana": 14,
    "avots_teksts": "Avots: Smiltenes novada CA plāns, lpp. 134",
    "plans_url": "https://www.smiltenesnovads.lv/lv/media/41166/download?attachment",
    "plans_fails": "Smiltenes_novada_sadarbibas_teritorijas_CA_plans.md",
    "lpp": 134,
    "citats": "|14.|Smiltenes novada<br>speciālās skolas<br>internāts|Izglītības<br>iestāde|\"Speciālā<br>internātskola\",<br>Palsmane,<br>Palsmanes pagasts,<br>Smiltenes novads|Guļamtelpas|80|Ir|80|",
    "izdevejs": "Smiltenes novads (pašvaldība)",
    "geokodesana": "varis_address",
    "adrese_vzd": "\"Speciālā internātskola\", Palsmane, Palsmanes pag., Smiltenes nov., LV-4724",
    "vzd_kods": "103702416",
    "plana_lat": null,
    "plana_lon": null,
    "koord_teksts": null,
    "karodzini": [],
    "vietas": 80,
    "gultas": 80,
    "edinasana": "Virtuve ar ēdnīcu: Ir",
    "komentars": "Avots: Smiltenes novada CA plāns, lpp. 134 · 80 vietas · vieta noteikta pēc adreses (VZD)",
    "id": "smiltenes-novads-izm-11"
   },
   "geometry": {
    "type": "Point",
    "coordinates": [
     26.185358,
     57.388458
    ]
   }
  },
  {
   "type": "Feature",
   "properties": {
    "kategorija": "izmitinasana",
    "nosaukums": "Variņu pamatskola",
    "adrese": "Oktobra iela 15, Variņu pagasts, Smiltenes novads",
    "pasvaldiba": "Smiltenes novads",
    "pasvaldiba_slug": "smiltenes-novads",
    "nr_plana": 15,
    "avots_teksts": "Avots: Smiltenes novada CA plāns, lpp. 135",
    "plans_url": "https://www.smiltenesnovads.lv/lv/media/41166/download?attachment",
    "plans_fails": "Smiltenes_novada_sadarbibas_teritorijas_CA_plans.md",
    "lpp": 135,
    "citats": "|15.|Variņu<br>pamatskola|Izglītības<br>iestāde|Oktobra iela 15,<br>Variņu pagasts,<br>Smiltenes novads|Klases, sporta zāle,<br>halle|500|Ir|15|",
    "izdevejs": "Smiltenes novads (pašvaldība)",
    "geokodesana": "varis_address",
    "adrese_vzd": "Oktobra iela 15, Variņi, Variņu pag., Smiltenes nov., LV-4726",
    "vzd_kods": "105950608",
    "plana_lat": null,
    "plana_lon": null,
    "koord_teksts": null,
    "karodzini": [],
    "vietas": 500,
    "gultas": 15,
    "edinasana": "Virtuve ar ēdnīcu: Ir",
    "komentars": "Avots: Smiltenes novada CA plāns, lpp. 135 · 500 vietas · vieta noteikta pēc adreses (VZD)",
    "id": "smiltenes-novads-izm-12"
   },
   "geometry": {
    "type": "Point",
    "coordinates": [
     26.168354,
     57.318705
    ]
   }
  },
  {
   "type": "Feature",
   "properties": {
    "kategorija": "izmitinasana",
    "nosaukums": "Variņu tautas nams",
    "adrese": "Oktobra iela 13, Variņu pagasts, Smiltenes novads",
    "pasvaldiba": "Smiltenes novads",
    "pasvaldiba_slug": "smiltenes-novads",
    "nr_plana": 16,
    "avots_teksts": "Avots: Smiltenes novada CA plāns, lpp. 135",
    "plans_url": "https://www.smiltenesnovads.lv/lv/media/41166/download?attachment",
    "plans_fails": "Smiltenes_novada_sadarbibas_teritorijas_CA_plans.md",
    "lpp": 135,
    "citats": "|16.|Variņu tautas<br>nams|Kultūras<br>iestāde|Oktobra iela 13,<br>Variņu pagasts,<br>Smiltenes novads|Aktu zāle u.c telpas|200|Nav|Nav|",
    "izdevejs": "Smiltenes novads (pašvaldība)",
    "geokodesana": "varis_address",
    "adrese_vzd": "Oktobra iela 13, Variņi, Variņu pag., Smiltenes nov., LV-4726",
    "vzd_kods": "105440915",
    "plana_lat": null,
    "plana_lon": null,
    "koord_teksts": null,
    "karodzini": [],
    "vietas": 200,
    "gultas": 0,
    "edinasana": "Virtuve ar ēdnīcu: Nav",
    "komentars": "Avots: Smiltenes novada CA plāns, lpp. 135 · 200 vietas · vieta noteikta pēc adreses (VZD)",
    "id": "smiltenes-novads-izm-13"
   },
   "geometry": {
    "type": "Point",
    "coordinates": [
     26.169034,
     57.319247
    ]
   }
  },
  {
   "type": "Feature",
   "properties": {
    "kategorija": "izmitinasana",
    "nosaukums": "Grundzāles pamatskola",
    "adrese": "Tilta iela 6, Grundzāles pagasts, Smiltenes novads",
    "pasvaldiba": "Smiltenes novads",
    "pasvaldiba_slug": "smiltenes-novads",
    "nr_plana": 17,
    "avots_teksts": "Avots: Smiltenes novada CA plāns, lpp. 135",
    "plans_url": "https://www.smiltenesnovads.lv/lv/media/41166/download?attachment",
    "plans_fails": "Smiltenes_novada_sadarbibas_teritorijas_CA_plans.md",
    "lpp": 135,
    "citats": "|17.|Grundzāles<br>pamatskola|Izglītības<br>iestāde|Tilta iela 6,<br>Grundzāles pagasts,<br>Smiltenes novads|Sporta zāle, mācību<br>klases|200|Ir|Nav|",
    "izdevejs": "Smiltenes novads (pašvaldība)",
    "geokodesana": "varis_address",
    "adrese_vzd": "Tilta iela 6, Grundzāle, Grundzāles pag., Smiltenes nov., LV-4713",
    "vzd_kods": "102072880",
    "plana_lat": null,
    "plana_lon": null,
    "koord_teksts": null,
    "karodzini": [],
    "vietas": 200,
    "gultas": 0,
    "edinasana": "Virtuve ar ēdnīcu: Ir",
    "komentars": "Avots: Smiltenes novada CA plāns, lpp. 135 · 200 vietas · vieta noteikta pēc adreses (VZD)",
    "id": "smiltenes-novads-izm-14"
   },
   "geometry": {
    "type": "Point",
    "coordinates": [
     26.266471,
     57.456628
    ]
   }
  },
  {
   "type": "Feature",
   "properties": {
    "kategorija": "izmitinasana",
    "nosaukums": "Grundzāles kultūras nams",
    "adrese": "Tilta iela 5, Grundzāles pagasts, Smiltenes novads",
    "pasvaldiba": "Smiltenes novads",
    "pasvaldiba_slug": "smiltenes-novads",
    "nr_plana": 18,
    "avots_teksts": "Avots: Smiltenes novada CA plāns, lpp. 135",
    "plans_url": "https://www.smiltenesnovads.lv/lv/media/41166/download?attachment",
    "plans_fails": "Smiltenes_novada_sadarbibas_teritorijas_CA_plans.md",
    "lpp": 135,
    "citats": "|18.|Grundzāles<br>kultūras nams|Kultūras<br>iestāde|Tilta iela 5,<br>Grundzāles pagasts,<br>Smiltenes novads|Aktu zāle|200|Nav|Nav|",
    "izdevejs": "Smiltenes novads (pašvaldība)",
    "geokodesana": "varis_address",
    "adrese_vzd": "Tilta iela 5, Grundzāle, Grundzāles pag., Smiltenes nov., LV-4713",
    "vzd_kods": "102072872",
    "plana_lat": null,
    "plana_lon": null,
    "koord_teksts": null,
    "karodzini": [],
    "vietas": 200,
    "gultas": 0,
    "edinasana": "Virtuve ar ēdnīcu: Nav",
    "komentars": "Avots: Smiltenes novada CA plāns, lpp. 135 · 200 vietas · vieta noteikta pēc adreses (VZD)",
    "id": "smiltenes-novads-izm-15"
   },
   "geometry": {
    "type": "Point",
    "coordinates": [
     26.266998,
     57.458171
    ]
   }
  },
  {
   "type": "Feature",
   "properties": {
    "kategorija": "izmitinasana",
    "nosaukums": "Dāvja Ozoliņa Apes vidusskola",
    "adrese": "Pasta iela 26, Ape, Smiltenes novads",
    "pasvaldiba": "Smiltenes novads",
    "pasvaldiba_slug": "smiltenes-novads",
    "nr_plana": 19,
    "avots_teksts": "Avots: Smiltenes novada CA plāns, lpp. 135",
    "plans_url": "https://www.smiltenesnovads.lv/lv/media/41166/download?attachment",
    "plans_fails": "Smiltenes_novada_sadarbibas_teritorijas_CA_plans.md",
    "lpp": 135,
    "citats": "|19.|Dāvja Ozoliņa<br>Apes vidusskola|Izglītības<br>iestāde|Pasta iela 26, Ape,<br>Smiltenes novads|Sporta zāle, aktu<br>zāle,<br>mācību klases,<br>kopmītnes u.c.<br>telpas|60|Ir|8|",
    "izdevejs": "Smiltenes novads (pašvaldība)",
    "geokodesana": "varis_address",
    "adrese_vzd": "Pasta iela 26, Ape, Smiltenes nov., LV-4337",
    "vzd_kods": "101627875",
    "plana_lat": null,
    "plana_lon": null,
    "koord_teksts": null,
    "karodzini": [],
    "vietas": 60,
    "gultas": 8,
    "edinasana": "Virtuve ar ēdnīcu: Ir",
    "komentars": "Avots: Smiltenes novada CA plāns, lpp. 135 · 60 vietas · vieta noteikta pēc adreses (VZD)",
    "id": "smiltenes-novads-izm-16"
   },
   "geometry": {
    "type": "Point",
    "coordinates": [
     26.705157,
     57.540647
    ]
   }
  },
  {
   "type": "Feature",
   "properties": {
    "kategorija": "izmitinasana",
    "nosaukums": "Drustu pamatskola",
    "adrese": "Skolas iela 7, Drusti, Drustu pag., Smiltenes nov.",
    "pasvaldiba": "Smiltenes novads",
    "pasvaldiba_slug": "smiltenes-novads",
    "nr_plana": 21,
    "avots_teksts": "Avots: Smiltenes novada CA plāns, lpp. 135",
    "plans_url": "https://www.smiltenesnovads.lv/lv/media/41166/download?attachment",
    "plans_fails": "Smiltenes_novada_sadarbibas_teritorijas_CA_plans.md",
    "lpp": 135,
    "citats": "|21.|Drustu<br>pamatskola|Izglītības<br>iestāde|Skolas iela 7,<br>Drusti, Drustu pag.,<br>Smiltenes nov.|Zāle, mācību klases|300|Ir|20|",
    "izdevejs": "Smiltenes novads (pašvaldība)",
    "geokodesana": "varis_address",
    "adrese_vzd": "Skolas iela 7, Drusti, Drustu pag., Smiltenes nov., LV-4132",
    "vzd_kods": "103877628",
    "plana_lat": null,
    "plana_lon": null,
    "koord_teksts": null,
    "karodzini": [],
    "vietas": 300,
    "gultas": 20,
    "edinasana": "Virtuve ar ēdnīcu: Ir",
    "komentars": "Avots: Smiltenes novada CA plāns, lpp. 135 · 300 vietas · vieta noteikta pēc adreses (VZD)",
    "id": "smiltenes-novads-izm-17"
   },
   "geometry": {
    "type": "Point",
    "coordinates": [
     25.855366,
     57.22965
    ]
   }
  },
  {
   "type": "Feature",
   "properties": {
    "kategorija": "izmitinasana",
    "nosaukums": "Raunas pamatskola",
    "adrese": "Skolas iela 1, Rauna, Smiltenes nov.",
    "pasvaldiba": "Smiltenes novads",
    "pasvaldiba_slug": "smiltenes-novads",
    "nr_plana": 22,
    "avots_teksts": "Avots: Smiltenes novada CA plāns, lpp. 135",
    "plans_url": "https://www.smiltenesnovads.lv/lv/media/41166/download?attachment",
    "plans_fails": "Smiltenes_novada_sadarbibas_teritorijas_CA_plans.md",
    "lpp": 135,
    "citats": "|22.|Raunas<br>pamatskola|Izglītības<br>iestāde|Skolas iela 1,<br>Rauna, Smiltenes<br>nov.,|Zāle, mācību klases|300|Ir|20|",
    "izdevejs": "Smiltenes novads (pašvaldība)",
    "geokodesana": "varis_address",
    "adrese_vzd": "Skolas iela 1, Rauna, Raunas pag., Smiltenes nov., LV-4131",
    "vzd_kods": "101594100",
    "plana_lat": null,
    "plana_lon": null,
    "koord_teksts": null,
    "karodzini": [],
    "vietas": 300,
    "gultas": 20,
    "edinasana": "Virtuve ar ēdnīcu: Ir",
    "komentars": "Avots: Smiltenes novada CA plāns, lpp. 135 · 300 vietas · vieta noteikta pēc adreses (VZD)",
    "id": "smiltenes-novads-izm-18"
   },
   "geometry": {
    "type": "Point",
    "coordinates": [
     25.615267,
     57.330209
    ]
   }
  },
  {
   "type": "Feature",
   "properties": {
    "kategorija": "izmitinasana",
    "nosaukums": "Mērsraga vidusskolas sporta halle",
    "adrese": "Skolas iela 8, Mērsraga pagasts",
    "pasvaldiba": "Talsu novads",
    "pasvaldiba_slug": "talsu-novads",
    "nr_plana": 16,
    "avots_teksts": "Avots: Talsu novada CA plāns, lpp. 55",
    "plans_url": "https://www.talsunovads.lv/lv/media/31740/download?attachment",
    "plans_fails": "talsu_ca-plans_publicejama-versija.md",
    "lpp": 55,
    "citats": "|16.|Mērsraga vidusskolas sporta halle, Skolas iela 8|Mērsraga pagasts|",
    "izdevejs": "Talsu novads (pašvaldība)",
    "geokodesana": "varis_address",
    "adrese_vzd": "Skolas iela 8, Mērsrags, Mērsraga pag., Talsu nov., LV-3284",
    "vzd_kods": "103815608",
    "plana_lat": null,
    "plana_lon": null,
    "koord_teksts": null,
    "karodzini": [],
    "vietas": null,
    "gultas": null,
    "edinasana": null,
    "komentars": "Avots: Talsu novada CA plāns, lpp. 55 · vieta noteikta pēc adreses (VZD)",
    "id": "talsu-novads-izm-1"
   },
   "geometry": {
    "type": "Point",
    "coordinates": [
     23.111034,
     57.344622
    ]
   }
  },
  {
   "type": "Feature",
   "properties": {
    "kategorija": "izmitinasana",
    "nosaukums": "Tukuma novada pašvaldība",
    "adrese": "Talsu iela 4, Tukums",
    "pasvaldiba": "Tukuma novads",
    "pasvaldiba_slug": "tukuma-novads",
    "nr_plana": null,
    "avots_teksts": "Avots: Tukuma novada CA plāns, lpp. 53",
    "plans_url": "https://www.tukums.lv/lv/media/56137/download?attachment",
    "plans_fails": "ca-plans-tukums-2024.md",
    "lpp": 53,
    "citats": "|Tukuma<br>novada<br>pašvaldība|Ivars<br>Liepiņš<br>(29113965)|Talsu iela 4, Tukums|300|nav|nav|",
    "izdevejs": "Tukuma novads (pašvaldība)",
    "geokodesana": "varis_address",
    "adrese_vzd": "Talsu iela 4, Tukums, Tukuma nov., LV-3101",
    "vzd_kods": "101218765",
    "plana_lat": null,
    "plana_lon": null,
    "koord_teksts": null,
    "karodzini": [],
    "vietas": 300,
    "gultas": null,
    "edinasana": "nav",
    "komentars": "Avots: Tukuma novada CA plāns, lpp. 53 · 300 vietas · vieta noteikta pēc adreses (VZD)",
    "id": "tukuma-novads-izm-1"
   },
   "geometry": {
    "type": "Point",
    "coordinates": [
     23.152436,
     56.967288
    ]
   }
  },
  {
   "type": "Feature",
   "properties": {
    "kategorija": "izmitinasana",
    "nosaukums": "Tukuma pilsētas Kultūras nams",
    "adrese": "Lielā iela 1, Tukums",
    "pasvaldiba": "Tukuma novads",
    "pasvaldiba_slug": "tukuma-novads",
    "nr_plana": null,
    "avots_teksts": "Avots: Tukuma novada CA plāns, lpp. 54",
    "plans_url": "https://www.tukums.lv/lv/media/56137/download?attachment",
    "plans_fails": "ca-plans-tukums-2024.md",
    "lpp": 54,
    "citats": "|Tukuma<br>pilsētas<br>Kultūras nams|Līga<br>D<br>(20611443)<br>Intars<br><br>(29441586)|zlzkalēja<br>Kleinhofs|Lielā iela 1, Tukums|2000|nav|nav|",
    "izdevejs": "Tukuma novads (pašvaldība)",
    "geokodesana": "varis_address",
    "adrese_vzd": "Lielā iela 1, Tukums, Tukuma nov., LV-3101",
    "vzd_kods": "101209233",
    "plana_lat": null,
    "plana_lon": null,
    "koord_teksts": null,
    "karodzini": [],
    "vietas": 2000,
    "gultas": null,
    "edinasana": "nav",
    "izvilkuma_piezime": "Contact-person name split across cells by the conversion; columns read by eye.",
    "komentars": "Avots: Tukuma novada CA plāns, lpp. 54 · 2000 vietas · vieta noteikta pēc adreses (VZD)",
    "id": "tukuma-novads-izm-2"
   },
   "geometry": {
    "type": "Point",
    "coordinates": [
     23.15388,
     56.964301
    ]
   }
  },
  {
   "type": "Feature",
   "properties": {
    "kategorija": "izmitinasana",
    "nosaukums": "Tukuma Ledus halle",
    "adrese": "Stadiona iela 3, Tukums",
    "pasvaldiba": "Tukuma novads",
    "pasvaldiba_slug": "tukuma-novads",
    "nr_plana": null,
    "avots_teksts": "Avots: Tukuma novada CA plāns, lpp. 54",
    "plans_url": "https://www.tukums.lv/lv/media/56137/download?attachment",
    "plans_fails": "ca-plans-tukums-2024.md",
    "lpp": 54,
    "citats": "|Tukuma Ledus halle|Modris<br>(26635775)|Liepiņš|Stadiona<br>iela<br>3,<br>Tukums|100|nav|45|",
    "izdevejs": "Tukuma novads (pašvaldība)",
    "geokodesana": "varis_address",
    "adrese_vzd": "Stadiona iela 3, Tukums, Tukuma nov., LV-3101",
    "vzd_kods": "105430488",
    "plana_lat": null,
    "plana_lon": null,
    "koord_teksts": null,
    "karodzini": [],
    "vietas": 100,
    "gultas": 45,
    "edinasana": "nav",
    "izvilkuma_piezime": "Contact-person name split across cells by the conversion; columns read by eye.",
    "komentars": "Avots: Tukuma novada CA plāns, lpp. 54 · 100 vietas · vieta noteikta pēc adreses (VZD)",
    "id": "tukuma-novads-izm-3"
   },
   "geometry": {
    "type": "Point",
    "coordinates": [
     23.157721,
     56.966351
    ]
   }
  },
  {
   "type": "Feature",
   "properties": {
    "kategorija": "izmitinasana",
    "nosaukums": "Tukuma Invalīdu sporta klubs",
    "adrese": "Brīvības laukums 8, Tukums",
    "pasvaldiba": "Tukuma novads",
    "pasvaldiba_slug": "tukuma-novads",
    "nr_plana": null,
    "avots_teksts": "Avots: Tukuma novada CA plāns, lpp. 54",
    "plans_url": "https://www.tukums.lv/lv/media/56137/download?attachment",
    "plans_fails": "ca-plans-tukums-2024.md",
    "lpp": 54,
    "citats": "|Tukuma<br>Invalīdu<br>sporta klubs|Sergejs<br>(26019039)<br>Modris<br>(26635775)|Kovaļovs<br>Liepiņš|Brīvības laukums 8,<br>Tukums|50|nav|nav|",
    "izdevejs": "Tukuma novads (pašvaldība)",
    "geokodesana": "varis_address",
    "adrese_vzd": "Brīvības laukums 8, Tukums, Tukuma nov., LV-3101",
    "vzd_kods": "102919145",
    "plana_lat": null,
    "plana_lon": null,
    "koord_teksts": null,
    "karodzini": [],
    "vietas": 50,
    "gultas": null,
    "edinasana": "nav",
    "izvilkuma_piezime": "Contact-person name split across cells by the conversion; columns read by eye.",
    "komentars": "Avots: Tukuma novada CA plāns, lpp. 54 · 50 vietas · vieta noteikta pēc adreses (VZD)",
    "id": "tukuma-novads-izm-4"
   },
   "geometry": {
    "type": "Point",
    "coordinates": [
     23.154714,
     56.966269
    ]
   }
  },
  {
   "type": "Feature",
   "properties": {
    "kategorija": "izmitinasana",
    "nosaukums": "Tukuma E.Birznieka-Upīša 1.pamatskola",
    "adrese": "Lielā iela 9, Tukums",
    "pasvaldiba": "Tukuma novads",
    "pasvaldiba_slug": "tukuma-novads",
    "nr_plana": null,
    "avots_teksts": "Avots: Tukuma novada CA plāns, lpp. 54",
    "plans_url": "https://www.tukums.lv/lv/media/56137/download?attachment",
    "plans_fails": "ca-plans-tukums-2024.md",
    "lpp": 54,
    "citats": "|Tukuma<br>E.Birznieka-Upīša<br>1.pamatskola|Līga Zaķe 2|5447443|Lielā iela 9, Tukums,|400|Ir|Nav|",
    "izdevejs": "Tukuma novads (pašvaldība)",
    "geokodesana": "varis_address",
    "adrese_vzd": "Lielā iela 9, Tukums, Tukuma nov., LV-3101",
    "vzd_kods": "102076687",
    "plana_lat": null,
    "plana_lon": null,
    "koord_teksts": null,
    "karodzini": [],
    "vietas": 400,
    "gultas": null,
    "edinasana": "Ir",
    "izvilkuma_piezime": "Contact-person name split across cells by the conversion; columns read by eye.",
    "komentars": "Avots: Tukuma novada CA plāns, lpp. 54 · 400 vietas · vieta noteikta pēc adreses (VZD)",
    "id": "tukuma-novads-izm-5"
   },
   "geometry": {
    "type": "Point",
    "coordinates": [
     23.151592,
     56.96429
    ]
   }
  },
  {
   "type": "Feature",
   "properties": {
    "kategorija": "izmitinasana",
    "nosaukums": "Tukuma 3.pamatskola",
    "adrese": "Lielā iela 18, Tukums",
    "pasvaldiba": "Tukuma novads",
    "pasvaldiba_slug": "tukuma-novads",
    "nr_plana": null,
    "avots_teksts": "Avots: Tukuma novada CA plāns, lpp. 54",
    "plans_url": "https://www.tukums.lv/lv/media/56137/download?attachment",
    "plans_fails": "ca-plans-tukums-2024.md",
    "lpp": 54,
    "citats": "|Tukuma<br>3.pamatskola|Mārtiņš<br>26919299|Priede|Lielā iela 18, Tukums,|251|Ir|Nav|",
    "izdevejs": "Tukuma novads (pašvaldība)",
    "geokodesana": "varis_address",
    "adrese_vzd": "Lielā iela 18, Tukums, Tukuma nov., LV-3101",
    "vzd_kods": "102759496",
    "plana_lat": null,
    "plana_lon": null,
    "koord_teksts": null,
    "karodzini": [],
    "vietas": 251,
    "gultas": null,
    "edinasana": "Ir",
    "izvilkuma_piezime": "Contact-person name split across cells by the conversion; columns read by eye.",
    "komentars": "Avots: Tukuma novada CA plāns, lpp. 54 · 251 vietas · vieta noteikta pēc adreses (VZD)",
    "id": "tukuma-novads-izm-6"
   },
   "geometry": {
    "type": "Point",
    "coordinates": [
     23.148943,
     56.964365
    ]
   }
  },
  {
   "type": "Feature",
   "properties": {
    "kategorija": "izmitinasana",
    "nosaukums": "Tukuma 3.pamatskolas pirmsskola",
    "adrese": "Lielā iela 31, Tukums",
    "pasvaldiba": "Tukuma novads",
    "pasvaldiba_slug": "tukuma-novads",
    "nr_plana": null,
    "avots_teksts": "Avots: Tukuma novada CA plāns, lpp. 54",
    "plans_url": "https://www.tukums.lv/lv/media/56137/download?attachment",
    "plans_fails": "ca-plans-tukums-2024.md",
    "lpp": 54,
    "citats": "|Tukuma<br>3.pamatskolas<br>pirmsskola|Mārtiņš<br>26919299|Priede|Lielā iela 31, Tukums,|155|Nav|Nav|",
    "izdevejs": "Tukuma novads (pašvaldība)",
    "geokodesana": "varis_address",
    "adrese_vzd": "Lielā iela 31, Tukums, Tukuma nov., LV-3101",
    "vzd_kods": "102076558",
    "plana_lat": null,
    "plana_lon": null,
    "koord_teksts": null,
    "karodzini": [],
    "vietas": 155,
    "gultas": null,
    "edinasana": "Nav",
    "izvilkuma_piezime": "Contact-person name split across cells by the conversion; columns read by eye.",
    "komentars": "Avots: Tukuma novada CA plāns, lpp. 54 · 155 vietas · vieta noteikta pēc adreses (VZD)",
    "id": "tukuma-novads-izm-7"
   },
   "geometry": {
    "type": "Point",
    "coordinates": [
     23.147812,
     56.963558
    ]
   }
  },
  {
   "type": "Feature",
   "properties": {
    "kategorija": "izmitinasana",
    "nosaukums": "Tukuma novada speciālās izglītības iestāde",
    "adrese": "Raudas iela 6, Tukums",
    "pasvaldiba": "Tukuma novads",
    "pasvaldiba_slug": "tukuma-novads",
    "nr_plana": null,
    "avots_teksts": "Avots: Tukuma novada CA plāns, lpp. 54",
    "plans_url": "https://www.tukums.lv/lv/media/56137/download?attachment",
    "plans_fails": "ca-plans-tukums-2024.md",
    "lpp": 54,
    "citats": "|Tukuma<br>novada<br>speciālās izglītības<br>iestāde|Juris Otto 29|612150|Raudas<br>iela<br>6,<br>Tukums,|250|Nav|Nav|",
    "izdevejs": "Tukuma novads (pašvaldība)",
    "geokodesana": "varis_address",
    "adrese_vzd": "Raudas iela 6, Tukums, Tukuma nov., LV-3101",
    "vzd_kods": "101215044",
    "plana_lat": null,
    "plana_lon": null,
    "koord_teksts": null,
    "karodzini": [],
    "vietas": 250,
    "gultas": null,
    "edinasana": "Nav",
    "izvilkuma_piezime": "Contact-person name split across cells by the conversion; columns read by eye.",
    "komentars": "Avots: Tukuma novada CA plāns, lpp. 54 · 250 vietas · vieta noteikta pēc adreses (VZD)",
    "id": "tukuma-novads-izm-8"
   },
   "geometry": {
    "type": "Point",
    "coordinates": [
     23.15588,
     56.96854
    ]
   }
  },
  {
   "type": "Feature",
   "properties": {
    "kategorija": "izmitinasana",
    "nosaukums": "Tukuma PII \"Pepija\"",
    "adrese": "M.Smilšu iela 14, Tukums",
    "pasvaldiba": "Tukuma novads",
    "pasvaldiba_slug": "tukuma-novads",
    "nr_plana": null,
    "avots_teksts": "Avots: Tukuma novada CA plāns, lpp. 54",
    "plans_url": "https://www.tukums.lv/lv/media/56137/download?attachment",
    "plans_fails": "ca-plans-tukums-2024.md",
    "lpp": 54,
    "citats": "|Tukuma<br>PII<br>\"Pepija\"|Aiva Ābola|27006552|M.Smilšu<br>iela<br>14,<br>Tukums,|210|Ir|138<br>pirmsskolas<br>bērniem|",
    "izdevejs": "Tukuma novads (pašvaldība)",
    "geokodesana": "varis_address",
    "adrese_vzd": "M. Smilšu iela 14, Tukums, Tukuma nov., LV-3101",
    "vzd_kods": "105245477",
    "plana_lat": null,
    "plana_lon": null,
    "koord_teksts": null,
    "karodzini": [],
    "vietas": 210,
    "gultas": 138,
    "edinasana": "Ir",
    "izvilkuma_piezime": "Beds: '138 pirmsskolas bērniem' (for pre-school children).",
    "komentars": "Avots: Tukuma novada CA plāns, lpp. 54 · 210 vietas · vieta noteikta pēc adreses (VZD)",
    "id": "tukuma-novads-izm-9"
   },
   "geometry": {
    "type": "Point",
    "coordinates": [
     23.142213,
     56.973631
    ]
   }
  },
  {
   "type": "Feature",
   "properties": {
    "kategorija": "izmitinasana",
    "nosaukums": "Tukuma PII \"Taurenītis\"",
    "adrese": "Smilšu iela 46, Tukums",
    "pasvaldiba": "Tukuma novads",
    "pasvaldiba_slug": "tukuma-novads",
    "nr_plana": null,
    "avots_teksts": "Avots: Tukuma novada CA plāns, lpp. 54",
    "plans_url": "https://www.tukums.lv/lv/media/56137/download?attachment",
    "plans_fails": "ca-plans-tukums-2024.md",
    "lpp": 54,
    "citats": "|Tukuma<br>PII<br>\"Taurenītis\"|Liene<br>26257080|Kanberga|Smilšu<br>iela<br>46,<br>Tukums,|234|Ir|220 bērniem|",
    "izdevejs": "Tukuma novads (pašvaldība)",
    "geokodesana": "varis_address",
    "adrese_vzd": "Smilšu iela 46, Tukums, Tukuma nov., LV-3101",
    "vzd_kods": "101217015",
    "plana_lat": null,
    "plana_lon": null,
    "koord_teksts": null,
    "karodzini": [],
    "vietas": 234,
    "gultas": 220,
    "edinasana": "Ir",
    "izvilkuma_piezime": "Beds: '220 bērniem' (children).",
    "komentars": "Avots: Tukuma novada CA plāns, lpp. 54 · 234 vietas · vieta noteikta pēc adreses (VZD)",
    "id": "tukuma-novads-izm-10"
   },
   "geometry": {
    "type": "Point",
    "coordinates": [
     23.142646,
     56.974774
    ]
   }
  },
  {
   "type": "Feature",
   "properties": {
    "kategorija": "izmitinasana",
    "nosaukums": "Tukuma PII \"Pasaciņa\"",
    "adrese": "Kurzemes iela 5, Tukums",
    "pasvaldiba": "Tukuma novads",
    "pasvaldiba_slug": "tukuma-novads",
    "nr_plana": null,
    "avots_teksts": "Avots: Tukuma novada CA plāns, lpp. 54",
    "plans_url": "https://www.tukums.lv/lv/media/56137/download?attachment",
    "plans_fails": "ca-plans-tukums-2024.md",
    "lpp": 54,
    "citats": "|Tukuma<br>PII<br>\"Pasaciņa\"|Jeļena<br>29325515|Tratinko|Kurzemes<br>iela<br>5,<br>Tukums,|270|Ir|280 bērniem|",
    "izdevejs": "Tukuma novads (pašvaldība)",
    "geokodesana": "varis_address",
    "adrese_vzd": "Kurzemes iela 5, Tukums, Tukuma nov., LV-3101",
    "vzd_kods": "101208633",
    "plana_lat": null,
    "plana_lon": null,
    "koord_teksts": null,
    "karodzini": [],
    "vietas": 270,
    "gultas": 280,
    "edinasana": "Ir",
    "izvilkuma_piezime": "Beds: '280 bērniem' (children).",
    "komentars": "Avots: Tukuma novada CA plāns, lpp. 54 · 270 vietas · vieta noteikta pēc adreses (VZD)",
    "id": "tukuma-novads-izm-11"
   },
   "geometry": {
    "type": "Point",
    "coordinates": [
     23.159449,
     56.970112
    ]
   }
  },
  {
   "type": "Feature",
   "properties": {
    "kategorija": "izmitinasana",
    "nosaukums": "Tukuma PII \"Vālodzīte\"",
    "adrese": "Spartaka iela 18, Tukums",
    "pasvaldiba": "Tukuma novads",
    "pasvaldiba_slug": "tukuma-novads",
    "nr_plana": null,
    "avots_teksts": "Avots: Tukuma novada CA plāns, lpp. 54",
    "plans_url": "https://www.tukums.lv/lv/media/56137/download?attachment",
    "plans_fails": "ca-plans-tukums-2024.md",
    "lpp": 54,
    "citats": "|Tukuma<br>PII<br>\"Vālodzīte\"|Eva<br>22420049|Upmane|Spartaka<br>iela<br>18,<br>Tukums,|243|Virtuve<br>(200)|231 gultas|",
    "izdevejs": "Tukuma novads (pašvaldība)",
    "geokodesana": "varis_address",
    "adrese_vzd": "Spartaka iela 18, Tukums, Tukuma nov., LV-3101",
    "vzd_kods": "101217136",
    "plana_lat": null,
    "plana_lon": null,
    "koord_teksts": null,
    "karodzini": [],
    "vietas": 243,
    "gultas": 231,
    "edinasana": "Virtuve (200)",
    "izvilkuma_piezime": "Beds: '231 gultas'.",
    "komentars": "Avots: Tukuma novada CA plāns, lpp. 54 · 243 vietas · vieta noteikta pēc adreses (VZD)",
    "id": "tukuma-novads-izm-12"
   },
   "geometry": {
    "type": "Point",
    "coordinates": [
     23.16473,
     56.972629
    ]
   }
  },
  {
   "type": "Feature",
   "properties": {
    "kategorija": "izmitinasana",
    "nosaukums": "Tukuma PII “Lotte\"",
    "adrese": "Raudas iela 3, Tukums",
    "pasvaldiba": "Tukuma novads",
    "pasvaldiba_slug": "tukuma-novads",
    "nr_plana": null,
    "avots_teksts": "Avots: Tukuma novada CA plāns, lpp. 54",
    "plans_url": "https://www.tukums.lv/lv/media/56137/download?attachment",
    "plans_fails": "ca-plans-tukums-2024.md",
    "lpp": 54,
    "citats": "|Tukuma PII “Lotte\"|Edīte<br>P<br>29713305|avličenko|Raudas<br>iela<br>3,<br>Tukums,|145|Nav|116 bērniem|",
    "izdevejs": "Tukuma novads (pašvaldība)",
    "geokodesana": "varis_address",
    "adrese_vzd": "Raudas iela 3, Tukums, Tukuma nov., LV-3101",
    "vzd_kods": "102593063",
    "plana_lat": null,
    "plana_lon": null,
    "koord_teksts": null,
    "karodzini": [],
    "vietas": 145,
    "gultas": 116,
    "edinasana": "Nav",
    "izvilkuma_piezime": "Beds: '116 bērniem' (children).",
    "komentars": "Avots: Tukuma novada CA plāns, lpp. 54 · 145 vietas · vieta noteikta pēc adreses (VZD)",
    "id": "tukuma-novads-izm-13"
   },
   "geometry": {
    "type": "Point",
    "coordinates": [
     23.154738,
     56.967695
    ]
   }
  },
  {
   "type": "Feature",
   "properties": {
    "kategorija": "izmitinasana",
    "nosaukums": "Tukuma PII \"Karlsons\"",
    "adrese": "Kuldīgas iela 67, Tukums",
    "pasvaldiba": "Tukuma novads",
    "pasvaldiba_slug": "tukuma-novads",
    "nr_plana": null,
    "avots_teksts": "Avots: Tukuma novada CA plāns, lpp. 54",
    "plans_url": "https://www.tukums.lv/lv/media/56137/download?attachment",
    "plans_fails": "ca-plans-tukums-2024.md",
    "lpp": 54,
    "citats": "|Tukuma<br>PII<br>\"Karlsons\"|Andra<br>27006421|Mazure|Kuldīgas<br>iela<br>67,<br>Tukums,|216|Ir|146<br>pirmsskolas<br>bērniem|",
    "izdevejs": "Tukuma novads (pašvaldība)",
    "geokodesana": "varis_address",
    "adrese_vzd": "Kuldīgas iela 67, Tukums, Tukuma nov., LV-3104",
    "vzd_kods": "105691367",
    "plana_lat": null,
    "plana_lon": null,
    "koord_teksts": null,
    "karodzini": [],
    "vietas": 216,
    "gultas": 146,
    "edinasana": "Ir",
    "izvilkuma_piezime": "Beds: '146 pirmsskolas bērniem' (pre-school children).",
    "komentars": "Avots: Tukuma novada CA plāns, lpp. 54 · 216 vietas · vieta noteikta pēc adreses (VZD)",
    "id": "tukuma-novads-izm-14"
   },
   "geometry": {
    "type": "Point",
    "coordinates": [
     23.12211,
     56.950645
    ]
   }
  },
  {
   "type": "Feature",
   "properties": {
    "kategorija": "izmitinasana",
    "nosaukums": "Tukuma Raiņa Valsts ģimnāzija",
    "adrese": "J.Raiņa iela 3; J. Raiņa iela 3A, Tukums",
    "pasvaldiba": "Tukuma novads",
    "pasvaldiba_slug": "tukuma-novads",
    "nr_plana": null,
    "avots_teksts": "Avots: Tukuma novada CA plāns, lpp. 54",
    "plans_url": "https://www.tukums.lv/lv/media/56137/download?attachment",
    "plans_fails": "ca-plans-tukums-2024.md",
    "lpp": 54,
    "citats": "|Tukuma<br>Raiņa<br>Valsts ģimnāzija|Sigita Kūla|22037541|J.Raiņa iela 3; J.<br>Raiņa<br>iela<br>3A,<br>Tukums,|258+461|Ir, 2 ēdnīcas<br>telpas<br>un<br>virtuve|32+1<br>dienesta<br>viesnīcā|",
    "izdevejs": "Tukuma novads (pašvaldība)",
    "geokodesana": "varis_address",
    "adrese_vzd": "J. Raiņa iela 3, Tukums, Tukuma nov., LV-3101",
    "vzd_kods": "101214653",
    "plana_lat": null,
    "plana_lon": null,
    "koord_teksts": null,
    "karodzini": [],
    "vietas": null,
    "gultas": null,
    "edinasana": "Ir, 2 ēdnīcas telpas un virtuve",
    "izvilkuma_piezime": "Capacity printed as '258+461' (two buildings); vietas left null. Pieejamās guļamvietas: '32+1 dienesta viesnīcā'.",
    "komentars": "Avots: Tukuma novada CA plāns, lpp. 54 · vieta noteikta pēc adreses (VZD)",
    "id": "tukuma-novads-izm-15"
   },
   "geometry": {
    "type": "Point",
    "coordinates": [
     23.148094,
     56.968224
    ]
   }
  },
  {
   "type": "Feature",
   "properties": {
    "kategorija": "izmitinasana",
    "nosaukums": "Tukuma 2.vidusskola",
    "adrese": "Raudas iela 16, Tukums",
    "pasvaldiba": "Tukuma novads",
    "pasvaldiba_slug": "tukuma-novads",
    "nr_plana": null,
    "avots_teksts": "Avots: Tukuma novada CA plāns, lpp. 54",
    "plans_url": "https://www.tukums.lv/lv/media/56137/download?attachment",
    "plans_fails": "ca-plans-tukums-2024.md",
    "lpp": 54,
    "citats": "|Tukuma<br>2.vidusskola|Anita<br>29357413|Locāne|Raudas<br>iela<br>16,<br>Tukums,|900|Ir|Nav|",
    "izdevejs": "Tukuma novads (pašvaldība)",
    "geokodesana": "varis_address",
    "adrese_vzd": "Raudas iela 16, Tukums, Tukuma nov., LV-3101",
    "vzd_kods": "105967254",
    "plana_lat": null,
    "plana_lon": null,
    "koord_teksts": null,
    "karodzini": [],
    "vietas": 900,
    "gultas": null,
    "edinasana": "Ir",
    "komentars": "Avots: Tukuma novada CA plāns, lpp. 54 · 900 vietas · vieta noteikta pēc adreses (VZD)",
    "id": "tukuma-novads-izm-16"
   },
   "geometry": {
    "type": "Point",
    "coordinates": [
     23.15726,
     56.971372
    ]
   }
  },
  {
   "type": "Feature",
   "properties": {
    "kategorija": "izmitinasana",
    "nosaukums": "Tukuma Mūzikas skola",
    "adrese": "Baznīcas iela 2, Tukums",
    "pasvaldiba": "Tukuma novads",
    "pasvaldiba_slug": "tukuma-novads",
    "nr_plana": null,
    "avots_teksts": "Avots: Tukuma novada CA plāns, lpp. 54",
    "plans_url": "https://www.tukums.lv/lv/media/56137/download?attachment",
    "plans_fails": "ca-plans-tukums-2024.md",
    "lpp": 54,
    "citats": "|Tukuma<br>Mūzikas<br>skola|Ligita<br> <br>29440320|Zemniece|<br>Baznīcas<br>iela<br>2,<br>Tukums,|50|Nav|Nav|",
    "izdevejs": "Tukuma novads (pašvaldība)",
    "geokodesana": "varis_address",
    "adrese_vzd": "Baznīcas iela 2, Tukums, Tukuma nov., LV-3101",
    "vzd_kods": "102074876",
    "plana_lat": null,
    "plana_lon": null,
    "koord_teksts": null,
    "karodzini": [],
    "vietas": 50,
    "gultas": null,
    "edinasana": "Nav",
    "komentars": "Avots: Tukuma novada CA plāns, lpp. 54 · 50 vietas · vieta noteikta pēc adreses (VZD)",
    "id": "tukuma-novads-izm-17"
   },
   "geometry": {
    "type": "Point",
    "coordinates": [
     23.160613,
     56.966069
    ]
   }
  },
  {
   "type": "Feature",
   "properties": {
    "kategorija": "izmitinasana",
    "nosaukums": "Tukuma Sporta skola",
    "adrese": "Kuldīgas iela 74, Tukums",
    "pasvaldiba": "Tukuma novads",
    "pasvaldiba_slug": "tukuma-novads",
    "nr_plana": null,
    "avots_teksts": "Avots: Tukuma novada CA plāns, lpp. 54",
    "plans_url": "https://www.tukums.lv/lv/media/56137/download?attachment",
    "plans_fails": "ca-plans-tukums-2024.md",
    "lpp": 54,
    "citats": "|Tukuma<br>Sporta<br>skola|Sergejs<br>(26019039)|Kovaļovs|<br>Kuldīgas<br>iela<br>74,<br>Tukums,|100|Nav|22 vietas|",
    "izdevejs": "Tukuma novads (pašvaldība)",
    "geokodesana": "varis_address",
    "adrese_vzd": "Kuldīgas iela 74, Tukums, Tukuma nov., LV-3104",
    "vzd_kods": "101208297",
    "plana_lat": null,
    "plana_lon": null,
    "koord_teksts": null,
    "karodzini": [],
    "vietas": 100,
    "gultas": 22,
    "edinasana": "Nav",
    "izvilkuma_piezime": "Beds: '22 vietas'.",
    "komentars": "Avots: Tukuma novada CA plāns, lpp. 54 · 100 vietas · vieta noteikta pēc adreses (VZD)",
    "id": "tukuma-novads-izm-18"
   },
   "geometry": {
    "type": "Point",
    "coordinates": [
     23.120941,
     56.951869
    ]
   }
  },
  {
   "type": "Feature",
   "properties": {
    "kategorija": "izmitinasana",
    "nosaukums": "Tukuma Mākslas skola",
    "adrese": "Lielā iela 27, Tukums",
    "pasvaldiba": "Tukuma novads",
    "pasvaldiba_slug": "tukuma-novads",
    "nr_plana": null,
    "avots_teksts": "Avots: Tukuma novada CA plāns, lpp. 54",
    "plans_url": "https://www.tukums.lv/lv/media/56137/download?attachment",
    "plans_fails": "ca-plans-tukums-2024.md",
    "lpp": 54,
    "citats": "|Tukuma<br>Mākslas<br>skola|Inga<br>29178005|kalniņa|Lielā iela 27, Tukums,|100|Nav|Nav|",
    "izdevejs": "Tukuma novads (pašvaldība)",
    "geokodesana": "varis_address",
    "adrese_vzd": "Lielā iela 27, Tukums, Tukuma nov., LV-3101",
    "vzd_kods": "101209401",
    "plana_lat": null,
    "plana_lon": null,
    "koord_teksts": null,
    "karodzini": [],
    "vietas": 100,
    "gultas": null,
    "edinasana": "Nav",
    "komentars": "Avots: Tukuma novada CA plāns, lpp. 54 · 100 vietas · vieta noteikta pēc adreses (VZD)",
    "id": "tukuma-novads-izm-19"
   },
   "geometry": {
    "type": "Point",
    "coordinates": [
     23.148366,
     56.963653
    ]
   }
  },
  {
   "type": "Feature",
   "properties": {
    "kategorija": "izmitinasana",
    "nosaukums": "Tukuma novada sociālais dienests",
    "adrese": "Tidaholmas iela 1, Tukums",
    "pasvaldiba": "Tukuma novads",
    "pasvaldiba_slug": "tukuma-novads",
    "nr_plana": null,
    "avots_teksts": "Avots: Tukuma novada CA plāns, lpp. 54",
    "plans_url": "https://www.tukums.lv/lv/media/56137/download?attachment",
    "plans_fails": "ca-plans-tukums-2024.md",
    "lpp": 54,
    "citats": "|Tukuma<br>novada<br>sociālais dienests|Ina<br>(25759992)|Balgalve|Tidaholmas iela 1,<br>Tukums|261|ir virtuve|nav|",
    "izdevejs": "Tukuma novads (pašvaldība)",
    "geokodesana": "varis_address",
    "adrese_vzd": "Tidaholmas iela 1, Tukums, Tukuma nov., LV-3101",
    "vzd_kods": "101219277",
    "plana_lat": null,
    "plana_lon": null,
    "koord_teksts": null,
    "karodzini": [],
    "vietas": 261,
    "gultas": null,
    "edinasana": "ir virtuve",
    "komentars": "Avots: Tukuma novada CA plāns, lpp. 54 · 261 vietas · vieta noteikta pēc adreses (VZD)",
    "id": "tukuma-novads-izm-20"
   },
   "geometry": {
    "type": "Point",
    "coordinates": [
     23.149058,
     56.967266
    ]
   }
  },
  {
   "type": "Feature",
   "properties": {
    "kategorija": "izmitinasana",
    "nosaukums": "Tukuma patversme",
    "adrese": "Dārza iela 11/13, Tukums",
    "pasvaldiba": "Tukuma novads",
    "pasvaldiba_slug": "tukuma-novads",
    "nr_plana": null,
    "avots_teksts": "Avots: Tukuma novada CA plāns, lpp. 54",
    "plans_url": "https://www.tukums.lv/lv/media/56137/download?attachment",
    "plans_fails": "ca-plans-tukums-2024.md",
    "lpp": 54,
    "citats": "|Tukuma patversme|Anita<br>(29496269)|Štarka|Dārza<br>iela<br>11/13,<br>Tukums|85|Ir virtuve|30|",
    "izdevejs": "Tukuma novads (pašvaldība)",
    "geokodesana": "varis_address",
    "adrese_vzd": "Dārza iela 11/13, Tukums, Tukuma nov., LV-3101",
    "vzd_kods": "102075146",
    "plana_lat": null,
    "plana_lon": null,
    "koord_teksts": null,
    "karodzini": [],
    "vietas": 85,
    "gultas": 30,
    "edinasana": "Ir virtuve",
    "komentars": "Avots: Tukuma novada CA plāns, lpp. 54 · 85 vietas · vieta noteikta pēc adreses (VZD)",
    "id": "tukuma-novads-izm-21"
   },
   "geometry": {
    "type": "Point",
    "coordinates": [
     23.149871,
     56.965457
    ]
   }
  },
  {
   "type": "Feature",
   "properties": {
    "kategorija": "izmitinasana",
    "nosaukums": "DAC \"Saime\" un \"Saimīte\"",
    "adrese": "Dārzniecības iela 2a, Tukums",
    "pasvaldiba": "Tukuma novads",
    "pasvaldiba_slug": "tukuma-novads",
    "nr_plana": null,
    "avots_teksts": "Avots: Tukuma novada CA plāns, lpp. 54",
    "plans_url": "https://www.tukums.lv/lv/media/56137/download?attachment",
    "plans_fails": "ca-plans-tukums-2024.md",
    "lpp": 54,
    "citats": "|DAC \"Saime\" un<br>\"Saimīte\"|Astra<br>(28928999)|Peipa|Dārzniecības iela 2a,<br>Tukums|68|ir virtuve|12<br>bērnu<br>gultiņas, 68<br>matrači|",
    "izdevejs": "Tukuma novads (pašvaldība)",
    "geokodesana": "varis_address",
    "adrese_vzd": "Dārzniecības iela 2A, Tukums, Tukuma nov., LV-3101",
    "vzd_kods": "106366550",
    "plana_lat": null,
    "plana_lon": null,
    "koord_teksts": null,
    "karodzini": [],
    "vietas": 68,
    "gultas": null,
    "edinasana": "ir virtuve",
    "izvilkuma_piezime": "Pieejamās guļamvietas: '12 bērnu gultiņas, 68 matrači'.",
    "komentars": "Avots: Tukuma novada CA plāns, lpp. 54 · 68 vietas · vieta noteikta pēc adreses (VZD)",
    "id": "tukuma-novads-izm-22"
   },
   "geometry": {
    "type": "Point",
    "coordinates": [
     23.160181,
     56.967975
    ]
   }
  },
  {
   "type": "Feature",
   "properties": {
    "kategorija": "izmitinasana",
    "nosaukums": "Irlavas pamatskolas pirmsskolas grupas Vaskos",
    "adrese": "Vaski, Irlavas pagasts",
    "pasvaldiba": "Tukuma novads",
    "pasvaldiba_slug": "tukuma-novads",
    "nr_plana": null,
    "avots_teksts": "Avots: Tukuma novada CA plāns, lpp. 55",
    "plans_url": "https://www.tukums.lv/lv/media/56137/download?attachment",
    "plans_fails": "ca-plans-tukums-2024.md",
    "lpp": 55,
    "citats": "|Irlavas pamatskolas<br>pirmsskolas grupas<br>Vaskos|Aiva<br>26559884|Platace|Vaski,<br>pagasts,|Irlavas|60|ir|50<br>(bērniem);<br>3<br>(pieaugušie)|",
    "izdevejs": "Tukuma novads (pašvaldība)",
    "geokodesana": "varis_address",
    "adrese_vzd": "\"Vaski\", Irlavas pag., Tukuma nov., LV-3137",
    "vzd_kods": "102872953",
    "plana_lat": null,
    "plana_lon": null,
    "koord_teksts": null,
    "karodzini": [],
    "vietas": 60,
    "gultas": null,
    "edinasana": "ir",
    "izvilkuma_piezime": "Contact-person name split across cells by the conversion; columns read by eye. Pieejamās guļamvietas: '50 (bērniem); 3 (pieaugušie)'.",
    "komentars": "Avots: Tukuma novada CA plāns, lpp. 55 · 60 vietas · vieta noteikta pēc adreses (VZD)",
    "id": "tukuma-novads-izm-23"
   },
   "geometry": {
    "type": "Point",
    "coordinates": [
     23.076657,
     56.836802
    ]
   }
  },
  {
   "type": "Feature",
   "properties": {
    "kategorija": "izmitinasana",
    "nosaukums": "Irlavas Kultūras nams",
    "adrese": "\"Svēteļi\", Irlava",
    "pasvaldiba": "Tukuma novads",
    "pasvaldiba_slug": "tukuma-novads",
    "nr_plana": null,
    "avots_teksts": "Avots: Tukuma novada CA plāns, lpp. 55",
    "plans_url": "https://www.tukums.lv/lv/media/56137/download?attachment",
    "plans_fails": "ca-plans-tukums-2024.md",
    "lpp": 55,
    "citats": "|Irlavas<br>Kultūras<br>nams|Antra<br>(28668486)|Erzama<br>|\"Svēteļi\", Irl|ava|50|nav|nav|",
    "izdevejs": "Tukuma novads (pašvaldība)",
    "geokodesana": "varis_address",
    "adrese_vzd": "\"Svēteļi\", Irlava, Irlavas pag., Tukuma nov., LV-3137",
    "vzd_kods": "105748156",
    "plana_lat": null,
    "plana_lon": null,
    "koord_teksts": null,
    "karodzini": [],
    "vietas": 50,
    "gultas": null,
    "edinasana": "nav",
    "izvilkuma_piezime": "Contact-person name split across cells by the conversion; columns read by eye.",
    "komentars": "Avots: Tukuma novada CA plāns, lpp. 55 · 50 vietas · vieta noteikta pēc adreses (VZD)",
    "dublikati": [
     "KC \"Dzintariņi\" (Irlavas pag.) (nr. None, lpp. 55)"
    ],
    "id": "tukuma-novads-izm-24"
   },
   "geometry": {
    "type": "Point",
    "coordinates": [
     22.992302,
     56.875343
    ]
   }
  },
  {
   "type": "Feature",
   "properties": {
    "kategorija": "izmitinasana",
    "nosaukums": "Irlavas Sporta nams",
    "adrese": "Sporta iela 1, Irlava",
    "pasvaldiba": "Tukuma novads",
    "pasvaldiba_slug": "tukuma-novads",
    "nr_plana": null,
    "avots_teksts": "Avots: Tukuma novada CA plāns, lpp. 55",
    "plans_url": "https://www.tukums.lv/lv/media/56137/download?attachment",
    "plans_fails": "ca-plans-tukums-2024.md",
    "lpp": 55,
    "citats": "|Irlavas Sporta nams|Andis<br>(26598997)|Švāns|Sporta iela 1|, Irlava|150|nav|nav|",
    "izdevejs": "Tukuma novads (pašvaldība)",
    "geokodesana": "varis_address",
    "adrese_vzd": "Sporta iela 1, Irlava, Irlavas pag., Tukuma nov., LV-3137",
    "vzd_kods": "105731823",
    "plana_lat": null,
    "plana_lon": null,
    "koord_teksts": null,
    "karodzini": [],
    "vietas": 150,
    "gultas": null,
    "edinasana": "nav",
    "izvilkuma_piezime": "Contact-person name split across cells by the conversion; columns read by eye.",
    "komentars": "Avots: Tukuma novada CA plāns, lpp. 55 · 150 vietas · vieta noteikta pēc adreses (VZD)",
    "id": "tukuma-novads-izm-25"
   },
   "geometry": {
    "type": "Point",
    "coordinates": [
     23.001687,
     56.87025
    ]
   }
  },
  {
   "type": "Feature",
   "properties": {
    "kategorija": "izmitinasana",
    "nosaukums": "Irlavas Sarkanā Krusta slimnīca",
    "adrese": "\"Irlavas Sarkanā krusta slimnīca\", Irlava",
    "pasvaldiba": "Tukuma novads",
    "pasvaldiba_slug": "tukuma-novads",
    "nr_plana": null,
    "avots_teksts": "Avots: Tukuma novada CA plāns, lpp. 55",
    "plans_url": "https://www.tukums.lv/lv/media/56137/download?attachment",
    "plans_fails": "ca-plans-tukums-2024.md",
    "lpp": 55,
    "citats": "|Irlavas<br>Sarkanā<br>Krusta slimnīca|Kaspars<br>(26484446)|Kārkliņš|\"Irlavas<br>krusta<br> <br>Irlava|Sarkanā<br>slimnīca\",|48|ir|48|",
    "izdevejs": "Tukuma novads (pašvaldība)",
    "geokodesana": "varis_address",
    "adrese_vzd": "\"Irlavas Sarkanā krusta slimnīca \", Irlava, Irlavas pag., Tukuma nov., LV-3137",
    "vzd_kods": "105343263",
    "plana_lat": null,
    "plana_lon": null,
    "koord_teksts": null,
    "karodzini": [],
    "vietas": 48,
    "gultas": 48,
    "edinasana": "ir",
    "izvilkuma_piezime": "Contact-person name split across cells by the conversion; columns read by eye.",
    "komentars": "Avots: Tukuma novada CA plāns, lpp. 55 · 48 vietas · vieta noteikta pēc adreses (VZD)",
    "id": "tukuma-novads-izm-26"
   },
   "geometry": {
    "type": "Point",
    "coordinates": [
     22.988226,
     56.877926
    ]
   }
  },
  {
   "type": "Feature",
   "properties": {
    "kategorija": "izmitinasana",
    "nosaukums": "Sēmes sākumskola ar sporta zāli",
    "adrese": "Ezera iela 17, Sēmes pagasts",
    "pasvaldiba": "Tukuma novads",
    "pasvaldiba_slug": "tukuma-novads",
    "nr_plana": null,
    "avots_teksts": "Avots: Tukuma novada CA plāns, lpp. 55",
    "plans_url": "https://www.tukums.lv/lv/media/56137/download?attachment",
    "plans_fails": "ca-plans-tukums-2024.md",
    "lpp": 55,
    "citats": "|Sēmes sākumskola<br>ar sporta zāli|Natālija<br>26162549|Liepiņa|Ezera iela 1<br>pagasts|7, Sēmes|150|Ir ēdnīca|130<br>(bērniem)|",
    "izdevejs": "Tukuma novads (pašvaldība)",
    "geokodesana": "varis_address",
    "adrese_vzd": "Ezera iela 17, Sēme, Sēmes pag., Tukuma nov., LV-3110",
    "vzd_kods": "103443271",
    "plana_lat": null,
    "plana_lon": null,
    "koord_teksts": null,
    "karodzini": [],
    "vietas": 150,
    "gultas": 130,
    "edinasana": "Ir ēdnīca",
    "izvilkuma_piezime": "Address split across cells ('Ezera iela 1' / '7, Sēmes'); joined. Beds: '130 (bērniem)' (children).",
    "komentars": "Avots: Tukuma novada CA plāns, lpp. 55 · 150 vietas · vieta noteikta pēc adreses (VZD)",
    "id": "tukuma-novads-izm-27"
   },
   "geometry": {
    "type": "Point",
    "coordinates": [
     23.133049,
     57.043245
    ]
   }
  },
  {
   "type": "Feature",
   "properties": {
    "kategorija": "izmitinasana",
    "nosaukums": "Tumes pamatskola",
    "adrese": "Skolas iela 1c, Tume",
    "pasvaldiba": "Tukuma novads",
    "pasvaldiba_slug": "tukuma-novads",
    "nr_plana": null,
    "avots_teksts": "Avots: Tukuma novada CA plāns, lpp. 55",
    "plans_url": "https://www.tukums.lv/lv/media/56137/download?attachment",
    "plans_fails": "ca-plans-tukums-2024.md",
    "lpp": 55,
    "citats": "|Tumes pamatskola|Inga<br> <br>(29114642)|Dāvidsone|Skolas iela 1|c, Tume,|300|250|nav|",
    "izdevejs": "Tukuma novads (pašvaldība)",
    "geokodesana": "varis_address",
    "adrese_vzd": "Skolas iela 1C, Tume, Tumes pag., Tukuma nov., LV-3139",
    "vzd_kods": "102086191",
    "plana_lat": null,
    "plana_lon": null,
    "koord_teksts": null,
    "karodzini": [],
    "vietas": 300,
    "gultas": null,
    "edinasana": "250",
    "izvilkuma_piezime": "Catering column holds only the number '250'. Address split across cells; joined.",
    "komentars": "Avots: Tukuma novada CA plāns, lpp. 55 · 300 vietas · vieta noteikta pēc adreses (VZD)",
    "id": "tukuma-novads-izm-28"
   },
   "geometry": {
    "type": "Point",
    "coordinates": [
     23.085965,
     56.93614
    ]
   }
  },
  {
   "type": "Feature",
   "properties": {
    "kategorija": "izmitinasana",
    "nosaukums": "Tumes kultūras nams",
    "adrese": "Pasta iela 1a, Tume",
    "pasvaldiba": "Tukuma novads",
    "pasvaldiba_slug": "tukuma-novads",
    "nr_plana": null,
    "avots_teksts": "Avots: Tukuma novada CA plāns, lpp. 55",
    "plans_url": "https://www.tukums.lv/lv/media/56137/download?attachment",
    "plans_fails": "ca-plans-tukums-2024.md",
    "lpp": 55,
    "citats": "|Tumes<br>kultūras<br>nams|Līga<br>(26332401)|Liberga|Pasta iela 1a|, Tume,|250|nav|nav|",
    "izdevejs": "Tukuma novads (pašvaldība)",
    "geokodesana": "varis_address",
    "adrese_vzd": "Pasta iela 1A, Tume, Tumes pag., Tukuma nov., LV-3139",
    "vzd_kods": "105724030",
    "plana_lat": null,
    "plana_lon": null,
    "koord_teksts": null,
    "karodzini": [],
    "vietas": 250,
    "gultas": null,
    "edinasana": "nav",
    "izvilkuma_piezime": "Address split across cells; joined.",
    "komentars": "Avots: Tukuma novada CA plāns, lpp. 55 · 250 vietas · vieta noteikta pēc adreses (VZD)",
    "id": "tukuma-novads-izm-29"
   },
   "geometry": {
    "type": "Point",
    "coordinates": [
     23.086964,
     56.93744
    ]
   }
  },
  {
   "type": "Feature",
   "properties": {
    "kategorija": "izmitinasana",
    "nosaukums": "Zemgales vidusskola",
    "adrese": "Zemgales vidusskola, Slampe, Slampes pag.",
    "pasvaldiba": "Tukuma novads",
    "pasvaldiba_slug": "tukuma-novads",
    "nr_plana": null,
    "avots_teksts": "Avots: Tukuma novada CA plāns, lpp. 55",
    "plans_url": "https://www.tukums.lv/lv/media/56137/download?attachment",
    "plans_fails": "ca-plans-tukums-2024.md",
    "lpp": 55,
    "citats": "|Zemgales<br>vidusskola|Evija<br>22033796|Baumane|Zemgales<br>vidusskola``<br>Slampes pag|, Slampe,<br>.|200|Virtuve<br>ar<br>ēdnīcu|12 internātā|",
    "izdevejs": "Tukuma novads (pašvaldība)",
    "geokodesana": "varis_address",
    "adrese_vzd": "\"Zemgales vidusskola\", Slampe, Slampes pag., Tukuma nov., LV-3119",
    "vzd_kods": "102920357",
    "plana_lat": null,
    "plana_lon": null,
    "koord_teksts": null,
    "karodzini": [],
    "vietas": 200,
    "gultas": 12,
    "edinasana": "Virtuve ar ēdnīcu",
    "izvilkuma_piezime": "Beds: '12 internātā' (boarding house). Address split across cells; joined.",
    "komentars": "Avots: Tukuma novada CA plāns, lpp. 55 · 200 vietas · vieta noteikta pēc adreses (VZD)",
    "id": "tukuma-novads-izm-30"
   },
   "geometry": {
    "type": "Point",
    "coordinates": [
     23.301439,
     56.851726
    ]
   }
  },
  {
   "type": "Feature",
   "properties": {
    "kategorija": "izmitinasana",
    "nosaukums": "Slampes PII \"Pienenīte\"",
    "adrese": "Pirmsskolas iestāde \"Pienenīte\", Slampe, Slampes pag.",
    "pasvaldiba": "Tukuma novads",
    "pasvaldiba_slug": "tukuma-novads",
    "nr_plana": null,
    "avots_teksts": "Avots: Tukuma novada CA plāns, lpp. 55",
    "plans_url": "https://www.tukums.lv/lv/media/56137/download?attachment",
    "plans_fails": "ca-plans-tukums-2024.md",
    "lpp": 55,
    "citats": "|Slampes<br>PII<br>\"Pienenīte\"|Baiba<br>28366603|Zunde|<br>`Pirmsskola<br>``Pienenīte``<br>Slampes pag|<br>s iestāde<br>, Slampe,<br>.|30|nav|nav|",
    "izdevejs": "Tukuma novads (pašvaldība)",
    "geokodesana": "varis_address",
    "adrese_vzd": "\"Pirmsskolas iestāde \"Pienenīte\"\", Slampe, Slampes pag., Tukuma nov., LV-3119",
    "vzd_kods": "105831084",
    "plana_lat": null,
    "plana_lon": null,
    "koord_teksts": null,
    "karodzini": [],
    "vietas": 30,
    "gultas": null,
    "edinasana": "nav",
    "izvilkuma_piezime": "Address split across cells; joined.",
    "komentars": "Avots: Tukuma novada CA plāns, lpp. 55 · 30 vietas · vieta noteikta pēc adreses (VZD)",
    "id": "tukuma-novads-izm-31"
   },
   "geometry": {
    "type": "Point",
    "coordinates": [
     23.296803,
     56.848495
    ]
   }
  },
  {
   "type": "Feature",
   "properties": {
    "kategorija": "izmitinasana",
    "nosaukums": "Džūkstes pamatskola",
    "adrese": "\"Džūkstes skola\", Džūkste, Džūkstes pag.",
    "pasvaldiba": "Tukuma novads",
    "pasvaldiba_slug": "tukuma-novads",
    "nr_plana": null,
    "avots_teksts": "Avots: Tukuma novada CA plāns, lpp. 55",
    "plans_url": "https://www.tukums.lv/lv/media/56137/download?attachment",
    "plans_fails": "ca-plans-tukums-2024.md",
    "lpp": 55,
    "citats": "|Džūkstes<br>pamatskola|Inga<br>26018087|Riežniece|\"Džūkstes<br>Džūkste,<br>pag.|skola``,<br>Džūkstes|70|Virtuve<br>ar<br>ēdnīcu<br>-<br>vienlaicīgi<br>var paēdināt<br>80|70<br>mazo<br>bērnu<br>gultiņas;<br>32<br>pieaugušajie<br>m|",
    "izdevejs": "Tukuma novads (pašvaldība)",
    "geokodesana": "varis_address",
    "adrese_vzd": "\"Džūkstes skola\", Džūkste, Džūkstes pag., Tukuma nov., LV-3147",
    "vzd_kods": "103965411",
    "plana_lat": null,
    "plana_lon": null,
    "koord_teksts": null,
    "karodzini": [],
    "vietas": 70,
    "gultas": null,
    "edinasana": "Virtuve ar ēdnīcu - vienlaicīgi var paēdināt 80",
    "izvilkuma_piezime": "Address split across cells; joined. Pieejamās guļamvietas: '70 mazo bērnu gultiņas; 32 pieaugušajiem'.",
    "komentars": "Avots: Tukuma novada CA plāns, lpp. 55 · 70 vietas · vieta noteikta pēc adreses (VZD)",
    "id": "tukuma-novads-izm-32"
   },
   "geometry": {
    "type": "Point",
    "coordinates": [
     23.246224,
     56.794238
    ]
   }
  },
  {
   "type": "Feature",
   "properties": {
    "kategorija": "izmitinasana",
    "nosaukums": "Pūres kultūras nams",
    "adrese": "Vārpas, Pūres pagasts",
    "pasvaldiba": "Tukuma novads",
    "pasvaldiba_slug": "tukuma-novads",
    "nr_plana": null,
    "avots_teksts": "Avots: Tukuma novada CA plāns, lpp. 55",
    "plans_url": "https://www.tukums.lv/lv/media/56137/download?attachment",
    "plans_fails": "ca-plans-tukums-2024.md",
    "lpp": 55,
    "citats": "|Pūres kultūras nams|Inese<br>29100681|Vīnšteine|Vārpas, Pūr|es pagasts|160|Ir virtuve|nav|",
    "izdevejs": "Tukuma novads (pašvaldība)",
    "geokodesana": "varis_address",
    "adrese_vzd": "\"Vārpas\", Pūre, Pūres pag., Tukuma nov., LV-3124",
    "vzd_kods": "104221782",
    "plana_lat": null,
    "plana_lon": null,
    "koord_teksts": null,
    "karodzini": [],
    "vietas": 160,
    "gultas": null,
    "edinasana": "Ir virtuve",
    "komentars": "Avots: Tukuma novada CA plāns, lpp. 55 · 160 vietas · vieta noteikta pēc adreses (VZD)",
    "id": "tukuma-novads-izm-33"
   },
   "geometry": {
    "type": "Point",
    "coordinates": [
     22.915137,
     57.038114
    ]
   }
  },
  {
   "type": "Feature",
   "properties": {
    "kategorija": "izmitinasana",
    "nosaukums": "Pūres PII \"Zemenīte\"",
    "adrese": "Zemeņu iela 7, Pūre",
    "pasvaldiba": "Tukuma novads",
    "pasvaldiba_slug": "tukuma-novads",
    "nr_plana": null,
    "avots_teksts": "Avots: Tukuma novada CA plāns, lpp. 55",
    "plans_url": "https://www.tukums.lv/lv/media/56137/download?attachment",
    "plans_fails": "ca-plans-tukums-2024.md",
    "lpp": 55,
    "citats": "|Pūres<br>PII<br>\"Zemenīte\"|Velga<br>29463282|Dektere|Zemeņu iela|7, Pūre|60|Ir virtuve 75|75<br>mazo<br>bērnu<br>gultiņas|",
    "izdevejs": "Tukuma novads (pašvaldība)",
    "geokodesana": "varis_address",
    "adrese_vzd": "Zemeņu iela 7, Pūre, Pūres pag., Tukuma nov., LV-3124",
    "vzd_kods": "104222060",
    "plana_lat": null,
    "plana_lon": null,
    "koord_teksts": null,
    "karodzini": [],
    "vietas": 60,
    "gultas": 75,
    "edinasana": "Ir virtuve 75",
    "izvilkuma_piezime": "Beds: '75 mazo bērnu gultiņas' (small children's cots). Address split across cells ('Zemeņu iela' / '7, Pūre'); joined. Note the assembly-point table gives Zemeņu iela 5 for the Pūre library.",
    "komentars": "Avots: Tukuma novada CA plāns, lpp. 55 · 60 vietas · vieta noteikta pēc adreses (VZD)",
    "id": "tukuma-novads-izm-34"
   },
   "geometry": {
    "type": "Point",
    "coordinates": [
     22.909519,
     57.035217
    ]
   }
  },
  {
   "type": "Feature",
   "properties": {
    "kategorija": "izmitinasana",
    "nosaukums": "Pūres pamatskolas Jaunsātu filiāle",
    "adrese": "Jaunsātu skola, Abavnieki, Jaunsāti",
    "pasvaldiba": "Tukuma novads",
    "pasvaldiba_slug": "tukuma-novads",
    "nr_plana": null,
    "avots_teksts": "Avots: Tukuma novada CA plāns, lpp. 55",
    "plans_url": "https://www.tukums.lv/lv/media/56137/download?attachment",
    "plans_fails": "ca-plans-tukums-2024.md",
    "lpp": 55,
    "citats": "|<br>Pūres pamatskolas<br>Jaunsātu filiāle|Haralds Lu<br>29799888|čkovskis,|Jaunsātu<br>Abavnieki, J|skola,<br>aunsāti|100|Ir virtuve|nav|",
    "izdevejs": "Tukuma novads (pašvaldība)",
    "geokodesana": "varis_address",
    "adrese_vzd": "\"Jaunsātu skola\", Abavnieki, Jaunsātu pag., Tukuma nov., LV-3128",
    "vzd_kods": "105651870",
    "plana_lat": null,
    "plana_lon": null,
    "koord_teksts": null,
    "karodzini": [],
    "vietas": 100,
    "gultas": null,
    "edinasana": "Ir virtuve",
    "komentars": "Avots: Tukuma novada CA plāns, lpp. 55 · 100 vietas · vieta noteikta pēc adreses (VZD)",
    "id": "tukuma-novads-izm-35"
   },
   "geometry": {
    "type": "Point",
    "coordinates": [
     22.933874,
     56.972251
    ]
   }
  },
  {
   "type": "Feature",
   "properties": {
    "kategorija": "izmitinasana",
    "nosaukums": "Tukuma novada speciālās izglītības iestāde",
    "adrese": "Lamiņu muiža, Lamiņi, Pūre",
    "pasvaldiba": "Tukuma novads",
    "pasvaldiba_slug": "tukuma-novads",
    "nr_plana": null,
    "avots_teksts": "Avots: Tukuma novada CA plāns, lpp. 55",
    "plans_url": "https://www.tukums.lv/lv/media/56137/download?attachment",
    "plans_fails": "ca-plans-tukums-2024.md",
    "lpp": 55,
    "citats": "|Tukuma<br>novada<br>speciālās izglītības<br>iestāde|Silva<br>20191947|Freimane|Lamiņu<br>Lamiņi, Pūr|muiža,<br>e|105|Virtuve<br>ar<br>ēdnīcu<br>-<br>vienlaicīgi<br>var paēdināt<br>110|110|",
    "izdevejs": "Tukuma novads (pašvaldība)",
    "geokodesana": "varis_address",
    "adrese_vzd": "\"Lamiņu muiža\", Lamiņi, Pūres pag., Tukuma nov., LV-3124",
    "vzd_kods": "105815898",
    "plana_lat": null,
    "plana_lon": null,
    "koord_teksts": null,
    "karodzini": [],
    "vietas": 105,
    "gultas": 110,
    "edinasana": "Virtuve ar ēdnīcu - vienlaicīgi var paēdināt 110",
    "izvilkuma_piezime": "Address split across cells; joined.",
    "komentars": "Avots: Tukuma novada CA plāns, lpp. 55 · 105 vietas · vieta noteikta pēc adreses (VZD)",
    "id": "tukuma-novads-izm-36"
   },
   "geometry": {
    "type": "Point",
    "coordinates": [
     22.959893,
     57.098975
    ]
   }
  },
  {
   "type": "Feature",
   "properties": {
    "kategorija": "izmitinasana",
    "nosaukums": "KC \"Rīti\" (Slampes pag.)",
    "adrese": "\"Rīti\", Slampes pag.",
    "pasvaldiba": "Tukuma novads",
    "pasvaldiba_slug": "tukuma-novads",
    "nr_plana": null,
    "avots_teksts": "Avots: Tukuma novada CA plāns, lpp. 55",
    "plans_url": "https://www.tukums.lv/lv/media/56137/download?attachment",
    "plans_fails": "ca-plans-tukums-2024.md",
    "lpp": 55,
    "citats": "|KC \"Rīti\" (Slampes<br>pag.)|Ilga<br>G<br>(29497305)|irgensone|\"Rīti\", Slam|pes pag.|105|ir virtuve|15|",
    "izdevejs": "Tukuma novads (pašvaldība)",
    "geokodesana": "varis_address",
    "adrese_vzd": "\"Rīti\", Slampe, Slampes pag., Tukuma nov., LV-3119",
    "vzd_kods": "102920365",
    "plana_lat": null,
    "plana_lon": null,
    "koord_teksts": null,
    "karodzini": [],
    "vietas": 105,
    "gultas": 15,
    "edinasana": "ir virtuve",
    "komentars": "Avots: Tukuma novada CA plāns, lpp. 55 · 105 vietas · vieta noteikta pēc adreses (VZD)",
    "id": "tukuma-novads-izm-37"
   },
   "geometry": {
    "type": "Point",
    "coordinates": [
     23.297579,
     56.849601
    ]
   }
  },
  {
   "type": "Feature",
   "properties": {
    "kategorija": "izmitinasana",
    "nosaukums": "KC Lestenes pag.",
    "adrese": "\"Saules\", Lestene",
    "pasvaldiba": "Tukuma novads",
    "pasvaldiba_slug": "tukuma-novads",
    "nr_plana": null,
    "avots_teksts": "Avots: Tukuma novada CA plāns, lpp. 56",
    "plans_url": "https://www.tukums.lv/lv/media/56137/download?attachment",
    "plans_fails": "ca-plans-tukums-2024.md",
    "lpp": 56,
    "citats": "|KC Lestenes pag.|Dagnija<br>(26235403)|Grava|\"Saules\", Lestene|8|Ir virtuve|nav|",
    "izdevejs": "Tukuma novads (pašvaldība)",
    "geokodesana": "varis_address",
    "adrese_vzd": "\"Saules\", Lestene, Lestenes pag., Tukuma nov., LV-3146",
    "vzd_kods": "105733675",
    "plana_lat": null,
    "plana_lon": null,
    "koord_teksts": null,
    "karodzini": [],
    "vietas": 8,
    "gultas": null,
    "edinasana": "Ir virtuve",
    "komentars": "Avots: Tukuma novada CA plāns, lpp. 56 · 8 vietas · vieta noteikta pēc adreses (VZD)",
    "id": "tukuma-novads-izm-38"
   },
   "geometry": {
    "type": "Point",
    "coordinates": [
     23.145474,
     56.773836
    ]
   }
  },
  {
   "type": "Feature",
   "properties": {
    "kategorija": "izmitinasana",
    "nosaukums": "Kandavas sporta halle",
    "adrese": "Skolas iela 10, Kandava",
    "pasvaldiba": "Tukuma novads",
    "pasvaldiba_slug": "tukuma-novads",
    "nr_plana": null,
    "avots_teksts": "Avots: Tukuma novada CA plāns, lpp. 56",
    "plans_url": "https://www.tukums.lv/lv/media/56137/download?attachment",
    "plans_fails": "ca-plans-tukums-2024.md",
    "lpp": 56,
    "citats": "|Kandavas<br>sporta<br>halle|Varis<br>(29432102)|Krūmiņš|Skolas<br>iela<br>10,<br>Kandava|266|<br>kafejnīca,izīr<br>ēta|gultasvietas,<br>dienesta<br>viesnīca|",
    "izdevejs": "Tukuma novads (pašvaldība)",
    "geokodesana": "varis_address",
    "adrese_vzd": "Skolas iela 10, Kandava, Tukuma nov., LV-3120",
    "vzd_kods": "101225641",
    "plana_lat": null,
    "plana_lon": null,
    "koord_teksts": null,
    "karodzini": [],
    "vietas": 266,
    "gultas": 39,
    "edinasana": "ir virtuve un kafejnīca,izīrēta",
    "izvilkuma_piezime": "Row split across two table lines: 'ir virtuve un' and '39' are on the preceding line. Beds: '39 gultasvietas, dienesta viesnīca'.",
    "komentars": "Avots: Tukuma novada CA plāns, lpp. 56 · 266 vietas · vieta noteikta pēc adreses (VZD)",
    "dublikati": [
     "Kandavas K.Mīlenbaha vidusskola (nr. None, lpp. 56)"
    ],
    "id": "tukuma-novads-izm-39"
   },
   "geometry": {
    "type": "Point",
    "coordinates": [
     22.768051,
     57.036396
    ]
   }
  },
  {
   "type": "Feature",
   "properties": {
    "kategorija": "izmitinasana",
    "nosaukums": "Pirmskolas izglītības iestāde \"Zīļuks\"",
    "adrese": "Raiņa iela 14, Kandava",
    "pasvaldiba": "Tukuma novads",
    "pasvaldiba_slug": "tukuma-novads",
    "nr_plana": null,
    "avots_teksts": "Avots: Tukuma novada CA plāns, lpp. 56",
    "plans_url": "https://www.tukums.lv/lv/media/56137/download?attachment",
    "plans_fails": "ca-plans-tukums-2024.md",
    "lpp": 56,
    "citats": "|Pirmskolas<br>izglītības<br>iestāde<br>\"Zīļuks\"|Dina<br>(29149340)|Tauriņa|Raiņa<br>iela<br>14,<br>Kandava|180 bērni|nav|180 bērniem|",
    "izdevejs": "Tukuma novads (pašvaldība)",
    "geokodesana": "varis_address",
    "adrese_vzd": "Raiņa iela 14, Kandava, Tukuma nov., LV-3120",
    "vzd_kods": "102079506",
    "plana_lat": null,
    "plana_lon": null,
    "koord_teksts": null,
    "karodzini": [],
    "vietas": 180,
    "gultas": 180,
    "edinasana": "nav",
    "izvilkuma_piezime": "Capacity '180 bērni' and beds '180 bērniem' (children).",
    "komentars": "Avots: Tukuma novada CA plāns, lpp. 56 · 180 vietas · vieta noteikta pēc adreses (VZD)",
    "id": "tukuma-novads-izm-40"
   },
   "geometry": {
    "type": "Point",
    "coordinates": [
     22.776223,
     57.041735
    ]
   }
  },
  {
   "type": "Feature",
   "properties": {
    "kategorija": "izmitinasana",
    "nosaukums": "Tukuma novada sociālais dienests",
    "adrese": "Jelgavas iela 4a, Kandava",
    "pasvaldiba": "Tukuma novads",
    "pasvaldiba_slug": "tukuma-novads",
    "nr_plana": null,
    "avots_teksts": "Avots: Tukuma novada CA plāns, lpp. 56",
    "plans_url": "https://www.tukums.lv/lv/media/56137/download?attachment",
    "plans_fails": "ca-plans-tukums-2024.md",
    "lpp": 56,
    "citats": "|Tukuma<br>novada<br>sociālais dienests|Ina<br>(25759992)|Balgalve|Jelgavas<br>iela<br>4a,<br>Kandava|100|nav|nav|",
    "izdevejs": "Tukuma novads (pašvaldība)",
    "geokodesana": "varis_address",
    "adrese_vzd": "Jelgavas iela 4A, Kandava, Tukuma nov., LV-3120",
    "vzd_kods": "101223002",
    "plana_lat": null,
    "plana_lon": null,
    "koord_teksts": null,
    "karodzini": [],
    "vietas": 100,
    "gultas": null,
    "edinasana": "nav",
    "komentars": "Avots: Tukuma novada CA plāns, lpp. 56 · 100 vietas · vieta noteikta pēc adreses (VZD)",
    "id": "tukuma-novads-izm-41"
   },
   "geometry": {
    "type": "Point",
    "coordinates": [
     22.790128,
     57.032885
    ]
   }
  },
  {
   "type": "Feature",
   "properties": {
    "kategorija": "izmitinasana",
    "nosaukums": "Kandavas lauksaimniecības tehnikums",
    "adrese": "Valteru iela 6, Kandava",
    "pasvaldiba": "Tukuma novads",
    "pasvaldiba_slug": "tukuma-novads",
    "nr_plana": null,
    "avots_teksts": "Avots: Tukuma novada CA plāns, lpp. 56",
    "plans_url": "https://www.tukums.lv/lv/media/56137/download?attachment",
    "plans_fails": "ca-plans-tukums-2024.md",
    "lpp": 56,
    "citats": "|Kandavas<br>lauksaimniecības<br>tehnikums|Dace<br> <br>(29550208)|Rozentāle|Valteru<br>iela<br>6,<br>Kandava|1200|Ir virtuve un<br>ēdnīca|600|",
    "izdevejs": "Tukuma novads (pašvaldība)",
    "geokodesana": "varis_address",
    "adrese_vzd": "Valteru iela 6, Kandava, Tukuma nov., LV-3120",
    "vzd_kods": "101226522",
    "plana_lat": null,
    "plana_lon": null,
    "koord_teksts": null,
    "karodzini": [],
    "vietas": 1200,
    "gultas": 600,
    "edinasana": "Ir virtuve un ēdnīca",
    "komentars": "Avots: Tukuma novada CA plāns, lpp. 56 · 1200 vietas · vieta noteikta pēc adreses (VZD)",
    "id": "tukuma-novads-izm-42"
   },
   "geometry": {
    "type": "Point",
    "coordinates": [
     22.795288,
     57.037125
    ]
   }
  },
  {
   "type": "Feature",
   "properties": {
    "kategorija": "izmitinasana",
    "nosaukums": "Cēres pamatskola",
    "adrese": "Skolas iela 1, Cēre",
    "pasvaldiba": "Tukuma novads",
    "pasvaldiba_slug": "tukuma-novads",
    "nr_plana": null,
    "avots_teksts": "Avots: Tukuma novada CA plāns, lpp. 56",
    "plans_url": "https://www.tukums.lv/lv/media/56137/download?attachment",
    "plans_fails": "ca-plans-tukums-2024.md",
    "lpp": 56,
    "citats": "|Cēres pamatskola|Ilona<br>(29284829)|Lazdāne|Skolas iela 1, Cēre|100|Ir<br>ēdnīca,<br>nav virtuve<br>ēdiena<br>gatavošanai|57<br>pieaugušo, 9<br>mazo bērnu<br>gultas|",
    "izdevejs": "Tukuma novads (pašvaldība)",
    "geokodesana": "varis_address",
    "adrese_vzd": "Skolas iela 1, Cēre, Cēres pag., Tukuma nov., LV-3122",
    "vzd_kods": "103050842",
    "plana_lat": null,
    "plana_lon": null,
    "koord_teksts": null,
    "karodzini": [],
    "vietas": 100,
    "gultas": null,
    "edinasana": "Ir ēdnīca, nav virtuve ēdiena gatavošanai",
    "izvilkuma_piezime": "Pieejamās guļamvietas: '57 pieaugušo, 9 mazo bērnu gultas'.",
    "komentars": "Avots: Tukuma novada CA plāns, lpp. 56 · 100 vietas · vieta noteikta pēc adreses (VZD)",
    "id": "tukuma-novads-izm-43"
   },
   "geometry": {
    "type": "Point",
    "coordinates": [
     22.867558,
     57.108145
    ]
   }
  },
  {
   "type": "Feature",
   "properties": {
    "kategorija": "izmitinasana",
    "nosaukums": "Kandavas Mākslas un mūzikas skola",
    "adrese": "Sabiles iela 12, Kandava",
    "pasvaldiba": "Tukuma novads",
    "pasvaldiba_slug": "tukuma-novads",
    "nr_plana": null,
    "avots_teksts": "Avots: Tukuma novada CA plāns, lpp. 56",
    "plans_url": "https://www.tukums.lv/lv/media/56137/download?attachment",
    "plans_fails": "ca-plans-tukums-2024.md",
    "lpp": 56,
    "citats": "|Kandavas Mākslas<br>un mūzikas skola|Maruta<br>(29488030)|Balode|Sabiles<br>iela<br>12,<br>Kandava|300|nav|nav|",
    "izdevejs": "Tukuma novads (pašvaldība)",
    "geokodesana": "varis_address",
    "adrese_vzd": "Sabiles iela 12, Kandava, Tukuma nov., LV-3120",
    "vzd_kods": "101225151",
    "plana_lat": null,
    "plana_lon": null,
    "koord_teksts": null,
    "karodzini": [],
    "vietas": 300,
    "gultas": null,
    "edinasana": "nav",
    "komentars": "Avots: Tukuma novada CA plāns, lpp. 56 · 300 vietas · vieta noteikta pēc adreses (VZD)",
    "id": "tukuma-novads-izm-44"
   },
   "geometry": {
    "type": "Point",
    "coordinates": [
     22.77126,
     57.035442
    ]
   }
  },
  {
   "type": "Feature",
   "properties": {
    "kategorija": "izmitinasana",
    "nosaukums": "Talsu iela 18A, Kandava",
    "adrese": "Talsu iela 18A, Kandava",
    "pasvaldiba": "Tukuma novads",
    "pasvaldiba_slug": "tukuma-novads",
    "nr_plana": null,
    "avots_teksts": "Avots: Tukuma novada CA plāns, lpp. 56",
    "plans_url": "https://www.tukums.lv/lv/media/56137/download?attachment",
    "plans_fails": "ca-plans-tukums-2024.md",
    "lpp": 56,
    "citats": "|Talsu<br>iela<br>18A,<br>Kandava|Elita<br>La<br>(29574120)|vrinoviča|Talsu<br>iela<br>18A,<br>Kandava|300|Ir virtuve un<br>ēdnīca<br>(vienlaicīgi<br>180)|154<br>+<br>15<br>bērnu 2 stāvu<br>gultiņas|",
    "izdevejs": "Tukuma novads (pašvaldība)",
    "geokodesana": "varis_address",
    "adrese_vzd": "Talsu iela 18A, Kandava, Tukuma nov., LV-3120",
    "vzd_kods": "104374663",
    "plana_lat": null,
    "plana_lon": null,
    "koord_teksts": null,
    "karodzini": [],
    "vietas": 300,
    "gultas": null,
    "edinasana": "Ir virtuve un ēdnīca (vienlaicīgi 180)",
    "izvilkuma_piezime": "Name column only gives the address. Pieejamās guļamvietas: '154 + 15 bērnu 2 stāvu gultiņas'.",
    "komentars": "Avots: Tukuma novada CA plāns, lpp. 56 · 300 vietas · vieta noteikta pēc adreses (VZD)",
    "id": "tukuma-novads-izm-45"
   },
   "geometry": {
    "type": "Point",
    "coordinates": [
     22.771987,
     57.038657
    ]
   }
  },
  {
   "type": "Feature",
   "properties": {
    "kategorija": "izmitinasana",
    "nosaukums": "Zantes pamatskola",
    "adrese": "Skolas 14, Zantes pagasts",
    "pasvaldiba": "Tukuma novads",
    "pasvaldiba_slug": "tukuma-novads",
    "nr_plana": null,
    "avots_teksts": "Avots: Tukuma novada CA plāns, lpp. 56",
    "plans_url": "https://www.tukums.lv/lv/media/56137/download?attachment",
    "plans_fails": "ca-plans-tukums-2024.md",
    "lpp": 56,
    "citats": "|Zantes pamatskola|Kristīne<br>(29115674)|Elksnīte|Skolas<br>14,<br>Zantes<br>pagasts|100|atbalsta<br>centra<br>ēkā<br>(Skolas 4 -<br>100|nav|",
    "izdevejs": "Tukuma novads (pašvaldība)",
    "geokodesana": "varis_address",
    "adrese_vzd": "Skolas iela 14, Zante, Zantes pag., Tukuma nov., LV-3134",
    "vzd_kods": "103657062",
    "plana_lat": null,
    "plana_lon": null,
    "koord_teksts": null,
    "karodzini": [],
    "vietas": 100,
    "gultas": null,
    "edinasana": "Ēdnīca ģimeņu atbalsta centra ēkā (Skolas 4 - 100",
    "izvilkuma_piezime": "Catering text split across two table lines.",
    "komentars": "Avots: Tukuma novada CA plāns, lpp. 56 · 100 vietas · vieta noteikta pēc adreses (VZD)",
    "id": "tukuma-novads-izm-46"
   },
   "geometry": {
    "type": "Point",
    "coordinates": [
     22.731945,
     56.836045
    ]
   }
  },
  {
   "type": "Feature",
   "properties": {
    "kategorija": "izmitinasana",
    "nosaukums": "Zemītes sākumskola",
    "adrese": "Zemītes pils, Zemītes pagasts",
    "pasvaldiba": "Tukuma novads",
    "pasvaldiba_slug": "tukuma-novads",
    "nr_plana": null,
    "avots_teksts": "Avots: Tukuma novada CA plāns, lpp. 56",
    "plans_url": "https://www.tukums.lv/lv/media/56137/download?attachment",
    "plans_fails": "ca-plans-tukums-2024.md",
    "lpp": 56,
    "citats": "|Zemītes<br>sākumskola|Ramona<br>Krauja 2918|Liepiņa-<br>0869|Zemītes pils, Zemītes<br>pagasts|80|ir|nav|",
    "izdevejs": "Tukuma novads (pašvaldība)",
    "geokodesana": "varis_address",
    "adrese_vzd": "\"Zemītes pils\", Zemīte, Zemītes pag., Tukuma nov., LV-3135",
    "vzd_kods": "105156827",
    "plana_lat": null,
    "plana_lon": null,
    "koord_teksts": null,
    "karodzini": [],
    "vietas": 80,
    "gultas": null,
    "edinasana": "ir",
    "komentars": "Avots: Tukuma novada CA plāns, lpp. 56 · 80 vietas · vieta noteikta pēc adreses (VZD)",
    "id": "tukuma-novads-izm-47"
   },
   "geometry": {
    "type": "Point",
    "coordinates": [
     22.795392,
     56.927578
    ]
   }
  },
  {
   "type": "Feature",
   "properties": {
    "kategorija": "izmitinasana",
    "nosaukums": "Matkules kultūras nams",
    "adrese": "\"Tūjas\", Matkules",
    "pasvaldiba": "Tukuma novads",
    "pasvaldiba_slug": "tukuma-novads",
    "nr_plana": null,
    "avots_teksts": "Avots: Tukuma novada CA plāns, lpp. 56",
    "plans_url": "https://www.tukums.lv/lv/media/56137/download?attachment",
    "plans_fails": "ca-plans-tukums-2024.md",
    "lpp": 56,
    "citats": "|Matkules<br>kultūras<br>nams|<br>Jānis Leo<br>(25772208)|<br>Druviņš|\"Tūjas\", Matkules|150|nav|nav|",
    "izdevejs": "Tukuma novads (pašvaldība)",
    "geokodesana": "varis_address",
    "adrese_vzd": "\"Tūjas\", Matkule, Matkules pag., Tukuma nov., LV-3132",
    "vzd_kods": "104427590",
    "plana_lat": null,
    "plana_lon": null,
    "koord_teksts": null,
    "karodzini": [],
    "vietas": 150,
    "gultas": null,
    "edinasana": "nav",
    "komentars": "Avots: Tukuma novada CA plāns, lpp. 56 · 150 vietas · vieta noteikta pēc adreses (VZD)",
    "id": "tukuma-novads-izm-48"
   },
   "geometry": {
    "type": "Point",
    "coordinates": [
     22.595844,
     56.979141
    ]
   }
  },
  {
   "type": "Feature",
   "properties": {
    "kategorija": "izmitinasana",
    "nosaukums": "Zantes kultūras nams",
    "adrese": "Skolas iela 6, Zante",
    "pasvaldiba": "Tukuma novads",
    "pasvaldiba_slug": "tukuma-novads",
    "nr_plana": null,
    "avots_teksts": "Avots: Tukuma novada CA plāns, lpp. 56",
    "plans_url": "https://www.tukums.lv/lv/media/56137/download?attachment",
    "plans_fails": "ca-plans-tukums-2024.md",
    "lpp": 56,
    "citats": "|Zantes<br>kultūras<br>nams|Egija<br>(29753797)|Lāce|Skolas iela 6, Zante|100|Neliela<br>virtuve~20<br>personām|15|",
    "izdevejs": "Tukuma novads (pašvaldība)",
    "geokodesana": "varis_address",
    "adrese_vzd": "Skolas iela 6, Zante, Zantes pag., Tukuma nov., LV-3134",
    "vzd_kods": "101230547",
    "plana_lat": null,
    "plana_lon": null,
    "koord_teksts": null,
    "karodzini": [],
    "vietas": 100,
    "gultas": 15,
    "edinasana": "Neliela virtuve~20 personām",
    "komentars": "Avots: Tukuma novada CA plāns, lpp. 56 · 100 vietas · vieta noteikta pēc adreses (VZD)",
    "id": "tukuma-novads-izm-49"
   },
   "geometry": {
    "type": "Point",
    "coordinates": [
     22.736224,
     56.835857
    ]
   }
  },
  {
   "type": "Feature",
   "properties": {
    "kategorija": "izmitinasana",
    "nosaukums": "Zantes ģimenes krīzes centrs",
    "adrese": "Skolas iela 4, Zante",
    "pasvaldiba": "Tukuma novads",
    "pasvaldiba_slug": "tukuma-novads",
    "nr_plana": null,
    "avots_teksts": "Avots: Tukuma novada CA plāns, lpp. 56",
    "plans_url": "https://www.tukums.lv/lv/media/56137/download?attachment",
    "plans_fails": "ca-plans-tukums-2024.md",
    "lpp": 56,
    "citats": "|Zantes<br>ģimenes<br>krīzes centrs|Aija<br>(26353631)|Švāne|Skolas iela 4, Zante|100|Ir virtuve un<br>ēdnīca|Ar<br>gultām<br>35,<br>uz<br>matračiem<br>50|",
    "izdevejs": "Tukuma novads (pašvaldība)",
    "geokodesana": "varis_address",
    "adrese_vzd": "Skolas iela 4, Zante, Zantes pag., Tukuma nov., LV-3134",
    "vzd_kods": "102659704",
    "plana_lat": null,
    "plana_lon": null,
    "koord_teksts": null,
    "karodzini": [],
    "vietas": 100,
    "gultas": 35,
    "edinasana": "Ir virtuve un ēdnīca",
    "izvilkuma_piezime": "Beds: 'Ar gultām 35, uz matračiem 50'.",
    "komentars": "Avots: Tukuma novada CA plāns, lpp. 56 · 100 vietas · vieta noteikta pēc adreses (VZD)",
    "id": "tukuma-novads-izm-50"
   },
   "geometry": {
    "type": "Point",
    "coordinates": [
     22.738107,
     56.836031
    ]
   }
  },
  {
   "type": "Feature",
   "properties": {
    "kategorija": "izmitinasana",
    "nosaukums": "Zemītes tautas nams",
    "adrese": "\"Cerības\", Zemīte",
    "pasvaldiba": "Tukuma novads",
    "pasvaldiba_slug": "tukuma-novads",
    "nr_plana": null,
    "avots_teksts": "Avots: Tukuma novada CA plāns, lpp. 56",
    "plans_url": "https://www.tukums.lv/lv/media/56137/download?attachment",
    "plans_fails": "ca-plans-tukums-2024.md",
    "lpp": 56,
    "citats": "|Zemītes tautas nams|Ērodeja<br>(26527265)|Kirilova|\"Cerības\", Zemīte|160|Maza virtuve<br>(plīts,<br>ledusskapis)|nav|",
    "izdevejs": "Tukuma novads (pašvaldība)",
    "geokodesana": "varis_address",
    "adrese_vzd": "\"Cerības\", Zemīte, Zemītes pag., Tukuma nov., LV-3135",
    "vzd_kods": "103054167",
    "plana_lat": null,
    "plana_lon": null,
    "koord_teksts": null,
    "karodzini": [],
    "vietas": 160,
    "gultas": null,
    "edinasana": "Maza virtuve (plīts, ledusskapis)",
    "komentars": "Avots: Tukuma novada CA plāns, lpp. 56 · 160 vietas · vieta noteikta pēc adreses (VZD)",
    "id": "tukuma-novads-izm-51"
   },
   "geometry": {
    "type": "Point",
    "coordinates": [
     22.793742,
     56.926727
    ]
   }
  },
  {
   "type": "Feature",
   "properties": {
    "kategorija": "izmitinasana",
    "nosaukums": "Jaunpils vidusskola",
    "adrese": "Jaunpils vidusskola, Jaunpils pagasts",
    "pasvaldiba": "Tukuma novads",
    "pasvaldiba_slug": "tukuma-novads",
    "nr_plana": null,
    "avots_teksts": "Avots: Tukuma novada CA plāns, lpp. 57",
    "plans_url": "https://www.tukums.lv/lv/media/56137/download?attachment",
    "plans_fails": "ca-plans-tukums-2024.md",
    "lpp": 57,
    "citats": "|Jaunpils vidusskola|Jānis<br>(26582986)|Liepiņš|Jaunpils<br>vidusskola,<br>Jaunpils pagasts|350|ir virtuve|<br> <br>bērnu<br>gultiņas|",
    "izdevejs": "Tukuma novads (pašvaldība)",
    "geokodesana": "varis_address",
    "adrese_vzd": "\"Jaunpils vidusskola\", Jaunpils, Jaunpils pag., Tukuma nov., LV-3145",
    "vzd_kods": "105688360",
    "plana_lat": null,
    "plana_lon": null,
    "koord_teksts": null,
    "karodzini": [],
    "vietas": 350,
    "gultas": null,
    "edinasana": "ir virtuve",
    "izvilkuma_piezime": "Beds text split: '30 mazo' is in the preceding section-header line. Pieejamās guļamvietas: '30 mazo bērnu gultiņas'.",
    "komentars": "Avots: Tukuma novada CA plāns, lpp. 57 · 350 vietas · vieta noteikta pēc adreses (VZD)",
    "id": "tukuma-novads-izm-52"
   },
   "geometry": {
    "type": "Point",
    "coordinates": [
     23.007229,
     56.731534
    ]
   }
  },
  {
   "type": "Feature",
   "properties": {
    "kategorija": "izmitinasana",
    "nosaukums": "Jaunpils pils",
    "adrese": "Jaunpils pils, Jaunpils pagasts",
    "pasvaldiba": "Tukuma novads",
    "pasvaldiba_slug": "tukuma-novads",
    "nr_plana": null,
    "avots_teksts": "Avots: Tukuma novada CA plāns, lpp. 57",
    "plans_url": "https://www.tukums.lv/lv/media/56137/download?attachment",
    "plans_fails": "ca-plans-tukums-2024.md",
    "lpp": 57,
    "citats": "|Jaunpils pils|Kristīne Lie<br>(26197178)|piņa|Jaunpils pils, Jaunpils<br>pagasts|300|Ir virtuve|100 vietas|",
    "izdevejs": "Tukuma novads (pašvaldība)",
    "geokodesana": "varis_address",
    "adrese_vzd": "\"Jaunpils pils\", Jaunpils, Jaunpils pag., Tukuma nov., LV-3145",
    "vzd_kods": "105688746",
    "plana_lat": null,
    "plana_lon": null,
    "koord_teksts": null,
    "karodzini": [],
    "vietas": 300,
    "gultas": 100,
    "edinasana": "Ir virtuve",
    "izvilkuma_piezime": "Beds: '100 vietas'.",
    "komentars": "Avots: Tukuma novada CA plāns, lpp. 57 · 300 vietas · vieta noteikta pēc adreses (VZD)",
    "id": "tukuma-novads-izm-53"
   },
   "geometry": {
    "type": "Point",
    "coordinates": [
     23.021596,
     56.730601
    ]
   }
  },
  {
   "type": "Feature",
   "properties": {
    "kategorija": "izmitinasana",
    "nosaukums": "Viesatu kultūras nams, pārvalde",
    "adrese": "\"Jaunviekaļas\", Viesatu pagasts",
    "pasvaldiba": "Tukuma novads",
    "pasvaldiba_slug": "tukuma-novads",
    "nr_plana": null,
    "avots_teksts": "Avots: Tukuma novada CA plāns, lpp. 57",
    "plans_url": "https://www.tukums.lv/lv/media/56137/download?attachment",
    "plans_fails": "ca-plans-tukums-2024.md",
    "lpp": 57,
    "citats": "|Viesatu<br>kultūras<br>nams, pārvalde|Agita Holšte<br>(20249771)|ina|\"Jaunviekaļas\",<br>Viesatu pagasts|250|Ir virtuve|nav|",
    "izdevejs": "Tukuma novads (pašvaldība)",
    "geokodesana": "varis_address",
    "adrese_vzd": "\"Jaunviekaļas\", Viesatas, Viesatu pag., Tukuma nov., LV-3142",
    "vzd_kods": "105805348",
    "plana_lat": null,
    "plana_lon": null,
    "koord_teksts": null,
    "karodzini": [],
    "vietas": 250,
    "gultas": null,
    "edinasana": "Ir virtuve",
    "komentars": "Avots: Tukuma novada CA plāns, lpp. 57 · 250 vietas · vieta noteikta pēc adreses (VZD)",
    "id": "tukuma-novads-izm-54"
   },
   "geometry": {
    "type": "Point",
    "coordinates": [
     22.847573,
     56.800548
    ]
   }
  },
  {
   "type": "Feature",
   "properties": {
    "kategorija": "izmitinasana",
    "nosaukums": "Jaunpils sporta nams",
    "adrese": "\"Ērģelnieki\", Jaunpils pagasts",
    "pasvaldiba": "Tukuma novads",
    "pasvaldiba_slug": "tukuma-novads",
    "nr_plana": null,
    "avots_teksts": "Avots: Tukuma novada CA plāns, lpp. 57",
    "plans_url": "https://www.tukums.lv/lv/media/56137/download?attachment",
    "plans_fails": "ca-plans-tukums-2024.md",
    "lpp": 57,
    "citats": "|Jaunpils<br>sporta<br>nams ārvalde|Ainārs Pleze<br>(29158129)|rs|\"Ērģelnieki\", Jaunpils<br>aasts|500|nav|nav|",
    "izdevejs": "Tukuma novads (pašvaldība)",
    "geokodesana": "varis_address",
    "adrese_vzd": "\"Ērģelnieki\", Jaunpils, Jaunpils pag., Tukuma nov., LV-3145",
    "vzd_kods": "105572403",
    "plana_lat": null,
    "plana_lon": null,
    "koord_teksts": null,
    "karodzini": [],
    "vietas": 500,
    "gultas": null,
    "edinasana": "nav",
    "izvilkuma_piezime": "Name cell contains stray text ('ārvalde') from the conversion; address printed '\"Ērģelnieki\", Jaunpils aasts'.",
    "komentars": "Avots: Tukuma novada CA plāns, lpp. 57 · 500 vietas · vieta noteikta pēc adreses (VZD)",
    "id": "tukuma-novads-izm-55"
   },
   "geometry": {
    "type": "Point",
    "coordinates": [
     23.023461,
     56.730342
    ]
   }
  },
  {
   "type": "Feature",
   "properties": {
    "kategorija": "izmitinasana",
    "nosaukums": "Engures pagasta pārvalde",
    "adrese": "Jūras iela 85, Engure",
    "pasvaldiba": "Tukuma novads",
    "pasvaldiba_slug": "tukuma-novads",
    "nr_plana": null,
    "avots_teksts": "Avots: Tukuma novada CA plāns, lpp. 57",
    "plans_url": "https://www.tukums.lv/lv/media/56137/download?attachment",
    "plans_fails": "ca-plans-tukums-2024.md",
    "lpp": 57,
    "citats": "|Engures<br>pagasta<br>pārvalde|Kristīne Rag<br>(26619416)|nska|Jūras iela 85, Engure|45|nav|nav|",
    "izdevejs": "Tukuma novads (pašvaldība)",
    "geokodesana": "varis_address",
    "adrese_vzd": "Jūras iela 85, Engure, Engures pag., Tukuma nov., LV-3113",
    "vzd_kods": "101227741",
    "plana_lat": null,
    "plana_lon": null,
    "koord_teksts": null,
    "karodzini": [],
    "vietas": 45,
    "gultas": null,
    "edinasana": "nav",
    "komentars": "Avots: Tukuma novada CA plāns, lpp. 57 · 45 vietas · vieta noteikta pēc adreses (VZD)",
    "dublikati": [
     "Engures kultūras nams (nr. None, lpp. 57)"
    ],
    "id": "tukuma-novads-izm-56"
   },
   "geometry": {
    "type": "Point",
    "coordinates": [
     23.22654,
     57.162329
    ]
   }
  },
  {
   "type": "Feature",
   "properties": {
    "kategorija": "izmitinasana",
    "nosaukums": "Engures Mūzikas un mākslas skola",
    "adrese": "Skolas iela 10A, Engure",
    "pasvaldiba": "Tukuma novads",
    "pasvaldiba_slug": "tukuma-novads",
    "nr_plana": null,
    "avots_teksts": "Avots: Tukuma novada CA plāns, lpp. 57",
    "plans_url": "https://www.tukums.lv/lv/media/56137/download?attachment",
    "plans_fails": "ca-plans-tukums-2024.md",
    "lpp": 57,
    "citats": "|Engures Mūzikas un<br>mākslas skola|Didzis<br>T<br>(26494785)|ramdahs|Skolas<br>iela<br>10A,<br>Engure|120|nav|nav|",
    "izdevejs": "Tukuma novads (pašvaldība)",
    "geokodesana": "varis_address",
    "adrese_vzd": "Skolas iela 10A, Engure, Engures pag., Tukuma nov., LV-3113",
    "vzd_kods": "106582602",
    "plana_lat": null,
    "plana_lon": null,
    "koord_teksts": null,
    "karodzini": [],
    "vietas": 120,
    "gultas": null,
    "edinasana": "nav",
    "komentars": "Avots: Tukuma novada CA plāns, lpp. 57 · 120 vietas · vieta noteikta pēc adreses (VZD)",
    "id": "tukuma-novads-izm-57"
   },
   "geometry": {
    "type": "Point",
    "coordinates": [
     23.219105,
     57.163263
    ]
   }
  },
  {
   "type": "Feature",
   "properties": {
    "kategorija": "izmitinasana",
    "nosaukums": "Apšuciema skola",
    "adrese": "Apšuciema skola",
    "pasvaldiba": "Tukuma novads",
    "pasvaldiba_slug": "tukuma-novads",
    "nr_plana": null,
    "avots_teksts": "Avots: Tukuma novada CA plāns, lpp. 57",
    "plans_url": "https://www.tukums.lv/lv/media/56137/download?attachment",
    "plans_fails": "ca-plans-tukums-2024.md",
    "lpp": 57,
    "citats": "|Apšuciema skola|Dzidra<br>(29544650)|Lūse|Apšuciema skola|55|Virtuve<br>ar<br>ēdnīcu|55|",
    "izdevejs": "Tukuma novads (pašvaldība)",
    "geokodesana": "varis_address",
    "adrese_vzd": "\"Apšuciema skola\", Apšuciems, Engures pag., Tukuma nov., LV-3113",
    "vzd_kods": "103279790",
    "plana_lat": null,
    "plana_lon": null,
    "koord_teksts": null,
    "karodzini": [],
    "vietas": 55,
    "gultas": 55,
    "edinasana": "Virtuve ar ēdnīcu",
    "komentars": "Avots: Tukuma novada CA plāns, lpp. 57 · 55 vietas · vieta noteikta pēc adreses (VZD)",
    "id": "tukuma-novads-izm-58"
   },
   "geometry": {
    "type": "Point",
    "coordinates": [
     23.310135,
     57.061343
    ]
   }
  },
  {
   "type": "Feature",
   "properties": {
    "kategorija": "izmitinasana",
    "nosaukums": "Engures vidusskola",
    "adrese": "Skolas iela 7 un 9,Engure",
    "pasvaldiba": "Tukuma novads",
    "pasvaldiba_slug": "tukuma-novads",
    "nr_plana": null,
    "avots_teksts": "Avots: Tukuma novada CA plāns, lpp. 57",
    "plans_url": "https://www.tukums.lv/lv/media/56137/download?attachment",
    "plans_fails": "ca-plans-tukums-2024.md",
    "lpp": 57,
    "citats": "|Engures vidusskola|Dzidra<br>(29544650)|Lūse|Skolas<br>iela<br>7<br>un<br>9,Engure|890|ēdnīca, vienā<br>ēdienreizē<br>150|140<br>vietas<br>internātā|",
    "izdevejs": "Tukuma novads (pašvaldība)",
    "geokodesana": "varis_address",
    "adrese_vzd": "Skolas iela 7, Engure, Engures pag., Tukuma nov., LV-3113",
    "vzd_kods": "101228405",
    "plana_lat": null,
    "plana_lon": null,
    "koord_teksts": null,
    "karodzini": [],
    "vietas": 890,
    "gultas": 140,
    "edinasana": "ēdnīca, vienā ēdienreizē 150",
    "izvilkuma_piezime": "Beds: '140 vietas internātā' (boarding house).",
    "komentars": "Avots: Tukuma novada CA plāns, lpp. 57 · 890 vietas · vieta noteikta pēc adreses (VZD)",
    "id": "tukuma-novads-izm-59"
   },
   "geometry": {
    "type": "Point",
    "coordinates": [
     23.221907,
     57.162852
    ]
   }
  },
  {
   "type": "Feature",
   "properties": {
    "kategorija": "izmitinasana",
    "nosaukums": "Engures PII \"Spārīte\"",
    "adrese": "Skolas iela 10, Engures pag.",
    "pasvaldiba": "Tukuma novads",
    "pasvaldiba_slug": "tukuma-novads",
    "nr_plana": null,
    "avots_teksts": "Avots: Tukuma novada CA plāns, lpp. 57",
    "plans_url": "https://www.tukums.lv/lv/media/56137/download?attachment",
    "plans_fails": "ca-plans-tukums-2024.md",
    "lpp": 57,
    "citats": "|Engures<br>PII<br>\"Spārīte\"|Sandra<br>29455595|Ozoliņa|Skolas<br>iela<br>10,<br>Engures pag.|105|ir virtuve|112<br>gultas<br>vietas<br>bērniem|",
    "izdevejs": "Tukuma novads (pašvaldība)",
    "geokodesana": "varis_address",
    "adrese_vzd": "Skolas iela 10, Engure, Engures pag., Tukuma nov., LV-3113",
    "vzd_kods": "103273458",
    "plana_lat": null,
    "plana_lon": null,
    "koord_teksts": null,
    "karodzini": [],
    "vietas": 105,
    "gultas": 112,
    "edinasana": "ir virtuve",
    "izvilkuma_piezime": "Beds: '112 gultas vietas bērniem' (children).",
    "komentars": "Avots: Tukuma novada CA plāns, lpp. 57 · 105 vietas · vieta noteikta pēc adreses (VZD)",
    "id": "tukuma-novads-izm-60"
   },
   "geometry": {
    "type": "Point",
    "coordinates": [
     23.220057,
     57.163401
    ]
   }
  },
  {
   "type": "Feature",
   "properties": {
    "kategorija": "izmitinasana",
    "nosaukums": "Sociālais dienests",
    "adrese": "Veselības centrs “Engure”, Engure, Engures pagasts",
    "pasvaldiba": "Tukuma novads",
    "pasvaldiba_slug": "tukuma-novads",
    "nr_plana": null,
    "avots_teksts": "Avots: Tukuma novada CA plāns, lpp. 57",
    "plans_url": "https://www.tukums.lv/lv/media/56137/download?attachment",
    "plans_fails": "ca-plans-tukums-2024.md",
    "lpp": 57,
    "citats": "|Sociālais dienests|Valda<br>(26640102)|Kolma|Veselības<br>centrs<br>“Engure”,<br>Engure,<br>Engures pagasts|30|Ir virtuve|nav|",
    "izdevejs": "Tukuma novads (pašvaldība)",
    "geokodesana": "varis_address",
    "adrese_vzd": "\"Veselības centrs Engure\", Engure, Engures pag., Tukuma nov., LV-3113",
    "vzd_kods": "103279397",
    "plana_lat": null,
    "plana_lon": null,
    "koord_teksts": null,
    "karodzini": [],
    "vietas": 30,
    "gultas": null,
    "edinasana": "Ir virtuve",
    "komentars": "Avots: Tukuma novada CA plāns, lpp. 57 · 30 vietas · vieta noteikta pēc adreses (VZD)",
    "id": "tukuma-novads-izm-61"
   },
   "geometry": {
    "type": "Point",
    "coordinates": [
     23.227575,
     57.167479
    ]
   }
  },
  {
   "type": "Feature",
   "properties": {
    "kategorija": "izmitinasana",
    "nosaukums": "Engures saieta nams",
    "adrese": "Jūras iela 114, Engure",
    "pasvaldiba": "Tukuma novads",
    "pasvaldiba_slug": "tukuma-novads",
    "nr_plana": null,
    "avots_teksts": "Avots: Tukuma novada CA plāns, lpp. 57",
    "plans_url": "https://www.tukums.lv/lv/media/56137/download?attachment",
    "plans_fails": "ca-plans-tukums-2024.md",
    "lpp": 57,
    "citats": "|Engures saieta nams|Jolanta<br>(26323201)|Kraukle|<br>Jūras iela 114, Engure|30|Ir virtuve|4|",
    "izdevejs": "Tukuma novads (pašvaldība)",
    "geokodesana": "varis_address",
    "adrese_vzd": "Jūras iela 114, Engure, Engures pag., Tukuma nov., LV-3113",
    "vzd_kods": "102080525",
    "plana_lat": null,
    "plana_lon": null,
    "koord_teksts": null,
    "karodzini": [],
    "vietas": 30,
    "gultas": 4,
    "edinasana": "Ir virtuve",
    "komentars": "Avots: Tukuma novada CA plāns, lpp. 57 · 30 vietas · vieta noteikta pēc adreses (VZD)",
    "id": "tukuma-novads-izm-62"
   },
   "geometry": {
    "type": "Point",
    "coordinates": [
     23.22087,
     57.170682
    ]
   }
  },
  {
   "type": "Feature",
   "properties": {
    "kategorija": "izmitinasana",
    "nosaukums": "Smārdes pamatskola",
    "adrese": "Lapu iela 5, Smārde",
    "pasvaldiba": "Tukuma novads",
    "pasvaldiba_slug": "tukuma-novads",
    "nr_plana": null,
    "avots_teksts": "Avots: Tukuma novada CA plāns, lpp. 57",
    "plans_url": "https://www.tukums.lv/lv/media/56137/download?attachment",
    "plans_fails": "ca-plans-tukums-2024.md",
    "lpp": 57,
    "citats": "|Smārdes<br>pamatskola|Inga<br>U<br>26436933|patniece|Lapu iela 5, Smārde|350|Ēdnīca<br>(vienā<br>ēdienreizē) -<br>100 pers.|mazo bērnu<br>gultiņas|",
    "izdevejs": "Tukuma novads (pašvaldība)",
    "geokodesana": "varis_address",
    "adrese_vzd": "Lapu iela 5, Smārde, Smārdes pag., Tukuma nov., LV-3129",
    "vzd_kods": "103269683",
    "plana_lat": null,
    "plana_lon": null,
    "koord_teksts": null,
    "karodzini": [],
    "vietas": 350,
    "gultas": null,
    "edinasana": "Ēdnīca (vienā ēdienreizē) - 100 pers.",
    "izvilkuma_piezime": "Beds column gives no number. Pieejamās guļamvietas: 'mazo bērnu gultiņas'.",
    "komentars": "Avots: Tukuma novada CA plāns, lpp. 57 · 350 vietas · vieta noteikta pēc adreses (VZD)",
    "id": "tukuma-novads-izm-63"
   },
   "geometry": {
    "type": "Point",
    "coordinates": [
     23.340039,
     56.952686
    ]
   }
  },
  {
   "type": "Feature",
   "properties": {
    "kategorija": "izmitinasana",
    "nosaukums": "Valkas J.Cimzes ģimnāzija",
    "adrese": "Raiņa iela28A, Valka",
    "pasvaldiba": "Valkas novads",
    "pasvaldiba_slug": "valkas-novads",
    "nr_plana": 1,
    "avots_teksts": "Avots: Valkas novada CA plāns, lpp. 104",
    "plans_url": "https://www.valka.lv/lv/media/1092/download?attachment",
    "plans_fails": "VALKAS_NOVADA_CIVILAS_AIZSARDZIBAS_PLANS_3_23.02.2021.md",
    "lpp": 104,
    "citats": "|1.|Valkas<br>J.Cimzes<br>ģimnāzija|Izglītības<br>iestāde|Raiņa iela28A, Valka|Aktu zāle, sporta zāle,<br>mācību klases|500|ir|nav|",
    "izdevejs": "Valkas novads (pašvaldība)",
    "geokodesana": "varis_address",
    "adrese_vzd": "Raiņa iela 28A, Valka, Valkas nov., LV-4701",
    "vzd_kods": "102841211",
    "plana_lat": null,
    "plana_lon": null,
    "koord_teksts": null,
    "karodzini": [],
    "vietas": 500,
    "gultas": 0,
    "edinasana": "Virtuve ar ēdnīcu: ir",
    "komentars": "Avots: Valkas novada CA plāns, lpp. 104 · 500 vietas · vieta noteikta pēc adreses (VZD)",
    "id": "valkas-novads-izm-1"
   },
   "geometry": {
    "type": "Point",
    "coordinates": [
     26.014735,
     57.774666
    ]
   }
  },
  {
   "type": "Feature",
   "properties": {
    "kategorija": "izmitinasana",
    "nosaukums": "Valkas J.Cimzes ģimnāzija",
    "adrese": "Ausekļa iela 5, Valka",
    "pasvaldiba": "Valkas novads",
    "pasvaldiba_slug": "valkas-novads",
    "nr_plana": 2,
    "avots_teksts": "Avots: Valkas novada CA plāns, lpp. 104",
    "plans_url": "https://www.valka.lv/lv/media/1092/download?attachment",
    "plans_fails": "VALKAS_NOVADA_CIVILAS_AIZSARDZIBAS_PLANS_3_23.02.2021.md",
    "lpp": 104,
    "citats": "|2.|Valkas<br>J.Cimzes<br>ģimnāzija|Izglītības<br>iestāde|Ausekļa iela 5, Valka|Aktu zāle, sporta zāle,<br>mācību klases|500|ir|200|",
    "izdevejs": "Valkas novads (pašvaldība)",
    "geokodesana": "varis_address",
    "adrese_vzd": "Ausekļa iela 5, Valka, Valkas nov., LV-4701",
    "vzd_kods": "102839578",
    "plana_lat": null,
    "plana_lon": null,
    "koord_teksts": null,
    "karodzini": [],
    "vietas": 500,
    "gultas": 200,
    "edinasana": "Virtuve ar ēdnīcu: ir",
    "komentars": "Avots: Valkas novada CA plāns, lpp. 104 · 500 vietas · vieta noteikta pēc adreses (VZD)",
    "id": "valkas-novads-izm-2"
   },
   "geometry": {
    "type": "Point",
    "coordinates": [
     26.015144,
     57.780639
    ]
   }
  },
  {
   "type": "Feature",
   "properties": {
    "kategorija": "izmitinasana",
    "nosaukums": "Valkas novadpētniecības muzejs",
    "adrese": "Rīgas iela 64, Valka",
    "pasvaldiba": "Valkas novads",
    "pasvaldiba_slug": "valkas-novads",
    "nr_plana": 4,
    "avots_teksts": "Avots: Valkas novada CA plāns, lpp. 104",
    "plans_url": "https://www.valka.lv/lv/media/1092/download?attachment",
    "plans_fails": "VALKAS_NOVADA_CIVILAS_AIZSARDZIBAS_PLANS_3_23.02.2021.md",
    "lpp": 104,
    "citats": "|4.|Valkas<br>novadpētniecības<br>muzejs|Kultūras<br>iestāde|Rīgas iela 64, Valka|Zāles|60|nav|nav|",
    "izdevejs": "Valkas novads (pašvaldība)",
    "geokodesana": "varis_address",
    "adrese_vzd": "Rīgas iela 64, Valka, Valkas nov., LV-4701",
    "vzd_kods": "101186652",
    "plana_lat": null,
    "plana_lon": null,
    "koord_teksts": null,
    "karodzini": [],
    "vietas": 60,
    "gultas": 0,
    "edinasana": "Virtuve ar ēdnīcu: nav",
    "komentars": "Avots: Valkas novada CA plāns, lpp. 104 · 60 vietas · vieta noteikta pēc adreses (VZD)",
    "id": "valkas-novads-izm-3"
   },
   "geometry": {
    "type": "Point",
    "coordinates": [
     26.00586,
     57.768374
    ]
   }
  },
  {
   "type": "Feature",
   "properties": {
    "kategorija": "izmitinasana",
    "nosaukums": "Lauktehnikas sporta zāle",
    "adrese": "Varoņu iela 35B, Valka",
    "pasvaldiba": "Valkas novads",
    "pasvaldiba_slug": "valkas-novads",
    "nr_plana": 5,
    "avots_teksts": "Avots: Valkas novada CA plāns, lpp. 104",
    "plans_url": "https://www.valka.lv/lv/media/1092/download?attachment",
    "plans_fails": "VALKAS_NOVADA_CIVILAS_AIZSARDZIBAS_PLANS_3_23.02.2021.md",
    "lpp": 104,
    "citats": "|5.|Lauktehnikas sporta<br>zāle|Sporta halle|Varoņu iela 35B, Valka|Sporta zāle|300|nav|100|",
    "izdevejs": "Valkas novads (pašvaldība)",
    "geokodesana": "varis_address",
    "adrese_vzd": "Varoņu iela 35B, Valka, Valkas nov., LV-4701",
    "vzd_kods": "104252390",
    "plana_lat": null,
    "plana_lon": null,
    "koord_teksts": null,
    "karodzini": [],
    "vietas": 300,
    "gultas": 100,
    "edinasana": "Virtuve ar ēdnīcu: nav",
    "komentars": "Avots: Valkas novada CA plāns, lpp. 104 · 300 vietas · vieta noteikta pēc adreses (VZD)",
    "id": "valkas-novads-izm-4"
   },
   "geometry": {
    "type": "Point",
    "coordinates": [
     25.994895,
     57.786101
    ]
   }
  },
  {
   "type": "Feature",
   "properties": {
    "kategorija": "izmitinasana",
    "nosaukums": "Lugažu muiža",
    "adrese": "“Lugažu muiža”, Valkas pag. Valkas novads",
    "pasvaldiba": "Valkas novads",
    "pasvaldiba_slug": "valkas-novads",
    "nr_plana": 6,
    "avots_teksts": "Avots: Valkas novada CA plāns, lpp. 104",
    "plans_url": "https://www.valka.lv/lv/media/1092/download?attachment",
    "plans_fails": "VALKAS_NOVADA_CIVILAS_AIZSARDZIBAS_PLANS_3_23.02.2021.md",
    "lpp": 104,
    "citats": "|6.|Lugažu muiža||“Lugažu<br>muiža”,<br>Valkas<br>pag.<br>Valkas<br>novads|Zāles|200|nav|50|",
    "izdevejs": "Valkas novads (pašvaldība)",
    "geokodesana": "varis_address",
    "adrese_vzd": "\"Lugažu Muiža\", Lugaži, Valkas pag., Valkas nov., LV-4701",
    "vzd_kods": "103893827",
    "plana_lat": null,
    "plana_lon": null,
    "koord_teksts": null,
    "karodzini": [],
    "vietas": 200,
    "gultas": 50,
    "edinasana": "Virtuve ar ēdnīcu: nav",
    "komentars": "Avots: Valkas novada CA plāns, lpp. 104 · 200 vietas · vieta noteikta pēc adreses (VZD)",
    "id": "valkas-novads-izm-5"
   },
   "geometry": {
    "type": "Point",
    "coordinates": [
     25.955389,
     57.764401
    ]
   }
  },
  {
   "type": "Feature",
   "properties": {
    "kategorija": "izmitinasana",
    "nosaukums": "Ērģemes pamatskola",
    "adrese": "“Ērģemes skola”, Ērģeme, Ērģemes pag.",
    "pasvaldiba": "Valkas novads",
    "pasvaldiba_slug": "valkas-novads",
    "nr_plana": 7,
    "avots_teksts": "Avots: Valkas novada CA plāns, lpp. 104",
    "plans_url": "https://www.valka.lv/lv/media/1092/download?attachment",
    "plans_fails": "VALKAS_NOVADA_CIVILAS_AIZSARDZIBAS_PLANS_3_23.02.2021.md",
    "lpp": 104,
    "citats": "|7.|Ērģemes pamatskola|Izglītības<br>iestāde|“Ērģemes<br>skola”,<br>Ērģeme, Ērģemes pag.|Aktu zāle, sporta zāle,<br>mācību klases|250|ir|50|",
    "izdevejs": "Valkas novads (pašvaldība)",
    "geokodesana": "varis_address",
    "adrese_vzd": "\"Ērģemes skola\", Ērģeme, Ērģemes pag., Valkas nov., LV-4711",
    "vzd_kods": "103038796",
    "plana_lat": null,
    "plana_lon": null,
    "koord_teksts": null,
    "karodzini": [],
    "vietas": 250,
    "gultas": 50,
    "edinasana": "Virtuve ar ēdnīcu: ir",
    "komentars": "Avots: Valkas novada CA plāns, lpp. 104 · 250 vietas · vieta noteikta pēc adreses (VZD)",
    "id": "valkas-novads-izm-6"
   },
   "geometry": {
    "type": "Point",
    "coordinates": [
     25.827884,
     57.808148
    ]
   }
  },
  {
   "type": "Feature",
   "properties": {
    "kategorija": "izmitinasana",
    "nosaukums": "Turnas tautas nams",
    "adrese": "“Valžkalni”, Turna, Ērģemes pag.",
    "pasvaldiba": "Valkas novads",
    "pasvaldiba_slug": "valkas-novads",
    "nr_plana": 8,
    "avots_teksts": "Avots: Valkas novada CA plāns, lpp. 104",
    "plans_url": "https://www.valka.lv/lv/media/1092/download?attachment",
    "plans_fails": "VALKAS_NOVADA_CIVILAS_AIZSARDZIBAS_PLANS_3_23.02.2021.md",
    "lpp": 104,
    "citats": "|8.|Turnas tautas nams|Kultūras<br>iestāde|“Valžkalni”,<br>Turna,<br>Ērģemes pag.|Zāles|350|nav|150|",
    "izdevejs": "Valkas novads (pašvaldība)",
    "geokodesana": "varis_address",
    "adrese_vzd": "\"Valžkalni\", Turna, Ērģemes pag., Valkas nov., LV-4711",
    "vzd_kods": "103040487",
    "plana_lat": null,
    "plana_lon": null,
    "koord_teksts": null,
    "karodzini": [],
    "vietas": 350,
    "gultas": 150,
    "edinasana": "Virtuve ar ēdnīcu: nav",
    "komentars": "Avots: Valkas novada CA plāns, lpp. 104 · 350 vietas · vieta noteikta pēc adreses (VZD)",
    "id": "valkas-novads-izm-7"
   },
   "geometry": {
    "type": "Point",
    "coordinates": [
     25.784693,
     57.753925
    ]
   }
  },
  {
   "type": "Feature",
   "properties": {
    "kategorija": "izmitinasana",
    "nosaukums": "Kārķu sākumskola",
    "adrese": "“Kārķu skola”,Kārķi, Kārķu pag.",
    "pasvaldiba": "Valkas novads",
    "pasvaldiba_slug": "valkas-novads",
    "nr_plana": 10,
    "avots_teksts": "Avots: Valkas novada CA plāns, lpp. 104",
    "plans_url": "https://www.valka.lv/lv/media/1092/download?attachment",
    "plans_fails": "VALKAS_NOVADA_CIVILAS_AIZSARDZIBAS_PLANS_3_23.02.2021.md",
    "lpp": 104,
    "citats": "|10.|Kārķu sākumskola|Izglītības<br>iestāde|“Kārķu<br>skola”,Kārķi,<br>Kārķu pag.|Aktu zāle, sporta zāle,<br>mācību klases|300|ir|100|",
    "izdevejs": "Valkas novads (pašvaldība)",
    "geokodesana": "varis_address",
    "adrese_vzd": "\"Kārķu skola\", Kārķi, Kārķu pag., Valkas nov., LV-4716",
    "vzd_kods": "103081120",
    "plana_lat": null,
    "plana_lon": null,
    "koord_teksts": null,
    "karodzini": [],
    "vietas": 300,
    "gultas": 100,
    "edinasana": "Virtuve ar ēdnīcu: ir",
    "komentars": "Avots: Valkas novada CA plāns, lpp. 104 · 300 vietas · vieta noteikta pēc adreses (VZD)",
    "id": "valkas-novads-izm-8"
   },
   "geometry": {
    "type": "Point",
    "coordinates": [
     25.615256,
     57.816111
    ]
   }
  },
  {
   "type": "Feature",
   "properties": {
    "kategorija": "izmitinasana",
    "nosaukums": "Vijciema sākumskola, sporta halle",
    "adrese": "“Druvas”, Vijciems, Vijciema pag.",
    "pasvaldiba": "Valkas novads",
    "pasvaldiba_slug": "valkas-novads",
    "nr_plana": 11,
    "avots_teksts": "Avots: Valkas novada CA plāns, lpp. 104",
    "plans_url": "https://www.valka.lv/lv/media/1092/download?attachment",
    "plans_fails": "VALKAS_NOVADA_CIVILAS_AIZSARDZIBAS_PLANS_3_23.02.2021.md",
    "lpp": 104,
    "citats": "|11.|Vijciema sākumskola,<br>sporta halle|Izglītības<br>Iestāde,<br>sporta halle|“Druvas”,<br>Vijciems,<br>Vijciema pag.|Aktu zāle, sporta zāle,<br>mācību klases|250|ir|50|",
    "izdevejs": "Valkas novads (pašvaldība)",
    "geokodesana": "varis_address",
    "adrese_vzd": "\"Druvas\", Vijciems, Vijciema pag., Valkas nov., LV-4733",
    "vzd_kods": "102886272",
    "plana_lat": null,
    "plana_lon": null,
    "koord_teksts": null,
    "karodzini": [],
    "vietas": 250,
    "gultas": 50,
    "edinasana": "Virtuve ar ēdnīcu: ir",
    "komentars": "Avots: Valkas novada CA plāns, lpp. 104 · 250 vietas · vieta noteikta pēc adreses (VZD)",
    "id": "valkas-novads-izm-9"
   },
   "geometry": {
    "type": "Point",
    "coordinates": [
     25.95288,
     57.585825
    ]
   }
  },
  {
   "type": "Feature",
   "properties": {
    "kategorija": "izmitinasana",
    "nosaukums": "Luturskola",
    "adrese": "“Luturskola”, Stepi, Zvārtavas pag.",
    "pasvaldiba": "Valkas novads",
    "pasvaldiba_slug": "valkas-novads",
    "nr_plana": 12,
    "avots_teksts": "Avots: Valkas novada CA plāns, lpp. 104",
    "plans_url": "https://www.valka.lv/lv/media/1092/download?attachment",
    "plans_fails": "VALKAS_NOVADA_CIVILAS_AIZSARDZIBAS_PLANS_3_23.02.2021.md",
    "lpp": 104,
    "citats": "|12.|Luturskola|Kultūras<br>iestāde|“Luturskola”,<br>Stepi,<br>Zvārtavas pag.|Zāles|200|nav|70|",
    "izdevejs": "Valkas novads (pašvaldība)",
    "geokodesana": "varis_address",
    "adrese_vzd": "\"Luturskola\", Stepi, Zvārtavas pag., Valkas nov., LV-4735",
    "vzd_kods": "102707413",
    "plana_lat": null,
    "plana_lon": null,
    "koord_teksts": null,
    "karodzini": [],
    "vietas": 200,
    "gultas": 70,
    "edinasana": "Virtuve ar ēdnīcu: nav",
    "komentars": "Avots: Valkas novada CA plāns, lpp. 104 · 200 vietas · vieta noteikta pēc adreses (VZD)",
    "id": "valkas-novads-izm-10"
   },
   "geometry": {
    "type": "Point",
    "coordinates": [
     26.300017,
     57.545272
    ]
   }
  },
  {
   "type": "Feature",
   "properties": {
    "kategorija": "izmitinasana",
    "nosaukums": "Mierkalna tautas nams",
    "adrese": "“Mierkalns”, Zvārtavas pag.",
    "pasvaldiba": "Valkas novads",
    "pasvaldiba_slug": "valkas-novads",
    "nr_plana": 13,
    "avots_teksts": "Avots: Valkas novada CA plāns, lpp. 105",
    "plans_url": "https://www.valka.lv/lv/media/1092/download?attachment",
    "plans_fails": "VALKAS_NOVADA_CIVILAS_AIZSARDZIBAS_PLANS_3_23.02.2021.md",
    "lpp": 105,
    "citats": "|13.|Mierkalna<br>nams|tautas|Kultūras<br>iestāde|“Mierkalns”, Zvārtavas<br>pag.|Zāles|250|nav|100|",
    "izdevejs": "Valkas novads (pašvaldība)",
    "geokodesana": "varis_address",
    "adrese_vzd": "\"Mierkalns\", Zvārtavas pag., Valkas nov., LV-4735",
    "vzd_kods": "102705563",
    "plana_lat": null,
    "plana_lon": null,
    "koord_teksts": null,
    "karodzini": [],
    "vietas": 250,
    "gultas": 100,
    "edinasana": "Virtuve ar ēdnīcu: nav",
    "izvilkuma_piezime": "conversion split the name across two cells, shifting columns; name/address re-joined",
    "komentars": "Avots: Valkas novada CA plāns, lpp. 105 · 250 vietas · vieta noteikta pēc adreses (VZD)",
    "id": "valkas-novads-izm-11"
   },
   "geometry": {
    "type": "Point",
    "coordinates": [
     26.200131,
     57.575068
    ]
   }
  },
  {
   "type": "Feature",
   "properties": {
    "kategorija": "izmitinasana",
    "nosaukums": "Valkas J. Cimzes dienesta viesnīca",
    "adrese": "Domes bulvāris 3, Valka",
    "pasvaldiba": "Valkas novads",
    "pasvaldiba_slug": "valkas-novads",
    "nr_plana": 14,
    "avots_teksts": "Avots: Valkas novada CA plāns, lpp. 105",
    "plans_url": "https://www.valka.lv/lv/media/1092/download?attachment",
    "plans_fails": "VALKAS_NOVADA_CIVILAS_AIZSARDZIBAS_PLANS_3_23.02.2021.md",
    "lpp": 105,
    "citats": "|14.|Valkas<br>J.<br>dienestavies|Cimzes<br>nīca|Viesnīca|Domes<br>bulvāris<br>3,<br>Valka|Guļamtelpas|220|ir|92|",
    "izdevejs": "Valkas novads (pašvaldība)",
    "geokodesana": "varis_address",
    "adrese_vzd": "Domes bulvāris 3, Valka, Valkas nov., LV-4701",
    "vzd_kods": "101184585",
    "plana_lat": null,
    "plana_lon": null,
    "koord_teksts": null,
    "karodzini": [],
    "vietas": 220,
    "gultas": 92,
    "edinasana": "Virtuve ar ēdnīcu: ir",
    "izvilkuma_piezime": "conversion split the name across two cells, shifting columns; name/address re-joined",
    "komentars": "Avots: Valkas novada CA plāns, lpp. 105 · 220 vietas · vieta noteikta pēc adreses (VZD)",
    "id": "valkas-novads-izm-12"
   },
   "geometry": {
    "type": "Point",
    "coordinates": [
     26.006886,
     57.773971
    ]
   }
  },
  {
   "type": "Feature",
   "properties": {
    "kategorija": "izmitinasana",
    "nosaukums": "PII (“Pasaciņa”)",
    "adrese": "Ausekļa iela 44, Valka",
    "pasvaldiba": "Valkas novads",
    "pasvaldiba_slug": "valkas-novads",
    "nr_plana": 16,
    "avots_teksts": "Avots: Valkas novada CA plāns, lpp. 105",
    "plans_url": "https://www.valka.lv/lv/media/1092/download?attachment",
    "plans_fails": "VALKAS_NOVADA_CIVILAS_AIZSARDZIBAS_PLANS_3_23.02.2021.md",
    "lpp": 105,
    "citats": "|16.|PII (“Pasaciņ|a”)|Izglītības<br>iestāde|Ausekļa iela 44, Valka|Aktu zāle, sporta zāle,<br>mācību klases|350|ir|100|",
    "izdevejs": "Valkas novads (pašvaldība)",
    "geokodesana": "varis_address",
    "adrese_vzd": "Ausekļa iela 44, Valka, Valkas nov., LV-4701",
    "vzd_kods": "101183390",
    "plana_lat": null,
    "plana_lon": null,
    "koord_teksts": null,
    "karodzini": [],
    "vietas": 350,
    "gultas": 100,
    "edinasana": "Virtuve ar ēdnīcu: ir",
    "izvilkuma_piezime": "conversion split the name across two cells, shifting columns; name/address re-joined",
    "komentars": "Avots: Valkas novada CA plāns, lpp. 105 · 350 vietas · vieta noteikta pēc adreses (VZD)",
    "id": "valkas-novads-izm-13"
   },
   "geometry": {
    "type": "Point",
    "coordinates": [
     26.020383,
     57.784723
    ]
   }
  }
 ]
}
