{
 "type": "FeatureCollection",
 "nosaukums": "Pulcēšanās (evakuācijas) vietas",
 "avots": "Pašvaldību civilās aizsardzības plāni (ai-open-data-2026-hakatons/ca-plani-hakatons/markdown); izvilkts ar src/karte/db/ca_plani.py",
 "features": [
  {
   "type": "Feature",
   "properties": {
    "kategorija": "evakuacijas_punkts",
    "nosaukums": null,
    "adrese": "Attekas iela 16, Ādaži (Ādažu pilsēta)",
    "pasvaldiba": "Ādažu novads",
    "pasvaldiba_slug": "adazu-novads",
    "nr_plana": 1,
    "avots_teksts": "Avots: Ādažu novada CA plāns, lpp. 132",
    "plans_url": "https://www.adazunovads.lv/lv/media/26445/download?attachment",
    "plans_fails": "adazu_novada_ca_plans_publiska-versija_0.md",
    "lpp": 132,
    "citats": "|1.|-|Attekas iela<br>16, Ādaži|Ādažu pilsēta|57,07895|24,32454|",
    "izdevejs": "Ādažu novads (pašvaldība)",
    "geokodesana": "plan_coords",
    "adrese_vzd": null,
    "vzd_kods": null,
    "plana_lat": 57.07895,
    "plana_lon": 24.32454,
    "koord_teksts": "57,07895; 24,32454",
    "karodzini": [],
    "izvilkuma_piezime": "Name column is '-'.",
    "komentars": "Avots: Ādažu novada CA plāns, lpp. 132",
    "id": "adazu-novads-evak-1"
   },
   "geometry": {
    "type": "Point",
    "coordinates": [
     24.32454,
     57.07895
    ]
   }
  },
  {
   "type": "Feature",
   "properties": {
    "kategorija": "evakuacijas_punkts",
    "nosaukums": null,
    "adrese": "Stacijas laukums 5, Carnikava (Carnikavas ciems)",
    "pasvaldiba": "Ādažu novads",
    "pasvaldiba_slug": "adazu-novads",
    "nr_plana": 2,
    "avots_teksts": "Avots: Ādažu novada CA plāns, lpp. 132",
    "plans_url": "https://www.adazunovads.lv/lv/media/26445/download?attachment",
    "plans_fails": "adazu_novada_ca_plans_publiska-versija_0.md",
    "lpp": 132,
    "citats": "|2.|-|Stacijas<br>laukums 5,<br>Carnikava|Carnikavas ciems|57,12831|24,27753|",
    "izdevejs": "Ādažu novads (pašvaldība)",
    "geokodesana": "plan_coords",
    "adrese_vzd": null,
    "vzd_kods": null,
    "plana_lat": 57.12831,
    "plana_lon": 24.27753,
    "koord_teksts": "57,12831; 24,27753",
    "karodzini": [],
    "izvilkuma_piezime": "Name column is '-'.",
    "komentars": "Avots: Ādažu novada CA plāns, lpp. 132",
    "id": "adazu-novads-evak-2"
   },
   "geometry": {
    "type": "Point",
    "coordinates": [
     24.27753,
     57.12831
    ]
   }
  },
  {
   "type": "Feature",
   "properties": {
    "kategorija": "evakuacijas_punkts",
    "nosaukums": "Tirdzniecības centrs Kadaga, Kadaga",
    "adrese": "Mežavēju iela 3, Kadaga (Kadagas ciems, Divezeru ciems, Iļķenes ciems)",
    "pasvaldiba": "Ādažu novads",
    "pasvaldiba_slug": "adazu-novads",
    "nr_plana": 3,
    "avots_teksts": "Avots: Ādažu novada CA plāns, lpp. 132",
    "plans_url": "https://www.adazunovads.lv/lv/media/26445/download?attachment",
    "plans_fails": "adazu_novada_ca_plans_publiska-versija_0.md",
    "lpp": 132,
    "citats": "|3.|Tirdzniecības<br>centrs Kadaga,<br>Kadaga|Mežavēju iela<br>3, Kadaga|Kadagas ciems,<br>Divezeru ciems,<br>Iļķenes ciems|57,09065|24,35785|",
    "izdevejs": "Ādažu novads (pašvaldība)",
    "geokodesana": "plan_coords",
    "adrese_vzd": null,
    "vzd_kods": null,
    "plana_lat": 57.09065,
    "plana_lon": 24.35785,
    "koord_teksts": "57,09065; 24,35785",
    "karodzini": [],
    "komentars": "Avots: Ādažu novada CA plāns, lpp. 132",
    "id": "adazu-novads-evak-3"
   },
   "geometry": {
    "type": "Point",
    "coordinates": [
     24.35785,
     57.09065
    ]
   }
  },
  {
   "type": "Feature",
   "properties": {
    "kategorija": "evakuacijas_punkts",
    "nosaukums": "Dzelzceļa pieturas punkts Garciems",
    "adrese": "Garciema stacija, Garciems (Garciems)",
    "pasvaldiba": "Ādažu novads",
    "pasvaldiba_slug": "adazu-novads",
    "nr_plana": 4,
    "avots_teksts": "Avots: Ādažu novada CA plāns, lpp. 132",
    "plans_url": "https://www.adazunovads.lv/lv/media/26445/download?attachment",
    "plans_fails": "adazu_novada_ca_plans_publiska-versija_0.md",
    "lpp": 132,
    "citats": "|4.|Dzelzceļa<br>pieturas punkts<br>Garciems|Garciema<br>stacija,<br>Garciems|<br>Garciems|57,102109|24,205496|",
    "izdevejs": "Ādažu novads (pašvaldība)",
    "geokodesana": "plan_coords",
    "adrese_vzd": null,
    "vzd_kods": null,
    "plana_lat": 57.102109,
    "plana_lon": 24.205496,
    "koord_teksts": "57,102109; 24,205496",
    "karodzini": [],
    "komentars": "Avots: Ādažu novada CA plāns, lpp. 132",
    "id": "adazu-novads-evak-4"
   },
   "geometry": {
    "type": "Point",
    "coordinates": [
     24.205496,
     57.102109
    ]
   }
  },
  {
   "type": "Feature",
   "properties": {
    "kategorija": "evakuacijas_punkts",
    "nosaukums": "Dzelzceļa pieturas punkts Gauja",
    "adrese": "Mazā stacijas iela 2 (Gaujas ciems)",
    "pasvaldiba": "Ādažu novads",
    "pasvaldiba_slug": "adazu-novads",
    "nr_plana": 5,
    "avots_teksts": "Avots: Ādažu novada CA plāns, lpp. 132",
    "plans_url": "https://www.adazunovads.lv/lv/media/26445/download?attachment",
    "plans_fails": "adazu_novada_ca_plans_publiska-versija_0.md",
    "lpp": 132,
    "citats": "|5.|Dzelzceļa<br>pieturas punkts<br>Gauja|Mazā stacijas<br>iela 2|Gaujas ciems|57,141575|24,28776|",
    "izdevejs": "Ādažu novads (pašvaldība)",
    "geokodesana": "plan_coords",
    "adrese_vzd": "Mazā Stacijas iela 2, Gauja, Carnikavas pag., Ādažu nov., LV-2163",
    "vzd_kods": "103803103",
    "plana_lat": 57.141575,
    "plana_lon": 24.28776,
    "koord_teksts": "57,141575; 24,28776",
    "karodzini": [],
    "komentars": "Avots: Ādažu novada CA plāns, lpp. 132",
    "id": "adazu-novads-evak-5"
   },
   "geometry": {
    "type": "Point",
    "coordinates": [
     24.28776,
     57.141575
    ]
   }
  },
  {
   "type": "Feature",
   "properties": {
    "kategorija": "evakuacijas_punkts",
    "nosaukums": "Brīvā laika pavadīšanas centrs “Kadiķis”",
    "adrese": "Cīruļu iela 10 (Kalngales ciems)",
    "pasvaldiba": "Ādažu novads",
    "pasvaldiba_slug": "adazu-novads",
    "nr_plana": 6,
    "avots_teksts": "Avots: Ādažu novada CA plāns, lpp. 132",
    "plans_url": "https://www.adazunovads.lv/lv/media/26445/download?attachment",
    "plans_fails": "adazu_novada_ca_plans_publiska-versija_0.md",
    "lpp": 132,
    "citats": "|6.|Brīvā laika<br>pavadīšanas<br>centrs,“Kadiķis”|Cīruļu iela 10|Kalngales ciems|57,07968|24,16642|",
    "izdevejs": "Ādažu novads (pašvaldība)",
    "geokodesana": "plan_coords",
    "adrese_vzd": "Cīruļu iela 10, Kalngale, Carnikavas pag., Ādažu nov., LV-2163",
    "vzd_kods": "101301410",
    "plana_lat": 57.07968,
    "plana_lon": 24.16642,
    "koord_teksts": "57,07968; 24,16642",
    "karodzini": [],
    "komentars": "Avots: Ādažu novada CA plāns, lpp. 132",
    "id": "adazu-novads-evak-6"
   },
   "geometry": {
    "type": "Point",
    "coordinates": [
     24.16642,
     57.07968
    ]
   }
  },
  {
   "type": "Feature",
   "properties": {
    "kategorija": "evakuacijas_punkts",
    "nosaukums": "Baltezera baznīca",
    "adrese": "Baznīcas iela 1 (Baltezera ciems)",
    "pasvaldiba": "Ādažu novads",
    "pasvaldiba_slug": "adazu-novads",
    "nr_plana": 7,
    "avots_teksts": "Avots: Ādažu novada CA plāns, lpp. 132",
    "plans_url": "https://www.adazunovads.lv/lv/media/26445/download?attachment",
    "plans_fails": "adazu_novada_ca_plans_publiska-versija_0.md",
    "lpp": 132,
    "citats": "|7.|Baltezera<br>baznīca|Baznīcas iela<br>1|Baltezera ciems|57,04422|24,31532|",
    "izdevejs": "Ādažu novads (pašvaldība)",
    "geokodesana": "plan_coords",
    "adrese_vzd": "Baznīcas iela 1, Baltezers, Ādažu pag., Ādažu nov., LV-2164",
    "vzd_kods": "103934965",
    "plana_lat": 57.04422,
    "plana_lon": 24.31532,
    "koord_teksts": "57,04422; 24,31532",
    "karodzini": [],
    "komentars": "Avots: Ādažu novada CA plāns, lpp. 132",
    "id": "adazu-novads-evak-7"
   },
   "geometry": {
    "type": "Point",
    "coordinates": [
     24.31532,
     57.04422
    ]
   }
  },
  {
   "type": "Feature",
   "properties": {
    "kategorija": "evakuacijas_punkts",
    "nosaukums": "Dzelzceļa pieturas punkts Garupe",
    "adrese": "“Stacija Garupe” (Garupes ciems)",
    "pasvaldiba": "Ādažu novads",
    "pasvaldiba_slug": "adazu-novads",
    "nr_plana": 8,
    "avots_teksts": "Avots: Ādažu novada CA plāns, lpp. 132",
    "plans_url": "https://www.adazunovads.lv/lv/media/26445/download?attachment",
    "plans_fails": "adazu_novada_ca_plans_publiska-versija_0.md",
    "lpp": 132,
    "citats": "|8.|Dzelzceļa<br>pieturas<br>punktsGarupe|“Stacija<br>Garupe”|Garupes ciems|57,1148|24,24625|",
    "izdevejs": "Ādažu novads (pašvaldība)",
    "geokodesana": "plan_coords",
    "adrese_vzd": null,
    "vzd_kods": null,
    "plana_lat": 57.1148,
    "plana_lon": 24.24625,
    "koord_teksts": "57,1148; 24,24625",
    "karodzini": [],
    "komentars": "Avots: Ādažu novada CA plāns, lpp. 132",
    "id": "adazu-novads-evak-8"
   },
   "geometry": {
    "type": "Point",
    "coordinates": [
     24.24625,
     57.1148
    ]
   }
  },
  {
   "type": "Feature",
   "properties": {
    "kategorija": "evakuacijas_punkts",
    "nosaukums": "Circle K",
    "adrese": "Vidlauka iela 1 (Stapriņu ciems)",
    "pasvaldiba": "Ādažu novads",
    "pasvaldiba_slug": "adazu-novads",
    "nr_plana": 9,
    "avots_teksts": "Avots: Ādažu novada CA plāns, lpp. 132",
    "plans_url": "https://www.adazunovads.lv/lv/media/26445/download?attachment",
    "plans_fails": "adazu_novada_ca_plans_publiska-versija_0.md",
    "lpp": 132,
    "citats": "|9.|Circle K|Vidlauka iela<br>1|Stapriņu ciems|57,06932|24,31697|",
    "izdevejs": "Ādažu novads (pašvaldība)",
    "geokodesana": "plan_coords",
    "adrese_vzd": null,
    "vzd_kods": null,
    "plana_lat": 57.06932,
    "plana_lon": 24.31697,
    "koord_teksts": "57,06932; 24,31697",
    "karodzini": [],
    "komentars": "Avots: Ādažu novada CA plāns, lpp. 132",
    "id": "adazu-novads-evak-9"
   },
   "geometry": {
    "type": "Point",
    "coordinates": [
     24.31697,
     57.06932
    ]
   }
  },
  {
   "type": "Feature",
   "properties": {
    "kategorija": "evakuacijas_punkts",
    "nosaukums": "Alderu sabiedriskā transporta pieturvieta",
    "adrese": "Kanāla iela 72 (Alderu ciems, Jaunkūlu ciems)",
    "pasvaldiba": "Ādažu novads",
    "pasvaldiba_slug": "adazu-novads",
    "nr_plana": 10,
    "avots_teksts": "Avots: Ādažu novada CA plāns, lpp. 132",
    "plans_url": "https://www.adazunovads.lv/lv/media/26445/download?attachment",
    "plans_fails": "adazu_novada_ca_plans_publiska-versija_0.md",
    "lpp": 132,
    "citats": "|10.|Alderu<br>sabiedriskā|Kanāla iela 72|Alderu ciems,<br>Jaunkūlu ciems|57,052468|24,343269|",
    "izdevejs": "Ādažu novads (pašvaldība)",
    "geokodesana": "plan_coords",
    "adrese_vzd": "Kanāla iela 72, Alderi, Ādažu pag., Ādažu nov., LV-2164",
    "vzd_kods": "103132003",
    "plana_lat": 57.052468,
    "plana_lon": 24.343269,
    "koord_teksts": "57,052468; 24,343269",
    "karodzini": [],
    "izvilkuma_piezime": "Row split across pages 132/133 by the conversion; 'transporta pieturvieta' continues on the next table line.",
    "komentars": "Avots: Ādažu novada CA plāns, lpp. 132",
    "id": "adazu-novads-evak-10"
   },
   "geometry": {
    "type": "Point",
    "coordinates": [
     24.343269,
     57.052468
    ]
   }
  },
  {
   "type": "Feature",
   "properties": {
    "kategorija": "evakuacijas_punkts",
    "nosaukums": "PII “Piejūra”",
    "adrese": "“SKOLA” (Siguļu ciems)",
    "pasvaldiba": "Ādažu novads",
    "pasvaldiba_slug": "adazu-novads",
    "nr_plana": 11,
    "avots_teksts": "Avots: Ādažu novada CA plāns, lpp. 133",
    "plans_url": "https://www.adazunovads.lv/lv/media/26445/download?attachment",
    "plans_fails": "adazu_novada_ca_plans_publiska-versija_0.md",
    "lpp": 133,
    "citats": "|11.|PII“Piejūra”|“SKOLA”|Siguļu ciems|57,125592|24,320816|",
    "izdevejs": "Ādažu novads (pašvaldība)",
    "geokodesana": "plan_coords",
    "adrese_vzd": null,
    "vzd_kods": null,
    "plana_lat": 57.125592,
    "plana_lon": 24.320816,
    "koord_teksts": "57,125592; 24,320816",
    "karodzini": [],
    "komentars": "Avots: Ādažu novada CA plāns, lpp. 133",
    "id": "adazu-novads-evak-11"
   },
   "geometry": {
    "type": "Point",
    "coordinates": [
     24.320816,
     57.125592
    ]
   }
  },
  {
   "type": "Feature",
   "properties": {
    "kategorija": "evakuacijas_punkts",
    "nosaukums": "Ataru ceļš, Bukultu ielas krustojums",
    "adrese": "Ataru ciems",
    "pasvaldiba": "Ādažu novads",
    "pasvaldiba_slug": "adazu-novads",
    "nr_plana": 12,
    "avots_teksts": "Avots: Ādažu novada CA plāns, lpp. 133",
    "plans_url": "https://www.adazunovads.lv/lv/media/26445/download?attachment",
    "plans_fails": "adazu_novada_ca_plans_publiska-versija_0.md",
    "lpp": 133,
    "citats": "|12.|Ataru ceļš,<br>Bukultu ielas<br>krustojums|-|<br>Ataru ciems|57,068867|24,270187|",
    "izdevejs": "Ādažu novads (pašvaldība)",
    "geokodesana": "plan_coords",
    "adrese_vzd": null,
    "vzd_kods": null,
    "plana_lat": 57.068867,
    "plana_lon": 24.270187,
    "koord_teksts": "57,068867; 24,270187",
    "karodzini": [],
    "izvilkuma_piezime": "Address column is '-'; settlement column used.",
    "komentars": "Avots: Ādažu novada CA plāns, lpp. 133",
    "id": "adazu-novads-evak-12"
   },
   "geometry": {
    "type": "Point",
    "coordinates": [
     24.270187,
     57.068867
    ]
   }
  },
  {
   "type": "Feature",
   "properties": {
    "kategorija": "evakuacijas_punkts",
    "nosaukums": "Kastaņu iela – autoceļš V50 Baltezers – Āņi – Lapmeži krustojums",
    "adrese": "Garkalnes ciems, Āņu ciems",
    "pasvaldiba": "Ādažu novads",
    "pasvaldiba_slug": "adazu-novads",
    "nr_plana": 13,
    "avots_teksts": "Avots: Ādažu novada CA plāns, lpp. 133",
    "plans_url": "https://www.adazunovads.lv/lv/media/26445/download?attachment",
    "plans_fails": "adazu_novada_ca_plans_publiska-versija_0.md",
    "lpp": 133,
    "citats": "|13.|Kastaņu iela –<br>autoceļš V50<br>Baltezers – Āņi –<br>Lapmeži<br>krustojums,|-|Garkalnes ciems,<br>Āņu ciems|57,07108|24,422903|",
    "izdevejs": "Ādažu novads (pašvaldība)",
    "geokodesana": "plan_coords",
    "adrese_vzd": null,
    "vzd_kods": null,
    "plana_lat": 57.07108,
    "plana_lon": 24.422903,
    "koord_teksts": "57,07108; 24,422903",
    "karodzini": [],
    "izvilkuma_piezime": "Address column is '-'; settlement column used.",
    "komentars": "Avots: Ādažu novada CA plāns, lpp. 133",
    "id": "adazu-novads-evak-13"
   },
   "geometry": {
    "type": "Point",
    "coordinates": [
     24.422903,
     57.07108
    ]
   }
  },
  {
   "type": "Feature",
   "properties": {
    "kategorija": "evakuacijas_punkts",
    "nosaukums": "Strautnieku ceļš – Birznieku ielas krustojums",
    "adrese": "Birznieku ciems, Eimuru ciems",
    "pasvaldiba": "Ādažu novads",
    "pasvaldiba_slug": "adazu-novads",
    "nr_plana": 14,
    "avots_teksts": "Avots: Ādažu novada CA plāns, lpp. 133",
    "plans_url": "https://www.adazunovads.lv/lv/media/26445/download?attachment",
    "plans_fails": "adazu_novada_ca_plans_publiska-versija_0.md",
    "lpp": 133,
    "citats": "|14.|Strautnieku ceļš<br>– Birznieku ielas<br>krustojums|-|Birznieku ciems,<br>Eimuru ciems|57,102508|24,305861|",
    "izdevejs": "Ādažu novads (pašvaldība)",
    "geokodesana": "plan_coords",
    "adrese_vzd": null,
    "vzd_kods": null,
    "plana_lat": 57.102508,
    "plana_lon": 24.305861,
    "koord_teksts": "57,102508; 24,305861",
    "karodzini": [],
    "izvilkuma_piezime": "Address column is '-'; settlement column used.",
    "komentars": "Avots: Ādažu novada CA plāns, lpp. 133",
    "id": "adazu-novads-evak-14"
   },
   "geometry": {
    "type": "Point",
    "coordinates": [
     24.305861,
     57.102508
    ]
   }
  },
  {
   "type": "Feature",
   "properties": {
    "kategorija": "evakuacijas_punkts",
    "nosaukums": "Autoceļš V46 (Ādaži – Garkalne) – Lejupes ielas krustojums",
    "adrese": "Podnieku ciems",
    "pasvaldiba": "Ādažu novads",
    "pasvaldiba_slug": "adazu-novads",
    "nr_plana": 15,
    "avots_teksts": "Avots: Ādažu novada CA plāns, lpp. 133",
    "plans_url": "https://www.adazunovads.lv/lv/media/26445/download?attachment",
    "plans_fails": "adazu_novada_ca_plans_publiska-versija_0.md",
    "lpp": 133,
    "citats": "|15.|Autoceļš<br>V46(Ādaži –<br>Garkalne) –<br>Lejupes ielas<br>krustojums|-|Podnieku ciems|57,067625|24,359874|",
    "izdevejs": "Ādažu novads (pašvaldība)",
    "geokodesana": "plan_coords",
    "adrese_vzd": null,
    "vzd_kods": null,
    "plana_lat": 57.067625,
    "plana_lon": 24.359874,
    "koord_teksts": "57,067625; 24,359874",
    "karodzini": [],
    "izvilkuma_piezime": "Address column is '-'; settlement column used.",
    "komentars": "Avots: Ādažu novada CA plāns, lpp. 133",
    "id": "adazu-novads-evak-15"
   },
   "geometry": {
    "type": "Point",
    "coordinates": [
     24.359874,
     57.067625
    ]
   }
  },
  {
   "type": "Feature",
   "properties": {
    "kategorija": "evakuacijas_punkts",
    "nosaukums": "Sintēzes ielas – Muzeja ielas krustojums",
    "adrese": "Laveru ciems, Mežgarciems",
    "pasvaldiba": "Ādažu novads",
    "pasvaldiba_slug": "adazu-novads",
    "nr_plana": 16,
    "avots_teksts": "Avots: Ādažu novada CA plāns, lpp. 133",
    "plans_url": "https://www.adazunovads.lv/lv/media/26445/download?attachment",
    "plans_fails": "adazu_novada_ca_plans_publiska-versija_0.md",
    "lpp": 133,
    "citats": "|16.|Sintēzes ielas –<br>Muzeja ielas<br>krustojums|-|Laveru ciems,<br>Mežgarciems|57,103266|24,235463|",
    "izdevejs": "Ādažu novads (pašvaldība)",
    "geokodesana": "plan_coords",
    "adrese_vzd": null,
    "vzd_kods": null,
    "plana_lat": 57.103266,
    "plana_lon": 24.235463,
    "koord_teksts": "57,103266; 24,235463",
    "karodzini": [],
    "izvilkuma_piezime": "Address column is '-'; settlement column used.",
    "komentars": "Avots: Ādažu novada CA plāns, lpp. 133",
    "id": "adazu-novads-evak-16"
   },
   "geometry": {
    "type": "Point",
    "coordinates": [
     24.235463,
     57.103266
    ]
   }
  },
  {
   "type": "Feature",
   "properties": {
    "kategorija": "evakuacijas_punkts",
    "nosaukums": "Ziemeļu ielas transportlīdzekļu stāvvieta (pie jūras)",
    "adrese": "Lilastes ciems",
    "pasvaldiba": "Ādažu novads",
    "pasvaldiba_slug": "adazu-novads",
    "nr_plana": 17,
    "avots_teksts": "Avots: Ādažu novada CA plāns, lpp. 133",
    "plans_url": "https://www.adazunovads.lv/lv/media/26445/download?attachment",
    "plans_fails": "adazu_novada_ca_plans_publiska-versija_0.md",
    "lpp": 133,
    "citats": "|17.|Ziemeļu ielas<br>transportlīdzekļu<br>stāvvieta (pie<br>jūras)|-|Lilastes ciems|57,187447|24,32955|",
    "izdevejs": "Ādažu novads (pašvaldība)",
    "geokodesana": "plan_coords",
    "adrese_vzd": null,
    "vzd_kods": null,
    "plana_lat": 57.187447,
    "plana_lon": 24.32955,
    "koord_teksts": "57,187447; 24,32955",
    "karodzini": [],
    "izvilkuma_piezime": "Address column is '-'; settlement column used.",
    "komentars": "Avots: Ādažu novada CA plāns, lpp. 133",
    "id": "adazu-novads-evak-17"
   },
   "geometry": {
    "type": "Point",
    "coordinates": [
     24.32955,
     57.187447
    ]
   }
  },
  {
   "type": "Feature",
   "properties": {
    "kategorija": "evakuacijas_punkts",
    "nosaukums": "Aizkraukles novada dome",
    "adrese": "Lāčplēša iela 1a,Aizkraukle",
    "pasvaldiba": "Aizkraukles novads",
    "pasvaldiba_slug": "aizkraukles-novads",
    "nr_plana": 1,
    "avots_teksts": "Avots: Aizkraukles novada CA plāns, lpp. 130",
    "plans_url": "https://www.aizkraukle.lv/lv/media/69197/download?attachment",
    "plans_fails": "22.01.2026_10_CAP_jauna_redakcija.md",
    "lpp": 130,
    "citats": "|1.|Aizkraukles novada dome|Lāčplēša iela 1a,Aizkraukle|",
    "izdevejs": "Aizkraukles novads (pašvaldība)",
    "geokodesana": "varis_address",
    "adrese_vzd": "Lāčplēša iela 1A, Aizkraukle, Aizkraukles nov., LV-5101",
    "vzd_kods": "102341273",
    "plana_lat": null,
    "plana_lon": null,
    "koord_teksts": null,
    "karodzini": [],
    "izvilkuma_piezime": "Evakuācijas pulcēšanās vieta (no coordinates in plan).",
    "komentars": "Avots: Aizkraukles novada CA plāns, lpp. 130 · vieta noteikta pēc adreses (VZD)",
    "id": "aizkraukles-novads-evak-1"
   },
   "geometry": {
    "type": "Point",
    "coordinates": [
     25.254121,
     56.601288
    ]
   }
  },
  {
   "type": "Feature",
   "properties": {
    "kategorija": "evakuacijas_punkts",
    "nosaukums": "Aizkraukles pilsētas kultūras nams",
    "adrese": "Spīdolas iela 2, Aizkraukle",
    "pasvaldiba": "Aizkraukles novads",
    "pasvaldiba_slug": "aizkraukles-novads",
    "nr_plana": 2,
    "avots_teksts": "Avots: Aizkraukles novada CA plāns, lpp. 130",
    "plans_url": "https://www.aizkraukle.lv/lv/media/69197/download?attachment",
    "plans_fails": "22.01.2026_10_CAP_jauna_redakcija.md",
    "lpp": 130,
    "citats": "|2.|Aizkraukles pilsētas kultūras nams|Spīdolas iela 2, Aizkraukle|",
    "izdevejs": "Aizkraukles novads (pašvaldība)",
    "geokodesana": "varis_address",
    "adrese_vzd": "Spīdolas iela 2, Aizkraukle, Aizkraukles nov., LV-5101",
    "vzd_kods": "101630447",
    "plana_lat": null,
    "plana_lon": null,
    "koord_teksts": null,
    "karodzini": [],
    "izvilkuma_piezime": "Evakuācijas pulcēšanās vieta (no coordinates in plan).",
    "komentars": "Avots: Aizkraukles novada CA plāns, lpp. 130 · vieta noteikta pēc adreses (VZD)",
    "dublikati": [
     "Aizkraukles kultūras centrs (nr. 1, lpp. 137)"
    ],
    "id": "aizkraukles-novads-evak-2"
   },
   "geometry": {
    "type": "Point",
    "coordinates": [
     25.24606,
     56.596758
    ]
   }
  },
  {
   "type": "Feature",
   "properties": {
    "kategorija": "evakuacijas_punkts",
    "nosaukums": "Aizkraukles pagasta kultūras nams",
    "adrese": "Kalna iela 20, Aizkraukles pagasts",
    "pasvaldiba": "Aizkraukles novads",
    "pasvaldiba_slug": "aizkraukles-novads",
    "nr_plana": 3,
    "avots_teksts": "Avots: Aizkraukles novada CA plāns, lpp. 130",
    "plans_url": "https://www.aizkraukle.lv/lv/media/69197/download?attachment",
    "plans_fails": "22.01.2026_10_CAP_jauna_redakcija.md",
    "lpp": 130,
    "citats": "|3.|Aizkraukles pagasta kultūras nams|Kalna iela 20, Aizkraukles pagasts|",
    "izdevejs": "Aizkraukles novads (pašvaldība)",
    "geokodesana": "varis_address",
    "adrese_vzd": "Kalna iela 20, Aizkraukle, Aizkraukles pag., Aizkraukles nov., LV-5101",
    "vzd_kods": "102347243",
    "plana_lat": null,
    "plana_lon": null,
    "koord_teksts": null,
    "karodzini": [],
    "izvilkuma_piezime": "Evakuācijas pulcēšanās vieta (no coordinates in plan).",
    "komentars": "Avots: Aizkraukles novada CA plāns, lpp. 130 · vieta noteikta pēc adreses (VZD)",
    "id": "aizkraukles-novads-evak-3"
   },
   "geometry": {
    "type": "Point",
    "coordinates": [
     25.224719,
     56.61511
    ]
   }
  },
  {
   "type": "Feature",
   "properties": {
    "kategorija": "evakuacijas_punkts",
    "nosaukums": "Aizkraukles novada vidusskola",
    "adrese": "Draudzības krastmala 5, Aizkraukle",
    "pasvaldiba": "Aizkraukles novads",
    "pasvaldiba_slug": "aizkraukles-novads",
    "nr_plana": 4,
    "avots_teksts": "Avots: Aizkraukles novada CA plāns, lpp. 130",
    "plans_url": "https://www.aizkraukle.lv/lv/media/69197/download?attachment",
    "plans_fails": "22.01.2026_10_CAP_jauna_redakcija.md",
    "lpp": 130,
    "citats": "|4.|Aizkraukles novada vidusskola|Draudzības krastmala 5, Aizkraukle|",
    "izdevejs": "Aizkraukles novads (pašvaldība)",
    "geokodesana": "varis_address",
    "adrese_vzd": "Draudzības krastmala 5, Aizkraukle, Aizkraukles nov., LV-5101",
    "vzd_kods": "101629838",
    "plana_lat": null,
    "plana_lon": null,
    "koord_teksts": null,
    "karodzini": [],
    "izvilkuma_piezime": "Evakuācijas pulcēšanās vieta (no coordinates in plan).",
    "komentars": "Avots: Aizkraukles novada CA plāns, lpp. 130 · vieta noteikta pēc adreses (VZD)",
    "id": "aizkraukles-novads-evak-4"
   },
   "geometry": {
    "type": "Point",
    "coordinates": [
     25.252908,
     56.598493
    ]
   }
  },
  {
   "type": "Feature",
   "properties": {
    "kategorija": "evakuacijas_punkts",
    "nosaukums": "Aizkraukles profesionālā vidusskola",
    "adrese": "Jaunceltnes iela 21, Aizkraukle",
    "pasvaldiba": "Aizkraukles novads",
    "pasvaldiba_slug": "aizkraukles-novads",
    "nr_plana": 5,
    "avots_teksts": "Avots: Aizkraukles novada CA plāns, lpp. 130",
    "plans_url": "https://www.aizkraukle.lv/lv/media/69197/download?attachment",
    "plans_fails": "22.01.2026_10_CAP_jauna_redakcija.md",
    "lpp": 130,
    "citats": "|5.|Aizkraukles profesionālā vidusskola|Jaunceltnes iela 21, Aizkraukle|",
    "izdevejs": "Aizkraukles novads (pašvaldība)",
    "geokodesana": "varis_address",
    "adrese_vzd": "Jaunceltnes iela 21, Aizkraukle, Aizkraukles nov., LV-5101",
    "vzd_kods": "101630004",
    "plana_lat": null,
    "plana_lon": null,
    "koord_teksts": null,
    "karodzini": [],
    "izvilkuma_piezime": "Evakuācijas pulcēšanās vieta (no coordinates in plan).",
    "komentars": "Avots: Aizkraukles novada CA plāns, lpp. 130 · vieta noteikta pēc adreses (VZD)",
    "id": "aizkraukles-novads-evak-5"
   },
   "geometry": {
    "type": "Point",
    "coordinates": [
     25.257309,
     56.607305
    ]
   }
  },
  {
   "type": "Feature",
   "properties": {
    "kategorija": "evakuacijas_punkts",
    "nosaukums": "Aizkraukles profesionālās vidusskolas dienesta viesnīca",
    "adrese": "Bērzu iela 12, Aizkraukle",
    "pasvaldiba": "Aizkraukles novads",
    "pasvaldiba_slug": "aizkraukles-novads",
    "nr_plana": 6,
    "avots_teksts": "Avots: Aizkraukles novada CA plāns, lpp. 130",
    "plans_url": "https://www.aizkraukle.lv/lv/media/69197/download?attachment",
    "plans_fails": "22.01.2026_10_CAP_jauna_redakcija.md",
    "lpp": 130,
    "citats": "|6.|Aizkraukles profesionālās vidusskolas dienesta viesnīca|Bērzu iela 12, Aizkraukle|",
    "izdevejs": "Aizkraukles novads (pašvaldība)",
    "geokodesana": "varis_address",
    "adrese_vzd": "Bērzu iela 12, Aizkraukle, Aizkraukles nov., LV-5101",
    "vzd_kods": "101629694",
    "plana_lat": null,
    "plana_lon": null,
    "koord_teksts": null,
    "karodzini": [],
    "izvilkuma_piezime": "Evakuācijas pulcēšanās vieta (no coordinates in plan).",
    "komentars": "Avots: Aizkraukles novada CA plāns, lpp. 130 · vieta noteikta pēc adreses (VZD)",
    "id": "aizkraukles-novads-evak-6"
   },
   "geometry": {
    "type": "Point",
    "coordinates": [
     25.258198,
     56.605672
    ]
   }
  },
  {
   "type": "Feature",
   "properties": {
    "kategorija": "evakuacijas_punkts",
    "nosaukums": "Kokneses apvienības pārvaldes ēka, Koknese",
    "adrese": "Melioratoru iela 1, Koknese",
    "pasvaldiba": "Aizkraukles novads",
    "pasvaldiba_slug": "aizkraukles-novads",
    "nr_plana": 9,
    "avots_teksts": "Avots: Aizkraukles novada CA plāns, lpp. 131",
    "plans_url": "https://www.aizkraukle.lv/lv/media/69197/download?attachment",
    "plans_fails": "22.01.2026_10_CAP_jauna_redakcija.md",
    "lpp": 131,
    "citats": "|9.|Kokneses apvienības pārvaldes ēka, Koknese|Melioratoru iela 1, Koknese|",
    "izdevejs": "Aizkraukles novads (pašvaldība)",
    "geokodesana": "varis_address",
    "adrese_vzd": "Melioratoru iela 1, Koknese, Aizkraukles nov., LV-5113",
    "vzd_kods": "101640361",
    "plana_lat": null,
    "plana_lon": null,
    "koord_teksts": null,
    "karodzini": [],
    "izvilkuma_piezime": "Evakuācijas pulcēšanās vieta (no coordinates in plan).",
    "komentars": "Avots: Aizkraukles novada CA plāns, lpp. 131 · vieta noteikta pēc adreses (VZD)",
    "id": "aizkraukles-novads-evak-7"
   },
   "geometry": {
    "type": "Point",
    "coordinates": [
     25.446231,
     56.643929
    ]
   }
  },
  {
   "type": "Feature",
   "properties": {
    "kategorija": "evakuacijas_punkts",
    "nosaukums": "Ilmāra Gaiša Kokneses vidusskola, Koknese",
    "adrese": "Parka iela 27, Koknese",
    "pasvaldiba": "Aizkraukles novads",
    "pasvaldiba_slug": "aizkraukles-novads",
    "nr_plana": 10,
    "avots_teksts": "Avots: Aizkraukles novada CA plāns, lpp. 131",
    "plans_url": "https://www.aizkraukle.lv/lv/media/69197/download?attachment",
    "plans_fails": "22.01.2026_10_CAP_jauna_redakcija.md",
    "lpp": 131,
    "citats": "|10.|Ilmāra Gaiša Kokneses vidusskola, Koknese|Parka iela 27, Koknese|",
    "izdevejs": "Aizkraukles novads (pašvaldība)",
    "geokodesana": "varis_address",
    "adrese_vzd": "Parka iela 27, Koknese, Aizkraukles nov., LV-5113",
    "vzd_kods": "102350547",
    "plana_lat": null,
    "plana_lon": null,
    "koord_teksts": null,
    "karodzini": [],
    "izvilkuma_piezime": "Evakuācijas pulcēšanās vieta (no coordinates in plan).",
    "komentars": "Avots: Aizkraukles novada CA plāns, lpp. 131 · vieta noteikta pēc adreses (VZD)",
    "dublikati": [
     "Ilmāra Gaiša Kokneses vidusskola (nr. 3, lpp. 137)"
    ],
    "id": "aizkraukles-novads-evak-8"
   },
   "geometry": {
    "type": "Point",
    "coordinates": [
     25.424549,
     56.644529
    ]
   }
  },
  {
   "type": "Feature",
   "properties": {
    "kategorija": "evakuacijas_punkts",
    "nosaukums": "Andreja Upīša Skrīveru vidusskola, sporta laukums",
    "adrese": "Stacijas laukums 1, Skrīveri, Skrīveru pagasts",
    "pasvaldiba": "Aizkraukles novads",
    "pasvaldiba_slug": "aizkraukles-novads",
    "nr_plana": 11,
    "avots_teksts": "Avots: Aizkraukles novada CA plāns, lpp. 131",
    "plans_url": "https://www.aizkraukle.lv/lv/media/69197/download?attachment",
    "plans_fails": "22.01.2026_10_CAP_jauna_redakcija.md",
    "lpp": 131,
    "citats": "|11.|Andreja Upīša Skrīveru vidusskola, sporta laukums|Stacijas laukums 1, Skrīveri, Skrīveru<br>pagasts|",
    "izdevejs": "Aizkraukles novads (pašvaldība)",
    "geokodesana": "varis_address",
    "adrese_vzd": "Stacijas laukums 1, Skrīveri, Skrīveru pag., Aizkraukles nov., LV-5125",
    "vzd_kods": "103287636",
    "plana_lat": null,
    "plana_lon": null,
    "koord_teksts": null,
    "karodzini": [],
    "izvilkuma_piezime": "Evakuācijas pulcēšanās vieta (no coordinates in plan).",
    "komentars": "Avots: Aizkraukles novada CA plāns, lpp. 131 · vieta noteikta pēc adreses (VZD)",
    "dublikati": [
     "Andreja Upīša Skrīveru vidusskola (nr. 4, lpp. 137)"
    ],
    "id": "aizkraukles-novads-evak-9"
   },
   "geometry": {
    "type": "Point",
    "coordinates": [
     25.121133,
     56.646929
    ]
   }
  },
  {
   "type": "Feature",
   "properties": {
    "kategorija": "evakuacijas_punkts",
    "nosaukums": "PII „Saulēni\"",
    "adrese": "„Zemkopības institūts 15”, Zemkopības institūts,Skrīverupagasts",
    "pasvaldiba": "Aizkraukles novads",
    "pasvaldiba_slug": "aizkraukles-novads",
    "nr_plana": 12,
    "avots_teksts": "Avots: Aizkraukles novada CA plāns, lpp. 131",
    "plans_url": "https://www.aizkraukle.lv/lv/media/69197/download?attachment",
    "plans_fails": "22.01.2026_10_CAP_jauna_redakcija.md",
    "lpp": 131,
    "citats": "|12.|PII „Saulēni\"|„Zemkopības institūts 15”,<br>Zemkopības institūts,Skrīverupagasts|",
    "izdevejs": "Aizkraukles novads (pašvaldība)",
    "geokodesana": "varis_address",
    "adrese_vzd": "\"Zemkopības institūts 15\", Zemkopības institūts, Skrīveru pag., Aizkraukles nov., LV-5125",
    "vzd_kods": "103347938",
    "plana_lat": null,
    "plana_lon": null,
    "koord_teksts": null,
    "karodzini": [],
    "izvilkuma_piezime": "Evakuācijas pulcēšanās vieta (no coordinates in plan).",
    "komentars": "Avots: Aizkraukles novada CA plāns, lpp. 131 · vieta noteikta pēc adreses (VZD)",
    "id": "aizkraukles-novads-evak-10"
   },
   "geometry": {
    "type": "Point",
    "coordinates": [
     25.128571,
     56.625463
    ]
   }
  },
  {
   "type": "Feature",
   "properties": {
    "kategorija": "evakuacijas_punkts",
    "nosaukums": "PII „Sprīdītis\"",
    "adrese": "Sprīdīša iela 1, Skrīveri, Skrīveru pagasts",
    "pasvaldiba": "Aizkraukles novads",
    "pasvaldiba_slug": "aizkraukles-novads",
    "nr_plana": 13,
    "avots_teksts": "Avots: Aizkraukles novada CA plāns, lpp. 131",
    "plans_url": "https://www.aizkraukle.lv/lv/media/69197/download?attachment",
    "plans_fails": "22.01.2026_10_CAP_jauna_redakcija.md",
    "lpp": 131,
    "citats": "|13.|PII „Sprīdītis\"|Sprīdīša iela 1, Skrīveri, Skrīveru<br>pagasts|",
    "izdevejs": "Aizkraukles novads (pašvaldība)",
    "geokodesana": "varis_address",
    "adrese_vzd": "Sprīdīša iela 1, Skrīveri, Skrīveru pag., Aizkraukles nov., LV-5125",
    "vzd_kods": "102361728",
    "plana_lat": null,
    "plana_lon": null,
    "koord_teksts": null,
    "karodzini": [],
    "izvilkuma_piezime": "Evakuācijas pulcēšanās vieta (no coordinates in plan).",
    "komentars": "Avots: Aizkraukles novada CA plāns, lpp. 131 · vieta noteikta pēc adreses (VZD)",
    "id": "aizkraukles-novads-evak-11"
   },
   "geometry": {
    "type": "Point",
    "coordinates": [
     25.124605,
     56.657396
    ]
   }
  },
  {
   "type": "Feature",
   "properties": {
    "kategorija": "evakuacijas_punkts",
    "nosaukums": "Sociālās aprūpes centrs „Ziedugravas\"",
    "adrese": "„Ziedugravas\", Skrīveru pagasts,",
    "pasvaldiba": "Aizkraukles novads",
    "pasvaldiba_slug": "aizkraukles-novads",
    "nr_plana": 14,
    "avots_teksts": "Avots: Aizkraukles novada CA plāns, lpp. 131",
    "plans_url": "https://www.aizkraukle.lv/lv/media/69197/download?attachment",
    "plans_fails": "22.01.2026_10_CAP_jauna_redakcija.md",
    "lpp": 131,
    "citats": "|14.|Sociālās aprūpes centrs „Ziedugravas\"|„Ziedugravas\", Skrīveru pagasts,|",
    "izdevejs": "Aizkraukles novads (pašvaldība)",
    "geokodesana": "varis_address",
    "adrese_vzd": "\"Ziedugravas\", Skrīveru pag., Aizkraukles nov., LV-5125",
    "vzd_kods": "103220422",
    "plana_lat": null,
    "plana_lon": null,
    "koord_teksts": null,
    "karodzini": [],
    "izvilkuma_piezime": "Evakuācijas pulcēšanās vieta (no coordinates in plan).",
    "komentars": "Avots: Aizkraukles novada CA plāns, lpp. 131 · vieta noteikta pēc adreses (VZD)",
    "id": "aizkraukles-novads-evak-12"
   },
   "geometry": {
    "type": "Point",
    "coordinates": [
     25.067861,
     56.623659
    ]
   }
  },
  {
   "type": "Feature",
   "properties": {
    "kategorija": "evakuacijas_punkts",
    "nosaukums": "Neretas apvienības pārvalde,",
    "adrese": "Rīgas iela 1, Nereta",
    "pasvaldiba": "Aizkraukles novads",
    "pasvaldiba_slug": "aizkraukles-novads",
    "nr_plana": 15,
    "avots_teksts": "Avots: Aizkraukles novada CA plāns, lpp. 131",
    "plans_url": "https://www.aizkraukle.lv/lv/media/69197/download?attachment",
    "plans_fails": "22.01.2026_10_CAP_jauna_redakcija.md",
    "lpp": 131,
    "citats": "|15.|Neretas apvienības pārvalde,|Rīgas iela 1, Nereta|",
    "izdevejs": "Aizkraukles novads (pašvaldība)",
    "geokodesana": "varis_address",
    "adrese_vzd": "Rīgas iela 1, Nereta, Neretas pag., Aizkraukles nov., LV-5118",
    "vzd_kods": "101640827",
    "plana_lat": null,
    "plana_lon": null,
    "koord_teksts": null,
    "karodzini": [],
    "izvilkuma_piezime": "Evakuācijas pulcēšanās vieta (no coordinates in plan).",
    "komentars": "Avots: Aizkraukles novada CA plāns, lpp. 131 · vieta noteikta pēc adreses (VZD)",
    "id": "aizkraukles-novads-evak-13"
   },
   "geometry": {
    "type": "Point",
    "coordinates": [
     25.306822,
     56.205431
    ]
   }
  },
  {
   "type": "Feature",
   "properties": {
    "kategorija": "evakuacijas_punkts",
    "nosaukums": "Neretas Jāņa Jaunsudrabiņa vidusskola",
    "adrese": "Dzirnavu iela 4, Nereta",
    "pasvaldiba": "Aizkraukles novads",
    "pasvaldiba_slug": "aizkraukles-novads",
    "nr_plana": 17,
    "avots_teksts": "Avots: Aizkraukles novada CA plāns, lpp. 131",
    "plans_url": "https://www.aizkraukle.lv/lv/media/69197/download?attachment",
    "plans_fails": "22.01.2026_10_CAP_jauna_redakcija.md",
    "lpp": 131,
    "citats": "|17.|Neretas Jāņa Jaunsudrabiņa vidusskola|Dzirnavu iela 4, Nereta|",
    "izdevejs": "Aizkraukles novads (pašvaldība)",
    "geokodesana": "varis_address",
    "adrese_vzd": "Dzirnavu iela 4, Nereta, Neretas pag., Aizkraukles nov., LV-5118",
    "vzd_kods": "102352011",
    "plana_lat": null,
    "plana_lon": null,
    "koord_teksts": null,
    "karodzini": [],
    "izvilkuma_piezime": "Evakuācijas pulcēšanās vieta (no coordinates in plan).",
    "komentars": "Avots: Aizkraukles novada CA plāns, lpp. 131 · vieta noteikta pēc adreses (VZD)",
    "dublikati": [
     "Neretas Jāņa Jaunsudrabiņa vidusskola (nr. 5, lpp. 137)"
    ],
    "id": "aizkraukles-novads-evak-14"
   },
   "geometry": {
    "type": "Point",
    "coordinates": [
     25.311658,
     56.200335
    ]
   }
  },
  {
   "type": "Feature",
   "properties": {
    "kategorija": "evakuacijas_punkts",
    "nosaukums": "Neretas Jāņa Jaunsudrabiņa vidusskolas dienesta viesnīca",
    "adrese": "Ziedu iela 20, Nereta",
    "pasvaldiba": "Aizkraukles novads",
    "pasvaldiba_slug": "aizkraukles-novads",
    "nr_plana": 18,
    "avots_teksts": "Avots: Aizkraukles novada CA plāns, lpp. 131",
    "plans_url": "https://www.aizkraukle.lv/lv/media/69197/download?attachment",
    "plans_fails": "22.01.2026_10_CAP_jauna_redakcija.md",
    "lpp": 131,
    "citats": "|18.|Neretas Jāņa Jaunsudrabiņa vidusskolas dienesta viesnīca|Ziedu iela 20, Nereta|",
    "izdevejs": "Aizkraukles novads (pašvaldība)",
    "geokodesana": "varis_address",
    "adrese_vzd": "Ziedu iela 20, Nereta, Neretas pag., Aizkraukles nov., LV-5118",
    "vzd_kods": "102684785",
    "plana_lat": null,
    "plana_lon": null,
    "koord_teksts": null,
    "karodzini": [],
    "izvilkuma_piezime": "Evakuācijas pulcēšanās vieta (no coordinates in plan).",
    "komentars": "Avots: Aizkraukles novada CA plāns, lpp. 131 · vieta noteikta pēc adreses (VZD)",
    "id": "aizkraukles-novads-evak-15"
   },
   "geometry": {
    "type": "Point",
    "coordinates": [
     25.314417,
     56.199977
    ]
   }
  },
  {
   "type": "Feature",
   "properties": {
    "kategorija": "evakuacijas_punkts",
    "nosaukums": "Neretas PII Ziediņš",
    "adrese": "Pasta iela 20, Nereta",
    "pasvaldiba": "Aizkraukles novads",
    "pasvaldiba_slug": "aizkraukles-novads",
    "nr_plana": 19,
    "avots_teksts": "Avots: Aizkraukles novada CA plāns, lpp. 132",
    "plans_url": "https://www.aizkraukle.lv/lv/media/69197/download?attachment",
    "plans_fails": "22.01.2026_10_CAP_jauna_redakcija.md",
    "lpp": 132,
    "citats": "|19.|Neretas PII Ziediņš|Pasta iela 20, Nereta|",
    "izdevejs": "Aizkraukles novads (pašvaldība)",
    "geokodesana": "varis_address",
    "adrese_vzd": "Pasta iela 20, Nereta, Neretas pag., Aizkraukles nov., LV-5118",
    "vzd_kods": "102353335",
    "plana_lat": null,
    "plana_lon": null,
    "koord_teksts": null,
    "karodzini": [],
    "izvilkuma_piezime": "Evakuācijas pulcēšanās vieta (no coordinates in plan).",
    "komentars": "Avots: Aizkraukles novada CA plāns, lpp. 132 · vieta noteikta pēc adreses (VZD)",
    "id": "aizkraukles-novads-evak-16"
   },
   "geometry": {
    "type": "Point",
    "coordinates": [
     25.302894,
     56.204255
    ]
   }
  },
  {
   "type": "Feature",
   "properties": {
    "kategorija": "evakuacijas_punkts",
    "nosaukums": "Neretas soc. apr. centrs",
    "adrese": "Rīgas iela 6, Nereta",
    "pasvaldiba": "Aizkraukles novads",
    "pasvaldiba_slug": "aizkraukles-novads",
    "nr_plana": 20,
    "avots_teksts": "Avots: Aizkraukles novada CA plāns, lpp. 132",
    "plans_url": "https://www.aizkraukle.lv/lv/media/69197/download?attachment",
    "plans_fails": "22.01.2026_10_CAP_jauna_redakcija.md",
    "lpp": 132,
    "citats": "|20.|Neretas soc. apr. centrs|Rīgas iela 6, Nereta|",
    "izdevejs": "Aizkraukles novads (pašvaldība)",
    "geokodesana": "varis_address",
    "adrese_vzd": "Rīgas iela 6, Nereta, Neretas pag., Aizkraukles nov., LV-5118",
    "vzd_kods": "101640843",
    "plana_lat": null,
    "plana_lon": null,
    "koord_teksts": null,
    "karodzini": [],
    "izvilkuma_piezime": "Evakuācijas pulcēšanās vieta (no coordinates in plan).",
    "komentars": "Avots: Aizkraukles novada CA plāns, lpp. 132 · vieta noteikta pēc adreses (VZD)",
    "id": "aizkraukles-novads-evak-17"
   },
   "geometry": {
    "type": "Point",
    "coordinates": [
     25.304726,
     56.205709
    ]
   }
  },
  {
   "type": "Feature",
   "properties": {
    "kategorija": "evakuacijas_punkts",
    "nosaukums": "Sproģu pamatskola",
    "adrese": "Sproģu skola, Sproģi, Zalves pagasts",
    "pasvaldiba": "Aizkraukles novads",
    "pasvaldiba_slug": "aizkraukles-novads",
    "nr_plana": 21,
    "avots_teksts": "Avots: Aizkraukles novada CA plāns, lpp. 132",
    "plans_url": "https://www.aizkraukle.lv/lv/media/69197/download?attachment",
    "plans_fails": "22.01.2026_10_CAP_jauna_redakcija.md",
    "lpp": 132,
    "citats": "|21.|Sproģu pamatskola|Sproģu skola, Sproģi, Zalves pagasts|",
    "izdevejs": "Aizkraukles novads (pašvaldība)",
    "geokodesana": "varis_address",
    "adrese_vzd": "\"Sproģu skola\", Sproģi, Zalves pag., Aizkraukles nov., LV-5112",
    "vzd_kods": "106021718",
    "plana_lat": null,
    "plana_lon": null,
    "koord_teksts": null,
    "karodzini": [],
    "izvilkuma_piezime": "Evakuācijas pulcēšanās vieta (no coordinates in plan).",
    "komentars": "Avots: Aizkraukles novada CA plāns, lpp. 132 · vieta noteikta pēc adreses (VZD)",
    "id": "aizkraukles-novads-evak-18"
   },
   "geometry": {
    "type": "Point",
    "coordinates": [
     25.16695,
     56.27608
    ]
   }
  },
  {
   "type": "Feature",
   "properties": {
    "kategorija": "evakuacijas_punkts",
    "nosaukums": "Pilskalnes pamatskolas telpas",
    "adrese": "Nākotnes ielā 4, Pilskalne, Pilskalnes pagasts",
    "pasvaldiba": "Aizkraukles novads",
    "pasvaldiba_slug": "aizkraukles-novads",
    "nr_plana": 24,
    "avots_teksts": "Avots: Aizkraukles novada CA plāns, lpp. 132",
    "plans_url": "https://www.aizkraukle.lv/lv/media/69197/download?attachment",
    "plans_fails": "22.01.2026_10_CAP_jauna_redakcija.md",
    "lpp": 132,
    "citats": "|24.|Pilskalnes pamatskolas telpas|Nākotnes ielā 4, Pilskalne, Pilskalnes<br>pagasts|",
    "izdevejs": "Aizkraukles novads (pašvaldība)",
    "geokodesana": "varis_address",
    "adrese_vzd": "Nākotnes iela 4, Pilskalne, Pilskalnes pag., Aizkraukles nov., LV-5110",
    "vzd_kods": "102354417",
    "plana_lat": null,
    "plana_lon": null,
    "koord_teksts": null,
    "karodzini": [],
    "izvilkuma_piezime": "Evakuācijas pulcēšanās vieta (no coordinates in plan).",
    "komentars": "Avots: Aizkraukles novada CA plāns, lpp. 132 · vieta noteikta pēc adreses (VZD)",
    "id": "aizkraukles-novads-evak-19"
   },
   "geometry": {
    "type": "Point",
    "coordinates": [
     25.179433,
     56.192644
    ]
   }
  },
  {
   "type": "Feature",
   "properties": {
    "kategorija": "evakuacijas_punkts",
    "nosaukums": "Mazzalves pamatskola",
    "adrese": "Skolas iela1, Ērberģe, Mazzalves pagasts",
    "pasvaldiba": "Aizkraukles novads",
    "pasvaldiba_slug": "aizkraukles-novads",
    "nr_plana": 25,
    "avots_teksts": "Avots: Aizkraukles novada CA plāns, lpp. 132",
    "plans_url": "https://www.aizkraukle.lv/lv/media/69197/download?attachment",
    "plans_fails": "22.01.2026_10_CAP_jauna_redakcija.md",
    "lpp": 132,
    "citats": "|25.|Mazzalves pamatskola|Skolas iela1, Ērberģe, Mazzalves<br>pagasts|",
    "izdevejs": "Aizkraukles novads (pašvaldība)",
    "geokodesana": "varis_address",
    "adrese_vzd": "Skolas iela 1, Ērberģe, Mazzalves pag., Aizkraukles nov., LV-5133",
    "vzd_kods": "104763085",
    "plana_lat": null,
    "plana_lon": null,
    "koord_teksts": null,
    "karodzini": [],
    "izvilkuma_piezime": "Evakuācijas pulcēšanās vieta (no coordinates in plan).",
    "komentars": "Avots: Aizkraukles novada CA plāns, lpp. 132 · vieta noteikta pēc adreses (VZD)",
    "id": "aizkraukles-novads-evak-20"
   },
   "geometry": {
    "type": "Point",
    "coordinates": [
     25.017275,
     56.36478
    ]
   }
  },
  {
   "type": "Feature",
   "properties": {
    "kategorija": "evakuacijas_punkts",
    "nosaukums": "Mazzalves pagasta pakalpojumu centrs",
    "adrese": "Liepu iela 2, Ērberģe, Mazzalves pagasts",
    "pasvaldiba": "Aizkraukles novads",
    "pasvaldiba_slug": "aizkraukles-novads",
    "nr_plana": 26,
    "avots_teksts": "Avots: Aizkraukles novada CA plāns, lpp. 132",
    "plans_url": "https://www.aizkraukle.lv/lv/media/69197/download?attachment",
    "plans_fails": "22.01.2026_10_CAP_jauna_redakcija.md",
    "lpp": 132,
    "citats": "|26.|Mazzalves pagasta pakalpojumu centrs|Liepu iela 2, Ērberģe, Mazzalves<br>pagasts|",
    "izdevejs": "Aizkraukles novads (pašvaldība)",
    "geokodesana": "varis_address",
    "adrese_vzd": "Liepu iela 2, Ērberģe, Mazzalves pag., Aizkraukles nov., LV-5133",
    "vzd_kods": "104762983",
    "plana_lat": null,
    "plana_lon": null,
    "koord_teksts": null,
    "karodzini": [],
    "izvilkuma_piezime": "Evakuācijas pulcēšanās vieta (no coordinates in plan).",
    "komentars": "Avots: Aizkraukles novada CA plāns, lpp. 132 · vieta noteikta pēc adreses (VZD)",
    "id": "aizkraukles-novads-evak-21"
   },
   "geometry": {
    "type": "Point",
    "coordinates": [
     25.018207,
     56.36904
    ]
   }
  },
  {
   "type": "Feature",
   "properties": {
    "kategorija": "evakuacijas_punkts",
    "nosaukums": "Laukumspie Sporta un atpūtas centra Sērene",
    "adrese": "„Katlu māja”,Sērene,Sērenespagasts,",
    "pasvaldiba": "Aizkraukles novads",
    "pasvaldiba_slug": "aizkraukles-novads",
    "nr_plana": 27,
    "avots_teksts": "Avots: Aizkraukles novada CA plāns, lpp. 132",
    "plans_url": "https://www.aizkraukle.lv/lv/media/69197/download?attachment",
    "plans_fails": "22.01.2026_10_CAP_jauna_redakcija.md",
    "lpp": 132,
    "citats": "|27.|Laukumspie Sporta un atpūtas centra Sērene|„Katlu māja”,Sērene,Sērenespagasts,|",
    "izdevejs": "Aizkraukles novads (pašvaldība)",
    "geokodesana": "varis_address",
    "adrese_vzd": "\"Katlu māja\", Sērene, Sērenes pag., Aizkraukles nov., LV-5123",
    "vzd_kods": "105989946",
    "plana_lat": null,
    "plana_lon": null,
    "koord_teksts": null,
    "karodzini": [],
    "izvilkuma_piezime": "Evakuācijas pulcēšanās vieta (no coordinates in plan).",
    "komentars": "Avots: Aizkraukles novada CA plāns, lpp. 132 · vieta noteikta pēc adreses (VZD)",
    "id": "aizkraukles-novads-evak-22"
   },
   "geometry": {
    "type": "Point",
    "coordinates": [
     25.203904,
     56.580935
    ]
   }
  },
  {
   "type": "Feature",
   "properties": {
    "kategorija": "evakuacijas_punkts",
    "nosaukums": "Staburaga Saieta nams,",
    "adrese": "„Vīgante'',Staburags,Staburagapag.,",
    "pasvaldiba": "Aizkraukles novads",
    "pasvaldiba_slug": "aizkraukles-novads",
    "nr_plana": 28,
    "avots_teksts": "Avots: Aizkraukles novada CA plāns, lpp. 132",
    "plans_url": "https://www.aizkraukle.lv/lv/media/69197/download?attachment",
    "plans_fails": "22.01.2026_10_CAP_jauna_redakcija.md",
    "lpp": 132,
    "citats": "|28.|Staburaga Saieta nams,|„Vīgante'',Staburags,Staburagapag.,|",
    "izdevejs": "Aizkraukles novads (pašvaldība)",
    "geokodesana": "varis_address",
    "adrese_vzd": "\"Vīgante\", Staburags, Staburaga pag., Aizkraukles nov., LV-5128",
    "vzd_kods": "106074698",
    "plana_lat": null,
    "plana_lon": null,
    "koord_teksts": null,
    "karodzini": [],
    "izvilkuma_piezime": "Evakuācijas pulcēšanās vieta (no coordinates in plan).",
    "komentars": "Avots: Aizkraukles novada CA plāns, lpp. 132 · vieta noteikta pēc adreses (VZD)",
    "id": "aizkraukles-novads-evak-23"
   },
   "geometry": {
    "type": "Point",
    "coordinates": [
     25.496214,
     56.573899
    ]
   }
  },
  {
   "type": "Feature",
   "properties": {
    "kategorija": "evakuacijas_punkts",
    "nosaukums": "Jaunjelgavas vidusskola, sporta laukums,",
    "adrese": "Uzvaras iela 1, Jaunjelgava",
    "pasvaldiba": "Aizkraukles novads",
    "pasvaldiba_slug": "aizkraukles-novads",
    "nr_plana": 29,
    "avots_teksts": "Avots: Aizkraukles novada CA plāns, lpp. 132",
    "plans_url": "https://www.aizkraukle.lv/lv/media/69197/download?attachment",
    "plans_fails": "22.01.2026_10_CAP_jauna_redakcija.md",
    "lpp": 132,
    "citats": "|29.|Jaunjelgavas vidusskola, sporta laukums,|Uzvaras iela 1, Jaunjelgava|",
    "izdevejs": "Aizkraukles novads (pašvaldība)",
    "geokodesana": "varis_address",
    "adrese_vzd": "Uzvaras iela 1, Jaunjelgava, Aizkraukles nov., LV-5134",
    "vzd_kods": "101633686",
    "plana_lat": null,
    "plana_lon": null,
    "koord_teksts": null,
    "karodzini": [],
    "izvilkuma_piezime": "Evakuācijas pulcēšanās vieta (no coordinates in plan).",
    "komentars": "Avots: Aizkraukles novada CA plāns, lpp. 132 · vieta noteikta pēc adreses (VZD)",
    "dublikati": [
     "Jaunjelgavas vidusskola (nr. 6, lpp. 137)"
    ],
    "id": "aizkraukles-novads-evak-24"
   },
   "geometry": {
    "type": "Point",
    "coordinates": [
     25.082622,
     56.61115
    ]
   }
  },
  {
   "type": "Feature",
   "properties": {
    "kategorija": "evakuacijas_punkts",
    "nosaukums": "Skolas ēka Sunākstē (mācības nenotiek) un sporta laukums;",
    "adrese": "Skola, Sunākste, Sunākstes pagasts,",
    "pasvaldiba": "Aizkraukles novads",
    "pasvaldiba_slug": "aizkraukles-novads",
    "nr_plana": 30,
    "avots_teksts": "Avots: Aizkraukles novada CA plāns, lpp. 132",
    "plans_url": "https://www.aizkraukle.lv/lv/media/69197/download?attachment",
    "plans_fails": "22.01.2026_10_CAP_jauna_redakcija.md",
    "lpp": 132,
    "citats": "|30.|Skolas ēka Sunākstē (mācības nenotiek) un sporta<br>laukums;|Skola, Sunākste, Sunākstes pagasts,|",
    "izdevejs": "Aizkraukles novads (pašvaldība)",
    "geokodesana": "varis_address",
    "adrese_vzd": "\"Skola\", Sunākste, Sunākstes pag., Aizkraukles nov., LV-5130",
    "vzd_kods": "106764174",
    "plana_lat": null,
    "plana_lon": null,
    "koord_teksts": null,
    "karodzini": [],
    "izvilkuma_piezime": "Evakuācijas pulcēšanās vieta (no coordinates in plan).",
    "komentars": "Avots: Aizkraukles novada CA plāns, lpp. 132 · vieta noteikta pēc adreses (VZD)",
    "id": "aizkraukles-novads-evak-25"
   },
   "geometry": {
    "type": "Point",
    "coordinates": [
     25.487996,
     56.456819
    ]
   }
  },
  {
   "type": "Feature",
   "properties": {
    "kategorija": "evakuacijas_punkts",
    "nosaukums": "Sunākstes Saieta nams un automašīnu stāvlaukums;",
    "adrese": "Saulrieši, Sunākste, Sunākstes pagasts,",
    "pasvaldiba": "Aizkraukles novads",
    "pasvaldiba_slug": "aizkraukles-novads",
    "nr_plana": 31,
    "avots_teksts": "Avots: Aizkraukles novada CA plāns, lpp. 132",
    "plans_url": "https://www.aizkraukle.lv/lv/media/69197/download?attachment",
    "plans_fails": "22.01.2026_10_CAP_jauna_redakcija.md",
    "lpp": 132,
    "citats": "|31.|Sunākstes Saieta nams un automašīnu stāvlaukums;|Saulrieši, Sunākste, Sunākstes pagasts,|",
    "izdevejs": "Aizkraukles novads (pašvaldība)",
    "geokodesana": "varis_address",
    "adrese_vzd": "\"Saulrieši\", Sunākste, Sunākstes pag., Aizkraukles nov., LV-5130",
    "vzd_kods": "106575211",
    "plana_lat": null,
    "plana_lon": null,
    "koord_teksts": null,
    "karodzini": [],
    "izvilkuma_piezime": "Evakuācijas pulcēšanās vieta (no coordinates in plan).",
    "komentars": "Avots: Aizkraukles novada CA plāns, lpp. 132 · vieta noteikta pēc adreses (VZD)",
    "id": "aizkraukles-novads-evak-26"
   },
   "geometry": {
    "type": "Point",
    "coordinates": [
     25.479794,
     56.457555
    ]
   }
  },
  {
   "type": "Feature",
   "properties": {
    "kategorija": "evakuacijas_punkts",
    "nosaukums": "Sunākstes Sporta centrs",
    "adrese": "Saulstari, Sunākste, Sunākstes pagasts,",
    "pasvaldiba": "Aizkraukles novads",
    "pasvaldiba_slug": "aizkraukles-novads",
    "nr_plana": 32,
    "avots_teksts": "Avots: Aizkraukles novada CA plāns, lpp. 132",
    "plans_url": "https://www.aizkraukle.lv/lv/media/69197/download?attachment",
    "plans_fails": "22.01.2026_10_CAP_jauna_redakcija.md",
    "lpp": 132,
    "citats": "|32.|Sunākstes Sporta centrs|Saulstari, Sunākste, Sunākstes pagasts,|",
    "izdevejs": "Aizkraukles novads (pašvaldība)",
    "geokodesana": "varis_address",
    "adrese_vzd": "\"Saulstari\", Sunākste, Sunākstes pag., Aizkraukles nov., LV-5130",
    "vzd_kods": "106502324",
    "plana_lat": null,
    "plana_lon": null,
    "koord_teksts": null,
    "karodzini": [],
    "izvilkuma_piezime": "Evakuācijas pulcēšanās vieta (no coordinates in plan).",
    "komentars": "Avots: Aizkraukles novada CA plāns, lpp. 132 · vieta noteikta pēc adreses (VZD)",
    "dublikati": [
     "Daudzfunkcionāls laukums Sunākstē pie sakaru centra; (nr. 33, lpp. 133)"
    ],
    "id": "aizkraukles-novads-evak-27"
   },
   "geometry": {
    "type": "Point",
    "coordinates": [
     25.481781,
     56.459165
    ]
   }
  },
  {
   "type": "Feature",
   "properties": {
    "kategorija": "evakuacijas_punkts",
    "nosaukums": "Seces pamatskolas sporta laukums",
    "adrese": "Seces pamatskola, Seces pagasts",
    "pasvaldiba": "Aizkraukles novads",
    "pasvaldiba_slug": "aizkraukles-novads",
    "nr_plana": 34,
    "avots_teksts": "Avots: Aizkraukles novada CA plāns, lpp. 133",
    "plans_url": "https://www.aizkraukle.lv/lv/media/69197/download?attachment",
    "plans_fails": "22.01.2026_10_CAP_jauna_redakcija.md",
    "lpp": 133,
    "citats": "|34.|Seces pamatskolas sporta laukums|Seces pamatskola, Seces pagasts|",
    "izdevejs": "Aizkraukles novads (pašvaldība)",
    "geokodesana": "varis_address",
    "adrese_vzd": "\"Seces pamatskola\", Sece, Seces pag., Aizkraukles nov., LV-5124",
    "vzd_kods": "106000614",
    "plana_lat": null,
    "plana_lon": null,
    "koord_teksts": null,
    "karodzini": [],
    "izvilkuma_piezime": "Evakuācijas pulcēšanās vieta (no coordinates in plan).",
    "komentars": "Avots: Aizkraukles novada CA plāns, lpp. 133 · vieta noteikta pēc adreses (VZD)",
    "id": "aizkraukles-novads-evak-28"
   },
   "geometry": {
    "type": "Point",
    "coordinates": [
     25.40018,
     56.558743
    ]
   }
  },
  {
   "type": "Feature",
   "properties": {
    "kategorija": "evakuacijas_punkts",
    "nosaukums": "Saieta nams Daudzevā",
    "adrese": "„Pagastmāja\", Daudzeva, Daudzeses pagasts,",
    "pasvaldiba": "Aizkraukles novads",
    "pasvaldiba_slug": "aizkraukles-novads",
    "nr_plana": 35,
    "avots_teksts": "Avots: Aizkraukles novada CA plāns, lpp. 133",
    "plans_url": "https://www.aizkraukle.lv/lv/media/69197/download?attachment",
    "plans_fails": "22.01.2026_10_CAP_jauna_redakcija.md",
    "lpp": 133,
    "citats": "|35.|Saieta nams Daudzevā|„Pagastmāja\", Daudzeva, Daudzeses<br>pagasts,|",
    "izdevejs": "Aizkraukles novads (pašvaldība)",
    "geokodesana": "varis_address",
    "adrese_vzd": "\"Pagastmāja\", Daudzeva, Daudzeses pag., Aizkraukles nov., LV-5111",
    "vzd_kods": "102755800",
    "plana_lat": null,
    "plana_lon": null,
    "koord_teksts": null,
    "karodzini": [],
    "izvilkuma_piezime": "Evakuācijas pulcēšanās vieta (no coordinates in plan).",
    "komentars": "Avots: Aizkraukles novada CA plāns, lpp. 133 · vieta noteikta pēc adreses (VZD)",
    "id": "aizkraukles-novads-evak-29"
   },
   "geometry": {
    "type": "Point",
    "coordinates": [
     25.241533,
     56.506117
    ]
   }
  },
  {
   "type": "Feature",
   "properties": {
    "kategorija": "evakuacijas_punkts",
    "nosaukums": "Stadions pret PII \"Bērziņš\"",
    "adrese": "Uļļu iela 3, Pļaviņas",
    "pasvaldiba": "Aizkraukles novads",
    "pasvaldiba_slug": "aizkraukles-novads",
    "nr_plana": 41,
    "avots_teksts": "Avots: Aizkraukles novada CA plāns, lpp. 133",
    "plans_url": "https://www.aizkraukle.lv/lv/media/69197/download?attachment",
    "plans_fails": "22.01.2026_10_CAP_jauna_redakcija.md",
    "lpp": 133,
    "citats": "|41.|Stadions pret PII \"Bērziņš\"|Uļļu iela 3, Pļaviņas|",
    "izdevejs": "Aizkraukles novads (pašvaldība)",
    "geokodesana": "varis_address",
    "adrese_vzd": "Uļļu iela 3, Pļaviņas, Aizkraukles nov., LV-5120",
    "vzd_kods": "106877928",
    "plana_lat": null,
    "plana_lon": null,
    "koord_teksts": null,
    "karodzini": [],
    "izvilkuma_piezime": "Evakuācijas pulcēšanās vieta (no coordinates in plan).",
    "komentars": "Avots: Aizkraukles novada CA plāns, lpp. 133 · vieta noteikta pēc adreses (VZD)",
    "id": "aizkraukles-novads-evak-30"
   },
   "geometry": {
    "type": "Point",
    "coordinates": [
     25.702434,
     56.613834
    ]
   }
  },
  {
   "type": "Feature",
   "properties": {
    "kategorija": "evakuacijas_punkts",
    "nosaukums": "Stadions",
    "adrese": "Lielā iela 61A, Pļaviņas",
    "pasvaldiba": "Aizkraukles novads",
    "pasvaldiba_slug": "aizkraukles-novads",
    "nr_plana": 42,
    "avots_teksts": "Avots: Aizkraukles novada CA plāns, lpp. 133",
    "plans_url": "https://www.aizkraukle.lv/lv/media/69197/download?attachment",
    "plans_fails": "22.01.2026_10_CAP_jauna_redakcija.md",
    "lpp": 133,
    "citats": "|42.|Stadions|Lielā iela 61A, Pļaviņas|",
    "izdevejs": "Aizkraukles novads (pašvaldība)",
    "geokodesana": "varis_address",
    "adrese_vzd": "Lielā iela 61A, Pļaviņas, Aizkraukles nov., LV-5120",
    "vzd_kods": "106004888",
    "plana_lat": null,
    "plana_lon": null,
    "koord_teksts": null,
    "karodzini": [],
    "izvilkuma_piezime": "Evakuācijas pulcēšanās vieta (no coordinates in plan).",
    "komentars": "Avots: Aizkraukles novada CA plāns, lpp. 133 · vieta noteikta pēc adreses (VZD)",
    "id": "aizkraukles-novads-evak-31"
   },
   "geometry": {
    "type": "Point",
    "coordinates": [
     25.780045,
     56.611002
    ]
   }
  },
  {
   "type": "Feature",
   "properties": {
    "kategorija": "evakuacijas_punkts",
    "nosaukums": "Vietalvas pagasta pakalpojumu centrs",
    "adrese": "Pagastmāja, Vietalva, Vietalvas pagasts",
    "pasvaldiba": "Aizkraukles novads",
    "pasvaldiba_slug": "aizkraukles-novads",
    "nr_plana": 43,
    "avots_teksts": "Avots: Aizkraukles novada CA plāns, lpp. 133",
    "plans_url": "https://www.aizkraukle.lv/lv/media/69197/download?attachment",
    "plans_fails": "22.01.2026_10_CAP_jauna_redakcija.md",
    "lpp": 133,
    "citats": "|43.|Vietalvas pagasta pakalpojumu centrs|Pagastmāja, Vietalva, Vietalvas<br>pagasts|",
    "izdevejs": "Aizkraukles novads (pašvaldība)",
    "geokodesana": "varis_address",
    "adrese_vzd": "\"Pagastmāja\", Vietalva, Vietalvas pag., Aizkraukles nov., LV-5109",
    "vzd_kods": "106044866",
    "plana_lat": null,
    "plana_lon": null,
    "koord_teksts": null,
    "karodzini": [],
    "izvilkuma_piezime": "Evakuācijas pulcēšanās vieta (no coordinates in plan).",
    "komentars": "Avots: Aizkraukles novada CA plāns, lpp. 133 · vieta noteikta pēc adreses (VZD)",
    "id": "aizkraukles-novads-evak-32"
   },
   "geometry": {
    "type": "Point",
    "coordinates": [
     25.772084,
     56.742969
    ]
   }
  },
  {
   "type": "Feature",
   "properties": {
    "kategorija": "evakuacijas_punkts",
    "nosaukums": "Klintaines pagasta pakalpojumu centrs",
    "adrese": "„Kūlīši”, Stukmaņi, Klintaines pagasts",
    "pasvaldiba": "Aizkraukles novads",
    "pasvaldiba_slug": "aizkraukles-novads",
    "nr_plana": 44,
    "avots_teksts": "Avots: Aizkraukles novada CA plāns, lpp. 133",
    "plans_url": "https://www.aizkraukle.lv/lv/media/69197/download?attachment",
    "plans_fails": "22.01.2026_10_CAP_jauna_redakcija.md",
    "lpp": 133,
    "citats": "|44.|Klintaines pagasta pakalpojumu centrs|„Kūlīši”, Stukmaņi, Klintaines pagasts|",
    "izdevejs": "Aizkraukles novads (pašvaldība)",
    "geokodesana": "varis_address",
    "adrese_vzd": "\"Kūlīši\", Stukmaņi, Klintaines pag., Aizkraukles nov., LV-5129",
    "vzd_kods": "105670142",
    "plana_lat": null,
    "plana_lon": null,
    "koord_teksts": null,
    "karodzini": [],
    "izvilkuma_piezime": "Evakuācijas pulcēšanās vieta (no coordinates in plan).",
    "komentars": "Avots: Aizkraukles novada CA plāns, lpp. 133 · vieta noteikta pēc adreses (VZD)",
    "id": "aizkraukles-novads-evak-33"
   },
   "geometry": {
    "type": "Point",
    "coordinates": [
     25.633954,
     56.596239
    ]
   }
  },
  {
   "type": "Feature",
   "properties": {
    "kategorija": "evakuacijas_punkts",
    "nosaukums": "Aizkraukles novada vidusskola",
    "adrese": "Lāčplēša iela 21,Aizkraukle",
    "pasvaldiba": "Aizkraukles novads",
    "pasvaldiba_slug": "aizkraukles-novads",
    "nr_plana": 2,
    "avots_teksts": "Avots: Aizkraukles novada CA plāns, lpp. 137",
    "plans_url": "https://www.aizkraukle.lv/lv/media/69197/download?attachment",
    "plans_fails": "22.01.2026_10_CAP_jauna_redakcija.md",
    "lpp": 137,
    "citats": "|2.|Aizkraukles novada vidusskola|Lāčplēša iela 21,Aizkraukle|",
    "izdevejs": "Aizkraukles novads (pašvaldība)",
    "geokodesana": "varis_address",
    "adrese_vzd": "Lāčplēša iela 21, Aizkraukle, Aizkraukles nov., LV-5101",
    "vzd_kods": "101630117",
    "plana_lat": null,
    "plana_lon": null,
    "koord_teksts": null,
    "karodzini": [],
    "izvilkuma_piezime": "Listed in the separate table 'Evakuācijas punkti Aizkraukles novadā' (evacuation reception/service point, numbered 1–7 separately), not a pulcēšanās vieta.",
    "komentars": "Avots: Aizkraukles novada CA plāns, lpp. 137 · vieta noteikta pēc adreses (VZD)",
    "id": "aizkraukles-novads-evak-34"
   },
   "geometry": {
    "type": "Point",
    "coordinates": [
     25.261146,
     56.600405
    ]
   }
  },
  {
   "type": "Feature",
   "properties": {
    "kategorija": "evakuacijas_punkts",
    "nosaukums": "Pļaviņu vidusskola",
    "adrese": "Daugavas iela 101,Pļaviņas",
    "pasvaldiba": "Aizkraukles novads",
    "pasvaldiba_slug": "aizkraukles-novads",
    "nr_plana": 7,
    "avots_teksts": "Avots: Aizkraukles novada CA plāns, lpp. 137",
    "plans_url": "https://www.aizkraukle.lv/lv/media/69197/download?attachment",
    "plans_fails": "22.01.2026_10_CAP_jauna_redakcija.md",
    "lpp": 137,
    "citats": "|7.|Pļaviņu vidusskola|Daugavas iela 101,Pļaviņas|",
    "izdevejs": "Aizkraukles novads (pašvaldība)",
    "geokodesana": "varis_address",
    "adrese_vzd": "Daugavas iela 101, Pļaviņas, Aizkraukles nov., LV-5120",
    "vzd_kods": "101634220",
    "plana_lat": null,
    "plana_lon": null,
    "koord_teksts": null,
    "karodzini": [],
    "izvilkuma_piezime": "Listed in the separate table 'Evakuācijas punkti Aizkraukles novadā' (evacuation reception/service point, numbered 1–7 separately), not a pulcēšanās vieta.",
    "komentars": "Avots: Aizkraukles novada CA plāns, lpp. 137 · vieta noteikta pēc adreses (VZD)",
    "id": "aizkraukles-novads-evak-35"
   },
   "geometry": {
    "type": "Point",
    "coordinates": [
     25.738533,
     56.618654
    ]
   }
  },
  {
   "type": "Feature",
   "properties": {
    "kategorija": "evakuacijas_punkts",
    "nosaukums": "Ilūkstes pilsētas stadions (Ilūkste)",
    "adrese": "Stadiona iela 2, Ilūkstes pilsēta, Augšdaugavas novads",
    "pasvaldiba": "Augšdaugavas novads",
    "pasvaldiba_slug": "augsdaugavas-novads",
    "nr_plana": 1,
    "avots_teksts": "Avots: Augšdaugavas novada CA plāns, lpp. 136",
    "plans_url": "https://www.augsdaugavasnovads.lv/lv/media/11277/download?attachment",
    "plans_fails": "../daugavpils/cap_aktualizets_2026_05_gala_novads.md",
    "lpp": 136,
    "citats": "||Ilūkste|Ilūkstes pilsētas stadions|pilsēta,|55,977513|26,291998|",
    "izdevejs": "Augšdaugavas novads (pašvaldība)",
    "geokodesana": "plan_coords",
    "adrese_vzd": "Stadiona iela 2, Ilūkste, Augšdaugavas nov., LV-5447",
    "vzd_kods": "101571694",
    "plana_lat": 55.977513,
    "plana_lon": 26.291998,
    "koord_teksts": "55,977513; 26,291998",
    "karodzini": [],
    "izvilkuma_piezime": "Table row is spread over several lines by the conversion; citats is the line with the place name.",
    "komentars": "Avots: Augšdaugavas novada CA plāns, lpp. 136",
    "id": "augsdaugavas-novads-evak-1"
   },
   "geometry": {
    "type": "Point",
    "coordinates": [
     26.291998,
     55.977513
    ]
   }
  },
  {
   "type": "Feature",
   "properties": {
    "kategorija": "evakuacijas_punkts",
    "nosaukums": "Pilsētas pārvaldes pagalms (Subate)",
    "adrese": "Tirgus laukums 18, Subate, Augšdaugavas novads",
    "pasvaldiba": "Augšdaugavas novads",
    "pasvaldiba_slug": "augsdaugavas-novads",
    "nr_plana": 2,
    "avots_teksts": "Avots: Augšdaugavas novada CA plāns, lpp. 136",
    "plans_url": "https://www.augsdaugavasnovads.lv/lv/media/11277/download?attachment",
    "plans_fails": "../daugavpils/cap_aktualizets_2026_05_gala_novads.md",
    "lpp": 136,
    "citats": "||Subate|Pilsētas pārvaldes pagalms|<br>Subate, Augšdaugavas|56,003517|25,905254|",
    "izdevejs": "Augšdaugavas novads (pašvaldība)",
    "geokodesana": "plan_coords",
    "adrese_vzd": "Tirgus laukums 18, Subate, Augšdaugavas nov., LV-5471",
    "vzd_kods": "101574714",
    "plana_lat": 56.003517,
    "plana_lon": 25.905254,
    "koord_teksts": "56,003517; 25,905254",
    "karodzini": [],
    "izvilkuma_piezime": "Table row is spread over several lines by the conversion; citats is the line with the place name.",
    "komentars": "Avots: Augšdaugavas novada CA plāns, lpp. 136",
    "id": "augsdaugavas-novads-evak-2"
   },
   "geometry": {
    "type": "Point",
    "coordinates": [
     25.905254,
     56.003517
    ]
   }
  },
  {
   "type": "Feature",
   "properties": {
    "kategorija": "evakuacijas_punkts",
    "nosaukums": "pie pagasta pārvaldes (Ambeļu pagasts)",
    "adrese": "Parka iela 6, Ambeļi, Ambeļu pagasts, Augšdaugavas novads",
    "pasvaldiba": "Augšdaugavas novads",
    "pasvaldiba_slug": "augsdaugavas-novads",
    "nr_plana": 3,
    "avots_teksts": "Avots: Augšdaugavas novada CA plāns, lpp. 136",
    "plans_url": "https://www.augsdaugavasnovads.lv/lv/media/11277/download?attachment",
    "plans_fails": "../daugavpils/cap_aktualizets_2026_05_gala_novads.md",
    "lpp": 136,
    "citats": "||Ambeļu pagasts|pie pagasta pārvaldes|<br>Ambeļu pagasts,|56,039542|26,840201|",
    "izdevejs": "Augšdaugavas novads (pašvaldība)",
    "geokodesana": "plan_coords",
    "adrese_vzd": "Parka iela 6, Ambeļi, Ambeļu pag., Augšdaugavas nov., LV-5438",
    "vzd_kods": "105381986",
    "plana_lat": 56.039542,
    "plana_lon": 26.840201,
    "koord_teksts": "56,039542; 26,840201",
    "karodzini": [],
    "izvilkuma_piezime": "Table row is spread over several lines by the conversion; citats is the line with the place name.",
    "komentars": "Avots: Augšdaugavas novada CA plāns, lpp. 136",
    "id": "augsdaugavas-novads-evak-3"
   },
   "geometry": {
    "type": "Point",
    "coordinates": [
     26.840201,
     56.039542
    ]
   }
  },
  {
   "type": "Feature",
   "properties": {
    "kategorija": "evakuacijas_punkts",
    "nosaukums": "stāvlaukums pie pagastmājas un kultūras nama (Bebrenes pagasts)",
    "adrese": "‘’Pagasta māja’’, Bebrene, Bebrenes pagasts, Augšdaugavas novads",
    "pasvaldiba": "Augšdaugavas novads",
    "pasvaldiba_slug": "augsdaugavas-novads",
    "nr_plana": 4,
    "avots_teksts": "Avots: Augšdaugavas novada CA plāns, lpp. 136",
    "plans_url": "https://www.augsdaugavasnovads.lv/lv/media/11277/download?attachment",
    "plans_fails": "../daugavpils/cap_aktualizets_2026_05_gala_novads.md",
    "lpp": 136,
    "citats": "|||stāvlaukums pie pagastmājas|<br>Bebrene, Bebrenes|||",
    "izdevejs": "Augšdaugavas novads (pašvaldība)",
    "geokodesana": "plan_coords",
    "adrese_vzd": null,
    "vzd_kods": null,
    "plana_lat": 56.068543,
    "plana_lon": 26.1367659,
    "koord_teksts": "56,068543; 26,1367659",
    "karodzini": [],
    "izvilkuma_piezime": "Table row is spread over several lines by the conversion; citats is the line with the place name; coordinates are on a neighbouring line.",
    "komentars": "Avots: Augšdaugavas novada CA plāns, lpp. 136",
    "id": "augsdaugavas-novads-evak-4"
   },
   "geometry": {
    "type": "Point",
    "coordinates": [
     26.136766,
     56.068543
    ]
   }
  },
  {
   "type": "Feature",
   "properties": {
    "kategorija": "evakuacijas_punkts",
    "nosaukums": "Ilzes ciems, laukums pie auto pieturas (Bebrenes pagasts)",
    "adrese": "‘’Ilzes skola’’, Ilze, Bebrenes pagasts, Augšdaugavas novads",
    "pasvaldiba": "Augšdaugavas novads",
    "pasvaldiba_slug": "augsdaugavas-novads",
    "nr_plana": 5,
    "avots_teksts": "Avots: Augšdaugavas novada CA plāns, lpp. 136",
    "plans_url": "https://www.augsdaugavasnovads.lv/lv/media/11277/download?attachment",
    "plans_fails": "../daugavpils/cap_aktualizets_2026_05_gala_novads.md",
    "lpp": 136,
    "citats": "|||Ilzes ciems||||",
    "izdevejs": "Augšdaugavas novads (pašvaldība)",
    "geokodesana": "plan_coords",
    "adrese_vzd": "\"Ilzes skola\", Ilze, Bebrenes pag., Augšdaugavas nov., LV-5439",
    "vzd_kods": "104879723",
    "plana_lat": 56.0260649,
    "plana_lon": 26.0737933,
    "koord_teksts": "56,0260649; 26,0737933",
    "karodzini": [],
    "izvilkuma_piezime": "Table row is spread over several lines by the conversion; citats is the line with the place name; coordinates are on a neighbouring line.",
    "komentars": "Avots: Augšdaugavas novada CA plāns, lpp. 136",
    "id": "augsdaugavas-novads-evak-5"
   },
   "geometry": {
    "type": "Point",
    "coordinates": [
     26.073793,
     56.026065
    ]
   }
  },
  {
   "type": "Feature",
   "properties": {
    "kategorija": "evakuacijas_punkts",
    "nosaukums": "pie pagasta pārvaldes (Biķernieku pagasts)",
    "adrese": "Saules iela 4, Biķernieki, Biķernieku pagasts, Augšdaugavas novads",
    "pasvaldiba": "Augšdaugavas novads",
    "pasvaldiba_slug": "augsdaugavas-novads",
    "nr_plana": 6,
    "avots_teksts": "Avots: Augšdaugavas novada CA plāns, lpp. 136",
    "plans_url": "https://www.augsdaugavasnovads.lv/lv/media/11277/download?attachment",
    "plans_fails": "../daugavpils/cap_aktualizets_2026_05_gala_novads.md",
    "lpp": 136,
    "citats": "||Biķernieku pagasts|pie pagasta pārvaldes||55,975341|26,820326|",
    "izdevejs": "Augšdaugavas novads (pašvaldība)",
    "geokodesana": "plan_coords",
    "adrese_vzd": "Saules iela 4, Biķernieki, Biķernieku pag., Augšdaugavas nov., LV-5440",
    "vzd_kods": "105705605",
    "plana_lat": 55.975341,
    "plana_lon": 26.820326,
    "koord_teksts": "55,975341; 26,820326",
    "karodzini": [],
    "izvilkuma_piezime": "Table row is spread over several lines by the conversion; citats is the line with the place name.",
    "komentars": "Avots: Augšdaugavas novada CA plāns, lpp. 136",
    "id": "augsdaugavas-novads-evak-6"
   },
   "geometry": {
    "type": "Point",
    "coordinates": [
     26.820326,
     55.975341
    ]
   }
  },
  {
   "type": "Feature",
   "properties": {
    "kategorija": "evakuacijas_punkts",
    "nosaukums": "piepagastapārvaldes (Demenes pagasts)",
    "adrese": "Briģenes iela 2, Demene, Demenes pagasts, Augšdaugavas novads",
    "pasvaldiba": "Augšdaugavas novads",
    "pasvaldiba_slug": "augsdaugavas-novads",
    "nr_plana": 7,
    "avots_teksts": "Avots: Augšdaugavas novada CA plāns, lpp. 136",
    "plans_url": "https://www.augsdaugavasnovads.lv/lv/media/11277/download?attachment",
    "plans_fails": "../daugavpils/cap_aktualizets_2026_05_gala_novads.md",
    "lpp": 136,
    "citats": "|7.|Demenes pagasts|piepagastapārvaldes|Briģenes iela 2 ,|55,729007|26,543443|",
    "izdevejs": "Augšdaugavas novads (pašvaldība)",
    "geokodesana": "plan_coords",
    "adrese_vzd": "Briģenes iela 2, Demene, Demenes pag., Augšdaugavas nov., LV-5442",
    "vzd_kods": "102290622",
    "plana_lat": 55.729007,
    "plana_lon": 26.543443,
    "koord_teksts": "55,729007; 26,543443",
    "karodzini": [],
    "izvilkuma_piezime": "Table row is spread over several lines by the conversion; citats is the line with the place name.",
    "komentars": "Avots: Augšdaugavas novada CA plāns, lpp. 136",
    "id": "augsdaugavas-novads-evak-7"
   },
   "geometry": {
    "type": "Point",
    "coordinates": [
     26.543443,
     55.729007
    ]
   }
  },
  {
   "type": "Feature",
   "properties": {
    "kategorija": "evakuacijas_punkts",
    "nosaukums": "pie Kumbuļu iedzīvotāju pakalpojuma centra (Demenes pagasts)",
    "adrese": "Upes iela 6, Kumbuļi, Demenes pagasts, Augšdaugavas novads",
    "pasvaldiba": "Augšdaugavas novads",
    "pasvaldiba_slug": "augsdaugavas-novads",
    "nr_plana": 8,
    "avots_teksts": "Avots: Augšdaugavas novada CA plāns, lpp. 137",
    "plans_url": "https://www.augsdaugavasnovads.lv/lv/media/11277/download?attachment",
    "plans_fails": "../daugavpils/cap_aktualizets_2026_05_gala_novads.md",
    "lpp": 137,
    "citats": "|||pie Kumbuļu iedzīvotāju||||",
    "izdevejs": "Augšdaugavas novads (pašvaldība)",
    "geokodesana": "plan_coords",
    "adrese_vzd": "Upes iela 6, Kumbuļi, Demenes pag., Augšdaugavas nov., LV-5442",
    "vzd_kods": "103558596",
    "plana_lat": 55.743642,
    "plana_lon": 26.647205,
    "koord_teksts": "55.743642; 26.647205",
    "karodzini": [],
    "izvilkuma_piezime": "Table row is spread over several lines by the conversion; citats is the line with the place name; coordinates are on a neighbouring line. Dot decimals in this row (others use comma).",
    "komentars": "Avots: Augšdaugavas novada CA plāns, lpp. 137",
    "id": "augsdaugavas-novads-evak-8"
   },
   "geometry": {
    "type": "Point",
    "coordinates": [
     26.647205,
     55.743642
    ]
   }
  },
  {
   "type": "Feature",
   "properties": {
    "kategorija": "evakuacijas_punkts",
    "nosaukums": "pie pagasta pārvaldes (Dubnas pagasts)",
    "adrese": "Nākotnes iela 1a, Dubna, Dubnas pagasts, Augšdaugavas novads",
    "pasvaldiba": "Augšdaugavas novads",
    "pasvaldiba_slug": "augsdaugavas-novads",
    "nr_plana": 9,
    "avots_teksts": "Avots: Augšdaugavas novada CA plāns, lpp. 137",
    "plans_url": "https://www.augsdaugavasnovads.lv/lv/media/11277/download?attachment",
    "plans_fails": "../daugavpils/cap_aktualizets_2026_05_gala_novads.md",
    "lpp": 137,
    "citats": "||Dubnas pagasts|pie pagasta pārvaldes||56,078942|26,681605|",
    "izdevejs": "Augšdaugavas novads (pašvaldība)",
    "geokodesana": "plan_coords",
    "adrese_vzd": "Nākotnes iela 1A, Dubna, Dubnas pag., Augšdaugavas nov., LV-5443",
    "vzd_kods": "103446398",
    "plana_lat": 56.078942,
    "plana_lon": 26.681605,
    "koord_teksts": "56,078942; 26,681605",
    "karodzini": [],
    "izvilkuma_piezime": "Table row is spread over several lines by the conversion; citats is the line with the place name.",
    "komentars": "Avots: Augšdaugavas novada CA plāns, lpp. 137",
    "id": "augsdaugavas-novads-evak-9"
   },
   "geometry": {
    "type": "Point",
    "coordinates": [
     26.681605,
     56.078942
    ]
   }
  },
  {
   "type": "Feature",
   "properties": {
    "kategorija": "evakuacijas_punkts",
    "nosaukums": "Tirgus laukums (Dvietes pagasts)",
    "adrese": "Dviete, Dvietes pagasts, Augšdaugavas novads",
    "pasvaldiba": "Augšdaugavas novads",
    "pasvaldiba_slug": "augsdaugavas-novads",
    "nr_plana": 10,
    "avots_teksts": "Avots: Augšdaugavas novada CA plāns, lpp. 137",
    "plans_url": "https://www.augsdaugavasnovads.lv/lv/media/11277/download?attachment",
    "plans_fails": "../daugavpils/cap_aktualizets_2026_05_gala_novads.md",
    "lpp": 137,
    "citats": "||Dvietes pagasts|Tirgus laukums|Dvietes pagasts,|56,057995|26,290951|",
    "izdevejs": "Augšdaugavas novads (pašvaldība)",
    "geokodesana": "plan_coords",
    "adrese_vzd": null,
    "vzd_kods": null,
    "plana_lat": 56.057995,
    "plana_lon": 26.290951,
    "koord_teksts": "56,057995; 26,290951",
    "karodzini": [],
    "izvilkuma_piezime": "Table row is spread over several lines by the conversion; citats is the line with the place name.",
    "komentars": "Avots: Augšdaugavas novada CA plāns, lpp. 137",
    "id": "augsdaugavas-novads-evak-10"
   },
   "geometry": {
    "type": "Point",
    "coordinates": [
     26.290951,
     56.057995
    ]
   }
  },
  {
   "type": "Feature",
   "properties": {
    "kategorija": "evakuacijas_punkts",
    "nosaukums": "Zariņu auto pietura (Dvietes pagasts)",
    "adrese": "“ Zariņi ”, Dvietes pagasts, Augšdaugavas novads",
    "pasvaldiba": "Augšdaugavas novads",
    "pasvaldiba_slug": "augsdaugavas-novads",
    "nr_plana": 11,
    "avots_teksts": "Avots: Augšdaugavas novada CA plāns, lpp. 137",
    "plans_url": "https://www.augsdaugavasnovads.lv/lv/media/11277/download?attachment",
    "plans_fails": "../daugavpils/cap_aktualizets_2026_05_gala_novads.md",
    "lpp": 137,
    "citats": "||Dvietes pagasts|Zariņu auto pietura|<br>Dvietes pagasts,|56,087518|26,205289|",
    "izdevejs": "Augšdaugavas novads (pašvaldība)",
    "geokodesana": "varis_address",
    "adrese_vzd": "\"Zariņi\", Dvietes pag., Augšdaugavas nov., LV-5441",
    "vzd_kods": "103584507",
    "plana_lat": 56.087518,
    "plana_lon": 26.205289,
    "koord_teksts": "56,087518; 26,205289",
    "karodzini": [
     "plan_coords_far_from_address"
    ],
    "izvilkuma_piezime": "Table row is spread over several lines by the conversion; citats is the line with the place name.",
    "komentars": "Avots: Augšdaugavas novada CA plāns, lpp. 137 · plāna koordinātas kļūdainas, vieta noteikta pēc adreses (VZD)",
    "id": "augsdaugavas-novads-evak-11"
   },
   "geometry": {
    "type": "Point",
    "coordinates": [
     26.322304,
     56.060942
    ]
   }
  },
  {
   "type": "Feature",
   "properties": {
    "kategorija": "evakuacijas_punkts",
    "nosaukums": "Ferma „ Liepziedi ” (Dvietes pagasts)",
    "adrese": "“ Liepziedi ”, Dvietes pagasts, Augšdaugavas novads",
    "pasvaldiba": "Augšdaugavas novads",
    "pasvaldiba_slug": "augsdaugavas-novads",
    "nr_plana": 12,
    "avots_teksts": "Avots: Augšdaugavas novada CA plāns, lpp. 137",
    "plans_url": "https://www.augsdaugavasnovads.lv/lv/media/11277/download?attachment",
    "plans_fails": "../daugavpils/cap_aktualizets_2026_05_gala_novads.md",
    "lpp": 137,
    "citats": "||Dvietes pagasts|Ferma „ Liepziedi ”|<br>Dvietes pagasts,|56,053743|26,332405|",
    "izdevejs": "Augšdaugavas novads (pašvaldība)",
    "geokodesana": "plan_coords",
    "adrese_vzd": "\"Liepziedi\", Dvietes pag., Augšdaugavas nov., LV-5441",
    "vzd_kods": "103583562",
    "plana_lat": 56.053743,
    "plana_lon": 26.332405,
    "koord_teksts": "56,053743; 26,332405",
    "karodzini": [],
    "izvilkuma_piezime": "Table row is spread over several lines by the conversion; citats is the line with the place name.",
    "komentars": "Avots: Augšdaugavas novada CA plāns, lpp. 137",
    "id": "augsdaugavas-novads-evak-12"
   },
   "geometry": {
    "type": "Point",
    "coordinates": [
     26.332405,
     56.053743
    ]
   }
  },
  {
   "type": "Feature",
   "properties": {
    "kategorija": "evakuacijas_punkts",
    "nosaukums": "pagasta ēkas pagalms (Eglaines pagasts)",
    "adrese": "Stendera iela 7, Eglaine, Eglaines pagasts, Augšdaugavas novads",
    "pasvaldiba": "Augšdaugavas novads",
    "pasvaldiba_slug": "augsdaugavas-novads",
    "nr_plana": 13,
    "avots_teksts": "Avots: Augšdaugavas novada CA plāns, lpp. 137",
    "plans_url": "https://www.augsdaugavasnovads.lv/lv/media/11277/download?attachment",
    "plans_fails": "../daugavpils/cap_aktualizets_2026_05_gala_novads.md",
    "lpp": 137,
    "citats": "||Eglaines pagasts|pagasta ēkas pagalms||55,955430|26,129517|",
    "izdevejs": "Augšdaugavas novads (pašvaldība)",
    "geokodesana": "plan_coords",
    "adrese_vzd": "Stendera iela 7, Eglaine, Eglaines pag., Augšdaugavas nov., LV-5444",
    "vzd_kods": "102278978",
    "plana_lat": 55.95543,
    "plana_lon": 26.129517,
    "koord_teksts": "55,955430; 26,129517",
    "karodzini": [],
    "izvilkuma_piezime": "Table row is spread over several lines by the conversion; citats is the line with the place name.",
    "komentars": "Avots: Augšdaugavas novada CA plāns, lpp. 137",
    "id": "augsdaugavas-novads-evak-13"
   },
   "geometry": {
    "type": "Point",
    "coordinates": [
     26.129517,
     55.95543
    ]
   }
  },
  {
   "type": "Feature",
   "properties": {
    "kategorija": "evakuacijas_punkts",
    "nosaukums": "pie pagasta pārvaldes (Kalkūnes pagasts)",
    "adrese": "Ķieģeļu ielā 4, Kalkūni, Kalkūnes pagasts, Augšdaugavas novads",
    "pasvaldiba": "Augšdaugavas novads",
    "pasvaldiba_slug": "augsdaugavas-novads",
    "nr_plana": 14,
    "avots_teksts": "Avots: Augšdaugavas novada CA plāns, lpp. 137",
    "plans_url": "https://www.augsdaugavasnovads.lv/lv/media/11277/download?attachment",
    "plans_fails": "../daugavpils/cap_aktualizets_2026_05_gala_novads.md",
    "lpp": 137,
    "citats": "||Kalkūnes pagasts|pie pagasta pārvaldes|<br>Kalkūnes pagasts,|55,848407|26,490716|",
    "izdevejs": "Augšdaugavas novads (pašvaldība)",
    "geokodesana": "plan_coords",
    "adrese_vzd": "Ķieģeļu iela 4, Kalkūni, Kalkūnes pag., Augšdaugavas nov., LV-5449",
    "vzd_kods": "102279424",
    "plana_lat": 55.848407,
    "plana_lon": 26.490716,
    "koord_teksts": "55,848407; 26,490716",
    "karodzini": [],
    "izvilkuma_piezime": "Table row is spread over several lines by the conversion; citats is the line with the place name.",
    "komentars": "Avots: Augšdaugavas novada CA plāns, lpp. 137",
    "id": "augsdaugavas-novads-evak-14"
   },
   "geometry": {
    "type": "Point",
    "coordinates": [
     26.490716,
     55.848407
    ]
   }
  },
  {
   "type": "Feature",
   "properties": {
    "kategorija": "evakuacijas_punkts",
    "nosaukums": "pie Randenes pamatskolas (Kalkūnes pagasts)",
    "adrese": "Vārpas iela 5, Randene, Kalkūnes pagasts, Augšdaugavas novads",
    "pasvaldiba": "Augšdaugavas novads",
    "pasvaldiba_slug": "augsdaugavas-novads",
    "nr_plana": 15,
    "avots_teksts": "Avots: Augšdaugavas novada CA plāns, lpp. 137",
    "plans_url": "https://www.augsdaugavasnovads.lv/lv/media/11277/download?attachment",
    "plans_fails": "../daugavpils/cap_aktualizets_2026_05_gala_novads.md",
    "lpp": 137,
    "citats": "||Kalkūnes pagasts|pie Randenes pamatskolas|<br>Kalkūnes pagasts,|55,852165|26,461024|",
    "izdevejs": "Augšdaugavas novads (pašvaldība)",
    "geokodesana": "plan_coords",
    "adrese_vzd": "Vārpas iela 5, Randene, Kalkūnes pag., Augšdaugavas nov., LV-5449",
    "vzd_kods": "105609525",
    "plana_lat": 55.852165,
    "plana_lon": 26.461024,
    "koord_teksts": "55,852165; 26,461024",
    "karodzini": [],
    "izvilkuma_piezime": "Table row is spread over several lines by the conversion; citats is the line with the place name.",
    "komentars": "Avots: Augšdaugavas novada CA plāns, lpp. 137",
    "id": "augsdaugavas-novads-evak-15"
   },
   "geometry": {
    "type": "Point",
    "coordinates": [
     26.461024,
     55.852165
    ]
   }
  },
  {
   "type": "Feature",
   "properties": {
    "kategorija": "evakuacijas_punkts",
    "nosaukums": "pie pagasta pārvaldes (Kalupes pagasts)",
    "adrese": "Ezeru iela 6, Kalupe, Kalupes pagasts, Augšdaugavas novads",
    "pasvaldiba": "Augšdaugavas novads",
    "pasvaldiba_slug": "augsdaugavas-novads",
    "nr_plana": 16,
    "avots_teksts": "Avots: Augšdaugavas novada CA plāns, lpp. 137",
    "plans_url": "https://www.augsdaugavasnovads.lv/lv/media/11277/download?attachment",
    "plans_fails": "../daugavpils/cap_aktualizets_2026_05_gala_novads.md",
    "lpp": 137,
    "citats": "||Kalupes pagasts|pie pagasta pārvaldes|<br>Kalupes pagasts,|56,099348|26,544943|",
    "izdevejs": "Augšdaugavas novads (pašvaldība)",
    "geokodesana": "plan_coords",
    "adrese_vzd": "Ezeru iela 6, Kalupe, Kalupes pag., Augšdaugavas nov., LV-5450",
    "vzd_kods": "103779183",
    "plana_lat": 56.099348,
    "plana_lon": 26.544943,
    "koord_teksts": "56,099348; 26,544943",
    "karodzini": [],
    "izvilkuma_piezime": "Table row is spread over several lines by the conversion; citats is the line with the place name.",
    "komentars": "Avots: Augšdaugavas novada CA plāns, lpp. 137",
    "id": "augsdaugavas-novads-evak-16"
   },
   "geometry": {
    "type": "Point",
    "coordinates": [
     26.544943,
     56.099348
    ]
   }
  },
  {
   "type": "Feature",
   "properties": {
    "kategorija": "evakuacijas_punkts",
    "nosaukums": "pie pagasta pārvaldes (Lauceses pagasts)",
    "adrese": "Miera ielā 26, Mirnijs, Laucesas pagasts, Augšdaugavas novads",
    "pasvaldiba": "Augšdaugavas novads",
    "pasvaldiba_slug": "augsdaugavas-novads",
    "nr_plana": 17,
    "avots_teksts": "Avots: Augšdaugavas novada CA plāns, lpp. 137",
    "plans_url": "https://www.augsdaugavasnovads.lv/lv/media/11277/download?attachment",
    "plans_fails": "../daugavpils/cap_aktualizets_2026_05_gala_novads.md",
    "lpp": 137,
    "citats": "||Lauceses pagasts|pie pagasta pārvaldes|<br>Laucesas pagasts,|55,8219324|26,5988306|",
    "izdevejs": "Augšdaugavas novads (pašvaldība)",
    "geokodesana": "plan_coords",
    "adrese_vzd": "Miera iela 26, Mirnijs, Laucesas pag., Augšdaugavas nov., LV-5461",
    "vzd_kods": "102281084",
    "plana_lat": 55.8219324,
    "plana_lon": 26.5988306,
    "koord_teksts": "55,8219324; 26,5988306",
    "karodzini": [],
    "izvilkuma_piezime": "Table row is spread over several lines by the conversion; citats is the line with the place name.",
    "komentars": "Avots: Augšdaugavas novada CA plāns, lpp. 137",
    "id": "augsdaugavas-novads-evak-17"
   },
   "geometry": {
    "type": "Point",
    "coordinates": [
     26.598831,
     55.821932
    ]
   }
  },
  {
   "type": "Feature",
   "properties": {
    "kategorija": "evakuacijas_punkts",
    "nosaukums": "pie pagasta pārvaldes (Līksnas pagasts)",
    "adrese": "Daugavas iela 8, Līksna, Līksnas pagasts, Augšdaugavas novads",
    "pasvaldiba": "Augšdaugavas novads",
    "pasvaldiba_slug": "augsdaugavas-novads",
    "nr_plana": 18,
    "avots_teksts": "Avots: Augšdaugavas novada CA plāns, lpp. 137",
    "plans_url": "https://www.augsdaugavasnovads.lv/lv/media/11277/download?attachment",
    "plans_fails": "../daugavpils/cap_aktualizets_2026_05_gala_novads.md",
    "lpp": 137,
    "citats": "||Līksnas pagasts|pie pagasta pārvaldes||55,942017|26,650464|",
    "izdevejs": "Augšdaugavas novads (pašvaldība)",
    "geokodesana": "varis_address",
    "adrese_vzd": "Daugavas iela 8, Līksna, Līksnas pag., Augšdaugavas nov., LV-5456",
    "vzd_kods": "105064072",
    "plana_lat": 55.942017,
    "plana_lon": 26.650464,
    "koord_teksts": "55,942017; 26,650464",
    "karodzini": [
     "plan_coords_far_from_address"
    ],
    "izvilkuma_piezime": "Table row is spread over several lines by the conversion; citats is the line with the place name. Coordinates practically identical to row 22 (Lociki).",
    "komentars": "Avots: Augšdaugavas novada CA plāns, lpp. 137 · plāna koordinātas kļūdainas, vieta noteikta pēc adreses (VZD)",
    "id": "augsdaugavas-novads-evak-18"
   },
   "geometry": {
    "type": "Point",
    "coordinates": [
     26.398769,
     55.983161
    ]
   }
  },
  {
   "type": "Feature",
   "properties": {
    "kategorija": "evakuacijas_punkts",
    "nosaukums": "pie pagasta pārvaldes (Maļinovas pagasts)",
    "adrese": "Rēzeknes ielā 29A, Maļinova, Maļinovas pagasts, Augšdaugavas novads",
    "pasvaldiba": "Augšdaugavas novads",
    "pasvaldiba_slug": "augsdaugavas-novads",
    "nr_plana": 19,
    "avots_teksts": "Avots: Augšdaugavas novada CA plāns, lpp. 137",
    "plans_url": "https://www.augsdaugavasnovads.lv/lv/media/11277/download?attachment",
    "plans_fails": "../daugavpils/cap_aktualizets_2026_05_gala_novads.md",
    "lpp": 137,
    "citats": "||Maļinovas pagasts|pie pagasta pārvaldes||55,99274|26,691315|",
    "izdevejs": "Augšdaugavas novads (pašvaldība)",
    "geokodesana": "plan_coords",
    "adrese_vzd": "Rēzeknes iela 29A, Maļinova, Maļinovas pag., Augšdaugavas nov., LV-5459",
    "vzd_kods": "104691548",
    "plana_lat": 55.99274,
    "plana_lon": 26.691315,
    "koord_teksts": "55,99274; 26,691315",
    "karodzini": [],
    "izvilkuma_piezime": "Table row is spread over several lines by the conversion; citats is the line with the place name.",
    "komentars": "Avots: Augšdaugavas novada CA plāns, lpp. 137",
    "id": "augsdaugavas-novads-evak-19"
   },
   "geometry": {
    "type": "Point",
    "coordinates": [
     26.691315,
     55.99274
    ]
   }
  },
  {
   "type": "Feature",
   "properties": {
    "kategorija": "evakuacijas_punkts",
    "nosaukums": "pie pamatskolas (Medumu pagasts)",
    "adrese": "Alejas iela 20, Medumi, Medumu pagasts, Augšdaugavas novads",
    "pasvaldiba": "Augšdaugavas novads",
    "pasvaldiba_slug": "augsdaugavas-novads",
    "nr_plana": 20,
    "avots_teksts": "Avots: Augšdaugavas novada CA plāns, lpp. 137",
    "plans_url": "https://www.augsdaugavasnovads.lv/lv/media/11277/download?attachment",
    "plans_fails": "../daugavpils/cap_aktualizets_2026_05_gala_novads.md",
    "lpp": 137,
    "citats": "||Medumu pagasts|pie pamatskolas||55,937688|26,351106|",
    "izdevejs": "Augšdaugavas novads (pašvaldība)",
    "geokodesana": "varis_address",
    "adrese_vzd": "Alejas iela 20, Medumi, Medumu pag., Augšdaugavas nov., LV-5460",
    "vzd_kods": "101576002",
    "plana_lat": 55.937688,
    "plana_lon": 26.351106,
    "koord_teksts": "55,937688; 26,351106",
    "karodzini": [
     "plan_coords_far_from_address"
    ],
    "izvilkuma_piezime": "Table row is spread over several lines by the conversion; citats is the line with the place name. Lat 55,937688 is identical to row 21 (Naujene) although the places are ~23 km apart — one of them is likely wrong.",
    "komentars": "Avots: Augšdaugavas novada CA plāns, lpp. 137 · plāna koordinātas kļūdainas, vieta noteikta pēc adreses (VZD)",
    "id": "augsdaugavas-novads-evak-20"
   },
   "geometry": {
    "type": "Point",
    "coordinates": [
     26.351106,
     55.783724
    ]
   }
  },
  {
   "type": "Feature",
   "properties": {
    "kategorija": "evakuacijas_punkts",
    "nosaukums": "pie pagasta pārvaldes (Naujenes pagasts)",
    "adrese": "Skolas iela 15, Naujene, Naujenes pagasts, Augšdaugavas novads",
    "pasvaldiba": "Augšdaugavas novads",
    "pasvaldiba_slug": "augsdaugavas-novads",
    "nr_plana": 21,
    "avots_teksts": "Avots: Augšdaugavas novada CA plāns, lpp. 137",
    "plans_url": "https://www.augsdaugavasnovads.lv/lv/media/11277/download?attachment",
    "plans_fails": "../daugavpils/cap_aktualizets_2026_05_gala_novads.md",
    "lpp": 137,
    "citats": "||Naujenes pagasts|pie pagasta pārvaldes||55,937688|26,718335|",
    "izdevejs": "Augšdaugavas novads (pašvaldība)",
    "geokodesana": "plan_coords",
    "adrese_vzd": "Skolas iela 15, Naujene, Naujenes pag., Augšdaugavas nov., LV-5462",
    "vzd_kods": "102285075",
    "plana_lat": 55.937688,
    "plana_lon": 26.718335,
    "koord_teksts": "55,937688; 26,718335",
    "karodzini": [],
    "izvilkuma_piezime": "Table row is spread over several lines by the conversion; citats is the line with the place name. Lat 55,937688 is identical to row 20 (Medumi) — one of them is likely wrong.",
    "komentars": "Avots: Augšdaugavas novada CA plāns, lpp. 137",
    "id": "augsdaugavas-novads-evak-21"
   },
   "geometry": {
    "type": "Point",
    "coordinates": [
     26.718335,
     55.937688
    ]
   }
  },
  {
   "type": "Feature",
   "properties": {
    "kategorija": "evakuacijas_punkts",
    "nosaukums": "pie skolas laukumā (Naujenes pagasts)",
    "adrese": "Muzeja ielā 2, Lociki, Naujenes pagasts, Augšdaugavas novads",
    "pasvaldiba": "Augšdaugavas novads",
    "pasvaldiba_slug": "augsdaugavas-novads",
    "nr_plana": 22,
    "avots_teksts": "Avots: Augšdaugavas novada CA plāns, lpp. 137",
    "plans_url": "https://www.augsdaugavasnovads.lv/lv/media/11277/download?attachment",
    "plans_fails": "../daugavpils/cap_aktualizets_2026_05_gala_novads.md",
    "lpp": 137,
    "citats": "||Naujenes pagasts|pie skolas laukumā|<br>Naujenes pagasts,|55,942017|26,650461|",
    "izdevejs": "Augšdaugavas novads (pašvaldība)",
    "geokodesana": "plan_coords",
    "adrese_vzd": "Muzeja iela 2, Lociki, Naujenes pag., Augšdaugavas nov., LV-5458",
    "vzd_kods": "101086870",
    "plana_lat": 55.942017,
    "plana_lon": 26.650461,
    "koord_teksts": "55,942017; 26,650461",
    "karodzini": [],
    "izvilkuma_piezime": "Table row is spread over several lines by the conversion; citats is the line with the place name. Coordinates 55,942017 / 26,650461 are practically identical to row 18 (Līksna, 55,942017 / 26,650464) — likely copy error.",
    "komentars": "Avots: Augšdaugavas novada CA plāns, lpp. 137",
    "id": "augsdaugavas-novads-evak-22"
   },
   "geometry": {
    "type": "Point",
    "coordinates": [
     26.650461,
     55.942017
    ]
   }
  },
  {
   "type": "Feature",
   "properties": {
    "kategorija": "evakuacijas_punkts",
    "nosaukums": "pie Naujenes sociālo pakalpojumu un sociālās palīdzības centra (Naujenes pagasts)",
    "adrese": "18. Novembra iela 392, Vecstropi, Naujenes pagasts, Augšdaugavas novads",
    "pasvaldiba": "Augšdaugavas novads",
    "pasvaldiba_slug": "augsdaugavas-novads",
    "nr_plana": 23,
    "avots_teksts": "Avots: Augšdaugavas novada CA plāns, lpp. 138",
    "plans_url": "https://www.augsdaugavasnovads.lv/lv/media/11277/download?attachment",
    "plans_fails": "../daugavpils/cap_aktualizets_2026_05_gala_novads.md",
    "lpp": 138,
    "citats": "|||pie Naujenes sociālo||||",
    "izdevejs": "Augšdaugavas novads (pašvaldība)",
    "geokodesana": "plan_coords",
    "adrese_vzd": null,
    "vzd_kods": null,
    "plana_lat": 55.896496,
    "plana_lon": 26.611443,
    "koord_teksts": "55,896496; 26,611443",
    "karodzini": [],
    "izvilkuma_piezime": "Table row is spread over several lines by the conversion; citats is the line with the place name; coordinates are on a neighbouring line.",
    "komentars": "Avots: Augšdaugavas novada CA plāns, lpp. 138",
    "id": "augsdaugavas-novads-evak-23"
   },
   "geometry": {
    "type": "Point",
    "coordinates": [
     26.611443,
     55.896496
    ]
   }
  },
  {
   "type": "Feature",
   "properties": {
    "kategorija": "evakuacijas_punkts",
    "nosaukums": "pie SIA”Meliors Krauja” (Naujenes pagasts)",
    "adrese": "Daugavas ielā 29a, Krauja, Naujenes pagasts, Augšdaugavas novads",
    "pasvaldiba": "Augšdaugavas novads",
    "pasvaldiba_slug": "augsdaugavas-novads",
    "nr_plana": 24,
    "avots_teksts": "Avots: Augšdaugavas novada CA plāns, lpp. 138",
    "plans_url": "https://www.augsdaugavasnovads.lv/lv/media/11277/download?attachment",
    "plans_fails": "../daugavpils/cap_aktualizets_2026_05_gala_novads.md",
    "lpp": 138,
    "citats": "||Naujenes pagasts|pie SIA”Meliors Krauja”||55,907547|26,652414|",
    "izdevejs": "Augšdaugavas novads (pašvaldība)",
    "geokodesana": "plan_coords",
    "adrese_vzd": "Daugavas iela 29A, Krauja, Naujenes pag., Augšdaugavas nov., LV-5451",
    "vzd_kods": "101576404",
    "plana_lat": 55.907547,
    "plana_lon": 26.652414,
    "koord_teksts": "55,907547; 26,652414",
    "karodzini": [],
    "izvilkuma_piezime": "Table row is spread over several lines by the conversion; citats is the line with the place name.",
    "komentars": "Avots: Augšdaugavas novada CA plāns, lpp. 138",
    "id": "augsdaugavas-novads-evak-24"
   },
   "geometry": {
    "type": "Point",
    "coordinates": [
     26.652414,
     55.907547
    ]
   }
  },
  {
   "type": "Feature",
   "properties": {
    "kategorija": "evakuacijas_punkts",
    "nosaukums": "pie pagasta pārvaldes (Nīcgales pagasts)",
    "adrese": "Skolas iela 17, Nīcgale, Nīcgales pagasts, Augšdaugavas novads",
    "pasvaldiba": "Augšdaugavas novads",
    "pasvaldiba_slug": "augsdaugavas-novads",
    "nr_plana": 25,
    "avots_teksts": "Avots: Augšdaugavas novada CA plāns, lpp. 138",
    "plans_url": "https://www.augsdaugavasnovads.lv/lv/media/11277/download?attachment",
    "plans_fails": "../daugavpils/cap_aktualizets_2026_05_gala_novads.md",
    "lpp": 138,
    "citats": "||Nīcgales pagasts|pie pagasta pārvaldes|<br>Nīcgales pagasts,|56,134848|26,366002|",
    "izdevejs": "Augšdaugavas novads (pašvaldība)",
    "geokodesana": "plan_coords",
    "adrese_vzd": "Skolas iela 17, Nīcgale, Nīcgales pag., Augšdaugavas nov., LV-5463",
    "vzd_kods": "101576621",
    "plana_lat": 56.134848,
    "plana_lon": 26.366002,
    "koord_teksts": "56,134848; 26,366002",
    "karodzini": [],
    "izvilkuma_piezime": "Table row is spread over several lines by the conversion; citats is the line with the place name.",
    "komentars": "Avots: Augšdaugavas novada CA plāns, lpp. 138",
    "id": "augsdaugavas-novads-evak-25"
   },
   "geometry": {
    "type": "Point",
    "coordinates": [
     26.366002,
     56.134848
    ]
   }
  },
  {
   "type": "Feature",
   "properties": {
    "kategorija": "evakuacijas_punkts",
    "nosaukums": "Pilskalnes pagasta pārvaldes ēka",
    "adrese": "Parka iela 3, Pilskalne, Pilskalnes pagasts, Augšdaugavas novads",
    "pasvaldiba": "Augšdaugavas novads",
    "pasvaldiba_slug": "augsdaugavas-novads",
    "nr_plana": 26,
    "avots_teksts": "Avots: Augšdaugavas novada CA plāns, lpp. 138",
    "plans_url": "https://www.augsdaugavasnovads.lv/lv/media/11277/download?attachment",
    "plans_fails": "../daugavpils/cap_aktualizets_2026_05_gala_novads.md",
    "lpp": 138,
    "citats": "|||Pilskalnes pagasta pārvaldes||||",
    "izdevejs": "Augšdaugavas novads (pašvaldība)",
    "geokodesana": "plan_coords",
    "adrese_vzd": "Parka iela 3, Pilskalne, Pilskalnes pag., Augšdaugavas nov., LV-5447",
    "vzd_kods": "101576888",
    "plana_lat": 55.974652,
    "plana_lon": 26.263576,
    "koord_teksts": "55,974652; 26,263576",
    "karodzini": [],
    "izvilkuma_piezime": "Table row is spread over several lines by the conversion; citats is the line with the place name; coordinates are on a neighbouring line.",
    "komentars": "Avots: Augšdaugavas novada CA plāns, lpp. 138",
    "id": "augsdaugavas-novads-evak-26"
   },
   "geometry": {
    "type": "Point",
    "coordinates": [
     26.263576,
     55.974652
    ]
   }
  },
  {
   "type": "Feature",
   "properties": {
    "kategorija": "evakuacijas_punkts",
    "nosaukums": "Doļnajas kultūras nams (Pilskalnes pagasts)",
    "adrese": "Centrālā iela 13, Doļnaja, Pilskalnes pagasts, Augšdaugavas novads",
    "pasvaldiba": "Augšdaugavas novads",
    "pasvaldiba_slug": "augsdaugavas-novads",
    "nr_plana": 27,
    "avots_teksts": "Avots: Augšdaugavas novada CA plāns, lpp. 138",
    "plans_url": "https://www.augsdaugavasnovads.lv/lv/media/11277/download?attachment",
    "plans_fails": "../daugavpils/cap_aktualizets_2026_05_gala_novads.md",
    "lpp": 138,
    "citats": "||Pilskalnes pagasts|Doļnajas kultūras nams||56,011318|26,300858|",
    "izdevejs": "Augšdaugavas novads (pašvaldība)",
    "geokodesana": "plan_coords",
    "adrese_vzd": "Centrālā iela 13, Doļnaja, Pilskalnes pag., Augšdaugavas nov., LV-5447",
    "vzd_kods": "103567492",
    "plana_lat": 56.011318,
    "plana_lon": 26.300858,
    "koord_teksts": "56,011318; 26,300858",
    "karodzini": [],
    "izvilkuma_piezime": "Table row is spread over several lines by the conversion; citats is the line with the place name.",
    "komentars": "Avots: Augšdaugavas novada CA plāns, lpp. 138",
    "id": "augsdaugavas-novads-evak-27"
   },
   "geometry": {
    "type": "Point",
    "coordinates": [
     26.300858,
     56.011318
    ]
   }
  },
  {
   "type": "Feature",
   "properties": {
    "kategorija": "evakuacijas_punkts",
    "nosaukums": "pie kultūras nama (Salienas pagasts)",
    "adrese": "Centrāles iela 22, Saliena, Salienas pagasts, Augšdaugavas novads",
    "pasvaldiba": "Augšdaugavas novads",
    "pasvaldiba_slug": "augsdaugavas-novads",
    "nr_plana": 28,
    "avots_teksts": "Avots: Augšdaugavas novada CA plāns, lpp. 138",
    "plans_url": "https://www.augsdaugavasnovads.lv/lv/media/11277/download?attachment",
    "plans_fails": "../daugavpils/cap_aktualizets_2026_05_gala_novads.md",
    "lpp": 138,
    "citats": "||Salienas  pagasts|pie kultūras nama||55,8236251|26,8776832|",
    "izdevejs": "Augšdaugavas novads (pašvaldība)",
    "geokodesana": "plan_coords",
    "adrese_vzd": "Centrāles iela 22, Saliena, Salienas pag., Augšdaugavas nov., LV-5469",
    "vzd_kods": "103453522",
    "plana_lat": 55.8236251,
    "plana_lon": 26.8776832,
    "koord_teksts": "55,8236251; 26,8776832",
    "karodzini": [],
    "izvilkuma_piezime": "Table row is spread over several lines by the conversion; citats is the line with the place name.",
    "komentars": "Avots: Augšdaugavas novada CA plāns, lpp. 138",
    "id": "augsdaugavas-novads-evak-28"
   },
   "geometry": {
    "type": "Point",
    "coordinates": [
     26.877683,
     55.823625
    ]
   }
  },
  {
   "type": "Feature",
   "properties": {
    "kategorija": "evakuacijas_punkts",
    "nosaukums": "pie pagasta pārvaldes (Skrudalienas pagasts)",
    "adrese": "Skaista iela 9 Silene, Skrudalienas pagasts, Augšdaugavas novads",
    "pasvaldiba": "Augšdaugavas novads",
    "pasvaldiba_slug": "augsdaugavas-novads",
    "nr_plana": 29,
    "avots_teksts": "Avots: Augšdaugavas novada CA plāns, lpp. 138",
    "plans_url": "https://www.augsdaugavasnovads.lv/lv/media/11277/download?attachment",
    "plans_fails": "../daugavpils/cap_aktualizets_2026_05_gala_novads.md",
    "lpp": 138,
    "citats": "|||pie pagasta pārvaldes|Skrudalienas pagasts,|55,7494687|26,782588|",
    "izdevejs": "Augšdaugavas novads (pašvaldība)",
    "geokodesana": "plan_coords",
    "adrese_vzd": "Skaista iela 9, Silene, Skrudalienas pag., Augšdaugavas nov., LV-5470",
    "vzd_kods": "103812313",
    "plana_lat": 55.7494687,
    "plana_lon": 26.782588,
    "koord_teksts": "55,7494687; 26,782588",
    "karodzini": [],
    "izvilkuma_piezime": "Table row is spread over several lines by the conversion; citats is the line with the place name.",
    "komentars": "Avots: Augšdaugavas novada CA plāns, lpp. 138",
    "id": "augsdaugavas-novads-evak-29"
   },
   "geometry": {
    "type": "Point",
    "coordinates": [
     26.782588,
     55.749469
    ]
   }
  },
  {
   "type": "Feature",
   "properties": {
    "kategorija": "evakuacijas_punkts",
    "nosaukums": "Laukums pie baznīcas (Sventes pagasts)",
    "adrese": "Daugavpils iela 3, Svente, Sventes pagasts, Augšdaugavas novads",
    "pasvaldiba": "Augšdaugavas novads",
    "pasvaldiba_slug": "augsdaugavas-novads",
    "nr_plana": 30,
    "avots_teksts": "Avots: Augšdaugavas novada CA plāns, lpp. 138",
    "plans_url": "https://www.augsdaugavasnovads.lv/lv/media/11277/download?attachment",
    "plans_fails": "../daugavpils/cap_aktualizets_2026_05_gala_novads.md",
    "lpp": 138,
    "citats": "||Sventes pagasts|Laukums pie baznīcas||55,904920|26,379232|",
    "izdevejs": "Augšdaugavas novads (pašvaldība)",
    "geokodesana": "plan_coords",
    "adrese_vzd": "Daugavpils iela 3, Svente, Sventes pag., Augšdaugavas nov., LV-5473",
    "vzd_kods": "102287296",
    "plana_lat": 55.90492,
    "plana_lon": 26.379232,
    "koord_teksts": "55,904920; 26,379232",
    "karodzini": [],
    "izvilkuma_piezime": "Table row is spread over several lines by the conversion; citats is the line with the place name.",
    "komentars": "Avots: Augšdaugavas novada CA plāns, lpp. 138",
    "id": "augsdaugavas-novads-evak-30"
   },
   "geometry": {
    "type": "Point",
    "coordinates": [
     26.379232,
     55.90492
    ]
   }
  },
  {
   "type": "Feature",
   "properties": {
    "kategorija": "evakuacijas_punkts",
    "nosaukums": "Šēderes Sporta laukums.",
    "adrese": "Skolas iela, Šedere, Šēderes pagasts, Augšdaugavas novads",
    "pasvaldiba": "Augšdaugavas novads",
    "pasvaldiba_slug": "augsdaugavas-novads",
    "nr_plana": 31,
    "avots_teksts": "Avots: Augšdaugavas novada CA plāns, lpp. 138",
    "plans_url": "https://www.augsdaugavasnovads.lv/lv/media/11277/download?attachment",
    "plans_fails": "../daugavpils/cap_aktualizets_2026_05_gala_novads.md",
    "lpp": 138,
    "citats": "||Šēderes pagasts|Šēderes Sporta laukums.||55,931116|26,171163|",
    "izdevejs": "Augšdaugavas novads (pašvaldība)",
    "geokodesana": "plan_coords",
    "adrese_vzd": null,
    "vzd_kods": null,
    "plana_lat": 55.931116,
    "plana_lon": 26.171163,
    "koord_teksts": "55,931116; 26,171163",
    "karodzini": [],
    "izvilkuma_piezime": "Table row is spread over several lines by the conversion; citats is the line with the place name.",
    "komentars": "Avots: Augšdaugavas novada CA plāns, lpp. 138",
    "id": "augsdaugavas-novads-evak-31"
   },
   "geometry": {
    "type": "Point",
    "coordinates": [
     26.171163,
     55.931116
    ]
   }
  },
  {
   "type": "Feature",
   "properties": {
    "kategorija": "evakuacijas_punkts",
    "nosaukums": "Raudas skolas sporta laukums (Šēderes pagasts)",
    "adrese": "Rauda, Šēderes pagasts, Augšdaugavas novads",
    "pasvaldiba": "Augšdaugavas novads",
    "pasvaldiba_slug": "augsdaugavas-novads",
    "nr_plana": 32,
    "avots_teksts": "Avots: Augšdaugavas novada CA plāns, lpp. 138",
    "plans_url": "https://www.augsdaugavasnovads.lv/lv/media/11277/download?attachment",
    "plans_fails": "../daugavpils/cap_aktualizets_2026_05_gala_novads.md",
    "lpp": 138,
    "citats": "|||Raudas skolas sporta||||",
    "izdevejs": "Augšdaugavas novads (pašvaldība)",
    "geokodesana": "plan_coords",
    "adrese_vzd": null,
    "vzd_kods": null,
    "plana_lat": 55.855944,
    "plana_lon": 26.250508,
    "koord_teksts": "55,855944; 26,250508",
    "karodzini": [],
    "izvilkuma_piezime": "Table row is spread over several lines by the conversion; citats is the line with the place name; coordinates are on a neighbouring line.",
    "komentars": "Avots: Augšdaugavas novada CA plāns, lpp. 138",
    "id": "augsdaugavas-novads-evak-32"
   },
   "geometry": {
    "type": "Point",
    "coordinates": [
     26.250508,
     55.855944
    ]
   }
  },
  {
   "type": "Feature",
   "properties": {
    "kategorija": "evakuacijas_punkts",
    "nosaukums": "Pašulienes ciema sporta laukums (Šēderes pagasts)",
    "adrese": "Pašuliene, Šēderes pagasts, Augšdaugavas novads",
    "pasvaldiba": "Augšdaugavas novads",
    "pasvaldiba_slug": "augsdaugavas-novads",
    "nr_plana": 33,
    "avots_teksts": "Avots: Augšdaugavas novada CA plāns, lpp. 138",
    "plans_url": "https://www.augsdaugavasnovads.lv/lv/media/11277/download?attachment",
    "plans_fails": "../daugavpils/cap_aktualizets_2026_05_gala_novads.md",
    "lpp": 138,
    "citats": "|||Pašulienes ciema sporta||||",
    "izdevejs": "Augšdaugavas novads (pašvaldība)",
    "geokodesana": "varis_address",
    "adrese_vzd": "\"Pašuliene\", Šēderes pag., Augšdaugavas nov., LV-5474",
    "vzd_kods": "104483374",
    "plana_lat": 55.943827,
    "plana_lon": 26.243618,
    "koord_teksts": "55,943827; 26,243618",
    "karodzini": [
     "plan_coords_far_from_address"
    ],
    "izvilkuma_piezime": "Table row is spread over several lines by the conversion; citats is the line with the place name; coordinates are on a neighbouring line.",
    "komentars": "Avots: Augšdaugavas novada CA plāns, lpp. 138 · plāna koordinātas kļūdainas, vieta noteikta pēc adreses (VZD)",
    "id": "augsdaugavas-novads-evak-33"
   },
   "geometry": {
    "type": "Point",
    "coordinates": [
     26.224555,
     55.946339
    ]
   }
  },
  {
   "type": "Feature",
   "properties": {
    "kategorija": "evakuacijas_punkts",
    "nosaukums": "pie sabiedriskā centra (Tabores pagasts)",
    "adrese": "Oktobra iela 29, Tabore, Tabores pagasts, Augšdaugavas novads",
    "pasvaldiba": "Augšdaugavas novads",
    "pasvaldiba_slug": "augsdaugavas-novads",
    "nr_plana": 34,
    "avots_teksts": "Avots: Augšdaugavas novada CA plāns, lpp. 138",
    "plans_url": "https://www.augsdaugavasnovads.lv/lv/media/11277/download?attachment",
    "plans_fails": "../daugavpils/cap_aktualizets_2026_05_gala_novads.md",
    "lpp": 138,
    "citats": "||Tabores pagasts|pie sabiedriskā centra||55,866743|26,660965|",
    "izdevejs": "Augšdaugavas novads (pašvaldība)",
    "geokodesana": "plan_coords",
    "adrese_vzd": "Oktobra iela 29, Tabore, Tabores pag., Augšdaugavas nov., LV-5465",
    "vzd_kods": "102288160",
    "plana_lat": 55.866743,
    "plana_lon": 26.660965,
    "koord_teksts": "55,866743; 26,660965",
    "karodzini": [],
    "izvilkuma_piezime": "Table row is spread over several lines by the conversion; citats is the line with the place name.",
    "komentars": "Avots: Augšdaugavas novada CA plāns, lpp. 138",
    "id": "augsdaugavas-novads-evak-34"
   },
   "geometry": {
    "type": "Point",
    "coordinates": [
     26.660965,
     55.866743
    ]
   }
  },
  {
   "type": "Feature",
   "properties": {
    "kategorija": "evakuacijas_punkts",
    "nosaukums": "pie pagasta pārvaldes (Vaboles pagasts)",
    "adrese": "\"Saieta nams\", Vabole, Vaboles pagasts, Augšdaugavas novads",
    "pasvaldiba": "Augšdaugavas novads",
    "pasvaldiba_slug": "augsdaugavas-novads",
    "nr_plana": 35,
    "avots_teksts": "Avots: Augšdaugavas novada CA plāns, lpp. 138",
    "plans_url": "https://www.augsdaugavasnovads.lv/lv/media/11277/download?attachment",
    "plans_fails": "../daugavpils/cap_aktualizets_2026_05_gala_novads.md",
    "lpp": 138,
    "citats": "||Vaboles pagasts|pie pagasta pārvaldes|Vaboles pagasts,|56,028468|26,462926|",
    "izdevejs": "Augšdaugavas novads (pašvaldība)",
    "geokodesana": "plan_coords",
    "adrese_vzd": "\"Saieta nams\", Vabole, Vaboles pag., Augšdaugavas nov., LV-5477",
    "vzd_kods": "105747291",
    "plana_lat": 56.028468,
    "plana_lon": 26.462926,
    "koord_teksts": "56,028468; 26,462926",
    "karodzini": [],
    "izvilkuma_piezime": "Table row is spread over several lines by the conversion; citats is the line with the place name.",
    "komentars": "Avots: Augšdaugavas novada CA plāns, lpp. 138",
    "id": "augsdaugavas-novads-evak-35"
   },
   "geometry": {
    "type": "Point",
    "coordinates": [
     26.462926,
     56.028468
    ]
   }
  },
  {
   "type": "Feature",
   "properties": {
    "kategorija": "evakuacijas_punkts",
    "nosaukums": "pie pagasta pārvaldes (Vecsalienas pagasts)",
    "adrese": "Červonkas pils, Červonka, Vecsalienas pagasts, Augšdaugavas novads",
    "pasvaldiba": "Augšdaugavas novads",
    "pasvaldiba_slug": "augsdaugavas-novads",
    "nr_plana": 36,
    "avots_teksts": "Avots: Augšdaugavas novada CA plāns, lpp. 138",
    "plans_url": "https://www.augsdaugavasnovads.lv/lv/media/11277/download?attachment",
    "plans_fails": "../daugavpils/cap_aktualizets_2026_05_gala_novads.md",
    "lpp": 138,
    "citats": "||Vecsalienas pagasts|pie pagasta pārvaldes||55,8260859|26,771598|",
    "izdevejs": "Augšdaugavas novads (pašvaldība)",
    "geokodesana": "plan_coords",
    "adrese_vzd": "\"Červonkas pils\", Červonka, Vecsalienas pag., Augšdaugavas nov., LV-5465",
    "vzd_kods": "106072493",
    "plana_lat": 55.8260859,
    "plana_lon": 26.771598,
    "koord_teksts": "55,8260859; 26,771598",
    "karodzini": [],
    "izvilkuma_piezime": "Table row is spread over several lines by the conversion; citats is the line with the place name.",
    "komentars": "Avots: Augšdaugavas novada CA plāns, lpp. 138",
    "id": "augsdaugavas-novads-evak-36"
   },
   "geometry": {
    "type": "Point",
    "coordinates": [
     26.771598,
     55.826086
    ]
   }
  },
  {
   "type": "Feature",
   "properties": {
    "kategorija": "evakuacijas_punkts",
    "nosaukums": "pie vidusskolas (Višķu pagasts)",
    "adrese": "Šosejas iela 3, Špoģi, Višķu pagasts, Augšdaugavas novads",
    "pasvaldiba": "Augšdaugavas novads",
    "pasvaldiba_slug": "augsdaugavas-novads",
    "nr_plana": 37,
    "avots_teksts": "Avots: Augšdaugavas novada CA plāns, lpp. 138",
    "plans_url": "https://www.augsdaugavasnovads.lv/lv/media/11277/download?attachment",
    "plans_fails": "../daugavpils/cap_aktualizets_2026_05_gala_novads.md",
    "lpp": 138,
    "citats": "||Višķu pagasts|pie vidusskolas|<br>Višķu pagasts,|56,074428|26,73478|",
    "izdevejs": "Augšdaugavas novads (pašvaldība)",
    "geokodesana": "plan_coords",
    "adrese_vzd": "Šosejas iela 3, Špoģi, Višķu pag., Augšdaugavas nov., LV-5481",
    "vzd_kods": "101577213",
    "plana_lat": 56.074428,
    "plana_lon": 26.73478,
    "koord_teksts": "56,074428; 26,73478",
    "karodzini": [],
    "izvilkuma_piezime": "Table row is spread over several lines by the conversion; citats is the line with the place name.",
    "komentars": "Avots: Augšdaugavas novada CA plāns, lpp. 138",
    "id": "augsdaugavas-novads-evak-37"
   },
   "geometry": {
    "type": "Point",
    "coordinates": [
     26.73478,
     56.074428
    ]
   }
  },
  {
   "type": "Feature",
   "properties": {
    "kategorija": "evakuacijas_punkts",
    "nosaukums": "laukumā (Višķu pagasts)",
    "adrese": "“8” Višķu tehnikums, Višķu tehnikums, Višķu pagasts, Augšdaugavas novads",
    "pasvaldiba": "Augšdaugavas novads",
    "pasvaldiba_slug": "augsdaugavas-novads",
    "nr_plana": 38,
    "avots_teksts": "Avots: Augšdaugavas novada CA plāns, lpp. 138",
    "plans_url": "https://www.augsdaugavasnovads.lv/lv/media/11277/download?attachment",
    "plans_fails": "../daugavpils/cap_aktualizets_2026_05_gala_novads.md",
    "lpp": 138,
    "citats": "|38.|Višķupagasts|laukumā|“8” Višķu tehnikums,|56,065109|26,761542|",
    "izdevejs": "Augšdaugavas novads (pašvaldība)",
    "geokodesana": "plan_coords",
    "adrese_vzd": null,
    "vzd_kods": null,
    "plana_lat": 56.065109,
    "plana_lon": 26.761542,
    "koord_teksts": "56,065109; 26,761542",
    "karodzini": [],
    "izvilkuma_piezime": "Table row is spread over several lines by the conversion; citats is the line with the place name.",
    "komentars": "Avots: Augšdaugavas novada CA plāns, lpp. 138",
    "id": "augsdaugavas-novads-evak-38"
   },
   "geometry": {
    "type": "Point",
    "coordinates": [
     26.761542,
     56.065109
    ]
   }
  },
  {
   "type": "Feature",
   "properties": {
    "kategorija": "evakuacijas_punkts",
    "nosaukums": "laukumā (Višķu pagasts)",
    "adrese": "Aglonas iela 30, Višķi, Višķu pagasts, Augšdaugavas novads",
    "pasvaldiba": "Augšdaugavas novads",
    "pasvaldiba_slug": "augsdaugavas-novads",
    "nr_plana": 39,
    "avots_teksts": "Avots: Augšdaugavas novada CA plāns, lpp. 139",
    "plans_url": "https://www.augsdaugavasnovads.lv/lv/media/11277/download?attachment",
    "plans_fails": "../daugavpils/cap_aktualizets_2026_05_gala_novads.md",
    "lpp": 139,
    "citats": "|||laukumā|<br>Višķi, Višķu pagasts,|56,055151|26,788446|",
    "izdevejs": "Augšdaugavas novads (pašvaldība)",
    "geokodesana": "plan_coords",
    "adrese_vzd": "Aglonas iela 30, Višķi, Višķu pag., Augšdaugavas nov., LV-5481",
    "vzd_kods": "101577166",
    "plana_lat": 56.055151,
    "plana_lon": 26.788446,
    "koord_teksts": "56,055151; 26,788446",
    "karodzini": [],
    "izvilkuma_piezime": "Table row is spread over several lines by the conversion; citats is the line with the place name.",
    "komentars": "Avots: Augšdaugavas novada CA plāns, lpp. 139",
    "id": "augsdaugavas-novads-evak-39"
   },
   "geometry": {
    "type": "Point",
    "coordinates": [
     26.788446,
     56.055151
    ]
   }
  },
  {
   "type": "Feature",
   "properties": {
    "kategorija": "evakuacijas_punkts",
    "nosaukums": "laukumā (Višķu pagasts)",
    "adrese": "“16” Vīganti, Vīganti, Višķu pagasts, Augšdaugavas novads",
    "pasvaldiba": "Augšdaugavas novads",
    "pasvaldiba_slug": "augsdaugavas-novads",
    "nr_plana": 40,
    "avots_teksts": "Avots: Augšdaugavas novada CA plāns, lpp. 139",
    "plans_url": "https://www.augsdaugavasnovads.lv/lv/media/11277/download?attachment",
    "plans_fails": "../daugavpils/cap_aktualizets_2026_05_gala_novads.md",
    "lpp": 139,
    "citats": "|||laukumā|<br>Višķu pagasts,|56,108033|26,834110|",
    "izdevejs": "Augšdaugavas novads (pašvaldība)",
    "geokodesana": "plan_coords",
    "adrese_vzd": null,
    "vzd_kods": null,
    "plana_lat": 56.108033,
    "plana_lon": 26.83411,
    "koord_teksts": "56,108033; 26,834110",
    "karodzini": [],
    "izvilkuma_piezime": "Table row is spread over several lines by the conversion; citats is the line with the place name.",
    "komentars": "Avots: Augšdaugavas novada CA plāns, lpp. 139",
    "id": "augsdaugavas-novads-evak-40"
   },
   "geometry": {
    "type": "Point",
    "coordinates": [
     26.83411,
     56.108033
    ]
   }
  },
  {
   "type": "Feature",
   "properties": {
    "kategorija": "evakuacijas_punkts",
    "nosaukums": "Balvu novada pašvaldība — Pie Administratīvās ēkas",
    "adrese": "Bērzpils iela 1A, Balvi",
    "pasvaldiba": "Balvu novads",
    "pasvaldiba_slug": "balvu-novads",
    "nr_plana": 1,
    "avots_teksts": "Avots: Balvu novada CA plāns, lpp. 106",
    "plans_url": "https://www.balvi.lv/lv/media/21408/download?attachment",
    "plans_fails": "49_paragrafs_pielikums_plans_0.md",
    "lpp": 106,
    "citats": "|1.|Balvu novada<br>pašvaldība|Pie Administratīvās<br>ēkas|Bērzpils iela 1A,<br>Balvi|N 57.131804|E 27.268518|",
    "izdevejs": "Balvu novads (pašvaldība)",
    "geokodesana": "plan_coords",
    "adrese_vzd": "Bērzpils iela 1A, Balvi, Balvu nov., LV-4501",
    "vzd_kods": "101604622",
    "plana_lat": 57.131804,
    "plana_lon": 27.268518,
    "koord_teksts": "N 57.131804; E 27.268518",
    "karodzini": [],
    "komentars": "Avots: Balvu novada CA plāns, lpp. 106",
    "id": "balvu-novads-evak-1"
   },
   "geometry": {
    "type": "Point",
    "coordinates": [
     27.268518,
     57.131804
    ]
   }
  },
  {
   "type": "Feature",
   "properties": {
    "kategorija": "evakuacijas_punkts",
    "nosaukums": "Balvu Valsts ģimnāzija — Pie izglītības iestādes",
    "adrese": "Dārza iela 2, Balvi",
    "pasvaldiba": "Balvu novads",
    "pasvaldiba_slug": "balvu-novads",
    "nr_plana": 2,
    "avots_teksts": "Avots: Balvu novada CA plāns, lpp. 106",
    "plans_url": "https://www.balvi.lv/lv/media/21408/download?attachment",
    "plans_fails": "49_paragrafs_pielikums_plans_0.md",
    "lpp": 106,
    "citats": "|2.|Balvu Valsts<br>ģimnāzija|Pie izglītības iestādes|Dārza iela 2,<br>Balvi|N 57.132768|E 27.277238|",
    "izdevejs": "Balvu novads (pašvaldība)",
    "geokodesana": "plan_coords",
    "adrese_vzd": "Dārza iela 2, Balvi, Balvu nov., LV-4501",
    "vzd_kods": "101606441",
    "plana_lat": 57.132768,
    "plana_lon": 27.277238,
    "koord_teksts": "N 57.132768; E 27.277238",
    "karodzini": [],
    "komentars": "Avots: Balvu novada CA plāns, lpp. 106",
    "id": "balvu-novads-evak-2"
   },
   "geometry": {
    "type": "Point",
    "coordinates": [
     27.277238,
     57.132768
    ]
   }
  },
  {
   "type": "Feature",
   "properties": {
    "kategorija": "evakuacijas_punkts",
    "nosaukums": "Balvu Profesionālā un vispārizglītojošā vidusskola — Pie izglītības iestādes",
    "adrese": "Vidzemes iela, 26, Balvi",
    "pasvaldiba": "Balvu novads",
    "pasvaldiba_slug": "balvu-novads",
    "nr_plana": 3,
    "avots_teksts": "Avots: Balvu novada CA plāns, lpp. 106",
    "plans_url": "https://www.balvi.lv/lv/media/21408/download?attachment",
    "plans_fails": "49_paragrafs_pielikums_plans_0.md",
    "lpp": 106,
    "citats": "|3.|Balvu<br>Profesionālā un<br>vispārizglītojošā<br>vidusskola|Pie izglītības iestādes|Vidzemes iela,<br>26, Balvi|N 57.138649|E 27.243765|",
    "izdevejs": "Balvu novads (pašvaldība)",
    "geokodesana": "plan_coords",
    "adrese_vzd": null,
    "vzd_kods": null,
    "plana_lat": 57.138649,
    "plana_lon": 27.243765,
    "koord_teksts": "N 57.138649; E 27.243765",
    "karodzini": [],
    "komentars": "Avots: Balvu novada CA plāns, lpp. 106",
    "id": "balvu-novads-evak-3"
   },
   "geometry": {
    "type": "Point",
    "coordinates": [
     27.243765,
     57.138649
    ]
   }
  },
  {
   "type": "Feature",
   "properties": {
    "kategorija": "evakuacijas_punkts",
    "nosaukums": "Balvu sākumskola — Pie izglītības iestādes",
    "adrese": "Partizānu iela 16,Balvi",
    "pasvaldiba": "Balvu novads",
    "pasvaldiba_slug": "balvu-novads",
    "nr_plana": 4,
    "avots_teksts": "Avots: Balvu novada CA plāns, lpp. 106",
    "plans_url": "https://www.balvi.lv/lv/media/21408/download?attachment",
    "plans_fails": "49_paragrafs_pielikums_plans_0.md",
    "lpp": 106,
    "citats": "|4.|Balvu<br>sākumskola|Pie izglītības<br>iestādes|Partizānu iela<br>16,Balvi|N 57.130316|E 27.262226|",
    "izdevejs": "Balvu novads (pašvaldība)",
    "geokodesana": "plan_coords",
    "adrese_vzd": "Partizānu iela 16, Balvi, Balvu nov., LV-4501",
    "vzd_kods": "101608638",
    "plana_lat": 57.130316,
    "plana_lon": 27.262226,
    "koord_teksts": "N 57.130316; E 27.262226",
    "karodzini": [],
    "komentars": "Avots: Balvu novada CA plāns, lpp. 106",
    "id": "balvu-novads-evak-4"
   },
   "geometry": {
    "type": "Point",
    "coordinates": [
     27.262226,
     57.130316
    ]
   }
  },
  {
   "type": "Feature",
   "properties": {
    "kategorija": "evakuacijas_punkts",
    "nosaukums": "Balvu Kultūras un atpūtas centrs — Laukumā pie kultūras centra",
    "adrese": "Brīvības iela 61, Balvi",
    "pasvaldiba": "Balvu novads",
    "pasvaldiba_slug": "balvu-novads",
    "nr_plana": 5,
    "avots_teksts": "Avots: Balvu novada CA plāns, lpp. 106",
    "plans_url": "https://www.balvi.lv/lv/media/21408/download?attachment",
    "plans_fails": "49_paragrafs_pielikums_plans_0.md",
    "lpp": 106,
    "citats": "|5.|Balvu<br>Kultūras un<br>atpūtas centrs|Laukumā pie kultūras<br>centra|Brīvības iela 61,<br>Balvi|N 57.133029|E 27.268585|",
    "izdevejs": "Balvu novads (pašvaldība)",
    "geokodesana": "plan_coords",
    "adrese_vzd": "Brīvības iela 61, Balvi, Balvu nov., LV-4501",
    "vzd_kods": "101605616",
    "plana_lat": 57.133029,
    "plana_lon": 27.268585,
    "koord_teksts": "N 57.133029; E 27.268585",
    "karodzini": [],
    "komentars": "Avots: Balvu novada CA plāns, lpp. 106",
    "id": "balvu-novads-evak-5"
   },
   "geometry": {
    "type": "Point",
    "coordinates": [
     27.268585,
     57.133029
    ]
   }
  },
  {
   "type": "Feature",
   "properties": {
    "kategorija": "evakuacijas_punkts",
    "nosaukums": "Balvu pilsētas estrāde — Pie estrādes",
    "adrese": "Partizānu iela 2, Balvi",
    "pasvaldiba": "Balvu novads",
    "pasvaldiba_slug": "balvu-novads",
    "nr_plana": 6,
    "avots_teksts": "Avots: Balvu novada CA plāns, lpp. 106",
    "plans_url": "https://www.balvi.lv/lv/media/21408/download?attachment",
    "plans_fails": "49_paragrafs_pielikums_plans_0.md",
    "lpp": 106,
    "citats": "|6.|Balvu pilsētas<br>estrāde|Pie estrādes|Partizānu iela 2,<br>Balvi|N 57.132685|E 27.260138|",
    "izdevejs": "Balvu novads (pašvaldība)",
    "geokodesana": "plan_coords",
    "adrese_vzd": "Partizānu iela 2, Balvi, Balvu nov., LV-4501",
    "vzd_kods": "105134311",
    "plana_lat": 57.132685,
    "plana_lon": 27.260138,
    "koord_teksts": "N 57.132685; E 27.260138",
    "karodzini": [],
    "komentars": "Avots: Balvu novada CA plāns, lpp. 106",
    "id": "balvu-novads-evak-6"
   },
   "geometry": {
    "type": "Point",
    "coordinates": [
     27.260138,
     57.132685
    ]
   }
  },
  {
   "type": "Feature",
   "properties": {
    "kategorija": "evakuacijas_punkts",
    "nosaukums": "Viļakas valsts ģimnāzija — Pie izglītības iestādes",
    "adrese": "Pils iela 11, Viļaka",
    "pasvaldiba": "Balvu novads",
    "pasvaldiba_slug": "balvu-novads",
    "nr_plana": 7,
    "avots_teksts": "Avots: Balvu novada CA plāns, lpp. 106",
    "plans_url": "https://www.balvi.lv/lv/media/21408/download?attachment",
    "plans_fails": "49_paragrafs_pielikums_plans_0.md",
    "lpp": 106,
    "citats": "|7.|Viļakas valsts<br>ģimnāzija|Pie izglītības<br>iestādes|Pils iela 11,<br>Viļaka|N 57.183170|E 27.687034|",
    "izdevejs": "Balvu novads (pašvaldība)",
    "geokodesana": "plan_coords",
    "adrese_vzd": "Pils iela 11, Viļaka, Balvu nov., LV-4583",
    "vzd_kods": "101613953",
    "plana_lat": 57.18317,
    "plana_lon": 27.687034,
    "koord_teksts": "N 57.183170; E 27.687034",
    "karodzini": [],
    "komentars": "Avots: Balvu novada CA plāns, lpp. 106",
    "id": "balvu-novads-evak-7"
   },
   "geometry": {
    "type": "Point",
    "coordinates": [
     27.687034,
     57.18317
    ]
   }
  },
  {
   "type": "Feature",
   "properties": {
    "kategorija": "evakuacijas_punkts",
    "nosaukums": "Viļakas pilsētas pārvalde — Pie Administratīvās ēkas",
    "adrese": "Abrenes iela 26, Viļaka",
    "pasvaldiba": "Balvu novads",
    "pasvaldiba_slug": "balvu-novads",
    "nr_plana": 8,
    "avots_teksts": "Avots: Balvu novada CA plāns, lpp. 106",
    "plans_url": "https://www.balvi.lv/lv/media/21408/download?attachment",
    "plans_fails": "49_paragrafs_pielikums_plans_0.md",
    "lpp": 106,
    "citats": "|8.|Viļakas pilsētas<br>pārvalde|Pie Administratīvās<br>ēkas|Abrenes iela 26,<br>Viļaka|N 57.182622|E 27.675674|",
    "izdevejs": "Balvu novads (pašvaldība)",
    "geokodesana": "plan_coords",
    "adrese_vzd": "Abrenes iela 26, Viļaka, Balvu nov., LV-4583",
    "vzd_kods": "102328705",
    "plana_lat": 57.182622,
    "plana_lon": 27.675674,
    "koord_teksts": "N 57.182622; E 27.675674",
    "karodzini": [],
    "komentars": "Avots: Balvu novada CA plāns, lpp. 106",
    "id": "balvu-novads-evak-8"
   },
   "geometry": {
    "type": "Point",
    "coordinates": [
     27.675674,
     57.182622
    ]
   }
  },
  {
   "type": "Feature",
   "properties": {
    "kategorija": "evakuacijas_punkts",
    "nosaukums": "Baltinavas pagasta pārvalde — Pie pagasta pārvaldes ēkas",
    "adrese": "Kārsavas iela 16, Baltinava, Baltinavaspag.",
    "pasvaldiba": "Balvu novads",
    "pasvaldiba_slug": "balvu-novads",
    "nr_plana": 9,
    "avots_teksts": "Avots: Balvu novada CA plāns, lpp. 106",
    "plans_url": "https://www.balvi.lv/lv/media/21408/download?attachment",
    "plans_fails": "49_paragrafs_pielikums_plans_0.md",
    "lpp": 106,
    "citats": "|9.|Baltinavas<br>pagasta pārvalde|Pie pagasta pārvaldes<br>ēkas|Kārsavas iela 16,<br>Baltinava,<br>Baltinavaspag.|N 56.943015|E 27.643098|",
    "izdevejs": "Balvu novads (pašvaldība)",
    "geokodesana": "plan_coords",
    "adrese_vzd": "Kārsavas iela 16, Baltinava, Baltinavas pag., Balvu nov., LV-4594",
    "vzd_kods": "101614947",
    "plana_lat": 56.943015,
    "plana_lon": 27.643098,
    "koord_teksts": "N 56.943015; E 27.643098",
    "karodzini": [],
    "komentars": "Avots: Balvu novada CA plāns, lpp. 106",
    "id": "balvu-novads-evak-9"
   },
   "geometry": {
    "type": "Point",
    "coordinates": [
     27.643098,
     56.943015
    ]
   }
  },
  {
   "type": "Feature",
   "properties": {
    "kategorija": "evakuacijas_punkts",
    "nosaukums": "Balvu pagasta pārvalde — Pie Balvu pagasta tautas nama",
    "adrese": "Saulstari, Naudaskalns, Balvupag.",
    "pasvaldiba": "Balvu novads",
    "pasvaldiba_slug": "balvu-novads",
    "nr_plana": 10,
    "avots_teksts": "Avots: Balvu novada CA plāns, lpp. 106",
    "plans_url": "https://www.balvi.lv/lv/media/21408/download?attachment",
    "plans_fails": "49_paragrafs_pielikums_plans_0.md",
    "lpp": 106,
    "citats": "|10.|Balvu pagasta<br>pārvalde|Pie Balvu pagasta tautas<br>nama|Saulstari,<br>Naudaskalns,<br>Balvupag.|N 57.087919|E 27.245698|",
    "izdevejs": "Balvu novads (pašvaldība)",
    "geokodesana": "plan_coords",
    "adrese_vzd": "\"Saulstari\", Naudaskalns, Balvu pag., Balvu nov., LV-4561",
    "vzd_kods": "105791317",
    "plana_lat": 57.087919,
    "plana_lon": 27.245698,
    "koord_teksts": "N 57.087919; E 27.245698",
    "karodzini": [],
    "komentars": "Avots: Balvu novada CA plāns, lpp. 106",
    "id": "balvu-novads-evak-10"
   },
   "geometry": {
    "type": "Point",
    "coordinates": [
     27.245698,
     57.087919
    ]
   }
  },
  {
   "type": "Feature",
   "properties": {
    "kategorija": "evakuacijas_punkts",
    "nosaukums": "Bērzkalnes pagasta pārvalde — Pie pagasta pārvaldes ēkas",
    "adrese": "Ūdru iela 1, Bērzkalne, Bērzkalnes pag.",
    "pasvaldiba": "Balvu novads",
    "pasvaldiba_slug": "balvu-novads",
    "nr_plana": 11,
    "avots_teksts": "Avots: Balvu novada CA plāns, lpp. 106",
    "plans_url": "https://www.balvi.lv/lv/media/21408/download?attachment",
    "plans_fails": "49_paragrafs_pielikums_plans_0.md",
    "lpp": 106,
    "citats": "|11.|Bērzkalnes<br>pagasta pārvalde|Pie pagasta pārvaldes<br>ēkas|Ūdru iela 1,<br>Bērzkalne,<br>Bērzkalnes pag.|N 57.102978|E 27.346820|",
    "izdevejs": "Balvu novads (pašvaldība)",
    "geokodesana": "plan_coords",
    "adrese_vzd": "Ūdru iela 1, Bērzkalne, Bērzkalnes pag., Balvu nov., LV-4590",
    "vzd_kods": "105796488",
    "plana_lat": 57.102978,
    "plana_lon": 27.34682,
    "koord_teksts": "N 57.102978; E 27.346820",
    "karodzini": [],
    "komentars": "Avots: Balvu novada CA plāns, lpp. 106",
    "id": "balvu-novads-evak-11"
   },
   "geometry": {
    "type": "Point",
    "coordinates": [
     27.34682,
     57.102978
    ]
   }
  },
  {
   "type": "Feature",
   "properties": {
    "kategorija": "evakuacijas_punkts",
    "nosaukums": "Bērzpils pagasta pārvalde — Pie pagasta pārvaldes ēkas",
    "adrese": "Dārza iela 27, Bērzpils, Bērzpils pag.",
    "pasvaldiba": "Balvu novads",
    "pasvaldiba_slug": "balvu-novads",
    "nr_plana": 12,
    "avots_teksts": "Avots: Balvu novada CA plāns, lpp. 106",
    "plans_url": "https://www.balvi.lv/lv/media/21408/download?attachment",
    "plans_fails": "49_paragrafs_pielikums_plans_0.md",
    "lpp": 106,
    "citats": "|12.|Bērzpils pagasta<br>pārvalde|Pie pagasta pārvaldes<br>ēkas|Dārza iela 27,<br>Bērzpils,<br>Bērzpils pag.|N 56.847649|E 27.084931|",
    "izdevejs": "Balvu novads (pašvaldība)",
    "geokodesana": "plan_coords",
    "adrese_vzd": "Dārza iela 27, Bērzpils, Bērzpils pag., Balvu nov., LV-4576",
    "vzd_kods": "103271751",
    "plana_lat": 56.847649,
    "plana_lon": 27.084931,
    "koord_teksts": "N 56.847649; E 27.084931",
    "karodzini": [],
    "komentars": "Avots: Balvu novada CA plāns, lpp. 106",
    "id": "balvu-novads-evak-12"
   },
   "geometry": {
    "type": "Point",
    "coordinates": [
     27.084931,
     56.847649
    ]
   }
  },
  {
   "type": "Feature",
   "properties": {
    "kategorija": "evakuacijas_punkts",
    "nosaukums": "Briežuciema pagasta pārvalde — Pie pagasta pārvaldes ēkas",
    "adrese": "Gaismas, Grūšļeva, Briežuciema pag",
    "pasvaldiba": "Balvu novads",
    "pasvaldiba_slug": "balvu-novads",
    "nr_plana": 13,
    "avots_teksts": "Avots: Balvu novada CA plāns, lpp. 106",
    "plans_url": "https://www.balvi.lv/lv/media/21408/download?attachment",
    "plans_fails": "49_paragrafs_pielikums_plans_0.md",
    "lpp": 106,
    "citats": "|13.|Briežuciema pagasta<br>pārvalde|<br>Pie pagasta pārvaldes<br>ēkas|Gaismas,<br>Grūšļeva,<br>Briežuciema pag|N 56.961830|E 27.593305|",
    "izdevejs": "Balvu novads (pašvaldība)",
    "geokodesana": "plan_coords",
    "adrese_vzd": "\"Gaismas\", Grūšļeva, Briežuciema pag., Balvu nov., LV-4595",
    "vzd_kods": "104117605",
    "plana_lat": 56.96183,
    "plana_lon": 27.593305,
    "koord_teksts": "N 56.961830; E 27.593305",
    "karodzini": [],
    "komentars": "Avots: Balvu novada CA plāns, lpp. 106",
    "id": "balvu-novads-evak-13"
   },
   "geometry": {
    "type": "Point",
    "coordinates": [
     27.593305,
     56.96183
    ]
   }
  },
  {
   "type": "Feature",
   "properties": {
    "kategorija": "evakuacijas_punkts",
    "nosaukums": "Krišjāņu tautas nams — Pie tautas nama ēkas",
    "adrese": "Jaunatnes iela 2, Krišjāņi, Krišjāņu pag",
    "pasvaldiba": "Balvu novads",
    "pasvaldiba_slug": "balvu-novads",
    "nr_plana": 14,
    "avots_teksts": "Avots: Balvu novada CA plāns, lpp. 107",
    "plans_url": "https://www.balvi.lv/lv/media/21408/download?attachment",
    "plans_fails": "49_paragrafs_pielikums_plans_0.md",
    "lpp": 107,
    "citats": "|14.|Krišjāņu tautas<br>nams|Pie tautas nama ēkas|Jaunatnes iela 2,<br>Krišjāņi, Krišjāņu<br>pag|N 56.807411|E 27.287863|",
    "izdevejs": "Balvu novads (pašvaldība)",
    "geokodesana": "plan_coords",
    "adrese_vzd": "Jaunatnes iela 2, Krišjāņi, Krišjāņu pag., Balvu nov., LV-4574",
    "vzd_kods": "105809820",
    "plana_lat": 56.807411,
    "plana_lon": 27.287863,
    "koord_teksts": "N 56.807411; E 27.287863",
    "karodzini": [],
    "komentars": "Avots: Balvu novada CA plāns, lpp. 107",
    "id": "balvu-novads-evak-14"
   },
   "geometry": {
    "type": "Point",
    "coordinates": [
     27.287863,
     56.807411
    ]
   }
  },
  {
   "type": "Feature",
   "properties": {
    "kategorija": "evakuacijas_punkts",
    "nosaukums": "Kubulu pagasta pārvalde — Pie pagasta pārvaldes ēkas",
    "adrese": "Balvu iela 15, Kurna, Kubulu pag",
    "pasvaldiba": "Balvu novads",
    "pasvaldiba_slug": "balvu-novads",
    "nr_plana": 15,
    "avots_teksts": "Avots: Balvu novada CA plāns, lpp. 107",
    "plans_url": "https://www.balvi.lv/lv/media/21408/download?attachment",
    "plans_fails": "49_paragrafs_pielikums_plans_0.md",
    "lpp": 107,
    "citats": "|15.|Kubulu pagasta<br>pārvalde|Pie pagasta pārvaldes<br>ēkas|Balvu iela 15,<br>Kurna, Kubulu pag|<br>N 57.158119|E 27.204127|",
    "izdevejs": "Balvu novads (pašvaldība)",
    "geokodesana": "plan_coords",
    "adrese_vzd": "Balvu iela 15, Kubuli, Kubulu pag., Balvu nov., LV-4566",
    "vzd_kods": "104665081",
    "plana_lat": 57.158119,
    "plana_lon": 27.204127,
    "koord_teksts": "N 57.158119; E 27.204127",
    "karodzini": [],
    "komentars": "Avots: Balvu novada CA plāns, lpp. 107",
    "id": "balvu-novads-evak-15"
   },
   "geometry": {
    "type": "Point",
    "coordinates": [
     27.204127,
     57.158119
    ]
   }
  },
  {
   "type": "Feature",
   "properties": {
    "kategorija": "evakuacijas_punkts",
    "nosaukums": "Stacijas pamatskola — Pie izglītības iestādes",
    "adrese": "Skolas iela 12, Balvu stacija, Kubuļu pag",
    "pasvaldiba": "Balvu novads",
    "pasvaldiba_slug": "balvu-novads",
    "nr_plana": 16,
    "avots_teksts": "Avots: Balvu novada CA plāns, lpp. 107",
    "plans_url": "https://www.balvi.lv/lv/media/21408/download?attachment",
    "plans_fails": "49_paragrafs_pielikums_plans_0.md",
    "lpp": 107,
    "citats": "|16.|Stacijas<br>pamatskola|Pie izglītības iestādes|Skolas iela 12,<br>Balvu stacija,<br>Kubuļu pag|N 57.169892|E 27.209299|",
    "izdevejs": "Balvu novads (pašvaldība)",
    "geokodesana": "plan_coords",
    "adrese_vzd": "Skolas iela 12, Kubuli, Kubulu pag., Balvu nov., LV-4566",
    "vzd_kods": "106073157",
    "plana_lat": 57.169892,
    "plana_lon": 27.209299,
    "koord_teksts": "N 57.169892; E 27.209299",
    "karodzini": [],
    "komentars": "Avots: Balvu novada CA plāns, lpp. 107",
    "id": "balvu-novads-evak-16"
   },
   "geometry": {
    "type": "Point",
    "coordinates": [
     27.209299,
     57.169892
    ]
   }
  },
  {
   "type": "Feature",
   "properties": {
    "kategorija": "evakuacijas_punkts",
    "nosaukums": "Kupravas pagasta pārvalde — Pie pagasta pārvaldes ēkas",
    "adrese": "Rūpnīcas iela 3, Kuprava, Kupravas pag",
    "pasvaldiba": "Balvu novads",
    "pasvaldiba_slug": "balvu-novads",
    "nr_plana": 17,
    "avots_teksts": "Avots: Balvu novada CA plāns, lpp. 107",
    "plans_url": "https://www.balvi.lv/lv/media/21408/download?attachment",
    "plans_fails": "49_paragrafs_pielikums_plans_0.md",
    "lpp": 107,
    "citats": "|17.|Kupravas pagasta<br>pārvalde|Pie pagasta pārvaldes<br>ēkas|Rūpnīcas iela 3,<br>Kuprava,<br>Kupravas pag|N 57.235837|E 27.498195|",
    "izdevejs": "Balvu novads (pašvaldība)",
    "geokodesana": "plan_coords",
    "adrese_vzd": "Rūpnīcas iela 3, Kuprava, Kupravas pag., Balvu nov., LV-4582",
    "vzd_kods": "101616163",
    "plana_lat": 57.235837,
    "plana_lon": 27.498195,
    "koord_teksts": "N 57.235837; E 27.498195",
    "karodzini": [],
    "komentars": "Avots: Balvu novada CA plāns, lpp. 107",
    "id": "balvu-novads-evak-17"
   },
   "geometry": {
    "type": "Point",
    "coordinates": [
     27.498195,
     57.235837
    ]
   }
  },
  {
   "type": "Feature",
   "properties": {
    "kategorija": "evakuacijas_punkts",
    "nosaukums": "Eglaines pamatskola — Pie izglītības iestādes",
    "adrese": "Skolas iela 3, Benislava, Lazdukalna pag.",
    "pasvaldiba": "Balvu novads",
    "pasvaldiba_slug": "balvu-novads",
    "nr_plana": 18,
    "avots_teksts": "Avots: Balvu novada CA plāns, lpp. 107",
    "plans_url": "https://www.balvi.lv/lv/media/21408/download?attachment",
    "plans_fails": "49_paragrafs_pielikums_plans_0.md",
    "lpp": 107,
    "citats": "|18.|Eglaines<br>pamatskola|Pie izglītības iestādes|Skolas iela 3,<br>Benislava,<br>Lazdukalna<br>pag.|N 56.922368|E 27.077097|",
    "izdevejs": "Balvu novads (pašvaldība)",
    "geokodesana": "plan_coords",
    "adrese_vzd": "Skolas iela 3, Benislava, Lazdukalna pag., Balvu nov., LV-4577",
    "vzd_kods": "105340932",
    "plana_lat": 56.922368,
    "plana_lon": 27.077097,
    "koord_teksts": "N 56.922368; E 27.077097",
    "karodzini": [],
    "komentars": "Avots: Balvu novada CA plāns, lpp. 107",
    "id": "balvu-novads-evak-18"
   },
   "geometry": {
    "type": "Point",
    "coordinates": [
     27.077097,
     56.922368
    ]
   }
  },
  {
   "type": "Feature",
   "properties": {
    "kategorija": "evakuacijas_punkts",
    "nosaukums": "Lazdulejas pagasta pārvalde — Pie pagasta pārvaldes ēkas",
    "adrese": "Administratīvā ēka, Egļuciems, Lazdulejaspag",
    "pasvaldiba": "Balvu novads",
    "pasvaldiba_slug": "balvu-novads",
    "nr_plana": 19,
    "avots_teksts": "Avots: Balvu novada CA plāns, lpp. 107",
    "plans_url": "https://www.balvi.lv/lv/media/21408/download?attachment",
    "plans_fails": "49_paragrafs_pielikums_plans_0.md",
    "lpp": 107,
    "citats": "|19.|Lazdulejas<br>pagasta<br>pārvalde|Pie pagasta pārvaldes<br>ēkas|Administratīvā<br>ēka, Egļuciems,<br>Lazdulejaspag|N 57.044169|E 27.498180|",
    "izdevejs": "Balvu novads (pašvaldība)",
    "geokodesana": "plan_coords",
    "adrese_vzd": "\"Administratīvā ēka\", Egļuciems, Lazdulejas pag., Balvu nov., LV-4592",
    "vzd_kods": "105526011",
    "plana_lat": 57.044169,
    "plana_lon": 27.49818,
    "koord_teksts": "N 57.044169; E 27.498180",
    "karodzini": [],
    "komentars": "Avots: Balvu novada CA plāns, lpp. 107",
    "id": "balvu-novads-evak-19"
   },
   "geometry": {
    "type": "Point",
    "coordinates": [
     27.49818,
     57.044169
    ]
   }
  },
  {
   "type": "Feature",
   "properties": {
    "kategorija": "evakuacijas_punkts",
    "nosaukums": "Medņevas pagasta pārvalde — Pie pagasta pārvaldes ēkas",
    "adrese": "Mežmalas iela 1, Semenova, Medņevas pag",
    "pasvaldiba": "Balvu novads",
    "pasvaldiba_slug": "balvu-novads",
    "nr_plana": 20,
    "avots_teksts": "Avots: Balvu novada CA plāns, lpp. 107",
    "plans_url": "https://www.balvi.lv/lv/media/21408/download?attachment",
    "plans_fails": "49_paragrafs_pielikums_plans_0.md",
    "lpp": 107,
    "citats": "|20.|Medņevas<br>pagasta pārvalde|Pie pagasta pārvaldes<br>ēkas|Mežmalas iela 1,<br>Semenova,<br>Medņevas pag|N 57.133651|E 27.643626|",
    "izdevejs": "Balvu novads (pašvaldība)",
    "geokodesana": "plan_coords",
    "adrese_vzd": "Mežmalas iela 1, Semenova, Medņevas pag., Balvu nov., LV-4586",
    "vzd_kods": "106705176",
    "plana_lat": 57.133651,
    "plana_lon": 27.643626,
    "koord_teksts": "N 57.133651; E 27.643626",
    "karodzini": [],
    "komentars": "Avots: Balvu novada CA plāns, lpp. 107",
    "id": "balvu-novads-evak-20"
   },
   "geometry": {
    "type": "Point",
    "coordinates": [
     27.643626,
     57.133651
    ]
   }
  },
  {
   "type": "Feature",
   "properties": {
    "kategorija": "evakuacijas_punkts",
    "nosaukums": "Rugāju vidusskola — Pie izglītības iestādes",
    "adrese": "Kurmenes iela 87, Rugāji, Rugāju pag.",
    "pasvaldiba": "Balvu novads",
    "pasvaldiba_slug": "balvu-novads",
    "nr_plana": 21,
    "avots_teksts": "Avots: Balvu novada CA plāns, lpp. 107",
    "plans_url": "https://www.balvi.lv/lv/media/21408/download?attachment",
    "plans_fails": "49_paragrafs_pielikums_plans_0.md",
    "lpp": 107,
    "citats": "|21.|Rugāju<br>vidusskola|Pie izglītības iestādes|Kurmenes iela<br>87, Rugāji,<br>Rugāju pag.|N 56.999428|E 27.128091|",
    "izdevejs": "Balvu novads (pašvaldība)",
    "geokodesana": "plan_coords",
    "adrese_vzd": "Kurmenes iela 87, Rugāji, Rugāju pag., Balvu nov., LV-4570",
    "vzd_kods": "102332746",
    "plana_lat": 56.999428,
    "plana_lon": 27.128091,
    "koord_teksts": "N 56.999428; E 27.128091",
    "karodzini": [],
    "komentars": "Avots: Balvu novada CA plāns, lpp. 107",
    "id": "balvu-novads-evak-21"
   },
   "geometry": {
    "type": "Point",
    "coordinates": [
     27.128091,
     56.999428
    ]
   }
  },
  {
   "type": "Feature",
   "properties": {
    "kategorija": "evakuacijas_punkts",
    "nosaukums": "Rekavas vidusskola — Pie izglītības iestādes",
    "adrese": "Skolas iela 1, Rekova, Šķilbēnu pag",
    "pasvaldiba": "Balvu novads",
    "pasvaldiba_slug": "balvu-novads",
    "nr_plana": 22,
    "avots_teksts": "Avots: Balvu novada CA plāns, lpp. 107",
    "plans_url": "https://www.balvi.lv/lv/media/21408/download?attachment",
    "plans_fails": "49_paragrafs_pielikums_plans_0.md",
    "lpp": 107,
    "citats": "|22.|Rekavas<br>vidusskola|Pie izglītības iestādes|Skolas iela 1,<br>Rekova, Šķilbēnu<br>pag|N 57.041611|E 27.618565|",
    "izdevejs": "Balvu novads (pašvaldība)",
    "geokodesana": "plan_coords",
    "adrese_vzd": "Skolas iela 1, Rekova, Šķilbēnu pag., Balvu nov., LV-4587",
    "vzd_kods": "104632461",
    "plana_lat": 57.041611,
    "plana_lon": 27.618565,
    "koord_teksts": "N 57.041611; E 27.618565",
    "karodzini": [],
    "komentars": "Avots: Balvu novada CA plāns, lpp. 107",
    "id": "balvu-novads-evak-22"
   },
   "geometry": {
    "type": "Point",
    "coordinates": [
     27.618565,
     57.041611
    ]
   }
  },
  {
   "type": "Feature",
   "properties": {
    "kategorija": "evakuacijas_punkts",
    "nosaukums": "Tilžas pagasta pārvalde — Pie pagasta pārvaldes ēkas",
    "adrese": "Brīvības iela 3a, Tilža, Tilžas pag",
    "pasvaldiba": "Balvu novads",
    "pasvaldiba_slug": "balvu-novads",
    "nr_plana": 23,
    "avots_teksts": "Avots: Balvu novada CA plāns, lpp. 107",
    "plans_url": "https://www.balvi.lv/lv/media/21408/download?attachment",
    "plans_fails": "49_paragrafs_pielikums_plans_0.md",
    "lpp": 107,
    "citats": "|23.|Tilžas pagasta<br>pārvalde|Pie pagasta pārvaldes<br>ēkas|Brīvības iela 3a,<br>Tilža, Tilžas pag|N 56.899242|E 27.370657|",
    "izdevejs": "Balvu novads (pašvaldība)",
    "geokodesana": "plan_coords",
    "adrese_vzd": "Brīvības iela 3A, Tilža, Tilžas pag., Balvu nov., LV-4572",
    "vzd_kods": "101616942",
    "plana_lat": 56.899242,
    "plana_lon": 27.370657,
    "koord_teksts": "N 56.899242; E 27.370657",
    "karodzini": [],
    "komentars": "Avots: Balvu novada CA plāns, lpp. 107",
    "id": "balvu-novads-evak-23"
   },
   "geometry": {
    "type": "Point",
    "coordinates": [
     27.370657,
     56.899242
    ]
   }
  },
  {
   "type": "Feature",
   "properties": {
    "kategorija": "evakuacijas_punkts",
    "nosaukums": "Vectilžas sporta un atpūtas centrs — Pie sporta un atpūtas centra",
    "adrese": "Sporta iela 3, Vectilža, Vectilžaspag.",
    "pasvaldiba": "Balvu novads",
    "pasvaldiba_slug": "balvu-novads",
    "nr_plana": 24,
    "avots_teksts": "Avots: Balvu novada CA plāns, lpp. 107",
    "plans_url": "https://www.balvi.lv/lv/media/21408/download?attachment",
    "plans_fails": "49_paragrafs_pielikums_plans_0.md",
    "lpp": 107,
    "citats": "|24.|Vectilžas sporta<br>un atpūtas centrs|Pie sporta un atpūtas<br>centra|Sporta iela 3,<br>Vectilža,<br>Vectilžaspag.|N 56.962692|E 27.398512|",
    "izdevejs": "Balvu novads (pašvaldība)",
    "geokodesana": "plan_coords",
    "adrese_vzd": "Sporta iela 3, Vectilža, Vectilžas pag., Balvu nov., LV-4571",
    "vzd_kods": "105106766",
    "plana_lat": 56.962692,
    "plana_lon": 27.398512,
    "koord_teksts": "N 56.962692; E 27.398512",
    "karodzini": [],
    "komentars": "Avots: Balvu novada CA plāns, lpp. 107",
    "id": "balvu-novads-evak-24"
   },
   "geometry": {
    "type": "Point",
    "coordinates": [
     27.398512,
     56.962692
    ]
   }
  },
  {
   "type": "Feature",
   "properties": {
    "kategorija": "evakuacijas_punkts",
    "nosaukums": "Vecumu pagasta pārvalde — Pie pagasta pārvaldes ēkas",
    "adrese": "Ābeļziedi, Borisova, Vecumu pag",
    "pasvaldiba": "Balvu novads",
    "pasvaldiba_slug": "balvu-novads",
    "nr_plana": 25,
    "avots_teksts": "Avots: Balvu novada CA plāns, lpp. 107",
    "plans_url": "https://www.balvi.lv/lv/media/21408/download?attachment",
    "plans_fails": "49_paragrafs_pielikums_plans_0.md",
    "lpp": 107,
    "citats": "|25.|Vecumu<br>pagasta<br>pārvalde|Pie pagasta pārvaldes<br>ēkas|Ābeļziedi,<br>Borisova, Vecumu<br>pag|<br>N 57.218267|E 27.736625|",
    "izdevejs": "Balvu novads (pašvaldība)",
    "geokodesana": "plan_coords",
    "adrese_vzd": "\"Ābeļziedi\", Borisova, Vecumu pag., Balvu nov., LV-4585",
    "vzd_kods": "105807866",
    "plana_lat": 57.218267,
    "plana_lon": 27.736625,
    "koord_teksts": "N 57.218267; E 27.736625",
    "karodzini": [],
    "komentars": "Avots: Balvu novada CA plāns, lpp. 107",
    "id": "balvu-novads-evak-25"
   },
   "geometry": {
    "type": "Point",
    "coordinates": [
     27.736625,
     57.218267
    ]
   }
  },
  {
   "type": "Feature",
   "properties": {
    "kategorija": "evakuacijas_punkts",
    "nosaukums": "Vīksnas pagasta pārvalde — Pie pagasta pārvaldes ēkas",
    "adrese": "Mieriņi, Vīksna, Vīksnas pag",
    "pasvaldiba": "Balvu novads",
    "pasvaldiba_slug": "balvu-novads",
    "nr_plana": 26,
    "avots_teksts": "Avots: Balvu novada CA plāns, lpp. 107",
    "plans_url": "https://www.balvi.lv/lv/media/21408/download?attachment",
    "plans_fails": "49_paragrafs_pielikums_plans_0.md",
    "lpp": 107,
    "citats": "|26.|Vīksnas pagasta<br>pārvalde|Pie pagasta pārvaldes<br>ēkas|Mieriņi, Vīksna,<br>Vīksnas pag|N 57.212912|E 27.318062|",
    "izdevejs": "Balvu novads (pašvaldība)",
    "geokodesana": "plan_coords",
    "adrese_vzd": "\"Mieriņi\", Vīksna, Vīksnas pag., Balvu nov., LV-4580",
    "vzd_kods": "106236455",
    "plana_lat": 57.212912,
    "plana_lon": 27.318062,
    "koord_teksts": "N 57.212912; E 27.318062",
    "karodzini": [],
    "komentars": "Avots: Balvu novada CA plāns, lpp. 107",
    "id": "balvu-novads-evak-26"
   },
   "geometry": {
    "type": "Point",
    "coordinates": [
     27.318062,
     57.212912
    ]
   }
  },
  {
   "type": "Feature",
   "properties": {
    "kategorija": "evakuacijas_punkts",
    "nosaukums": "Žīguru kultūras nams — Pie kultūras nama",
    "adrese": "Meža iela 6, Žīguri, Žīguru pag.",
    "pasvaldiba": "Balvu novads",
    "pasvaldiba_slug": "balvu-novads",
    "nr_plana": 27,
    "avots_teksts": "Avots: Balvu novada CA plāns, lpp. 107",
    "plans_url": "https://www.balvi.lv/lv/media/21408/download?attachment",
    "plans_fails": "49_paragrafs_pielikums_plans_0.md",
    "lpp": 107,
    "citats": "|27.|Žīguru kultūras<br>nams|Pie kultūras nama|Meža iela 6,<br>Žīguri, Žīguru<br>pag.|N 57.265425|E 27.665338|",
    "izdevejs": "Balvu novads (pašvaldība)",
    "geokodesana": "plan_coords",
    "adrese_vzd": "Meža iela 6, Žīguri, Žīguru pag., Balvu nov., LV-4584",
    "vzd_kods": "102334821",
    "plana_lat": 57.265425,
    "plana_lon": 27.665338,
    "koord_teksts": "N 57.265425; E 27.665338",
    "karodzini": [],
    "komentars": "Avots: Balvu novada CA plāns, lpp. 107",
    "id": "balvu-novads-evak-27"
   },
   "geometry": {
    "type": "Point",
    "coordinates": [
     27.665338,
     57.265425
    ]
   }
  },
  {
   "type": "Feature",
   "properties": {
    "kategorija": "evakuacijas_punkts",
    "nosaukums": "Laukums pie “RIMI ”veikala",
    "adrese": "Pionieru iela 2. Bauska",
    "pasvaldiba": "Bauskas novads",
    "pasvaldiba_slug": "bauskas-novads",
    "nr_plana": null,
    "avots_teksts": "Avots: Bauskas novada CA plāns, lpp. 107",
    "plans_url": "https://www.bauskasnovads.lv/lv/media/2665/download?attachment",
    "plans_fails": "bauska_stca_plans_2022_precizets.md",
    "lpp": 107,
    "citats": "- Laukums pie “RIMI ”veikala, Pionieru iela 2. Bauska;",
    "izdevejs": "Bauskas novads (pašvaldība)",
    "geokodesana": "varis_address",
    "adrese_vzd": "Pionieru iela 2, Bauska, Bauskas nov., LV-3901",
    "vzd_kods": "106260171",
    "plana_lat": null,
    "plana_lon": null,
    "koord_teksts": null,
    "karodzini": [],
    "komentars": "Avots: Bauskas novada CA plāns, lpp. 107 · vieta noteikta pēc adreses (VZD)",
    "id": "bauskas-novads-evak-1"
   },
   "geometry": {
    "type": "Point",
    "coordinates": [
     24.188876,
     56.405838
    ]
   }
  },
  {
   "type": "Feature",
   "properties": {
    "kategorija": "evakuacijas_punkts",
    "nosaukums": "Bauskas pilsētas stadions",
    "adrese": "Pilskalna iela 26. Bauska",
    "pasvaldiba": "Bauskas novads",
    "pasvaldiba_slug": "bauskas-novads",
    "nr_plana": null,
    "avots_teksts": "Avots: Bauskas novada CA plāns, lpp. 107",
    "plans_url": "https://www.bauskasnovads.lv/lv/media/2665/download?attachment",
    "plans_fails": "bauska_stca_plans_2022_precizets.md",
    "lpp": 107,
    "citats": "- Bauskas pilsētas stadions, Pilskalna iela 26. Bauska;",
    "izdevejs": "Bauskas novads (pašvaldība)",
    "geokodesana": "varis_address",
    "adrese_vzd": "Pilskalna iela 26, Bauska, Bauskas nov., LV-3901",
    "vzd_kods": "102311031",
    "plana_lat": null,
    "plana_lon": null,
    "koord_teksts": null,
    "karodzini": [],
    "komentars": "Avots: Bauskas novada CA plāns, lpp. 107 · vieta noteikta pēc adreses (VZD)",
    "id": "bauskas-novads-evak-2"
   },
   "geometry": {
    "type": "Point",
    "coordinates": [
     24.18707,
     56.402634
    ]
   }
  },
  {
   "type": "Feature",
   "properties": {
    "kategorija": "evakuacijas_punkts",
    "nosaukums": "Bauskas 2. vidusskolas stadions",
    "adrese": "Dārza iela 9. Bauska",
    "pasvaldiba": "Bauskas novads",
    "pasvaldiba_slug": "bauskas-novads",
    "nr_plana": null,
    "avots_teksts": "Avots: Bauskas novada CA plāns, lpp. 107",
    "plans_url": "https://www.bauskasnovads.lv/lv/media/2665/download?attachment",
    "plans_fails": "bauska_stca_plans_2022_precizets.md",
    "lpp": 107,
    "citats": "- Bauskas 2. vidusskolas stadions, Dārza iela 9. Bauska.",
    "izdevejs": "Bauskas novads (pašvaldība)",
    "geokodesana": "varis_address",
    "adrese_vzd": "Dārza iela 9, Bauska, Bauskas nov., LV-3901",
    "vzd_kods": "101595504",
    "plana_lat": null,
    "plana_lon": null,
    "koord_teksts": null,
    "karodzini": [],
    "komentars": "Avots: Bauskas novada CA plāns, lpp. 107 · vieta noteikta pēc adreses (VZD)",
    "id": "bauskas-novads-evak-3"
   },
   "geometry": {
    "type": "Point",
    "coordinates": [
     24.194907,
     56.409762
    ]
   }
  },
  {
   "type": "Feature",
   "properties": {
    "kategorija": "evakuacijas_punkts",
    "nosaukums": "Vidusskolas stadions",
    "adrese": "Skolas iela 19. Iecava",
    "pasvaldiba": "Bauskas novads",
    "pasvaldiba_slug": "bauskas-novads",
    "nr_plana": null,
    "avots_teksts": "Avots: Bauskas novada CA plāns, lpp. 107",
    "plans_url": "https://www.bauskasnovads.lv/lv/media/2665/download?attachment",
    "plans_fails": "bauska_stca_plans_2022_precizets.md",
    "lpp": 107,
    "citats": "- Vidusskolas stadions, Skolas iela 19. Iecava;",
    "izdevejs": "Bauskas novads (pašvaldība)",
    "geokodesana": "varis_address",
    "adrese_vzd": "Skolas iela 19, Iecava, Bauskas nov., LV-3913",
    "vzd_kods": "102317532",
    "plana_lat": null,
    "plana_lon": null,
    "koord_teksts": null,
    "karodzini": [],
    "izvilkuma_piezime": "Listed under 'Iecavas pilsētā'.",
    "komentars": "Avots: Bauskas novada CA plāns, lpp. 107 · vieta noteikta pēc adreses (VZD)",
    "id": "bauskas-novads-evak-4"
   },
   "geometry": {
    "type": "Point",
    "coordinates": [
     24.203866,
     56.598266
    ]
   }
  },
  {
   "type": "Feature",
   "properties": {
    "kategorija": "evakuacijas_punkts",
    "nosaukums": "Laukums pie Vecumnieku apvienības pārvaldes ēkas",
    "adrese": "Rīgas iela 29. Vecumnieki",
    "pasvaldiba": "Bauskas novads",
    "pasvaldiba_slug": "bauskas-novads",
    "nr_plana": null,
    "avots_teksts": "Avots: Bauskas novada CA plāns, lpp. 107",
    "plans_url": "https://www.bauskasnovads.lv/lv/media/2665/download?attachment",
    "plans_fails": "bauska_stca_plans_2022_precizets.md",
    "lpp": 107,
    "citats": "- Laukums pie Vecumnieku apvienības pārvaldes ēkas, Rīgas iela 29. Vecumnieki;",
    "izdevejs": "Bauskas novads (pašvaldība)",
    "geokodesana": "varis_address",
    "adrese_vzd": "Rīgas iela 29, Vecumnieki, Vecumnieku pag., Bauskas nov., LV-3933",
    "vzd_kods": "101604011",
    "plana_lat": null,
    "plana_lon": null,
    "koord_teksts": null,
    "karodzini": [],
    "komentars": "Avots: Bauskas novada CA plāns, lpp. 107 · vieta noteikta pēc adreses (VZD)",
    "id": "bauskas-novads-evak-5"
   },
   "geometry": {
    "type": "Point",
    "coordinates": [
     24.532467,
     56.597979
    ]
   }
  },
  {
   "type": "Feature",
   "properties": {
    "kategorija": "evakuacijas_punkts",
    "nosaukums": "Vecumnieku Tautas nams",
    "adrese": "Rīgas iela5. Vecumnieki",
    "pasvaldiba": "Bauskas novads",
    "pasvaldiba_slug": "bauskas-novads",
    "nr_plana": null,
    "avots_teksts": "Avots: Bauskas novada CA plāns, lpp. 107",
    "plans_url": "https://www.bauskasnovads.lv/lv/media/2665/download?attachment",
    "plans_fails": "bauska_stca_plans_2022_precizets.md",
    "lpp": 107,
    "citats": "- Vecumnieku Tautas nams, Rīgas iela5. Vecumnieki.",
    "izdevejs": "Bauskas novads (pašvaldība)",
    "geokodesana": "varis_address",
    "adrese_vzd": "Rīgas iela 5, Vecumnieki, Vecumnieku pag., Bauskas nov., LV-3933",
    "vzd_kods": "101604077",
    "plana_lat": null,
    "plana_lon": null,
    "koord_teksts": null,
    "karodzini": [],
    "komentars": "Avots: Bauskas novada CA plāns, lpp. 107 · vieta noteikta pēc adreses (VZD)",
    "id": "bauskas-novads-evak-6"
   },
   "geometry": {
    "type": "Point",
    "coordinates": [
     24.521676,
     56.606929
    ]
   }
  },
  {
   "type": "Feature",
   "properties": {
    "kategorija": "evakuacijas_punkts",
    "nosaukums": "Centrs",
    "adrese": "Vienības laukums,Daugavpils",
    "pasvaldiba": "Daugavpils",
    "pasvaldiba_slug": "daugavpils",
    "nr_plana": 1,
    "avots_teksts": "Avots: Daugavpils CA plāns, lpp. 135",
    "plans_url": "https://www.augsdaugavasnovads.lv/lv/media/11277/download?attachment",
    "plans_fails": "cap_aktualizets_2026_05_gala_novads.md",
    "lpp": 135,
    "citats": "|1.|Centrs|Vienības laukums,Daugavpils|55.87122|26.51605|",
    "izdevejs": "Daugavpils (pašvaldība)",
    "geokodesana": "plan_coords",
    "adrese_vzd": null,
    "vzd_kods": null,
    "plana_lat": 55.87122,
    "plana_lon": 26.51605,
    "koord_teksts": "55.87122|26.51605",
    "karodzini": [],
    "komentars": "Avots: Daugavpils CA plāns, lpp. 135",
    "id": "daugavpils-evak-1"
   },
   "geometry": {
    "type": "Point",
    "coordinates": [
     26.51605,
     55.87122
    ]
   }
  },
  {
   "type": "Feature",
   "properties": {
    "kategorija": "evakuacijas_punkts",
    "nosaukums": "Centrs",
    "adrese": "Daugavpils autoosta; Viestura iela 10,blakus,Daugavpils",
    "pasvaldiba": "Daugavpils",
    "pasvaldiba_slug": "daugavpils",
    "nr_plana": 1,
    "avots_teksts": "Avots: Daugavpils CA plāns, lpp. 135",
    "plans_url": "https://www.augsdaugavasnovads.lv/lv/media/11277/download?attachment",
    "plans_fails": "cap_aktualizets_2026_05_gala_novads.md",
    "lpp": 135,
    "citats": "|||Daugavpils autoosta; Viestura iela|||",
    "izdevejs": "Daugavpils (pašvaldība)",
    "geokodesana": "plan_coords",
    "adrese_vzd": "Viestura iela 10, Daugavpils, LV-5401",
    "vzd_kods": "102587365",
    "plana_lat": 55.87116,
    "plana_lon": 26.52588,
    "koord_teksts": "55.87116|26.52588",
    "karodzini": [],
    "izvilkuma_piezime": "Second location of row 1 (unnumbered). Row is spread over several table lines in the conversion (address and coordinates on separate lines); citats is the line with the neighbourhood/address start.",
    "komentars": "Avots: Daugavpils CA plāns, lpp. 135",
    "id": "daugavpils-evak-2"
   },
   "geometry": {
    "type": "Point",
    "coordinates": [
     26.52588,
     55.87116
    ]
   }
  },
  {
   "type": "Feature",
   "properties": {
    "kategorija": "evakuacijas_punkts",
    "nosaukums": "Esplanāde",
    "adrese": "Vienības iela 30, pretī (stāvlaukums) Daugavpils",
    "pasvaldiba": "Daugavpils",
    "pasvaldiba_slug": "daugavpils",
    "nr_plana": 2,
    "avots_teksts": "Avots: Daugavpils CA plāns, lpp. 135",
    "plans_url": "https://www.augsdaugavasnovads.lv/lv/media/11277/download?attachment",
    "plans_fails": "cap_aktualizets_2026_05_gala_novads.md",
    "lpp": 135,
    "citats": "|2.|Esplanāde|Vienības iela 30, pretī (stāvlaukums)|||",
    "izdevejs": "Daugavpils (pašvaldība)",
    "geokodesana": "plan_coords",
    "adrese_vzd": null,
    "vzd_kods": null,
    "plana_lat": 55.87284,
    "plana_lon": 26.51265,
    "koord_teksts": "55.87284|26.51265",
    "karodzini": [],
    "izvilkuma_piezime": "Row is spread over several table lines in the conversion (address and coordinates on separate lines); citats is the line with the neighbourhood/address start.",
    "komentars": "Avots: Daugavpils CA plāns, lpp. 135",
    "id": "daugavpils-evak-3"
   },
   "geometry": {
    "type": "Point",
    "coordinates": [
     26.51265,
     55.87284
    ]
   }
  },
  {
   "type": "Feature",
   "properties": {
    "kategorija": "evakuacijas_punkts",
    "nosaukums": "Cietoksnis",
    "adrese": "Odu iela, blakus (stāvlaukums) Daugavpils",
    "pasvaldiba": "Daugavpils",
    "pasvaldiba_slug": "daugavpils",
    "nr_plana": 3,
    "avots_teksts": "Avots: Daugavpils CA plāns, lpp. 135",
    "plans_url": "https://www.augsdaugavasnovads.lv/lv/media/11277/download?attachment",
    "plans_fails": "cap_aktualizets_2026_05_gala_novads.md",
    "lpp": 135,
    "citats": "|3.|Cietoksnis|Odu iela, blakus (stāvlaukums)|||",
    "izdevejs": "Daugavpils (pašvaldība)",
    "geokodesana": "plan_coords",
    "adrese_vzd": null,
    "vzd_kods": null,
    "plana_lat": 55.88645,
    "plana_lon": 26.50523,
    "koord_teksts": "55.88645|26.50523",
    "karodzini": [],
    "izvilkuma_piezime": "Row is spread over several table lines in the conversion (address and coordinates on separate lines); citats is the line with the neighbourhood/address start.",
    "komentars": "Avots: Daugavpils CA plāns, lpp. 135",
    "id": "daugavpils-evak-4"
   },
   "geometry": {
    "type": "Point",
    "coordinates": [
     26.50523,
     55.88645
    ]
   }
  },
  {
   "type": "Feature",
   "properties": {
    "kategorija": "evakuacijas_punkts",
    "nosaukums": "Vizbuļi",
    "adrese": "Ceriņu ielas un Melleņu ielas krustojums,Daugavpils",
    "pasvaldiba": "Daugavpils",
    "pasvaldiba_slug": "daugavpils",
    "nr_plana": 4,
    "avots_teksts": "Avots: Daugavpils CA plāns, lpp. 135",
    "plans_url": "https://www.augsdaugavasnovads.lv/lv/media/11277/download?attachment",
    "plans_fails": "cap_aktualizets_2026_05_gala_novads.md",
    "lpp": 135,
    "citats": "|4.|Vizbuļi|Ceriņu ielas un Melleņu ielas|||",
    "izdevejs": "Daugavpils (pašvaldība)",
    "geokodesana": "plan_coords",
    "adrese_vzd": null,
    "vzd_kods": null,
    "plana_lat": 55.9054,
    "plana_lon": 26.48356,
    "koord_teksts": "55.90540|26.48356",
    "karodzini": [],
    "izvilkuma_piezime": "Row is spread over several table lines in the conversion (address and coordinates on separate lines); citats is the line with the neighbourhood/address start.",
    "komentars": "Avots: Daugavpils CA plāns, lpp. 135",
    "id": "daugavpils-evak-5"
   },
   "geometry": {
    "type": "Point",
    "coordinates": [
     26.48356,
     55.9054
    ]
   }
  },
  {
   "type": "Feature",
   "properties": {
    "kategorija": "evakuacijas_punkts",
    "nosaukums": "Dzintari",
    "adrese": "Autobusa pietura Dzintari, Daugavpils",
    "pasvaldiba": "Daugavpils",
    "pasvaldiba_slug": "daugavpils",
    "nr_plana": 5,
    "avots_teksts": "Avots: Daugavpils CA plāns, lpp. 135",
    "plans_url": "https://www.augsdaugavasnovads.lv/lv/media/11277/download?attachment",
    "plans_fails": "cap_aktualizets_2026_05_gala_novads.md",
    "lpp": 135,
    "citats": "|5.|Dzintari|Autobusa pietura Dzintari,|||",
    "izdevejs": "Daugavpils (pašvaldība)",
    "geokodesana": "plan_coords",
    "adrese_vzd": null,
    "vzd_kods": null,
    "plana_lat": 55.89925,
    "plana_lon": 26.46691,
    "koord_teksts": "55.89925|26.46691",
    "karodzini": [],
    "izvilkuma_piezime": "Row is spread over several table lines in the conversion (address and coordinates on separate lines); citats is the line with the neighbourhood/address start.",
    "komentars": "Avots: Daugavpils CA plāns, lpp. 135",
    "id": "daugavpils-evak-6"
   },
   "geometry": {
    "type": "Point",
    "coordinates": [
     26.46691,
     55.89925
    ]
   }
  },
  {
   "type": "Feature",
   "properties": {
    "kategorija": "evakuacijas_punkts",
    "nosaukums": "Mežciems",
    "adrese": "Autobusapietura Mežciems,blakus",
    "pasvaldiba": "Daugavpils",
    "pasvaldiba_slug": "daugavpils",
    "nr_plana": 6,
    "avots_teksts": "Avots: Daugavpils CA plāns, lpp. 135",
    "plans_url": "https://www.augsdaugavasnovads.lv/lv/media/11277/download?attachment",
    "plans_fails": "cap_aktualizets_2026_05_gala_novads.md",
    "lpp": 135,
    "citats": "|6.|Mežciems|Autobusapietura Mežciems,blakus|55.91190|26.44835|",
    "izdevejs": "Daugavpils (pašvaldība)",
    "geokodesana": "plan_coords",
    "adrese_vzd": null,
    "vzd_kods": null,
    "plana_lat": 55.9119,
    "plana_lon": 26.44835,
    "koord_teksts": "55.91190|26.44835",
    "karodzini": [],
    "komentars": "Avots: Daugavpils CA plāns, lpp. 135",
    "id": "daugavpils-evak-7"
   },
   "geometry": {
    "type": "Point",
    "coordinates": [
     26.44835,
     55.9119
    ]
   }
  },
  {
   "type": "Feature",
   "properties": {
    "kategorija": "evakuacijas_punkts",
    "nosaukums": "Viduspoguļanka",
    "adrese": "Autobusapietura - Vāveru iela",
    "pasvaldiba": "Daugavpils",
    "pasvaldiba_slug": "daugavpils",
    "nr_plana": 7,
    "avots_teksts": "Avots: Daugavpils CA plāns, lpp. 135",
    "plans_url": "https://www.augsdaugavasnovads.lv/lv/media/11277/download?attachment",
    "plans_fails": "cap_aktualizets_2026_05_gala_novads.md",
    "lpp": 135,
    "citats": "|7.|Viduspoguļanka|Autobusapietura  - Vāveru iela|55.91279|26.49371|",
    "izdevejs": "Daugavpils (pašvaldība)",
    "geokodesana": "plan_coords",
    "adrese_vzd": null,
    "vzd_kods": null,
    "plana_lat": 55.91279,
    "plana_lon": 26.49371,
    "koord_teksts": "55.91279|26.49371",
    "karodzini": [],
    "komentars": "Avots: Daugavpils CA plāns, lpp. 135",
    "id": "daugavpils-evak-8"
   },
   "geometry": {
    "type": "Point",
    "coordinates": [
     26.49371,
     55.91279
    ]
   }
  },
  {
   "type": "Feature",
   "properties": {
    "kategorija": "evakuacijas_punkts",
    "nosaukums": "Jaunā Forštadte",
    "adrese": "Daugavpils draudzīgā aicinājuma vidusskola, Aveņu iela 40,blakus,Daugavpils",
    "pasvaldiba": "Daugavpils",
    "pasvaldiba_slug": "daugavpils",
    "nr_plana": 8,
    "avots_teksts": "Avots: Daugavpils CA plāns, lpp. 135",
    "plans_url": "https://www.augsdaugavasnovads.lv/lv/media/11277/download?attachment",
    "plans_fails": "cap_aktualizets_2026_05_gala_novads.md",
    "lpp": 135,
    "citats": "|8.|Jaunā Forštadte|Daugavpils draudzīgā aicinājuma|||",
    "izdevejs": "Daugavpils (pašvaldība)",
    "geokodesana": "plan_coords",
    "adrese_vzd": "Aveņu iela 40, Daugavpils, LV-5422",
    "vzd_kods": "101795238",
    "plana_lat": 55.90454,
    "plana_lon": 26.52962,
    "koord_teksts": "55.90454|26.52962",
    "karodzini": [],
    "izvilkuma_piezime": "Row is spread over several table lines in the conversion (address and coordinates on separate lines); citats is the line with the neighbourhood/address start.",
    "komentars": "Avots: Daugavpils CA plāns, lpp. 135",
    "id": "daugavpils-evak-9"
   },
   "geometry": {
    "type": "Point",
    "coordinates": [
     26.52962,
     55.90454
    ]
   }
  },
  {
   "type": "Feature",
   "properties": {
    "kategorija": "evakuacijas_punkts",
    "nosaukums": "Vecā Forštadte",
    "adrese": "Forštates kultūras nams, Vidzemes iela 41A,Daugavpils",
    "pasvaldiba": "Daugavpils",
    "pasvaldiba_slug": "daugavpils",
    "nr_plana": 9,
    "avots_teksts": "Avots: Daugavpils CA plāns, lpp. 135",
    "plans_url": "https://www.augsdaugavasnovads.lv/lv/media/11277/download?attachment",
    "plans_fails": "cap_aktualizets_2026_05_gala_novads.md",
    "lpp": 135,
    "citats": "|9.|Vecā Forštadte|Forštates kultūras nams,|||",
    "izdevejs": "Daugavpils (pašvaldība)",
    "geokodesana": "plan_coords",
    "adrese_vzd": "Vidzemes iela 41A, Daugavpils, LV-5422",
    "vzd_kods": "105937287",
    "plana_lat": 55.90315,
    "plana_lon": 26.51326,
    "koord_teksts": "55.90315|26.51326",
    "karodzini": [],
    "izvilkuma_piezime": "Row is spread over several table lines in the conversion (address and coordinates on separate lines); citats is the line with the neighbourhood/address start.",
    "komentars": "Avots: Daugavpils CA plāns, lpp. 135",
    "id": "daugavpils-evak-10"
   },
   "geometry": {
    "type": "Point",
    "coordinates": [
     26.51326,
     55.90315
    ]
   }
  },
  {
   "type": "Feature",
   "properties": {
    "kategorija": "evakuacijas_punkts",
    "nosaukums": "Ezermala",
    "adrese": "Krastu iela,Daugavpils",
    "pasvaldiba": "Daugavpils",
    "pasvaldiba_slug": "daugavpils",
    "nr_plana": 10,
    "avots_teksts": "Avots: Daugavpils CA plāns, lpp. 135",
    "plans_url": "https://www.augsdaugavasnovads.lv/lv/media/11277/download?attachment",
    "plans_fails": "cap_aktualizets_2026_05_gala_novads.md",
    "lpp": 135,
    "citats": "|10.|Ezermala|Krastu iela,Daugavpils|55.89535|26.50292|",
    "izdevejs": "Daugavpils (pašvaldība)",
    "geokodesana": "plan_coords",
    "adrese_vzd": null,
    "vzd_kods": null,
    "plana_lat": 55.89535,
    "plana_lon": 26.50292,
    "koord_teksts": "55.89535|26.50292",
    "karodzini": [],
    "komentars": "Avots: Daugavpils CA plāns, lpp. 135",
    "id": "daugavpils-evak-11"
   },
   "geometry": {
    "type": "Point",
    "coordinates": [
     26.50292,
     55.89535
    ]
   }
  },
  {
   "type": "Feature",
   "properties": {
    "kategorija": "evakuacijas_punkts",
    "nosaukums": "Dzelzceļnieks",
    "adrese": "Malu iela 7, blakus, stāvlaukums ,Daugavpils",
    "pasvaldiba": "Daugavpils",
    "pasvaldiba_slug": "daugavpils",
    "nr_plana": 11,
    "avots_teksts": "Avots: Daugavpils CA plāns, lpp. 135",
    "plans_url": "https://www.augsdaugavasnovads.lv/lv/media/11277/download?attachment",
    "plans_fails": "cap_aktualizets_2026_05_gala_novads.md",
    "lpp": 135,
    "citats": "|11.|Dzelzceļnieks|Malu iela 7, blakus, stāvlaukums|||",
    "izdevejs": "Daugavpils (pašvaldība)",
    "geokodesana": "plan_coords",
    "adrese_vzd": "Malu iela 7, Daugavpils, LV-5401",
    "vzd_kods": "101801808",
    "plana_lat": 55.88077,
    "plana_lon": 26.52629,
    "koord_teksts": "55.88077|26.52629",
    "karodzini": [],
    "izvilkuma_piezime": "Row is spread over several table lines in the conversion (address and coordinates on separate lines); citats is the line with the neighbourhood/address start.",
    "komentars": "Avots: Daugavpils CA plāns, lpp. 135",
    "id": "daugavpils-evak-12"
   },
   "geometry": {
    "type": "Point",
    "coordinates": [
     26.52629,
     55.88077
    ]
   }
  },
  {
   "type": "Feature",
   "properties": {
    "kategorija": "evakuacijas_punkts",
    "nosaukums": "Ķīmija",
    "adrese": "Arhitektu iela 10,Daugavpils",
    "pasvaldiba": "Daugavpils",
    "pasvaldiba_slug": "daugavpils",
    "nr_plana": 12,
    "avots_teksts": "Avots: Daugavpils CA plāns, lpp. 135",
    "plans_url": "https://www.augsdaugavasnovads.lv/lv/media/11277/download?attachment",
    "plans_fails": "cap_aktualizets_2026_05_gala_novads.md",
    "lpp": 135,
    "citats": "|12.|Ķīmija|Arhitektu iela 10,Daugavpils|55.89240|26.56207|",
    "izdevejs": "Daugavpils (pašvaldība)",
    "geokodesana": "plan_coords",
    "adrese_vzd": "Arhitektu iela 10, Daugavpils, LV-5410",
    "vzd_kods": "103933600",
    "plana_lat": 55.8924,
    "plana_lon": 26.56207,
    "koord_teksts": "55.89240|26.56207",
    "karodzini": [],
    "komentars": "Avots: Daugavpils CA plāns, lpp. 135",
    "id": "daugavpils-evak-13"
   },
   "geometry": {
    "type": "Point",
    "coordinates": [
     26.56207,
     55.8924
    ]
   }
  },
  {
   "type": "Feature",
   "properties": {
    "kategorija": "evakuacijas_punkts",
    "nosaukums": "Jaunbūve",
    "adrese": "Tautas iela 11,Daugavpils",
    "pasvaldiba": "Daugavpils",
    "pasvaldiba_slug": "daugavpils",
    "nr_plana": 13,
    "avots_teksts": "Avots: Daugavpils CA plāns, lpp. 135",
    "plans_url": "https://www.augsdaugavasnovads.lv/lv/media/11277/download?attachment",
    "plans_fails": "cap_aktualizets_2026_05_gala_novads.md",
    "lpp": 135,
    "citats": "|13.|Jaunbūve|Tautas iela 11,Daugavpils|55.87329|26.54113|",
    "izdevejs": "Daugavpils (pašvaldība)",
    "geokodesana": "plan_coords",
    "adrese_vzd": "Tautas iela 11, Daugavpils, LV-5404",
    "vzd_kods": "101808322",
    "plana_lat": 55.87329,
    "plana_lon": 26.54113,
    "koord_teksts": "55.87329|26.54113",
    "karodzini": [],
    "komentars": "Avots: Daugavpils CA plāns, lpp. 135",
    "id": "daugavpils-evak-14"
   },
   "geometry": {
    "type": "Point",
    "coordinates": [
     26.54113,
     55.87329
    ]
   }
  },
  {
   "type": "Feature",
   "properties": {
    "kategorija": "evakuacijas_punkts",
    "nosaukums": "Jaunbūve",
    "adrese": "Kultūras pils, Smilšu iela 92,Daugavpils",
    "pasvaldiba": "Daugavpils",
    "pasvaldiba_slug": "daugavpils",
    "nr_plana": 13,
    "avots_teksts": "Avots: Daugavpils CA plāns, lpp. 135",
    "plans_url": "https://www.augsdaugavasnovads.lv/lv/media/11277/download?attachment",
    "plans_fails": "cap_aktualizets_2026_05_gala_novads.md",
    "lpp": 135,
    "citats": "|||Kultūras pils,|||",
    "izdevejs": "Daugavpils (pašvaldība)",
    "geokodesana": "plan_coords",
    "adrese_vzd": "Smilšu iela 92, Daugavpils, LV-5410",
    "vzd_kods": "101806890",
    "plana_lat": 55.88717,
    "plana_lon": 26.55438,
    "koord_teksts": "55.88717|26.55438",
    "karodzini": [],
    "izvilkuma_piezime": "Second location of row 13 (unnumbered). Row is spread over several table lines in the conversion (address and coordinates on separate lines); citats is the line with the neighbourhood/address start.",
    "komentars": "Avots: Daugavpils CA plāns, lpp. 135",
    "id": "daugavpils-evak-15"
   },
   "geometry": {
    "type": "Point",
    "coordinates": [
     26.55438,
     55.88717
    ]
   }
  },
  {
   "type": "Feature",
   "properties": {
    "kategorija": "evakuacijas_punkts",
    "nosaukums": "Gajoks",
    "adrese": "Nometņu ielas un Dzelzceļu ielas krustojums,Daugavpils",
    "pasvaldiba": "Daugavpils",
    "pasvaldiba_slug": "daugavpils",
    "nr_plana": 14,
    "avots_teksts": "Avots: Daugavpils CA plāns, lpp. 136",
    "plans_url": "https://www.augsdaugavasnovads.lv/lv/media/11277/download?attachment",
    "plans_fails": "cap_aktualizets_2026_05_gala_novads.md",
    "lpp": 136,
    "citats": "|14.|Gajoks|Nometņu ielas un Dzelzceļu ielas|||",
    "izdevejs": "Daugavpils (pašvaldība)",
    "geokodesana": "plan_coords",
    "adrese_vzd": null,
    "vzd_kods": null,
    "plana_lat": 55.86524,
    "plana_lon": 26.5342,
    "koord_teksts": "55.86524|26.53420",
    "karodzini": [],
    "izvilkuma_piezime": "Row is spread over several table lines in the conversion (address and coordinates on separate lines); citats is the line with the neighbourhood/address start.",
    "komentars": "Avots: Daugavpils CA plāns, lpp. 136",
    "id": "daugavpils-evak-16"
   },
   "geometry": {
    "type": "Point",
    "coordinates": [
     26.5342,
     55.86524
    ]
   }
  },
  {
   "type": "Feature",
   "properties": {
    "kategorija": "evakuacijas_punkts",
    "nosaukums": "Ruģeļi",
    "adrese": "Autobusu pietura - Apšu iela, Daugavpils",
    "pasvaldiba": "Daugavpils",
    "pasvaldiba_slug": "daugavpils",
    "nr_plana": 15,
    "avots_teksts": "Avots: Daugavpils CA plāns, lpp. 136",
    "plans_url": "https://www.augsdaugavasnovads.lv/lv/media/11277/download?attachment",
    "plans_fails": "cap_aktualizets_2026_05_gala_novads.md",
    "lpp": 136,
    "citats": "|15.|Ruģeļi|Autobusu pietura - Apšu iela,|||",
    "izdevejs": "Daugavpils (pašvaldība)",
    "geokodesana": "plan_coords",
    "adrese_vzd": null,
    "vzd_kods": null,
    "plana_lat": 55.86481,
    "plana_lon": 26.58855,
    "koord_teksts": "55.86481|26.58855",
    "karodzini": [],
    "izvilkuma_piezime": "Row is spread over several table lines in the conversion (address and coordinates on separate lines); citats is the line with the neighbourhood/address start.",
    "komentars": "Avots: Daugavpils CA plāns, lpp. 136",
    "id": "daugavpils-evak-17"
   },
   "geometry": {
    "type": "Point",
    "coordinates": [
     26.58855,
     55.86481
    ]
   }
  },
  {
   "type": "Feature",
   "properties": {
    "kategorija": "evakuacijas_punkts",
    "nosaukums": "Čerepova",
    "adrese": "Patversmes ielas un Augstā ielas krustojums,Daugavpils",
    "pasvaldiba": "Daugavpils",
    "pasvaldiba_slug": "daugavpils",
    "nr_plana": 16,
    "avots_teksts": "Avots: Daugavpils CA plāns, lpp. 136",
    "plans_url": "https://www.augsdaugavasnovads.lv/lv/media/11277/download?attachment",
    "plans_fails": "cap_aktualizets_2026_05_gala_novads.md",
    "lpp": 136,
    "citats": "|16.|Čerepova|Patversmes ielas un Augstā ielas|||",
    "izdevejs": "Daugavpils (pašvaldība)",
    "geokodesana": "plan_coords",
    "adrese_vzd": null,
    "vzd_kods": null,
    "plana_lat": 55.86907,
    "plana_lon": 26.55834,
    "koord_teksts": "55.86907|26.55834",
    "karodzini": [],
    "izvilkuma_piezime": "Row is spread over several table lines in the conversion (address and coordinates on separate lines); citats is the line with the neighbourhood/address start.",
    "komentars": "Avots: Daugavpils CA plāns, lpp. 136",
    "id": "daugavpils-evak-18"
   },
   "geometry": {
    "type": "Point",
    "coordinates": [
     26.55834,
     55.86907
    ]
   }
  },
  {
   "type": "Feature",
   "properties": {
    "kategorija": "evakuacijas_punkts",
    "nosaukums": "Grīva",
    "adrese": "Raiņa centrs, Komunālā iela 2,Daugavpils",
    "pasvaldiba": "Daugavpils",
    "pasvaldiba_slug": "daugavpils",
    "nr_plana": 17,
    "avots_teksts": "Avots: Daugavpils CA plāns, lpp. 136",
    "plans_url": "https://www.augsdaugavasnovads.lv/lv/media/11277/download?attachment",
    "plans_fails": "cap_aktualizets_2026_05_gala_novads.md",
    "lpp": 136,
    "citats": "|17.|Grīva|Raiņa centrs,|||",
    "izdevejs": "Daugavpils (pašvaldība)",
    "geokodesana": "plan_coords",
    "adrese_vzd": "Komunālā iela 2, Daugavpils, LV-5418",
    "vzd_kods": "101799702",
    "plana_lat": 55.86457,
    "plana_lon": 26.50325,
    "koord_teksts": "55.86457|26.50325",
    "karodzini": [],
    "izvilkuma_piezime": "Row is spread over several table lines in the conversion (address and coordinates on separate lines); citats is the line with the neighbourhood/address start.",
    "komentars": "Avots: Daugavpils CA plāns, lpp. 136",
    "id": "daugavpils-evak-19"
   },
   "geometry": {
    "type": "Point",
    "coordinates": [
     26.50325,
     55.86457
    ]
   }
  },
  {
   "type": "Feature",
   "properties": {
    "kategorija": "evakuacijas_punkts",
    "nosaukums": "Niderkūni",
    "adrese": "Kājnieku ielas un Transporta ielas krustojums,Daugavpils",
    "pasvaldiba": "Daugavpils",
    "pasvaldiba_slug": "daugavpils",
    "nr_plana": 18,
    "avots_teksts": "Avots: Daugavpils CA plāns, lpp. 136",
    "plans_url": "https://www.augsdaugavasnovads.lv/lv/media/11277/download?attachment",
    "plans_fails": "cap_aktualizets_2026_05_gala_novads.md",
    "lpp": 136,
    "citats": "|18.|Niderkūni|Kājnieku ielas un Transporta ielas|||",
    "izdevejs": "Daugavpils (pašvaldība)",
    "geokodesana": "plan_coords",
    "adrese_vzd": null,
    "vzd_kods": null,
    "plana_lat": 55.85451,
    "plana_lon": 26.49142,
    "koord_teksts": "55.85451|26.49142",
    "karodzini": [],
    "izvilkuma_piezime": "Row is spread over several table lines in the conversion (address and coordinates on separate lines); citats is the line with the neighbourhood/address start.",
    "komentars": "Avots: Daugavpils CA plāns, lpp. 136",
    "id": "daugavpils-evak-20"
   },
   "geometry": {
    "type": "Point",
    "coordinates": [
     26.49142,
     55.85451
    ]
   }
  },
  {
   "type": "Feature",
   "properties": {
    "kategorija": "evakuacijas_punkts",
    "nosaukums": "Kalkūni",
    "adrese": "Autobusa Pietura Kalkūni, Daugavpils",
    "pasvaldiba": "Daugavpils",
    "pasvaldiba_slug": "daugavpils",
    "nr_plana": 19,
    "avots_teksts": "Avots: Daugavpils CA plāns, lpp. 136",
    "plans_url": "https://www.augsdaugavasnovads.lv/lv/media/11277/download?attachment",
    "plans_fails": "cap_aktualizets_2026_05_gala_novads.md",
    "lpp": 136,
    "citats": "|19.|Kalkūni|Autobusa Pietura Kalkūni,|||",
    "izdevejs": "Daugavpils (pašvaldība)",
    "geokodesana": "plan_coords",
    "adrese_vzd": null,
    "vzd_kods": null,
    "plana_lat": 55.8412,
    "plana_lon": 26.49159,
    "koord_teksts": "55.84120|26.49159",
    "karodzini": [],
    "izvilkuma_piezime": "Row is spread over several table lines in the conversion (address and coordinates on separate lines); citats is the line with the neighbourhood/address start.",
    "komentars": "Avots: Daugavpils CA plāns, lpp. 136",
    "id": "daugavpils-evak-21"
   },
   "geometry": {
    "type": "Point",
    "coordinates": [
     26.49159,
     55.8412
    ]
   }
  },
  {
   "type": "Feature",
   "properties": {
    "kategorija": "evakuacijas_punkts",
    "nosaukums": "Ligiņiški",
    "adrese": "Liģinišķu iela,Daugavpils",
    "pasvaldiba": "Daugavpils",
    "pasvaldiba_slug": "daugavpils",
    "nr_plana": 20,
    "avots_teksts": "Avots: Daugavpils CA plāns, lpp. 136",
    "plans_url": "https://www.augsdaugavasnovads.lv/lv/media/11277/download?attachment",
    "plans_fails": "cap_aktualizets_2026_05_gala_novads.md",
    "lpp": 136,
    "citats": "|20.|Ligiņiški|Liģinišķu iela,Daugavpils|55.84988|26.52831|",
    "izdevejs": "Daugavpils (pašvaldība)",
    "geokodesana": "plan_coords",
    "adrese_vzd": null,
    "vzd_kods": null,
    "plana_lat": 55.84988,
    "plana_lon": 26.52831,
    "koord_teksts": "55.84988|26.52831",
    "karodzini": [],
    "komentars": "Avots: Daugavpils CA plāns, lpp. 136",
    "id": "daugavpils-evak-22"
   },
   "geometry": {
    "type": "Point",
    "coordinates": [
     26.52831,
     55.84988
    ]
   }
  },
  {
   "type": "Feature",
   "properties": {
    "kategorija": "evakuacijas_punkts",
    "nosaukums": "Judovka",
    "adrese": "Lielās un Silenes ielu krustojums, Daugavpils",
    "pasvaldiba": "Daugavpils",
    "pasvaldiba_slug": "daugavpils",
    "nr_plana": 21,
    "avots_teksts": "Avots: Daugavpils CA plāns, lpp. 136",
    "plans_url": "https://www.augsdaugavasnovads.lv/lv/media/11277/download?attachment",
    "plans_fails": "cap_aktualizets_2026_05_gala_novads.md",
    "lpp": 136,
    "citats": "|21.|Judovka|Lielās un Silenes ielu krustojums,|||",
    "izdevejs": "Daugavpils (pašvaldība)",
    "geokodesana": "plan_coords",
    "adrese_vzd": null,
    "vzd_kods": null,
    "plana_lat": 55.85632,
    "plana_lon": 26.54287,
    "koord_teksts": "55.85632|26.54287",
    "karodzini": [],
    "izvilkuma_piezime": "Row is spread over several table lines in the conversion (address and coordinates on separate lines); citats is the line with the neighbourhood/address start.",
    "komentars": "Avots: Daugavpils CA plāns, lpp. 136",
    "id": "daugavpils-evak-23"
   },
   "geometry": {
    "type": "Point",
    "coordinates": [
     26.54287,
     55.85632
    ]
   }
  },
  {
   "type": "Feature",
   "properties": {
    "kategorija": "evakuacijas_punkts",
    "nosaukums": "Jaunie Stropi",
    "adrese": "Priedīte, 2. bērnu nams-patversme, Turaidas iela 36,Daugavpils",
    "pasvaldiba": "Daugavpils",
    "pasvaldiba_slug": "daugavpils",
    "nr_plana": 22,
    "avots_teksts": "Avots: Daugavpils CA plāns, lpp. 136",
    "plans_url": "https://www.augsdaugavasnovads.lv/lv/media/11277/download?attachment",
    "plans_fails": "cap_aktualizets_2026_05_gala_novads.md",
    "lpp": 136,
    "citats": "|22.|Jaunie Stropi|Priedīte, 2. bērnu nams-patversme,|||",
    "izdevejs": "Daugavpils (pašvaldība)",
    "geokodesana": "plan_coords",
    "adrese_vzd": "Turaidas iela 36, Daugavpils, LV-5417",
    "vzd_kods": "101809164",
    "plana_lat": 55.91198,
    "plana_lon": 26.58025,
    "koord_teksts": "55.91198|26.58025",
    "karodzini": [],
    "izvilkuma_piezime": "Row is spread over several table lines in the conversion (address and coordinates on separate lines); citats is the line with the neighbourhood/address start.",
    "komentars": "Avots: Daugavpils CA plāns, lpp. 136",
    "id": "daugavpils-evak-24"
   },
   "geometry": {
    "type": "Point",
    "coordinates": [
     26.58025,
     55.91198
    ]
   }
  },
  {
   "type": "Feature",
   "properties": {
    "kategorija": "evakuacijas_punkts",
    "nosaukums": "Mazie Stropi",
    "adrese": "Dravnieku iela,Daugavpils",
    "pasvaldiba": "Daugavpils",
    "pasvaldiba_slug": "daugavpils",
    "nr_plana": 23,
    "avots_teksts": "Avots: Daugavpils CA plāns, lpp. 136",
    "plans_url": "https://www.augsdaugavasnovads.lv/lv/media/11277/download?attachment",
    "plans_fails": "cap_aktualizets_2026_05_gala_novads.md",
    "lpp": 136,
    "citats": "|23.|Mazie Stropi|Dravnieku iela,Daugavpils|55.93347|26.60043|",
    "izdevejs": "Daugavpils (pašvaldība)",
    "geokodesana": "plan_coords",
    "adrese_vzd": null,
    "vzd_kods": null,
    "plana_lat": 55.93347,
    "plana_lon": 26.60043,
    "koord_teksts": "55.93347|26.60043",
    "karodzini": [],
    "komentars": "Avots: Daugavpils CA plāns, lpp. 136",
    "id": "daugavpils-evak-25"
   },
   "geometry": {
    "type": "Point",
    "coordinates": [
     26.60043,
     55.93347
    ]
   }
  },
  {
   "type": "Feature",
   "properties": {
    "kategorija": "evakuacijas_punkts",
    "nosaukums": "Vecstropi",
    "adrese": "Autobusa pietura – Mēness iela, Daugavpils",
    "pasvaldiba": "Daugavpils",
    "pasvaldiba_slug": "daugavpils",
    "nr_plana": 24,
    "avots_teksts": "Avots: Daugavpils CA plāns, lpp. 136",
    "plans_url": "https://www.augsdaugavasnovads.lv/lv/media/11277/download?attachment",
    "plans_fails": "cap_aktualizets_2026_05_gala_novads.md",
    "lpp": 136,
    "citats": "|24.|Vecstropi|Autobusa pietura – Mēness iela,|||",
    "izdevejs": "Daugavpils (pašvaldība)",
    "geokodesana": "plan_coords",
    "adrese_vzd": null,
    "vzd_kods": null,
    "plana_lat": 55.89301,
    "plana_lon": 26.59827,
    "koord_teksts": "55.89301|26.59827",
    "karodzini": [],
    "izvilkuma_piezime": "Row is spread over several table lines in the conversion (address and coordinates on separate lines); citats is the line with the neighbourhood/address start.",
    "komentars": "Avots: Daugavpils CA plāns, lpp. 136",
    "id": "daugavpils-evak-26"
   },
   "geometry": {
    "type": "Point",
    "coordinates": [
     26.59827,
     55.89301
    ]
   }
  },
  {
   "type": "Feature",
   "properties": {
    "kategorija": "evakuacijas_punkts",
    "nosaukums": "Križi",
    "adrese": "Poligona iela 50,blakus,Daugavpils",
    "pasvaldiba": "Daugavpils",
    "pasvaldiba_slug": "daugavpils",
    "nr_plana": 25,
    "avots_teksts": "Avots: Daugavpils CA plāns, lpp. 136",
    "plans_url": "https://www.augsdaugavasnovads.lv/lv/media/11277/download?attachment",
    "plans_fails": "cap_aktualizets_2026_05_gala_novads.md",
    "lpp": 136,
    "citats": "|25.|Križi|Poligona iela 50,blakus,Daugavpils|55.94234|26.59569|",
    "izdevejs": "Daugavpils (pašvaldība)",
    "geokodesana": "plan_coords",
    "adrese_vzd": "Poligona iela 50, Daugavpils, LV-5413",
    "vzd_kods": "102565067",
    "plana_lat": 55.94234,
    "plana_lon": 26.59569,
    "koord_teksts": "55.94234|26.59569",
    "karodzini": [],
    "komentars": "Avots: Daugavpils CA plāns, lpp. 136",
    "id": "daugavpils-evak-27"
   },
   "geometry": {
    "type": "Point",
    "coordinates": [
     26.59569,
     55.94234
    ]
   }
  },
  {
   "type": "Feature",
   "properties": {
    "kategorija": "evakuacijas_punkts",
    "nosaukums": "pie pagasta pārvaldes",
    "adrese": "Ķieģeļu ielā 4, Kalkūni, Kalkūnes pagasts, Augšdaugavas novads",
    "pasvaldiba": "Daugavpils",
    "pasvaldiba_slug": "daugavpils",
    "nr_plana": 14,
    "avots_teksts": "Avots: Daugavpils CA plāns, lpp. 137",
    "plans_url": "https://www.augsdaugavasnovads.lv/lv/media/11277/download?attachment",
    "plans_fails": "cap_aktualizets_2026_05_gala_novads.md",
    "lpp": 137,
    "citats": "||Kalkūnes pagasts|pie pagasta pārvaldes|<br>Kalkūnes pagasts,|55,848407|26,490716|",
    "izdevejs": "Daugavpils (pašvaldība)",
    "geokodesana": "plan_coords",
    "adrese_vzd": "Ķieģeļu iela 4, Kalkūni, Kalkūnes pag., Augšdaugavas nov., LV-5449",
    "vzd_kods": "102279424",
    "plana_lat": 55.848407,
    "plana_lon": 26.490716,
    "koord_teksts": "55,848407|26,490716",
    "karodzini": [],
    "izvilkuma_piezime": "Row spread over several table lines; address assembled from the lines of the same row; citats is the line holding the parish/place name.",
    "komentars": "Avots: Daugavpils CA plāns, lpp. 137",
    "id": "daugavpils-evak-28"
   },
   "geometry": {
    "type": "Point",
    "coordinates": [
     26.490716,
     55.848407
    ]
   }
  },
  {
   "type": "Feature",
   "properties": {
    "kategorija": "evakuacijas_punkts",
    "nosaukums": "pie Naujenes sociālo pakalpojumu un sociālās palīdzības centra",
    "adrese": "18. Novembra iela 392, Vecstropi, Naujenes pagasts, Augšdaugavas novads",
    "pasvaldiba": "Daugavpils",
    "pasvaldiba_slug": "daugavpils",
    "nr_plana": 23,
    "avots_teksts": "Avots: Daugavpils CA plāns, lpp. 138",
    "plans_url": "https://www.augsdaugavasnovads.lv/lv/media/11277/download?attachment",
    "plans_fails": "cap_aktualizets_2026_05_gala_novads.md",
    "lpp": 138,
    "citats": "|||pie Naujenes sociālo||||",
    "izdevejs": "Daugavpils (pašvaldība)",
    "geokodesana": "plan_coords",
    "adrese_vzd": null,
    "vzd_kods": null,
    "plana_lat": 55.896496,
    "plana_lon": 26.611443,
    "koord_teksts": "55,896496|26,611443",
    "karodzini": [],
    "izvilkuma_piezime": "Row spread over several table lines; address assembled from the lines of the same row; citats is the line holding the parish/place name. Place name spread over 3 lines ('pie Naujenes sociālo / pakalpojumu un sociālās / palīdzības centra'); coordinates on the line with the parish name.",
    "komentars": "Avots: Daugavpils CA plāns, lpp. 138",
    "id": "daugavpils-evak-29"
   },
   "geometry": {
    "type": "Point",
    "coordinates": [
     26.611443,
     55.896496
    ]
   }
  },
  {
   "type": "Feature",
   "properties": {
    "kategorija": "evakuacijas_punkts",
    "nosaukums": "Dobeles pilsēta Tirgus laukums",
    "adrese": "Tirgus laukums, Dobele, Dobeles novads",
    "pasvaldiba": "Dobeles novads",
    "pasvaldiba_slug": "dobeles-novads",
    "nr_plana": 1,
    "avots_teksts": "Avots: Dobeles novada CA plāns",
    "plans_url": "https://www.dobele.lv/lv/media/39263/download?attachment",
    "plans_fails": "dobeles_novada_sadarbibas_teritorijas_ca_plans.md",
    "lpp": null,
    "citats": "<td style=\"text-align: center;\">Dobeles pilsēta Tirgus laukums</td>",
    "izdevejs": "Dobeles novads (pašvaldība)",
    "geokodesana": "plan_coords",
    "adrese_vzd": null,
    "vzd_kods": null,
    "plana_lat": 56.623377,
    "plana_lon": 23.281377,
    "koord_teksts": "56,623377; 23,281377",
    "karodzini": [],
    "komentars": "Avots: Dobeles novada CA plāns",
    "id": "dobeles-novads-evak-1"
   },
   "geometry": {
    "type": "Point",
    "coordinates": [
     23.281377,
     56.623377
    ]
   }
  },
  {
   "type": "Feature",
   "properties": {
    "kategorija": "evakuacijas_punkts",
    "nosaukums": "Dobeles pilsēta Krasta ielas masīvs",
    "adrese": "Krasta iela 7, Dobele, Dobeles novads",
    "pasvaldiba": "Dobeles novads",
    "pasvaldiba_slug": "dobeles-novads",
    "nr_plana": 2,
    "avots_teksts": "Avots: Dobeles novada CA plāns",
    "plans_url": "https://www.dobele.lv/lv/media/39263/download?attachment",
    "plans_fails": "dobeles_novada_sadarbibas_teritorijas_ca_plans.md",
    "lpp": null,
    "citats": "<td style=\"text-align: center;\">Dobeles pilsēta Krasta ielas masīvs</td>",
    "izdevejs": "Dobeles novads (pašvaldība)",
    "geokodesana": "plan_coords",
    "adrese_vzd": "Krasta iela 7, Dobele, Dobeles nov., LV-3701",
    "vzd_kods": "101554887",
    "plana_lat": 56.615415,
    "plana_lon": 23.283708,
    "koord_teksts": "56,615415; 23,283708",
    "karodzini": [],
    "komentars": "Avots: Dobeles novada CA plāns",
    "id": "dobeles-novads-evak-2"
   },
   "geometry": {
    "type": "Point",
    "coordinates": [
     23.283708,
     56.615415
    ]
   }
  },
  {
   "type": "Feature",
   "properties": {
    "kategorija": "evakuacijas_punkts",
    "nosaukums": "Dobeles pilsēta Bērzes ielas masīvs",
    "adrese": "Gaurata iela 1, , Dobele, Dobeles novads",
    "pasvaldiba": "Dobeles novads",
    "pasvaldiba_slug": "dobeles-novads",
    "nr_plana": 3,
    "avots_teksts": "Avots: Dobeles novada CA plāns",
    "plans_url": "https://www.dobele.lv/lv/media/39263/download?attachment",
    "plans_fails": "dobeles_novada_sadarbibas_teritorijas_ca_plans.md",
    "lpp": null,
    "citats": "<td style=\"text-align: center;\">Dobeles pilsēta Bērzes ielas masīvs</td>",
    "izdevejs": "Dobeles novads (pašvaldība)",
    "geokodesana": "plan_coords",
    "adrese_vzd": "Gaurata iela 1, Dobele, Dobeles nov., LV-3701",
    "vzd_kods": "102263845",
    "plana_lat": 56.634378,
    "plana_lon": 23.283137,
    "koord_teksts": "56,634378; 23,283137",
    "karodzini": [],
    "komentars": "Avots: Dobeles novada CA plāns",
    "id": "dobeles-novads-evak-3"
   },
   "geometry": {
    "type": "Point",
    "coordinates": [
     23.283137,
     56.634378
    ]
   }
  },
  {
   "type": "Feature",
   "properties": {
    "kategorija": "evakuacijas_punkts",
    "nosaukums": "Dobeles pilsētas stadions",
    "adrese": "Tērvetes iela 1, , Dobele, Dobeles novads",
    "pasvaldiba": "Dobeles novads",
    "pasvaldiba_slug": "dobeles-novads",
    "nr_plana": 4,
    "avots_teksts": "Avots: Dobeles novada CA plāns",
    "plans_url": "https://www.dobele.lv/lv/media/39263/download?attachment",
    "plans_fails": "dobeles_novada_sadarbibas_teritorijas_ca_plans.md",
    "lpp": null,
    "citats": "<td style=\"text-align: center;\">Dobeles pilsētas stadions</td>",
    "izdevejs": "Dobeles novads (pašvaldība)",
    "geokodesana": "plan_coords",
    "adrese_vzd": "Tērvetes iela 1, Dobele, Dobeles nov., LV-3701",
    "vzd_kods": "101558798",
    "plana_lat": 56.620447,
    "plana_lon": 23.272068,
    "koord_teksts": "56,620447; 23,272068",
    "karodzini": [],
    "komentars": "Avots: Dobeles novada CA plāns",
    "id": "dobeles-novads-evak-4"
   },
   "geometry": {
    "type": "Point",
    "coordinates": [
     23.272068,
     56.620447
    ]
   }
  },
  {
   "type": "Feature",
   "properties": {
    "kategorija": "evakuacijas_punkts",
    "nosaukums": "Auces pilsētā - Aspazijas laukums",
    "adrese": "Auces pilsētā - Aspazijas laukums, Auce, Dobeles novads",
    "pasvaldiba": "Dobeles novads",
    "pasvaldiba_slug": "dobeles-novads",
    "nr_plana": 5,
    "avots_teksts": "Avots: Dobeles novada CA plāns",
    "plans_url": "https://www.dobele.lv/lv/media/39263/download?attachment",
    "plans_fails": "dobeles_novada_sadarbibas_teritorijas_ca_plans.md",
    "lpp": null,
    "citats": "<td style=\"text-align: center;\">Auces pilsētā - Aspazijas laukums</td>",
    "izdevejs": "Dobeles novads (pašvaldība)",
    "geokodesana": "plan_coords",
    "adrese_vzd": null,
    "vzd_kods": null,
    "plana_lat": 56.465015,
    "plana_lon": 22.894865,
    "koord_teksts": "56,465015; 22,894865",
    "karodzini": [],
    "izvilkuma_piezime": "Rows 5 and 7 are both Aspazijas laukums in Auce with slightly different coordinates (~80 m apart).",
    "komentars": "Avots: Dobeles novada CA plāns",
    "id": "dobeles-novads-evak-5"
   },
   "geometry": {
    "type": "Point",
    "coordinates": [
     22.894865,
     56.465015
    ]
   }
  },
  {
   "type": "Feature",
   "properties": {
    "kategorija": "evakuacijas_punkts",
    "nosaukums": "Auces stadions",
    "adrese": "Stadions, Auce, Dobeles novads",
    "pasvaldiba": "Dobeles novads",
    "pasvaldiba_slug": "dobeles-novads",
    "nr_plana": 6,
    "avots_teksts": "Avots: Dobeles novada CA plāns",
    "plans_url": "https://www.dobele.lv/lv/media/39263/download?attachment",
    "plans_fails": "dobeles_novada_sadarbibas_teritorijas_ca_plans.md",
    "lpp": null,
    "citats": "<td style=\"text-align: center;\">Auces stadions</td>",
    "izdevejs": "Dobeles novads (pašvaldība)",
    "geokodesana": "plan_coords",
    "adrese_vzd": null,
    "vzd_kods": null,
    "plana_lat": 56.457303,
    "plana_lon": 22.901214,
    "koord_teksts": "56.457303; 22.901214",
    "karodzini": [],
    "komentars": "Avots: Dobeles novada CA plāns",
    "id": "dobeles-novads-evak-6"
   },
   "geometry": {
    "type": "Point",
    "coordinates": [
     22.901214,
     56.457303
    ]
   }
  },
  {
   "type": "Feature",
   "properties": {
    "kategorija": "evakuacijas_punkts",
    "nosaukums": "Auce - Aspazijas laukums",
    "adrese": "Aspazijas laukums, Auce, Dobeles novads",
    "pasvaldiba": "Dobeles novads",
    "pasvaldiba_slug": "dobeles-novads",
    "nr_plana": 7,
    "avots_teksts": "Avots: Dobeles novada CA plāns",
    "plans_url": "https://www.dobele.lv/lv/media/39263/download?attachment",
    "plans_fails": "dobeles_novada_sadarbibas_teritorijas_ca_plans.md",
    "lpp": null,
    "citats": "<td style=\"text-align: center;\">Auce - Aspazijas laukums</td>",
    "izdevejs": "Dobeles novads (pašvaldība)",
    "geokodesana": "plan_coords",
    "adrese_vzd": null,
    "vzd_kods": null,
    "plana_lat": 56.464255,
    "plana_lon": 22.893944,
    "koord_teksts": "56.464255; 22.893944",
    "karodzini": [],
    "izvilkuma_piezime": "Rows 5 and 7 are both Aspazijas laukums in Auce with slightly different coordinates (~80 m apart).",
    "komentars": "Avots: Dobeles novada CA plāns",
    "id": "dobeles-novads-evak-7"
   },
   "geometry": {
    "type": "Point",
    "coordinates": [
     22.893944,
     56.464255
    ]
   }
  },
  {
   "type": "Feature",
   "properties": {
    "kategorija": "evakuacijas_punkts",
    "nosaukums": "Auce - laukums pie Vecauces Evaņģēliski luteriskās baznīcas",
    "adrese": "Akadēmijas iela 1., Vecauce, Dobeles novads",
    "pasvaldiba": "Dobeles novads",
    "pasvaldiba_slug": "dobeles-novads",
    "nr_plana": 8,
    "avots_teksts": "Avots: Dobeles novada CA plāns",
    "plans_url": "https://www.dobele.lv/lv/media/39263/download?attachment",
    "plans_fails": "dobeles_novada_sadarbibas_teritorijas_ca_plans.md",
    "lpp": null,
    "citats": "<td style=\"text-align: center;\">Auce - laukums pie Vecauces Evaņģēliski luteriskās baznīcas</td>",
    "izdevejs": "Dobeles novads (pašvaldība)",
    "geokodesana": "plan_coords",
    "adrese_vzd": "Akadēmijas iela 1, Vecauce, Vecauces pag., Dobeles nov., LV-3708",
    "vzd_kods": "102269936",
    "plana_lat": 56.465005,
    "plana_lon": 22.891111,
    "koord_teksts": "56.465005; 22.891111",
    "karodzini": [],
    "komentars": "Avots: Dobeles novada CA plāns",
    "id": "dobeles-novads-evak-8"
   },
   "geometry": {
    "type": "Point",
    "coordinates": [
     22.891111,
     56.465005
    ]
   }
  },
  {
   "type": "Feature",
   "properties": {
    "kategorija": "evakuacijas_punkts",
    "nosaukums": "Vītiņi - laukums pie Vītiņu tautas nama",
    "adrese": "Vītiņi, Vītiņu pag., Dobeles novads",
    "pasvaldiba": "Dobeles novads",
    "pasvaldiba_slug": "dobeles-novads",
    "nr_plana": 9,
    "avots_teksts": "Avots: Dobeles novada CA plāns",
    "plans_url": "https://www.dobele.lv/lv/media/39263/download?attachment",
    "plans_fails": "dobeles_novada_sadarbibas_teritorijas_ca_plans.md",
    "lpp": null,
    "citats": "<td style=\"text-align: center;\">Vītiņi - laukums pie Vītiņu tautas nama</td>",
    "izdevejs": "Dobeles novads (pašvaldība)",
    "geokodesana": "plan_coords",
    "adrese_vzd": null,
    "vzd_kods": null,
    "plana_lat": 56.438905,
    "plana_lon": 22.921508,
    "koord_teksts": "56.438905; 22.921508",
    "karodzini": [],
    "komentars": "Avots: Dobeles novada CA plāns",
    "id": "dobeles-novads-evak-9"
   },
   "geometry": {
    "type": "Point",
    "coordinates": [
     22.921508,
     56.438905
    ]
   }
  },
  {
   "type": "Feature",
   "properties": {
    "kategorija": "evakuacijas_punkts",
    "nosaukums": "Ukri - laukums Bēnes pagasta pārvaldes Ukru klientu apkalpošanas punkta",
    "adrese": "\"Stariņi\", Ukru pag., Dobeles novads",
    "pasvaldiba": "Dobeles novads",
    "pasvaldiba_slug": "dobeles-novads",
    "nr_plana": 10,
    "avots_teksts": "Avots: Dobeles novada CA plāns",
    "plans_url": "https://www.dobele.lv/lv/media/39263/download?attachment",
    "plans_fails": "dobeles_novada_sadarbibas_teritorijas_ca_plans.md",
    "lpp": null,
    "citats": "<td style=\"text-align: center;\">Ukri - laukums Bēnes pagasta pārvaldes Ukru klientu apkalpošanas punkta</td>",
    "izdevejs": "Dobeles novads (pašvaldība)",
    "geokodesana": "plan_coords",
    "adrese_vzd": "\"Stariņi\", Ukri, Ukru pag., Dobeles nov., LV-3729",
    "vzd_kods": "104566148",
    "plana_lat": 56.341533,
    "plana_lon": 23.057427,
    "koord_teksts": "56.341533; 23.057427",
    "karodzini": [],
    "komentars": "Avots: Dobeles novada CA plāns",
    "id": "dobeles-novads-evak-10"
   },
   "geometry": {
    "type": "Point",
    "coordinates": [
     23.057427,
     56.341533
    ]
   }
  },
  {
   "type": "Feature",
   "properties": {
    "kategorija": "evakuacijas_punkts",
    "nosaukums": "Lielauce - laukums pie Lielauces pagasta pārvaldes",
    "adrese": "Lielauces pils, Lielauce, Dobeles novads",
    "pasvaldiba": "Dobeles novads",
    "pasvaldiba_slug": "dobeles-novads",
    "nr_plana": 11,
    "avots_teksts": "Avots: Dobeles novada CA plāns",
    "plans_url": "https://www.dobele.lv/lv/media/39263/download?attachment",
    "plans_fails": "dobeles_novada_sadarbibas_teritorijas_ca_plans.md",
    "lpp": null,
    "citats": "<td style=\"text-align: center;\">Lielauce - laukums pie Lielauces pagasta pārvaldes</td>",
    "izdevejs": "Dobeles novads (pašvaldība)",
    "geokodesana": "plan_coords",
    "adrese_vzd": null,
    "vzd_kods": null,
    "plana_lat": 56.52342,
    "plana_lon": 22.896199,
    "koord_teksts": "56.52342; 22.896199",
    "karodzini": [],
    "komentars": "Avots: Dobeles novada CA plāns",
    "id": "dobeles-novads-evak-11"
   },
   "geometry": {
    "type": "Point",
    "coordinates": [
     22.896199,
     56.52342
    ]
   }
  },
  {
   "type": "Feature",
   "properties": {
    "kategorija": "evakuacijas_punkts",
    "nosaukums": "Bēne - laukums pie Bēnes pagasta pārvaldes",
    "adrese": "Centrālais laukums 3., Bēne, Dobeles novads",
    "pasvaldiba": "Dobeles novads",
    "pasvaldiba_slug": "dobeles-novads",
    "nr_plana": 12,
    "avots_teksts": "Avots: Dobeles novada CA plāns",
    "plans_url": "https://www.dobele.lv/lv/media/39263/download?attachment",
    "plans_fails": "dobeles_novada_sadarbibas_teritorijas_ca_plans.md",
    "lpp": null,
    "citats": "<td style=\"text-align: center;\">Bēne - laukums pie Bēnes pagasta pārvaldes</td>",
    "izdevejs": "Dobeles novads (pašvaldība)",
    "geokodesana": "plan_coords",
    "adrese_vzd": "Centrālais laukums 3, Bēne, Bēnes pag., Dobeles nov., LV-3711",
    "vzd_kods": "101566200",
    "plana_lat": 56.485534,
    "plana_lon": 23.063028,
    "koord_teksts": "56.485534; 23.063028",
    "karodzini": [],
    "komentars": "Avots: Dobeles novada CA plāns",
    "id": "dobeles-novads-evak-12"
   },
   "geometry": {
    "type": "Point",
    "coordinates": [
     23.063028,
     56.485534
    ]
   }
  },
  {
   "type": "Feature",
   "properties": {
    "kategorija": "evakuacijas_punkts",
    "nosaukums": "Ķevele - laukums pie daudzdzīvokļu ēkām",
    "adrese": "Dailes 5., Ķevele, Dobeles novads",
    "pasvaldiba": "Dobeles novads",
    "pasvaldiba_slug": "dobeles-novads",
    "nr_plana": 13,
    "avots_teksts": "Avots: Dobeles novada CA plāns",
    "plans_url": "https://www.dobele.lv/lv/media/39263/download?attachment",
    "plans_fails": "dobeles_novada_sadarbibas_teritorijas_ca_plans.md",
    "lpp": null,
    "citats": "<td style=\"text-align: center;\">Ķevele - laukums pie daudzdzīvokļu ēkām</td>",
    "izdevejs": "Dobeles novads (pašvaldība)",
    "geokodesana": "plan_coords",
    "adrese_vzd": "\"Dailes 5\", Ķevele, Vītiņu pag., Dobeles nov., LV-3721",
    "vzd_kods": "102830096",
    "plana_lat": 56.463117,
    "plana_lon": 22.805288,
    "koord_teksts": "56.463117; 22.805288",
    "karodzini": [],
    "komentars": "Avots: Dobeles novada CA plāns",
    "id": "dobeles-novads-evak-13"
   },
   "geometry": {
    "type": "Point",
    "coordinates": [
     22.805288,
     56.463117
    ]
   }
  },
  {
   "type": "Feature",
   "properties": {
    "kategorija": "evakuacijas_punkts",
    "nosaukums": "Īle - laukums pie Īles tautas nama",
    "adrese": "\"Kumeliņi\", Īles pag., Dobeles novads",
    "pasvaldiba": "Dobeles novads",
    "pasvaldiba_slug": "dobeles-novads",
    "nr_plana": 14,
    "avots_teksts": "Avots: Dobeles novada CA plāns",
    "plans_url": "https://www.dobele.lv/lv/media/39263/download?attachment",
    "plans_fails": "dobeles_novada_sadarbibas_teritorijas_ca_plans.md",
    "lpp": null,
    "citats": "<td style=\"text-align: center;\">Īle - laukums pie Īles tautas nama</td>",
    "izdevejs": "Dobeles novads (pašvaldība)",
    "geokodesana": "plan_coords",
    "adrese_vzd": "\"Kumeliņi\", Īle, Īles pag., Dobeles nov., LV-3716",
    "vzd_kods": "104823401",
    "plana_lat": 56.54408,
    "plana_lon": 22.999466,
    "koord_teksts": "56.54408; 22.999466",
    "karodzini": [],
    "komentars": "Avots: Dobeles novada CA plāns",
    "id": "dobeles-novads-evak-14"
   },
   "geometry": {
    "type": "Point",
    "coordinates": [
     22.999466,
     56.54408
    ]
   }
  },
  {
   "type": "Feature",
   "properties": {
    "kategorija": "evakuacijas_punkts",
    "nosaukums": "Augstkalnes pagasta pārvalde",
    "adrese": "\"Virsaiši\", Augstkalnes pagasts, Dobeles novads",
    "pasvaldiba": "Dobeles novads",
    "pasvaldiba_slug": "dobeles-novads",
    "nr_plana": 15,
    "avots_teksts": "Avots: Dobeles novada CA plāns",
    "plans_url": "https://www.dobele.lv/lv/media/39263/download?attachment",
    "plans_fails": "dobeles_novada_sadarbibas_teritorijas_ca_plans.md",
    "lpp": null,
    "citats": "<td style=\"text-align: center;\">Augstkalnes pagasta pārvalde</td>",
    "izdevejs": "Dobeles novads (pašvaldība)",
    "geokodesana": "plan_coords",
    "adrese_vzd": "\"Virsaiši\", Augstkalne, Augstkalnes pag., Dobeles nov., LV-3709",
    "vzd_kods": "103082428",
    "plana_lat": 56.406892,
    "plana_lon": 23.336522,
    "koord_teksts": "56.406892; 23.336522",
    "karodzini": [],
    "komentars": "Avots: Dobeles novada CA plāns",
    "id": "dobeles-novads-evak-15"
   },
   "geometry": {
    "type": "Point",
    "coordinates": [
     23.336522,
     56.406892
    ]
   }
  },
  {
   "type": "Feature",
   "properties": {
    "kategorija": "evakuacijas_punkts",
    "nosaukums": "Kroņauces stadions",
    "adrese": "Kroņauces stadions, Kroņauce, Tērvetes pagasts, Dobeles novads",
    "pasvaldiba": "Dobeles novads",
    "pasvaldiba_slug": "dobeles-novads",
    "nr_plana": 16,
    "avots_teksts": "Avots: Dobeles novada CA plāns",
    "plans_url": "https://www.dobele.lv/lv/media/39263/download?attachment",
    "plans_fails": "dobeles_novada_sadarbibas_teritorijas_ca_plans.md",
    "lpp": null,
    "citats": "<td style=\"text-align: center;\">Kroņauces stadions</td>",
    "izdevejs": "Dobeles novads (pašvaldība)",
    "geokodesana": "plan_coords",
    "adrese_vzd": null,
    "vzd_kods": null,
    "plana_lat": 56.514172,
    "plana_lon": 23.338953,
    "koord_teksts": "56.514172; 23.338953",
    "karodzini": [],
    "komentars": "Avots: Dobeles novada CA plāns",
    "id": "dobeles-novads-evak-16"
   },
   "geometry": {
    "type": "Point",
    "coordinates": [
     23.338953,
     56.514172
    ]
   }
  },
  {
   "type": "Feature",
   "properties": {
    "kategorija": "evakuacijas_punkts",
    "nosaukums": "Bukaišu pagasta pārvalde",
    "adrese": "\"Rotas\", Bukaišu pagasts, Dobeles novads",
    "pasvaldiba": "Dobeles novads",
    "pasvaldiba_slug": "dobeles-novads",
    "nr_plana": 17,
    "avots_teksts": "Avots: Dobeles novada CA plāns",
    "plans_url": "https://www.dobele.lv/lv/media/39263/download?attachment",
    "plans_fails": "dobeles_novada_sadarbibas_teritorijas_ca_plans.md",
    "lpp": null,
    "citats": "<td style=\"text-align: center;\">Bukaišu pagasta pārvalde</td>",
    "izdevejs": "Dobeles novads (pašvaldība)",
    "geokodesana": "plan_coords",
    "adrese_vzd": "\"Rotas\", Bukaiši, Bukaišu pag., Dobeles nov., LV-3714",
    "vzd_kods": "102909825",
    "plana_lat": 56.4000654,
    "plana_lon": 23.253174,
    "koord_teksts": "56.4000654; 23.253174",
    "karodzini": [],
    "komentars": "Avots: Dobeles novada CA plāns",
    "id": "dobeles-novads-evak-17"
   },
   "geometry": {
    "type": "Point",
    "coordinates": [
     23.253174,
     56.400065
    ]
   }
  },
  {
   "type": "Feature",
   "properties": {
    "kategorija": "evakuacijas_punkts",
    "nosaukums": "Rankas pagasta pārvalde Rankas Kultūras nams",
    "adrese": "“Krastkalni”, Ranka, Rankas pag., Gulbenes nov., LV-4416",
    "pasvaldiba": "Gulbenes novads",
    "pasvaldiba_slug": "gulbenes-novads",
    "nr_plana": 1,
    "avots_teksts": "Avots: Gulbenes novada CA plāns, lpp. 221",
    "plans_url": "https://www.gulbene.lv/lv/media/36615/download?attachment",
    "plans_fails": "Gulbenes_sadarbibas_teritorijas_civilas_aizsardzibas_plans.md",
    "lpp": 221,
    "citats": "|1.|Rankas pagasta pārvalde<br>Rankas Kultūras nams|“Krastkalni”, Ranka,<br>Rankas pag., Gulbenes<br>nov., LV-4416|57.215804|26.180580|",
    "izdevejs": "Gulbenes novads (pašvaldība)",
    "geokodesana": "plan_coords",
    "adrese_vzd": "\"Krastkalni\", Ranka, Rankas pag., Gulbenes nov., LV-4416",
    "vzd_kods": "104086527",
    "plana_lat": 57.215804,
    "plana_lon": 26.18058,
    "koord_teksts": "57.215804|26.180580",
    "karodzini": [],
    "komentars": "Avots: Gulbenes novada CA plāns, lpp. 221",
    "id": "gulbenes-novads-evak-1"
   },
   "geometry": {
    "type": "Point",
    "coordinates": [
     26.18058,
     57.215804
    ]
   }
  },
  {
   "type": "Feature",
   "properties": {
    "kategorija": "evakuacijas_punkts",
    "nosaukums": "Rankas pagasta pārvalde Rēveļu pamatskola",
    "adrese": "“Rēveļu pamatskola”, Gaujasrēveļi, Rankas pag., Gulbenes nov., LV-4416",
    "pasvaldiba": "Gulbenes novads",
    "pasvaldiba_slug": "gulbenes-novads",
    "nr_plana": 2,
    "avots_teksts": "Avots: Gulbenes novada CA plāns, lpp. 221",
    "plans_url": "https://www.gulbene.lv/lv/media/36615/download?attachment",
    "plans_fails": "Gulbenes_sadarbibas_teritorijas_civilas_aizsardzibas_plans.md",
    "lpp": 221,
    "citats": "|2.|Rankas pagasta pārvalde<br>Rēveļu pamatskola|“Rēveļu pamatskola”,<br>Gaujasrēveļi, Rankas<br>pag., Gulbenes nov.,<br>LV-4416|57.227419|26.132267|",
    "izdevejs": "Gulbenes novads (pašvaldība)",
    "geokodesana": "plan_coords",
    "adrese_vzd": "\"Rēveļu pamatskola\", Gaujasrēveļi, Rankas pag., Gulbenes nov., LV-4416",
    "vzd_kods": "104091801",
    "plana_lat": 57.227419,
    "plana_lon": 26.132267,
    "koord_teksts": "57.227419|26.132267",
    "karodzini": [],
    "komentars": "Avots: Gulbenes novada CA plāns, lpp. 221",
    "id": "gulbenes-novads-evak-2"
   },
   "geometry": {
    "type": "Point",
    "coordinates": [
     26.132267,
     57.227419
    ]
   }
  },
  {
   "type": "Feature",
   "properties": {
    "kategorija": "evakuacijas_punkts",
    "nosaukums": "Daukstu pagasts Staru kultūras nams, laukums",
    "adrese": "Dārza iela 17, Stari, Daukstu pagasts",
    "pasvaldiba": "Gulbenes novads",
    "pasvaldiba_slug": "gulbenes-novads",
    "nr_plana": 3,
    "avots_teksts": "Avots: Gulbenes novada CA plāns, lpp. 221",
    "plans_url": "https://www.gulbene.lv/lv/media/36615/download?attachment",
    "plans_fails": "Gulbenes_sadarbibas_teritorijas_civilas_aizsardzibas_plans.md",
    "lpp": 221,
    "citats": "|3.|Daukstu pagasts<br>Staru kultūras nams,<br>laukums|Dārza  iela 17, Stari,<br>Daukstu pagasts|57,116516|26,729624|",
    "izdevejs": "Gulbenes novads (pašvaldība)",
    "geokodesana": "plan_coords",
    "adrese_vzd": "Dārza iela 17, Stari, Daukstu pag., Gulbenes nov., LV-4417",
    "vzd_kods": "104001850",
    "plana_lat": 57.116516,
    "plana_lon": 26.729624,
    "koord_teksts": "57,116516|26,729624",
    "karodzini": [],
    "izvilkuma_piezime": "comma decimals converted to dot",
    "komentars": "Avots: Gulbenes novada CA plāns, lpp. 221",
    "id": "gulbenes-novads-evak-3"
   },
   "geometry": {
    "type": "Point",
    "coordinates": [
     26.729624,
     57.116516
    ]
   }
  },
  {
   "type": "Feature",
   "properties": {
    "kategorija": "evakuacijas_punkts",
    "nosaukums": "Daukstu pagasta pārvalde Soc. Aprūpes centrs “Dzērves””",
    "adrese": "Daukstes , Daukstu pag., Gulbenes nov.",
    "pasvaldiba": "Gulbenes novads",
    "pasvaldiba_slug": "gulbenes-novads",
    "nr_plana": 4,
    "avots_teksts": "Avots: Gulbenes novada CA plāns, lpp. 221",
    "plans_url": "https://www.gulbene.lv/lv/media/36615/download?attachment",
    "plans_fails": "Gulbenes_sadarbibas_teritorijas_civilas_aizsardzibas_plans.md",
    "lpp": 221,
    "citats": "|4|Daukstu pagasta pārvalde<br>Soc. Aprūpes centrs “Dzērves””|Daukstes , Daukstu<br>pag., Gulbenes nov.|57,073501|26,760907|",
    "izdevejs": "Gulbenes novads (pašvaldība)",
    "geokodesana": "plan_coords",
    "adrese_vzd": "\"Daukstes\", Daukstu pag., Gulbenes nov., LV-4429",
    "vzd_kods": "104010923",
    "plana_lat": 57.073501,
    "plana_lon": 26.760907,
    "koord_teksts": "57,073501|26,760907",
    "karodzini": [],
    "izvilkuma_piezime": "comma decimals converted to dot",
    "komentars": "Avots: Gulbenes novada CA plāns, lpp. 221",
    "id": "gulbenes-novads-evak-4"
   },
   "geometry": {
    "type": "Point",
    "coordinates": [
     26.760907,
     57.073501
    ]
   }
  },
  {
   "type": "Feature",
   "properties": {
    "kategorija": "evakuacijas_punkts",
    "nosaukums": "Līgo pagasta pārvalde Līgo kultūras nams, laukums",
    "adrese": "Jaunstukmaņi, Līgo, Līgo pagasts",
    "pasvaldiba": "Gulbenes novads",
    "pasvaldiba_slug": "gulbenes-novads",
    "nr_plana": 5,
    "avots_teksts": "Avots: Gulbenes novada CA plāns, lpp. 221",
    "plans_url": "https://www.gulbene.lv/lv/media/36615/download?attachment",
    "plans_fails": "Gulbenes_sadarbibas_teritorijas_civilas_aizsardzibas_plans.md",
    "lpp": 221,
    "citats": "|5.|Līgo pagasta pārvalde<br>Līgo kultūras nams,<br>laukums|Jaunstukmaņi, Līgo,<br>Līgo  pagasts|57,183391|26,767557|",
    "izdevejs": "Gulbenes novads (pašvaldība)",
    "geokodesana": "varis_address",
    "adrese_vzd": "\"Jaunstukmaņi\", Līgo, Līgo pag., Gulbenes nov., LV-4421",
    "vzd_kods": "103980537",
    "plana_lat": 57.183391,
    "plana_lon": 26.767557,
    "koord_teksts": "57,183391|26,767557",
    "karodzini": [
     "plan_coords_far_from_address"
    ],
    "izvilkuma_piezime": "comma decimals converted to dot",
    "komentars": "Avots: Gulbenes novada CA plāns, lpp. 221 · plāna koordinātas kļūdainas, vieta noteikta pēc adreses (VZD)",
    "id": "gulbenes-novads-evak-5"
   },
   "geometry": {
    "type": "Point",
    "coordinates": [
     26.578076,
     57.020613
    ]
   }
  },
  {
   "type": "Feature",
   "properties": {
    "kategorija": "evakuacijas_punkts",
    "nosaukums": "Druvienas pagasta pārvaldes Laukums pie pagastmāja.",
    "adrese": "“Pagastmāja” Druviena, Druvienas pagasts, Gulbenes novads, LV 4426",
    "pasvaldiba": "Gulbenes novads",
    "pasvaldiba_slug": "gulbenes-novads",
    "nr_plana": 6,
    "avots_teksts": "Avots: Gulbenes novada CA plāns, lpp. 221",
    "plans_url": "https://www.gulbene.lv/lv/media/36615/download?attachment",
    "plans_fails": "Gulbenes_sadarbibas_teritorijas_civilas_aizsardzibas_plans.md",
    "lpp": 221,
    "citats": "|6.|Druvienas pagasta pārvaldes<br>Laukums pie pagastmāja.|“Pagastmāja” Druviena,<br>Druvienas pagasts,<br>Gulbenes novads, LV<br>4426|57.113989|26.297928|",
    "izdevejs": "Gulbenes novads (pašvaldība)",
    "geokodesana": "plan_coords",
    "adrese_vzd": null,
    "vzd_kods": null,
    "plana_lat": 57.113989,
    "plana_lon": 26.297928,
    "koord_teksts": "57.113989|26.297928",
    "karodzini": [],
    "komentars": "Avots: Gulbenes novada CA plāns, lpp. 221",
    "id": "gulbenes-novads-evak-6"
   },
   "geometry": {
    "type": "Point",
    "coordinates": [
     26.297928,
     57.113989
    ]
   }
  },
  {
   "type": "Feature",
   "properties": {
    "kategorija": "evakuacijas_punkts",
    "nosaukums": "Beļavas pagasta pārvalde Pie pagasta pārvaldes laukums",
    "adrese": "Avotu 2, Beļava Beļavas pag Gulbenes nov.",
    "pasvaldiba": "Gulbenes novads",
    "pasvaldiba_slug": "gulbenes-novads",
    "nr_plana": 7,
    "avots_teksts": "Avots: Gulbenes novada CA plāns, lpp. 221",
    "plans_url": "https://www.gulbene.lv/lv/media/36615/download?attachment",
    "plans_fails": "Gulbenes_sadarbibas_teritorijas_civilas_aizsardzibas_plans.md",
    "lpp": 221,
    "citats": "|7.|Beļavas pagasta pārvalde<br>Pie pagasta pārvaldes<br>laukums|Avotu 2, Beļava<br>Beļavas pag Gulbenes<br>nov.|57,2535928|26,7708997|",
    "izdevejs": "Gulbenes novads (pašvaldība)",
    "geokodesana": "plan_coords",
    "adrese_vzd": "Avotu iela 2, Beļava, Beļavas pag., Gulbenes nov., LV-4409",
    "vzd_kods": "102259195",
    "plana_lat": 57.2535928,
    "plana_lon": 26.7708997,
    "koord_teksts": "57,2535928|26,7708997",
    "karodzini": [],
    "izvilkuma_piezime": "comma decimals converted to dot",
    "komentars": "Avots: Gulbenes novada CA plāns, lpp. 221",
    "id": "gulbenes-novads-evak-7"
   },
   "geometry": {
    "type": "Point",
    "coordinates": [
     26.7709,
     57.253593
    ]
   }
  },
  {
   "type": "Feature",
   "properties": {
    "kategorija": "evakuacijas_punkts",
    "nosaukums": "Beļavas pagasta pārvalde. Kultūras un sporta centrs “”Zīļuks”’ laukums .",
    "adrese": "“Blomīte”’ Ozolkalns Beļavas pagasts Gulbenes nov.",
    "pasvaldiba": "Gulbenes novads",
    "pasvaldiba_slug": "gulbenes-novads",
    "nr_plana": 8,
    "avots_teksts": "Avots: Gulbenes novada CA plāns, lpp. 221",
    "plans_url": "https://www.gulbene.lv/lv/media/36615/download?attachment",
    "plans_fails": "Gulbenes_sadarbibas_teritorijas_civilas_aizsardzibas_plans.md",
    "lpp": 221,
    "citats": "|8.|Beļavas pagasta pārvalde.<br>Kultūras un sporta centrs<br>“”Zīļuks”’ laukums .|“Blomīte”’ Ozolkalns<br>Beļavas pagasts<br>Gulbenes nov.|57.1982589|26.6800789|",
    "izdevejs": "Gulbenes novads (pašvaldība)",
    "geokodesana": "plan_coords",
    "adrese_vzd": null,
    "vzd_kods": null,
    "plana_lat": 57.1982589,
    "plana_lon": 26.6800789,
    "koord_teksts": "57.1982589|26.6800789",
    "karodzini": [],
    "komentars": "Avots: Gulbenes novada CA plāns, lpp. 221",
    "id": "gulbenes-novads-evak-8"
   },
   "geometry": {
    "type": "Point",
    "coordinates": [
     26.680079,
     57.198259
    ]
   }
  },
  {
   "type": "Feature",
   "properties": {
    "kategorija": "evakuacijas_punkts",
    "nosaukums": "Galgauskas pagasta pārvalde Pie pagasta pārvaldes laukums",
    "adrese": "Skolas iela 5, Galgauska, Galgauskas pagasts, Gulbenes novads, LV-4428",
    "pasvaldiba": "Gulbenes novads",
    "pasvaldiba_slug": "gulbenes-novads",
    "nr_plana": 9,
    "avots_teksts": "Avots: Gulbenes novada CA plāns, lpp. 221",
    "plans_url": "https://www.gulbene.lv/lv/media/36615/download?attachment",
    "plans_fails": "Gulbenes_sadarbibas_teritorijas_civilas_aizsardzibas_plans.md",
    "lpp": 221,
    "citats": "|9.|Galgauskas pagasta pārvalde<br>Pie pagasta pārvaldes<br>laukums|Skolas iela 5,<br>Galgauska, Galgauskas<br>pagasts, Gulbenes<br>novads, LV-4428|57.166507|26.556949|",
    "izdevejs": "Gulbenes novads (pašvaldība)",
    "geokodesana": "plan_coords",
    "adrese_vzd": "Skolas iela 5, Galgauska, Galgauskas pag., Gulbenes nov., LV-4428",
    "vzd_kods": "104021880",
    "plana_lat": 57.166507,
    "plana_lon": 26.556949,
    "koord_teksts": "57.166507|26.556949",
    "karodzini": [],
    "komentars": "Avots: Gulbenes novada CA plāns, lpp. 221",
    "id": "gulbenes-novads-evak-9"
   },
   "geometry": {
    "type": "Point",
    "coordinates": [
     26.556949,
     57.166507
    ]
   }
  },
  {
   "type": "Feature",
   "properties": {
    "kategorija": "evakuacijas_punkts",
    "nosaukums": "Jaungulbenes pagasta pārvalde Gulbīša pamatskolas stadions",
    "adrese": "Gulbītis, Jaungulbenes pagasts, Gulbenes novads",
    "pasvaldiba": "Gulbenes novads",
    "pasvaldiba_slug": "gulbenes-novads",
    "nr_plana": 10,
    "avots_teksts": "Avots: Gulbenes novada CA plāns, lpp. 221",
    "plans_url": "https://www.gulbene.lv/lv/media/36615/download?attachment",
    "plans_fails": "Gulbenes_sadarbibas_teritorijas_civilas_aizsardzibas_plans.md",
    "lpp": 221,
    "citats": "|10.|Jaungulbenes pagasta pārvalde<br>Gulbīša pamatskolas stadions|Gulbītis, Jaungulbenes<br>pagasts, Gulbenes<br>novads|57,07658|26,63311|",
    "izdevejs": "Gulbenes novads (pašvaldība)",
    "geokodesana": "plan_coords",
    "adrese_vzd": null,
    "vzd_kods": null,
    "plana_lat": 57.07658,
    "plana_lon": 26.63311,
    "koord_teksts": "57,07658|26,63311",
    "karodzini": [],
    "izvilkuma_piezime": "comma decimals converted to dot",
    "komentars": "Avots: Gulbenes novada CA plāns, lpp. 221",
    "id": "gulbenes-novads-evak-10"
   },
   "geometry": {
    "type": "Point",
    "coordinates": [
     26.63311,
     57.07658
    ]
   }
  },
  {
   "type": "Feature",
   "properties": {
    "kategorija": "evakuacijas_punkts",
    "nosaukums": "Jaungulbenes pagasta pārvalde Jaungulbenes stadions",
    "adrese": "Jaungulbene, Jaungulbenes pagasts, Gulbenes novads",
    "pasvaldiba": "Gulbenes novads",
    "pasvaldiba_slug": "gulbenes-novads",
    "nr_plana": 11,
    "avots_teksts": "Avots: Gulbenes novada CA plāns, lpp. 222",
    "plans_url": "https://www.gulbene.lv/lv/media/36615/download?attachment",
    "plans_fails": "Gulbenes_sadarbibas_teritorijas_civilas_aizsardzibas_plans.md",
    "lpp": 222,
    "citats": "|11.|Jaungulbenes pagasta pārvalde<br>Jaungulbenes stadions|Jaungulbene,<br>Jaungulbenes pagasts,<br>Gulbenes novads|57,05691|26,59342|",
    "izdevejs": "Gulbenes novads (pašvaldība)",
    "geokodesana": "plan_coords",
    "adrese_vzd": null,
    "vzd_kods": null,
    "plana_lat": 57.05691,
    "plana_lon": 26.59342,
    "koord_teksts": "57,05691|26,59342",
    "karodzini": [],
    "izvilkuma_piezime": "comma decimals converted to dot",
    "komentars": "Avots: Gulbenes novada CA plāns, lpp. 222",
    "id": "gulbenes-novads-evak-11"
   },
   "geometry": {
    "type": "Point",
    "coordinates": [
     26.59342,
     57.05691
    ]
   }
  },
  {
   "type": "Feature",
   "properties": {
    "kategorija": "evakuacijas_punkts",
    "nosaukums": "Jaungulbenes pagasta pārvalde SAC “Alejas”",
    "adrese": "Jaungulbenes pagasts, Alejas, Gulbenes novads",
    "pasvaldiba": "Gulbenes novads",
    "pasvaldiba_slug": "gulbenes-novads",
    "nr_plana": 12,
    "avots_teksts": "Avots: Gulbenes novada CA plāns, lpp. 222",
    "plans_url": "https://www.gulbene.lv/lv/media/36615/download?attachment",
    "plans_fails": "Gulbenes_sadarbibas_teritorijas_civilas_aizsardzibas_plans.md",
    "lpp": 222,
    "citats": "|12|Jaungulbenes pagasta pārvalde<br>SAC “Alejas”|Jaungulbenes pagasts,<br>Alejas, Gulbenes<br>novads|57.05927|26.59461|",
    "izdevejs": "Gulbenes novads (pašvaldība)",
    "geokodesana": "plan_coords",
    "adrese_vzd": null,
    "vzd_kods": null,
    "plana_lat": 57.05927,
    "plana_lon": 26.59461,
    "koord_teksts": "57.05927|26.59461",
    "karodzini": [],
    "komentars": "Avots: Gulbenes novada CA plāns, lpp. 222",
    "id": "gulbenes-novads-evak-12"
   },
   "geometry": {
    "type": "Point",
    "coordinates": [
     26.59461,
     57.05927
    ]
   }
  },
  {
   "type": "Feature",
   "properties": {
    "kategorija": "evakuacijas_punkts",
    "nosaukums": "Jaungulbenes pagasta pārvalde Sveķu internātskola",
    "adrese": "Jaungulbenes pagasts, Aduliena , Gulbenes novads",
    "pasvaldiba": "Gulbenes novads",
    "pasvaldiba_slug": "gulbenes-novads",
    "nr_plana": 13,
    "avots_teksts": "Avots: Gulbenes novada CA plāns, lpp. 222",
    "plans_url": "https://www.gulbene.lv/lv/media/36615/download?attachment",
    "plans_fails": "Gulbenes_sadarbibas_teritorijas_civilas_aizsardzibas_plans.md",
    "lpp": 222,
    "citats": "|13|Jaungulbenes pagasta  pārvalde<br>Sveķu  internātskola|Jaungulbenes pagasts,<br>Aduliena  , Gulbenes<br>novads|57.07451|26.51593|",
    "izdevejs": "Gulbenes novads (pašvaldība)",
    "geokodesana": "plan_coords",
    "adrese_vzd": null,
    "vzd_kods": null,
    "plana_lat": 57.07451,
    "plana_lon": 26.51593,
    "koord_teksts": "57.07451|26.51593",
    "karodzini": [],
    "komentars": "Avots: Gulbenes novada CA plāns, lpp. 222",
    "id": "gulbenes-novads-evak-13"
   },
   "geometry": {
    "type": "Point",
    "coordinates": [
     26.51593,
     57.07451
    ]
   }
  },
  {
   "type": "Feature",
   "properties": {
    "kategorija": "evakuacijas_punkts",
    "nosaukums": "Lejasciema pagasta pārvalde Lejasciema centra laukums",
    "adrese": "Rīgas iela 25 , Lejasciema pagasts, Gulbenes novads, LV-4412",
    "pasvaldiba": "Gulbenes novads",
    "pasvaldiba_slug": "gulbenes-novads",
    "nr_plana": 14,
    "avots_teksts": "Avots: Gulbenes novada CA plāns, lpp. 222",
    "plans_url": "https://www.gulbene.lv/lv/media/36615/download?attachment",
    "plans_fails": "Gulbenes_sadarbibas_teritorijas_civilas_aizsardzibas_plans.md",
    "lpp": 222,
    "citats": "|14.|Lejasciema pagasta pārvalde<br>Lejasciema centra laukums|Rīgas iela 25 ,<br>Lejasciema pagasts,<br>Gulbenes novads, LV-<br>4412|57.278842|26.575836|",
    "izdevejs": "Gulbenes novads (pašvaldība)",
    "geokodesana": "plan_coords",
    "adrese_vzd": "Rīgas iela 25, Lejasciems, Lejasciema pag., Gulbenes nov., LV-4412",
    "vzd_kods": "102260952",
    "plana_lat": 57.278842,
    "plana_lon": 26.575836,
    "koord_teksts": "57.278842|26.575836",
    "karodzini": [],
    "komentars": "Avots: Gulbenes novada CA plāns, lpp. 222",
    "id": "gulbenes-novads-evak-14"
   },
   "geometry": {
    "type": "Point",
    "coordinates": [
     26.575836,
     57.278842
    ]
   }
  },
  {
   "type": "Feature",
   "properties": {
    "kategorija": "evakuacijas_punkts",
    "nosaukums": "Lejasciema pagasta pārvalde. ,Lejasciema pagasta ,Sinole, Sinoles nams”’",
    "adrese": "“Sinoles nams,” Sinole, Lejasciema pagasts, Gulbenes nov.",
    "pasvaldiba": "Gulbenes novads",
    "pasvaldiba_slug": "gulbenes-novads",
    "nr_plana": 15,
    "avots_teksts": "Avots: Gulbenes novada CA plāns, lpp. 222",
    "plans_url": "https://www.gulbene.lv/lv/media/36615/download?attachment",
    "plans_fails": "Gulbenes_sadarbibas_teritorijas_civilas_aizsardzibas_plans.md",
    "lpp": 222,
    "citats": "|15.|Lejasciema pagasta pārvalde.<br>,Lejasciema pagasta ,Sinole,<br>Sinoles nams”’|“Sinoles nams,” Sinole,<br>Lejasciema pagasts,<br>Gulbenes nov.|57.247882|26.496629|",
    "izdevejs": "Gulbenes novads (pašvaldība)",
    "geokodesana": "plan_coords",
    "adrese_vzd": "\"Sinoles nams\", Sinole, Lejasciema pag., Gulbenes nov., LV-4412",
    "vzd_kods": "104243172",
    "plana_lat": 57.247882,
    "plana_lon": 26.496629,
    "koord_teksts": "57.247882|26.496629",
    "karodzini": [],
    "komentars": "Avots: Gulbenes novada CA plāns, lpp. 222",
    "id": "gulbenes-novads-evak-15"
   },
   "geometry": {
    "type": "Point",
    "coordinates": [
     26.496629,
     57.247882
    ]
   }
  },
  {
   "type": "Feature",
   "properties": {
    "kategorija": "evakuacijas_punkts",
    "nosaukums": "Litenes pagasta pārvalde Stāvlaukums pie pagasta pārvaldes",
    "adrese": "“Pagastnams” 1, Litenes pagasts, Gulbenes novads",
    "pasvaldiba": "Gulbenes novads",
    "pasvaldiba_slug": "gulbenes-novads",
    "nr_plana": 16,
    "avots_teksts": "Avots: Gulbenes novada CA plāns, lpp. 222",
    "plans_url": "https://www.gulbene.lv/lv/media/36615/download?attachment",
    "plans_fails": "Gulbenes_sadarbibas_teritorijas_civilas_aizsardzibas_plans.md",
    "lpp": 222,
    "citats": "|16.|Litenes pagasta pārvalde<br>Stāvlaukums pie pagasta<br>pārvaldes|“Pagastnams” 1,<br>Litenes pagasts,<br>Gulbenes novads|57.190921|27.027287|",
    "izdevejs": "Gulbenes novads (pašvaldība)",
    "geokodesana": "plan_coords",
    "adrese_vzd": "\"Pagastnams 1\", Litene, Litenes pag., Gulbenes nov., LV-4405",
    "vzd_kods": "105659491",
    "plana_lat": 57.190921,
    "plana_lon": 27.027287,
    "koord_teksts": "57.190921|27.027287",
    "karodzini": [],
    "komentars": "Avots: Gulbenes novada CA plāns, lpp. 222",
    "id": "gulbenes-novads-evak-16"
   },
   "geometry": {
    "type": "Point",
    "coordinates": [
     27.027287,
     57.190921
    ]
   }
  },
  {
   "type": "Feature",
   "properties": {
    "kategorija": "evakuacijas_punkts",
    "nosaukums": "Lizuma pagasta pārvalde Lizuma kultūras nams-laukums",
    "adrese": "“Klintis”, Lizums, Lizuma pagasts",
    "pasvaldiba": "Gulbenes novads",
    "pasvaldiba_slug": "gulbenes-novads",
    "nr_plana": 17,
    "avots_teksts": "Avots: Gulbenes novada CA plāns, lpp. 222",
    "plans_url": "https://www.gulbene.lv/lv/media/36615/download?attachment",
    "plans_fails": "Gulbenes_sadarbibas_teritorijas_civilas_aizsardzibas_plans.md",
    "lpp": 222,
    "citats": "|17.|Lizuma pagasta pārvalde Lizuma<br>kultūras nams-<br>laukums|“Klintis”, Lizums,<br>Lizuma pagasts|57.191952|26.3692215|",
    "izdevejs": "Gulbenes novads (pašvaldība)",
    "geokodesana": "plan_coords",
    "adrese_vzd": "\"Klintis\", Lizums, Lizuma pag., Gulbenes nov., LV-4425",
    "vzd_kods": "102950340",
    "plana_lat": 57.191952,
    "plana_lon": 26.3692215,
    "koord_teksts": "57.191952|26.3692215",
    "karodzini": [],
    "komentars": "Avots: Gulbenes novada CA plāns, lpp. 222",
    "id": "gulbenes-novads-evak-17"
   },
   "geometry": {
    "type": "Point",
    "coordinates": [
     26.369221,
     57.191952
    ]
   }
  },
  {
   "type": "Feature",
   "properties": {
    "kategorija": "evakuacijas_punkts",
    "nosaukums": "Lizuma pagasta pārvalde Lizuma sporta zāle",
    "adrese": "“Stallis”, Lizums, Lizuma pagasts",
    "pasvaldiba": "Gulbenes novads",
    "pasvaldiba_slug": "gulbenes-novads",
    "nr_plana": 18,
    "avots_teksts": "Avots: Gulbenes novada CA plāns, lpp. 222",
    "plans_url": "https://www.gulbene.lv/lv/media/36615/download?attachment",
    "plans_fails": "Gulbenes_sadarbibas_teritorijas_civilas_aizsardzibas_plans.md",
    "lpp": 222,
    "citats": "|18.|Lizuma pagasta pārvalde Lizuma<br>sporta zāle|“Stallis”, Lizums,<br>Lizuma pagasts|57.193173|26.369611|",
    "izdevejs": "Gulbenes novads (pašvaldība)",
    "geokodesana": "plan_coords",
    "adrese_vzd": "\"Stallis\", Lizums, Lizuma pag., Gulbenes nov., LV-4425",
    "vzd_kods": "104610805",
    "plana_lat": 57.193173,
    "plana_lon": 26.369611,
    "koord_teksts": "57.193173|26.369611",
    "karodzini": [],
    "komentars": "Avots: Gulbenes novada CA plāns, lpp. 222",
    "id": "gulbenes-novads-evak-18"
   },
   "geometry": {
    "type": "Point",
    "coordinates": [
     26.369611,
     57.193173
    ]
   }
  },
  {
   "type": "Feature",
   "properties": {
    "kategorija": "evakuacijas_punkts",
    "nosaukums": "Stradu pagasta pārvalde Šķieneru autobusu pietura",
    "adrese": "Šķieneri, Stradu pag., Gulbenes nov.",
    "pasvaldiba": "Gulbenes novads",
    "pasvaldiba_slug": "gulbenes-novads",
    "nr_plana": 19,
    "avots_teksts": "Avots: Gulbenes novada CA plāns, lpp. 222",
    "plans_url": "https://www.gulbene.lv/lv/media/36615/download?attachment",
    "plans_fails": "Gulbenes_sadarbibas_teritorijas_civilas_aizsardzibas_plans.md",
    "lpp": 222,
    "citats": "|19.|Stradu pagasta pārvalde Šķieneru<br>autobusu pietura|Šķieneri, Stradu pag.,<br>Gulbenes nov.|57,140091|26,737518|",
    "izdevejs": "Gulbenes novads (pašvaldība)",
    "geokodesana": "plan_coords",
    "adrese_vzd": "\"Šķieneri\", Šķieneri, Stradu pag., Gulbenes nov., LV-4417",
    "vzd_kods": "105637691",
    "plana_lat": 57.140091,
    "plana_lon": 26.737518,
    "koord_teksts": "57,140091|26,737518",
    "karodzini": [],
    "izvilkuma_piezime": "comma decimals converted to dot",
    "komentars": "Avots: Gulbenes novada CA plāns, lpp. 222",
    "id": "gulbenes-novads-evak-19"
   },
   "geometry": {
    "type": "Point",
    "coordinates": [
     26.737518,
     57.140091
    ]
   }
  },
  {
   "type": "Feature",
   "properties": {
    "kategorija": "evakuacijas_punkts",
    "nosaukums": "Stradu pagasta pārvalde Stradi. “Palienas 2",
    "adrese": "Stradi , Stradu pag., Gulbenes nov.",
    "pasvaldiba": "Gulbenes novads",
    "pasvaldiba_slug": "gulbenes-novads",
    "nr_plana": 21,
    "avots_teksts": "Avots: Gulbenes novada CA plāns, lpp. 222",
    "plans_url": "https://www.gulbene.lv/lv/media/36615/download?attachment",
    "plans_fails": "Gulbenes_sadarbibas_teritorijas_civilas_aizsardzibas_plans.md",
    "lpp": 222,
    "citats": "|21|Stradu pagasta pārvalde<br>Stradi. “Palienas 2|Stradi , Stradu pag.,<br>Gulbenes nov.|57,140653|26,791523|",
    "izdevejs": "Gulbenes novads (pašvaldība)",
    "geokodesana": "varis_address",
    "adrese_vzd": "\"Stradi\", Stradu pag., Gulbenes nov., LV-4417",
    "vzd_kods": "104474525",
    "plana_lat": 57.140653,
    "plana_lon": 26.791523,
    "koord_teksts": "57,140653|26,791523",
    "karodzini": [
     "plan_coords_far_from_address"
    ],
    "izvilkuma_piezime": "comma decimals converted to dot",
    "komentars": "Avots: Gulbenes novada CA plāns, lpp. 222 · plāna koordinātas kļūdainas, vieta noteikta pēc adreses (VZD)",
    "id": "gulbenes-novads-evak-20"
   },
   "geometry": {
    "type": "Point",
    "coordinates": [
     26.840488,
     57.115675
    ]
   }
  },
  {
   "type": "Feature",
   "properties": {
    "kategorija": "evakuacijas_punkts",
    "nosaukums": "Stāmerienas pagasta pārvalde. Stāmerienas tautas nams",
    "adrese": "“Stāmerienas klubs”, Vecstāmeriena, Stāmerienas pagasts, Gulbenes nov.",
    "pasvaldiba": "Gulbenes novads",
    "pasvaldiba_slug": "gulbenes-novads",
    "nr_plana": 22,
    "avots_teksts": "Avots: Gulbenes novada CA plāns, lpp. 223",
    "plans_url": "https://www.gulbene.lv/lv/media/36615/download?attachment",
    "plans_fails": "Gulbenes_sadarbibas_teritorijas_civilas_aizsardzibas_plans.md",
    "lpp": 223,
    "citats": "|22.|Stāmerienas pagasta pārvalde.<br>Stāmerienas tautas nams|“Stāmerienas klubs”,<br>Vecstāmeriena,<br>Stāmerienas pagasts,<br>Gulbenes nov.|57.215039|26.893385|",
    "izdevejs": "Gulbenes novads (pašvaldība)",
    "geokodesana": "plan_coords",
    "adrese_vzd": "\"Stāmerienas klubs\", Vecstāmeriena, Stāmerienas pag., Gulbenes nov., LV-4406",
    "vzd_kods": "103909090",
    "plana_lat": 57.215039,
    "plana_lon": 26.893385,
    "koord_teksts": "57.215039|26.893385",
    "karodzini": [],
    "komentars": "Avots: Gulbenes novada CA plāns, lpp. 223",
    "id": "gulbenes-novads-evak-21"
   },
   "geometry": {
    "type": "Point",
    "coordinates": [
     26.893385,
     57.215039
    ]
   }
  },
  {
   "type": "Feature",
   "properties": {
    "kategorija": "evakuacijas_punkts",
    "nosaukums": "Stāmerienas pagasta pārvalde. Kalnienas tautas nams",
    "adrese": "“Klubs”, Kalniena,, Stāmerienas pagasts, Gulbenes nov.",
    "pasvaldiba": "Gulbenes novads",
    "pasvaldiba_slug": "gulbenes-novads",
    "nr_plana": 23,
    "avots_teksts": "Avots: Gulbenes novada CA plāns, lpp. 223",
    "plans_url": "https://www.gulbene.lv/lv/media/36615/download?attachment",
    "plans_fails": "Gulbenes_sadarbibas_teritorijas_civilas_aizsardzibas_plans.md",
    "lpp": 223,
    "citats": "|23.|Stāmerienas pagasta pārvalde.<br>Kalnienas tautas nams|“Klubs”, Kalniena,,<br>Stāmerienas pagasts,<br>Gulbenes nov.|57.271253|26.929741|",
    "izdevejs": "Gulbenes novads (pašvaldība)",
    "geokodesana": "plan_coords",
    "adrese_vzd": null,
    "vzd_kods": null,
    "plana_lat": 57.271253,
    "plana_lon": 26.929741,
    "koord_teksts": "57.271253|26.929741",
    "karodzini": [],
    "komentars": "Avots: Gulbenes novada CA plāns, lpp. 223",
    "id": "gulbenes-novads-evak-22"
   },
   "geometry": {
    "type": "Point",
    "coordinates": [
     26.929741,
     57.271253
    ]
   }
  },
  {
   "type": "Feature",
   "properties": {
    "kategorija": "evakuacijas_punkts",
    "nosaukums": "Stāmerienas pagasta pārvalde. Stāmerienas pamatskola",
    "adrese": "“Skola”, Vecstāmeiena, Stāmerienas pagasts, Gulbenes nov.",
    "pasvaldiba": "Gulbenes novads",
    "pasvaldiba_slug": "gulbenes-novads",
    "nr_plana": 24,
    "avots_teksts": "Avots: Gulbenes novada CA plāns, lpp. 223",
    "plans_url": "https://www.gulbene.lv/lv/media/36615/download?attachment",
    "plans_fails": "Gulbenes_sadarbibas_teritorijas_civilas_aizsardzibas_plans.md",
    "lpp": 223,
    "citats": "|24.|Stāmerienas pagasta pārvalde.<br>Stāmerienas pamatskola|“Skola”, Vecstāmeiena,<br>Stāmerienas pagasts,<br>Gulbenes nov.|57.215833|26.883750|",
    "izdevejs": "Gulbenes novads (pašvaldība)",
    "geokodesana": "plan_coords",
    "adrese_vzd": null,
    "vzd_kods": null,
    "plana_lat": 57.215833,
    "plana_lon": 26.88375,
    "koord_teksts": "57.215833|26.883750",
    "karodzini": [],
    "komentars": "Avots: Gulbenes novada CA plāns, lpp. 223",
    "id": "gulbenes-novads-evak-23"
   },
   "geometry": {
    "type": "Point",
    "coordinates": [
     26.88375,
     57.215833
    ]
   }
  },
  {
   "type": "Feature",
   "properties": {
    "kategorija": "evakuacijas_punkts",
    "nosaukums": "Tirzas pagasta pārvalde Laukums pie Tirzas pamatskolas",
    "adrese": "Tirzas pamatskola, Tirza, Tirzas pagasts, Gulbenes novads",
    "pasvaldiba": "Gulbenes novads",
    "pasvaldiba_slug": "gulbenes-novads",
    "nr_plana": 25,
    "avots_teksts": "Avots: Gulbenes novada CA plāns, lpp. 223",
    "plans_url": "https://www.gulbene.lv/lv/media/36615/download?attachment",
    "plans_fails": "Gulbenes_sadarbibas_teritorijas_civilas_aizsardzibas_plans.md",
    "lpp": 223,
    "citats": "|25.|Tirzas pagasta pārvalde Laukums<br>pie Tirzas pamatskolas|Tirzas pamatskola,<br>Tirza, Tirzas pagasts,<br>Gulbenes novads|57,1444037|26,3946837|",
    "izdevejs": "Gulbenes novads (pašvaldība)",
    "geokodesana": "plan_coords",
    "adrese_vzd": "\"Tirzas pamatskola\", Tirza, Tirzas pag., Gulbenes nov., LV-4424",
    "vzd_kods": "103983993",
    "plana_lat": 57.1444037,
    "plana_lon": 26.3946837,
    "koord_teksts": "57,1444037|26,3946837",
    "karodzini": [],
    "izvilkuma_piezime": "comma decimals converted to dot",
    "komentars": "Avots: Gulbenes novada CA plāns, lpp. 223",
    "id": "gulbenes-novads-evak-24"
   },
   "geometry": {
    "type": "Point",
    "coordinates": [
     26.394684,
     57.144404
    ]
   }
  },
  {
   "type": "Feature",
   "properties": {
    "kategorija": "evakuacijas_punkts",
    "nosaukums": "Tirzas pagasta pārvalde Laukums pie Tirzas pagasta pārvaldes",
    "adrese": "Biedrības nams, Tirza, Tirzas pagasts, Gulbenes novads",
    "pasvaldiba": "Gulbenes novads",
    "pasvaldiba_slug": "gulbenes-novads",
    "nr_plana": 26,
    "avots_teksts": "Avots: Gulbenes novada CA plāns, lpp. 223",
    "plans_url": "https://www.gulbene.lv/lv/media/36615/download?attachment",
    "plans_fails": "Gulbenes_sadarbibas_teritorijas_civilas_aizsardzibas_plans.md",
    "lpp": 223,
    "citats": "|26.|Tirzas pagasta pārvalde Laukums<br>pie Tirzas pagasta pārvaldes|Biedrības nams, Tirza,<br>Tirzas pagasts,<br>Gulbenes novads|57,1399532|26,4127814|",
    "izdevejs": "Gulbenes novads (pašvaldība)",
    "geokodesana": "plan_coords",
    "adrese_vzd": "\"Biedrības nams\", Tirza, Tirzas pag., Gulbenes nov., LV-4424",
    "vzd_kods": "103984005",
    "plana_lat": 57.1399532,
    "plana_lon": 26.4127814,
    "koord_teksts": "57,1399532|26,4127814",
    "karodzini": [],
    "izvilkuma_piezime": "comma decimals converted to dot",
    "komentars": "Avots: Gulbenes novada CA plāns, lpp. 223",
    "id": "gulbenes-novads-evak-25"
   },
   "geometry": {
    "type": "Point",
    "coordinates": [
     26.412781,
     57.139953
    ]
   }
  },
  {
   "type": "Feature",
   "properties": {
    "kategorija": "evakuacijas_punkts",
    "nosaukums": "Gulbenes pilsēta Gulbenes stadions",
    "adrese": "O. Kalpaka iela 1A, Gulbene",
    "pasvaldiba": "Gulbenes novads",
    "pasvaldiba_slug": "gulbenes-novads",
    "nr_plana": 27,
    "avots_teksts": "Avots: Gulbenes novada CA plāns, lpp. 223",
    "plans_url": "https://www.gulbene.lv/lv/media/36615/download?attachment",
    "plans_fails": "Gulbenes_sadarbibas_teritorijas_civilas_aizsardzibas_plans.md",
    "lpp": 223,
    "citats": "|27|Gulbenes pilsēta<br>Gulbenes stadions|O. Kalpaka iela 1A,<br>Gulbene|57,1647198|26,7624475|",
    "izdevejs": "Gulbenes novads (pašvaldība)",
    "geokodesana": "plan_coords",
    "adrese_vzd": null,
    "vzd_kods": null,
    "plana_lat": 57.1647198,
    "plana_lon": 26.7624475,
    "koord_teksts": "57,1647198|26,7624475",
    "karodzini": [],
    "izvilkuma_piezime": "comma decimals converted to dot",
    "komentars": "Avots: Gulbenes novada CA plāns, lpp. 223",
    "id": "gulbenes-novads-evak-26"
   },
   "geometry": {
    "type": "Point",
    "coordinates": [
     26.762448,
     57.16472
    ]
   }
  },
  {
   "type": "Feature",
   "properties": {
    "kategorija": "evakuacijas_punkts",
    "nosaukums": "Gulbenes pilsēta Centrālais skvērs",
    "adrese": "Ābeļu iela 2 Gulbene",
    "pasvaldiba": "Gulbenes novads",
    "pasvaldiba_slug": "gulbenes-novads",
    "nr_plana": 28,
    "avots_teksts": "Avots: Gulbenes novada CA plāns, lpp. 223",
    "plans_url": "https://www.gulbene.lv/lv/media/36615/download?attachment",
    "plans_fails": "Gulbenes_sadarbibas_teritorijas_civilas_aizsardzibas_plans.md",
    "lpp": 223,
    "citats": "|28|Gulbenes pilsēta<br>Centrālais skvērs|Ābeļu iela 2<br>Gulbene|57.172665|26.761225|",
    "izdevejs": "Gulbenes novads (pašvaldība)",
    "geokodesana": "plan_coords",
    "adrese_vzd": "Ābeļu iela 2, Gulbene, Gulbenes nov., LV-4401",
    "vzd_kods": "101540266",
    "plana_lat": 57.172665,
    "plana_lon": 26.761225,
    "koord_teksts": "57.172665|26.761225",
    "karodzini": [],
    "komentars": "Avots: Gulbenes novada CA plāns, lpp. 223",
    "id": "gulbenes-novads-evak-27"
   },
   "geometry": {
    "type": "Point",
    "coordinates": [
     26.761225,
     57.172665
    ]
   }
  },
  {
   "type": "Feature",
   "properties": {
    "kategorija": "evakuacijas_punkts",
    "nosaukums": "Gulbenes pilsēta SIA ‘’Gulbenes autoosta”",
    "adrese": "Dzelzceļa iela 6 b Gulbene",
    "pasvaldiba": "Gulbenes novads",
    "pasvaldiba_slug": "gulbenes-novads",
    "nr_plana": 29,
    "avots_teksts": "Avots: Gulbenes novada CA plāns, lpp. 223",
    "plans_url": "https://www.gulbene.lv/lv/media/36615/download?attachment",
    "plans_fails": "Gulbenes_sadarbibas_teritorijas_civilas_aizsardzibas_plans.md",
    "lpp": 223,
    "citats": "|29|Gulbenes pilsēta<br>SIA ‘’Gulbenes autoosta”|Dzelzceļa iela 6 b<br>Gulbene|57.183391|26.767557|",
    "izdevejs": "Gulbenes novads (pašvaldība)",
    "geokodesana": "plan_coords",
    "adrese_vzd": "Dzelzceļa iela 6B, Gulbene, Gulbenes nov., LV-4401",
    "vzd_kods": "103751356",
    "plana_lat": 57.183391,
    "plana_lon": 26.767557,
    "koord_teksts": "57.183391|26.767557",
    "karodzini": [],
    "izvilkuma_piezime": "coordinates identical to #5 Līgo kultūras nams (57.183391/26.767557) — likely copy error",
    "komentars": "Avots: Gulbenes novada CA plāns, lpp. 223",
    "id": "gulbenes-novads-evak-28"
   },
   "geometry": {
    "type": "Point",
    "coordinates": [
     26.767557,
     57.183391
    ]
   }
  },
  {
   "type": "Feature",
   "properties": {
    "kategorija": "evakuacijas_punkts",
    "nosaukums": "Gulbenes pilsēta Gulbenes vidusskola",
    "adrese": "Skolas iela 12. Gulbene",
    "pasvaldiba": "Gulbenes novads",
    "pasvaldiba_slug": "gulbenes-novads",
    "nr_plana": 30,
    "avots_teksts": "Avots: Gulbenes novada CA plāns, lpp. 223",
    "plans_url": "https://www.gulbene.lv/lv/media/36615/download?attachment",
    "plans_fails": "Gulbenes_sadarbibas_teritorijas_civilas_aizsardzibas_plans.md",
    "lpp": 223,
    "citats": "|30|Gulbenes pilsēta<br>Gulbenes vidusskola|Skolas iela 12.<br>Gulbene|57.10162076|26.467967|",
    "izdevejs": "Gulbenes novads (pašvaldība)",
    "geokodesana": "varis_address",
    "adrese_vzd": "Skolas iela 12, Gulbene, Gulbenes nov., LV-4401",
    "vzd_kods": "102258892",
    "plana_lat": 57.10162076,
    "plana_lon": 26.467967,
    "koord_teksts": "57.10162076|26.467967",
    "karodzini": [
     "plan_coords_far_from_address"
    ],
    "izvilkuma_piezime": "coordinates (57.1016, 26.4680) are ~17 km SW of Gulbene town, not at Skolas iela 12 — likely wrong",
    "komentars": "Avots: Gulbenes novada CA plāns, lpp. 223 · plāna koordinātas kļūdainas, vieta noteikta pēc adreses (VZD)",
    "id": "gulbenes-novads-evak-29"
   },
   "geometry": {
    "type": "Point",
    "coordinates": [
     26.768879,
     57.171169
    ]
   }
  },
  {
   "type": "Feature",
   "properties": {
    "kategorija": "evakuacijas_punkts",
    "nosaukums": "Dzelzceļa stacija”Priedaine”",
    "adrese": "Dzelzceļa stacija”Priedaine”, Priedaine, Jūrmala",
    "pasvaldiba": "Jūrmala",
    "pasvaldiba_slug": "jurmala",
    "nr_plana": 1,
    "avots_teksts": "Avots: Jūrmalas CA plāns, lpp. 85",
    "plans_url": "https://dokumenti.jurmala.lv/docs/l22/x/L0004_pielikums.pdf",
    "plans_fails": "L0004_pielikums.md",
    "lpp": 85,
    "citats": "|1.|Priedaine|Dzelzceļa stacija”Priedaine”|56.972136 / 23.886794|",
    "izdevejs": "Jūrmala (pašvaldība)",
    "geokodesana": "plan_coords",
    "adrese_vzd": null,
    "vzd_kods": null,
    "plana_lat": 56.972136,
    "plana_lon": 23.886794,
    "koord_teksts": "56.972136 / 23.886794",
    "karodzini": [],
    "komentars": "Avots: Jūrmalas CA plāns, lpp. 85",
    "id": "jurmala-evak-1"
   },
   "geometry": {
    "type": "Point",
    "coordinates": [
     23.886794,
     56.972136
    ]
   }
  },
  {
   "type": "Feature",
   "properties": {
    "kategorija": "evakuacijas_punkts",
    "nosaukums": "Lašu ielas un Vikingu ielas krustojums",
    "adrese": "Lašu ielas un Vikingu ielas krustojums, Buļļuciems, Jūrmala",
    "pasvaldiba": "Jūrmala",
    "pasvaldiba_slug": "jurmala",
    "nr_plana": 2,
    "avots_teksts": "Avots: Jūrmalas CA plāns, lpp. 85",
    "plans_url": "https://dokumenti.jurmala.lv/docs/l22/x/L0004_pielikums.pdf",
    "plans_fails": "L0004_pielikums.md",
    "lpp": 85,
    "citats": "|2.|Buļļuciems|Lašu ielas un Vikingu ielas krustojums|56.994534  /  23.917512|",
    "izdevejs": "Jūrmala (pašvaldība)",
    "geokodesana": "plan_coords",
    "adrese_vzd": null,
    "vzd_kods": null,
    "plana_lat": 56.994534,
    "plana_lon": 23.917512,
    "koord_teksts": "56.994534  /  23.917512",
    "karodzini": [],
    "komentars": "Avots: Jūrmalas CA plāns, lpp. 85",
    "id": "jurmala-evak-2"
   },
   "geometry": {
    "type": "Point",
    "coordinates": [
     23.917512,
     56.994534
    ]
   }
  },
  {
   "type": "Feature",
   "properties": {
    "kategorija": "evakuacijas_punkts",
    "nosaukums": "Dzelzceļa stacija „Lielupe”",
    "adrese": "Dzelzceļa stacija „Lielupe”, Lielupe, Jūrmala",
    "pasvaldiba": "Jūrmala",
    "pasvaldiba_slug": "jurmala",
    "nr_plana": 3,
    "avots_teksts": "Avots: Jūrmalas CA plāns, lpp. 85",
    "plans_url": "https://dokumenti.jurmala.lv/docs/l22/x/L0004_pielikums.pdf",
    "plans_fails": "L0004_pielikums.md",
    "lpp": 85,
    "citats": "|3.|Lielupe|Dzelzceļa stacija „Lielupe”|56.982376  /  23.870679|",
    "izdevejs": "Jūrmala (pašvaldība)",
    "geokodesana": "plan_coords",
    "adrese_vzd": null,
    "vzd_kods": null,
    "plana_lat": 56.982376,
    "plana_lon": 23.870679,
    "koord_teksts": "56.982376  /  23.870679",
    "karodzini": [],
    "komentars": "Avots: Jūrmalas CA plāns, lpp. 85",
    "id": "jurmala-evak-3"
   },
   "geometry": {
    "type": "Point",
    "coordinates": [
     23.870679,
     56.982376
    ]
   }
  },
  {
   "type": "Feature",
   "properties": {
    "kategorija": "evakuacijas_punkts",
    "nosaukums": "Dzelzceļa stacija „Bulduri”",
    "adrese": "Dzelzceļa stacija „Bulduri”, Bulduri, Jūrmala",
    "pasvaldiba": "Jūrmala",
    "pasvaldiba_slug": "jurmala",
    "nr_plana": 4,
    "avots_teksts": "Avots: Jūrmalas CA plāns, lpp. 85",
    "plans_url": "https://dokumenti.jurmala.lv/docs/l22/x/L0004_pielikums.pdf",
    "plans_fails": "L0004_pielikums.md",
    "lpp": 85,
    "citats": "|4.|Bulduri|Dzelzceļa stacija „Bulduri”|56.981286  /  23.851820|",
    "izdevejs": "Jūrmala (pašvaldība)",
    "geokodesana": "plan_coords",
    "adrese_vzd": null,
    "vzd_kods": null,
    "plana_lat": 56.981286,
    "plana_lon": 23.85182,
    "koord_teksts": "56.981286  /  23.851820",
    "karodzini": [],
    "komentars": "Avots: Jūrmalas CA plāns, lpp. 85",
    "id": "jurmala-evak-4"
   },
   "geometry": {
    "type": "Point",
    "coordinates": [
     23.85182,
     56.981286
    ]
   }
  },
  {
   "type": "Feature",
   "properties": {
    "kategorija": "evakuacijas_punkts",
    "nosaukums": "J. Pliekšāna un Kalnciema ielas krustojums",
    "adrese": "J. Pliekšāna un Kalnciema ielas krustojums, Dzintari, Jūrmala",
    "pasvaldiba": "Jūrmala",
    "pasvaldiba_slug": "jurmala",
    "nr_plana": 5,
    "avots_teksts": "Avots: Jūrmalas CA plāns, lpp. 85",
    "plans_url": "https://dokumenti.jurmala.lv/docs/l22/x/L0004_pielikums.pdf",
    "plans_fails": "L0004_pielikums.md",
    "lpp": 85,
    "citats": "|5.|Dzintari|J. Pliekšāna un Kalnciema ielas krustojums|56.967002  /  23.813340|",
    "izdevejs": "Jūrmala (pašvaldība)",
    "geokodesana": "plan_coords",
    "adrese_vzd": null,
    "vzd_kods": null,
    "plana_lat": 56.967002,
    "plana_lon": 23.81334,
    "koord_teksts": "56.967002  /  23.813340",
    "karodzini": [],
    "komentars": "Avots: Jūrmalas CA plāns, lpp. 85",
    "id": "jurmala-evak-5"
   },
   "geometry": {
    "type": "Point",
    "coordinates": [
     23.81334,
     56.967002
    ]
   }
  },
  {
   "type": "Feature",
   "properties": {
    "kategorija": "evakuacijas_punkts",
    "nosaukums": "Dzelzceļa stacija „Majori”",
    "adrese": "Dzelzceļa stacija „Majori”, Majori, Jūrmala",
    "pasvaldiba": "Jūrmala",
    "pasvaldiba_slug": "jurmala",
    "nr_plana": 6,
    "avots_teksts": "Avots: Jūrmalas CA plāns, lpp. 85",
    "plans_url": "https://dokumenti.jurmala.lv/docs/l22/x/L0004_pielikums.pdf",
    "plans_fails": "L0004_pielikums.md",
    "lpp": 85,
    "citats": "|6.|Majori|Dzelzceļa stacija „Majori”|56.971594  /  23.795682|",
    "izdevejs": "Jūrmala (pašvaldība)",
    "geokodesana": "plan_coords",
    "adrese_vzd": null,
    "vzd_kods": null,
    "plana_lat": 56.971594,
    "plana_lon": 23.795682,
    "koord_teksts": "56.971594  /  23.795682",
    "karodzini": [],
    "komentars": "Avots: Jūrmalas CA plāns, lpp. 85",
    "id": "jurmala-evak-6"
   },
   "geometry": {
    "type": "Point",
    "coordinates": [
     23.795682,
     56.971594
    ]
   }
  },
  {
   "type": "Feature",
   "properties": {
    "kategorija": "evakuacijas_punkts",
    "nosaukums": "Dzelzceļa stacija „Dubulti”",
    "adrese": "Dzelzceļa stacija „Dubulti”, Dubulti, Jūrmala",
    "pasvaldiba": "Jūrmala",
    "pasvaldiba_slug": "jurmala",
    "nr_plana": 7,
    "avots_teksts": "Avots: Jūrmalas CA plāns, lpp. 85",
    "plans_url": "https://dokumenti.jurmala.lv/docs/l22/x/L0004_pielikums.pdf",
    "plans_fails": "L0004_pielikums.md",
    "lpp": 85,
    "citats": "|7.|Dubulti|Dzelzceļa stacija „Dubulti”|56.969402  /  23.775802|",
    "izdevejs": "Jūrmala (pašvaldība)",
    "geokodesana": "plan_coords",
    "adrese_vzd": null,
    "vzd_kods": null,
    "plana_lat": 56.969402,
    "plana_lon": 23.775802,
    "koord_teksts": "56.969402  /  23.775802",
    "karodzini": [],
    "komentars": "Avots: Jūrmalas CA plāns, lpp. 85",
    "id": "jurmala-evak-7"
   },
   "geometry": {
    "type": "Point",
    "coordinates": [
     23.775802,
     56.969402
    ]
   }
  },
  {
   "type": "Feature",
   "properties": {
    "kategorija": "evakuacijas_punkts",
    "nosaukums": "Slokas iela 63 pretim gājēju pārejai",
    "adrese": "Slokas iela 63 pretim gājēju pārejai, Dubulti, Jūrmala",
    "pasvaldiba": "Jūrmala",
    "pasvaldiba_slug": "jurmala",
    "nr_plana": 8,
    "avots_teksts": "Avots: Jūrmalas CA plāns, lpp. 85",
    "plans_url": "https://dokumenti.jurmala.lv/docs/l22/x/L0004_pielikums.pdf",
    "plans_fails": "L0004_pielikums.md",
    "lpp": 85,
    "citats": "|8.|Dubulti|Slokas iela 63 pretim gājēju pārejai|56.954002  /  23.770679|",
    "izdevejs": "Jūrmala (pašvaldība)",
    "geokodesana": "plan_coords",
    "adrese_vzd": null,
    "vzd_kods": null,
    "plana_lat": 56.954002,
    "plana_lon": 23.770679,
    "koord_teksts": "56.954002  /  23.770679",
    "karodzini": [],
    "komentars": "Avots: Jūrmalas CA plāns, lpp. 85",
    "id": "jurmala-evak-8"
   },
   "geometry": {
    "type": "Point",
    "coordinates": [
     23.770679,
     56.954002
    ]
   }
  },
  {
   "type": "Feature",
   "properties": {
    "kategorija": "evakuacijas_punkts",
    "nosaukums": "Dzelzceļa stacija „Jaundubulti”",
    "adrese": "Dzelzceļa stacija „Jaundubulti”, Jaundubulti, Jūrmala",
    "pasvaldiba": "Jūrmala",
    "pasvaldiba_slug": "jurmala",
    "nr_plana": 9,
    "avots_teksts": "Avots: Jūrmalas CA plāns, lpp. 85",
    "plans_url": "https://dokumenti.jurmala.lv/docs/l22/x/L0004_pielikums.pdf",
    "plans_fails": "L0004_pielikums.md",
    "lpp": 85,
    "citats": "|9.|Jaundubulti|Dzelzceļa stacija „Jaundubulti”|56.961101  /  23.757567|",
    "izdevejs": "Jūrmala (pašvaldība)",
    "geokodesana": "plan_coords",
    "adrese_vzd": null,
    "vzd_kods": null,
    "plana_lat": 56.961101,
    "plana_lon": 23.757567,
    "koord_teksts": "56.961101  /  23.757567",
    "karodzini": [],
    "komentars": "Avots: Jūrmalas CA plāns, lpp. 85",
    "id": "jurmala-evak-9"
   },
   "geometry": {
    "type": "Point",
    "coordinates": [
     23.757567,
     56.961101
    ]
   }
  },
  {
   "type": "Feature",
   "properties": {
    "kategorija": "evakuacijas_punkts",
    "nosaukums": "Dubultu prospekts 105 pie viesnīcas „Liesma”",
    "adrese": "Dubultu prospekts 105 pie viesnīcas „Liesma”, Melluži, Jūrmala",
    "pasvaldiba": "Jūrmala",
    "pasvaldiba_slug": "jurmala",
    "nr_plana": 10,
    "avots_teksts": "Avots: Jūrmalas CA plāns, lpp. 85",
    "plans_url": "https://dokumenti.jurmala.lv/docs/l22/x/L0004_pielikums.pdf",
    "plans_fails": "L0004_pielikums.md",
    "lpp": 85,
    "citats": "|10.|Melluži|Dubultu prospekts 105 pie viesnīcas „Liesma”|56.064556  /  23.735869|",
    "izdevejs": "Jūrmala (pašvaldība)",
    "geokodesana": "varis_address",
    "adrese_vzd": "Dubultu prospekts 105, Jūrmala, LV-2008",
    "vzd_kods": "101711450",
    "plana_lat": 56.064556,
    "plana_lon": 23.735869,
    "koord_teksts": "56.064556  /  23.735869",
    "karodzini": [
     "plan_coordinate_error"
    ],
    "izvilkuma_piezime": "lat 56.064556 as written is ~100 km south of Jūrmala (other points ~56.95); likely typo for 56.964556 — not corrected",
    "komentars": "Avots: Jūrmalas CA plāns, lpp. 85 · plāna koordinātas kļūdainas, vieta noteikta pēc adreses (VZD)",
    "id": "jurmala-evak-10"
   },
   "geometry": {
    "type": "Point",
    "coordinates": [
     23.735869,
     56.964552
    ]
   }
  },
  {
   "type": "Feature",
   "properties": {
    "kategorija": "evakuacijas_punkts",
    "nosaukums": "Dzelzceļa stacija „Asari”",
    "adrese": "Dzelzceļa stacija „Asari”, Asari, Jūrmala",
    "pasvaldiba": "Jūrmala",
    "pasvaldiba_slug": "jurmala",
    "nr_plana": 11,
    "avots_teksts": "Avots: Jūrmalas CA plāns, lpp. 85",
    "plans_url": "https://dokumenti.jurmala.lv/docs/l22/x/L0004_pielikums.pdf",
    "plans_fails": "L0004_pielikums.md",
    "lpp": 85,
    "citats": "|11.|Asari|Dzelzceļa stacija „Asari”|56.957390  /  23.689685|",
    "izdevejs": "Jūrmala (pašvaldība)",
    "geokodesana": "plan_coords",
    "adrese_vzd": null,
    "vzd_kods": null,
    "plana_lat": 56.95739,
    "plana_lon": 23.689685,
    "koord_teksts": "56.957390  /  23.689685",
    "karodzini": [],
    "komentars": "Avots: Jūrmalas CA plāns, lpp. 85",
    "id": "jurmala-evak-11"
   },
   "geometry": {
    "type": "Point",
    "coordinates": [
     23.689685,
     56.95739
    ]
   }
  },
  {
   "type": "Feature",
   "properties": {
    "kategorija": "evakuacijas_punkts",
    "nosaukums": "Dzelzceļa stacija „Vaivari”",
    "adrese": "Dzelzceļa stacija „Vaivari”, Vaivari, Jūrmala",
    "pasvaldiba": "Jūrmala",
    "pasvaldiba_slug": "jurmala",
    "nr_plana": 12,
    "avots_teksts": "Avots: Jūrmalas CA plāns, lpp. 85",
    "plans_url": "https://dokumenti.jurmala.lv/docs/l22/x/L0004_pielikums.pdf",
    "plans_fails": "L0004_pielikums.md",
    "lpp": 85,
    "citats": "|12.|Vaivari|Dzelzceļa stacija „Vaivari”|56.954875  /  23.667510|",
    "izdevejs": "Jūrmala (pašvaldība)",
    "geokodesana": "plan_coords",
    "adrese_vzd": null,
    "vzd_kods": null,
    "plana_lat": 56.954875,
    "plana_lon": 23.66751,
    "koord_teksts": "56.954875  /  23.667510",
    "karodzini": [],
    "komentars": "Avots: Jūrmalas CA plāns, lpp. 85",
    "id": "jurmala-evak-12"
   },
   "geometry": {
    "type": "Point",
    "coordinates": [
     23.66751,
     56.954875
    ]
   }
  },
  {
   "type": "Feature",
   "properties": {
    "kategorija": "evakuacijas_punkts",
    "nosaukums": "Slokas lielveikala „Liedags”auto stāvlaukums",
    "adrese": "Slokas lielveikala „Liedags”auto stāvlaukums, Sloka, Jūrmala",
    "pasvaldiba": "Jūrmala",
    "pasvaldiba_slug": "jurmala",
    "nr_plana": 13,
    "avots_teksts": "Avots: Jūrmalas CA plāns, lpp. 85",
    "plans_url": "https://dokumenti.jurmala.lv/docs/l22/x/L0004_pielikums.pdf",
    "plans_fails": "L0004_pielikums.md",
    "lpp": 85,
    "citats": "|13.|Sloka|Slokas lielveikala „Liedags”auto stāvlaukums|56.946666  /  23.619001|",
    "izdevejs": "Jūrmala (pašvaldība)",
    "geokodesana": "plan_coords",
    "adrese_vzd": null,
    "vzd_kods": null,
    "plana_lat": 56.946666,
    "plana_lon": 23.619001,
    "koord_teksts": "56.946666  /  23.619001",
    "karodzini": [],
    "komentars": "Avots: Jūrmalas CA plāns, lpp. 85",
    "id": "jurmala-evak-13"
   },
   "geometry": {
    "type": "Point",
    "coordinates": [
     23.619001,
     56.946666
    ]
   }
  },
  {
   "type": "Feature",
   "properties": {
    "kategorija": "evakuacijas_punkts",
    "nosaukums": "Staiceles ielas un Ventspils šosejas krustojums",
    "adrese": "Staiceles ielas un Ventspils šosejas krustojums, Sloka, Jūrmala",
    "pasvaldiba": "Jūrmala",
    "pasvaldiba_slug": "jurmala",
    "nr_plana": 14,
    "avots_teksts": "Avots: Jūrmalas CA plāns, lpp. 85",
    "plans_url": "https://dokumenti.jurmala.lv/docs/l22/x/L0004_pielikums.pdf",
    "plans_fails": "L0004_pielikums.md",
    "lpp": 85,
    "citats": "|14.|Sloka|Staiceles ielas un Ventspils šosejas krustojums|56.954925  /  23.634574|",
    "izdevejs": "Jūrmala (pašvaldība)",
    "geokodesana": "plan_coords",
    "adrese_vzd": null,
    "vzd_kods": null,
    "plana_lat": 56.954925,
    "plana_lon": 23.634574,
    "koord_teksts": "56.954925  /  23.634574",
    "karodzini": [],
    "komentars": "Avots: Jūrmalas CA plāns, lpp. 85",
    "id": "jurmala-evak-14"
   },
   "geometry": {
    "type": "Point",
    "coordinates": [
     23.634574,
     56.954925
    ]
   }
  },
  {
   "type": "Feature",
   "properties": {
    "kategorija": "evakuacijas_punkts",
    "nosaukums": "Talsu šosejas un Kapteiņa Zolta ielas krustojums",
    "adrese": "Talsu šosejas un Kapteiņa Zolta ielas krustojums, Kauguri, Jūrmala",
    "pasvaldiba": "Jūrmala",
    "pasvaldiba_slug": "jurmala",
    "nr_plana": 15,
    "avots_teksts": "Avots: Jūrmalas CA plāns, lpp. 85",
    "plans_url": "https://dokumenti.jurmala.lv/docs/l22/x/L0004_pielikums.pdf",
    "plans_fails": "L0004_pielikums.md",
    "lpp": 85,
    "citats": "|15.|Kauguri|Talsu šosejas un Kapteiņa Zolta ielas krustojums|56.962112  /  23.612047|",
    "izdevejs": "Jūrmala (pašvaldība)",
    "geokodesana": "plan_coords",
    "adrese_vzd": null,
    "vzd_kods": null,
    "plana_lat": 56.962112,
    "plana_lon": 23.612047,
    "koord_teksts": "56.962112  /  23.612047",
    "karodzini": [],
    "komentars": "Avots: Jūrmalas CA plāns, lpp. 85",
    "id": "jurmala-evak-15"
   },
   "geometry": {
    "type": "Point",
    "coordinates": [
     23.612047,
     56.962112
    ]
   }
  },
  {
   "type": "Feature",
   "properties": {
    "kategorija": "evakuacijas_punkts",
    "nosaukums": "Skolas ielas un Nometņu ielas krustojums",
    "adrese": "Skolas ielas un Nometņu ielas krustojums, Kauguri, Jūrmala",
    "pasvaldiba": "Jūrmala",
    "pasvaldiba_slug": "jurmala",
    "nr_plana": 16,
    "avots_teksts": "Avots: Jūrmalas CA plāns, lpp. 85",
    "plans_url": "https://dokumenti.jurmala.lv/docs/l22/x/L0004_pielikums.pdf",
    "plans_fails": "L0004_pielikums.md",
    "lpp": 85,
    "citats": "|16.|Kauguri|Skolas ielas un Nometņu ielas krustojums|56.959227  /  23.602381|",
    "izdevejs": "Jūrmala (pašvaldība)",
    "geokodesana": "plan_coords",
    "adrese_vzd": null,
    "vzd_kods": null,
    "plana_lat": 56.959227,
    "plana_lon": 23.602381,
    "koord_teksts": "56.959227  /  23.602381",
    "karodzini": [],
    "komentars": "Avots: Jūrmalas CA plāns, lpp. 85",
    "id": "jurmala-evak-16"
   },
   "geometry": {
    "type": "Point",
    "coordinates": [
     23.602381,
     56.959227
    ]
   }
  },
  {
   "type": "Feature",
   "properties": {
    "kategorija": "evakuacijas_punkts",
    "nosaukums": "Skolas iela 3 (stadions)",
    "adrese": "Skolas iela 3 (stadions), Kauguri, Jūrmala",
    "pasvaldiba": "Jūrmala",
    "pasvaldiba_slug": "jurmala",
    "nr_plana": 17,
    "avots_teksts": "Avots: Jūrmalas CA plāns, lpp. 85",
    "plans_url": "https://dokumenti.jurmala.lv/docs/l22/x/L0004_pielikums.pdf",
    "plans_fails": "L0004_pielikums.md",
    "lpp": 85,
    "citats": "|17.|Kauguri|Skolas iela 3 (stadions)|56.949980  /  23.611323|",
    "izdevejs": "Jūrmala (pašvaldība)",
    "geokodesana": "plan_coords",
    "adrese_vzd": "Skolas iela 3, Jūrmala, LV-2011",
    "vzd_kods": "101738163",
    "plana_lat": 56.94998,
    "plana_lon": 23.611323,
    "koord_teksts": "56.949980  /  23.611323",
    "karodzini": [],
    "komentars": "Avots: Jūrmalas CA plāns, lpp. 85",
    "id": "jurmala-evak-17"
   },
   "geometry": {
    "type": "Point",
    "coordinates": [
     23.611323,
     56.94998
    ]
   }
  },
  {
   "type": "Feature",
   "properties": {
    "kategorija": "evakuacijas_punkts",
    "nosaukums": "Jaunķemeru ceļa un Kolkas ielas krustojums",
    "adrese": "Jaunķemeru ceļa un Kolkas ielas krustojums, Jaunķemeri, Jūrmala",
    "pasvaldiba": "Jūrmala",
    "pasvaldiba_slug": "jurmala",
    "nr_plana": 18,
    "avots_teksts": "Avots: Jūrmalas CA plāns, lpp. 85",
    "plans_url": "https://dokumenti.jurmala.lv/docs/l22/x/L0004_pielikums.pdf",
    "plans_fails": "L0004_pielikums.md",
    "lpp": 85,
    "citats": "|18.|Jaunķemeri|Jaunķemeru ceļa un Kolkas ielas krustojums|56.974380  /  23.555098|",
    "izdevejs": "Jūrmala (pašvaldība)",
    "geokodesana": "plan_coords",
    "adrese_vzd": null,
    "vzd_kods": null,
    "plana_lat": 56.97438,
    "plana_lon": 23.555098,
    "koord_teksts": "56.974380  /  23.555098",
    "karodzini": [],
    "komentars": "Avots: Jūrmalas CA plāns, lpp. 85",
    "id": "jurmala-evak-18"
   },
   "geometry": {
    "type": "Point",
    "coordinates": [
     23.555098,
     56.97438
    ]
   }
  },
  {
   "type": "Feature",
   "properties": {
    "kategorija": "evakuacijas_punkts",
    "nosaukums": "Tukuma ielas un Tirgus iela krustojums (skolas sporta laukums)",
    "adrese": "Tukuma ielas un Tirgus iela krustojums (skolas sporta laukums), Ķemeri, Jūrmala",
    "pasvaldiba": "Jūrmala",
    "pasvaldiba_slug": "jurmala",
    "nr_plana": 19,
    "avots_teksts": "Avots: Jūrmalas CA plāns, lpp. 85",
    "plans_url": "https://dokumenti.jurmala.lv/docs/l22/x/L0004_pielikums.pdf",
    "plans_fails": "L0004_pielikums.md",
    "lpp": 85,
    "citats": "|19.|Ķemeri|Tukuma ielas un Tirgus iela krustojums (skolas<br>sporta laukums)|56.941243  /  23.489038|",
    "izdevejs": "Jūrmala (pašvaldība)",
    "geokodesana": "plan_coords",
    "adrese_vzd": null,
    "vzd_kods": null,
    "plana_lat": 56.941243,
    "plana_lon": 23.489038,
    "koord_teksts": "56.941243  /  23.489038",
    "karodzini": [],
    "komentars": "Avots: Jūrmalas CA plāns, lpp. 85",
    "id": "jurmala-evak-19"
   },
   "geometry": {
    "type": "Point",
    "coordinates": [
     23.489038,
     56.941243
    ]
   }
  },
  {
   "type": "Feature",
   "properties": {
    "kategorija": "evakuacijas_punkts",
    "nosaukums": "Dzelzceļa stacija „Kūdra”",
    "adrese": "Dzelzceļa stacija „Kūdra”, Kūdra, Jūrmala",
    "pasvaldiba": "Jūrmala",
    "pasvaldiba_slug": "jurmala",
    "nr_plana": 20,
    "avots_teksts": "Avots: Jūrmalas CA plāns, lpp. 85",
    "plans_url": "https://dokumenti.jurmala.lv/docs/l22/x/L0004_pielikums.pdf",
    "plans_fails": "L0004_pielikums.md",
    "lpp": 85,
    "citats": "|20.|Kūdra|Dzelzceļa stacija „Kūdra”|56.928768  /  23.545807|",
    "izdevejs": "Jūrmala (pašvaldība)",
    "geokodesana": "plan_coords",
    "adrese_vzd": null,
    "vzd_kods": null,
    "plana_lat": 56.928768,
    "plana_lon": 23.545807,
    "koord_teksts": "56.928768  /  23.545807",
    "karodzini": [],
    "komentars": "Avots: Jūrmalas CA plāns, lpp. 85",
    "id": "jurmala-evak-20"
   },
   "geometry": {
    "type": "Point",
    "coordinates": [
     23.545807,
     56.928768
    ]
   }
  },
  {
   "type": "Feature",
   "properties": {
    "kategorija": "evakuacijas_punkts",
    "nosaukums": "Slokas ielas un Druvas ielas krustojums",
    "adrese": "Slokas ielas un Druvas ielas krustojums, Druvciems, Jūrmala",
    "pasvaldiba": "Jūrmala",
    "pasvaldiba_slug": "jurmala",
    "nr_plana": 21,
    "avots_teksts": "Avots: Jūrmalas CA plāns, lpp. 85",
    "plans_url": "https://dokumenti.jurmala.lv/docs/l22/x/L0004_pielikums.pdf",
    "plans_fails": "L0004_pielikums.md",
    "lpp": 85,
    "citats": "|21.|Druvciems|Slokas ielas un Druvas ielas krustojums|56.949075  /  23.751497|",
    "izdevejs": "Jūrmala (pašvaldība)",
    "geokodesana": "plan_coords",
    "adrese_vzd": null,
    "vzd_kods": null,
    "plana_lat": 56.949075,
    "plana_lon": 23.751497,
    "koord_teksts": "56.949075  /  23.751497",
    "karodzini": [],
    "komentars": "Avots: Jūrmalas CA plāns, lpp. 85",
    "id": "jurmala-evak-21"
   },
   "geometry": {
    "type": "Point",
    "coordinates": [
     23.751497,
     56.949075
    ]
   }
  },
  {
   "type": "Feature",
   "properties": {
    "kategorija": "evakuacijas_punkts",
    "nosaukums": "Valteru prospekta un Piekrastes ielas krustojums",
    "adrese": "Valteru prospekta un Piekrastes ielas krustojums, Valteri, Jūrmala",
    "pasvaldiba": "Jūrmala",
    "pasvaldiba_slug": "jurmala",
    "nr_plana": 22,
    "avots_teksts": "Avots: Jūrmalas CA plāns, lpp. 85",
    "plans_url": "https://dokumenti.jurmala.lv/docs/l22/x/L0004_pielikums.pdf",
    "plans_fails": "L0004_pielikums.md",
    "lpp": 85,
    "citats": "|22.|Valteri|Valteru prospekta un Piekrastes ielas krustojums|56.941909  /  23.693352|",
    "izdevejs": "Jūrmala (pašvaldība)",
    "geokodesana": "plan_coords",
    "adrese_vzd": null,
    "vzd_kods": null,
    "plana_lat": 56.941909,
    "plana_lon": 23.693352,
    "koord_teksts": "56.941909  /  23.693352",
    "karodzini": [],
    "komentars": "Avots: Jūrmalas CA plāns, lpp. 85",
    "id": "jurmala-evak-22"
   },
   "geometry": {
    "type": "Point",
    "coordinates": [
     23.693352,
     56.941909
    ]
   }
  },
  {
   "type": "Feature",
   "properties": {
    "kategorija": "evakuacijas_punkts",
    "nosaukums": "Cīruļu ielas un E. Veidenbauma ielas krustojums",
    "adrese": "Cīruļu ielas un E. Veidenbauma ielas krustojums, Valteri, Jūrmala",
    "pasvaldiba": "Jūrmala",
    "pasvaldiba_slug": "jurmala",
    "nr_plana": 23,
    "avots_teksts": "Avots: Jūrmalas CA plāns, lpp. 85",
    "plans_url": "https://dokumenti.jurmala.lv/docs/l22/x/L0004_pielikums.pdf",
    "plans_fails": "L0004_pielikums.md",
    "lpp": 85,
    "citats": "|23.|Valteri|Cīruļu ielas un E. Veidenbauma ielas krustojums|56.949269  /  23.652157|",
    "izdevejs": "Jūrmala (pašvaldība)",
    "geokodesana": "plan_coords",
    "adrese_vzd": null,
    "vzd_kods": null,
    "plana_lat": 56.949269,
    "plana_lon": 23.652157,
    "koord_teksts": "56.949269  /  23.652157",
    "karodzini": [],
    "komentars": "Avots: Jūrmalas CA plāns, lpp. 85",
    "id": "jurmala-evak-23"
   },
   "geometry": {
    "type": "Point",
    "coordinates": [
     23.652157,
     56.949269
    ]
   }
  },
  {
   "type": "Feature",
   "properties": {
    "kategorija": "evakuacijas_punkts",
    "nosaukums": "Daugmales sākumskolas sporta laukums.",
    "adrese": "“Skola” Daugmale, Daugmales pagasts, Ķekavas novads",
    "pasvaldiba": "Ķekavas novads",
    "pasvaldiba_slug": "kekavas-novads",
    "nr_plana": 1,
    "avots_teksts": "Avots: Ķekavas novada CA plāns, lpp. 111",
    "plans_url": "https://kekava.lv/wp-content/uploads/2024/01/CA-plans-48.pdf",
    "plans_fails": "Kekavas-novada-sadarbibas-teritorijas-CA-plans.md",
    "lpp": 111,
    "citats": "|1.|Daugmales sākumskolas sporta<br>laukums.|“Skola” Daugmale, Daugmales<br>pagasts, Ķekavas novads|56.818284|24.427849|",
    "izdevejs": "Ķekavas novads (pašvaldība)",
    "geokodesana": "plan_coords",
    "adrese_vzd": null,
    "vzd_kods": null,
    "plana_lat": 56.818284,
    "plana_lon": 24.427849,
    "koord_teksts": "56.818284 24.427849",
    "karodzini": [],
    "komentars": "Avots: Ķekavas novada CA plāns, lpp. 111",
    "id": "kekavas-novads-evak-1"
   },
   "geometry": {
    "type": "Point",
    "coordinates": [
     24.427849,
     56.818284
    ]
   }
  },
  {
   "type": "Feature",
   "properties": {
    "kategorija": "evakuacijas_punkts",
    "nosaukums": "Baložu vidusskolas sporta laukums",
    "adrese": "Skolas iela 6, Baloži, Ķekavas novads.",
    "pasvaldiba": "Ķekavas novads",
    "pasvaldiba_slug": "kekavas-novads",
    "nr_plana": 2,
    "avots_teksts": "Avots: Ķekavas novada CA plāns, lpp. 111",
    "plans_url": "https://kekava.lv/wp-content/uploads/2024/01/CA-plans-48.pdf",
    "plans_fails": "Kekavas-novada-sadarbibas-teritorijas-CA-plans.md",
    "lpp": 111,
    "citats": "|2.|Baložu vidusskolas sporta laukums|Skolas iela 6, Baloži, Ķekavas<br>novads.|56.877860|24.117502|",
    "izdevejs": "Ķekavas novads (pašvaldība)",
    "geokodesana": "plan_coords",
    "adrese_vzd": "Skolas iela 6, Baloži, Ķekavas nov., LV-2112",
    "vzd_kods": "101272553",
    "plana_lat": 56.87786,
    "plana_lon": 24.117502,
    "koord_teksts": "56.877860 24.117502",
    "karodzini": [],
    "komentars": "Avots: Ķekavas novada CA plāns, lpp. 111",
    "id": "kekavas-novads-evak-2"
   },
   "geometry": {
    "type": "Point",
    "coordinates": [
     24.117502,
     56.87786
    ]
   }
  },
  {
   "type": "Feature",
   "properties": {
    "kategorija": "evakuacijas_punkts",
    "nosaukums": "Laukums pie Baldones vidusskolas",
    "adrese": "Iecavas iela 2, Baldone, Ķekavas novads",
    "pasvaldiba": "Ķekavas novads",
    "pasvaldiba_slug": "kekavas-novads",
    "nr_plana": 3,
    "avots_teksts": "Avots: Ķekavas novada CA plāns, lpp. 111",
    "plans_url": "https://kekava.lv/wp-content/uploads/2024/01/CA-plans-48.pdf",
    "plans_fails": "Kekavas-novada-sadarbibas-teritorijas-CA-plans.md",
    "lpp": 111,
    "citats": "|3.|Laukums pie Baldones vidusskolas|Iecavas iela 2, Baldone, Ķekavas<br>novads|56.742555|24.387992|",
    "izdevejs": "Ķekavas novads (pašvaldība)",
    "geokodesana": "plan_coords",
    "adrese_vzd": "Iecavas iela 2, Baldone, Ķekavas nov., LV-2125",
    "vzd_kods": "101269098",
    "plana_lat": 56.742555,
    "plana_lon": 24.387992,
    "koord_teksts": "56.742555 24.387992",
    "karodzini": [],
    "komentars": "Avots: Ķekavas novada CA plāns, lpp. 111",
    "id": "kekavas-novads-evak-3"
   },
   "geometry": {
    "type": "Point",
    "coordinates": [
     24.387992,
     56.742555
    ]
   }
  },
  {
   "type": "Feature",
   "properties": {
    "kategorija": "evakuacijas_punkts",
    "nosaukums": "Ķekavas ābeļdārzs",
    "adrese": "Adrese: Skolas iela 1, Ķekava, Ķekavas nov.,",
    "pasvaldiba": "Ķekavas novads",
    "pasvaldiba_slug": "kekavas-novads",
    "nr_plana": 4,
    "avots_teksts": "Avots: Ķekavas novada CA plāns, lpp. 111",
    "plans_url": "https://kekava.lv/wp-content/uploads/2024/01/CA-plans-48.pdf",
    "plans_fails": "Kekavas-novada-sadarbibas-teritorijas-CA-plans.md",
    "lpp": 111,
    "citats": "|4.|Ķekavas ābeļdārzs|Adrese: Skolas iela 1, Ķekava,<br>Ķekavas nov.,|56.827660|24.236874|",
    "izdevejs": "Ķekavas novads (pašvaldība)",
    "geokodesana": "plan_coords",
    "adrese_vzd": null,
    "vzd_kods": null,
    "plana_lat": 56.82766,
    "plana_lon": 24.236874,
    "koord_teksts": "56.827660 24.236874",
    "karodzini": [],
    "komentars": "Avots: Ķekavas novada CA plāns, lpp. 111",
    "id": "kekavas-novads-evak-4"
   },
   "geometry": {
    "type": "Point",
    "coordinates": [
     24.236874,
     56.82766
    ]
   }
  },
  {
   "type": "Feature",
   "properties": {
    "kategorija": "evakuacijas_punkts",
    "nosaukums": "Krāslavas ģimnāzija (sporta zāle/stadions)",
    "adrese": "Pils iela 5, Krāslava",
    "pasvaldiba": "Krāslavas novads",
    "pasvaldiba_slug": "kraslavas-novads",
    "nr_plana": 1,
    "avots_teksts": "Avots: Krāslavas novada CA plāns, lpp. 123",
    "plans_url": "https://www.kraslava.lv/lv/media/3822/download?attachment",
    "plans_fails": "kraslavas_novada_sadarbibas_teritorijas_civilas_aizsardzibas_plans.md",
    "lpp": 123,
    "citats": "|||Krāslavas ģimnāzija<br>(sporta zāle/stadions)|Pils iela 5, Krāslava|",
    "izdevejs": "Krāslavas novads (pašvaldība)",
    "geokodesana": "varis_address",
    "adrese_vzd": "Pils iela 5, Krāslava, Krāslavas nov., LV-5601",
    "vzd_kods": "101490143",
    "plana_lat": null,
    "plana_lon": null,
    "koord_teksts": null,
    "karodzini": [],
    "izvilkuma_piezime": "Unnumbered continuation row under nr 1.",
    "komentars": "Avots: Krāslavas novada CA plāns, lpp. 123 · vieta noteikta pēc adreses (VZD)",
    "id": "kraslavas-novads-evak-1"
   },
   "geometry": {
    "type": "Point",
    "coordinates": [
     27.160694,
     55.901445
    ]
   }
  },
  {
   "type": "Feature",
   "properties": {
    "kategorija": "evakuacijas_punkts",
    "nosaukums": "Pils parka stadions",
    "adrese": "Grāfu Plāteru iela 4, Krāslava",
    "pasvaldiba": "Krāslavas novads",
    "pasvaldiba_slug": "kraslavas-novads",
    "nr_plana": 1,
    "avots_teksts": "Avots: Krāslavas novada CA plāns, lpp. 123",
    "plans_url": "https://www.kraslava.lv/lv/media/3822/download?attachment",
    "plans_fails": "kraslavas_novada_sadarbibas_teritorijas_civilas_aizsardzibas_plans.md",
    "lpp": 123,
    "citats": "|||Pils parka stadions|Grāfu Plāteru iela 4,<br>Krāslava|",
    "izdevejs": "Krāslavas novads (pašvaldība)",
    "geokodesana": "varis_address",
    "adrese_vzd": "Grāfu Plāteru iela 4, Krāslava, Krāslavas nov., LV-5601",
    "vzd_kods": "102231191",
    "plana_lat": null,
    "plana_lon": null,
    "koord_teksts": null,
    "karodzini": [],
    "izvilkuma_piezime": "Unnumbered continuation row under nr 1.",
    "komentars": "Avots: Krāslavas novada CA plāns, lpp. 123 · vieta noteikta pēc adreses (VZD)",
    "id": "kraslavas-novads-evak-2"
   },
   "geometry": {
    "type": "Point",
    "coordinates": [
     27.162084,
     55.899069
    ]
   }
  },
  {
   "type": "Feature",
   "properties": {
    "kategorija": "evakuacijas_punkts",
    "nosaukums": "Dagdas arodvidusskolas stadions",
    "adrese": "Brīvības iela 3,Dagda",
    "pasvaldiba": "Krāslavas novads",
    "pasvaldiba_slug": "kraslavas-novads",
    "nr_plana": 2,
    "avots_teksts": "Avots: Krāslavas novada CA plāns, lpp. 123",
    "plans_url": "https://www.kraslava.lv/lv/media/3822/download?attachment",
    "plans_fails": "kraslavas_novada_sadarbibas_teritorijas_civilas_aizsardzibas_plans.md",
    "lpp": 123,
    "citats": "|||Dagdas arodvidusskolas stadions|Brīvības iela 3,Dagda|",
    "izdevejs": "Krāslavas novads (pašvaldība)",
    "geokodesana": "varis_address",
    "adrese_vzd": "Brīvības iela 3, Dagda, Krāslavas nov., LV-5674",
    "vzd_kods": "102235912",
    "plana_lat": null,
    "plana_lon": null,
    "koord_teksts": null,
    "karodzini": [],
    "izvilkuma_piezime": "Unnumbered continuation row under nr 2.",
    "komentars": "Avots: Krāslavas novada CA plāns, lpp. 123 · vieta noteikta pēc adreses (VZD)",
    "id": "kraslavas-novads-evak-3"
   },
   "geometry": {
    "type": "Point",
    "coordinates": [
     27.532832,
     56.092063
    ]
   }
  },
  {
   "type": "Feature",
   "properties": {
    "kategorija": "evakuacijas_punkts",
    "nosaukums": "Pag. pārvaldes ēka",
    "adrese": "Roberta Pudnika iela 8, Auleja,Aulejaspag.",
    "pasvaldiba": "Krāslavas novads",
    "pasvaldiba_slug": "kraslavas-novads",
    "nr_plana": 3,
    "avots_teksts": "Avots: Krāslavas novada CA plāns, lpp. 123",
    "plans_url": "https://www.kraslava.lv/lv/media/3822/download?attachment",
    "plans_fails": "kraslavas_novada_sadarbibas_teritorijas_civilas_aizsardzibas_plans.md",
    "lpp": 123,
    "citats": "|3.|Aulejas pagasts|Pag. pārvaldes ēka|Roberta Pudnika iela 8,<br>Auleja,Aulejaspag.|",
    "izdevejs": "Krāslavas novads (pašvaldība)",
    "geokodesana": "varis_address",
    "adrese_vzd": "Roberta Pudnika iela 8, Auleja, Aulejas pag., Krāslavas nov., LV-5681",
    "vzd_kods": "101147957",
    "plana_lat": null,
    "plana_lon": null,
    "koord_teksts": null,
    "karodzini": [],
    "komentars": "Avots: Krāslavas novada CA plāns, lpp. 123 · vieta noteikta pēc adreses (VZD)",
    "id": "kraslavas-novads-evak-4"
   },
   "geometry": {
    "type": "Point",
    "coordinates": [
     27.279136,
     56.060648
    ]
   }
  },
  {
   "type": "Feature",
   "properties": {
    "kategorija": "evakuacijas_punkts",
    "nosaukums": "Pag. pārvaldes ēka",
    "adrese": "Pasta iela 2, Indra, Indras pag.",
    "pasvaldiba": "Krāslavas novads",
    "pasvaldiba_slug": "kraslavas-novads",
    "nr_plana": 4,
    "avots_teksts": "Avots: Krāslavas novada CA plāns, lpp. 123",
    "plans_url": "https://www.kraslava.lv/lv/media/3822/download?attachment",
    "plans_fails": "kraslavas_novada_sadarbibas_teritorijas_civilas_aizsardzibas_plans.md",
    "lpp": 123,
    "citats": "|4.|Indras pagasts|Pag. pārvaldes ēka|Pasta iela 2, Indra, Indras<br>pag.|",
    "izdevejs": "Krāslavas novads (pašvaldība)",
    "geokodesana": "varis_address",
    "adrese_vzd": "Pasta iela 2, Indra, Indras pag., Krāslavas nov., LV-5664",
    "vzd_kods": "101144340",
    "plana_lat": null,
    "plana_lon": null,
    "koord_teksts": null,
    "karodzini": [],
    "komentars": "Avots: Krāslavas novada CA plāns, lpp. 123 · vieta noteikta pēc adreses (VZD)",
    "id": "kraslavas-novads-evak-5"
   },
   "geometry": {
    "type": "Point",
    "coordinates": [
     27.53945,
     55.875538
    ]
   }
  },
  {
   "type": "Feature",
   "properties": {
    "kategorija": "evakuacijas_punkts",
    "nosaukums": "Pag. pārvaldes ēka",
    "adrese": "Saules iela 3, Izvalta, Izvaltas pag.",
    "pasvaldiba": "Krāslavas novads",
    "pasvaldiba_slug": "kraslavas-novads",
    "nr_plana": 5,
    "avots_teksts": "Avots: Krāslavas novada CA plāns, lpp. 123",
    "plans_url": "https://www.kraslava.lv/lv/media/3822/download?attachment",
    "plans_fails": "kraslavas_novada_sadarbibas_teritorijas_civilas_aizsardzibas_plans.md",
    "lpp": 123,
    "citats": "|5.|Izvaltas pagasts|Pag. pārvaldes ēka|Saules iela 3, Izvalta, Izvaltas<br>pag.|",
    "izdevejs": "Krāslavas novads (pašvaldība)",
    "geokodesana": "varis_address",
    "adrese_vzd": "Saules iela 3, Izvalta, Izvaltas pag., Krāslavas nov., LV-5652",
    "vzd_kods": "101149735",
    "plana_lat": null,
    "plana_lon": null,
    "koord_teksts": null,
    "karodzini": [],
    "komentars": "Avots: Krāslavas novada CA plāns, lpp. 123 · vieta noteikta pēc adreses (VZD)",
    "id": "kraslavas-novads-evak-6"
   },
   "geometry": {
    "type": "Point",
    "coordinates": [
     27.025657,
     55.957145
    ]
   }
  },
  {
   "type": "Feature",
   "properties": {
    "kategorija": "evakuacijas_punkts",
    "nosaukums": "Pag. pārvaldes ēka",
    "adrese": "“Daugavas”, Kalnieši, Kalniešupag.",
    "pasvaldiba": "Krāslavas novads",
    "pasvaldiba_slug": "kraslavas-novads",
    "nr_plana": 6,
    "avots_teksts": "Avots: Krāslavas novada CA plāns, lpp. 123",
    "plans_url": "https://www.kraslava.lv/lv/media/3822/download?attachment",
    "plans_fails": "kraslavas_novada_sadarbibas_teritorijas_civilas_aizsardzibas_plans.md",
    "lpp": 123,
    "citats": "|6.|Kalniešu pag.|Pag. pārvaldes ēka|“Daugavas”, Kalnieši,<br>Kalniešupag.|",
    "izdevejs": "Krāslavas novads (pašvaldība)",
    "geokodesana": "varis_address",
    "adrese_vzd": "\"Daugavas\", Kalnieši, Kalniešu pag., Krāslavas nov., LV-5660",
    "vzd_kods": "101159553",
    "plana_lat": null,
    "plana_lon": null,
    "koord_teksts": null,
    "karodzini": [],
    "komentars": "Avots: Krāslavas novada CA plāns, lpp. 123 · vieta noteikta pēc adreses (VZD)",
    "id": "kraslavas-novads-evak-7"
   },
   "geometry": {
    "type": "Point",
    "coordinates": [
     27.371778,
     55.866644
    ]
   }
  },
  {
   "type": "Feature",
   "properties": {
    "kategorija": "evakuacijas_punkts",
    "nosaukums": "Pag. pārvaldes ēka",
    "adrese": "Kaplavas iela 3, Kaplava, Kaplavaspag.",
    "pasvaldiba": "Krāslavas novads",
    "pasvaldiba_slug": "kraslavas-novads",
    "nr_plana": 7,
    "avots_teksts": "Avots: Krāslavas novada CA plāns, lpp. 123",
    "plans_url": "https://www.kraslava.lv/lv/media/3822/download?attachment",
    "plans_fails": "kraslavas_novada_sadarbibas_teritorijas_civilas_aizsardzibas_plans.md",
    "lpp": 123,
    "citats": "|7.|Kaplavas pag.|Pag. pārvaldes ēka|Kaplavas iela 3, Kaplava,<br>Kaplavaspag.|",
    "izdevejs": "Krāslavas novads (pašvaldība)",
    "geokodesana": "varis_address",
    "adrese_vzd": "Kaplavas iela 3, Kaplava, Kaplavas pag., Krāslavas nov., LV-5668",
    "vzd_kods": "102735555",
    "plana_lat": null,
    "plana_lon": null,
    "koord_teksts": null,
    "karodzini": [],
    "komentars": "Avots: Krāslavas novada CA plāns, lpp. 123 · vieta noteikta pēc adreses (VZD)",
    "id": "kraslavas-novads-evak-8"
   },
   "geometry": {
    "type": "Point",
    "coordinates": [
     27.03614,
     55.859362
    ]
   }
  },
  {
   "type": "Feature",
   "properties": {
    "kategorija": "evakuacijas_punkts",
    "nosaukums": "Pag. pārvaldes ēka",
    "adrese": "Skolas iela 4, Kombuļi, p/n “Sauleskalns”",
    "pasvaldiba": "Krāslavas novads",
    "pasvaldiba_slug": "kraslavas-novads",
    "nr_plana": 8,
    "avots_teksts": "Avots: Krāslavas novada CA plāns, lpp. 123",
    "plans_url": "https://www.kraslava.lv/lv/media/3822/download?attachment",
    "plans_fails": "kraslavas_novada_sadarbibas_teritorijas_civilas_aizsardzibas_plans.md",
    "lpp": 123,
    "citats": "|8.|Kombuļu pag.|Pag. pārvaldes ēka|Skolas iela 4, Kombuļi, p/n<br>“Sauleskalns”|",
    "izdevejs": "Krāslavas novads (pašvaldība)",
    "geokodesana": "varis_address",
    "adrese_vzd": "Skolas iela 4, Kombuļi, Kombuļu pag., Krāslavas nov., LV-5656",
    "vzd_kods": "101104596",
    "plana_lat": null,
    "plana_lon": null,
    "koord_teksts": null,
    "karodzini": [],
    "komentars": "Avots: Krāslavas novada CA plāns, lpp. 123 · vieta noteikta pēc adreses (VZD)",
    "id": "kraslavas-novads-evak-9"
   },
   "geometry": {
    "type": "Point",
    "coordinates": [
     27.176196,
     55.976482
    ]
   }
  },
  {
   "type": "Feature",
   "properties": {
    "kategorija": "evakuacijas_punkts",
    "nosaukums": "Pag. pārvaldes ēka",
    "adrese": "“Jaunība”, Piedruja, Piedrujaspag.",
    "pasvaldiba": "Krāslavas novads",
    "pasvaldiba_slug": "kraslavas-novads",
    "nr_plana": 9,
    "avots_teksts": "Avots: Krāslavas novada CA plāns, lpp. 123",
    "plans_url": "https://www.kraslava.lv/lv/media/3822/download?attachment",
    "plans_fails": "kraslavas_novada_sadarbibas_teritorijas_civilas_aizsardzibas_plans.md",
    "lpp": 123,
    "citats": "|9.|Piedrujas pag.|Pag. pārvaldes ēka|“Jaunība”, Piedruja,<br>Piedrujaspag.|",
    "izdevejs": "Krāslavas novads (pašvaldība)",
    "geokodesana": "varis_address",
    "adrese_vzd": "\"Jaunība\", Piedruja, Piedrujas pag., Krāslavas nov., LV-5662",
    "vzd_kods": "106031657",
    "plana_lat": null,
    "plana_lon": null,
    "koord_teksts": null,
    "karodzini": [],
    "komentars": "Avots: Krāslavas novada CA plāns, lpp. 123 · vieta noteikta pēc adreses (VZD)",
    "id": "kraslavas-novads-evak-10"
   },
   "geometry": {
    "type": "Point",
    "coordinates": [
     27.445425,
     55.797623
    ]
   }
  },
  {
   "type": "Feature",
   "properties": {
    "kategorija": "evakuacijas_punkts",
    "nosaukums": "Pag. pārvaldes ēka",
    "adrese": "Jaunatnes iela 6, Robežnieki, Robežnieku pag.",
    "pasvaldiba": "Krāslavas novads",
    "pasvaldiba_slug": "kraslavas-novads",
    "nr_plana": 10,
    "avots_teksts": "Avots: Krāslavas novada CA plāns, lpp. 124",
    "plans_url": "https://www.kraslava.lv/lv/media/3822/download?attachment",
    "plans_fails": "kraslavas_novada_sadarbibas_teritorijas_civilas_aizsardzibas_plans.md",
    "lpp": 124,
    "citats": "|10.|Robežnieku pag.|Pag. pārvaldes ēka|Jaunatnes iela 6, Robežnieki,<br>Robežnieku pag.|",
    "izdevejs": "Krāslavas novads (pašvaldība)",
    "geokodesana": "varis_address",
    "adrese_vzd": "Jaunatnes iela 6, Robežnieki, Robežnieku pag., Krāslavas nov., LV-5666",
    "vzd_kods": "102772101",
    "plana_lat": null,
    "plana_lon": null,
    "koord_teksts": null,
    "karodzini": [],
    "komentars": "Avots: Krāslavas novada CA plāns, lpp. 124 · vieta noteikta pēc adreses (VZD)",
    "id": "kraslavas-novads-evak-11"
   },
   "geometry": {
    "type": "Point",
    "coordinates": [
     27.606907,
     55.976905
    ]
   }
  },
  {
   "type": "Feature",
   "properties": {
    "kategorija": "evakuacijas_punkts",
    "nosaukums": "Pag. pārvaldes ēka",
    "adrese": "Miera iela 13, Skaista, Skaistaspag.",
    "pasvaldiba": "Krāslavas novads",
    "pasvaldiba_slug": "kraslavas-novads",
    "nr_plana": 11,
    "avots_teksts": "Avots: Krāslavas novada CA plāns, lpp. 124",
    "plans_url": "https://www.kraslava.lv/lv/media/3822/download?attachment",
    "plans_fails": "kraslavas_novada_sadarbibas_teritorijas_civilas_aizsardzibas_plans.md",
    "lpp": 124,
    "citats": "|11.|Skaistas pag.<br>|Pag. pārvaldes ēka|Miera iela 13, Skaista,<br>Skaistaspag.|",
    "izdevejs": "Krāslavas novads (pašvaldība)",
    "geokodesana": "varis_address",
    "adrese_vzd": "Miera iela 13, Skaista, Skaistas pag., Krāslavas nov., LV-5671",
    "vzd_kods": "101151362",
    "plana_lat": null,
    "plana_lon": null,
    "koord_teksts": null,
    "karodzini": [],
    "komentars": "Avots: Krāslavas novada CA plāns, lpp. 124 · vieta noteikta pēc adreses (VZD)",
    "id": "kraslavas-novads-evak-12"
   },
   "geometry": {
    "type": "Point",
    "coordinates": [
     27.36903,
     55.963704
    ]
   }
  },
  {
   "type": "Feature",
   "properties": {
    "kategorija": "evakuacijas_punkts",
    "nosaukums": "Pag. pārvaldes ēka",
    "adrese": "Dārza iela 2, Augstkalne, Ūdrīšu pag.",
    "pasvaldiba": "Krāslavas novads",
    "pasvaldiba_slug": "kraslavas-novads",
    "nr_plana": 12,
    "avots_teksts": "Avots: Krāslavas novada CA plāns, lpp. 124",
    "plans_url": "https://www.kraslava.lv/lv/media/3822/download?attachment",
    "plans_fails": "kraslavas_novada_sadarbibas_teritorijas_civilas_aizsardzibas_plans.md",
    "lpp": 124,
    "citats": "|12.|Ūdrīšu pag.|Pag. pārvaldes ēka|Dārza iela 2, Augstkalne,<br>Ūdrīšu pag.|",
    "izdevejs": "Krāslavas novads (pašvaldība)",
    "geokodesana": "varis_address",
    "adrese_vzd": "Dārza iela 2, Augstkalne, Ūdrīšu pag., Krāslavas nov., LV-5601",
    "vzd_kods": "102237522",
    "plana_lat": null,
    "plana_lon": null,
    "koord_teksts": null,
    "karodzini": [],
    "komentars": "Avots: Krāslavas novada CA plāns, lpp. 124 · vieta noteikta pēc adreses (VZD)",
    "id": "kraslavas-novads-evak-13"
   },
   "geometry": {
    "type": "Point",
    "coordinates": [
     27.151138,
     55.91572
    ]
   }
  },
  {
   "type": "Feature",
   "properties": {
    "kategorija": "evakuacijas_punkts",
    "nosaukums": "Pag. pārvaldes ēka",
    "adrese": "Ezeru iela 21, Grāveri, Grāveru pag.",
    "pasvaldiba": "Krāslavas novads",
    "pasvaldiba_slug": "kraslavas-novads",
    "nr_plana": 13,
    "avots_teksts": "Avots: Krāslavas novada CA plāns, lpp. 124",
    "plans_url": "https://www.kraslava.lv/lv/media/3822/download?attachment",
    "plans_fails": "kraslavas_novada_sadarbibas_teritorijas_civilas_aizsardzibas_plans.md",
    "lpp": 124,
    "citats": "|13.|Grāveru pag.|Pag. pārvaldes ēka|Ezeru iela 21, Grāveri,<br>Grāveru pag.|",
    "izdevejs": "Krāslavas novads (pašvaldība)",
    "geokodesana": "varis_address",
    "adrese_vzd": "Ezeru iela 21, Grāveri, Grāveru pag., Krāslavas nov., LV-5655",
    "vzd_kods": "102768021",
    "plana_lat": null,
    "plana_lon": null,
    "koord_teksts": null,
    "karodzini": [],
    "komentars": "Avots: Krāslavas novada CA plāns, lpp. 124 · vieta noteikta pēc adreses (VZD)",
    "id": "kraslavas-novads-evak-14"
   },
   "geometry": {
    "type": "Point",
    "coordinates": [
     27.139661,
     56.060635
    ]
   }
  },
  {
   "type": "Feature",
   "properties": {
    "kategorija": "evakuacijas_punkts",
    "nosaukums": "Pag. pārvaldes ēka",
    "adrese": "Daugavpils iela 7, Šķeltova, Šķeltovas pag.",
    "pasvaldiba": "Krāslavas novads",
    "pasvaldiba_slug": "kraslavas-novads",
    "nr_plana": 15,
    "avots_teksts": "Avots: Krāslavas novada CA plāns, lpp. 124",
    "plans_url": "https://www.kraslava.lv/lv/media/3822/download?attachment",
    "plans_fails": "kraslavas_novada_sadarbibas_teritorijas_civilas_aizsardzibas_plans.md",
    "lpp": 124,
    "citats": "|15.|Šķeltovas pag.|Pag. pārvaldes ēka|Daugavpils iela 7, Šķeltova,<br>Šķeltovas pag.|",
    "izdevejs": "Krāslavas novads (pašvaldība)",
    "geokodesana": "varis_address",
    "adrese_vzd": "Daugavpils iela 7, Šķeltova, Šķeltovas pag., Krāslavas nov., LV-5653",
    "vzd_kods": "101142320",
    "plana_lat": null,
    "plana_lon": null,
    "koord_teksts": null,
    "karodzini": [],
    "komentars": "Avots: Krāslavas novada CA plāns, lpp. 124 · vieta noteikta pēc adreses (VZD)",
    "id": "kraslavas-novads-evak-15"
   },
   "geometry": {
    "type": "Point",
    "coordinates": [
     27.008519,
     56.023128
    ]
   }
  },
  {
   "type": "Feature",
   "properties": {
    "kategorija": "evakuacijas_punkts",
    "nosaukums": "Pag. pārvaldes ēka",
    "adrese": "Skolas iela 3, Andrupene, Andrupenespag.",
    "pasvaldiba": "Krāslavas novads",
    "pasvaldiba_slug": "kraslavas-novads",
    "nr_plana": 16,
    "avots_teksts": "Avots: Krāslavas novada CA plāns, lpp. 124",
    "plans_url": "https://www.kraslava.lv/lv/media/3822/download?attachment",
    "plans_fails": "kraslavas_novada_sadarbibas_teritorijas_civilas_aizsardzibas_plans.md",
    "lpp": 124,
    "citats": "|16.|Andrupenes pag.|Pag. pārvaldes ēka|Skolas iela 3, Andrupene,<br>Andrupenespag.|",
    "izdevejs": "Krāslavas novads (pašvaldība)",
    "geokodesana": "varis_address",
    "adrese_vzd": "Skolas iela 3, Andrupene, Andrupenes pag., Krāslavas nov., LV-5687",
    "vzd_kods": "102236922",
    "plana_lat": null,
    "plana_lon": null,
    "koord_teksts": null,
    "karodzini": [],
    "komentars": "Avots: Krāslavas novada CA plāns, lpp. 124 · vieta noteikta pēc adreses (VZD)",
    "id": "kraslavas-novads-evak-16"
   },
   "geometry": {
    "type": "Point",
    "coordinates": [
     27.396305,
     56.189524
    ]
   }
  },
  {
   "type": "Feature",
   "properties": {
    "kategorija": "evakuacijas_punkts",
    "nosaukums": "Pag. pārvaldes ēka",
    "adrese": "“Ausekļi”, Andzeļi, Andzeļu pag.",
    "pasvaldiba": "Krāslavas novads",
    "pasvaldiba_slug": "kraslavas-novads",
    "nr_plana": 17,
    "avots_teksts": "Avots: Krāslavas novada CA plāns, lpp. 124",
    "plans_url": "https://www.kraslava.lv/lv/media/3822/download?attachment",
    "plans_fails": "kraslavas_novada_sadarbibas_teritorijas_civilas_aizsardzibas_plans.md",
    "lpp": 124,
    "citats": "|17.|Andzeļu pag.|Pag. pārvaldes ēka|“Ausekļi”, Andzeļi, Andzeļu<br>pag.|",
    "izdevejs": "Krāslavas novads (pašvaldība)",
    "geokodesana": "varis_address",
    "adrese_vzd": "\"Ausekļi\", Andzeļi, Andzeļu pag., Krāslavas nov., LV-5696",
    "vzd_kods": "104434016",
    "plana_lat": null,
    "plana_lon": null,
    "koord_teksts": null,
    "karodzini": [],
    "komentars": "Avots: Krāslavas novada CA plāns, lpp. 124 · vieta noteikta pēc adreses (VZD)",
    "id": "kraslavas-novads-evak-17"
   },
   "geometry": {
    "type": "Point",
    "coordinates": [
     27.553379,
     56.16859
    ]
   }
  },
  {
   "type": "Feature",
   "properties": {
    "kategorija": "evakuacijas_punkts",
    "nosaukums": "Pag. pārvaldes ēka",
    "adrese": "Dārza iela 1, Asūne, Asūnes pag.",
    "pasvaldiba": "Krāslavas novads",
    "pasvaldiba_slug": "kraslavas-novads",
    "nr_plana": 18,
    "avots_teksts": "Avots: Krāslavas novada CA plāns, lpp. 124",
    "plans_url": "https://www.kraslava.lv/lv/media/3822/download?attachment",
    "plans_fails": "kraslavas_novada_sadarbibas_teritorijas_civilas_aizsardzibas_plans.md",
    "lpp": 124,
    "citats": "|18.|Asūnes pag.|Pag. pārvaldes ēka|Dārza iela 1, Asūne, Asūnes<br>pag.|",
    "izdevejs": "Krāslavas novads (pašvaldība)",
    "geokodesana": "varis_address",
    "adrese_vzd": "Dārza iela 1, Asūne, Asūnes pag., Krāslavas nov., LV-5676",
    "vzd_kods": "101149245",
    "plana_lat": null,
    "plana_lon": null,
    "koord_teksts": null,
    "karodzini": [],
    "komentars": "Avots: Krāslavas novada CA plāns, lpp. 124 · vieta noteikta pēc adreses (VZD)",
    "id": "kraslavas-novads-evak-18"
   },
   "geometry": {
    "type": "Point",
    "coordinates": [
     27.618804,
     56.026627
    ]
   }
  },
  {
   "type": "Feature",
   "properties": {
    "kategorija": "evakuacijas_punkts",
    "nosaukums": "Pag. pārvaldes ēka",
    "adrese": "“Ošupe”, Neikšāni, Ķepovas pag.",
    "pasvaldiba": "Krāslavas novads",
    "pasvaldiba_slug": "kraslavas-novads",
    "nr_plana": 19,
    "avots_teksts": "Avots: Krāslavas novada CA plāns, lpp. 124",
    "plans_url": "https://www.kraslava.lv/lv/media/3822/download?attachment",
    "plans_fails": "kraslavas_novada_sadarbibas_teritorijas_civilas_aizsardzibas_plans.md",
    "lpp": 124,
    "citats": "|19.|Ķepovas pag.|Pag. pārvaldes ēka|“Ošupe”, Neikšāni, Ķepovas<br>pag.|",
    "izdevejs": "Krāslavas novads (pašvaldība)",
    "geokodesana": "varis_address",
    "adrese_vzd": "\"Ošupe\", Neikšāni, Ķepovas pag., Krāslavas nov., LV-5677",
    "vzd_kods": "104589698",
    "plana_lat": null,
    "plana_lon": null,
    "koord_teksts": null,
    "karodzini": [],
    "komentars": "Avots: Krāslavas novada CA plāns, lpp. 124 · vieta noteikta pēc adreses (VZD)",
    "id": "kraslavas-novads-evak-19"
   },
   "geometry": {
    "type": "Point",
    "coordinates": [
     27.751187,
     56.033145
    ]
   }
  },
  {
   "type": "Feature",
   "properties": {
    "kategorija": "evakuacijas_punkts",
    "nosaukums": "Pag. pārvaldes ēka",
    "adrese": "Bērzu iela 2, c. Porečje, Bērziņu pag.",
    "pasvaldiba": "Krāslavas novads",
    "pasvaldiba_slug": "kraslavas-novads",
    "nr_plana": 20,
    "avots_teksts": "Avots: Krāslavas novada CA plāns, lpp. 124",
    "plans_url": "https://www.kraslava.lv/lv/media/3822/download?attachment",
    "plans_fails": "kraslavas_novada_sadarbibas_teritorijas_civilas_aizsardzibas_plans.md",
    "lpp": 124,
    "citats": "|20.|Bērziņu pag.|Pag. pārvaldes ēka|Bērzu iela 2, c. Porečje,<br>Bērziņu pag.|",
    "izdevejs": "Krāslavas novads (pašvaldība)",
    "geokodesana": "varis_address",
    "adrese_vzd": "Bērzu iela 2, Porečje, Bērziņu pag., Krāslavas nov., LV-5697",
    "vzd_kods": "102749436",
    "plana_lat": null,
    "plana_lon": null,
    "koord_teksts": null,
    "karodzini": [],
    "komentars": "Avots: Krāslavas novada CA plāns, lpp. 124 · vieta noteikta pēc adreses (VZD)",
    "id": "kraslavas-novads-evak-20"
   },
   "geometry": {
    "type": "Point",
    "coordinates": [
     27.874622,
     56.093688
    ]
   }
  },
  {
   "type": "Feature",
   "properties": {
    "kategorija": "evakuacijas_punkts",
    "nosaukums": "Pag. pārvaldes ēka",
    "adrese": "“Tautas nams”, Šķaune, Šķaunes pag.",
    "pasvaldiba": "Krāslavas novads",
    "pasvaldiba_slug": "kraslavas-novads",
    "nr_plana": 21,
    "avots_teksts": "Avots: Krāslavas novada CA plāns, lpp. 124",
    "plans_url": "https://www.kraslava.lv/lv/media/3822/download?attachment",
    "plans_fails": "kraslavas_novada_sadarbibas_teritorijas_civilas_aizsardzibas_plans.md",
    "lpp": 124,
    "citats": "|21.|Šķaunes pag.|Pag. pārvaldes ēka|“Tautas nams”, Šķaune,<br>Šķaunes pag.|",
    "izdevejs": "Krāslavas novads (pašvaldība)",
    "geokodesana": "varis_address",
    "adrese_vzd": "\"Tautas nams\", Šķaune, Šķaunes pag., Krāslavas nov., LV-5695",
    "vzd_kods": "105391915",
    "plana_lat": null,
    "plana_lon": null,
    "koord_teksts": null,
    "karodzini": [],
    "komentars": "Avots: Krāslavas novada CA plāns, lpp. 124 · vieta noteikta pēc adreses (VZD)",
    "id": "kraslavas-novads-evak-21"
   },
   "geometry": {
    "type": "Point",
    "coordinates": [
     28.004958,
     56.139386
    ]
   }
  },
  {
   "type": "Feature",
   "properties": {
    "kategorija": "evakuacijas_punkts",
    "nosaukums": "Pag. pārvaldes ēka",
    "adrese": "“Pagastmājas”, Ezernieki, Ezerniekupag.",
    "pasvaldiba": "Krāslavas novads",
    "pasvaldiba_slug": "kraslavas-novads",
    "nr_plana": 22,
    "avots_teksts": "Avots: Krāslavas novada CA plāns, lpp. 124",
    "plans_url": "https://www.kraslava.lv/lv/media/3822/download?attachment",
    "plans_fails": "kraslavas_novada_sadarbibas_teritorijas_civilas_aizsardzibas_plans.md",
    "lpp": 124,
    "citats": "|22.|Ezernieku pag.|Pag. pārvaldes ēka|“Pagastmājas”, Ezernieki,<br>Ezerniekupag.|",
    "izdevejs": "Krāslavas novads (pašvaldība)",
    "geokodesana": "varis_address",
    "adrese_vzd": "\"Pagastmājas\", Ezernieki, Ezernieku pag., Krāslavas nov., LV-5692",
    "vzd_kods": "105431713",
    "plana_lat": null,
    "plana_lon": null,
    "koord_teksts": null,
    "karodzini": [],
    "komentars": "Avots: Krāslavas novada CA plāns, lpp. 124 · vieta noteikta pēc adreses (VZD)",
    "id": "kraslavas-novads-evak-22"
   },
   "geometry": {
    "type": "Point",
    "coordinates": [
     27.658247,
     56.184304
    ]
   }
  },
  {
   "type": "Feature",
   "properties": {
    "kategorija": "evakuacijas_punkts",
    "nosaukums": "Pag. pārvaldes ēka",
    "adrese": "Skolas iela 5, c. Svarinci, Svariņu pag.",
    "pasvaldiba": "Krāslavas novads",
    "pasvaldiba_slug": "kraslavas-novads",
    "nr_plana": 23,
    "avots_teksts": "Avots: Krāslavas novada CA plāns, lpp. 124",
    "plans_url": "https://www.kraslava.lv/lv/media/3822/download?attachment",
    "plans_fails": "kraslavas_novada_sadarbibas_teritorijas_civilas_aizsardzibas_plans.md",
    "lpp": 124,
    "citats": "|23.|Svariņu pag.|Pag. pārvaldes ēka|Skolas iela 5, c. Svarinci,<br>Svariņu pag.|",
    "izdevejs": "Krāslavas novads (pašvaldība)",
    "geokodesana": "varis_address",
    "adrese_vzd": "Skolas iela 5, Svarinci, Svariņu pag., Krāslavas nov., LV-5698",
    "vzd_kods": "101153124",
    "plana_lat": null,
    "plana_lon": null,
    "koord_teksts": null,
    "karodzini": [],
    "komentars": "Avots: Krāslavas novada CA plāns, lpp. 124 · vieta noteikta pēc adreses (VZD)",
    "id": "kraslavas-novads-evak-23"
   },
   "geometry": {
    "type": "Point",
    "coordinates": [
     27.749973,
     56.126681
    ]
   }
  },
  {
   "type": "Feature",
   "properties": {
    "kategorija": "evakuacijas_punkts",
    "nosaukums": "Pag. pārvaldes ēka",
    "adrese": "Saules iela 7, Konstantinova, Konstantinovaspag.",
    "pasvaldiba": "Krāslavas novads",
    "pasvaldiba_slug": "kraslavas-novads",
    "nr_plana": 24,
    "avots_teksts": "Avots: Krāslavas novada CA plāns, lpp. 124",
    "plans_url": "https://www.kraslava.lv/lv/media/3822/download?attachment",
    "plans_fails": "kraslavas_novada_sadarbibas_teritorijas_civilas_aizsardzibas_plans.md",
    "lpp": 124,
    "citats": "|24.|Konstantinovas<br>pag.|Pag. pārvaldes ēka|Saules iela 7, Konstantinova,<br>Konstantinovaspag.|",
    "izdevejs": "Krāslavas novads (pašvaldība)",
    "geokodesana": "varis_address",
    "adrese_vzd": "Saules iela 7, Konstantinova, Konstantinovas pag., Krāslavas nov., LV-5680",
    "vzd_kods": "101152001",
    "plana_lat": null,
    "plana_lon": null,
    "koord_teksts": null,
    "karodzini": [],
    "komentars": "Avots: Krāslavas novada CA plāns, lpp. 124 · vieta noteikta pēc adreses (VZD)",
    "id": "kraslavas-novads-evak-24"
   },
   "geometry": {
    "type": "Point",
    "coordinates": [
     27.437728,
     56.061185
    ]
   }
  },
  {
   "type": "Feature",
   "properties": {
    "kategorija": "evakuacijas_punkts",
    "nosaukums": "Laukums pie veikala \"Selvers\" (Kuldīgas pilsēta)",
    "adrese": "Piltenes iela 32, Kuldīga",
    "pasvaldiba": "Kuldīgas novads",
    "pasvaldiba_slug": "kuldigas-novads",
    "nr_plana": 1,
    "avots_teksts": "Avots: Kuldīgas novada CA plāns, lpp. 121",
    "plans_url": "https://kuldigasnovads.lv/wp-content/uploads/2022/10/Kuldigas_novada_sadarbibas_teritorijas_civilas_a_izsardzibas_plans.pdf",
    "plans_fails": "Kuldigas_novada_sadarbibas_teritorijas_civilas_a_izsardzibas_plans.md",
    "lpp": 121,
    "citats": "|**1.**|Kuldīgas pilsēta|Laukums pie<br>veikala<br>\"Selvers\"|Piltenes iela<br>32,<br>Kuldīga|N 56.97|E 21.95|",
    "izdevejs": "Kuldīgas novads (pašvaldība)",
    "geokodesana": "plan_coords",
    "adrese_vzd": "Piltenes iela 32, Kuldīga, Kuldīgas nov., LV-3301",
    "vzd_kods": "104275947",
    "plana_lat": 56.97,
    "plana_lon": 21.95,
    "koord_teksts": "N 56.97; E 21.95",
    "karodzini": [],
    "izvilkuma_piezime": "Coordinates given to 2 decimals only (~1 km precision).",
    "komentars": "Avots: Kuldīgas novada CA plāns, lpp. 121",
    "id": "kuldigas-novads-evak-1"
   },
   "geometry": {
    "type": "Point",
    "coordinates": [
     21.95,
     56.97
    ]
   }
  },
  {
   "type": "Feature",
   "properties": {
    "kategorija": "evakuacijas_punkts",
    "nosaukums": "Rātslaukums (Kuldīgas novada dome)",
    "adrese": "Baznīcas iela 1, Kuldīga",
    "pasvaldiba": "Kuldīgas novads",
    "pasvaldiba_slug": "kuldigas-novads",
    "nr_plana": 2,
    "avots_teksts": "Avots: Kuldīgas novada CA plāns, lpp. 121",
    "plans_url": "https://kuldigasnovads.lv/wp-content/uploads/2022/10/Kuldigas_novada_sadarbibas_teritorijas_civilas_a_izsardzibas_plans.pdf",
    "plans_fails": "Kuldigas_novada_sadarbibas_teritorijas_civilas_a_izsardzibas_plans.md",
    "lpp": 121,
    "citats": "|**2.**|Kuldīgas<br>novada dome|Rātslaukum<br>s|Baznīcas<br>iela 1,<br>Kuldīga|N 56.58|E 21.58|",
    "izdevejs": "Kuldīgas novads (pašvaldība)",
    "geokodesana": "varis_address",
    "adrese_vzd": "Baznīcas iela 1, Kuldīga, Kuldīgas nov., LV-3301",
    "vzd_kods": "102220773",
    "plana_lat": 56.58,
    "plana_lon": 21.58,
    "koord_teksts": "N 56.58; E 21.58",
    "karodzini": [
     "plan_coordinate_error"
    ],
    "izvilkuma_piezime": "N 56.58 E 21.58 is ~50 km SW of Kuldīga; probably degrees-minutes (56°58′, 21°58′) written as decimals. Not corrected.",
    "komentars": "Avots: Kuldīgas novada CA plāns, lpp. 121 · plāna koordinātas kļūdainas, vieta noteikta pēc adreses (VZD)",
    "id": "kuldigas-novads-evak-2"
   },
   "geometry": {
    "type": "Point",
    "coordinates": [
     21.970492,
     56.967361
    ]
   }
  },
  {
   "type": "Feature",
   "properties": {
    "kategorija": "evakuacijas_punkts",
    "nosaukums": "Pilsētas laukums",
    "adrese": "Pilsētas laukums 1, Kuldīga",
    "pasvaldiba": "Kuldīgas novads",
    "pasvaldiba_slug": "kuldigas-novads",
    "nr_plana": 3,
    "avots_teksts": "Avots: Kuldīgas novada CA plāns, lpp. 121",
    "plans_url": "https://kuldigasnovads.lv/wp-content/uploads/2022/10/Kuldigas_novada_sadarbibas_teritorijas_civilas_a_izsardzibas_plans.pdf",
    "plans_fails": "Kuldigas_novada_sadarbibas_teritorijas_civilas_a_izsardzibas_plans.md",
    "lpp": 121,
    "citats": "|**3.**|Pilsētas laukums|Pilsētas laukums|<br> <br>Pilsētas laukums<br>|N 56.96|E 21.96|",
    "izdevejs": "Kuldīgas novads (pašvaldība)",
    "geokodesana": "varis_address",
    "adrese_vzd": "Pilsētas laukums 1, Kuldīga, Kuldīgas nov., LV-3301",
    "vzd_kods": "101474346",
    "plana_lat": 56.96,
    "plana_lon": 21.96,
    "koord_teksts": "N 56.96; E 21.96",
    "karodzini": [
     "plan_coords_far_from_address"
    ],
    "izvilkuma_piezime": "Address split by the conversion: '1, Kuldīga' is on the next table line. Coordinates to 2 decimals only.",
    "komentars": "Avots: Kuldīgas novada CA plāns, lpp. 121 · plāna koordinātas kļūdainas, vieta noteikta pēc adreses (VZD)",
    "id": "kuldigas-novads-evak-3"
   },
   "geometry": {
    "type": "Point",
    "coordinates": [
     21.961015,
     56.969674
    ]
   }
  },
  {
   "type": "Feature",
   "properties": {
    "kategorija": "evakuacijas_punkts",
    "nosaukums": "Kuldīgas autoosta",
    "adrese": "Adatu iela 9, Kuldīga",
    "pasvaldiba": "Kuldīgas novads",
    "pasvaldiba_slug": "kuldigas-novads",
    "nr_plana": 4,
    "avots_teksts": "Avots: Kuldīgas novada CA plāns, lpp. 121",
    "plans_url": "https://kuldigasnovads.lv/wp-content/uploads/2022/10/Kuldigas_novada_sadarbibas_teritorijas_civilas_a_izsardzibas_plans.pdf",
    "plans_fails": "Kuldigas_novada_sadarbibas_teritorijas_civilas_a_izsardzibas_plans.md",
    "lpp": 121,
    "citats": "|**4.**|Kuldīgas autoosta|Kuldīgas<br>autoosta|<br>Adatu iela<br>9, Kuldīga|N 56.96|E 21.95|",
    "izdevejs": "Kuldīgas novads (pašvaldība)",
    "geokodesana": "plan_coords",
    "adrese_vzd": "Adatu iela 9, Kuldīga, Kuldīgas nov., LV-3301",
    "vzd_kods": "105757294",
    "plana_lat": 56.96,
    "plana_lon": 21.95,
    "koord_teksts": "N 56.96; E 21.95",
    "karodzini": [],
    "izvilkuma_piezime": "Coordinates to 2 decimals only.",
    "komentars": "Avots: Kuldīgas novada CA plāns, lpp. 121",
    "id": "kuldigas-novads-evak-4"
   },
   "geometry": {
    "type": "Point",
    "coordinates": [
     21.95,
     56.96
    ]
   }
  },
  {
   "type": "Feature",
   "properties": {
    "kategorija": "evakuacijas_punkts",
    "nosaukums": "Skrundas autoosta",
    "adrese": "Liepājas iela 15, Skrunda",
    "pasvaldiba": "Kuldīgas novads",
    "pasvaldiba_slug": "kuldigas-novads",
    "nr_plana": 5,
    "avots_teksts": "Avots: Kuldīgas novada CA plāns, lpp. 121",
    "plans_url": "https://kuldigasnovads.lv/wp-content/uploads/2022/10/Kuldigas_novada_sadarbibas_teritorijas_civilas_a_izsardzibas_plans.pdf",
    "plans_fails": "Kuldigas_novada_sadarbibas_teritorijas_civilas_a_izsardzibas_plans.md",
    "lpp": 121,
    "citats": "|**5.**|Skrundas autoosta<br> <br>|<br>Skrundas<br>autoosta<br>**Kuldīg**<br>**pa**|Liepājas iela<br>15,<br>Skrunda<br>**as novada**<br>**gastos**|N 56.67<br>|E 22. 01<br>|",
    "izdevejs": "Kuldīgas novads (pašvaldība)",
    "geokodesana": "plan_coords",
    "adrese_vzd": "Liepājas iela 15, Skrunda, Kuldīgas nov., LV-3326",
    "vzd_kods": "101481214",
    "plana_lat": 56.67,
    "plana_lon": 22.01,
    "koord_teksts": "N 56.67<br>; E 22. 01<br>",
    "karodzini": [],
    "izvilkuma_piezime": "Row merged with the sub-header 'Kuldīgas novada pagastos' by the conversion; lon written 'E 22. 01' (space inside); coordinates to 2 decimals only. No row 6 in the table.",
    "komentars": "Avots: Kuldīgas novada CA plāns, lpp. 121",
    "id": "kuldigas-novads-evak-5"
   },
   "geometry": {
    "type": "Point",
    "coordinates": [
     22.01,
     56.67
    ]
   }
  },
  {
   "type": "Feature",
   "properties": {
    "kategorija": "evakuacijas_punkts",
    "nosaukums": "Alsungas vidusskola (Alsungas pagasta pārvalde)",
    "adrese": "Skolas iela 11, Alsunga",
    "pasvaldiba": "Kuldīgas novads",
    "pasvaldiba_slug": "kuldigas-novads",
    "nr_plana": 7,
    "avots_teksts": "Avots: Kuldīgas novada CA plāns, lpp. 121",
    "plans_url": "https://kuldigasnovads.lv/wp-content/uploads/2022/10/Kuldigas_novada_sadarbibas_teritorijas_civilas_a_izsardzibas_plans.pdf",
    "plans_fails": "Kuldigas_novada_sadarbibas_teritorijas_civilas_a_izsardzibas_plans.md",
    "lpp": 121,
    "citats": "|**7.**|Alsungas pagasta<br>pārvalde|Alsungas<br>vidusskola|Skolas iela 11,<br>Alsunga|N 56.97|E 21.56|",
    "izdevejs": "Kuldīgas novads (pašvaldība)",
    "geokodesana": "varis_address",
    "adrese_vzd": "Skolas iela 11, Alsunga, Alsungas pag., Kuldīgas nov., LV-3306",
    "vzd_kods": "101483740",
    "plana_lat": 56.97,
    "plana_lon": 21.56,
    "koord_teksts": "N 56.97; E 21.56",
    "karodzini": [
     "plan_coords_far_from_address"
    ],
    "izvilkuma_piezime": "Coordinates to 2 decimals only.",
    "komentars": "Avots: Kuldīgas novada CA plāns, lpp. 121 · plāna koordinātas kļūdainas, vieta noteikta pēc adreses (VZD)",
    "id": "kuldigas-novads-evak-6"
   },
   "geometry": {
    "type": "Point",
    "coordinates": [
     21.568492,
     56.978251
    ]
   }
  },
  {
   "type": "Feature",
   "properties": {
    "kategorija": "evakuacijas_punkts",
    "nosaukums": "Pie pagasta pārvaldes ēkas (Ēdoles pagasta pārvalde)",
    "adrese": "Dārza iela 6, Ēdole, Ēdoles pagasts",
    "pasvaldiba": "Kuldīgas novads",
    "pasvaldiba_slug": "kuldigas-novads",
    "nr_plana": 8,
    "avots_teksts": "Avots: Kuldīgas novada CA plāns, lpp. 121",
    "plans_url": "https://kuldigasnovads.lv/wp-content/uploads/2022/10/Kuldigas_novada_sadarbibas_teritorijas_civilas_a_izsardzibas_plans.pdf",
    "plans_fails": "Kuldigas_novada_sadarbibas_teritorijas_civilas_a_izsardzibas_plans.md",
    "lpp": 121,
    "citats": "|**8.**|Ēdoles pagasta<br>pārvalde|Pie pagasta<br>pārvaldes ēkas|Dārza iela 6,<br>Ēdole, Ēdoles<br>pagasts|N 57.01750|E 21.69051|",
    "izdevejs": "Kuldīgas novads (pašvaldība)",
    "geokodesana": "plan_coords",
    "adrese_vzd": "Dārza iela 6, Ēdole, Ēdoles pag., Kuldīgas nov., LV-3310",
    "vzd_kods": "103099033",
    "plana_lat": 57.0175,
    "plana_lon": 21.69051,
    "koord_teksts": "N 57.01750; E 21.69051",
    "karodzini": [],
    "komentars": "Avots: Kuldīgas novada CA plāns, lpp. 121",
    "id": "kuldigas-novads-evak-7"
   },
   "geometry": {
    "type": "Point",
    "coordinates": [
     21.69051,
     57.0175
    ]
   }
  },
  {
   "type": "Feature",
   "properties": {
    "kategorija": "evakuacijas_punkts",
    "nosaukums": "Gudenieku pagasta pārvalde",
    "adrese": "“Pagastmāja”, Gudenieki, Gudenieku pagasts",
    "pasvaldiba": "Kuldīgas novads",
    "pasvaldiba_slug": "kuldigas-novads",
    "nr_plana": 9,
    "avots_teksts": "Avots: Kuldīgas novada CA plāns, lpp. 121",
    "plans_url": "https://kuldigasnovads.lv/wp-content/uploads/2022/10/Kuldigas_novada_sadarbibas_teritorijas_civilas_a_izsardzibas_plans.pdf",
    "plans_fails": "Kuldigas_novada_sadarbibas_teritorijas_civilas_a_izsardzibas_plans.md",
    "lpp": 121,
    "citats": "|**9.**|Gudenieku pagasta<br>pārvalde|<br>Gudenieku<br>pagasta pārvalde|<br>“Pagastmāja”,<br>Gudenieki,<br>Gudenieku<br>pagasts|N 56.88608|E 21.60251|",
    "izdevejs": "Kuldīgas novads (pašvaldība)",
    "geokodesana": "plan_coords",
    "adrese_vzd": "\"Pagastmāja\", Gudenieki, Gudenieku pag., Kuldīgas nov., LV-3312",
    "vzd_kods": "102979233",
    "plana_lat": 56.88608,
    "plana_lon": 21.60251,
    "koord_teksts": "N 56.88608; E 21.60251",
    "karodzini": [],
    "komentars": "Avots: Kuldīgas novada CA plāns, lpp. 121",
    "id": "kuldigas-novads-evak-8"
   },
   "geometry": {
    "type": "Point",
    "coordinates": [
     21.60251,
     56.88608
    ]
   }
  },
  {
   "type": "Feature",
   "properties": {
    "kategorija": "evakuacijas_punkts",
    "nosaukums": "Pie pagasta pārvaldes ēkas (Īvandes pagasta pārvalde)",
    "adrese": "“Skolas nams”, Īvandes pagasts",
    "pasvaldiba": "Kuldīgas novads",
    "pasvaldiba_slug": "kuldigas-novads",
    "nr_plana": 10,
    "avots_teksts": "Avots: Kuldīgas novada CA plāns, lpp. 121",
    "plans_url": "https://kuldigasnovads.lv/wp-content/uploads/2022/10/Kuldigas_novada_sadarbibas_teritorijas_civilas_a_izsardzibas_plans.pdf",
    "plans_fails": "Kuldigas_novada_sadarbibas_teritorijas_civilas_a_izsardzibas_plans.md",
    "lpp": 121,
    "citats": "|**10.**|Īvandes pagasta<br>pārvalde|Pie pagasta<br>pārvaldes<br>ēkas|<br>“Skolas nams”,<br>Īvandes pagasts|N 56.99487|E 21.75843|",
    "izdevejs": "Kuldīgas novads (pašvaldība)",
    "geokodesana": "plan_coords",
    "adrese_vzd": null,
    "vzd_kods": null,
    "plana_lat": 56.99487,
    "plana_lon": 21.75843,
    "koord_teksts": "N 56.99487; E 21.75843",
    "karodzini": [],
    "komentars": "Avots: Kuldīgas novada CA plāns, lpp. 121",
    "id": "kuldigas-novads-evak-9"
   },
   "geometry": {
    "type": "Point",
    "coordinates": [
     21.75843,
     56.99487
    ]
   }
  },
  {
   "type": "Feature",
   "properties": {
    "kategorija": "evakuacijas_punkts",
    "nosaukums": "Pie saieta nama (Kabiles pagasta pārvalde)",
    "adrese": "“Saieta nams”, Kabiles pagasts",
    "pasvaldiba": "Kuldīgas novads",
    "pasvaldiba_slug": "kuldigas-novads",
    "nr_plana": 11,
    "avots_teksts": "Avots: Kuldīgas novada CA plāns, lpp. 121",
    "plans_url": "https://kuldigasnovads.lv/wp-content/uploads/2022/10/Kuldigas_novada_sadarbibas_teritorijas_civilas_a_izsardzibas_plans.pdf",
    "plans_fails": "Kuldigas_novada_sadarbibas_teritorijas_civilas_a_izsardzibas_plans.md",
    "lpp": 121,
    "citats": "|**11.**|Kabiles pagasta<br>pārvalde|Pie saieta nama|“Saieta nams”,<br>Kabiles<br>pagasts|N 56.95107|E 22.39745|",
    "izdevejs": "Kuldīgas novads (pašvaldība)",
    "geokodesana": "plan_coords",
    "adrese_vzd": null,
    "vzd_kods": null,
    "plana_lat": 56.95107,
    "plana_lon": 22.39745,
    "koord_teksts": "N 56.95107; E 22.39745",
    "karodzini": [],
    "komentars": "Avots: Kuldīgas novada CA plāns, lpp. 121",
    "id": "kuldigas-novads-evak-10"
   },
   "geometry": {
    "type": "Point",
    "coordinates": [
     22.39745,
     56.95107
    ]
   }
  },
  {
   "type": "Feature",
   "properties": {
    "kategorija": "evakuacijas_punkts",
    "nosaukums": "Pie tautas nama ēkas (Kurmāles pagasta pārvalde)",
    "adrese": "“Pagastmāja”, Vilgāle, Kurmāles pagasts",
    "pasvaldiba": "Kuldīgas novads",
    "pasvaldiba_slug": "kuldigas-novads",
    "nr_plana": 12,
    "avots_teksts": "Avots: Kuldīgas novada CA plāns, lpp. 121",
    "plans_url": "https://kuldigasnovads.lv/wp-content/uploads/2022/10/Kuldigas_novada_sadarbibas_teritorijas_civilas_a_izsardzibas_plans.pdf",
    "plans_fails": "Kuldigas_novada_sadarbibas_teritorijas_civilas_a_izsardzibas_plans.md",
    "lpp": 121,
    "citats": "|**12.**|Kurmāles<br>pagasta<br>pārvalde|Pie tautas<br>nama<br>ēkas|“Pagastmāja”,<br>Vilgāle,<br>Kurmāles<br>pagasts|N 56.88278|E 21.82150|",
    "izdevejs": "Kuldīgas novads (pašvaldība)",
    "geokodesana": "plan_coords",
    "adrese_vzd": "\"Pagastmāja\", Vilgāle, Kurmāles pag., Kuldīgas nov., LV-3332",
    "vzd_kods": "103360151",
    "plana_lat": 56.88278,
    "plana_lon": 21.8215,
    "koord_teksts": "N 56.88278; E 21.82150",
    "karodzini": [],
    "komentars": "Avots: Kuldīgas novada CA plāns, lpp. 121",
    "id": "kuldigas-novads-evak-11"
   },
   "geometry": {
    "type": "Point",
    "coordinates": [
     21.8215,
     56.88278
    ]
   }
  },
  {
   "type": "Feature",
   "properties": {
    "kategorija": "evakuacijas_punkts",
    "nosaukums": "Pie Laidu pamatskolas (Laidu pagasta pārvalde)",
    "adrese": "“Laidu pamatskola”, Laidu pagasts",
    "pasvaldiba": "Kuldīgas novads",
    "pasvaldiba_slug": "kuldigas-novads",
    "nr_plana": 13,
    "avots_teksts": "Avots: Kuldīgas novada CA plāns, lpp. 122",
    "plans_url": "https://kuldigasnovads.lv/wp-content/uploads/2022/10/Kuldigas_novada_sadarbibas_teritorijas_civilas_a_izsardzibas_plans.pdf",
    "plans_fails": "Kuldigas_novada_sadarbibas_teritorijas_civilas_a_izsardzibas_plans.md",
    "lpp": 122,
    "citats": "|**13.**|Laidu pagasta<br>pārvalde|Pie Laidu<br>pamatskolas|“Laidu<br>pamatskola”,<br>Laidu pagasts|N 56.74688|E 21.87905|",
    "izdevejs": "Kuldīgas novads (pašvaldība)",
    "geokodesana": "plan_coords",
    "adrese_vzd": null,
    "vzd_kods": null,
    "plana_lat": 56.74688,
    "plana_lon": 21.87905,
    "koord_teksts": "N 56.74688; E 21.87905",
    "karodzini": [],
    "komentars": "Avots: Kuldīgas novada CA plāns, lpp. 122",
    "id": "kuldigas-novads-evak-12"
   },
   "geometry": {
    "type": "Point",
    "coordinates": [
     21.87905,
     56.74688
    ]
   }
  },
  {
   "type": "Feature",
   "properties": {
    "kategorija": "evakuacijas_punkts",
    "nosaukums": "Pie pagasta pārvaldes ēkas (Nīkrāces pagasta pārvalde)",
    "adrese": "“Pagasta padome”, Dzelda, Nīkrāces pagasts",
    "pasvaldiba": "Kuldīgas novads",
    "pasvaldiba_slug": "kuldigas-novads",
    "nr_plana": 14,
    "avots_teksts": "Avots: Kuldīgas novada CA plāns, lpp. 122",
    "plans_url": "https://kuldigasnovads.lv/wp-content/uploads/2022/10/Kuldigas_novada_sadarbibas_teritorijas_civilas_a_izsardzibas_plans.pdf",
    "plans_fails": "Kuldigas_novada_sadarbibas_teritorijas_civilas_a_izsardzibas_plans.md",
    "lpp": 122,
    "citats": "|**14.**|Nīkrāces pagasta<br>pārvalde|Pie pagasta<br>pārvaldes<br>ēkas|“Pagasta<br>padome”, Dzelda,<br>Nīkrāces pagasts|N 56.56958|E 21.90010|",
    "izdevejs": "Kuldīgas novads (pašvaldība)",
    "geokodesana": "plan_coords",
    "adrese_vzd": "\"Pagasta padome\", Dzelda, Nīkrāces pag., Kuldīgas nov., LV-3320",
    "vzd_kods": "102968011",
    "plana_lat": 56.56958,
    "plana_lon": 21.9001,
    "koord_teksts": "N 56.56958; E 21.90010",
    "karodzini": [],
    "komentars": "Avots: Kuldīgas novada CA plāns, lpp. 122",
    "id": "kuldigas-novads-evak-13"
   },
   "geometry": {
    "type": "Point",
    "coordinates": [
     21.9001,
     56.56958
    ]
   }
  },
  {
   "type": "Feature",
   "properties": {
    "kategorija": "evakuacijas_punkts",
    "nosaukums": "Pie pagasta pārvaldes ēkas (Padures pagasta pārvalde)",
    "adrese": "“Arāji, Padure, Padures pagasts",
    "pasvaldiba": "Kuldīgas novads",
    "pasvaldiba_slug": "kuldigas-novads",
    "nr_plana": 15,
    "avots_teksts": "Avots: Kuldīgas novada CA plāns, lpp. 122",
    "plans_url": "https://kuldigasnovads.lv/wp-content/uploads/2022/10/Kuldigas_novada_sadarbibas_teritorijas_civilas_a_izsardzibas_plans.pdf",
    "plans_fails": "Kuldigas_novada_sadarbibas_teritorijas_civilas_a_izsardzibas_plans.md",
    "lpp": 122,
    "citats": "|**15.**|Padures pagasta<br>pārvalde|Pie pagasta<br>pārvaldes ēkas|“Arāji, Padure,<br>Padures<br>pagasts|N 57.01566|E 21.91187|",
    "izdevejs": "Kuldīgas novads (pašvaldība)",
    "geokodesana": "plan_coords",
    "adrese_vzd": "\"Arāji\", Padure, Padures pag., Kuldīgas nov., LV-3321",
    "vzd_kods": "103465594",
    "plana_lat": 57.01566,
    "plana_lon": 21.91187,
    "koord_teksts": "N 57.01566; E 21.91187",
    "karodzini": [],
    "komentars": "Avots: Kuldīgas novada CA plāns, lpp. 122",
    "id": "kuldigas-novads-evak-14"
   },
   "geometry": {
    "type": "Point",
    "coordinates": [
     21.91187,
     57.01566
    ]
   }
  },
  {
   "type": "Feature",
   "properties": {
    "kategorija": "evakuacijas_punkts",
    "nosaukums": "Pie pagasta pārvaldes ēkas (Pelču pagasta pārvalde)",
    "adrese": "“Pagastlejas”, Pelči, Pelču pagasts",
    "pasvaldiba": "Kuldīgas novads",
    "pasvaldiba_slug": "kuldigas-novads",
    "nr_plana": 16,
    "avots_teksts": "Avots: Kuldīgas novada CA plāns, lpp. 122",
    "plans_url": "https://kuldigasnovads.lv/wp-content/uploads/2022/10/Kuldigas_novada_sadarbibas_teritorijas_civilas_a_izsardzibas_plans.pdf",
    "plans_fails": "Kuldigas_novada_sadarbibas_teritorijas_civilas_a_izsardzibas_plans.md",
    "lpp": 122,
    "citats": "|**16.**|Pelču pagasta<br>pārvalde|Pie pagasta<br>pārvaldes<br>ēkas|“Pagastlejas”,<br>Pelči, Pelču<br>pagasts|N 56.92011|E 21.96956|",
    "izdevejs": "Kuldīgas novads (pašvaldība)",
    "geokodesana": "plan_coords",
    "adrese_vzd": "\"Pagastlejas\", Pelči, Pelču pag., Kuldīgas nov., LV-3322",
    "vzd_kods": "103313336",
    "plana_lat": 56.92011,
    "plana_lon": 21.96956,
    "koord_teksts": "N 56.92011; E 21.96956",
    "karodzini": [],
    "komentars": "Avots: Kuldīgas novada CA plāns, lpp. 122",
    "id": "kuldigas-novads-evak-15"
   },
   "geometry": {
    "type": "Point",
    "coordinates": [
     21.96956,
     56.92011
    ]
   }
  },
  {
   "type": "Feature",
   "properties": {
    "kategorija": "evakuacijas_punkts",
    "nosaukums": "Pie pagasta pārvaldes ēkas (Raņķu pagasta pārvalde)",
    "adrese": "“Sākumskola”, Raņķi, Raņķu pagasts",
    "pasvaldiba": "Kuldīgas novads",
    "pasvaldiba_slug": "kuldigas-novads",
    "nr_plana": 17,
    "avots_teksts": "Avots: Kuldīgas novada CA plāns, lpp. 122",
    "plans_url": "https://kuldigasnovads.lv/wp-content/uploads/2022/10/Kuldigas_novada_sadarbibas_teritorijas_civilas_a_izsardzibas_plans.pdf",
    "plans_fails": "Kuldigas_novada_sadarbibas_teritorijas_civilas_a_izsardzibas_plans.md",
    "lpp": 122,
    "citats": "|**17.**|Raņķu<br>pagasta<br>pārvalde|Pie pagasta<br>pārvaldes ēkas|“Sākumskola”<br>,<br>Raņķi, Raņķu<br>pagasts|N 56.78286|E 22.00084|",
    "izdevejs": "Kuldīgas novads (pašvaldība)",
    "geokodesana": "plan_coords",
    "adrese_vzd": "\"Sākumskola\", Raņķi, Raņķu pag., Kuldīgas nov., LV-3323",
    "vzd_kods": "103380567",
    "plana_lat": 56.78286,
    "plana_lon": 22.00084,
    "koord_teksts": "N 56.78286; E 22.00084",
    "karodzini": [],
    "komentars": "Avots: Kuldīgas novada CA plāns, lpp. 122",
    "id": "kuldigas-novads-evak-16"
   },
   "geometry": {
    "type": "Point",
    "coordinates": [
     22.00084,
     56.78286
    ]
   }
  },
  {
   "type": "Feature",
   "properties": {
    "kategorija": "evakuacijas_punkts",
    "nosaukums": "Pie pagasta pārvaldes ēkas (Rendas pagasta pārvalde)",
    "adrese": "“Vīgneri”, Renda, Rendas pagasts",
    "pasvaldiba": "Kuldīgas novads",
    "pasvaldiba_slug": "kuldigas-novads",
    "nr_plana": 18,
    "avots_teksts": "Avots: Kuldīgas novada CA plāns, lpp. 122",
    "plans_url": "https://kuldigasnovads.lv/wp-content/uploads/2022/10/Kuldigas_novada_sadarbibas_teritorijas_civilas_a_izsardzibas_plans.pdf",
    "plans_fails": "Kuldigas_novada_sadarbibas_teritorijas_civilas_a_izsardzibas_plans.md",
    "lpp": 122,
    "citats": "|**18.**|Rendas<br>pagasta<br>pārvalde|Pie pagasta<br>pārvaldes<br>ēkas|<br>“Vīgneri”,<br>Renda,<br>Rendas<br>pagasts|N 57.06914|E 22.29288|",
    "izdevejs": "Kuldīgas novads (pašvaldība)",
    "geokodesana": "plan_coords",
    "adrese_vzd": "\"Vīgneri\", Renda, Rendas pag., Kuldīgas nov., LV-3319",
    "vzd_kods": "103394921",
    "plana_lat": 57.06914,
    "plana_lon": 22.29288,
    "koord_teksts": "N 57.06914; E 22.29288",
    "karodzini": [],
    "komentars": "Avots: Kuldīgas novada CA plāns, lpp. 122",
    "id": "kuldigas-novads-evak-17"
   },
   "geometry": {
    "type": "Point",
    "coordinates": [
     22.29288,
     57.06914
    ]
   }
  },
  {
   "type": "Feature",
   "properties": {
    "kategorija": "evakuacijas_punkts",
    "nosaukums": "Pie pagasta pārvaldes ēkas (Rudbāržu pagasta pārvalde)",
    "adrese": "Rudbāržu pamatskola, Rudbārži, Rudbāržu pagasts",
    "pasvaldiba": "Kuldīgas novads",
    "pasvaldiba_slug": "kuldigas-novads",
    "nr_plana": 19,
    "avots_teksts": "Avots: Kuldīgas novada CA plāns, lpp. 122",
    "plans_url": "https://kuldigasnovads.lv/wp-content/uploads/2022/10/Kuldigas_novada_sadarbibas_teritorijas_civilas_a_izsardzibas_plans.pdf",
    "plans_fails": "Kuldigas_novada_sadarbibas_teritorijas_civilas_a_izsardzibas_plans.md",
    "lpp": 122,
    "citats": "|**19.**|Rudbāržu pagasta<br>pārvalde|Pie pagasta<br>pārvaldes ēkas|Rudbāržu<br>pamatskola,<br>Rudbārži,<br>Rudbāržu<br>pagasts|N 56.66479|E 21.88850|",
    "izdevejs": "Kuldīgas novads (pašvaldība)",
    "geokodesana": "plan_coords",
    "adrese_vzd": null,
    "vzd_kods": null,
    "plana_lat": 56.66479,
    "plana_lon": 21.8885,
    "koord_teksts": "N 56.66479; E 21.88850",
    "karodzini": [],
    "komentars": "Avots: Kuldīgas novada CA plāns, lpp. 122",
    "id": "kuldigas-novads-evak-18"
   },
   "geometry": {
    "type": "Point",
    "coordinates": [
     21.8885,
     56.66479
    ]
   }
  },
  {
   "type": "Feature",
   "properties": {
    "kategorija": "evakuacijas_punkts",
    "nosaukums": "Pie brīvā laika pavadīšnas ēkas “Bukaiši” (Rumbas pagasta pārvalde)",
    "adrese": "” Bukaiši”, Rumbas pagasts",
    "pasvaldiba": "Kuldīgas novads",
    "pasvaldiba_slug": "kuldigas-novads",
    "nr_plana": 20,
    "avots_teksts": "Avots: Kuldīgas novada CA plāns, lpp. 122",
    "plans_url": "https://kuldigasnovads.lv/wp-content/uploads/2022/10/Kuldigas_novada_sadarbibas_teritorijas_civilas_a_izsardzibas_plans.pdf",
    "plans_fails": "Kuldigas_novada_sadarbibas_teritorijas_civilas_a_izsardzibas_plans.md",
    "lpp": 122,
    "citats": "|**20.**|Rumbas pagasta<br>pārvalde|Pie brīvā laika<br>pavadīšnas ēkas<br>“Bukaiši|<br> <br>” Bukaiši”,<br>Rumbas<br>pagasts|N 56.96662|E 22.00507|",
    "izdevejs": "Kuldīgas novads (pašvaldība)",
    "geokodesana": "plan_coords",
    "adrese_vzd": null,
    "vzd_kods": null,
    "plana_lat": 56.96662,
    "plana_lon": 22.00507,
    "koord_teksts": "N 56.96662; E 22.00507",
    "karodzini": [],
    "komentars": "Avots: Kuldīgas novada CA plāns, lpp. 122",
    "id": "kuldigas-novads-evak-19"
   },
   "geometry": {
    "type": "Point",
    "coordinates": [
     22.00507,
     56.96662
    ]
   }
  },
  {
   "type": "Feature",
   "properties": {
    "kategorija": "evakuacijas_punkts",
    "nosaukums": "Laukumā pie skolas ēkas (Snēpeles pagasta pārvalde)",
    "adrese": "Snēpeles skola, Snēpeles pagasts",
    "pasvaldiba": "Kuldīgas novads",
    "pasvaldiba_slug": "kuldigas-novads",
    "nr_plana": 21,
    "avots_teksts": "Avots: Kuldīgas novada CA plāns, lpp. 122",
    "plans_url": "https://kuldigasnovads.lv/wp-content/uploads/2022/10/Kuldigas_novada_sadarbibas_teritorijas_civilas_a_izsardzibas_plans.pdf",
    "plans_fails": "Kuldigas_novada_sadarbibas_teritorijas_civilas_a_izsardzibas_plans.md",
    "lpp": 122,
    "citats": "|**21.**|Snēpeles pagasta<br>pārvalde|Laukumā pie<br>skolas ēkas|Snēpeles skola,<br>Snēpeles<br>pagasts|N 56.84067|E 21.94356|",
    "izdevejs": "Kuldīgas novads (pašvaldība)",
    "geokodesana": "plan_coords",
    "adrese_vzd": null,
    "vzd_kods": null,
    "plana_lat": 56.84067,
    "plana_lon": 21.94356,
    "koord_teksts": "N 56.84067; E 21.94356",
    "karodzini": [],
    "komentars": "Avots: Kuldīgas novada CA plāns, lpp. 122",
    "id": "kuldigas-novads-evak-20"
   },
   "geometry": {
    "type": "Point",
    "coordinates": [
     21.94356,
     56.84067
    ]
   }
  },
  {
   "type": "Feature",
   "properties": {
    "kategorija": "evakuacijas_punkts",
    "nosaukums": "Pie pagasta pārvaldes ēkas (Turlavas pagasta pārvalde)",
    "adrese": "Gundegu iela 1, Turlava, Turlavas pagasts",
    "pasvaldiba": "Kuldīgas novads",
    "pasvaldiba_slug": "kuldigas-novads",
    "nr_plana": 22,
    "avots_teksts": "Avots: Kuldīgas novada CA plāns, lpp. 122",
    "plans_url": "https://kuldigasnovads.lv/wp-content/uploads/2022/10/Kuldigas_novada_sadarbibas_teritorijas_civilas_a_izsardzibas_plans.pdf",
    "plans_fails": "Kuldigas_novada_sadarbibas_teritorijas_civilas_a_izsardzibas_plans.md",
    "lpp": 122,
    "citats": "|**22.**|Turlavas pagasta<br>pārvalde|Pie pagasta<br>pārvaldes ēkas|Gundegu iela 1,<br>Turlava,<br>Turlavas pagasts|N 56.83286|E 21.77669|",
    "izdevejs": "Kuldīgas novads (pašvaldība)",
    "geokodesana": "plan_coords",
    "adrese_vzd": null,
    "vzd_kods": null,
    "plana_lat": 56.83286,
    "plana_lon": 21.77669,
    "koord_teksts": "N 56.83286; E 21.77669",
    "karodzini": [],
    "komentars": "Avots: Kuldīgas novada CA plāns, lpp. 122",
    "id": "kuldigas-novads-evak-21"
   },
   "geometry": {
    "type": "Point",
    "coordinates": [
     21.77669,
     56.83286
    ]
   }
  },
  {
   "type": "Feature",
   "properties": {
    "kategorija": "evakuacijas_punkts",
    "nosaukums": "Pie pamatskolas ēkas (Vārmes pagasta pārvalde)",
    "adrese": "“Pamatskola”, Vārme, Vārmes pagasts",
    "pasvaldiba": "Kuldīgas novads",
    "pasvaldiba_slug": "kuldigas-novads",
    "nr_plana": 23,
    "avots_teksts": "Avots: Kuldīgas novada CA plāns, lpp. 122",
    "plans_url": "https://kuldigasnovads.lv/wp-content/uploads/2022/10/Kuldigas_novada_sadarbibas_teritorijas_civilas_a_izsardzibas_plans.pdf",
    "plans_fails": "Kuldigas_novada_sadarbibas_teritorijas_civilas_a_izsardzibas_plans.md",
    "lpp": 122,
    "citats": "|**23.**|Vārmes pagasta<br>pārvalde|Pie pamatskolas<br>ēkas|<br> <br>“Pamatskola”,<br>Vārme,<br>Vārmes pagasts|N 56.87400|E 22.23623|",
    "izdevejs": "Kuldīgas novads (pašvaldība)",
    "geokodesana": "plan_coords",
    "adrese_vzd": null,
    "vzd_kods": null,
    "plana_lat": 56.874,
    "plana_lon": 22.23623,
    "koord_teksts": "N 56.87400; E 22.23623",
    "karodzini": [],
    "komentars": "Avots: Kuldīgas novada CA plāns, lpp. 122",
    "id": "kuldigas-novads-evak-22"
   },
   "geometry": {
    "type": "Point",
    "coordinates": [
     22.23623,
     56.874
    ]
   }
  },
  {
   "type": "Feature",
   "properties": {
    "kategorija": "evakuacijas_punkts",
    "nosaukums": "Limbažu kultūras nams",
    "adrese": "Rīgas iela 9, Limbaži, Limbažu novads,",
    "pasvaldiba": "Limbažu novads",
    "pasvaldiba_slug": "limbazu-novads",
    "nr_plana": null,
    "avots_teksts": "Avots: Limbažu novada CA plāns",
    "plans_url": "https://www.limbazunovads.lv/lv/media/16552/download?attachment",
    "plans_fails": "limbazu-novada-ca-plans-2021.md",
    "lpp": null,
    "citats": "<td>Rīgas iela 9, Limbaži, Limbažu novads,</td>",
    "izdevejs": "Limbažu novads (pašvaldība)",
    "geokodesana": "varis_address",
    "adrese_vzd": "Rīgas iela 9, Limbaži, Limbažu nov., LV-4001",
    "vzd_kods": "102664361",
    "plana_lat": null,
    "plana_lon": null,
    "koord_teksts": null,
    "karodzini": [],
    "izvilkuma_piezime": "Area column: Limbažu pilsēta",
    "komentars": "Avots: Limbažu novada CA plāns · vieta noteikta pēc adreses (VZD)",
    "id": "limbazu-novads-evak-1"
   },
   "geometry": {
    "type": "Point",
    "coordinates": [
     24.716025,
     57.511385
    ]
   }
  },
  {
   "type": "Feature",
   "properties": {
    "kategorija": "evakuacijas_punkts",
    "nosaukums": "Olimpiskais centrs „Limbaži”",
    "adrese": "Parka iela 36, Limbaži, Limbažu novads",
    "pasvaldiba": "Limbažu novads",
    "pasvaldiba_slug": "limbazu-novads",
    "nr_plana": null,
    "avots_teksts": "Avots: Limbažu novada CA plāns",
    "plans_url": "https://www.limbazunovads.lv/lv/media/16552/download?attachment",
    "plans_fails": "limbazu-novada-ca-plans-2021.md",
    "lpp": null,
    "citats": "<td>Parka iela 36, Limbaži, Limbažu novads</td>",
    "izdevejs": "Limbažu novads (pašvaldība)",
    "geokodesana": "varis_address",
    "adrese_vzd": "Parka iela 36, Limbaži, Limbažu nov., LV-4001",
    "vzd_kods": "101434327",
    "plana_lat": null,
    "plana_lon": null,
    "koord_teksts": null,
    "karodzini": [],
    "izvilkuma_piezime": "Area column: Limbažu pilsēta",
    "komentars": "Avots: Limbažu novada CA plāns · vieta noteikta pēc adreses (VZD)",
    "id": "limbazu-novads-evak-2"
   },
   "geometry": {
    "type": "Point",
    "coordinates": [
     24.71055,
     57.507193
    ]
   }
  },
  {
   "type": "Feature",
   "properties": {
    "kategorija": "evakuacijas_punkts",
    "nosaukums": "Laukums pie Limbažu novada Salacgrīvas administrācijas ēkas",
    "adrese": "Smilšu iela 9, Salacgrīva, Salacgrīvas pilsēta, Limbažu novads",
    "pasvaldiba": "Limbažu novads",
    "pasvaldiba_slug": "limbazu-novads",
    "nr_plana": null,
    "avots_teksts": "Avots: Limbažu novada CA plāns",
    "plans_url": "https://www.limbazunovads.lv/lv/media/16552/download?attachment",
    "plans_fails": "limbazu-novada-ca-plans-2021.md",
    "lpp": null,
    "citats": "<td>Smilšu iela 9, Salacgrīva, Salacgrīvas pilsēta, Limbažu novads</td>",
    "izdevejs": "Limbažu novads (pašvaldība)",
    "geokodesana": "varis_address",
    "adrese_vzd": "Smilšu iela 9, Salacgrīva, Limbažu nov., LV-4033",
    "vzd_kods": "103888632",
    "plana_lat": null,
    "plana_lon": null,
    "koord_teksts": null,
    "karodzini": [],
    "izvilkuma_piezime": "Area column: Salacgrīvas pilsēta",
    "komentars": "Avots: Limbažu novada CA plāns · vieta noteikta pēc adreses (VZD)",
    "id": "limbazu-novads-evak-3"
   },
   "geometry": {
    "type": "Point",
    "coordinates": [
     24.35401,
     57.752061
    ]
   }
  },
  {
   "type": "Feature",
   "properties": {
    "kategorija": "evakuacijas_punkts",
    "nosaukums": "Pie Salacgrīvas kultūras nama",
    "adrese": "Ostas iela 3, Salacgrīva, Salacgrīvas pilsēta, Limbažu novads",
    "pasvaldiba": "Limbažu novads",
    "pasvaldiba_slug": "limbazu-novads",
    "nr_plana": null,
    "avots_teksts": "Avots: Limbažu novada CA plāns",
    "plans_url": "https://www.limbazunovads.lv/lv/media/16552/download?attachment",
    "plans_fails": "limbazu-novada-ca-plans-2021.md",
    "lpp": null,
    "citats": "<td>Ostas iela 3, Salacgrīva, Salacgrīvas pilsēta, Limbažu novads</td>",
    "izdevejs": "Limbažu novads (pašvaldība)",
    "geokodesana": "varis_address",
    "adrese_vzd": "Ostas iela 3, Salacgrīva, Limbažu nov., LV-4033",
    "vzd_kods": "101443014",
    "plana_lat": null,
    "plana_lon": null,
    "koord_teksts": null,
    "karodzini": [],
    "izvilkuma_piezime": "Area column: Salacgrīvas pilsēta",
    "komentars": "Avots: Limbažu novada CA plāns · vieta noteikta pēc adreses (VZD)",
    "id": "limbazu-novads-evak-4"
   },
   "geometry": {
    "type": "Point",
    "coordinates": [
     24.357279,
     57.757581
    ]
   }
  },
  {
   "type": "Feature",
   "properties": {
    "kategorija": "evakuacijas_punkts",
    "nosaukums": "Pie Ainažu pagasta pārvaldes ēka",
    "adrese": "Parka iela 16, Ainaži, Ainažu pilsēta, Limbažu novads",
    "pasvaldiba": "Limbažu novads",
    "pasvaldiba_slug": "limbazu-novads",
    "nr_plana": null,
    "avots_teksts": "Avots: Limbažu novada CA plāns",
    "plans_url": "https://www.limbazunovads.lv/lv/media/16552/download?attachment",
    "plans_fails": "limbazu-novada-ca-plans-2021.md",
    "lpp": null,
    "citats": "<td>Parka iela 16, Ainaži, Ainažu pilsēta, Limbažu novads</td>",
    "izdevejs": "Limbažu novads (pašvaldība)",
    "geokodesana": "varis_address",
    "adrese_vzd": "Parka iela 16, Ainaži, Limbažu nov., LV-4035",
    "vzd_kods": "101437244",
    "plana_lat": null,
    "plana_lon": null,
    "koord_teksts": null,
    "karodzini": [],
    "izvilkuma_piezime": "Area column: Ainažu pilsēta",
    "komentars": "Avots: Limbažu novada CA plāns · vieta noteikta pēc adreses (VZD)",
    "id": "limbazu-novads-evak-5"
   },
   "geometry": {
    "type": "Point",
    "coordinates": [
     24.352438,
     57.861217
    ]
   }
  },
  {
   "type": "Feature",
   "properties": {
    "kategorija": "evakuacijas_punkts",
    "nosaukums": "Pie Limbažu novada Alojas administrācijas ēkas",
    "adrese": "Jūras iela 13, Aloja, Alojas pilsēta, Limbažu novads",
    "pasvaldiba": "Limbažu novads",
    "pasvaldiba_slug": "limbazu-novads",
    "nr_plana": null,
    "avots_teksts": "Avots: Limbažu novada CA plāns",
    "plans_url": "https://www.limbazunovads.lv/lv/media/16552/download?attachment",
    "plans_fails": "limbazu-novada-ca-plans-2021.md",
    "lpp": null,
    "citats": "<td>Jūras iela 13, Aloja, Alojas pilsēta, Limbažu novads</td>",
    "izdevejs": "Limbažu novads (pašvaldība)",
    "geokodesana": "varis_address",
    "adrese_vzd": "Jūras iela 13, Aloja, Limbažu nov., LV-4064",
    "vzd_kods": "102190760",
    "plana_lat": null,
    "plana_lon": null,
    "koord_teksts": null,
    "karodzini": [],
    "izvilkuma_piezime": "Area column: Alojas pilsēta",
    "komentars": "Avots: Limbažu novada CA plāns · vieta noteikta pēc adreses (VZD)",
    "id": "limbazu-novads-evak-6"
   },
   "geometry": {
    "type": "Point",
    "coordinates": [
     24.879434,
     57.766996
    ]
   }
  },
  {
   "type": "Feature",
   "properties": {
    "kategorija": "evakuacijas_punkts",
    "nosaukums": "Pie Staiceles pilsētas un pagasta ēkas",
    "adrese": "Lielā iela 7, Staicele, Staiceles pilsēta, Limbažu novads",
    "pasvaldiba": "Limbažu novads",
    "pasvaldiba_slug": "limbazu-novads",
    "nr_plana": null,
    "avots_teksts": "Avots: Limbažu novada CA plāns",
    "plans_url": "https://www.limbazunovads.lv/lv/media/16552/download?attachment",
    "plans_fails": "limbazu-novada-ca-plans-2021.md",
    "lpp": null,
    "citats": "<td>Lielā iela 7, Staicele, Staiceles pilsēta, Limbažu novads</td>",
    "izdevejs": "Limbažu novads (pašvaldība)",
    "geokodesana": "varis_address",
    "adrese_vzd": "Lielā iela 7, Staicele, Limbažu nov., LV-4043",
    "vzd_kods": "101446245",
    "plana_lat": null,
    "plana_lon": null,
    "koord_teksts": null,
    "karodzini": [],
    "izvilkuma_piezime": "Area column: Staiceles pilsēta",
    "komentars": "Avots: Limbažu novada CA plāns · vieta noteikta pēc adreses (VZD)",
    "id": "limbazu-novads-evak-7"
   },
   "geometry": {
    "type": "Point",
    "coordinates": [
     24.746514,
     57.836263
    ]
   }
  },
  {
   "type": "Feature",
   "properties": {
    "kategorija": "evakuacijas_punkts",
    "nosaukums": "Pie uzņēmējdarbības atbalsta centra – Bibliotēkas “SALA”",
    "adrese": "Liepu iela 8, Ungurpils, Alojas pagasts, Limbažu novads",
    "pasvaldiba": "Limbažu novads",
    "pasvaldiba_slug": "limbazu-novads",
    "nr_plana": null,
    "avots_teksts": "Avots: Limbažu novada CA plāns",
    "plans_url": "https://www.limbazunovads.lv/lv/media/16552/download?attachment",
    "plans_fails": "limbazu-novada-ca-plans-2021.md",
    "lpp": null,
    "citats": "<td>Liepu iela 8, Ungurpils, Alojas pagasts, Limbažu novads</td>",
    "izdevejs": "Limbažu novads (pašvaldība)",
    "geokodesana": "varis_address",
    "adrese_vzd": "Liepu iela 8, Ungurpils, Alojas pag., Limbažu nov., LV-4064",
    "vzd_kods": "102194985",
    "plana_lat": null,
    "plana_lon": null,
    "koord_teksts": null,
    "karodzini": [],
    "izvilkuma_piezime": "Area column: Alojas pagasts, Ungurpils",
    "komentars": "Avots: Limbažu novada CA plāns · vieta noteikta pēc adreses (VZD)",
    "id": "limbazu-novads-evak-8"
   },
   "geometry": {
    "type": "Point",
    "coordinates": [
     24.818439,
     57.770822
    ]
   }
  },
  {
   "type": "Feature",
   "properties": {
    "kategorija": "evakuacijas_punkts",
    "nosaukums": "Pie veikala „Smaidas”",
    "adrese": "„Birztalas”, Puikule, Brīvzemnieku pagasts, Limbažu novads",
    "pasvaldiba": "Limbažu novads",
    "pasvaldiba_slug": "limbazu-novads",
    "nr_plana": null,
    "avots_teksts": "Avots: Limbažu novada CA plāns",
    "plans_url": "https://www.limbazunovads.lv/lv/media/16552/download?attachment",
    "plans_fails": "limbazu-novada-ca-plans-2021.md",
    "lpp": null,
    "citats": "<td>„Birztalas”, Puikule, Brīvzemnieku pagasts, Limbažu novads</td>",
    "izdevejs": "Limbažu novads (pašvaldība)",
    "geokodesana": "varis_address",
    "adrese_vzd": "\"Birztalas\", Puikule, Brīvzemnieku pag., Limbažu nov., LV-4063",
    "vzd_kods": "102751256",
    "plana_lat": null,
    "plana_lon": null,
    "koord_teksts": null,
    "karodzini": [],
    "izvilkuma_piezime": "Area column: Brīvzemnieku pagasts, Puikule",
    "komentars": "Avots: Limbažu novada CA plāns · vieta noteikta pēc adreses (VZD)",
    "id": "limbazu-novads-evak-9"
   },
   "geometry": {
    "type": "Point",
    "coordinates": [
     24.880666,
     57.686206
    ]
   }
  },
  {
   "type": "Feature",
   "properties": {
    "kategorija": "evakuacijas_punkts",
    "nosaukums": "Māja „Nākotnes 6”",
    "adrese": "Nākotnes 6, Puikules stacija, Brīvzemnieku pagasts, Limbažu novads",
    "pasvaldiba": "Limbažu novads",
    "pasvaldiba_slug": "limbazu-novads",
    "nr_plana": null,
    "avots_teksts": "Avots: Limbažu novada CA plāns",
    "plans_url": "https://www.limbazunovads.lv/lv/media/16552/download?attachment",
    "plans_fails": "limbazu-novada-ca-plans-2021.md",
    "lpp": null,
    "citats": "<td>Māja „Nākotnes 6”</td>",
    "izdevejs": "Limbažu novads (pašvaldība)",
    "geokodesana": "varis_address",
    "adrese_vzd": "\"Nākotnes 6\", Puikules stacija, Brīvzemnieku pag., Limbažu nov., LV-4063",
    "vzd_kods": "102751738",
    "plana_lat": null,
    "plana_lon": null,
    "koord_teksts": null,
    "karodzini": [],
    "izvilkuma_piezime": "Area column: Brīvzemnieku pagasts. Puikules stacija. Address cell split over several lines; citats is the name line.",
    "komentars": "Avots: Limbažu novada CA plāns · vieta noteikta pēc adreses (VZD)",
    "id": "limbazu-novads-evak-10"
   },
   "geometry": {
    "type": "Point",
    "coordinates": [
     24.891162,
     57.65585
    ]
   }
  },
  {
   "type": "Feature",
   "properties": {
    "kategorija": "evakuacijas_punkts",
    "nosaukums": "Pociema kultūras nams",
    "adrese": "Liepu iela 8, Pociems, Katvaru pagasts, Limbažu novads",
    "pasvaldiba": "Limbažu novads",
    "pasvaldiba_slug": "limbazu-novads",
    "nr_plana": null,
    "avots_teksts": "Avots: Limbažu novada CA plāns",
    "plans_url": "https://www.limbazunovads.lv/lv/media/16552/download?attachment",
    "plans_fails": "limbazu-novada-ca-plans-2021.md",
    "lpp": null,
    "citats": "<td>Liepu iela 8, Pociems, Katvaru pagasts, Limbažu novads</td>",
    "izdevejs": "Limbažu novads (pašvaldība)",
    "geokodesana": "varis_address",
    "adrese_vzd": "Liepu iela 8, Pociems, Katvaru pag., Limbažu nov., LV-4061",
    "vzd_kods": "102195905",
    "plana_lat": null,
    "plana_lon": null,
    "koord_teksts": null,
    "karodzini": [],
    "izvilkuma_piezime": "Area column: Katvaru pagasts, Pociems",
    "komentars": "Avots: Limbažu novada CA plāns · vieta noteikta pēc adreses (VZD)",
    "id": "limbazu-novads-evak-11"
   },
   "geometry": {
    "type": "Point",
    "coordinates": [
     24.847555,
     57.596236
    ]
   }
  },
  {
   "type": "Feature",
   "properties": {
    "kategorija": "evakuacijas_punkts",
    "nosaukums": "Liepupes pamatskola",
    "adrese": "Veiksmes”, Liepupes pagasts, Limbažu novads",
    "pasvaldiba": "Limbažu novads",
    "pasvaldiba_slug": "limbazu-novads",
    "nr_plana": null,
    "avots_teksts": "Avots: Limbažu novada CA plāns",
    "plans_url": "https://www.limbazunovads.lv/lv/media/16552/download?attachment",
    "plans_fails": "limbazu-novada-ca-plans-2021.md",
    "lpp": null,
    "citats": "<td style=\"text-align: left;\">Liepupes pamatskola</td>",
    "izdevejs": "Limbažu novads (pašvaldība)",
    "geokodesana": "varis_address",
    "adrese_vzd": "\"Veiksmes\", Liepupe, Liepupes pag., Limbažu nov., LV-4023",
    "vzd_kods": "105088880",
    "plana_lat": null,
    "plana_lon": null,
    "koord_teksts": null,
    "karodzini": [],
    "izvilkuma_piezime": "Area column: Liepupes pagasts, Liepupe. Address cell split over several lines; citats is the name line.",
    "komentars": "Avots: Limbažu novada CA plāns · vieta noteikta pēc adreses (VZD)",
    "id": "limbazu-novads-evak-12"
   },
   "geometry": {
    "type": "Point",
    "coordinates": [
     24.461558,
     57.467328
    ]
   }
  },
  {
   "type": "Feature",
   "properties": {
    "kategorija": "evakuacijas_punkts",
    "nosaukums": "Pie bibliotēkas",
    "adrese": "Liedaga iela 11, Tūja, Liepupes pagasts, Limbažu novads",
    "pasvaldiba": "Limbažu novads",
    "pasvaldiba_slug": "limbazu-novads",
    "nr_plana": null,
    "avots_teksts": "Avots: Limbažu novada CA plāns",
    "plans_url": "https://www.limbazunovads.lv/lv/media/16552/download?attachment",
    "plans_fails": "limbazu-novada-ca-plans-2021.md",
    "lpp": null,
    "citats": "<td>Liedaga iela 11, Tūja, Liepupes pagasts, Limbažu novads</td>",
    "izdevejs": "Limbažu novads (pašvaldība)",
    "geokodesana": "varis_address",
    "adrese_vzd": "Liedaga iela 11, Tūja, Liepupes pag., Limbažu nov., LV-4022",
    "vzd_kods": "102196747",
    "plana_lat": null,
    "plana_lon": null,
    "koord_teksts": null,
    "karodzini": [],
    "izvilkuma_piezime": "Area column: Liepupes pagasts, Tūja",
    "komentars": "Avots: Limbažu novada CA plāns · vieta noteikta pēc adreses (VZD)",
    "id": "limbazu-novads-evak-13"
   },
   "geometry": {
    "type": "Point",
    "coordinates": [
     24.38832,
     57.490604
    ]
   }
  },
  {
   "type": "Feature",
   "properties": {
    "kategorija": "evakuacijas_punkts",
    "nosaukums": "Pie Lādezera pamatskolas",
    "adrese": "Skolas iela 1, Lādezers, Limbažu pagasts, Limbažu novads",
    "pasvaldiba": "Limbažu novads",
    "pasvaldiba_slug": "limbazu-novads",
    "nr_plana": null,
    "avots_teksts": "Avots: Limbažu novada CA plāns",
    "plans_url": "https://www.limbazunovads.lv/lv/media/16552/download?attachment",
    "plans_fails": "limbazu-novada-ca-plans-2021.md",
    "lpp": null,
    "citats": "<td>Skolas iela 1, Lādezers, Limbažu pagasts, Limbažu novads</td>",
    "izdevejs": "Limbažu novads (pašvaldība)",
    "geokodesana": "varis_address",
    "adrese_vzd": "Skolas iela 1, Lādezers, Limbažu pag., Limbažu nov., LV-4011",
    "vzd_kods": "106360966",
    "plana_lat": null,
    "plana_lon": null,
    "koord_teksts": null,
    "karodzini": [],
    "izvilkuma_piezime": "Area column: Limbažu pagasts, Lādezers",
    "komentars": "Avots: Limbažu novada CA plāns · vieta noteikta pēc adreses (VZD)",
    "id": "limbazu-novads-evak-14"
   },
   "geometry": {
    "type": "Point",
    "coordinates": [
     24.699882,
     57.421519
    ]
   }
  },
  {
   "type": "Feature",
   "properties": {
    "kategorija": "evakuacijas_punkts",
    "nosaukums": "Pie Ozolaine pirmsskolas izglītības iestādes",
    "adrese": "Ābeļu iela 4, Ozolaine, Limbažu pagasts, Limbažu novads",
    "pasvaldiba": "Limbažu novads",
    "pasvaldiba_slug": "limbazu-novads",
    "nr_plana": null,
    "avots_teksts": "Avots: Limbažu novada CA plāns",
    "plans_url": "https://www.limbazunovads.lv/lv/media/16552/download?attachment",
    "plans_fails": "limbazu-novada-ca-plans-2021.md",
    "lpp": null,
    "citats": "<td>Ābeļu iela 4, Ozolaine, Limbažu pagasts, Limbažu novads</td>",
    "izdevejs": "Limbažu novads (pašvaldība)",
    "geokodesana": "varis_address",
    "adrese_vzd": "Ābeļu iela 4, Ozolaine, Limbažu pag., Limbažu nov., LV-4001",
    "vzd_kods": "102197121",
    "plana_lat": null,
    "plana_lon": null,
    "koord_teksts": null,
    "karodzini": [],
    "izvilkuma_piezime": "Area column: Limbažu pagasts, Ozolaine",
    "komentars": "Avots: Limbažu novada CA plāns · vieta noteikta pēc adreses (VZD)",
    "id": "limbazu-novads-evak-15"
   },
   "geometry": {
    "type": "Point",
    "coordinates": [
     24.686717,
     57.517919
    ]
   }
  },
  {
   "type": "Feature",
   "properties": {
    "kategorija": "evakuacijas_punkts",
    "nosaukums": "Sabiedriskais centrs „Lādes Vītoli”",
    "adrese": "„Lādes Vītoli”, Lāde, Limbažu pagasts, Limbažu novads",
    "pasvaldiba": "Limbažu novads",
    "pasvaldiba_slug": "limbazu-novads",
    "nr_plana": null,
    "avots_teksts": "Avots: Limbažu novada CA plāns",
    "plans_url": "https://www.limbazunovads.lv/lv/media/16552/download?attachment",
    "plans_fails": "limbazu-novada-ca-plans-2021.md",
    "lpp": null,
    "citats": "<td>„Lādes Vītoli”, Lāde, Limbažu pagasts, Limbažu novads</td>",
    "izdevejs": "Limbažu novads (pašvaldība)",
    "geokodesana": "varis_address",
    "adrese_vzd": "\"Lādes Vītoli\", Lāde, Limbažu pag., Limbažu nov., LV-4020",
    "vzd_kods": "103677943",
    "plana_lat": null,
    "plana_lon": null,
    "koord_teksts": null,
    "karodzini": [],
    "izvilkuma_piezime": "Area column: Limbažu pagasts, Lāde",
    "komentars": "Avots: Limbažu novada CA plāns · vieta noteikta pēc adreses (VZD)",
    "id": "limbazu-novads-evak-16"
   },
   "geometry": {
    "type": "Point",
    "coordinates": [
     24.61955,
     57.464072
    ]
   }
  },
  {
   "type": "Feature",
   "properties": {
    "kategorija": "evakuacijas_punkts",
    "nosaukums": "Pie bibliotēkas",
    "adrese": "“Antoni”, Pāles pagasts, Limbažu novads",
    "pasvaldiba": "Limbažu novads",
    "pasvaldiba_slug": "limbazu-novads",
    "nr_plana": null,
    "avots_teksts": "Avots: Limbažu novada CA plāns",
    "plans_url": "https://www.limbazunovads.lv/lv/media/16552/download?attachment",
    "plans_fails": "limbazu-novada-ca-plans-2021.md",
    "lpp": null,
    "citats": "<td>“Antoni”, Pāles pagasts, Limbažu novads</td>",
    "izdevejs": "Limbažu novads (pašvaldība)",
    "geokodesana": "varis_address",
    "adrese_vzd": "\"Antoni\", Ārciems, Pāles pag., Limbažu nov., LV-4052",
    "vzd_kods": "105661824",
    "plana_lat": null,
    "plana_lon": null,
    "koord_teksts": null,
    "karodzini": [],
    "izvilkuma_piezime": "Area column: Pāles pagasts, Ārciems",
    "komentars": "Avots: Limbažu novada CA plāns · vieta noteikta pēc adreses (VZD)",
    "id": "limbazu-novads-evak-17"
   },
   "geometry": {
    "type": "Point",
    "coordinates": [
     24.779098,
     57.66173
    ]
   }
  },
  {
   "type": "Feature",
   "properties": {
    "kategorija": "evakuacijas_punkts",
    "nosaukums": "Lauvu tautas nams",
    "adrese": "„Dižlauvas”, Salacgrīvas pagasts, Limbažu novads",
    "pasvaldiba": "Limbažu novads",
    "pasvaldiba_slug": "limbazu-novads",
    "nr_plana": null,
    "avots_teksts": "Avots: Limbažu novada CA plāns",
    "plans_url": "https://www.limbazunovads.lv/lv/media/16552/download?attachment",
    "plans_fails": "limbazu-novada-ca-plans-2021.md",
    "lpp": null,
    "citats": "<td>„Dižlauvas”, Salacgrīvas pagasts, Limbažu novads</td>",
    "izdevejs": "Limbažu novads (pašvaldība)",
    "geokodesana": "varis_address",
    "adrese_vzd": "\"Dižlauvas\", Salacgrīvas pag., Limbažu nov., LV-4054",
    "vzd_kods": "105394873",
    "plana_lat": null,
    "plana_lon": null,
    "koord_teksts": null,
    "karodzini": [],
    "izvilkuma_piezime": "Area column: Salacgrīvas pagasts, Lauvas",
    "komentars": "Avots: Limbažu novada CA plāns · vieta noteikta pēc adreses (VZD)",
    "id": "limbazu-novads-evak-18"
   },
   "geometry": {
    "type": "Point",
    "coordinates": [
     24.551463,
     57.70347
    ]
   }
  },
  {
   "type": "Feature",
   "properties": {
    "kategorija": "evakuacijas_punkts",
    "nosaukums": "PII „Vilnītis”, Svētciema filiāle",
    "adrese": "Svētciems, Dārza iela 26, Salacgrīvas pagasts, Limbažu novads,",
    "pasvaldiba": "Limbažu novads",
    "pasvaldiba_slug": "limbazu-novads",
    "nr_plana": null,
    "avots_teksts": "Avots: Limbažu novada CA plāns",
    "plans_url": "https://www.limbazunovads.lv/lv/media/16552/download?attachment",
    "plans_fails": "limbazu-novada-ca-plans-2021.md",
    "lpp": null,
    "citats": "<td>Svētciems, Dārza iela 26, Salacgrīvas pagasts, Limbažu novads,</td>",
    "izdevejs": "Limbažu novads (pašvaldība)",
    "geokodesana": "varis_address",
    "adrese_vzd": "Dārza iela 26, Svētciems, Salacgrīvas pag., Limbažu nov., LV-4033",
    "vzd_kods": "103924126",
    "plana_lat": null,
    "plana_lon": null,
    "koord_teksts": null,
    "karodzini": [],
    "izvilkuma_piezime": "Area column: Salacgrīvas pagasts, Svētciems",
    "komentars": "Avots: Limbažu novada CA plāns · vieta noteikta pēc adreses (VZD)",
    "id": "limbazu-novads-evak-19"
   },
   "geometry": {
    "type": "Point",
    "coordinates": [
     24.382388,
     57.702526
    ]
   }
  },
  {
   "type": "Feature",
   "properties": {
    "kategorija": "evakuacijas_punkts",
    "nosaukums": "Pie veikala",
    "adrese": "Stūrīši, Stiene, Skultes pagasts, Limbažu novads.",
    "pasvaldiba": "Limbažu novads",
    "pasvaldiba_slug": "limbazu-novads",
    "nr_plana": null,
    "avots_teksts": "Avots: Limbažu novada CA plāns",
    "plans_url": "https://www.limbazunovads.lv/lv/media/16552/download?attachment",
    "plans_fails": "limbazu-novada-ca-plans-2021.md",
    "lpp": null,
    "citats": "<td>Stūrīši, Stiene, Skultes pagasts, Limbažu novads.</td>",
    "izdevejs": "Limbažu novads (pašvaldība)",
    "geokodesana": "varis_address",
    "adrese_vzd": "\"Stūrīši\", Skultes pag., Limbažu nov., LV-4025",
    "vzd_kods": "104976887",
    "plana_lat": null,
    "plana_lon": null,
    "koord_teksts": null,
    "karodzini": [],
    "izvilkuma_piezime": "Area column: Skultes pagasts, Stiene",
    "komentars": "Avots: Limbažu novada CA plāns · vieta noteikta pēc adreses (VZD)",
    "id": "limbazu-novads-evak-20"
   },
   "geometry": {
    "type": "Point",
    "coordinates": [
     24.525872,
     57.340292
    ]
   }
  },
  {
   "type": "Feature",
   "properties": {
    "kategorija": "evakuacijas_punkts",
    "nosaukums": "Pie veikala „Vesko”",
    "adrese": "Rīgas prospekts 1, Ziemeļblāzma, Skultes pagasts, Limbažu novads",
    "pasvaldiba": "Limbažu novads",
    "pasvaldiba_slug": "limbazu-novads",
    "nr_plana": null,
    "avots_teksts": "Avots: Limbažu novada CA plāns",
    "plans_url": "https://www.limbazunovads.lv/lv/media/16552/download?attachment",
    "plans_fails": "limbazu-novada-ca-plans-2021.md",
    "lpp": null,
    "citats": "<td>Rīgas prospekts 1, Ziemeļblāzma, Skultes pagasts, Limbažu novads</td>",
    "izdevejs": "Limbažu novads (pašvaldība)",
    "geokodesana": "varis_address",
    "adrese_vzd": "Rīgas prospekts 1, Ziemeļblāzma, Skultes pag., Limbažu nov., LV-4025",
    "vzd_kods": "105414377",
    "plana_lat": null,
    "plana_lon": null,
    "koord_teksts": null,
    "karodzini": [],
    "izvilkuma_piezime": "Area column: Skultes pagasts, Ziemeļblāzma",
    "komentars": "Avots: Limbažu novada CA plāns · vieta noteikta pēc adreses (VZD)",
    "id": "limbazu-novads-evak-21"
   },
   "geometry": {
    "type": "Point",
    "coordinates": [
     24.427909,
     57.335364
    ]
   }
  },
  {
   "type": "Feature",
   "properties": {
    "kategorija": "evakuacijas_punkts",
    "nosaukums": "Multifunkcionālais Skultes centrs",
    "adrese": "Edgara Liepiņa iela 2, Skultes pagasts, Limbažu novads",
    "pasvaldiba": "Limbažu novads",
    "pasvaldiba_slug": "limbazu-novads",
    "nr_plana": null,
    "avots_teksts": "Avots: Limbažu novada CA plāns",
    "plans_url": "https://www.limbazunovads.lv/lv/media/16552/download?attachment",
    "plans_fails": "limbazu-novada-ca-plans-2021.md",
    "lpp": null,
    "citats": "<td>Edgara Liepiņa iela 2, Skultes pagasts, Limbažu novads</td>",
    "izdevejs": "Limbažu novads (pašvaldība)",
    "geokodesana": "varis_address",
    "adrese_vzd": "Edgara Liepiņa iela 2, Skulte, Skultes pag., Limbažu nov., LV-4025",
    "vzd_kods": "106247402",
    "plana_lat": null,
    "plana_lon": null,
    "koord_teksts": null,
    "karodzini": [],
    "izvilkuma_piezime": "Area column: Skultes pagasts, Skulte",
    "komentars": "Avots: Limbažu novada CA plāns · vieta noteikta pēc adreses (VZD)",
    "id": "limbazu-novads-evak-22"
   },
   "geometry": {
    "type": "Point",
    "coordinates": [
     24.441468,
     57.330301
    ]
   }
  },
  {
   "type": "Feature",
   "properties": {
    "kategorija": "evakuacijas_punkts",
    "nosaukums": "Vīķu darba terapijas un rehabilitācijas centrs",
    "adrese": "„Veckabi”, Staiceles pagasts, Limbažu novads",
    "pasvaldiba": "Limbažu novads",
    "pasvaldiba_slug": "limbazu-novads",
    "nr_plana": null,
    "avots_teksts": "Avots: Limbažu novada CA plāns",
    "plans_url": "https://www.limbazunovads.lv/lv/media/16552/download?attachment",
    "plans_fails": "limbazu-novada-ca-plans-2021.md",
    "lpp": null,
    "citats": "<td>„Veckabi”, Staiceles pagasts, Limbažu novads</td>",
    "izdevejs": "Limbažu novads (pašvaldība)",
    "geokodesana": "varis_address",
    "adrese_vzd": "\"Veckabi\", Staiceles pag., Limbažu nov., LV-4043",
    "vzd_kods": "104118920",
    "plana_lat": null,
    "plana_lon": null,
    "koord_teksts": null,
    "karodzini": [],
    "izvilkuma_piezime": "Area column: Staiceles pagasts, Vīķi",
    "komentars": "Avots: Limbažu novada CA plāns · vieta noteikta pēc adreses (VZD)",
    "id": "limbazu-novads-evak-23"
   },
   "geometry": {
    "type": "Point",
    "coordinates": [
     24.798516,
     57.861249
    ]
   }
  },
  {
   "type": "Feature",
   "properties": {
    "kategorija": "evakuacijas_punkts",
    "nosaukums": "Umurgas kultūras nams",
    "adrese": "Cēsu iela 6, Umurga, Umurgas pagasts, Limbažu novads",
    "pasvaldiba": "Limbažu novads",
    "pasvaldiba_slug": "limbazu-novads",
    "nr_plana": null,
    "avots_teksts": "Avots: Limbažu novada CA plāns",
    "plans_url": "https://www.limbazunovads.lv/lv/media/16552/download?attachment",
    "plans_fails": "limbazu-novada-ca-plans-2021.md",
    "lpp": null,
    "citats": "<td>Cēsu iela 6, Umurga, Umurgas pagasts, Limbažu novads</td>",
    "izdevejs": "Limbažu novads (pašvaldība)",
    "geokodesana": "varis_address",
    "adrese_vzd": "Cēsu iela 6, Umurga, Umurgas pag., Limbažu nov., LV-4004",
    "vzd_kods": "101447616",
    "plana_lat": null,
    "plana_lon": null,
    "koord_teksts": null,
    "karodzini": [],
    "izvilkuma_piezime": "Area column: Umurgas pagasts, Umurga",
    "komentars": "Avots: Limbažu novada CA plāns · vieta noteikta pēc adreses (VZD)",
    "id": "limbazu-novads-evak-24"
   },
   "geometry": {
    "type": "Point",
    "coordinates": [
     24.809204,
     57.518078
    ]
   }
  },
  {
   "type": "Feature",
   "properties": {
    "kategorija": "evakuacijas_punkts",
    "nosaukums": "SKC “Vidriži sporta halle un saieta nams",
    "adrese": "Skolas iela 6A, Vidriži, Vidrižu pagasts, Limbažu novads",
    "pasvaldiba": "Limbažu novads",
    "pasvaldiba_slug": "limbazu-novads",
    "nr_plana": null,
    "avots_teksts": "Avots: Limbažu novada CA plāns",
    "plans_url": "https://www.limbazunovads.lv/lv/media/16552/download?attachment",
    "plans_fails": "limbazu-novada-ca-plans-2021.md",
    "lpp": null,
    "citats": "<td>Skolas iela 6A, Vidriži, Vidrižu pagasts, Limbažu novads</td>",
    "izdevejs": "Limbažu novads (pašvaldība)",
    "geokodesana": "varis_address",
    "adrese_vzd": "Skolas iela 6A, Vidriži, Vidrižu pag., Limbažu nov., LV-4013",
    "vzd_kods": "105701286",
    "plana_lat": null,
    "plana_lon": null,
    "koord_teksts": null,
    "karodzini": [],
    "izvilkuma_piezime": "Area column: Vidrižu pagasts, Vidriži",
    "komentars": "Avots: Limbažu novada CA plāns · vieta noteikta pēc adreses (VZD)",
    "id": "limbazu-novads-evak-25"
   },
   "geometry": {
    "type": "Point",
    "coordinates": [
     24.660473,
     57.345507
    ]
   }
  },
  {
   "type": "Feature",
   "properties": {
    "kategorija": "evakuacijas_punkts",
    "nosaukums": "Sabiedriskā centra “Bīriņi” telpas",
    "adrese": "“Bīriņu skola”, Bīriņi, Vidrižu pagasts, Limbažu novads",
    "pasvaldiba": "Limbažu novads",
    "pasvaldiba_slug": "limbazu-novads",
    "nr_plana": null,
    "avots_teksts": "Avots: Limbažu novada CA plāns",
    "plans_url": "https://www.limbazunovads.lv/lv/media/16552/download?attachment",
    "plans_fails": "limbazu-novada-ca-plans-2021.md",
    "lpp": null,
    "citats": "<td>“Bīriņu skola”, Bīriņi, Vidrižu pagasts, Limbažu novads</td>",
    "izdevejs": "Limbažu novads (pašvaldība)",
    "geokodesana": "varis_address",
    "adrese_vzd": "\"Bīriņu Skola\", Vidrižu pag., Limbažu nov., LV-4013",
    "vzd_kods": "105622872",
    "plana_lat": null,
    "plana_lon": null,
    "koord_teksts": null,
    "karodzini": [],
    "izvilkuma_piezime": "Area column: Vidrižu pagasts, Bīriņi",
    "komentars": "Avots: Limbažu novada CA plāns · vieta noteikta pēc adreses (VZD)",
    "id": "limbazu-novads-evak-26"
   },
   "geometry": {
    "type": "Point",
    "coordinates": [
     24.679854,
     57.249799
    ]
   }
  },
  {
   "type": "Feature",
   "properties": {
    "kategorija": "evakuacijas_punkts",
    "nosaukums": "Kultūras nams",
    "adrese": "Dārza iela 1, Viļķene, Viļķenes pagasts, Limbažu novads",
    "pasvaldiba": "Limbažu novads",
    "pasvaldiba_slug": "limbazu-novads",
    "nr_plana": null,
    "avots_teksts": "Avots: Limbažu novada CA plāns",
    "plans_url": "https://www.limbazunovads.lv/lv/media/16552/download?attachment",
    "plans_fails": "limbazu-novada-ca-plans-2021.md",
    "lpp": null,
    "citats": "<td>Dārza iela 1, Viļķene, Viļķenes pagasts, Limbažu novads</td>",
    "izdevejs": "Limbažu novads (pašvaldība)",
    "geokodesana": "varis_address",
    "adrese_vzd": "Dārza iela 1, Viļķene, Viļķenes pag., Limbažu nov., LV-4050",
    "vzd_kods": "101447673",
    "plana_lat": null,
    "plana_lon": null,
    "koord_teksts": null,
    "karodzini": [],
    "izvilkuma_piezime": "Area column: Viļķenes pagasts, Viļķene",
    "komentars": "Avots: Limbažu novada CA plāns · vieta noteikta pēc adreses (VZD)",
    "id": "limbazu-novads-evak-27"
   },
   "geometry": {
    "type": "Point",
    "coordinates": [
     24.60834,
     57.608248
    ]
   }
  },
  {
   "type": "Feature",
   "properties": {
    "kategorija": "evakuacijas_punkts",
    "nosaukums": "Bibliotēka",
    "adrese": "“Māja 5”, Vitrupe, Viļķenes pagasts, Limbažu novads",
    "pasvaldiba": "Limbažu novads",
    "pasvaldiba_slug": "limbazu-novads",
    "nr_plana": null,
    "avots_teksts": "Avots: Limbažu novada CA plāns",
    "plans_url": "https://www.limbazunovads.lv/lv/media/16552/download?attachment",
    "plans_fails": "limbazu-novada-ca-plans-2021.md",
    "lpp": null,
    "citats": "<td>“Māja 5”, Vitrupe, Viļķenes pagasts, Limbažu novads</td>",
    "izdevejs": "Limbažu novads (pašvaldība)",
    "geokodesana": "varis_address",
    "adrese_vzd": "\"Māja 5\", Vitrupe, Viļķenes pag., Limbažu nov., LV-4050",
    "vzd_kods": "103472928",
    "plana_lat": null,
    "plana_lon": null,
    "koord_teksts": null,
    "karodzini": [],
    "izvilkuma_piezime": "Area column: Viļķenes pagasts, Vitrupe",
    "komentars": "Avots: Limbažu novada CA plāns · vieta noteikta pēc adreses (VZD)",
    "id": "limbazu-novads-evak-28"
   },
   "geometry": {
    "type": "Point",
    "coordinates": [
     24.515216,
     57.595489
    ]
   }
  },
  {
   "type": "Feature",
   "properties": {
    "kategorija": "evakuacijas_punkts",
    "nosaukums": "Ķirbižu vides izglītības centrs “Meža muzejs”",
    "adrese": "“Meža muzejs”, Ķirbiži, Viļķenes pagasts, Limbažu novads",
    "pasvaldiba": "Limbažu novads",
    "pasvaldiba_slug": "limbazu-novads",
    "nr_plana": null,
    "avots_teksts": "Avots: Limbažu novada CA plāns",
    "plans_url": "https://www.limbazunovads.lv/lv/media/16552/download?attachment",
    "plans_fails": "limbazu-novada-ca-plans-2021.md",
    "lpp": null,
    "citats": "<td>“Meža muzejs”, Ķirbiži, Viļķenes pagasts, Limbažu novads</td>",
    "izdevejs": "Limbažu novads (pašvaldība)",
    "geokodesana": "varis_address",
    "adrese_vzd": "\"Meža muzejs\", Ķirbiži, Viļķenes pag., Limbažu nov., LV-4050",
    "vzd_kods": "105779086",
    "plana_lat": null,
    "plana_lon": null,
    "koord_teksts": null,
    "karodzini": [],
    "izvilkuma_piezime": "Area column: Viļķenes pagasts, Ķirbiži",
    "komentars": "Avots: Limbažu novada CA plāns · vieta noteikta pēc adreses (VZD)",
    "id": "limbazu-novads-evak-29"
   },
   "geometry": {
    "type": "Point",
    "coordinates": [
     24.491393,
     57.651055
    ]
   }
  },
  {
   "type": "Feature",
   "properties": {
    "kategorija": "evakuacijas_punkts",
    "nosaukums": "Ludzas pilsēta",
    "adrese": "Stacijas iela 41, Ludza, Ludzas novads",
    "pasvaldiba": "Ludzas novads",
    "pasvaldiba_slug": "ludzas-novads",
    "nr_plana": 1,
    "avots_teksts": "Avots: Ludzas novada CA plāns, lpp. 11",
    "plans_url": "https://www.ludzasnovads.lv/lv/media/50222/download?attachment",
    "plans_fails": "LSTCAP_pielikumi_publiskojams.md",
    "lpp": 11,
    "citats": "|1.|Ludzas<br>pilsēta|Stacijas iela 41, Ludza,<br>Ludzas novads|272785.66<br>728672.57|8355||",
    "izdevejs": "Ludzas novads (pašvaldība)",
    "geokodesana": "plan_coords",
    "adrese_vzd": "Stacijas iela 41, Ludza, Ludzas nov., LV-5701",
    "vzd_kods": "101418482",
    "plana_lat": 56.54364863271857,
    "plana_lon": 27.719913437483516,
    "koord_teksts": "272785.66<br>728672.57",
    "karodzini": [],
    "izvilkuma_piezime": "Iedzīvotāju skaits (population of the territorial unit): 8355",
    "komentars": "Avots: Ludzas novada CA plāns, lpp. 11",
    "id": "ludzas-novads-evak-1"
   },
   "geometry": {
    "type": "Point",
    "coordinates": [
     27.719913,
     56.543649
    ]
   }
  },
  {
   "type": "Feature",
   "properties": {
    "kategorija": "evakuacijas_punkts",
    "nosaukums": "Ludzas pilsēta",
    "adrese": "Skolas iela26, Ludza, Ludzas novads",
    "pasvaldiba": "Ludzas novads",
    "pasvaldiba_slug": "ludzas-novads",
    "nr_plana": 2,
    "avots_teksts": "Avots: Ludzas novada CA plāns, lpp. 11",
    "plans_url": "https://www.ludzasnovads.lv/lv/media/50222/download?attachment",
    "plans_fails": "LSTCAP_pielikumi_publiskojams.md",
    "lpp": 11,
    "citats": "|2.|Ludzas<br>pilsēta|Skolas<br>iela26,<br>Ludza,<br>Ludzas novads|272863.44<br>728610.39|||",
    "izdevejs": "Ludzas novads (pašvaldība)",
    "geokodesana": "plan_coords",
    "adrese_vzd": "Skolas iela 26, Ludza, Ludzas nov., LV-5701",
    "vzd_kods": "102663970",
    "plana_lat": 56.54437618179431,
    "plana_lon": 27.7189727913466,
    "koord_teksts": "272863.44<br>728610.39",
    "karodzini": [],
    "komentars": "Avots: Ludzas novada CA plāns, lpp. 11",
    "id": "ludzas-novads-evak-2"
   },
   "geometry": {
    "type": "Point",
    "coordinates": [
     27.718973,
     56.544376
    ]
   }
  },
  {
   "type": "Feature",
   "properties": {
    "kategorija": "evakuacijas_punkts",
    "nosaukums": "Kārsavas pilsēta",
    "adrese": "Vienības iela 49C, Kārsava, Ludzas novads",
    "pasvaldiba": "Ludzas novads",
    "pasvaldiba_slug": "ludzas-novads",
    "nr_plana": 3,
    "avots_teksts": "Avots: Ludzas novada CA plāns, lpp. 11",
    "plans_url": "https://www.ludzasnovads.lv/lv/media/50222/download?attachment",
    "plans_fails": "LSTCAP_pielikumi_publiskojams.md",
    "lpp": 11,
    "citats": "|3.|Kārsavas<br>pilsēta|Vienības<br>iela<br>49C,<br>Kārsava, Ludzas novads|299551.01<br>724261.31|1994|29,7|",
    "izdevejs": "Ludzas novads (pašvaldība)",
    "geokodesana": "plan_coords",
    "adrese_vzd": "Vienības iela 49C, Kārsava, Ludzas nov., LV-5717",
    "vzd_kods": "101425832",
    "plana_lat": 56.78574171606119,
    "plana_lon": 27.671609673813684,
    "koord_teksts": "299551.01<br>724261.31",
    "karodzini": [],
    "izvilkuma_piezime": "Iedzīvotāju skaits (population of the territorial unit): 1994; Attālums līdz Ludzai (km): 29,7",
    "komentars": "Avots: Ludzas novada CA plāns, lpp. 11",
    "id": "ludzas-novads-evak-3"
   },
   "geometry": {
    "type": "Point",
    "coordinates": [
     27.67161,
     56.785742
    ]
   }
  },
  {
   "type": "Feature",
   "properties": {
    "kategorija": "evakuacijas_punkts",
    "nosaukums": "Zilupes pilsēta",
    "adrese": "Tautas iela 1, Zilupe, Ludzas novads",
    "pasvaldiba": "Ludzas novads",
    "pasvaldiba_slug": "ludzas-novads",
    "nr_plana": 4,
    "avots_teksts": "Avots: Ludzas novada CA plāns, lpp. 11",
    "plans_url": "https://www.ludzasnovads.lv/lv/media/50222/download?attachment",
    "plans_fails": "LSTCAP_pielikumi_publiskojams.md",
    "lpp": 11,
    "citats": "|4.|Zilupes<br>pilsēta|Tautas<br>iela<br>1,<br>Zilupe,<br>Ludzas novads|257245.96<br>755252.54|1415|34,5|",
    "izdevejs": "Ludzas novads (pašvaldība)",
    "geokodesana": "plan_coords",
    "adrese_vzd": "Tautas iela 1, Zilupe, Ludzas nov., LV-5751",
    "vzd_kods": "101430801",
    "plana_lat": 56.39072795293087,
    "plana_lon": 28.135897995071655,
    "koord_teksts": "257245.96<br>755252.54",
    "karodzini": [],
    "izvilkuma_piezime": "Iedzīvotāju skaits (population of the territorial unit): 1415; Attālums līdz Ludzai (km): 34,5",
    "komentars": "Avots: Ludzas novada CA plāns, lpp. 11",
    "id": "ludzas-novads-evak-4"
   },
   "geometry": {
    "type": "Point",
    "coordinates": [
     28.135898,
     56.390728
    ]
   }
  },
  {
   "type": "Feature",
   "properties": {
    "kategorija": "evakuacijas_punkts",
    "nosaukums": "Briģu pagasts",
    "adrese": "Skolas iela 4, Briģi, Briģu pagasts, Ludzas novads",
    "pasvaldiba": "Ludzas novads",
    "pasvaldiba_slug": "ludzas-novads",
    "nr_plana": 5,
    "avots_teksts": "Avots: Ludzas novada CA plāns, lpp. 11",
    "plans_url": "https://www.ludzasnovads.lv/lv/media/50222/download?attachment",
    "plans_fails": "LSTCAP_pielikumi_publiskojams.md",
    "lpp": 11,
    "citats": "|5.|Briģu pagasts|Skolas iela 4, Briģi,<br>Briģu pagasts, Ludzas<br>novads|260517.52<br>749940.49|645|31,9|",
    "izdevejs": "Ludzas novads (pašvaldība)",
    "geokodesana": "plan_coords",
    "adrese_vzd": "Skolas iela 4, Brigi, Briģu pag., Ludzas nov., LV-5707",
    "vzd_kods": "106594834",
    "plana_lat": 56.42288430413172,
    "plana_lon": 28.05319166172185,
    "koord_teksts": "260517.52<br>749940.49",
    "karodzini": [],
    "izvilkuma_piezime": "Iedzīvotāju skaits (population of the territorial unit): 645; Attālums līdz Ludzai (km): 31,9",
    "komentars": "Avots: Ludzas novada CA plāns, lpp. 11",
    "id": "ludzas-novads-evak-5"
   },
   "geometry": {
    "type": "Point",
    "coordinates": [
     28.053192,
     56.422884
    ]
   }
  },
  {
   "type": "Feature",
   "properties": {
    "kategorija": "evakuacijas_punkts",
    "nosaukums": "Ciblas pagasts",
    "adrese": "Muižas iela 3, Cibla, Ciblas pagasts, Ludzas novads",
    "pasvaldiba": "Ludzas novads",
    "pasvaldiba_slug": "ludzas-novads",
    "nr_plana": 6,
    "avots_teksts": "Avots: Ludzas novada CA plāns, lpp. 11",
    "plans_url": "https://www.ludzasnovads.lv/lv/media/50222/download?attachment",
    "plans_fails": "LSTCAP_pielikumi_publiskojams.md",
    "lpp": 11,
    "citats": "|6.|Ciblas<br>pagasts|Muižas iela 3, Cibla, Ciblas<br>pagasts, Ludzas novads|273881.67<br>738618.16|576|14,2|",
    "izdevejs": "Ludzas novads (pašvaldība)",
    "geokodesana": "plan_coords",
    "adrese_vzd": "Muižas iela 3, Cibla, Ciblas pag., Ludzas nov., LV-5709",
    "vzd_kods": "105733892",
    "plana_lat": 56.54853154116318,
    "plana_lon": 27.882298304239335,
    "koord_teksts": "273881.67<br>738618.16",
    "karodzini": [],
    "izvilkuma_piezime": "Iedzīvotāju skaits (population of the territorial unit): 576; Attālums līdz Ludzai (km): 14,2",
    "komentars": "Avots: Ludzas novada CA plāns, lpp. 11",
    "id": "ludzas-novads-evak-6"
   },
   "geometry": {
    "type": "Point",
    "coordinates": [
     27.882298,
     56.548532
    ]
   }
  },
  {
   "type": "Feature",
   "properties": {
    "kategorija": "evakuacijas_punkts",
    "nosaukums": "Ciblas pagasts",
    "adrese": "Sporta iela 1, Felicianova, Ciblas pagasts, Ludzas novads",
    "pasvaldiba": "Ludzas novads",
    "pasvaldiba_slug": "ludzas-novads",
    "nr_plana": 7,
    "avots_teksts": "Avots: Ludzas novada CA plāns, lpp. 11",
    "plans_url": "https://www.ludzasnovads.lv/lv/media/50222/download?attachment",
    "plans_fails": "LSTCAP_pielikumi_publiskojams.md",
    "lpp": 11,
    "citats": "|7.|Ciblas<br>pagasts|Sporta iela 1, Felicianova,<br>Ciblas<br>pagasts,<br>Ludzas<br>novads|272323.27<br>737713.28|||",
    "izdevejs": "Ludzas novads (pašvaldība)",
    "geokodesana": "plan_coords",
    "adrese_vzd": "Sporta iela 1, Felicianova, Ciblas pag., Ludzas nov., LV-5709",
    "vzd_kods": "105733997",
    "plana_lat": 56.535020918813856,
    "plana_lon": 27.866188082224316,
    "koord_teksts": "272323.27<br>737713.28",
    "karodzini": [],
    "komentars": "Avots: Ludzas novada CA plāns, lpp. 11",
    "id": "ludzas-novads-evak-7"
   },
   "geometry": {
    "type": "Point",
    "coordinates": [
     27.866188,
     56.535021
    ]
   }
  },
  {
   "type": "Feature",
   "properties": {
    "kategorija": "evakuacijas_punkts",
    "nosaukums": "Pušmucovas pagasts",
    "adrese": "Skolas iela 4, Pušmucova, Pušmucovas pagasts, Ludzas novads",
    "pasvaldiba": "Ludzas novads",
    "pasvaldiba_slug": "ludzas-novads",
    "nr_plana": 8,
    "avots_teksts": "Avots: Ludzas novada CA plāns, lpp. 11",
    "plans_url": "https://www.ludzasnovads.lv/lv/media/50222/download?attachment",
    "plans_fails": "LSTCAP_pielikumi_publiskojams.md",
    "lpp": 11,
    "citats": "|8.|Pušmucovas<br>pagasts|Skolas iela 4, Pušmucova,<br>Pušmucovas<br>pagasts,<br>Ludzas novads|284008.05<br>727908.33|654|12,7|",
    "izdevejs": "Ludzas novads (pašvaldība)",
    "geokodesana": "plan_coords",
    "adrese_vzd": "Skolas iela 4, Pušmucova, Pušmucovas pag., Ludzas nov., LV-5742",
    "vzd_kods": "106164091",
    "plana_lat": 56.64463077962328,
    "plana_lon": 27.7173889241542,
    "koord_teksts": "284008.05<br>727908.33",
    "karodzini": [],
    "izvilkuma_piezime": "Iedzīvotāju skaits (population of the territorial unit): 654; Attālums līdz Ludzai (km): 12,7",
    "komentars": "Avots: Ludzas novada CA plāns, lpp. 11",
    "id": "ludzas-novads-evak-8"
   },
   "geometry": {
    "type": "Point",
    "coordinates": [
     27.717389,
     56.644631
    ]
   }
  },
  {
   "type": "Feature",
   "properties": {
    "kategorija": "evakuacijas_punkts",
    "nosaukums": "Blontu pagasts",
    "adrese": "“Domes nams”, Blonti, Blontu pagasts, Ludzas novads",
    "pasvaldiba": "Ludzas novads",
    "pasvaldiba_slug": "ludzas-novads",
    "nr_plana": 9,
    "avots_teksts": "Avots: Ludzas novada CA plāns, lpp. 11",
    "plans_url": "https://www.ludzasnovads.lv/lv/media/50222/download?attachment",
    "plans_fails": "LSTCAP_pielikumi_publiskojams.md",
    "lpp": 11,
    "citats": "|9.|Blontu<br>pagasts|“Domes nams”, Blonti,<br>Blontu pagasts, Ludzas<br>novads|280680.10<br>731622.29|359|11,2|",
    "izdevejs": "Ludzas novads (pašvaldība)",
    "geokodesana": "plan_coords",
    "adrese_vzd": "\"Domes nams\", Blonti, Blontu pag., Ludzas nov., LV-5706",
    "vzd_kods": "105929230",
    "plana_lat": 56.61297573309508,
    "plana_lon": 27.774835628877682,
    "koord_teksts": "280680.10<br>731622.29",
    "karodzini": [],
    "izvilkuma_piezime": "Iedzīvotāju skaits (population of the territorial unit): 359; Attālums līdz Ludzai (km): 11,2",
    "komentars": "Avots: Ludzas novada CA plāns, lpp. 11",
    "id": "ludzas-novads-evak-9"
   },
   "geometry": {
    "type": "Point",
    "coordinates": [
     27.774836,
     56.612976
    ]
   }
  },
  {
   "type": "Feature",
   "properties": {
    "kategorija": "evakuacijas_punkts",
    "nosaukums": "Cirmas pagasts",
    "adrese": "Pagasta iela 2, Tutāni, Cirmas pagasts, Ludzas novads",
    "pasvaldiba": "Ludzas novads",
    "pasvaldiba_slug": "ludzas-novads",
    "nr_plana": 10,
    "avots_teksts": "Avots: Ludzas novada CA plāns, lpp. 11",
    "plans_url": "https://www.ludzasnovads.lv/lv/media/50222/download?attachment",
    "plans_fails": "LSTCAP_pielikumi_publiskojams.md",
    "lpp": 11,
    "citats": "|10.|Cirmas<br>pagasts|Pagasta iela 2, Tutāni,<br>Cirmas pagasts, Ludzas<br>novads|271933.01<br>724224.79|615|6,3|",
    "izdevejs": "Ludzas novads (pašvaldība)",
    "geokodesana": "varis_address",
    "adrese_vzd": "Pagasta iela 2, Tutāni, Cirmas pag., Ludzas nov., LV-5735",
    "vzd_kods": "105730766",
    "plana_lat": 56.5381458634855,
    "plana_lon": 27.646991039755015,
    "koord_teksts": "271933.01<br>724224.79",
    "karodzini": [
     "plan_coords_far_from_address"
    ],
    "izvilkuma_piezime": "Iedzīvotāju skaits (population of the territorial unit): 615; Attālums līdz Ludzai (km): 6,3",
    "komentars": "Avots: Ludzas novada CA plāns, lpp. 11 · plāna koordinātas kļūdainas, vieta noteikta pēc adreses (VZD)",
    "id": "ludzas-novads-evak-10"
   },
   "geometry": {
    "type": "Point",
    "coordinates": [
     27.630734,
     56.538653
    ]
   }
  },
  {
   "type": "Feature",
   "properties": {
    "kategorija": "evakuacijas_punkts",
    "nosaukums": "Goliševas pagasts",
    "adrese": "Bērnu iela 1, Goliševa, Goliševas pagasts, Ludzas novads",
    "pasvaldiba": "Ludzas novads",
    "pasvaldiba_slug": "ludzas-novads",
    "nr_plana": 11,
    "avots_teksts": "Avots: Ludzas novada CA plāns, lpp. 11",
    "plans_url": "https://www.ludzasnovads.lv/lv/media/50222/download?attachment",
    "plans_fails": "LSTCAP_pielikumi_publiskojams.md",
    "lpp": 11,
    "citats": "|11.|Goliševas<br>pagasts|Bērnu iela 1, Goliševa,<br>Goliševas pagasts, Ludzas<br>novads|295493.64<br>738330.29|301|30,4|",
    "izdevejs": "Ludzas novads (pašvaldība)",
    "geokodesana": "plan_coords",
    "adrese_vzd": "Bērnu iela 1, Goliševa, Goliševas pag., Ludzas nov., LV-5704",
    "vzd_kods": "105751564",
    "plana_lat": 56.74239249793924,
    "plana_lon": 27.897585146141257,
    "koord_teksts": "295493.64<br>738330.29",
    "karodzini": [],
    "izvilkuma_piezime": "Iedzīvotāju skaits (population of the territorial unit): 301; Attālums līdz Ludzai (km): 30,4",
    "komentars": "Avots: Ludzas novada CA plāns, lpp. 11",
    "id": "ludzas-novads-evak-11"
   },
   "geometry": {
    "type": "Point",
    "coordinates": [
     27.897585,
     56.742392
    ]
   }
  },
  {
   "type": "Feature",
   "properties": {
    "kategorija": "evakuacijas_punkts",
    "nosaukums": "Isnaudas pagasts",
    "adrese": "“Vecparks”, Martiši, Isnaudas pagasts, Ludzas novads",
    "pasvaldiba": "Ludzas novads",
    "pasvaldiba_slug": "ludzas-novads",
    "nr_plana": 12,
    "avots_teksts": "Avots: Ludzas novada CA plāns, lpp. 11",
    "plans_url": "https://www.ludzasnovads.lv/lv/media/50222/download?attachment",
    "plans_fails": "LSTCAP_pielikumi_publiskojams.md",
    "lpp": 11,
    "citats": "|12.|Isnaudas<br>pagasts|“Vecparks”,<br>Martiši, Isnaudas pagasts,<br>Ludzas novads|270389.16<br>729821.54|883|3,0|",
    "izdevejs": "Ludzas novads (pašvaldība)",
    "geokodesana": "plan_coords",
    "adrese_vzd": "\"Vecparks\", Martiši, Isnaudas pag., Ludzas nov., LV-5701",
    "vzd_kods": "103710995",
    "plana_lat": 56.52160375190066,
    "plana_lon": 27.736440653469568,
    "koord_teksts": "270389.16<br>729821.54",
    "karodzini": [],
    "izvilkuma_piezime": "Iedzīvotāju skaits (population of the territorial unit): 883; Attālums līdz Ludzai (km): 3,0",
    "komentars": "Avots: Ludzas novada CA plāns, lpp. 11",
    "id": "ludzas-novads-evak-12"
   },
   "geometry": {
    "type": "Point",
    "coordinates": [
     27.736441,
     56.521604
    ]
   }
  },
  {
   "type": "Feature",
   "properties": {
    "kategorija": "evakuacijas_punkts",
    "nosaukums": "Istras pagasts",
    "adrese": "“Pagastmāja”, Vecslabada, Istras pagasts, Ludzas novads",
    "pasvaldiba": "Ludzas novads",
    "pasvaldiba_slug": "ludzas-novads",
    "nr_plana": 13,
    "avots_teksts": "Avots: Ludzas novada CA plāns, lpp. 11",
    "plans_url": "https://www.ludzasnovads.lv/lv/media/50222/download?attachment",
    "plans_fails": "LSTCAP_pielikumi_publiskojams.md",
    "lpp": 11,
    "citats": "|13.|Istras pagasts|“Pagastmāja”, Vecslabada,|241976.03|439|41,8|",
    "izdevejs": "Ludzas novads (pašvaldība)",
    "geokodesana": "plan_coords",
    "adrese_vzd": "\"Pagastmāja\", Vecslabada, Istras pag., Ludzas nov., LV-5748",
    "vzd_kods": "106162947",
    "plana_lat": 56.258330312746004,
    "plana_lon": 27.985790293320022,
    "koord_teksts": "241976.03<br>746848.04",
    "karodzini": [],
    "izvilkuma_piezime": "Row split across a page break (lpp. 11-12): second coordinate and rest of address are on the line '|||Istras<br>pagasts,<br>Ludzas<br>novads|746848.04|||'.; Iedzīvotāju skaits (population of the territorial unit): 439; Attālums līdz Ludzai (km): 41,8",
    "komentars": "Avots: Ludzas novada CA plāns, lpp. 11",
    "id": "ludzas-novads-evak-13"
   },
   "geometry": {
    "type": "Point",
    "coordinates": [
     27.98579,
     56.25833
    ]
   }
  },
  {
   "type": "Feature",
   "properties": {
    "kategorija": "evakuacijas_punkts",
    "nosaukums": "Lauderu pagasts",
    "adrese": "Bērzu iela 2, Lauderi, Lauderu pagasts, Ludzas novads",
    "pasvaldiba": "Ludzas novads",
    "pasvaldiba_slug": "ludzas-novads",
    "nr_plana": 14,
    "avots_teksts": "Avots: Ludzas novada CA plāns, lpp. 12",
    "plans_url": "https://www.ludzasnovads.lv/lv/media/50222/download?attachment",
    "plans_fails": "LSTCAP_pielikumi_publiskojams.md",
    "lpp": 12,
    "citats": "|14.|Lauderu<br>pagasts|Bērzu iela 2, Lauderi,<br>Lauderu pagasts, Ludzas<br>novads|250510.43<br>746287.12|229|31,8|",
    "izdevejs": "Ludzas novads (pašvaldība)",
    "geokodesana": "plan_coords",
    "adrese_vzd": "Bērzu iela 2, Lauderi, Lauderu pag., Ludzas nov., LV-5722",
    "vzd_kods": "105412027",
    "plana_lat": 56.335113572406016,
    "plana_lon": 27.98472198558134,
    "koord_teksts": "250510.43<br>746287.12",
    "karodzini": [],
    "izvilkuma_piezime": "Iedzīvotāju skaits (population of the territorial unit): 229; Attālums līdz Ludzai (km): 31,8",
    "komentars": "Avots: Ludzas novada CA plāns, lpp. 12",
    "id": "ludzas-novads-evak-14"
   },
   "geometry": {
    "type": "Point",
    "coordinates": [
     27.984722,
     56.335114
    ]
   }
  },
  {
   "type": "Feature",
   "properties": {
    "kategorija": "evakuacijas_punkts",
    "nosaukums": "Līdumnieku pagasts",
    "adrese": "“Zvārguļi”, Līdumnieki, Līdumnieku pagasts, Ludzas novads",
    "pasvaldiba": "Ludzas novads",
    "pasvaldiba_slug": "ludzas-novads",
    "nr_plana": 15,
    "avots_teksts": "Avots: Ludzas novada CA plāns, lpp. 12",
    "plans_url": "https://www.ludzasnovads.lv/lv/media/50222/download?attachment",
    "plans_fails": "LSTCAP_pielikumi_publiskojams.md",
    "lpp": 12,
    "citats": "|15.|Līdumnieku<br>pagasts|“Zvārguļi”,<br>Līdumnieki,<br>Līdumnieku<br>pagasts,<br>Ludzas novads|279185.25<br>745118.98|228|25,2|",
    "izdevejs": "Ludzas novads (pašvaldība)",
    "geokodesana": "plan_coords",
    "adrese_vzd": "\"Zvārguļi\", Līdumnieki, Līdumnieku pag., Ludzas nov., LV-5719",
    "vzd_kods": "105734041",
    "plana_lat": 56.59271988370006,
    "plana_lon": 27.992792645744697,
    "koord_teksts": "279185.25<br>745118.98",
    "karodzini": [],
    "izvilkuma_piezime": "Iedzīvotāju skaits (population of the territorial unit): 228; Attālums līdz Ludzai (km): 25,2",
    "komentars": "Avots: Ludzas novada CA plāns, lpp. 12",
    "id": "ludzas-novads-evak-15"
   },
   "geometry": {
    "type": "Point",
    "coordinates": [
     27.992793,
     56.59272
    ]
   }
  },
  {
   "type": "Feature",
   "properties": {
    "kategorija": "evakuacijas_punkts",
    "nosaukums": "Malnavas pagasts",
    "adrese": "Jaunā iela 1, Malnava, Malnavas pagasts, Ludzas novads",
    "pasvaldiba": "Ludzas novads",
    "pasvaldiba_slug": "ludzas-novads",
    "nr_plana": 16,
    "avots_teksts": "Avots: Ludzas novada CA plāns, lpp. 12",
    "plans_url": "https://www.ludzasnovads.lv/lv/media/50222/download?attachment",
    "plans_fails": "LSTCAP_pielikumi_publiskojams.md",
    "lpp": 12,
    "citats": "|16.|Malnavas<br>pagasts|Jaunā iela 1, Malnava,<br>Malnavas pagasts, Ludzas<br>novads|298366.75<br>727521.51|997|30,1|",
    "izdevejs": "Ludzas novads (pašvaldība)",
    "geokodesana": "plan_coords",
    "adrese_vzd": "Jaunā iela 1, Malnava, Malnavas pag., Ludzas nov., LV-5750",
    "vzd_kods": "105734355",
    "plana_lat": 56.7735445001002,
    "plana_lon": 27.723805706228895,
    "koord_teksts": "298366.75<br>727521.51",
    "karodzini": [],
    "izvilkuma_piezime": "Iedzīvotāju skaits (population of the territorial unit): 997; Attālums līdz Ludzai (km): 30,1",
    "komentars": "Avots: Ludzas novada CA plāns, lpp. 12",
    "id": "ludzas-novads-evak-16"
   },
   "geometry": {
    "type": "Point",
    "coordinates": [
     27.723806,
     56.773545
    ]
   }
  },
  {
   "type": "Feature",
   "properties": {
    "kategorija": "evakuacijas_punkts",
    "nosaukums": "Mežvidu pagasts",
    "adrese": "“Pagastmāja”, Mežvidi, Mežvidu pagasts, Ludzas novads",
    "pasvaldiba": "Ludzas novads",
    "pasvaldiba_slug": "ludzas-novads",
    "nr_plana": 17,
    "avots_teksts": "Avots: Ludzas novada CA plāns, lpp. 12",
    "plans_url": "https://www.ludzasnovads.lv/lv/media/50222/download?attachment",
    "plans_fails": "LSTCAP_pielikumi_publiskojams.md",
    "lpp": 12,
    "citats": "|17.|Mežvidu<br>pagasts|“Pagastmāja”,<br>Mežvidi,<br>Mežvidu pagasts, Ludzas<br>novads|288872.16<br>716661.66|754|25,7|",
    "izdevejs": "Ludzas novads (pašvaldība)",
    "geokodesana": "plan_coords",
    "adrese_vzd": "\"Pagastmāja\", Mežvidi, Mežvidu pag., Ludzas nov., LV-5725",
    "vzd_kods": "105791438",
    "plana_lat": 56.69358400668359,
    "plana_lon": 27.538441656594713,
    "koord_teksts": "288872.16<br>716661.66",
    "karodzini": [],
    "izvilkuma_piezime": "Iedzīvotāju skaits (population of the territorial unit): 754; Attālums līdz Ludzai (km): 25,7",
    "komentars": "Avots: Ludzas novada CA plāns, lpp. 12",
    "id": "ludzas-novads-evak-17"
   },
   "geometry": {
    "type": "Point",
    "coordinates": [
     27.538442,
     56.693584
    ]
   }
  },
  {
   "type": "Feature",
   "properties": {
    "kategorija": "evakuacijas_punkts",
    "nosaukums": "Mērdzenes pagasts",
    "adrese": "Liepu iela 19, Mērdzene, Mērdzenes pagasts, Ludzas novads",
    "pasvaldiba": "Ludzas novads",
    "pasvaldiba_slug": "ludzas-novads",
    "nr_plana": 18,
    "avots_teksts": "Avots: Ludzas novada CA plāns, lpp. 12",
    "plans_url": "https://www.ludzasnovads.lv/lv/media/50222/download?attachment",
    "plans_fails": "LSTCAP_pielikumi_publiskojams.md",
    "lpp": 12,
    "citats": "|18.|Mērdzenes<br>pagasts|Liepu iela 19, Mērdzene,<br>Mērdzenes pagasts, Ludzas<br>novads|288389.28<br>729624.95|590|17,3|",
    "izdevejs": "Ludzas novads (pašvaldība)",
    "geokodesana": "plan_coords",
    "adrese_vzd": "Liepu iela 19, Mērdzene, Mērdzenes pag., Ludzas nov., LV-5726",
    "vzd_kods": "105366153",
    "plana_lat": 56.68306912194038,
    "plana_lon": 27.749223889056015,
    "koord_teksts": "288389.28<br>729624.95",
    "karodzini": [],
    "izvilkuma_piezime": "Iedzīvotāju skaits (population of the territorial unit): 590; Attālums līdz Ludzai (km): 17,3",
    "komentars": "Avots: Ludzas novada CA plāns, lpp. 12",
    "id": "ludzas-novads-evak-18"
   },
   "geometry": {
    "type": "Point",
    "coordinates": [
     27.749224,
     56.683069
    ]
   }
  },
  {
   "type": "Feature",
   "properties": {
    "kategorija": "evakuacijas_punkts",
    "nosaukums": "Nirzas pagasts",
    "adrese": "“Stādi”, Nirza, Nirzas pagasts, Ludzas novads",
    "pasvaldiba": "Ludzas novads",
    "pasvaldiba_slug": "ludzas-novads",
    "nr_plana": 19,
    "avots_teksts": "Avots: Ludzas novada CA plāns, lpp. 12",
    "plans_url": "https://www.ludzasnovads.lv/lv/media/50222/download?attachment",
    "plans_fails": "LSTCAP_pielikumi_publiskojams.md",
    "lpp": 12,
    "citats": "|19.|Nirzas<br>pagasts|“Stādi”, Nirza,<br>Nirzas<br>pagasts,<br>Ludzas<br>novads|257876.20<br>742526.06|303|22,3|",
    "izdevejs": "Ludzas novads (pašvaldība)",
    "geokodesana": "plan_coords",
    "adrese_vzd": null,
    "vzd_kods": null,
    "plana_lat": 56.40307463480932,
    "plana_lon": 27.930833862401922,
    "koord_teksts": "257876.20<br>742526.06",
    "karodzini": [],
    "izvilkuma_piezime": "Iedzīvotāju skaits (population of the territorial unit): 303; Attālums līdz Ludzai (km): 22,3",
    "komentars": "Avots: Ludzas novada CA plāns, lpp. 12",
    "id": "ludzas-novads-evak-19"
   },
   "geometry": {
    "type": "Point",
    "coordinates": [
     27.930834,
     56.403075
    ]
   }
  },
  {
   "type": "Feature",
   "properties": {
    "kategorija": "evakuacijas_punkts",
    "nosaukums": "Ņukšu pagasts",
    "adrese": "“Nākotne”, Ņukši, Ņukšu pagasts, Ludzas novads",
    "pasvaldiba": "Ludzas novads",
    "pasvaldiba_slug": "ludzas-novads",
    "nr_plana": 20,
    "avots_teksts": "Avots: Ludzas novada CA plāns, lpp. 12",
    "plans_url": "https://www.ludzasnovads.lv/lv/media/50222/download?attachment",
    "plans_fails": "LSTCAP_pielikumi_publiskojams.md",
    "lpp": 12,
    "citats": "|20.|Ņukšu<br>pagasts|“Nākotne”, Ņukši,<br>Ņukšu pagasts,<br>Ludzas<br>novads|263053.57<br>730754.72|389|12,6|",
    "izdevejs": "Ludzas novads (pašvaldība)",
    "geokodesana": "plan_coords",
    "adrese_vzd": "\"Nākotne\", Ņukši, Ņukšu pag., Ludzas nov., LV-5730",
    "vzd_kods": "105302597",
    "plana_lat": 56.45538355756075,
    "plana_lon": 27.745082476393993,
    "koord_teksts": "263053.57<br>730754.72",
    "karodzini": [],
    "izvilkuma_piezime": "Iedzīvotāju skaits (population of the territorial unit): 389; Attālums līdz Ludzai (km): 12,6",
    "komentars": "Avots: Ludzas novada CA plāns, lpp. 12",
    "id": "ludzas-novads-evak-20"
   },
   "geometry": {
    "type": "Point",
    "coordinates": [
     27.745082,
     56.455384
    ]
   }
  },
  {
   "type": "Feature",
   "properties": {
    "kategorija": "evakuacijas_punkts",
    "nosaukums": "Pasienes pagasts",
    "adrese": "“Svīres”, Pasiene, Pasienes pagasts, Ludzas novads",
    "pasvaldiba": "Ludzas novads",
    "pasvaldiba_slug": "ludzas-novads",
    "nr_plana": 21,
    "avots_teksts": "Avots: Ludzas novada CA plāns, lpp. 12",
    "plans_url": "https://www.ludzasnovads.lv/lv/media/50222/download?attachment",
    "plans_fails": "LSTCAP_pielikumi_publiskojams.md",
    "lpp": 12,
    "citats": "|21.|Pasienes<br>pagasts|“Svīres”, Pasiene, Pasienes<br>pagasts, Ludzas novads|246423.15<br>757295.13|456|43,9|",
    "izdevejs": "Ludzas novads (pašvaldība)",
    "geokodesana": "plan_coords",
    "adrese_vzd": "\"Svīres\", Pasiene, Pasienes pag., Ludzas nov., LV-5732",
    "vzd_kods": "105844742",
    "plana_lat": 56.292641121826016,
    "plana_lon": 28.158315486985913,
    "koord_teksts": "246423.15<br>757295.13",
    "karodzini": [],
    "izvilkuma_piezime": "Iedzīvotāju skaits (population of the territorial unit): 456; Attālums līdz Ludzai (km): 43,9",
    "komentars": "Avots: Ludzas novada CA plāns, lpp. 12",
    "id": "ludzas-novads-evak-21"
   },
   "geometry": {
    "type": "Point",
    "coordinates": [
     28.158315,
     56.292641
    ]
   }
  },
  {
   "type": "Feature",
   "properties": {
    "kategorija": "evakuacijas_punkts",
    "nosaukums": "Pildas pagasts",
    "adrese": "Liepu iela 3, Pilda, Pildas pagasts, Ludzas novads",
    "pasvaldiba": "Ludzas novads",
    "pasvaldiba_slug": "ludzas-novads",
    "nr_plana": 22,
    "avots_teksts": "Avots: Ludzas novada CA plāns, lpp. 12",
    "plans_url": "https://www.ludzasnovads.lv/lv/media/50222/download?attachment",
    "plans_fails": "LSTCAP_pielikumi_publiskojams.md",
    "lpp": 12,
    "citats": "|22.|Pildas<br>pagasts|Liepu<br>iela<br>3,<br>Pilda,<br>Pildas pagasts, Ludzas<br>novads|258129.67<br>731516.73|460|18|",
    "izdevejs": "Ludzas novads (pašvaldība)",
    "geokodesana": "plan_coords",
    "adrese_vzd": "Liepu iela 3, Pilda, Pildas pag., Ludzas nov., LV-5733",
    "vzd_kods": "105752767",
    "plana_lat": 56.41086743736583,
    "plana_lon": 27.753062376650227,
    "koord_teksts": "258129.67<br>731516.73",
    "karodzini": [],
    "izvilkuma_piezime": "Iedzīvotāju skaits (population of the territorial unit): 460; Attālums līdz Ludzai (km): 18",
    "komentars": "Avots: Ludzas novada CA plāns, lpp. 12",
    "id": "ludzas-novads-evak-22"
   },
   "geometry": {
    "type": "Point",
    "coordinates": [
     27.753062,
     56.410867
    ]
   }
  },
  {
   "type": "Feature",
   "properties": {
    "kategorija": "evakuacijas_punkts",
    "nosaukums": "Pureņu pagasts",
    "adrese": "Kalna iela 3, Kivdolova, Pureņu pagasts, Ludzas novads",
    "pasvaldiba": "Ludzas novads",
    "pasvaldiba_slug": "ludzas-novads",
    "nr_plana": 23,
    "avots_teksts": "Avots: Ludzas novada CA plāns, lpp. 12",
    "plans_url": "https://www.ludzasnovads.lv/lv/media/50222/download?attachment",
    "plans_fails": "LSTCAP_pielikumi_publiskojams.md",
    "lpp": 12,
    "citats": "|23.|Pureņu<br>pagasts|Kalna iela 3, Kivdolova,<br>Pureņu pagasts, Ludzas<br>novads|262794.28<br>725500.09|287|13,6|",
    "izdevejs": "Ludzas novads (pašvaldība)",
    "geokodesana": "plan_coords",
    "adrese_vzd": "Kalna iela 3, Kivdolova, Pureņu pag., Ludzas nov., LV-5745",
    "vzd_kods": "105863360",
    "plana_lat": 56.45559969175386,
    "plana_lon": 27.659776374055934,
    "koord_teksts": "262794.28<br>725500.09",
    "karodzini": [],
    "izvilkuma_piezime": "Iedzīvotāju skaits (population of the territorial unit): 287; Attālums līdz Ludzai (km): 13,6",
    "komentars": "Avots: Ludzas novada CA plāns, lpp. 12",
    "id": "ludzas-novads-evak-23"
   },
   "geometry": {
    "type": "Point",
    "coordinates": [
     27.659776,
     56.4556
    ]
   }
  },
  {
   "type": "Feature",
   "properties": {
    "kategorija": "evakuacijas_punkts",
    "nosaukums": "Rundēnu pagasts",
    "adrese": "Latgales iela 10, Rundēni, Rundēnu pagasts, Ludzas novads",
    "pasvaldiba": "Ludzas novads",
    "pasvaldiba_slug": "ludzas-novads",
    "nr_plana": 24,
    "avots_teksts": "Avots: Ludzas novada CA plāns, lpp. 12",
    "plans_url": "https://www.ludzasnovads.lv/lv/media/50222/download?attachment",
    "plans_fails": "LSTCAP_pielikumi_publiskojams.md",
    "lpp": 12,
    "citats": "|24.|Rundēnu<br>pagasts|Latgales iela 10, Rundēni,<br>Rundēnu pagasts, Ludzas<br>novads|243527.81<br>736171.28|344|34,4|",
    "izdevejs": "Ludzas novads (pašvaldība)",
    "geokodesana": "plan_coords",
    "adrese_vzd": "Latgales iela 10, Rundēni, Rundēnu pag., Ludzas nov., LV-5739",
    "vzd_kods": "105774928",
    "plana_lat": 56.27766677057345,
    "plana_lon": 27.81522218436692,
    "koord_teksts": "243527.81<br>736171.28",
    "karodzini": [],
    "izvilkuma_piezime": "Iedzīvotāju skaits (population of the territorial unit): 344; Attālums līdz Ludzai (km): 34,4",
    "komentars": "Avots: Ludzas novada CA plāns, lpp. 12",
    "id": "ludzas-novads-evak-24"
   },
   "geometry": {
    "type": "Point",
    "coordinates": [
     27.815222,
     56.277667
    ]
   }
  },
  {
   "type": "Feature",
   "properties": {
    "kategorija": "evakuacijas_punkts",
    "nosaukums": "Salnavas pagasts",
    "adrese": "Liepu iela 1, Salnava, Salnavas pagasts, Ludzas novads",
    "pasvaldiba": "Ludzas novads",
    "pasvaldiba_slug": "ludzas-novads",
    "nr_plana": 25,
    "avots_teksts": "Avots: Ludzas novada CA plāns, lpp. 12",
    "plans_url": "https://www.ludzasnovads.lv/lv/media/50222/download?attachment",
    "plans_fails": "LSTCAP_pielikumi_publiskojams.md",
    "lpp": 12,
    "citats": "|25.|Salnavas<br>pagasts|Liepu iela 1, Salnava,<br>Salnavas pagasts, Ludzas<br>novads|302269.37<br>717151.14|587|39,5|",
    "izdevejs": "Ludzas novads (pašvaldība)",
    "geokodesana": "plan_coords",
    "adrese_vzd": "Liepu iela 1, Salnava, Salnavas pag., Ludzas nov., LV-5740",
    "vzd_kods": "104653862",
    "plana_lat": 56.813484029690436,
    "plana_lon": 27.557770567140413,
    "koord_teksts": "302269.37<br>717151.14",
    "karodzini": [],
    "izvilkuma_piezime": "Iedzīvotāju skaits (population of the territorial unit): 587; Attālums līdz Ludzai (km): 39,5",
    "komentars": "Avots: Ludzas novada CA plāns, lpp. 12",
    "id": "ludzas-novads-evak-25"
   },
   "geometry": {
    "type": "Point",
    "coordinates": [
     27.557771,
     56.813484
    ]
   }
  },
  {
   "type": "Feature",
   "properties": {
    "kategorija": "evakuacijas_punkts",
    "nosaukums": "Zaļesjes pagasts",
    "adrese": "Padomes iela 2, Zaļesje, Zaļesjes pagasts, Ludzas novads",
    "pasvaldiba": "Ludzas novads",
    "pasvaldiba_slug": "ludzas-novads",
    "nr_plana": 26,
    "avots_teksts": "Avots: Ludzas novada CA plāns, lpp. 12",
    "plans_url": "https://www.ludzasnovads.lv/lv/media/50222/download?attachment",
    "plans_fails": "LSTCAP_pielikumi_publiskojams.md",
    "lpp": 12,
    "citats": "|26.|Zaļesjes<br>pagasts|Padomes iela 2, Zaļesje,<br>Zaļesjes pagasts, Ludzas<br>novads|251217.41<br>756333.37|536|38,6|",
    "izdevejs": "Ludzas novads (pašvaldība)",
    "geokodesana": "plan_coords",
    "adrese_vzd": "Padomes iela 2, Zaļesje, Zaļesjes pag., Ludzas nov., LV-5705",
    "vzd_kods": "106367536",
    "plana_lat": 56.33612259937462,
    "plana_lon": 28.147479241242397,
    "koord_teksts": "251217.41<br>756333.37",
    "karodzini": [],
    "izvilkuma_piezime": "Iedzīvotāju skaits (population of the territorial unit): 536; Attālums līdz Ludzai (km): 38,6",
    "komentars": "Avots: Ludzas novada CA plāns, lpp. 12",
    "id": "ludzas-novads-evak-26"
   },
   "geometry": {
    "type": "Point",
    "coordinates": [
     28.147479,
     56.336123
    ]
   }
  },
  {
   "type": "Feature",
   "properties": {
    "kategorija": "evakuacijas_punkts",
    "nosaukums": "Zvirgzdenes pagasts",
    "adrese": "“Pagastmāja”, Zvirgzdene, Zvirgzdenes pagasts, Ludzas novads",
    "pasvaldiba": "Ludzas novads",
    "pasvaldiba_slug": "ludzas-novads",
    "nr_plana": 27,
    "avots_teksts": "Avots: Ludzas novada CA plāns, lpp. 12",
    "plans_url": "https://www.ludzasnovads.lv/lv/media/50222/download?attachment",
    "plans_fails": "LSTCAP_pielikumi_publiskojams.md",
    "lpp": 12,
    "citats": "|27.|Zvirgzdenes<br>pagasts|“Pagastmāja”, Zvirgzdene,<br>Zvirgzdenes<br>pagasts,<br>Ludzas novads|275801.22<br>725963.11|599|6,2|",
    "izdevejs": "Ludzas novads (pašvaldība)",
    "geokodesana": "plan_coords",
    "adrese_vzd": "\"Pagastmāja\", Zvirgzdene, Zvirgzdenes pag., Ludzas nov., LV-5752",
    "vzd_kods": "106713761",
    "plana_lat": 56.57199485357214,
    "plana_lon": 27.678566355846417,
    "koord_teksts": "275801.22<br>725963.11",
    "karodzini": [],
    "izvilkuma_piezime": "Iedzīvotāju skaits (population of the territorial unit): 599; Attālums līdz Ludzai (km): 6,2",
    "komentars": "Avots: Ludzas novada CA plāns, lpp. 12",
    "id": "ludzas-novads-evak-27"
   },
   "geometry": {
    "type": "Point",
    "coordinates": [
     27.678566,
     56.571995
    ]
   }
  },
  {
   "type": "Feature",
   "properties": {
    "kategorija": "evakuacijas_punkts",
    "nosaukums": "Kusas sporta zāle",
    "adrese": "Skolas iela 3, Kusa, Aronas pagasts, Madonas novads",
    "pasvaldiba": "Madonas novads",
    "pasvaldiba_slug": "madonas-novads",
    "nr_plana": null,
    "avots_teksts": "Avots: Madonas novada CA plāns",
    "plans_url": "https://www.madona.lv/lat/box/datnes/26.07/tx1720183220_piel_5_pulcesanas_vietas_madonas_nov_2026.docx",
    "plans_fails": "piel_5_pulcesanas_vietas_madonas_nov_2026.md",
    "lpp": null,
    "citats": "<td>Kusas sporta zāle</td>",
    "izdevejs": "Madonas novads (pašvaldība)",
    "geokodesana": "varis_address",
    "adrese_vzd": "Skolas iela 3, Kusa, Aronas pag., Madonas nov., LV-4847",
    "vzd_kods": "101405281",
    "plana_lat": null,
    "plana_lon": null,
    "koord_teksts": null,
    "karodzini": [],
    "izvilkuma_piezime": "Pagasta/apvienības pārvalde: Aronas pagasta pārvalde",
    "komentars": "Avots: Madonas novada CA plāns · vieta noteikta pēc adreses (VZD)",
    "dublikati": [
     "Kusas pamatskola (nr. None, lpp. None)"
    ],
    "id": "madonas-novads-evak-1"
   },
   "geometry": {
    "type": "Point",
    "coordinates": [
     26.128749,
     56.897854
    ]
   }
  },
  {
   "type": "Feature",
   "properties": {
    "kategorija": "evakuacijas_punkts",
    "nosaukums": "Lauteres KN",
    "adrese": "Lautere, Aronas pagasts, Madonas novads",
    "pasvaldiba": "Madonas novads",
    "pasvaldiba_slug": "madonas-novads",
    "nr_plana": null,
    "avots_teksts": "Avots: Madonas novada CA plāns",
    "plans_url": "https://www.madona.lv/lat/box/datnes/26.07/tx1720183220_piel_5_pulcesanas_vietas_madonas_nov_2026.docx",
    "plans_fails": "piel_5_pulcesanas_vietas_madonas_nov_2026.md",
    "lpp": null,
    "citats": "<td>Lauteres KN</td>",
    "izdevejs": "Madonas novads (pašvaldība)",
    "geokodesana": "varis_address",
    "adrese_vzd": "\"Lautere\", Lautere, Aronas pag., Madonas nov., LV-4846",
    "vzd_kods": "105692207",
    "plana_lat": null,
    "plana_lon": null,
    "koord_teksts": null,
    "karodzini": [],
    "izvilkuma_piezime": "Pagasta/apvienības pārvalde: Aronas pagasta pārvalde",
    "komentars": "Avots: Madonas novada CA plāns · vieta noteikta pēc adreses (VZD)",
    "id": "madonas-novads-evak-2"
   },
   "geometry": {
    "type": "Point",
    "coordinates": [
     26.055733,
     56.921438
    ]
   }
  },
  {
   "type": "Feature",
   "properties": {
    "kategorija": "evakuacijas_punkts",
    "nosaukums": "Kusas PII Sprīdītis",
    "adrese": "Melioratoru iela 3, Kusa, Aronas pagasts, Madonas novads",
    "pasvaldiba": "Madonas novads",
    "pasvaldiba_slug": "madonas-novads",
    "nr_plana": null,
    "avots_teksts": "Avots: Madonas novada CA plāns",
    "plans_url": "https://www.madona.lv/lat/box/datnes/26.07/tx1720183220_piel_5_pulcesanas_vietas_madonas_nov_2026.docx",
    "plans_fails": "piel_5_pulcesanas_vietas_madonas_nov_2026.md",
    "lpp": null,
    "citats": "<td>Kusas PII Sprīdītis</td>",
    "izdevejs": "Madonas novads (pašvaldība)",
    "geokodesana": "varis_address",
    "adrese_vzd": "Melioratoru iela 3, Kusa, Aronas pag., Madonas nov., LV-4847",
    "vzd_kods": "104305566",
    "plana_lat": null,
    "plana_lon": null,
    "koord_teksts": null,
    "karodzini": [],
    "izvilkuma_piezime": "Pagasta/apvienības pārvalde: Aronas pagasta pārvalde",
    "komentars": "Avots: Madonas novada CA plāns · vieta noteikta pēc adreses (VZD)",
    "id": "madonas-novads-evak-3"
   },
   "geometry": {
    "type": "Point",
    "coordinates": [
     26.127471,
     56.896799
    ]
   }
  },
  {
   "type": "Feature",
   "properties": {
    "kategorija": "evakuacijas_punkts",
    "nosaukums": "Barkavas pamatskola",
    "adrese": "Skolas iela 1, Barkava, Barkavas pagasts, Madonas novads",
    "pasvaldiba": "Madonas novads",
    "pasvaldiba_slug": "madonas-novads",
    "nr_plana": null,
    "avots_teksts": "Avots: Madonas novada CA plāns",
    "plans_url": "https://www.madona.lv/lat/box/datnes/26.07/tx1720183220_piel_5_pulcesanas_vietas_madonas_nov_2026.docx",
    "plans_fails": "piel_5_pulcesanas_vietas_madonas_nov_2026.md",
    "lpp": null,
    "citats": "<td>Barkavas pamatskola</td>",
    "izdevejs": "Madonas novads (pašvaldība)",
    "geokodesana": "varis_address",
    "adrese_vzd": "Skolas iela 1, Barkava, Barkavas pag., Madonas nov., LV-4834",
    "vzd_kods": "103041150",
    "plana_lat": null,
    "plana_lon": null,
    "koord_teksts": null,
    "karodzini": [],
    "izvilkuma_piezime": "Pagasta/apvienības pārvalde: Barkavas pagasta pārvalde",
    "komentars": "Avots: Madonas novada CA plāns · vieta noteikta pēc adreses (VZD)",
    "id": "madonas-novads-evak-4"
   },
   "geometry": {
    "type": "Point",
    "coordinates": [
     26.606899,
     56.726451
    ]
   }
  },
  {
   "type": "Feature",
   "properties": {
    "kategorija": "evakuacijas_punkts",
    "nosaukums": "Barkavas TN",
    "adrese": "Brīvības iela 7, Barkava, Barkavas pagasts, Madonas novads",
    "pasvaldiba": "Madonas novads",
    "pasvaldiba_slug": "madonas-novads",
    "nr_plana": null,
    "avots_teksts": "Avots: Madonas novada CA plāns",
    "plans_url": "https://www.madona.lv/lat/box/datnes/26.07/tx1720183220_piel_5_pulcesanas_vietas_madonas_nov_2026.docx",
    "plans_fails": "piel_5_pulcesanas_vietas_madonas_nov_2026.md",
    "lpp": null,
    "citats": "<td>Barkavas TN</td>",
    "izdevejs": "Madonas novads (pašvaldība)",
    "geokodesana": "varis_address",
    "adrese_vzd": "Brīvības iela 7, Barkava, Barkavas pag., Madonas nov., LV-4834",
    "vzd_kods": "103037263",
    "plana_lat": null,
    "plana_lon": null,
    "koord_teksts": null,
    "karodzini": [],
    "izvilkuma_piezime": "Pagasta/apvienības pārvalde: Barkavas pagasta pārvalde",
    "komentars": "Avots: Madonas novada CA plāns · vieta noteikta pēc adreses (VZD)",
    "id": "madonas-novads-evak-5"
   },
   "geometry": {
    "type": "Point",
    "coordinates": [
     26.608986,
     56.726017
    ]
   }
  },
  {
   "type": "Feature",
   "properties": {
    "kategorija": "evakuacijas_punkts",
    "nosaukums": "Bērzaunes PII “Vārpiņa”",
    "adrese": "Aronas iela 6, Sauleskalns Bērzaunes pagasts, Madonas novads",
    "pasvaldiba": "Madonas novads",
    "pasvaldiba_slug": "madonas-novads",
    "nr_plana": null,
    "avots_teksts": "Avots: Madonas novada CA plāns",
    "plans_url": "https://www.madona.lv/lat/box/datnes/26.07/tx1720183220_piel_5_pulcesanas_vietas_madonas_nov_2026.docx",
    "plans_fails": "piel_5_pulcesanas_vietas_madonas_nov_2026.md",
    "lpp": null,
    "citats": "<td>Bērzaunes PII “Vārpiņa”</td>",
    "izdevejs": "Madonas novads (pašvaldība)",
    "geokodesana": "varis_address",
    "adrese_vzd": "Aronas iela 6, Sauleskalns, Bērzaunes pag., Madonas nov., LV-4853",
    "vzd_kods": "104457244",
    "plana_lat": null,
    "plana_lon": null,
    "koord_teksts": null,
    "karodzini": [],
    "izvilkuma_piezime": "Pagasta/apvienības pārvalde: Bērzaunes pagasta pārvalde",
    "komentars": "Avots: Madonas novada CA plāns · vieta noteikta pēc adreses (VZD)",
    "id": "madonas-novads-evak-6"
   },
   "geometry": {
    "type": "Point",
    "coordinates": [
     26.072006,
     56.80947
    ]
   }
  },
  {
   "type": "Feature",
   "properties": {
    "kategorija": "evakuacijas_punkts",
    "nosaukums": "Sauleskalna TN",
    "adrese": "Aronas iela 1 Sauleskalns Bērzaunes pagasts, Madonas novads",
    "pasvaldiba": "Madonas novads",
    "pasvaldiba_slug": "madonas-novads",
    "nr_plana": null,
    "avots_teksts": "Avots: Madonas novada CA plāns",
    "plans_url": "https://www.madona.lv/lat/box/datnes/26.07/tx1720183220_piel_5_pulcesanas_vietas_madonas_nov_2026.docx",
    "plans_fails": "piel_5_pulcesanas_vietas_madonas_nov_2026.md",
    "lpp": null,
    "citats": "<td>Sauleskalna TN</td>",
    "izdevejs": "Madonas novads (pašvaldība)",
    "geokodesana": "varis_address",
    "adrese_vzd": "Aronas iela 1, Sauleskalns, Bērzaunes pag., Madonas nov., LV-4853",
    "vzd_kods": "101405730",
    "plana_lat": null,
    "plana_lon": null,
    "koord_teksts": null,
    "karodzini": [],
    "izvilkuma_piezime": "Pagasta/apvienības pārvalde: Bērzaunes pagasta pārvalde",
    "komentars": "Avots: Madonas novada CA plāns · vieta noteikta pēc adreses (VZD)",
    "id": "madonas-novads-evak-7"
   },
   "geometry": {
    "type": "Point",
    "coordinates": [
     26.072965,
     56.806254
    ]
   }
  },
  {
   "type": "Feature",
   "properties": {
    "kategorija": "evakuacijas_punkts",
    "nosaukums": "Cesvaines vidusskola",
    "adrese": "Madonas iela 1, Cesvaine, Cesvaines pagasts, Madonas novads",
    "pasvaldiba": "Madonas novads",
    "pasvaldiba_slug": "madonas-novads",
    "nr_plana": null,
    "avots_teksts": "Avots: Madonas novada CA plāns",
    "plans_url": "https://www.madona.lv/lat/box/datnes/26.07/tx1720183220_piel_5_pulcesanas_vietas_madonas_nov_2026.docx",
    "plans_fails": "piel_5_pulcesanas_vietas_madonas_nov_2026.md",
    "lpp": null,
    "citats": "<td>Cesvaines vidusskola</td>",
    "izdevejs": "Madonas novads (pašvaldība)",
    "geokodesana": "varis_address",
    "adrese_vzd": "Madonas iela 1, Cesvaine, Madonas nov., LV-4871",
    "vzd_kods": "101397173",
    "plana_lat": null,
    "plana_lon": null,
    "koord_teksts": null,
    "karodzini": [],
    "izvilkuma_piezime": "Pagasta/apvienības pārvalde: Cesvaines apvienības pārvalde",
    "komentars": "Avots: Madonas novada CA plāns · vieta noteikta pēc adreses (VZD)",
    "id": "madonas-novads-evak-8"
   },
   "geometry": {
    "type": "Point",
    "coordinates": [
     26.31652,
     56.966293
    ]
   }
  },
  {
   "type": "Feature",
   "properties": {
    "kategorija": "evakuacijas_punkts",
    "nosaukums": "Cesvaines Sociālais dienests",
    "adrese": "Rīgas iela 4, Cesvaine, Cesvaines pagasts, Madonas novads",
    "pasvaldiba": "Madonas novads",
    "pasvaldiba_slug": "madonas-novads",
    "nr_plana": null,
    "avots_teksts": "Avots: Madonas novada CA plāns",
    "plans_url": "https://www.madona.lv/lat/box/datnes/26.07/tx1720183220_piel_5_pulcesanas_vietas_madonas_nov_2026.docx",
    "plans_fails": "piel_5_pulcesanas_vietas_madonas_nov_2026.md",
    "lpp": null,
    "citats": "<td>Cesvaines Sociālais dienests</td>",
    "izdevejs": "Madonas novads (pašvaldība)",
    "geokodesana": "varis_address",
    "adrese_vzd": "Rīgas iela 4, Cesvaine, Madonas nov., LV-4871",
    "vzd_kods": "102167170",
    "plana_lat": null,
    "plana_lon": null,
    "koord_teksts": null,
    "karodzini": [],
    "izvilkuma_piezime": "Pagasta/apvienības pārvalde: Cesvaines apvienības pārvalde",
    "komentars": "Avots: Madonas novada CA plāns · vieta noteikta pēc adreses (VZD)",
    "id": "madonas-novads-evak-9"
   },
   "geometry": {
    "type": "Point",
    "coordinates": [
     26.305303,
     56.969063
    ]
   }
  },
  {
   "type": "Feature",
   "properties": {
    "kategorija": "evakuacijas_punkts",
    "nosaukums": "Cesvaines KN",
    "adrese": "Pils iela 8, Cesvaine, Cesvaines pagasts, Madonas novads",
    "pasvaldiba": "Madonas novads",
    "pasvaldiba_slug": "madonas-novads",
    "nr_plana": null,
    "avots_teksts": "Avots: Madonas novada CA plāns",
    "plans_url": "https://www.madona.lv/lat/box/datnes/26.07/tx1720183220_piel_5_pulcesanas_vietas_madonas_nov_2026.docx",
    "plans_fails": "piel_5_pulcesanas_vietas_madonas_nov_2026.md",
    "lpp": null,
    "citats": "<td>Cesvaines KN</td>",
    "izdevejs": "Madonas novads (pašvaldība)",
    "geokodesana": "varis_address",
    "adrese_vzd": "Pils iela 8, Cesvaine, Madonas nov., LV-4871",
    "vzd_kods": "104582966",
    "plana_lat": null,
    "plana_lon": null,
    "koord_teksts": null,
    "karodzini": [],
    "izvilkuma_piezime": "Pagasta/apvienības pārvalde: Cesvaines apvienības pārvalde",
    "komentars": "Avots: Madonas novada CA plāns · vieta noteikta pēc adreses (VZD)",
    "id": "madonas-novads-evak-10"
   },
   "geometry": {
    "type": "Point",
    "coordinates": [
     26.315366,
     56.967433
    ]
   }
  },
  {
   "type": "Feature",
   "properties": {
    "kategorija": "evakuacijas_punkts",
    "nosaukums": "Dzelzavas Pakalnu pamatskola",
    "adrese": "Kļavu iela 2, Dzelzava, Madonas novads",
    "pasvaldiba": "Madonas novads",
    "pasvaldiba_slug": "madonas-novads",
    "nr_plana": null,
    "avots_teksts": "Avots: Madonas novada CA plāns",
    "plans_url": "https://www.madona.lv/lat/box/datnes/26.07/tx1720183220_piel_5_pulcesanas_vietas_madonas_nov_2026.docx",
    "plans_fails": "piel_5_pulcesanas_vietas_madonas_nov_2026.md",
    "lpp": null,
    "citats": "<td>Dzelzavas Pakalnu pamatskola</td>",
    "izdevejs": "Madonas novads (pašvaldība)",
    "geokodesana": "varis_address",
    "adrese_vzd": "Kļavu iela 2, Dzelzava, Dzelzavas pag., Madonas nov., LV-4873",
    "vzd_kods": "101408865",
    "plana_lat": null,
    "plana_lon": null,
    "koord_teksts": null,
    "karodzini": [],
    "izvilkuma_piezime": "Pagasta/apvienības pārvalde: Dzelzavas pagasta pārvalde",
    "komentars": "Avots: Madonas novada CA plāns · vieta noteikta pēc adreses (VZD)",
    "id": "madonas-novads-evak-11"
   },
   "geometry": {
    "type": "Point",
    "coordinates": [
     26.432773,
     57.001064
    ]
   }
  },
  {
   "type": "Feature",
   "properties": {
    "kategorija": "evakuacijas_punkts",
    "nosaukums": "Dzelzavas pamatskola",
    "adrese": "Dzelzavas pils, Dzelzava, Madonas novads",
    "pasvaldiba": "Madonas novads",
    "pasvaldiba_slug": "madonas-novads",
    "nr_plana": null,
    "avots_teksts": "Avots: Madonas novada CA plāns",
    "plans_url": "https://www.madona.lv/lat/box/datnes/26.07/tx1720183220_piel_5_pulcesanas_vietas_madonas_nov_2026.docx",
    "plans_fails": "piel_5_pulcesanas_vietas_madonas_nov_2026.md",
    "lpp": null,
    "citats": "<td>Dzelzavas pamatskola</td>",
    "izdevejs": "Madonas novads (pašvaldība)",
    "geokodesana": "varis_address",
    "adrese_vzd": "\"Dzelzavas pils\", Dzelzava, Dzelzavas pag., Madonas nov., LV-4873",
    "vzd_kods": "104572955",
    "plana_lat": null,
    "plana_lon": null,
    "koord_teksts": null,
    "karodzini": [],
    "izvilkuma_piezime": "Pagasta/apvienības pārvalde: Dzelzavas pagasta pārvalde",
    "komentars": "Avots: Madonas novada CA plāns · vieta noteikta pēc adreses (VZD)",
    "id": "madonas-novads-evak-12"
   },
   "geometry": {
    "type": "Point",
    "coordinates": [
     26.43364,
     57.000252
    ]
   }
  },
  {
   "type": "Feature",
   "properties": {
    "kategorija": "evakuacijas_punkts",
    "nosaukums": "Dzelzavas KN",
    "adrese": "Kultūras nams, Dzelzava, Madonas novads",
    "pasvaldiba": "Madonas novads",
    "pasvaldiba_slug": "madonas-novads",
    "nr_plana": null,
    "avots_teksts": "Avots: Madonas novada CA plāns",
    "plans_url": "https://www.madona.lv/lat/box/datnes/26.07/tx1720183220_piel_5_pulcesanas_vietas_madonas_nov_2026.docx",
    "plans_fails": "piel_5_pulcesanas_vietas_madonas_nov_2026.md",
    "lpp": null,
    "citats": "<td>Dzelzavas KN</td>",
    "izdevejs": "Madonas novads (pašvaldība)",
    "geokodesana": "varis_address",
    "adrese_vzd": "\"Kultūras nams\", Dzelzava, Dzelzavas pag., Madonas nov., LV-4873",
    "vzd_kods": "104572834",
    "plana_lat": null,
    "plana_lon": null,
    "koord_teksts": null,
    "karodzini": [],
    "izvilkuma_piezime": "Pagasta/apvienības pārvalde: Dzelzavas pagasta pārvalde",
    "komentars": "Avots: Madonas novada CA plāns · vieta noteikta pēc adreses (VZD)",
    "id": "madonas-novads-evak-13"
   },
   "geometry": {
    "type": "Point",
    "coordinates": [
     26.432228,
     57.000193
    ]
   }
  },
  {
   "type": "Feature",
   "properties": {
    "kategorija": "evakuacijas_punkts",
    "nosaukums": "Dzelzavas PII “Rūķis”",
    "adrese": "Bērzu iela 25, Aizpurve, Dzelzavas pagasts, Madonas novads",
    "pasvaldiba": "Madonas novads",
    "pasvaldiba_slug": "madonas-novads",
    "nr_plana": null,
    "avots_teksts": "Avots: Madonas novada CA plāns",
    "plans_url": "https://www.madona.lv/lat/box/datnes/26.07/tx1720183220_piel_5_pulcesanas_vietas_madonas_nov_2026.docx",
    "plans_fails": "piel_5_pulcesanas_vietas_madonas_nov_2026.md",
    "lpp": null,
    "citats": "<td>Dzelzavas PII “Rūķis”</td>",
    "izdevejs": "Madonas novads (pašvaldība)",
    "geokodesana": "varis_address",
    "adrese_vzd": "Bērzu iela 25, Aizpurve, Dzelzavas pag., Madonas nov., LV-4873",
    "vzd_kods": "104678200",
    "plana_lat": null,
    "plana_lon": null,
    "koord_teksts": null,
    "karodzini": [],
    "izvilkuma_piezime": "Pagasta/apvienības pārvalde: Dzelzavas pagasta pārvalde",
    "komentars": "Avots: Madonas novada CA plāns · vieta noteikta pēc adreses (VZD)",
    "id": "madonas-novads-evak-14"
   },
   "geometry": {
    "type": "Point",
    "coordinates": [
     26.42468,
     56.980796
    ]
   }
  },
  {
   "type": "Feature",
   "properties": {
    "kategorija": "evakuacijas_punkts",
    "nosaukums": "Ērgļu Saieta nams",
    "adrese": "Rīgas iela 5, Ērgļi, Ērgļu pagasts, Madonas novads",
    "pasvaldiba": "Madonas novads",
    "pasvaldiba_slug": "madonas-novads",
    "nr_plana": null,
    "avots_teksts": "Avots: Madonas novada CA plāns",
    "plans_url": "https://www.madona.lv/lat/box/datnes/26.07/tx1720183220_piel_5_pulcesanas_vietas_madonas_nov_2026.docx",
    "plans_fails": "piel_5_pulcesanas_vietas_madonas_nov_2026.md",
    "lpp": null,
    "citats": "<td>Ērgļu Saieta nams</td>",
    "izdevejs": "Madonas novads (pašvaldība)",
    "geokodesana": "varis_address",
    "adrese_vzd": "Rīgas iela 5, Ērgļi, Ērgļu pag., Madonas nov., LV-4840",
    "vzd_kods": "101406402",
    "plana_lat": null,
    "plana_lon": null,
    "koord_teksts": null,
    "karodzini": [],
    "izvilkuma_piezime": "Pagasta/apvienības pārvalde: Ērgļu apvienības pārvalde",
    "komentars": "Avots: Madonas novada CA plāns · vieta noteikta pēc adreses (VZD)",
    "id": "madonas-novads-evak-15"
   },
   "geometry": {
    "type": "Point",
    "coordinates": [
     25.643491,
     56.897963
    ]
   }
  },
  {
   "type": "Feature",
   "properties": {
    "kategorija": "evakuacijas_punkts",
    "nosaukums": "Ērgļu apvienības pārvalde",
    "adrese": "Rīgas iela 10, Ērgļi, Ērgļu pagasts, Madonas novads",
    "pasvaldiba": "Madonas novads",
    "pasvaldiba_slug": "madonas-novads",
    "nr_plana": null,
    "avots_teksts": "Avots: Madonas novada CA plāns",
    "plans_url": "https://www.madona.lv/lat/box/datnes/26.07/tx1720183220_piel_5_pulcesanas_vietas_madonas_nov_2026.docx",
    "plans_fails": "piel_5_pulcesanas_vietas_madonas_nov_2026.md",
    "lpp": null,
    "citats": "<td>Ērgļu apvienības pārvalde</td>",
    "izdevejs": "Madonas novads (pašvaldība)",
    "geokodesana": "varis_address",
    "adrese_vzd": "Rīgas iela 10, Ērgļi, Ērgļu pag., Madonas nov., LV-4840",
    "vzd_kods": "101406283",
    "plana_lat": null,
    "plana_lon": null,
    "koord_teksts": null,
    "karodzini": [],
    "izvilkuma_piezime": "Pagasta/apvienības pārvalde: Ērgļu apvienības pārvalde",
    "komentars": "Avots: Madonas novada CA plāns · vieta noteikta pēc adreses (VZD)",
    "id": "madonas-novads-evak-16"
   },
   "geometry": {
    "type": "Point",
    "coordinates": [
     25.64257,
     56.899098
    ]
   }
  },
  {
   "type": "Feature",
   "properties": {
    "kategorija": "evakuacijas_punkts",
    "nosaukums": "Viesnīca „Ērgļi”",
    "adrese": "Rīgas iela 31, Ērgļi, Ērgļu pagasts, Madonas novads",
    "pasvaldiba": "Madonas novads",
    "pasvaldiba_slug": "madonas-novads",
    "nr_plana": null,
    "avots_teksts": "Avots: Madonas novada CA plāns",
    "plans_url": "https://www.madona.lv/lat/box/datnes/26.07/tx1720183220_piel_5_pulcesanas_vietas_madonas_nov_2026.docx",
    "plans_fails": "piel_5_pulcesanas_vietas_madonas_nov_2026.md",
    "lpp": null,
    "citats": "<td>Viesnīca „Ērgļi”</td>",
    "izdevejs": "Madonas novads (pašvaldība)",
    "geokodesana": "varis_address",
    "adrese_vzd": "Rīgas iela 31, Ērgļi, Ērgļu pag., Madonas nov., LV-4840",
    "vzd_kods": "102172500",
    "plana_lat": null,
    "plana_lon": null,
    "koord_teksts": null,
    "karodzini": [],
    "izvilkuma_piezime": "Pagasta/apvienības pārvalde: Ērgļu apvienības pārvalde",
    "komentars": "Avots: Madonas novada CA plāns · vieta noteikta pēc adreses (VZD)",
    "id": "madonas-novads-evak-17"
   },
   "geometry": {
    "type": "Point",
    "coordinates": [
     25.627579,
     56.900523
    ]
   }
  },
  {
   "type": "Feature",
   "properties": {
    "kategorija": "evakuacijas_punkts",
    "nosaukums": "Ērgļu slimnīca",
    "adrese": "Parka 4, Ērgļi, Ērgļu pagasts, Madonas novads",
    "pasvaldiba": "Madonas novads",
    "pasvaldiba_slug": "madonas-novads",
    "nr_plana": null,
    "avots_teksts": "Avots: Madonas novada CA plāns",
    "plans_url": "https://www.madona.lv/lat/box/datnes/26.07/tx1720183220_piel_5_pulcesanas_vietas_madonas_nov_2026.docx",
    "plans_fails": "piel_5_pulcesanas_vietas_madonas_nov_2026.md",
    "lpp": null,
    "citats": "<td>Ērgļu slimnīca</td>",
    "izdevejs": "Madonas novads (pašvaldība)",
    "geokodesana": "varis_address",
    "adrese_vzd": "Parka iela 4, Ērgļi, Ērgļu pag., Madonas nov., LV-4840",
    "vzd_kods": "102172043",
    "plana_lat": null,
    "plana_lon": null,
    "koord_teksts": null,
    "karodzini": [],
    "izvilkuma_piezime": "Pagasta/apvienības pārvalde: Ērgļu apvienības pārvalde; note: a hospital is listed as an assembly point in the plan",
    "komentars": "Avots: Madonas novada CA plāns · vieta noteikta pēc adreses (VZD)",
    "id": "madonas-novads-evak-18"
   },
   "geometry": {
    "type": "Point",
    "coordinates": [
     25.639496,
     56.893393
    ]
   }
  },
  {
   "type": "Feature",
   "properties": {
    "kategorija": "evakuacijas_punkts",
    "nosaukums": "Kalsnavas pamatskola",
    "adrese": "Vesetas iela 6, Jaunkalsnava, Kalsnavas pagasts, Madonas novads",
    "pasvaldiba": "Madonas novads",
    "pasvaldiba_slug": "madonas-novads",
    "nr_plana": null,
    "avots_teksts": "Avots: Madonas novada CA plāns",
    "plans_url": "https://www.madona.lv/lat/box/datnes/26.07/tx1720183220_piel_5_pulcesanas_vietas_madonas_nov_2026.docx",
    "plans_fails": "piel_5_pulcesanas_vietas_madonas_nov_2026.md",
    "lpp": null,
    "citats": "<td>Kalsnavas pamatskola</td>",
    "izdevejs": "Madonas novads (pašvaldība)",
    "geokodesana": "varis_address",
    "adrese_vzd": "Vesetas iela 6, Jaunkalsnava, Kalsnavas pag., Madonas nov., LV-4860",
    "vzd_kods": "101406894",
    "plana_lat": null,
    "plana_lon": null,
    "koord_teksts": null,
    "karodzini": [],
    "izvilkuma_piezime": "Pagasta/apvienības pārvalde: Kalsnavas pagasta pārvalde",
    "komentars": "Avots: Madonas novada CA plāns · vieta noteikta pēc adreses (VZD)",
    "id": "madonas-novads-evak-19"
   },
   "geometry": {
    "type": "Point",
    "coordinates": [
     25.971002,
     56.688393
    ]
   }
  },
  {
   "type": "Feature",
   "properties": {
    "kategorija": "evakuacijas_punkts",
    "nosaukums": "Kalsnavas KN",
    "adrese": "Vesetas iela 8, Jaunkalsnava, Madonas novads",
    "pasvaldiba": "Madonas novads",
    "pasvaldiba_slug": "madonas-novads",
    "nr_plana": null,
    "avots_teksts": "Avots: Madonas novada CA plāns",
    "plans_url": "https://www.madona.lv/lat/box/datnes/26.07/tx1720183220_piel_5_pulcesanas_vietas_madonas_nov_2026.docx",
    "plans_fails": "piel_5_pulcesanas_vietas_madonas_nov_2026.md",
    "lpp": null,
    "citats": "<td>Kalsnavas KN</td>",
    "izdevejs": "Madonas novads (pašvaldība)",
    "geokodesana": "varis_address",
    "adrese_vzd": "Vesetas iela 8, Jaunkalsnava, Kalsnavas pag., Madonas nov., LV-4860",
    "vzd_kods": "103802167",
    "plana_lat": null,
    "plana_lon": null,
    "koord_teksts": null,
    "karodzini": [],
    "izvilkuma_piezime": "Pagasta/apvienības pārvalde: Kalsnavas pagasta pārvalde",
    "komentars": "Avots: Madonas novada CA plāns · vieta noteikta pēc adreses (VZD)",
    "id": "madonas-novads-evak-20"
   },
   "geometry": {
    "type": "Point",
    "coordinates": [
     25.970704,
     56.689113
    ]
   }
  },
  {
   "type": "Feature",
   "properties": {
    "kategorija": "evakuacijas_punkts",
    "nosaukums": "Kalsnavas pagasta pārvaldes ēka",
    "adrese": "Pārupes iela 2, Jaunkalsnava, Kalsnavas pagasts, Madonas novads",
    "pasvaldiba": "Madonas novads",
    "pasvaldiba_slug": "madonas-novads",
    "nr_plana": null,
    "avots_teksts": "Avots: Madonas novada CA plāns",
    "plans_url": "https://www.madona.lv/lat/box/datnes/26.07/tx1720183220_piel_5_pulcesanas_vietas_madonas_nov_2026.docx",
    "plans_fails": "piel_5_pulcesanas_vietas_madonas_nov_2026.md",
    "lpp": null,
    "citats": "<td>Kalsnavas pagasta pārvaldes ēka</td>",
    "izdevejs": "Madonas novads (pašvaldība)",
    "geokodesana": "varis_address",
    "adrese_vzd": "Pārupes iela 2, Jaunkalsnava, Kalsnavas pag., Madonas nov., LV-4860",
    "vzd_kods": "103802415",
    "plana_lat": null,
    "plana_lon": null,
    "koord_teksts": null,
    "karodzini": [],
    "izvilkuma_piezime": "Pagasta/apvienības pārvalde: Kalsnavas pagasta pārvalde",
    "komentars": "Avots: Madonas novada CA plāns · vieta noteikta pēc adreses (VZD)",
    "id": "madonas-novads-evak-21"
   },
   "geometry": {
    "type": "Point",
    "coordinates": [
     25.962735,
     56.689535
    ]
   }
  },
  {
   "type": "Feature",
   "properties": {
    "kategorija": "evakuacijas_punkts",
    "nosaukums": "Bērnu un jauniešu iniciatīvu centrs+ soc.palīdzības dienas centrs",
    "adrese": "Vesetas iela 4, Jaunkalsnava, Kalsnavas pagasts, Madonas novads",
    "pasvaldiba": "Madonas novads",
    "pasvaldiba_slug": "madonas-novads",
    "nr_plana": null,
    "avots_teksts": "Avots: Madonas novada CA plāns",
    "plans_url": "https://www.madona.lv/lat/box/datnes/26.07/tx1720183220_piel_5_pulcesanas_vietas_madonas_nov_2026.docx",
    "plans_fails": "piel_5_pulcesanas_vietas_madonas_nov_2026.md",
    "lpp": null,
    "citats": "<td>Bērnu un jauniešu iniciatīvu centrs+ soc.palīdzības dienas centrs</td>",
    "izdevejs": "Madonas novads (pašvaldība)",
    "geokodesana": "varis_address",
    "adrese_vzd": "Vesetas iela 4, Jaunkalsnava, Kalsnavas pag., Madonas nov., LV-4860",
    "vzd_kods": "101406878",
    "plana_lat": null,
    "plana_lon": null,
    "koord_teksts": null,
    "karodzini": [],
    "izvilkuma_piezime": "Pagasta/apvienības pārvalde: Kalsnavas pagasta pārvalde",
    "komentars": "Avots: Madonas novada CA plāns · vieta noteikta pēc adreses (VZD)",
    "id": "madonas-novads-evak-22"
   },
   "geometry": {
    "type": "Point",
    "coordinates": [
     25.970087,
     56.686783
    ]
   }
  },
  {
   "type": "Feature",
   "properties": {
    "kategorija": "evakuacijas_punkts",
    "nosaukums": "Liezēres pamatskola",
    "adrese": "Jaunatnes iela 6, Ozoli, Liezēres pagasts, Madonas novads",
    "pasvaldiba": "Madonas novads",
    "pasvaldiba_slug": "madonas-novads",
    "nr_plana": null,
    "avots_teksts": "Avots: Madonas novada CA plāns",
    "plans_url": "https://www.madona.lv/lat/box/datnes/26.07/tx1720183220_piel_5_pulcesanas_vietas_madonas_nov_2026.docx",
    "plans_fails": "piel_5_pulcesanas_vietas_madonas_nov_2026.md",
    "lpp": null,
    "citats": "<td>Liezēres pamatskola</td>",
    "izdevejs": "Madonas novads (pašvaldība)",
    "geokodesana": "varis_address",
    "adrese_vzd": "Jaunatnes iela 6, Ozoli, Liezēres pag., Madonas nov., LV-4884",
    "vzd_kods": "104618877",
    "plana_lat": null,
    "plana_lon": null,
    "koord_teksts": null,
    "karodzini": [],
    "izvilkuma_piezime": "Pagasta/apvienības pārvalde: Liezēres pagasta pārvalde",
    "komentars": "Avots: Madonas novada CA plāns · vieta noteikta pēc adreses (VZD)",
    "id": "madonas-novads-evak-23"
   },
   "geometry": {
    "type": "Point",
    "coordinates": [
     26.050638,
     56.981295
    ]
   }
  },
  {
   "type": "Feature",
   "properties": {
    "kategorija": "evakuacijas_punkts",
    "nosaukums": "Liezēres KN",
    "adrese": "“Ezermeldri”, Liezēre, Liezēres pagasts, Madonas novads",
    "pasvaldiba": "Madonas novads",
    "pasvaldiba_slug": "madonas-novads",
    "nr_plana": null,
    "avots_teksts": "Avots: Madonas novada CA plāns",
    "plans_url": "https://www.madona.lv/lat/box/datnes/26.07/tx1720183220_piel_5_pulcesanas_vietas_madonas_nov_2026.docx",
    "plans_fails": "piel_5_pulcesanas_vietas_madonas_nov_2026.md",
    "lpp": null,
    "citats": "<td>Liezēres KN</td>",
    "izdevejs": "Madonas novads (pašvaldība)",
    "geokodesana": "varis_address",
    "adrese_vzd": "\"Ezermeldri\", Liezēre, Liezēres pag., Madonas nov., LV-4884",
    "vzd_kods": "106232376",
    "plana_lat": null,
    "plana_lon": null,
    "koord_teksts": null,
    "karodzini": [],
    "izvilkuma_piezime": "Pagasta/apvienības pārvalde: Liezēres pagasta pārvalde",
    "komentars": "Avots: Madonas novada CA plāns · vieta noteikta pēc adreses (VZD)",
    "id": "madonas-novads-evak-24"
   },
   "geometry": {
    "type": "Point",
    "coordinates": [
     26.060414,
     57.013381
    ]
   }
  },
  {
   "type": "Feature",
   "properties": {
    "kategorija": "evakuacijas_punkts",
    "nosaukums": "Lubānas KN",
    "adrese": "Tilta iela 14, Lubāna, Lubānas pagasts, Madonas novads",
    "pasvaldiba": "Madonas novads",
    "pasvaldiba_slug": "madonas-novads",
    "nr_plana": null,
    "avots_teksts": "Avots: Madonas novada CA plāns",
    "plans_url": "https://www.madona.lv/lat/box/datnes/26.07/tx1720183220_piel_5_pulcesanas_vietas_madonas_nov_2026.docx",
    "plans_fails": "piel_5_pulcesanas_vietas_madonas_nov_2026.md",
    "lpp": null,
    "citats": "<td>Lubānas KN</td>",
    "izdevejs": "Madonas novads (pašvaldība)",
    "geokodesana": "varis_address",
    "adrese_vzd": "Tilta iela 14, Lubāna, Madonas nov., LV-4830",
    "vzd_kods": "104324971",
    "plana_lat": null,
    "plana_lon": null,
    "koord_teksts": null,
    "karodzini": [],
    "izvilkuma_piezime": "Pagasta/apvienības pārvalde: Lubānas apvienības pārvalde",
    "komentars": "Avots: Madonas novada CA plāns · vieta noteikta pēc adreses (VZD)",
    "id": "madonas-novads-evak-25"
   },
   "geometry": {
    "type": "Point",
    "coordinates": [
     26.721125,
     56.903039
    ]
   }
  },
  {
   "type": "Feature",
   "properties": {
    "kategorija": "evakuacijas_punkts",
    "nosaukums": "Meirānu TN",
    "adrese": "“Tautas nams”, Meirānu ciems, Lubānas pagasts, Madonas novads",
    "pasvaldiba": "Madonas novads",
    "pasvaldiba_slug": "madonas-novads",
    "nr_plana": null,
    "avots_teksts": "Avots: Madonas novada CA plāns",
    "plans_url": "https://www.madona.lv/lat/box/datnes/26.07/tx1720183220_piel_5_pulcesanas_vietas_madonas_nov_2026.docx",
    "plans_fails": "piel_5_pulcesanas_vietas_madonas_nov_2026.md",
    "lpp": null,
    "citats": "<td>Meirānu TN</td>",
    "izdevejs": "Madonas novads (pašvaldība)",
    "geokodesana": "varis_address",
    "adrese_vzd": "\"Tautas nams\", Meirāni, Indrānu pag., Madonas nov., LV-4826",
    "vzd_kods": "105692586",
    "plana_lat": null,
    "plana_lon": null,
    "koord_teksts": null,
    "karodzini": [],
    "izvilkuma_piezime": "Pagasta/apvienības pārvalde: Lubānas apvienības pārvalde",
    "komentars": "Avots: Madonas novada CA plāns · vieta noteikta pēc adreses (VZD)",
    "id": "madonas-novads-evak-26"
   },
   "geometry": {
    "type": "Point",
    "coordinates": [
     26.606885,
     56.825908
    ]
   }
  },
  {
   "type": "Feature",
   "properties": {
    "kategorija": "evakuacijas_punkts",
    "nosaukums": "Ļaudonas pamatskola",
    "adrese": "Skolas iela 2, Ļaudona, Madonas novads",
    "pasvaldiba": "Madonas novads",
    "pasvaldiba_slug": "madonas-novads",
    "nr_plana": null,
    "avots_teksts": "Avots: Madonas novada CA plāns",
    "plans_url": "https://www.madona.lv/lat/box/datnes/26.07/tx1720183220_piel_5_pulcesanas_vietas_madonas_nov_2026.docx",
    "plans_fails": "piel_5_pulcesanas_vietas_madonas_nov_2026.md",
    "lpp": null,
    "citats": "<td>Ļaudonas pamatskola</td>",
    "izdevejs": "Madonas novads (pašvaldība)",
    "geokodesana": "varis_address",
    "adrese_vzd": "Skolas iela 2, Ļaudona, Ļaudonas pag., Madonas nov., LV-4862",
    "vzd_kods": "101407381",
    "plana_lat": null,
    "plana_lon": null,
    "koord_teksts": null,
    "karodzini": [],
    "izvilkuma_piezime": "Pagasta/apvienības pārvalde: Ļaudonas pagasta pārvalde",
    "komentars": "Avots: Madonas novada CA plāns · vieta noteikta pēc adreses (VZD)",
    "id": "madonas-novads-evak-27"
   },
   "geometry": {
    "type": "Point",
    "coordinates": [
     26.197081,
     56.703832
    ]
   }
  },
  {
   "type": "Feature",
   "properties": {
    "kategorija": "evakuacijas_punkts",
    "nosaukums": "Ļaudonas KN",
    "adrese": "Dzirnavu iela 7, Ļaudona, Madonas novads",
    "pasvaldiba": "Madonas novads",
    "pasvaldiba_slug": "madonas-novads",
    "nr_plana": null,
    "avots_teksts": "Avots: Madonas novada CA plāns",
    "plans_url": "https://www.madona.lv/lat/box/datnes/26.07/tx1720183220_piel_5_pulcesanas_vietas_madonas_nov_2026.docx",
    "plans_fails": "piel_5_pulcesanas_vietas_madonas_nov_2026.md",
    "lpp": null,
    "citats": "<td>Ļaudonas KN</td>",
    "izdevejs": "Madonas novads (pašvaldība)",
    "geokodesana": "varis_address",
    "adrese_vzd": "Dzirnavu iela 7, Ļaudona, Ļaudonas pag., Madonas nov., LV-4862",
    "vzd_kods": "105594236",
    "plana_lat": null,
    "plana_lon": null,
    "koord_teksts": null,
    "karodzini": [],
    "izvilkuma_piezime": "Pagasta/apvienības pārvalde: Ļaudonas pagasta pārvalde",
    "komentars": "Avots: Madonas novada CA plāns · vieta noteikta pēc adreses (VZD)",
    "id": "madonas-novads-evak-28"
   },
   "geometry": {
    "type": "Point",
    "coordinates": [
     26.194997,
     56.717007
    ]
   }
  },
  {
   "type": "Feature",
   "properties": {
    "kategorija": "evakuacijas_punkts",
    "nosaukums": "Ļaudonas PII “Brīnumdārzs”",
    "adrese": "Avotu iela 3, Ļaudona, Madonas novads",
    "pasvaldiba": "Madonas novads",
    "pasvaldiba_slug": "madonas-novads",
    "nr_plana": null,
    "avots_teksts": "Avots: Madonas novada CA plāns",
    "plans_url": "https://www.madona.lv/lat/box/datnes/26.07/tx1720183220_piel_5_pulcesanas_vietas_madonas_nov_2026.docx",
    "plans_fails": "piel_5_pulcesanas_vietas_madonas_nov_2026.md",
    "lpp": null,
    "citats": "<td>Ļaudonas PII “Brīnumdārzs”</td>",
    "izdevejs": "Madonas novads (pašvaldība)",
    "geokodesana": "varis_address",
    "adrese_vzd": "Avotu iela 3, Ļaudona, Ļaudonas pag., Madonas nov., LV-4862",
    "vzd_kods": "102175073",
    "plana_lat": null,
    "plana_lon": null,
    "koord_teksts": null,
    "karodzini": [],
    "izvilkuma_piezime": "Pagasta/apvienības pārvalde: Ļaudonas pagasta pārvalde",
    "komentars": "Avots: Madonas novada CA plāns · vieta noteikta pēc adreses (VZD)",
    "id": "madonas-novads-evak-29"
   },
   "geometry": {
    "type": "Point",
    "coordinates": [
     26.192727,
     56.70402
    ]
   }
  },
  {
   "type": "Feature",
   "properties": {
    "kategorija": "evakuacijas_punkts",
    "nosaukums": "Mārcienas KN ar sporta zāli",
    "adrese": "Meža iela 20, Mārciena, Mārcienas pag., Madonas novads",
    "pasvaldiba": "Madonas novads",
    "pasvaldiba_slug": "madonas-novads",
    "nr_plana": null,
    "avots_teksts": "Avots: Madonas novada CA plāns",
    "plans_url": "https://www.madona.lv/lat/box/datnes/26.07/tx1720183220_piel_5_pulcesanas_vietas_madonas_nov_2026.docx",
    "plans_fails": "piel_5_pulcesanas_vietas_madonas_nov_2026.md",
    "lpp": null,
    "citats": "<td>Mārcienas KN ar sporta zāli</td>",
    "izdevejs": "Madonas novads (pašvaldība)",
    "geokodesana": "varis_address",
    "adrese_vzd": "Meža iela 20, Mārciena, Mārcienas pag., Madonas nov., LV-4852",
    "vzd_kods": "101407533",
    "plana_lat": null,
    "plana_lon": null,
    "koord_teksts": null,
    "karodzini": [],
    "izvilkuma_piezime": "Pagasta/apvienības pārvalde: Mārcienas pagasta pārvalde",
    "komentars": "Avots: Madonas novada CA plāns · vieta noteikta pēc adreses (VZD)",
    "id": "madonas-novads-evak-30"
   },
   "geometry": {
    "type": "Point",
    "coordinates": [
     26.097032,
     56.764576
    ]
   }
  },
  {
   "type": "Feature",
   "properties": {
    "kategorija": "evakuacijas_punkts",
    "nosaukums": "Mētrienas pamatskolas ēka",
    "adrese": "“Centra iela 5”, Mētriena, Mētrienas pag., Madonas novads",
    "pasvaldiba": "Madonas novads",
    "pasvaldiba_slug": "madonas-novads",
    "nr_plana": null,
    "avots_teksts": "Avots: Madonas novada CA plāns",
    "plans_url": "https://www.madona.lv/lat/box/datnes/26.07/tx1720183220_piel_5_pulcesanas_vietas_madonas_nov_2026.docx",
    "plans_fails": "piel_5_pulcesanas_vietas_madonas_nov_2026.md",
    "lpp": null,
    "citats": "<td>Mētrienas pamatskolas ēka</td>",
    "izdevejs": "Madonas novads (pašvaldība)",
    "geokodesana": "varis_address",
    "adrese_vzd": "Centra iela 5, Mētriena, Mētrienas pag., Madonas nov., LV-4865",
    "vzd_kods": "104253778",
    "plana_lat": null,
    "plana_lon": null,
    "koord_teksts": null,
    "karodzini": [],
    "izvilkuma_piezime": "Pagasta/apvienības pārvalde: Mētrienas pagasta pārvalde",
    "komentars": "Avots: Madonas novada CA plāns · vieta noteikta pēc adreses (VZD)",
    "id": "madonas-novads-evak-31"
   },
   "geometry": {
    "type": "Point",
    "coordinates": [
     26.322088,
     56.676945
    ]
   }
  },
  {
   "type": "Feature",
   "properties": {
    "kategorija": "evakuacijas_punkts",
    "nosaukums": "Mētrienas TN",
    "adrese": "“Tautas iela 1”, Mētriena, Mētrienas pag., Madonas novads",
    "pasvaldiba": "Madonas novads",
    "pasvaldiba_slug": "madonas-novads",
    "nr_plana": null,
    "avots_teksts": "Avots: Madonas novada CA plāns",
    "plans_url": "https://www.madona.lv/lat/box/datnes/26.07/tx1720183220_piel_5_pulcesanas_vietas_madonas_nov_2026.docx",
    "plans_fails": "piel_5_pulcesanas_vietas_madonas_nov_2026.md",
    "lpp": null,
    "citats": "<td>Mētrienas TN</td>",
    "izdevejs": "Madonas novads (pašvaldība)",
    "geokodesana": "varis_address",
    "adrese_vzd": "Tautas iela 1, Mētriena, Mētrienas pag., Madonas nov., LV-4865",
    "vzd_kods": "104253786",
    "plana_lat": null,
    "plana_lon": null,
    "koord_teksts": null,
    "karodzini": [],
    "izvilkuma_piezime": "Pagasta/apvienības pārvalde: Mētrienas pagasta pārvalde",
    "komentars": "Avots: Madonas novada CA plāns · vieta noteikta pēc adreses (VZD)",
    "id": "madonas-novads-evak-32"
   },
   "geometry": {
    "type": "Point",
    "coordinates": [
     26.320098,
     56.675696
    ]
   }
  },
  {
   "type": "Feature",
   "properties": {
    "kategorija": "evakuacijas_punkts",
    "nosaukums": "Degumnieku pamatskola",
    "adrese": "Skolas iela 13, Degumnieki, Ošupes pagasts, Madonas novads",
    "pasvaldiba": "Madonas novads",
    "pasvaldiba_slug": "madonas-novads",
    "nr_plana": null,
    "avots_teksts": "Avots: Madonas novada CA plāns",
    "plans_url": "https://www.madona.lv/lat/box/datnes/26.07/tx1720183220_piel_5_pulcesanas_vietas_madonas_nov_2026.docx",
    "plans_fails": "piel_5_pulcesanas_vietas_madonas_nov_2026.md",
    "lpp": null,
    "citats": "<td>Degumnieku pamatskola</td>",
    "izdevejs": "Madonas novads (pašvaldība)",
    "geokodesana": "varis_address",
    "adrese_vzd": "Skolas iela 13, Degumnieki, Ošupes pag., Madonas nov., LV-4833",
    "vzd_kods": "101408061",
    "plana_lat": null,
    "plana_lon": null,
    "koord_teksts": null,
    "karodzini": [],
    "izvilkuma_piezime": "Pagasta/apvienības pārvalde: Ošupes pagasta pārvalde",
    "komentars": "Avots: Madonas novada CA plāns · vieta noteikta pēc adreses (VZD)",
    "id": "madonas-novads-evak-33"
   },
   "geometry": {
    "type": "Point",
    "coordinates": [
     26.74755,
     56.79736
    ]
   }
  },
  {
   "type": "Feature",
   "properties": {
    "kategorija": "evakuacijas_punkts",
    "nosaukums": "Degumnieku TN",
    "adrese": "Skolas iela 4, Degumnieki, Ošupes pagasts, Madonas novads",
    "pasvaldiba": "Madonas novads",
    "pasvaldiba_slug": "madonas-novads",
    "nr_plana": null,
    "avots_teksts": "Avots: Madonas novada CA plāns",
    "plans_url": "https://www.madona.lv/lat/box/datnes/26.07/tx1720183220_piel_5_pulcesanas_vietas_madonas_nov_2026.docx",
    "plans_fails": "piel_5_pulcesanas_vietas_madonas_nov_2026.md",
    "lpp": null,
    "citats": "<td>Degumnieku TN</td>",
    "izdevejs": "Madonas novads (pašvaldība)",
    "geokodesana": "varis_address",
    "adrese_vzd": "Skolas iela 4, Degumnieki, Ošupes pag., Madonas nov., LV-4833",
    "vzd_kods": "102177204",
    "plana_lat": null,
    "plana_lon": null,
    "koord_teksts": null,
    "karodzini": [],
    "izvilkuma_piezime": "Pagasta/apvienības pārvalde: Ošupes pagasta pārvalde",
    "komentars": "Avots: Madonas novada CA plāns · vieta noteikta pēc adreses (VZD)",
    "id": "madonas-novads-evak-34"
   },
   "geometry": {
    "type": "Point",
    "coordinates": [
     26.748034,
     56.799657
    ]
   }
  },
  {
   "type": "Feature",
   "properties": {
    "kategorija": "evakuacijas_punkts",
    "nosaukums": "Praulienas pamatskola",
    "adrese": "Pilsdārzi, Praulienas pagasts, Madonas novads",
    "pasvaldiba": "Madonas novads",
    "pasvaldiba_slug": "madonas-novads",
    "nr_plana": null,
    "avots_teksts": "Avots: Madonas novada CA plāns",
    "plans_url": "https://www.madona.lv/lat/box/datnes/26.07/tx1720183220_piel_5_pulcesanas_vietas_madonas_nov_2026.docx",
    "plans_fails": "piel_5_pulcesanas_vietas_madonas_nov_2026.md",
    "lpp": null,
    "citats": "<td>Praulienas pamatskola</td>",
    "izdevejs": "Madonas novads (pašvaldība)",
    "geokodesana": "varis_address",
    "adrese_vzd": "\"Pilsdārzi\", Prauliena, Praulienas pag., Madonas nov., LV-4825",
    "vzd_kods": "104845732",
    "plana_lat": null,
    "plana_lon": null,
    "koord_teksts": null,
    "karodzini": [],
    "izvilkuma_piezime": "Pagasta/apvienības pārvalde: Praulienas pagasta pārvalde",
    "komentars": "Avots: Madonas novada CA plāns · vieta noteikta pēc adreses (VZD)",
    "id": "madonas-novads-evak-35"
   },
   "geometry": {
    "type": "Point",
    "coordinates": [
     26.304347,
     56.824281
    ]
   }
  },
  {
   "type": "Feature",
   "properties": {
    "kategorija": "evakuacijas_punkts",
    "nosaukums": "Saikavas TN",
    "adrese": "“Buzula”, Praulienas pagasts, Madonas novads",
    "pasvaldiba": "Madonas novads",
    "pasvaldiba_slug": "madonas-novads",
    "nr_plana": null,
    "avots_teksts": "Avots: Madonas novada CA plāns",
    "plans_url": "https://www.madona.lv/lat/box/datnes/26.07/tx1720183220_piel_5_pulcesanas_vietas_madonas_nov_2026.docx",
    "plans_fails": "piel_5_pulcesanas_vietas_madonas_nov_2026.md",
    "lpp": null,
    "citats": "<td>Saikavas TN</td>",
    "izdevejs": "Madonas novads (pašvaldība)",
    "geokodesana": "varis_address",
    "adrese_vzd": "\"Buzula\", Praulienas pag., Madonas nov., LV-4825",
    "vzd_kods": "104839704",
    "plana_lat": null,
    "plana_lon": null,
    "koord_teksts": null,
    "karodzini": [],
    "izvilkuma_piezime": "Pagasta/apvienības pārvalde: Praulienas pagasta pārvalde",
    "komentars": "Avots: Madonas novada CA plāns · vieta noteikta pēc adreses (VZD)",
    "id": "madonas-novads-evak-36"
   },
   "geometry": {
    "type": "Point",
    "coordinates": [
     26.390316,
     56.758839
    ]
   }
  },
  {
   "type": "Feature",
   "properties": {
    "kategorija": "evakuacijas_punkts",
    "nosaukums": "Praulienas pagasta pārvalde",
    "adrese": "Kalna iela 2, Prauliena, Praulienas pagasts, Madonas novads",
    "pasvaldiba": "Madonas novads",
    "pasvaldiba_slug": "madonas-novads",
    "nr_plana": null,
    "avots_teksts": "Avots: Madonas novada CA plāns",
    "plans_url": "https://www.madona.lv/lat/box/datnes/26.07/tx1720183220_piel_5_pulcesanas_vietas_madonas_nov_2026.docx",
    "plans_fails": "piel_5_pulcesanas_vietas_madonas_nov_2026.md",
    "lpp": null,
    "citats": "<td>Praulienas pagasta pārvalde</td>",
    "izdevejs": "Madonas novads (pašvaldība)",
    "geokodesana": "varis_address",
    "adrese_vzd": "Kalna iela 2, Prauliena, Praulienas pag., Madonas nov., LV-4825",
    "vzd_kods": "101408166",
    "plana_lat": null,
    "plana_lon": null,
    "koord_teksts": null,
    "karodzini": [],
    "izvilkuma_piezime": "Pagasta/apvienības pārvalde: Praulienas pagasta pārvalde",
    "komentars": "Avots: Madonas novada CA plāns · vieta noteikta pēc adreses (VZD)",
    "id": "madonas-novads-evak-37"
   },
   "geometry": {
    "type": "Point",
    "coordinates": [
     26.304039,
     56.826715
    ]
   }
  },
  {
   "type": "Feature",
   "properties": {
    "kategorija": "evakuacijas_punkts",
    "nosaukums": "Sarkaņu TN “Kalnagravas”",
    "adrese": "“Kalnagravas”-1, Sarkaņu pagasts, Madonas novads",
    "pasvaldiba": "Madonas novads",
    "pasvaldiba_slug": "madonas-novads",
    "nr_plana": null,
    "avots_teksts": "Avots: Madonas novada CA plāns",
    "plans_url": "https://www.madona.lv/lat/box/datnes/26.07/tx1720183220_piel_5_pulcesanas_vietas_madonas_nov_2026.docx",
    "plans_fails": "piel_5_pulcesanas_vietas_madonas_nov_2026.md",
    "lpp": null,
    "citats": "<td>Sarkaņu TN “Kalnagravas”</td>",
    "izdevejs": "Madonas novads (pašvaldība)",
    "geokodesana": "varis_address",
    "adrese_vzd": "\"Kalnagravas 1\", Biksēre, Sarkaņu pag., Madonas nov., LV-4870",
    "vzd_kods": "105810382",
    "plana_lat": null,
    "plana_lon": null,
    "koord_teksts": null,
    "karodzini": [],
    "izvilkuma_piezime": "Pagasta/apvienības pārvalde: Sarkaņu pagasta pārvalde",
    "komentars": "Avots: Madonas novada CA plāns · vieta noteikta pēc adreses (VZD)",
    "id": "madonas-novads-evak-38"
   },
   "geometry": {
    "type": "Point",
    "coordinates": [
     26.292344,
     56.924982
    ]
   }
  },
  {
   "type": "Feature",
   "properties": {
    "kategorija": "evakuacijas_punkts",
    "nosaukums": "Vestienas pamatskolas ēka",
    "adrese": "“Vestienas muiža”, Vestiena, Madonas novads",
    "pasvaldiba": "Madonas novads",
    "pasvaldiba_slug": "madonas-novads",
    "nr_plana": null,
    "avots_teksts": "Avots: Madonas novada CA plāns",
    "plans_url": "https://www.madona.lv/lat/box/datnes/26.07/tx1720183220_piel_5_pulcesanas_vietas_madonas_nov_2026.docx",
    "plans_fails": "piel_5_pulcesanas_vietas_madonas_nov_2026.md",
    "lpp": null,
    "citats": "<td>Vestienas pamatskolas ēka</td>",
    "izdevejs": "Madonas novads (pašvaldība)",
    "geokodesana": "varis_address",
    "adrese_vzd": "\"Vestienas muiža\", Vestiena, Vestienas pag., Madonas nov., LV-4855",
    "vzd_kods": "104469652",
    "plana_lat": null,
    "plana_lon": null,
    "koord_teksts": null,
    "karodzini": [],
    "izvilkuma_piezime": "Pagasta/apvienības pārvalde: Vestienas pagasta pārvalde",
    "komentars": "Avots: Madonas novada CA plāns · vieta noteikta pēc adreses (VZD)",
    "id": "madonas-novads-evak-39"
   },
   "geometry": {
    "type": "Point",
    "coordinates": [
     25.874138,
     56.866502
    ]
   }
  },
  {
   "type": "Feature",
   "properties": {
    "kategorija": "evakuacijas_punkts",
    "nosaukums": "Vestienas TN",
    "adrese": "“Dainas”, Vestienas pagasts, Madonas novads",
    "pasvaldiba": "Madonas novads",
    "pasvaldiba_slug": "madonas-novads",
    "nr_plana": null,
    "avots_teksts": "Avots: Madonas novada CA plāns",
    "plans_url": "https://www.madona.lv/lat/box/datnes/26.07/tx1720183220_piel_5_pulcesanas_vietas_madonas_nov_2026.docx",
    "plans_fails": "piel_5_pulcesanas_vietas_madonas_nov_2026.md",
    "lpp": null,
    "citats": "<td>Vestienas TN</td>",
    "izdevejs": "Madonas novads (pašvaldība)",
    "geokodesana": "varis_address",
    "adrese_vzd": "\"Dainas\", Vestiena, Vestienas pag., Madonas nov., LV-4855",
    "vzd_kods": "104468304",
    "plana_lat": null,
    "plana_lon": null,
    "koord_teksts": null,
    "karodzini": [],
    "izvilkuma_piezime": "Pagasta/apvienības pārvalde: Vestienas pagasta pārvalde",
    "komentars": "Avots: Madonas novada CA plāns · vieta noteikta pēc adreses (VZD)",
    "id": "madonas-novads-evak-40"
   },
   "geometry": {
    "type": "Point",
    "coordinates": [
     25.876464,
     56.866935
    ]
   }
  },
  {
   "type": "Feature",
   "properties": {
    "kategorija": "evakuacijas_punkts",
    "nosaukums": "Varakļānu kultūras centrs",
    "adrese": "1.Maija laukums 4, Varakļāni, Madonas novads",
    "pasvaldiba": "Madonas novads",
    "pasvaldiba_slug": "madonas-novads",
    "nr_plana": null,
    "avots_teksts": "Avots: Madonas novada CA plāns",
    "plans_url": "https://www.madona.lv/lat/box/datnes/26.07/tx1720183220_piel_5_pulcesanas_vietas_madonas_nov_2026.docx",
    "plans_fails": "piel_5_pulcesanas_vietas_madonas_nov_2026.md",
    "lpp": null,
    "citats": "<td>Varakļānu kultūras centrs</td>",
    "izdevejs": "Madonas novads (pašvaldība)",
    "geokodesana": "varis_address",
    "adrese_vzd": "1. maija laukums 4, Varakļāni, Madonas nov., LV-4838",
    "vzd_kods": "101401233",
    "plana_lat": null,
    "plana_lon": null,
    "koord_teksts": null,
    "karodzini": [],
    "izvilkuma_piezime": "Pagasta/apvienības pārvalde: Varakļānu apvienības pārvalde",
    "komentars": "Avots: Madonas novada CA plāns · vieta noteikta pēc adreses (VZD)",
    "id": "madonas-novads-evak-41"
   },
   "geometry": {
    "type": "Point",
    "coordinates": [
     26.749336,
     56.609907
    ]
   }
  },
  {
   "type": "Feature",
   "properties": {
    "kategorija": "evakuacijas_punkts",
    "nosaukums": "Stirnienes KN",
    "adrese": "“Stirnienes muiža 2”, Varakļānu pagasts, Madonas novads",
    "pasvaldiba": "Madonas novads",
    "pasvaldiba_slug": "madonas-novads",
    "nr_plana": null,
    "avots_teksts": "Avots: Madonas novada CA plāns",
    "plans_url": "https://www.madona.lv/lat/box/datnes/26.07/tx1720183220_piel_5_pulcesanas_vietas_madonas_nov_2026.docx",
    "plans_fails": "piel_5_pulcesanas_vietas_madonas_nov_2026.md",
    "lpp": null,
    "citats": "<td>Stirnienes KN</td>",
    "izdevejs": "Madonas novads (pašvaldība)",
    "geokodesana": "varis_address",
    "adrese_vzd": "\"Stirnienes muiža 2\", Varakļānu pag., Madonas nov., LV-4837",
    "vzd_kods": "106241088",
    "plana_lat": null,
    "plana_lon": null,
    "koord_teksts": null,
    "karodzini": [],
    "izvilkuma_piezime": "Pagasta/apvienības pārvalde: Varakļānu apvienības pārvalde",
    "komentars": "Avots: Madonas novada CA plāns · vieta noteikta pēc adreses (VZD)",
    "id": "madonas-novads-evak-42"
   },
   "geometry": {
    "type": "Point",
    "coordinates": [
     26.663833,
     56.554734
    ]
   }
  },
  {
   "type": "Feature",
   "properties": {
    "kategorija": "evakuacijas_punkts",
    "nosaukums": "Murmastienes KN",
    "adrese": "Jaunatnes iela 14, Murmastiene, Madonas novads",
    "pasvaldiba": "Madonas novads",
    "pasvaldiba_slug": "madonas-novads",
    "nr_plana": null,
    "avots_teksts": "Avots: Madonas novada CA plāns",
    "plans_url": "https://www.madona.lv/lat/box/datnes/26.07/tx1720183220_piel_5_pulcesanas_vietas_madonas_nov_2026.docx",
    "plans_fails": "piel_5_pulcesanas_vietas_madonas_nov_2026.md",
    "lpp": null,
    "citats": "<td>Murmastienes KN</td>",
    "izdevejs": "Madonas novads (pašvaldība)",
    "geokodesana": "varis_address",
    "adrese_vzd": "Jaunatnes iela 14, Murmastiene, Murmastienes pag., Madonas nov., LV-4835",
    "vzd_kods": "101407902",
    "plana_lat": null,
    "plana_lon": null,
    "koord_teksts": null,
    "karodzini": [],
    "izvilkuma_piezime": "Pagasta/apvienības pārvalde: Varakļānu apvienības pārvalde",
    "komentars": "Avots: Madonas novada CA plāns · vieta noteikta pēc adreses (VZD)",
    "id": "madonas-novads-evak-43"
   },
   "geometry": {
    "type": "Point",
    "coordinates": [
     26.55593,
     56.667699
    ]
   }
  },
  {
   "type": "Feature",
   "properties": {
    "kategorija": "evakuacijas_punkts",
    "nosaukums": "Madonas pilsētas vidusskola",
    "adrese": "Valdemāra Bulvāris 6, Madona, Madonas novads",
    "pasvaldiba": "Madonas novads",
    "pasvaldiba_slug": "madonas-novads",
    "nr_plana": null,
    "avots_teksts": "Avots: Madonas novada CA plāns",
    "plans_url": "https://www.madona.lv/lat/box/datnes/26.07/tx1720183220_piel_5_pulcesanas_vietas_madonas_nov_2026.docx",
    "plans_fails": "piel_5_pulcesanas_vietas_madonas_nov_2026.md",
    "lpp": null,
    "citats": "<td>Madonas pilsētas vidusskola</td>",
    "izdevejs": "Madonas novads (pašvaldība)",
    "geokodesana": "varis_address",
    "adrese_vzd": "Valdemāra bulvāris 6, Madona, Madonas nov., LV-4801",
    "vzd_kods": "101395885",
    "plana_lat": null,
    "plana_lon": null,
    "koord_teksts": null,
    "karodzini": [],
    "izvilkuma_piezime": "Pagasta/apvienības pārvalde: Madonas apvienības pārvalde",
    "komentars": "Avots: Madonas novada CA plāns · vieta noteikta pēc adreses (VZD)",
    "id": "madonas-novads-evak-44"
   },
   "geometry": {
    "type": "Point",
    "coordinates": [
     26.217096,
     56.855298
    ]
   }
  },
  {
   "type": "Feature",
   "properties": {
    "kategorija": "evakuacijas_punkts",
    "nosaukums": "Madonas Valsts ģimnāzija",
    "adrese": "Skolas iela 10, Madona, Madonas novads",
    "pasvaldiba": "Madonas novads",
    "pasvaldiba_slug": "madonas-novads",
    "nr_plana": null,
    "avots_teksts": "Avots: Madonas novada CA plāns",
    "plans_url": "https://www.madona.lv/lat/box/datnes/26.07/tx1720183220_piel_5_pulcesanas_vietas_madonas_nov_2026.docx",
    "plans_fails": "piel_5_pulcesanas_vietas_madonas_nov_2026.md",
    "lpp": null,
    "citats": "<td>Madonas Valsts ģimnāzija</td>",
    "izdevejs": "Madonas novads (pašvaldība)",
    "geokodesana": "varis_address",
    "adrese_vzd": "Skolas iela 10, Madona, Madonas nov., LV-4801",
    "vzd_kods": "102166634",
    "plana_lat": null,
    "plana_lon": null,
    "koord_teksts": null,
    "karodzini": [],
    "izvilkuma_piezime": "Pagasta/apvienības pārvalde: Madonas apvienības pārvalde",
    "komentars": "Avots: Madonas novada CA plāns · vieta noteikta pēc adreses (VZD)",
    "id": "madonas-novads-evak-45"
   },
   "geometry": {
    "type": "Point",
    "coordinates": [
     26.21266,
     56.85269
    ]
   }
  },
  {
   "type": "Feature",
   "properties": {
    "kategorija": "evakuacijas_punkts",
    "nosaukums": "Madonas Bērnu un jaunatnes sporta skola",
    "adrese": "Gaujas iela 13, Madona, Madonas novads",
    "pasvaldiba": "Madonas novads",
    "pasvaldiba_slug": "madonas-novads",
    "nr_plana": null,
    "avots_teksts": "Avots: Madonas novada CA plāns",
    "plans_url": "https://www.madona.lv/lat/box/datnes/26.07/tx1720183220_piel_5_pulcesanas_vietas_madonas_nov_2026.docx",
    "plans_fails": "piel_5_pulcesanas_vietas_madonas_nov_2026.md",
    "lpp": null,
    "citats": "<td>Madonas Bērnu un jaunatnes sporta skola</td>",
    "izdevejs": "Madonas novads (pašvaldība)",
    "geokodesana": "varis_address",
    "adrese_vzd": "Gaujas iela 13, Madona, Madonas nov., LV-4801",
    "vzd_kods": "102165544",
    "plana_lat": null,
    "plana_lon": null,
    "koord_teksts": null,
    "karodzini": [],
    "izvilkuma_piezime": "Pagasta/apvienības pārvalde: Madonas apvienības pārvalde",
    "komentars": "Avots: Madonas novada CA plāns · vieta noteikta pēc adreses (VZD)",
    "id": "madonas-novads-evak-46"
   },
   "geometry": {
    "type": "Point",
    "coordinates": [
     26.216796,
     56.858117
    ]
   }
  },
  {
   "type": "Feature",
   "properties": {
    "kategorija": "evakuacijas_punkts",
    "nosaukums": "Lazdonas pamatskolas ēka",
    "adrese": "“Jurģkalni”, Lazdona, Lazdonas pagasts, Madonas novads",
    "pasvaldiba": "Madonas novads",
    "pasvaldiba_slug": "madonas-novads",
    "nr_plana": null,
    "avots_teksts": "Avots: Madonas novada CA plāns",
    "plans_url": "https://www.madona.lv/lat/box/datnes/26.07/tx1720183220_piel_5_pulcesanas_vietas_madonas_nov_2026.docx",
    "plans_fails": "piel_5_pulcesanas_vietas_madonas_nov_2026.md",
    "lpp": null,
    "citats": "<td>Lazdonas pamatskolas ēka</td>",
    "izdevejs": "Madonas novads (pašvaldība)",
    "geokodesana": "varis_address",
    "adrese_vzd": "\"Jurģkalni\", Lazdona, Lazdonas pag., Madonas nov., LV-4824",
    "vzd_kods": "104050741",
    "plana_lat": null,
    "plana_lon": null,
    "koord_teksts": null,
    "karodzini": [],
    "izvilkuma_piezime": "Pagasta/apvienības pārvalde: Madonas apvienības pārvalde",
    "komentars": "Avots: Madonas novada CA plāns · vieta noteikta pēc adreses (VZD)",
    "id": "madonas-novads-evak-47"
   },
   "geometry": {
    "type": "Point",
    "coordinates": [
     26.231907,
     56.828805
    ]
   }
  },
  {
   "type": "Feature",
   "properties": {
    "kategorija": "evakuacijas_punkts",
    "nosaukums": "Lazdonas PII ēka",
    "adrese": "Meža iela 2, Lazdona, Lazdonas pagasts, Madonas novads",
    "pasvaldiba": "Madonas novads",
    "pasvaldiba_slug": "madonas-novads",
    "nr_plana": null,
    "avots_teksts": "Avots: Madonas novada CA plāns",
    "plans_url": "https://www.madona.lv/lat/box/datnes/26.07/tx1720183220_piel_5_pulcesanas_vietas_madonas_nov_2026.docx",
    "plans_fails": "piel_5_pulcesanas_vietas_madonas_nov_2026.md",
    "lpp": null,
    "citats": "<td>Lazdonas PII ēka</td>",
    "izdevejs": "Madonas novads (pašvaldība)",
    "geokodesana": "varis_address",
    "adrese_vzd": "Meža iela 2, Lazdona, Lazdonas pag., Madonas nov., LV-4824",
    "vzd_kods": "101406990",
    "plana_lat": null,
    "plana_lon": null,
    "koord_teksts": null,
    "karodzini": [],
    "izvilkuma_piezime": "Pagasta/apvienības pārvalde: Madonas apvienības pārvalde",
    "komentars": "Avots: Madonas novada CA plāns · vieta noteikta pēc adreses (VZD)",
    "id": "madonas-novads-evak-48"
   },
   "geometry": {
    "type": "Point",
    "coordinates": [
     26.240372,
     56.832613
    ]
   }
  },
  {
   "type": "Feature",
   "properties": {
    "kategorija": "evakuacijas_punkts",
    "nosaukums": "Babītes vidusskola un Babītes sporta komplekss",
    "adrese": "Jūrmalas iela 17, Piņķi, Babītes pagasts, Babītes novads, LV-2107",
    "pasvaldiba": "Mārupes novads",
    "pasvaldiba_slug": "marupes-novads",
    "nr_plana": 1,
    "avots_teksts": "Avots: Mārupes novada CA plāns, lpp. 1",
    "plans_url": "https://www.marupe.lv/lv/media/6773/download?attachment",
    "plans_fails": "5_pielikums_evakuacijas_pulcesanas_vietas.md",
    "lpp": 1,
    "citats": "|1.|Babītes vidusskola un Babītes<br>sporta komplekss|Jūrmalas iela 17, Piņķi, Babītes pagasts,<br>Babītes novads, LV-2107|",
    "izdevejs": "Mārupes novads (pašvaldība)",
    "geokodesana": "varis_address",
    "adrese_vzd": "Jūrmalas iela 17, Piņķi, Babītes pag., Mārupes nov., LV-2107",
    "vzd_kods": "101300007",
    "plana_lat": null,
    "plana_lon": null,
    "koord_teksts": null,
    "karodzini": [],
    "komentars": "Avots: Mārupes novada CA plāns, lpp. 1 · vieta noteikta pēc adreses (VZD)",
    "id": "marupes-novads-evak-1"
   },
   "geometry": {
    "type": "Point",
    "coordinates": [
     23.912297,
     56.942487
    ]
   }
  },
  {
   "type": "Feature",
   "properties": {
    "kategorija": "evakuacijas_punkts",
    "nosaukums": "Skultes Dienas centrs",
    "adrese": "Skultes iela 31, Skulte, Mārupes nov.",
    "pasvaldiba": "Mārupes novads",
    "pasvaldiba_slug": "marupes-novads",
    "nr_plana": 3,
    "avots_teksts": "Avots: Mārupes novada CA plāns, lpp. 1",
    "plans_url": "https://www.marupe.lv/lv/media/6773/download?attachment",
    "plans_fails": "5_pielikums_evakuacijas_pulcesanas_vietas.md",
    "lpp": 1,
    "citats": "|3.|Skultes Dienas centrs|Skultes iela 31, Skulte, Mārupes nov.|",
    "izdevejs": "Mārupes novads (pašvaldība)",
    "geokodesana": "varis_address",
    "adrese_vzd": "Skultes iela 31, Skulte, Mārupes pag., Mārupes nov., LV-2108",
    "vzd_kods": "104764464",
    "plana_lat": null,
    "plana_lon": null,
    "koord_teksts": null,
    "karodzini": [],
    "komentars": "Avots: Mārupes novada CA plāns, lpp. 1 · vieta noteikta pēc adreses (VZD)",
    "id": "marupes-novads-evak-2"
   },
   "geometry": {
    "type": "Point",
    "coordinates": [
     23.947457,
     56.919379
    ]
   }
  },
  {
   "type": "Feature",
   "properties": {
    "kategorija": "evakuacijas_punkts",
    "nosaukums": "Skultes sākumskola",
    "adrese": "Skultes iela 25, Skulte, Mārupes novads, LV-2108",
    "pasvaldiba": "Mārupes novads",
    "pasvaldiba_slug": "marupes-novads",
    "nr_plana": 4,
    "avots_teksts": "Avots: Mārupes novada CA plāns, lpp. 1",
    "plans_url": "https://www.marupe.lv/lv/media/6773/download?attachment",
    "plans_fails": "5_pielikums_evakuacijas_pulcesanas_vietas.md",
    "lpp": 1,
    "citats": "|4.|Skultes sākumskola|Skultes iela 25,  Skulte,<br>Mārupes novads,  LV-2108|",
    "izdevejs": "Mārupes novads (pašvaldība)",
    "geokodesana": "varis_address",
    "adrese_vzd": "Skultes iela 25, Skulte, Mārupes pag., Mārupes nov., LV-2108",
    "vzd_kods": "103771417",
    "plana_lat": null,
    "plana_lon": null,
    "koord_teksts": null,
    "karodzini": [],
    "komentars": "Avots: Mārupes novada CA plāns, lpp. 1 · vieta noteikta pēc adreses (VZD)",
    "id": "marupes-novads-evak-3"
   },
   "geometry": {
    "type": "Point",
    "coordinates": [
     23.953849,
     56.919757
    ]
   }
  },
  {
   "type": "Feature",
   "properties": {
    "kategorija": "evakuacijas_punkts",
    "nosaukums": "Mārupes valsts ģimnāzija",
    "adrese": "Kantora iela 97, Mārupe, Mārupes pagasts, Mārupes novads, LV-2167",
    "pasvaldiba": "Mārupes novads",
    "pasvaldiba_slug": "marupes-novads",
    "nr_plana": 5,
    "avots_teksts": "Avots: Mārupes novada CA plāns, lpp. 1",
    "plans_url": "https://www.marupe.lv/lv/media/6773/download?attachment",
    "plans_fails": "5_pielikums_evakuacijas_pulcesanas_vietas.md",
    "lpp": 1,
    "citats": "|5.|Mārupes valsts ģimnāzija|Kantora iela 97, Mārupe, Mārupes<br>pagasts, Mārupes novads, LV-2167|",
    "izdevejs": "Mārupes novads (pašvaldība)",
    "geokodesana": "varis_address",
    "adrese_vzd": "Kantora iela 97, Mārupe, Mārupes nov., LV-2167",
    "vzd_kods": "103759836",
    "plana_lat": null,
    "plana_lon": null,
    "koord_teksts": null,
    "karodzini": [],
    "komentars": "Avots: Mārupes novada CA plāns, lpp. 1 · vieta noteikta pēc adreses (VZD)",
    "id": "marupes-novads-evak-4"
   },
   "geometry": {
    "type": "Point",
    "coordinates": [
     24.036117,
     56.918795
    ]
   }
  },
  {
   "type": "Feature",
   "properties": {
    "kategorija": "evakuacijas_punkts",
    "nosaukums": "Mārupes novada dome",
    "adrese": "Daugavas iela 29, Mārupe, Mārupes nov.",
    "pasvaldiba": "Mārupes novads",
    "pasvaldiba_slug": "marupes-novads",
    "nr_plana": 6,
    "avots_teksts": "Avots: Mārupes novada CA plāns, lpp. 1",
    "plans_url": "https://www.marupe.lv/lv/media/6773/download?attachment",
    "plans_fails": "5_pielikums_evakuacijas_pulcesanas_vietas.md",
    "lpp": 1,
    "citats": "|6.|Mārupes novada dome|Daugavas iela 29, Mārupe, Mārupes<br>nov.|",
    "izdevejs": "Mārupes novads (pašvaldība)",
    "geokodesana": "varis_address",
    "adrese_vzd": "Daugavas iela 29, Mārupe, Mārupes nov., LV-2167",
    "vzd_kods": "101311124",
    "plana_lat": null,
    "plana_lon": null,
    "koord_teksts": null,
    "karodzini": [],
    "komentars": "Avots: Mārupes novada CA plāns, lpp. 1 · vieta noteikta pēc adreses (VZD)",
    "id": "marupes-novads-evak-5"
   },
   "geometry": {
    "type": "Point",
    "coordinates": [
     24.055643,
     56.905256
    ]
   }
  },
  {
   "type": "Feature",
   "properties": {
    "kategorija": "evakuacijas_punkts",
    "nosaukums": "PII Lienīte",
    "adrese": "Amatas iela 2, Mārupe, Mārupes pagasts, Mārupes novads, LV-2167",
    "pasvaldiba": "Mārupes novads",
    "pasvaldiba_slug": "marupes-novads",
    "nr_plana": 7,
    "avots_teksts": "Avots: Mārupes novada CA plāns, lpp. 1",
    "plans_url": "https://www.marupe.lv/lv/media/6773/download?attachment",
    "plans_fails": "5_pielikums_evakuacijas_pulcesanas_vietas.md",
    "lpp": 1,
    "citats": "|7.|PII Lienīte|Amatas iela 2, Mārupe, Mārupes<br>pagasts, Mārupes novads, LV-2167|",
    "izdevejs": "Mārupes novads (pašvaldība)",
    "geokodesana": "varis_address",
    "adrese_vzd": "Amatas iela 2, Mārupe, Mārupes nov., LV-2167",
    "vzd_kods": "103761391",
    "plana_lat": null,
    "plana_lon": null,
    "koord_teksts": null,
    "karodzini": [],
    "komentars": "Avots: Mārupes novada CA plāns, lpp. 1 · vieta noteikta pēc adreses (VZD)",
    "id": "marupes-novads-evak-6"
   },
   "geometry": {
    "type": "Point",
    "coordinates": [
     24.048028,
     56.899071
    ]
   }
  },
  {
   "type": "Feature",
   "properties": {
    "kategorija": "evakuacijas_punkts",
    "nosaukums": "Mārupes pamatskola",
    "adrese": "Viskalnu iela 7, Tīraine, Mārupes pagasts, Mārupes novads, LV–2167",
    "pasvaldiba": "Mārupes novads",
    "pasvaldiba_slug": "marupes-novads",
    "nr_plana": 8,
    "avots_teksts": "Avots: Mārupes novada CA plāns, lpp. 1",
    "plans_url": "https://www.marupe.lv/lv/media/6773/download?attachment",
    "plans_fails": "5_pielikums_evakuacijas_pulcesanas_vietas.md",
    "lpp": 1,
    "citats": "|8.|Mārupes pamatskola|Viskalnu iela 7, Tīraine, Mārupes<br>pagasts, Mārupes novads, LV–2167|",
    "izdevejs": "Mārupes novads (pašvaldība)",
    "geokodesana": "varis_address",
    "adrese_vzd": "Viskalnu iela 7, Tīraine, Mārupes pag., Mārupes nov., LV-2167",
    "vzd_kods": "103759258",
    "plana_lat": null,
    "plana_lon": null,
    "koord_teksts": null,
    "karodzini": [],
    "komentars": "Avots: Mārupes novada CA plāns, lpp. 1 · vieta noteikta pēc adreses (VZD)",
    "id": "marupes-novads-evak-7"
   },
   "geometry": {
    "type": "Point",
    "coordinates": [
     24.064273,
     56.885034
    ]
   }
  },
  {
   "type": "Feature",
   "properties": {
    "kategorija": "evakuacijas_punkts",
    "nosaukums": "PII Zeltrīti",
    "adrese": "Gaujas iela 41, Mārupe, Mārupes pagasts, Mārupes nov., LV-2167",
    "pasvaldiba": "Mārupes novads",
    "pasvaldiba_slug": "marupes-novads",
    "nr_plana": 9,
    "avots_teksts": "Avots: Mārupes novada CA plāns, lpp. 1",
    "plans_url": "https://www.marupe.lv/lv/media/6773/download?attachment",
    "plans_fails": "5_pielikums_evakuacijas_pulcesanas_vietas.md",
    "lpp": 1,
    "citats": "|9.|PII Zeltrīti|Gaujas iela 41, Mārupe, Mārupes<br>pagasts, Mārupes nov., LV-2167|",
    "izdevejs": "Mārupes novads (pašvaldība)",
    "geokodesana": "varis_address",
    "adrese_vzd": "Gaujas iela 41, Mārupe, Mārupes nov., LV-2167",
    "vzd_kods": "104682370",
    "plana_lat": null,
    "plana_lon": null,
    "koord_teksts": null,
    "karodzini": [],
    "komentars": "Avots: Mārupes novada CA plāns, lpp. 1 · vieta noteikta pēc adreses (VZD)",
    "id": "marupes-novads-evak-8"
   },
   "geometry": {
    "type": "Point",
    "coordinates": [
     24.050872,
     56.889032
    ]
   }
  },
  {
   "type": "Feature",
   "properties": {
    "kategorija": "evakuacijas_punkts",
    "nosaukums": "Jaunmārupes pamatskola",
    "adrese": "Mazcenu aleja 4a, Jaunmārupe, Mārupes pagasts, Mārupes novads, LV –2167",
    "pasvaldiba": "Mārupes novads",
    "pasvaldiba_slug": "marupes-novads",
    "nr_plana": 10,
    "avots_teksts": "Avots: Mārupes novada CA plāns, lpp. 1",
    "plans_url": "https://www.marupe.lv/lv/media/6773/download?attachment",
    "plans_fails": "5_pielikums_evakuacijas_pulcesanas_vietas.md",
    "lpp": 1,
    "citats": "|10.|Jaunmārupes pamatskola|Mazcenu aleja 4a, Jaunmārupe,<br>Mārupes pagasts, Mārupes novads, LV<br>–2167|",
    "izdevejs": "Mārupes novads (pašvaldība)",
    "geokodesana": "varis_address",
    "adrese_vzd": "Mazcenu aleja 4A, Jaunmārupe, Mārupes pag., Mārupes nov., LV-2166",
    "vzd_kods": "103665174",
    "plana_lat": null,
    "plana_lon": null,
    "koord_teksts": null,
    "karodzini": [],
    "komentars": "Avots: Mārupes novada CA plāns, lpp. 1 · vieta noteikta pēc adreses (VZD)",
    "id": "marupes-novads-evak-9"
   },
   "geometry": {
    "type": "Point",
    "coordinates": [
     23.948405,
     56.879557
    ]
   }
  },
  {
   "type": "Feature",
   "properties": {
    "kategorija": "evakuacijas_punkts",
    "nosaukums": "Mārupes mūzikas un mākslas skola",
    "adrese": "Mazcenu aleja 39, Jaunmārupe, Mārupes pagasts, Mārupes novads, LV- 2167",
    "pasvaldiba": "Mārupes novads",
    "pasvaldiba_slug": "marupes-novads",
    "nr_plana": 11,
    "avots_teksts": "Avots: Mārupes novada CA plāns, lpp. 1",
    "plans_url": "https://www.marupe.lv/lv/media/6773/download?attachment",
    "plans_fails": "5_pielikums_evakuacijas_pulcesanas_vietas.md",
    "lpp": 1,
    "citats": "|11.|Mārupes mūzikas un mākslas skola|Mazcenu aleja 39, Jaunmārupe,<br>Mārupes pagasts, Mārupes novads, LV-<br>2167|",
    "izdevejs": "Mārupes novads (pašvaldība)",
    "geokodesana": "varis_address",
    "adrese_vzd": "Mazcenu aleja 39, Jaunmārupe, Mārupes pag., Mārupes nov., LV-2166",
    "vzd_kods": "103757238",
    "plana_lat": null,
    "plana_lon": null,
    "koord_teksts": null,
    "karodzini": [],
    "komentars": "Avots: Mārupes novada CA plāns, lpp. 1 · vieta noteikta pēc adreses (VZD)",
    "id": "marupes-novads-evak-10"
   },
   "geometry": {
    "type": "Point",
    "coordinates": [
     23.93484,
     56.881744
    ]
   }
  },
  {
   "type": "Feature",
   "properties": {
    "kategorija": "evakuacijas_punkts",
    "nosaukums": "Ogres novada kultūras centrs",
    "adrese": "Brīvības iela 15, Ogre, Ogres novads,LV-5001",
    "pasvaldiba": "Ogres novads",
    "pasvaldiba_slug": "ogres-novads",
    "nr_plana": 1,
    "avots_teksts": "Avots: Ogres novada CA plāns, lpp. 121",
    "plans_url": "https://www.ogresnovads.lv/lv/media/127114/download?attachment",
    "plans_fails": "a_jaunais_-ca-plans_30.03.2023_publikacijai_0.md",
    "lpp": 121,
    "citats": "|1.|**Ogres novada kultūras centrs**|Brīvības iela 15, Ogre, Ogres<br>novads,LV-5001|56.8171304|24.6005461|",
    "izdevejs": "Ogres novads (pašvaldība)",
    "geokodesana": "plan_coords",
    "adrese_vzd": "Brīvības iela 15, Ogre, Ogres nov., LV-5001",
    "vzd_kods": "101354237",
    "plana_lat": 56.8171304,
    "plana_lon": 24.6005461,
    "koord_teksts": "56.8171304|24.6005461",
    "karodzini": [],
    "komentars": "Avots: Ogres novada CA plāns, lpp. 121",
    "id": "ogres-novads-evak-1"
   },
   "geometry": {
    "type": "Point",
    "coordinates": [
     24.600546,
     56.81713
    ]
   }
  },
  {
   "type": "Feature",
   "properties": {
    "kategorija": "evakuacijas_punkts",
    "nosaukums": "Ogres pilsētas dzelzceļa stacija",
    "adrese": "Skolas iela 1, Ogre, Ogres novads,LV-5001",
    "pasvaldiba": "Ogres novads",
    "pasvaldiba_slug": "ogres-novads",
    "nr_plana": 2,
    "avots_teksts": "Avots: Ogres novada CA plāns, lpp. 121",
    "plans_url": "https://www.ogresnovads.lv/lv/media/127114/download?attachment",
    "plans_fails": "a_jaunais_-ca-plans_30.03.2023_publikacijai_0.md",
    "lpp": 121,
    "citats": "|2.|**Ogres pilsētas dzelzceļa stacija**|Skolas iela 1, Ogre, Ogres<br>novads,LV-5001|56.8150123|24.5822824|",
    "izdevejs": "Ogres novads (pašvaldība)",
    "geokodesana": "varis_address",
    "adrese_vzd": "Skolas iela 1, Ogre, Ogres nov., LV-5001",
    "vzd_kods": "102153097",
    "plana_lat": 56.8150123,
    "plana_lon": 24.5822824,
    "koord_teksts": "56.8150123|24.5822824",
    "karodzini": [
     "plan_coords_far_from_address"
    ],
    "komentars": "Avots: Ogres novada CA plāns, lpp. 121 · plāna koordinātas kļūdainas, vieta noteikta pēc adreses (VZD)",
    "id": "ogres-novads-evak-2"
   },
   "geometry": {
    "type": "Point",
    "coordinates": [
     24.599828,
     56.815241
    ]
   }
  },
  {
   "type": "Feature",
   "properties": {
    "kategorija": "evakuacijas_punkts",
    "nosaukums": "Ogresgala pamatskola",
    "adrese": "Nākotnes iela 4, Ogresgals, Ogres novads,LV-5041",
    "pasvaldiba": "Ogres novads",
    "pasvaldiba_slug": "ogres-novads",
    "nr_plana": 3,
    "avots_teksts": "Avots: Ogres novada CA plāns, lpp. 121",
    "plans_url": "https://www.ogresnovads.lv/lv/media/127114/download?attachment",
    "plans_fails": "a_jaunais_-ca-plans_30.03.2023_publikacijai_0.md",
    "lpp": 121,
    "citats": "|3.|**Ogresgala pamatskola**|Nākotnes iela 4, Ogresgals,<br>Ogres novads,LV-5041|56.8058044|24.7275629|",
    "izdevejs": "Ogres novads (pašvaldība)",
    "geokodesana": "plan_coords",
    "adrese_vzd": "Nākotnes iela 4, Ogresgals, Ogresgala pag., Ogres nov., LV-5041",
    "vzd_kods": "103349121",
    "plana_lat": 56.8058044,
    "plana_lon": 24.7275629,
    "koord_teksts": "56.8058044|24.7275629",
    "karodzini": [],
    "komentars": "Avots: Ogres novada CA plāns, lpp. 121",
    "id": "ogres-novads-evak-3"
   },
   "geometry": {
    "type": "Point",
    "coordinates": [
     24.727563,
     56.805804
    ]
   }
  },
  {
   "type": "Feature",
   "properties": {
    "kategorija": "evakuacijas_punkts",
    "nosaukums": "Ikšķiles centra laukums",
    "adrese": "Skolas iela 2, Ikšķile, Ogres novads,LV-5052",
    "pasvaldiba": "Ogres novads",
    "pasvaldiba_slug": "ogres-novads",
    "nr_plana": 4,
    "avots_teksts": "Avots: Ogres novada CA plāns, lpp. 121",
    "plans_url": "https://www.ogresnovads.lv/lv/media/127114/download?attachment",
    "plans_fails": "a_jaunais_-ca-plans_30.03.2023_publikacijai_0.md",
    "lpp": 121,
    "citats": "|4.|**Ikšķiles centra laukums**|Skolas iela 2, Ikšķile, Ogres<br>novads,LV-5052|56.8359986|24.4913526|",
    "izdevejs": "Ogres novads (pašvaldība)",
    "geokodesana": "plan_coords",
    "adrese_vzd": "Skolas iela 2, Ikšķile, Ogres nov., LV-5052",
    "vzd_kods": "103720426",
    "plana_lat": 56.8359986,
    "plana_lon": 24.4913526,
    "koord_teksts": "56.8359986|24.4913526",
    "karodzini": [],
    "komentars": "Avots: Ogres novada CA plāns, lpp. 121",
    "id": "ogres-novads-evak-4"
   },
   "geometry": {
    "type": "Point",
    "coordinates": [
     24.491353,
     56.835999
    ]
   }
  },
  {
   "type": "Feature",
   "properties": {
    "kategorija": "evakuacijas_punkts",
    "nosaukums": "Ikšķiles dzelzceļa stacija",
    "adrese": "Ausekļa iela, Ikšķile, Ogres novads,LV-5052",
    "pasvaldiba": "Ogres novads",
    "pasvaldiba_slug": "ogres-novads",
    "nr_plana": 5,
    "avots_teksts": "Avots: Ogres novada CA plāns, lpp. 121",
    "plans_url": "https://www.ogresnovads.lv/lv/media/127114/download?attachment",
    "plans_fails": "a_jaunais_-ca-plans_30.03.2023_publikacijai_0.md",
    "lpp": 121,
    "citats": "|5.|**Ikšķiles dzelzceļa stacija**|Ausekļa iela, Ikšķile, Ogres<br>novads,LV-5052|56.839394|24.5035987|",
    "izdevejs": "Ogres novads (pašvaldība)",
    "geokodesana": "plan_coords",
    "adrese_vzd": null,
    "vzd_kods": null,
    "plana_lat": 56.839394,
    "plana_lon": 24.5035987,
    "koord_teksts": "56.839394|24.5035987",
    "karodzini": [],
    "komentars": "Avots: Ogres novada CA plāns, lpp. 121",
    "id": "ogres-novads-evak-5"
   },
   "geometry": {
    "type": "Point",
    "coordinates": [
     24.503599,
     56.839394
    ]
   }
  },
  {
   "type": "Feature",
   "properties": {
    "kategorija": "evakuacijas_punkts",
    "nosaukums": "Tīnūžu tautas nams",
    "adrese": "“Kraujas”, Tīnūži, Ogres novads,LV-5052",
    "pasvaldiba": "Ogres novads",
    "pasvaldiba_slug": "ogres-novads",
    "nr_plana": 6,
    "avots_teksts": "Avots: Ogres novada CA plāns, lpp. 121",
    "plans_url": "https://www.ogresnovads.lv/lv/media/127114/download?attachment",
    "plans_fails": "a_jaunais_-ca-plans_30.03.2023_publikacijai_0.md",
    "lpp": 121,
    "citats": "|6.|**Tīnūžu tautas nams**|“Kraujas”, Tīnūži, Ogres<br>novads,LV-5052|56.8680484|24.5679128|",
    "izdevejs": "Ogres novads (pašvaldība)",
    "geokodesana": "plan_coords",
    "adrese_vzd": "\"Kraujas\", Tīnūži, Tīnūžu pag., Ogres nov., LV-5015",
    "vzd_kods": "103719118",
    "plana_lat": 56.8680484,
    "plana_lon": 24.5679128,
    "koord_teksts": "56.8680484|24.5679128",
    "karodzini": [],
    "komentars": "Avots: Ogres novada CA plāns, lpp. 121",
    "id": "ogres-novads-evak-6"
   },
   "geometry": {
    "type": "Point",
    "coordinates": [
     24.567913,
     56.868048
    ]
   }
  },
  {
   "type": "Feature",
   "properties": {
    "kategorija": "evakuacijas_punkts",
    "nosaukums": "Ķeguma vidusskola",
    "adrese": "Skolas iela 10, Ķegums, Ogres novads, LV-5020",
    "pasvaldiba": "Ogres novads",
    "pasvaldiba_slug": "ogres-novads",
    "nr_plana": 7,
    "avots_teksts": "Avots: Ogres novada CA plāns, lpp. 121",
    "plans_url": "https://www.ogresnovads.lv/lv/media/127114/download?attachment",
    "plans_fails": "a_jaunais_-ca-plans_30.03.2023_publikacijai_0.md",
    "lpp": 121,
    "citats": "|7.|**Ķeguma vidusskola**|Skolas iela 10, Ķegums,<br>Ogres novads, LV-5020|56.7470782|24.7118709|",
    "izdevejs": "Ogres novads (pašvaldība)",
    "geokodesana": "plan_coords",
    "adrese_vzd": "Skolas iela 10, Ķegums, Ogres nov., LV-5020",
    "vzd_kods": "102157176",
    "plana_lat": 56.7470782,
    "plana_lon": 24.7118709,
    "koord_teksts": "56.7470782|24.7118709",
    "karodzini": [],
    "komentars": "Avots: Ogres novada CA plāns, lpp. 121",
    "id": "ogres-novads-evak-7"
   },
   "geometry": {
    "type": "Point",
    "coordinates": [
     24.711871,
     56.747078
    ]
   }
  },
  {
   "type": "Feature",
   "properties": {
    "kategorija": "evakuacijas_punkts",
    "nosaukums": "Ķeguma dzelzceļa stacija",
    "adrese": "Stacijas laukums 1, Ķegums, Ogres novads,LV-5020",
    "pasvaldiba": "Ogres novads",
    "pasvaldiba_slug": "ogres-novads",
    "nr_plana": 8,
    "avots_teksts": "Avots: Ogres novada CA plāns, lpp. 121",
    "plans_url": "https://www.ogresnovads.lv/lv/media/127114/download?attachment",
    "plans_fails": "a_jaunais_-ca-plans_30.03.2023_publikacijai_0.md",
    "lpp": 121,
    "citats": "|8.|**Ķeguma dzelzceļa stacija**|Stacijas laukums 1, Ķegums,<br>Ogres novads,LV-5020|56.7414506|24.7233884|",
    "izdevejs": "Ogres novads (pašvaldība)",
    "geokodesana": "plan_coords",
    "adrese_vzd": "Stacijas laukums 1, Ķegums, Ogres nov., LV-5020",
    "vzd_kods": "101378200",
    "plana_lat": 56.7414506,
    "plana_lon": 24.7233884,
    "koord_teksts": "56.7414506|24.7233884",
    "karodzini": [],
    "komentars": "Avots: Ogres novada CA plāns, lpp. 121",
    "id": "ogres-novads-evak-8"
   },
   "geometry": {
    "type": "Point",
    "coordinates": [
     24.723388,
     56.741451
    ]
   }
  },
  {
   "type": "Feature",
   "properties": {
    "kategorija": "evakuacijas_punkts",
    "nosaukums": "Lielvārdes vidusskola",
    "adrese": "Gaismas 17, Lielvārde, Ogres novads,LV-5070",
    "pasvaldiba": "Ogres novads",
    "pasvaldiba_slug": "ogres-novads",
    "nr_plana": 9,
    "avots_teksts": "Avots: Ogres novada CA plāns, lpp. 121",
    "plans_url": "https://www.ogresnovads.lv/lv/media/127114/download?attachment",
    "plans_fails": "a_jaunais_-ca-plans_30.03.2023_publikacijai_0.md",
    "lpp": 121,
    "citats": "|9.|**Lielvārdes vidusskola**|Gaismas 17, Lielvārde, Ogres<br>novads,LV-5070|56.7137415|24.8170542|",
    "izdevejs": "Ogres novads (pašvaldība)",
    "geokodesana": "plan_coords",
    "adrese_vzd": "Gaismas iela 17, Lielvārde, Ogres nov., LV-5070",
    "vzd_kods": "104475414",
    "plana_lat": 56.7137415,
    "plana_lon": 24.8170542,
    "koord_teksts": "56.7137415|24.8170542",
    "karodzini": [],
    "komentars": "Avots: Ogres novada CA plāns, lpp. 121",
    "id": "ogres-novads-evak-9"
   },
   "geometry": {
    "type": "Point",
    "coordinates": [
     24.817054,
     56.713741
    ]
   }
  },
  {
   "type": "Feature",
   "properties": {
    "kategorija": "evakuacijas_punkts",
    "nosaukums": "Lielvārdes dzelzceļa stacija",
    "adrese": "Lielvārde, Lielvārdes pilsēta, LV-5070",
    "pasvaldiba": "Ogres novads",
    "pasvaldiba_slug": "ogres-novads",
    "nr_plana": 10,
    "avots_teksts": "Avots: Ogres novada CA plāns, lpp. 121",
    "plans_url": "https://www.ogresnovads.lv/lv/media/127114/download?attachment",
    "plans_fails": "a_jaunais_-ca-plans_30.03.2023_publikacijai_0.md",
    "lpp": 121,
    "citats": "|10.|**Lielvārdes dzelzceļa stacija**|Lielvārde, Lielvārdes pilsēta,<br>LV-5070|56.722024|24.8057242|",
    "izdevejs": "Ogres novads (pašvaldība)",
    "geokodesana": "plan_coords",
    "adrese_vzd": null,
    "vzd_kods": null,
    "plana_lat": 56.722024,
    "plana_lon": 24.8057242,
    "koord_teksts": "56.722024|24.8057242",
    "karodzini": [],
    "komentars": "Avots: Ogres novada CA plāns, lpp. 121",
    "id": "ogres-novads-evak-10"
   },
   "geometry": {
    "type": "Point",
    "coordinates": [
     24.805724,
     56.722024
    ]
   }
  },
  {
   "type": "Feature",
   "properties": {
    "kategorija": "evakuacijas_punkts",
    "nosaukums": "Birzgales pamatskola",
    "adrese": "Skolas iela 1, Birzgale, Birzgales pagasts, Ogres novads,LV-5033",
    "pasvaldiba": "Ogres novads",
    "pasvaldiba_slug": "ogres-novads",
    "nr_plana": 11,
    "avots_teksts": "Avots: Ogres novada CA plāns, lpp. 121",
    "plans_url": "https://www.ogresnovads.lv/lv/media/127114/download?attachment",
    "plans_fails": "a_jaunais_-ca-plans_30.03.2023_publikacijai_0.md",
    "lpp": 121,
    "citats": "|11.|**Birzgales pamatskola**|Skolas iela 1, Birzgale,<br>Birzgales pagasts, Ogres<br>novads,LV-5033|56.629998|24.759819|",
    "izdevejs": "Ogres novads (pašvaldība)",
    "geokodesana": "plan_coords",
    "adrese_vzd": "Skolas iela 1, Birzgale, Birzgales pag., Ogres nov., LV-5033",
    "vzd_kods": "102977904",
    "plana_lat": 56.629998,
    "plana_lon": 24.759819,
    "koord_teksts": "56.629998|24.759819",
    "karodzini": [],
    "komentars": "Avots: Ogres novada CA plāns, lpp. 121",
    "id": "ogres-novads-evak-11"
   },
   "geometry": {
    "type": "Point",
    "coordinates": [
     24.759819,
     56.629998
    ]
   }
  },
  {
   "type": "Feature",
   "properties": {
    "kategorija": "evakuacijas_punkts",
    "nosaukums": "Birzgales tautas nams",
    "adrese": "Skolas iela 2, Birzgales pagasts, Ogres novads, LV -5033",
    "pasvaldiba": "Ogres novads",
    "pasvaldiba_slug": "ogres-novads",
    "nr_plana": 12,
    "avots_teksts": "Avots: Ogres novada CA plāns, lpp. 121",
    "plans_url": "https://www.ogresnovads.lv/lv/media/127114/download?attachment",
    "plans_fails": "a_jaunais_-ca-plans_30.03.2023_publikacijai_0.md",
    "lpp": 121,
    "citats": "|12.|**Birzgales tautas nams**|Skolas iela 2, Birzgales<br>pagasts, Ogres novads, LV -<br>5033|56.6307009|24.7542936|",
    "izdevejs": "Ogres novads (pašvaldība)",
    "geokodesana": "plan_coords",
    "adrese_vzd": "Skolas iela 2, Birzgale, Birzgales pag., Ogres nov., LV-5033",
    "vzd_kods": "102977912",
    "plana_lat": 56.6307009,
    "plana_lon": 24.7542936,
    "koord_teksts": "56.6307009|24.7542936",
    "karodzini": [],
    "komentars": "Avots: Ogres novada CA plāns, lpp. 121",
    "id": "ogres-novads-evak-12"
   },
   "geometry": {
    "type": "Point",
    "coordinates": [
     24.754294,
     56.630701
    ]
   }
  },
  {
   "type": "Feature",
   "properties": {
    "kategorija": "evakuacijas_punkts",
    "nosaukums": "Tomes pagasta pārvalde",
    "adrese": "“Ābelītes”, Tomē, Tomes pag., Ogres nov.,LV-5020",
    "pasvaldiba": "Ogres novads",
    "pasvaldiba_slug": "ogres-novads",
    "nr_plana": 13,
    "avots_teksts": "Avots: Ogres novada CA plāns, lpp. 121",
    "plans_url": "https://www.ogresnovads.lv/lv/media/127114/download?attachment",
    "plans_fails": "a_jaunais_-ca-plans_30.03.2023_publikacijai_0.md",
    "lpp": 121,
    "citats": "|13.|**Tomes pagasta pārvalde**|“Ābelītes”, Tomē, Tomes pag.,<br>Ogres nov.,LV-5020|56.6511548|24.0294849|",
    "izdevejs": "Ogres novads (pašvaldība)",
    "geokodesana": "varis_address",
    "adrese_vzd": "\"Ābelītes\", Tome, Tomes pag., Ogres nov., LV-5020",
    "vzd_kods": "105310965",
    "plana_lat": 56.6511548,
    "plana_lon": 24.0294849,
    "koord_teksts": "56.6511548|24.0294849",
    "karodzini": [
     "plan_coordinate_error"
    ],
    "izvilkuma_piezime": "lon as written lies west of Ogre county (county spans roughly 24.4-25.4 E); coordinate likely wrong",
    "komentars": "Avots: Ogres novada CA plāns, lpp. 121 · plāna koordinātas kļūdainas, vieta noteikta pēc adreses (VZD)",
    "id": "ogres-novads-evak-13"
   },
   "geometry": {
    "type": "Point",
    "coordinates": [
     24.644437,
     56.754111
    ]
   }
  },
  {
   "type": "Feature",
   "properties": {
    "kategorija": "evakuacijas_punkts",
    "nosaukums": "Rembates pagasta pārvalde",
    "adrese": "Lielvārdes ielā 3, Rembatē, Rembates pag., Ogres nov., LV-5016",
    "pasvaldiba": "Ogres novads",
    "pasvaldiba_slug": "ogres-novads",
    "nr_plana": 14,
    "avots_teksts": "Avots: Ogres novada CA plāns, lpp. 121",
    "plans_url": "https://www.ogresnovads.lv/lv/media/127114/download?attachment",
    "plans_fails": "a_jaunais_-ca-plans_30.03.2023_publikacijai_0.md",
    "lpp": 121,
    "citats": "|14.|**Rembates pagasta pārvalde**|Lielvārdes ielā 3, Rembatē,<br>Rembates pag., Ogres nov.,<br>LV-5016|56.6527933|23.9424099|",
    "izdevejs": "Ogres novads (pašvaldība)",
    "geokodesana": "varis_address",
    "adrese_vzd": "Lielvārdes iela 3, Rembate, Rembates pag., Ogres nov., LV-5016",
    "vzd_kods": "102164823",
    "plana_lat": 56.6527933,
    "plana_lon": 23.9424099,
    "koord_teksts": "56.6527933|23.9424099",
    "karodzini": [
     "plan_coordinate_error"
    ],
    "izvilkuma_piezime": "lon as written lies west of Ogre county (county spans roughly 24.4-25.4 E); coordinate likely wrong",
    "komentars": "Avots: Ogres novada CA plāns, lpp. 121 · plāna koordinātas kļūdainas, vieta noteikta pēc adreses (VZD)",
    "id": "ogres-novads-evak-14"
   },
   "geometry": {
    "type": "Point",
    "coordinates": [
     24.783189,
     56.755309
    ]
   }
  },
  {
   "type": "Feature",
   "properties": {
    "kategorija": "evakuacijas_punkts",
    "nosaukums": "Madlienas pagasta pārvalde",
    "adrese": "\"Pagastmāja\", Madliena, Madlienas pagasts, Ogres novads,LV-5045",
    "pasvaldiba": "Ogres novads",
    "pasvaldiba_slug": "ogres-novads",
    "nr_plana": 15,
    "avots_teksts": "Avots: Ogres novada CA plāns, lpp. 121",
    "plans_url": "https://www.ogresnovads.lv/lv/media/127114/download?attachment",
    "plans_fails": "a_jaunais_-ca-plans_30.03.2023_publikacijai_0.md",
    "lpp": 121,
    "citats": "|15.|**Madlienas pagasta pārvalde**|\"Pagastmāja\", Madliena,<br>Madlienas pagasts, Ogres<br>novads,LV-5045|56.8467475|25.1534828|",
    "izdevejs": "Ogres novads (pašvaldība)",
    "geokodesana": "plan_coords",
    "adrese_vzd": "\"Pagastmāja\", Madliena, Madlienas pag., Ogres nov., LV-5045",
    "vzd_kods": "104407921",
    "plana_lat": 56.8467475,
    "plana_lon": 25.1534828,
    "koord_teksts": "56.8467475|25.1534828",
    "karodzini": [],
    "komentars": "Avots: Ogres novada CA plāns, lpp. 121",
    "id": "ogres-novads-evak-15"
   },
   "geometry": {
    "type": "Point",
    "coordinates": [
     25.153483,
     56.846747
    ]
   }
  },
  {
   "type": "Feature",
   "properties": {
    "kategorija": "evakuacijas_punkts",
    "nosaukums": "Ķeipenes pamatskola",
    "adrese": "Ziedu iela 3, Ķeipene, Ķeipenes pagasts, Ogres novads,LV-5062",
    "pasvaldiba": "Ogres novads",
    "pasvaldiba_slug": "ogres-novads",
    "nr_plana": 16,
    "avots_teksts": "Avots: Ogres novada CA plāns, lpp. 121",
    "plans_url": "https://www.ogresnovads.lv/lv/media/127114/download?attachment",
    "plans_fails": "a_jaunais_-ca-plans_30.03.2023_publikacijai_0.md",
    "lpp": 121,
    "citats": "|16.|**Ķeipenes pamatskola**|Ziedu iela 3, Ķeipene,<br>Ķeipenes pagasts, Ogres<br>novads,LV-5062|56.8902488|25.1827238|",
    "izdevejs": "Ogres novads (pašvaldība)",
    "geokodesana": "plan_coords",
    "adrese_vzd": "Ziedu iela 3, Ķeipene, Ķeipenes pag., Ogres nov., LV-5062",
    "vzd_kods": "103673792",
    "plana_lat": 56.8902488,
    "plana_lon": 25.1827238,
    "koord_teksts": "56.8902488|25.1827238",
    "karodzini": [],
    "komentars": "Avots: Ogres novada CA plāns, lpp. 121",
    "id": "ogres-novads-evak-16"
   },
   "geometry": {
    "type": "Point",
    "coordinates": [
     25.182724,
     56.890249
    ]
   }
  },
  {
   "type": "Feature",
   "properties": {
    "kategorija": "evakuacijas_punkts",
    "nosaukums": "Taurupes tautas nams",
    "adrese": "Bērzu iela 9, Taurupe, Taurupes pagasts, Ogres novads",
    "pasvaldiba": "Ogres novads",
    "pasvaldiba_slug": "ogres-novads",
    "nr_plana": 17,
    "avots_teksts": "Avots: Ogres novada CA plāns, lpp. 122",
    "plans_url": "https://www.ogresnovads.lv/lv/media/127114/download?attachment",
    "plans_fails": "a_jaunais_-ca-plans_30.03.2023_publikacijai_0.md",
    "lpp": 122,
    "citats": "|17.|**Taurupes tautas nams**|Bērzu iela 9, Taurupe,<br>Taurupes pagasts, Ogres<br>novads|56.884615|25.339031|",
    "izdevejs": "Ogres novads (pašvaldība)",
    "geokodesana": "plan_coords",
    "adrese_vzd": "Bērzu iela 9, Taurupe, Taurupes pag., Ogres nov., LV-5064",
    "vzd_kods": "106183560",
    "plana_lat": 56.884615,
    "plana_lon": 25.339031,
    "koord_teksts": "56.884615|25.339031",
    "karodzini": [],
    "komentars": "Avots: Ogres novada CA plāns, lpp. 122",
    "id": "ogres-novads-evak-17"
   },
   "geometry": {
    "type": "Point",
    "coordinates": [
     25.339031,
     56.884615
    ]
   }
  },
  {
   "type": "Feature",
   "properties": {
    "kategorija": "evakuacijas_punkts",
    "nosaukums": "Taurupes pamatskolas Mazozolu filiāle",
    "adrese": "„Jaunā skola”, Līčupe, Mazozolu pagasts, Ogres novads LV-5065",
    "pasvaldiba": "Ogres novads",
    "pasvaldiba_slug": "ogres-novads",
    "nr_plana": 19,
    "avots_teksts": "Avots: Ogres novada CA plāns, lpp. 122",
    "plans_url": "https://www.ogresnovads.lv/lv/media/127114/download?attachment",
    "plans_fails": "a_jaunais_-ca-plans_30.03.2023_publikacijai_0.md",
    "lpp": 122,
    "citats": "|19.|**Taurupes pamatskolas Mazozolu**<br>**filiāle**|„Jaunā skola”, Līčupe,<br>Mazozolu pagasts, Ogres<br>novads LV-5065|56.8855318|25.3472421|",
    "izdevejs": "Ogres novads (pašvaldība)",
    "geokodesana": "plan_coords",
    "adrese_vzd": null,
    "vzd_kods": null,
    "plana_lat": 56.8855318,
    "plana_lon": 25.3472421,
    "koord_teksts": "56.8855318|25.3472421",
    "karodzini": [],
    "komentars": "Avots: Ogres novada CA plāns, lpp. 122",
    "id": "ogres-novads-evak-18"
   },
   "geometry": {
    "type": "Point",
    "coordinates": [
     25.347242,
     56.885532
    ]
   }
  },
  {
   "type": "Feature",
   "properties": {
    "kategorija": "evakuacijas_punkts",
    "nosaukums": "Krapes pagasta pārvalde",
    "adrese": "Krape, Krapes pagasts, Ogres novads,LV-5012,Latvija",
    "pasvaldiba": "Ogres novads",
    "pasvaldiba_slug": "ogres-novads",
    "nr_plana": 20,
    "avots_teksts": "Avots: Ogres novada CA plāns, lpp. 122",
    "plans_url": "https://www.ogresnovads.lv/lv/media/127114/download?attachment",
    "plans_fails": "a_jaunais_-ca-plans_30.03.2023_publikacijai_0.md",
    "lpp": 122,
    "citats": "|20.|**Krapes pagasta pārvalde**|Krape, Krapes pagasts, Ogres<br>novads,LV-5012,Latvija|56.7428198|25.1238784|",
    "izdevejs": "Ogres novads (pašvaldība)",
    "geokodesana": "plan_coords",
    "adrese_vzd": null,
    "vzd_kods": null,
    "plana_lat": 56.7428198,
    "plana_lon": 25.1238784,
    "koord_teksts": "56.7428198|25.1238784",
    "karodzini": [],
    "izvilkuma_piezime": "same place/coordinates listed twice (#20 and #26 Krapes pagasta pārvalde)",
    "komentars": "Avots: Ogres novada CA plāns, lpp. 122",
    "dublikati": [
     "Krapes pagasta pārvalde (nr. 26, lpp. 122)"
    ],
    "id": "ogres-novads-evak-19"
   },
   "geometry": {
    "type": "Point",
    "coordinates": [
     25.123878,
     56.74282
    ]
   }
  },
  {
   "type": "Feature",
   "properties": {
    "kategorija": "evakuacijas_punkts",
    "nosaukums": "Suntažu tautas nams",
    "adrese": "Tautas nams, Suntažu pagasts, Ogres novads, LV-5060",
    "pasvaldiba": "Ogres novads",
    "pasvaldiba_slug": "ogres-novads",
    "nr_plana": 21,
    "avots_teksts": "Avots: Ogres novada CA plāns, lpp. 122",
    "plans_url": "https://www.ogresnovads.lv/lv/media/127114/download?attachment",
    "plans_fails": "a_jaunais_-ca-plans_30.03.2023_publikacijai_0.md",
    "lpp": 122,
    "citats": "|21.|**Suntažu tautas nams**|Tautas nams, Suntažu<br>pagasts, Ogres novads,<br>LV-5060|56.9043571|24.9253035|",
    "izdevejs": "Ogres novads (pašvaldība)",
    "geokodesana": "plan_coords",
    "adrese_vzd": "\"Tautas nams\", Suntaži, Suntažu pag., Ogres nov., LV-5060",
    "vzd_kods": "105393976",
    "plana_lat": 56.9043571,
    "plana_lon": 24.9253035,
    "koord_teksts": "56.9043571|24.9253035",
    "karodzini": [],
    "komentars": "Avots: Ogres novada CA plāns, lpp. 122",
    "id": "ogres-novads-evak-20"
   },
   "geometry": {
    "type": "Point",
    "coordinates": [
     24.925303,
     56.904357
    ]
   }
  },
  {
   "type": "Feature",
   "properties": {
    "kategorija": "evakuacijas_punkts",
    "nosaukums": "Laubers pagasta pārvalde",
    "adrese": "Ozolu iela 3, Laubere, Lauberes pagasts, Ogres novads,LV- 5044",
    "pasvaldiba": "Ogres novads",
    "pasvaldiba_slug": "ogres-novads",
    "nr_plana": 22,
    "avots_teksts": "Avots: Ogres novada CA plāns, lpp. 122",
    "plans_url": "https://www.ogresnovads.lv/lv/media/127114/download?attachment",
    "plans_fails": "a_jaunais_-ca-plans_30.03.2023_publikacijai_0.md",
    "lpp": 122,
    "citats": "|22.|**Laubers pagasta pārvalde**|Ozolu iela 3, Laubere,<br>Lauberes pagasts, Ogres<br>novads,LV- 5044|56.858015|25.017090|",
    "izdevejs": "Ogres novads (pašvaldība)",
    "geokodesana": "plan_coords",
    "adrese_vzd": "Ozolu iela 3, Laubere, Lauberes pag., Ogres nov., LV-5044",
    "vzd_kods": "102852103",
    "plana_lat": 56.858015,
    "plana_lon": 25.01709,
    "koord_teksts": "56.858015|25.017090",
    "karodzini": [],
    "komentars": "Avots: Ogres novada CA plāns, lpp. 122",
    "dublikati": [
     "Lauberes pagasta pārvalde (nr. 27, lpp. 122)"
    ],
    "id": "ogres-novads-evak-21"
   },
   "geometry": {
    "type": "Point",
    "coordinates": [
     25.01709,
     56.858015
    ]
   }
  },
  {
   "type": "Feature",
   "properties": {
    "kategorija": "evakuacijas_punkts",
    "nosaukums": "Mazozolu pagasta pārvalde",
    "adrese": "Rīgas ielā 5, Līčupē, Mazozolu pag., Ogres nov., LV-5065",
    "pasvaldiba": "Ogres novads",
    "pasvaldiba_slug": "ogres-novads",
    "nr_plana": 23,
    "avots_teksts": "Avots: Ogres novada CA plāns, lpp. 122",
    "plans_url": "https://www.ogresnovads.lv/lv/media/127114/download?attachment",
    "plans_fails": "a_jaunais_-ca-plans_30.03.2023_publikacijai_0.md",
    "lpp": 122,
    "citats": "|23.|**Mazozolu pagasta pārvalde**|Rīgas ielā 5, Līčupē,<br>Mazozolu pag., Ogres nov.,<br>LV-5065|56.924867|25.3057885|",
    "izdevejs": "Ogres novads (pašvaldība)",
    "geokodesana": "varis_address",
    "adrese_vzd": "Rīgas iela 5, Līčupe, Mazozolu pag., Ogres nov., LV-5065",
    "vzd_kods": "105463323",
    "plana_lat": 56.924867,
    "plana_lon": 25.3057885,
    "koord_teksts": "56.924867|25.3057885",
    "karodzini": [
     "plan_coords_far_from_address"
    ],
    "komentars": "Avots: Ogres novada CA plāns, lpp. 122 · plāna koordinātas kļūdainas, vieta noteikta pēc adreses (VZD)",
    "id": "ogres-novads-evak-22"
   },
   "geometry": {
    "type": "Point",
    "coordinates": [
     25.417587,
     56.895951
    ]
   }
  },
  {
   "type": "Feature",
   "properties": {
    "kategorija": "evakuacijas_punkts",
    "nosaukums": "Meņgeles pagasta pārvalde",
    "adrese": "“Pagastmāja”, Meņģelē, Meņģeles pag., Ogres nov., LV-5047",
    "pasvaldiba": "Ogres novads",
    "pasvaldiba_slug": "ogres-novads",
    "nr_plana": 24,
    "avots_teksts": "Avots: Ogres novada CA plāns, lpp. 122",
    "plans_url": "https://www.ogresnovads.lv/lv/media/127114/download?attachment",
    "plans_fails": "a_jaunais_-ca-plans_30.03.2023_publikacijai_0.md",
    "lpp": 122,
    "citats": "|24.|**Meņgeles pagasta pārvalde**|“Pagastmāja”, Meņģelē,<br>Meņģeles pag., Ogres nov.,<br>LV-5047|56.8478436|24.611051|",
    "izdevejs": "Ogres novads (pašvaldība)",
    "geokodesana": "varis_address",
    "adrese_vzd": "\"Pagastmāja\", Meņģele, Meņģeles pag., Ogres nov., LV-5047",
    "vzd_kods": "105464575",
    "plana_lat": 56.8478436,
    "plana_lon": 24.611051,
    "koord_teksts": "56.8478436|24.611051",
    "karodzini": [
     "plan_coords_far_from_address"
    ],
    "komentars": "Avots: Ogres novada CA plāns, lpp. 122 · plāna koordinātas kļūdainas, vieta noteikta pēc adreses (VZD)",
    "id": "ogres-novads-evak-23"
   },
   "geometry": {
    "type": "Point",
    "coordinates": [
     25.419323,
     56.805909
    ]
   }
  },
  {
   "type": "Feature",
   "properties": {
    "kategorija": "evakuacijas_punkts",
    "nosaukums": "Jumpravas pagasta pārvalde",
    "adrese": "Daugavas ielā 6, Jumpravā, Jumpravas pag., Ogres nov., LV-5022",
    "pasvaldiba": "Ogres novads",
    "pasvaldiba_slug": "ogres-novads",
    "nr_plana": 25,
    "avots_teksts": "Avots: Ogres novada CA plāns, lpp. 122",
    "plans_url": "https://www.ogresnovads.lv/lv/media/127114/download?attachment",
    "plans_fails": "a_jaunais_-ca-plans_30.03.2023_publikacijai_0.md",
    "lpp": 122,
    "citats": "|25.|**Jumpravas pagasta pārvalde**|Daugavas ielā 6, Jumpravā,<br>Jumpravas pag., Ogres nov.,<br>LV-5022|56.562258|24.7386229|",
    "izdevejs": "Ogres novads (pašvaldība)",
    "geokodesana": "varis_address",
    "adrese_vzd": "Daugavas iela 6, Jumprava, Jumpravas pag., Ogres nov., LV-5022",
    "vzd_kods": "101386843",
    "plana_lat": 56.562258,
    "plana_lon": 24.7386229,
    "koord_teksts": "56.562258|24.7386229",
    "karodzini": [
     "plan_coords_far_from_address"
    ],
    "izvilkuma_piezime": "same place listed twice (#25 and #29 Jumpravas pagasta pārvalde)",
    "komentars": "Avots: Ogres novada CA plāns, lpp. 122 · plāna koordinātas kļūdainas, vieta noteikta pēc adreses (VZD)",
    "dublikati": [
     "Jumpravas pagasta pārvalde (nr. 29, lpp. 122)"
    ],
    "id": "ogres-novads-evak-24"
   },
   "geometry": {
    "type": "Point",
    "coordinates": [
     24.971395,
     56.676064
    ]
   }
  },
  {
   "type": "Feature",
   "properties": {
    "kategorija": "evakuacijas_punkts",
    "nosaukums": "Lēdmanes pagasta pārvalde",
    "adrese": "“Pagastmāja”, Lēdmanē, Lēdmanes pag., Ogres nov., LV-5011",
    "pasvaldiba": "Ogres novads",
    "pasvaldiba_slug": "ogres-novads",
    "nr_plana": 28,
    "avots_teksts": "Avots: Ogres novada CA plāns, lpp. 122",
    "plans_url": "https://www.ogresnovads.lv/lv/media/127114/download?attachment",
    "plans_fails": "a_jaunais_-ca-plans_30.03.2023_publikacijai_0.md",
    "lpp": 122,
    "citats": "|28.|**Lēdmanes pagasta pārvalde**|“Pagastmāja”, Lēdmanē,<br>Lēdmanes pag., Ogres nov.,<br>LV-5011|56.7722954|24.8516233|",
    "izdevejs": "Ogres novads (pašvaldība)",
    "geokodesana": "varis_address",
    "adrese_vzd": "\"Pagastmāja\", Lēdmane, Lēdmanes pag., Ogres nov., LV-5011",
    "vzd_kods": "102711421",
    "plana_lat": 56.7722954,
    "plana_lon": 24.8516233,
    "koord_teksts": "56.7722954|24.8516233",
    "karodzini": [
     "plan_coords_far_from_address"
    ],
    "komentars": "Avots: Ogres novada CA plāns, lpp. 122 · plāna koordinātas kļūdainas, vieta noteikta pēc adreses (VZD)",
    "id": "ogres-novads-evak-25"
   },
   "geometry": {
    "type": "Point",
    "coordinates": [
     24.999687,
     56.767884
    ]
   }
  },
  {
   "type": "Feature",
   "properties": {
    "kategorija": "evakuacijas_punkts",
    "nosaukums": "Olaines stadions",
    "adrese": "Zeiferta iela 4, Olaine, Olaines nov., LV-2114",
    "pasvaldiba": "Olaines novads",
    "pasvaldiba_slug": "olaines-novads",
    "nr_plana": 1,
    "avots_teksts": "Avots: Olaines novada CA plāns",
    "plans_url": "https://www.olaine.lv/uploads/kcfinder/files/atseviski_faili/9._pielikums_Evakuacijas_pulcesanas_vietas.docx",
    "plans_fails": "9_pielikums_evakuacijas_pulcesanas_vietas.md",
    "lpp": null,
    "citats": "| 1\\. | Olaines stadions | Zeiferta iela 4, Olaine, Olaines nov., LV-2114 |",
    "izdevejs": "Olaines novads (pašvaldība)",
    "geokodesana": "varis_address",
    "adrese_vzd": "Zeiferta iela 4, Olaine, Olaines nov., LV-2114",
    "vzd_kods": "101273266",
    "plana_lat": null,
    "plana_lon": null,
    "koord_teksts": null,
    "karodzini": [],
    "komentars": "Avots: Olaines novada CA plāns · vieta noteikta pēc adreses (VZD)",
    "id": "olaines-novads-evak-1"
   },
   "geometry": {
    "type": "Point",
    "coordinates": [
     23.941872,
     56.787904
    ]
   }
  },
  {
   "type": "Feature",
   "properties": {
    "kategorija": "evakuacijas_punkts",
    "nosaukums": "Jaunolaines stadions",
    "adrese": "Meža iela 2, Jaunolaine, Olaines nov., LV-2127",
    "pasvaldiba": "Olaines novads",
    "pasvaldiba_slug": "olaines-novads",
    "nr_plana": 3,
    "avots_teksts": "Avots: Olaines novada CA plāns",
    "plans_url": "https://www.olaine.lv/uploads/kcfinder/files/atseviski_faili/9._pielikums_Evakuacijas_pulcesanas_vietas.docx",
    "plans_fails": "9_pielikums_evakuacijas_pulcesanas_vietas.md",
    "lpp": null,
    "citats": "| 3\\. | Jaunolaines stadions | Meža iela 2, Jaunolaine, Olaines nov., LV-2127 |",
    "izdevejs": "Olaines novads (pašvaldība)",
    "geokodesana": "varis_address",
    "adrese_vzd": "Meža iela 2, Jaunolaine, Olaines pag., Olaines nov., LV-2127",
    "vzd_kods": "102132764",
    "plana_lat": null,
    "plana_lon": null,
    "koord_teksts": null,
    "karodzini": [],
    "komentars": "Avots: Olaines novada CA plāns · vieta noteikta pēc adreses (VZD)",
    "id": "olaines-novads-evak-2"
   },
   "geometry": {
    "type": "Point",
    "coordinates": [
     23.988561,
     56.799127
    ]
   }
  },
  {
   "type": "Feature",
   "properties": {
    "kategorija": "evakuacijas_punkts",
    "nosaukums": "Olaines Sporta nams",
    "adrese": "Zemgales iela 33a, Olaine, Olaines nov., LV-2114",
    "pasvaldiba": "Olaines novads",
    "pasvaldiba_slug": "olaines-novads",
    "nr_plana": 4,
    "avots_teksts": "Avots: Olaines novada CA plāns",
    "plans_url": "https://www.olaine.lv/uploads/kcfinder/files/atseviski_faili/9._pielikums_Evakuacijas_pulcesanas_vietas.docx",
    "plans_fails": "9_pielikums_evakuacijas_pulcesanas_vietas.md",
    "lpp": null,
    "citats": "| 4\\. | Olaines Sporta nams | Zemgales iela 33a, Olaine, Olaines nov., LV-2114 |",
    "izdevejs": "Olaines novads (pašvaldība)",
    "geokodesana": "varis_address",
    "adrese_vzd": "Zemgales iela 33A, Olaine, Olaines nov., LV-2114",
    "vzd_kods": "101273362",
    "plana_lat": null,
    "plana_lon": null,
    "koord_teksts": null,
    "karodzini": [],
    "komentars": "Avots: Olaines novada CA plāns · vieta noteikta pēc adreses (VZD)",
    "id": "olaines-novads-evak-3"
   },
   "geometry": {
    "type": "Point",
    "coordinates": [
     23.936839,
     56.783275
    ]
   }
  },
  {
   "type": "Feature",
   "properties": {
    "kategorija": "evakuacijas_punkts",
    "nosaukums": "Jaunolaines Sporta nams",
    "adrese": "Meža iela 2b, Jaunolaine, Olaines nov., LV-2127",
    "pasvaldiba": "Olaines novads",
    "pasvaldiba_slug": "olaines-novads",
    "nr_plana": 5,
    "avots_teksts": "Avots: Olaines novada CA plāns",
    "plans_url": "https://www.olaine.lv/uploads/kcfinder/files/atseviski_faili/9._pielikums_Evakuacijas_pulcesanas_vietas.docx",
    "plans_fails": "9_pielikums_evakuacijas_pulcesanas_vietas.md",
    "lpp": null,
    "citats": "| 5\\. | Jaunolaines Sporta nams | Meža iela 2b, Jaunolaine, Olaines nov., LV-2127 |",
    "izdevejs": "Olaines novads (pašvaldība)",
    "geokodesana": "varis_address",
    "adrese_vzd": "Meža iela 2B, Jaunolaine, Olaines pag., Olaines nov., LV-2127",
    "vzd_kods": "106736233",
    "plana_lat": null,
    "plana_lon": null,
    "koord_teksts": null,
    "karodzini": [],
    "komentars": "Avots: Olaines novada CA plāns · vieta noteikta pēc adreses (VZD)",
    "id": "olaines-novads-evak-4"
   },
   "geometry": {
    "type": "Point",
    "coordinates": [
     23.98787,
     56.799199
    ]
   }
  },
  {
   "type": "Feature",
   "properties": {
    "kategorija": "evakuacijas_punkts",
    "nosaukums": "Aizkalnes Tautas nams",
    "adrese": "Raiņa iela 7,Aizkalne, Aizkalnes pagasts",
    "pasvaldiba": "Preiļu novads",
    "pasvaldiba_slug": "preilu-novads",
    "nr_plana": 1,
    "avots_teksts": "Avots: Preiļu novada CA plāns, lpp. 132",
    "plans_url": "https://www.preili.lv/lv/media/965/download?attachment",
    "plans_fails": "cak_plans_22_homepage.md",
    "lpp": 132,
    "citats": "|1.|Aizkalnes pagasts|Aizkalnes Tautas<br>nams|Raiņa iela<br>7,Aizkalne|56.20103025053394|26.78187554242784|",
    "izdevejs": "Preiļu novads (pašvaldība)",
    "geokodesana": "plan_coords",
    "adrese_vzd": "Raiņa iela 7, Aizkalne, Aizkalnes pag., Preiļu nov., LV-5305",
    "vzd_kods": "106271787",
    "plana_lat": 56.20103025053394,
    "plana_lon": 26.78187554242784,
    "koord_teksts": "56.20103025053394; 26.78187554242784",
    "karodzini": [],
    "izvilkuma_piezime": "territorial unit (column 'Teritoriālā struktūrvienība') appended to the address",
    "komentars": "Avots: Preiļu novada CA plāns, lpp. 132",
    "id": "preilu-novads-evak-1"
   },
   "geometry": {
    "type": "Point",
    "coordinates": [
     26.781876,
     56.20103
    ]
   }
  },
  {
   "type": "Feature",
   "properties": {
    "kategorija": "evakuacijas_punkts",
    "nosaukums": "Aizkalnes pagasta pārvalde",
    "adrese": "Raiņa iela 6, Aizkalne, Aizkalnes pagasts",
    "pasvaldiba": "Preiļu novads",
    "pasvaldiba_slug": "preilu-novads",
    "nr_plana": 2,
    "avots_teksts": "Avots: Preiļu novada CA plāns, lpp. 132",
    "plans_url": "https://www.preili.lv/lv/media/965/download?attachment",
    "plans_fails": "cak_plans_22_homepage.md",
    "lpp": 132,
    "citats": "|2.|Aizkalnes pagasts|<sup>Aizkalnes pagasta</sup><br>pārvalde|Raiņa iela<br>6, Aizkalne|56.20047999426979|26.77947778290362|",
    "izdevejs": "Preiļu novads (pašvaldība)",
    "geokodesana": "plan_coords",
    "adrese_vzd": "Raiņa iela 6, Aizkalne, Aizkalnes pag., Preiļu nov., LV-5305",
    "vzd_kods": "102662253",
    "plana_lat": 56.20047999426979,
    "plana_lon": 26.77947778290362,
    "koord_teksts": "56.20047999426979; 26.77947778290362",
    "karodzini": [],
    "izvilkuma_piezime": "territorial unit (column 'Teritoriālā struktūrvienība') appended to the address",
    "komentars": "Avots: Preiļu novada CA plāns, lpp. 132",
    "id": "preilu-novads-evak-2"
   },
   "geometry": {
    "type": "Point",
    "coordinates": [
     26.779478,
     56.20048
    ]
   }
  },
  {
   "type": "Feature",
   "properties": {
    "kategorija": "evakuacijas_punkts",
    "nosaukums": "Aglonā sporta laukumā pie vidusskolas",
    "adrese": "Daugavpils iela 6, Aglonas pagasts",
    "pasvaldiba": "Preiļu novads",
    "pasvaldiba_slug": "preilu-novads",
    "nr_plana": 3,
    "avots_teksts": "Avots: Preiļu novada CA plāns, lpp. 132",
    "plans_url": "https://www.preili.lv/lv/media/965/download?attachment",
    "plans_fails": "cak_plans_22_homepage.md",
    "lpp": 132,
    "citats": "|3.|Aglonas pagasts|Aglonā sporta<br>laukumā pie<br>vidusskolas|Daugavpils<br>iela 6|56.13528297820442|26.99749596940869|",
    "izdevejs": "Preiļu novads (pašvaldība)",
    "geokodesana": "plan_coords",
    "adrese_vzd": "Daugavpils iela 6, Aglona, Aglonas pag., Preiļu nov., LV-5304",
    "vzd_kods": "102143045",
    "plana_lat": 56.13528297820442,
    "plana_lon": 26.99749596940869,
    "koord_teksts": "56.13528297820442; 26.99749596940869",
    "karodzini": [],
    "izvilkuma_piezime": "territorial unit (column 'Teritoriālā struktūrvienība') appended to the address",
    "komentars": "Avots: Preiļu novada CA plāns, lpp. 132",
    "id": "preilu-novads-evak-3"
   },
   "geometry": {
    "type": "Point",
    "coordinates": [
     26.997496,
     56.135283
    ]
   }
  },
  {
   "type": "Feature",
   "properties": {
    "kategorija": "evakuacijas_punkts",
    "nosaukums": "Aglonā sporta laukumā pie Katoļu ģimnāzijas",
    "adrese": "A.Broka iela 6, Aglonas pagasts",
    "pasvaldiba": "Preiļu novads",
    "pasvaldiba_slug": "preilu-novads",
    "nr_plana": 4,
    "avots_teksts": "Avots: Preiļu novada CA plāns, lpp. 132",
    "plans_url": "https://www.preili.lv/lv/media/965/download?attachment",
    "plans_fails": "cak_plans_22_homepage.md",
    "lpp": 132,
    "citats": "|4.|Aglonas pagasts|Aglonā sporta<br>laukumā pie Katoļu<br>ģimnāzijas|A.Broka<br>iela 6|56.12222085453708|27.013552527080158|",
    "izdevejs": "Preiļu novads (pašvaldība)",
    "geokodesana": "plan_coords",
    "adrese_vzd": null,
    "vzd_kods": null,
    "plana_lat": 56.12222085453708,
    "plana_lon": 27.013552527080158,
    "koord_teksts": "56.12222085453708; 27.013552527080158",
    "karodzini": [],
    "izvilkuma_piezime": "territorial unit (column 'Teritoriālā struktūrvienība') appended to the address",
    "komentars": "Avots: Preiļu novada CA plāns, lpp. 132",
    "id": "preilu-novads-evak-4"
   },
   "geometry": {
    "type": "Point",
    "coordinates": [
     27.013553,
     56.122221
    ]
   }
  },
  {
   "type": "Feature",
   "properties": {
    "kategorija": "evakuacijas_punkts",
    "nosaukums": "Jaunaglonā pie sociālās mājas",
    "adrese": "Rušonas iela 9, Aglonas pagasts",
    "pasvaldiba": "Preiļu novads",
    "pasvaldiba_slug": "preilu-novads",
    "nr_plana": 5,
    "avots_teksts": "Avots: Preiļu novada CA plāns, lpp. 132",
    "plans_url": "https://www.preili.lv/lv/media/965/download?attachment",
    "plans_fails": "cak_plans_22_homepage.md",
    "lpp": 132,
    "citats": "|5.|Aglonas pagasts|Jaunaglonā pie<br>sociālās mājas|Rušonas<br>iela 9|56.24175518646109|26.98649236098109|",
    "izdevejs": "Preiļu novads (pašvaldība)",
    "geokodesana": "varis_address",
    "adrese_vzd": "Rušonas iela 9, Jaunaglona, Aglonas pag., Preiļu nov., LV-5304",
    "vzd_kods": "101346961",
    "plana_lat": 56.24175518646109,
    "plana_lon": 26.98649236098109,
    "koord_teksts": "56.24175518646109; 26.98649236098109",
    "karodzini": [
     "plan_coords_far_from_address"
    ],
    "izvilkuma_piezime": "territorial unit (column 'Teritoriālā struktūrvienība') appended to the address",
    "komentars": "Avots: Preiļu novada CA plāns, lpp. 132 · plāna koordinātas kļūdainas, vieta noteikta pēc adreses (VZD)",
    "id": "preilu-novads-evak-5"
   },
   "geometry": {
    "type": "Point",
    "coordinates": [
     26.997054,
     56.162322
    ]
   }
  },
  {
   "type": "Feature",
   "properties": {
    "kategorija": "evakuacijas_punkts",
    "nosaukums": "Galēnu Pamatskola, Stāvlaukums",
    "adrese": "Skolas iela 11, Galēni, Galēnu pagasts",
    "pasvaldiba": "Preiļu novads",
    "pasvaldiba_slug": "preilu-novads",
    "nr_plana": 6,
    "avots_teksts": "Avots: Preiļu novada CA plāns, lpp. 132",
    "plans_url": "https://www.preili.lv/lv/media/965/download?attachment",
    "plans_fails": "cak_plans_22_homepage.md",
    "lpp": 132,
    "citats": "|6.|Galēnu pagasts|Galēnu Pamatskola,<br>Stāvlaukums|Skolas iela<br>11, Galēni|56.4748746945553|26.84561199837949|",
    "izdevejs": "Preiļu novads (pašvaldība)",
    "geokodesana": "plan_coords",
    "adrese_vzd": "Skolas iela 11, Galēni, Galēnu pag., Preiļu nov., LV-5311",
    "vzd_kods": "105986233",
    "plana_lat": 56.4748746945553,
    "plana_lon": 26.84561199837949,
    "koord_teksts": "56.4748746945553; 26.84561199837949",
    "karodzini": [],
    "izvilkuma_piezime": "territorial unit (column 'Teritoriālā struktūrvienība') appended to the address",
    "komentars": "Avots: Preiļu novada CA plāns, lpp. 132",
    "id": "preilu-novads-evak-6"
   },
   "geometry": {
    "type": "Point",
    "coordinates": [
     26.845612,
     56.474875
    ]
   }
  },
  {
   "type": "Feature",
   "properties": {
    "kategorija": "evakuacijas_punkts",
    "nosaukums": "Galēni (pārvalde), Stāvlaukums",
    "adrese": "Liepu iela 1, Galēni, Galēnu pagasts",
    "pasvaldiba": "Preiļu novads",
    "pasvaldiba_slug": "preilu-novads",
    "nr_plana": 7,
    "avots_teksts": "Avots: Preiļu novada CA plāns, lpp. 132",
    "plans_url": "https://www.preili.lv/lv/media/965/download?attachment",
    "plans_fails": "cak_plans_22_homepage.md",
    "lpp": 132,
    "citats": "|7.|Galēnu pagasts|Galēni (pārvalde),<br>Stāvlaukums|Liepu iela 1,<br>Galēni;|56.476332239814305|26.838314727215476|",
    "izdevejs": "Preiļu novads (pašvaldība)",
    "geokodesana": "plan_coords",
    "adrese_vzd": "Liepu iela 1, Galēni, Galēnu pag., Preiļu nov., LV-5311",
    "vzd_kods": "102144360",
    "plana_lat": 56.476332239814305,
    "plana_lon": 26.838314727215476,
    "koord_teksts": "56.476332239814305; 26.838314727215476",
    "karodzini": [],
    "izvilkuma_piezime": "territorial unit (column 'Teritoriālā struktūrvienība') appended to the address",
    "komentars": "Avots: Preiļu novada CA plāns, lpp. 132",
    "id": "preilu-novads-evak-7"
   },
   "geometry": {
    "type": "Point",
    "coordinates": [
     26.838315,
     56.476332
    ]
   }
  },
  {
   "type": "Feature",
   "properties": {
    "kategorija": "evakuacijas_punkts",
    "nosaukums": "Pelēču pagasta pārvalde",
    "adrese": "Liepu iela 6, Pelēči, Pelēču pagasts",
    "pasvaldiba": "Preiļu novads",
    "pasvaldiba_slug": "preilu-novads",
    "nr_plana": 8,
    "avots_teksts": "Avots: Preiļu novada CA plāns, lpp. 132",
    "plans_url": "https://www.preili.lv/lv/media/965/download?attachment",
    "plans_fails": "cak_plans_22_homepage.md",
    "lpp": 132,
    "citats": "|8.|Pelēču pagasts|Pelēču pagasta<br>pārvalde|Liepu iela 6,<br>Pelēči|56.14918637804567|26.72415772535054|",
    "izdevejs": "Preiļu novads (pašvaldība)",
    "geokodesana": "plan_coords",
    "adrese_vzd": "Liepu iela 6, Pelēči, Pelēču pag., Preiļu nov., LV-5320",
    "vzd_kods": "102147550",
    "plana_lat": 56.14918637804567,
    "plana_lon": 26.72415772535054,
    "koord_teksts": "56.14918637804567; 26.72415772535054",
    "karodzini": [],
    "izvilkuma_piezime": "territorial unit (column 'Teritoriālā struktūrvienība') appended to the address",
    "komentars": "Avots: Preiļu novada CA plāns, lpp. 132",
    "id": "preilu-novads-evak-8"
   },
   "geometry": {
    "type": "Point",
    "coordinates": [
     26.724158,
     56.149186
    ]
   }
  },
  {
   "type": "Feature",
   "properties": {
    "kategorija": "evakuacijas_punkts",
    "nosaukums": "Pelēču pamatskola",
    "adrese": "Skolas iela 4, Pelēči, Pelēču.pagasts",
    "pasvaldiba": "Preiļu novads",
    "pasvaldiba_slug": "preilu-novads",
    "nr_plana": 9,
    "avots_teksts": "Avots: Preiļu novada CA plāns, lpp. 132",
    "plans_url": "https://www.preili.lv/lv/media/965/download?attachment",
    "plans_fails": "cak_plans_22_homepage.md",
    "lpp": 132,
    "citats": "|9.|Pelēču.pagasts|Pelēču pamatskola|Skolas iela<br>4, Pelēči|56.14974359649939|26.719523442545352|",
    "izdevejs": "Preiļu novads (pašvaldība)",
    "geokodesana": "plan_coords",
    "adrese_vzd": "Skolas iela 4, Pelēči, Pelēču pag., Preiļu nov., LV-5320",
    "vzd_kods": "104236712",
    "plana_lat": 56.14974359649939,
    "plana_lon": 26.719523442545352,
    "koord_teksts": "56.14974359649939; 26.719523442545352",
    "karodzini": [],
    "izvilkuma_piezime": "territorial unit (column 'Teritoriālā struktūrvienība') appended to the address; rows 9 and 10 have identical address and coordinates",
    "komentars": "Avots: Preiļu novada CA plāns, lpp. 132",
    "dublikati": [
     "Pelēču katlu māja (nr. 10, lpp. 132)"
    ],
    "id": "preilu-novads-evak-9"
   },
   "geometry": {
    "type": "Point",
    "coordinates": [
     26.719523,
     56.149744
    ]
   }
  },
  {
   "type": "Feature",
   "properties": {
    "kategorija": "evakuacijas_punkts",
    "nosaukums": "Ārdavas saieta nams",
    "adrese": "“Ceriņi” , Ārdava, Pelēču pag.",
    "pasvaldiba": "Preiļu novads",
    "pasvaldiba_slug": "preilu-novads",
    "nr_plana": 11,
    "avots_teksts": "Avots: Preiļu novada CA plāns, lpp. 132",
    "plans_url": "https://www.preili.lv/lv/media/965/download?attachment",
    "plans_fails": "cak_plans_22_homepage.md",
    "lpp": 132,
    "citats": "|11.|<br>Pelēču pagasts|Ārdavas saieta nams|“Ceriņi” ,<br>Ārdava,<br>Pelēču pag.|56.14173010769899|26.82973479836561|",
    "izdevejs": "Preiļu novads (pašvaldība)",
    "geokodesana": "plan_coords",
    "adrese_vzd": "\"Ceriņi\", Ārdava, Pelēču pag., Preiļu nov., LV-5329",
    "vzd_kods": "104987192",
    "plana_lat": 56.14173010769899,
    "plana_lon": 26.82973479836561,
    "koord_teksts": "56.14173010769899; 26.82973479836561",
    "karodzini": [],
    "komentars": "Avots: Preiļu novada CA plāns, lpp. 132",
    "id": "preilu-novads-evak-10"
   },
   "geometry": {
    "type": "Point",
    "coordinates": [
     26.829735,
     56.14173
    ]
   }
  },
  {
   "type": "Feature",
   "properties": {
    "kategorija": "evakuacijas_punkts",
    "nosaukums": "Preiļu 1.pamatskola",
    "adrese": "Daugavpils iela 34, Preiļi",
    "pasvaldiba": "Preiļu novads",
    "pasvaldiba_slug": "preilu-novads",
    "nr_plana": 12,
    "avots_teksts": "Avots: Preiļu novada CA plāns, lpp. 132",
    "plans_url": "https://www.preili.lv/lv/media/965/download?attachment",
    "plans_fails": "cak_plans_22_homepage.md",
    "lpp": 132,
    "citats": "|12.|<br>Preiļu pilsēta|Preiļu 1.pamatskola|Daugavpils<br>iela 34, Preiļi|56.29122769870133|26.72244918487945|",
    "izdevejs": "Preiļu novads (pašvaldība)",
    "geokodesana": "plan_coords",
    "adrese_vzd": "Daugavpils iela 34, Preiļi, Preiļu nov., LV-5301",
    "vzd_kods": "101330177",
    "plana_lat": 56.29122769870133,
    "plana_lon": 26.72244918487945,
    "koord_teksts": "56.29122769870133; 26.72244918487945",
    "karodzini": [],
    "komentars": "Avots: Preiļu novada CA plāns, lpp. 132",
    "id": "preilu-novads-evak-11"
   },
   "geometry": {
    "type": "Point",
    "coordinates": [
     26.722449,
     56.291228
    ]
   }
  },
  {
   "type": "Feature",
   "properties": {
    "kategorija": "evakuacijas_punkts",
    "nosaukums": "Preiļu 2.vidusskola",
    "adrese": "A. Paulāna iela 2, Preiļi",
    "pasvaldiba": "Preiļu novads",
    "pasvaldiba_slug": "preilu-novads",
    "nr_plana": 13,
    "avots_teksts": "Avots: Preiļu novada CA plāns, lpp. 132",
    "plans_url": "https://www.preili.lv/lv/media/965/download?attachment",
    "plans_fails": "cak_plans_22_homepage.md",
    "lpp": 132,
    "citats": "|13.|Preiļu pilsēta|Preiļu 2.vidusskola|A. Paulāna<br>iela 2, Preiļi|56.288497792004364|26.724977198371704|",
    "izdevejs": "Preiļu novads (pašvaldība)",
    "geokodesana": "plan_coords",
    "adrese_vzd": null,
    "vzd_kods": null,
    "plana_lat": 56.288497792004364,
    "plana_lon": 26.724977198371704,
    "koord_teksts": "56.288497792004364; 26.724977198371704",
    "karodzini": [],
    "komentars": "Avots: Preiļu novada CA plāns, lpp. 132",
    "id": "preilu-novads-evak-12"
   },
   "geometry": {
    "type": "Point",
    "coordinates": [
     26.724977,
     56.288498
    ]
   }
  },
  {
   "type": "Feature",
   "properties": {
    "kategorija": "evakuacijas_punkts",
    "nosaukums": "Jāņa Eglīša Preiļu Valsts ģimnāzija",
    "adrese": "Kooperatīva iela 6, Preiļi",
    "pasvaldiba": "Preiļu novads",
    "pasvaldiba_slug": "preilu-novads",
    "nr_plana": 14,
    "avots_teksts": "Avots: Preiļu novada CA plāns, lpp. 132",
    "plans_url": "https://www.preili.lv/lv/media/965/download?attachment",
    "plans_fails": "cak_plans_22_homepage.md",
    "lpp": 132,
    "citats": "|14.|<br>Preiļu pilsēta|Jāņa Eglīša Preiļu<br>Valsts ģimnāzija|Kooperatīva<br>iela 6, Preiļi|56.297591411242465|26.72479159837208|",
    "izdevejs": "Preiļu novads (pašvaldība)",
    "geokodesana": "plan_coords",
    "adrese_vzd": "Kooperatīvā iela 6, Preiļi, Preiļu nov., LV-5301",
    "vzd_kods": "101330868",
    "plana_lat": 56.297591411242465,
    "plana_lon": 26.72479159837208,
    "koord_teksts": "56.297591411242465; 26.72479159837208",
    "karodzini": [],
    "komentars": "Avots: Preiļu novada CA plāns, lpp. 132",
    "id": "preilu-novads-evak-13"
   },
   "geometry": {
    "type": "Point",
    "coordinates": [
     26.724792,
     56.297591
    ]
   }
  },
  {
   "type": "Feature",
   "properties": {
    "kategorija": "evakuacijas_punkts",
    "nosaukums": "Veikala “MAXIMA” stāvlaukums",
    "adrese": "Rēzeknes iela 4a, Preiļi",
    "pasvaldiba": "Preiļu novads",
    "pasvaldiba_slug": "preilu-novads",
    "nr_plana": 15,
    "avots_teksts": "Avots: Preiļu novada CA plāns, lpp. 133",
    "plans_url": "https://www.preili.lv/lv/media/965/download?attachment",
    "plans_fails": "cak_plans_22_homepage.md",
    "lpp": 133,
    "citats": "|15.|Preiļu pilsēta|Veikala<br>“MAXIMA”<br>stāvlaukums|Rēzeknes iela<br>4a, Preiļi|56.294836|26.726700|",
    "izdevejs": "Preiļu novads (pašvaldība)",
    "geokodesana": "plan_coords",
    "adrese_vzd": "Rēzeknes iela 4A, Preiļi, Preiļu nov., LV-5301",
    "vzd_kods": "105289438",
    "plana_lat": 56.294836,
    "plana_lon": 26.7267,
    "koord_teksts": "56.294836; 26.726700",
    "karodzini": [],
    "komentars": "Avots: Preiļu novada CA plāns, lpp. 133",
    "id": "preilu-novads-evak-14"
   },
   "geometry": {
    "type": "Point",
    "coordinates": [
     26.7267,
     56.294836
    ]
   }
  },
  {
   "type": "Feature",
   "properties": {
    "kategorija": "evakuacijas_punkts",
    "nosaukums": "TC/,,OGA’’, stāvlaukums",
    "adrese": "Rīgas iela 4d, Preiļi",
    "pasvaldiba": "Preiļu novads",
    "pasvaldiba_slug": "preilu-novads",
    "nr_plana": 16,
    "avots_teksts": "Avots: Preiļu novada CA plāns, lpp. 133",
    "plans_url": "https://www.preili.lv/lv/media/965/download?attachment",
    "plans_fails": "cak_plans_22_homepage.md",
    "lpp": 133,
    "citats": "|16.|Preiļu pilsēta|TC/,,OGA’’,<br>stāvlaukums|Rīgas iela 4d,<br>Preiļi|56.299208|26.709767|",
    "izdevejs": "Preiļu novads (pašvaldība)",
    "geokodesana": "plan_coords",
    "adrese_vzd": "Rīgas iela 4D, Preiļi, Preiļu nov., LV-5301",
    "vzd_kods": "105575587",
    "plana_lat": 56.299208,
    "plana_lon": 26.709767,
    "koord_teksts": "56.299208; 26.709767",
    "karodzini": [],
    "komentars": "Avots: Preiļu novada CA plāns, lpp. 133",
    "id": "preilu-novads-evak-15"
   },
   "geometry": {
    "type": "Point",
    "coordinates": [
     26.709767,
     56.299208
    ]
   }
  },
  {
   "type": "Feature",
   "properties": {
    "kategorija": "evakuacijas_punkts",
    "nosaukums": "AS,, Preiļu siers, stāvlaukums",
    "adrese": "Daugavpils iela 75,Preiļi",
    "pasvaldiba": "Preiļu novads",
    "pasvaldiba_slug": "preilu-novads",
    "nr_plana": 17,
    "avots_teksts": "Avots: Preiļu novada CA plāns, lpp. 133",
    "plans_url": "https://www.preili.lv/lv/media/965/download?attachment",
    "plans_fails": "cak_plans_22_homepage.md",
    "lpp": 133,
    "citats": "|17.|Preiļu pilsēta|AS,, Preiļu siers,<br>stāvlaukums|Daugavpils<br>iela 75,Preiļi|56.278024|26.720907|",
    "izdevejs": "Preiļu novads (pašvaldība)",
    "geokodesana": "plan_coords",
    "adrese_vzd": "Daugavpils iela 75, Preiļi, Preiļu nov., LV-5301",
    "vzd_kods": "101330320",
    "plana_lat": 56.278024,
    "plana_lon": 26.720907,
    "koord_teksts": "56.278024; 26.720907",
    "karodzini": [],
    "komentars": "Avots: Preiļu novada CA plāns, lpp. 133",
    "id": "preilu-novads-evak-16"
   },
   "geometry": {
    "type": "Point",
    "coordinates": [
     26.720907,
     56.278024
    ]
   }
  },
  {
   "type": "Feature",
   "properties": {
    "kategorija": "evakuacijas_punkts",
    "nosaukums": "LAD Preiļu filiāles stāvlaukums",
    "adrese": "Mehanizatoru iela 2a, Preiļi",
    "pasvaldiba": "Preiļu novads",
    "pasvaldiba_slug": "preilu-novads",
    "nr_plana": 18,
    "avots_teksts": "Avots: Preiļu novada CA plāns, lpp. 133",
    "plans_url": "https://www.preili.lv/lv/media/965/download?attachment",
    "plans_fails": "cak_plans_22_homepage.md",
    "lpp": 133,
    "citats": "|18.|Preiļu pilsēta|LAD Preiļu filiāles<br>stāvlaukums|Mehanizatoru<br>iela 2a, Preiļi|56.282616|26.725938|",
    "izdevejs": "Preiļu novads (pašvaldība)",
    "geokodesana": "plan_coords",
    "adrese_vzd": "Mehanizatoru iela 2A, Preiļi, Preiļu nov., LV-5301",
    "vzd_kods": "104369991",
    "plana_lat": 56.282616,
    "plana_lon": 26.725938,
    "koord_teksts": "56.282616; 26.725938",
    "karodzini": [],
    "komentars": "Avots: Preiļu novada CA plāns, lpp. 133",
    "id": "preilu-novads-evak-17"
   },
   "geometry": {
    "type": "Point",
    "coordinates": [
     26.725938,
     56.282616
    ]
   }
  },
  {
   "type": "Feature",
   "properties": {
    "kategorija": "evakuacijas_punkts",
    "nosaukums": "PNBJSS, stadions",
    "adrese": "Aglonas iela 24, Preiļi",
    "pasvaldiba": "Preiļu novads",
    "pasvaldiba_slug": "preilu-novads",
    "nr_plana": 19,
    "avots_teksts": "Avots: Preiļu novada CA plāns, lpp. 133",
    "plans_url": "https://www.preili.lv/lv/media/965/download?attachment",
    "plans_fails": "cak_plans_22_homepage.md",
    "lpp": 133,
    "citats": "|19.|Preiļu pilsēta|PNBJSS, stadions|Aglonas iela<br>24, Preiļi|56.290523|26.732076|",
    "izdevejs": "Preiļu novads (pašvaldība)",
    "geokodesana": "plan_coords",
    "adrese_vzd": "Aglonas iela 24, Preiļi, Preiļu nov., LV-5301",
    "vzd_kods": "101328517",
    "plana_lat": 56.290523,
    "plana_lon": 26.732076,
    "koord_teksts": "56.290523; 26.732076",
    "karodzini": [],
    "komentars": "Avots: Preiļu novada CA plāns, lpp. 133",
    "id": "preilu-novads-evak-18"
   },
   "geometry": {
    "type": "Point",
    "coordinates": [
     26.732076,
     56.290523
    ]
   }
  },
  {
   "type": "Feature",
   "properties": {
    "kategorija": "evakuacijas_punkts",
    "nosaukums": "Mūzikas un mākslas skolas pagalms",
    "adrese": "Raiņa bulvāris 24, Preiļi",
    "pasvaldiba": "Preiļu novads",
    "pasvaldiba_slug": "preilu-novads",
    "nr_plana": 20,
    "avots_teksts": "Avots: Preiļu novada CA plāns, lpp. 133",
    "plans_url": "https://www.preili.lv/lv/media/965/download?attachment",
    "plans_fails": "cak_plans_22_homepage.md",
    "lpp": 133,
    "citats": "|20.|Preiļu pilsēta|Mūzikas un mākslas<br>skolas pagalms|<br>Raiņa<br>bulvāris 24,<br>Preiļi|56.290078|26.725637|",
    "izdevejs": "Preiļu novads (pašvaldība)",
    "geokodesana": "plan_coords",
    "adrese_vzd": "Raiņa bulvāris 24, Preiļi, Preiļu nov., LV-5301",
    "vzd_kods": "101332927",
    "plana_lat": 56.290078,
    "plana_lon": 26.725637,
    "koord_teksts": "56.290078; 26.725637",
    "karodzini": [],
    "komentars": "Avots: Preiļu novada CA plāns, lpp. 133",
    "id": "preilu-novads-evak-19"
   },
   "geometry": {
    "type": "Point",
    "coordinates": [
     26.725637,
     56.290078
    ]
   }
  },
  {
   "type": "Feature",
   "properties": {
    "kategorija": "evakuacijas_punkts",
    "nosaukums": "Preiļu novada pašvaldības Svētku laukums",
    "adrese": "Raiņa bulvāris 26, Preiļi",
    "pasvaldiba": "Preiļu novads",
    "pasvaldiba_slug": "preilu-novads",
    "nr_plana": 21,
    "avots_teksts": "Avots: Preiļu novada CA plāns, lpp. 133",
    "plans_url": "https://www.preili.lv/lv/media/965/download?attachment",
    "plans_fails": "cak_plans_22_homepage.md",
    "lpp": 133,
    "citats": "|21.|Preiļu pilsēta|Preiļu novada<br>pašvaldības Svētku<br>laukums|Raiņa<br>bulvāris 26,<br>Preiļi|56.289881|26.727134|",
    "izdevejs": "Preiļu novads (pašvaldība)",
    "geokodesana": "plan_coords",
    "adrese_vzd": "Raiņa bulvāris 26, Preiļi, Preiļu nov., LV-5301",
    "vzd_kods": "102140513",
    "plana_lat": 56.289881,
    "plana_lon": 26.727134,
    "koord_teksts": "56.289881; 26.727134",
    "karodzini": [],
    "komentars": "Avots: Preiļu novada CA plāns, lpp. 133",
    "id": "preilu-novads-evak-20"
   },
   "geometry": {
    "type": "Point",
    "coordinates": [
     26.727134,
     56.289881
    ]
   }
  },
  {
   "type": "Feature",
   "properties": {
    "kategorija": "evakuacijas_punkts",
    "nosaukums": "Preiļu pagasta pārvalde",
    "adrese": "Jaunatnes iela 1, Līči, Preiļu pagasts",
    "pasvaldiba": "Preiļu novads",
    "pasvaldiba_slug": "preilu-novads",
    "nr_plana": 22,
    "avots_teksts": "Avots: Preiļu novada CA plāns, lpp. 133",
    "plans_url": "https://www.preili.lv/lv/media/965/download?attachment",
    "plans_fails": "cak_plans_22_homepage.md",
    "lpp": 133,
    "citats": "|22.|Preiļu pagasts|Preiļu pagasta<br>pārvalde|Jaunatnes<br>iela 1, Līči|56.29989458504357|26.69020599837224|",
    "izdevejs": "Preiļu novads (pašvaldība)",
    "geokodesana": "plan_coords",
    "adrese_vzd": "Jaunatnes iela 1, Līči, Preiļu pag., Preiļu nov., LV-5301",
    "vzd_kods": "102596936",
    "plana_lat": 56.29989458504357,
    "plana_lon": 26.69020599837224,
    "koord_teksts": "56.29989458504357; 26.69020599837224",
    "karodzini": [],
    "izvilkuma_piezime": "territorial unit (column 'Teritoriālā struktūrvienība') appended to the address",
    "komentars": "Avots: Preiļu novada CA plāns, lpp. 133",
    "id": "preilu-novads-evak-21"
   },
   "geometry": {
    "type": "Point",
    "coordinates": [
     26.690206,
     56.299895
    ]
   }
  },
  {
   "type": "Feature",
   "properties": {
    "kategorija": "evakuacijas_punkts",
    "nosaukums": "Riebiņi, Stāvlaukums pretī Pārvaldei.",
    "adrese": "Saules iela 8, Riebiņi., Riebiņu pagasts",
    "pasvaldiba": "Preiļu novads",
    "pasvaldiba_slug": "preilu-novads",
    "nr_plana": 23,
    "avots_teksts": "Avots: Preiļu novada CA plāns, lpp. 133",
    "plans_url": "https://www.preili.lv/lv/media/965/download?attachment",
    "plans_fails": "cak_plans_22_homepage.md",
    "lpp": 133,
    "citats": "|23.|Riebiņu pagasts|Riebiņi,<br>Stāvlaukums pretī<br>Pārvaldei.|Saules iela<br>8, Riebiņi.|56.34047755799538|26.80061418303031|",
    "izdevejs": "Preiļu novads (pašvaldība)",
    "geokodesana": "plan_coords",
    "adrese_vzd": "Saules iela 8, Riebiņi, Riebiņu pag., Preiļu nov., LV-5326",
    "vzd_kods": "103415765",
    "plana_lat": 56.34047755799538,
    "plana_lon": 26.80061418303031,
    "koord_teksts": "56.34047755799538; 26.80061418303031",
    "karodzini": [],
    "izvilkuma_piezime": "territorial unit (column 'Teritoriālā struktūrvienība') appended to the address",
    "komentars": "Avots: Preiļu novada CA plāns, lpp. 133",
    "id": "preilu-novads-evak-22"
   },
   "geometry": {
    "type": "Point",
    "coordinates": [
     26.800614,
     56.340478
    ]
   }
  },
  {
   "type": "Feature",
   "properties": {
    "kategorija": "evakuacijas_punkts",
    "nosaukums": "Riebiņi, PII “Sprīdītis”",
    "adrese": "Dārzu iela 2,Riebiņi., Riebiņu pagasts",
    "pasvaldiba": "Preiļu novads",
    "pasvaldiba_slug": "preilu-novads",
    "nr_plana": 24,
    "avots_teksts": "Avots: Preiļu novada CA plāns, lpp. 133",
    "plans_url": "https://www.preili.lv/lv/media/965/download?attachment",
    "plans_fails": "cak_plans_22_homepage.md",
    "lpp": 133,
    "citats": "|24.|Riebiņu pagasts|Riebiņi, PII<br>“Sprīdītis”|Dārzu iela<br>2,Riebiņi.|56.33770496102927|26.796192898373697|",
    "izdevejs": "Preiļu novads (pašvaldība)",
    "geokodesana": "plan_coords",
    "adrese_vzd": null,
    "vzd_kods": null,
    "plana_lat": 56.33770496102927,
    "plana_lon": 26.796192898373697,
    "koord_teksts": "56.33770496102927; 26.796192898373697",
    "karodzini": [],
    "izvilkuma_piezime": "territorial unit (column 'Teritoriālā struktūrvienība') appended to the address",
    "komentars": "Avots: Preiļu novada CA plāns, lpp. 133",
    "id": "preilu-novads-evak-23"
   },
   "geometry": {
    "type": "Point",
    "coordinates": [
     26.796193,
     56.337705
    ]
   }
  },
  {
   "type": "Feature",
   "properties": {
    "kategorija": "evakuacijas_punkts",
    "nosaukums": "Riebiņu vidusskola, Iekšpagalms pie katlu mājas",
    "adrese": "Liepu iela 21, Riebiņi, Riebiņu pagasts",
    "pasvaldiba": "Preiļu novads",
    "pasvaldiba_slug": "preilu-novads",
    "nr_plana": 25,
    "avots_teksts": "Avots: Preiļu novada CA plāns, lpp. 133",
    "plans_url": "https://www.preili.lv/lv/media/965/download?attachment",
    "plans_fails": "cak_plans_22_homepage.md",
    "lpp": 133,
    "citats": "|25.|Riebiņu pagasts|Riebiņu vidusskola,<br>Iekšpagalms pie<br>katlu mājas|Liepu iela<br>21, Riebiņi|56.33397285493629|26.788800613717164|",
    "izdevejs": "Preiļu novads (pašvaldība)",
    "geokodesana": "plan_coords",
    "adrese_vzd": "Liepu iela 21, Riebiņi, Riebiņu pag., Preiļu nov., LV-5326",
    "vzd_kods": "101348194",
    "plana_lat": 56.33397285493629,
    "plana_lon": 26.788800613717164,
    "koord_teksts": "56.33397285493629; 26.788800613717164",
    "karodzini": [],
    "izvilkuma_piezime": "territorial unit (column 'Teritoriālā struktūrvienība') appended to the address",
    "komentars": "Avots: Preiļu novada CA plāns, lpp. 133",
    "id": "preilu-novads-evak-24"
   },
   "geometry": {
    "type": "Point",
    "coordinates": [
     26.788801,
     56.333973
    ]
   }
  },
  {
   "type": "Feature",
   "properties": {
    "kategorija": "evakuacijas_punkts",
    "nosaukums": "Rožkalnu pagasta pārvalde",
    "adrese": "Rožkalnu pag., Rimicāni, Saules 16",
    "pasvaldiba": "Preiļu novads",
    "pasvaldiba_slug": "preilu-novads",
    "nr_plana": 26,
    "avots_teksts": "Avots: Preiļu novada CA plāns, lpp. 133",
    "plans_url": "https://www.preili.lv/lv/media/965/download?attachment",
    "plans_fails": "cak_plans_22_homepage.md",
    "lpp": 133,
    "citats": "|26.|Rožkalnu pagasts|Rožkalnu pagasta<br>pārvalde|Rožkalnu<br>pag.,<br>Rimicāni,<br>Saules 16|56.213801440781225|26.432814970545685|",
    "izdevejs": "Preiļu novads (pašvaldība)",
    "geokodesana": "plan_coords",
    "adrese_vzd": null,
    "vzd_kods": null,
    "plana_lat": 56.213801440781225,
    "plana_lon": 26.432814970545685,
    "koord_teksts": "56.213801440781225; 26.432814970545685",
    "karodzini": [],
    "komentars": "Avots: Preiļu novada CA plāns, lpp. 133",
    "id": "preilu-novads-evak-25"
   },
   "geometry": {
    "type": "Point",
    "coordinates": [
     26.432815,
     56.213801
    ]
   }
  },
  {
   "type": "Feature",
   "properties": {
    "kategorija": "evakuacijas_punkts",
    "nosaukums": "Rušonas pamatskola (pārvalde), Stāvlaukums",
    "adrese": "Liepu iela 5a, Kastīre, Rušonas pagasts",
    "pasvaldiba": "Preiļu novads",
    "pasvaldiba_slug": "preilu-novads",
    "nr_plana": 27,
    "avots_teksts": "Avots: Preiļu novada CA plāns, lpp. 133",
    "plans_url": "https://www.preili.lv/lv/media/965/download?attachment",
    "plans_fails": "cak_plans_22_homepage.md",
    "lpp": 133,
    "citats": "|27.|Rušonas pagasts|Rušonas pamatskola<br>(pārvalde),<br>Stāvlaukums|Liepu iela<br>5a, Kastīre|56.21019958455705|26.87701449836852|",
    "izdevejs": "Preiļu novads (pašvaldība)",
    "geokodesana": "plan_coords",
    "adrese_vzd": "Liepu iela 5A, Kastīre, Rušonas pag., Preiļu nov., LV-5329",
    "vzd_kods": "106202657",
    "plana_lat": 56.21019958455705,
    "plana_lon": 26.87701449836852,
    "koord_teksts": "56.21019958455705; 26.87701449836852",
    "karodzini": [],
    "izvilkuma_piezime": "territorial unit (column 'Teritoriālā struktūrvienība') appended to the address; rows 27 and 28 have identical address and coordinates",
    "komentars": "Avots: Preiļu novada CA plāns, lpp. 133",
    "dublikati": [
     "SAC “Rušona”, pagalms. (nr. 28, lpp. 133)"
    ],
    "id": "preilu-novads-evak-26"
   },
   "geometry": {
    "type": "Point",
    "coordinates": [
     26.877014,
     56.2102
    ]
   }
  },
  {
   "type": "Feature",
   "properties": {
    "kategorija": "evakuacijas_punkts",
    "nosaukums": "Prīkuļi – Saunas pagasta estrāde",
    "adrese": "Brīvības iela 9, Prīkuļi, Saunaspag.",
    "pasvaldiba": "Preiļu novads",
    "pasvaldiba_slug": "preilu-novads",
    "nr_plana": 29,
    "avots_teksts": "Avots: Preiļu novada CA plāns, lpp. 133",
    "plans_url": "https://www.preili.lv/lv/media/965/download?attachment",
    "plans_fails": "cak_plans_22_homepage.md",
    "lpp": 133,
    "citats": "|29.|Saunas pagasts|Prīkuļi – Saunas<br>pagasta estrāde|Brīvības<br>iela 9,<br>Prīkuļi,<br>Saunaspag.|56.3596258517587|26.599576240702905|",
    "izdevejs": "Preiļu novads (pašvaldība)",
    "geokodesana": "plan_coords",
    "adrese_vzd": "Brīvības iela 9, Prīkuļi, Saunas pag., Preiļu nov., LV-5323",
    "vzd_kods": "105930828",
    "plana_lat": 56.3596258517587,
    "plana_lon": 26.599576240702905,
    "koord_teksts": "56.3596258517587; 26.599576240702905",
    "karodzini": [],
    "komentars": "Avots: Preiļu novada CA plāns, lpp. 133",
    "id": "preilu-novads-evak-27"
   },
   "geometry": {
    "type": "Point",
    "coordinates": [
     26.599576,
     56.359626
    ]
   }
  },
  {
   "type": "Feature",
   "properties": {
    "kategorija": "evakuacijas_punkts",
    "nosaukums": "Smelteri – Salas pamatskola",
    "adrese": "Smelteri, Saunas pagasts",
    "pasvaldiba": "Preiļu novads",
    "pasvaldiba_slug": "preilu-novads",
    "nr_plana": 30,
    "avots_teksts": "Avots: Preiļu novada CA plāns, lpp. 133",
    "plans_url": "https://www.preili.lv/lv/media/965/download?attachment",
    "plans_fails": "cak_plans_22_homepage.md",
    "lpp": 133,
    "citats": "|30.|Saunas pagasts|Smelteri – Salas<br>pamatskola|<br>Smelteri,<br>Saunas<br>pagasts|56.42254368928344|26.67670741372087|",
    "izdevejs": "Preiļu novads (pašvaldība)",
    "geokodesana": "varis_address",
    "adrese_vzd": "\"Smelteri\", Ozoliņi, Saunas pag., Preiļu nov., LV-5326",
    "vzd_kods": "105348168",
    "plana_lat": 56.42254368928344,
    "plana_lon": 26.67670741372087,
    "koord_teksts": "56.42254368928344; 26.67670741372087",
    "karodzini": [
     "plan_coords_far_from_address"
    ],
    "komentars": "Avots: Preiļu novada CA plāns, lpp. 133 · plāna koordinātas kļūdainas, vieta noteikta pēc adreses (VZD)",
    "id": "preilu-novads-evak-28"
   },
   "geometry": {
    "type": "Point",
    "coordinates": [
     26.66799,
     56.411532
    ]
   }
  },
  {
   "type": "Feature",
   "properties": {
    "kategorija": "evakuacijas_punkts",
    "nosaukums": "Lielie Anspoki – autobusa pietura",
    "adrese": "Lielie Anspoki, Saunas pag.",
    "pasvaldiba": "Preiļu novads",
    "pasvaldiba_slug": "preilu-novads",
    "nr_plana": 31,
    "avots_teksts": "Avots: Preiļu novada CA plāns, lpp. 133",
    "plans_url": "https://www.preili.lv/lv/media/965/download?attachment",
    "plans_fails": "cak_plans_22_homepage.md",
    "lpp": 133,
    "citats": "|31.|Saunas pagasts|Lielie Anspoki –<br>autobusa pietura|Lielie<br>Anspoki,<br>Saunas pag.|56.3822445654871|26.637019658918785|",
    "izdevejs": "Preiļu novads (pašvaldība)",
    "geokodesana": "plan_coords",
    "adrese_vzd": null,
    "vzd_kods": null,
    "plana_lat": 56.3822445654871,
    "plana_lon": 26.637019658918785,
    "koord_teksts": "56.3822445654871; 26.637019658918785",
    "karodzini": [],
    "komentars": "Avots: Preiļu novada CA plāns, lpp. 133",
    "id": "preilu-novads-evak-29"
   },
   "geometry": {
    "type": "Point",
    "coordinates": [
     26.63702,
     56.382245
    ]
   }
  },
  {
   "type": "Feature",
   "properties": {
    "kategorija": "evakuacijas_punkts",
    "nosaukums": "Silajāņi (pārvalde), Stavlaukums",
    "adrese": "Miera iela 1, Silajāņi, Silajāņu pagasts",
    "pasvaldiba": "Preiļu novads",
    "pasvaldiba_slug": "preilu-novads",
    "nr_plana": 32,
    "avots_teksts": "Avots: Preiļu novada CA plāns, lpp. 133",
    "plans_url": "https://www.preili.lv/lv/media/965/download?attachment",
    "plans_fails": "cak_plans_22_homepage.md",
    "lpp": 133,
    "citats": "|32.|Silajāņu pagasts|Silajāņi (pārvalde),<br>Stavlaukums|Miera iela 1,<br>Silajāņi|56.34755642571583|26.93821348488182|",
    "izdevejs": "Preiļu novads (pašvaldība)",
    "geokodesana": "plan_coords",
    "adrese_vzd": "Miera iela 1, Silajāņi, Silajāņu pag., Preiļu nov., LV-5330",
    "vzd_kods": "101349598",
    "plana_lat": 56.34755642571583,
    "plana_lon": 26.93821348488182,
    "koord_teksts": "56.34755642571583; 26.93821348488182",
    "karodzini": [],
    "izvilkuma_piezime": "territorial unit (column 'Teritoriālā struktūrvienība') appended to the address",
    "komentars": "Avots: Preiļu novada CA plāns, lpp. 133",
    "id": "preilu-novads-evak-30"
   },
   "geometry": {
    "type": "Point",
    "coordinates": [
     26.938213,
     56.347556
    ]
   }
  },
  {
   "type": "Feature",
   "properties": {
    "kategorija": "evakuacijas_punkts",
    "nosaukums": "Sīļukalns (pārvalde), Stāvlaukums",
    "adrese": "Latgales iela 1, Sīļukalns, Sīļukalna pagasts",
    "pasvaldiba": "Preiļu novads",
    "pasvaldiba_slug": "preilu-novads",
    "nr_plana": 33,
    "avots_teksts": "Avots: Preiļu novada CA plāns, lpp. 134",
    "plans_url": "https://www.preili.lv/lv/media/965/download?attachment",
    "plans_fails": "cak_plans_22_homepage.md",
    "lpp": 134,
    "citats": "|33.|<br>Sīļukalna pagasts|<sup>Sīļukalns (pārvalde),</sup><br>Stāvlaukums|Latgales<br>iela 1,<br>Sīļukalns|56.51968075230734|26.75489699653014|",
    "izdevejs": "Preiļu novads (pašvaldība)",
    "geokodesana": "plan_coords",
    "adrese_vzd": "Latgales iela 1, Sīļukalns, Sīļukalna pag., Preiļu nov., LV-5331",
    "vzd_kods": "106500320",
    "plana_lat": 56.51968075230734,
    "plana_lon": 26.75489699653014,
    "koord_teksts": "56.51968075230734; 26.75489699653014",
    "karodzini": [],
    "izvilkuma_piezime": "territorial unit (column 'Teritoriālā struktūrvienība') appended to the address",
    "komentars": "Avots: Preiļu novada CA plāns, lpp. 134",
    "id": "preilu-novads-evak-31"
   },
   "geometry": {
    "type": "Point",
    "coordinates": [
     26.754897,
     56.519681
    ]
   }
  },
  {
   "type": "Feature",
   "properties": {
    "kategorija": "evakuacijas_punkts",
    "nosaukums": "Stabulnieki (pārvalde), Stāvlaukums",
    "adrese": "Skolas iela 3, Stabulnieki, Stabulnieku pagasts",
    "pasvaldiba": "Preiļu novads",
    "pasvaldiba_slug": "preilu-novads",
    "nr_plana": 34,
    "avots_teksts": "Avots: Preiļu novada CA plāns, lpp. 134",
    "plans_url": "https://www.preili.lv/lv/media/965/download?attachment",
    "plans_fails": "cak_plans_22_homepage.md",
    "lpp": 134,
    "citats": "|34.|Stabulnieku<br>pagasts|Stabulnieki<br>(pārvalde),<br>Stāvlaukums|Skolas iela<br>3,<br>Stabulnieki|56.41827927534074|26.78599536954123|",
    "izdevejs": "Preiļu novads (pašvaldība)",
    "geokodesana": "plan_coords",
    "adrese_vzd": "Skolas iela 3, Stabulnieki, Stabulnieku pag., Preiļu nov., LV-5333",
    "vzd_kods": "101350978",
    "plana_lat": 56.41827927534074,
    "plana_lon": 26.78599536954123,
    "koord_teksts": "56.41827927534074; 26.78599536954123",
    "karodzini": [],
    "izvilkuma_piezime": "territorial unit (column 'Teritoriālā struktūrvienība') appended to the address",
    "komentars": "Avots: Preiļu novada CA plāns, lpp. 134",
    "id": "preilu-novads-evak-32"
   },
   "geometry": {
    "type": "Point",
    "coordinates": [
     26.785995,
     56.418279
    ]
   }
  },
  {
   "type": "Feature",
   "properties": {
    "kategorija": "evakuacijas_punkts",
    "nosaukums": "Pie Vecvārkavas estrādes un lapenes",
    "adrese": "Skolas iela 5, Vecvārkava, Upmalas pagasts",
    "pasvaldiba": "Preiļu novads",
    "pasvaldiba_slug": "preilu-novads",
    "nr_plana": 35,
    "avots_teksts": "Avots: Preiļu novada CA plāns, lpp. 134",
    "plans_url": "https://www.preili.lv/lv/media/965/download?attachment",
    "plans_fails": "cak_plans_22_homepage.md",
    "lpp": 134,
    "citats": "|35.|<br>Upmalas pagasts|Pie Vecvārkavas<br>estrādes un lapenes|Skolas iela<br>5,<br>Vecvārkava,<br>Upmalas<br>pagasts|56.196454097933035|26.514369913711406|",
    "izdevejs": "Preiļu novads (pašvaldība)",
    "geokodesana": "plan_coords",
    "adrese_vzd": "Skolas iela 5, Vecvārkava, Upmalas pag., Preiļu nov., LV-5335",
    "vzd_kods": "105939893",
    "plana_lat": 56.196454097933035,
    "plana_lon": 26.514369913711406,
    "koord_teksts": "56.196454097933035; 26.514369913711406",
    "karodzini": [],
    "komentars": "Avots: Preiļu novada CA plāns, lpp. 134",
    "id": "preilu-novads-evak-33"
   },
   "geometry": {
    "type": "Point",
    "coordinates": [
     26.51437,
     56.196454
    ]
   }
  },
  {
   "type": "Feature",
   "properties": {
    "kategorija": "evakuacijas_punkts",
    "nosaukums": "Vārkavas vidusskolas sporta stadions",
    "adrese": "Skolas iela 4, Vecvārkava, Upmalas pagasts",
    "pasvaldiba": "Preiļu novads",
    "pasvaldiba_slug": "preilu-novads",
    "nr_plana": 36,
    "avots_teksts": "Avots: Preiļu novada CA plāns, lpp. 134",
    "plans_url": "https://www.preili.lv/lv/media/965/download?attachment",
    "plans_fails": "cak_plans_22_homepage.md",
    "lpp": 134,
    "citats": "|36.|<br>Upmalas pagasts|Vārkavas<br>vidusskolas sporta<br>stadions|Skolas iela<br>4,<br>Vecvārkava,<br>Upmalas<br>pagasts|56.1969622339906|26.51320285603968|",
    "izdevejs": "Preiļu novads (pašvaldība)",
    "geokodesana": "plan_coords",
    "adrese_vzd": "Skolas iela 4, Vecvārkava, Upmalas pag., Preiļu nov., LV-5335",
    "vzd_kods": "103166992",
    "plana_lat": 56.1969622339906,
    "plana_lon": 26.51320285603968,
    "koord_teksts": "56.1969622339906; 26.51320285603968",
    "karodzini": [],
    "komentars": "Avots: Preiļu novada CA plāns, lpp. 134",
    "id": "preilu-novads-evak-34"
   },
   "geometry": {
    "type": "Point",
    "coordinates": [
     26.513203,
     56.196962
    ]
   }
  },
  {
   "type": "Feature",
   "properties": {
    "kategorija": "evakuacijas_punkts",
    "nosaukums": "Pie IAC Vanagi ēkas",
    "adrese": "Vanagi, Upmalas pagasts",
    "pasvaldiba": "Preiļu novads",
    "pasvaldiba_slug": "preilu-novads",
    "nr_plana": 37,
    "avots_teksts": "Avots: Preiļu novada CA plāns, lpp. 134",
    "plans_url": "https://www.preili.lv/lv/media/965/download?attachment",
    "plans_fails": "cak_plans_22_homepage.md",
    "lpp": 134,
    "citats": "|37.|<br>Upmalas pagasts|Pie IAC Vanagi ēkas|Vanagi,<br>Upmalas<br>pagasts|56.29177326487707|26.375486755086413|",
    "izdevejs": "Preiļu novads (pašvaldība)",
    "geokodesana": "plan_coords",
    "adrese_vzd": "\"Vanagi\", Vanagi, Upmalas pag., Preiļu nov., LV-5316",
    "vzd_kods": "104941982",
    "plana_lat": 56.29177326487707,
    "plana_lon": 26.375486755086413,
    "koord_teksts": "56.29177326487707; 26.375486755086413",
    "karodzini": [],
    "komentars": "Avots: Preiļu novada CA plāns, lpp. 134",
    "id": "preilu-novads-evak-35"
   },
   "geometry": {
    "type": "Point",
    "coordinates": [
     26.375487,
     56.291773
    ]
   }
  },
  {
   "type": "Feature",
   "properties": {
    "kategorija": "evakuacijas_punkts",
    "nosaukums": "Vārkavas Tautas nams",
    "adrese": "Kovaļevsku 5, Vārkava, Vārkavas pagasts",
    "pasvaldiba": "Preiļu novads",
    "pasvaldiba_slug": "preilu-novads",
    "nr_plana": 38,
    "avots_teksts": "Avots: Preiļu novada CA plāns, lpp. 134",
    "plans_url": "https://www.preili.lv/lv/media/965/download?attachment",
    "plans_fails": "cak_plans_22_homepage.md",
    "lpp": 134,
    "citats": "|38.|<br>Vārkavas pagasts|Vārkavas Tautas<br>nams|Kovaļevsku<br>5, Vārkava,<br>Vārkavas<br>pagasts|56.24593755765149|26.566599638617312|",
    "izdevejs": "Preiļu novads (pašvaldība)",
    "geokodesana": "plan_coords",
    "adrese_vzd": "Kovaļevsku iela 5, Vārkava, Vārkavas pag., Preiļu nov., LV-5337",
    "vzd_kods": "105932212",
    "plana_lat": 56.24593755765149,
    "plana_lon": 26.566599638617312,
    "koord_teksts": "56.24593755765149; 26.566599638617312",
    "karodzini": [],
    "komentars": "Avots: Preiļu novada CA plāns, lpp. 134",
    "id": "preilu-novads-evak-36"
   },
   "geometry": {
    "type": "Point",
    "coordinates": [
     26.5666,
     56.245938
    ]
   }
  },
  {
   "type": "Feature",
   "properties": {
    "kategorija": "evakuacijas_punkts",
    "nosaukums": "Rēzeknes Valsts 1. ģimnāzija",
    "adrese": "Dzirnavu iela 3A, Rēzekne",
    "pasvaldiba": "Rēzekne",
    "pasvaldiba_slug": "rezekne",
    "nr_plana": 1,
    "avots_teksts": "Avots: Rēzeknes CA plāns, lpp. 70",
    "plans_url": "https://rezekne.lv/wp-content/uploads/2024/03/Rezeknes-valstspilsetas-un-Rezeknes-novada-sadarbibas-teritorijas-Civilas-aizsardzibas-plans.pdf",
    "plans_fails": "Rezeknes-valstspilsetas-un-Rezeknes-novada-sadarbibas-teritorijas-Civilas-aizsardzibas-plans.md",
    "lpp": 70,
    "citats": "||Rēzeknes Valsts 1.<br>ģimnāzija|Dzirnavu iela 3A, Rēzekne|56.50408|27.33928|",
    "izdevejs": "Rēzekne (pašvaldība)",
    "geokodesana": "plan_coords",
    "adrese_vzd": "Dzirnavu iela 3A, Rēzekne, LV-4601",
    "vzd_kods": "101669832",
    "plana_lat": 56.50408,
    "plana_lon": 27.33928,
    "koord_teksts": "56.50408|27.33928",
    "karodzini": [],
    "izvilkuma_piezime": "row number '1.' is in the header cell (conversion artefact)",
    "komentars": "Avots: Rēzeknes CA plāns, lpp. 70",
    "id": "rezekne-evak-1"
   },
   "geometry": {
    "type": "Point",
    "coordinates": [
     27.33928,
     56.50408
    ]
   }
  },
  {
   "type": "Feature",
   "properties": {
    "kategorija": "evakuacijas_punkts",
    "nosaukums": "Rēzeknes 2.vidusskola",
    "adrese": "Dārzu iela 17, Rēzekne",
    "pasvaldiba": "Rēzekne",
    "pasvaldiba_slug": "rezekne",
    "nr_plana": 2,
    "avots_teksts": "Avots: Rēzeknes CA plāns, lpp. 70",
    "plans_url": "https://rezekne.lv/wp-content/uploads/2024/03/Rezeknes-valstspilsetas-un-Rezeknes-novada-sadarbibas-teritorijas-Civilas-aizsardzibas-plans.pdf",
    "plans_fails": "Rezeknes-valstspilsetas-un-Rezeknes-novada-sadarbibas-teritorijas-Civilas-aizsardzibas-plans.md",
    "lpp": 70,
    "citats": "|2.|Rēzeknes 2.vidusskola|Dārzu iela 17, Rēzekne|56.50707|27.33398|",
    "izdevejs": "Rēzekne (pašvaldība)",
    "geokodesana": "plan_coords",
    "adrese_vzd": "Dārzu iela 17, Rēzekne, LV-4601",
    "vzd_kods": "106422548",
    "plana_lat": 56.50707,
    "plana_lon": 27.33398,
    "koord_teksts": "56.50707|27.33398",
    "karodzini": [],
    "komentars": "Avots: Rēzeknes CA plāns, lpp. 70",
    "id": "rezekne-evak-2"
   },
   "geometry": {
    "type": "Point",
    "coordinates": [
     27.33398,
     56.50707
    ]
   }
  },
  {
   "type": "Feature",
   "properties": {
    "kategorija": "evakuacijas_punkts",
    "nosaukums": "Rēzeknes 3.pamatskola",
    "adrese": "18. novembra iela 33, Rēzekne",
    "pasvaldiba": "Rēzekne",
    "pasvaldiba_slug": "rezekne",
    "nr_plana": 3,
    "avots_teksts": "Avots: Rēzeknes CA plāns, lpp. 70",
    "plans_url": "https://rezekne.lv/wp-content/uploads/2024/03/Rezeknes-valstspilsetas-un-Rezeknes-novada-sadarbibas-teritorijas-Civilas-aizsardzibas-plans.pdf",
    "plans_fails": "Rezeknes-valstspilsetas-un-Rezeknes-novada-sadarbibas-teritorijas-Civilas-aizsardzibas-plans.md",
    "lpp": 70,
    "citats": "|3.|Rēzeknes 3.pamatskola|18. novembra iela 33, Rēzekne|56.51002|27.335|",
    "izdevejs": "Rēzekne (pašvaldība)",
    "geokodesana": "plan_coords",
    "adrese_vzd": "18. novembra iela 33, Rēzekne, LV-4601",
    "vzd_kods": "102386043",
    "plana_lat": 56.51002,
    "plana_lon": 27.335,
    "koord_teksts": "56.51002|27.335",
    "karodzini": [],
    "komentars": "Avots: Rēzeknes CA plāns, lpp. 70",
    "id": "rezekne-evak-3"
   },
   "geometry": {
    "type": "Point",
    "coordinates": [
     27.335,
     56.51002
    ]
   }
  },
  {
   "type": "Feature",
   "properties": {
    "kategorija": "evakuacijas_punkts",
    "nosaukums": "Rēzeknes 4.vidusskola",
    "adrese": "Viļānu iela 2, Rēzekne",
    "pasvaldiba": "Rēzekne",
    "pasvaldiba_slug": "rezekne",
    "nr_plana": 4,
    "avots_teksts": "Avots: Rēzeknes CA plāns, lpp. 70",
    "plans_url": "https://rezekne.lv/wp-content/uploads/2024/03/Rezeknes-valstspilsetas-un-Rezeknes-novada-sadarbibas-teritorijas-Civilas-aizsardzibas-plans.pdf",
    "plans_fails": "Rezeknes-valstspilsetas-un-Rezeknes-novada-sadarbibas-teritorijas-Civilas-aizsardzibas-plans.md",
    "lpp": 70,
    "citats": "|4.|Rēzeknes 4.vidusskola|Viļānu iela 2, Rēzekne|56.50324|27.32226|",
    "izdevejs": "Rēzekne (pašvaldība)",
    "geokodesana": "plan_coords",
    "adrese_vzd": "Viļānu iela 2, Rēzekne, LV-4601",
    "vzd_kods": "102391510",
    "plana_lat": 56.50324,
    "plana_lon": 27.32226,
    "koord_teksts": "56.50324|27.32226",
    "karodzini": [],
    "komentars": "Avots: Rēzeknes CA plāns, lpp. 70",
    "id": "rezekne-evak-4"
   },
   "geometry": {
    "type": "Point",
    "coordinates": [
     27.32226,
     56.50324
    ]
   }
  },
  {
   "type": "Feature",
   "properties": {
    "kategorija": "evakuacijas_punkts",
    "nosaukums": "Rēzeknes 5.pamatskola",
    "adrese": "Rūpnīcas iela 11, Rēzekne",
    "pasvaldiba": "Rēzekne",
    "pasvaldiba_slug": "rezekne",
    "nr_plana": 5,
    "avots_teksts": "Avots: Rēzeknes CA plāns, lpp. 70",
    "plans_url": "https://rezekne.lv/wp-content/uploads/2024/03/Rezeknes-valstspilsetas-un-Rezeknes-novada-sadarbibas-teritorijas-Civilas-aizsardzibas-plans.pdf",
    "plans_fails": "Rezeknes-valstspilsetas-un-Rezeknes-novada-sadarbibas-teritorijas-Civilas-aizsardzibas-plans.md",
    "lpp": 70,
    "citats": "|5.|Rēzeknes 5.pamatskola|Rūpnīcas iela 11, Rēzekne|56.52595|27.34914|",
    "izdevejs": "Rēzekne (pašvaldība)",
    "geokodesana": "plan_coords",
    "adrese_vzd": "Rūpnīcas iela 11, Rēzekne, LV-4604",
    "vzd_kods": "106499764",
    "plana_lat": 56.52595,
    "plana_lon": 27.34914,
    "koord_teksts": "56.52595|27.34914",
    "karodzini": [],
    "komentars": "Avots: Rēzeknes CA plāns, lpp. 70",
    "id": "rezekne-evak-5"
   },
   "geometry": {
    "type": "Point",
    "coordinates": [
     27.34914,
     56.52595
    ]
   }
  },
  {
   "type": "Feature",
   "properties": {
    "kategorija": "evakuacijas_punkts",
    "nosaukums": "Rēzeknes 6.pamatskola",
    "adrese": "Kosmonautu iela 6, Rēzekne",
    "pasvaldiba": "Rēzekne",
    "pasvaldiba_slug": "rezekne",
    "nr_plana": 6,
    "avots_teksts": "Avots: Rēzeknes CA plāns, lpp. 70",
    "plans_url": "https://rezekne.lv/wp-content/uploads/2024/03/Rezeknes-valstspilsetas-un-Rezeknes-novada-sadarbibas-teritorijas-Civilas-aizsardzibas-plans.pdf",
    "plans_fails": "Rezeknes-valstspilsetas-un-Rezeknes-novada-sadarbibas-teritorijas-Civilas-aizsardzibas-plans.md",
    "lpp": 70,
    "citats": "|6.|Rēzeknes 6.pamatskola|Kosmonautu iela 6, Rēzekne|56.52299|27.34539|",
    "izdevejs": "Rēzekne (pašvaldība)",
    "geokodesana": "plan_coords",
    "adrese_vzd": "Kosmonautu iela 6, Rēzekne, LV-4604",
    "vzd_kods": "101674553",
    "plana_lat": 56.52299,
    "plana_lon": 27.34539,
    "koord_teksts": "56.52299|27.34539",
    "karodzini": [],
    "komentars": "Avots: Rēzeknes CA plāns, lpp. 70",
    "id": "rezekne-evak-6"
   },
   "geometry": {
    "type": "Point",
    "coordinates": [
     27.34539,
     56.52299
    ]
   }
  },
  {
   "type": "Feature",
   "properties": {
    "kategorija": "evakuacijas_punkts",
    "nosaukums": "Rēzeknes valsts poļu ģimnāzija",
    "adrese": "Lubānas iela 49, Rēzekne",
    "pasvaldiba": "Rēzekne",
    "pasvaldiba_slug": "rezekne",
    "nr_plana": 7,
    "avots_teksts": "Avots: Rēzeknes CA plāns, lpp. 70",
    "plans_url": "https://rezekne.lv/wp-content/uploads/2024/03/Rezeknes-valstspilsetas-un-Rezeknes-novada-sadarbibas-teritorijas-Civilas-aizsardzibas-plans.pdf",
    "plans_fails": "Rezeknes-valstspilsetas-un-Rezeknes-novada-sadarbibas-teritorijas-Civilas-aizsardzibas-plans.md",
    "lpp": 70,
    "citats": "|7.|Rēzeknes valsts poļu<br>ģimnāzija|Lubānas iela 49, Rēzekne|56.51616|27.34187|",
    "izdevejs": "Rēzekne (pašvaldība)",
    "geokodesana": "plan_coords",
    "adrese_vzd": "Lubānas iela 49, Rēzekne, LV-4601",
    "vzd_kods": "101678698",
    "plana_lat": 56.51616,
    "plana_lon": 27.34187,
    "koord_teksts": "56.51616|27.34187",
    "karodzini": [],
    "komentars": "Avots: Rēzeknes CA plāns, lpp. 70",
    "id": "rezekne-evak-7"
   },
   "geometry": {
    "type": "Point",
    "coordinates": [
     27.34187,
     56.51616
    ]
   }
  },
  {
   "type": "Feature",
   "properties": {
    "kategorija": "evakuacijas_punkts",
    "nosaukums": "Rēzeknes pamatskola – attīstības centrs",
    "adrese": "F.Varslavāna iela 5, Rēzekne",
    "pasvaldiba": "Rēzekne",
    "pasvaldiba_slug": "rezekne",
    "nr_plana": 8,
    "avots_teksts": "Avots: Rēzeknes CA plāns, lpp. 70",
    "plans_url": "https://rezekne.lv/wp-content/uploads/2024/03/Rezeknes-valstspilsetas-un-Rezeknes-novada-sadarbibas-teritorijas-Civilas-aizsardzibas-plans.pdf",
    "plans_fails": "Rezeknes-valstspilsetas-un-Rezeknes-novada-sadarbibas-teritorijas-Civilas-aizsardzibas-plans.md",
    "lpp": 70,
    "citats": "|8.|Rēzeknes pamatskola –<br>attīstības centrs|F.Varslavāna iela 5, Rēzekne|56.49519|27.32418|",
    "izdevejs": "Rēzekne (pašvaldība)",
    "geokodesana": "plan_coords",
    "adrese_vzd": "F. Varslavāna iela 5, Rēzekne, LV-4601",
    "vzd_kods": "101686238",
    "plana_lat": 56.49519,
    "plana_lon": 27.32418,
    "koord_teksts": "56.49519|27.32418",
    "karodzini": [],
    "komentars": "Avots: Rēzeknes CA plāns, lpp. 70",
    "id": "rezekne-evak-8"
   },
   "geometry": {
    "type": "Point",
    "coordinates": [
     27.32418,
     56.49519
    ]
   }
  },
  {
   "type": "Feature",
   "properties": {
    "kategorija": "evakuacijas_punkts",
    "nosaukums": "Rēzeknes sākumskola",
    "adrese": "Kaļķu iela 12, Rēzekne",
    "pasvaldiba": "Rēzekne",
    "pasvaldiba_slug": "rezekne",
    "nr_plana": 9,
    "avots_teksts": "Avots: Rēzeknes CA plāns, lpp. 70",
    "plans_url": "https://rezekne.lv/wp-content/uploads/2024/03/Rezeknes-valstspilsetas-un-Rezeknes-novada-sadarbibas-teritorijas-Civilas-aizsardzibas-plans.pdf",
    "plans_fails": "Rezeknes-valstspilsetas-un-Rezeknes-novada-sadarbibas-teritorijas-Civilas-aizsardzibas-plans.md",
    "lpp": 70,
    "citats": "|9.|Rēzeknes sākumskola|Kaļķu iela 12, Rēzekne|56.50517|27.3383|",
    "izdevejs": "Rēzekne (pašvaldība)",
    "geokodesana": "plan_coords",
    "adrese_vzd": "Kaļķu iela 12, Rēzekne, LV-4601",
    "vzd_kods": "101673607",
    "plana_lat": 56.50517,
    "plana_lon": 27.3383,
    "koord_teksts": "56.50517|27.3383",
    "karodzini": [],
    "komentars": "Avots: Rēzeknes CA plāns, lpp. 70",
    "id": "rezekne-evak-9"
   },
   "geometry": {
    "type": "Point",
    "coordinates": [
     27.3383,
     56.50517
    ]
   }
  },
  {
   "type": "Feature",
   "properties": {
    "kategorija": "evakuacijas_punkts",
    "nosaukums": "Pagastmāja",
    "adrese": "“Pagastmāja”, Dricāni, Dricānu pag., Rēzeknes nov., LV-4615",
    "pasvaldiba": "Rēzekne",
    "pasvaldiba_slug": "rezekne",
    "nr_plana": 1,
    "avots_teksts": "Avots: Rēzeknes CA plāns, lpp. 70",
    "plans_url": "https://rezekne.lv/wp-content/uploads/2024/03/Rezeknes-valstspilsetas-un-Rezeknes-novada-sadarbibas-teritorijas-Civilas-aizsardzibas-plans.pdf",
    "plans_fails": "Rezeknes-valstspilsetas-un-Rezeknes-novada-sadarbibas-teritorijas-Civilas-aizsardzibas-plans.md",
    "lpp": 70,
    "citats": "|1.|Dricānu<br>pagasts|Pagastmāja|“Pagastmāja”,<br>Dricāni, Dricānu<br>pag., Rēzeknes<br>nov., LV-4615|56.649363|27.183787|",
    "izdevejs": "Rēzekne (pašvaldība)",
    "geokodesana": "plan_coords",
    "adrese_vzd": "\"Pagastmāja\", Dricāni, Dricānu pag., Rēzeknes nov., LV-4615",
    "vzd_kods": "106254586",
    "plana_lat": 56.649363,
    "plana_lon": 27.183787,
    "koord_teksts": "56.649363|27.183787",
    "karodzini": [],
    "izvilkuma_piezime": "Iestāde/teritorija: Dricānu pagasts",
    "komentars": "Avots: Rēzeknes CA plāns, lpp. 70",
    "id": "rezekne-evak-10"
   },
   "geometry": {
    "type": "Point",
    "coordinates": [
     27.183787,
     56.649363
    ]
   }
  },
  {
   "type": "Feature",
   "properties": {
    "kategorija": "evakuacijas_punkts",
    "nosaukums": "Kultūra nams",
    "adrese": "Miera iela 14, Strūžāni, Stružānu pag., Rēzeknes nov., LV-4643",
    "pasvaldiba": "Rēzekne",
    "pasvaldiba_slug": "rezekne",
    "nr_plana": 2,
    "avots_teksts": "Avots: Rēzeknes CA plāns, lpp. 70",
    "plans_url": "https://rezekne.lv/wp-content/uploads/2024/03/Rezeknes-valstspilsetas-un-Rezeknes-novada-sadarbibas-teritorijas-Civilas-aizsardzibas-plans.pdf",
    "plans_fails": "Rezeknes-valstspilsetas-un-Rezeknes-novada-sadarbibas-teritorijas-Civilas-aizsardzibas-plans.md",
    "lpp": 70,
    "citats": "|2.|Strūžānu<br>pagasts|Kultūra nams|Miera iela 14,<br>Strūžāni, Stružānu<br>pag., Rēzeknes<br>nov., LV-4643|56.69574|27.23709|",
    "izdevejs": "Rēzekne (pašvaldība)",
    "geokodesana": "plan_coords",
    "adrese_vzd": "Miera iela 14, Strūžāni, Stružānu pag., Rēzeknes nov., LV-4643",
    "vzd_kods": "102138775",
    "plana_lat": 56.69574,
    "plana_lon": 27.23709,
    "koord_teksts": "56.69574|27.23709",
    "karodzini": [],
    "izvilkuma_piezime": "Iestāde/teritorija: Strūžānu pagasts",
    "komentars": "Avots: Rēzeknes CA plāns, lpp. 70",
    "id": "rezekne-evak-11"
   },
   "geometry": {
    "type": "Point",
    "coordinates": [
     27.23709,
     56.69574
    ]
   }
  },
  {
   "type": "Feature",
   "properties": {
    "kategorija": "evakuacijas_punkts",
    "nosaukums": "Pagasta ēka",
    "adrese": "Rēzeknes iela 2, Gaigalava, Gaigalavas pag., Rēzeknes nov., LV-4618",
    "pasvaldiba": "Rēzekne",
    "pasvaldiba_slug": "rezekne",
    "nr_plana": 3,
    "avots_teksts": "Avots: Rēzeknes CA plāns, lpp. 71",
    "plans_url": "https://rezekne.lv/wp-content/uploads/2024/03/Rezeknes-valstspilsetas-un-Rezeknes-novada-sadarbibas-teritorijas-Civilas-aizsardzibas-plans.pdf",
    "plans_fails": "Rezeknes-valstspilsetas-un-Rezeknes-novada-sadarbibas-teritorijas-Civilas-aizsardzibas-plans.md",
    "lpp": 71,
    "citats": "|3.|Gaigalavas<br>pagasts|Pagasta ēka|Rēzeknes iela 2,<br>Gaigalava,<br>Gaigalavas pag.,<br>Rēzeknes nov., LV-<br>4618|56.731819|27.068988|",
    "izdevejs": "Rēzekne (pašvaldība)",
    "geokodesana": "plan_coords",
    "adrese_vzd": "Rēzeknes iela 2, Gaigalava, Gaigalavas pag., Rēzeknes nov., LV-4618",
    "vzd_kods": "104528421",
    "plana_lat": 56.731819,
    "plana_lon": 27.068988,
    "koord_teksts": "56.731819|27.068988",
    "karodzini": [],
    "izvilkuma_piezime": "Iestāde/teritorija: Gaigalavas pagasts",
    "komentars": "Avots: Rēzeknes CA plāns, lpp. 71",
    "id": "rezekne-evak-12"
   },
   "geometry": {
    "type": "Point",
    "coordinates": [
     27.068988,
     56.731819
    ]
   }
  },
  {
   "type": "Feature",
   "properties": {
    "kategorija": "evakuacijas_punkts",
    "nosaukums": "Pagastmāja",
    "adrese": "``Pagastmāja``, Nagļi, Nagļu pag., Rēzeknes nov., LV-4631",
    "pasvaldiba": "Rēzekne",
    "pasvaldiba_slug": "rezekne",
    "nr_plana": 4,
    "avots_teksts": "Avots: Rēzeknes CA plāns, lpp. 71",
    "plans_url": "https://rezekne.lv/wp-content/uploads/2024/03/Rezeknes-valstspilsetas-un-Rezeknes-novada-sadarbibas-teritorijas-Civilas-aizsardzibas-plans.pdf",
    "plans_fails": "Rezeknes-valstspilsetas-un-Rezeknes-novada-sadarbibas-teritorijas-Civilas-aizsardzibas-plans.md",
    "lpp": 71,
    "citats": "|4.|Nagļu pagasts|Pagastmāja|``Pagastmāja``,<br>Nagļi, Nagļu pag.,<br>Rēzeknes nov., LV-<br>4631|56.684962|26.930608|",
    "izdevejs": "Rēzekne (pašvaldība)",
    "geokodesana": "plan_coords",
    "adrese_vzd": "\"Pagastmāja\", Nagļi, Nagļu pag., Rēzeknes nov., LV-4631",
    "vzd_kods": "105826982",
    "plana_lat": 56.684962,
    "plana_lon": 26.930608,
    "koord_teksts": "56.684962|26.930608",
    "karodzini": [],
    "izvilkuma_piezime": "Iestāde/teritorija: Nagļu pagasts",
    "komentars": "Avots: Rēzeknes CA plāns, lpp. 71",
    "id": "rezekne-evak-13"
   },
   "geometry": {
    "type": "Point",
    "coordinates": [
     26.930608,
     56.684962
    ]
   }
  },
  {
   "type": "Feature",
   "properties": {
    "kategorija": "evakuacijas_punkts",
    "nosaukums": "Pagasta ēka",
    "adrese": "Jaunības iela 15, Rikava, Rikavas pag., Rēzeknes nov., LV-4648",
    "pasvaldiba": "Rēzekne",
    "pasvaldiba_slug": "rezekne",
    "nr_plana": 5,
    "avots_teksts": "Avots: Rēzeknes CA plāns, lpp. 71",
    "plans_url": "https://rezekne.lv/wp-content/uploads/2024/03/Rezeknes-valstspilsetas-un-Rezeknes-novada-sadarbibas-teritorijas-Civilas-aizsardzibas-plans.pdf",
    "plans_fails": "Rezeknes-valstspilsetas-un-Rezeknes-novada-sadarbibas-teritorijas-Civilas-aizsardzibas-plans.md",
    "lpp": 71,
    "citats": "|5.|Rikavas<br>pagasts|Pagasta ēka|Jaunības iela 15,<br>Rikava, Rikavas<br>pag., Rēzeknes<br>nov., LV-4648|56.619938|27.041994|",
    "izdevejs": "Rēzekne (pašvaldība)",
    "geokodesana": "plan_coords",
    "adrese_vzd": "Jaunības iela 15, Rikava, Rikavas pag., Rēzeknes nov., LV-4648",
    "vzd_kods": "105762480",
    "plana_lat": 56.619938,
    "plana_lon": 27.041994,
    "koord_teksts": "56.619938|27.041994",
    "karodzini": [],
    "izvilkuma_piezime": "Iestāde/teritorija: Rikavas pagasts",
    "komentars": "Avots: Rēzeknes CA plāns, lpp. 71",
    "id": "rezekne-evak-14"
   },
   "geometry": {
    "type": "Point",
    "coordinates": [
     27.041994,
     56.619938
    ]
   }
  },
  {
   "type": "Feature",
   "properties": {
    "kategorija": "evakuacijas_punkts",
    "nosaukums": "Administratīvais centrs",
    "adrese": "``Administratīvais centrs``, Liuža, Kantinieku pag., Rēzeknes nov., LV-4621",
    "pasvaldiba": "Rēzekne",
    "pasvaldiba_slug": "rezekne",
    "nr_plana": 6,
    "avots_teksts": "Avots: Rēzeknes CA plāns, lpp. 71",
    "plans_url": "https://rezekne.lv/wp-content/uploads/2024/03/Rezeknes-valstspilsetas-un-Rezeknes-novada-sadarbibas-teritorijas-Civilas-aizsardzibas-plans.pdf",
    "plans_fails": "Rezeknes-valstspilsetas-un-Rezeknes-novada-sadarbibas-teritorijas-Civilas-aizsardzibas-plans.md",
    "lpp": 71,
    "citats": "|6.|Kantinieku<br>pagasts|Administratīvais<br>centrs|``Administratīvais<br>centrs``, Liuža,<br>Kantinieku pag.,<br>Rēzeknes nov., LV-<br>4621|56.566713|27.14048|",
    "izdevejs": "Rēzekne (pašvaldība)",
    "geokodesana": "plan_coords",
    "adrese_vzd": "\"Administratīvais centrs\", Liuža, Kantinieku pag., Rēzeknes nov., LV-4621",
    "vzd_kods": "105801976",
    "plana_lat": 56.566713,
    "plana_lon": 27.14048,
    "koord_teksts": "56.566713|27.14048",
    "karodzini": [],
    "izvilkuma_piezime": "Iestāde/teritorija: Kantinieku pagasts",
    "komentars": "Avots: Rēzeknes CA plāns, lpp. 71",
    "id": "rezekne-evak-15"
   },
   "geometry": {
    "type": "Point",
    "coordinates": [
     27.14048,
     56.566713
    ]
   }
  },
  {
   "type": "Feature",
   "properties": {
    "kategorija": "evakuacijas_punkts",
    "nosaukums": "Pagasta ēka",
    "adrese": "Kalna iela 2, Sakstagals, Sakstagala pag., Rēzeknes nov., LV-4638",
    "pasvaldiba": "Rēzekne",
    "pasvaldiba_slug": "rezekne",
    "nr_plana": 7,
    "avots_teksts": "Avots: Rēzeknes CA plāns, lpp. 71",
    "plans_url": "https://rezekne.lv/wp-content/uploads/2024/03/Rezeknes-valstspilsetas-un-Rezeknes-novada-sadarbibas-teritorijas-Civilas-aizsardzibas-plans.pdf",
    "plans_fails": "Rezeknes-valstspilsetas-un-Rezeknes-novada-sadarbibas-teritorijas-Civilas-aizsardzibas-plans.md",
    "lpp": 71,
    "citats": "|7.|Sakstagala<br>pagasts|Pagasta ēka|Kalna iela 2,<br>Sakstagals,<br>Sakstagala pag.,<br>Rēzeknes nov., LV-<br>4638|56.533604|27.151076|",
    "izdevejs": "Rēzekne (pašvaldība)",
    "geokodesana": "plan_coords",
    "adrese_vzd": "Kalna iela 2, Sakstagals, Sakstagala pag., Rēzeknes nov., LV-4638",
    "vzd_kods": "105397516",
    "plana_lat": 56.533604,
    "plana_lon": 27.151076,
    "koord_teksts": "56.533604|27.151076",
    "karodzini": [],
    "izvilkuma_piezime": "Iestāde/teritorija: Sakstagala pagasts",
    "komentars": "Avots: Rēzeknes CA plāns, lpp. 71",
    "id": "rezekne-evak-16"
   },
   "geometry": {
    "type": "Point",
    "coordinates": [
     27.151076,
     56.533604
    ]
   }
  },
  {
   "type": "Feature",
   "properties": {
    "kategorija": "evakuacijas_punkts",
    "nosaukums": "Pagasta ēka",
    "adrese": "\"Laimas\", Ozolmuiža, Ozolmuižas pag., Rēzeknes nov., LV-4633",
    "pasvaldiba": "Rēzekne",
    "pasvaldiba_slug": "rezekne",
    "nr_plana": 8,
    "avots_teksts": "Avots: Rēzeknes CA plāns, lpp. 71",
    "plans_url": "https://rezekne.lv/wp-content/uploads/2024/03/Rezeknes-valstspilsetas-un-Rezeknes-novada-sadarbibas-teritorijas-Civilas-aizsardzibas-plans.pdf",
    "plans_fails": "Rezeknes-valstspilsetas-un-Rezeknes-novada-sadarbibas-teritorijas-Civilas-aizsardzibas-plans.md",
    "lpp": 71,
    "citats": "|8.|Ozolmuižas<br>pagasts|Pagasta ēka|\"Laimas\",<br>Ozolmuiža,<br>Ozolmuižas pag.,<br>Rēzeknes nov., LV-<br>4633|56.491753|27.225271|",
    "izdevejs": "Rēzekne (pašvaldība)",
    "geokodesana": "plan_coords",
    "adrese_vzd": "\"Laimas\", Ozolmuiža, Ozolmuižas pag., Rēzeknes nov., LV-4633",
    "vzd_kods": "103949575",
    "plana_lat": 56.491753,
    "plana_lon": 27.225271,
    "koord_teksts": "56.491753|27.225271",
    "karodzini": [],
    "izvilkuma_piezime": "Iestāde/teritorija: Ozolmuižas pagasts",
    "komentars": "Avots: Rēzeknes CA plāns, lpp. 71",
    "id": "rezekne-evak-17"
   },
   "geometry": {
    "type": "Point",
    "coordinates": [
     27.225271,
     56.491753
    ]
   }
  },
  {
   "type": "Feature",
   "properties": {
    "kategorija": "evakuacijas_punkts",
    "nosaukums": "Pagastmāja",
    "adrese": "``Pagastmāja``, Rogovka, Nautrēnu pag., Rēzeknes nov., LV-4652",
    "pasvaldiba": "Rēzekne",
    "pasvaldiba_slug": "rezekne",
    "nr_plana": 9,
    "avots_teksts": "Avots: Rēzeknes CA plāns, lpp. 71",
    "plans_url": "https://rezekne.lv/wp-content/uploads/2024/03/Rezeknes-valstspilsetas-un-Rezeknes-novada-sadarbibas-teritorijas-Civilas-aizsardzibas-plans.pdf",
    "plans_fails": "Rezeknes-valstspilsetas-un-Rezeknes-novada-sadarbibas-teritorijas-Civilas-aizsardzibas-plans.md",
    "lpp": 71,
    "citats": "|9.|Nautrēnu<br>pagasts|Pagastmāja|``Pagastmāja``,<br>Rogovka, Nautrēnu<br>pag., Rēzeknes<br>nov., LV-4652|56.70867|27.414472|",
    "izdevejs": "Rēzekne (pašvaldība)",
    "geokodesana": "plan_coords",
    "adrese_vzd": "\"Pagastmāja\", Rogovka, Nautrēnu pag., Rēzeknes nov., LV-4652",
    "vzd_kods": "105744792",
    "plana_lat": 56.70867,
    "plana_lon": 27.414472,
    "koord_teksts": "56.70867|27.414472",
    "karodzini": [],
    "izvilkuma_piezime": "Iestāde/teritorija: Nautrēnu pagasts",
    "komentars": "Avots: Rēzeknes CA plāns, lpp. 71",
    "id": "rezekne-evak-18"
   },
   "geometry": {
    "type": "Point",
    "coordinates": [
     27.414472,
     56.70867
    ]
   }
  },
  {
   "type": "Feature",
   "properties": {
    "kategorija": "evakuacijas_punkts",
    "nosaukums": "Pagasta ēka",
    "adrese": "Centra iela 1, Ilzeskalns, Ilzeskalna pag., Rēzeknes nov., LV-4619",
    "pasvaldiba": "Rēzekne",
    "pasvaldiba_slug": "rezekne",
    "nr_plana": 10,
    "avots_teksts": "Avots: Rēzeknes CA plāns, lpp. 71",
    "plans_url": "https://rezekne.lv/wp-content/uploads/2024/03/Rezeknes-valstspilsetas-un-Rezeknes-novada-sadarbibas-teritorijas-Civilas-aizsardzibas-plans.pdf",
    "plans_fails": "Rezeknes-valstspilsetas-un-Rezeknes-novada-sadarbibas-teritorijas-Civilas-aizsardzibas-plans.md",
    "lpp": 71,
    "citats": "|10.|Ilzeskalna<br>pagasts|Pagasta ēka|Centra iela 1,<br>Ilzeskalns,<br>Ilzeskalna pag.,<br>Rēzeknes nov., LV-<br>4619|56.640448|27.395502|",
    "izdevejs": "Rēzekne (pašvaldība)",
    "geokodesana": "plan_coords",
    "adrese_vzd": "Centra iela 1, Ilzeskalns, Ilzeskalna pag., Rēzeknes nov., LV-4619",
    "vzd_kods": "106360484",
    "plana_lat": 56.640448,
    "plana_lon": 27.395502,
    "koord_teksts": "56.640448|27.395502",
    "karodzini": [],
    "izvilkuma_piezime": "Iestāde/teritorija: Ilzeskalna pagasts",
    "komentars": "Avots: Rēzeknes CA plāns, lpp. 71",
    "id": "rezekne-evak-19"
   },
   "geometry": {
    "type": "Point",
    "coordinates": [
     27.395502,
     56.640448
    ]
   }
  },
  {
   "type": "Feature",
   "properties": {
    "kategorija": "evakuacijas_punkts",
    "nosaukums": "Pagasta ēka",
    "adrese": "Lidicas iela 17, Audriņi, Audriņu pag., Rēzeknes nov., LV-4611",
    "pasvaldiba": "Rēzekne",
    "pasvaldiba_slug": "rezekne",
    "nr_plana": 11,
    "avots_teksts": "Avots: Rēzeknes CA plāns, lpp. 71",
    "plans_url": "https://rezekne.lv/wp-content/uploads/2024/03/Rezeknes-valstspilsetas-un-Rezeknes-novada-sadarbibas-teritorijas-Civilas-aizsardzibas-plans.pdf",
    "plans_fails": "Rezeknes-valstspilsetas-un-Rezeknes-novada-sadarbibas-teritorijas-Civilas-aizsardzibas-plans.md",
    "lpp": 71,
    "citats": "|11.|Audriņu<br>pagasts|Pagasta ēka|Lidicas iela 17,<br>Audriņi, Audriņu<br>pag., Rēzeknes<br>nov., LV-4611|56.589945|27.247402|",
    "izdevejs": "Rēzekne (pašvaldība)",
    "geokodesana": "plan_coords",
    "adrese_vzd": "Lidicas iela 17, Audriņi, Audriņu pag., Rēzeknes nov., LV-4611",
    "vzd_kods": "105686613",
    "plana_lat": 56.589945,
    "plana_lon": 27.247402,
    "koord_teksts": "56.589945|27.247402",
    "karodzini": [],
    "izvilkuma_piezime": "Iestāde/teritorija: Audriņu pagasts",
    "komentars": "Avots: Rēzeknes CA plāns, lpp. 71",
    "id": "rezekne-evak-20"
   },
   "geometry": {
    "type": "Point",
    "coordinates": [
     27.247402,
     56.589945
    ]
   }
  },
  {
   "type": "Feature",
   "properties": {
    "kategorija": "evakuacijas_punkts",
    "nosaukums": "Kultūras nams",
    "adrese": "Rītupes iela 34, Bērzgale, Bērzgales pag., Rēzeknes nov., LV-4612",
    "pasvaldiba": "Rēzekne",
    "pasvaldiba_slug": "rezekne",
    "nr_plana": 12,
    "avots_teksts": "Avots: Rēzeknes CA plāns, lpp. 71",
    "plans_url": "https://rezekne.lv/wp-content/uploads/2024/03/Rezeknes-valstspilsetas-un-Rezeknes-novada-sadarbibas-teritorijas-Civilas-aizsardzibas-plans.pdf",
    "plans_fails": "Rezeknes-valstspilsetas-un-Rezeknes-novada-sadarbibas-teritorijas-Civilas-aizsardzibas-plans.md",
    "lpp": 71,
    "citats": "|12.|Bērzgales<br>pagasts|Kultūras nams|Rītupes iela 34,<br>Bērzgale, Bērzgales|56.631626|27.512542|",
    "izdevejs": "Rēzekne (pašvaldība)",
    "geokodesana": "plan_coords",
    "adrese_vzd": "Rītupes iela 34, Bērzgale, Bērzgales pag., Rēzeknes nov., LV-4612",
    "vzd_kods": "101322098",
    "plana_lat": 56.631626,
    "plana_lon": 27.512542,
    "koord_teksts": "56.631626|27.512542",
    "karodzini": [],
    "izvilkuma_piezime": "Iestāde/teritorija: Bērzgales pagasts; address continues after page break (lpp. 71/72) on line '||||pag., Rēzeknes<br>nov., LV-4612|||', joined",
    "komentars": "Avots: Rēzeknes CA plāns, lpp. 71",
    "id": "rezekne-evak-21"
   },
   "geometry": {
    "type": "Point",
    "coordinates": [
     27.512542,
     56.631626
    ]
   }
  },
  {
   "type": "Feature",
   "properties": {
    "kategorija": "evakuacijas_punkts",
    "nosaukums": "Pagasta ēka",
    "adrese": "Jāņa Zvīdra iela 1, Sondori, Vērēmu pag., Rēzeknes nov., LV-4647",
    "pasvaldiba": "Rēzekne",
    "pasvaldiba_slug": "rezekne",
    "nr_plana": 13,
    "avots_teksts": "Avots: Rēzeknes CA plāns, lpp. 72",
    "plans_url": "https://rezekne.lv/wp-content/uploads/2024/03/Rezeknes-valstspilsetas-un-Rezeknes-novada-sadarbibas-teritorijas-Civilas-aizsardzibas-plans.pdf",
    "plans_fails": "Rezeknes-valstspilsetas-un-Rezeknes-novada-sadarbibas-teritorijas-Civilas-aizsardzibas-plans.md",
    "lpp": 72,
    "citats": "|13.|Vērēmu<br>pagasts|Pagasta ēka|Jāņa Zvīdra iela 1,<br>Sondori, Vērēmu<br>pag., Rēzeknes<br>nov., LV-4647|56.571533|27.371032|",
    "izdevejs": "Rēzekne (pašvaldība)",
    "geokodesana": "plan_coords",
    "adrese_vzd": null,
    "vzd_kods": null,
    "plana_lat": 56.571533,
    "plana_lon": 27.371032,
    "koord_teksts": "56.571533|27.371032",
    "karodzini": [],
    "izvilkuma_piezime": "Iestāde/teritorija: Vērēmu pagasts",
    "komentars": "Avots: Rēzeknes CA plāns, lpp. 72",
    "id": "rezekne-evak-22"
   },
   "geometry": {
    "type": "Point",
    "coordinates": [
     27.371032,
     56.571533
    ]
   }
  },
  {
   "type": "Feature",
   "properties": {
    "kategorija": "evakuacijas_punkts",
    "nosaukums": "Pagasta ēka",
    "adrese": "Viraudas iela 3, Lendži, Lendžu pag., Rēzeknes nov., LV-4625",
    "pasvaldiba": "Rēzekne",
    "pasvaldiba_slug": "rezekne",
    "nr_plana": 14,
    "avots_teksts": "Avots: Rēzeknes CA plāns, lpp. 72",
    "plans_url": "https://rezekne.lv/wp-content/uploads/2024/03/Rezeknes-valstspilsetas-un-Rezeknes-novada-sadarbibas-teritorijas-Civilas-aizsardzibas-plans.pdf",
    "plans_fails": "Rezeknes-valstspilsetas-un-Rezeknes-novada-sadarbibas-teritorijas-Civilas-aizsardzibas-plans.md",
    "lpp": 72,
    "citats": "|14.|Lendžu pagasts|Pagasta ēka|Viraudas iela 3,<br>Lendži, Lendžu<br>pag., Rēzeknes<br>nov., LV-4625|56.583078|27.509251|",
    "izdevejs": "Rēzekne (pašvaldība)",
    "geokodesana": "plan_coords",
    "adrese_vzd": "Viraudas iela 3, Lendži, Lendžu pag., Rēzeknes nov., LV-4625",
    "vzd_kods": "105220550",
    "plana_lat": 56.583078,
    "plana_lon": 27.509251,
    "koord_teksts": "56.583078|27.509251",
    "karodzini": [],
    "izvilkuma_piezime": "Iestāde/teritorija: Lendžu pagasts",
    "komentars": "Avots: Rēzeknes CA plāns, lpp. 72",
    "id": "rezekne-evak-23"
   },
   "geometry": {
    "type": "Point",
    "coordinates": [
     27.509251,
     56.583078
    ]
   }
  },
  {
   "type": "Feature",
   "properties": {
    "kategorija": "evakuacijas_punkts",
    "nosaukums": "Pagasta administratīvā ēkā",
    "adrese": "Rāznas iela 38, Kaunata, Kaunatas pag., Rēzeknes nov., LV-4622",
    "pasvaldiba": "Rēzekne",
    "pasvaldiba_slug": "rezekne",
    "nr_plana": 15,
    "avots_teksts": "Avots: Rēzeknes CA plāns, lpp. 72",
    "plans_url": "https://rezekne.lv/wp-content/uploads/2024/03/Rezeknes-valstspilsetas-un-Rezeknes-novada-sadarbibas-teritorijas-Civilas-aizsardzibas-plans.pdf",
    "plans_fails": "Rezeknes-valstspilsetas-un-Rezeknes-novada-sadarbibas-teritorijas-Civilas-aizsardzibas-plans.md",
    "lpp": 72,
    "citats": "|15.|Kaunatas<br>pagasts|Pagasta<br>administratīvā<br>ēkā|Rāznas iela 38,<br>Kaunata, Kaunatas<br>pag., Rēzeknes<br>nov., LV-4622|56.331959|27.546193|",
    "izdevejs": "Rēzekne (pašvaldība)",
    "geokodesana": "plan_coords",
    "adrese_vzd": "Rāznas iela 38, Kaunata, Kaunatas pag., Rēzeknes nov., LV-4622",
    "vzd_kods": "101323348",
    "plana_lat": 56.331959,
    "plana_lon": 27.546193,
    "koord_teksts": "56.331959|27.546193",
    "karodzini": [],
    "izvilkuma_piezime": "Iestāde/teritorija: Kaunatas pagasts",
    "komentars": "Avots: Rēzeknes CA plāns, lpp. 72",
    "id": "rezekne-evak-24"
   },
   "geometry": {
    "type": "Point",
    "coordinates": [
     27.546193,
     56.331959
    ]
   }
  },
  {
   "type": "Feature",
   "properties": {
    "kategorija": "evakuacijas_punkts",
    "nosaukums": "Pagasta ēka",
    "adrese": "Skolas iela 3, Lipuški, Mākoņkalna pag., Rēzeknes nov., LV-4626",
    "pasvaldiba": "Rēzekne",
    "pasvaldiba_slug": "rezekne",
    "nr_plana": 16,
    "avots_teksts": "Avots: Rēzeknes CA plāns, lpp. 72",
    "plans_url": "https://rezekne.lv/wp-content/uploads/2024/03/Rezeknes-valstspilsetas-un-Rezeknes-novada-sadarbibas-teritorijas-Civilas-aizsardzibas-plans.pdf",
    "plans_fails": "Rezeknes-valstspilsetas-un-Rezeknes-novada-sadarbibas-teritorijas-Civilas-aizsardzibas-plans.md",
    "lpp": 72,
    "citats": "|16.|Mākoņkalna<br>pagasts|Pagasta ēka|Skolas iela 3,<br>Lipuški,<br>Mākoņkalna pag.,<br>Rēzeknes nov., LV-<br>4626|56.290253|27.437105|",
    "izdevejs": "Rēzekne (pašvaldība)",
    "geokodesana": "plan_coords",
    "adrese_vzd": "Skolas iela 3, Lipuški, Mākoņkalna pag., Rēzeknes nov., LV-4626",
    "vzd_kods": "104846365",
    "plana_lat": 56.290253,
    "plana_lon": 27.437105,
    "koord_teksts": "56.290253|27.437105",
    "karodzini": [],
    "izvilkuma_piezime": "Iestāde/teritorija: Mākoņkalna pagasts",
    "komentars": "Avots: Rēzeknes CA plāns, lpp. 72",
    "id": "rezekne-evak-25"
   },
   "geometry": {
    "type": "Point",
    "coordinates": [
     27.437105,
     56.290253
    ]
   }
  },
  {
   "type": "Feature",
   "properties": {
    "kategorija": "evakuacijas_punkts",
    "nosaukums": "Pagasta ēka",
    "adrese": "Miera iela 5, Čornaja, Čornajas pag., Rēzeknes nov., LV-4617",
    "pasvaldiba": "Rēzekne",
    "pasvaldiba_slug": "rezekne",
    "nr_plana": 17,
    "avots_teksts": "Avots: Rēzeknes CA plāns, lpp. 72",
    "plans_url": "https://rezekne.lv/wp-content/uploads/2024/03/Rezeknes-valstspilsetas-un-Rezeknes-novada-sadarbibas-teritorijas-Civilas-aizsardzibas-plans.pdf",
    "plans_fails": "Rezeknes-valstspilsetas-un-Rezeknes-novada-sadarbibas-teritorijas-Civilas-aizsardzibas-plans.md",
    "lpp": 72,
    "citats": "|17.|Čornajas<br>pagasts|Pagasta ēka|Miera iela 5,<br>Čornaja, Čornajas<br>pag., Rēzeknes<br>nov., LV-4617|56.383135|27.4149|",
    "izdevejs": "Rēzekne (pašvaldība)",
    "geokodesana": "plan_coords",
    "adrese_vzd": "Miera iela 5, Čornaja, Čornajas pag., Rēzeknes nov., LV-4617",
    "vzd_kods": "101322313",
    "plana_lat": 56.383135,
    "plana_lon": 27.4149,
    "koord_teksts": "56.383135|27.4149",
    "karodzini": [],
    "izvilkuma_piezime": "Iestāde/teritorija: Čornajas pagasts",
    "komentars": "Avots: Rēzeknes CA plāns, lpp. 72",
    "id": "rezekne-evak-26"
   },
   "geometry": {
    "type": "Point",
    "coordinates": [
     27.4149,
     56.383135
    ]
   }
  },
  {
   "type": "Feature",
   "properties": {
    "kategorija": "evakuacijas_punkts",
    "nosaukums": "Pagasta ēka",
    "adrese": "Skolas iela 1, Stoļerova, Stoļerovas pag., Rēzeknes nov., LV-4642",
    "pasvaldiba": "Rēzekne",
    "pasvaldiba_slug": "rezekne",
    "nr_plana": 18,
    "avots_teksts": "Avots: Rēzeknes CA plāns, lpp. 72",
    "plans_url": "https://rezekne.lv/wp-content/uploads/2024/03/Rezeknes-valstspilsetas-un-Rezeknes-novada-sadarbibas-teritorijas-Civilas-aizsardzibas-plans.pdf",
    "plans_fails": "Rezeknes-valstspilsetas-un-Rezeknes-novada-sadarbibas-teritorijas-Civilas-aizsardzibas-plans.md",
    "lpp": 72,
    "citats": "|18.|Stoļerovas<br>pagasts|Pagasta ēka|Skolas iela 1,<br>Stoļerova,<br>Stoļerovas pag.,<br>Rēzeknes nov., LV-<br>4642|56.434773|27.552185|",
    "izdevejs": "Rēzekne (pašvaldība)",
    "geokodesana": "plan_coords",
    "adrese_vzd": "Skolas iela 1, Stoļerova, Stoļerovas pag., Rēzeknes nov., LV-4642",
    "vzd_kods": "104215352",
    "plana_lat": 56.434773,
    "plana_lon": 27.552185,
    "koord_teksts": "56.434773|27.552185",
    "karodzini": [],
    "izvilkuma_piezime": "Iestāde/teritorija: Stoļerovas pagasts",
    "komentars": "Avots: Rēzeknes CA plāns, lpp. 72",
    "id": "rezekne-evak-27"
   },
   "geometry": {
    "type": "Point",
    "coordinates": [
     27.552185,
     56.434773
    ]
   }
  },
  {
   "type": "Feature",
   "properties": {
    "kategorija": "evakuacijas_punkts",
    "nosaukums": "Pagasta ēka",
    "adrese": "Centrālā iela 27, Sprūževa, Griškānu pag., Rēzeknes nov., LV-4641",
    "pasvaldiba": "Rēzekne",
    "pasvaldiba_slug": "rezekne",
    "nr_plana": 19,
    "avots_teksts": "Avots: Rēzeknes CA plāns, lpp. 72",
    "plans_url": "https://rezekne.lv/wp-content/uploads/2024/03/Rezeknes-valstspilsetas-un-Rezeknes-novada-sadarbibas-teritorijas-Civilas-aizsardzibas-plans.pdf",
    "plans_fails": "Rezeknes-valstspilsetas-un-Rezeknes-novada-sadarbibas-teritorijas-Civilas-aizsardzibas-plans.md",
    "lpp": 72,
    "citats": "|19.|Griškānu<br>pagasts|Pagasta ēka|Centrālā iela 27,<br>Sprūževa, Griškānu<br>pag., Rēzeknes<br>nov., LV-4641|56.492879|27.424904|",
    "izdevejs": "Rēzekne (pašvaldība)",
    "geokodesana": "plan_coords",
    "adrese_vzd": "Centrālā iela 27, Sprūževa, Griškānu pag., Rēzeknes nov., LV-4641",
    "vzd_kods": "106154160",
    "plana_lat": 56.492879,
    "plana_lon": 27.424904,
    "koord_teksts": "56.492879|27.424904",
    "karodzini": [],
    "izvilkuma_piezime": "Iestāde/teritorija: Griškānu pagasts",
    "komentars": "Avots: Rēzeknes CA plāns, lpp. 72",
    "id": "rezekne-evak-28"
   },
   "geometry": {
    "type": "Point",
    "coordinates": [
     27.424904,
     56.492879
    ]
   }
  },
  {
   "type": "Feature",
   "properties": {
    "kategorija": "evakuacijas_punkts",
    "nosaukums": "Maltas apvienības pārvaldes ēka",
    "adrese": "Skolas iela 24, Malta, Maltas pag., Rēzeknes nov., LV-4630",
    "pasvaldiba": "Rēzekne",
    "pasvaldiba_slug": "rezekne",
    "nr_plana": 20,
    "avots_teksts": "Avots: Rēzeknes CA plāns, lpp. 72",
    "plans_url": "https://rezekne.lv/wp-content/uploads/2024/03/Rezeknes-valstspilsetas-un-Rezeknes-novada-sadarbibas-teritorijas-Civilas-aizsardzibas-plans.pdf",
    "plans_fails": "Rezeknes-valstspilsetas-un-Rezeknes-novada-sadarbibas-teritorijas-Civilas-aizsardzibas-plans.md",
    "lpp": 72,
    "citats": "|20.|Maltas pagasts|Maltas<br>apvienības<br>pārvaldes ēka|Skolas iela 24,<br>Malta, Maltas pag.,<br>Rēzeknes nov., LV-<br>4630|56.347569|27.161666|",
    "izdevejs": "Rēzekne (pašvaldība)",
    "geokodesana": "plan_coords",
    "adrese_vzd": "Skolas iela 24, Malta, Maltas pag., Rēzeknes nov., LV-4630",
    "vzd_kods": "101326152",
    "plana_lat": 56.347569,
    "plana_lon": 27.161666,
    "koord_teksts": "56.347569|27.161666",
    "karodzini": [],
    "izvilkuma_piezime": "Iestāde/teritorija: Maltas pagasts",
    "komentars": "Avots: Rēzeknes CA plāns, lpp. 72",
    "id": "rezekne-evak-29"
   },
   "geometry": {
    "type": "Point",
    "coordinates": [
     27.161666,
     56.347569
    ]
   }
  },
  {
   "type": "Feature",
   "properties": {
    "kategorija": "evakuacijas_punkts",
    "nosaukums": "Pagasta māja",
    "adrese": "``Pagasta māja``, Feimaņi, Feimaņu pag., Rēzeknes nov., LV-4623",
    "pasvaldiba": "Rēzekne",
    "pasvaldiba_slug": "rezekne",
    "nr_plana": 21,
    "avots_teksts": "Avots: Rēzeknes CA plāns, lpp. 72",
    "plans_url": "https://rezekne.lv/wp-content/uploads/2024/03/Rezeknes-valstspilsetas-un-Rezeknes-novada-sadarbibas-teritorijas-Civilas-aizsardzibas-plans.pdf",
    "plans_fails": "Rezeknes-valstspilsetas-un-Rezeknes-novada-sadarbibas-teritorijas-Civilas-aizsardzibas-plans.md",
    "lpp": 72,
    "citats": "|21.|Feimaņu<br>pagasts|Pagasta māja|``Pagasta māja``,<br>Feimaņi, Feimaņu<br>pag., Rēzeknes<br>nov., LV-4623|56.272412|27.043766|",
    "izdevejs": "Rēzekne (pašvaldība)",
    "geokodesana": "plan_coords",
    "adrese_vzd": "\"Pagasta māja\", Feimaņi, Feimaņu pag., Rēzeknes nov., LV-4623",
    "vzd_kods": "105849204",
    "plana_lat": 56.272412,
    "plana_lon": 27.043766,
    "koord_teksts": "56.272412|27.043766",
    "karodzini": [],
    "izvilkuma_piezime": "Iestāde/teritorija: Feimaņu pagasts",
    "komentars": "Avots: Rēzeknes CA plāns, lpp. 72",
    "id": "rezekne-evak-30"
   },
   "geometry": {
    "type": "Point",
    "coordinates": [
     27.043766,
     56.272412
    ]
   }
  },
  {
   "type": "Feature",
   "properties": {
    "kategorija": "evakuacijas_punkts",
    "nosaukums": "Lūznavas bibliotēka",
    "adrese": "Pils iela 6, Lūznava, Lūznavas pag., Rēzeknes nov., LV-4627",
    "pasvaldiba": "Rēzekne",
    "pasvaldiba_slug": "rezekne",
    "nr_plana": 22,
    "avots_teksts": "Avots: Rēzeknes CA plāns, lpp. 72",
    "plans_url": "https://rezekne.lv/wp-content/uploads/2024/03/Rezeknes-valstspilsetas-un-Rezeknes-novada-sadarbibas-teritorijas-Civilas-aizsardzibas-plans.pdf",
    "plans_fails": "Rezeknes-valstspilsetas-un-Rezeknes-novada-sadarbibas-teritorijas-Civilas-aizsardzibas-plans.md",
    "lpp": 72,
    "citats": "|22.|Lūznavas<br>pagasts|Lūznavas<br>bibliotēka|Pils iela 6, Lūznava,<br>Lūznavas pag.,<br>Rēzeknes nov., LV-<br>4627|56.358664|27.261331|",
    "izdevejs": "Rēzekne (pašvaldība)",
    "geokodesana": "plan_coords",
    "adrese_vzd": "Pils iela 6, Lūznava, Lūznavas pag., Rēzeknes nov., LV-4627",
    "vzd_kods": "103643591",
    "plana_lat": 56.358664,
    "plana_lon": 27.261331,
    "koord_teksts": "56.358664|27.261331",
    "karodzini": [],
    "izvilkuma_piezime": "Iestāde/teritorija: Lūznavas pagasts",
    "komentars": "Avots: Rēzeknes CA plāns, lpp. 72",
    "id": "rezekne-evak-31"
   },
   "geometry": {
    "type": "Point",
    "coordinates": [
     27.261331,
     56.358664
    ]
   }
  },
  {
   "type": "Feature",
   "properties": {
    "kategorija": "evakuacijas_punkts",
    "nosaukums": "Ozolaines Tautas nams",
    "adrese": "``Bekši 7``, Bekši, Ozolaines pag., Rēzeknes nov., LV-4633",
    "pasvaldiba": "Rēzekne",
    "pasvaldiba_slug": "rezekne",
    "nr_plana": 23,
    "avots_teksts": "Avots: Rēzeknes CA plāns, lpp. 73",
    "plans_url": "https://rezekne.lv/wp-content/uploads/2024/03/Rezeknes-valstspilsetas-un-Rezeknes-novada-sadarbibas-teritorijas-Civilas-aizsardzibas-plans.pdf",
    "plans_fails": "Rezeknes-valstspilsetas-un-Rezeknes-novada-sadarbibas-teritorijas-Civilas-aizsardzibas-plans.md",
    "lpp": 73,
    "citats": "|23.|Ozolaines<br>pagasts|Ozolaines Tautas<br>nams|``Bekši 7``, Bekši,<br>Ozolaines pag.,<br>Rēzeknes nov., LV-<br>4633|56.412116|27.234619|",
    "izdevejs": "Rēzekne (pašvaldība)",
    "geokodesana": "plan_coords",
    "adrese_vzd": "\"Bekši 7\", Bekši, Ozolaines pag., Rēzeknes nov., LV-4633",
    "vzd_kods": "105881555",
    "plana_lat": 56.412116,
    "plana_lon": 27.234619,
    "koord_teksts": "56.412116|27.234619",
    "karodzini": [],
    "izvilkuma_piezime": "Iestāde/teritorija: Ozolaines pagasts",
    "komentars": "Avots: Rēzeknes CA plāns, lpp. 73",
    "id": "rezekne-evak-32"
   },
   "geometry": {
    "type": "Point",
    "coordinates": [
     27.234619,
     56.412116
    ]
   }
  },
  {
   "type": "Feature",
   "properties": {
    "kategorija": "evakuacijas_punkts",
    "nosaukums": "Pušas tautas nams",
    "adrese": "Parka iela 1, Puša, Pušas pag., Rēzeknes nov., LV-4635",
    "pasvaldiba": "Rēzekne",
    "pasvaldiba_slug": "rezekne",
    "nr_plana": 24,
    "avots_teksts": "Avots: Rēzeknes CA plāns, lpp. 73",
    "plans_url": "https://rezekne.lv/wp-content/uploads/2024/03/Rezeknes-valstspilsetas-un-Rezeknes-novada-sadarbibas-teritorijas-Civilas-aizsardzibas-plans.pdf",
    "plans_fails": "Rezeknes-valstspilsetas-un-Rezeknes-novada-sadarbibas-teritorijas-Civilas-aizsardzibas-plans.md",
    "lpp": 73,
    "citats": "|24.|Pušas pagasts|Pušas<br>tautas<br>nams|Parka iela 1, Puša,<br>Pušas pag.,<br>Rēzeknes nov., LV-<br>4635|56.241877|27.213587|",
    "izdevejs": "Rēzekne (pašvaldība)",
    "geokodesana": "plan_coords",
    "adrese_vzd": "Parka iela 1, Puša, Pušas pag., Rēzeknes nov., LV-4635",
    "vzd_kods": "104931030",
    "plana_lat": 56.241877,
    "plana_lon": 27.213587,
    "koord_teksts": "56.241877|27.213587",
    "karodzini": [],
    "izvilkuma_piezime": "Iestāde/teritorija: Pušas pagasts",
    "komentars": "Avots: Rēzeknes CA plāns, lpp. 73",
    "id": "rezekne-evak-33"
   },
   "geometry": {
    "type": "Point",
    "coordinates": [
     27.213587,
     56.241877
    ]
   }
  },
  {
   "type": "Feature",
   "properties": {
    "kategorija": "evakuacijas_punkts",
    "nosaukums": "Silmalas Kultūras nams",
    "adrese": "Saules iela 4, Gornica, Silmalas pag., Rēzeknes nov., LV-4630",
    "pasvaldiba": "Rēzekne",
    "pasvaldiba_slug": "rezekne",
    "nr_plana": 25,
    "avots_teksts": "Avots: Rēzeknes CA plāns, lpp. 73",
    "plans_url": "https://rezekne.lv/wp-content/uploads/2024/03/Rezeknes-valstspilsetas-un-Rezeknes-novada-sadarbibas-teritorijas-Civilas-aizsardzibas-plans.pdf",
    "plans_fails": "Rezeknes-valstspilsetas-un-Rezeknes-novada-sadarbibas-teritorijas-Civilas-aizsardzibas-plans.md",
    "lpp": 73,
    "citats": "|25.|Silmalas<br>pagasts|Silmalas<br>Kultūras nams|Saules iela 4,<br>Gornica, Silmalas<br>pag., Rēzeknes<br>nov., LV-4630|56.374164|27.135452|",
    "izdevejs": "Rēzekne (pašvaldība)",
    "geokodesana": "plan_coords",
    "adrese_vzd": "Saules iela 4, Gornica, Silmalas pag., Rēzeknes nov., LV-4630",
    "vzd_kods": "105508276",
    "plana_lat": 56.374164,
    "plana_lon": 27.135452,
    "koord_teksts": "56.374164|27.135452",
    "karodzini": [],
    "izvilkuma_piezime": "Iestāde/teritorija: Silmalas pagasts",
    "komentars": "Avots: Rēzeknes CA plāns, lpp. 73",
    "id": "rezekne-evak-34"
   },
   "geometry": {
    "type": "Point",
    "coordinates": [
     27.135452,
     56.374164
    ]
   }
  },
  {
   "type": "Feature",
   "properties": {
    "kategorija": "evakuacijas_punkts",
    "nosaukums": "Pie Viļānu vidusskolas",
    "adrese": "Rēzeknes iela 1A, Viļāni, Rēzeknes novads",
    "pasvaldiba": "Rēzekne",
    "pasvaldiba_slug": "rezekne",
    "nr_plana": 26,
    "avots_teksts": "Avots: Rēzeknes CA plāns, lpp. 73",
    "plans_url": "https://rezekne.lv/wp-content/uploads/2024/03/Rezeknes-valstspilsetas-un-Rezeknes-novada-sadarbibas-teritorijas-Civilas-aizsardzibas-plans.pdf",
    "plans_fails": "Rezeknes-valstspilsetas-un-Rezeknes-novada-sadarbibas-teritorijas-Civilas-aizsardzibas-plans.md",
    "lpp": 73,
    "citats": "|26.|Viļānu pilsēta<br>un pagasts|Pie<br>Viļānu<br>vidusskolas|Rēzeknes iela 1A,<br>Viļāni, Rēzeknes<br>novads|56.551109|26.924473|",
    "izdevejs": "Rēzekne (pašvaldība)",
    "geokodesana": "plan_coords",
    "adrese_vzd": "Rēzeknes iela 1A, Viļāni, Rēzeknes nov., LV-4650",
    "vzd_kods": "105424798",
    "plana_lat": 56.551109,
    "plana_lon": 26.924473,
    "koord_teksts": "56.551109|26.924473",
    "karodzini": [],
    "izvilkuma_piezime": "Iestāde/teritorija: Viļānu pilsēta un pagasts",
    "komentars": "Avots: Rēzeknes CA plāns, lpp. 73",
    "id": "rezekne-evak-35"
   },
   "geometry": {
    "type": "Point",
    "coordinates": [
     26.924473,
     56.551109
    ]
   }
  },
  {
   "type": "Feature",
   "properties": {
    "kategorija": "evakuacijas_punkts",
    "nosaukums": "Pie PII Kamenīte",
    "adrese": "Kalna iela 11, Jaunviļāni, Viļānu pag., Rēzeknes nov.",
    "pasvaldiba": "Rēzekne",
    "pasvaldiba_slug": "rezekne",
    "nr_plana": 27,
    "avots_teksts": "Avots: Rēzeknes CA plāns, lpp. 73",
    "plans_url": "https://rezekne.lv/wp-content/uploads/2024/03/Rezeknes-valstspilsetas-un-Rezeknes-novada-sadarbibas-teritorijas-Civilas-aizsardzibas-plans.pdf",
    "plans_fails": "Rezeknes-valstspilsetas-un-Rezeknes-novada-sadarbibas-teritorijas-Civilas-aizsardzibas-plans.md",
    "lpp": 73,
    "citats": "|27.|Viļānu pagasts,<br>Jaunviļāni|Pie PII Kamenīte|Kalna iela 11,<br>Jaunviļāni, Viļānu<br>pag., Rēzeknes nov.|56.566909|26.935174|",
    "izdevejs": "Rēzekne (pašvaldība)",
    "geokodesana": "plan_coords",
    "adrese_vzd": "Kalna iela 11, Jaunviļāni, Viļānu pag., Rēzeknes nov., LV-4650",
    "vzd_kods": "103700180",
    "plana_lat": 56.566909,
    "plana_lon": 26.935174,
    "koord_teksts": "56.566909|26.935174",
    "karodzini": [],
    "izvilkuma_piezime": "Iestāde/teritorija: Viļānu pagasts, Jaunviļāni",
    "komentars": "Avots: Rēzeknes CA plāns, lpp. 73",
    "id": "rezekne-evak-36"
   },
   "geometry": {
    "type": "Point",
    "coordinates": [
     26.935174,
     56.566909
    ]
   }
  },
  {
   "type": "Feature",
   "properties": {
    "kategorija": "evakuacijas_punkts",
    "nosaukums": "Pie PII Bitīte",
    "adrese": "Jaunatnes iela 2, Radopole, Viļānu pag., Rēzeknes novads",
    "pasvaldiba": "Rēzekne",
    "pasvaldiba_slug": "rezekne",
    "nr_plana": 28,
    "avots_teksts": "Avots: Rēzeknes CA plāns, lpp. 73",
    "plans_url": "https://rezekne.lv/wp-content/uploads/2024/03/Rezeknes-valstspilsetas-un-Rezeknes-novada-sadarbibas-teritorijas-Civilas-aizsardzibas-plans.pdf",
    "plans_fails": "Rezeknes-valstspilsetas-un-Rezeknes-novada-sadarbibas-teritorijas-Civilas-aizsardzibas-plans.md",
    "lpp": 73,
    "citats": "|28.|Viļānu pagasts,<br>Radapole|Pie PII Bitīte|Jaunatnes iela 2,<br>Radopole, Viļānu<br>pag., Rēzeknes<br>novads|56.518777|26.901105|",
    "izdevejs": "Rēzekne (pašvaldība)",
    "geokodesana": "plan_coords",
    "adrese_vzd": "Jaunatnes iela 2, Radopole, Viļānu pag., Rēzeknes nov., LV-4650",
    "vzd_kods": "103757391",
    "plana_lat": 56.518777,
    "plana_lon": 26.901105,
    "koord_teksts": "56.518777|26.901105",
    "karodzini": [],
    "izvilkuma_piezime": "Iestāde/teritorija: Viļānu pagasts, Radapole",
    "komentars": "Avots: Rēzeknes CA plāns, lpp. 73",
    "id": "rezekne-evak-37"
   },
   "geometry": {
    "type": "Point",
    "coordinates": [
     26.901105,
     56.518777
    ]
   }
  },
  {
   "type": "Feature",
   "properties": {
    "kategorija": "evakuacijas_punkts",
    "nosaukums": "Pie Dekšāru pamatskolas",
    "adrese": "Nākotnes iela 2, “Dekšāres”, Dekšāres pagasts, Rēzeknes novads",
    "pasvaldiba": "Rēzekne",
    "pasvaldiba_slug": "rezekne",
    "nr_plana": 29,
    "avots_teksts": "Avots: Rēzeknes CA plāns, lpp. 73",
    "plans_url": "https://rezekne.lv/wp-content/uploads/2024/03/Rezeknes-valstspilsetas-un-Rezeknes-novada-sadarbibas-teritorijas-Civilas-aizsardzibas-plans.pdf",
    "plans_fails": "Rezeknes-valstspilsetas-un-Rezeknes-novada-sadarbibas-teritorijas-Civilas-aizsardzibas-plans.md",
    "lpp": 73,
    "citats": "|29.|Dekšāres<br>pagasts|Pie<br>Dekšāru<br>pamatskolas|Nākotnes iela 2,<br>“Dekšāres”,<br>Dekšāres pagasts,<br>Rēzeknes novads|56.571943|26.80222|",
    "izdevejs": "Rēzekne (pašvaldība)",
    "geokodesana": "plan_coords",
    "adrese_vzd": "Nākotnes iela 2, Dekšāres, Dekšāres pag., Rēzeknes nov., LV-4614",
    "vzd_kods": "105745021",
    "plana_lat": 56.571943,
    "plana_lon": 26.80222,
    "koord_teksts": "56.571943|26.80222",
    "karodzini": [],
    "izvilkuma_piezime": "Iestāde/teritorija: Dekšāres pagasts",
    "komentars": "Avots: Rēzeknes CA plāns, lpp. 73",
    "id": "rezekne-evak-38"
   },
   "geometry": {
    "type": "Point",
    "coordinates": [
     26.80222,
     56.571943
    ]
   }
  },
  {
   "type": "Feature",
   "properties": {
    "kategorija": "evakuacijas_punkts",
    "nosaukums": "Pie pārvaldes ēkas",
    "adrese": "Gaisma, Strupļi, Sokolku pag., Rēzeknes novads",
    "pasvaldiba": "Rēzekne",
    "pasvaldiba_slug": "rezekne",
    "nr_plana": 30,
    "avots_teksts": "Avots: Rēzeknes CA plāns, lpp. 73",
    "plans_url": "https://rezekne.lv/wp-content/uploads/2024/03/Rezeknes-valstspilsetas-un-Rezeknes-novada-sadarbibas-teritorijas-Civilas-aizsardzibas-plans.pdf",
    "plans_fails": "Rezeknes-valstspilsetas-un-Rezeknes-novada-sadarbibas-teritorijas-Civilas-aizsardzibas-plans.md",
    "lpp": 73,
    "citats": "|30.|Sokolku<br>pagasts|Pie<br>pārvaldes<br>ēkas|Gaisma, Strupļi,<br>Sokolku pag.,<br>Rēzeknes novads|56.514203|26.986918|",
    "izdevejs": "Rēzekne (pašvaldība)",
    "geokodesana": "plan_coords",
    "adrese_vzd": "\"Gaisma\", Strupļi, Sokolku pag., Rēzeknes nov., LV-4640",
    "vzd_kods": "105618792",
    "plana_lat": 56.514203,
    "plana_lon": 26.986918,
    "koord_teksts": "56.514203|26.986918",
    "karodzini": [],
    "izvilkuma_piezime": "Iestāde/teritorija: Sokolku pagasts",
    "komentars": "Avots: Rēzeknes CA plāns, lpp. 73",
    "id": "rezekne-evak-39"
   },
   "geometry": {
    "type": "Point",
    "coordinates": [
     26.986918,
     56.514203
    ]
   }
  },
  {
   "type": "Feature",
   "properties": {
    "kategorija": "evakuacijas_punkts",
    "nosaukums": "Kultūras pils “Ziemeļblāzma”",
    "adrese": "Ziemeļblāzmas iela 36, Vecmīlgrāvis, Rīga",
    "pasvaldiba": "Rīga",
    "pasvaldiba_slug": "riga",
    "nr_plana": 1,
    "avots_teksts": "Avots: Rīgas CA plāns, lpp. 103",
    "plans_url": "https://www.riga.lv/lv/media/56912/download?attachment",
    "plans_fails": "rigas-valstspilsetas-sadarbibas-teritorijas-civilas-aizsardzibas-plans-2024.md",
    "lpp": 103,
    "citats": "|1.|Kultūras pils “Ziemeļblāzma”|Ziemeļblāzmas iela 36|Vecmīlgrāvis|",
    "izdevejs": "Rīga (pašvaldība)",
    "geokodesana": "varis_address",
    "adrese_vzd": "Ziemeļblāzmas iela 36, Rīga, LV-1015",
    "vzd_kods": "102030544",
    "plana_lat": null,
    "plana_lon": null,
    "koord_teksts": null,
    "karodzini": [],
    "komentars": "Avots: Rīgas CA plāns, lpp. 103 · vieta noteikta pēc adreses (VZD)",
    "id": "riga-evak-1"
   },
   "geometry": {
    "type": "Point",
    "coordinates": [
     24.101126,
     57.036829
    ]
   }
  },
  {
   "type": "Feature",
   "properties": {
    "kategorija": "evakuacijas_punkts",
    "nosaukums": "Publiskā vieta",
    "adrese": "Pretī Albatrosu ielai 19, Mangaļsala, Rīga",
    "pasvaldiba": "Rīga",
    "pasvaldiba_slug": "riga",
    "nr_plana": 2,
    "avots_teksts": "Avots: Rīgas CA plāns, lpp. 103",
    "plans_url": "https://www.riga.lv/lv/media/56912/download?attachment",
    "plans_fails": "rigas-valstspilsetas-sadarbibas-teritorijas-civilas-aizsardzibas-plans-2024.md",
    "lpp": 103,
    "citats": "|2.|Publiskā vieta|Pretī Albatrosu ielai 19|Mangaļsala|",
    "izdevejs": "Rīga (pašvaldība)",
    "geokodesana": "varis_address",
    "adrese_vzd": "Albatrosu iela 19, Rīga, LV-1030",
    "vzd_kods": "102635330",
    "plana_lat": null,
    "plana_lon": null,
    "koord_teksts": null,
    "karodzini": [
     "address_approximate"
    ],
    "komentars": "Avots: Rīgas CA plāns, lpp. 103 · vieta noteikta pēc adreses (VZD)",
    "id": "riga-evak-2"
   },
   "geometry": {
    "type": "Point",
    "coordinates": [
     24.068043,
     57.051498
    ]
   }
  },
  {
   "type": "Feature",
   "properties": {
    "kategorija": "evakuacijas_punkts",
    "nosaukums": "Dzelzceļa stacija “Vecāķi”",
    "adrese": "Mangaļuprospekts 1C, Vecāķi, Rīga",
    "pasvaldiba": "Rīga",
    "pasvaldiba_slug": "riga",
    "nr_plana": 3,
    "avots_teksts": "Avots: Rīgas CA plāns, lpp. 103",
    "plans_url": "https://www.riga.lv/lv/media/56912/download?attachment",
    "plans_fails": "rigas-valstspilsetas-sadarbibas-teritorijas-civilas-aizsardzibas-plans-2024.md",
    "lpp": 103,
    "citats": "|3.|Dzelzceļa stacija “Vecāķi”|Mangaļuprospekts 1C|Vecāķi|",
    "izdevejs": "Rīga (pašvaldība)",
    "geokodesana": "varis_address",
    "adrese_vzd": "Mangaļu prospekts 1C, Rīga, LV-1030",
    "vzd_kods": "104958024",
    "plana_lat": null,
    "plana_lon": null,
    "koord_teksts": null,
    "karodzini": [],
    "komentars": "Avots: Rīgas CA plāns, lpp. 103 · vieta noteikta pēc adreses (VZD)",
    "id": "riga-evak-3"
   },
   "geometry": {
    "type": "Point",
    "coordinates": [
     24.114563,
     57.074541
    ]
   }
  },
  {
   "type": "Feature",
   "properties": {
    "kategorija": "evakuacijas_punkts",
    "nosaukums": "Publiskā vieta",
    "adrese": "Pretī Palejas ielai 2, Vecdaugava, Rīga",
    "pasvaldiba": "Rīga",
    "pasvaldiba_slug": "riga",
    "nr_plana": 4,
    "avots_teksts": "Avots: Rīgas CA plāns, lpp. 103",
    "plans_url": "https://www.riga.lv/lv/media/56912/download?attachment",
    "plans_fails": "rigas-valstspilsetas-sadarbibas-teritorijas-civilas-aizsardzibas-plans-2024.md",
    "lpp": 103,
    "citats": "|4.|Publiskā vieta|Pretī Palejas ielai 2|Vecdaugava|",
    "izdevejs": "Rīga (pašvaldība)",
    "geokodesana": "varis_address",
    "adrese_vzd": "Palejas iela 2, Rīga, LV-1015",
    "vzd_kods": "101961028",
    "plana_lat": null,
    "plana_lon": null,
    "koord_teksts": null,
    "karodzini": [
     "address_approximate"
    ],
    "komentars": "Avots: Rīgas CA plāns, lpp. 103 · vieta noteikta pēc adreses (VZD)",
    "id": "riga-evak-4"
   },
   "geometry": {
    "type": "Point",
    "coordinates": [
     24.105581,
     57.059785
    ]
   }
  },
  {
   "type": "Feature",
   "properties": {
    "kategorija": "evakuacijas_punkts",
    "nosaukums": "Publiskā vieta",
    "adrese": "Pretī Jaunciema gatvei 268A, Trīsciems, Rīga",
    "pasvaldiba": "Rīga",
    "pasvaldiba_slug": "riga",
    "nr_plana": 5,
    "avots_teksts": "Avots: Rīgas CA plāns, lpp. 103",
    "plans_url": "https://www.riga.lv/lv/media/56912/download?attachment",
    "plans_fails": "rigas-valstspilsetas-sadarbibas-teritorijas-civilas-aizsardzibas-plans-2024.md",
    "lpp": 103,
    "citats": "|5.|Publiskā vieta||Trīsciems|",
    "izdevejs": "Rīga (pašvaldība)",
    "geokodesana": "varis_address",
    "adrese_vzd": "Jaunciema gatve 268A, Rīga, LV-1023",
    "vzd_kods": "101902552",
    "plana_lat": null,
    "plana_lon": null,
    "koord_teksts": null,
    "karodzini": [
     "address_approximate"
    ],
    "izvilkuma_piezime": "table row split across several lines by the conversion; name/address/apkaime joined from adjacent lines",
    "komentars": "Avots: Rīgas CA plāns, lpp. 103 · vieta noteikta pēc adreses (VZD)",
    "id": "riga-evak-5"
   },
   "geometry": {
    "type": "Point",
    "coordinates": [
     24.138296,
     57.052658
    ]
   }
  },
  {
   "type": "Feature",
   "properties": {
    "kategorija": "evakuacijas_punkts",
    "nosaukums": "Jaunciema pamatskola",
    "adrese": "Jaunciema 4. šķērslīnija 4, Jaunciems, Rīga",
    "pasvaldiba": "Rīga",
    "pasvaldiba_slug": "riga",
    "nr_plana": 6,
    "avots_teksts": "Avots: Rīgas CA plāns, lpp. 103",
    "plans_url": "https://www.riga.lv/lv/media/56912/download?attachment",
    "plans_fails": "rigas-valstspilsetas-sadarbibas-teritorijas-civilas-aizsardzibas-plans-2024.md",
    "lpp": 103,
    "citats": "|6.|Jaunciema pamatskola|Jaunciema 4. šķērslīnija 4|Jaunciems|",
    "izdevejs": "Rīga (pašvaldība)",
    "geokodesana": "varis_address",
    "adrese_vzd": "Jaunciema 4. šķērslīnija 4, Rīga, LV-1023",
    "vzd_kods": "101901630",
    "plana_lat": null,
    "plana_lon": null,
    "koord_teksts": null,
    "karodzini": [],
    "komentars": "Avots: Rīgas CA plāns, lpp. 103 · vieta noteikta pēc adreses (VZD)",
    "id": "riga-evak-6"
   },
   "geometry": {
    "type": "Point",
    "coordinates": [
     24.175846,
     57.041949
    ]
   }
  },
  {
   "type": "Feature",
   "properties": {
    "kategorija": "evakuacijas_punkts",
    "nosaukums": "Publiskā vieta",
    "adrese": "Pretī Jaunciema gatvei 79, Suži, Rīga",
    "pasvaldiba": "Rīga",
    "pasvaldiba_slug": "riga",
    "nr_plana": 7,
    "avots_teksts": "Avots: Rīgas CA plāns, lpp. 103",
    "plans_url": "https://www.riga.lv/lv/media/56912/download?attachment",
    "plans_fails": "rigas-valstspilsetas-sadarbibas-teritorijas-civilas-aizsardzibas-plans-2024.md",
    "lpp": 103,
    "citats": "|7.|Publiskā vieta|Pretī Jaunciema gatvei 79|Suži|",
    "izdevejs": "Rīga (pašvaldība)",
    "geokodesana": "varis_address",
    "adrese_vzd": "Jaunciema gatve 79, Rīga, LV-1024",
    "vzd_kods": "101837948",
    "plana_lat": null,
    "plana_lon": null,
    "koord_teksts": null,
    "karodzini": [
     "address_approximate"
    ],
    "komentars": "Avots: Rīgas CA plāns, lpp. 103 · vieta noteikta pēc adreses (VZD)",
    "id": "riga-evak-7"
   },
   "geometry": {
    "type": "Point",
    "coordinates": [
     24.207736,
     57.017942
    ]
   }
  },
  {
   "type": "Feature",
   "properties": {
    "kategorija": "evakuacijas_punkts",
    "nosaukums": "Kultūras centrs“Berģi”",
    "adrese": "Brīvībasgatve 455, Bukulti, Berģi, Rīga",
    "pasvaldiba": "Rīga",
    "pasvaldiba_slug": "riga",
    "nr_plana": 8,
    "avots_teksts": "Avots: Rīgas CA plāns, lpp. 103",
    "plans_url": "https://www.riga.lv/lv/media/56912/download?attachment",
    "plans_fails": "rigas-valstspilsetas-sadarbibas-teritorijas-civilas-aizsardzibas-plans-2024.md",
    "lpp": 103,
    "citats": "|8.|Kultūras centrs“Berģi”|Brīvībasgatve 455|Bukulti, Berģi|",
    "izdevejs": "Rīga (pašvaldība)",
    "geokodesana": "varis_address",
    "adrese_vzd": "Brīvības gatve 455, Rīga, LV-1024",
    "vzd_kods": "101128037",
    "plana_lat": null,
    "plana_lon": null,
    "koord_teksts": null,
    "karodzini": [],
    "komentars": "Avots: Rīgas CA plāns, lpp. 103 · vieta noteikta pēc adreses (VZD)",
    "id": "riga-evak-8"
   },
   "geometry": {
    "type": "Point",
    "coordinates": [
     24.273717,
     57.000274
    ]
   }
  },
  {
   "type": "Feature",
   "properties": {
    "kategorija": "evakuacijas_punkts",
    "nosaukums": "Publiskā vieta",
    "adrese": "Pretī Biķernieku ielai 248, Juglasciems, Rīga",
    "pasvaldiba": "Rīga",
    "pasvaldiba_slug": "riga",
    "nr_plana": 9,
    "avots_teksts": "Avots: Rīgas CA plāns, lpp. 103",
    "plans_url": "https://www.riga.lv/lv/media/56912/download?attachment",
    "plans_fails": "rigas-valstspilsetas-sadarbibas-teritorijas-civilas-aizsardzibas-plans-2024.md",
    "lpp": 103,
    "citats": "|9.|Publiskā vieta|Pretī Biķernieku ielai 248|Juglasciems|",
    "izdevejs": "Rīga (pašvaldība)",
    "geokodesana": "varis_address",
    "adrese_vzd": "Biķernieku iela 248, Rīga, LV-2130",
    "vzd_kods": "101821106",
    "plana_lat": null,
    "plana_lon": null,
    "koord_teksts": null,
    "karodzini": [
     "address_approximate"
    ],
    "komentars": "Avots: Rīgas CA plāns, lpp. 103 · vieta noteikta pēc adreses (VZD)",
    "id": "riga-evak-9"
   },
   "geometry": {
    "type": "Point",
    "coordinates": [
     24.302172,
     56.961269
    ]
   }
  },
  {
   "type": "Feature",
   "properties": {
    "kategorija": "evakuacijas_punkts",
    "nosaukums": "Bērnu un jauniešu centrs“IK Auseklis”",
    "adrese": "Silciema iela 3, Jugla, Rīga",
    "pasvaldiba": "Rīga",
    "pasvaldiba_slug": "riga",
    "nr_plana": 10,
    "avots_teksts": "Avots: Rīgas CA plāns, lpp. 103",
    "plans_url": "https://www.riga.lv/lv/media/56912/download?attachment",
    "plans_fails": "rigas-valstspilsetas-sadarbibas-teritorijas-civilas-aizsardzibas-plans-2024.md",
    "lpp": 103,
    "citats": "|10.|Bērnu un jauniešu centrs“IK Auseklis”|Silciema iela 3|Jugla|",
    "izdevejs": "Rīga (pašvaldība)",
    "geokodesana": "varis_address",
    "adrese_vzd": "Silciema iela 3, Rīga, LV-1024",
    "vzd_kods": "101990235",
    "plana_lat": null,
    "plana_lon": null,
    "koord_teksts": null,
    "karodzini": [],
    "komentars": "Avots: Rīgas CA plāns, lpp. 103 · vieta noteikta pēc adreses (VZD)",
    "id": "riga-evak-10"
   },
   "geometry": {
    "type": "Point",
    "coordinates": [
     24.240175,
     56.988088
    ]
   }
  },
  {
   "type": "Feature",
   "properties": {
    "kategorija": "evakuacijas_punkts",
    "nosaukums": "Rīgas Juglas vidusskola",
    "adrese": "Malienas iela 89, Jugla, Rīga",
    "pasvaldiba": "Rīga",
    "pasvaldiba_slug": "riga",
    "nr_plana": 11,
    "avots_teksts": "Avots: Rīgas CA plāns, lpp. 103",
    "plans_url": "https://www.riga.lv/lv/media/56912/download?attachment",
    "plans_fails": "rigas-valstspilsetas-sadarbibas-teritorijas-civilas-aizsardzibas-plans-2024.md",
    "lpp": 103,
    "citats": "|11.|Rīgas Juglas vidusskola|Malienas iela 89|Jugla|",
    "izdevejs": "Rīga (pašvaldība)",
    "geokodesana": "varis_address",
    "adrese_vzd": "Malienas iela 89, Rīga, LV-1064",
    "vzd_kods": "103324197",
    "plana_lat": null,
    "plana_lon": null,
    "koord_teksts": null,
    "karodzini": [],
    "komentars": "Avots: Rīgas CA plāns, lpp. 103 · vieta noteikta pēc adreses (VZD)",
    "id": "riga-evak-11"
   },
   "geometry": {
    "type": "Point",
    "coordinates": [
     24.252857,
     56.974597
    ]
   }
  },
  {
   "type": "Feature",
   "properties": {
    "kategorija": "evakuacijas_punkts",
    "nosaukums": "Rīgas 89. vidusskola",
    "adrese": "Hipokrāta iela 27, Mežciems, Rīga",
    "pasvaldiba": "Rīga",
    "pasvaldiba_slug": "riga",
    "nr_plana": 12,
    "avots_teksts": "Avots: Rīgas CA plāns, lpp. 103",
    "plans_url": "https://www.riga.lv/lv/media/56912/download?attachment",
    "plans_fails": "rigas-valstspilsetas-sadarbibas-teritorijas-civilas-aizsardzibas-plans-2024.md",
    "lpp": 103,
    "citats": "|12.|Rīgas 89. vidusskola|Hipokrāta iela 27|Mežciems|",
    "izdevejs": "Rīga (pašvaldība)",
    "geokodesana": "varis_address",
    "adrese_vzd": "Hipokrāta iela 27, Rīga, LV-1079",
    "vzd_kods": "101834050",
    "plana_lat": null,
    "plana_lon": null,
    "koord_teksts": null,
    "karodzini": [],
    "komentars": "Avots: Rīgas CA plāns, lpp. 103 · vieta noteikta pēc adreses (VZD)",
    "id": "riga-evak-12"
   },
   "geometry": {
    "type": "Point",
    "coordinates": [
     24.236983,
     56.962574
    ]
   }
  },
  {
   "type": "Feature",
   "properties": {
    "kategorija": "evakuacijas_punkts",
    "nosaukums": "Publiskā vieta",
    "adrese": "Pretī Dzilnas ielai 20, Dreiliņi, Rīga",
    "pasvaldiba": "Rīga",
    "pasvaldiba_slug": "riga",
    "nr_plana": 13,
    "avots_teksts": "Avots: Rīgas CA plāns, lpp. 103",
    "plans_url": "https://www.riga.lv/lv/media/56912/download?attachment",
    "plans_fails": "rigas-valstspilsetas-sadarbibas-teritorijas-civilas-aizsardzibas-plans-2024.md",
    "lpp": 103,
    "citats": "|13.|Publiskā vieta|Pretī Dzilnas ielai 20|Dreiliņi|",
    "izdevejs": "Rīga (pašvaldība)",
    "geokodesana": "varis_address",
    "adrese_vzd": "Dzilnas iela 20, Rīga, LV-1021",
    "vzd_kods": "104892275",
    "plana_lat": null,
    "plana_lon": null,
    "koord_teksts": null,
    "karodzini": [
     "address_approximate"
    ],
    "komentars": "Avots: Rīgas CA plāns, lpp. 103 · vieta noteikta pēc adreses (VZD)",
    "id": "riga-evak-13"
   },
   "geometry": {
    "type": "Point",
    "coordinates": [
     24.234079,
     56.945673
    ]
   }
  },
  {
   "type": "Feature",
   "properties": {
    "kategorija": "evakuacijas_punkts",
    "nosaukums": "Rīgas 86. vidusskola",
    "adrese": "Ilūkstes iela 10, Pļavnieki, Rīga",
    "pasvaldiba": "Rīga",
    "pasvaldiba_slug": "riga",
    "nr_plana": 14,
    "avots_teksts": "Avots: Rīgas CA plāns, lpp. 103",
    "plans_url": "https://www.riga.lv/lv/media/56912/download?attachment",
    "plans_fails": "rigas-valstspilsetas-sadarbibas-teritorijas-civilas-aizsardzibas-plans-2024.md",
    "lpp": 103,
    "citats": "|14.|Rīgas 86. vidusskola|Ilūkstes iela 10|Pļavnieki|",
    "izdevejs": "Rīga (pašvaldība)",
    "geokodesana": "varis_address",
    "adrese_vzd": "Ilūkstes iela 10, Rīga, LV-1082",
    "vzd_kods": "101117893",
    "plana_lat": null,
    "plana_lon": null,
    "koord_teksts": null,
    "karodzini": [],
    "komentars": "Avots: Rīgas CA plāns, lpp. 103 · vieta noteikta pēc adreses (VZD)",
    "id": "riga-evak-14"
   },
   "geometry": {
    "type": "Point",
    "coordinates": [
     24.196152,
     56.936368
    ]
   }
  },
  {
   "type": "Feature",
   "properties": {
    "kategorija": "evakuacijas_punkts",
    "nosaukums": "Rīgas 88. vidusskola",
    "adrese": "Ilūkstes iela 30, Pļavnieki, Rīga",
    "pasvaldiba": "Rīga",
    "pasvaldiba_slug": "riga",
    "nr_plana": 15,
    "avots_teksts": "Avots: Rīgas CA plāns, lpp. 103",
    "plans_url": "https://www.riga.lv/lv/media/56912/download?attachment",
    "plans_fails": "rigas-valstspilsetas-sadarbibas-teritorijas-civilas-aizsardzibas-plans-2024.md",
    "lpp": 103,
    "citats": "|15.|Rīgas 88. vidusskola|Ilūkstes iela 30|Pļavnieki|",
    "izdevejs": "Rīga (pašvaldība)",
    "geokodesana": "varis_address",
    "adrese_vzd": "Ilūkstes iela 30, Rīga, LV-1082",
    "vzd_kods": "101117998",
    "plana_lat": null,
    "plana_lon": null,
    "koord_teksts": null,
    "karodzini": [],
    "komentars": "Avots: Rīgas CA plāns, lpp. 103 · vieta noteikta pēc adreses (VZD)",
    "id": "riga-evak-15"
   },
   "geometry": {
    "type": "Point",
    "coordinates": [
     24.201087,
     56.94354
    ]
   }
  },
  {
   "type": "Feature",
   "properties": {
    "kategorija": "evakuacijas_punkts",
    "nosaukums": "Rīgas 92. vidusskola",
    "adrese": "Ulbrokas iela 3, Pļavnieki, Rīga",
    "pasvaldiba": "Rīga",
    "pasvaldiba_slug": "riga",
    "nr_plana": 16,
    "avots_teksts": "Avots: Rīgas CA plāns, lpp. 103",
    "plans_url": "https://www.riga.lv/lv/media/56912/download?attachment",
    "plans_fails": "rigas-valstspilsetas-sadarbibas-teritorijas-civilas-aizsardzibas-plans-2024.md",
    "lpp": 103,
    "citats": "|16.|Rīgas 92. vidusskola|Ulbrokas iela 3|Pļavnieki|",
    "izdevejs": "Rīga (pašvaldība)",
    "geokodesana": "varis_address",
    "adrese_vzd": "Ulbrokas iela 3, Rīga, LV-1021",
    "vzd_kods": "104579695",
    "plana_lat": null,
    "plana_lon": null,
    "koord_teksts": null,
    "karodzini": [],
    "komentars": "Avots: Rīgas CA plāns, lpp. 103 · vieta noteikta pēc adreses (VZD)",
    "id": "riga-evak-16"
   },
   "geometry": {
    "type": "Point",
    "coordinates": [
     24.213989,
     56.94141
    ]
   }
  },
  {
   "type": "Feature",
   "properties": {
    "kategorija": "evakuacijas_punkts",
    "nosaukums": "Publiskā vieta",
    "adrese": "Pretī Krustpils ielai 75, Šķirotava, Rīga",
    "pasvaldiba": "Rīga",
    "pasvaldiba_slug": "riga",
    "nr_plana": 17,
    "avots_teksts": "Avots: Rīgas CA plāns, lpp. 103",
    "plans_url": "https://www.riga.lv/lv/media/56912/download?attachment",
    "plans_fails": "rigas-valstspilsetas-sadarbibas-teritorijas-civilas-aizsardzibas-plans-2024.md",
    "lpp": 103,
    "citats": "|17.|Publiskā vieta|Pretī Krustpils ielai 75|Šķirotava|",
    "izdevejs": "Rīga (pašvaldība)",
    "geokodesana": "varis_address",
    "adrese_vzd": "Krustpils iela 75, Rīga, LV-1057",
    "vzd_kods": "102648355",
    "plana_lat": null,
    "plana_lon": null,
    "koord_teksts": null,
    "karodzini": [
     "address_approximate"
    ],
    "komentars": "Avots: Rīgas CA plāns, lpp. 103 · vieta noteikta pēc adreses (VZD)",
    "id": "riga-evak-17"
   },
   "geometry": {
    "type": "Point",
    "coordinates": [
     24.206341,
     56.912041
    ]
   }
  },
  {
   "type": "Feature",
   "properties": {
    "kategorija": "evakuacijas_punkts",
    "nosaukums": "Publiskā vieta",
    "adrese": "Pretī Višķu ielai 14, Rumbula, Rīga",
    "pasvaldiba": "Rīga",
    "pasvaldiba_slug": "riga",
    "nr_plana": 18,
    "avots_teksts": "Avots: Rīgas CA plāns, lpp. 103",
    "plans_url": "https://www.riga.lv/lv/media/56912/download?attachment",
    "plans_fails": "rigas-valstspilsetas-sadarbibas-teritorijas-civilas-aizsardzibas-plans-2024.md",
    "lpp": 103,
    "citats": "|18.|Publiskā vieta|Pretī Višķu ielai 14|Rumbula|",
    "izdevejs": "Rīga (pašvaldība)",
    "geokodesana": "varis_address",
    "adrese_vzd": "Višķu iela 14, Rīga, LV-1063",
    "vzd_kods": "102021318",
    "plana_lat": null,
    "plana_lon": null,
    "koord_teksts": null,
    "karodzini": [
     "address_approximate"
    ],
    "komentars": "Avots: Rīgas CA plāns, lpp. 103 · vieta noteikta pēc adreses (VZD)",
    "id": "riga-evak-18"
   },
   "geometry": {
    "type": "Point",
    "coordinates": [
     24.216647,
     56.899766
    ]
   }
  },
  {
   "type": "Feature",
   "properties": {
    "kategorija": "evakuacijas_punkts",
    "nosaukums": "Rīgas 72. vidusskola",
    "adrese": "Ikšķiles iela 6, Ķengarags, Rīga",
    "pasvaldiba": "Rīga",
    "pasvaldiba_slug": "riga",
    "nr_plana": 20,
    "avots_teksts": "Avots: Rīgas CA plāns, lpp. 103",
    "plans_url": "https://www.riga.lv/lv/media/56912/download?attachment",
    "plans_fails": "rigas-valstspilsetas-sadarbibas-teritorijas-civilas-aizsardzibas-plans-2024.md",
    "lpp": 103,
    "citats": "|20.|Rīgas 72. vidusskola|Ikšķiles iela 6|Ķengarags|",
    "izdevejs": "Rīga (pašvaldība)",
    "geokodesana": "varis_address",
    "adrese_vzd": "Ikšķiles iela 6, Rīga, LV-1057",
    "vzd_kods": "101835358",
    "plana_lat": null,
    "plana_lon": null,
    "koord_teksts": null,
    "karodzini": [],
    "komentars": "Avots: Rīgas CA plāns, lpp. 103 · vieta noteikta pēc adreses (VZD)",
    "id": "riga-evak-19"
   },
   "geometry": {
    "type": "Point",
    "coordinates": [
     24.207131,
     56.901832
    ]
   }
  },
  {
   "type": "Feature",
   "properties": {
    "kategorija": "evakuacijas_punkts",
    "nosaukums": "Rīgas 25. vidusskola",
    "adrese": "Rušonu iela 6, Ķengarags, Rīga",
    "pasvaldiba": "Rīga",
    "pasvaldiba_slug": "riga",
    "nr_plana": 21,
    "avots_teksts": "Avots: Rīgas CA plāns, lpp. 104",
    "plans_url": "https://www.riga.lv/lv/media/56912/download?attachment",
    "plans_fails": "rigas-valstspilsetas-sadarbibas-teritorijas-civilas-aizsardzibas-plans-2024.md",
    "lpp": 104,
    "citats": "|21.|Rīgas 25. vidusskola|Rušonu iela 6|Ķengarags|",
    "izdevejs": "Rīga (pašvaldība)",
    "geokodesana": "varis_address",
    "adrese_vzd": "Rušonu iela 6, Rīga, LV-1057",
    "vzd_kods": "101981716",
    "plana_lat": null,
    "plana_lon": null,
    "koord_teksts": null,
    "karodzini": [],
    "komentars": "Avots: Rīgas CA plāns, lpp. 104 · vieta noteikta pēc adreses (VZD)",
    "id": "riga-evak-20"
   },
   "geometry": {
    "type": "Point",
    "coordinates": [
     24.182454,
     56.911322
    ]
   }
  },
  {
   "type": "Feature",
   "properties": {
    "kategorija": "evakuacijas_punkts",
    "nosaukums": "Publiskā vieta",
    "adrese": "Laukums (no Salaspils ielas puses) pretī Latgales ielai 257, Ķengarags, Rīga",
    "pasvaldiba": "Rīga",
    "pasvaldiba_slug": "riga",
    "nr_plana": 22,
    "avots_teksts": "Avots: Rīgas CA plāns, lpp. 104",
    "plans_url": "https://www.riga.lv/lv/media/56912/download?attachment",
    "plans_fails": "rigas-valstspilsetas-sadarbibas-teritorijas-civilas-aizsardzibas-plans-2024.md",
    "lpp": 104,
    "citats": "|22.|Publiskā vieta||Ķengarags|",
    "izdevejs": "Rīga (pašvaldība)",
    "geokodesana": "varis_address",
    "adrese_vzd": "Latgales iela 257, Rīga, LV-1019",
    "vzd_kods": "101942401",
    "plana_lat": null,
    "plana_lon": null,
    "koord_teksts": null,
    "karodzini": [
     "address_approximate"
    ],
    "izvilkuma_piezime": "table row split across several lines by the conversion; name/address/apkaime joined from adjacent lines",
    "komentars": "Avots: Rīgas CA plāns, lpp. 104 · vieta noteikta pēc adreses (VZD)",
    "id": "riga-evak-21"
   },
   "geometry": {
    "type": "Point",
    "coordinates": [
     24.175239,
     56.923814
    ]
   }
  },
  {
   "type": "Feature",
   "properties": {
    "kategorija": "evakuacijas_punkts",
    "nosaukums": "Rīgas Nacionālā sporta manēža",
    "adrese": "Kojusalas iela 9, Maskavas, Rīga",
    "pasvaldiba": "Rīga",
    "pasvaldiba_slug": "riga",
    "nr_plana": 23,
    "avots_teksts": "Avots: Rīgas CA plāns, lpp. 104",
    "plans_url": "https://www.riga.lv/lv/media/56912/download?attachment",
    "plans_fails": "rigas-valstspilsetas-sadarbibas-teritorijas-civilas-aizsardzibas-plans-2024.md",
    "lpp": 104,
    "citats": "|23.|Rīgas Nacionālā sporta manēža|Kojusalas iela 9|Maskavas|",
    "izdevejs": "Rīga (pašvaldība)",
    "geokodesana": "varis_address",
    "adrese_vzd": "Kojusalas iela 9, Rīga, LV-1003",
    "vzd_kods": "101941168",
    "plana_lat": null,
    "plana_lon": null,
    "koord_teksts": null,
    "karodzini": [],
    "komentars": "Avots: Rīgas CA plāns, lpp. 104 · vieta noteikta pēc adreses (VZD)",
    "id": "riga-evak-22"
   },
   "geometry": {
    "type": "Point",
    "coordinates": [
     24.148998,
     56.935543
    ]
   }
  },
  {
   "type": "Feature",
   "properties": {
    "kategorija": "evakuacijas_punkts",
    "nosaukums": "Rīgas Sergeja Žoltokapamatskola",
    "adrese": "Vietalvas iela 15, Dārzciems, Rīga",
    "pasvaldiba": "Rīga",
    "pasvaldiba_slug": "riga",
    "nr_plana": 24,
    "avots_teksts": "Avots: Rīgas CA plāns, lpp. 104",
    "plans_url": "https://www.riga.lv/lv/media/56912/download?attachment",
    "plans_fails": "rigas-valstspilsetas-sadarbibas-teritorijas-civilas-aizsardzibas-plans-2024.md",
    "lpp": 104,
    "citats": "|24.|Rīgas Sergeja Žoltokapamatskola|Vietalvas iela 15|Dārzciems|",
    "izdevejs": "Rīga (pašvaldība)",
    "geokodesana": "varis_address",
    "adrese_vzd": "Vietalvas iela 15, Rīga, LV-1035",
    "vzd_kods": "102022988",
    "plana_lat": null,
    "plana_lon": null,
    "koord_teksts": null,
    "karodzini": [],
    "komentars": "Avots: Rīgas CA plāns, lpp. 104 · vieta noteikta pēc adreses (VZD)",
    "id": "riga-evak-23"
   },
   "geometry": {
    "type": "Point",
    "coordinates": [
     24.169208,
     56.945427
    ]
   }
  },
  {
   "type": "Feature",
   "properties": {
    "kategorija": "evakuacijas_punkts",
    "nosaukums": "Rīgas 80. vidusskola",
    "adrese": "Andromedasgatve 11, Purvciems, Rīga",
    "pasvaldiba": "Rīga",
    "pasvaldiba_slug": "riga",
    "nr_plana": 25,
    "avots_teksts": "Avots: Rīgas CA plāns, lpp. 104",
    "plans_url": "https://www.riga.lv/lv/media/56912/download?attachment",
    "plans_fails": "rigas-valstspilsetas-sadarbibas-teritorijas-civilas-aizsardzibas-plans-2024.md",
    "lpp": 104,
    "citats": "|25.|Rīgas 80. vidusskola|Andromedasgatve 11|Purvciems|",
    "izdevejs": "Rīga (pašvaldība)",
    "geokodesana": "varis_address",
    "adrese_vzd": "Andromedas gatve 11, Rīga, LV-1084",
    "vzd_kods": "101815231",
    "plana_lat": null,
    "plana_lon": null,
    "koord_teksts": null,
    "karodzini": [],
    "komentars": "Avots: Rīgas CA plāns, lpp. 104 · vieta noteikta pēc adreses (VZD)",
    "id": "riga-evak-24"
   },
   "geometry": {
    "type": "Point",
    "coordinates": [
     24.202454,
     56.958156
    ]
   }
  },
  {
   "type": "Feature",
   "properties": {
    "kategorija": "evakuacijas_punkts",
    "nosaukums": "Rīgas 64. vidusskola",
    "adrese": "Ūnijas iela 93, Purvciems, Rīga",
    "pasvaldiba": "Rīga",
    "pasvaldiba_slug": "riga",
    "nr_plana": 26,
    "avots_teksts": "Avots: Rīgas CA plāns, lpp. 104",
    "plans_url": "https://www.riga.lv/lv/media/56912/download?attachment",
    "plans_fails": "rigas-valstspilsetas-sadarbibas-teritorijas-civilas-aizsardzibas-plans-2024.md",
    "lpp": 104,
    "citats": "|26.|Rīgas 64. vidusskola|Ūnijas iela 93|Purvciems|",
    "izdevejs": "Rīga (pašvaldība)",
    "geokodesana": "varis_address",
    "adrese_vzd": "Ūnijas iela 93, Rīga, LV-1084",
    "vzd_kods": "102011950",
    "plana_lat": null,
    "plana_lon": null,
    "koord_teksts": null,
    "karodzini": [],
    "komentars": "Avots: Rīgas CA plāns, lpp. 104 · vieta noteikta pēc adreses (VZD)",
    "id": "riga-evak-25"
   },
   "geometry": {
    "type": "Point",
    "coordinates": [
     24.184832,
     56.961098
    ]
   }
  },
  {
   "type": "Feature",
   "properties": {
    "kategorija": "evakuacijas_punkts",
    "nosaukums": "Rīgas Tūrisma un radošās industrijas tehnikums",
    "adrese": "Nīcgales iela 26, Purvciems, Rīga",
    "pasvaldiba": "Rīga",
    "pasvaldiba_slug": "riga",
    "nr_plana": 27,
    "avots_teksts": "Avots: Rīgas CA plāns, lpp. 104",
    "plans_url": "https://www.riga.lv/lv/media/56912/download?attachment",
    "plans_fails": "rigas-valstspilsetas-sadarbibas-teritorijas-civilas-aizsardzibas-plans-2024.md",
    "lpp": 104,
    "citats": "|27.|Rīgas Tūrisma un radošās industrijas|Nīcgales iela 26|Purvciems|",
    "izdevejs": "Rīga (pašvaldība)",
    "geokodesana": "varis_address",
    "adrese_vzd": "Nīcgales iela 26, Rīga, LV-1035",
    "vzd_kods": "101134313",
    "plana_lat": null,
    "plana_lon": null,
    "koord_teksts": null,
    "karodzini": [],
    "izvilkuma_piezime": "table row split across several lines by the conversion; name/address/apkaime joined from adjacent lines",
    "komentars": "Avots: Rīgas CA plāns, lpp. 104 · vieta noteikta pēc adreses (VZD)",
    "id": "riga-evak-26"
   },
   "geometry": {
    "type": "Point",
    "coordinates": [
     24.173345,
     56.952203
    ]
   }
  },
  {
   "type": "Feature",
   "properties": {
    "kategorija": "evakuacijas_punkts",
    "nosaukums": "Rīgas Valsts klasiskāģimnāzija",
    "adrese": "Purvciema iela 38, Purvciems, Rīga",
    "pasvaldiba": "Rīga",
    "pasvaldiba_slug": "riga",
    "nr_plana": 28,
    "avots_teksts": "Avots: Rīgas CA plāns, lpp. 104",
    "plans_url": "https://www.riga.lv/lv/media/56912/download?attachment",
    "plans_fails": "rigas-valstspilsetas-sadarbibas-teritorijas-civilas-aizsardzibas-plans-2024.md",
    "lpp": 104,
    "citats": "|28.|Rīgas Valsts klasiskāģimnāzija|Purvciema iela 38|Purvciems|",
    "izdevejs": "Rīga (pašvaldība)",
    "geokodesana": "varis_address",
    "adrese_vzd": "Purvciema iela 38, Rīga, LV-1035",
    "vzd_kods": "101972885",
    "plana_lat": null,
    "plana_lon": null,
    "koord_teksts": null,
    "karodzini": [],
    "komentars": "Avots: Rīgas CA plāns, lpp. 104 · vieta noteikta pēc adreses (VZD)",
    "id": "riga-evak-27"
   },
   "geometry": {
    "type": "Point",
    "coordinates": [
     24.181583,
     56.953614
    ]
   }
  },
  {
   "type": "Feature",
   "properties": {
    "kategorija": "evakuacijas_punkts",
    "nosaukums": "VEF Kultūraspils",
    "adrese": "Ropažu iela 2, Teika, Rīga",
    "pasvaldiba": "Rīga",
    "pasvaldiba_slug": "riga",
    "nr_plana": 29,
    "avots_teksts": "Avots: Rīgas CA plāns, lpp. 104",
    "plans_url": "https://www.riga.lv/lv/media/56912/download?attachment",
    "plans_fails": "rigas-valstspilsetas-sadarbibas-teritorijas-civilas-aizsardzibas-plans-2024.md",
    "lpp": 104,
    "citats": "|29.|VEF Kultūraspils|Ropažu iela 2|Teika|",
    "izdevejs": "Rīga (pašvaldība)",
    "geokodesana": "varis_address",
    "adrese_vzd": "Ropažu iela 2, Rīga, LV-1039",
    "vzd_kods": "101979350",
    "plana_lat": null,
    "plana_lon": null,
    "koord_teksts": null,
    "karodzini": [],
    "komentars": "Avots: Rīgas CA plāns, lpp. 104 · vieta noteikta pēc adreses (VZD)",
    "id": "riga-evak-28"
   },
   "geometry": {
    "type": "Point",
    "coordinates": [
     24.165993,
     56.97451
    ]
   }
  },
  {
   "type": "Feature",
   "properties": {
    "kategorija": "evakuacijas_punkts",
    "nosaukums": "Rīgas 9. vidusskola",
    "adrese": "Stāmerienas iela 9, Teika, Rīga",
    "pasvaldiba": "Rīga",
    "pasvaldiba_slug": "riga",
    "nr_plana": 30,
    "avots_teksts": "Avots: Rīgas CA plāns, lpp. 104",
    "plans_url": "https://www.riga.lv/lv/media/56912/download?attachment",
    "plans_fails": "rigas-valstspilsetas-sadarbibas-teritorijas-civilas-aizsardzibas-plans-2024.md",
    "lpp": 104,
    "citats": "|30.|Rīgas 9. vidusskola|Stāmerienas iela 9|Teika<br>|",
    "izdevejs": "Rīga (pašvaldība)",
    "geokodesana": "varis_address",
    "adrese_vzd": "Stāmerienas iela 9, Rīga, LV-1006",
    "vzd_kods": "103845214",
    "plana_lat": null,
    "plana_lon": null,
    "koord_teksts": null,
    "karodzini": [],
    "komentars": "Avots: Rīgas CA plāns, lpp. 104 · vieta noteikta pēc adreses (VZD)",
    "id": "riga-evak-29"
   },
   "geometry": {
    "type": "Point",
    "coordinates": [
     24.206331,
     56.980218
    ]
   }
  },
  {
   "type": "Feature",
   "properties": {
    "kategorija": "evakuacijas_punkts",
    "nosaukums": "Rīgas 45. vidusskola",
    "adrese": "Gaujas iela 23, Čiekurkalns, Rīga",
    "pasvaldiba": "Rīga",
    "pasvaldiba_slug": "riga",
    "nr_plana": 31,
    "avots_teksts": "Avots: Rīgas CA plāns, lpp. 104",
    "plans_url": "https://www.riga.lv/lv/media/56912/download?attachment",
    "plans_fails": "rigas-valstspilsetas-sadarbibas-teritorijas-civilas-aizsardzibas-plans-2024.md",
    "lpp": 104,
    "citats": "|31.|Rīgas 45. vidusskola|Gaujas iela 23|Čiekurkalns|",
    "izdevejs": "Rīga (pašvaldība)",
    "geokodesana": "varis_address",
    "adrese_vzd": "Gaujas iela 23, Rīga, LV-1026",
    "vzd_kods": "101832110",
    "plana_lat": null,
    "plana_lon": null,
    "koord_teksts": null,
    "karodzini": [],
    "izvilkuma_piezime": "plan lists 'Rīgas 45. vidusskola' twice with different addresses (#31 Gaujas iela 23, #32 Lībekas iela 27)",
    "komentars": "Avots: Rīgas CA plāns, lpp. 104 · vieta noteikta pēc adreses (VZD)",
    "id": "riga-evak-30"
   },
   "geometry": {
    "type": "Point",
    "coordinates": [
     24.15778,
     56.983822
    ]
   }
  },
  {
   "type": "Feature",
   "properties": {
    "kategorija": "evakuacijas_punkts",
    "nosaukums": "Rīgas 45. vidusskola",
    "adrese": "Lībekas iela 27, Mežaparks, Rīga",
    "pasvaldiba": "Rīga",
    "pasvaldiba_slug": "riga",
    "nr_plana": 32,
    "avots_teksts": "Avots: Rīgas CA plāns, lpp. 104",
    "plans_url": "https://www.riga.lv/lv/media/56912/download?attachment",
    "plans_fails": "rigas-valstspilsetas-sadarbibas-teritorijas-civilas-aizsardzibas-plans-2024.md",
    "lpp": 104,
    "citats": "|32.|Rīgas 45. vidusskola|Lībekas iela 27|Mežaparks|",
    "izdevejs": "Rīga (pašvaldība)",
    "geokodesana": "varis_address",
    "adrese_vzd": "Lībekas iela 27, Rīga, LV-1014",
    "vzd_kods": "101926251",
    "plana_lat": null,
    "plana_lon": null,
    "koord_teksts": null,
    "karodzini": [],
    "izvilkuma_piezime": "plan lists 'Rīgas 45. vidusskola' twice with different addresses (#31 Gaujas iela 23, #32 Lībekas iela 27)",
    "komentars": "Avots: Rīgas CA plāns, lpp. 104 · vieta noteikta pēc adreses (VZD)",
    "id": "riga-evak-31"
   },
   "geometry": {
    "type": "Point",
    "coordinates": [
     24.16752,
     57.003086
    ]
   }
  },
  {
   "type": "Feature",
   "properties": {
    "kategorija": "evakuacijas_punkts",
    "nosaukums": "Publiskā vieta",
    "adrese": "Laukums pretī Viestura prospektam 26, Mīlgrāvis, Rīga",
    "pasvaldiba": "Rīga",
    "pasvaldiba_slug": "riga",
    "nr_plana": 33,
    "avots_teksts": "Avots: Rīgas CA plāns, lpp. 104",
    "plans_url": "https://www.riga.lv/lv/media/56912/download?attachment",
    "plans_fails": "rigas-valstspilsetas-sadarbibas-teritorijas-civilas-aizsardzibas-plans-2024.md",
    "lpp": 104,
    "citats": "|33.|Publiskā vieta|Laukums pretī Viestura|Mīlgrāvis|",
    "izdevejs": "Rīga (pašvaldība)",
    "geokodesana": "varis_address",
    "adrese_vzd": "Viestura prospekts 26, Rīga, LV-1034",
    "vzd_kods": "102694216",
    "plana_lat": null,
    "plana_lon": null,
    "koord_teksts": null,
    "karodzini": [
     "address_approximate"
    ],
    "izvilkuma_piezime": "table row split across several lines by the conversion; name/address/apkaime joined from adjacent lines",
    "komentars": "Avots: Rīgas CA plāns, lpp. 104 · vieta noteikta pēc adreses (VZD)",
    "id": "riga-evak-32"
   },
   "geometry": {
    "type": "Point",
    "coordinates": [
     24.134425,
     57.020576
    ]
   }
  },
  {
   "type": "Feature",
   "properties": {
    "kategorija": "evakuacijas_punkts",
    "nosaukums": "Puškina licejs",
    "adrese": "Sarkandaugavas iela 22, Kundziņsala, Sarkandaugava, Rīga",
    "pasvaldiba": "Rīga",
    "pasvaldiba_slug": "riga",
    "nr_plana": 34,
    "avots_teksts": "Avots: Rīgas CA plāns, lpp. 104",
    "plans_url": "https://www.riga.lv/lv/media/56912/download?attachment",
    "plans_fails": "rigas-valstspilsetas-sadarbibas-teritorijas-civilas-aizsardzibas-plans-2024.md",
    "lpp": 104,
    "citats": "|34.|Puškina licejs|Sarkandaugavas iela 22||",
    "izdevejs": "Rīga (pašvaldība)",
    "geokodesana": "varis_address",
    "adrese_vzd": "Sarkandaugavas iela 22, Rīga, LV-1005",
    "vzd_kods": "101985258",
    "plana_lat": null,
    "plana_lon": null,
    "koord_teksts": null,
    "karodzini": [],
    "izvilkuma_piezime": "table row split across several lines by the conversion; name/address/apkaime joined from adjacent lines",
    "komentars": "Avots: Rīgas CA plāns, lpp. 104 · vieta noteikta pēc adreses (VZD)",
    "id": "riga-evak-33"
   },
   "geometry": {
    "type": "Point",
    "coordinates": [
     24.124705,
     56.998788
    ]
   }
  },
  {
   "type": "Feature",
   "properties": {
    "kategorija": "evakuacijas_punkts",
    "nosaukums": "Rīgas Kultūru vidusskola",
    "adrese": "Ganību dambis 7, Pētersala, Rīga",
    "pasvaldiba": "Rīga",
    "pasvaldiba_slug": "riga",
    "nr_plana": 36,
    "avots_teksts": "Avots: Rīgas CA plāns, lpp. 104",
    "plans_url": "https://www.riga.lv/lv/media/56912/download?attachment",
    "plans_fails": "rigas-valstspilsetas-sadarbibas-teritorijas-civilas-aizsardzibas-plans-2024.md",
    "lpp": 104,
    "citats": "|36.|Rīgas Kultūru vidusskola|Ganību dambis 7|Pētersala|",
    "izdevejs": "Rīga (pašvaldība)",
    "geokodesana": "varis_address",
    "adrese_vzd": "Ganību dambis 7, Rīga, LV-1045",
    "vzd_kods": "102612955",
    "plana_lat": null,
    "plana_lon": null,
    "koord_teksts": null,
    "karodzini": [],
    "komentars": "Avots: Rīgas CA plāns, lpp. 104 · vieta noteikta pēc adreses (VZD)",
    "id": "riga-evak-34"
   },
   "geometry": {
    "type": "Point",
    "coordinates": [
     24.10675,
     56.970543
    ]
   }
  },
  {
   "type": "Feature",
   "properties": {
    "kategorija": "evakuacijas_punkts",
    "nosaukums": "Rīgas 66. vidusskola",
    "adrese": "Katrīnas iela 4, Pētersala, Centrs, Rīga",
    "pasvaldiba": "Rīga",
    "pasvaldiba_slug": "riga",
    "nr_plana": 37,
    "avots_teksts": "Avots: Rīgas CA plāns, lpp. 104",
    "plans_url": "https://www.riga.lv/lv/media/56912/download?attachment",
    "plans_fails": "rigas-valstspilsetas-sadarbibas-teritorijas-civilas-aizsardzibas-plans-2024.md",
    "lpp": 104,
    "citats": "|37.|Rīgas 66. vidusskola|Katrīnas iela 4||",
    "izdevejs": "Rīga (pašvaldība)",
    "geokodesana": "varis_address",
    "adrese_vzd": "Katrīnas iela 4, Rīga, LV-1045",
    "vzd_kods": "106429552",
    "plana_lat": null,
    "plana_lon": null,
    "koord_teksts": null,
    "karodzini": [],
    "izvilkuma_piezime": "table row split across several lines by the conversion; name/address/apkaime joined from adjacent lines",
    "komentars": "Avots: Rīgas CA plāns, lpp. 104 · vieta noteikta pēc adreses (VZD)",
    "id": "riga-evak-35"
   },
   "geometry": {
    "type": "Point",
    "coordinates": [
     24.099964,
     56.96518
    ]
   }
  },
  {
   "type": "Feature",
   "properties": {
    "kategorija": "evakuacijas_punkts",
    "nosaukums": "Rīgas Valsts 1.ģimnāzija",
    "adrese": "Raiņa bulvāris 8, Centrs, Rīga",
    "pasvaldiba": "Rīga",
    "pasvaldiba_slug": "riga",
    "nr_plana": 38,
    "avots_teksts": "Avots: Rīgas CA plāns, lpp. 104",
    "plans_url": "https://www.riga.lv/lv/media/56912/download?attachment",
    "plans_fails": "rigas-valstspilsetas-sadarbibas-teritorijas-civilas-aizsardzibas-plans-2024.md",
    "lpp": 104,
    "citats": "|38.|Rīgas Valsts 1.ģimnāzija|Raiņa bulvāris 8|Centrs|",
    "izdevejs": "Rīga (pašvaldība)",
    "geokodesana": "varis_address",
    "adrese_vzd": "Raiņa bulvāris 8, Rīga, LV-1050",
    "vzd_kods": "101973967",
    "plana_lat": null,
    "plana_lon": null,
    "koord_teksts": null,
    "karodzini": [],
    "komentars": "Avots: Rīgas CA plāns, lpp. 104 · vieta noteikta pēc adreses (VZD)",
    "id": "riga-evak-36"
   },
   "geometry": {
    "type": "Point",
    "coordinates": [
     24.112543,
     56.952788
    ]
   }
  },
  {
   "type": "Feature",
   "properties": {
    "kategorija": "evakuacijas_punkts",
    "nosaukums": "Dailes teātris",
    "adrese": "Brīvības iela 75, Centrs, Rīga",
    "pasvaldiba": "Rīga",
    "pasvaldiba_slug": "riga",
    "nr_plana": 39,
    "avots_teksts": "Avots: Rīgas CA plāns, lpp. 104",
    "plans_url": "https://www.riga.lv/lv/media/56912/download?attachment",
    "plans_fails": "rigas-valstspilsetas-sadarbibas-teritorijas-civilas-aizsardzibas-plans-2024.md",
    "lpp": 104,
    "citats": "|39.|Dailes teātris|Brīvības iela 75|Centrs|",
    "izdevejs": "Rīga (pašvaldība)",
    "geokodesana": "varis_address",
    "adrese_vzd": "Brīvības iela 75, Rīga, LV-1001",
    "vzd_kods": "101126074",
    "plana_lat": null,
    "plana_lon": null,
    "koord_teksts": null,
    "karodzini": [],
    "komentars": "Avots: Rīgas CA plāns, lpp. 104 · vieta noteikta pēc adreses (VZD)",
    "id": "riga-evak-37"
   },
   "geometry": {
    "type": "Point",
    "coordinates": [
     24.126173,
     56.959788
    ]
   }
  },
  {
   "type": "Feature",
   "properties": {
    "kategorija": "evakuacijas_punkts",
    "nosaukums": "J. G. Herdera Rīgas Grīziņkalna vidusskola",
    "adrese": "Lauku iela 9, Grīziņkalns, Rīga",
    "pasvaldiba": "Rīga",
    "pasvaldiba_slug": "riga",
    "nr_plana": 40,
    "avots_teksts": "Avots: Rīgas CA plāns, lpp. 104",
    "plans_url": "https://www.riga.lv/lv/media/56912/download?attachment",
    "plans_fails": "rigas-valstspilsetas-sadarbibas-teritorijas-civilas-aizsardzibas-plans-2024.md",
    "lpp": 104,
    "citats": "|40.|J. G. Herdera Rīgas Grīziņkalna vidusskola|Lauku iela 9|Grīziņkalns|",
    "izdevejs": "Rīga (pašvaldība)",
    "geokodesana": "varis_address",
    "adrese_vzd": "Lauku iela 9, Rīga, LV-1009",
    "vzd_kods": "102639057",
    "plana_lat": null,
    "plana_lon": null,
    "koord_teksts": null,
    "karodzini": [],
    "komentars": "Avots: Rīgas CA plāns, lpp. 104 · vieta noteikta pēc adreses (VZD)",
    "id": "riga-evak-38"
   },
   "geometry": {
    "type": "Point",
    "coordinates": [
     24.151091,
     56.95818
    ]
   }
  },
  {
   "type": "Feature",
   "properties": {
    "kategorija": "evakuacijas_punkts",
    "nosaukums": "Rīgas 15. vidusskola",
    "adrese": "Visvalža iela 9, Avoti, Rīga",
    "pasvaldiba": "Rīga",
    "pasvaldiba_slug": "riga",
    "nr_plana": 41,
    "avots_teksts": "Avots: Rīgas CA plāns, lpp. 104",
    "plans_url": "https://www.riga.lv/lv/media/56912/download?attachment",
    "plans_fails": "rigas-valstspilsetas-sadarbibas-teritorijas-civilas-aizsardzibas-plans-2024.md",
    "lpp": 104,
    "citats": "|41.|Rīgas 15. vidusskola|Visvalža iela 9|Avoti|",
    "izdevejs": "Rīga (pašvaldība)",
    "geokodesana": "varis_address",
    "adrese_vzd": "Visvalža iela 9, Rīga, LV-1050",
    "vzd_kods": "102024612",
    "plana_lat": null,
    "plana_lon": null,
    "koord_teksts": null,
    "karodzini": [],
    "komentars": "Avots: Rīgas CA plāns, lpp. 104 · vieta noteikta pēc adreses (VZD)",
    "id": "riga-evak-39"
   },
   "geometry": {
    "type": "Point",
    "coordinates": [
     24.131314,
     56.947641
    ]
   }
  },
  {
   "type": "Feature",
   "properties": {
    "kategorija": "evakuacijas_punkts",
    "nosaukums": "Rīgas Daugavgrīvas pamatskola",
    "adrese": "Parādes iela 5C, Daugavgrīva, Buļļi, Rīga",
    "pasvaldiba": "Rīga",
    "pasvaldiba_slug": "riga",
    "nr_plana": 43,
    "avots_teksts": "Avots: Rīgas CA plāns, lpp. 104",
    "plans_url": "https://www.riga.lv/lv/media/56912/download?attachment",
    "plans_fails": "rigas-valstspilsetas-sadarbibas-teritorijas-civilas-aizsardzibas-plans-2024.md",
    "lpp": 104,
    "citats": "|43.|Rīgas Daugavgrīvas pamatskola|Parādes iela 5C|Daugavgrīva, Buļļi|",
    "izdevejs": "Rīga (pašvaldība)",
    "geokodesana": "varis_address",
    "adrese_vzd": "Parādes iela 5C, Rīga, LV-1016",
    "vzd_kods": "101825267",
    "plana_lat": null,
    "plana_lon": null,
    "koord_teksts": null,
    "karodzini": [],
    "komentars": "Avots: Rīgas CA plāns, lpp. 104 · vieta noteikta pēc adreses (VZD)",
    "id": "riga-evak-40"
   },
   "geometry": {
    "type": "Point",
    "coordinates": [
     24.02645,
     57.038437
    ]
   }
  },
  {
   "type": "Feature",
   "properties": {
    "kategorija": "evakuacijas_punkts",
    "nosaukums": "Rīgas 33. vidusskola",
    "adrese": "Stūrmaņu iela 23, Bolderāja, Voleri, Spilve, Rīga",
    "pasvaldiba": "Rīga",
    "pasvaldiba_slug": "riga",
    "nr_plana": 44,
    "avots_teksts": "Avots: Rīgas CA plāns, lpp. 104",
    "plans_url": "https://www.riga.lv/lv/media/56912/download?attachment",
    "plans_fails": "rigas-valstspilsetas-sadarbibas-teritorijas-civilas-aizsardzibas-plans-2024.md",
    "lpp": 104,
    "citats": "|44.|Rīgas 33. vidusskola|Stūrmaņu iela 23|Bolderāja, Voleri,|",
    "izdevejs": "Rīga (pašvaldība)",
    "geokodesana": "varis_address",
    "adrese_vzd": "Stūrmaņu iela 23, Rīga, LV-1016",
    "vzd_kods": "104593841",
    "plana_lat": null,
    "plana_lon": null,
    "koord_teksts": null,
    "karodzini": [],
    "izvilkuma_piezime": "table row split across several lines by the conversion; name/address/apkaime joined from adjacent lines",
    "komentars": "Avots: Rīgas CA plāns, lpp. 104 · vieta noteikta pēc adreses (VZD)",
    "id": "riga-evak-41"
   },
   "geometry": {
    "type": "Point",
    "coordinates": [
     24.052509,
     57.033764
    ]
   }
  },
  {
   "type": "Feature",
   "properties": {
    "kategorija": "evakuacijas_punkts",
    "nosaukums": "Rīgas Baltmuižas pamatskola",
    "adrese": "Baltā iela 22A, Iļģuciems, Kleisti, Rīga",
    "pasvaldiba": "Rīga",
    "pasvaldiba_slug": "riga",
    "nr_plana": 45,
    "avots_teksts": "Avots: Rīgas CA plāns, lpp. 104",
    "plans_url": "https://www.riga.lv/lv/media/56912/download?attachment",
    "plans_fails": "rigas-valstspilsetas-sadarbibas-teritorijas-civilas-aizsardzibas-plans-2024.md",
    "lpp": 104,
    "citats": "|45.|Rīgas Baltmuižas pamatskola|Baltā iela 22A|<br>Iļģuciems, Kleisti|",
    "izdevejs": "Rīga (pašvaldība)",
    "geokodesana": "varis_address",
    "adrese_vzd": "Baltā iela 22A, Rīga, LV-1055",
    "vzd_kods": "103372777",
    "plana_lat": null,
    "plana_lon": null,
    "koord_teksts": null,
    "karodzini": [],
    "komentars": "Avots: Rīgas CA plāns, lpp. 104 · vieta noteikta pēc adreses (VZD)",
    "id": "riga-evak-42"
   },
   "geometry": {
    "type": "Point",
    "coordinates": [
     24.064172,
     56.969688
    ]
   }
  },
  {
   "type": "Feature",
   "properties": {
    "kategorija": "evakuacijas_punkts",
    "nosaukums": "Kultūras centrs “Imanta”",
    "adrese": "Anniņmuižas bulvāris 29, Imanta, Rīga",
    "pasvaldiba": "Rīga",
    "pasvaldiba_slug": "riga",
    "nr_plana": 46,
    "avots_teksts": "Avots: Rīgas CA plāns, lpp. 104",
    "plans_url": "https://www.riga.lv/lv/media/56912/download?attachment",
    "plans_fails": "rigas-valstspilsetas-sadarbibas-teritorijas-civilas-aizsardzibas-plans-2024.md",
    "lpp": 104,
    "citats": "|46.|Kultūras centrs “Imanta”|Anniņmuižas bulvāris 29|Imanta|",
    "izdevejs": "Rīga (pašvaldība)",
    "geokodesana": "varis_address",
    "adrese_vzd": "Anniņmuižas bulvāris 29, Rīga, LV-1067",
    "vzd_kods": "101815465",
    "plana_lat": null,
    "plana_lon": null,
    "koord_teksts": null,
    "karodzini": [],
    "komentars": "Avots: Rīgas CA plāns, lpp. 104 · vieta noteikta pēc adreses (VZD)",
    "id": "riga-evak-43"
   },
   "geometry": {
    "type": "Point",
    "coordinates": [
     24.01693,
     56.959536
    ]
   }
  },
  {
   "type": "Feature",
   "properties": {
    "kategorija": "evakuacijas_punkts",
    "nosaukums": "Rīgas Imantas vidusskola",
    "adrese": "Kurzemesprospekts 158, Imanta, Rīga",
    "pasvaldiba": "Rīga",
    "pasvaldiba_slug": "riga",
    "nr_plana": 47,
    "avots_teksts": "Avots: Rīgas CA plāns, lpp. 104",
    "plans_url": "https://www.riga.lv/lv/media/56912/download?attachment",
    "plans_fails": "rigas-valstspilsetas-sadarbibas-teritorijas-civilas-aizsardzibas-plans-2024.md",
    "lpp": 104,
    "citats": "|47.|Rīgas Imantas vidusskola|Kurzemesprospekts 158|Imanta|",
    "izdevejs": "Rīga (pašvaldība)",
    "geokodesana": "varis_address",
    "adrese_vzd": "Kurzemes prospekts 158, Rīga, LV-1069",
    "vzd_kods": "101846803",
    "plana_lat": null,
    "plana_lon": null,
    "koord_teksts": null,
    "karodzini": [],
    "komentars": "Avots: Rīgas CA plāns, lpp. 104 · vieta noteikta pēc adreses (VZD)",
    "id": "riga-evak-44"
   },
   "geometry": {
    "type": "Point",
    "coordinates": [
     23.998617,
     56.956649
    ]
   }
  },
  {
   "type": "Feature",
   "properties": {
    "kategorija": "evakuacijas_punkts",
    "nosaukums": "Rīgas Zolitūdes ģimnāzija",
    "adrese": "Ruses iela 22, Zolitūde, Mūkupurvs, Rīga",
    "pasvaldiba": "Rīga",
    "pasvaldiba_slug": "riga",
    "nr_plana": 48,
    "avots_teksts": "Avots: Rīgas CA plāns, lpp. 104",
    "plans_url": "https://www.riga.lv/lv/media/56912/download?attachment",
    "plans_fails": "rigas-valstspilsetas-sadarbibas-teritorijas-civilas-aizsardzibas-plans-2024.md",
    "lpp": 104,
    "citats": "|48.|Rīgas Zolitūdes ģimnāzija|Ruses iela 22||",
    "izdevejs": "Rīga (pašvaldība)",
    "geokodesana": "varis_address",
    "adrese_vzd": "Ruses iela 22, Rīga, LV-1029",
    "vzd_kods": "101982646",
    "plana_lat": null,
    "plana_lon": null,
    "koord_teksts": null,
    "karodzini": [],
    "izvilkuma_piezime": "table row split across several lines by the conversion; name/address/apkaime joined from adjacent lines",
    "komentars": "Avots: Rīgas CA plāns, lpp. 104 · vieta noteikta pēc adreses (VZD)",
    "id": "riga-evak-45"
   },
   "geometry": {
    "type": "Point",
    "coordinates": [
     24.006988,
     56.946419
    ]
   }
  },
  {
   "type": "Feature",
   "properties": {
    "kategorija": "evakuacijas_punkts",
    "nosaukums": "Publiskā vieta",
    "adrese": "Laukums pretī Kārļa Ulmaņagatvei 201, Beberbeķi, Rīga",
    "pasvaldiba": "Rīga",
    "pasvaldiba_slug": "riga",
    "nr_plana": 49,
    "avots_teksts": "Avots: Rīgas CA plāns, lpp. 104",
    "plans_url": "https://www.riga.lv/lv/media/56912/download?attachment",
    "plans_fails": "rigas-valstspilsetas-sadarbibas-teritorijas-civilas-aizsardzibas-plans-2024.md",
    "lpp": 104,
    "citats": "|49.|Publiskā vieta|Laukums pretī Kārļa|Beberbeķi|",
    "izdevejs": "Rīga (pašvaldība)",
    "geokodesana": "varis_address",
    "adrese_vzd": "Kārļa Ulmaņa gatve 201, Rīga, LV-1029",
    "vzd_kods": "105204938",
    "plana_lat": null,
    "plana_lon": null,
    "koord_teksts": null,
    "karodzini": [
     "address_approximate"
    ],
    "izvilkuma_piezime": "table row split across several lines by the conversion; name/address/apkaime joined from adjacent lines",
    "komentars": "Avots: Rīgas CA plāns, lpp. 104 · vieta noteikta pēc adreses (VZD)",
    "id": "riga-evak-46"
   },
   "geometry": {
    "type": "Point",
    "coordinates": [
     23.960441,
     56.948864
    ]
   }
  },
  {
   "type": "Feature",
   "properties": {
    "kategorija": "evakuacijas_punkts",
    "nosaukums": "Rīgas Valdorfskola",
    "adrese": "Kalnciema iela 160, Pleskodāle, Rīga",
    "pasvaldiba": "Rīga",
    "pasvaldiba_slug": "riga",
    "nr_plana": 50,
    "avots_teksts": "Avots: Rīgas CA plāns, lpp. 104",
    "plans_url": "https://www.riga.lv/lv/media/56912/download?attachment",
    "plans_fails": "rigas-valstspilsetas-sadarbibas-teritorijas-civilas-aizsardzibas-plans-2024.md",
    "lpp": 104,
    "citats": "|50.|Rīgas Valdorfskola|Kalnciema iela 160|Pleskodāle|",
    "izdevejs": "Rīga (pašvaldība)",
    "geokodesana": "varis_address",
    "adrese_vzd": "Kalnciema iela 160, Rīga, LV-1046",
    "vzd_kods": "101121137",
    "plana_lat": null,
    "plana_lon": null,
    "koord_teksts": null,
    "karodzini": [],
    "komentars": "Avots: Rīgas CA plāns, lpp. 104 · vieta noteikta pēc adreses (VZD)",
    "id": "riga-evak-47"
   },
   "geometry": {
    "type": "Point",
    "coordinates": [
     24.025872,
     56.93065
    ]
   }
  },
  {
   "type": "Feature",
   "properties": {
    "kategorija": "evakuacijas_punkts",
    "nosaukums": "Rīgas 34. vidusskola",
    "adrese": "Kandavas iela 4, Zasulauks, Rīga",
    "pasvaldiba": "Rīga",
    "pasvaldiba_slug": "riga",
    "nr_plana": 51,
    "avots_teksts": "Avots: Rīgas CA plāns, lpp. 104",
    "plans_url": "https://www.riga.lv/lv/media/56912/download?attachment",
    "plans_fails": "rigas-valstspilsetas-sadarbibas-teritorijas-civilas-aizsardzibas-plans-2024.md",
    "lpp": 104,
    "citats": "|51.|Rīgas 34. vidusskola|Kandavas iela 4|Zasulauks|",
    "izdevejs": "Rīga (pašvaldība)",
    "geokodesana": "varis_address",
    "adrese_vzd": "Kandavas iela 4, Rīga, LV-1083",
    "vzd_kods": "101909598",
    "plana_lat": null,
    "plana_lon": null,
    "koord_teksts": null,
    "karodzini": [],
    "komentars": "Avots: Rīgas CA plāns, lpp. 104 · vieta noteikta pēc adreses (VZD)",
    "id": "riga-evak-48"
   },
   "geometry": {
    "type": "Point",
    "coordinates": [
     24.053137,
     56.950609
    ]
   }
  },
  {
   "type": "Feature",
   "properties": {
    "kategorija": "evakuacijas_punkts",
    "nosaukums": "Rīgas Arkādijas vidusskola",
    "adrese": "Melnsila iela 6, Āgenskalns, Rīga",
    "pasvaldiba": "Rīga",
    "pasvaldiba_slug": "riga",
    "nr_plana": 52,
    "avots_teksts": "Avots: Rīgas CA plāns, lpp. 104",
    "plans_url": "https://www.riga.lv/lv/media/56912/download?attachment",
    "plans_fails": "rigas-valstspilsetas-sadarbibas-teritorijas-civilas-aizsardzibas-plans-2024.md",
    "lpp": 104,
    "citats": "|52.|Rīgas Arkādijas vidusskola|Melnsila iela 6|Āgenskalns|",
    "izdevejs": "Rīga (pašvaldība)",
    "geokodesana": "varis_address",
    "adrese_vzd": "Melnsila iela 6, Rīga, LV-1083",
    "vzd_kods": "101124255",
    "plana_lat": null,
    "plana_lon": null,
    "koord_teksts": null,
    "karodzini": [],
    "komentars": "Avots: Rīgas CA plāns, lpp. 104 · vieta noteikta pēc adreses (VZD)",
    "id": "riga-evak-49"
   },
   "geometry": {
    "type": "Point",
    "coordinates": [
     24.069554,
     56.941633
    ]
   }
  },
  {
   "type": "Feature",
   "properties": {
    "kategorija": "evakuacijas_punkts",
    "nosaukums": "Pārdaugavas bērnu un jauniešu centrs “Altona”",
    "adrese": "Altonavas iela 6, Torņakalns, Rīga",
    "pasvaldiba": "Rīga",
    "pasvaldiba_slug": "riga",
    "nr_plana": 53,
    "avots_teksts": "Avots: Rīgas CA plāns, lpp. 105",
    "plans_url": "https://www.riga.lv/lv/media/56912/download?attachment",
    "plans_fails": "rigas-valstspilsetas-sadarbibas-teritorijas-civilas-aizsardzibas-plans-2024.md",
    "lpp": 105,
    "citats": "|53.|Pārdaugavas bērnu un jauniešu centrs|Altonavas iela 6|Torņakalns|",
    "izdevejs": "Rīga (pašvaldība)",
    "geokodesana": "varis_address",
    "adrese_vzd": "Altonavas iela 6, Rīga, LV-1004",
    "vzd_kods": "102611584",
    "plana_lat": null,
    "plana_lon": null,
    "koord_teksts": null,
    "karodzini": [],
    "izvilkuma_piezime": "table row split across several lines by the conversion; name/address/apkaime joined from adjacent lines",
    "komentars": "Avots: Rīgas CA plāns, lpp. 105 · vieta noteikta pēc adreses (VZD)",
    "id": "riga-evak-50"
   },
   "geometry": {
    "type": "Point",
    "coordinates": [
     24.087824,
     56.925482
    ]
   }
  },
  {
   "type": "Feature",
   "properties": {
    "kategorija": "evakuacijas_punkts",
    "nosaukums": "Rīgas 41. vidusskola",
    "adrese": "Slokas iela 49A, Dzirciems, Rīga",
    "pasvaldiba": "Rīga",
    "pasvaldiba_slug": "riga",
    "nr_plana": 54,
    "avots_teksts": "Avots: Rīgas CA plāns, lpp. 105",
    "plans_url": "https://www.riga.lv/lv/media/56912/download?attachment",
    "plans_fails": "rigas-valstspilsetas-sadarbibas-teritorijas-civilas-aizsardzibas-plans-2024.md",
    "lpp": 105,
    "citats": "|54.|Rīgas 41. vidusskola|Slokas iela 49A|Dzirciems|",
    "izdevejs": "Rīga (pašvaldība)",
    "geokodesana": "varis_address",
    "adrese_vzd": "Slokas iela 49A, Rīga, LV-1007",
    "vzd_kods": "102676593",
    "plana_lat": null,
    "plana_lon": null,
    "koord_teksts": null,
    "karodzini": [],
    "komentars": "Avots: Rīgas CA plāns, lpp. 105 · vieta noteikta pēc adreses (VZD)",
    "id": "riga-evak-51"
   },
   "geometry": {
    "type": "Point",
    "coordinates": [
     24.061687,
     56.953525
    ]
   }
  },
  {
   "type": "Feature",
   "properties": {
    "kategorija": "evakuacijas_punkts",
    "nosaukums": "Publiskā vieta",
    "adrese": "PretīĶīpsalas ielai 5 k-3, Ķīpsala, Rīga",
    "pasvaldiba": "Rīga",
    "pasvaldiba_slug": "riga",
    "nr_plana": 55,
    "avots_teksts": "Avots: Rīgas CA plāns, lpp. 105",
    "plans_url": "https://www.riga.lv/lv/media/56912/download?attachment",
    "plans_fails": "rigas-valstspilsetas-sadarbibas-teritorijas-civilas-aizsardzibas-plans-2024.md",
    "lpp": 105,
    "citats": "|55.|Publiskā vieta|PretīĶīpsalas ielai 5 k-3|Ķīpsala|",
    "izdevejs": "Rīga (pašvaldība)",
    "geokodesana": "varis_address",
    "adrese_vzd": "Ķīpsalas iela 5 k-3, Rīga, LV-1048",
    "vzd_kods": "106174141",
    "plana_lat": null,
    "plana_lon": null,
    "koord_teksts": null,
    "karodzini": [
     "address_approximate"
    ],
    "komentars": "Avots: Rīgas CA plāns, lpp. 105 · vieta noteikta pēc adreses (VZD)",
    "id": "riga-evak-52"
   },
   "geometry": {
    "type": "Point",
    "coordinates": [
     24.084446,
     56.952614
    ]
   }
  },
  {
   "type": "Feature",
   "properties": {
    "kategorija": "evakuacijas_punkts",
    "nosaukums": "Rīgas Pārdaugavas pamatskola",
    "adrese": "Kartupeļu iela 2, Atgāzene, Ziepniekkalns, Salas, Rīga",
    "pasvaldiba": "Rīga",
    "pasvaldiba_slug": "riga",
    "nr_plana": 57,
    "avots_teksts": "Avots: Rīgas CA plāns, lpp. 105",
    "plans_url": "https://www.riga.lv/lv/media/56912/download?attachment",
    "plans_fails": "rigas-valstspilsetas-sadarbibas-teritorijas-civilas-aizsardzibas-plans-2024.md",
    "lpp": 105,
    "citats": "|57.|Rīgas Pārdaugavas pamatskola|Kartupeļu iela 2||",
    "izdevejs": "Rīga (pašvaldība)",
    "geokodesana": "varis_address",
    "adrese_vzd": "Kartupeļu iela 2, Rīga, LV-1058",
    "vzd_kods": "101911617",
    "plana_lat": null,
    "plana_lon": null,
    "koord_teksts": null,
    "karodzini": [],
    "izvilkuma_piezime": "table row split across several lines by the conversion; name/address/apkaime joined from adjacent lines",
    "komentars": "Avots: Rīgas CA plāns, lpp. 105 · vieta noteikta pēc adreses (VZD)",
    "id": "riga-evak-53"
   },
   "geometry": {
    "type": "Point",
    "coordinates": [
     24.097155,
     56.912325
    ]
   }
  },
  {
   "type": "Feature",
   "properties": {
    "kategorija": "evakuacijas_punkts",
    "nosaukums": "Rīgas Ziepniekkalna vidusskola",
    "adrese": "Ozolciema iela 26, Ziepniekkalns, Rīga",
    "pasvaldiba": "Rīga",
    "pasvaldiba_slug": "riga",
    "nr_plana": 58,
    "avots_teksts": "Avots: Rīgas CA plāns, lpp. 105",
    "plans_url": "https://www.riga.lv/lv/media/56912/download?attachment",
    "plans_fails": "rigas-valstspilsetas-sadarbibas-teritorijas-civilas-aizsardzibas-plans-2024.md",
    "lpp": 105,
    "citats": "|58.|Rīgas Ziepniekkalna vidusskola|Ozolciema iela 26|Ziepniekkalns|",
    "izdevejs": "Rīga (pašvaldība)",
    "geokodesana": "varis_address",
    "adrese_vzd": "Ozolciema iela 26, Rīga, LV-1058",
    "vzd_kods": "101959312",
    "plana_lat": null,
    "plana_lon": null,
    "koord_teksts": null,
    "karodzini": [],
    "komentars": "Avots: Rīgas CA plāns, lpp. 105 · vieta noteikta pēc adreses (VZD)",
    "id": "riga-evak-54"
   },
   "geometry": {
    "type": "Point",
    "coordinates": [
     24.093866,
     56.899058
    ]
   }
  },
  {
   "type": "Feature",
   "properties": {
    "kategorija": "evakuacijas_punkts",
    "nosaukums": "Publiskā vieta",
    "adrese": "Laukums pretī Bauskas ielai 205, Bišumuiža, Katlakalns, Rīga",
    "pasvaldiba": "Rīga",
    "pasvaldiba_slug": "riga",
    "nr_plana": 59,
    "avots_teksts": "Avots: Rīgas CA plāns, lpp. 105",
    "plans_url": "https://www.riga.lv/lv/media/56912/download?attachment",
    "plans_fails": "rigas-valstspilsetas-sadarbibas-teritorijas-civilas-aizsardzibas-plans-2024.md",
    "lpp": 105,
    "citats": "|59.|Publiskā vieta|||",
    "izdevejs": "Rīga (pašvaldība)",
    "geokodesana": "varis_address",
    "adrese_vzd": "Bauskas iela 205, Rīga, LV-1076",
    "vzd_kods": "101861728",
    "plana_lat": null,
    "plana_lon": null,
    "koord_teksts": null,
    "karodzini": [
     "address_approximate"
    ],
    "izvilkuma_piezime": "table row split across several lines by the conversion; name/address/apkaime joined from adjacent lines",
    "komentars": "Avots: Rīgas CA plāns, lpp. 105 · vieta noteikta pēc adreses (VZD)",
    "id": "riga-evak-55"
   },
   "geometry": {
    "type": "Point",
    "coordinates": [
     24.145751,
     56.901074
    ]
   }
  },
  {
   "type": "Feature",
   "properties": {
    "kategorija": "evakuacijas_punkts",
    "nosaukums": "Vangažu vidusskola",
    "adrese": "Gaujas 2, Vangaži, Ropažu novads",
    "pasvaldiba": "Ropažu novads",
    "pasvaldiba_slug": "ropazu-novads",
    "nr_plana": 1,
    "avots_teksts": "Avots: Ropažu novada CA plāns, lpp. 135",
    "plans_url": "https://www.ropazi.lv/lv/media/83197/download?attachment",
    "plans_fails": "cap_ropazi_2024_publicesanai_0.md",
    "lpp": 135,
    "citats": "|1.|Vangažu vidusskola|Gaujas 2,<br>Vangaži,<br>Ropažu novads|Vangaži|57.0919097|24.5492421|",
    "izdevejs": "Ropažu novads (pašvaldība)",
    "geokodesana": "plan_coords",
    "adrese_vzd": "Gaujas iela 2, Vangaži, Ropažu nov., LV-2136",
    "vzd_kods": "101295291",
    "plana_lat": 57.0919097,
    "plana_lon": 24.5492421,
    "koord_teksts": "57.0919097|24.5492421",
    "karodzini": [],
    "komentars": "Avots: Ropažu novada CA plāns, lpp. 135",
    "id": "ropazu-novads-evak-1"
   },
   "geometry": {
    "type": "Point",
    "coordinates": [
     24.549242,
     57.09191
    ]
   }
  },
  {
   "type": "Feature",
   "properties": {
    "kategorija": "evakuacijas_punkts",
    "nosaukums": "Starp Garkalnes pamatskolu un PII “Skudriņas”",
    "adrese": "Vidzemes šoseja 34, Garkalne, Ropažu novads - Saules iela 34, Garkalne, Ropažu novads",
    "pasvaldiba": "Ropažu novads",
    "pasvaldiba_slug": "ropazu-novads",
    "nr_plana": 2,
    "avots_teksts": "Avots: Ropažu novada CA plāns, lpp. 135",
    "plans_url": "https://www.ropazi.lv/lv/media/83197/download?attachment",
    "plans_fails": "cap_ropazi_2024_publicesanai_0.md",
    "lpp": 135,
    "citats": "|2.|Starp Garkalnes<br>pamatskolu un PII<br>“Skudriņas”|Vidzemes<br>šoseja 34,<br>Garkalne,<br>Ropažu novads<br>- Saules iela 34,<br>Garkalne,<br>Ropažu novads|Garkalne|57.046401|24.424265|",
    "izdevejs": "Ropažu novads (pašvaldība)",
    "geokodesana": "plan_coords",
    "adrese_vzd": "Vidzemes šoseja 34, Garkalne, Garkalnes pag., Ropažu nov., LV-2137",
    "vzd_kods": "101306508",
    "plana_lat": 57.046401,
    "plana_lon": 24.424265,
    "koord_teksts": "57.046401|24.424265",
    "karodzini": [],
    "komentars": "Avots: Ropažu novada CA plāns, lpp. 135",
    "id": "ropazu-novads-evak-2"
   },
   "geometry": {
    "type": "Point",
    "coordinates": [
     24.424265,
     57.046401
    ]
   }
  },
  {
   "type": "Feature",
   "properties": {
    "kategorija": "evakuacijas_punkts",
    "nosaukums": "Berģu Mūzikas un mākslas pamatskola, Pamatskola",
    "adrese": "Skolas iela 8, Upesciems, Garkalnes pag., Ropažu novads",
    "pasvaldiba": "Ropažu novads",
    "pasvaldiba_slug": "ropazu-novads",
    "nr_plana": 3,
    "avots_teksts": "Avots: Ropažu novada CA plāns, lpp. 135",
    "plans_url": "https://www.ropazi.lv/lv/media/83197/download?attachment",
    "plans_fails": "cap_ropazi_2024_publicesanai_0.md",
    "lpp": 135,
    "citats": "|3.|Berģu Mūzikas un<br>mākslas<br>pamatskola,<br>Pamatskola|Skolas iela 8,<br>Upesciems,<br>Garkalnes pag.,<br>Ropažu novads|Upesciems|56.982199|24.335693|",
    "izdevejs": "Ropažu novads (pašvaldība)",
    "geokodesana": "plan_coords",
    "adrese_vzd": "Skolas iela 8, Upesciems, Garkalnes pag., Ropažu nov., LV-2137",
    "vzd_kods": "104137282",
    "plana_lat": 56.982199,
    "plana_lon": 24.335693,
    "koord_teksts": "56.982199|24.335693",
    "karodzini": [],
    "komentars": "Avots: Ropažu novada CA plāns, lpp. 135",
    "id": "ropazu-novads-evak-3"
   },
   "geometry": {
    "type": "Point",
    "coordinates": [
     24.335693,
     56.982199
    ]
   }
  },
  {
   "type": "Feature",
   "properties": {
    "kategorija": "evakuacijas_punkts",
    "nosaukums": "Langstiņos – pie LMT torņa",
    "adrese": "Rīgas ielā 2a, Langstiņi, Ropažu novads",
    "pasvaldiba": "Ropažu novads",
    "pasvaldiba_slug": "ropazu-novads",
    "nr_plana": 4,
    "avots_teksts": "Avots: Ropažu novada CA plāns, lpp. 135",
    "plans_url": "https://www.ropazi.lv/lv/media/83197/download?attachment",
    "plans_fails": "cap_ropazi_2024_publicesanai_0.md",
    "lpp": 135,
    "citats": "|4.|Langstiņos – pie<br>LMT torņa|Rīgas ielā 2a,<br>Langstiņi,<br>Ropažu novads|Langstiņi|7.009797|24.326364|",
    "izdevejs": "Ropažu novads (pašvaldība)",
    "geokodesana": "varis_address",
    "adrese_vzd": "Rīgas iela 2A, Langstiņi, Garkalnes pag., Ropažu nov., LV-2137",
    "vzd_kods": "104162691",
    "plana_lat": 7.009797,
    "plana_lon": 24.326364,
    "koord_teksts": "7.009797|24.326364",
    "karodzini": [
     "plan_coordinate_error"
    ],
    "izvilkuma_piezime": "lat looks wrong: '7.009797' (probably 57.009797 with a dropped digit); kept as printed.",
    "komentars": "Avots: Ropažu novada CA plāns, lpp. 135 · plāna koordinātas kļūdainas, vieta noteikta pēc adreses (VZD)",
    "id": "ropazu-novads-evak-4"
   },
   "geometry": {
    "type": "Point",
    "coordinates": [
     24.325567,
     57.009304
    ]
   }
  },
  {
   "type": "Feature",
   "properties": {
    "kategorija": "evakuacijas_punkts",
    "nosaukums": "Apdzīvota vieta “Bukulti”",
    "adrese": "Muižas, Ādažu un Grāvju ielas krustojums, Bukulti",
    "pasvaldiba": "Ropažu novads",
    "pasvaldiba_slug": "ropazu-novads",
    "nr_plana": 5,
    "avots_teksts": "Avots: Ropažu novada CA plāns, lpp. 135",
    "plans_url": "https://www.ropazi.lv/lv/media/83197/download?attachment",
    "plans_fails": "cap_ropazi_2024_publicesanai_0.md",
    "lpp": 135,
    "citats": "|5.|Apdzīvota vieta<br>“Bukulti”|Muižas, Ādažu<br>un Grāvju ielas<br>krustojums|Bukulti|57.021126|24.258826|",
    "izdevejs": "Ropažu novads (pašvaldība)",
    "geokodesana": "plan_coords",
    "adrese_vzd": null,
    "vzd_kods": null,
    "plana_lat": 57.021126,
    "plana_lon": 24.258826,
    "koord_teksts": "57.021126|24.258826",
    "karodzini": [],
    "izvilkuma_piezime": "Village from the 'Pilsēta, ciems' column appended to the address.",
    "komentars": "Avots: Ropažu novada CA plāns, lpp. 135",
    "id": "ropazu-novads-evak-5"
   },
   "geometry": {
    "type": "Point",
    "coordinates": [
     24.258826,
     57.021126
    ]
   }
  },
  {
   "type": "Feature",
   "properties": {
    "kategorija": "evakuacijas_punkts",
    "nosaukums": "Apdzīvota vieta “Sunīši”",
    "adrese": "16.autobusa galapunkts Kaiceles un Medņu ielas krustojumā, Sunīši",
    "pasvaldiba": "Ropažu novads",
    "pasvaldiba_slug": "ropazu-novads",
    "nr_plana": 6,
    "avots_teksts": "Avots: Ropažu novada CA plāns, lpp. 135",
    "plans_url": "https://www.ropazi.lv/lv/media/83197/download?attachment",
    "plans_fails": "cap_ropazi_2024_publicesanai_0.md",
    "lpp": 135,
    "citats": "|6.|Apdzīvota vieta<br>“Sunīši”|16.autobusa<br>galapunkts<br>Kaiceles un<br>Medņu ielas<br>krustojumā|Sunīši|56.971704|24.376591|",
    "izdevejs": "Ropažu novads (pašvaldība)",
    "geokodesana": "plan_coords",
    "adrese_vzd": null,
    "vzd_kods": null,
    "plana_lat": 56.971704,
    "plana_lon": 24.376591,
    "koord_teksts": "56.971704|24.376591",
    "karodzini": [],
    "izvilkuma_piezime": "Village from the 'Pilsēta, ciems' column appended to the address.",
    "komentars": "Avots: Ropažu novada CA plāns, lpp. 135",
    "id": "ropazu-novads-evak-6"
   },
   "geometry": {
    "type": "Point",
    "coordinates": [
     24.376591,
     56.971704
    ]
   }
  },
  {
   "type": "Feature",
   "properties": {
    "kategorija": "evakuacijas_punkts",
    "nosaukums": "Apdzīvota vieta “Suži”",
    "adrese": "Apogu iela 11, Suži, Garkalnes pag., Ropažu nov",
    "pasvaldiba": "Ropažu novads",
    "pasvaldiba_slug": "ropazu-novads",
    "nr_plana": 7,
    "avots_teksts": "Avots: Ropažu novada CA plāns, lpp. 135",
    "plans_url": "https://www.ropazi.lv/lv/media/83197/download?attachment",
    "plans_fails": "cap_ropazi_2024_publicesanai_0.md",
    "lpp": 135,
    "citats": "|7.|Apdzīvota vieta<br>“Suži”|Apogu iela 11,<br>Suži,<br>Garkalnes pag.,<br>Ropažu nov|Suži|57.018763|24.214575|",
    "izdevejs": "Ropažu novads (pašvaldība)",
    "geokodesana": "plan_coords",
    "adrese_vzd": "Apogu iela 11, Suži, Garkalnes pag., Ropažu nov., LV-1024",
    "vzd_kods": "105210033",
    "plana_lat": 57.018763,
    "plana_lon": 24.214575,
    "koord_teksts": "57.018763|24.214575",
    "karodzini": [],
    "komentars": "Avots: Ropažu novada CA plāns, lpp. 135",
    "id": "ropazu-novads-evak-7"
   },
   "geometry": {
    "type": "Point",
    "coordinates": [
     24.214575,
     57.018763
    ]
   }
  },
  {
   "type": "Feature",
   "properties": {
    "kategorija": "evakuacijas_punkts",
    "nosaukums": "Apdzīvota vieta “Upesciems”",
    "adrese": "Skolas iela 10, Upesciems, Garkalnes pag., Ropažu nov.",
    "pasvaldiba": "Ropažu novads",
    "pasvaldiba_slug": "ropazu-novads",
    "nr_plana": 8,
    "avots_teksts": "Avots: Ropažu novada CA plāns, lpp. 135",
    "plans_url": "https://www.ropazi.lv/lv/media/83197/download?attachment",
    "plans_fails": "cap_ropazi_2024_publicesanai_0.md",
    "lpp": 135,
    "citats": "|8.|Apdzīvota vieta<br>“Upesciems”|Skolas iela 10,<br>Upesciems,|Upesciems|56.981866|24.337689|",
    "izdevejs": "Ropažu novads (pašvaldība)",
    "geokodesana": "plan_coords",
    "adrese_vzd": "Skolas iela 10, Upesciems, Garkalnes pag., Ropažu nov., LV-2137",
    "vzd_kods": "104137290",
    "plana_lat": 56.981866,
    "plana_lon": 24.337689,
    "koord_teksts": "56.981866|24.337689",
    "karodzini": [],
    "izvilkuma_piezime": "Address cell continues on the next table line after the page break (joined here).",
    "komentars": "Avots: Ropažu novada CA plāns, lpp. 135",
    "id": "ropazu-novads-evak-8"
   },
   "geometry": {
    "type": "Point",
    "coordinates": [
     24.337689,
     56.981866
    ]
   }
  },
  {
   "type": "Feature",
   "properties": {
    "kategorija": "evakuacijas_punkts",
    "nosaukums": "Kultūras un izglītības centrs",
    "adrese": "Sporta iela 2 k-2, Ropaži, Ropažu novads",
    "pasvaldiba": "Ropažu novads",
    "pasvaldiba_slug": "ropazu-novads",
    "nr_plana": 9,
    "avots_teksts": "Avots: Ropažu novada CA plāns, lpp. 136",
    "plans_url": "https://www.ropazi.lv/lv/media/83197/download?attachment",
    "plans_fails": "cap_ropazi_2024_publicesanai_0.md",
    "lpp": 136,
    "citats": "|9.|Kultūras un<br>izglītības centrs|<br>Sporta iela 2 k-<br>2, Ropaži,<br>Ropažu novads|Ropaži|56.9744268|24.6372983|",
    "izdevejs": "Ropažu novads (pašvaldība)",
    "geokodesana": "plan_coords",
    "adrese_vzd": "Sporta iela 2 k-2, Ropaži, Ropažu pag., Ropažu nov., LV-2135",
    "vzd_kods": "105688006",
    "plana_lat": 56.9744268,
    "plana_lon": 24.6372983,
    "koord_teksts": "56.9744268|24.6372983",
    "karodzini": [],
    "komentars": "Avots: Ropažu novada CA plāns, lpp. 136",
    "id": "ropazu-novads-evak-9"
   },
   "geometry": {
    "type": "Point",
    "coordinates": [
     24.637298,
     56.974427
    ]
   }
  },
  {
   "type": "Feature",
   "properties": {
    "kategorija": "evakuacijas_punkts",
    "nosaukums": "Zaķumuižas pamatskola",
    "adrese": "Skolas iela 3, Zaķumuiža, Ropažu novads",
    "pasvaldiba": "Ropažu novads",
    "pasvaldiba_slug": "ropazu-novads",
    "nr_plana": 10,
    "avots_teksts": "Avots: Ropažu novada CA plāns, lpp. 136",
    "plans_url": "https://www.ropazi.lv/lv/media/83197/download?attachment",
    "plans_fails": "cap_ropazi_2024_publicesanai_0.md",
    "lpp": 136,
    "citats": "|10.|Zaķumuižas<br>pamatskola|Skolas iela 3,<br>Zaķumuiža,<br>Ropažu novads|Zaķumuiža|56.9699767|24.4886757|",
    "izdevejs": "Ropažu novads (pašvaldība)",
    "geokodesana": "plan_coords",
    "adrese_vzd": "Skolas iela 3, Zaķumuiža, Ropažu pag., Ropažu nov., LV-2133",
    "vzd_kods": "105935611",
    "plana_lat": 56.9699767,
    "plana_lon": 24.4886757,
    "koord_teksts": "56.9699767|24.4886757",
    "karodzini": [],
    "komentars": "Avots: Ropažu novada CA plāns, lpp. 136",
    "id": "ropazu-novads-evak-10"
   },
   "geometry": {
    "type": "Point",
    "coordinates": [
     24.488676,
     56.969977
    ]
   }
  },
  {
   "type": "Feature",
   "properties": {
    "kategorija": "evakuacijas_punkts",
    "nosaukums": "Latvijas Nacionālās bibliotēkas repozitārijs",
    "adrese": "\"Raksti\", Silakrogs, Ropažu novads",
    "pasvaldiba": "Ropažu novads",
    "pasvaldiba_slug": "ropazu-novads",
    "nr_plana": 11,
    "avots_teksts": "Avots: Ropažu novada CA plāns, lpp. 136",
    "plans_url": "https://www.ropazi.lv/lv/media/83197/download?attachment",
    "plans_fails": "cap_ropazi_2024_publicesanai_0.md",
    "lpp": 136,
    "citats": "|11.|Latvijas<br>Nacionālās<br>bibliotēkas<br>repozitārijs|\"Raksti\",<br>Silakrogs,<br>Ropažu novads|Silakrogs|56.9624341|24.4301351|",
    "izdevejs": "Ropažu novads (pašvaldība)",
    "geokodesana": "plan_coords",
    "adrese_vzd": null,
    "vzd_kods": null,
    "plana_lat": 56.9624341,
    "plana_lon": 24.4301351,
    "koord_teksts": "56.9624341|24.4301351",
    "karodzini": [],
    "komentars": "Avots: Ropažu novada CA plāns, lpp. 136",
    "id": "ropazu-novads-evak-11"
   },
   "geometry": {
    "type": "Point",
    "coordinates": [
     24.430135,
     56.962434
    ]
   }
  },
  {
   "type": "Feature",
   "properties": {
    "kategorija": "evakuacijas_punkts",
    "nosaukums": "Patvēruma meklētāju izmitināšanas centrs \"Mucenieki\"",
    "adrese": "«Jaunceltnes 2», Mucenieki, Ropažu novads",
    "pasvaldiba": "Ropažu novads",
    "pasvaldiba_slug": "ropazu-novads",
    "nr_plana": 12,
    "avots_teksts": "Avots: Ropažu novada CA plāns, lpp. 136",
    "plans_url": "https://www.ropazi.lv/lv/media/83197/download?attachment",
    "plans_fails": "cap_ropazi_2024_publicesanai_0.md",
    "lpp": 136,
    "citats": "|12.|Patvēruma<br>meklētāju<br>izmitināšanas centrs<br>\"Mucenieki\"|«Jaunceltnes<br>2»,<br>Mucenieki,<br>Ropažu novads|Mucenieki|56.9585507|24.3824584|",
    "izdevejs": "Ropažu novads (pašvaldība)",
    "geokodesana": "plan_coords",
    "adrese_vzd": null,
    "vzd_kods": null,
    "plana_lat": 56.9585507,
    "plana_lon": 24.3824584,
    "koord_teksts": "56.9585507|24.3824584",
    "karodzini": [],
    "komentars": "Avots: Ropažu novada CA plāns, lpp. 136",
    "id": "ropazu-novads-evak-12"
   },
   "geometry": {
    "type": "Point",
    "coordinates": [
     24.382458,
     56.958551
    ]
   }
  },
  {
   "type": "Feature",
   "properties": {
    "kategorija": "evakuacijas_punkts",
    "nosaukums": "Autoceļu P4/A4 krustojums",
    "adrese": "Kalnūlupi, Ūlupji",
    "pasvaldiba": "Ropažu novads",
    "pasvaldiba_slug": "ropazu-novads",
    "nr_plana": 13,
    "avots_teksts": "Avots: Ropažu novada CA plāns, lpp. 136",
    "plans_url": "https://www.ropazi.lv/lv/media/83197/download?attachment",
    "plans_fails": "cap_ropazi_2024_publicesanai_0.md",
    "lpp": 136,
    "citats": "|13.|Autoceļu P4/A4<br>krustojums|<br>Kalnūlupi,<br>Ūlupji|Ūlupji|56.9425826|24.3825177|",
    "izdevejs": "Ropažu novads (pašvaldība)",
    "geokodesana": "plan_coords",
    "adrese_vzd": "\"Kalnūlupi\", Ūlupji, Ropažu pag., Ropažu nov., LV-2118",
    "vzd_kods": "102731484",
    "plana_lat": 56.9425826,
    "plana_lon": 24.3825177,
    "koord_teksts": "56.9425826|24.3825177",
    "karodzini": [],
    "komentars": "Avots: Ropažu novada CA plāns, lpp. 136",
    "id": "ropazu-novads-evak-13"
   },
   "geometry": {
    "type": "Point",
    "coordinates": [
     24.382518,
     56.942583
    ]
   }
  },
  {
   "type": "Feature",
   "properties": {
    "kategorija": "evakuacijas_punkts",
    "nosaukums": "Autoceļš P4 Rīga -Ērgļi",
    "adrese": "Stārķu iela 1, Gaidas",
    "pasvaldiba": "Ropažu novads",
    "pasvaldiba_slug": "ropazu-novads",
    "nr_plana": 14,
    "avots_teksts": "Avots: Ropažu novada CA plāns, lpp. 136",
    "plans_url": "https://www.ropazi.lv/lv/media/83197/download?attachment",
    "plans_fails": "cap_ropazi_2024_publicesanai_0.md",
    "lpp": 136,
    "citats": "|14.|Autoceļš P4 Rīga<br>-Ērgļi|Stārķu iela 1,<br>Gaidas|Gaidas|56.9457739|24.4573800|",
    "izdevejs": "Ropažu novads (pašvaldība)",
    "geokodesana": "plan_coords",
    "adrese_vzd": "Stārķu iela 1, Gaidas, Ropažu pag., Ropažu nov., LV-2133",
    "vzd_kods": "102728621",
    "plana_lat": 56.9457739,
    "plana_lon": 24.45738,
    "koord_teksts": "56.9457739|24.4573800",
    "karodzini": [],
    "komentars": "Avots: Ropažu novada CA plāns, lpp. 136",
    "id": "ropazu-novads-evak-14"
   },
   "geometry": {
    "type": "Point",
    "coordinates": [
     24.45738,
     56.945774
    ]
   }
  },
  {
   "type": "Feature",
   "properties": {
    "kategorija": "evakuacijas_punkts",
    "nosaukums": "Bajāru degvielas uzpildes stacija",
    "adrese": "Bajāru degvielas uzpildes stacija, Bajārkrogs",
    "pasvaldiba": "Ropažu novads",
    "pasvaldiba_slug": "ropazu-novads",
    "nr_plana": 15,
    "avots_teksts": "Avots: Ropažu novada CA plāns, lpp. 136",
    "plans_url": "https://www.ropazi.lv/lv/media/83197/download?attachment",
    "plans_fails": "cap_ropazi_2024_publicesanai_0.md",
    "lpp": 136,
    "citats": "|15.|<br>Bajāru degvielas<br>uzpildes stacija|Bajāru<br>degvielas<br>uzpildes stacija,<br>Bajārkrogs|Bajārkrogs|56.9507384|24.5526829|",
    "izdevejs": "Ropažu novads (pašvaldība)",
    "geokodesana": "plan_coords",
    "adrese_vzd": "\"Bajāru degvielas uzpildes stacija\", Bajārkrogs, Ropažu pag., Ropažu nov., LV-2133",
    "vzd_kods": "106011266",
    "plana_lat": 56.9507384,
    "plana_lon": 24.5526829,
    "koord_teksts": "56.9507384|24.5526829",
    "karodzini": [],
    "komentars": "Avots: Ropažu novada CA plāns, lpp. 136",
    "id": "ropazu-novads-evak-15"
   },
   "geometry": {
    "type": "Point",
    "coordinates": [
     24.552683,
     56.950738
    ]
   }
  },
  {
   "type": "Feature",
   "properties": {
    "kategorija": "evakuacijas_punkts",
    "nosaukums": "Autoceļš V66",
    "adrese": "Jomas, Villasmuiža",
    "pasvaldiba": "Ropažu novads",
    "pasvaldiba_slug": "ropazu-novads",
    "nr_plana": 16,
    "avots_teksts": "Avots: Ropažu novada CA plāns, lpp. 136",
    "plans_url": "https://www.ropazi.lv/lv/media/83197/download?attachment",
    "plans_fails": "cap_ropazi_2024_publicesanai_0.md",
    "lpp": 136,
    "citats": "|16.|Autoceļš V66|Jomas,<br>Villasmuiža|Villasmuiža|56.9620407|24.6877134|",
    "izdevejs": "Ropažu novads (pašvaldība)",
    "geokodesana": "plan_coords",
    "adrese_vzd": "\"Jomas\", Villasmuiža, Ropažu pag., Ropažu nov., LV-2135",
    "vzd_kods": "103136646",
    "plana_lat": 56.9620407,
    "plana_lon": 24.6877134,
    "koord_teksts": "56.9620407|24.6877134",
    "karodzini": [],
    "komentars": "Avots: Ropažu novada CA plāns, lpp. 136",
    "id": "ropazu-novads-evak-16"
   },
   "geometry": {
    "type": "Point",
    "coordinates": [
     24.687713,
     56.962041
    ]
   }
  },
  {
   "type": "Feature",
   "properties": {
    "kategorija": "evakuacijas_punkts",
    "nosaukums": "Autoceļš V66",
    "adrese": "Stacija Augšciems, Augšciems",
    "pasvaldiba": "Ropažu novads",
    "pasvaldiba_slug": "ropazu-novads",
    "nr_plana": 17,
    "avots_teksts": "Avots: Ropažu novada CA plāns, lpp. 136",
    "plans_url": "https://www.ropazi.lv/lv/media/83197/download?attachment",
    "plans_fails": "cap_ropazi_2024_publicesanai_0.md",
    "lpp": 136,
    "citats": "|17.|Autoceļš V66|Stacija<br>Augšciems,<br>Augšciems|Augšciems|56.9493147|24.7867089|",
    "izdevejs": "Ropažu novads (pašvaldība)",
    "geokodesana": "plan_coords",
    "adrese_vzd": null,
    "vzd_kods": null,
    "plana_lat": 56.9493147,
    "plana_lon": 24.7867089,
    "koord_teksts": "56.9493147|24.7867089",
    "karodzini": [],
    "komentars": "Avots: Ropažu novada CA plāns, lpp. 136",
    "id": "ropazu-novads-evak-17"
   },
   "geometry": {
    "type": "Point",
    "coordinates": [
     24.786709,
     56.949315
    ]
   }
  },
  {
   "type": "Feature",
   "properties": {
    "kategorija": "evakuacijas_punkts",
    "nosaukums": "Autoceļš P3",
    "adrese": "Tumšupe 120, Podkājas",
    "pasvaldiba": "Ropažu novads",
    "pasvaldiba_slug": "ropazu-novads",
    "nr_plana": 18,
    "avots_teksts": "Avots: Ropažu novada CA plāns, lpp. 136",
    "plans_url": "https://www.ropazi.lv/lv/media/83197/download?attachment",
    "plans_fails": "cap_ropazi_2024_publicesanai_0.md",
    "lpp": 136,
    "citats": "|18.|Autoceļš P3|<br>Tumšupe 120,<br>Podkājas|Tumšupe|57.0086401|24.5589337|",
    "izdevejs": "Ropažu novads (pašvaldība)",
    "geokodesana": "plan_coords",
    "adrese_vzd": null,
    "vzd_kods": null,
    "plana_lat": 57.0086401,
    "plana_lon": 24.5589337,
    "koord_teksts": "57.0086401|24.5589337",
    "karodzini": [],
    "komentars": "Avots: Ropažu novada CA plāns, lpp. 136",
    "id": "ropazu-novads-evak-18"
   },
   "geometry": {
    "type": "Point",
    "coordinates": [
     24.558934,
     57.00864
    ]
   }
  },
  {
   "type": "Feature",
   "properties": {
    "kategorija": "evakuacijas_punkts",
    "nosaukums": "Autoceļš P4",
    "adrese": "Kangarkrusti, Kangari",
    "pasvaldiba": "Ropažu novads",
    "pasvaldiba_slug": "ropazu-novads",
    "nr_plana": 19,
    "avots_teksts": "Avots: Ropažu novada CA plāns, lpp. 136",
    "plans_url": "https://www.ropazi.lv/lv/media/83197/download?attachment",
    "plans_fails": "cap_ropazi_2024_publicesanai_0.md",
    "lpp": 136,
    "citats": "|19.|Autoceļš P4|Kangarkrusti,<br>Kangari|Kangari|56.9403526|24.6132598|",
    "izdevejs": "Ropažu novads (pašvaldība)",
    "geokodesana": "plan_coords",
    "adrese_vzd": "\"Kangarkrusti\", Kangari, Ropažu pag., Ropažu nov., LV-2135",
    "vzd_kods": "105468002",
    "plana_lat": 56.9403526,
    "plana_lon": 24.6132598,
    "koord_teksts": "56.9403526|24.6132598",
    "karodzini": [],
    "komentars": "Avots: Ropažu novada CA plāns, lpp. 136",
    "id": "ropazu-novads-evak-19"
   },
   "geometry": {
    "type": "Point",
    "coordinates": [
     24.61326,
     56.940353
    ]
   }
  },
  {
   "type": "Feature",
   "properties": {
    "kategorija": "evakuacijas_punkts",
    "nosaukums": "Autoceļš P4",
    "adrese": "Stūrmaņi, Lielkangari",
    "pasvaldiba": "Ropažu novads",
    "pasvaldiba_slug": "ropazu-novads",
    "nr_plana": 20,
    "avots_teksts": "Avots: Ropažu novada CA plāns, lpp. 136",
    "plans_url": "https://www.ropazi.lv/lv/media/83197/download?attachment",
    "plans_fails": "cap_ropazi_2024_publicesanai_0.md",
    "lpp": 136,
    "citats": "|20.|Autoceļš P4|Stūrmaņi,<br>Lielkangari|Lielkangari|56.9274299|24.6449047|",
    "izdevejs": "Ropažu novads (pašvaldība)",
    "geokodesana": "plan_coords",
    "adrese_vzd": "\"Stūrmaņi\", Lielkangari, Ropažu pag., Ropažu nov., LV-2135",
    "vzd_kods": "102733158",
    "plana_lat": 56.9274299,
    "plana_lon": 24.6449047,
    "koord_teksts": "56.9274299|24.6449047",
    "karodzini": [],
    "komentars": "Avots: Ropažu novada CA plāns, lpp. 136",
    "id": "ropazu-novads-evak-20"
   },
   "geometry": {
    "type": "Point",
    "coordinates": [
     24.644905,
     56.92743
    ]
   }
  },
  {
   "type": "Feature",
   "properties": {
    "kategorija": "evakuacijas_punkts",
    "nosaukums": "Autoceļš P4",
    "adrese": "Eglītes, Vāverkrogs",
    "pasvaldiba": "Ropažu novads",
    "pasvaldiba_slug": "ropazu-novads",
    "nr_plana": 21,
    "avots_teksts": "Avots: Ropažu novada CA plāns, lpp. 136",
    "plans_url": "https://www.ropazi.lv/lv/media/83197/download?attachment",
    "plans_fails": "cap_ropazi_2024_publicesanai_0.md",
    "lpp": 136,
    "citats": "|21.|Autoceļš P4|<br>Eglītes,<br>Vāverkrogs|Vāverkrogs|56.9248844|24.6719024|",
    "izdevejs": "Ropažu novads (pašvaldība)",
    "geokodesana": "plan_coords",
    "adrese_vzd": null,
    "vzd_kods": null,
    "plana_lat": 56.9248844,
    "plana_lon": 24.6719024,
    "koord_teksts": "56.9248844|24.6719024",
    "karodzini": [],
    "komentars": "Avots: Ropažu novada CA plāns, lpp. 136",
    "id": "ropazu-novads-evak-21"
   },
   "geometry": {
    "type": "Point",
    "coordinates": [
     24.671902,
     56.924884
    ]
   }
  },
  {
   "type": "Feature",
   "properties": {
    "kategorija": "evakuacijas_punkts",
    "nosaukums": "Kākciema bibliotēka",
    "adrese": "Ziedoņi-1, Kākciems, Ropažu nov",
    "pasvaldiba": "Ropažu novads",
    "pasvaldiba_slug": "ropazu-novads",
    "nr_plana": 22,
    "avots_teksts": "Avots: Ropažu novada CA plāns, lpp. 136",
    "plans_url": "https://www.ropazi.lv/lv/media/83197/download?attachment",
    "plans_fails": "cap_ropazi_2024_publicesanai_0.md",
    "lpp": 136,
    "citats": "|22.|Kākciema<br>bibliotēka|<br>Ziedoņi-1,<br>Kākciems,<br>Ropažu nov|Kākciems|56.9145857|24.6019567|",
    "izdevejs": "Ropažu novads (pašvaldība)",
    "geokodesana": "plan_coords",
    "adrese_vzd": null,
    "vzd_kods": null,
    "plana_lat": 56.9145857,
    "plana_lon": 24.6019567,
    "koord_teksts": "56.9145857|24.6019567",
    "karodzini": [],
    "komentars": "Avots: Ropažu novada CA plāns, lpp. 136",
    "id": "ropazu-novads-evak-22"
   },
   "geometry": {
    "type": "Point",
    "coordinates": [
     24.601957,
     56.914586
    ]
   }
  },
  {
   "type": "Feature",
   "properties": {
    "kategorija": "evakuacijas_punkts",
    "nosaukums": "Bērnu laukums Tumšupē",
    "adrese": "Tumšupe 5, Tumšupe, Ropažu novads",
    "pasvaldiba": "Ropažu novads",
    "pasvaldiba_slug": "ropazu-novads",
    "nr_plana": 23,
    "avots_teksts": "Avots: Ropažu novada CA plāns, lpp. 136",
    "plans_url": "https://www.ropazi.lv/lv/media/83197/download?attachment",
    "plans_fails": "cap_ropazi_2024_publicesanai_0.md",
    "lpp": 136,
    "citats": "|23.|Bērnu laukums<br>Tumšupē|<br>Tumšupe 5,<br>Tumšupe,<br>Ropažu novads|Tumšupe|57.0185327|24.6205424|",
    "izdevejs": "Ropažu novads (pašvaldība)",
    "geokodesana": "plan_coords",
    "adrese_vzd": "\"Tumšupe 5\", Tumšupe, Ropažu pag., Ropažu nov., LV-2135",
    "vzd_kods": "102735225",
    "plana_lat": 57.0185327,
    "plana_lon": 24.6205424,
    "koord_teksts": "57.0185327|24.6205424",
    "karodzini": [],
    "komentars": "Avots: Ropažu novada CA plāns, lpp. 136",
    "id": "ropazu-novads-evak-23"
   },
   "geometry": {
    "type": "Point",
    "coordinates": [
     24.620542,
     57.018533
    ]
   }
  },
  {
   "type": "Feature",
   "properties": {
    "kategorija": "evakuacijas_punkts",
    "nosaukums": "Kultūras centrs “Ulbrokas pērle”",
    "adrese": "Institūta iela 3, Ulbroka, Stopiņu pag., Ropažu nov",
    "pasvaldiba": "Ropažu novads",
    "pasvaldiba_slug": "ropazu-novads",
    "nr_plana": 24,
    "avots_teksts": "Avots: Ropažu novada CA plāns, lpp. 136",
    "plans_url": "https://www.ropazi.lv/lv/media/83197/download?attachment",
    "plans_fails": "cap_ropazi_2024_publicesanai_0.md",
    "lpp": 136,
    "citats": "|24.|Kultūras centrs<br>“Ulbrokas pērle”|<br>Institūta iela 3,<br>Ulbroka,|Ulbroka|56.942885|24.288883|",
    "izdevejs": "Ropažu novads (pašvaldība)",
    "geokodesana": "plan_coords",
    "adrese_vzd": "Institūta iela 3, Ulbroka, Stopiņu pag., Ropažu nov., LV-2130",
    "vzd_kods": "101316254",
    "plana_lat": 56.942885,
    "plana_lon": 24.288883,
    "koord_teksts": "56.942885|24.288883",
    "karodzini": [],
    "izvilkuma_piezime": "Address cell continues on the next table line after the page break (joined here).",
    "komentars": "Avots: Ropažu novada CA plāns, lpp. 136",
    "id": "ropazu-novads-evak-24"
   },
   "geometry": {
    "type": "Point",
    "coordinates": [
     24.288883,
     56.942885
    ]
   }
  },
  {
   "type": "Feature",
   "properties": {
    "kategorija": "evakuacijas_punkts",
    "nosaukums": "Apdzīvota vieta “Dreiliņi”",
    "adrese": "Smaidu iela 2, Dreiliņi, Stopiņu pag., Ropažu novads",
    "pasvaldiba": "Ropažu novads",
    "pasvaldiba_slug": "ropazu-novads",
    "nr_plana": 25,
    "avots_teksts": "Avots: Ropažu novada CA plāns, lpp. 137",
    "plans_url": "https://www.ropazi.lv/lv/media/83197/download?attachment",
    "plans_fails": "cap_ropazi_2024_publicesanai_0.md",
    "lpp": 137,
    "citats": "|25.|Apdzīvota vieta<br>“Dreiliņi”|Smaidu iela 2,<br>Dreiliņi,<br>Stopiņu pag.,<br>Ropažu<br>novads|Dreiliņi|56.943554|24.251193|",
    "izdevejs": "Ropažu novads (pašvaldība)",
    "geokodesana": "plan_coords",
    "adrese_vzd": "Smaidu iela 2, Ulbroka, Stopiņu pag., Ropažu nov., LV-2130",
    "vzd_kods": "104999728",
    "plana_lat": 56.943554,
    "plana_lon": 24.251193,
    "koord_teksts": "56.943554|24.251193",
    "karodzini": [],
    "komentars": "Avots: Ropažu novada CA plāns, lpp. 137",
    "id": "ropazu-novads-evak-25"
   },
   "geometry": {
    "type": "Point",
    "coordinates": [
     24.251193,
     56.943554
    ]
   }
  },
  {
   "type": "Feature",
   "properties": {
    "kategorija": "evakuacijas_punkts",
    "nosaukums": "Apdzīvota vieta “Rumbula”",
    "adrese": "Getliņu ielas un Granīta ielas krustojums, Rumbula",
    "pasvaldiba": "Ropažu novads",
    "pasvaldiba_slug": "ropazu-novads",
    "nr_plana": 26,
    "avots_teksts": "Avots: Ropažu novada CA plāns, lpp. 137",
    "plans_url": "https://www.ropazi.lv/lv/media/83197/download?attachment",
    "plans_fails": "cap_ropazi_2024_publicesanai_0.md",
    "lpp": 137,
    "citats": "|26.|Apdzīvota vieta<br>“Rumbula”|Getliņu ielas un<br>Granīta ielas<br>krustojums|Rumbula|56.913363|24.245625|",
    "izdevejs": "Ropažu novads (pašvaldība)",
    "geokodesana": "plan_coords",
    "adrese_vzd": null,
    "vzd_kods": null,
    "plana_lat": 56.913363,
    "plana_lon": 24.245625,
    "koord_teksts": "56.913363|24.245625",
    "karodzini": [],
    "izvilkuma_piezime": "Village from the 'Pilsēta, ciems' column appended to the address.",
    "komentars": "Avots: Ropažu novada CA plāns, lpp. 137",
    "id": "ropazu-novads-evak-26"
   },
   "geometry": {
    "type": "Point",
    "coordinates": [
     24.245625,
     56.913363
    ]
   }
  },
  {
   "type": "Feature",
   "properties": {
    "kategorija": "evakuacijas_punkts",
    "nosaukums": "Ulbrokas vidusskola",
    "adrese": "Vālodzes, Stopiņu pag., Ropažu novads",
    "pasvaldiba": "Ropažu novads",
    "pasvaldiba_slug": "ropazu-novads",
    "nr_plana": 27,
    "avots_teksts": "Avots: Ropažu novada CA plāns, lpp. 137",
    "plans_url": "https://www.ropazi.lv/lv/media/83197/download?attachment",
    "plans_fails": "cap_ropazi_2024_publicesanai_0.md",
    "lpp": 137,
    "citats": "|27.|Ulbrokas<br>vidusskola|Vālodzes,<br>Stopiņu pag.,<br>Ropažu novads|Vālodzes|56.928535|24.321295|",
    "izdevejs": "Ropažu novads (pašvaldība)",
    "geokodesana": "plan_coords",
    "adrese_vzd": null,
    "vzd_kods": null,
    "plana_lat": 56.928535,
    "plana_lon": 24.321295,
    "koord_teksts": "56.928535|24.321295",
    "karodzini": [],
    "komentars": "Avots: Ropažu novada CA plāns, lpp. 137",
    "id": "ropazu-novads-evak-27"
   },
   "geometry": {
    "type": "Point",
    "coordinates": [
     24.321295,
     56.928535
    ]
   }
  },
  {
   "type": "Feature",
   "properties": {
    "kategorija": "evakuacijas_punkts",
    "nosaukums": "Apdzīvota vieta “Upeslejas”",
    "adrese": "Zahārija Stopija ielas un Skolas ielas krustojumā, Upeslejas",
    "pasvaldiba": "Ropažu novads",
    "pasvaldiba_slug": "ropazu-novads",
    "nr_plana": 28,
    "avots_teksts": "Avots: Ropažu novada CA plāns, lpp. 137",
    "plans_url": "https://www.ropazi.lv/lv/media/83197/download?attachment",
    "plans_fails": "cap_ropazi_2024_publicesanai_0.md",
    "lpp": 137,
    "citats": "|28.|Apdzīvota vieta<br>“Upeslejas”|Zahārija Stopija<br>ielas un Skolas<br>ielas<br>krustojumā|Upeslejas|56.924002|24.376141|",
    "izdevejs": "Ropažu novads (pašvaldība)",
    "geokodesana": "plan_coords",
    "adrese_vzd": null,
    "vzd_kods": null,
    "plana_lat": 56.924002,
    "plana_lon": 24.376141,
    "koord_teksts": "56.924002|24.376141",
    "karodzini": [],
    "izvilkuma_piezime": "Village from the 'Pilsēta, ciems' column appended to the address.",
    "komentars": "Avots: Ropažu novada CA plāns, lpp. 137",
    "id": "ropazu-novads-evak-28"
   },
   "geometry": {
    "type": "Point",
    "coordinates": [
     24.376141,
     56.924002
    ]
   }
  },
  {
   "type": "Feature",
   "properties": {
    "kategorija": "evakuacijas_punkts",
    "nosaukums": "Apdzīvota vieta “Dzidriņas”",
    "adrese": "Blakus krustojumam, Dienvidu iela un autoceļš P4, Dzidriņas",
    "pasvaldiba": "Ropažu novads",
    "pasvaldiba_slug": "ropazu-novads",
    "nr_plana": 29,
    "avots_teksts": "Avots: Ropažu novada CA plāns, lpp. 137",
    "plans_url": "https://www.ropazi.lv/lv/media/83197/download?attachment",
    "plans_fails": "cap_ropazi_2024_publicesanai_0.md",
    "lpp": 137,
    "citats": "|29.|Apdzīvota vieta<br>“Dzidriņas”|Blakus<br>krustojumam,<br>Dienvidu iela<br>un autoceļš P4|Dzidriņas|56.946086|24.331713|",
    "izdevejs": "Ropažu novads (pašvaldība)",
    "geokodesana": "plan_coords",
    "adrese_vzd": null,
    "vzd_kods": null,
    "plana_lat": 56.946086,
    "plana_lon": 24.331713,
    "koord_teksts": "56.946086|24.331713",
    "karodzini": [],
    "izvilkuma_piezime": "Village from the 'Pilsēta, ciems' column appended to the address.",
    "komentars": "Avots: Ropažu novada CA plāns, lpp. 137",
    "id": "ropazu-novads-evak-29"
   },
   "geometry": {
    "type": "Point",
    "coordinates": [
     24.331713,
     56.946086
    ]
   }
  },
  {
   "type": "Feature",
   "properties": {
    "kategorija": "evakuacijas_punkts",
    "nosaukums": "Apdzīvota vieta “Līči”",
    "adrese": "Blakus krustojumam, Rīgas iela un Dambju iela, Līči",
    "pasvaldiba": "Ropažu novads",
    "pasvaldiba_slug": "ropazu-novads",
    "nr_plana": 30,
    "avots_teksts": "Avots: Ropažu novada CA plāns, lpp. 137",
    "plans_url": "https://www.ropazi.lv/lv/media/83197/download?attachment",
    "plans_fails": "cap_ropazi_2024_publicesanai_0.md",
    "lpp": 137,
    "citats": "|30.|Apdzīvota vieta<br>“Līči”|Blakus<br>krustojumam,<br>Rīgas iela un<br>Dambju iela|Līči|56.947330|24.359940|",
    "izdevejs": "Ropažu novads (pašvaldība)",
    "geokodesana": "plan_coords",
    "adrese_vzd": null,
    "vzd_kods": null,
    "plana_lat": 56.94733,
    "plana_lon": 24.35994,
    "koord_teksts": "56.947330|24.359940",
    "karodzini": [],
    "izvilkuma_piezime": "Village from the 'Pilsēta, ciems' column appended to the address.",
    "komentars": "Avots: Ropažu novada CA plāns, lpp. 137",
    "id": "ropazu-novads-evak-30"
   },
   "geometry": {
    "type": "Point",
    "coordinates": [
     24.35994,
     56.94733
    ]
   }
  },
  {
   "type": "Feature",
   "properties": {
    "kategorija": "evakuacijas_punkts",
    "nosaukums": "Apdzīvota vieta “Saurieši”",
    "adrese": "Kazāru ielas un Burtnieku ielas krustojums, Saurieši",
    "pasvaldiba": "Ropažu novads",
    "pasvaldiba_slug": "ropazu-novads",
    "nr_plana": 31,
    "avots_teksts": "Avots: Ropažu novada CA plāns, lpp. 137",
    "plans_url": "https://www.ropazi.lv/lv/media/83197/download?attachment",
    "plans_fails": "cap_ropazi_2024_publicesanai_0.md",
    "lpp": 137,
    "citats": "|31.|Apdzīvota vieta<br>“Saurieši”|Kazāru ielas un<br>Burtnieku ielas<br>krustojums|Saurieši|56.918593|24.361990|",
    "izdevejs": "Ropažu novads (pašvaldība)",
    "geokodesana": "plan_coords",
    "adrese_vzd": null,
    "vzd_kods": null,
    "plana_lat": 56.918593,
    "plana_lon": 24.36199,
    "koord_teksts": "56.918593|24.361990",
    "karodzini": [],
    "izvilkuma_piezime": "Village from the 'Pilsēta, ciems' column appended to the address.",
    "komentars": "Avots: Ropažu novada CA plāns, lpp. 137",
    "id": "ropazu-novads-evak-31"
   },
   "geometry": {
    "type": "Point",
    "coordinates": [
     24.36199,
     56.918593
    ]
   }
  },
  {
   "type": "Feature",
   "properties": {
    "kategorija": "evakuacijas_punkts",
    "nosaukums": "Apdzīvota vieta “Cekule”",
    "adrese": "Dzeņu un Cekules ielu krustojums, Cekule",
    "pasvaldiba": "Ropažu novads",
    "pasvaldiba_slug": "ropazu-novads",
    "nr_plana": 32,
    "avots_teksts": "Avots: Ropažu novada CA plāns, lpp. 137",
    "plans_url": "https://www.ropazi.lv/lv/media/83197/download?attachment",
    "plans_fails": "cap_ropazi_2024_publicesanai_0.md",
    "lpp": 137,
    "citats": "|32.|Apdzīvota vieta<br>“Cekule”|Dzeņu un<br>Cekules ielu<br>krustojums|Cekule|56.923816|24.408982|",
    "izdevejs": "Ropažu novads (pašvaldība)",
    "geokodesana": "plan_coords",
    "adrese_vzd": null,
    "vzd_kods": null,
    "plana_lat": 56.923816,
    "plana_lon": 24.408982,
    "koord_teksts": "56.923816|24.408982",
    "karodzini": [],
    "izvilkuma_piezime": "Village from the 'Pilsēta, ciems' column appended to the address.",
    "komentars": "Avots: Ropažu novada CA plāns, lpp. 137",
    "id": "ropazu-novads-evak-32"
   },
   "geometry": {
    "type": "Point",
    "coordinates": [
     24.408982,
     56.923816
    ]
   }
  },
  {
   "type": "Feature",
   "properties": {
    "kategorija": "evakuacijas_punkts",
    "nosaukums": "Salaspils pilsēta",
    "adrese": "Institūta iela 2C,Salaspils,",
    "pasvaldiba": "Salaspils novads",
    "pasvaldiba_slug": "salaspils-novads",
    "nr_plana": 1,
    "avots_teksts": "Avots: Salaspils novada CA plāns, lpp. 131",
    "plans_url": "https://www.salaspils.lv/sites/default/files/Civil%C4%81%20aizsardziba/CA_plans_2024_GALA__16.05.2024_Domes_sede.pdf",
    "plans_fails": "CA_plans_2024_GALA__16.05.2024_Domes_sede.md",
    "lpp": 131,
    "citats": "|1|Salaspilspilsēta|Institūta iela 2C,Salaspils,|56.871629,24.351518|",
    "izdevejs": "Salaspils novads (pašvaldība)",
    "geokodesana": "plan_coords",
    "adrese_vzd": "Institūta iela 2C, Salaspils, Salaspils nov., LV-2169",
    "vzd_kods": "106546510",
    "plana_lat": 56.871629,
    "plana_lon": 24.351518,
    "koord_teksts": "56.871629,24.351518",
    "karodzini": [],
    "izvilkuma_piezime": "The 'Pulcēšanās vieta' column only gives the territory (town/parish), not a place name.",
    "komentars": "Avots: Salaspils novada CA plāns, lpp. 131",
    "id": "salaspils-novads-evak-1"
   },
   "geometry": {
    "type": "Point",
    "coordinates": [
     24.351518,
     56.871629
    ]
   }
  },
  {
   "type": "Feature",
   "properties": {
    "kategorija": "evakuacijas_punkts",
    "nosaukums": "Salaspils pilsēta",
    "adrese": "Rīgas iela 48,Salaspils",
    "pasvaldiba": "Salaspils novads",
    "pasvaldiba_slug": "salaspils-novads",
    "nr_plana": 1,
    "avots_teksts": "Avots: Salaspils novada CA plāns, lpp. 131",
    "plans_url": "https://www.salaspils.lv/sites/default/files/Civil%C4%81%20aizsardziba/CA_plans_2024_GALA__16.05.2024_Domes_sede.pdf",
    "plans_fails": "CA_plans_2024_GALA__16.05.2024_Domes_sede.md",
    "lpp": 131,
    "citats": "||Salaspilspilsēta|Rīgas iela 48,Salaspils|56.872145,24.353471|",
    "izdevejs": "Salaspils novads (pašvaldība)",
    "geokodesana": "plan_coords",
    "adrese_vzd": "Rīgas iela 48, Salaspils, Salaspils nov., LV-2169",
    "vzd_kods": "102110007",
    "plana_lat": 56.872145,
    "plana_lon": 24.353471,
    "koord_teksts": "56.872145,24.353471",
    "karodzini": [],
    "izvilkuma_piezime": "The 'Pulcēšanās vieta' column only gives the territory (town/parish), not a place name. Unnumbered second row under nr 1.",
    "komentars": "Avots: Salaspils novada CA plāns, lpp. 131",
    "id": "salaspils-novads-evak-2"
   },
   "geometry": {
    "type": "Point",
    "coordinates": [
     24.353471,
     56.872145
    ]
   }
  },
  {
   "type": "Feature",
   "properties": {
    "kategorija": "evakuacijas_punkts",
    "nosaukums": "Salaspils pilsēta",
    "adrese": "Rīgas iela 24,Salaspils",
    "pasvaldiba": "Salaspils novads",
    "pasvaldiba_slug": "salaspils-novads",
    "nr_plana": 2,
    "avots_teksts": "Avots: Salaspils novada CA plāns, lpp. 131",
    "plans_url": "https://www.salaspils.lv/sites/default/files/Civil%C4%81%20aizsardziba/CA_plans_2024_GALA__16.05.2024_Domes_sede.pdf",
    "plans_fails": "CA_plans_2024_GALA__16.05.2024_Domes_sede.md",
    "lpp": 131,
    "citats": "|2|Salaspilspilsēta|Rīgas iela 24,Salaspils|56.854809,24.343021|",
    "izdevejs": "Salaspils novads (pašvaldība)",
    "geokodesana": "plan_coords",
    "adrese_vzd": "Rīgas iela 24, Salaspils, Salaspils nov., LV-2121",
    "vzd_kods": "103095130",
    "plana_lat": 56.854809,
    "plana_lon": 24.343021,
    "koord_teksts": "56.854809,24.343021",
    "karodzini": [],
    "izvilkuma_piezime": "The 'Pulcēšanās vieta' column only gives the territory (town/parish), not a place name.",
    "komentars": "Avots: Salaspils novada CA plāns, lpp. 131",
    "id": "salaspils-novads-evak-3"
   },
   "geometry": {
    "type": "Point",
    "coordinates": [
     24.343021,
     56.854809
    ]
   }
  },
  {
   "type": "Feature",
   "properties": {
    "kategorija": "evakuacijas_punkts",
    "nosaukums": "Salaspils pilsēta",
    "adrese": "Smilšu iela 1, Salaspils",
    "pasvaldiba": "Salaspils novads",
    "pasvaldiba_slug": "salaspils-novads",
    "nr_plana": 3,
    "avots_teksts": "Avots: Salaspils novada CA plāns, lpp. 131",
    "plans_url": "https://www.salaspils.lv/sites/default/files/Civil%C4%81%20aizsardziba/CA_plans_2024_GALA__16.05.2024_Domes_sede.pdf",
    "plans_fails": "CA_plans_2024_GALA__16.05.2024_Domes_sede.md",
    "lpp": 131,
    "citats": "|3|Salaspils pilsēta|Smilšu iela 1,  un Rudzu iela 2 Salaspils|56.858657, 24.335189 un<br>56.857836,24.335532|",
    "izdevejs": "Salaspils novads (pašvaldība)",
    "geokodesana": "plan_coords",
    "adrese_vzd": "Smilšu iela 1, Salaspils, Salaspils nov., LV-2121",
    "vzd_kods": "104979907",
    "plana_lat": 56.858657,
    "plana_lon": 24.335189,
    "koord_teksts": "56.858657, 24.335189",
    "karodzini": [],
    "izvilkuma_piezime": "The 'Pulcēšanās vieta' column only gives the territory (town/parish), not a place name. Row lists two addresses/coordinate pairs ('Smilšu iela 1, un Rudzu iela 2'); split into two records.",
    "komentars": "Avots: Salaspils novada CA plāns, lpp. 131",
    "id": "salaspils-novads-evak-4"
   },
   "geometry": {
    "type": "Point",
    "coordinates": [
     24.335189,
     56.858657
    ]
   }
  },
  {
   "type": "Feature",
   "properties": {
    "kategorija": "evakuacijas_punkts",
    "nosaukums": "Salaspils pilsēta",
    "adrese": "Rudzu iela 2 Salaspils",
    "pasvaldiba": "Salaspils novads",
    "pasvaldiba_slug": "salaspils-novads",
    "nr_plana": 3,
    "avots_teksts": "Avots: Salaspils novada CA plāns, lpp. 131",
    "plans_url": "https://www.salaspils.lv/sites/default/files/Civil%C4%81%20aizsardziba/CA_plans_2024_GALA__16.05.2024_Domes_sede.pdf",
    "plans_fails": "CA_plans_2024_GALA__16.05.2024_Domes_sede.md",
    "lpp": 131,
    "citats": "|3|Salaspils pilsēta|Smilšu iela 1,  un Rudzu iela 2 Salaspils|56.858657, 24.335189 un<br>56.857836,24.335532|",
    "izdevejs": "Salaspils novads (pašvaldība)",
    "geokodesana": "plan_coords",
    "adrese_vzd": "Rudzu iela 2, Salaspils, Salaspils nov., LV-2121",
    "vzd_kods": "104979923",
    "plana_lat": 56.857836,
    "plana_lon": 24.335532,
    "koord_teksts": "56.857836,24.335532",
    "karodzini": [],
    "izvilkuma_piezime": "The 'Pulcēšanās vieta' column only gives the territory (town/parish), not a place name. Second address/coordinate pair of row 3.",
    "komentars": "Avots: Salaspils novada CA plāns, lpp. 131",
    "id": "salaspils-novads-evak-5"
   },
   "geometry": {
    "type": "Point",
    "coordinates": [
     24.335532,
     56.857836
    ]
   }
  },
  {
   "type": "Feature",
   "properties": {
    "kategorija": "evakuacijas_punkts",
    "nosaukums": "Salaspils pilsēta",
    "adrese": "Skolas iela 4D, Salaspils",
    "pasvaldiba": "Salaspils novads",
    "pasvaldiba_slug": "salaspils-novads",
    "nr_plana": 4,
    "avots_teksts": "Avots: Salaspils novada CA plāns, lpp. 131",
    "plans_url": "https://www.salaspils.lv/sites/default/files/Civil%C4%81%20aizsardziba/CA_plans_2024_GALA__16.05.2024_Domes_sede.pdf",
    "plans_fails": "CA_plans_2024_GALA__16.05.2024_Domes_sede.md",
    "lpp": 131,
    "citats": "|4|Salaspils pilsēta|Skolas iela 4D<br>un Skolas iela 4ASalaspils|56.854798, 24.335468  un<br>56.855243,24.335682|",
    "izdevejs": "Salaspils novads (pašvaldība)",
    "geokodesana": "plan_coords",
    "adrese_vzd": "Skolas iela 4D, Salaspils, Salaspils nov., LV-2121",
    "vzd_kods": "105959263",
    "plana_lat": 56.854798,
    "plana_lon": 24.335468,
    "koord_teksts": "56.854798, 24.335468",
    "karodzini": [],
    "izvilkuma_piezime": "The 'Pulcēšanās vieta' column only gives the territory (town/parish), not a place name. Row lists two addresses/coordinate pairs; split into two records.",
    "komentars": "Avots: Salaspils novada CA plāns, lpp. 131",
    "id": "salaspils-novads-evak-6"
   },
   "geometry": {
    "type": "Point",
    "coordinates": [
     24.335468,
     56.854798
    ]
   }
  },
  {
   "type": "Feature",
   "properties": {
    "kategorija": "evakuacijas_punkts",
    "nosaukums": "Salaspils pilsēta",
    "adrese": "Skolas iela 4ASalaspils",
    "pasvaldiba": "Salaspils novads",
    "pasvaldiba_slug": "salaspils-novads",
    "nr_plana": 4,
    "avots_teksts": "Avots: Salaspils novada CA plāns, lpp. 131",
    "plans_url": "https://www.salaspils.lv/sites/default/files/Civil%C4%81%20aizsardziba/CA_plans_2024_GALA__16.05.2024_Domes_sede.pdf",
    "plans_fails": "CA_plans_2024_GALA__16.05.2024_Domes_sede.md",
    "lpp": 131,
    "citats": "|4|Salaspils pilsēta|Skolas iela 4D<br>un Skolas iela 4ASalaspils|56.854798, 24.335468  un<br>56.855243,24.335682|",
    "izdevejs": "Salaspils novads (pašvaldība)",
    "geokodesana": "plan_coords",
    "adrese_vzd": "Skolas iela 4A, Salaspils, Salaspils nov., LV-2121",
    "vzd_kods": "103096880",
    "plana_lat": 56.855243,
    "plana_lon": 24.335682,
    "koord_teksts": "56.855243,24.335682",
    "karodzini": [],
    "izvilkuma_piezime": "The 'Pulcēšanās vieta' column only gives the territory (town/parish), not a place name. Second address/coordinate pair of row 4.",
    "komentars": "Avots: Salaspils novada CA plāns, lpp. 131",
    "id": "salaspils-novads-evak-7"
   },
   "geometry": {
    "type": "Point",
    "coordinates": [
     24.335682,
     56.855243
    ]
   }
  },
  {
   "type": "Feature",
   "properties": {
    "kategorija": "evakuacijas_punkts",
    "nosaukums": "Salaspils pilsēta",
    "adrese": "Līvzemes iela 7,Salaspils",
    "pasvaldiba": "Salaspils novads",
    "pasvaldiba_slug": "salaspils-novads",
    "nr_plana": 5,
    "avots_teksts": "Avots: Salaspils novada CA plāns, lpp. 131",
    "plans_url": "https://www.salaspils.lv/sites/default/files/Civil%C4%81%20aizsardziba/CA_plans_2024_GALA__16.05.2024_Domes_sede.pdf",
    "plans_fails": "CA_plans_2024_GALA__16.05.2024_Domes_sede.md",
    "lpp": 131,
    "citats": "|5|Salaspilspilsēta|Līvzemes iela 7,Salaspils|56.858805,24.349796|",
    "izdevejs": "Salaspils novads (pašvaldība)",
    "geokodesana": "plan_coords",
    "adrese_vzd": "Līvzemes iela 7, Salaspils, Salaspils nov., LV-2169",
    "vzd_kods": "101275085",
    "plana_lat": 56.858805,
    "plana_lon": 24.349796,
    "koord_teksts": "56.858805,24.349796",
    "karodzini": [],
    "izvilkuma_piezime": "The 'Pulcēšanās vieta' column only gives the territory (town/parish), not a place name.",
    "komentars": "Avots: Salaspils novada CA plāns, lpp. 131",
    "id": "salaspils-novads-evak-8"
   },
   "geometry": {
    "type": "Point",
    "coordinates": [
     24.349796,
     56.858805
    ]
   }
  },
  {
   "type": "Feature",
   "properties": {
    "kategorija": "evakuacijas_punkts",
    "nosaukums": "Salaspils pilsēta",
    "adrese": "Dienvidu iela 7,Salaspils",
    "pasvaldiba": "Salaspils novads",
    "pasvaldiba_slug": "salaspils-novads",
    "nr_plana": 6,
    "avots_teksts": "Avots: Salaspils novada CA plāns, lpp. 131",
    "plans_url": "https://www.salaspils.lv/sites/default/files/Civil%C4%81%20aizsardziba/CA_plans_2024_GALA__16.05.2024_Domes_sede.pdf",
    "plans_fails": "CA_plans_2024_GALA__16.05.2024_Domes_sede.md",
    "lpp": 131,
    "citats": "|6|Salaspilspilsēta|Dienvidu iela 7,Salaspils|56.860443,24.367923|",
    "izdevejs": "Salaspils novads (pašvaldība)",
    "geokodesana": "plan_coords",
    "adrese_vzd": "Dienvidu iela 7, Salaspils, Salaspils nov., LV-2169",
    "vzd_kods": "102109334",
    "plana_lat": 56.860443,
    "plana_lon": 24.367923,
    "koord_teksts": "56.860443,24.367923",
    "karodzini": [],
    "izvilkuma_piezime": "The 'Pulcēšanās vieta' column only gives the territory (town/parish), not a place name.",
    "komentars": "Avots: Salaspils novada CA plāns, lpp. 131",
    "id": "salaspils-novads-evak-9"
   },
   "geometry": {
    "type": "Point",
    "coordinates": [
     24.367923,
     56.860443
    ]
   }
  },
  {
   "type": "Feature",
   "properties": {
    "kategorija": "evakuacijas_punkts",
    "nosaukums": "Salaspils pilsēta",
    "adrese": "Miera iela 2B,Salaspils",
    "pasvaldiba": "Salaspils novads",
    "pasvaldiba_slug": "salaspils-novads",
    "nr_plana": 7,
    "avots_teksts": "Avots: Salaspils novada CA plāns, lpp. 131",
    "plans_url": "https://www.salaspils.lv/sites/default/files/Civil%C4%81%20aizsardziba/CA_plans_2024_GALA__16.05.2024_Domes_sede.pdf",
    "plans_fails": "CA_plans_2024_GALA__16.05.2024_Domes_sede.md",
    "lpp": 131,
    "citats": "|7|Salaspilspilsēta|Miera iela 2B,Salaspils|56.860596,24.357215|",
    "izdevejs": "Salaspils novads (pašvaldība)",
    "geokodesana": "plan_coords",
    "adrese_vzd": "Miera iela 2B, Salaspils, Salaspils nov., LV-2169",
    "vzd_kods": "105815904",
    "plana_lat": 56.860596,
    "plana_lon": 24.357215,
    "koord_teksts": "56.860596,24.357215",
    "karodzini": [],
    "izvilkuma_piezime": "The 'Pulcēšanās vieta' column only gives the territory (town/parish), not a place name.",
    "komentars": "Avots: Salaspils novada CA plāns, lpp. 131",
    "id": "salaspils-novads-evak-10"
   },
   "geometry": {
    "type": "Point",
    "coordinates": [
     24.357215,
     56.860596
    ]
   }
  },
  {
   "type": "Feature",
   "properties": {
    "kategorija": "evakuacijas_punkts",
    "nosaukums": "Salaspils pilsēta",
    "adrese": "Briežu iela 2,Salaspils",
    "pasvaldiba": "Salaspils novads",
    "pasvaldiba_slug": "salaspils-novads",
    "nr_plana": 8,
    "avots_teksts": "Avots: Salaspils novada CA plāns, lpp. 131",
    "plans_url": "https://www.salaspils.lv/sites/default/files/Civil%C4%81%20aizsardziba/CA_plans_2024_GALA__16.05.2024_Domes_sede.pdf",
    "plans_fails": "CA_plans_2024_GALA__16.05.2024_Domes_sede.md",
    "lpp": 131,
    "citats": "|8|Salaspilspilsēta|Briežu iela 2,Salaspils|56.857681,24.382793|",
    "izdevejs": "Salaspils novads (pašvaldība)",
    "geokodesana": "plan_coords",
    "adrese_vzd": "Briežu iela 2, Salaspils, Salaspils nov., LV-2169",
    "vzd_kods": "105523561",
    "plana_lat": 56.857681,
    "plana_lon": 24.382793,
    "koord_teksts": "56.857681,24.382793",
    "karodzini": [],
    "izvilkuma_piezime": "The 'Pulcēšanās vieta' column only gives the territory (town/parish), not a place name.",
    "komentars": "Avots: Salaspils novada CA plāns, lpp. 131",
    "id": "salaspils-novads-evak-11"
   },
   "geometry": {
    "type": "Point",
    "coordinates": [
     24.382793,
     56.857681
    ]
   }
  },
  {
   "type": "Feature",
   "properties": {
    "kategorija": "evakuacijas_punkts",
    "nosaukums": "Salaspils pilsēta",
    "adrese": "Ķesterciema iela 5,Salaspils,",
    "pasvaldiba": "Salaspils novads",
    "pasvaldiba_slug": "salaspils-novads",
    "nr_plana": 9,
    "avots_teksts": "Avots: Salaspils novada CA plāns, lpp. 131",
    "plans_url": "https://www.salaspils.lv/sites/default/files/Civil%C4%81%20aizsardziba/CA_plans_2024_GALA__16.05.2024_Domes_sede.pdf",
    "plans_fails": "CA_plans_2024_GALA__16.05.2024_Domes_sede.md",
    "lpp": 131,
    "citats": "|9|Salaspilspilsēta|Ķesterciema iela 5,Salaspils,|56.851289,24.340811|",
    "izdevejs": "Salaspils novads (pašvaldība)",
    "geokodesana": "plan_coords",
    "adrese_vzd": "Ķesterciema iela 5, Salaspils, Salaspils nov., LV-2121",
    "vzd_kods": "101072112",
    "plana_lat": 56.851289,
    "plana_lon": 24.340811,
    "koord_teksts": "56.851289,24.340811",
    "karodzini": [],
    "izvilkuma_piezime": "The 'Pulcēšanās vieta' column only gives the territory (town/parish), not a place name.",
    "komentars": "Avots: Salaspils novada CA plāns, lpp. 131",
    "id": "salaspils-novads-evak-12"
   },
   "geometry": {
    "type": "Point",
    "coordinates": [
     24.340811,
     56.851289
    ]
   }
  },
  {
   "type": "Feature",
   "properties": {
    "kategorija": "evakuacijas_punkts",
    "nosaukums": "Salaspils pilsēta",
    "adrese": "Zviedru iela 6,Salaspils",
    "pasvaldiba": "Salaspils novads",
    "pasvaldiba_slug": "salaspils-novads",
    "nr_plana": 10,
    "avots_teksts": "Avots: Salaspils novada CA plāns, lpp. 131",
    "plans_url": "https://www.salaspils.lv/sites/default/files/Civil%C4%81%20aizsardziba/CA_plans_2024_GALA__16.05.2024_Domes_sede.pdf",
    "plans_fails": "CA_plans_2024_GALA__16.05.2024_Domes_sede.md",
    "lpp": 131,
    "citats": "|10|Salaspilspilsēta|Zviedru iela 6,Salaspils|56.853742,24.326756|",
    "izdevejs": "Salaspils novads (pašvaldība)",
    "geokodesana": "plan_coords",
    "adrese_vzd": "Zviedru iela 6, Salaspils, Salaspils nov., LV-2121",
    "vzd_kods": "105052580",
    "plana_lat": 56.853742,
    "plana_lon": 24.326756,
    "koord_teksts": "56.853742,24.326756",
    "karodzini": [],
    "izvilkuma_piezime": "The 'Pulcēšanās vieta' column only gives the territory (town/parish), not a place name.",
    "komentars": "Avots: Salaspils novada CA plāns, lpp. 131",
    "id": "salaspils-novads-evak-13"
   },
   "geometry": {
    "type": "Point",
    "coordinates": [
     24.326756,
     56.853742
    ]
   }
  },
  {
   "type": "Feature",
   "properties": {
    "kategorija": "evakuacijas_punkts",
    "nosaukums": "Salaspils pilsēta",
    "adrese": "Kalnrozes iela 26,Salaspils",
    "pasvaldiba": "Salaspils novads",
    "pasvaldiba_slug": "salaspils-novads",
    "nr_plana": 11,
    "avots_teksts": "Avots: Salaspils novada CA plāns, lpp. 131",
    "plans_url": "https://www.salaspils.lv/sites/default/files/Civil%C4%81%20aizsardziba/CA_plans_2024_GALA__16.05.2024_Domes_sede.pdf",
    "plans_fails": "CA_plans_2024_GALA__16.05.2024_Domes_sede.md",
    "lpp": 131,
    "citats": "|11|Salaspilspilsēta|Kalnrozes iela 26,Salaspils|56.863826,24.324428|",
    "izdevejs": "Salaspils novads (pašvaldība)",
    "geokodesana": "plan_coords",
    "adrese_vzd": "Kalnrozes iela 26, Salaspils, Salaspils nov., LV-2121",
    "vzd_kods": "106733976",
    "plana_lat": 56.863826,
    "plana_lon": 24.324428,
    "koord_teksts": "56.863826,24.324428",
    "karodzini": [],
    "izvilkuma_piezime": "The 'Pulcēšanās vieta' column only gives the territory (town/parish), not a place name.",
    "komentars": "Avots: Salaspils novada CA plāns, lpp. 131",
    "id": "salaspils-novads-evak-14"
   },
   "geometry": {
    "type": "Point",
    "coordinates": [
     24.324428,
     56.863826
    ]
   }
  },
  {
   "type": "Feature",
   "properties": {
    "kategorija": "evakuacijas_punkts",
    "nosaukums": "Salaspils pagasts",
    "adrese": "Daugavmalas iela 30. Saulkalne",
    "pasvaldiba": "Salaspils novads",
    "pasvaldiba_slug": "salaspils-novads",
    "nr_plana": 12,
    "avots_teksts": "Avots: Salaspils novada CA plāns, lpp. 131",
    "plans_url": "https://www.salaspils.lv/sites/default/files/Civil%C4%81%20aizsardziba/CA_plans_2024_GALA__16.05.2024_Domes_sede.pdf",
    "plans_fails": "CA_plans_2024_GALA__16.05.2024_Domes_sede.md",
    "lpp": 131,
    "citats": "|12|Salaspilspagasts|Daugavmalas iela 30. Saulkalne|56.845132,24.437113|",
    "izdevejs": "Salaspils novads (pašvaldība)",
    "geokodesana": "plan_coords",
    "adrese_vzd": "Daugavmalas iela 30, Saulkalne, Salaspils pag., Salaspils nov., LV-2117",
    "vzd_kods": "103118982",
    "plana_lat": 56.845132,
    "plana_lon": 24.437113,
    "koord_teksts": "56.845132,24.437113",
    "karodzini": [],
    "izvilkuma_piezime": "The 'Pulcēšanās vieta' column only gives the territory (town/parish), not a place name.",
    "komentars": "Avots: Salaspils novada CA plāns, lpp. 131",
    "id": "salaspils-novads-evak-15"
   },
   "geometry": {
    "type": "Point",
    "coordinates": [
     24.437113,
     56.845132
    ]
   }
  },
  {
   "type": "Feature",
   "properties": {
    "kategorija": "evakuacijas_punkts",
    "nosaukums": "Salaspils pagasts",
    "adrese": "Acone,Granīta 31c,Salaspils novads",
    "pasvaldiba": "Salaspils novads",
    "pasvaldiba_slug": "salaspils-novads",
    "nr_plana": 13,
    "avots_teksts": "Avots: Salaspils novada CA plāns, lpp. 131",
    "plans_url": "https://www.salaspils.lv/sites/default/files/Civil%C4%81%20aizsardziba/CA_plans_2024_GALA__16.05.2024_Domes_sede.pdf",
    "plans_fails": "CA_plans_2024_GALA__16.05.2024_Domes_sede.md",
    "lpp": 131,
    "citats": "|13|Salaspilspagasts|Acone,Granīta 31c,Salaspils novads|56.916224,24.277081|",
    "izdevejs": "Salaspils novads (pašvaldība)",
    "geokodesana": "plan_coords",
    "adrese_vzd": null,
    "vzd_kods": null,
    "plana_lat": 56.916224,
    "plana_lon": 24.277081,
    "koord_teksts": "56.916224,24.277081",
    "karodzini": [],
    "izvilkuma_piezime": "The 'Pulcēšanās vieta' column only gives the territory (town/parish), not a place name.",
    "komentars": "Avots: Salaspils novada CA plāns, lpp. 131",
    "id": "salaspils-novads-evak-16"
   },
   "geometry": {
    "type": "Point",
    "coordinates": [
     24.277081,
     56.916224
    ]
   }
  },
  {
   "type": "Feature",
   "properties": {
    "kategorija": "evakuacijas_punkts",
    "nosaukums": "Salaspils pagasts",
    "adrese": "Pūči,Salaspilspag.,Salaspils nov.",
    "pasvaldiba": "Salaspils novads",
    "pasvaldiba_slug": "salaspils-novads",
    "nr_plana": 14,
    "avots_teksts": "Avots: Salaspils novada CA plāns, lpp. 131",
    "plans_url": "https://www.salaspils.lv/sites/default/files/Civil%C4%81%20aizsardziba/CA_plans_2024_GALA__16.05.2024_Domes_sede.pdf",
    "plans_fails": "CA_plans_2024_GALA__16.05.2024_Domes_sede.md",
    "lpp": 131,
    "citats": "|14|Salaspilspagasts|Pūči,Salaspilspag.,Salaspils nov.|56.849616,24.229778|",
    "izdevejs": "Salaspils novads (pašvaldība)",
    "geokodesana": "plan_coords",
    "adrese_vzd": "\"Pūči\", Salaspils pag., Salaspils nov., LV-2121",
    "vzd_kods": "106516623",
    "plana_lat": 56.849616,
    "plana_lon": 24.229778,
    "koord_teksts": "56.849616,24.229778",
    "karodzini": [],
    "izvilkuma_piezime": "The 'Pulcēšanās vieta' column only gives the territory (town/parish), not a place name.",
    "komentars": "Avots: Salaspils novada CA plāns, lpp. 131",
    "id": "salaspils-novads-evak-17"
   },
   "geometry": {
    "type": "Point",
    "coordinates": [
     24.229778,
     56.849616
    ]
   }
  },
  {
   "type": "Feature",
   "properties": {
    "kategorija": "evakuacijas_punkts",
    "nosaukums": "Saldus pilsētas dome",
    "adrese": "Striķu iela 3, Saldus, LV 3801",
    "pasvaldiba": "Saldus novads",
    "pasvaldiba_slug": "saldus-novads",
    "nr_plana": 1,
    "avots_teksts": "Avots: Saldus novada CA plāns, lpp. 133",
    "plans_url": "https://www.saldus.lv/wp-content/uploads/2021/12/Saldus_novada_sadarbibas_teritorijas_civilas_aizsardzibas_plana_grozijumi_21.12.2023.pdf",
    "plans_fails": "Saldus_novada_sadarbibas_teritorijas_civilas_aizsardzibas_plana_grozijumi_21.12.2023.md",
    "lpp": 133,
    "citats": "|1.|Saldus pilsēt|as dome|Striķu iela 3, Saldus, LV 3801|56.66556|22.49386|",
    "izdevejs": "Saldus novads (pašvaldība)",
    "geokodesana": "plan_coords",
    "adrese_vzd": "Striķu iela 3, Saldus, Saldus nov., LV-3801",
    "vzd_kods": "101262300",
    "plana_lat": 56.66556,
    "plana_lon": 22.49386,
    "koord_teksts": "56.66556|22.49386",
    "karodzini": [],
    "izvilkuma_piezime": "Name split across two table cells by the PDF conversion; joined here.",
    "komentars": "Avots: Saldus novada CA plāns, lpp. 133",
    "id": "saldus-novads-evak-1"
   },
   "geometry": {
    "type": "Point",
    "coordinates": [
     22.49386,
     56.66556
    ]
   }
  },
  {
   "type": "Feature",
   "properties": {
    "kategorija": "evakuacijas_punkts",
    "nosaukums": "Ezeres pagasta pārvalde",
    "adrese": "Ezeres pagasta padomes ēka, Centra iela 4, Ezere, Ezeres pagasts, Saldus novads, LV-3891",
    "pasvaldiba": "Saldus novads",
    "pasvaldiba_slug": "saldus-novads",
    "nr_plana": 2,
    "avots_teksts": "Avots: Saldus novada CA plāns, lpp. 133",
    "plans_url": "https://www.saldus.lv/wp-content/uploads/2021/12/Saldus_novada_sadarbibas_teritorijas_civilas_aizsardzibas_plana_grozijumi_21.12.2023.pdf",
    "plans_fails": "Saldus_novada_sadarbibas_teritorijas_civilas_aizsardzibas_plana_grozijumi_21.12.2023.md",
    "lpp": 133,
    "citats": "|2.|Ezeres<br>pārvalde|pagasta|Ezeres pagasta padomes ēka, Centra<br>iela 4, Ezere, Ezeres pagasts, Saldus<br>novads, LV-3891|56.40623|22.3607|",
    "izdevejs": "Saldus novads (pašvaldība)",
    "geokodesana": "plan_coords",
    "adrese_vzd": "Centra iela 4, Ezere, Ezeres pag., Saldus nov., LV-3891",
    "vzd_kods": "104924837",
    "plana_lat": 56.40623,
    "plana_lon": 22.3607,
    "koord_teksts": "56.40623|22.3607",
    "karodzini": [],
    "izvilkuma_piezime": "Name split across two table cells by the PDF conversion; joined here.",
    "komentars": "Avots: Saldus novada CA plāns, lpp. 133",
    "id": "saldus-novads-evak-2"
   },
   "geometry": {
    "type": "Point",
    "coordinates": [
     22.3607,
     56.40623
    ]
   }
  },
  {
   "type": "Feature",
   "properties": {
    "kategorija": "evakuacijas_punkts",
    "nosaukums": "Rubas pagasta pārvalde",
    "adrese": "\"Pagastmāja”, Rubas pagasts, Saldusnovads,LV-3894",
    "pasvaldiba": "Saldus novads",
    "pasvaldiba_slug": "saldus-novads",
    "nr_plana": 3,
    "avots_teksts": "Avots: Saldus novada CA plāns, lpp. 133",
    "plans_url": "https://www.saldus.lv/wp-content/uploads/2021/12/Saldus_novada_sadarbibas_teritorijas_civilas_aizsardzibas_plana_grozijumi_21.12.2023.pdf",
    "plans_fails": "Saldus_novada_sadarbibas_teritorijas_civilas_aizsardzibas_plana_grozijumi_21.12.2023.md",
    "lpp": 133,
    "citats": "|3.|Rubas<br>pārvalde|pagasta|\"Pagastmāja”, Rubas pagasts,<br>Saldusnovads,LV-3894|56.38128|22.63005|",
    "izdevejs": "Saldus novads (pašvaldība)",
    "geokodesana": "plan_coords",
    "adrese_vzd": "\"Pagastmāja\", Ruba, Rubas pag., Saldus nov., LV-3894",
    "vzd_kods": "105069137",
    "plana_lat": 56.38128,
    "plana_lon": 22.63005,
    "koord_teksts": "56.38128|22.63005",
    "karodzini": [],
    "izvilkuma_piezime": "Name split across two table cells by the PDF conversion; joined here.",
    "komentars": "Avots: Saldus novada CA plāns, lpp. 133",
    "id": "saldus-novads-evak-3"
   },
   "geometry": {
    "type": "Point",
    "coordinates": [
     22.63005,
     56.38128
    ]
   }
  },
  {
   "type": "Feature",
   "properties": {
    "kategorija": "evakuacijas_punkts",
    "nosaukums": "Jaunauces pagasta pārvalde",
    "adrese": "„Tautas nams ” Jaunauce, Jaunauces pag. Saldusnovads,LV-3893",
    "pasvaldiba": "Saldus novads",
    "pasvaldiba_slug": "saldus-novads",
    "nr_plana": 4,
    "avots_teksts": "Avots: Saldus novada CA plāns, lpp. 133",
    "plans_url": "https://www.saldus.lv/wp-content/uploads/2021/12/Saldus_novada_sadarbibas_teritorijas_civilas_aizsardzibas_plana_grozijumi_21.12.2023.pdf",
    "plans_fails": "Saldus_novada_sadarbibas_teritorijas_civilas_aizsardzibas_plana_grozijumi_21.12.2023.md",
    "lpp": 133,
    "citats": "|4.|Jaunauces<br>pārvalde|pagasta|„Tautas nams ” Jaunauce, Jaunauces<br>pag. Saldusnovads,LV-3893|56.44635|22.69425|",
    "izdevejs": "Saldus novads (pašvaldība)",
    "geokodesana": "plan_coords",
    "adrese_vzd": null,
    "vzd_kods": null,
    "plana_lat": 56.44635,
    "plana_lon": 22.69425,
    "koord_teksts": "56.44635|22.69425",
    "karodzini": [],
    "izvilkuma_piezime": "Name split across two table cells by the PDF conversion; joined here.",
    "komentars": "Avots: Saldus novada CA plāns, lpp. 133",
    "id": "saldus-novads-evak-4"
   },
   "geometry": {
    "type": "Point",
    "coordinates": [
     22.69425,
     56.44635
    ]
   }
  },
  {
   "type": "Feature",
   "properties": {
    "kategorija": "evakuacijas_punkts",
    "nosaukums": "Jaunlutriņu pagasta pārvalde",
    "adrese": "Upes iela 4, Jaunlutriņu pagasts Saldus novads, LV–3876",
    "pasvaldiba": "Saldus novads",
    "pasvaldiba_slug": "saldus-novads",
    "nr_plana": 5,
    "avots_teksts": "Avots: Saldus novada CA plāns, lpp. 133",
    "plans_url": "https://www.saldus.lv/wp-content/uploads/2021/12/Saldus_novada_sadarbibas_teritorijas_civilas_aizsardzibas_plana_grozijumi_21.12.2023.pdf",
    "plans_fails": "Saldus_novada_sadarbibas_teritorijas_civilas_aizsardzibas_plana_grozijumi_21.12.2023.md",
    "lpp": 133,
    "citats": "|5.|Jaunlutriņu<br>pārvalde|pagasta|Upes iela 4, Jaunlutriņu pagasts<br>Saldus novads, LV–3876|57.32026|24.42159|",
    "izdevejs": "Saldus novads (pašvaldība)",
    "geokodesana": "varis_address",
    "adrese_vzd": "Upes iela 4, Jaunlutriņi, Jaunlutriņu pag., Saldus nov., LV-3876",
    "vzd_kods": "102103975",
    "plana_lat": 57.32026,
    "plana_lon": 24.42159,
    "koord_teksts": "57.32026|24.42159",
    "karodzini": [
     "plan_coordinate_error"
    ],
    "izvilkuma_piezime": "lat/lon look wrong: point falls far outside Saldus novads (in Vidzeme). Name split across two table cells by the PDF conversion; joined here.",
    "komentars": "Avots: Saldus novada CA plāns, lpp. 133 · plāna koordinātas kļūdainas, vieta noteikta pēc adreses (VZD)",
    "id": "saldus-novads-evak-5"
   },
   "geometry": {
    "type": "Point",
    "coordinates": [
     22.406173,
     56.827443
    ]
   }
  },
  {
   "type": "Feature",
   "properties": {
    "kategorija": "evakuacijas_punkts",
    "nosaukums": "Šķēdes pagasta pārvalde",
    "adrese": "Skolas iela 11, Šķēde, Šķēdes pag. Saldusnovads,LV-3875",
    "pasvaldiba": "Saldus novads",
    "pasvaldiba_slug": "saldus-novads",
    "nr_plana": 6,
    "avots_teksts": "Avots: Saldus novada CA plāns, lpp. 133",
    "plans_url": "https://www.saldus.lv/wp-content/uploads/2021/12/Saldus_novada_sadarbibas_teritorijas_civilas_aizsardzibas_plana_grozijumi_21.12.2023.pdf",
    "plans_fails": "Saldus_novada_sadarbibas_teritorijas_civilas_aizsardzibas_plana_grozijumi_21.12.2023.md",
    "lpp": 133,
    "citats": "|6.|Šķēdes<br>pārvalde|pagasta|Skolas iela 11, Šķēde, Šķēdes pag.<br>Saldusnovads,LV-3875|56.85541|22.37979|",
    "izdevejs": "Saldus novads (pašvaldība)",
    "geokodesana": "plan_coords",
    "adrese_vzd": "Skolas iela 11, Šķēde, Šķēdes pag., Saldus nov., LV-3875",
    "vzd_kods": "103646451",
    "plana_lat": 56.85541,
    "plana_lon": 22.37979,
    "koord_teksts": "56.85541|22.37979",
    "karodzini": [],
    "izvilkuma_piezime": "Name split across two table cells by the PDF conversion; joined here.",
    "komentars": "Avots: Saldus novada CA plāns, lpp. 133",
    "id": "saldus-novads-evak-6"
   },
   "geometry": {
    "type": "Point",
    "coordinates": [
     22.37979,
     56.85541
    ]
   }
  },
  {
   "type": "Feature",
   "properties": {
    "kategorija": "evakuacijas_punkts",
    "nosaukums": "Kursīšu pagasta pārvalde",
    "adrese": "Kalna iela 2, Kursīši, Kursīšu pagasts, Saldusnovads,LV-3890",
    "pasvaldiba": "Saldus novads",
    "pasvaldiba_slug": "saldus-novads",
    "nr_plana": 7,
    "avots_teksts": "Avots: Saldus novada CA plāns, lpp. 133",
    "plans_url": "https://www.saldus.lv/wp-content/uploads/2021/12/Saldus_novada_sadarbibas_teritorijas_civilas_aizsardzibas_plana_grozijumi_21.12.2023.pdf",
    "plans_fails": "Saldus_novada_sadarbibas_teritorijas_civilas_aizsardzibas_plana_grozijumi_21.12.2023.md",
    "lpp": 133,
    "citats": "|7.|Kursīšu<br>pārvalde|pagasta|Kalna iela 2, Kursīši, Kursīšu<br>pagasts, Saldusnovads,LV-3890|56.5114|22.40186|",
    "izdevejs": "Saldus novads (pašvaldība)",
    "geokodesana": "plan_coords",
    "adrese_vzd": "Kalna iela 2, Kursīši, Kursīšu pag., Saldus nov., LV-3890",
    "vzd_kods": "105745954",
    "plana_lat": 56.5114,
    "plana_lon": 22.40186,
    "koord_teksts": "56.5114|22.40186",
    "karodzini": [],
    "izvilkuma_piezime": "Name split across two table cells by the PDF conversion; joined here.",
    "komentars": "Avots: Saldus novada CA plāns, lpp. 133",
    "id": "saldus-novads-evak-7"
   },
   "geometry": {
    "type": "Point",
    "coordinates": [
     22.40186,
     56.5114
    ]
   }
  },
  {
   "type": "Feature",
   "properties": {
    "kategorija": "evakuacijas_punkts",
    "nosaukums": "Nīgrandes pagasta pārvalde",
    "adrese": "Ventas iela 2, Nīgrande, Nīgrandes pagasts, Saldusnovads,LV–3899",
    "pasvaldiba": "Saldus novads",
    "pasvaldiba_slug": "saldus-novads",
    "nr_plana": 8,
    "avots_teksts": "Avots: Saldus novada CA plāns, lpp. 133",
    "plans_url": "https://www.saldus.lv/wp-content/uploads/2021/12/Saldus_novada_sadarbibas_teritorijas_civilas_aizsardzibas_plana_grozijumi_21.12.2023.pdf",
    "plans_fails": "Saldus_novada_sadarbibas_teritorijas_civilas_aizsardzibas_plana_grozijumi_21.12.2023.md",
    "lpp": 133,
    "citats": "|8.|Nīgrandes<br>pārvalde|pagasta|Ventas iela 2, Nīgrande, Nīgrandes<br>pagasts, Saldusnovads,LV–3899|56.48655|22.09258|",
    "izdevejs": "Saldus novads (pašvaldība)",
    "geokodesana": "plan_coords",
    "adrese_vzd": "Ventas iela 2, Nīgrande, Nīgrandes pag., Saldus nov., LV-3899",
    "vzd_kods": "102104985",
    "plana_lat": 56.48655,
    "plana_lon": 22.09258,
    "koord_teksts": "56.48655|22.09258",
    "karodzini": [],
    "izvilkuma_piezime": "Name split across two table cells by the PDF conversion; joined here.",
    "komentars": "Avots: Saldus novada CA plāns, lpp. 133",
    "id": "saldus-novads-evak-8"
   },
   "geometry": {
    "type": "Point",
    "coordinates": [
     22.09258,
     56.48655
    ]
   }
  },
  {
   "type": "Feature",
   "properties": {
    "kategorija": "evakuacijas_punkts",
    "nosaukums": "Lutriņu pagasta pārvalde",
    "adrese": "„Pagasta māja”, Lutriņu pagasts, Saldus novads, LV-3861",
    "pasvaldiba": "Saldus novads",
    "pasvaldiba_slug": "saldus-novads",
    "nr_plana": 9,
    "avots_teksts": "Avots: Saldus novada CA plāns, lpp. 133",
    "plans_url": "https://www.saldus.lv/wp-content/uploads/2021/12/Saldus_novada_sadarbibas_teritorijas_civilas_aizsardzibas_plana_grozijumi_21.12.2023.pdf",
    "plans_fails": "Saldus_novada_sadarbibas_teritorijas_civilas_aizsardzibas_plana_grozijumi_21.12.2023.md",
    "lpp": 133,
    "citats": "|9.|Lutriņu<br>pārvalde|pagasta|„Pagasta māja”, Lutriņu pagasts,<br>Saldus novads, LV-3861|56.90998|24.17512|",
    "izdevejs": "Saldus novads (pašvaldība)",
    "geokodesana": "varis_address",
    "adrese_vzd": "\"Pagasta māja\", Lutriņi, Lutriņu pag., Saldus nov., LV-3861",
    "vzd_kods": "103243538",
    "plana_lat": 56.90998,
    "plana_lon": 24.17512,
    "koord_teksts": "56.90998|24.17512",
    "karodzini": [
     "plan_coordinate_error"
    ],
    "izvilkuma_piezime": "lat/lon look wrong: point falls far outside Saldus novads (near Rīga/Jūrmala). Name split across two table cells by the PDF conversion; joined here.",
    "komentars": "Avots: Saldus novada CA plāns, lpp. 133 · plāna koordinātas kļūdainas, vieta noteikta pēc adreses (VZD)",
    "id": "saldus-novads-evak-9"
   },
   "geometry": {
    "type": "Point",
    "coordinates": [
     22.383424,
     56.726362
    ]
   }
  },
  {
   "type": "Feature",
   "properties": {
    "kategorija": "evakuacijas_punkts",
    "nosaukums": "Novadnieku pagasta pārvalde",
    "adrese": "\"Mežvidi\", Novadnieku pagasts, Saldus novads, LV-3801",
    "pasvaldiba": "Saldus novads",
    "pasvaldiba_slug": "saldus-novads",
    "nr_plana": 10,
    "avots_teksts": "Avots: Saldus novada CA plāns, lpp. 133",
    "plans_url": "https://www.saldus.lv/wp-content/uploads/2021/12/Saldus_novada_sadarbibas_teritorijas_civilas_aizsardzibas_plana_grozijumi_21.12.2023.pdf",
    "plans_fails": "Saldus_novada_sadarbibas_teritorijas_civilas_aizsardzibas_plana_grozijumi_21.12.2023.md",
    "lpp": 133,
    "citats": "|10.|Novadnieku<br>pārvalde|pagasta|\"Mežvidi\", Novadnieku pagasts,<br>Saldus novads, LV-3801|56.39036|22.28007|",
    "izdevejs": "Saldus novads (pašvaldība)",
    "geokodesana": "varis_address",
    "adrese_vzd": "\"Mežvidi\", Mežvidi, Novadnieku pag., Saldus nov., LV-3801",
    "vzd_kods": "102869641",
    "plana_lat": 56.39036,
    "plana_lon": 22.28007,
    "koord_teksts": "56.39036|22.28007",
    "karodzini": [
     "plan_coordinate_error"
    ],
    "izvilkuma_piezime": "Name split across two table cells by the PDF conversion; joined here.",
    "komentars": "Avots: Saldus novada CA plāns, lpp. 133 · plāna koordinātas kļūdainas, vieta noteikta pēc adreses (VZD)",
    "id": "saldus-novads-evak-10"
   },
   "geometry": {
    "type": "Point",
    "coordinates": [
     22.466686,
     56.650102
    ]
   }
  },
  {
   "type": "Feature",
   "properties": {
    "kategorija": "evakuacijas_punkts",
    "nosaukums": "Saldus pagasta pārvalde",
    "adrese": "Vienības iela 15 – 17, Saldus pagasts, Saldusnovads,LV–3862",
    "pasvaldiba": "Saldus novads",
    "pasvaldiba_slug": "saldus-novads",
    "nr_plana": 11,
    "avots_teksts": "Avots: Saldus novada CA plāns, lpp. 133",
    "plans_url": "https://www.saldus.lv/wp-content/uploads/2021/12/Saldus_novada_sadarbibas_teritorijas_civilas_aizsardzibas_plana_grozijumi_21.12.2023.pdf",
    "plans_fails": "Saldus_novada_sadarbibas_teritorijas_civilas_aizsardzibas_plana_grozijumi_21.12.2023.md",
    "lpp": 133,
    "citats": "|11.|Saldus<br>pārvalde|pagasta|Vienības iela 15 – 17, Saldus<br>pagasts, Saldusnovads,LV–3862|56.69533|22.44901|",
    "izdevejs": "Saldus novads (pašvaldība)",
    "geokodesana": "plan_coords",
    "adrese_vzd": "Vienības iela 15/17, Druva, Saldus pag., Saldus nov., LV-3862",
    "vzd_kods": "101267937",
    "plana_lat": 56.69533,
    "plana_lon": 22.44901,
    "koord_teksts": "56.69533|22.44901",
    "karodzini": [],
    "izvilkuma_piezime": "Name split across two table cells by the PDF conversion; joined here.",
    "komentars": "Avots: Saldus novada CA plāns, lpp. 133",
    "id": "saldus-novads-evak-11"
   },
   "geometry": {
    "type": "Point",
    "coordinates": [
     22.44901,
     56.69533
    ]
   }
  },
  {
   "type": "Feature",
   "properties": {
    "kategorija": "evakuacijas_punkts",
    "nosaukums": "Pampāļu pagasta pārvalde",
    "adrese": "Rūpniecības 1A, Pampāļi, Pampāļu pagasts, Saldus novads, LV–3882",
    "pasvaldiba": "Saldus novads",
    "pasvaldiba_slug": "saldus-novads",
    "nr_plana": 12,
    "avots_teksts": "Avots: Saldus novada CA plāns, lpp. 134",
    "plans_url": "https://www.saldus.lv/wp-content/uploads/2021/12/Saldus_novada_sadarbibas_teritorijas_civilas_aizsardzibas_plana_grozijumi_21.12.2023.pdf",
    "plans_fails": "Saldus_novada_sadarbibas_teritorijas_civilas_aizsardzibas_plana_grozijumi_21.12.2023.md",
    "lpp": 134,
    "citats": "|12.|Pampāļu<br>pārvalde|pagasta|Rūpniecības 1A, Pampāļi, Pampāļu<br>pagasts, Saldus novads, LV–3882|56.54197|22.21259|",
    "izdevejs": "Saldus novads (pašvaldība)",
    "geokodesana": "plan_coords",
    "adrese_vzd": "Rūpniecības iela 1A, Pampāļi, Pampāļu pag., Saldus nov., LV-3882",
    "vzd_kods": "105102742",
    "plana_lat": 56.54197,
    "plana_lon": 22.21259,
    "koord_teksts": "56.54197|22.21259",
    "karodzini": [],
    "izvilkuma_piezime": "Name split across two table cells by the PDF conversion; joined here.",
    "komentars": "Avots: Saldus novada CA plāns, lpp. 134",
    "id": "saldus-novads-evak-12"
   },
   "geometry": {
    "type": "Point",
    "coordinates": [
     22.21259,
     56.54197
    ]
   }
  },
  {
   "type": "Feature",
   "properties": {
    "kategorija": "evakuacijas_punkts",
    "nosaukums": "Vadakstes pagasta pārvalde",
    "adrese": "„Krāces”, Vadakstes pagasts, Saldus novads, LV–3895",
    "pasvaldiba": "Saldus novads",
    "pasvaldiba_slug": "saldus-novads",
    "nr_plana": 13,
    "avots_teksts": "Avots: Saldus novada CA plāns, lpp. 134",
    "plans_url": "https://www.saldus.lv/wp-content/uploads/2021/12/Saldus_novada_sadarbibas_teritorijas_civilas_aizsardzibas_plana_grozijumi_21.12.2023.pdf",
    "plans_fails": "Saldus_novada_sadarbibas_teritorijas_civilas_aizsardzibas_plana_grozijumi_21.12.2023.md",
    "lpp": 134,
    "citats": "|13.|Vadakstes<br>pārvalde|pagasta|„Krāces”, Vadakstes pagasts, Saldus<br>novads, LV–3895|56.37286|22.74742|",
    "izdevejs": "Saldus novads (pašvaldība)",
    "geokodesana": "varis_address",
    "adrese_vzd": "\"Krāces\", Rubas pag., Saldus nov., LV-3892",
    "vzd_kods": "103526471",
    "plana_lat": 56.37286,
    "plana_lon": 22.74742,
    "koord_teksts": "56.37286|22.74742",
    "karodzini": [
     "plan_coords_far_from_address"
    ],
    "izvilkuma_piezime": "Name split across two table cells by the PDF conversion; joined here.",
    "komentars": "Avots: Saldus novada CA plāns, lpp. 134 · plāna koordinātas kļūdainas, vieta noteikta pēc adreses (VZD)",
    "id": "saldus-novads-evak-13"
   },
   "geometry": {
    "type": "Point",
    "coordinates": [
     22.514927,
     56.428703
    ]
   }
  },
  {
   "type": "Feature",
   "properties": {
    "kategorija": "evakuacijas_punkts",
    "nosaukums": "Zaņas pagasta pārvalde",
    "adrese": "\"Zaņas pamatskola\" Zaņas pagasts, Saldus novads, LV-3897",
    "pasvaldiba": "Saldus novads",
    "pasvaldiba_slug": "saldus-novads",
    "nr_plana": 14,
    "avots_teksts": "Avots: Saldus novada CA plāns, lpp. 134",
    "plans_url": "https://www.saldus.lv/wp-content/uploads/2021/12/Saldus_novada_sadarbibas_teritorijas_civilas_aizsardzibas_plana_grozijumi_21.12.2023.pdf",
    "plans_fails": "Saldus_novada_sadarbibas_teritorijas_civilas_aizsardzibas_plana_grozijumi_21.12.2023.md",
    "lpp": 134,
    "citats": "|14.|Zaņas<br>pārvalde|pagasta|\"Zaņas pamatskola\" Zaņas pagasts,<br>Saldus novads, LV-3897|56.46894|22.21179|",
    "izdevejs": "Saldus novads (pašvaldība)",
    "geokodesana": "plan_coords",
    "adrese_vzd": null,
    "vzd_kods": null,
    "plana_lat": 56.46894,
    "plana_lon": 22.21179,
    "koord_teksts": "56.46894|22.21179",
    "karodzini": [],
    "izvilkuma_piezime": "Name split across two table cells by the PDF conversion; joined here.",
    "komentars": "Avots: Saldus novada CA plāns, lpp. 134",
    "id": "saldus-novads-evak-14"
   },
   "geometry": {
    "type": "Point",
    "coordinates": [
     22.21179,
     56.46894
    ]
   }
  },
  {
   "type": "Feature",
   "properties": {
    "kategorija": "evakuacijas_punkts",
    "nosaukums": "Zirņu pagasta pārvalde",
    "adrese": "„Pagastnams”, Zirņu pagasts, Saldus novads, LV-3853",
    "pasvaldiba": "Saldus novads",
    "pasvaldiba_slug": "saldus-novads",
    "nr_plana": 15,
    "avots_teksts": "Avots: Saldus novada CA plāns, lpp. 134",
    "plans_url": "https://www.saldus.lv/wp-content/uploads/2021/12/Saldus_novada_sadarbibas_teritorijas_civilas_aizsardzibas_plana_grozijumi_21.12.2023.pdf",
    "plans_fails": "Saldus_novada_sadarbibas_teritorijas_civilas_aizsardzibas_plana_grozijumi_21.12.2023.md",
    "lpp": 134,
    "citats": "|15.|Zirņu<br>pārvalde|pagasta|„Pagastnams”,<br>Zirņu<br>pagasts,<br>Saldus novads, LV-3853|56.67546|22.21883|",
    "izdevejs": "Saldus novads (pašvaldība)",
    "geokodesana": "plan_coords",
    "adrese_vzd": "\"Pagastnams\", Zirņi, Zirņu pag., Saldus nov., LV-3853",
    "vzd_kods": "104380554",
    "plana_lat": 56.67546,
    "plana_lon": 22.21883,
    "koord_teksts": "56.67546|22.21883",
    "karodzini": [],
    "izvilkuma_piezime": "Name split across two table cells by the PDF conversion; joined here.",
    "komentars": "Avots: Saldus novada CA plāns, lpp. 134",
    "id": "saldus-novads-evak-15"
   },
   "geometry": {
    "type": "Point",
    "coordinates": [
     22.21883,
     56.67546
    ]
   }
  },
  {
   "type": "Feature",
   "properties": {
    "kategorija": "evakuacijas_punkts",
    "nosaukums": "Zvārdes pagasta pārvalde",
    "adrese": "„Striķi”, Striķu ciems, Zvārdes pagasts, Saldus novads, LV–3883",
    "pasvaldiba": "Saldus novads",
    "pasvaldiba_slug": "saldus-novads",
    "nr_plana": 16,
    "avots_teksts": "Avots: Saldus novada CA plāns, lpp. 134",
    "plans_url": "https://www.saldus.lv/wp-content/uploads/2021/12/Saldus_novada_sadarbibas_teritorijas_civilas_aizsardzibas_plana_grozijumi_21.12.2023.pdf",
    "plans_fails": "Saldus_novada_sadarbibas_teritorijas_civilas_aizsardzibas_plana_grozijumi_21.12.2023.md",
    "lpp": 134,
    "citats": "|16.|Zvārdes<br>pārvalde|pagasta|„Striķi”, Striķu ciems, Zvārdes<br>pagasts, Saldus novads, LV–3883|56.59813|22.51245|",
    "izdevejs": "Saldus novads (pašvaldība)",
    "geokodesana": "plan_coords",
    "adrese_vzd": "\"Striķi\", Striķi, Zvārdes pag., Saldus nov., LV-3883",
    "vzd_kods": "103177538",
    "plana_lat": 56.59813,
    "plana_lon": 22.51245,
    "koord_teksts": "56.59813|22.51245",
    "karodzini": [],
    "izvilkuma_piezime": "Name split across two table cells by the PDF conversion; joined here.",
    "komentars": "Avots: Saldus novada CA plāns, lpp. 134",
    "id": "saldus-novads-evak-16"
   },
   "geometry": {
    "type": "Point",
    "coordinates": [
     22.51245,
     56.59813
    ]
   }
  },
  {
   "type": "Feature",
   "properties": {
    "kategorija": "evakuacijas_punkts",
    "nosaukums": "Brocēnu pilsētas un Cieceres pagasta apvienības pārvaldes",
    "adrese": "Lielcieceres iela 3, Brocēni, LV-3851",
    "pasvaldiba": "Saldus novads",
    "pasvaldiba_slug": "saldus-novads",
    "nr_plana": 17,
    "avots_teksts": "Avots: Saldus novada CA plāns, lpp. 134",
    "plans_url": "https://www.saldus.lv/wp-content/uploads/2021/12/Saldus_novada_sadarbibas_teritorijas_civilas_aizsardzibas_plana_grozijumi_21.12.2023.pdf",
    "plans_fails": "Saldus_novada_sadarbibas_teritorijas_civilas_aizsardzibas_plana_grozijumi_21.12.2023.md",
    "lpp": 134,
    "citats": "|17.|Brocēnu p<br>Cieceres<br>apvienības|ilsētas un<br>pagasta<br> pārvaldes|Lielcieceres iela 3, Brocēni, LV-<br>3851|56.68223|22.56649|",
    "izdevejs": "Saldus novads (pašvaldība)",
    "geokodesana": "plan_coords",
    "adrese_vzd": "Lielcieceres iela 3, Brocēni, Saldus nov., LV-3851",
    "vzd_kods": "101265451",
    "plana_lat": 56.68223,
    "plana_lon": 22.56649,
    "koord_teksts": "56.68223|22.56649",
    "karodzini": [],
    "izvilkuma_piezime": "Name split across two table cells by the PDF conversion; joined here.",
    "komentars": "Avots: Saldus novada CA plāns, lpp. 134",
    "id": "saldus-novads-evak-17"
   },
   "geometry": {
    "type": "Point",
    "coordinates": [
     22.56649,
     56.68223
    ]
   }
  },
  {
   "type": "Feature",
   "properties": {
    "kategorija": "evakuacijas_punkts",
    "nosaukums": "Brocēnu vidusskola",
    "adrese": "Krasta iela 6, Brocēni, Brocēnu nov.",
    "pasvaldiba": "Saldus novads",
    "pasvaldiba_slug": "saldus-novads",
    "nr_plana": 18,
    "avots_teksts": "Avots: Saldus novada CA plāns, lpp. 134",
    "plans_url": "https://www.saldus.lv/wp-content/uploads/2021/12/Saldus_novada_sadarbibas_teritorijas_civilas_aizsardzibas_plana_grozijumi_21.12.2023.pdf",
    "plans_fails": "Saldus_novada_sadarbibas_teritorijas_civilas_aizsardzibas_plana_grozijumi_21.12.2023.md",
    "lpp": 134,
    "citats": "|18.|Brocēnu vi|dusskola|Krasta iela 6, Brocēni, Brocēnu nov.|56.67634|22.56572|",
    "izdevejs": "Saldus novads (pašvaldība)",
    "geokodesana": "plan_coords",
    "adrese_vzd": "Krasta iela 6, Brocēni, Saldus nov., LV-3851",
    "vzd_kods": "101265306",
    "plana_lat": 56.67634,
    "plana_lon": 22.56572,
    "koord_teksts": "56.67634|22.56572",
    "karodzini": [],
    "izvilkuma_piezime": "Name split across two table cells by the PDF conversion; joined here.",
    "komentars": "Avots: Saldus novada CA plāns, lpp. 134",
    "id": "saldus-novads-evak-18"
   },
   "geometry": {
    "type": "Point",
    "coordinates": [
     22.56572,
     56.67634
    ]
   }
  },
  {
   "type": "Feature",
   "properties": {
    "kategorija": "evakuacijas_punkts",
    "nosaukums": "Brocēnu kultūras nams",
    "adrese": "Lielcieceres iela 10, Brocēni, Brocēni",
    "pasvaldiba": "Saldus novads",
    "pasvaldiba_slug": "saldus-novads",
    "nr_plana": 19,
    "avots_teksts": "Avots: Saldus novada CA plāns, lpp. 134",
    "plans_url": "https://www.saldus.lv/wp-content/uploads/2021/12/Saldus_novada_sadarbibas_teritorijas_civilas_aizsardzibas_plana_grozijumi_21.12.2023.pdf",
    "plans_fails": "Saldus_novada_sadarbibas_teritorijas_civilas_aizsardzibas_plana_grozijumi_21.12.2023.md",
    "lpp": 134,
    "citats": "|19.|Brocēnu<br>nams|kultūras|Lielcieceres<br>iela<br>10,<br>Brocēni,<br>Brocēni|56.67978|22.56766|",
    "izdevejs": "Saldus novads (pašvaldība)",
    "geokodesana": "plan_coords",
    "adrese_vzd": "Lielcieceres iela 10, Brocēni, Saldus nov., LV-3851",
    "vzd_kods": "101265347",
    "plana_lat": 56.67978,
    "plana_lon": 22.56766,
    "koord_teksts": "56.67978|22.56766",
    "karodzini": [],
    "izvilkuma_piezime": "Name split across two table cells by the PDF conversion; joined here.",
    "komentars": "Avots: Saldus novada CA plāns, lpp. 134",
    "id": "saldus-novads-evak-19"
   },
   "geometry": {
    "type": "Point",
    "coordinates": [
     22.56766,
     56.67978
    ]
   }
  },
  {
   "type": "Feature",
   "properties": {
    "kategorija": "evakuacijas_punkts",
    "nosaukums": "Gaiķu pagasta pārvalde",
    "adrese": "\"Tautas nams\", Satiķi, Gaiķu pag., Brocēnu nov.",
    "pasvaldiba": "Saldus novads",
    "pasvaldiba_slug": "saldus-novads",
    "nr_plana": 20,
    "avots_teksts": "Avots: Saldus novada CA plāns, lpp. 134",
    "plans_url": "https://www.saldus.lv/wp-content/uploads/2021/12/Saldus_novada_sadarbibas_teritorijas_civilas_aizsardzibas_plana_grozijumi_21.12.2023.pdf",
    "plans_fails": "Saldus_novada_sadarbibas_teritorijas_civilas_aizsardzibas_plana_grozijumi_21.12.2023.md",
    "lpp": 134,
    "citats": "|20.|Gaiķu<br>pārvalde|pagasta|\"Tautas nams\", Satiķi, Gaiķu pag.,<br>Brocēnu nov.|56.80735|22.52652|",
    "izdevejs": "Saldus novads (pašvaldība)",
    "geokodesana": "plan_coords",
    "adrese_vzd": "\"Tautas nams\", Satiķi, Gaiķu pag., Saldus nov., LV-3873",
    "vzd_kods": "103639366",
    "plana_lat": 56.80735,
    "plana_lon": 22.52652,
    "koord_teksts": "56.80735|22.52652",
    "karodzini": [],
    "izvilkuma_piezime": "Name split across two table cells by the PDF conversion; joined here.",
    "komentars": "Avots: Saldus novada CA plāns, lpp. 134",
    "id": "saldus-novads-evak-20"
   },
   "geometry": {
    "type": "Point",
    "coordinates": [
     22.52652,
     56.80735
    ]
   }
  },
  {
   "type": "Feature",
   "properties": {
    "kategorija": "evakuacijas_punkts",
    "nosaukums": "Gaiķu pamatskola",
    "adrese": "Gaiķu pamatskola, Vecgaiķi, Gaiķu pag., Brocēnu nov.",
    "pasvaldiba": "Saldus novads",
    "pasvaldiba_slug": "saldus-novads",
    "nr_plana": 21,
    "avots_teksts": "Avots: Saldus novada CA plāns, lpp. 134",
    "plans_url": "https://www.saldus.lv/wp-content/uploads/2021/12/Saldus_novada_sadarbibas_teritorijas_civilas_aizsardzibas_plana_grozijumi_21.12.2023.pdf",
    "plans_fails": "Saldus_novada_sadarbibas_teritorijas_civilas_aizsardzibas_plana_grozijumi_21.12.2023.md",
    "lpp": 134,
    "citats": "|21.|Gaiķu pam|atskola|Gaiķu pamatskola, Vecgaiķi, Gaiķu<br>pag., Brocēnu nov.|56.47488|22.33541|",
    "izdevejs": "Saldus novads (pašvaldība)",
    "geokodesana": "varis_address",
    "adrese_vzd": "\"Gaiķu pamatskola\", Vecgaiķi, Gaiķu pag., Saldus nov., LV-3873",
    "vzd_kods": "103639792",
    "plana_lat": 56.47488,
    "plana_lon": 22.33541,
    "koord_teksts": "56.47488|22.33541",
    "karodzini": [
     "plan_coords_far_from_address"
    ],
    "izvilkuma_piezime": "lat looks inconsistent with Gaiķu parish (north of Saldus); 56.47 is in the south of the county. Name split across two table cells by the PDF conversion; joined here.",
    "komentars": "Avots: Saldus novada CA plāns, lpp. 134 · plāna koordinātas kļūdainas, vieta noteikta pēc adreses (VZD)",
    "id": "saldus-novads-evak-21"
   },
   "geometry": {
    "type": "Point",
    "coordinates": [
     22.56505,
     56.78469
    ]
   }
  },
  {
   "type": "Feature",
   "properties": {
    "kategorija": "evakuacijas_punkts",
    "nosaukums": "Remtes pagasta pārvalde",
    "adrese": "\"Kantora ēka\", Remtes pag., Brocēnu nov.",
    "pasvaldiba": "Saldus novads",
    "pasvaldiba_slug": "saldus-novads",
    "nr_plana": 22,
    "avots_teksts": "Avots: Saldus novada CA plāns, lpp. 134",
    "plans_url": "https://www.saldus.lv/wp-content/uploads/2021/12/Saldus_novada_sadarbibas_teritorijas_civilas_aizsardzibas_plana_grozijumi_21.12.2023.pdf",
    "plans_fails": "Saldus_novada_sadarbibas_teritorijas_civilas_aizsardzibas_plana_grozijumi_21.12.2023.md",
    "lpp": 134,
    "citats": "|22.|Remtes<br>pārvalde|pagasta|\"Kantora<br>ēka\",<br>Remtes<br>pag.,<br>Brocēnu nov.|56.74039|22.69418|",
    "izdevejs": "Saldus novads (pašvaldība)",
    "geokodesana": "plan_coords",
    "adrese_vzd": "\"Kantora ēka\", Remte, Remtes pag., Saldus nov., LV-3871",
    "vzd_kods": "104525047",
    "plana_lat": 56.74039,
    "plana_lon": 22.69418,
    "koord_teksts": "56.74039|22.69418",
    "karodzini": [],
    "izvilkuma_piezime": "Name split across two table cells by the PDF conversion; joined here.",
    "komentars": "Avots: Saldus novada CA plāns, lpp. 134",
    "id": "saldus-novads-evak-22"
   },
   "geometry": {
    "type": "Point",
    "coordinates": [
     22.69418,
     56.74039
    ]
   }
  },
  {
   "type": "Feature",
   "properties": {
    "kategorija": "evakuacijas_punkts",
    "nosaukums": "Blīdenes pagasta pārvalde",
    "adrese": "“Ievas”, Blīdenes pag., Brocēnu nov.,LV-3852",
    "pasvaldiba": "Saldus novads",
    "pasvaldiba_slug": "saldus-novads",
    "nr_plana": 23,
    "avots_teksts": "Avots: Saldus novada CA plāns, lpp. 134",
    "plans_url": "https://www.saldus.lv/wp-content/uploads/2021/12/Saldus_novada_sadarbibas_teritorijas_civilas_aizsardzibas_plana_grozijumi_21.12.2023.pdf",
    "plans_fails": "Saldus_novada_sadarbibas_teritorijas_civilas_aizsardzibas_plana_grozijumi_21.12.2023.md",
    "lpp": 134,
    "citats": "|23.|Blīdenes<br>pārvalde|pagasta|“Ievas”, Blīdenes pag., Brocēnu<br>nov.,LV-3852|56.65004|22.79545|",
    "izdevejs": "Saldus novads (pašvaldība)",
    "geokodesana": "plan_coords",
    "adrese_vzd": "\"Ievas\", Blīdenes pag., Saldus nov., LV-3852",
    "vzd_kods": "105656277",
    "plana_lat": 56.65004,
    "plana_lon": 22.79545,
    "koord_teksts": "56.65004|22.79545",
    "karodzini": [],
    "izvilkuma_piezime": "Name split across two table cells by the PDF conversion; joined here.",
    "komentars": "Avots: Saldus novada CA plāns, lpp. 134",
    "id": "saldus-novads-evak-23"
   },
   "geometry": {
    "type": "Point",
    "coordinates": [
     22.79545,
     56.65004
    ]
   }
  },
  {
   "type": "Feature",
   "properties": {
    "kategorija": "evakuacijas_punkts",
    "nosaukums": "Saulkrastu vidusskola",
    "adrese": "Smilšu iela 3, Saulkrasti",
    "pasvaldiba": "Saulkrastu novads",
    "pasvaldiba_slug": "saulkrastu-novads",
    "nr_plana": 1,
    "avots_teksts": "Avots: Saulkrastu novada CA plāns, lpp. 137",
    "plans_url": "https://saulkrasti.lv/wp-content/uploads/2026/07/SAULKRASTU_NOVADA_CA_plans.pdf",
    "plans_fails": "SAULKRASTU_NOVADA_CA_plans.md",
    "lpp": 137,
    "citats": "|1.|Saulkrastu<br>vidusskola|Smilšu iela 3|Saulkrasti,<br>Zvejniekciems utt|57.261415, 24.414617|",
    "izdevejs": "Saulkrastu novads (pašvaldība)",
    "geokodesana": "plan_coords",
    "adrese_vzd": "Smilšu iela 3, Saulkrasti, Saulkrastu nov., LV-2160",
    "vzd_kods": "102112002",
    "plana_lat": 57.261415,
    "plana_lon": 24.414617,
    "koord_teksts": "57.261415, 24.414617",
    "karodzini": [],
    "izvilkuma_piezime": "Apkaime: 'Saulkrasti, Zvejniekciems utt'. Same coordinates as accommodation nr 9 (Saulkrastu kultūras centrs, Atpūtas iela 1b) and ~250 m from accommodation nr 7 (same school, 57.263769, 24.417442).",
    "komentars": "Avots: Saulkrastu novada CA plāns, lpp. 137",
    "id": "saulkrastu-novads-evak-1"
   },
   "geometry": {
    "type": "Point",
    "coordinates": [
     24.414617,
     57.261415
    ]
   }
  },
  {
   "type": "Feature",
   "properties": {
    "kategorija": "evakuacijas_punkts",
    "nosaukums": "Saulkrastu brīvdabas estrāde",
    "adrese": "Ainažu iela 42, Saulkrasti",
    "pasvaldiba": "Saulkrastu novads",
    "pasvaldiba_slug": "saulkrastu-novads",
    "nr_plana": 2,
    "avots_teksts": "Avots: Saulkrastu novada CA plāns, lpp. 137",
    "plans_url": "https://saulkrasti.lv/wp-content/uploads/2026/07/SAULKRASTU_NOVADA_CA_plans.pdf",
    "plans_fails": "SAULKRASTU_NOVADA_CA_plans.md",
    "lpp": 137,
    "citats": "|2.|Saulkrastu<br>brīvdabas estrāde|<sup>Ainažu iela 42</sup>|Saulkrasti|57.277352, 24.419012|",
    "izdevejs": "Saulkrastu novads (pašvaldība)",
    "geokodesana": "plan_coords",
    "adrese_vzd": "Ainažu iela 42, Saulkrasti, Saulkrastu nov., LV-2160",
    "vzd_kods": "101277876",
    "plana_lat": 57.277352,
    "plana_lon": 24.419012,
    "koord_teksts": "57.277352, 24.419012",
    "karodzini": [],
    "izvilkuma_piezime": "Address cell wrapped in <sup> tags by the conversion.",
    "komentars": "Avots: Saulkrastu novada CA plāns, lpp. 137",
    "id": "saulkrastu-novads-evak-2"
   },
   "geometry": {
    "type": "Point",
    "coordinates": [
     24.419012,
     57.277352
    ]
   }
  },
  {
   "type": "Feature",
   "properties": {
    "kategorija": "evakuacijas_punkts",
    "nosaukums": "Murjāņu sporta ģimnāzija",
    "adrese": "Klintslejas 4, Murjāņi, Sējas novads",
    "pasvaldiba": "Saulkrastu novads",
    "pasvaldiba_slug": "saulkrastu-novads",
    "nr_plana": 3,
    "avots_teksts": "Avots: Saulkrastu novada CA plāns, lpp. 137",
    "plans_url": "https://saulkrasti.lv/wp-content/uploads/2026/07/SAULKRASTU_NOVADA_CA_plans.pdf",
    "plans_fails": "SAULKRASTU_NOVADA_CA_plans.md",
    "lpp": 137,
    "citats": "|3.|Murjāņu sporta<br>ģimnāzija|Klintslejas 4|Murjāņi, Sējas<br>novads|57.144224, 24.676963|",
    "izdevejs": "Saulkrastu novads (pašvaldība)",
    "geokodesana": "plan_coords",
    "adrese_vzd": "\"Klintslejas 4\", Murjāņi, Sējas pag., Saulkrastu nov., LV-2142",
    "vzd_kods": "105636167",
    "plana_lat": 57.144224,
    "plana_lon": 24.676963,
    "koord_teksts": "57.144224, 24.676963",
    "karodzini": [],
    "komentars": "Avots: Saulkrastu novada CA plāns, lpp. 137",
    "id": "saulkrastu-novads-evak-3"
   },
   "geometry": {
    "type": "Point",
    "coordinates": [
     24.676963,
     57.144224
    ]
   }
  },
  {
   "type": "Feature",
   "properties": {
    "kategorija": "evakuacijas_punkts",
    "nosaukums": "Sējas skola ar sporta centru",
    "adrese": "Sējas skola, Sējas pagasts",
    "pasvaldiba": "Saulkrastu novads",
    "pasvaldiba_slug": "saulkrastu-novads",
    "nr_plana": 4,
    "avots_teksts": "Avots: Saulkrastu novada CA plāns, lpp. 137",
    "plans_url": "https://saulkrasti.lv/wp-content/uploads/2026/07/SAULKRASTU_NOVADA_CA_plans.pdf",
    "plans_fails": "SAULKRASTU_NOVADA_CA_plans.md",
    "lpp": 137,
    "citats": "|4.|Sējas skola ar<br>sporta centru|Sējas skola,<br>Sējas pagasts|Sējas pagasts|57.170961, 24.632351|",
    "izdevejs": "Saulkrastu novads (pašvaldība)",
    "geokodesana": "plan_coords",
    "adrese_vzd": null,
    "vzd_kods": null,
    "plana_lat": 57.170961,
    "plana_lon": 24.632351,
    "koord_teksts": "57.170961, 24.632351",
    "karodzini": [],
    "komentars": "Avots: Saulkrastu novada CA plāns, lpp. 137",
    "id": "saulkrastu-novads-evak-4"
   },
   "geometry": {
    "type": "Point",
    "coordinates": [
     24.632351,
     57.170961
    ]
   }
  },
  {
   "type": "Feature",
   "properties": {
    "kategorija": "evakuacijas_punkts",
    "nosaukums": "Pabažu klubs (kultūras nams)",
    "adrese": "Pabažu klubs, Sējas pagasts",
    "pasvaldiba": "Saulkrastu novads",
    "pasvaldiba_slug": "saulkrastu-novads",
    "nr_plana": 5,
    "avots_teksts": "Avots: Saulkrastu novada CA plāns, lpp. 137",
    "plans_url": "https://saulkrasti.lv/wp-content/uploads/2026/07/SAULKRASTU_NOVADA_CA_plans.pdf",
    "plans_fails": "SAULKRASTU_NOVADA_CA_plans.md",
    "lpp": 137,
    "citats": "|5.|Pabažu klubs<br>(kultūras nams)|Pabažu klubs,<br>Sējas pagasts|Sējas pagasts|57.260689, 24.591664|",
    "izdevejs": "Saulkrastu novads (pašvaldība)",
    "geokodesana": "plan_coords",
    "adrese_vzd": "\"Pabažu klubs\", Pabaži, Sējas pag., Saulkrastu nov., LV-2162",
    "vzd_kods": "104505121",
    "plana_lat": 57.260689,
    "plana_lon": 24.591664,
    "koord_teksts": "57.260689, 24.591664",
    "karodzini": [],
    "komentars": "Avots: Saulkrastu novada CA plāns, lpp. 137",
    "id": "saulkrastu-novads-evak-5"
   },
   "geometry": {
    "type": "Point",
    "coordinates": [
     24.591664,
     57.260689
    ]
   }
  },
  {
   "type": "Feature",
   "properties": {
    "kategorija": "evakuacijas_punkts",
    "nosaukums": "Smiltenes vidusskolas stāvlaukums",
    "adrese": "Rīgas iela 16C, Smiltene",
    "pasvaldiba": "Smiltenes novads",
    "pasvaldiba_slug": "smiltenes-novads",
    "nr_plana": 2,
    "avots_teksts": "Avots: Smiltenes novada CA plāns, lpp. 132",
    "plans_url": "https://www.smiltenesnovads.lv/lv/media/41166/download?attachment",
    "plans_fails": "Smiltenes_novada_sadarbibas_teritorijas_CA_plans.md",
    "lpp": 132,
    "citats": "|2.|Smiltenes pilsēta|Rīgas iela 16C, Smiltene|Smiltenes vidusskolas<br>stāvlaukums|",
    "izdevejs": "Smiltenes novads (pašvaldība)",
    "geokodesana": "varis_address",
    "adrese_vzd": "Rīgas iela 16C, Smiltene, Smiltenes nov., LV-4729",
    "vzd_kods": "104766515",
    "plana_lat": null,
    "plana_lon": null,
    "koord_teksts": null,
    "karodzini": [],
    "izvilkuma_piezime": "'Pulcēšanās vieta' column holds the area ('Smiltenes pilsēta'); nosaukums taken from the 'Piezīmes' column",
    "komentars": "Avots: Smiltenes novada CA plāns, lpp. 132 · vieta noteikta pēc adreses (VZD)",
    "id": "smiltenes-novads-evak-1"
   },
   "geometry": {
    "type": "Point",
    "coordinates": [
     25.887692,
     57.418677
    ]
   }
  },
  {
   "type": "Feature",
   "properties": {
    "kategorija": "evakuacijas_punkts",
    "nosaukums": "Smiltenes vidusskolas sporta laukums",
    "adrese": "Dakteru iela 27, Smiltene",
    "pasvaldiba": "Smiltenes novads",
    "pasvaldiba_slug": "smiltenes-novads",
    "nr_plana": 3,
    "avots_teksts": "Avots: Smiltenes novada CA plāns, lpp. 132",
    "plans_url": "https://www.smiltenesnovads.lv/lv/media/41166/download?attachment",
    "plans_fails": "Smiltenes_novada_sadarbibas_teritorijas_CA_plans.md",
    "lpp": 132,
    "citats": "|3.|Smiltenes pilsēta|Dakteru iela 27, Smiltene|Smiltenes vidusskolas<br>sporta laukums|",
    "izdevejs": "Smiltenes novads (pašvaldība)",
    "geokodesana": "varis_address",
    "adrese_vzd": "Dakteru iela 27, Smiltene, Smiltenes nov., LV-4729",
    "vzd_kods": "102619613",
    "plana_lat": null,
    "plana_lon": null,
    "koord_teksts": null,
    "karodzini": [],
    "izvilkuma_piezime": "'Pulcēšanās vieta' column holds the area ('Smiltenes pilsēta'); nosaukums taken from the 'Piezīmes' column",
    "komentars": "Avots: Smiltenes novada CA plāns, lpp. 132 · vieta noteikta pēc adreses (VZD)",
    "id": "smiltenes-novads-evak-2"
   },
   "geometry": {
    "type": "Point",
    "coordinates": [
     25.917624,
     57.425159
    ]
   }
  },
  {
   "type": "Feature",
   "properties": {
    "kategorija": "evakuacijas_punkts",
    "nosaukums": "Dāvja Ozoliņa Apes pamatskola",
    "adrese": "Pasta iela 26, Ape, Smiltenes novads",
    "pasvaldiba": "Smiltenes novads",
    "pasvaldiba_slug": "smiltenes-novads",
    "nr_plana": 4,
    "avots_teksts": "Avots: Smiltenes novada CA plāns, lpp. 132",
    "plans_url": "https://www.smiltenesnovads.lv/lv/media/41166/download?attachment",
    "plans_fails": "Smiltenes_novada_sadarbibas_teritorijas_CA_plans.md",
    "lpp": 132,
    "citats": "|4.|Apes pilsēta|Pasta iela 26, Ape, Smiltenes novads|Dāvja Ozoliņa Apes<br>pamatskola|",
    "izdevejs": "Smiltenes novads (pašvaldība)",
    "geokodesana": "varis_address",
    "adrese_vzd": "Pasta iela 26, Ape, Smiltenes nov., LV-4337",
    "vzd_kods": "101627875",
    "plana_lat": null,
    "plana_lon": null,
    "koord_teksts": null,
    "karodzini": [],
    "izvilkuma_piezime": "'Pulcēšanās vieta' column holds the area ('Apes pilsēta'); nosaukums taken from the 'Piezīmes' column",
    "komentars": "Avots: Smiltenes novada CA plāns, lpp. 132 · vieta noteikta pēc adreses (VZD)",
    "id": "smiltenes-novads-evak-3"
   },
   "geometry": {
    "type": "Point",
    "coordinates": [
     26.705157,
     57.540647
    ]
   }
  },
  {
   "type": "Feature",
   "properties": {
    "kategorija": "evakuacijas_punkts",
    "nosaukums": "Sporta halle",
    "adrese": "Kalnamuiža 10, Smiltenes pagasts, Smiltenes novads",
    "pasvaldiba": "Smiltenes novads",
    "pasvaldiba_slug": "smiltenes-novads",
    "nr_plana": 5,
    "avots_teksts": "Avots: Smiltenes novada CA plāns, lpp. 132",
    "plans_url": "https://www.smiltenesnovads.lv/lv/media/41166/download?attachment",
    "plans_fails": "Smiltenes_novada_sadarbibas_teritorijas_CA_plans.md",
    "lpp": 132,
    "citats": "|5.|Smiltenes pagasts|Kalnamuiža 10, Smiltenes pagasts,<br>Smiltenes novads|Sporta halle|",
    "izdevejs": "Smiltenes novads (pašvaldība)",
    "geokodesana": "varis_address",
    "adrese_vzd": "\"Kalnamuiža 10\", Smiltene, Smiltenes nov., LV-4729",
    "vzd_kods": "106244671",
    "plana_lat": null,
    "plana_lon": null,
    "koord_teksts": null,
    "karodzini": [],
    "izvilkuma_piezime": "'Pulcēšanās vieta' column holds the area ('Smiltenes pagasts'); nosaukums taken from the 'Piezīmes' column",
    "komentars": "Avots: Smiltenes novada CA plāns, lpp. 132 · vieta noteikta pēc adreses (VZD)",
    "id": "smiltenes-novads-evak-4"
   },
   "geometry": {
    "type": "Point",
    "coordinates": [
     25.905376,
     57.428226
    ]
   }
  },
  {
   "type": "Feature",
   "properties": {
    "kategorija": "evakuacijas_punkts",
    "nosaukums": "Pagasta pārvalde",
    "adrese": "\"Pašvaldības māja\", Bilska, Bilskas pagasts, Smiltenes novads",
    "pasvaldiba": "Smiltenes novads",
    "pasvaldiba_slug": "smiltenes-novads",
    "nr_plana": 6,
    "avots_teksts": "Avots: Smiltenes novada CA plāns, lpp. 132",
    "plans_url": "https://www.smiltenesnovads.lv/lv/media/41166/download?attachment",
    "plans_fails": "Smiltenes_novada_sadarbibas_teritorijas_CA_plans.md",
    "lpp": 132,
    "citats": "|6.|Bilskas pagasts|\"Pašvaldības māja\", Bilska, Bilskas pagasts,<br>Smiltenes novads|Pagasta pārvalde|",
    "izdevejs": "Smiltenes novads (pašvaldība)",
    "geokodesana": "varis_address",
    "adrese_vzd": "\"Pašvaldības māja\", Bilska, Bilskas pag., Smiltenes nov., LV-4706",
    "vzd_kods": "106226315",
    "plana_lat": null,
    "plana_lon": null,
    "koord_teksts": null,
    "karodzini": [],
    "izvilkuma_piezime": "'Pulcēšanās vieta' column holds the area ('Bilskas pagasts'); nosaukums taken from the 'Piezīmes' column",
    "komentars": "Avots: Smiltenes novada CA plāns, lpp. 132 · vieta noteikta pēc adreses (VZD)",
    "id": "smiltenes-novads-evak-5"
   },
   "geometry": {
    "type": "Point",
    "coordinates": [
     25.987634,
     57.49041
    ]
   }
  },
  {
   "type": "Feature",
   "properties": {
    "kategorija": "evakuacijas_punkts",
    "nosaukums": "Birzuļu tautas nams",
    "adrese": "\"Birzuļu tautas nams\", Mēri, Bilskas pagasts, Smiltenes novads",
    "pasvaldiba": "Smiltenes novads",
    "pasvaldiba_slug": "smiltenes-novads",
    "nr_plana": 7,
    "avots_teksts": "Avots: Smiltenes novada CA plāns, lpp. 132",
    "plans_url": "https://www.smiltenesnovads.lv/lv/media/41166/download?attachment",
    "plans_fails": "Smiltenes_novada_sadarbibas_teritorijas_CA_plans.md",
    "lpp": 132,
    "citats": "|7.|Bilskas pagasts|\"Birzuļu tautas nams\", Mēri, Bilskas<br>pagasts, Smiltenes novads|Birzuļu tautas nams|",
    "izdevejs": "Smiltenes novads (pašvaldība)",
    "geokodesana": "varis_address",
    "adrese_vzd": "\"Birzuļu tautas nams\", Mēri, Bilskas pag., Smiltenes nov., LV-4706",
    "vzd_kods": "105768032",
    "plana_lat": null,
    "plana_lon": null,
    "koord_teksts": null,
    "karodzini": [],
    "izvilkuma_piezime": "'Pulcēšanās vieta' column holds the area ('Bilskas pagasts'); nosaukums taken from the 'Piezīmes' column",
    "komentars": "Avots: Smiltenes novada CA plāns, lpp. 132 · vieta noteikta pēc adreses (VZD)",
    "id": "smiltenes-novads-evak-6"
   },
   "geometry": {
    "type": "Point",
    "coordinates": [
     26.089712,
     57.444116
    ]
   }
  },
  {
   "type": "Feature",
   "properties": {
    "kategorija": "evakuacijas_punkts",
    "nosaukums": "Blomes pamatskola",
    "adrese": "Cēsu iela 13, Blomes pagasts, Smiltenes novads",
    "pasvaldiba": "Smiltenes novads",
    "pasvaldiba_slug": "smiltenes-novads",
    "nr_plana": 8,
    "avots_teksts": "Avots: Smiltenes novada CA plāns, lpp. 132",
    "plans_url": "https://www.smiltenesnovads.lv/lv/media/41166/download?attachment",
    "plans_fails": "Smiltenes_novada_sadarbibas_teritorijas_CA_plans.md",
    "lpp": 132,
    "citats": "|8.|Blomes pagasts|Cēsu iela 13, Blomes pagasts, Smiltenes<br>novads|Blomes pamatskola|",
    "izdevejs": "Smiltenes novads (pašvaldība)",
    "geokodesana": "varis_address",
    "adrese_vzd": "Cēsu iela 13, Blome, Blomes pag., Smiltenes nov., LV-4707",
    "vzd_kods": "101202085",
    "plana_lat": null,
    "plana_lon": null,
    "koord_teksts": null,
    "karodzini": [],
    "izvilkuma_piezime": "'Pulcēšanās vieta' column holds the area ('Blomes pagasts'); nosaukums taken from the 'Piezīmes' column",
    "komentars": "Avots: Smiltenes novada CA plāns, lpp. 132 · vieta noteikta pēc adreses (VZD)",
    "id": "smiltenes-novads-evak-7"
   },
   "geometry": {
    "type": "Point",
    "coordinates": [
     25.776952,
     57.437332
    ]
   }
  },
  {
   "type": "Feature",
   "properties": {
    "kategorija": "evakuacijas_punkts",
    "nosaukums": "Launkalnes pagasta Tautas nams",
    "adrese": "Ezera iela 2A, Launkalne, Launkalnes pagasts, Smiltenes novads",
    "pasvaldiba": "Smiltenes novads",
    "pasvaldiba_slug": "smiltenes-novads",
    "nr_plana": 9,
    "avots_teksts": "Avots: Smiltenes novada CA plāns, lpp. 132",
    "plans_url": "https://www.smiltenesnovads.lv/lv/media/41166/download?attachment",
    "plans_fails": "Smiltenes_novada_sadarbibas_teritorijas_CA_plans.md",
    "lpp": 132,
    "citats": "|9.|Launkalnes pagasts|Ezera iela 2A, Launkalne, Launkalnes<br>pagasts, Smiltenes novads|Launkalnes pagasta<br>Tautas nams|",
    "izdevejs": "Smiltenes novads (pašvaldība)",
    "geokodesana": "varis_address",
    "adrese_vzd": "Ezera iela 2A, Launkalne, Launkalnes pag., Smiltenes nov., LV-4718",
    "vzd_kods": "104217774",
    "plana_lat": null,
    "plana_lon": null,
    "koord_teksts": null,
    "karodzini": [],
    "izvilkuma_piezime": "'Pulcēšanās vieta' column holds the area ('Launkalnes pagasts'); nosaukums taken from the 'Piezīmes' column",
    "komentars": "Avots: Smiltenes novada CA plāns, lpp. 132 · vieta noteikta pēc adreses (VZD)",
    "id": "smiltenes-novads-evak-8"
   },
   "geometry": {
    "type": "Point",
    "coordinates": [
     25.854515,
     57.32603
    ]
   }
  },
  {
   "type": "Feature",
   "properties": {
    "kategorija": "evakuacijas_punkts",
    "nosaukums": "Palsmanes kultūras centrs",
    "adrese": "\"Kultūras nams\", Palsmane, Palsmanes pagasts, Smiltenes novads",
    "pasvaldiba": "Smiltenes novads",
    "pasvaldiba_slug": "smiltenes-novads",
    "nr_plana": 10,
    "avots_teksts": "Avots: Smiltenes novada CA plāns, lpp. 132",
    "plans_url": "https://www.smiltenesnovads.lv/lv/media/41166/download?attachment",
    "plans_fails": "Smiltenes_novada_sadarbibas_teritorijas_CA_plans.md",
    "lpp": 132,
    "citats": "|10.|Palsmanes pagasts|\"Kultūras nams\", Palsmane, Palsmanes<br>pagasts, Smiltenes novads|Palsmanes kultūras<br>centrs|",
    "izdevejs": "Smiltenes novads (pašvaldība)",
    "geokodesana": "varis_address",
    "adrese_vzd": "\"Kultūras nams\", Palsmane, Palsmanes pag., Smiltenes nov., LV-4724",
    "vzd_kods": "103701744",
    "plana_lat": null,
    "plana_lon": null,
    "koord_teksts": null,
    "karodzini": [],
    "izvilkuma_piezime": "'Pulcēšanās vieta' column holds the area ('Palsmanes pagasts'); nosaukums taken from the 'Piezīmes' column",
    "komentars": "Avots: Smiltenes novada CA plāns, lpp. 132 · vieta noteikta pēc adreses (VZD)",
    "id": "smiltenes-novads-evak-9"
   },
   "geometry": {
    "type": "Point",
    "coordinates": [
     26.183099,
     57.390049
    ]
   }
  },
  {
   "type": "Feature",
   "properties": {
    "kategorija": "evakuacijas_punkts",
    "nosaukums": "Variņu pagasta Tautas nams",
    "adrese": "Oktobra iela 13, Variņu pagasts, Smiltenes novads",
    "pasvaldiba": "Smiltenes novads",
    "pasvaldiba_slug": "smiltenes-novads",
    "nr_plana": 11,
    "avots_teksts": "Avots: Smiltenes novada CA plāns, lpp. 132",
    "plans_url": "https://www.smiltenesnovads.lv/lv/media/41166/download?attachment",
    "plans_fails": "Smiltenes_novada_sadarbibas_teritorijas_CA_plans.md",
    "lpp": 132,
    "citats": "|11.|Variņu pagasts|Oktobra iela 13, Variņu pagasts, Smiltenes<br>novads|Variņu pagasta Tautas<br>nams|",
    "izdevejs": "Smiltenes novads (pašvaldība)",
    "geokodesana": "varis_address",
    "adrese_vzd": "Oktobra iela 13, Variņi, Variņu pag., Smiltenes nov., LV-4726",
    "vzd_kods": "105440915",
    "plana_lat": null,
    "plana_lon": null,
    "koord_teksts": null,
    "karodzini": [],
    "izvilkuma_piezime": "'Pulcēšanās vieta' column holds the area ('Variņu pagasts'); nosaukums taken from the 'Piezīmes' column",
    "komentars": "Avots: Smiltenes novada CA plāns, lpp. 132 · vieta noteikta pēc adreses (VZD)",
    "id": "smiltenes-novads-evak-10"
   },
   "geometry": {
    "type": "Point",
    "coordinates": [
     26.169034,
     57.319247
    ]
   }
  },
  {
   "type": "Feature",
   "properties": {
    "kategorija": "evakuacijas_punkts",
    "nosaukums": "SIA \"Vidzemīte\" admin. ēka",
    "adrese": "Vidzeme, Rīgas iela 71, Brantu pagasts, Smiltenes novads",
    "pasvaldiba": "Smiltenes novads",
    "pasvaldiba_slug": "smiltenes-novads",
    "nr_plana": 12,
    "avots_teksts": "Avots: Smiltenes novada CA plāns, lpp. 132",
    "plans_url": "https://www.smiltenesnovads.lv/lv/media/41166/download?attachment",
    "plans_fails": "Smiltenes_novada_sadarbibas_teritorijas_CA_plans.md",
    "lpp": 132,
    "citats": "|12.|Brantu pagasts|Vidzeme, Rīgas iela 71, Brantu pagasts,<br>Smiltenes novads|SIA \"Vidzemīte\"<br>admin. ēka|",
    "izdevejs": "Smiltenes novads (pašvaldība)",
    "geokodesana": "varis_address",
    "adrese_vzd": "Rīgas iela 71, Vidzeme, Brantu pag., Smiltenes nov., LV-4729",
    "vzd_kods": "103780924",
    "plana_lat": null,
    "plana_lon": null,
    "koord_teksts": null,
    "karodzini": [],
    "izvilkuma_piezime": "'Pulcēšanās vieta' column holds the area ('Brantu pagasts'); nosaukums taken from the 'Piezīmes' column",
    "komentars": "Avots: Smiltenes novada CA plāns, lpp. 132 · vieta noteikta pēc adreses (VZD)",
    "id": "smiltenes-novads-evak-11"
   },
   "geometry": {
    "type": "Point",
    "coordinates": [
     25.871428,
     57.404033
    ]
   }
  },
  {
   "type": "Feature",
   "properties": {
    "kategorija": "evakuacijas_punkts",
    "nosaukums": "Grundzāles pagasta administratīvā ēka",
    "adrese": "Tilta iela 5, Grundzāle, Grundzāles pagasts, Smiltenes novads",
    "pasvaldiba": "Smiltenes novads",
    "pasvaldiba_slug": "smiltenes-novads",
    "nr_plana": 13,
    "avots_teksts": "Avots: Smiltenes novada CA plāns, lpp. 132",
    "plans_url": "https://www.smiltenesnovads.lv/lv/media/41166/download?attachment",
    "plans_fails": "Smiltenes_novada_sadarbibas_teritorijas_CA_plans.md",
    "lpp": 132,
    "citats": "|13.|Grundzāles pagasts|Tilta iela 5, Grundzāle, Grundzāles pagasts,<br>Smiltenes novads|Grundzāles pagasta<br>administratīvā ēka|",
    "izdevejs": "Smiltenes novads (pašvaldība)",
    "geokodesana": "varis_address",
    "adrese_vzd": "Tilta iela 5, Grundzāle, Grundzāles pag., Smiltenes nov., LV-4713",
    "vzd_kods": "102072872",
    "plana_lat": null,
    "plana_lon": null,
    "koord_teksts": null,
    "karodzini": [],
    "izvilkuma_piezime": "'Pulcēšanās vieta' column holds the area ('Grundzāles pagasts'); nosaukums taken from the 'Piezīmes' column",
    "komentars": "Avots: Smiltenes novada CA plāns, lpp. 132 · vieta noteikta pēc adreses (VZD)",
    "id": "smiltenes-novads-evak-12"
   },
   "geometry": {
    "type": "Point",
    "coordinates": [
     26.266998,
     57.458171
    ]
   }
  },
  {
   "type": "Feature",
   "properties": {
    "kategorija": "evakuacijas_punkts",
    "nosaukums": "Trapenes sākumskola",
    "adrese": "\"Skola\", Trapene, Trapenes pagasts, Smiltenes novads",
    "pasvaldiba": "Smiltenes novads",
    "pasvaldiba_slug": "smiltenes-novads",
    "nr_plana": 15,
    "avots_teksts": "Avots: Smiltenes novada CA plāns, lpp. 132",
    "plans_url": "https://www.smiltenesnovads.lv/lv/media/41166/download?attachment",
    "plans_fails": "Smiltenes_novada_sadarbibas_teritorijas_CA_plans.md",
    "lpp": 132,
    "citats": "|15.|Trapenes pagasts|\"Skola\", Trapene, Trapenes pagasts,<br>Smiltenes novads|Trapenes sākumskola|",
    "izdevejs": "Smiltenes novads (pašvaldība)",
    "geokodesana": "varis_address",
    "adrese_vzd": "\"Skola\", Trapene, Trapenes pag., Smiltenes nov., LV-4348",
    "vzd_kods": "103707378",
    "plana_lat": null,
    "plana_lon": null,
    "koord_teksts": null,
    "karodzini": [],
    "izvilkuma_piezime": "'Pulcēšanās vieta' column holds the area ('Trapenes pagasts'); nosaukums taken from the 'Piezīmes' column",
    "komentars": "Avots: Smiltenes novada CA plāns, lpp. 132 · vieta noteikta pēc adreses (VZD)",
    "id": "smiltenes-novads-evak-13"
   },
   "geometry": {
    "type": "Point",
    "coordinates": [
     26.592212,
     57.448594
    ]
   }
  },
  {
   "type": "Feature",
   "properties": {
    "kategorija": "evakuacijas_punkts",
    "nosaukums": "skola ēka",
    "adrese": "\"Sikšņu skola\", Vidaga, Virešu pagasts, Smiltenes novads",
    "pasvaldiba": "Smiltenes novads",
    "pasvaldiba_slug": "smiltenes-novads",
    "nr_plana": 16,
    "avots_teksts": "Avots: Smiltenes novada CA plāns, lpp. 132",
    "plans_url": "https://www.smiltenesnovads.lv/lv/media/41166/download?attachment",
    "plans_fails": "Smiltenes_novada_sadarbibas_teritorijas_CA_plans.md",
    "lpp": 132,
    "citats": "|16.|Virešu pagasts|\"Sikšņu skola\", Vidaga, Virešu pagasts,<br>Smiltenes novads|skola ēka|",
    "izdevejs": "Smiltenes novads (pašvaldība)",
    "geokodesana": "varis_address",
    "adrese_vzd": "\"Sikšņu skola\", Vidaga, Virešu pag., Smiltenes nov., LV-4355",
    "vzd_kods": "105061846",
    "plana_lat": null,
    "plana_lon": null,
    "koord_teksts": null,
    "karodzini": [],
    "izvilkuma_piezime": "'Pulcēšanās vieta' column holds the area ('Virešu pagasts'); nosaukums taken from the 'Piezīmes' column",
    "komentars": "Avots: Smiltenes novada CA plāns, lpp. 132 · vieta noteikta pēc adreses (VZD)",
    "id": "smiltenes-novads-evak-14"
   },
   "geometry": {
    "type": "Point",
    "coordinates": [
     26.353237,
     57.424278
    ]
   }
  },
  {
   "type": "Feature",
   "properties": {
    "kategorija": "evakuacijas_punkts",
    "nosaukums": "Drustu pagasta Tautas nams",
    "adrese": "Palsas iela 11, Drusti, Drustu pagasts, Smiltenes novads",
    "pasvaldiba": "Smiltenes novads",
    "pasvaldiba_slug": "smiltenes-novads",
    "nr_plana": 17,
    "avots_teksts": "Avots: Smiltenes novada CA plāns, lpp. 132",
    "plans_url": "https://www.smiltenesnovads.lv/lv/media/41166/download?attachment",
    "plans_fails": "Smiltenes_novada_sadarbibas_teritorijas_CA_plans.md",
    "lpp": 132,
    "citats": "|17.|Drustu pagasts|Palsas iela 11, Drusti, Drustu pagasts,<br>Smiltenes novads|Drustu pagasta Tautas<br>nams|",
    "izdevejs": "Smiltenes novads (pašvaldība)",
    "geokodesana": "varis_address",
    "adrese_vzd": "Palsas iela 11, Drusti, Drustu pag., Smiltenes nov., LV-4132",
    "vzd_kods": "103877427",
    "plana_lat": null,
    "plana_lon": null,
    "koord_teksts": null,
    "karodzini": [],
    "izvilkuma_piezime": "'Pulcēšanās vieta' column holds the area ('Drustu pagasts'); nosaukums taken from the 'Piezīmes' column",
    "komentars": "Avots: Smiltenes novada CA plāns, lpp. 132 · vieta noteikta pēc adreses (VZD)",
    "id": "smiltenes-novads-evak-15"
   },
   "geometry": {
    "type": "Point",
    "coordinates": [
     25.855424,
     57.231404
    ]
   }
  },
  {
   "type": "Feature",
   "properties": {
    "kategorija": "evakuacijas_punkts",
    "nosaukums": "Skolas ēka",
    "adrese": "Skolas iela 7, Drusti, Drustu pagasts, Smiltenes novads",
    "pasvaldiba": "Smiltenes novads",
    "pasvaldiba_slug": "smiltenes-novads",
    "nr_plana": 18,
    "avots_teksts": "Avots: Smiltenes novada CA plāns, lpp. 133",
    "plans_url": "https://www.smiltenesnovads.lv/lv/media/41166/download?attachment",
    "plans_fails": "Smiltenes_novada_sadarbibas_teritorijas_CA_plans.md",
    "lpp": 133,
    "citats": "|18.|Drustu pagasts|Skolas iela 7, Drusti, Drustu pagasts,<br>Smiltenes novads|Skolas ēka|",
    "izdevejs": "Smiltenes novads (pašvaldība)",
    "geokodesana": "varis_address",
    "adrese_vzd": "Skolas iela 7, Drusti, Drustu pag., Smiltenes nov., LV-4132",
    "vzd_kods": "103877628",
    "plana_lat": null,
    "plana_lon": null,
    "koord_teksts": null,
    "karodzini": [],
    "izvilkuma_piezime": "'Pulcēšanās vieta' column holds the area ('Drustu pagasts'); nosaukums taken from the 'Piezīmes' column",
    "komentars": "Avots: Smiltenes novada CA plāns, lpp. 133 · vieta noteikta pēc adreses (VZD)",
    "id": "smiltenes-novads-evak-16"
   },
   "geometry": {
    "type": "Point",
    "coordinates": [
     25.855366,
     57.22965
    ]
   }
  },
  {
   "type": "Feature",
   "properties": {
    "kategorija": "evakuacijas_punkts",
    "nosaukums": "Raunas pamatskola",
    "adrese": "Skolas iela 1, Rauna, Raunas pagasts, Smiltenes novads",
    "pasvaldiba": "Smiltenes novads",
    "pasvaldiba_slug": "smiltenes-novads",
    "nr_plana": 19,
    "avots_teksts": "Avots: Smiltenes novada CA plāns, lpp. 133",
    "plans_url": "https://www.smiltenesnovads.lv/lv/media/41166/download?attachment",
    "plans_fails": "Smiltenes_novada_sadarbibas_teritorijas_CA_plans.md",
    "lpp": 133,
    "citats": "|19.|Raunas pagasts|Skolas iela 1, Rauna, Raunas pagasts,<br>Smiltenes novads|Raunas pamatskola|",
    "izdevejs": "Smiltenes novads (pašvaldība)",
    "geokodesana": "varis_address",
    "adrese_vzd": "Skolas iela 1, Rauna, Raunas pag., Smiltenes nov., LV-4131",
    "vzd_kods": "101594100",
    "plana_lat": null,
    "plana_lon": null,
    "koord_teksts": null,
    "karodzini": [],
    "izvilkuma_piezime": "'Pulcēšanās vieta' column holds the area ('Raunas pagasts'); nosaukums taken from the 'Piezīmes' column",
    "komentars": "Avots: Smiltenes novada CA plāns, lpp. 133 · vieta noteikta pēc adreses (VZD)",
    "id": "smiltenes-novads-evak-17"
   },
   "geometry": {
    "type": "Point",
    "coordinates": [
     25.615267,
     57.330209
    ]
   }
  },
  {
   "type": "Feature",
   "properties": {
    "kategorija": "evakuacijas_punkts",
    "nosaukums": "aktu zāle",
    "adrese": "Dīķa iela 6, Rauna, Raunas pagasts, Smiltenes novads",
    "pasvaldiba": "Smiltenes novads",
    "pasvaldiba_slug": "smiltenes-novads",
    "nr_plana": 20,
    "avots_teksts": "Avots: Smiltenes novada CA plāns, lpp. 133",
    "plans_url": "https://www.smiltenesnovads.lv/lv/media/41166/download?attachment",
    "plans_fails": "Smiltenes_novada_sadarbibas_teritorijas_CA_plans.md",
    "lpp": 133,
    "citats": "|20.|Raunas pagasts|Dīķa iela 6, Rauna, Raunas pagasts,||",
    "izdevejs": "Smiltenes novads (pašvaldība)",
    "geokodesana": "varis_address",
    "adrese_vzd": "Dīķa iela 6, Rauna, Raunas pag., Smiltenes nov., LV-4131",
    "vzd_kods": "104297015",
    "plana_lat": null,
    "plana_lon": null,
    "koord_teksts": null,
    "karodzini": [],
    "izvilkuma_piezime": "row split over two lines by the conversion; 'Smiltenes novads' and the note 'aktu zāle' are on the next line",
    "komentars": "Avots: Smiltenes novada CA plāns, lpp. 133 · vieta noteikta pēc adreses (VZD)",
    "id": "smiltenes-novads-evak-18"
   },
   "geometry": {
    "type": "Point",
    "coordinates": [
     25.617715,
     57.328943
    ]
   }
  },
  {
   "type": "Feature",
   "properties": {
    "kategorija": "evakuacijas_punkts",
    "nosaukums": "Rozes klubs",
    "adrese": "''Rozes'', Raunas pagasts, Smiltenes novads",
    "pasvaldiba": "Smiltenes novads",
    "pasvaldiba_slug": "smiltenes-novads",
    "nr_plana": 21,
    "avots_teksts": "Avots: Smiltenes novada CA plāns, lpp. 133",
    "plans_url": "https://www.smiltenesnovads.lv/lv/media/41166/download?attachment",
    "plans_fails": "Smiltenes_novada_sadarbibas_teritorijas_CA_plans.md",
    "lpp": 133,
    "citats": "|21.|Raunas pagasts|''Rozes'', Raunas pagasts, Smiltenes novads|Rozes klubs|",
    "izdevejs": "Smiltenes novads (pašvaldība)",
    "geokodesana": "varis_address",
    "adrese_vzd": "\"Rozes\", Rozes, Raunas pag., Smiltenes nov., LV-4131",
    "vzd_kods": "104304878",
    "plana_lat": null,
    "plana_lon": null,
    "koord_teksts": null,
    "karodzini": [],
    "izvilkuma_piezime": "'Pulcēšanās vieta' column holds the area ('Raunas pagasts'); nosaukums taken from the 'Piezīmes' column",
    "komentars": "Avots: Smiltenes novada CA plāns, lpp. 133 · vieta noteikta pēc adreses (VZD)",
    "id": "smiltenes-novads-evak-19"
   },
   "geometry": {
    "type": "Point",
    "coordinates": [
     25.632227,
     57.378982
    ]
   }
  },
  {
   "type": "Feature",
   "properties": {
    "kategorija": "evakuacijas_punkts",
    "nosaukums": "Pilsētas centrālais laukums — Centrālajā laukumā pie Sabiles Informācijas centra",
    "adrese": "Strautu iela 4, Sabile",
    "pasvaldiba": "Talsu novads",
    "pasvaldiba_slug": "talsu-novads",
    "nr_plana": 1,
    "avots_teksts": "Avots: Talsu novada CA plāns, lpp. 50",
    "plans_url": "https://www.talsunovads.lv/lv/media/31740/download?attachment",
    "plans_fails": "talsu_ca-plans_publicejama-versija.md",
    "lpp": 50,
    "citats": "|1.|Sabile|Pilsētas centrālais<br>laukums|Centrālajā laukumā pie<br>Sabiles Informācijas centra|Strautu iela 4|",
    "izdevejs": "Talsu novads (pašvaldība)",
    "geokodesana": "varis_address",
    "adrese_vzd": "Strautu iela 4, Sabile, Talsu nov., LV-3294",
    "vzd_kods": "102090905",
    "plana_lat": null,
    "plana_lon": null,
    "koord_teksts": null,
    "karodzini": [],
    "izvilkuma_piezime": "nr is the town/parish group number (merged cell shared by several rows); town appended from the group column (address cell has street only)",
    "komentars": "Avots: Talsu novada CA plāns, lpp. 50 · vieta noteikta pēc adreses (VZD)",
    "id": "talsu-novads-evak-1"
   },
   "geometry": {
    "type": "Point",
    "coordinates": [
     22.572077,
     57.04552
    ]
   }
  },
  {
   "type": "Feature",
   "properties": {
    "kategorija": "evakuacijas_punkts",
    "nosaukums": "Pašvaldības ēka — Laukumā pie pārvaldes ēkas",
    "adrese": "Dumpīšu iela 3a, Stende",
    "pasvaldiba": "Talsu novads",
    "pasvaldiba_slug": "talsu-novads",
    "nr_plana": 2,
    "avots_teksts": "Avots: Talsu novada CA plāns, lpp. 50",
    "plans_url": "https://www.talsunovads.lv/lv/media/31740/download?attachment",
    "plans_fails": "talsu_ca-plans_publicejama-versija.md",
    "lpp": 50,
    "citats": "|2.|Stende|Pašvaldības ēka|Laukumā pie pārvaldes<br>ēkas|Dumpīšu iela 3a,<br>Stende|",
    "izdevejs": "Talsu novads (pašvaldība)",
    "geokodesana": "varis_address",
    "adrese_vzd": "Dumpīšu iela 3A, Stende, Talsu nov., LV-3257",
    "vzd_kods": "106256380",
    "plana_lat": null,
    "plana_lon": null,
    "koord_teksts": null,
    "karodzini": [],
    "izvilkuma_piezime": "nr is the town/parish group number (merged cell shared by several rows)",
    "komentars": "Avots: Talsu novada CA plāns, lpp. 50 · vieta noteikta pēc adreses (VZD)",
    "id": "talsu-novads-evak-2"
   },
   "geometry": {
    "type": "Point",
    "coordinates": [
     22.538883,
     57.14848
    ]
   }
  },
  {
   "type": "Feature",
   "properties": {
    "kategorija": "evakuacijas_punkts",
    "nosaukums": "Pilsētas laukums — Pilsētas laukumā pie Talsu tautas nama",
    "adrese": "Lielā iela 19/21, Talsi",
    "pasvaldiba": "Talsu novads",
    "pasvaldiba_slug": "talsu-novads",
    "nr_plana": 3,
    "avots_teksts": "Avots: Talsu novada CA plāns, lpp. 50",
    "plans_url": "https://www.talsunovads.lv/lv/media/31740/download?attachment",
    "plans_fails": "talsu_ca-plans_publicejama-versija.md",
    "lpp": 50,
    "citats": "|||Pilsētas laukums|Pilsētas laukumā pie Talsu<br>tautas nama|Lielā iela 19/21, Talsi|",
    "izdevejs": "Talsu novads (pašvaldība)",
    "geokodesana": "varis_address",
    "adrese_vzd": "Lielā iela 19/21, Talsi, Talsu nov., LV-3201",
    "vzd_kods": "101237094",
    "plana_lat": null,
    "plana_lon": null,
    "koord_teksts": null,
    "karodzini": [],
    "izvilkuma_piezime": "nr is the town/parish group number (merged cell shared by several rows)",
    "komentars": "Avots: Talsu novada CA plāns, lpp. 50 · vieta noteikta pēc adreses (VZD)",
    "id": "talsu-novads-evak-3"
   },
   "geometry": {
    "type": "Point",
    "coordinates": [
     22.590697,
     57.244044
    ]
   }
  },
  {
   "type": "Feature",
   "properties": {
    "kategorija": "evakuacijas_punkts",
    "nosaukums": "Auto stāvlaukums — Auto stāvlaukumā pie SIA “Talsu namsaimnieks”",
    "adrese": "Ezeru laukums 2, Talsi",
    "pasvaldiba": "Talsu novads",
    "pasvaldiba_slug": "talsu-novads",
    "nr_plana": 3,
    "avots_teksts": "Avots: Talsu novada CA plāns, lpp. 50",
    "plans_url": "https://www.talsunovads.lv/lv/media/31740/download?attachment",
    "plans_fails": "talsu_ca-plans_publicejama-versija.md",
    "lpp": 50,
    "citats": "|||Auto stāvlaukums|Auto stāvlaukumā pie SIA<br>“Talsu namsaimnieks”|Ezeru laukums 2, Talsi|",
    "izdevejs": "Talsu novads (pašvaldība)",
    "geokodesana": "varis_address",
    "adrese_vzd": "Ezeru laukums 2, Talsi, Talsu nov., LV-3201",
    "vzd_kods": "105743926",
    "plana_lat": null,
    "plana_lon": null,
    "koord_teksts": null,
    "karodzini": [],
    "izvilkuma_piezime": "nr is the town/parish group number (merged cell shared by several rows)",
    "komentars": "Avots: Talsu novada CA plāns, lpp. 50 · vieta noteikta pēc adreses (VZD)",
    "id": "talsu-novads-evak-4"
   },
   "geometry": {
    "type": "Point",
    "coordinates": [
     22.591454,
     57.245011
    ]
   }
  },
  {
   "type": "Feature",
   "properties": {
    "kategorija": "evakuacijas_punkts",
    "nosaukums": "Talsu pašvaldības administratīvais centrs — Auto stāvlaukums blakus Talsu Kristīgajai skolai un Talsu sporta nama",
    "adrese": "Kareivju 7, Talsi",
    "pasvaldiba": "Talsu novads",
    "pasvaldiba_slug": "talsu-novads",
    "nr_plana": 3,
    "avots_teksts": "Avots: Talsu novada CA plāns, lpp. 50",
    "plans_url": "https://www.talsunovads.lv/lv/media/31740/download?attachment",
    "plans_fails": "talsu_ca-plans_publicejama-versija.md",
    "lpp": 50,
    "citats": "|||Talsu pašvaldības<br>administratīvais centrs|Auto stāvlaukums blakus<br>Talsu Kristīgajai skolai un<br>Talsu sporta nama|Kareivju 7, Talsi|",
    "izdevejs": "Talsu novads (pašvaldība)",
    "geokodesana": "varis_address",
    "adrese_vzd": "Kareivju iela 7, Talsi, Talsu nov., LV-3201",
    "vzd_kods": "101234714",
    "plana_lat": null,
    "plana_lon": null,
    "koord_teksts": null,
    "karodzini": [],
    "izvilkuma_piezime": "nr is the town/parish group number (merged cell shared by several rows)",
    "komentars": "Avots: Talsu novada CA plāns, lpp. 50 · vieta noteikta pēc adreses (VZD)",
    "id": "talsu-novads-evak-5"
   },
   "geometry": {
    "type": "Point",
    "coordinates": [
     22.587376,
     57.246969
    ]
   }
  },
  {
   "type": "Feature",
   "properties": {
    "kategorija": "evakuacijas_punkts",
    "nosaukums": "Valdemārpils vidusskola — Skolas pagalmā",
    "adrese": "Skolas iela 3, Valdemārpils",
    "pasvaldiba": "Talsu novads",
    "pasvaldiba_slug": "talsu-novads",
    "nr_plana": 4,
    "avots_teksts": "Avots: Talsu novada CA plāns, lpp. 50",
    "plans_url": "https://www.talsunovads.lv/lv/media/31740/download?attachment",
    "plans_fails": "talsu_ca-plans_publicejama-versija.md",
    "lpp": 50,
    "citats": "|||Valdemārpils<br>vidusskola|Skolas pagalmā|Skolas iela 3,|",
    "izdevejs": "Talsu novads (pašvaldība)",
    "geokodesana": "varis_address",
    "adrese_vzd": "Skolas iela 3, Valdemārpils, Talsu nov., LV-3260",
    "vzd_kods": "101248757",
    "plana_lat": null,
    "plana_lon": null,
    "koord_teksts": null,
    "karodzini": [],
    "izvilkuma_piezime": "nr is the town/parish group number (merged cell shared by several rows); town appended from the group column (address cell has street only)",
    "komentars": "Avots: Talsu novada CA plāns, lpp. 50 · vieta noteikta pēc adreses (VZD)",
    "id": "talsu-novads-evak-6"
   },
   "geometry": {
    "type": "Point",
    "coordinates": [
     22.594888,
     57.373832
    ]
   }
  },
  {
   "type": "Feature",
   "properties": {
    "kategorija": "evakuacijas_punkts",
    "nosaukums": "Pagasta pārvalde — Pie pašvaldības ēkas",
    "adrese": "Raiņa iela 16, Valdemārpils",
    "pasvaldiba": "Talsu novads",
    "pasvaldiba_slug": "talsu-novads",
    "nr_plana": 4,
    "avots_teksts": "Avots: Talsu novada CA plāns, lpp. 50",
    "plans_url": "https://www.talsunovads.lv/lv/media/31740/download?attachment",
    "plans_fails": "talsu_ca-plans_publicejama-versija.md",
    "lpp": 50,
    "citats": "|||Pagasta pārvalde|Pie pašvaldības ēkas|Raiņa iela 16|",
    "izdevejs": "Talsu novads (pašvaldība)",
    "geokodesana": "varis_address",
    "adrese_vzd": "Raiņa iela 16, Valdemārpils, Talsu nov., LV-3260",
    "vzd_kods": "101248652",
    "plana_lat": null,
    "plana_lon": null,
    "koord_teksts": null,
    "karodzini": [],
    "izvilkuma_piezime": "nr is the town/parish group number (merged cell shared by several rows); town appended from the group column (address cell has street only)",
    "komentars": "Avots: Talsu novada CA plāns, lpp. 50 · vieta noteikta pēc adreses (VZD)",
    "id": "talsu-novads-evak-7"
   },
   "geometry": {
    "type": "Point",
    "coordinates": [
     22.593414,
     57.374563
    ]
   }
  },
  {
   "type": "Feature",
   "properties": {
    "kategorija": "evakuacijas_punkts",
    "nosaukums": "Valdemārpils bibliotēka — Pie bibliotēkas",
    "adrese": "Raiņa iela 14A, Valdemārpils",
    "pasvaldiba": "Talsu novads",
    "pasvaldiba_slug": "talsu-novads",
    "nr_plana": 4,
    "avots_teksts": "Avots: Talsu novada CA plāns, lpp. 50",
    "plans_url": "https://www.talsunovads.lv/lv/media/31740/download?attachment",
    "plans_fails": "talsu_ca-plans_publicejama-versija.md",
    "lpp": 50,
    "citats": "|4.|Valdemārpils|Valdemārpils<br>bibliotēka|Pie bibliotēkas|Raiņa iela 14A|",
    "izdevejs": "Talsu novads (pašvaldība)",
    "geokodesana": "varis_address",
    "adrese_vzd": "Raiņa iela 14A, Valdemārpils, Talsu nov., LV-3260",
    "vzd_kods": "106300765",
    "plana_lat": null,
    "plana_lon": null,
    "koord_teksts": null,
    "karodzini": [],
    "izvilkuma_piezime": "nr is the town/parish group number (merged cell shared by several rows); town appended from the group column (address cell has street only)",
    "komentars": "Avots: Talsu novada CA plāns, lpp. 50 · vieta noteikta pēc adreses (VZD)",
    "id": "talsu-novads-evak-8"
   },
   "geometry": {
    "type": "Point",
    "coordinates": [
     22.59016,
     57.375065
    ]
   }
  },
  {
   "type": "Feature",
   "properties": {
    "kategorija": "evakuacijas_punkts",
    "nosaukums": "Valdemārpils tirgus laukums — Tirgus laukumā",
    "adrese": "Lielā iela 6A, Valdemārpils",
    "pasvaldiba": "Talsu novads",
    "pasvaldiba_slug": "talsu-novads",
    "nr_plana": 4,
    "avots_teksts": "Avots: Talsu novada CA plāns, lpp. 50",
    "plans_url": "https://www.talsunovads.lv/lv/media/31740/download?attachment",
    "plans_fails": "talsu_ca-plans_publicejama-versija.md",
    "lpp": 50,
    "citats": "|||Valdemārpils tirgus<br>laukums|Tirgus laukumā|Lielā iela 6A|",
    "izdevejs": "Talsu novads (pašvaldība)",
    "geokodesana": "varis_address",
    "adrese_vzd": "Lielā iela 6A, Valdemārpils, Talsu nov., LV-3260",
    "vzd_kods": "101248523",
    "plana_lat": null,
    "plana_lon": null,
    "koord_teksts": null,
    "karodzini": [],
    "izvilkuma_piezime": "nr is the town/parish group number (merged cell shared by several rows); town appended from the group column (address cell has street only)",
    "komentars": "Avots: Talsu novada CA plāns, lpp. 50 · vieta noteikta pēc adreses (VZD)",
    "id": "talsu-novads-evak-9"
   },
   "geometry": {
    "type": "Point",
    "coordinates": [
     22.591863,
     57.37114
    ]
   }
  },
  {
   "type": "Feature",
   "properties": {
    "kategorija": "evakuacijas_punkts",
    "nosaukums": "Abavas bibliotēka — Pie Abavas bibliotēkas",
    "adrese": "Vecvalgale, Valgale, Abavaspagasts",
    "pasvaldiba": "Talsu novads",
    "pasvaldiba_slug": "talsu-novads",
    "nr_plana": 5,
    "avots_teksts": "Avots: Talsu novada CA plāns, lpp. 50",
    "plans_url": "https://www.talsunovads.lv/lv/media/31740/download?attachment",
    "plans_fails": "talsu_ca-plans_publicejama-versija.md",
    "lpp": 50,
    "citats": "|5.|Abavas<br>pagasts|Abavas bibliotēka|Pie Abavas bibliotēkas|Vecvalgale, Valgale,<br>Abavaspagasts|",
    "izdevejs": "Talsu novads (pašvaldība)",
    "geokodesana": "varis_address",
    "adrese_vzd": "\"Vecvalgale\", Valgale, Abavas pag., Talsu nov., LV-3294",
    "vzd_kods": "102823476",
    "plana_lat": null,
    "plana_lon": null,
    "koord_teksts": null,
    "karodzini": [],
    "izvilkuma_piezime": "nr is the town/parish group number (merged cell shared by several rows)",
    "komentars": "Avots: Talsu novada CA plāns, lpp. 50 · vieta noteikta pēc adreses (VZD)",
    "id": "talsu-novads-evak-10"
   },
   "geometry": {
    "type": "Point",
    "coordinates": [
     22.47325,
     57.051251
    ]
   }
  },
  {
   "type": "Feature",
   "properties": {
    "kategorija": "evakuacijas_punkts",
    "nosaukums": "Laukums — Laukumā",
    "adrese": "Centra aleja 5, Lubezere, Ārlavas pagasts",
    "pasvaldiba": "Talsu novads",
    "pasvaldiba_slug": "talsu-novads",
    "nr_plana": 6,
    "avots_teksts": "Avots: Talsu novada CA plāns, lpp. 50",
    "plans_url": "https://www.talsunovads.lv/lv/media/31740/download?attachment",
    "plans_fails": "talsu_ca-plans_publicejama-versija.md",
    "lpp": 50,
    "citats": "|6.|Ārlavas<br>pagasts|Laukums|Laukumā|Centra aleja 5,<br>Lubezere, Ārlavas<br>pagasts|",
    "izdevejs": "Talsu novads (pašvaldība)",
    "geokodesana": "varis_address",
    "adrese_vzd": "Centra aleja 5, Lubezere, Ārlavas pag., Talsu nov., LV-3262",
    "vzd_kods": "101249010",
    "plana_lat": null,
    "plana_lon": null,
    "koord_teksts": null,
    "karodzini": [],
    "izvilkuma_piezime": "nr is the town/parish group number (merged cell shared by several rows)",
    "komentars": "Avots: Talsu novada CA plāns, lpp. 50 · vieta noteikta pēc adreses (VZD)",
    "id": "talsu-novads-evak-11"
   },
   "geometry": {
    "type": "Point",
    "coordinates": [
     22.616897,
     57.415029
    ]
   }
  },
  {
   "type": "Feature",
   "properties": {
    "kategorija": "evakuacijas_punkts",
    "nosaukums": "Tautas nams — Laukumā pie tautas nama",
    "adrese": "“Nogales tautas nams”, Nogale, Ārlavas pagasts",
    "pasvaldiba": "Talsu novads",
    "pasvaldiba_slug": "talsu-novads",
    "nr_plana": 6,
    "avots_teksts": "Avots: Talsu novada CA plāns, lpp. 51",
    "plans_url": "https://www.talsunovads.lv/lv/media/31740/download?attachment",
    "plans_fails": "talsu_ca-plans_publicejama-versija.md",
    "lpp": 51,
    "citats": "|||Tautas nams|Laukumā pie tautas nama|“Nogales tautas<br>nams”, Nogale,<br>Ārlavas pagasts|",
    "izdevejs": "Talsu novads (pašvaldība)",
    "geokodesana": "varis_address",
    "adrese_vzd": "\"Nogales tautas nams\", Nogale, Ārlavas pag., Talsu nov., LV-3260",
    "vzd_kods": "102829743",
    "plana_lat": null,
    "plana_lon": null,
    "koord_teksts": null,
    "karodzini": [],
    "izvilkuma_piezime": "nr is the town/parish group number (merged cell shared by several rows)",
    "komentars": "Avots: Talsu novada CA plāns, lpp. 51 · vieta noteikta pēc adreses (VZD)",
    "id": "talsu-novads-evak-12"
   },
   "geometry": {
    "type": "Point",
    "coordinates": [
     22.735384,
     57.370123
    ]
   }
  },
  {
   "type": "Feature",
   "properties": {
    "kategorija": "evakuacijas_punkts",
    "nosaukums": "Balgales pagasta pārvalde — Laukumā pie pagasta ēkas",
    "adrese": "\"Grantiņi\", Dursupe, Balgales pagasts",
    "pasvaldiba": "Talsu novads",
    "pasvaldiba_slug": "talsu-novads",
    "nr_plana": 7,
    "avots_teksts": "Avots: Talsu novada CA plāns, lpp. 51",
    "plans_url": "https://www.talsunovads.lv/lv/media/31740/download?attachment",
    "plans_fails": "talsu_ca-plans_publicejama-versija.md",
    "lpp": 51,
    "citats": "|7.|Balgales<br>pagasts|Balgales pagasta<br>pārvalde|Laukumā pie pagasta ēkas|\"Grantiņi\", Dursupe,<br>Balgales pagasts|",
    "izdevejs": "Talsu novads (pašvaldība)",
    "geokodesana": "varis_address",
    "adrese_vzd": "\"Grantiņi\", Dursupe, Balgales pag., Talsu nov., LV-3287",
    "vzd_kods": "102869030",
    "plana_lat": null,
    "plana_lon": null,
    "koord_teksts": null,
    "karodzini": [],
    "izvilkuma_piezime": "nr is the town/parish group number (merged cell shared by several rows)",
    "komentars": "Avots: Talsu novada CA plāns, lpp. 51 · vieta noteikta pēc adreses (VZD)",
    "id": "talsu-novads-evak-13"
   },
   "geometry": {
    "type": "Point",
    "coordinates": [
     22.876891,
     57.190725
    ]
   }
  },
  {
   "type": "Feature",
   "properties": {
    "kategorija": "evakuacijas_punkts",
    "nosaukums": "Dursupes skola — Sporta centrā",
    "adrese": "\"Dursupes skola\", Dursupe, Balgales pagasts",
    "pasvaldiba": "Talsu novads",
    "pasvaldiba_slug": "talsu-novads",
    "nr_plana": 7,
    "avots_teksts": "Avots: Talsu novada CA plāns, lpp. 51",
    "plans_url": "https://www.talsunovads.lv/lv/media/31740/download?attachment",
    "plans_fails": "talsu_ca-plans_publicejama-versija.md",
    "lpp": 51,
    "citats": "|||Dursupes skola|Sporta centrā|\"Dursupes skola\",<br>Dursupe, Balgales<br>pagasts|",
    "izdevejs": "Talsu novads (pašvaldība)",
    "geokodesana": "varis_address",
    "adrese_vzd": "\"Dursupes skola\", Dursupe, Balgales pag., Talsu nov., LV-3287",
    "vzd_kods": "106452451",
    "plana_lat": null,
    "plana_lon": null,
    "koord_teksts": null,
    "karodzini": [],
    "izvilkuma_piezime": "nr is the town/parish group number (merged cell shared by several rows)",
    "komentars": "Avots: Talsu novada CA plāns, lpp. 51 · vieta noteikta pēc adreses (VZD)",
    "id": "talsu-novads-evak-14"
   },
   "geometry": {
    "type": "Point",
    "coordinates": [
     22.884803,
     57.1896
    ]
   }
  },
  {
   "type": "Feature",
   "properties": {
    "kategorija": "evakuacijas_punkts",
    "nosaukums": "Dundagas pils — Laukumā starp Dundagas pili un Luterāņu baznīcu",
    "adrese": "Pils ielā 14, Dundaga",
    "pasvaldiba": "Talsu novads",
    "pasvaldiba_slug": "talsu-novads",
    "nr_plana": 8,
    "avots_teksts": "Avots: Talsu novada CA plāns, lpp. 51",
    "plans_url": "https://www.talsunovads.lv/lv/media/31740/download?attachment",
    "plans_fails": "talsu_ca-plans_publicejama-versija.md",
    "lpp": 51,
    "citats": "|||Dundagas pils|Laukumā starp Dundagas<br>pili un Luterāņu baznīcu|Pils ielā 14, Dundaga|",
    "izdevejs": "Talsu novads (pašvaldība)",
    "geokodesana": "varis_address",
    "adrese_vzd": "Pils iela 14, Dundaga, Dundagas pag., Talsu nov., LV-3270",
    "vzd_kods": "101249590",
    "plana_lat": null,
    "plana_lon": null,
    "koord_teksts": null,
    "karodzini": [],
    "izvilkuma_piezime": "nr is the town/parish group number (merged cell shared by several rows)",
    "komentars": "Avots: Talsu novada CA plāns, lpp. 51 · vieta noteikta pēc adreses (VZD)",
    "id": "talsu-novads-evak-15"
   },
   "geometry": {
    "type": "Point",
    "coordinates": [
     22.355719,
     57.510217
    ]
   }
  },
  {
   "type": "Feature",
   "properties": {
    "kategorija": "evakuacijas_punkts",
    "nosaukums": "Dundagas vidusskola — Laukumā pie Dundagas vidusskolas",
    "adrese": "Talsu iela 18, Dundaga",
    "pasvaldiba": "Talsu novads",
    "pasvaldiba_slug": "talsu-novads",
    "nr_plana": 8,
    "avots_teksts": "Avots: Talsu novada CA plāns, lpp. 51",
    "plans_url": "https://www.talsunovads.lv/lv/media/31740/download?attachment",
    "plans_fails": "talsu_ca-plans_publicejama-versija.md",
    "lpp": 51,
    "citats": "|8.|Dundagas<br>pagasts|Dundagas vidusskola|Laukumā pie Dundagas<br>vidusskolas|Talsu iela 18, Dundaga|",
    "izdevejs": "Talsu novads (pašvaldība)",
    "geokodesana": "varis_address",
    "adrese_vzd": "Talsu iela 18, Dundaga, Dundagas pag., Talsu nov., LV-3270",
    "vzd_kods": "101249968",
    "plana_lat": null,
    "plana_lon": null,
    "koord_teksts": null,
    "karodzini": [],
    "izvilkuma_piezime": "nr is the town/parish group number (merged cell shared by several rows)",
    "komentars": "Avots: Talsu novada CA plāns, lpp. 51 · vieta noteikta pēc adreses (VZD)",
    "id": "talsu-novads-evak-16"
   },
   "geometry": {
    "type": "Point",
    "coordinates": [
     22.348268,
     57.507199
    ]
   }
  },
  {
   "type": "Feature",
   "properties": {
    "kategorija": "evakuacijas_punkts",
    "nosaukums": "Dundagas pamatskola — Laukumā pie Dundagas pamatskolas",
    "adrese": "Saules iela 8, Dundaga",
    "pasvaldiba": "Talsu novads",
    "pasvaldiba_slug": "talsu-novads",
    "nr_plana": 8,
    "avots_teksts": "Avots: Talsu novada CA plāns, lpp. 51",
    "plans_url": "https://www.talsunovads.lv/lv/media/31740/download?attachment",
    "plans_fails": "talsu_ca-plans_publicejama-versija.md",
    "lpp": 51,
    "citats": "|||Dundagas pamatskola|Laukumā pie Dundagas<br>pamatskolas|Saules iela 8, Dundaga|",
    "izdevejs": "Talsu novads (pašvaldība)",
    "geokodesana": "varis_address",
    "adrese_vzd": "Saules iela 8, Dundaga, Dundagas pag., Talsu nov., LV-3270",
    "vzd_kods": "101249896",
    "plana_lat": null,
    "plana_lon": null,
    "koord_teksts": null,
    "karodzini": [],
    "izvilkuma_piezime": "nr is the town/parish group number (merged cell shared by several rows)",
    "komentars": "Avots: Talsu novada CA plāns, lpp. 51 · vieta noteikta pēc adreses (VZD)",
    "id": "talsu-novads-evak-17"
   },
   "geometry": {
    "type": "Point",
    "coordinates": [
     22.354074,
     57.506316
    ]
   }
  },
  {
   "type": "Feature",
   "properties": {
    "kategorija": "evakuacijas_punkts",
    "nosaukums": "Pastendes pamatskola — Pie noliktavas ēkas",
    "adrese": "Skolas iela 1 A, Pastende",
    "pasvaldiba": "Talsu novads",
    "pasvaldiba_slug": "talsu-novads",
    "nr_plana": 9,
    "avots_teksts": "Avots: Talsu novada CA plāns, lpp. 51",
    "plans_url": "https://www.talsunovads.lv/lv/media/31740/download?attachment",
    "plans_fails": "talsu_ca-plans_publicejama-versija.md",
    "lpp": 51,
    "citats": "|9.|Ģibuļu pagasts|Pastendes pamatskola|Pie noliktavas ēkas|Skolas iela 1 A,<br>Pastende|",
    "izdevejs": "Talsu novads (pašvaldība)",
    "geokodesana": "varis_address",
    "adrese_vzd": "Skolas iela 1A, Pastende, Ģibuļu pag., Talsu nov., LV-3251",
    "vzd_kods": "102936610",
    "plana_lat": null,
    "plana_lon": null,
    "koord_teksts": null,
    "karodzini": [],
    "izvilkuma_piezime": "nr is the town/parish group number (merged cell shared by several rows)",
    "komentars": "Avots: Talsu novada CA plāns, lpp. 51 · vieta noteikta pēc adreses (VZD)",
    "id": "talsu-novads-evak-18"
   },
   "geometry": {
    "type": "Point",
    "coordinates": [
     22.518998,
     57.224247
    ]
   }
  },
  {
   "type": "Feature",
   "properties": {
    "kategorija": "evakuacijas_punkts",
    "nosaukums": "Pašvaldības ēka — Pie ēkas",
    "adrese": "“Bērnudārzs”, Tiņģere, Īvespagasts",
    "pasvaldiba": "Talsu novads",
    "pasvaldiba_slug": "talsu-novads",
    "nr_plana": 10,
    "avots_teksts": "Avots: Talsu novada CA plāns, lpp. 51",
    "plans_url": "https://www.talsunovads.lv/lv/media/31740/download?attachment",
    "plans_fails": "talsu_ca-plans_publicejama-versija.md",
    "lpp": 51,
    "citats": "|||Pašvaldības ēka|Pie ēkas|“Bērnudārzs”, Tiņģere,<br>Īvespagasts|",
    "izdevejs": "Talsu novads (pašvaldība)",
    "geokodesana": "varis_address",
    "adrese_vzd": "\"Bērnudārzs\", Tiņģere, Īves pag., Talsu nov., LV-3261",
    "vzd_kods": "105810823",
    "plana_lat": null,
    "plana_lon": null,
    "koord_teksts": null,
    "karodzini": [],
    "izvilkuma_piezime": "nr is the town/parish group number (merged cell shared by several rows)",
    "komentars": "Avots: Talsu novada CA plāns, lpp. 51 · vieta noteikta pēc adreses (VZD)",
    "id": "talsu-novads-evak-19"
   },
   "geometry": {
    "type": "Point",
    "coordinates": [
     22.527613,
     57.449519
    ]
   }
  },
  {
   "type": "Feature",
   "properties": {
    "kategorija": "evakuacijas_punkts",
    "nosaukums": "Tautas nams — Pie Tautas nama",
    "adrese": "“Tautas nams”, Kolka, Kolkaspagasts",
    "pasvaldiba": "Talsu novads",
    "pasvaldiba_slug": "talsu-novads",
    "nr_plana": 11,
    "avots_teksts": "Avots: Talsu novada CA plāns, lpp. 51",
    "plans_url": "https://www.talsunovads.lv/lv/media/31740/download?attachment",
    "plans_fails": "talsu_ca-plans_publicejama-versija.md",
    "lpp": 51,
    "citats": "|||Tautas nams|Pie Tautas nama|“Tautas nams”, Kolka,<br>Kolkaspagasts|",
    "izdevejs": "Talsu novads (pašvaldība)",
    "geokodesana": "varis_address",
    "adrese_vzd": "\"Tautas nams\", Kolka, Kolkas pag., Talsu nov., LV-3275",
    "vzd_kods": "103045061",
    "plana_lat": null,
    "plana_lon": null,
    "koord_teksts": null,
    "karodzini": [],
    "izvilkuma_piezime": "nr is the town/parish group number (merged cell shared by several rows)",
    "komentars": "Avots: Talsu novada CA plāns, lpp. 51 · vieta noteikta pēc adreses (VZD)",
    "id": "talsu-novads-evak-20"
   },
   "geometry": {
    "type": "Point",
    "coordinates": [
     22.593237,
     57.744914
    ]
   }
  },
  {
   "type": "Feature",
   "properties": {
    "kategorija": "evakuacijas_punkts",
    "nosaukums": "Lībiešu saieta nams — Pie Lībiešu saieta nama",
    "adrese": "“Pastnieki”, Kolka, Kolkaspagasts",
    "pasvaldiba": "Talsu novads",
    "pasvaldiba_slug": "talsu-novads",
    "nr_plana": 11,
    "avots_teksts": "Avots: Talsu novada CA plāns, lpp. 51",
    "plans_url": "https://www.talsunovads.lv/lv/media/31740/download?attachment",
    "plans_fails": "talsu_ca-plans_publicejama-versija.md",
    "lpp": 51,
    "citats": "|11.|Kolkas pagasts|Lībiešu saieta nams|Pie Lībiešu saieta nama|“Pastnieki”, Kolka,<br>Kolkaspagasts|",
    "izdevejs": "Talsu novads (pašvaldība)",
    "geokodesana": "varis_address",
    "adrese_vzd": "\"Pastnieki\", Kolka, Kolkas pag., Talsu nov., LV-3275",
    "vzd_kods": "103045978",
    "plana_lat": null,
    "plana_lon": null,
    "koord_teksts": null,
    "karodzini": [],
    "izvilkuma_piezime": "nr is the town/parish group number (merged cell shared by several rows)",
    "komentars": "Avots: Talsu novada CA plāns, lpp. 51 · vieta noteikta pēc adreses (VZD)",
    "id": "talsu-novads-evak-21"
   },
   "geometry": {
    "type": "Point",
    "coordinates": [
     22.584808,
     57.742038
    ]
   }
  },
  {
   "type": "Feature",
   "properties": {
    "kategorija": "evakuacijas_punkts",
    "nosaukums": "Lībiešu tautas nams — Pie Līvu tautas nama",
    "adrese": "“Lībiešu tautas nams”, Mazirbe, Kolkas pagasts",
    "pasvaldiba": "Talsu novads",
    "pasvaldiba_slug": "talsu-novads",
    "nr_plana": 11,
    "avots_teksts": "Avots: Talsu novada CA plāns, lpp. 51",
    "plans_url": "https://www.talsunovads.lv/lv/media/31740/download?attachment",
    "plans_fails": "talsu_ca-plans_publicejama-versija.md",
    "lpp": 51,
    "citats": "|||Lībiešu tautas nams|Pie Līvu tautas nama|“Lībiešu tautas nams”,<br>Mazirbe, Kolkas<br>pagasts|",
    "izdevejs": "Talsu novads (pašvaldība)",
    "geokodesana": "varis_address",
    "adrese_vzd": "\"Lībiešu tautas nams\", Mazirbe, Kolkas pag., Talsu nov., LV-3275",
    "vzd_kods": "103041503",
    "plana_lat": null,
    "plana_lon": null,
    "koord_teksts": null,
    "karodzini": [],
    "izvilkuma_piezime": "nr is the town/parish group number (merged cell shared by several rows)",
    "komentars": "Avots: Talsu novada CA plāns, lpp. 51 · vieta noteikta pēc adreses (VZD)",
    "id": "talsu-novads-evak-22"
   },
   "geometry": {
    "type": "Point",
    "coordinates": [
     22.317857,
     57.683639
    ]
   }
  },
  {
   "type": "Feature",
   "properties": {
    "kategorija": "evakuacijas_punkts",
    "nosaukums": "Laidzes pagasta pārvalde — Pie Laidzes pagasta pārvaldes",
    "adrese": "\"Mežrozes\", Laidze, Laidzespagasts",
    "pasvaldiba": "Talsu novads",
    "pasvaldiba_slug": "talsu-novads",
    "nr_plana": 13,
    "avots_teksts": "Avots: Talsu novada CA plāns, lpp. 51",
    "plans_url": "https://www.talsunovads.lv/lv/media/31740/download?attachment",
    "plans_fails": "talsu_ca-plans_publicejama-versija.md",
    "lpp": 51,
    "citats": "|13.|Laidzes<br>pagasts|Laidzes pagasta<br>pārvalde|Pie Laidzes pagasta<br>pārvaldes|\"Mežrozes\", Laidze,<br>Laidzespagasts|",
    "izdevejs": "Talsu novads (pašvaldība)",
    "geokodesana": "varis_address",
    "adrese_vzd": "\"Mežrozes\", Laidze, Laidzes pag., Talsu nov., LV-3280",
    "vzd_kods": "105768877",
    "plana_lat": null,
    "plana_lon": null,
    "koord_teksts": null,
    "karodzini": [],
    "izvilkuma_piezime": "nr is the town/parish group number (merged cell shared by several rows)",
    "komentars": "Avots: Talsu novada CA plāns, lpp. 51 · vieta noteikta pēc adreses (VZD)",
    "id": "talsu-novads-evak-23"
   },
   "geometry": {
    "type": "Point",
    "coordinates": [
     22.660568,
     57.287035
    ]
   }
  },
  {
   "type": "Feature",
   "properties": {
    "kategorija": "evakuacijas_punkts",
    "nosaukums": "Laucienes pagasta pārvalde — Laukumā pie pagasta ēkas",
    "adrese": "“Pagastmāja”, Lauciene, Laucienes pagasts",
    "pasvaldiba": "Talsu novads",
    "pasvaldiba_slug": "talsu-novads",
    "nr_plana": 14,
    "avots_teksts": "Avots: Talsu novada CA plāns, lpp. 51",
    "plans_url": "https://www.talsunovads.lv/lv/media/31740/download?attachment",
    "plans_fails": "talsu_ca-plans_publicejama-versija.md",
    "lpp": 51,
    "citats": "|14.|Laucienes<br>pagasts|Laucienes pagasta<br>pārvalde|Laukumā pie pagasta ēkas|“Pagastmāja”,<br>Lauciene, Laucienes<br>pagasts|",
    "izdevejs": "Talsu novads (pašvaldība)",
    "geokodesana": "varis_address",
    "adrese_vzd": "\"Pagastmāja\", Lauciene, Laucienes pag., Talsu nov., LV-3285",
    "vzd_kods": "103174091",
    "plana_lat": null,
    "plana_lon": null,
    "koord_teksts": null,
    "karodzini": [],
    "izvilkuma_piezime": "nr is the town/parish group number (merged cell shared by several rows)",
    "komentars": "Avots: Talsu novada CA plāns, lpp. 51 · vieta noteikta pēc adreses (VZD)",
    "id": "talsu-novads-evak-24"
   },
   "geometry": {
    "type": "Point",
    "coordinates": [
     22.747252,
     57.227857
    ]
   }
  },
  {
   "type": "Feature",
   "properties": {
    "kategorija": "evakuacijas_punkts",
    "nosaukums": "Laucienes pamatskola — Pamatskolas iekšpagalms",
    "adrese": "“Laucienes pamatskola”, Lauciene, Laucienes pagasts",
    "pasvaldiba": "Talsu novads",
    "pasvaldiba_slug": "talsu-novads",
    "nr_plana": 14,
    "avots_teksts": "Avots: Talsu novada CA plāns, lpp. 52",
    "plans_url": "https://www.talsunovads.lv/lv/media/31740/download?attachment",
    "plans_fails": "talsu_ca-plans_publicejama-versija.md",
    "lpp": 52,
    "citats": "|||Laucienes pamatskola|Pamatskolas iekšpagalms|“Laucienes<br>pamatskola”,<br>Lauciene, Laucienes<br>pagasts|",
    "izdevejs": "Talsu novads (pašvaldība)",
    "geokodesana": "varis_address",
    "adrese_vzd": "\"Laucienes pamatskola\", Lauciene, Laucienes pag., Talsu nov., LV-3285",
    "vzd_kods": "105311251",
    "plana_lat": null,
    "plana_lon": null,
    "koord_teksts": null,
    "karodzini": [],
    "izvilkuma_piezime": "nr is the town/parish group number (merged cell shared by several rows)",
    "komentars": "Avots: Talsu novada CA plāns, lpp. 52 · vieta noteikta pēc adreses (VZD)",
    "id": "talsu-novads-evak-25"
   },
   "geometry": {
    "type": "Point",
    "coordinates": [
     22.750802,
     57.227176
    ]
   }
  },
  {
   "type": "Feature",
   "properties": {
    "kategorija": "evakuacijas_punkts",
    "nosaukums": "Lībagu brīvā laika pavadīšanas centrs — Pie Lībagu brīvā laika pavadīšanas centra",
    "adrese": "Dižstende, Lībagu pagasts",
    "pasvaldiba": "Talsu novads",
    "pasvaldiba_slug": "talsu-novads",
    "nr_plana": 15,
    "avots_teksts": "Avots: Talsu novada CA plāns, lpp. 52",
    "plans_url": "https://www.talsunovads.lv/lv/media/31740/download?attachment",
    "plans_fails": "talsu_ca-plans_publicejama-versija.md",
    "lpp": 52,
    "citats": "|||Lībagu brīvā laika<br>|Pie Lībagu brīvā laika<br>|Dižstende, Lībagu<br>|",
    "izdevejs": "Talsu novads (pašvaldība)",
    "geokodesana": "varis_address",
    "adrese_vzd": "\"Dižstende\", Dižstende, Lībagu pag., Talsu nov., LV-3258",
    "vzd_kods": "102887828",
    "plana_lat": null,
    "plana_lon": null,
    "koord_teksts": null,
    "karodzini": [],
    "izvilkuma_piezime": "nr is the town/parish group number (merged cell shared by several rows); row split over two lines by the conversion (continuation: '|15|Līb|pavadīšanas centrs|pavadīšanas centra|pagasts|')",
    "komentars": "Avots: Talsu novada CA plāns, lpp. 52 · vieta noteikta pēc adreses (VZD)",
    "id": "talsu-novads-evak-26"
   },
   "geometry": {
    "type": "Point",
    "coordinates": [
     22.554946,
     57.191959
    ]
   }
  },
  {
   "type": "Feature",
   "properties": {
    "kategorija": "evakuacijas_punkts",
    "nosaukums": "Lubes pagasta pārvaldes ēka — Centrālajā laukumā",
    "adrese": "“Anuži”, Anuži, Lubes pagasts",
    "pasvaldiba": "Talsu novads",
    "pasvaldiba_slug": "talsu-novads",
    "nr_plana": 16,
    "avots_teksts": "Avots: Talsu novada CA plāns, lpp. 52",
    "plans_url": "https://www.talsunovads.lv/lv/media/31740/download?attachment",
    "plans_fails": "talsu_ca-plans_publicejama-versija.md",
    "lpp": 52,
    "citats": "|||Lubes pagasta<br>pārvaldes ēka|Centrālajā laukumā|“Anuži”, Anuži, Lubes<br>pagasts|",
    "izdevejs": "Talsu novads (pašvaldība)",
    "geokodesana": "varis_address",
    "adrese_vzd": "\"Anuži\", Anuži, Lubes pag., Talsu nov., LV-3262",
    "vzd_kods": "103021635",
    "plana_lat": null,
    "plana_lon": null,
    "koord_teksts": null,
    "karodzini": [],
    "izvilkuma_piezime": "nr is the town/parish group number (merged cell shared by several rows)",
    "komentars": "Avots: Talsu novada CA plāns, lpp. 52 · vieta noteikta pēc adreses (VZD)",
    "id": "talsu-novads-evak-27"
   },
   "geometry": {
    "type": "Point",
    "coordinates": [
     22.599935,
     57.42534
    ]
   }
  },
  {
   "type": "Feature",
   "properties": {
    "kategorija": "evakuacijas_punkts",
    "nosaukums": "Lubes pagasta pārvaldes ēka — Kultūras namā",
    "adrese": "“Sniedzes”, Anuži, Lubespagasts",
    "pasvaldiba": "Talsu novads",
    "pasvaldiba_slug": "talsu-novads",
    "nr_plana": 16,
    "avots_teksts": "Avots: Talsu novada CA plāns, lpp. 52",
    "plans_url": "https://www.talsunovads.lv/lv/media/31740/download?attachment",
    "plans_fails": "talsu_ca-plans_publicejama-versija.md",
    "lpp": 52,
    "citats": "|16.|Lubes pagasts|Lubes pagasta<br>pārvaldes ēka|Kultūras namā|“Sniedzes”, Anuži,<br>Lubespagasts|",
    "izdevejs": "Talsu novads (pašvaldība)",
    "geokodesana": "varis_address",
    "adrese_vzd": "\"Sniedzes\", Anuži, Lubes pag., Talsu nov., LV-3262",
    "vzd_kods": "103022243",
    "plana_lat": null,
    "plana_lon": null,
    "koord_teksts": null,
    "karodzini": [],
    "izvilkuma_piezime": "nr is the town/parish group number (merged cell shared by several rows)",
    "komentars": "Avots: Talsu novada CA plāns, lpp. 52 · vieta noteikta pēc adreses (VZD)",
    "id": "talsu-novads-evak-28"
   },
   "geometry": {
    "type": "Point",
    "coordinates": [
     22.602797,
     57.423566
    ]
   }
  },
  {
   "type": "Feature",
   "properties": {
    "kategorija": "evakuacijas_punkts",
    "nosaukums": "Mērsraga Tautas nams — Mērsraga Tautas namā",
    "adrese": "Lielā iela 25, Mērsrags, Mērsraga pagasts",
    "pasvaldiba": "Talsu novads",
    "pasvaldiba_slug": "talsu-novads",
    "nr_plana": 17,
    "avots_teksts": "Avots: Talsu novada CA plāns, lpp. 52",
    "plans_url": "https://www.talsunovads.lv/lv/media/31740/download?attachment",
    "plans_fails": "talsu_ca-plans_publicejama-versija.md",
    "lpp": 52,
    "citats": "|||Mērsraga Tautas nams|Mērsraga Tautas namā|Lielā iela 25, Mērsrags,<br>Mērsraga pagasts|",
    "izdevejs": "Talsu novads (pašvaldība)",
    "geokodesana": "varis_address",
    "adrese_vzd": "Lielā iela 25, Mērsrags, Mērsraga pag., Talsu nov., LV-3284",
    "vzd_kods": "103747870",
    "plana_lat": null,
    "plana_lon": null,
    "koord_teksts": null,
    "karodzini": [],
    "izvilkuma_piezime": "nr is the town/parish group number (merged cell shared by several rows)",
    "komentars": "Avots: Talsu novada CA plāns, lpp. 52 · vieta noteikta pēc adreses (VZD)",
    "id": "talsu-novads-evak-29"
   },
   "geometry": {
    "type": "Point",
    "coordinates": [
     23.124019,
     57.332533
    ]
   }
  },
  {
   "type": "Feature",
   "properties": {
    "kategorija": "evakuacijas_punkts",
    "nosaukums": "Brīvdabas estrādē — Brīvdabas estrādē “Jēgerleja”",
    "adrese": "Lielā iela 126, Mērsrags, Mērsraga pagasts",
    "pasvaldiba": "Talsu novads",
    "pasvaldiba_slug": "talsu-novads",
    "nr_plana": 17,
    "avots_teksts": "Avots: Talsu novada CA plāns, lpp. 52",
    "plans_url": "https://www.talsunovads.lv/lv/media/31740/download?attachment",
    "plans_fails": "talsu_ca-plans_publicejama-versija.md",
    "lpp": 52,
    "citats": "|17.|Mērsraga<br>pagasts|Brīvdabas estrādē|Brīvdabas estrādē<br>“Jēgerleja”|Lielā iela 126,<br>Mērsrags, Mērsraga<br>pagasts|",
    "izdevejs": "Talsu novads (pašvaldība)",
    "geokodesana": "varis_address",
    "adrese_vzd": "Lielā iela 126, Mērsrags, Mērsraga pag., Talsu nov., LV-3284",
    "vzd_kods": "105599807",
    "plana_lat": null,
    "plana_lon": null,
    "koord_teksts": null,
    "karodzini": [],
    "izvilkuma_piezime": "nr is the town/parish group number (merged cell shared by several rows)",
    "komentars": "Avots: Talsu novada CA plāns, lpp. 52 · vieta noteikta pēc adreses (VZD)",
    "id": "talsu-novads-evak-30"
   },
   "geometry": {
    "type": "Point",
    "coordinates": [
     23.120073,
     57.343728
    ]
   }
  },
  {
   "type": "Feature",
   "properties": {
    "kategorija": "evakuacijas_punkts",
    "nosaukums": "Izstāžu zāle — Izstāžu zālē",
    "adrese": "Strauta iela 3, Roja, Rojas pagasts",
    "pasvaldiba": "Talsu novads",
    "pasvaldiba_slug": "talsu-novads",
    "nr_plana": 18,
    "avots_teksts": "Avots: Talsu novada CA plāns, lpp. 52",
    "plans_url": "https://www.talsunovads.lv/lv/media/31740/download?attachment",
    "plans_fails": "talsu_ca-plans_publicejama-versija.md",
    "lpp": 52,
    "citats": "|||Izstāžu zāle|Izstāžu zālē|Strauta iela 3, Roja,<br>Rojas pagasts|",
    "izdevejs": "Talsu novads (pašvaldība)",
    "geokodesana": "varis_address",
    "adrese_vzd": "Strauta iela 3, Roja, Rojas pag., Talsu nov., LV-3264",
    "vzd_kods": "102097163",
    "plana_lat": null,
    "plana_lon": null,
    "koord_teksts": null,
    "karodzini": [],
    "izvilkuma_piezime": "nr is the town/parish group number (merged cell shared by several rows)",
    "komentars": "Avots: Talsu novada CA plāns, lpp. 52 · vieta noteikta pēc adreses (VZD)",
    "id": "talsu-novads-evak-31"
   },
   "geometry": {
    "type": "Point",
    "coordinates": [
     22.804379,
     57.503531
    ]
   }
  },
  {
   "type": "Feature",
   "properties": {
    "kategorija": "evakuacijas_punkts",
    "nosaukums": "Kultūras centrs — Kultūras centrs",
    "adrese": "Zvejnieku iela 5, Roja, Rojaspagasts",
    "pasvaldiba": "Talsu novads",
    "pasvaldiba_slug": "talsu-novads",
    "nr_plana": 18,
    "avots_teksts": "Avots: Talsu novada CA plāns, lpp. 52",
    "plans_url": "https://www.talsunovads.lv/lv/media/31740/download?attachment",
    "plans_fails": "talsu_ca-plans_publicejama-versija.md",
    "lpp": 52,
    "citats": "|||Kultūras centrs|Kultūras centrs|Zvejnieku iela 5, Roja,<br>Rojaspagasts|",
    "izdevejs": "Talsu novads (pašvaldība)",
    "geokodesana": "varis_address",
    "adrese_vzd": "Zvejnieku iela 5, Roja, Rojas pag., Talsu nov., LV-3264",
    "vzd_kods": "101251208",
    "plana_lat": null,
    "plana_lon": null,
    "koord_teksts": null,
    "karodzini": [],
    "izvilkuma_piezime": "nr is the town/parish group number (merged cell shared by several rows)",
    "komentars": "Avots: Talsu novada CA plāns, lpp. 52 · vieta noteikta pēc adreses (VZD)",
    "id": "talsu-novads-evak-32"
   },
   "geometry": {
    "type": "Point",
    "coordinates": [
     22.808429,
     57.501622
    ]
   }
  },
  {
   "type": "Feature",
   "properties": {
    "kategorija": "evakuacijas_punkts",
    "nosaukums": "Rojas autoosta — Rojas autoostas laukumā",
    "adrese": "Selgas iela 16, Roja, Rojas pagasts",
    "pasvaldiba": "Talsu novads",
    "pasvaldiba_slug": "talsu-novads",
    "nr_plana": 18,
    "avots_teksts": "Avots: Talsu novada CA plāns, lpp. 52",
    "plans_url": "https://www.talsunovads.lv/lv/media/31740/download?attachment",
    "plans_fails": "talsu_ca-plans_publicejama-versija.md",
    "lpp": 52,
    "citats": "|18.|Rojas pagasts|Rojas autoosta|Rojas autoostas laukumā|Selgas iela 16, Roja,<br>Rojas pagasts|",
    "izdevejs": "Talsu novads (pašvaldība)",
    "geokodesana": "varis_address",
    "adrese_vzd": "Selgas iela 16, Roja, Rojas pag., Talsu nov., LV-3264",
    "vzd_kods": "102096627",
    "plana_lat": null,
    "plana_lon": null,
    "koord_teksts": null,
    "karodzini": [],
    "izvilkuma_piezime": "nr is the town/parish group number (merged cell shared by several rows)",
    "komentars": "Avots: Talsu novada CA plāns, lpp. 52 · vieta noteikta pēc adreses (VZD)",
    "id": "talsu-novads-evak-33"
   },
   "geometry": {
    "type": "Point",
    "coordinates": [
     22.808222,
     57.503813
    ]
   }
  },
  {
   "type": "Feature",
   "properties": {
    "kategorija": "evakuacijas_punkts",
    "nosaukums": "“Vecā skola” ēka — Pie “Vecās skolas”",
    "adrese": "“Melnsila skola”, Melnsils,Rojaspagasts",
    "pasvaldiba": "Talsu novads",
    "pasvaldiba_slug": "talsu-novads",
    "nr_plana": 18,
    "avots_teksts": "Avots: Talsu novada CA plāns, lpp. 52",
    "plans_url": "https://www.talsunovads.lv/lv/media/31740/download?attachment",
    "plans_fails": "talsu_ca-plans_publicejama-versija.md",
    "lpp": 52,
    "citats": "|||“Vecā skola” ēka|Pie “Vecās skolas”|“Melnsila skola”,<br>Melnsils,Rojaspagasts|",
    "izdevejs": "Talsu novads (pašvaldība)",
    "geokodesana": "varis_address",
    "adrese_vzd": "\"Melnsila skola\", Melnsils, Rojas pag., Talsu nov., LV-3264",
    "vzd_kods": "103016586",
    "plana_lat": null,
    "plana_lon": null,
    "koord_teksts": null,
    "karodzini": [],
    "izvilkuma_piezime": "nr is the town/parish group number (merged cell shared by several rows)",
    "komentars": "Avots: Talsu novada CA plāns, lpp. 52 · vieta noteikta pēc adreses (VZD)",
    "id": "talsu-novads-evak-34"
   },
   "geometry": {
    "type": "Point",
    "coordinates": [
     22.577671,
     57.651958
    ]
   }
  },
  {
   "type": "Feature",
   "properties": {
    "kategorija": "evakuacijas_punkts",
    "nosaukums": "“Strazdes muiža” — Pie Strazdes muižas kungu mājas",
    "adrese": "“Strazdes muiža”, Strazde, Strazdes pagasts",
    "pasvaldiba": "Talsu novads",
    "pasvaldiba_slug": "talsu-novads",
    "nr_plana": 19,
    "avots_teksts": "Avots: Talsu novada CA plāns, lpp. 52",
    "plans_url": "https://www.talsunovads.lv/lv/media/31740/download?attachment",
    "plans_fails": "talsu_ca-plans_publicejama-versija.md",
    "lpp": 52,
    "citats": "|19.|Strazdes<br>pagasts|“Strazdes muiža”|Pie Strazdes muižas kungu<br>mājas|“Strazdes muiža”,<br>Strazde, Strazdes<br>pagasts|",
    "izdevejs": "Talsu novads (pašvaldība)",
    "geokodesana": "varis_address",
    "adrese_vzd": "\"Strazdes muiža\", Strazde, Strazdes pag., Talsu nov., LV-3291",
    "vzd_kods": "105923486",
    "plana_lat": null,
    "plana_lon": null,
    "koord_teksts": null,
    "karodzini": [],
    "izvilkuma_piezime": "nr is the town/parish group number (merged cell shared by several rows)",
    "komentars": "Avots: Talsu novada CA plāns, lpp. 52 · vieta noteikta pēc adreses (VZD)",
    "id": "talsu-novads-evak-35"
   },
   "geometry": {
    "type": "Point",
    "coordinates": [
     22.72471,
     57.130774
    ]
   }
  },
  {
   "type": "Feature",
   "properties": {
    "kategorija": "evakuacijas_punkts",
    "nosaukums": "Veikals “Kurzemīte” — Pie ēkas",
    "adrese": "\"Pūņu krogs\", Pūņas, Valdgales pagasts",
    "pasvaldiba": "Talsu novads",
    "pasvaldiba_slug": "talsu-novads",
    "nr_plana": 20,
    "avots_teksts": "Avots: Talsu novada CA plāns, lpp. 52",
    "plans_url": "https://www.talsunovads.lv/lv/media/31740/download?attachment",
    "plans_fails": "talsu_ca-plans_publicejama-versija.md",
    "lpp": 52,
    "citats": "|||Veikals “Kurzemīte”|Pie ēkas|\"Pūņu krogs\", Pūņas,<br>Valdgales pagasts|",
    "izdevejs": "Talsu novads (pašvaldība)",
    "geokodesana": "varis_address",
    "adrese_vzd": "\"Pūņu Krogs\", Pūņas, Valdgales pag., Talsu nov., LV-3253",
    "vzd_kods": "102925960",
    "plana_lat": null,
    "plana_lon": null,
    "koord_teksts": null,
    "karodzini": [],
    "izvilkuma_piezime": "nr is the town/parish group number (merged cell shared by several rows)",
    "komentars": "Avots: Talsu novada CA plāns, lpp. 52 · vieta noteikta pēc adreses (VZD)",
    "id": "talsu-novads-evak-36"
   },
   "geometry": {
    "type": "Point",
    "coordinates": [
     22.493244,
     57.343971
    ]
   }
  },
  {
   "type": "Feature",
   "properties": {
    "kategorija": "evakuacijas_punkts",
    "nosaukums": "“Pagastmāja” — Pie pagastmājas",
    "adrese": "\"Pagastmāja\", Pūņas, Valdgales pagasts Talsu novads",
    "pasvaldiba": "Talsu novads",
    "pasvaldiba_slug": "talsu-novads",
    "nr_plana": 20,
    "avots_teksts": "Avots: Talsu novada CA plāns, lpp. 52",
    "plans_url": "https://www.talsunovads.lv/lv/media/31740/download?attachment",
    "plans_fails": "talsu_ca-plans_publicejama-versija.md",
    "lpp": 52,
    "citats": "|20.|pagasts|“Pagastmāja”|Pie pagastmājas|\"Pagastmāja\", Pūņas,<br>Valdgales pagasts<br>Talsu novads|",
    "izdevejs": "Talsu novads (pašvaldība)",
    "geokodesana": "varis_address",
    "adrese_vzd": "\"Pagastmāja\", Pūņas, Valdgales pag., Talsu nov., LV-3253",
    "vzd_kods": "102925985",
    "plana_lat": null,
    "plana_lon": null,
    "koord_teksts": null,
    "karodzini": [],
    "izvilkuma_piezime": "nr is the town/parish group number (merged cell shared by several rows); 'Valdgales' of the group column is on the previous line",
    "komentars": "Avots: Talsu novada CA plāns, lpp. 52 · vieta noteikta pēc adreses (VZD)",
    "id": "talsu-novads-evak-37"
   },
   "geometry": {
    "type": "Point",
    "coordinates": [
     22.493735,
     57.343516
    ]
   }
  },
  {
   "type": "Feature",
   "properties": {
    "kategorija": "evakuacijas_punkts",
    "nosaukums": "“Tautas nams” — Pie “Tautas nama”",
    "adrese": "\"Tautas nams\", Pūņas, Valdgales pagasts",
    "pasvaldiba": "Talsu novads",
    "pasvaldiba_slug": "talsu-novads",
    "nr_plana": 20,
    "avots_teksts": "Avots: Talsu novada CA plāns, lpp. 53",
    "plans_url": "https://www.talsunovads.lv/lv/media/31740/download?attachment",
    "plans_fails": "talsu_ca-plans_publicejama-versija.md",
    "lpp": 53,
    "citats": "|||“Tautas nams”|Pie “Tautas nama”|\"Tautas nams\", Pūņas,<br>Valdgales pagasts|",
    "izdevejs": "Talsu novads (pašvaldība)",
    "geokodesana": "varis_address",
    "adrese_vzd": "\"Tautas nams\", Pūņas, Valdgales pag., Talsu nov., LV-3253",
    "vzd_kods": "106451788",
    "plana_lat": null,
    "plana_lon": null,
    "koord_teksts": null,
    "karodzini": [],
    "izvilkuma_piezime": "nr is the town/parish group number (merged cell shared by several rows)",
    "komentars": "Avots: Talsu novada CA plāns, lpp. 53 · vieta noteikta pēc adreses (VZD)",
    "id": "talsu-novads-evak-38"
   },
   "geometry": {
    "type": "Point",
    "coordinates": [
     22.494622,
     57.344489
    ]
   }
  },
  {
   "type": "Feature",
   "properties": {
    "kategorija": "evakuacijas_punkts",
    "nosaukums": "Pamatskolas ēka — sporta laukumā",
    "adrese": "\"Pūņu pamatskola\", Pūņas, Valdgales pagasts",
    "pasvaldiba": "Talsu novads",
    "pasvaldiba_slug": "talsu-novads",
    "nr_plana": 20,
    "avots_teksts": "Avots: Talsu novada CA plāns, lpp. 53",
    "plans_url": "https://www.talsunovads.lv/lv/media/31740/download?attachment",
    "plans_fails": "talsu_ca-plans_publicejama-versija.md",
    "lpp": 53,
    "citats": "|||Pamatskolas ēka|sporta laukumā|\"Pūņu pamatskola\",<br>Pūņas, Valdgales<br>pagasts|",
    "izdevejs": "Talsu novads (pašvaldība)",
    "geokodesana": "varis_address",
    "adrese_vzd": "\"Pūņu pamatskola\", Pūņas, Valdgales pag., Talsu nov., LV-3253",
    "vzd_kods": "106048840",
    "plana_lat": null,
    "plana_lon": null,
    "koord_teksts": null,
    "karodzini": [],
    "izvilkuma_piezime": "nr is the town/parish group number (merged cell shared by several rows)",
    "komentars": "Avots: Talsu novada CA plāns, lpp. 53 · vieta noteikta pēc adreses (VZD)",
    "id": "talsu-novads-evak-39"
   },
   "geometry": {
    "type": "Point",
    "coordinates": [
     22.490771,
     57.345884
    ]
   }
  },
  {
   "type": "Feature",
   "properties": {
    "kategorija": "evakuacijas_punkts",
    "nosaukums": "Ēka “Rezidence” — Pie ēkas “Rezidence”",
    "adrese": "\"Rezidence\", Vandzene, Vandzenes pagasts",
    "pasvaldiba": "Talsu novads",
    "pasvaldiba_slug": "talsu-novads",
    "nr_plana": 21,
    "avots_teksts": "Avots: Talsu novada CA plāns, lpp. 53",
    "plans_url": "https://www.talsunovads.lv/lv/media/31740/download?attachment",
    "plans_fails": "talsu_ca-plans_publicejama-versija.md",
    "lpp": 53,
    "citats": "|21.|Vandzenes<br>pagasts|Ēka “Rezidence”|Pie ēkas “Rezidence”|\"Rezidence\",<br>Vandzene, Vandzenes<br>pagasts|",
    "izdevejs": "Talsu novads (pašvaldība)",
    "geokodesana": "varis_address",
    "adrese_vzd": "\"Rezidence\", Vandzene, Vandzenes pag., Talsu nov., LV-3281",
    "vzd_kods": "102914827",
    "plana_lat": null,
    "plana_lon": null,
    "koord_teksts": null,
    "karodzini": [],
    "izvilkuma_piezime": "nr is the town/parish group number (merged cell shared by several rows)",
    "komentars": "Avots: Talsu novada CA plāns, lpp. 53 · vieta noteikta pēc adreses (VZD)",
    "id": "talsu-novads-evak-40"
   },
   "geometry": {
    "type": "Point",
    "coordinates": [
     22.779176,
     57.313496
    ]
   }
  },
  {
   "type": "Feature",
   "properties": {
    "kategorija": "evakuacijas_punkts",
    "nosaukums": "Kultūras nams — Laukumā pie kultūras nama",
    "adrese": "Kalna iela 9, Jaunpagasts, Virbu pagasts",
    "pasvaldiba": "Talsu novads",
    "pasvaldiba_slug": "talsu-novads",
    "nr_plana": 22,
    "avots_teksts": "Avots: Talsu novada CA plāns, lpp. 53",
    "plans_url": "https://www.talsunovads.lv/lv/media/31740/download?attachment",
    "plans_fails": "talsu_ca-plans_publicejama-versija.md",
    "lpp": 53,
    "citats": "|||Kultūras nams|Laukumā pie kultūras nama|Kalna iela 9,<br>Jaunpagasts, Virbu<br>pagasts|",
    "izdevejs": "Talsu novads (pašvaldība)",
    "geokodesana": "varis_address",
    "adrese_vzd": "Kalna iela 9, Jaunpagasts, Virbu pag., Talsu nov., LV-3292",
    "vzd_kods": "101251273",
    "plana_lat": null,
    "plana_lon": null,
    "koord_teksts": null,
    "karodzini": [],
    "izvilkuma_piezime": "nr is the town/parish group number (merged cell shared by several rows)",
    "komentars": "Avots: Talsu novada CA plāns, lpp. 53 · vieta noteikta pēc adreses (VZD)",
    "id": "talsu-novads-evak-41"
   },
   "geometry": {
    "type": "Point",
    "coordinates": [
     22.643442,
     57.127773
    ]
   }
  },
  {
   "type": "Feature",
   "properties": {
    "kategorija": "evakuacijas_punkts",
    "nosaukums": "Pārvaldes ēka — Laukumā pie pārvaldes ēkas",
    "adrese": "Lielā iela 15, Jaunpagasts, Virbu pagasts",
    "pasvaldiba": "Talsu novads",
    "pasvaldiba_slug": "talsu-novads",
    "nr_plana": 22,
    "avots_teksts": "Avots: Talsu novada CA plāns, lpp. 53",
    "plans_url": "https://www.talsunovads.lv/lv/media/31740/download?attachment",
    "plans_fails": "talsu_ca-plans_publicejama-versija.md",
    "lpp": 53,
    "citats": "|22.|Virbu pagasts|Pārvaldes ēka|Laukumā pie pārvaldes<br>ēkas|Lielā iela 15,<br>Jaunpagasts, Virbu<br>pagasts|",
    "izdevejs": "Talsu novads (pašvaldība)",
    "geokodesana": "varis_address",
    "adrese_vzd": "Lielā iela 15, Jaunpagasts, Virbu pag., Talsu nov., LV-3292",
    "vzd_kods": "103667145",
    "plana_lat": null,
    "plana_lon": null,
    "koord_teksts": null,
    "karodzini": [],
    "izvilkuma_piezime": "nr is the town/parish group number (merged cell shared by several rows)",
    "komentars": "Avots: Talsu novada CA plāns, lpp. 53 · vieta noteikta pēc adreses (VZD)",
    "id": "talsu-novads-evak-42"
   },
   "geometry": {
    "type": "Point",
    "coordinates": [
     22.642042,
     57.128932
    ]
   }
  },
  {
   "type": "Feature",
   "properties": {
    "kategorija": "evakuacijas_punkts",
    "nosaukums": "SIA \"Tukuma autoosta\"",
    "adrese": "Dzelzceļa iela 2A, Tukums",
    "pasvaldiba": "Tukuma novads",
    "pasvaldiba_slug": "tukuma-novads",
    "nr_plana": null,
    "avots_teksts": "Avots: Tukuma novada CA plāns, lpp. 49",
    "plans_url": "https://www.tukums.lv/lv/media/56137/download?attachment",
    "plans_fails": "ca-plans-tukums-2024.md",
    "lpp": 49,
    "citats": "|SIA \"Tukuma autoosta\"|Dzelzceļa iela 2A, Tukums|56.96645922395269,<br>23.168702893219233|",
    "izdevejs": "Tukuma novads (pašvaldība)",
    "geokodesana": "plan_coords",
    "adrese_vzd": "Dzelzceļa iela 2A, Tukums, Tukuma nov., LV-3101",
    "vzd_kods": "105416717",
    "plana_lat": 56.96645922395269,
    "plana_lon": 23.168702893219233,
    "koord_teksts": "56.96645922395269,<br>23.168702893219233",
    "karodzini": [],
    "komentars": "Avots: Tukuma novada CA plāns, lpp. 49",
    "id": "tukuma-novads-evak-1"
   },
   "geometry": {
    "type": "Point",
    "coordinates": [
     23.168703,
     56.966459
    ]
   }
  },
  {
   "type": "Feature",
   "properties": {
    "kategorija": "evakuacijas_punkts",
    "nosaukums": "Dzelzceļa stacija\"Tukums I\"",
    "adrese": "Dzelzceļa iela 3, Tukums",
    "pasvaldiba": "Tukuma novads",
    "pasvaldiba_slug": "tukuma-novads",
    "nr_plana": null,
    "avots_teksts": "Avots: Tukuma novada CA plāns, lpp. 49",
    "plans_url": "https://www.tukums.lv/lv/media/56137/download?attachment",
    "plans_fails": "ca-plans-tukums-2024.md",
    "lpp": 49,
    "citats": "|Dzelzceļa stacija\"Tukums I\"|Dzelzceļa iela 3, Tukums|56.965994369434235,<br>23.16896561051233|",
    "izdevejs": "Tukuma novads (pašvaldība)",
    "geokodesana": "plan_coords",
    "adrese_vzd": "Dzelzceļa iela 3, Tukums, Tukuma nov., LV-3101",
    "vzd_kods": "101205410",
    "plana_lat": 56.965994369434235,
    "plana_lon": 23.16896561051233,
    "koord_teksts": "56.965994369434235,<br>23.16896561051233",
    "karodzini": [],
    "komentars": "Avots: Tukuma novada CA plāns, lpp. 49",
    "id": "tukuma-novads-evak-2"
   },
   "geometry": {
    "type": "Point",
    "coordinates": [
     23.168966,
     56.965994
    ]
   }
  },
  {
   "type": "Feature",
   "properties": {
    "kategorija": "evakuacijas_punkts",
    "nosaukums": "Dzelzceļa stacija\"Tukums II\"",
    "adrese": "Stacijas iela 27, Tukums",
    "pasvaldiba": "Tukuma novads",
    "pasvaldiba_slug": "tukuma-novads",
    "nr_plana": null,
    "avots_teksts": "Avots: Tukuma novada CA plāns, lpp. 50",
    "plans_url": "https://www.tukums.lv/lv/media/56137/download?attachment",
    "plans_fails": "ca-plans-tukums-2024.md",
    "lpp": 50,
    "citats": "|Dzelzceļa stacija\"Tukums II\"|Stacijas iela 27, Tukums|56.95993252598762,<br>23.11470880888058|",
    "izdevejs": "Tukuma novads (pašvaldība)",
    "geokodesana": "plan_coords",
    "adrese_vzd": "Stacijas iela 27, Tukums, Tukuma nov., LV-3101",
    "vzd_kods": "105087508",
    "plana_lat": 56.95993252598762,
    "plana_lon": 23.11470880888058,
    "koord_teksts": "56.95993252598762,<br>23.11470880888058",
    "karodzini": [],
    "komentars": "Avots: Tukuma novada CA plāns, lpp. 50",
    "id": "tukuma-novads-evak-3"
   },
   "geometry": {
    "type": "Point",
    "coordinates": [
     23.114709,
     56.959933
    ]
   }
  },
  {
   "type": "Feature",
   "properties": {
    "kategorija": "evakuacijas_punkts",
    "nosaukums": "Tukuma pilsētas Kultūras nams (iekštelpas)",
    "adrese": "Lielā iela 1, Tukums",
    "pasvaldiba": "Tukuma novads",
    "pasvaldiba_slug": "tukuma-novads",
    "nr_plana": null,
    "avots_teksts": "Avots: Tukuma novada CA plāns, lpp. 50",
    "plans_url": "https://www.tukums.lv/lv/media/56137/download?attachment",
    "plans_fails": "ca-plans-tukums-2024.md",
    "lpp": 50,
    "citats": "|Tukuma pilsētas Kultūras nams<br>(iekštelpas)|Lielā iela 1, Tukums|56.964456953216136,<br>23.153876269335612<br>56.95167030728065,|",
    "izdevejs": "Tukuma novads (pašvaldība)",
    "geokodesana": "plan_coords",
    "adrese_vzd": "Lielā iela 1, Tukums, Tukuma nov., LV-3101",
    "vzd_kods": "101209233",
    "plana_lat": 56.964456953216136,
    "plana_lon": 23.153876269335612,
    "koord_teksts": "56.964456953216136,<br>23.153876269335612",
    "karodzini": [],
    "izvilkuma_piezime": "The same cell also holds the latitude of the next row (Tukuma Sporta skola).",
    "komentars": "Avots: Tukuma novada CA plāns, lpp. 50",
    "id": "tukuma-novads-evak-4"
   },
   "geometry": {
    "type": "Point",
    "coordinates": [
     23.153876,
     56.964457
    ]
   }
  },
  {
   "type": "Feature",
   "properties": {
    "kategorija": "evakuacijas_punkts",
    "nosaukums": "Tukuma Sporta skola",
    "adrese": "Kuldīgas iela 74, Tukums",
    "pasvaldiba": "Tukuma novads",
    "pasvaldiba_slug": "tukuma-novads",
    "nr_plana": null,
    "avots_teksts": "Avots: Tukuma novada CA plāns, lpp. 50",
    "plans_url": "https://www.tukums.lv/lv/media/56137/download?attachment",
    "plans_fails": "ca-plans-tukums-2024.md",
    "lpp": 50,
    "citats": "|Tukuma Sporta skola|Kuldīgas iela 74, Tukums|23.12173991544939|",
    "izdevejs": "Tukuma novads (pašvaldība)",
    "geokodesana": "plan_coords",
    "adrese_vzd": "Kuldīgas iela 74, Tukums, Tukuma nov., LV-3104",
    "vzd_kods": "101208297",
    "plana_lat": 56.95167030728065,
    "plana_lon": 23.12173991544939,
    "koord_teksts": "56.95167030728065,|\n|Tukuma Sporta skola|Kuldīgas iela 74, Tukums|23.12173991544939",
    "karodzini": [],
    "izvilkuma_piezime": "Latitude printed at the end of the previous row's coordinate cell (conversion misalignment).",
    "komentars": "Avots: Tukuma novada CA plāns, lpp. 50",
    "id": "tukuma-novads-evak-5"
   },
   "geometry": {
    "type": "Point",
    "coordinates": [
     23.12174,
     56.95167
    ]
   }
  },
  {
   "type": "Feature",
   "properties": {
    "kategorija": "evakuacijas_punkts",
    "nosaukums": "Tumes pagasta Kultūras nams",
    "adrese": "Pasta iela 1A, Tumes pagasts, Tukuma novads",
    "pasvaldiba": "Tukuma novads",
    "pasvaldiba_slug": "tukuma-novads",
    "nr_plana": null,
    "avots_teksts": "Avots: Tukuma novada CA plāns, lpp. 50",
    "plans_url": "https://www.tukums.lv/lv/media/56137/download?attachment",
    "plans_fails": "ca-plans-tukums-2024.md",
    "lpp": 50,
    "citats": "|Tumes pagasta Kultūras nams|Pasta iela 1A, Tumes<br>Tukuma novads|pagasts,|56.93711514461215,<br>23.0871143413663|",
    "izdevejs": "Tukuma novads (pašvaldība)",
    "geokodesana": "plan_coords",
    "adrese_vzd": "Pasta iela 1A, Tume, Tumes pag., Tukuma nov., LV-3139",
    "vzd_kods": "105724030",
    "plana_lat": 56.93711514461215,
    "plana_lon": 23.0871143413663,
    "koord_teksts": "56.93711514461215,<br>23.0871143413663",
    "karodzini": [],
    "komentars": "Avots: Tukuma novada CA plāns, lpp. 50",
    "id": "tukuma-novads-evak-6"
   },
   "geometry": {
    "type": "Point",
    "coordinates": [
     23.087114,
     56.937115
    ]
   }
  },
  {
   "type": "Feature",
   "properties": {
    "kategorija": "evakuacijas_punkts",
    "nosaukums": "Laukums pie Slampes kultūras pils.",
    "adrese": "Slampes kultūras pils, Slampe, Slampes pagasts, Tukuma nov.,LV-3119",
    "pasvaldiba": "Tukuma novads",
    "pasvaldiba_slug": "tukuma-novads",
    "nr_plana": null,
    "avots_teksts": "Avots: Tukuma novada CA plāns, lpp. 50",
    "plans_url": "https://www.tukums.lv/lv/media/56137/download?attachment",
    "plans_fails": "ca-plans-tukums-2024.md",
    "lpp": 50,
    "citats": "|Laukums pie Slampes kultūras pils.|Slampes kultūras pils,<br>Slampes<br>pagasts,<br>nov.,LV-3119|Slampe,<br>Tukuma|56.85204583377869,<br>23.29738157594593|",
    "izdevejs": "Tukuma novads (pašvaldība)",
    "geokodesana": "plan_coords",
    "adrese_vzd": null,
    "vzd_kods": null,
    "plana_lat": 56.85204583377869,
    "plana_lon": 23.29738157594593,
    "koord_teksts": "56.85204583377869,<br>23.29738157594593",
    "karodzini": [],
    "izvilkuma_piezime": "Address cells scrambled by the conversion; reassembled.",
    "komentars": "Avots: Tukuma novada CA plāns, lpp. 50",
    "id": "tukuma-novads-evak-7"
   },
   "geometry": {
    "type": "Point",
    "coordinates": [
     23.297382,
     56.852046
    ]
   }
  },
  {
   "type": "Feature",
   "properties": {
    "kategorija": "evakuacijas_punkts",
    "nosaukums": "Estrādes laukums pie Džūkstes Biedrību nama.",
    "adrese": "Džūkstes Biedrību nams, Džūkste, Džūkstes pagasts, Tukuma novads LV-3147",
    "pasvaldiba": "Tukuma novads",
    "pasvaldiba_slug": "tukuma-novads",
    "nr_plana": null,
    "avots_teksts": "Avots: Tukuma novada CA plāns, lpp. 50",
    "plans_url": "https://www.tukums.lv/lv/media/56137/download?attachment",
    "plans_fails": "ca-plans-tukums-2024.md",
    "lpp": 50,
    "citats": "|Estrādes laukums pie Džūkstes<br>Biedrību nama.|Džūkstes<br>Biedrību<br>Džūkste,<br>Džūkstes<br>Tukuma novads LV-31|nams,<br>pagasts,<br>47|56.78837418804896,<br>23.246550647082426|",
    "izdevejs": "Tukuma novads (pašvaldība)",
    "geokodesana": "plan_coords",
    "adrese_vzd": null,
    "vzd_kods": null,
    "plana_lat": 56.78837418804896,
    "plana_lon": 23.246550647082426,
    "koord_teksts": "56.78837418804896,<br>23.246550647082426",
    "karodzini": [],
    "izvilkuma_piezime": "Address cells scrambled by the conversion; reassembled.",
    "komentars": "Avots: Tukuma novada CA plāns, lpp. 50",
    "id": "tukuma-novads-evak-8"
   },
   "geometry": {
    "type": "Point",
    "coordinates": [
     23.246551,
     56.788374
    ]
   }
  },
  {
   "type": "Feature",
   "properties": {
    "kategorija": "evakuacijas_punkts",
    "nosaukums": "Laukums pie Irlavas un Lestenes pagastu pārvaldes ēkas",
    "adrese": "Svēteļi, Irlavas pagasts, Tukuma novads",
    "pasvaldiba": "Tukuma novads",
    "pasvaldiba_slug": "tukuma-novads",
    "nr_plana": null,
    "avots_teksts": "Avots: Tukuma novada CA plāns, lpp. 50",
    "plans_url": "https://www.tukums.lv/lv/media/56137/download?attachment",
    "plans_fails": "ca-plans-tukums-2024.md",
    "lpp": 50,
    "citats": "|Laukums pie Irlavas un Lestenes<br>pagastu pārvaldes ēkas|Svēteļi,<br>Irlavas<br>Tukuma novads|pagasts,|56.87539434332294,<br>22.993774802267815|",
    "izdevejs": "Tukuma novads (pašvaldība)",
    "geokodesana": "plan_coords",
    "adrese_vzd": "\"Svēteļi\", Irlava, Irlavas pag., Tukuma nov., LV-3137",
    "vzd_kods": "105748156",
    "plana_lat": 56.87539434332294,
    "plana_lon": 22.993774802267815,
    "koord_teksts": "56.87539434332294,<br>22.993774802267815",
    "karodzini": [],
    "komentars": "Avots: Tukuma novada CA plāns, lpp. 50",
    "id": "tukuma-novads-evak-9"
   },
   "geometry": {
    "type": "Point",
    "coordinates": [
     22.993775,
     56.875394
    ]
   }
  },
  {
   "type": "Feature",
   "properties": {
    "kategorija": "evakuacijas_punkts",
    "nosaukums": "Laukums pie Lestenes Tautas nama un iekštelpas",
    "adrese": "\"Tautas nams\", Lestene, Lestenes pag., Tukuma novads",
    "pasvaldiba": "Tukuma novads",
    "pasvaldiba_slug": "tukuma-novads",
    "nr_plana": null,
    "avots_teksts": "Avots: Tukuma novada CA plāns, lpp. 50",
    "plans_url": "https://www.tukums.lv/lv/media/56137/download?attachment",
    "plans_fails": "ca-plans-tukums-2024.md",
    "lpp": 50,
    "citats": "|Laukums pie Lestenes Tautas nama<br>un iekštelpas|\"Tautas<br>nams\",<br>Lestenes pag., Tukuma|Lestene,<br>novads|56.77539402639938,<br>23.143184095261724|",
    "izdevejs": "Tukuma novads (pašvaldība)",
    "geokodesana": "plan_coords",
    "adrese_vzd": "\"Tautas nams\", Lestene, Lestenes pag., Tukuma nov., LV-3146",
    "vzd_kods": "102875717",
    "plana_lat": 56.77539402639938,
    "plana_lon": 23.143184095261724,
    "koord_teksts": "56.77539402639938,<br>23.143184095261724",
    "karodzini": [],
    "izvilkuma_piezime": "Address cells scrambled by the conversion; reassembled.",
    "komentars": "Avots: Tukuma novada CA plāns, lpp. 50",
    "id": "tukuma-novads-evak-10"
   },
   "geometry": {
    "type": "Point",
    "coordinates": [
     23.143184,
     56.775394
    ]
   }
  },
  {
   "type": "Feature",
   "properties": {
    "kategorija": "evakuacijas_punkts",
    "nosaukums": "Putnu parks Vienībā",
    "adrese": "Putnu parks, Vienība, Degoles pag., Tukuma nov.",
    "pasvaldiba": "Tukuma novads",
    "pasvaldiba_slug": "tukuma-novads",
    "nr_plana": null,
    "avots_teksts": "Avots: Tukuma novada CA plāns, lpp. 50",
    "plans_url": "https://www.tukums.lv/lv/media/56137/download?attachment",
    "plans_fails": "ca-plans-tukums-2024.md",
    "lpp": 50,
    "citats": "|Putnu parks Vienībā|Putnu parks, Vienība,<br>pag., Tukuma nov.|Degoles|56.90280773746502,<br>23.128833298094005|",
    "izdevejs": "Tukuma novads (pašvaldība)",
    "geokodesana": "plan_coords",
    "adrese_vzd": null,
    "vzd_kods": null,
    "plana_lat": 56.90280773746502,
    "plana_lon": 23.128833298094005,
    "koord_teksts": "56.90280773746502,<br>23.128833298094005",
    "karodzini": [],
    "komentars": "Avots: Tukuma novada CA plāns, lpp. 50",
    "id": "tukuma-novads-evak-11"
   },
   "geometry": {
    "type": "Point",
    "coordinates": [
     23.128833,
     56.902808
    ]
   }
  },
  {
   "type": "Feature",
   "properties": {
    "kategorija": "evakuacijas_punkts",
    "nosaukums": "Laukums pie “Vītolu\" veikala, Sēmes centrā",
    "adrese": "Ezera iela 2, Sēmes pag., Tukuma novads",
    "pasvaldiba": "Tukuma novads",
    "pasvaldiba_slug": "tukuma-novads",
    "nr_plana": null,
    "avots_teksts": "Avots: Tukuma novada CA plāns, lpp. 50",
    "plans_url": "https://www.tukums.lv/lv/media/56137/download?attachment",
    "plans_fails": "ca-plans-tukums-2024.md",
    "lpp": 50,
    "citats": "|Laukums pie “Vītolu\" veikala,<br>Sēmes centrā|Ezera iela 2, Sēm<br>Tukuma novads|es pag.,|57.042622895844296,<br>23.127653497227694|",
    "izdevejs": "Tukuma novads (pašvaldība)",
    "geokodesana": "plan_coords",
    "adrese_vzd": "Ezera iela 2, Sēme, Sēmes pag., Tukuma nov., LV-3110",
    "vzd_kods": "102084637",
    "plana_lat": 57.042622895844296,
    "plana_lon": 23.127653497227694,
    "koord_teksts": "57.042622895844296,<br>23.127653497227694",
    "karodzini": [],
    "komentars": "Avots: Tukuma novada CA plāns, lpp. 50",
    "id": "tukuma-novads-evak-12"
   },
   "geometry": {
    "type": "Point",
    "coordinates": [
     23.127653,
     57.042623
    ]
   }
  },
  {
   "type": "Feature",
   "properties": {
    "kategorija": "evakuacijas_punkts",
    "nosaukums": "Laukums pie Zentenes pakalpojumu centra",
    "adrese": "\"Gobas\", Zentenes pagasts, Tukuma nov.",
    "pasvaldiba": "Tukuma novads",
    "pasvaldiba_slug": "tukuma-novads",
    "nr_plana": null,
    "avots_teksts": "Avots: Tukuma novada CA plāns, lpp. 50",
    "plans_url": "https://www.tukums.lv/lv/media/56137/download?attachment",
    "plans_fails": "ca-plans-tukums-2024.md",
    "lpp": 50,
    "citats": "|Laukums pie Zentenes pakalpojumu<br>centra|\"Gobas\",<br>Zentenes<br>Tukuma nov.|pagasts,|57.134404628900405,<br>22.97646642009676|",
    "izdevejs": "Tukuma novads (pašvaldība)",
    "geokodesana": "plan_coords",
    "adrese_vzd": "\"Gobas\", Zentene, Zentenes pag., Tukuma nov., LV-3123",
    "vzd_kods": "104719693",
    "plana_lat": 57.134404628900405,
    "plana_lon": 22.97646642009676,
    "koord_teksts": "57.134404628900405,<br>22.97646642009676",
    "karodzini": [],
    "komentars": "Avots: Tukuma novada CA plāns, lpp. 50",
    "id": "tukuma-novads-evak-13"
   },
   "geometry": {
    "type": "Point",
    "coordinates": [
     22.976466,
     57.134405
    ]
   }
  },
  {
   "type": "Feature",
   "properties": {
    "kategorija": "evakuacijas_punkts",
    "nosaukums": "Laukums pie Pūres pagasta bibliotēkas",
    "adrese": "Zemeņu iela 5, Pūre, Pūres pagasts, Tukuma novads",
    "pasvaldiba": "Tukuma novads",
    "pasvaldiba_slug": "tukuma-novads",
    "nr_plana": null,
    "avots_teksts": "Avots: Tukuma novada CA plāns, lpp. 50",
    "plans_url": "https://www.tukums.lv/lv/media/56137/download?attachment",
    "plans_fails": "ca-plans-tukums-2024.md",
    "lpp": 50,
    "citats": "|Laukums<br>pie<br>Pūres<br>pagasta<br>bibliotēkas|Pūre, Pūres pagasts,<br>novads|Tukuma|57.035406458709566,<br>22.90716446295345|",
    "izdevejs": "Tukuma novads (pašvaldība)",
    "geokodesana": "plan_coords",
    "adrese_vzd": "Zemeņu iela 5, Pūre, Pūres pag., Tukuma nov., LV-3124",
    "vzd_kods": "102825004",
    "plana_lat": 57.035406458709566,
    "plana_lon": 22.90716446295345,
    "koord_teksts": "57.035406458709566,<br>22.90716446295345",
    "karodzini": [],
    "izvilkuma_piezime": "Street part of the address ('Zemeņu iela 5') is on the preceding table line.",
    "komentars": "Avots: Tukuma novada CA plāns, lpp. 50",
    "id": "tukuma-novads-evak-14"
   },
   "geometry": {
    "type": "Point",
    "coordinates": [
     22.907164,
     57.035406
    ]
   }
  },
  {
   "type": "Feature",
   "properties": {
    "kategorija": "evakuacijas_punkts",
    "nosaukums": "Jaunsātu pagasta tautas nams",
    "adrese": "“Pagasts”, Abavnieki, Jaunsātu pag., Tukuma nov.",
    "pasvaldiba": "Tukuma novads",
    "pasvaldiba_slug": "tukuma-novads",
    "nr_plana": null,
    "avots_teksts": "Avots: Tukuma novada CA plāns, lpp. 50",
    "plans_url": "https://www.tukums.lv/lv/media/56137/download?attachment",
    "plans_fails": "ca-plans-tukums-2024.md",
    "lpp": 50,
    "citats": "|Jaunsātu pagasta tautas nams|pag., Tukuma nov.||22.930386201143964|",
    "izdevejs": "Tukuma novads (pašvaldība)",
    "geokodesana": "plan_coords",
    "adrese_vzd": "\"Pagasts\", Abavnieki, Jaunsātu pag., Tukuma nov., LV-3128",
    "vzd_kods": "105805854",
    "plana_lat": 56.972386460653645,
    "plana_lon": 22.930386201143964,
    "koord_teksts": "56.972386460653645,|\n|Jaunsātu pagasta tautas nams|pag., Tukuma nov.||22.930386201143964",
    "karodzini": [],
    "izvilkuma_piezime": "Row split across two table lines by the conversion (coordinates/address partly on the adjacent line); koord_teksts spans the line break.",
    "komentars": "Avots: Tukuma novada CA plāns, lpp. 50",
    "id": "tukuma-novads-evak-15"
   },
   "geometry": {
    "type": "Point",
    "coordinates": [
     22.930386,
     56.972386
    ]
   }
  },
  {
   "type": "Feature",
   "properties": {
    "kategorija": "evakuacijas_punkts",
    "nosaukums": "Kandavas sociālais dienests",
    "adrese": "Jelgavas iela 4A, Kandava, Tukuma nov.",
    "pasvaldiba": "Tukuma novads",
    "pasvaldiba_slug": "tukuma-novads",
    "nr_plana": null,
    "avots_teksts": "Avots: Tukuma novada CA plāns, lpp. 50",
    "plans_url": "https://www.tukums.lv/lv/media/56137/download?attachment",
    "plans_fails": "ca-plans-tukums-2024.md",
    "lpp": 50,
    "citats": "|Kandavas sociālais dienests|Jelgavas<br>Tukuma|iela 4A,<br>nov.|Kandava,|57.032995606121965,<br>22.790182942258646|",
    "izdevejs": "Tukuma novads (pašvaldība)",
    "geokodesana": "plan_coords",
    "adrese_vzd": "Jelgavas iela 4A, Kandava, Tukuma nov., LV-3120",
    "vzd_kods": "101223002",
    "plana_lat": 57.032995606121965,
    "plana_lon": 22.790182942258646,
    "koord_teksts": "57.032995606121965,<br>22.790182942258646",
    "karodzini": [],
    "komentars": "Avots: Tukuma novada CA plāns, lpp. 50",
    "id": "tukuma-novads-evak-16"
   },
   "geometry": {
    "type": "Point",
    "coordinates": [
     22.790183,
     57.032996
    ]
   }
  },
  {
   "type": "Feature",
   "properties": {
    "kategorija": "evakuacijas_punkts",
    "nosaukums": "Valsts Kandavas lauksaimniecības tehnikums",
    "adrese": "Valteru iela 6, Kandava, Tukuma nov.",
    "pasvaldiba": "Tukuma novads",
    "pasvaldiba_slug": "tukuma-novads",
    "nr_plana": null,
    "avots_teksts": "Avots: Tukuma novada CA plāns, lpp. 50",
    "plans_url": "https://www.tukums.lv/lv/media/56137/download?attachment",
    "plans_fails": "ca-plans-tukums-2024.md",
    "lpp": 50,
    "citats": "|Valsts Kandavas lauksaimniecības|Valteru|<br>iela<br>6,|Kandava,|57.03712270616968,|",
    "izdevejs": "Tukuma novads (pašvaldība)",
    "geokodesana": "plan_coords",
    "adrese_vzd": "Valteru iela 6, Kandava, Tukuma nov., LV-3120",
    "vzd_kods": "101226522",
    "plana_lat": 57.03712270616968,
    "plana_lon": 22.794457453900772,
    "koord_teksts": "57.03712270616968,|\n|tehnikums|Tukuma|nov.||22.794457453900772",
    "karodzini": [],
    "izvilkuma_piezime": "Row split across two table lines by the conversion (coordinates/address partly on the adjacent line); koord_teksts spans the line break.",
    "komentars": "Avots: Tukuma novada CA plāns, lpp. 50",
    "id": "tukuma-novads-evak-17"
   },
   "geometry": {
    "type": "Point",
    "coordinates": [
     22.794457,
     57.037123
    ]
   }
  },
  {
   "type": "Feature",
   "properties": {
    "kategorija": "evakuacijas_punkts",
    "nosaukums": "Kandavas sporta halle",
    "adrese": "Skolas iela 12, Kandava, Tukuma nov.",
    "pasvaldiba": "Tukuma novads",
    "pasvaldiba_slug": "tukuma-novads",
    "nr_plana": null,
    "avots_teksts": "Avots: Tukuma novada CA plāns, lpp. 50",
    "plans_url": "https://www.tukums.lv/lv/media/56137/download?attachment",
    "plans_fails": "ca-plans-tukums-2024.md",
    "lpp": 50,
    "citats": "|Kandavas sporta halle|Tukuma|nov.||22.76844989807976|",
    "izdevejs": "Tukuma novads (pašvaldība)",
    "geokodesana": "plan_coords",
    "adrese_vzd": "Skolas iela 12, Kandava, Tukuma nov., LV-3120",
    "vzd_kods": "106040963",
    "plana_lat": 57.03640244539181,
    "plana_lon": 22.76844989807976,
    "koord_teksts": "57.03640244539181,|\n|Kandavas sporta halle|Tukuma|nov.||22.76844989807976",
    "karodzini": [],
    "izvilkuma_piezime": "Row split across two table lines by the conversion (coordinates/address partly on the adjacent line); koord_teksts spans the line break. Accommodation table gives Skolas iela 10 for Kandavas sporta halle.",
    "komentars": "Avots: Tukuma novada CA plāns, lpp. 50",
    "id": "tukuma-novads-evak-18"
   },
   "geometry": {
    "type": "Point",
    "coordinates": [
     22.76845,
     57.036402
    ]
   }
  },
  {
   "type": "Feature",
   "properties": {
    "kategorija": "evakuacijas_punkts",
    "nosaukums": "Valdeķu kultūras nams",
    "adrese": "Valdeķi, Kandavas pag., Tukuma nov.",
    "pasvaldiba": "Tukuma novads",
    "pasvaldiba_slug": "tukuma-novads",
    "nr_plana": null,
    "avots_teksts": "Avots: Tukuma novada CA plāns, lpp. 50",
    "plans_url": "https://www.tukums.lv/lv/media/56137/download?attachment",
    "plans_fails": "ca-plans-tukums-2024.md",
    "lpp": 50,
    "citats": "|Valdeķu kultūras nams|Tukuma|nov.||22.773177622909852|",
    "izdevejs": "Tukuma novads (pašvaldība)",
    "geokodesana": "plan_coords",
    "adrese_vzd": "\"Valdeķi\", Valdeķi, Kandavas pag., Tukuma nov., LV-3120",
    "vzd_kods": "105895083",
    "plana_lat": 57.00098818868519,
    "plana_lon": 22.773177622909852,
    "koord_teksts": "57.00098818868519,|\n|Valdeķu kultūras nams|Tukuma|nov.||22.773177622909852",
    "karodzini": [],
    "izvilkuma_piezime": "Row split across two table lines by the conversion (coordinates/address partly on the adjacent line); koord_teksts spans the line break.",
    "komentars": "Avots: Tukuma novada CA plāns, lpp. 50",
    "id": "tukuma-novads-evak-19"
   },
   "geometry": {
    "type": "Point",
    "coordinates": [
     22.773178,
     57.000988
    ]
   }
  },
  {
   "type": "Feature",
   "properties": {
    "kategorija": "evakuacijas_punkts",
    "nosaukums": "Zemītes tautas nams",
    "adrese": "“Cerības”, Zemīte, Tukuma nov.",
    "pasvaldiba": "Tukuma novads",
    "pasvaldiba_slug": "tukuma-novads",
    "nr_plana": null,
    "avots_teksts": "Avots: Tukuma novada CA plāns, lpp. 50",
    "plans_url": "https://www.tukums.lv/lv/media/56137/download?attachment",
    "plans_fails": "ca-plans-tukums-2024.md",
    "lpp": 50,
    "citats": "|Zemītes tautas nams|nov.|||22.793056102159742|",
    "izdevejs": "Tukuma novads (pašvaldība)",
    "geokodesana": "plan_coords",
    "adrese_vzd": "\"Cerības\", Zemīte, Zemītes pag., Tukuma nov., LV-3135",
    "vzd_kods": "103054167",
    "plana_lat": 56.92674376675636,
    "plana_lon": 22.793056102159742,
    "koord_teksts": "56.92674376675636,|\n|Zemītes tautas nams|nov.|||22.793056102159742",
    "karodzini": [],
    "izvilkuma_piezime": "Row split across two table lines by the conversion (coordinates/address partly on the adjacent line); koord_teksts spans the line break.",
    "komentars": "Avots: Tukuma novada CA plāns, lpp. 50",
    "id": "tukuma-novads-evak-20"
   },
   "geometry": {
    "type": "Point",
    "coordinates": [
     22.793056,
     56.926744
    ]
   }
  },
  {
   "type": "Feature",
   "properties": {
    "kategorija": "evakuacijas_punkts",
    "nosaukums": "Zantes kultūras nams",
    "adrese": "Skolas iela 6, Zante, Tukuma nov.",
    "pasvaldiba": "Tukuma novads",
    "pasvaldiba_slug": "tukuma-novads",
    "nr_plana": null,
    "avots_teksts": "Avots: Tukuma novada CA plāns, lpp. 50",
    "plans_url": "https://www.tukums.lv/lv/media/56137/download?attachment",
    "plans_fails": "ca-plans-tukums-2024.md",
    "lpp": 50,
    "citats": "|Zantes kultūras nams|nov.|||22.73813069806968|",
    "izdevejs": "Tukuma novads (pašvaldība)",
    "geokodesana": "plan_coords",
    "adrese_vzd": "Skolas iela 6, Zante, Zantes pag., Tukuma nov., LV-3134",
    "vzd_kods": "101230547",
    "plana_lat": 56.83617830009376,
    "plana_lon": 22.73813069806968,
    "koord_teksts": "56.83617830009376,|\n|Zantes kultūras nams|nov.|||22.73813069806968",
    "karodzini": [],
    "izvilkuma_piezime": "Row split across two table lines by the conversion (coordinates/address partly on the adjacent line); koord_teksts spans the line break.",
    "komentars": "Avots: Tukuma novada CA plāns, lpp. 50",
    "id": "tukuma-novads-evak-21"
   },
   "geometry": {
    "type": "Point",
    "coordinates": [
     22.738131,
     56.836178
    ]
   }
  },
  {
   "type": "Feature",
   "properties": {
    "kategorija": "evakuacijas_punkts",
    "nosaukums": "Zantes ģimenes krīzes centrs",
    "adrese": "Skolas iela 4, Zante, Tukuma nov.",
    "pasvaldiba": "Tukuma novads",
    "pasvaldiba_slug": "tukuma-novads",
    "nr_plana": null,
    "avots_teksts": "Avots: Tukuma novada CA plāns, lpp. 50",
    "plans_url": "https://www.tukums.lv/lv/media/56137/download?attachment",
    "plans_fails": "ca-plans-tukums-2024.md",
    "lpp": 50,
    "citats": "|Zantes ģimenes krīzes centrs|nov.|||22.736082546268815|",
    "izdevejs": "Tukuma novads (pašvaldība)",
    "geokodesana": "plan_coords",
    "adrese_vzd": "Skolas iela 4, Zante, Zantes pag., Tukuma nov., LV-3134",
    "vzd_kods": "102659704",
    "plana_lat": 56.83593839566184,
    "plana_lon": 22.736082546268815,
    "koord_teksts": "56.83593839566184,|\n|Zantes ģimenes krīzes centrs|nov.|||22.736082546268815",
    "karodzini": [],
    "izvilkuma_piezime": "Row split across two table lines by the conversion (coordinates/address partly on the adjacent line); koord_teksts spans the line break.",
    "komentars": "Avots: Tukuma novada CA plāns, lpp. 50",
    "id": "tukuma-novads-evak-22"
   },
   "geometry": {
    "type": "Point",
    "coordinates": [
     22.736083,
     56.835938
    ]
   }
  },
  {
   "type": "Feature",
   "properties": {
    "kategorija": "evakuacijas_punkts",
    "nosaukums": "Vānes kultūras nams",
    "adrese": "“Gaismas”, Vāne, Tukuma nov.",
    "pasvaldiba": "Tukuma novads",
    "pasvaldiba_slug": "tukuma-novads",
    "nr_plana": null,
    "avots_teksts": "Avots: Tukuma novada CA plāns, lpp. 51",
    "plans_url": "https://www.tukums.lv/lv/media/56137/download?attachment",
    "plans_fails": "ca-plans-tukums-2024.md",
    "lpp": 51,
    "citats": "|Vānes kultūras nams<br>Matkules kultūras nams|“Gaismas”, Vāne, Tukuma nov.<br>“Tūjas”, Matkule, Tukuma nov.|56.92457204195858,<br>22.562227551182296<br>56.9790766764603,<br>22.595777805789247|",
    "izdevejs": "Tukuma novads (pašvaldība)",
    "geokodesana": "plan_coords",
    "adrese_vzd": null,
    "vzd_kods": null,
    "plana_lat": 56.92457204195858,
    "plana_lon": 22.562227551182296,
    "koord_teksts": "56.92457204195858,<br>22.562227551182296",
    "karodzini": [],
    "izvilkuma_piezime": "Two places merged into one table line by the conversion (Vāne and Matkule); split.",
    "komentars": "Avots: Tukuma novada CA plāns, lpp. 51",
    "id": "tukuma-novads-evak-23"
   },
   "geometry": {
    "type": "Point",
    "coordinates": [
     22.562228,
     56.924572
    ]
   }
  },
  {
   "type": "Feature",
   "properties": {
    "kategorija": "evakuacijas_punkts",
    "nosaukums": "Matkules kultūras nams",
    "adrese": "“Tūjas”, Matkule, Tukuma nov.",
    "pasvaldiba": "Tukuma novads",
    "pasvaldiba_slug": "tukuma-novads",
    "nr_plana": null,
    "avots_teksts": "Avots: Tukuma novada CA plāns, lpp. 51",
    "plans_url": "https://www.tukums.lv/lv/media/56137/download?attachment",
    "plans_fails": "ca-plans-tukums-2024.md",
    "lpp": 51,
    "citats": "|Vānes kultūras nams<br>Matkules kultūras nams|“Gaismas”, Vāne, Tukuma nov.<br>“Tūjas”, Matkule, Tukuma nov.|56.92457204195858,<br>22.562227551182296<br>56.9790766764603,<br>22.595777805789247|",
    "izdevejs": "Tukuma novads (pašvaldība)",
    "geokodesana": "plan_coords",
    "adrese_vzd": "\"Tūjas\", Matkule, Matkules pag., Tukuma nov., LV-3132",
    "vzd_kods": "104427590",
    "plana_lat": 56.9790766764603,
    "plana_lon": 22.595777805789247,
    "koord_teksts": "56.9790766764603,<br>22.595777805789247",
    "karodzini": [],
    "izvilkuma_piezime": "Two places merged into one table line by the conversion (Vāne and Matkule); split.",
    "komentars": "Avots: Tukuma novada CA plāns, lpp. 51",
    "id": "tukuma-novads-evak-24"
   },
   "geometry": {
    "type": "Point",
    "coordinates": [
     22.595778,
     56.979077
    ]
   }
  },
  {
   "type": "Feature",
   "properties": {
    "kategorija": "evakuacijas_punkts",
    "nosaukums": "Cēres pamatskola",
    "adrese": "Skolas iela 1, Cēre, Tukuma nov.",
    "pasvaldiba": "Tukuma novads",
    "pasvaldiba_slug": "tukuma-novads",
    "nr_plana": null,
    "avots_teksts": "Avots: Tukuma novada CA plāns, lpp. 51",
    "plans_url": "https://www.tukums.lv/lv/media/56137/download?attachment",
    "plans_fails": "ca-plans-tukums-2024.md",
    "lpp": 51,
    "citats": "|Cēres pamatskola|nov.|22.867508913628452|",
    "izdevejs": "Tukuma novads (pašvaldība)",
    "geokodesana": "plan_coords",
    "adrese_vzd": "Skolas iela 1, Cēre, Cēres pag., Tukuma nov., LV-3122",
    "vzd_kods": "103050842",
    "plana_lat": 57.10817932466136,
    "plana_lon": 22.867508913628452,
    "koord_teksts": "57.10817932466136,|\n|Cēres pamatskola|nov.|22.867508913628452",
    "karodzini": [],
    "izvilkuma_piezime": "Row split across two table lines by the conversion (coordinates/address partly on the adjacent line); koord_teksts spans the line break.",
    "komentars": "Avots: Tukuma novada CA plāns, lpp. 51",
    "id": "tukuma-novads-evak-25"
   },
   "geometry": {
    "type": "Point",
    "coordinates": [
     22.867509,
     57.108179
    ]
   }
  },
  {
   "type": "Feature",
   "properties": {
    "kategorija": "evakuacijas_punkts",
    "nosaukums": "Pirmskolas izglītības iestāde “Zīļuks”",
    "adrese": "Raiņa iela 14, Kandava, Tukuma nov.",
    "pasvaldiba": "Tukuma novads",
    "pasvaldiba_slug": "tukuma-novads",
    "nr_plana": null,
    "avots_teksts": "Avots: Tukuma novada CA plāns, lpp. 51",
    "plans_url": "https://www.tukums.lv/lv/media/56137/download?attachment",
    "plans_fails": "ca-plans-tukums-2024.md",
    "lpp": 51,
    "citats": "|Pirmskolas<br>izglītības<br>iestāde<br>“Zīļuks”|Raiņa<br>iela<br>14,<br>Kandava,<br>Tukuma nov.|57.041986279286526,<br>22.77585691157269|",
    "izdevejs": "Tukuma novads (pašvaldība)",
    "geokodesana": "plan_coords",
    "adrese_vzd": "Raiņa iela 14, Kandava, Tukuma nov., LV-3120",
    "vzd_kods": "102079506",
    "plana_lat": 57.041986279286526,
    "plana_lon": 22.77585691157269,
    "koord_teksts": "57.041986279286526,<br>22.77585691157269",
    "karodzini": [],
    "komentars": "Avots: Tukuma novada CA plāns, lpp. 51",
    "id": "tukuma-novads-evak-26"
   },
   "geometry": {
    "type": "Point",
    "coordinates": [
     22.775857,
     57.041986
    ]
   }
  },
  {
   "type": "Feature",
   "properties": {
    "kategorija": "evakuacijas_punkts",
    "nosaukums": "Laukums pie Domes un Jaunpils pils",
    "adrese": "“Ērģelnieki”, Jaunpils pagasts, Tukuma novads",
    "pasvaldiba": "Tukuma novads",
    "pasvaldiba_slug": "tukuma-novads",
    "nr_plana": null,
    "avots_teksts": "Avots: Tukuma novada CA plāns, lpp. 51",
    "plans_url": "https://www.tukums.lv/lv/media/56137/download?attachment",
    "plans_fails": "ca-plans-tukums-2024.md",
    "lpp": 51,
    "citats": "|Laukums pie Domes un Jaunpils pils|Tukuma novads|23.022464386505586|",
    "izdevejs": "Tukuma novads (pašvaldība)",
    "geokodesana": "plan_coords",
    "adrese_vzd": "\"Ērģelnieki\", Jaunpils, Jaunpils pag., Tukuma nov., LV-3145",
    "vzd_kods": "105572403",
    "plana_lat": 56.730173923652345,
    "plana_lon": 23.022464386505586,
    "koord_teksts": "56.730173923652345,|\n|Laukums pie Domes un Jaunpils pils|Tukuma novads|23.022464386505586",
    "karodzini": [],
    "izvilkuma_piezime": "Row split across two table lines by the conversion (coordinates/address partly on the adjacent line); koord_teksts spans the line break. Address and latitude are inside the preceding section-header line.",
    "komentars": "Avots: Tukuma novada CA plāns, lpp. 51",
    "id": "tukuma-novads-evak-27"
   },
   "geometry": {
    "type": "Point",
    "coordinates": [
     23.022464,
     56.730174
    ]
   }
  },
  {
   "type": "Feature",
   "properties": {
    "kategorija": "evakuacijas_punkts",
    "nosaukums": "Laukums pie Jaunpils pasta, veikala TOP",
    "adrese": "“Jāņkrogs , Jaunpils pagasts, Tukuma novads",
    "pasvaldiba": "Tukuma novads",
    "pasvaldiba_slug": "tukuma-novads",
    "nr_plana": null,
    "avots_teksts": "Avots: Tukuma novada CA plāns, lpp. 51",
    "plans_url": "https://www.tukums.lv/lv/media/56137/download?attachment",
    "plans_fails": "ca-plans-tukums-2024.md",
    "lpp": 51,
    "citats": "|Laukums pie Jaunpils pasta, veikala<br>TOP|“Jāņkrogs , Jaunpils pagasts,<br>Tukuma novads|56.73109455215903,<br>23.01419411549277|",
    "izdevejs": "Tukuma novads (pašvaldība)",
    "geokodesana": "plan_coords",
    "adrese_vzd": "\"Jāņkrogs\", Jaunpils, Jaunpils pag., Tukuma nov., LV-3145",
    "vzd_kods": "103035268",
    "plana_lat": 56.73109455215903,
    "plana_lon": 23.01419411549277,
    "koord_teksts": "56.73109455215903,<br>23.01419411549277",
    "karodzini": [],
    "komentars": "Avots: Tukuma novada CA plāns, lpp. 51",
    "id": "tukuma-novads-evak-28"
   },
   "geometry": {
    "type": "Point",
    "coordinates": [
     23.014194,
     56.731095
    ]
   }
  },
  {
   "type": "Feature",
   "properties": {
    "kategorija": "evakuacijas_punkts",
    "nosaukums": "Laukums pie Viesatu pārvaldes",
    "adrese": "“Jaunviekaļas”, Viesatu pagasts, Tukuma novads",
    "pasvaldiba": "Tukuma novads",
    "pasvaldiba_slug": "tukuma-novads",
    "nr_plana": null,
    "avots_teksts": "Avots: Tukuma novada CA plāns, lpp. 51",
    "plans_url": "https://www.tukums.lv/lv/media/56137/download?attachment",
    "plans_fails": "ca-plans-tukums-2024.md",
    "lpp": 51,
    "citats": "|Laukums pie Viesatu pārvaldes|“Jaunviekaļas”,<br>Viesatu<br>pagasts, Tukuma novads|56.80050557884476,<br>22.847713425631973|",
    "izdevejs": "Tukuma novads (pašvaldība)",
    "geokodesana": "plan_coords",
    "adrese_vzd": "\"Jaunviekaļas\", Viesatas, Viesatu pag., Tukuma nov., LV-3142",
    "vzd_kods": "105805348",
    "plana_lat": 56.80050557884476,
    "plana_lon": 22.847713425631973,
    "koord_teksts": "56.80050557884476,<br>22.847713425631973",
    "karodzini": [],
    "komentars": "Avots: Tukuma novada CA plāns, lpp. 51",
    "id": "tukuma-novads-evak-29"
   },
   "geometry": {
    "type": "Point",
    "coordinates": [
     22.847713,
     56.800506
    ]
   }
  },
  {
   "type": "Feature",
   "properties": {
    "kategorija": "evakuacijas_punkts",
    "nosaukums": "Engures Kultūras nams",
    "adrese": "Jūras iela 85, Engure, Tukuma novads",
    "pasvaldiba": "Tukuma novads",
    "pasvaldiba_slug": "tukuma-novads",
    "nr_plana": null,
    "avots_teksts": "Avots: Tukuma novada CA plāns, lpp. 51",
    "plans_url": "https://www.tukums.lv/lv/media/56137/download?attachment",
    "plans_fails": "ca-plans-tukums-2024.md",
    "lpp": 51,
    "citats": "|Engures Kultūras nams|Jūras iela 85, Engure, Tukuma<br>novads|57.1622906166208,<br>23.2265767272442|",
    "izdevejs": "Tukuma novads (pašvaldība)",
    "geokodesana": "plan_coords",
    "adrese_vzd": "Jūras iela 85, Engure, Engures pag., Tukuma nov., LV-3113",
    "vzd_kods": "101227741",
    "plana_lat": 57.1622906166208,
    "plana_lon": 23.2265767272442,
    "koord_teksts": "57.1622906166208,<br>23.2265767272442",
    "karodzini": [],
    "komentars": "Avots: Tukuma novada CA plāns, lpp. 51",
    "id": "tukuma-novads-evak-30"
   },
   "geometry": {
    "type": "Point",
    "coordinates": [
     23.226577,
     57.162291
    ]
   }
  },
  {
   "type": "Feature",
   "properties": {
    "kategorija": "evakuacijas_punkts",
    "nosaukums": "Dzelzceļa stacija\"Smārde\"",
    "adrese": "Stacijas iela 1, Smārde, Tukuma novads",
    "pasvaldiba": "Tukuma novads",
    "pasvaldiba_slug": "tukuma-novads",
    "nr_plana": null,
    "avots_teksts": "Avots: Tukuma novada CA plāns, lpp. 51",
    "plans_url": "https://www.tukums.lv/lv/media/56137/download?attachment",
    "plans_fails": "ca-plans-tukums-2024.md",
    "lpp": 51,
    "citats": "|Dzelzceļa stacija\"Smārde\"|Stacijas<br>iela<br>1,<br>Smārde,<br>Tukuma novads|56.95529683125383,<br>23.337052811892004|",
    "izdevejs": "Tukuma novads (pašvaldība)",
    "geokodesana": "plan_coords",
    "adrese_vzd": "Stacijas iela 1, Smārde, Smārdes pag., Tukuma nov., LV-3129",
    "vzd_kods": "104858484",
    "plana_lat": 56.95529683125383,
    "plana_lon": 23.337052811892004,
    "koord_teksts": "56.95529683125383,<br>23.337052811892004",
    "karodzini": [],
    "komentars": "Avots: Tukuma novada CA plāns, lpp. 51",
    "id": "tukuma-novads-evak-31"
   },
   "geometry": {
    "type": "Point",
    "coordinates": [
     23.337053,
     56.955297
    ]
   }
  },
  {
   "type": "Feature",
   "properties": {
    "kategorija": "evakuacijas_punkts",
    "nosaukums": "Smārdes pamatskola",
    "adrese": "Lapu iela 5, Smārde, Tukuma novads",
    "pasvaldiba": "Tukuma novads",
    "pasvaldiba_slug": "tukuma-novads",
    "nr_plana": null,
    "avots_teksts": "Avots: Tukuma novada CA plāns, lpp. 51",
    "plans_url": "https://www.tukums.lv/lv/media/56137/download?attachment",
    "plans_fails": "ca-plans-tukums-2024.md",
    "lpp": 51,
    "citats": "|Smārdes pamatskola<br>|Lapu iela 5, Smārde, Tukuma<br>novads<br>|56.951352000687784,<br>23.339783456130792|",
    "izdevejs": "Tukuma novads (pašvaldība)",
    "geokodesana": "plan_coords",
    "adrese_vzd": "Lapu iela 5, Smārde, Smārdes pag., Tukuma nov., LV-3129",
    "vzd_kods": "103269683",
    "plana_lat": 56.951352000687784,
    "plana_lon": 23.339783456130792,
    "koord_teksts": "56.951352000687784,<br>23.339783456130792",
    "karodzini": [],
    "komentars": "Avots: Tukuma novada CA plāns, lpp. 51",
    "id": "tukuma-novads-evak-32"
   },
   "geometry": {
    "type": "Point",
    "coordinates": [
     23.339783,
     56.951352
    ]
   }
  },
  {
   "type": "Feature",
   "properties": {
    "kategorija": "evakuacijas_punkts",
    "nosaukums": "Šlokenbekas muiža",
    "adrese": "Šlokenbekas muiža, Milzkalne, Smārdes pag., Tukuma novads",
    "pasvaldiba": "Tukuma novads",
    "pasvaldiba_slug": "tukuma-novads",
    "nr_plana": null,
    "avots_teksts": "Avots: Tukuma novada CA plāns, lpp. 51",
    "plans_url": "https://www.tukums.lv/lv/media/56137/download?attachment",
    "plans_fails": "ca-plans-tukums-2024.md",
    "lpp": 51,
    "citats": "|Šlokenbekas muiža|Šlokenbekas muiža, Milzkalne,<br>Smārdes pag., Tukuma novads|56.97598987002092,<br>23.226561732247873|",
    "izdevejs": "Tukuma novads (pašvaldība)",
    "geokodesana": "plan_coords",
    "adrese_vzd": null,
    "vzd_kods": null,
    "plana_lat": 56.97598987002092,
    "plana_lon": 23.226561732247873,
    "koord_teksts": "56.97598987002092,<br>23.226561732247873",
    "karodzini": [],
    "komentars": "Avots: Tukuma novada CA plāns, lpp. 51",
    "id": "tukuma-novads-evak-33"
   },
   "geometry": {
    "type": "Point",
    "coordinates": [
     23.226562,
     56.97599
    ]
   }
  },
  {
   "type": "Feature",
   "properties": {
    "kategorija": "evakuacijas_punkts",
    "nosaukums": "Lapmežciema pagasta pārvalde un kultūras nams",
    "adrese": "Liepu iela 2, Lapmežciems, Tukuma novads",
    "pasvaldiba": "Tukuma novads",
    "pasvaldiba_slug": "tukuma-novads",
    "nr_plana": null,
    "avots_teksts": "Avots: Tukuma novada CA plāns, lpp. 51",
    "plans_url": "https://www.tukums.lv/lv/media/56137/download?attachment",
    "plans_fails": "ca-plans-tukums-2024.md",
    "lpp": 51,
    "citats": "|Lapmežciema pagasta pārvalde un<br>kultūras nams|Liepu iela 2, Lapmežciems,<br>Tukuma novads|57.00075376251762,<br>23.51495872802328|",
    "izdevejs": "Tukuma novads (pašvaldība)",
    "geokodesana": "plan_coords",
    "adrese_vzd": null,
    "vzd_kods": null,
    "plana_lat": 57.00075376251762,
    "plana_lon": 23.51495872802328,
    "koord_teksts": "57.00075376251762,<br>23.51495872802328",
    "karodzini": [],
    "komentars": "Avots: Tukuma novada CA plāns, lpp. 51",
    "id": "tukuma-novads-evak-34"
   },
   "geometry": {
    "type": "Point",
    "coordinates": [
     23.514959,
     57.000754
    ]
   }
  },
  {
   "type": "Feature",
   "properties": {
    "kategorija": "evakuacijas_punkts",
    "nosaukums": "Valkas ģimnāzija",
    "adrese": "Raiņa 28a, Valka, Valkas novads",
    "pasvaldiba": "Valkas novads",
    "pasvaldiba_slug": "valkas-novads",
    "nr_plana": null,
    "avots_teksts": "Avots: Valkas novada CA plāns, lpp. 101",
    "plans_url": "https://www.valka.lv/lv/media/1092/download?attachment",
    "plans_fails": "VALKAS_NOVADA_CIVILAS_AIZSARDZIBAS_PLANS_3_23.02.2021.md",
    "lpp": 101,
    "citats": "- Valkas ģimnāzija (Raiņa 28a, Valka, Valkas novads);",
    "izdevejs": "Valkas novads (pašvaldība)",
    "geokodesana": "varis_address",
    "adrese_vzd": "Raiņa iela 28A, Valka, Valkas nov., LV-4701",
    "vzd_kods": "102841211",
    "plana_lat": null,
    "plana_lon": null,
    "koord_teksts": null,
    "karodzini": [],
    "komentars": "Avots: Valkas novada CA plāns, lpp. 101 · vieta noteikta pēc adreses (VZD)",
    "id": "valkas-novads-evak-1"
   },
   "geometry": {
    "type": "Point",
    "coordinates": [
     26.014735,
     57.774666
    ]
   }
  },
  {
   "type": "Feature",
   "properties": {
    "kategorija": "evakuacijas_punkts",
    "nosaukums": "Valkas ģimnāzija",
    "adrese": "Ausekļa 5, Valka, Valkas novads",
    "pasvaldiba": "Valkas novads",
    "pasvaldiba_slug": "valkas-novads",
    "nr_plana": null,
    "avots_teksts": "Avots: Valkas novada CA plāns, lpp. 101",
    "plans_url": "https://www.valka.lv/lv/media/1092/download?attachment",
    "plans_fails": "VALKAS_NOVADA_CIVILAS_AIZSARDZIBAS_PLANS_3_23.02.2021.md",
    "lpp": 101,
    "citats": "- Valkas ģimnāzija (Ausekļa 5, Valka, Valkas novads);",
    "izdevejs": "Valkas novads (pašvaldība)",
    "geokodesana": "varis_address",
    "adrese_vzd": "Ausekļa iela 5, Valka, Valkas nov., LV-4701",
    "vzd_kods": "102839578",
    "plana_lat": null,
    "plana_lon": null,
    "koord_teksts": null,
    "karodzini": [],
    "komentars": "Avots: Valkas novada CA plāns, lpp. 101 · vieta noteikta pēc adreses (VZD)",
    "id": "valkas-novads-evak-2"
   },
   "geometry": {
    "type": "Point",
    "coordinates": [
     26.015144,
     57.780639
    ]
   }
  },
  {
   "type": "Feature",
   "properties": {
    "kategorija": "evakuacijas_punkts",
    "nosaukums": "Valkas kultūras nams",
    "adrese": "Emīla Dārziņa 8, Valka, Valkas novads",
    "pasvaldiba": "Valkas novads",
    "pasvaldiba_slug": "valkas-novads",
    "nr_plana": null,
    "avots_teksts": "Avots: Valkas novada CA plāns, lpp. 101",
    "plans_url": "https://www.valka.lv/lv/media/1092/download?attachment",
    "plans_fails": "VALKAS_NOVADA_CIVILAS_AIZSARDZIBAS_PLANS_3_23.02.2021.md",
    "lpp": 101,
    "citats": "- Valkas kultūras nams (Emīla Dārziņa 8, Valka, Valkas novads);",
    "izdevejs": "Valkas novads (pašvaldība)",
    "geokodesana": "varis_address",
    "adrese_vzd": "Emīla Dārziņa iela 8, Valka, Valkas nov., LV-4701",
    "vzd_kods": "102063252",
    "plana_lat": null,
    "plana_lon": null,
    "koord_teksts": null,
    "karodzini": [],
    "komentars": "Avots: Valkas novada CA plāns, lpp. 101 · vieta noteikta pēc adreses (VZD)",
    "id": "valkas-novads-evak-3"
   },
   "geometry": {
    "type": "Point",
    "coordinates": [
     26.018137,
     57.773988
    ]
   }
  },
  {
   "type": "Feature",
   "properties": {
    "kategorija": "evakuacijas_punkts",
    "nosaukums": "Valkas novadpētniecības muzejs",
    "adrese": "Rīgas 64, Valka, Valkas novads",
    "pasvaldiba": "Valkas novads",
    "pasvaldiba_slug": "valkas-novads",
    "nr_plana": null,
    "avots_teksts": "Avots: Valkas novada CA plāns, lpp. 101",
    "plans_url": "https://www.valka.lv/lv/media/1092/download?attachment",
    "plans_fails": "VALKAS_NOVADA_CIVILAS_AIZSARDZIBAS_PLANS_3_23.02.2021.md",
    "lpp": 101,
    "citats": "- Valkas novadpētniecības muzejs (Rīgas 64, Valka, Valkas novads);",
    "izdevejs": "Valkas novads (pašvaldība)",
    "geokodesana": "varis_address",
    "adrese_vzd": "Rīgas iela 64, Valka, Valkas nov., LV-4701",
    "vzd_kods": "101186652",
    "plana_lat": null,
    "plana_lon": null,
    "koord_teksts": null,
    "karodzini": [],
    "komentars": "Avots: Valkas novada CA plāns, lpp. 101 · vieta noteikta pēc adreses (VZD)",
    "id": "valkas-novads-evak-4"
   },
   "geometry": {
    "type": "Point",
    "coordinates": [
     26.00586,
     57.768374
    ]
   }
  },
  {
   "type": "Feature",
   "properties": {
    "kategorija": "evakuacijas_punkts",
    "nosaukums": "Lauktehnikas sporta zāle",
    "adrese": "Varoņu 35, Valka, Valkas novads",
    "pasvaldiba": "Valkas novads",
    "pasvaldiba_slug": "valkas-novads",
    "nr_plana": null,
    "avots_teksts": "Avots: Valkas novada CA plāns, lpp. 101",
    "plans_url": "https://www.valka.lv/lv/media/1092/download?attachment",
    "plans_fails": "VALKAS_NOVADA_CIVILAS_AIZSARDZIBAS_PLANS_3_23.02.2021.md",
    "lpp": 101,
    "citats": "- Lauktehnikas sporta zāle (Varoņu 35, Valka, Valkas novads);",
    "izdevejs": "Valkas novads (pašvaldība)",
    "geokodesana": "varis_address",
    "adrese_vzd": "Varoņu iela 35, Valka, Valkas nov., LV-4701",
    "vzd_kods": "101188301",
    "plana_lat": null,
    "plana_lon": null,
    "koord_teksts": null,
    "karodzini": [],
    "komentars": "Avots: Valkas novada CA plāns, lpp. 101 · vieta noteikta pēc adreses (VZD)",
    "id": "valkas-novads-evak-5"
   },
   "geometry": {
    "type": "Point",
    "coordinates": [
     25.995173,
     57.786333
    ]
   }
  },
  {
   "type": "Feature",
   "properties": {
    "kategorija": "evakuacijas_punkts",
    "nosaukums": "Lugažu muiža",
    "adrese": "Lugažu muiža, Lugaži, Valkas pagasts, Valkas novads",
    "pasvaldiba": "Valkas novads",
    "pasvaldiba_slug": "valkas-novads",
    "nr_plana": null,
    "avots_teksts": "Avots: Valkas novada CA plāns, lpp. 101",
    "plans_url": "https://www.valka.lv/lv/media/1092/download?attachment",
    "plans_fails": "VALKAS_NOVADA_CIVILAS_AIZSARDZIBAS_PLANS_3_23.02.2021.md",
    "lpp": 101,
    "citats": "- Lugažu muiža (Lugažu muiža, Lugaži, Valkas pagasts, Valkas novads);",
    "izdevejs": "Valkas novads (pašvaldība)",
    "geokodesana": "varis_address",
    "adrese_vzd": "\"Lugažu Muiža\", Lugaži, Valkas pag., Valkas nov., LV-4701",
    "vzd_kods": "103893827",
    "plana_lat": null,
    "plana_lon": null,
    "koord_teksts": null,
    "karodzini": [],
    "komentars": "Avots: Valkas novada CA plāns, lpp. 101 · vieta noteikta pēc adreses (VZD)",
    "id": "valkas-novads-evak-6"
   },
   "geometry": {
    "type": "Point",
    "coordinates": [
     25.955389,
     57.764401
    ]
   }
  },
  {
   "type": "Feature",
   "properties": {
    "kategorija": "evakuacijas_punkts",
    "nosaukums": "Ērģemes pamatskola",
    "adrese": "Ērģemes skola, Ērģeme, Ērģemes pagasts, Valkas novads",
    "pasvaldiba": "Valkas novads",
    "pasvaldiba_slug": "valkas-novads",
    "nr_plana": null,
    "avots_teksts": "Avots: Valkas novada CA plāns, lpp. 101",
    "plans_url": "https://www.valka.lv/lv/media/1092/download?attachment",
    "plans_fails": "VALKAS_NOVADA_CIVILAS_AIZSARDZIBAS_PLANS_3_23.02.2021.md",
    "lpp": 101,
    "citats": "- Ērģemes pamatskola (Ērģemes skola, Ērģeme, Ērģemes pagasts, Valkas novads);",
    "izdevejs": "Valkas novads (pašvaldība)",
    "geokodesana": "varis_address",
    "adrese_vzd": "\"Ērģemes skola\", Ērģeme, Ērģemes pag., Valkas nov., LV-4711",
    "vzd_kods": "103038796",
    "plana_lat": null,
    "plana_lon": null,
    "koord_teksts": null,
    "karodzini": [],
    "komentars": "Avots: Valkas novada CA plāns, lpp. 101 · vieta noteikta pēc adreses (VZD)",
    "id": "valkas-novads-evak-7"
   },
   "geometry": {
    "type": "Point",
    "coordinates": [
     25.827884,
     57.808148
    ]
   }
  },
  {
   "type": "Feature",
   "properties": {
    "kategorija": "evakuacijas_punkts",
    "nosaukums": "Omuļu skola",
    "adrese": "Omuļu skola, Omuļi, Ērģemes pagasts, Valkas novads",
    "pasvaldiba": "Valkas novads",
    "pasvaldiba_slug": "valkas-novads",
    "nr_plana": null,
    "avots_teksts": "Avots: Valkas novada CA plāns, lpp. 101",
    "plans_url": "https://www.valka.lv/lv/media/1092/download?attachment",
    "plans_fails": "VALKAS_NOVADA_CIVILAS_AIZSARDZIBAS_PLANS_3_23.02.2021.md",
    "lpp": 101,
    "citats": "- Omuļu skola (Omuļu skola, Omuļi, Ērģemes pagasts, Valkas novads);",
    "izdevejs": "Valkas novads (pašvaldība)",
    "geokodesana": "varis_address",
    "adrese_vzd": "\"Omuļu Skola\", Omuļi, Ērģemes pag., Valkas nov., LV-4711",
    "vzd_kods": "103040880",
    "plana_lat": null,
    "plana_lon": null,
    "koord_teksts": null,
    "karodzini": [],
    "komentars": "Avots: Valkas novada CA plāns, lpp. 101 · vieta noteikta pēc adreses (VZD)",
    "id": "valkas-novads-evak-8"
   },
   "geometry": {
    "type": "Point",
    "coordinates": [
     25.741088,
     57.883551
    ]
   }
  },
  {
   "type": "Feature",
   "properties": {
    "kategorija": "evakuacijas_punkts",
    "nosaukums": "Kārķu pamatskola",
    "adrese": "Kārķu skola, Kārķi, Kārķu pagasts, Valkas novads",
    "pasvaldiba": "Valkas novads",
    "pasvaldiba_slug": "valkas-novads",
    "nr_plana": null,
    "avots_teksts": "Avots: Valkas novada CA plāns, lpp. 101",
    "plans_url": "https://www.valka.lv/lv/media/1092/download?attachment",
    "plans_fails": "VALKAS_NOVADA_CIVILAS_AIZSARDZIBAS_PLANS_3_23.02.2021.md",
    "lpp": 101,
    "citats": "- Kārķu pamatskola (Kārķu skola, Kārķi, Kārķu pagasts, Valkas novads);",
    "izdevejs": "Valkas novads (pašvaldība)",
    "geokodesana": "varis_address",
    "adrese_vzd": "\"Kārķu skola\", Kārķi, Kārķu pag., Valkas nov., LV-4716",
    "vzd_kods": "103081120",
    "plana_lat": null,
    "plana_lon": null,
    "koord_teksts": null,
    "karodzini": [],
    "komentars": "Avots: Valkas novada CA plāns, lpp. 101 · vieta noteikta pēc adreses (VZD)",
    "id": "valkas-novads-evak-9"
   },
   "geometry": {
    "type": "Point",
    "coordinates": [
     25.615256,
     57.816111
    ]
   }
  },
  {
   "type": "Feature",
   "properties": {
    "kategorija": "evakuacijas_punkts",
    "nosaukums": "Vijciema pamatskola",
    "adrese": "„Druvas”, Vijciems, Vijciema pagasts, Valkas novads",
    "pasvaldiba": "Valkas novads",
    "pasvaldiba_slug": "valkas-novads",
    "nr_plana": null,
    "avots_teksts": "Avots: Valkas novada CA plāns, lpp. 101",
    "plans_url": "https://www.valka.lv/lv/media/1092/download?attachment",
    "plans_fails": "VALKAS_NOVADA_CIVILAS_AIZSARDZIBAS_PLANS_3_23.02.2021.md",
    "lpp": 101,
    "citats": "- Vijciema pamatskola („Druvas”, Vijciems, Vijciema pagasts, Valkas novads);",
    "izdevejs": "Valkas novads (pašvaldība)",
    "geokodesana": "varis_address",
    "adrese_vzd": "\"Druvas\", Vijciems, Vijciema pag., Valkas nov., LV-4733",
    "vzd_kods": "102886272",
    "plana_lat": null,
    "plana_lon": null,
    "koord_teksts": null,
    "karodzini": [],
    "komentars": "Avots: Valkas novada CA plāns, lpp. 101 · vieta noteikta pēc adreses (VZD)",
    "id": "valkas-novads-evak-10"
   },
   "geometry": {
    "type": "Point",
    "coordinates": [
     25.95288,
     57.585825
    ]
   }
  },
  {
   "type": "Feature",
   "properties": {
    "kategorija": "evakuacijas_punkts",
    "nosaukums": "Luturskola",
    "adrese": "Luturskola, Stepi, Zvārtavas pagasts, Valkas novads",
    "pasvaldiba": "Valkas novads",
    "pasvaldiba_slug": "valkas-novads",
    "nr_plana": null,
    "avots_teksts": "Avots: Valkas novada CA plāns, lpp. 101",
    "plans_url": "https://www.valka.lv/lv/media/1092/download?attachment",
    "plans_fails": "VALKAS_NOVADA_CIVILAS_AIZSARDZIBAS_PLANS_3_23.02.2021.md",
    "lpp": 101,
    "citats": "- Luturskola (Luturskola, Stepi, Zvārtavas pagasts, Valkas novads);",
    "izdevejs": "Valkas novads (pašvaldība)",
    "geokodesana": "varis_address",
    "adrese_vzd": "\"Luturskola\", Stepi, Zvārtavas pag., Valkas nov., LV-4735",
    "vzd_kods": "102707413",
    "plana_lat": null,
    "plana_lon": null,
    "koord_teksts": null,
    "karodzini": [],
    "komentars": "Avots: Valkas novada CA plāns, lpp. 101 · vieta noteikta pēc adreses (VZD)",
    "id": "valkas-novads-evak-11"
   },
   "geometry": {
    "type": "Point",
    "coordinates": [
     26.300017,
     57.545272
    ]
   }
  },
  {
   "type": "Feature",
   "properties": {
    "kategorija": "evakuacijas_punkts",
    "nosaukums": "Mierkalna tautas nams",
    "adrese": "Mierkalna tautas nams, Mierkalns, Zvārtavas pagasts, Valkas novads",
    "pasvaldiba": "Valkas novads",
    "pasvaldiba_slug": "valkas-novads",
    "nr_plana": null,
    "avots_teksts": "Avots: Valkas novada CA plāns, lpp. 101",
    "plans_url": "https://www.valka.lv/lv/media/1092/download?attachment",
    "plans_fails": "VALKAS_NOVADA_CIVILAS_AIZSARDZIBAS_PLANS_3_23.02.2021.md",
    "lpp": 101,
    "citats": "- Mierkalna tautas nams (Mierkalna tautas nams, Mierkalns, Zvārtavas pagasts, Valkas novads).",
    "izdevejs": "Valkas novads (pašvaldība)",
    "geokodesana": "varis_address",
    "adrese_vzd": "\"Mierkalna tautas nams\", Zvārtavas pag., Valkas nov., LV-4735",
    "vzd_kods": "105814976",
    "plana_lat": null,
    "plana_lon": null,
    "koord_teksts": null,
    "karodzini": [],
    "komentars": "Avots: Valkas novada CA plāns, lpp. 101 · vieta noteikta pēc adreses (VZD)",
    "id": "valkas-novads-evak-12"
   },
   "geometry": {
    "type": "Point",
    "coordinates": [
     26.188428,
     57.563929
    ]
   }
  }
 ]
}
