id,nosaukums,marsruti,marsrutu_saraksts,veidi,x,y
10000,Deši,1,5494,autobuss,25.4881431,56.3259665
10001,Deši,3,"5490, 5493, 5494",autobuss,25.4872818,56.3260013
10004,Lones mežniecība,1,5494,autobuss,25.4434571,56.3054667
10005,Lones mežniecība,3,"5490, 5493, 5494",autobuss,25.4431205,56.3053371
10007,Rimšāni,2,"5490, 5493",autobuss,25.4275777,56.2982995
10008,Lone,2,"5494, 5495",autobuss,25.4024344,56.2836076
10009,Lone,2,"5494, 5495",autobuss,25.4019709,56.2834970
10010,Poceri,2,"5494, 5495",autobuss,25.3907300,56.2780160
10011,Poceri,2,"5494, 5495",autobuss,25.3905962,56.2779896
10014,Zalači,2,"5494, 5495",autobuss,25.3555908,56.2609322
10015,Zalači,2,"5494, 5495",autobuss,25.3563778,56.2613863
10018,Sēlija,6,"6894, 6938, 7195, 7851, 7898",autobuss,25.6388067,56.5607945
10019,Sēlija,6,"6894, 6938, 7195, 7851, 7898",autobuss,25.6403706,56.5604065
10020,Vārnaskrogs,4,"6894, 6938, 7851",autobuss,25.6754148,56.5556584
10021,Vārnaskrogs,4,"6894, 6938, 7851",autobuss,25.6765666,56.5544589
10022,Ezerciems,6,"6894, 6938, 7195, 7851, 7898",autobuss,25.6984877,56.5466136
10023,Ezerciems,6,"6894, 6938, 7195, 7851, 7898",autobuss,25.6993667,56.5461636
10024,Daugava,2,"6894, 6938",autobuss,25.7166404,56.5386350
10025,Daugava,2,"6894, 6938",autobuss,25.7163763,56.5385738
10026,Dārznieki,2,"6894, 6938",autobuss,25.7529966,56.5149573
10027,Dārznieki,2,"6894, 6938",autobuss,25.7530564,56.5149174
10028,Sala,9,"5497, 6894, 6895, 6896, 6938, 7195, 7851, 7898",autobuss,25.7644907,56.5087012
10029,Sala,9,"5497, 6894, 6895, 6896, 6938, 7195, 7851, 7898",autobuss,25.7655653,56.5078979
10032,Gravāni,9,"5497, 6894, 6895, 6896, 6938, 7195, 7851, 7898",autobuss,25.8040522,56.4975109
10033,Gravāni,9,"5497, 6894, 6895, 6896, 6938, 7195, 7851, 7898",autobuss,25.8044648,56.4973698
10036,Atašienes pagrieziens,1,5469,autobuss,26.4233610,56.5242869
10038,Atašiene,3,"5469, 6984, 6985",autobuss,26.4013852,56.5445800
10039,Atašiene,3,"5469, 6984, 6985",autobuss,26.4014814,56.5446147
10040,Atašienes skola,1,6985,autobuss,26.3808094,56.5598407
10042,Atašienes skola,2,"6984, 6985",autobuss,26.3804297,56.5606229
10044,Rijnieki,2,"6984, 6985",autobuss,26.3587214,56.5786093
10045,Bojāri,2,"5469, 6984",autobuss,26.3599568,56.5424734
10046,Bojāri,2,"5469, 6984",autobuss,26.3597805,56.5424550
10048,Zasa,9,"5056, 5061, 5155, 5736, 6942, 6967, 7006, 7008, 7897",autobuss,25.9807633,56.2931644
10049,Eikava,2,"5056, 6967",autobuss,26.0093709,56.3027228
10050,Eikava,1,5736,autobuss,26.0095468,56.3027475
10053,Ogas,2,"5056, 6967",autobuss,26.0481160,56.3126594
10054,Ogas,1,5736,autobuss,26.0487853,56.3126931
10058,Lauciņi,1,6967,autobuss,26.1035229,56.3219114
10061,Asare,1,6942,autobuss,25.8908725,56.1166921
10062,Asare,1,6942,autobuss,25.8906634,56.1166803
10063,Ancene,1,6942,autobuss,25.9586948,56.1027005
10064,Ancene,1,6942,autobuss,25.9590405,56.1025761
10065,Deši,4,"5490, 5493, 5495, 5496",autobuss,25.4896932,56.3227535
10066,Deši,2,"5495, 5496",autobuss,25.4893948,56.3225997
10067,Kapele,2,"5490, 5493",autobuss,25.4932816,56.3117479
10071,Rijnieki,2,"5490, 5493",autobuss,25.4830919,56.2919943
10073,Sauka,4,"5490, 5493, 5495, 5496",autobuss,25.4829895,56.2732802
10074,Sauka,4,"5490, 5493, 5495, 5496",autobuss,25.4807095,56.2732676
10075,Alotiņi,1,5496,autobuss,25.5139916,56.2604530
10076,Alotiņi,1,5496,autobuss,25.5141512,56.2598018
10079,Berģi,1,5496,autobuss,25.5004890,56.2457630
10080,Berģi,1,5496,autobuss,25.5005393,56.2465421
10081,Baši,1,5496,autobuss,25.4965030,56.2254111
10082,Baši,1,5496,autobuss,25.4964324,56.2250948
10083,Druvas,1,7493,autobuss,25.5066105,56.1995066
10084,Druvas,1,7493,autobuss,25.5095049,56.1996082
10086,Sarkaņi,1,6484,autobuss,27.5576278,56.5643121
10087,Ciskova,1,6484,autobuss,27.5254859,56.5438198
10088,Skaugaļi,1,6484,autobuss,27.4588323,56.5323298
10089,Ismeri,2,"5115, 6562",autobuss,27.3280856,56.3866285
10091,Ismeri,3,"5115, 6562, 6565",autobuss,27.3277681,56.3859173
10093,Ciemats,2,"5115, 6562",autobuss,27.3092667,56.3675195
10094,Lūznava,5,"5115, 6483, 6490, 6562, 6565",autobuss,27.2605150,56.3608867
10095,Hatki,1,7439,autobuss,26.9812959,56.4091614
10096,Hatki,1,7439,autobuss,26.9802747,56.4093133
10097,Belobabina,1,7439,autobuss,26.9537976,56.3997743
10098,Belobabina,1,7439,autobuss,26.9532144,56.3996359
10099,Mežagasuļi,1,7439,autobuss,26.9147390,56.4011234
10100,Mežagasuļi,1,7439,autobuss,26.9143895,56.4005354
10101,Meirāni,3,"5142, 6567, 6570",autobuss,27.1384142,56.7326536
10102,Meirāni,3,"5142, 6567, 6570",autobuss,27.1398210,56.7325033
10103,Vecstrūžāni,4,"5142, 5150, 6567, 6570",autobuss,27.1883621,56.7476072
10104,Dziļāri,3,"5142, 6567, 6570",autobuss,27.1122206,56.7202419
10105,Dziļāri,3,"5142, 6567, 6570",autobuss,27.1107955,56.7203482
10106,Cīmota,3,"5142, 6567, 6570",autobuss,27.0917332,56.7217558
10107,Cīmota,3,"5142, 6567, 6570",autobuss,27.0901886,56.7226758
10108,Dricānu skola,3,"5137, 5628, 6566",autobuss,27.1933093,56.6496012
10109,Dricānu skola,3,"5137, 5628, 6566",autobuss,27.1937695,56.6499641
10110,Taunaga,2,"5137, 6566",autobuss,27.2070614,56.6793790
10111,Taunaga,2,"5137, 6566",autobuss,27.2074668,56.6795205
10112,Strūžāni,2,"5137, 6566",autobuss,27.2377219,56.6961415
10115,Puisāni,2,"6486, 6567",autobuss,27.0429966,56.7117718
10116,Puisāni,2,"6486, 6567",autobuss,27.0428912,56.7124930
10117,Žogoti,2,"6486, 6567",autobuss,27.0175595,56.6733043
10118,Žogoti,2,"6486, 6567",autobuss,27.0174047,56.6731579
10119,Murāni,1,6486,autobuss,27.0209315,56.6497687
1012,Indrānu iela,1,6089,autobuss,24.6333950,56.8099859
10120,Murāni,1,6486,autobuss,27.0208389,56.6488458
10121,Jaunrikava,1,6486,autobuss,27.0218619,56.6033811
10122,Jaunrikava,1,6486,autobuss,27.0212454,56.6027530
10123,Privši,1,6486,autobuss,26.9975496,56.5900559
10124,Privši,1,6486,autobuss,26.9953157,56.5895174
10125,Lauzinieki,1,6486,autobuss,26.9636733,56.5799482
10126,Lauzinieki,1,6486,autobuss,26.9636119,56.5799818
10127,Renda,7,"7016, 7410, 7509, 7512, 7938, K7410",autobuss,22.2936384,57.0680864
10128,Ozolu gatve,4,"5238, 6108, 6117, 6118",autobuss,24.6402967,56.7888355
10129,Ozolu gatve,4,"5238, 6108, 6117, 6118",autobuss,24.6406165,56.7883482
1013,Indrānu iela,1,6089,autobuss,24.6331369,56.8101320
10130,Ciemupe,7,"5238, 5995, 6108, 6117, 6118, 7073, 7693",autobuss,24.6520397,56.7804212
10131,Ciemupe,7,"5238, 5995, 6108, 6117, 6118, 7073, 7693",autobuss,24.6511978,56.7808033
10132,Celmlaužu iela,2,"5238, 6117",autobuss,24.6627569,56.7724051
10133,Celmlaužu iela,1,6117,autobuss,24.6638407,56.7733239
10135,Ķiļupe,4,"6108, 6117, 6118, 7073",autobuss,24.6705514,56.7707825
10136,Ķiļupe,4,"6108, 6117, 6118, 7073",autobuss,24.6709050,56.7704762
10141,Ķegums,5,"6108, 6117, 6118, 7073, 7693",autobuss,24.7193543,56.7461755
10142,Ķegums,6,"6108, 6117, 6118, 7073, 7693, 7992",autobuss,24.7179039,56.7469478
10145,Karpuškina,1,6536,autobuss,27.4308451,56.4365716
10146,Karpuškina,1,6536,autobuss,27.4312262,56.4362727
10151,Derģilova,1,6536,autobuss,27.4198929,56.4419028
10152,Derģilova,1,6536,autobuss,27.4202377,56.4416521
10153,Mazlībieši,1,6373,autobuss,24.1475159,56.2727297
10154,Mazlībieši,1,6373,autobuss,24.1468097,56.2728163
10155,Makašāni,6,"5626, 5628, 5759, 6436, 6535, 7448",autobuss,27.3198524,56.5833135
10156,Makašāni,5,"5628, 5759, 6436, 6535, 7448",autobuss,27.3203116,56.5840995
10157,Jermoli,2,"5628, 5759",autobuss,27.3141168,56.5646884
10158,Jermoli,4,"5626, 5628, 5759, 6436",autobuss,27.3137751,56.5642527
10159,Bērzgales skola,1,6986,autobuss,25.8890526,56.3078213
10160,Bērzgales skola,2,"6986, 6998",autobuss,25.8885578,56.3079057
10162,Mežgale,3,"5897, 6986, 6998",autobuss,25.8584288,56.2798631
10163,Lāčplēsis,5,"7073, 7693, 7981, 7989, 7992",autobuss,24.8338757,56.7159596
10164,Lāčplēsis,5,"7073, 7693, 7981, 7989, 7992",autobuss,24.8358806,56.7155864
10169,Skola,2,"7228, 7964",autobuss,24.9305920,56.9115970
10170,Skola,2,"7228, 7964",autobuss,24.9301700,56.9112700
10171,Suntaži,7,"5009, 5414, 6095, 6139, 6208, 7228, 7964",autobuss,24.9294610,56.9039120
10172,Abze,5,"5009, 5414, 6139, 6208, 7964",autobuss,24.9319620,56.8936810
10173,Abze,2,"5414, 6139",autobuss,24.9310820,56.8937870
10176,Roņi,2,"5414, 6208",autobuss,24.9134010,56.8537567
10177,Roņi,1,5414,autobuss,24.9130166,56.8534613
10180,Mazpūķi,1,6118,autobuss,24.7727271,56.7713852
1018015,Gulbene,1,Bānītis,vilciens,26.7657058,57.1828013
10181,Mazpūķi,1,6118,autobuss,24.7718415,56.7710741
1018387,Birze,1,Bānītis,vilciens,26.8022610,57.2024760
1018388,Pūriņi,1,Bānītis,vilciens,26.8300940,57.2162010
1018389,Stāmeriene,1,Bānītis,vilciens,26.8830570,57.2358860
1018390,Kalniena,1,Bānītis,vilciens,26.9380610,57.2586800
1018391,Dunduri,1,Bānītis,vilciens,26.9753680,57.2929870
1018392,Paparde,1,Bānītis,vilciens,26.9970720,57.3068850
1018393,Umernieki,1,Bānītis,vilciens,27.0163970,57.3369980
1018394,Vējiņi,1,Bānītis,vilciens,27.0313590,57.3590970
1018395,Alūksne,1,Bānītis,vilciens,27.0455290,57.4121890
10184,Jugla,4,"6095, 6139, 7228, 7964",autobuss,24.8182075,56.8966039
10185,Jugla,5,"5009, 6095, 6139, 7228, 7964",autobuss,24.8188879,56.8965748
10186,Zīlnieki,5,"5009, 6095, 6139, 7228, 7964",autobuss,24.8538651,56.8970053
10187,Viduči,5,"5009, 6095, 6139, 7228, 7964",autobuss,24.8907681,56.8952606
10188,Viduči,4,"6095, 6139, 7228, 7964",autobuss,24.8939475,56.8956392
10189,Suntažu  stacija,2,"5414, 7964",autobuss,24.9469471,56.9101345
10190,Suntažu  stacija,3,"5414, 6208, 7964",autobuss,24.9485006,56.9099627
10191,Grunduļi,2,"5414, 7964",autobuss,24.9621234,56.9154861
10192,Grunduļi,3,"5414, 6208, 7964",autobuss,24.9644374,56.9157852
10193,Ausma,3,"5414, 6095, 7964",autobuss,24.9882632,56.9206909
10194,Ausma,4,"5414, 6095, 6208, 7964",autobuss,24.9902922,56.9210644
10195,Vārpas,2,"5414, 7964",autobuss,25.0068163,56.9251587
10198,Kastrāne,3,"5414, 6095, 7964",autobuss,25.0580203,56.9224724
10199,Desas,1,7964,autobuss,25.0830064,56.9107898
10200,Desas,1,7964,autobuss,25.0844550,56.9104594
10201,Gauriņi,2,"5414, 7964",autobuss,25.0990684,56.9068122
10202,Gauriņi,3,"5414, 6208, 7964",autobuss,25.1006168,56.9062266
10203,Vatrāne,1,7964,autobuss,25.1247179,56.8988457
10204,Vatrāne,1,7964,autobuss,25.1261301,56.8986709
10205,Vaivodi,1,7964,autobuss,25.1547836,56.8940041
10206,Vaivodi,1,7964,autobuss,25.1567206,56.8927247
10208,Vecā skola,1,7964,autobuss,25.3648690,56.8934089
1021,Institūta iela,6,"3113, 3117, 5087, 5591, 6645",autobuss,24.8911295,57.1500958
10210,Vecā skola,1,7964,autobuss,25.3660251,56.8933947
10211,Plauži,3,"5414, 7229, 7964",autobuss,25.2414273,56.8829734
10212,Plauži,3,"5414, 6067, 7964",autobuss,25.2417356,56.8827684
10213,Lakstene,3,"5414, 7229, 7964",autobuss,25.2821874,56.8806069
10214,Lakstene,3,"5414, 6067, 7964",autobuss,25.2827387,56.8804431
10219,Taurupe,4,"5414, 6067, 7229, 7964",autobuss,25.3405434,56.8830728
1022,Stopiņu pagasta pārvalde,3,"5836, 6827, 6829",autobuss,24.2834122,56.9431695
10220,Līčupe,3,"5414, 7229, 7964",autobuss,25.4197751,56.8970383
10221,Skroderi,1,7964,autobuss,25.4363981,56.9015996
10222,Skroderi,1,7964,autobuss,25.4377178,56.9014543
10223,Klaucēni,1,7964,autobuss,25.4675723,56.9001583
10224,Klaucēni,1,7964,autobuss,25.4686184,56.8996872
10225,Mazozolu skola,1,7964,autobuss,25.4851574,56.9017351
10226,Mazozolu skola,1,7964,autobuss,25.4864974,56.9018247
10227,Tīnūži,3,"5416, 7227, 7229",autobuss,24.5618576,56.8630338
10228,Tīnūži,5,"5386, 5416, 7227, 7229, 7611",autobuss,24.5615450,56.8638596
10229,Kalnāju pagrieziens,3,"3016, 5416, 7227",autobuss,24.5793268,56.8356522
1023,Stopiņu pagasta pārvalde,3,"5836, 6827, 6829",autobuss,24.2848962,56.9426552
10230,MRS,9,"5414, 5995, 6090, 6091, 6110, 6126, 7227, 7229, 7788",autobuss,24.6573983,56.8200891
10231,MRS,11,"5414, 5995, 6067, 6090, 6091, 6110, 6126, 6208, 7227, 7229, 7788",autobuss,24.6579793,56.8203149
10232,Jaunzāģeri,6,"5414, 5995, 6091, 6110, 6126, 7229",autobuss,24.6833642,56.8235003
10233,Jaunzāģeri,8,"5414, 5995, 6067, 6091, 6110, 6126, 6208, 7229",autobuss,24.6836253,56.8233553
10234,Truči,2,"6091, 6110",autobuss,24.6952495,56.8203932
10235,Truči,2,"6091, 6110",autobuss,24.6971229,56.8196574
10236,Kārļi,6,"5414, 5995, 6110, 6126, 7229, 7788",autobuss,24.7313611,56.8093313
10237,Kārļi,8,"5414, 5995, 6067, 6091, 6110, 6126, 6208, 7788",autobuss,24.7306261,56.8094224
10238,Gāršas,4,"5414, 5995, 6110, 6126",autobuss,24.7401187,56.8068884
10239,Gāršas,6,"5414, 5995, 6067, 6110, 6126, 6208",autobuss,24.7396274,56.8069361
10240,Ogresgals,6,"5414, 5995, 6110, 6126, 7229, 7788",autobuss,24.7506996,56.8047679
10241,Ogresgals,8,"5414, 5995, 6067, 6110, 6126, 6208, 7229, 7788",autobuss,24.7507288,56.8046224
10245,Jauntulki,4,"5414, 5995, 6126, 7229",autobuss,24.8032264,56.8075460
10246,Jauntulki,6,"5414, 5995, 6067, 6126, 6208, 7229",autobuss,24.8035368,56.8073185
10247,Laides,4,"5414, 5995, 6126, 7229",autobuss,24.8106908,56.8062541
10248,Laides,6,"5414, 5995, 6067, 6126, 6208, 7229",autobuss,24.8105344,56.8061863
10249,Putriņas,1,6139,autobuss,25.1909110,56.8415988
10250,Putriņas,1,6139,autobuss,25.1899521,56.8414814
10251,Plāteres muiža,2,"6139, 7229",autobuss,25.2131666,56.8359754
10252,Plāteres muiža,2,"6139, 7229",autobuss,25.2138931,56.8354205
10253,Nākotne,2,"6139, 7229",autobuss,25.2302557,56.8357626
10254,Nākotne,2,"6139, 7229",autobuss,25.2300320,56.8355358
10255,Lakstenes pagrieziens,1,6139,autobuss,25.2432663,56.8363216
10256,Lakstenes pagrieziens,1,6139,autobuss,25.2448321,56.8360796
10257,Grotēni,2,"6139, 7229",autobuss,25.2612908,56.8342639
10258,Grotēni,2,"6139, 7229",autobuss,25.2621702,56.8340966
10261,Aderkaši,2,"6139, 7229",autobuss,25.3299545,56.8536038
10262,Aderkaši,2,"6139, 7229",autobuss,25.3308167,56.8534262
10265,Asaru līcis,4,"5414, 5995, 6126, 7229",autobuss,24.8458246,56.8051484
10266,Asaru līcis,6,"5414, 5995, 6067, 6126, 6208, 7229",autobuss,24.8467105,56.8049548
10267,Glāžšķūnis,6,"5414, 5995, 6067, 6126, 6208, 7229",autobuss,24.8670569,56.7998175
10272,Paegles,2,"6126, 7229",autobuss,24.9047062,56.7825255
10273,Paegles,3,"6067, 6126, 7229",autobuss,24.9051102,56.7822191
10274,Madlienas pagrieziens,1,7229,autobuss,24.9426242,56.7757925
10275,Madlienas pagrieziens,1,7229,autobuss,24.9430544,56.7757544
10276,Lēdmane,4,"6067, 6126, 7073, 7229",autobuss,25.0007643,56.7676985
10278,Lēdmanes muiža,1,7073,autobuss,25.0731174,56.7543901
10279,Lēdmanes muiža,1,7073,autobuss,25.0740980,56.7542184
10280,Krape,1,7073,autobuss,25.1200462,56.7371635
10281,Krape,2,"6101, 7073",autobuss,25.1188151,56.7375450
10283,Krapes krustojums,2,"5980, 7073",autobuss,25.1578384,56.7227843
10284,Krapes krustojums,1,5980,autobuss,25.1574234,56.7227156
10286,Zvaniņi,1,6139,autobuss,25.3511314,56.8435359
10287,Linkas,1,6139,autobuss,25.3831677,56.8127028
10288,Linkas,1,6139,autobuss,25.3823414,56.8128130
10291,Meņģele,1,6139,autobuss,25.4135641,56.8071727
10292,Rogas,1,7964,autobuss,25.1200243,56.8356456
10293,Rogas,1,7964,autobuss,25.1197020,56.8358253
10294,Strautēni,2,"6139, 7964",autobuss,25.0982319,56.8412978
10295,Strautēni,3,"5009, 6139, 7964",autobuss,25.0977430,56.8415657
10298,Rūpnieki,2,"6139, 7964",autobuss,24.9839799,56.8811308
10299,Jāņumuiža,3,"5009, 6139, 7964",autobuss,24.9606158,56.8849954
10300,MRS pagrieziens,4,"5009, 6095, 6139, 7228",autobuss,24.6453755,56.8295737
10301,MRS pagrieziens,3,"6095, 6139, 7228",autobuss,24.6440901,56.8287791
10302,Zeltkalni,4,"5009, 6095, 6139, 7228",autobuss,24.6806329,56.8476761
10303,Zeltkalni,3,"6095, 6139, 7228",autobuss,24.6821514,56.8482329
10305,Zīlāni,2,"5490, 5493",autobuss,25.4411104,56.2809616
10307,Ielejas,2,"5490, 5493",autobuss,25.4601488,56.2741233
10312,Romulīši,2,"6931, 6941",autobuss,25.5742876,56.3195634
10313,Romulīši,1,6941,autobuss,25.5746853,56.3187981
10314,Klauce,1,6941,autobuss,25.5818887,56.2859292
10315,Klauce,2,"6931, 6941",autobuss,25.5820560,56.2862635
10321,Elkšņi,1,6941,autobuss,25.5805419,56.2158061
10322,Elkšņi,2,"6931, 6941",autobuss,25.5803144,56.2157161
10323,Zīlāni,2,"6952, 6984",autobuss,25.9404773,56.5155827
10325,Zīlāni,3,"6952, 6984, 6985",autobuss,25.9414950,56.5157514
10327,Ļamāni,2,"5029, 6932",autobuss,25.9688965,56.5098026
10328,Ļamāni,2,"5029, 6932",autobuss,25.9690193,56.5095964
10329,Lauki,2,"5029, 6932",autobuss,25.9974240,56.4876056
10330,Lauki,2,"5029, 6932",autobuss,25.9974962,56.4875081
10331,Andrāni,2,"5029, 6932",autobuss,26.0304727,56.4825107
10332,Andrāni,2,"5029, 6932",autobuss,26.0306678,56.4824685
10333,Poļakas,2,"5029, 6932",autobuss,26.0870394,56.4751423
10334,Poļakas,2,"5029, 6932",autobuss,26.0858577,56.4749791
10335,Krustceles,2,"5029, 6932",autobuss,26.1306526,56.4799550
10336,Krustceles,2,"5029, 6932",autobuss,26.1306687,56.4799313
10337,Vīpes skola,3,"5029, 5470, 6932",autobuss,26.1221132,56.4660179
10338,Vīpes skola,3,"5029, 5470, 6932",autobuss,26.1217069,56.4659843
10339,Pāpuļi,3,"6344, 6979, 7727",autobuss,26.0796187,56.6287815
10340,Pāpuļi,3,"6344, 6979, 7727",autobuss,26.0795872,56.6287515
10341,Rožkalni,2,"6979, 7727",autobuss,26.0756812,56.6175330
10342,Rožkalni,2,"6979, 7727",autobuss,26.0748504,56.6174959
10343,Medņi,4,"6937, 6974, 6979, 7727",autobuss,26.0461799,56.6083386
10344,Medņi,2,"6979, 7727",autobuss,26.0451739,56.6079807
10345,Irbessala,4,"6937, 6974, 6979, 7727",autobuss,26.0315382,56.5918345
10346,Inkēni,4,"6937, 6974, 6979, 7727",autobuss,26.0213177,56.5821205
10347,Inkēni,2,"6979, 7727",autobuss,26.0192385,56.5813971
10350,Varieši,4,"6937, 6974, 6979, 7727",autobuss,25.9829451,56.5687100
10351,Varieši,2,"6979, 7727",autobuss,25.9825212,56.5685530
10354,Ķoderi,4,"6937, 6974, 6979, 7727",autobuss,25.9315870,56.5542834
10355,Ķoderi,2,"6979, 7727",autobuss,25.9306741,56.5542534
10356,Sprukti,4,"6937, 6974, 6979, 7727",autobuss,25.9331614,56.5409491
10357,Sprukti,2,"6979, 7727",autobuss,25.9322512,56.5407164
10360,Taborkalns,1,6938,autobuss,25.6966162,56.5745036
10361,Taborkalns,1,6938,autobuss,25.6964441,56.5747888
10362,Dābori,1,6938,autobuss,25.6890408,56.5809947
10363,Dābori,1,6938,autobuss,25.6890070,56.5811486
10364,Krīvi,2,"6894, 6938",autobuss,25.6289489,56.5603913
10365,Krīvi,2,"6894, 6938",autobuss,25.6274221,56.5593093
10366,Sēlpils skola,2,"6894, 6938",autobuss,25.6114558,56.5454683
10367,Sēlpils skola,2,"6894, 6938",autobuss,25.6114130,56.5460223
10369,Sēlpils,2,"6894, 6938",autobuss,25.6111555,56.5292608
10370,Stiebriņi,1,6938,autobuss,25.6433114,56.5691384
10371,Stiebriņi,1,6938,autobuss,25.6432304,56.5690510
10372,Raiņa muzejs,1,6938,autobuss,25.6578449,56.5888974
10373,Raiņa muzejs,1,6938,autobuss,25.6580205,56.5889123
10374,Spietiņi,1,6938,autobuss,25.7091669,56.6045492
10375,Spietiņi,1,6938,autobuss,25.7099501,56.6050983
10378,Gustiņi,1,5497,autobuss,25.7070738,56.5042470
10379,Gustiņi,1,5497,autobuss,25.7067212,56.5042627
10382,Stabulnieki,1,5497,autobuss,25.6723543,56.4913780
10383,Stabulnieki,1,5497,autobuss,25.6722960,56.4914336
10386,Antjāņi,1,5497,autobuss,25.5828408,56.4649088
10387,Antjāņi,1,5497,autobuss,25.5826406,56.4649188
10388,Ābeļu skola,1,6967,autobuss,25.9122066,56.4747979
10389,Ābeļu skola,1,6967,autobuss,25.9135240,56.4741132
1039,Isnauda,1,5635,autobuss,27.7364520,56.5251990
10390,Laši,1,6967,autobuss,25.9340417,56.4642681
10391,Laši,1,6967,autobuss,25.9341936,56.4642103
10396,Nagļi,1,6967,autobuss,26.0123000,56.4584539
10397,Nagļi,1,6967,autobuss,26.0133264,56.4581818
10400,Saldes,1,6967,autobuss,26.0618961,56.4356202
10401,Saldes,1,6967,autobuss,26.0619488,56.4350180
10402,Ausekļi,1,6967,autobuss,26.0684479,56.4149472
10403,Ausekļi,1,6967,autobuss,26.0687577,56.4143015
10404,Dūņas,1,6967,autobuss,26.0893610,56.4046233
10405,Dūņas,1,6967,autobuss,26.0909061,56.4041066
10408,Jaunslīterāni,1,6967,autobuss,26.1299626,56.3861456
10409,Jaunslīterāni,1,6967,autobuss,26.1305056,56.3852514
10410,Meņķi,1,6967,autobuss,26.1447354,56.3683162
10411,Meņķi,1,6967,autobuss,26.1451623,56.3675227
10412,Daugava,1,6967,autobuss,26.1522006,56.3542244
10413,Daugava,1,6967,autobuss,26.1521081,56.3540384
10416,Vandāni,1,6967,autobuss,26.1607009,56.3340735
10417,Vandāni,1,6967,autobuss,26.1604528,56.3346463
10418,Dignājas skola,1,6967,autobuss,26.1572703,56.3227259
10419,Dignājas skola,1,6967,autobuss,26.1571228,56.3226062
10420,Dignāja,2,"5056, 6967",autobuss,26.1731013,56.2958403
10421,Dignāja,2,"5056, 6967",autobuss,26.1732412,56.2958544
10422,Upmalītes,1,6967,autobuss,26.1814399,56.2799277
10423,Upmalītes,1,6967,autobuss,26.1817795,56.2796501
10424,Sudrabkalns,1,6967,autobuss,26.1756205,56.2494560
10425,Sudrabkalns,1,6967,autobuss,26.1754334,56.2492794
10426,Zeltiņi,1,6967,autobuss,26.1857526,56.2242564
10427,Zeltiņi,1,6967,autobuss,26.1861067,56.2238733
10429,Dunava,1,6967,autobuss,26.2034974,56.2147879
10434,Pakalnes,1,6952,autobuss,25.9791045,56.5299186
10435,Pakalnes,1,6952,autobuss,25.9788411,56.5298149
10436,Indriķēni,1,6952,autobuss,26.0140784,56.5496699
10437,Indriķēni,1,6952,autobuss,26.0138174,56.5496410
10438,Medīlas,1,6952,autobuss,26.0406186,56.5589230
10439,Dieviņi,1,6952,autobuss,26.0551641,56.5536115
10440,Dieviņi,1,6952,autobuss,26.0550946,56.5535527
10442,Ziedi,1,5155,autobuss,26.0860790,56.1246370
10443,Kūku pasiles,1,6952,autobuss,26.0861319,56.5483447
10444,Kūku pasiles,1,6952,autobuss,26.0861840,56.5483160
10445,Sīkstuļi,1,6952,autobuss,26.1298155,56.5617322
10446,Sīkstuļi,1,6952,autobuss,26.1298151,56.5617140
10447,Kļaviņas,1,6952,autobuss,26.1661584,56.5739927
10448,Kļaviņas,1,6952,autobuss,26.1665298,56.5740564
10449,Sankaļi,2,"6937, 6944",autobuss,25.8662614,56.5436100
10450,Sankaļi,1,6944,autobuss,25.8665180,56.5437623
10451,Darvasbrenči,2,"6937, 6944",autobuss,25.8844364,56.5589058
10452,Darvasbrenči,1,6944,autobuss,25.8845907,56.5590964
10454,Kursīši,2,"6937, 6944",autobuss,25.8926301,56.6011032
10455,Kursīši,1,6944,autobuss,25.8926607,56.6010902
10458,Antūži,1,6944,autobuss,25.9513448,56.6177015
10459,Antūži,2,"6937, 6944",autobuss,25.9515133,56.6178127
10460,Spāģi,1,6937,autobuss,25.9965697,56.6281131
10462,Upmaļi,1,6937,autobuss,26.0488614,56.6160425
10463,Krieviņi,1,6484,autobuss,27.3587941,56.5496174
10464,Rudzis,1,6484,autobuss,27.4227998,56.5582566
10465,Ceplīši,1,6484,autobuss,27.4519395,56.5641341
10466,Lendži,1,6484,autobuss,27.5103424,56.5828914
10467,Rukmoni,1,6482,autobuss,27.3951989,56.2678786
10478,Strupļi,3,"5135, 5136, 6530",autobuss,26.9811410,56.5177340
10479,Strupļi,3,"5135, 5136, 6530",autobuss,26.9815986,56.5172634
10480,Sokolki,1,6530,autobuss,27.0164164,56.5004157
10481,Sokolki,1,6530,autobuss,27.0172309,56.5001989
10482,Bokāni,1,6530,autobuss,27.0299275,56.4985732
10483,Bokāni,1,6530,autobuss,27.0304976,56.4983936
10484,Balbiši,1,6530,autobuss,27.0762034,56.4894334
10485,Balbiši,1,6530,autobuss,27.0766801,56.4890040
10486,Lipski,3,"6547, 6548, 6549",autobuss,27.4064085,56.4974357
10487,Lipski,3,"6547, 6548, 6549",autobuss,27.4083679,56.4971262
10488,Sprūževa,3,"6547, 6548, 6549",autobuss,27.4260673,56.4926875
10489,Sprūževa,3,"6547, 6548, 6549",autobuss,27.4263206,56.4922564
10490,Jeroškina,3,"6547, 6548, 6549",autobuss,27.4813601,56.4632037
10491,Jeroškina,3,"6547, 6548, 6549",autobuss,27.4818019,56.4625904
10492,Rozelmuiža,3,"6547, 6548, 6549",autobuss,27.4981005,56.4425484
10493,Rozelmuiža,3,"6547, 6548, 6549",autobuss,27.4984465,56.4423144
10494,Stoļerova,3,"6547, 6548, 6549",autobuss,27.5545892,56.4295968
10495,Stoļerova,3,"6547, 6548, 6549",autobuss,27.5544095,56.4294407
10496,Rosica,2,"6547, 6549",autobuss,27.5861173,56.4123609
10497,Rosica,2,"6547, 6549",autobuss,27.5863352,56.4122569
10498,Asāni,2,"6547, 6549",autobuss,27.5933703,56.3745677
10499,Asāni,2,"6547, 6549",autobuss,27.5932555,56.3744716
10502,Batņi,1,6549,autobuss,27.5822645,56.3523159
10503,Ozolmuiža,2,"6490, 6530",autobuss,27.2294278,56.4892219
10504,Ozolmuiža,3,"6490, 6530, 6564",autobuss,27.2280861,56.4893102
10505,Makari,3,"5906, 6490, 6530",autobuss,27.1850003,56.4840270
10506,Makari,4,"5906, 6490, 6530, 6564",autobuss,27.1838232,56.4839863
10508,Zuji,2,"6537, 7439",autobuss,27.0413362,56.4095802
10509,Zuji,2,"6537, 7439",autobuss,27.0416960,56.4097716
10510,Trofimova,2,"6537, 7439",autobuss,27.0217260,56.4048395
10511,Trofimova,2,"6537, 7439",autobuss,27.0217260,56.4047395
10512,Kruki,3,"5129, 6537, 7439",autobuss,26.9980056,56.4098318
10513,Kruki,3,"5129, 6537, 7439",autobuss,26.9980591,56.4098427
10514,Korpuhi,1,6571,autobuss,27.0764169,56.3827275
10515,Korpuhi,1,6571,autobuss,27.0757915,56.3827339
10516,Putni,1,6571,autobuss,27.0536226,56.3778765
10517,Putni,1,6571,autobuss,27.0528889,56.3778338
10518,Štikāni,1,6571,autobuss,27.0289803,56.3724772
10519,Štikāni,1,6571,autobuss,27.0279167,56.3723661
10520,Rogoviki,1,6571,autobuss,27.0003518,56.3616113
10521,Rogoviki,1,6571,autobuss,27.0002518,56.3615113
10522,Utāni,1,6482,autobuss,27.3533538,56.2786911
10523,Pūdnīki,1,6571,autobuss,27.0326956,56.3350435
10526,Maļinovka,1,5137,autobuss,27.3953357,56.6228778
10527,Maļinovka,1,5137,autobuss,27.3955114,56.6222588
10528,Ilzeskalns,5,"5137, 5759, 6436, 6535, 7448",autobuss,27.3961744,56.6400275
10529,Ilzeskalns,5,"5137, 5759, 6535, 7448, 7451",autobuss,27.3963696,56.6404055
1053,Jāņa Pliekšāna iela,1,7020,autobuss,23.8083114,56.9719768
10530,Ferma,2,"5759, 6535",autobuss,27.4082034,56.6553090
10531,Ferma,2,"5759, 6535",autobuss,27.4087879,56.6555160
10532,Čudarāni,3,"5137, 5759, 6535",autobuss,27.4160935,56.6634488
10533,Čudarāni,4,"5137, 5759, 6535, 7451",autobuss,27.4159315,56.6637602
10534,Gailumi,3,"5759, 6535, 7448",autobuss,27.4206190,56.6795168
10535,Gailumi,4,"5759, 6535, 7448, 7451",autobuss,27.4207138,56.6800911
10536,Pustinka,2,"5129, 6537",autobuss,26.9579707,56.4387961
10537,Pustinka,2,"5129, 6537",autobuss,26.9585880,56.4388994
10538,Bondari,1,6482,autobuss,27.3456866,56.2955999
1054,Jāņa Pliekšāna iela,1,7020,autobuss,23.8099516,56.9721213
10541,Feimaņi,2,"7452, 7892",autobuss,27.0438847,56.2728760
10542,Lāčkrogs,1,7938,autobuss,22.3317186,57.0880947
10543,Lāčkrogs,1,7938,autobuss,22.3309534,57.0881611
10547,Brantu pagrieziens,2,"5421, 5424",autobuss,25.8073595,57.3299953
10548,Launkalnes pagrieziens,10,"5421, 5422, 5424, 7618, 7905, 7906, 7910, 7911, 7912, 7915",autobuss,25.8435275,57.3405041
10549,Launkalnes pagrieziens,10,"5421, 5422, 5423, 7618, 7905, 7906, 7910, 7911, 7912, 7915",autobuss,25.8472098,57.3413179
10550,Jaunkaravīri,4,"5421, 5422, 5423, 5424",autobuss,25.8762480,57.3514926
10551,Jaunkaravīri,4,"5421, 5422, 5423, 5424",autobuss,25.8789668,57.3520399
10552,Turkalne,4,"5009, 6095, 6139, 7228",autobuss,24.6972009,56.8561450
10553,Turkalne,4,"5386, 6095, 6139, 7228",autobuss,24.6979597,56.8563577
10554,Mārsiles,4,"5009, 6095, 6139, 7228",autobuss,24.7240001,56.8528167
10555,Mārsiles,3,"6095, 6139, 7228",autobuss,24.7271223,56.8532008
10556,Raņķi,4,"5009, 6095, 6139, 7228",autobuss,24.7526370,56.8608072
10557,Raņķi,3,"6095, 6139, 7228",autobuss,24.7537435,56.8609038
10558,Ozoli,4,"5009, 6095, 6139, 7228",autobuss,24.7770002,56.8733769
10559,Ozoli,3,"6095, 6139, 7228",autobuss,24.7773392,56.8736425
10560,Glāznieki,4,"5009, 6095, 6139, 7228",autobuss,24.7857315,56.8827385
10561,Glāznieki,3,"6095, 6139, 7228",autobuss,24.7857591,56.8824397
10562,Lielkangari,1,7964,autobuss,24.6463090,56.9272607
10563,Laubere,3,"5009, 6139, 7964",autobuss,25.0188065,56.8579812
10567,Annas,1,7073,autobuss,24.8959375,56.7342206
10568,Annas,1,7073,autobuss,24.8963578,56.7343357
10570,Rozītes,1,7073,autobuss,24.9483431,56.7728119
10571,Rozītes,1,7073,autobuss,24.9487601,56.7732432
10573,Rembate,1,6118,autobuss,24.7812084,56.7561687
10574,Vecā skola,1,7964,autobuss,25.1322322,56.8355386
10575,Vecā skola,1,7964,autobuss,25.1321750,56.8360612
10576,Ievas,1,5216,autobuss,25.1218031,56.8227771
10577,Zādzenes pagrieziens,4,"5216, 6067, 6126, 7229",autobuss,25.1134083,56.8100058
10578,Zādzenes pagrieziens,3,"5216, 6126, 7229",autobuss,25.1127676,56.8095465
10585,Krodzinieki,3,"6067, 6126, 7229",autobuss,25.0442359,56.7959734
10586,Krodzinieki,2,"6126, 7229",autobuss,25.0437841,56.7958932
10587,Aviekste,1,6067,autobuss,25.0110553,56.7814975
10588,Bekuciems,3,"6108, 7491, 7898",autobuss,24.5778150,56.8031686
10589,Bekuciems,3,"6108, 7491, 7898",autobuss,24.5786380,56.8027120
1059,Jāņukalns,3,"6829, 6830, 6831",autobuss,24.6217675,56.9596377
10594,Skujas,2,"6108, 7491",autobuss,24.6217488,56.7792119
10595,Skujas,2,"6108, 7491",autobuss,24.6215880,56.7787769
10598,Tome,3,"6108, 7491, 7898",autobuss,24.6412730,56.7538224
10599,Tome,3,"6108, 7491, 7898",autobuss,24.6420788,56.7529597
1060,Jāņukalns,3,"6829, 6830, 6831",autobuss,24.6206877,56.9589848
10600,Rutki,1,6108,autobuss,24.6917174,56.7438970
10601,Ķeguma HES,2,"7491, 7898",autobuss,24.7013308,56.7399592
10602,Ķeguma HES,2,"7491, 7898",autobuss,24.7018355,56.7394760
10603,Pludinātāji,1,6117,autobuss,24.6995630,56.7320214
10604,Pludinātāji,1,6117,autobuss,24.6995714,56.7313348
10605,Latgaļi,2,"6117, 7491",autobuss,24.7158420,56.7203654
10606,Latgaļi,2,"6117, 7491",autobuss,24.7159290,56.7199989
10607,Robežnieki,1,6117,autobuss,24.7449840,56.7133832
10608,Robežnieki,1,6117,autobuss,24.7460625,56.7129374
10609,Krūmiņi,1,6117,autobuss,24.7748698,56.7076087
1061,Jāņukrogs,1,5296,autobuss,23.1473073,56.7230209
10610,Krūmiņi,1,6117,autobuss,24.7755896,56.7072881
10611,Krusta krogs,4,"6117, 7238, 7491, 7898",autobuss,24.8124318,56.7003984
10612,Krusta krogs,4,"6117, 7238, 7491, 7898",autobuss,24.8127695,56.7001046
10613,Avotiņi,2,"7491, 7898",autobuss,24.8420728,56.6872382
10614,Avotiņi,2,"7491, 7898",autobuss,24.8426334,56.6867168
1062,Jāņukrogs,1,5296,autobuss,23.1463348,56.7238523
10621,Daugavieši,3,"7238, 7491, 7898",autobuss,24.8842931,56.6443970
10622,Daugavieši,3,"7238, 7491, 7898",autobuss,24.8837553,56.6448392
10625,Alstiķe,1,7491,autobuss,24.9406245,56.6211580
10626,Alstiķe,1,7491,autobuss,24.9407935,56.6208494
10629,Priedītes,1,6117,autobuss,24.7771106,56.6542483
1063,Jāņupe,3,"5172, 6852, 6859",autobuss,24.1108107,56.6938064
10630,Priedītes,1,6117,autobuss,24.7774223,56.6534927
10631,Birzgale,1,6117,autobuss,24.7565725,56.6314846
10632,Silamiķeļi,1,6117,autobuss,24.7712291,56.6251449
10633,Silamiķeļi,1,6117,autobuss,24.7728855,56.6239448
10635,Sīļi,1,6117,autobuss,24.7620411,56.6094664
10637,Sīļi,1,6117,autobuss,24.7613165,56.6088972
10638,Goba,1,6117,autobuss,24.7345457,56.5839578
10639,Goba,1,6117,autobuss,24.7343650,56.5834780
1064,Jāņupe,3,"5172, 6852, 6859",autobuss,24.1118577,56.6939968
10640,Vecumnieku pagrieziens,1,6117,autobuss,24.7724730,56.6696451
10641,Vecumnieku pagrieziens,1,6117,autobuss,24.7730014,56.6700225
10642,Širmeļi,1,6117,autobuss,24.7828803,56.6803320
10643,Širmeļi,1,6117,autobuss,24.7835535,56.6806524
10644,Reibužas,1,6117,autobuss,24.7941240,56.6861946
10645,Reibužas,1,6117,autobuss,24.7930243,56.6854750
10646,Ķeipene,7,"5414, 6067, 6126, 6208, 7229, 7764, 7964",autobuss,25.1823201,56.8932135
10647,Augstais kalns,1,7964,autobuss,25.1726301,56.8774574
10648,Augstais kalns,1,7964,autobuss,25.1719446,56.8766752
10649,Veterinārais iecirknis,1,7964,autobuss,25.1640239,56.8641771
1065,Jaudas iela,1,3002,autobuss,24.6256298,56.7925467
10650,Veterinārais iecirknis,1,7964,autobuss,25.1631929,56.8632693
10651,Kangaru stacija,2,"6831, 7964",autobuss,24.6143202,56.9398500
10652,Madliena,11,"5009, 5216, 5217, 6067, 6126, 6139, 6208, 7073, 7229, 7764, 7964",autobuss,25.1564680,56.8459520
10655,Kažmeri,1,7073,autobuss,25.1593260,56.8018710
10656,Kažmeri,1,7073,autobuss,25.1591450,56.8005440
10657,Rozas,2,"7073, 7764",autobuss,25.1629130,56.7845760
10658,Rozas,2,"7073, 7764",autobuss,25.1634060,56.7820770
10659,Ogrītes,1,7073,autobuss,25.1686290,56.7663210
1066,Jaudas iela,1,3002,autobuss,24.6264147,56.7926270
10660,Ogrītes,1,7073,autobuss,25.1688090,56.7652810
10661,Zādzene,1,5216,autobuss,25.1150225,56.7957163
10662,Lobe,2,"6101, 7764",autobuss,25.1653640,56.7403230
10663,Lobe,2,"6101, 7764",autobuss,25.1645620,56.7390130
10664,Krapes pagrieziens,2,"7073, 7764",autobuss,25.1595565,56.7228181
10665,Vijciems,2,"5398, 6627",autobuss,25.9533790,57.5861158
10667,Mežoles skola,7,"5421, 5422, 5423, 5424, 7618, 7906, 7910",autobuss,25.8941861,57.3561136
10668,Mežoles skola,7,"5421, 5422, 5423, 5424, 7618, 7906, 7910",autobuss,25.8961919,57.3564126
10669,Menskas,4,"5421, 5422, 5423, 5424",autobuss,25.9338669,57.3696768
10670,Menskas,4,"5421, 5422, 5423, 5424",autobuss,25.9348095,57.3700961
10671,Jaundruvas,2,"5421, 5423",autobuss,26.0009868,57.3947081
10672,Jaundruvas,2,"5421, 5423",autobuss,26.0021902,57.3949214
10673,Mežciems,11,"5392, 5429, 6596, 6611, 7152, 7164, 7653, 7769, 7905, 7906, 7915",autobuss,26.0191614,57.3990327
10674,Mežciems,14,"5421, 5423, 5429, 6506, 6596, 6611, 7152, 7165, 7653, 7736, 7769, 7905 …",autobuss,26.0198230,57.3993335
10679,Ieži,2,"6596, 7152",autobuss,26.0839073,57.4149834
10680,Ieži,3,"5392, 6596, 7152",autobuss,26.0849993,57.4150149
10681,Mēru pagrieziens,11,"5392, 5429, 6596, 6611, 7152, 7164, 7653, 7769, 7905, 7906, 7915",autobuss,26.1148679,57.4223034
10686,Kultūras nams,2,"6173, 6177",autobuss,26.5429791,55.7287321
10687,Grundzāle,8,"5429, 6611, 7164, 7653, 7769, 7905, 7906, 7915",autobuss,26.2559812,57.4559597
10692,Gauja,1,7825,autobuss,25.7423365,57.6279389
10693,Gauja,2,"7600, 7825",autobuss,25.7421247,57.6282038
10694,Stapriņi,1,6611,autobuss,26.1854422,57.4635730
10695,Bērzi,1,7825,autobuss,25.8632149,57.6511192
10696,Bērzi,2,"7600, 7825",autobuss,25.8640037,57.6515497
10699,Saule,2,"7600, 7825",autobuss,25.9006674,57.6917238
10700,Saule,2,"7600, 7825",autobuss,25.9006269,57.6920989
10703,Pastsils,1,7825,autobuss,25.9385285,57.7282232
10704,Pastsils,2,"7600, 7825",autobuss,25.9387405,57.7289001
10705,Amiņi,1,7825,autobuss,25.9549645,57.7457007
10706,Amiņi,2,"7600, 7825",autobuss,25.9558773,57.7460181
10707,Bikseja 2,6,"7164, 7634, 7808, 7818, 7840",autobuss,25.7142086,57.4701674
10708,Bikseja 2,6,"7164, 7634, 7808, 7818, 7840",autobuss,25.7164366,57.4697176
10709,Jaunsmiltene,7,"7164, 7804, 7808, 7817, 7818, 7840",autobuss,25.7460180,57.4634011
10710,Jaunsmiltene,8,"7157, 7164, 7804, 7808, 7817, 7818, 7840",autobuss,25.7489333,57.4628326
10711,Doredes,7,"7164, 7634, 7804, 7808, 7817, 7840",autobuss,25.7764771,57.4592734
10712,Doredes,7,"7157, 7634, 7804, 7808, 7817, 7840",autobuss,25.7791606,57.4587365
10715,Jurģēni,8,"7164, 7634, 7719, 7804, 7808, 7817, 7840",autobuss,25.8202728,57.4469386
10718,Bērzaine,6,"7164, 7804, 7808, 7817, 7840",autobuss,25.8528417,57.4386120
10719,Bērzaine,6,"7157, 7804, 7808, 7817, 7840",autobuss,25.8536642,57.4381653
10720,Roņi,1,5384,autobuss,25.9514663,57.7803073
10721,Roņi,1,5384,autobuss,25.9483673,57.7804321
10722,Jaunruķeļi,1,5384,autobuss,25.9240799,57.7791003
10723,Jaunruķeļi,1,5384,autobuss,25.9234738,57.7792437
10724,Muižnieki,3,"5384, 6670, 7819",autobuss,25.9020262,57.7860943
10725,Muižnieki,3,"5384, 6670, 7819",autobuss,25.9024321,57.7860921
10726,Pentsils,3,"5384, 6670, 7819",autobuss,25.8671479,57.7964446
10727,Pentsils,3,"5384, 6670, 7819",autobuss,25.8640340,57.7976548
10731,Ērģeme,3,"5384, 6670, 7819",autobuss,25.8045230,57.8037313
10732,Vēveri,1,5384,autobuss,25.7038039,57.7786749
10733,Vēveri,1,5384,autobuss,25.7037053,57.7786487
10735,Naglas,1,5384,autobuss,25.6544569,57.7790496
10736,Naglas,1,5384,autobuss,25.6528027,57.7796697
10739,Veckārķi,1,5384,autobuss,25.6337819,57.8079786
10740,Veckārķi,1,5384,autobuss,25.6331089,57.8087006
10741,Kārķi,2,"5384, 5441",autobuss,25.6085628,57.8170268
10742,Līgotnes,2,"5384, 5441",autobuss,25.5851825,57.8308116
10743,Līgotnes,1,5384,autobuss,25.5840094,57.8313777
10744,Salas,2,"5384, 5441",autobuss,25.5594213,57.8387290
10745,Salas,1,5384,autobuss,25.5576928,57.8390628
10746,Sēļi,1,6505,autobuss,26.0579621,57.7422384
10747,Sēļi,2,"6505, 6506",autobuss,26.0580079,57.7418965
10748,Tomēni,1,6505,autobuss,26.1265708,57.7400669
10749,Tomēni,2,"6505, 6506",autobuss,26.1281257,57.7394360
1075,Jauninči,3,"5019, 6292, 6642",autobuss,24.4680306,57.2394340
10750,Kaiči,2,"6505, 6506",autobuss,26.1369095,57.7142682
10751,Kaiči,1,6505,autobuss,26.1369307,57.7135821
10752,Lipši,2,"6505, 6506",autobuss,26.1576704,57.7013848
10753,Lipši,1,6505,autobuss,26.1587912,57.7010453
10754,Klajumnieki,2,"6505, 6506",autobuss,26.1835889,57.6758253
10755,Klajumnieki,1,6505,autobuss,26.1844683,57.6752939
10756,Tilikas,2,"6505, 6506",autobuss,26.2279535,57.6438172
10757,Tilikas,1,6505,autobuss,26.2281816,57.6433387
10758,Cirgaļi,1,6505,autobuss,26.2291784,57.6059109
10759,Cirgaļi,2,"6505, 6506",autobuss,26.2288154,57.6056240
1076,Jauninči,2,"6292, 6642",autobuss,24.4694916,57.2398024
10760,Zaķi,1,6505,autobuss,26.2432798,57.5707226
10761,Zaķi,2,"6505, 6506",autobuss,26.2432678,57.5706424
10764,Kalnaine,1,5409,autobuss,26.2873785,57.5521170
10765,Kalnaine,1,5409,autobuss,26.2872988,57.5515785
10766,Gauja,4,"5409, 6505, 6506, 7908",autobuss,26.2991868,57.5453833
10767,Gauja,2,"5409, 7908",autobuss,26.2993236,57.5452164
10768,Veterinārā klīnika,2,"6596, 6611",autobuss,25.9272529,57.4404996
10771,Šķipeles,6,"5398, 5409, 6596, 6611, 6627, 7908",autobuss,25.9492417,57.4595755
10774,Bilska 2,2,"5398, 6627",autobuss,25.9785261,57.4876925
10775,Bilska 2,2,"5398, 6627",autobuss,25.9792571,57.4891804
10778,Bānūži,2,"5398, 6627",autobuss,25.9580119,57.5228078
10779,Bānūži,2,"5398, 6627",autobuss,25.9576771,57.5235082
10780,Raudiņa,2,"5398, 6627",autobuss,25.9581196,57.5337955
10781,Raudiņa,2,"5398, 6627",autobuss,25.9587412,57.5342324
10782,Bitari,2,"5398, 6627",autobuss,25.9505944,57.5557387
10783,Bitari,2,"5398, 6627",autobuss,25.9492668,57.5566299
10786,Vijciema pagrieziens,2,"5398, 6627",autobuss,25.9612031,57.5852424
10787,Vijciema pagrieziens,1,6627,autobuss,25.9616408,57.5859818
10788,Paukulīte,1,6627,autobuss,25.9678991,57.6095342
10789,Paukulīte,1,6627,autobuss,25.9683964,57.6108829
10790,Kāsīši,1,6627,autobuss,25.9750054,57.6252387
10791,Kāsīši,1,6627,autobuss,25.9763252,57.6263263
10792,Ielīcas,1,6627,autobuss,25.9979038,57.6547456
10793,Ielīcas,1,6627,autobuss,25.9982763,57.6559329
10796,Tači,1,6627,autobuss,26.0255859,57.6930037
10797,Tači,1,6627,autobuss,26.0267530,57.6937957
10798,Zīle,1,6627,autobuss,26.0373814,57.7036875
10799,Zīle,1,6627,autobuss,26.0374703,57.7037889
10800,Kociņi,1,6627,autobuss,26.0362390,57.7347833
10801,Kociņi,1,6627,autobuss,26.0357792,57.7360924
10804,Brutuļi,2,"6597, 6686",autobuss,25.8877542,57.4522427
10805,Brutuļi,2,"6597, 6686",autobuss,25.8879717,57.4523905
10806,Platači,2,"6597, 6686",autobuss,25.8903854,57.4720151
10807,Platači,2,"6597, 6686",autobuss,25.8903475,57.4724709
10808,Knapes,2,"6597, 6686",autobuss,25.8546589,57.5031664
10809,Knapes,2,"6597, 6686",autobuss,25.8544231,57.5035736
10810,Kazrunģis,2,"6597, 6686",autobuss,25.8253018,57.5580187
10811,Kazrunģis,2,"6597, 6686",autobuss,25.8261144,57.5601236
10812,Jaunklidzis,2,"6597, 6686",autobuss,25.7759187,57.5765677
10814,Jaunklidzis,2,"6597, 6686",autobuss,25.7766727,57.5769946
10815,Slāži,2,"6597, 6686",autobuss,25.7158710,57.6012578
10816,Slāži,2,"6597, 6686",autobuss,25.7155968,57.6020052
10819,Silva,21,"5392, 5421, 5422, 5423, 5424, 5429, 5431, 6505, 6506, 6596, 6611, 7152 …",autobuss,25.9413794,57.4088447
10820,Silva,20,"5392, 5421, 5422, 5423, 5424, 5429, 5431, 6505, 6596, 6611, 7152, 7164 …",autobuss,25.9415832,57.4087308
10823,Vārniņas,9,"5392, 5431, 6505, 7620, 7634, 7767, 7817, 7840",autobuss,26.0223655,57.3578915
10824,Vārniņas,9,"5431, 6505, 7620, 7634, 7766, 7767, 7817, 7840",autobuss,26.0231640,57.3569163
10827,Ķeņģi,12,"5392, 5431, 6505, 7620, 7634, 7719, 7767, 7817, 7840, 7910, 7911",autobuss,26.0759431,57.3188068
10828,Ķeņģi,12,"5431, 6505, 7620, 7634, 7719, 7766, 7767, 7817, 7840, 7910, 7911",autobuss,26.0763486,57.3179667
10831,Olderkalns,3,"7620, 7634, 7719",autobuss,26.1022084,57.2979415
10832,Olderkalns,3,"7620, 7634, 7719",autobuss,26.1031529,57.2972076
10833,Ūdrupe,14,"6010, 6596, 7152, 7618, 7620, 7634, 7719, 7767, 7817, 7840, 7910, 7911 …",autobuss,26.1386111,57.2788628
10834,Ūdrupe,14,"5431, 6010, 7618, 7620, 7634, 7719, 7766, 7767, 7817, 7840, 7910, 7911 …",autobuss,26.1389505,57.2784595
10835,Ķemere,1,7819,autobuss,25.5519705,57.7570708
10836,Ķemere,2,"6670, 7819",autobuss,25.5533942,57.7568816
10837,Kalējiņi,2,"6670, 7819",autobuss,25.5883851,57.7478961
10838,Daksti,2,"6670, 7819",autobuss,25.6399976,57.7521965
10839,Turnas pagrieziens,2,"6670, 7819",autobuss,25.6778087,57.7612882
10840,Turnas pagrieziens,2,"6670, 7819",autobuss,25.6787329,57.7617292
10843,Zaltes,4,"5400, 5426, 7719, 7817",autobuss,25.6305173,57.5213082
10844,Zaltes,3,"7157, 7719, 7817",autobuss,25.6311383,57.5205051
10845,Ķeizari,1,6611,autobuss,26.1412120,57.4548855
10846,Dutka,2,"7804, 7817",autobuss,25.6808572,57.5053602
10847,Dutka,3,"7157, 7804, 7817",autobuss,25.6820098,57.5048097
10850,Bikseja,3,"7719, 7804, 7817",autobuss,25.7200045,57.4746481
10851,Bikseja,4,"7157, 7719, 7804, 7817",autobuss,25.7202668,57.4740873
10852,Bilska,3,"5398, 5409, 7908",autobuss,25.9825172,57.4901428
10853,Bilska,2,"5409, 7908",autobuss,25.9836172,57.4906949
10856,Ruikas,1,5409,autobuss,26.0318382,57.5219912
10857,Ruikas,1,5409,autobuss,26.0324171,57.5224942
1086,Jaunmārupes pamatskola,1,5433,autobuss,23.9459523,56.8801709
10860,Lobērģi,2,"5409, 7908",autobuss,26.0813396,57.5323049
10861,Lobērģi,2,"5409, 7908",autobuss,26.0840283,57.5326231
10864,Spiksti,2,"5409, 7908",autobuss,26.1402680,57.5356281
10865,Spiksti,2,"5409, 7908",autobuss,26.1412654,57.5357876
10867,Mierkalns,2,"5409, 7908",autobuss,26.1915300,57.5603400
10870,Ozolu skola,1,5409,autobuss,26.2232322,57.5639486
10871,Zaķi,3,"5409, 6505, 7908",autobuss,26.2403146,57.5693629
10872,Zaķi,4,"5409, 6505, 6506, 7908",autobuss,26.2419095,57.5696649
10875,Omuļu skola,1,6614,autobuss,25.7386109,57.8837969
10876,Omuļu skola,1,6614,autobuss,25.7400648,57.8838663
10877,Ēveles pienotava,2,"5427, 6597",autobuss,25.5496000,57.6875893
10882,Žagatas,1,6670,autobuss,25.5976552,57.7083707
10883,Šķiliņi,1,6670,autobuss,25.6157767,57.7190110
10884,Šķiliņi,1,6670,autobuss,25.6166499,57.7192025
10885,Milnasti,1,6670,autobuss,25.6491221,57.7328504
10886,Milnasti,1,6670,autobuss,25.6504640,57.7330111
10887,Jaunjērcēni,1,5427,autobuss,25.6518969,57.6907561
10888,Jaunjērcēni,2,"5427, 6597",autobuss,25.6518039,57.6903746
10891,Džindžas,1,6611,autobuss,26.1299149,57.4515407
10895,Ķeiži,1,5427,autobuss,25.5495830,57.6293960
10896,Trikāta,6,"5426, 6597, 6686, 7157, 7804, 7817",autobuss,25.7088750,57.5427371
10897,Nomnieki,1,7817,autobuss,25.6893001,57.5329525
10899,Grotes,3,"7157, 7804, 7817",autobuss,25.6824456,57.5234098
10900,Grotes,4,"5426, 7157, 7804, 7817",autobuss,25.6822035,57.5227668
10901,Tūterkalns,7,"5428, 7620, 7766, 7767, 7771, 7902, 7908",autobuss,25.8295592,57.3820905
10902,Tūterkalns,7,"5428, 7620, 7736, 7767, 7902, 7908, 7910",autobuss,25.8284482,57.3821920
10907,Naudieši,6,"5428, 7620, 7766, 7767, 7771, 7902",autobuss,25.7725300,57.3737022
10908,Naudieši,6,"5428, 7620, 7736, 7767, 7902, 7910",autobuss,25.7720207,57.3735311
10911,Brantu skola,6,"5428, 7620, 7766, 7767, 7771, 7902",autobuss,25.7336973,57.3592429
10912,Brantu skola,5,"7620, 7736, 7767, 7902, 7910",autobuss,25.7329343,57.3591600
10913,Tālava,2,"6597, 6686",autobuss,25.7524731,57.5610410
10914,Tālava,2,"6597, 6686",autobuss,25.7519129,57.5606162
10915,Plāņi,2,"6597, 6686",autobuss,25.8648028,57.5375200
10916,Plāņu pagrieziens,2,"6597, 6686",autobuss,25.8388016,57.5356471
10917,Plāņu pagrieziens,2,"6597, 6686",autobuss,25.8373206,57.5356359
10930,Druvas,1,6611,autobuss,26.1061341,57.4288189
10931,Druvas,1,6611,autobuss,26.1070323,57.4281728
10932,Stūrīši,3,"6506, 6596, 7152",autobuss,26.1232653,57.4118030
10934,Stūrīši,3,"5392, 6596, 7152",autobuss,26.1229407,57.4112589
10938,Mālejas,3,"6506, 6596, 7152",autobuss,26.1575759,57.3876536
10939,Mālejas,3,"5392, 6596, 7152",autobuss,26.1593890,57.3870820
10940,Palsmane,3,"6506, 6596, 7152",autobuss,26.1813160,57.3896780
10941,Palsmane,4,"5392, 6505, 6596, 7152",autobuss,26.1828700,57.3895991
10942,Lembis,3,"5428, 7620, 7902",autobuss,25.8620383,57.3957642
10943,Lembis,3,"5428, 7620, 7902",autobuss,25.8614519,57.3952226
10944,Pedele,1,6614,autobuss,25.9231462,57.8143841
10945,Pedele,1,6614,autobuss,25.9205776,57.8156352
10946,Brīdaga,1,6614,autobuss,25.8769827,57.8139809
10947,Brīdaga,1,6614,autobuss,25.8768569,57.8140936
10948,Ērģemes pilsdrupas,1,6614,autobuss,25.8317302,57.8137295
10949,Ērģemes pilsdrupas,1,6614,autobuss,25.8314878,57.8137214
10952,Žēguri,2,"6670, 7819",autobuss,25.8051010,57.7794899
10953,Žēguri,2,"6670, 7819",autobuss,25.8051355,57.7790472
10956,Noriņas,2,"6670, 7819",autobuss,25.7393141,57.7591853
10957,Noriņas,2,"6670, 7819",autobuss,25.7390832,57.7590828
10958,Ferma,2,"6670, 7819",autobuss,25.7098089,57.7607567
10959,Ferma,2,"6670, 7819",autobuss,25.7092822,57.7607470
10962,Jērcēnu veikals,2,"5427, 6597",autobuss,25.6472500,57.6756007
10963,Dadzīši,2,"5427, 6597",autobuss,25.6224606,57.6813728
10964,Dadzīši,2,"5427, 6597",autobuss,25.6208204,57.6822201
10965,Ēveles skola,2,"5427, 6597",autobuss,25.5803005,57.6925596
10966,Ēveles skola,2,"5427, 6597",autobuss,25.5789489,57.6933533
10968,Aumeisteri,3,"5409, 6505, 7908",autobuss,26.2036768,57.5221271
10969,Aumeisteri,2,"6505, 6506",autobuss,26.2034122,57.5221991
10970,Kalnrijas,1,6505,autobuss,26.2118515,57.4716657
10971,Kalnrijas,2,"6505, 6506",autobuss,26.2120229,57.4710108
10972,Lankaskalns,2,"6505, 6506",autobuss,26.2036898,57.4112865
10979,Ķempu skola,4,"5392, 6505, 6596, 7152",autobuss,26.1802659,57.3452509
10984,Grošļi,3,"5431, 6596, 7152",autobuss,26.1578001,57.3013076
10985,Grošļi,2,"6596, 7152",autobuss,26.1574567,57.3010028
10987,Vizla,1,6611,autobuss,26.2775986,57.4248310
10988,Ērģemes pansionāts,1,6614,autobuss,25.8043908,57.8287803
10989,Ērģemes pansionāts,1,6614,autobuss,25.8038660,57.8295590
10990,Jaunstintes,1,6614,autobuss,25.7916739,57.8542079
10991,Jaunstintes,1,6614,autobuss,25.7916272,57.8543989
10992,Dārziņi,1,6614,autobuss,25.7571034,57.8657523
10993,Dārziņi,1,6614,autobuss,25.7570403,57.8658923
10998,Garoziņa,2,"7769, 7771",autobuss,25.7365778,57.4375714
10999,Garoziņa,1,7769,autobuss,25.7366172,57.4372885
11002,Blome,3,"7769, 7771, 7818",autobuss,25.7754465,57.4367950
11003,Blome,4,"5428, 7164, 7769, 7818",autobuss,25.7767465,57.4367913
11006,Paliepas,4,"5428, 7769, 7771, 7818",autobuss,25.8270549,57.4305057
11007,Paliepas,4,"5428, 7164, 7769, 7818",autobuss,25.8282250,57.4302860
11010,Dobuļi,1,6611,autobuss,26.1720450,57.4615552
11013,Rudbārži,2,"7251, 7937",autobuss,21.8819590,56.6439563
11014,Rudbārži,2,"7251, 7937",autobuss,21.8829654,56.6446894
11015,Marijas muiža,2,"7251, 7937",autobuss,21.8188986,56.6230219
11016,Marijas muiža,2,"7251, 7937",autobuss,21.8174545,56.6225610
11017,Ilzika ezers,1,7251,autobuss,21.7951437,56.6161136
11018,Ilzika ezers,1,7251,autobuss,21.7933202,56.6157475
11024,Ziediņi,5,"7253, 7428, 7585",autobuss,21.8135910,57.0611422
11025,Ziediņi,5,"7253, 7428, 7585",autobuss,21.8127222,57.0620890
11028,Ķimale,6,"6419, 7253, 7428, 7585",autobuss,21.8644336,57.0232776
11029,Ķimale,5,"7253, 7428, 7585",autobuss,21.8651504,57.0227415
11030,Līzesmuiža,1,6419,autobuss,21.8794734,57.0118028
11031,Līzesmuiža,1,6419,autobuss,21.8800681,57.0111538
11032,Padures aleja,6,"6419, 7253, 7428, 7585",autobuss,21.8917632,57.0064407
11033,Padures aleja,6,"6419, 7253, 7428, 7585",autobuss,21.8922870,57.0058783
11034,Amazone,1,6419,autobuss,21.9022183,56.9969937
11035,Amazone,1,6419,autobuss,21.9031158,56.9962729
11036,Venta,1,5336,autobuss,22.0030851,56.9646386
11039,Gravas,1,5012,autobuss,22.0231219,56.9420695
11040,Gravas,1,5012,autobuss,22.0237331,56.9411073
11041,Ēķupe,3,"5012, 7253, 7269",autobuss,22.0367347,56.9333511
11042,Ēķupe,3,"5012, 7253, 7269",autobuss,22.0373025,56.9329467
11043,Lāčplēši,1,5012,autobuss,22.0509770,56.9257246
11044,Lāčplēši,1,5012,autobuss,22.0510899,56.9253226
11045,Segļi,2,"5012, 7253",autobuss,22.0663858,56.9072172
11046,Segļi,1,5012,autobuss,22.0664218,56.9068494
11047,Novadnieki,4,"5012, 7253, 7269, 7401",autobuss,22.0800338,56.8991192
11048,Novadnieki,4,"5012, 7253, 7269, 7401",autobuss,22.0798812,56.8988502
11053,Vārmes pagrieziens,2,"7253, 7269",autobuss,22.2240457,56.8458082
11054,Vārmes pagrieziens,2,"7253, 7269",autobuss,22.2244121,56.8455561
11055,Stanguti,1,5213,autobuss,21.9434183,56.9561549
11056,Stanguti,3,"5212, 5213, 5649",autobuss,21.9442278,56.9569826
11057,Upīškalns,5,"5201, 5212, 5213, 5649, 6327",autobuss,21.9303332,56.9388134
11058,Upīškalns,3,"5201, 5213, 6327",autobuss,21.9298324,56.9385621
11059,Bērzi,2,"5212, 5213",autobuss,21.9051965,56.9148231
11060,Bērzi,1,5213,autobuss,21.9049967,56.9143510
11061,Eņģeļi,2,"5212, 5213",autobuss,21.8805038,56.8865292
11062,Eņģeļi,1,5213,autobuss,21.8797815,56.8858560
11063,Priednieki,1,7013,autobuss,21.8214327,56.8587479
11064,Priednieki,2,"7013, K7013",autobuss,21.8194638,56.8584012
11067,Turlava,3,"7013, 7512",autobuss,21.7666808,56.8401710
11068,Turlava,4,"7013, 7512, K7013",autobuss,21.7659080,56.8399551
11069,Ķoniņciems,3,"7013, 7512",autobuss,21.7445250,56.8284747
11070,Ķoniņciems,4,"7013, 7512, K7013",autobuss,21.7439386,56.8282951
11071,Vangas pagrieziens,3,"7013, 7512",autobuss,21.7073604,56.8080194
11072,Vangas pagrieziens,3,"7013, 7512",autobuss,21.7059843,56.8077103
11073,Ķikuri,3,"7013, 7512",autobuss,21.6625578,56.7945559
11074,Ķikuri,4,"7013, 7512, K7013",autobuss,21.6618335,56.7944928
11075,Slimnīca,10,"5201, 5212, 5213, 5336, 5649, 6302, 6327, 7013, 7512",autobuss,21.9510574,56.9626849
11076,Slimnīca,9,"5201, 5213, 5336, 6302, 6327, 7013, 7512, K7013",autobuss,21.9509307,56.9628388
11077,Raidstacija,1,5225,autobuss,22.0101017,56.9349274
11078,Raidstacija,1,5225,autobuss,22.0119892,56.9333137
11079,Kaltiķi,1,5225,autobuss,22.0200328,56.9272022
11080,Kaltiķi,1,5225,autobuss,22.0198659,56.9270063
11081,Komunārs,2,"6316, 7585",autobuss,22.0364746,56.9065908
11082,Komunārs,3,"5225, 6316, 7585",autobuss,22.0361228,56.9070296
11085,Lonas,1,6316,autobuss,22.0304215,56.8531529
11086,Lonas,1,6316,autobuss,22.0302266,56.8541143
11087,Ieras,3,"6316, 7585",autobuss,22.0182771,56.8108983
11088,Ieras,3,"6316, 7585",autobuss,22.0171350,56.8104667
11089,Lancenieki,1,6316,autobuss,21.9986813,56.7922594
11090,Lancenieki,1,6316,autobuss,21.9994900,56.7937034
11091,Raņķi,4,"5201, 6316, 7585",autobuss,21.9905539,56.7768576
11092,Raņķi,4,"5201, 6316, 7585",autobuss,21.9904123,56.7769973
11095,Kombināts,2,"5201, 6316",autobuss,22.0023863,56.7310344
11096,Kombināts,2,"5201, 6316",autobuss,22.0033294,56.7293631
11100,Bērzkrogs,1,6337,autobuss,21.9471666,56.6127990
11101,Bērzkrogs,1,6337,autobuss,21.9466457,56.6125618
11102,Nīkrāces pagrieziens,1,6337,autobuss,21.8868148,56.5785784
11103,Nīkrāces pagrieziens,1,6337,autobuss,21.8864799,56.5787537
11104,Aleja,2,"5211, 6307",autobuss,21.8975600,56.9608266
11105,Aleja,3,"5211, 5212, 6307",autobuss,21.8965769,56.9606247
11108,Basi,1,6307,autobuss,21.6682091,56.8906498
11109,Pelči,1,5225,autobuss,21.9681810,56.9198480
11111,Krodzinieki,1,5225,autobuss,22.0212615,56.9236750
11112,Krodzinieki,1,5225,autobuss,22.0207141,56.9237215
11113,Grantskalni,3,"5201, 5649, 6327",autobuss,21.9379959,56.9044226
11114,Grantskalni,2,"5201, 6327",autobuss,21.9380393,56.9041326
11115,Mazsālijas,3,"5201, 5649, 6327",autobuss,21.9373749,56.8771388
11116,Mazsālijas,2,"5201, 6327",autobuss,21.9371302,56.8773775
11118,Snēpeles skola,2,"5201, 6327",autobuss,21.9436239,56.8405384
11120,Kundi,1,6327,autobuss,21.9167379,56.8099708
11121,Kundi,1,6327,autobuss,21.9078166,56.7999722
11122,Lejas,1,6327,autobuss,21.8906294,56.7917789
11123,Lejas,1,6327,autobuss,21.8904917,56.7916894
11124,Vārme,3,"7253, 7269, 7401",autobuss,22.2383346,56.8739357
11125,Pogranica,1,6373,autobuss,24.1700785,56.2718490
11126,Laidi,1,6327,autobuss,21.8778476,56.7456879
11127,Laidi,1,6327,autobuss,21.8777027,56.7455251
11128,Gudenieku pagasts,1,6307,autobuss,21.6043025,56.8854488
11129,Gudenieku pagasts,1,6307,autobuss,21.6050553,56.8859881
11130,Lēnas,1,6337,autobuss,21.9778480,56.6093186
11131,Lēnas,1,6337,autobuss,21.9771701,56.6094903
11132,Nīkrāce,1,6337,autobuss,21.9000915,56.5694412
11139,Basi 2,1,6307,autobuss,21.6932692,56.8735322
11142,Gudenieku pagrieziens,1,6307,autobuss,21.6312632,56.9258959
11144,Sieksāte,2,"5143, 6327",autobuss,21.8910145,56.6855733
11145,Sieksāte,2,"5143, 6327",autobuss,21.8910770,56.6857590
11152,Valtaiķi,3,"5143, 6327, 7957",autobuss,21.8013280,56.6989964
11153,Valtaiķi,3,"5143, 6327, 7957",autobuss,21.8005424,56.6991597
11156,Laucenieki,1,6302,autobuss,21.8976757,56.9686412
11157,Laucenieki,1,6302,autobuss,21.8972996,56.9688694
11160,Ārieši,2,"6302, 7016",autobuss,21.8440127,56.9781056
11161,Ārieši,2,"6302, 7016",autobuss,21.8426762,56.9782797
11162,Vālītes,1,6302,autobuss,21.8101146,56.9832151
11163,Vālītes,1,6302,autobuss,21.8095753,56.9835065
11166,Īvandes skola,1,6302,autobuss,21.7554440,56.9972278
11167,Īvandes skola,1,6302,autobuss,21.7542702,56.9980216
11168,Dumbrāji,1,6302,autobuss,21.7267899,57.0061302
11169,Dumbrāji,1,6302,autobuss,21.7268066,57.0062404
11171,Vārtkambari,1,6302,autobuss,21.6515104,56.9988102
11172,Vārtkambari,1,6302,autobuss,21.6513470,56.9989613
11173,Reģi,2,"6302, 7016",autobuss,21.6259120,56.9946682
11174,Reģi,2,"6302, 7016",autobuss,21.6248991,56.9944938
11179,Skujnieki,7,"7016, 7410, 7509, 7512, 7938, K7410",autobuss,22.2108073,57.0382770
11180,Skujnieki,7,"7016, 7410, 7509, 7512, 7938, K7410",autobuss,22.2112866,57.0388995
11183,Graudupe,7,"7016, 7410, 7509, 7512, 7938, K7410",autobuss,22.1714470,57.0211690
11184,Graudupe,7,"7016, 7410, 7509, 7512, 7938, K7410",autobuss,22.1701802,57.0206030
11189,Veldze,7,"7016, 7410, 7509, 7512, 7938, K7410",autobuss,22.0562697,56.9831329
11190,Veldze,7,"7016, 7410, 7509, 7512, 7938, K7410",autobuss,22.0563809,56.9832312
11195,Mežvalde,1,5336,autobuss,22.0190821,56.9850766
11196,Mežvalde,1,7938,autobuss,22.0190307,56.9811761
11197,Mežvalde,1,7938,autobuss,22.0200759,56.9817397
112,Apsāni,1,5564,autobuss,26.9411628,56.2102135
11205,Silakrogs,2,"6304, 7938",autobuss,22.2447750,56.9532845
11206,Silakrogs,3,"6304, 7512, 7938",autobuss,22.2426178,56.9538922
11207,Brieži,1,6304,autobuss,22.2254804,56.9541009
11208,Brieži,2,"6304, 7512",autobuss,22.2234225,56.9541004
11209,Dunduri,1,6304,autobuss,22.1608743,56.9508275
11210,Dunduri,1,6304,autobuss,22.1586490,56.9512667
11211,Krogsētas,2,"6304, 7938",autobuss,22.1243630,56.9562462
11212,Krogsētas,3,"6304, 7512, 7938",autobuss,22.1202713,56.9565888
11217,Jaunbērze,6,"5367, 6794, 6799, 7354, 7684",autobuss,23.3920610,56.7381830
11218,Jaunbērze,8,"5186, 5367, 6794, 6799, 7354, 7377, 7684",autobuss,23.3916489,56.7374492
11219,Ceriņi,2,"6830, 7964",autobuss,24.6875884,56.9621395
11220,Ceriņi,2,"6830, 7964",autobuss,24.6867523,56.9627198
11221,Upmaļi,1,7964,autobuss,24.6746459,56.9680677
11222,Upmaļi,1,7964,autobuss,24.6735888,56.9681286
11223,Kapi,1,7964,autobuss,24.6488217,56.9704962
11224,Kapi,1,7964,autobuss,24.6479314,56.9707876
11225,Silakrogs,3,"6829, 6830, 6831",autobuss,24.4377818,56.9538299
11226,Silakrogs,3,"6829, 6830, 6831",autobuss,24.4389258,56.9544695
11233,Dzelzāmurs,3,"6829, 6830, 6831",autobuss,24.5252486,56.9648400
11234,Dzelzāmurs,3,"6829, 6830, 6831",autobuss,24.5261101,56.9644913
11235,Loja,2,"6642, 6724",autobuss,24.6448237,57.1527446
11236,Sējas skola,2,"6642, 6724",autobuss,24.6212869,57.1642402
11237,Sējas skola,2,"6642, 6724",autobuss,24.6213330,57.1644762
11238,Pastari,1,6642,autobuss,24.5349730,57.2540467
11239,Pastari,1,6642,autobuss,24.5357560,57.2540068
11240,Stākuļi,3,"5019, 6292, 6642",autobuss,24.5568406,57.2638055
11241,Stākuļi,2,"6292, 6642",autobuss,24.5587883,57.2636785
11243,Pabaži,4,"5019, 6292, 6642, 6724",autobuss,24.5933072,57.2616108
11244,Pogranica,1,6373,autobuss,24.1697432,56.2719037
11245,Jaudas iela,3,"5530, 5777, 5835",autobuss,24.2578540,56.9137226
11246,TEC-2,3,"5530, 5777, 5835",autobuss,24.2764427,56.9144447
11247,Aizkraukles AO,32,"5250, 5526, 5976, 5980, 5981, 6096, 6101, 6102, 6103, 6113, 6116, 6125 …",autobuss,25.2498793,56.6019840
11248,Lugaži,2,"6670, 7819",autobuss,25.9519057,57.7676150
11249,Lugaži,2,"6670, 7819",autobuss,25.9515623,57.7676501
11250,Pļaviņas,25,"5698, 6112, 6141, 6142, 6357, 6429, 6430, 6933, 7006, 7010, 7198, 7202 …",autobuss,25.7166886,56.6166297
11251,Mortišķi,1,6530,autobuss,27.0612364,56.5099647
11252,Mortišķi,1,6530,autobuss,27.0612985,56.5095103
11253,Vorkaļi,1,6530,autobuss,27.0641847,56.5258172
11254,Vorkaļi,1,6530,autobuss,27.0656444,56.5253560
11255,Guriliški,1,6530,autobuss,27.0437987,56.5354129
11256,Guriliški,1,6530,autobuss,27.0442396,56.5346307
11257,Ludzas AO,21,"3001, 5265, 5633, 5634, 6156, 6552, 6572, 6573, 6577, 6579, 6581, 6587 …",autobuss,27.7272457,56.5462579
11258,Mežotne,2,"5312, 6386",autobuss,24.0467336,56.4234290
11261,Rjabki,1,6530,autobuss,27.0343213,56.5456617
11262,Rjabki,1,6530,autobuss,27.0342413,56.5452417
11263,Dzērve,1,5349,autobuss,21.4812916,56.7117270
11264,Dzērve,1,5349,autobuss,21.4818099,56.7111293
11265,Mežotne,1,6386,autobuss,24.0467344,56.4232342
11266,Mežkokti,1,6530,autobuss,26.9906011,56.5508225
11267,Mežkokti,1,6530,autobuss,26.9924417,56.5506237
11268,Kinoteātris,1,5635,autobuss,27.7185480,56.5445443
11269,Kinoteātris,1,5635,autobuss,27.7185757,56.5445068
11270,Pienotava,2,"5312, 6386",autobuss,24.0359818,56.4694478
11271,Teteles skola,1,7357,autobuss,23.8358768,56.6444779
11272,Teteles skola,1,7357,autobuss,23.8367207,56.6441276
11273,Saldus AO,30,"5239, 5246, 5304, 5418, 6726, 6728, 6729, 6739, 6740, 6742, 6744, 6746 …",autobuss,22.4952344,56.6678872
11277,Slimnīca,1,3200,autobuss,22.5932220,57.2381010
11278,Mednieki,1,6645,autobuss,24.9674106,57.1524739
11279,Stende,8,"5316, 6414, 6416, 7260, 7509, 7512, 7990",autobuss,22.5358389,57.1475713
11281,Sabile,11,"5741, 6414, 6416, 7016, 7260, 7410, 7509, 7512, 7938, K7410",autobuss,22.5715746,57.0465879
11284,Plinkas,2,"5087, 6645",autobuss,24.9533500,57.1299640
11285,Barona iela,9,"3111, 3113, 3117, 5087, 5591, 5607, 5612, 6645, 6876",autobuss,24.8630262,57.1598168
11286,Barona iela,8,"3113, 3117, 5087, 5591, 5607, 6645, 6876",autobuss,24.8654067,57.1591633
11287,Brīdagas,1,6302,autobuss,21.6171034,57.0470632
11289,Brīdagas,1,6302,autobuss,21.6172219,57.0469846
11290,Akenstaka,3,"5087, 5610",autobuss,25.0539387,57.0711400
11292,Cēsu AO,64,"3005, 3009, 3010, 5067, 5070, 5079, 5084, 5147, 5263, 5275, 5454, 5601 …",autobuss,25.2809411,57.3131929
11293,Pienotava,1,6386,autobuss,24.0359188,56.4692208
11294,Mežciems,3,"5502, 6183, 6184",autobuss,26.4814428,55.9143796
11295,Mežciems,4,"5502, 6159, 6183, 7799",autobuss,26.4839036,55.9167396
11296,Punclavas,2,"5312, 6386",autobuss,24.0443051,56.4564536
11297,Daugavpils AO,50,"5099, 5320, 5325, 5326, 5502, 5503, 5505, 5506, 5508, 5572, 5573, 5574 …",autobuss,26.5255700,55.8712020
11298,Rozula,4,"5605, 7776, 7778",autobuss,24.9773832,57.4059670
11300,Ilūkstes AO,9,"5505, 6165, 6166, 6200, 6203, 6207, 6295, 7493, 7897",autobuss,26.2944445,55.9776869
11303,SCO,1,6792,autobuss,23.2630625,56.6416317
11304,Dobeles AO,27,"3702, 5185, 5186, 5187, 5309, 5310, 5311, 6527, 6783, 6787, 6788, 6791 …",autobuss,23.2843198,56.6282265
11305,Punclavas,1,6386,autobuss,24.0441381,56.4562797
11306,Ķieģeļcepļa pagrieziens,2,"5421, 5424",autobuss,25.8375465,57.3022623
11307,Ķieģeļcepļa pagrieziens,2,"5421, 5424",autobuss,25.8375055,57.3022521
11308,Liedulieši,2,"5421, 5424",autobuss,25.8409152,57.3133266
11309,Liedulieši,2,"5421, 5424",autobuss,25.8409084,57.3133074
11310,Launkalne,4,"5421, 5422, 5423, 5424",autobuss,25.8548958,57.3264462
11312,Launkalnes skola,4,"5421, 5422, 5423, 5424",autobuss,25.8582636,57.3288068
11315,Ozolpils,1,5515,autobuss,23.7198770,56.6857195
11317,Kalnciema ceļš,3,"5515, 5516, 6752",autobuss,23.7415655,56.6583852
11318,Lizums III,3,"6017, 6019, 6026",autobuss,26.3592479,57.1948054
11319,Viskaļi,9,"5662, 6524, 6526, 6531, 6764, 6775, 6782, 7352",autobuss,23.7252120,56.6256950
11320,Viskaļi,6,"5662, 6524, 6764, 6775, 6782, 7352",autobuss,23.7248380,56.6256040
11322,Virši,1,5171,autobuss,24.1000209,56.8424527
11323,Pērnavas iela,4,"7017, 7376, 7377, 7933",autobuss,23.7574467,56.6671076
11324,Pērnavas iela,3,"7017, 7376, 7933",autobuss,23.7598072,56.6682637
11325,Pavasaris,1,5171,autobuss,24.0944921,56.8297680
1133,Kadagas ceļš,3,"6821, 6842, 6855",autobuss,24.3606864,57.0927922
11330,Rožukalns,1,5538,autobuss,26.4862267,57.2645270
11331,Rožukalns,1,5538,autobuss,26.4861978,57.2645824
11333,Lielupe,10,"7000, 7018, 7020, 7023, 7938, 7946, 7947, 7948, 7950, 7951",autobuss,23.8567403,56.9749609
11334,Lielupe,9,"7000, 7018, 7020, 7023, 7938, 7946, 7947, 7948, 7951",autobuss,23.8560318,56.9749206
11337,Valteri,1,7020,autobuss,23.6939725,56.9418276
11338,Valteri,1,7020,autobuss,23.6928579,56.9417806
11339,Kauguri,3,"7946, 7947, 7951",autobuss,23.6050573,56.9634273
1134,Kadagas ceļš,2,"6821, 6842",autobuss,24.3621623,57.0932654
11340,Kauguri,6,"7018, 7020, 7946, 7947, 7950, 7951",autobuss,23.6021829,56.9641258
11341,Jaunķemeri,3,"7946, 7947, 7951",autobuss,23.5575708,56.9736335
11342,Jaunķemeri,4,"7946, 7947, 7950, 7951",autobuss,23.5565201,56.9740797
11343,Sloka,4,"7018, 7020, 7938, 7948",autobuss,23.6207237,56.9473828
11344,Stirnu pagrieziens,1,6804,autobuss,22.9650793,56.5233181
11345,Krāslavas AO,18,"5507, 5856, 5857, 6144, 6211, 6212, 6213, 6215, 6218, 6239, 6240, 6296 …",autobuss,27.1629718,55.8960586
11346,Senči,2,"5312, 6386",autobuss,24.0395588,56.4395575
11347,Olimpiskais centrs,25,"5016, 5124, 5301, 5337, 5340, 5343, 5344, 5350, 5365, 5968, 6300, 6700 …",autobuss,21.0199110,56.5209810
11349,Saulesdruvas,6,"5124, 5301, 6904, 6912, 7937, K7937",autobuss,21.0547320,56.5348390
11350,Sabiles iela,3,"5301, 6904, 6912",autobuss,21.0780720,56.5362450
11351,Liepājas AO,32,"5016, 5112, 5340, 5350, 5365, 6300, 6700, 6768, 6785, 6801, 6813, 6817 …",autobuss,21.0179218,56.5239902
11352,Esperanto iela,4,"5112, 5301, 6904, 6912",autobuss,21.0171300,56.5160500
11353,Krūmiņi,1,5538,autobuss,26.4715484,57.2955046
11354,Krūmiņi,1,5538,autobuss,26.4717308,57.2951295
11355,Vaiņodes iela,6,"5112, 6785, 6818, 6820, 6901, 6909",autobuss,21.0157590,56.4848580
11356,Limbažu AO,30,"5078, 5178, 5453, 5455, 5456, 5457, 5458, 5602, 6643, 6644, 6656, 6659 …",autobuss,24.7217998,57.5091604
11357,Senči,1,6386,autobuss,24.0393730,56.4394035
11358,Mežniecība,1,6742,autobuss,22.1721584,56.5274776
11362,Aloja,7,"6668, 6669, 7661, 7774, 7785, 7803, 7812",autobuss,24.8788403,57.7631726
11363,Dārzi,1,7482,autobuss,23.9318955,56.6241587
11364,Dārzi,1,7482,autobuss,23.9319323,56.6233553
11365,Madonas AO,51,"5464, 6330, 6338, 6339, 6340, 6342, 6344, 6345, 6347, 6349, 6353, 6357 …",autobuss,26.2135557,56.8492325
11368,Varakļāni,12,"5713, 6509, 6570, 6727, 7004, 7044, 7611, 7712, 7728, 7749, 7992, 7997",autobuss,26.7586409,56.6110108
11369,Ogres AO,21,"3014, 3016, 5009, 5414, 5416, 5995, 5996, 6089, 6090, 6095, 6108, 6110 …",autobuss,24.6032385,56.8148643
1137,Kaive,3,"5069, 6287, 7732",autobuss,25.6246279,57.0550629
11370,Ogres šoseja,11,"7006, 7010, 7238, 7452, 7556, 7693, 7899, 7981, 7989, 7992, 7997",autobuss,24.5926204,56.8149482
11371,Ogres šoseja,11,"6090, 6091, 7010, 7238, 7556, 7693, 7899, 7981, 7989, 7992, 7997",autobuss,24.5910032,56.8152436
11372,Karjera iela,2,"5238, 6117",autobuss,24.6298307,56.7940537
11373,Kapi,5,"5009, 5996, 6095, 6139, 7228",autobuss,24.6320016,56.8226972
11374,Kapi,5,"3014, 5386, 6095, 6139, 7228",autobuss,24.6328943,56.8230342
11375,Ikšķile,5,"7073, 7229, 7238, 7788, 7989",autobuss,24.4939211,56.8382297
11376,Ikšķile,6,"7073, 7229, 7238, 7788, 7989, 7992",autobuss,24.4930209,56.8382362
11377,Lielvārde,8,"7006, 7010, 7073, 7693, 7981, 7989, 7992, 7997",autobuss,24.8120222,56.7176083
11378,Lielvārde,8,"7010, 7073, 7693, 7899, 7981, 7989, 7992, 7997",autobuss,24.8123775,56.7175097
11379,Līvāni,22,"5469, 5470, 5487, 6657, 6900, 6924, 6943, 6958, 6964, 6972, 6976, 6981 …",autobuss,26.1789162,56.3514268
11380,Kauliņi,2,"6278, 6279",autobuss,25.6687386,57.3012363
11381,Līdači,2,"6278, 6279",autobuss,25.7247831,57.2771787
11382,Rīgas SAO,94,"5432, 5612, 6251, 6255, 6724, 6844, 6847, 6848, 6992, 7006, 7010, 7016 …",autobuss,24.1114250,56.9437260
11385,Sondori,4,"5137, 5150, 6535, 7448",autobuss,27.3722887,56.5716042
11386,Sondori,6,"5137, 5150, 5626, 6436, 6535, 7448",autobuss,27.3712269,56.5710216
11387,Jauntukums,4,"5296, 6051, 6052, 6076",autobuss,23.1786095,56.9561295
11390,Kandava,16,"5183, 5184, 5544, 5740, 5741, 6037, 6046, 6056, 6411, 7016, 7258, 7259 …",autobuss,22.7798526,57.0331351
11391,Saulaines tehnikums,2,"6383, 6459",autobuss,24.1242093,56.3968525
11392,Tukuma AO,39,"3211, 3212, 3213, 5161, 5167, 5168, 5179, 5296, 5299, 5317, 5443, 5543 …",autobuss,23.1688861,56.9662539
11393,Miezīši,2,"6278, 6279",autobuss,25.7590601,57.2571727
11394,Valkas AO,12,"3, 3033, 3034, 5384, 6505, 6506, 6614, 6627, 6670, 7600, 7819, 7825",autobuss,26.0243175,57.7770753
11395,Mauriņi,1,6429,autobuss,25.7153978,56.7663306
11396,Seda,3,"7600, 7601, 7825",autobuss,25.7504752,57.6502550
11397,Mazsalaca,6,"6500, 6607, 6681, 7744, 7747, 7785",autobuss,25.0557041,57.8594979
11398,Mazsalaca,5,"6500, 6607, 6681, 7744, 7785",autobuss,25.0557225,57.8598545
11399,Valmieras AO,53,"5305, 5390, 5395, 5396, 5397, 5400, 5404, 5405, 5425, 5426, 5427, 6500 …",autobuss,25.4259882,57.5343590
11400,Kalnkrogs,7,"5384, 5401, 5441, 6500, 6633, 6677, 7743",autobuss,25.3530641,57.8893615
11401,Kalnkrogs,7,"5384, 5401, 5441, 6500, 6633, 6677, 7743",autobuss,25.3524673,57.8892979
11402,Rūjienas AO,13,"5384, 5401, 5441, 6500, 6607, 6608, 6633, 6649, 6677, 6681, 7743, 7744 …",autobuss,25.3236438,57.8973946
11403,Ventspils AO,18,"5202, 5203, 6079, 6083, 6496, 7253, 7428, 7511, 7585, 7682, 7684, 7699 …",autobuss,21.5695894,57.3945281
11404,Mauriņi,1,6429,autobuss,25.7155499,56.7659616
11405,Tārgales iela,2,"5202, 7682",autobuss,21.5908666,57.4042793
11407,Poliklīnika,8,"5414, 5995, 6090, 6091, 6110, 6126, 7229, 7788",autobuss,24.6156673,56.8187412
11408,Kalēju iela,1,5239,autobuss,22.4949941,56.6727532
11409,Poliklīnika,10,"5414, 5995, 6067, 6090, 6091, 6110, 6208, 7227, 7229, 7788",autobuss,24.6149084,56.8190463
11411,Pārventa,2,"5202, 7682",autobuss,21.5885774,57.4033120
11412,Puzes pagrieziens,2,"7511, 7684",autobuss,21.8866424,57.3741802
11413,Puzes pagrieziens,2,"7511, 7684",autobuss,21.8852638,57.3747495
11421,Semenova,6,"6453, 6455, 6475, 7669, 7912",autobuss,27.6423376,57.1335710
11422,Semenova,5,"6455, 6475, 7669, 7912",autobuss,27.6422325,57.1336142
11427,Dagunova,1,7912,autobuss,27.6285760,57.0739810
11428,Dagunova,1,7912,autobuss,27.6288562,57.0742175
11431,Rekova,5,"6453, 6455, 7669, 7912",autobuss,27.6187926,57.0437467
11432,Rekova,5,"6437, 6455, 7669, 7912",autobuss,27.6186105,57.0435893
11433,Čilipīne,2,"6437, 6453",autobuss,27.6118931,57.0292761
11434,Čilipīne,1,6437,autobuss,27.6121017,57.0284938
11435,Cērpene,2,"6443, 7912",autobuss,27.6127493,57.0093407
11436,Cērpene,2,"6443, 7912",autobuss,27.6141160,57.0084427
11437,Breksene,4,"7669, 7767, 7912",autobuss,27.6504450,56.9911291
11438,Breksene,5,"7669, 7766, 7767, 7912",autobuss,27.6508949,56.9905980
11443,Baltinava,6,"5430, 6443, 7669, 7767, 7912",autobuss,27.6470761,56.9468189
11444,Baltinava,5,"5430, 6443, 7766, 7767, 7912",autobuss,27.6469241,56.9466826
11445,Čudarīne,1,6443,autobuss,27.6400601,56.9262202
11446,Čudarīne,1,6443,autobuss,27.6391933,56.9253741
11451,Pazlauka,4,"6443, 7669, 7767",autobuss,27.6217680,56.8923917
11452,Pazlauka,4,"7669, 7766, 7767",autobuss,27.6218526,56.8915213
11453,Dzintari,3,"7669, 7766, 7767",autobuss,27.6483499,56.8729235
11456,Naftas bāze,1,5203,autobuss,21.6260183,57.4177259
11457,Naftas bāze,1,5203,autobuss,21.6270774,57.4180359
11458,Bērzkalne,4,"6437, 6443, 6449, 7767",autobuss,27.3515834,57.1029376
11459,Bērzkalne,6,"6437, 6443, 6449, 6453, 7766, 7767",autobuss,27.3515834,57.1027376
11460,Babāni,1,6437,autobuss,27.3670068,57.0921212
11461,Babāni,1,6437,autobuss,27.3671211,57.0917388
11462,Brūklāji,5,"6437, 6443, 6453, 7766, 7767",autobuss,27.3839130,57.0822925
11463,Brūklāji,3,"6437, 6443, 7767",autobuss,27.3838095,57.0824438
11464,Ķīļi,3,"6437, 6443, 7767",autobuss,27.4110389,57.0606762
11465,Ķīļi,5,"6437, 6443, 6453, 7766, 7767",autobuss,27.4105073,57.0607903
11466,Osinovka,3,"6437, 6443, 7767",autobuss,27.4510849,57.0489505
11467,Osinovka,5,"6437, 6443, 6453, 7766, 7767",autobuss,27.4516278,57.0488011
11468,Egļuciems,3,"6437, 6443, 7767",autobuss,27.4921652,57.0426827
11469,Egļuciems,4,"6437, 6453, 7766, 7767",autobuss,27.4941502,57.0422408
11470,Egļeva,2,"6437, 6443",autobuss,27.5201194,57.0380768
11471,Egļeva,2,"6437, 6443",autobuss,27.5209317,57.0377287
11472,Pleševa,1,6437,autobuss,27.5587067,57.0269646
11473,Augstasils,1,6437,autobuss,27.5765486,57.0133967
11474,Augstasils,1,6437,autobuss,27.5765621,57.0132878
11475,Sita,9,"7632, 7668, 7767, 7840, 7910, 7911, 7979",autobuss,27.1015105,57.1782157
11476,Sita,11,"7623, 7632, 7668, 7766, 7767, 7840, 7910, 7911, 7979",autobuss,27.1023087,57.1780469
11479,Kubuli,11,"6442, 7632, 7668, 7767, 7840, 7910, 7911, 7912, 7979",autobuss,27.2048732,57.1599258
1148,Luterāņu baznīca,5,"6096, 6119, 6135, 6138, 6142",autobuss,25.2637648,56.6105483
11480,Kubuli,13,"6442, 7623, 7632, 7668, 7766, 7767, 7840, 7910, 7911, 7912, 7979",autobuss,27.2045967,57.1598665
11481,Kurna,2,"5585, 7668",autobuss,27.2166249,57.1546111
11482,Kurna,2,"5585, 7668",autobuss,27.2182096,57.1538097
11483,Steķintava,1,5585,autobuss,27.2523386,57.1388696
11484,Steķintava,1,5585,autobuss,27.2538356,57.1382852
11485,Dubļeva,9,"5046, 6437, 6443, 6449, 6453, 6455, 6475, 7911, 7912",autobuss,27.3249443,57.1209609
11486,Dubļeva,9,"5046, 6437, 6443, 6449, 6453, 6455, 6475, 7911, 7912",autobuss,27.3250258,57.1210967
11487,Vējava,5,"5046, 6453, 6455, 6475, 7911",autobuss,27.3755777,57.1225015
11488,Vējava,4,"5046, 6455, 6475, 7911",autobuss,27.3755283,57.1224559
11489,Silakrogs,6,"5046, 6453, 6455, 6475, 7911, 7912",autobuss,27.4044255,57.1286371
11490,Silakrogs,5,"5046, 6455, 6475, 7911, 7912",autobuss,27.4053028,57.1287431
11491,Stompaki,6,"5046, 6453, 6455, 6475, 7911, 7912",autobuss,27.4938082,57.1538288
11492,Stompaki,5,"5046, 6455, 6475, 7911, 7912",autobuss,27.4938982,57.1537188
11495,Egļava,6,"5046, 6453, 6455, 6475, 7911, 7912",autobuss,27.5682570,57.1655769
11496,Egļava,5,"5046, 6455, 6475, 7911, 7912",autobuss,27.5702175,57.1658217
11497,Susāji,1,6475,autobuss,27.5949086,57.1732535
11498,Susāji,1,6475,autobuss,27.5949986,57.1732595
11499,Naudaskalns,16,"5047, 5430, 6002, 6445, 6446, 6450, 6451, 6488, 7632, 7668, 7692, 7840 …",autobuss,27.2450304,57.0879900
11500,Naudaskalns,16,"5047, 5430, 6002, 6445, 6446, 6450, 6451, 6488, 7632, 7668, 7692, 7840 …",autobuss,27.2443897,57.0876216
11501,Lāčupe,8,"5047, 5430, 6002, 6445, 6446, 6450, 6451, 6488",autobuss,27.2294433,57.0648333
11502,Lāčupe,8,"5047, 5430, 6002, 6445, 6446, 6450, 6451, 6488",autobuss,27.2295761,57.0651997
11503,Dubļukalns,9,"5047, 5430, 6002, 6445, 6446, 6450, 6451, 6488, 7632",autobuss,27.2148600,57.0549185
11504,Dubļukalns,9,"5047, 5430, 6002, 6445, 6446, 6450, 6451, 6488, 7632",autobuss,27.2150081,57.0555394
11505,Medņi,11,"6002, 6446, 6450, 6451, 7632, 7668, 7692, 7840, 7910",autobuss,27.1922137,57.0437376
11506,Medņi,11,"6002, 6445, 6446, 6450, 7632, 7668, 7692, 7840, 7910",autobuss,27.1919553,57.0436984
11507,Lukstiņi,2,"5048, 7632",autobuss,27.1483918,57.0261004
11508,Lukstiņi,2,"5048, 7632",autobuss,27.1486960,57.0260990
11511,Rugāji,13,"5048, 6002, 6446, 6450, 6451, 7632, 7668, 7692, 7840, 7910, 7979",autobuss,27.1301020,57.0013840
11512,Rugāji,11,"6445, 6446, 6450, 7632, 7668, 7692, 7840, 7910, 7979",autobuss,27.1299103,57.0013312
11517,Kāpessils,2,"5043, 6451",autobuss,27.3947536,56.8658740
11518,Kāpessils,2,"5043, 6450",autobuss,27.3945425,56.8662107
11519,Lauzutilts,4,"5047, 5430, 6451, 6488",autobuss,27.3481852,56.9327655
11520,Lauzutilts,4,"5047, 5430, 6445, 6488",autobuss,27.3473901,56.9335622
11521,Ranguči,4,"5047, 5430, 6451, 6488",autobuss,27.3333917,56.9481793
11522,Ranguči,4,"5047, 5430, 6445, 6488",autobuss,27.3332521,56.9477939
11523,Sāvāni,1,5430,autobuss,27.3394664,56.9567599
11524,Sudarbe,4,"5047, 5430, 6445, 6488",autobuss,27.3210545,57.0012999
11525,Sudarbe,4,"5047, 5430, 6451, 6488",autobuss,27.3206534,57.0014645
11526,Kraukļeva,3,"5047, 5430, 6488",autobuss,27.2825764,57.0238247
11527,Kraukļeva,3,"5047, 5430, 6488",autobuss,27.2832246,57.0236544
11528,Iča,4,"7632, 7668, 7979",autobuss,27.0953338,56.8156917
11529,Iča,4,"7632, 7668, 7979",autobuss,27.0954316,56.8164859
11532,Bērzpils,10,"5043, 6445, 6446, 6450, 7632, 7668, 7840, 7979",autobuss,27.0910662,56.8469180
11533,Bērzpils,10,"5043, 6446, 6450, 6451, 7632, 7668, 7840, 7979",autobuss,27.0910766,56.8475696
11534,Domopole,3,"6445, 6446, 6450",autobuss,27.0832567,56.8595438
11535,Domopole,3,"6446, 6450, 6451",autobuss,27.0830600,56.8601968
11540,Rūbāni,9,"6445, 6446, 6450, 7632, 7668, 7840, 7979",autobuss,27.0709290,56.9178330
11541,Rūbāni,9,"6446, 6450, 6451, 7632, 7668, 7840, 7979",autobuss,27.0714810,56.9186344
11546,Kapūne,9,"6445, 6446, 6450, 7632, 7668, 7840, 7979",autobuss,27.0668891,56.9595112
11547,Kapūne,9,"6446, 6450, 6451, 7632, 7668, 7840, 7979",autobuss,27.0670126,56.9604369
11550,Upetnieki,2,"5048, 7692",autobuss,27.0074216,57.0236595
11551,Upetnieki,1,7692,autobuss,27.0055711,57.0240177
11552,Svilpova,4,"6474, 6475, 7669",autobuss,27.6185368,57.1814699
11553,Svilpova,4,"6474, 6475, 7669",autobuss,27.6185325,57.1812425
11554,Bērzukalns,3,"6474, 7669",autobuss,27.5400245,57.2182798
11555,Bērzukalns,3,"6474, 7669",autobuss,27.5398245,57.2182798
11558,Kuprava,3,"5119, 6474, 7669",autobuss,27.4966017,57.2392256
11559,Kuprava,7,"5052, 5119, 6452, 6474, 7646, 7669",autobuss,27.4965221,57.2393131
11560,Strauti,3,"7646, 7669",autobuss,27.4798750,57.2843490
11562,Zaiceva,4,"6453, 6455, 7669",autobuss,27.6219118,57.1170623
11563,Zaiceva,3,"6455, 7669",autobuss,27.6221455,57.1159749
11564,Mežvidi,1,6475,autobuss,27.4394754,57.1466262
11565,Mežvidi,2,"6475, 7911",autobuss,27.4395411,57.1463867
11568,Pagrieziens,1,5048,autobuss,27.2143385,57.1237206
11569,Pagrieziens,1,5048,autobuss,27.2146966,57.1239790
11570,Dūrupe,1,5048,autobuss,27.1252710,57.0796437
11571,Dūrupe,1,5048,autobuss,27.1253344,57.0797621
11572,Lāčugabali,1,5048,autobuss,27.1346337,57.0939446
11573,Lāčugabali,1,5048,autobuss,27.1350741,57.0940945
11574,Teteri,1,5048,autobuss,27.1082041,57.0584191
11575,Strazdiņi,1,5048,autobuss,27.0974322,57.0534460
11576,Strazdiņi,1,5048,autobuss,27.0952554,57.0528407
11577,Griestiņi,1,5048,autobuss,27.0653252,57.0357539
11578,Griestiņi,1,5048,autobuss,27.0642994,57.0358832
11579,Pededze,1,7692,autobuss,26.8788597,57.0067363
1158,Kalna iela,1,7946,autobuss,23.5004959,57.0165016
11580,Pededze,1,7692,autobuss,26.8784235,57.0062928
11581,Daugasne,1,7692,autobuss,26.9643572,57.0179758
11582,Daugasne,1,7692,autobuss,26.9650584,57.0180480
11583,Laima,2,"5043, 6450",autobuss,27.3702697,56.8400585
11584,Laima,2,"5043, 6451",autobuss,27.3704622,56.8401945
11585,Krišjāņi,2,"6450, 6451",autobuss,27.2919898,56.8068493
11586,Krišjāņi,2,"5043, 6450",autobuss,27.2921387,56.8068543
11587,Naglīši,3,"5043, 6450, 6451",autobuss,27.2188531,56.7967439
11588,Naglīši,2,"5043, 6450",autobuss,27.2188844,56.7968127
11589,Zosuļi,3,"5043, 6450, 6451",autobuss,27.1915195,56.8230139
1159,Kalna iela,1,7946,autobuss,23.5001732,57.0168190
11590,Zosuļi,2,"5043, 6450",autobuss,27.1894357,56.8240517
11591,Saksmale,2,"5043, 6451",autobuss,27.1210784,56.8248122
11592,Saksmale,2,"5043, 6450",autobuss,27.1209877,56.8249484
11593,Plēsums,2,"5043, 6445",autobuss,27.2770319,56.8758679
11594,Plēsums,2,"5043, 6450",autobuss,27.2773250,56.8760588
11595,Golvari,2,"5043, 6445",autobuss,27.2421991,56.8637942
11596,Golvari,2,"5043, 6450",autobuss,27.2426213,56.8638486
11597,Līdumnieki,2,"5043, 6445",autobuss,27.1683506,56.8513133
11598,Līdumnieki,2,"5043, 6450",autobuss,27.1683224,56.8513974
11599,Tilža,7,"5043, 5047, 5430, 6445, 6450, 6451, 6488",autobuss,27.3660125,56.9041069
116,Apšukalni,3,"5172, 6852, 6859",autobuss,24.0627968,56.8160908
11600,Ilganči,1,6002,autobuss,27.2086020,56.9875334
11601,Ilganči,1,6002,autobuss,27.2090268,56.9869413
11602,Pokrata,1,6002,autobuss,27.2257819,56.9544078
11603,Pokrata,1,6002,autobuss,27.2259621,56.9539689
11604,Daudzene,2,"5048, 7692",autobuss,27.0584640,57.0116569
11605,Daudzene,2,"5048, 7692",autobuss,27.0587823,57.0116815
11610,Pansionāts,2,"5051, 6477",autobuss,27.2168010,57.1376135
11611,Pansionāts,2,"5051, 6477",autobuss,27.2173643,57.1377019
11612,Celmene,2,"5051, 6477",autobuss,27.1968681,57.1387455
11613,Celmene,2,"5051, 6477",autobuss,27.1963981,57.1387955
11614,Silaciems,2,"5051, 6477",autobuss,27.1569931,57.1410490
11616,Briedīši,1,6442,autobuss,27.1906228,57.1948387
11617,Briedīši,1,6442,autobuss,27.1907660,57.1945322
11618,Paulāni,1,6442,autobuss,27.1902384,57.2167239
11619,Stacijas skola,1,6442,autobuss,27.2086440,57.1689242
11620,Stacijas skola,1,6442,autobuss,27.2083717,57.1687646
11621,Dvorupes pagrieziens,1,6442,autobuss,27.2407294,57.1888679
11622,Dvorupes pagrieziens,1,6442,autobuss,27.2404401,57.1878751
11623,Oļgina,1,6442,autobuss,27.2403352,57.2077257
11624,Oļgina,1,6442,autobuss,27.2402519,57.2077079
11625,Dvorupe,1,6442,autobuss,27.2400585,57.2312738
11626,Annasbirzs,2,"5052, 5119",autobuss,27.3127971,57.1873614
11627,Annasbirzs,2,"5119, 6452",autobuss,27.3130087,57.1875639
11628,Vīksna,2,"5052, 5119",autobuss,27.3227801,57.2149338
11629,Vīksna,2,"5119, 6452",autobuss,27.3238095,57.2151952
11630,Sprogas,2,"5119, 6452",autobuss,27.3498503,57.2302221
11631,Sprogas,2,"5052, 5119",autobuss,27.3496126,57.2300059
11632,Kačupe,2,"5052, 5119",autobuss,27.3662551,57.2431100
11633,Kačupe,2,"5119, 6452",autobuss,27.3658763,57.2429849
11634,Aizezere,2,"5052, 5119",autobuss,27.3871164,57.2429751
11635,Aizezere,2,"5119, 6452",autobuss,27.3863985,57.2427186
11636,Lazdukalns,1,6002,autobuss,27.1116336,56.9197350
11637,Lazdukalns,1,6002,autobuss,27.1115963,56.9197776
11640,Gariesili,1,6002,autobuss,27.2045487,56.9174226
11642,Mežāķi,1,5430,autobuss,27.3842529,56.9543149
11643,Vectilža,3,"5430, 6437, 6488",autobuss,27.4012654,56.9624539
11644,Vectilža,3,"5430, 6437, 6488",autobuss,27.4016641,56.9625944
11645,Briežuciems,1,6443,autobuss,27.5945483,56.9626736
11646,Briežuciems,1,6443,autobuss,27.5946065,56.9627926
11647,Breksene,1,6443,autobuss,27.6482558,56.9906691
11648,Breksene,1,6443,autobuss,27.6489560,56.9910089
11650,Obeļeva,1,6443,autobuss,27.5472223,56.9026583
11651,Obeļeva,1,6443,autobuss,27.5704458,56.8997406
11653,Tutinava,3,"5046, 6472, 7911",autobuss,27.6916190,57.2099947
11654,Tutinava,3,"5046, 6472, 7911",autobuss,27.6922762,57.2104638
11657,Silaciems,3,"5046, 6472, 7911",autobuss,27.6853011,57.2355247
11658,Silaciems,3,"5046, 6472, 7911",autobuss,27.6846498,57.2362805
11659,Žīguri,3,"5046, 6472, 7911",autobuss,27.6667184,57.2650491
11660,Priežukalna skola,1,6472,autobuss,27.7262776,57.2658551
11661,Priežukalna skola,1,6472,autobuss,27.7264494,57.2658701
11664,Katleši,1,6472,autobuss,27.7323340,57.3358232
11665,Ūlasi,1,6444,autobuss,27.7468328,57.1868788
11666,Vecumi,1,6444,autobuss,27.7728339,57.2131019
11667,Borisova,1,6444,autobuss,27.7387488,57.2197387
11668,Mežvidi,1,6444,autobuss,27.7477955,57.2422048
11669,Mežvidi,1,6444,autobuss,27.7477435,57.2422343
11670,Kozīne,1,6444,autobuss,27.8141263,57.2746321
11671,Kozīne,1,6444,autobuss,27.8135190,57.2744151
11672,Rubeņu pagrieziens,1,6449,autobuss,27.3472172,57.1243954
11673,Rubeņu pagrieziens,1,6449,autobuss,27.3476483,57.1250778
11674,Sīļi,1,6449,autobuss,27.3644251,57.1417924
11675,Sīļi,1,6449,autobuss,27.3654530,57.1423213
11676,Rubeņi,1,6449,autobuss,27.4054334,57.1574158
11677,Krasnogorka,5,"5052, 5119, 6452, 6474, 7646",autobuss,27.2889232,57.1432133
11678,Krasnogorka,5,"5052, 5119, 6452, 6474, 7646",autobuss,27.2889842,57.1432234
11679,Egļukalns,3,"6452, 6474, 7646",autobuss,27.3502854,57.1690756
11680,Egļukalns,3,"5052, 6474, 7646",autobuss,27.3513373,57.1692456
11681,Čāgas,1,6474,autobuss,27.3682288,57.1754904
11682,Čāgas,2,"5052, 6474",autobuss,27.3684452,57.1755937
11685,Miezāji,3,"6452, 6474, 7646",autobuss,27.4079182,57.2003045
11686,Miezāji,3,"5052, 6474, 7646",autobuss,27.4086724,57.2004047
11689,Mežarija,3,"5052, 6474, 7646",autobuss,27.4456774,57.2170943
11690,Mežarija,3,"6452, 6474, 7646",autobuss,27.4458215,57.2171188
11693,Makšinava,5,"5052, 5119, 6452, 6474, 7646",autobuss,27.4805068,57.2507243
11694,Makšinava,5,"5052, 5119, 6452, 6474, 7646",autobuss,27.4806603,57.2506928
11696,Upīte,1,6437,autobuss,27.6735780,57.0261918
11697,Kvinti,2,"6304, 7938",autobuss,22.3234740,56.9505248
11698,Kvinti,2,"6304, 7512",autobuss,22.3224653,56.9507509
11699,Talsu AO,34,"3200, 5121, 5122, 5316, 5385, 5439, 6401, 6402, 6405, 6406, 6407, 6408 …",autobuss,22.5795951,57.2480103
117,Apšukalni,3,"5172, 6852, 6859",autobuss,24.0629910,56.8164660
11700,Ēdas,4,"5012, 7253, 7269, 7401",autobuss,22.1158393,56.8810381
11701,Ēdas,3,"7253, 7269, 7401",autobuss,22.1163178,56.8806557
11702,Slampes centrs,6,"5296, 6051, 6052, 6076, 7354",autobuss,23.2971970,56.8499681
11706,Jaunvanagi,1,6014,autobuss,26.9155880,57.0523190
11707,Tukuma lauktehnika,20,"3212, 3213, 5299, 5317, 5443, 5558, 6031, 6035, 6038, 6039, 6043, 6054 …",autobuss,23.1175625,56.9527427
11708,Tukuma lauktehnika,10,"5299, 5317, 6031, 6038, 6039, 6043, 6054, 6066, 7955, K7410",autobuss,23.1160035,56.9516240
11709,Stacija,1,6327,autobuss,21.9303557,56.6812183
11710,Stacija,1,6327,autobuss,21.9297524,56.6813121
11711,Dzelzava,6,"6345, 6357, 6376, 6507, 7202, 7628",autobuss,26.4310390,56.9998668
11712,Smārdes pagrieziens,4,"7041, 7938, 7948, 7990",autobuss,23.3575928,56.9124153
11713,Smārdes pagrieziens,4,"7041, 7938, 7948, 7990",autobuss,23.3568311,56.9124708
11714,Aizpute,15,"5114, 5143, 5344, 5345, 5348, 5349, 5964, 6300, 6801, 6813, 7013, 7512 …",autobuss,21.6082100,56.7190300
11715,Skripsti,2,"6278, 6279",autobuss,25.8233925,57.2448235
11716,Skrundas AO,15,"5011, 5143, 5201, 5418, 6306, 6316, 6327, 6337, 7251, 7585, 7937, 7957 …",autobuss,22.0133384,56.6742606
11717,Valdemārpils,6,"6408, 6409, 6413, 6422, 6438, 7947",autobuss,22.5918576,57.3710000
11718,Tiņģeres pagrieziens,2,"6422, 6438",autobuss,22.5357964,57.3851773
11719,Gaismas,5,"5212, 5213, 7013, 7512",autobuss,21.9142378,56.9255799
1172,Kalnciema ceļš,4,"5515, 5516, 6752, 7365",autobuss,23.7420283,56.6575254
11720,Gaismas,5,"5213, 7013, 7512, K7013",autobuss,21.9135049,56.9254888
11721,Vārdupe,3,"7013, 7512",autobuss,21.8560567,56.8692363
11722,Vārdupe,4,"7013, 7512, K7013",autobuss,21.8555699,56.8690947
11723,Turlavas veikals,3,"7013, 7512",autobuss,21.7936135,56.8517959
11724,Turlavas veikals,4,"7013, 7512, K7013",autobuss,21.7922144,56.8513160
11725,Ražotāji,1,6804,autobuss,22.8718091,56.5141082
11726,Ražotāji,1,6804,autobuss,22.8717519,56.5139331
11728,Vārsberģi,3,"7013, 7512",autobuss,21.6350181,56.7770768
11729,Vārsberģi,3,"7013, 7512",autobuss,21.6345261,56.7768309
11730,Klūnas,1,6791,autobuss,23.2413542,56.4546849
11732,Naudīte,1,6527,autobuss,23.1952762,56.5354531
11733,Naudīte,1,6527,autobuss,23.1951448,56.5360353
11734,Ķemeri,8,"7016, 7041, 7410, 7938, 7948, 7955, 7990, K7410",autobuss,23.4821220,56.9329020
11735,Ķemeri,7,"7016, 7041, 7410, 7938, 7948, 7990, K7410",autobuss,23.4776950,56.9323770
11736,Ozolkalni,1,5368,autobuss,24.0032195,56.5576470
11737,Cesvaine,14,"6345, 6347, 6357, 6376, 6507, 6721, 6733, 6735, 7177, 7202, 7628, 7664 …",autobuss,26.3156919,56.9676180
11738,Saulaines tehnikums,1,6383,autobuss,24.1242115,56.3969431
11739,Kaipi,2,"7202, 7628",autobuss,26.5267704,57.0539758
11740,Kaipi,2,"7202, 7628",autobuss,26.5286100,57.0541950
11741,Īvande,2,"6302, 7016",autobuss,21.7674244,56.9917624
11742,Īvande,2,"6302, 7016",autobuss,21.7666081,56.9922131
11744,Ēdole,2,"6302, 7016",autobuss,21.6890097,57.0186108
11745,Alsunga,2,"6302, 7016",autobuss,21.5659790,56.9791829
11746,Jaundrusti,3,"5608, 6278, 7624",autobuss,25.9764645,57.2111214
11748,Skola,1,5386,autobuss,24.5688383,56.8687292
11749,Ķevele,2,"6791, 6804",autobuss,22.8044076,56.4607948
11750,Ķevele,1,6791,autobuss,22.8027765,56.4611343
11751,Vītoli,4,"5276, 6027, 7202, 7628",autobuss,26.6431879,57.1011816
11752,Vītoli,4,"5276, 6027, 7202, 7628",autobuss,26.6440839,57.1015113
11753,Smiltenes pagrieziens,24,"5392, 5421, 5422, 5423, 5424, 5429, 5431, 6505, 6596, 6611, 7152, 7164 …",autobuss,25.9711680,57.3912730
11754,Smiltenes pagrieziens,26,"5392, 5421, 5422, 5423, 5424, 5429, 5431, 6505, 6506, 6596, 6611, 7152 …",autobuss,25.9721313,57.3910316
11755,Lubāna,8,"6330, 6339, 6357, 6376, 6507, 6997, 7692, 7989",autobuss,26.7214680,56.9022103
11756,Lubāna,6,"6339, 6376, 6507, 6997, 7692, 7989",autobuss,26.7209639,56.9019639
11757,Aizpurve,2,"6345, 6507",autobuss,26.4242759,56.9780383
11758,Aizpurve,2,"6345, 7628",autobuss,26.4243605,56.9780010
11759,Siladzirnavas,3,"5038, 7202, 7628",autobuss,26.5850994,57.0770750
11760,Siladzirnavas,2,"5038, 7628",autobuss,26.5863821,57.0772606
11761,Sēnīte,15,"5612, 6255, 6642, 7618, 7624, 7730, 7731, 7732, 7902, 7906, 7908, 7910 …",autobuss,24.6502100,57.1198550
11762,Sēnīte,16,"6255, 6642, 7618, 7624, 7662, 7664, 7730, 7731, 7732, 7902, 7906, 7908 …",autobuss,24.6508590,57.1193570
11763,Gromalti,1,6952,autobuss,26.2136096,56.5846846
11764,Krimulda,3,"3112, 5612, 6261",autobuss,24.8263438,57.1698009
11766,Graši,7,"6261, 7177, 7599, 7600, 7743, 7744, 7747",autobuss,24.7807768,57.2099135
11767,Graši,4,"7177, 7599, 7743, 7744",autobuss,24.7812490,57.2100992
11768,Kūduma pagrieziens,6,"5605, 7599, 7600, 7743, 7744, 7747",autobuss,25.1013503,57.3976940
11769,Kūduma pagrieziens,4,"5605, 7599, 7743, 7744",autobuss,25.1030572,57.3983512
11770,Medustiltiņi,1,6952,autobuss,26.2142085,56.5707189
11771,Stāmerienas pagrieziens,11,"5436, 5445, 6006, 6012, 7632, 7767, 7840, 7910, 7911, 7912, 7979",autobuss,26.9075309,57.1914017
11772,Stāmerienas pagrieziens,13,"5436, 5445, 6012, 7623, 7632, 7766, 7767, 7840, 7910, 7911, 7912, 7979",autobuss,26.9067773,57.1912249
11773,Gercēni,1,6429,autobuss,25.7510619,56.7874895
11774,Vidzeme,7,"5428, 7620, 7766, 7767, 7771, 7902, 7908",autobuss,25.8703096,57.4034126
11775,Vidzeme,7,"5428, 7620, 7736, 7767, 7902, 7908, 7910",autobuss,25.8698599,57.4034637
11776,Zundāni,1,6952,autobuss,26.2328202,56.5489589
11777,Viļakas AO,11,"5046, 6444, 6453, 6455, 6472, 6474, 6475, 7669, 7911, 7912",autobuss,27.6714970,57.1844712
11778,Aumeisteru pagrieziens,7,"5429, 6505, 6506, 6611, 7164, 7653, 7906",autobuss,26.2052250,57.4442167
11779,Noteskrogs,5,"7165, 7653, 7736, 7769, 7906",autobuss,26.6284166,57.5045521
11780,Noteskrogs,4,"7164, 7653, 7769, 7906",autobuss,26.6287611,57.5043444
11781,Ape,8,"6701, 7164, 7165, 7653, 7736, 7769, 7905, 7906",autobuss,26.6964076,57.5376546
11782,Ceplīši,1,6527,autobuss,23.2465908,56.5592689
11783,Ceplīši,1,6527,autobuss,23.2531442,56.5556179
11784,Ludenieki,1,6967,autobuss,26.0515163,56.4445899
11785,Ludenieki,1,6967,autobuss,26.0527107,56.4438941
11787,Opornieki,4,"5047, 5430, 6451, 6488",autobuss,27.2588284,57.0347659
11788,Opornieki,4,"5047, 5430, 6445, 6488",autobuss,27.2576718,57.0352658
11789,Baldone,6,"5411, 6779, 6847, 6848, 7467, 7490",autobuss,24.4025868,56.7433850
11790,Klapu krogs,6,"5411, 6848, 7200, 7249, 7467, 7490",autobuss,24.3726744,56.7169690
11791,Klapu krogs,6,"6847, 6848, 7200, 7249, 7467, 7490",autobuss,24.3727493,56.7160513
11792,Branti,1,7908,autobuss,25.7482689,57.3618267
11793,Branti,1,7908,autobuss,25.7480601,57.3617852
11794,Staburags,5,"6130, 7195, 7851, 7898",autobuss,25.4992096,56.5639505
11795,Staburags,5,"6130, 7195, 7851, 7898",autobuss,25.5015829,56.5641105
11798,Vecumnieki,9,"6387, 6392, 6403, 7200, 7249, 7357, 7467, 7490, 7493",autobuss,24.5224455,56.6064121
11799,Neretas pagrieziens,2,"6387, 7490",autobuss,24.5375606,56.5659912
11800,Neretas pagrieziens,2,"6387, 7490",autobuss,24.5375013,56.5657838
11801,Viesturu pagrieziens,8,"5517, 6519, 7012, 7347, 7363, 7376, 7933",autobuss,23.5883884,56.6352665
11802,Viesturu pagrieziens,9,"5517, 6519, 7012, 7347, 7353, 7363, 7376, 7933",autobuss,23.5868235,56.6349553
11803,Mujānu skola,1,6632,autobuss,25.2615389,57.5378778
11804,Mujānu skola,1,6632,autobuss,25.2616798,57.5374005
11805,Pampāļu pagrieziens,5,"5011, 5418, 6306, 7251, 7937",autobuss,22.0611846,56.6781380
11806,Pampāļu pagrieziens,4,"5011, 5418, 7251, 7937",autobuss,22.0593991,56.6782794
11807,Kalvene,2,"7251, 7937",autobuss,21.7444382,56.6008104
11808,Kalvene,2,"7251, 7937",autobuss,21.7408384,56.6002077
11811,Pilsētas laukums,3,"5225, 6307, 6419",autobuss,21.9602730,56.9695802
11814,Klidziņa,8,"7006, 7010, 7693, 7764, 7981, 7989, 7992, 7997",autobuss,25.0859108,56.6248539
11815,Klidziņa,6,"7010, 7693, 7981, 7989, 7992, 7997",autobuss,25.0859422,56.6247183
11816,Putniņi,1,5612,autobuss,24.7703328,57.1649230
11817,Jēkabpils AO,46,"5029, 5061, 5483, 5494, 5495, 5496, 5497, 6894, 6895, 6896, 6930, 6931 …",autobuss,25.8767840,56.4935088
11818,Dzelmes,7,"7006, 7010, 7556, 7693, 7981, 7989, 7992",autobuss,24.9175257,56.6412136
11819,Dzelmes,7,"7010, 7556, 7693, 7899, 7981, 7989, 7992",autobuss,24.9180351,56.6408191
11820,Lejasstrazdi,4,"5186, 6794, 6799, 6808",autobuss,23.3127218,56.6610589
11821,Baļote,5,"6952, 6984, 6985, 7004, 7992",autobuss,26.0158951,56.5327336
11822,Baļote,5,"6952, 6984, 6985, 7004, 7992",autobuss,26.0179629,56.5327709
11823,Miķelēni,2,"6141, 6429",autobuss,25.7452300,56.7190553
11824,Mazzalves pamatskola,1,5251,autobuss,25.0160458,56.3643436
11826,Kaunatas pagrieziens,6,"6482, 6561, 6563, 6565, 7557, 7564",autobuss,27.5148332,56.3314201
11827,Kaunatas pagrieziens,6,"6482, 6561, 6563, 6569, 7557, 7564",autobuss,27.5150778,56.3308078
11828,Beloje,1,6144,autobuss,27.4984313,55.8557665
11829,Beloje,1,6144,autobuss,27.4990242,55.8562625
1183,Ielejas,3,"5172, 6852, 6859",autobuss,24.0938191,56.7827410
11830,Dagdas AO,17,"5507, 5509, 5855, 6213, 6225, 6226, 6231, 6233, 6236, 6237, 6362, 7441 …",autobuss,27.5399685,56.0956559
11834,Pagrieziens uz Sidgundu,3,"6876, 6992, 7228",autobuss,24.9112953,57.0056302
11835,Miķelēni,2,"6141, 6429",autobuss,25.7454924,56.7191073
11836,Vecstropi,24,"5099, 5326, 5503, 5506, 5508, 5572, 5573, 5574, 5575, 6172, 6175, 6178 …",autobuss,26.6093592,55.8977267
11837,Vecstropi,23,"5099, 5326, 5503, 5506, 5508, 5572, 5573, 5574, 5575, 6159, 6172, 6175 …",autobuss,26.6091111,55.8976972
11838,Jūdaži,3,"5087, 6645",autobuss,24.9336698,57.1088990
11839,Jūdaži,3,"5087, 6645",autobuss,24.9349191,57.1089438
1184,Ielejas,3,"5172, 6852, 6859",autobuss,24.0929663,56.7831348
11840,Jērcēnu skola,1,5427,autobuss,25.6023333,57.6549574
11841,Jērcēnu skola,1,5427,autobuss,25.6013983,57.6544477
11842,Kārtūži,2,5087,autobuss,25.0252538,57.1059139
11843,Kārtūži,2,5087,autobuss,25.0259240,57.1059930
11844,Auces stacija,6,"6791, 6795, 6804, 7254, 7347, 7933",autobuss,22.8959924,56.4602660
11845,Jērcēnu veikals,2,"5427, 6597",autobuss,25.6465585,57.6751873
11846,Nometņu iela,1,7000,autobuss,23.6022143,56.9594763
11847,Nometņu iela,1,7000,autobuss,23.6024596,56.9599769
11848,Kauguru vidusskola,1,7946,autobuss,23.6126322,56.9618356
11850,Stirniene,4,"6509, 7004, 7611, 7992",autobuss,26.6350977,56.5662543
11851,Stirniene,4,"6509, 6727, 7004, 7992",autobuss,26.6372100,56.5665827
11852,Celtnieku iela,1,6118,autobuss,24.7195101,56.7485802
11853,Dzinigaļi,1,6579,autobuss,27.7370000,56.2450000
11854,Dzinigaļi,1,6579,autobuss,27.7368428,56.2444577
11855,Nereta,8,"5001, 5091, 5494, 5495, 5496, 6129, 7249, 7493",autobuss,25.3070463,56.2022352
11856,Liepna,6,"5434, 6690, 6702, 7646, 7669",autobuss,27.4747814,57.3433858
11858,Mežniecība,2,"7249, 7493",autobuss,24.8190598,56.4639445
11859,Mežniecība,2,"7249, 7493",autobuss,24.8199480,56.4635544
11860,Jaunlaicene,4,"6695, 6707, 7653, 7905",autobuss,26.8724672,57.5277709
11861,Jaunlaicenes pagrieziens,2,"6707, 7653",autobuss,26.8622695,57.5453750
11862,Beberbeķu iela,2,"5616, 7959",autobuss,23.9606779,56.9493049
11863,Staldzenes pagrieziens,1,5203,autobuss,21.6390704,57.4245117
11865,Majoru stacija,7,"7000, 7020, 7023, 7938, 7947, 7950, 7951",autobuss,23.7980675,56.9714932
11866,Majoru stacija,6,"7000, 7020, 7023, 7938, 7947, 7951",autobuss,23.7963694,56.9715547
11867,Dubultu stacija,9,"7000, 7020, 7023, 7938, 7946, 7947, 7948, 7950, 7951",autobuss,23.7750169,56.9692917
11868,Dubultu stacija,8,"7000, 7020, 7023, 7938, 7946, 7947, 7948, 7951",autobuss,23.7758692,56.9696160
11869,Melluži,1,7023,autobuss,23.7146477,56.9611116
11870,Melluži,1,7023,autobuss,23.7126398,56.9610515
11873,Vengerski,5,"6691, 6695, 6705, 6707, 7653",autobuss,27.0225326,57.4576841
11874,Vengerski,5,"6691, 6695, 6705, 6707, 7653",autobuss,27.0229045,57.4571082
11877,Turaida,3,"3112, 5612, 6261",autobuss,24.8454514,57.1864896
11878,Vecbāta,3,"6700, 6817, 7958",autobuss,21.8731897,56.4430157
11879,Vecbāta,3,"6700, 6817, 7958",autobuss,21.8731503,56.4426650
11881,Čāpātāju kapi,1,5206,autobuss,22.4725237,56.6566448
11884,Jaunmuiža,2,"6083, 6496",autobuss,21.9075447,57.4074003
11885,Jaunmuiža,2,"6083, 6496",autobuss,21.9069551,57.4072522
11886,Rēdnieki,2,"6083, 6496",autobuss,21.9327374,57.4091419
11887,Rēdnieki,2,"6083, 6496",autobuss,21.9329003,57.4092957
11888,Akmeņvalki,2,"6083, 6496",autobuss,21.9504699,57.3941769
11889,Akmeņvalki,2,"6083, 6496",autobuss,21.9507149,57.3938916
11890,Stikli,2,"6496, 6497",autobuss,22.2577146,57.3268661
11892,Galāti,1,7933,autobuss,22.8446888,56.4305026
11893,Laidzes tehnikums,6,"6401, 6405, 6408, 6409, 6412, 6434",autobuss,22.6609394,57.2851151
11894,Bērvircavas pagrieziens,5,"6512, 6775, 7352, 7488",autobuss,23.7493278,56.4202771
11895,Bērvircavas pagrieziens,4,"6512, 6775, 7352, 7488",autobuss,23.7519627,56.4201176
11900,Cesvaine 1,3,"7202, 7628, 7817",autobuss,26.3267272,56.9626976
11901,Cesvaine 1,1,7628,autobuss,26.3276019,56.9638556
11902,Madonas iela,4,"6937, 6974, 6979, 7727",autobuss,25.8609782,56.5175906
11903,Pļaviņas,1,7682,autobuss,22.3056902,57.5010258
11904,Pļaviņas,1,7682,autobuss,22.3073751,57.5010736
11905,Jaunlonaste,1,7682,autobuss,22.1919057,57.4825582
11906,Jaunlonaste,1,7682,autobuss,22.1917307,57.4824646
11907,Lāži,1,7682,autobuss,22.1643829,57.4858424
11908,Lāži,1,7682,autobuss,22.1642757,57.4857547
11909,Virpe,1,7682,autobuss,22.0169503,57.4749664
11912,Gostiņi,9,"6112, 6357, 6430, 7010, 7693, 7702, 7850, 7981, 7989",autobuss,25.7763732,56.6183292
11913,Gostiņi,7,"6357, 6430, 7010, 7693, 7702, 7850, 7989",autobuss,25.7756527,56.6184076
11914,Valmieras pagasts,5,"5427, 6500, 6633, 7743, 7819",autobuss,25.4408147,57.5636654
11915,Valmieras pagasts,5,"5427, 6500, 6633, 7743, 7819",autobuss,25.4408348,57.5632172
11916,Kalnāne,1,7260,autobuss,22.3994339,56.9081761
11918,Kalnāne,1,7260,autobuss,22.3995662,56.9084754
11920,Upmaļi,1,7260,autobuss,22.4446734,56.9831210
11921,Upmaļi,1,7260,autobuss,22.4445547,56.9829396
11923,Višļi,1,7260,autobuss,22.4882809,57.0080377
11924,Ondzuļi,10,"5712, 5716, 6959, 6962, 6988, 7435, 7439, 7445, 7893, 7981",autobuss,26.7666586,56.3205291
11925,Ondzuļi,9,"5712, 5716, 6959, 6962, 7435, 7439, 7445, 7893, 7981",autobuss,26.7668901,56.3206207
11926,Bašķi,7,"5564, 5714, 5715, 6961, 6963, 7878, 7899",autobuss,26.8763356,56.1961293
11927,Bašķi,7,"5564, 5714, 5715, 6961, 6963, 7878, 7899",autobuss,26.8760305,56.1960647
11928,Rātslaukums,17,"6375, 6382, 6384, 6387, 6392, 6393, 6394, 6399, 6400, 6403, 6404, 6457 …",autobuss,24.1848848,56.4101600
11930,Lociki,16,"5099, 5326, 5503, 5506, 5572, 5574, 6175, 6184, 7044, 7479, 7541, 7560 …",autobuss,26.6467657,55.9395000
11931,Lociki,14,"5099, 5326, 5503, 5506, 5572, 5574, 6159, 6175, 7044, 7479, 7541, 7893",autobuss,26.6467503,55.9397934
11934,Lāčupe,1,5713,autobuss,26.4872557,56.4329851
11935,Lāčupe,1,5713,autobuss,26.4876927,56.4329726
11936,Kalni,3,"6744, 6817, 7252",autobuss,22.1234420,56.4452909
11937,Vecrundāle,2,"5177, 6383",autobuss,24.0209143,56.3585511
11938,Kaiva,1,5206,autobuss,22.4811649,56.6660094
11939,2.vidusskola,1,5239,autobuss,22.5022293,56.6613532
11940,Soboļevka,1,7435,autobuss,26.8901449,56.4554058
11941,Soboļevka,2,"7435, 7893",autobuss,26.8898992,56.4552168
11942,1.vidusskola,18,"5093, 5144, 5313, 5314, 5315, 5911, 5912, 5913, 6373, 6378, 6379, 6383 …",autobuss,24.1806704,56.4043416
11943,1.vidusskola,20,"5093, 5144, 5312, 5313, 5314, 5315, 5911, 5912, 5913, 6373, 6378, 6379 …",autobuss,24.1841375,56.4055936
11944,Aizupieši,1,7893,autobuss,26.7815270,56.3676948
11945,Piltenes iela,4,"5225, 5336, 6307, 6419",autobuss,21.9574745,56.9731474
11946,Bauskas AO,46,"5093, 5094, 5144, 5312, 5313, 5314, 5315, 5911, 5912, 5913, 6373, 6374 …",autobuss,24.1963869,56.4067172
11947,Leščinski,1,7435,autobuss,26.8645217,56.4096762
11948,Leščinski,2,"7435, 7893",autobuss,26.8635531,56.4093665
11949,Ošāni,1,5497,autobuss,25.6263661,56.4864935
11950,Ošāni,1,5497,autobuss,25.6262672,56.4864838
11951,Bauskas piens,4,"5144, 5913, 6373, 6388",autobuss,24.1790627,56.3970794
11952,Bauskas piens,4,"5144, 5913, 6373, 6388",autobuss,24.1787513,56.3971489
11953,Maizes kombināts,4,"5144, 5913, 6373, 6388",autobuss,24.1775150,56.3939597
11954,Maizes kombināts,4,"5144, 5913, 6373, 6388",autobuss,24.1771452,56.3938931
11955,Iecava,7,"5368, 6382, 6403, 7357, 7365, 7480",autobuss,24.1960180,56.5980320
11956,Mazā Salātu iela,4,"6374, 6380, 6501, 6504",autobuss,24.2110291,56.4042919
11957,Mazā Salātu iela,4,"6374, 6380, 6501, 6504",autobuss,24.2125695,56.4040164
11958,Iecavas stacija,1,7480,autobuss,24.2222753,56.6291005
11959,Iecavas stacija,1,7480,autobuss,24.2218101,56.6282287
11960,Pilsrundāles skola,7,"5093, 5177, 5313, 5314, 5315, 7352, 7488",autobuss,24.0149593,56.4185699
11961,Piņņi,4,"6937, 6974, 6979, 7727",autobuss,25.9688582,56.5630824
11962,Piņņi,2,"6979, 7727",autobuss,25.9677384,56.5630149
11963,Pagrieziens uz Pļavniekkalnu,5,"6779, 6847, 6848, 6991, 7480",autobuss,24.1795418,56.8669354
11964,Pagrieziens uz Pļavniekkalnu,6,"6779, 6847, 6848, 6991, 7467, 7480",autobuss,24.1811460,56.8653803
11965,Mežniecība,4,"6378, 6379, 6395, 6397",autobuss,24.1967293,56.3974841
11966,Mežniecība,4,"6378, 6379, 6395, 6397",autobuss,24.1971330,56.3973910
11967,Dunavas pārceltuve,2,"7799, 7852",autobuss,26.2185567,56.2249288
11968,Dunavas pārceltuve,2,"7799, 7852",autobuss,26.2193057,56.2244270
11969,Mūsas tilts,10,"5093, 5313, 5314, 5315, 5912, 6383, 6386, 7352, 7488",autobuss,24.1762920,56.3994400
11970,Mūsas tilts,12,"5093, 5312, 5313, 5314, 5315, 5912, 6383, 6386, 6459, 7352, 7388, 7488",autobuss,24.1768002,56.3997743
11971,Vecumnieku pagrieziens,10,"6375, 6387, 6392, 6393, 6394, 6399, 6404, 6457, 7851",autobuss,24.2216635,56.4238062
11972,Vecumnieku pagrieziens,11,"6375, 6387, 6392, 6393, 6394, 6399, 6400, 6404, 6457, 7851",autobuss,24.2227972,56.4241394
11974,Cīruļi,1,6380,autobuss,24.5661996,56.3062279
11975,Strēlnieki,2,"6384, 7482",autobuss,24.0834714,56.5024501
11976,Pilsrundāle,7,"5093, 5177, 5313, 5314, 5315, 7352, 7488",autobuss,24.0046996,56.4214697
11977,Pilsrundāle,8,"5093, 5312, 5313, 5314, 5315, 6459, 7388, 7488",autobuss,24.0052241,56.4212167
11978,Valteķi,1,6380,autobuss,24.5382406,56.2959478
11981,Šķībais krogs,1,6383,autobuss,23.9631280,56.3534308
11982,Ainaži,11,"E7, 5066, 5078, 5178, 5460, 6667, 7514, 7661, 7774, 7778, 7803",autobuss,24.3581767,57.8643164
11983,Bērzi,1,5296,autobuss,23.1448071,56.8097294
11984,Ķemeri,1,6387,autobuss,24.3813240,56.5032814
11985,Ķemeri,1,6387,autobuss,24.3822508,56.5032115
11986,Lambārtes pagrieziens,2,"6387, 6392",autobuss,24.3595097,56.4994455
11987,Lambārtes pagrieziens,2,"6387, 6392",autobuss,24.3603711,56.4994749
11988,Ilziņi,3,"6375, 6387, 6392",autobuss,24.2513691,56.4476018
11989,Ilziņi,3,"6375, 6387, 6392",autobuss,24.2520745,56.4479314
11991,Vaidava,4,"5390, 5397, 6603, 6604",autobuss,25.2854257,57.4296385
11992,Valmiera VTU,15,"5305, 5390, 5397, 6599, 6603, 6604, 6632, 6689, 7145, 7599, 7600, 7743 …",autobuss,25.3641403,57.5201100
11993,Valmiera VTU,13,"5305, 5390, 5397, 6599, 6603, 6604, 6632, 6689, 7145, 7599, 7743, 7744 …",autobuss,25.3668066,57.5208266
11994,Variņi,6,"5333, 5392, 5431, 6505, 6596, 7152",autobuss,26.1704631,57.3211306
11995,Jaunpiebalga 2,2,"5608, 7152",autobuss,26.0319368,57.1776637
11996,Jaunpiebalga 2,2,"5608, 7152",autobuss,26.0309334,57.1776335
11997,Dzirnavkalni,2,"5397, 6604",autobuss,25.2560720,57.4223760
11998,Dzirnavkalni,2,"5390, 6603",autobuss,25.2602530,57.4224620
11999,Brenguļi,9,"5395, 5400, 5404, 5426, 6620, 6623, 7719, 7804, 7817",autobuss,25.5378419,57.5451058
12,A.Pumpura iela,2,"3002, 5238",autobuss,24.5888263,56.8189030
1200,Kangaru stacija,4,"6829, 6830, 6831, 7964",autobuss,24.6120507,56.9408939
12000,Brenguļi,9,"5395, 5404, 5426, 6620, 6623, 7157, 7719, 7804, 7817",autobuss,25.5383744,57.5450909
12001,Trikātas pagrieziens,5,"5400, 5426, 7719, 7804, 7817",autobuss,25.6675040,57.5070374
12004,Vilpulka,1,6608,autobuss,25.2351190,57.9580601
12005,Vilpulka,1,6608,autobuss,25.2351550,57.9580767
12007,2.brigāde,2,"6392, 6403",autobuss,24.4173644,56.6003043
12008,Cempu pagrieziens,8,"6620, 6623, 7164, 7634, 7808, 7818, 7840",autobuss,25.5429022,57.4969479
12009,Cempu pagrieziens,8,"5400, 6620, 7164, 7634, 7808, 7818, 7840",autobuss,25.5422969,57.4967676
1201,Kannenieki,2,"6726, 7258",autobuss,22.5229906,56.7598295
12010,Cempi,7,"5400, 5404, 6620, 6623, 7164, 7808, 7818",autobuss,25.5623767,57.5040569
12011,Mujānu pagrieziens,5,"5405, 5425, 6632, 6663, 6689",autobuss,25.2517515,57.5486423
12012,Mujānu pagrieziens,4,"5405, 5425, 6663, 6689",autobuss,25.2510319,57.5488367
12013,Pīlādži,1,6689,autobuss,25.1092522,57.5724655
12014,Pīlādži,1,6689,autobuss,25.1092397,57.5721087
12015,Dumbrāji,1,6613,autobuss,25.4239997,57.5098272
12016,Skudrītes,5,"5384, 5401, 5441, 6677, 7743",autobuss,25.3642150,57.8859283
12017,Skudrītes,6,"5384, 5401, 5441, 6633, 6677, 7743",autobuss,25.3638914,57.8862802
12018,Teiveni,1,6393,autobuss,24.3443736,56.4105538
12019,Teiveni,1,6393,autobuss,24.3447541,56.4102554
1202,Kannenieki,2,"6726, 7258",autobuss,22.5229977,56.7598369
12020,Zvaigzne,1,6393,autobuss,24.3658727,56.3996044
12021,Zvaigzne,1,6393,autobuss,24.3670432,56.3991373
12022,Vilciņi,1,6393,autobuss,24.3893983,56.3902324
12023,Vilciņi,1,6393,autobuss,24.3894271,56.3898257
12024,Rīkani,1,6393,autobuss,24.4266313,56.3555909
12025,Rīkani,1,6393,autobuss,24.4285892,56.3550863
12026,Jaunsaule,1,6393,autobuss,24.4581776,56.3456543
12027,Jaunsaule,1,6393,autobuss,24.4592603,56.3454923
12028,Saules,1,6393,autobuss,24.5038385,56.3295688
12029,Saules,1,6393,autobuss,24.5042218,56.3292839
12030,Mēmele,1,6393,autobuss,24.5557167,56.3273076
12031,Mēmele,1,6393,autobuss,24.5568062,56.3269368
12032,Krusas,1,6393,autobuss,24.6032262,56.3418936
12033,Krusas,1,6393,autobuss,24.6037663,56.3420502
12034,Putni,1,6393,autobuss,24.6215206,56.3569961
12035,Putni,1,6393,autobuss,24.6216475,56.3577886
12042,Burtnieki,3,"6615, 6622, 6631",autobuss,25.2750140,57.6946265
12044,Valmiermuiža,2,"6615, 6622",autobuss,25.4332327,57.5576497
12045,Valmiermuiža,2,"6615, 6622",autobuss,25.4333891,57.5576411
12046,Līči,1,6393,autobuss,24.3266053,56.4174277
12047,Līči,1,6393,autobuss,24.3282475,56.4168657
12048,Dikļu pils,4,"5405, 5425, 6663, 6689",autobuss,25.1015950,57.5989250
12049,Dikļu pils,4,"5405, 5425, 6663, 6689",autobuss,25.1016810,57.5989970
12050,Sedas pagrieziens,3,"7600, 7601, 7825",autobuss,25.7214006,57.6299604
12051,Sedas pagrieziens,3,"7600, 7601, 7825",autobuss,25.7190643,57.6293906
12052,Oliņu pagrieziens,1,7825,autobuss,25.7876231,57.6231501
12053,Oliņu pagrieziens,2,"7600, 7825",autobuss,25.7865222,57.6231109
12054,Burga,2,"6670, 7819",autobuss,25.9256390,57.7728550
12058,Kalndzirnavas,2,"3, 6614",autobuss,25.9763969,57.7931179
12059,Kalndzirnavas,1,6614,autobuss,25.9763518,57.7931781
12060,Līči,2,"6596, 6611",autobuss,26.0322028,57.4512657
12061,Doriņi,1,6393,autobuss,24.3888775,56.3774308
12062,Doriņi,1,6393,autobuss,24.3888731,56.3773528
12063,Strenču kapi,1,6597,autobuss,25.6819326,57.6365865
12064,Strenču kapi,2,"5427, 6597",autobuss,25.6820830,57.6368761
12066,Rencēnu skola,3,"6500, 6633, 7743",autobuss,25.4284130,57.7329290
12067,Rencēnu skola,3,"6500, 6633, 7743",autobuss,25.4285169,57.7332157
12072,Jandavas,2,"5384, 5441",autobuss,25.5253304,57.8440227
12073,Jandavas,1,5384,autobuss,25.5231816,57.8443247
12074,Sudmalkrogs,1,6393,autobuss,24.4066849,56.3654172
12075,Sudmalkrogs,1,6393,autobuss,24.4078526,56.3640604
12076,Ģibzde,1,6402,autobuss,22.3046444,57.4068880
12077,Dūmi,1,5384,autobuss,25.7657823,57.7893852
12078,Dūmi,1,5384,autobuss,25.7642100,57.7890331
12079,Zvejnieklīcis,1,6938,autobuss,25.6426632,56.5813912
12080,Zvejnieklīcis,1,6938,autobuss,25.6430073,56.5814272
12081,Puļpānkrogs,1,6938,autobuss,25.6901721,56.5944886
12082,Puļpānkrogs,1,6938,autobuss,25.6903367,56.5947107
12083,Līkumi,1,6938,autobuss,25.7259861,56.6096251
12086,Gaigalavas stacija,9,"5142, 6486, 6567, 7632, 7668, 7840, 7979",autobuss,27.1205658,56.7091284
12087,Gaigalavas stacija,9,"5142, 6486, 6567, 7632, 7668, 7840, 7979",autobuss,27.1199625,56.7102148
12088,Silakrogs,2,"6941, 7238",autobuss,25.5683898,56.2477075
12089,Jaunsaules skola,1,6393,autobuss,24.4450530,56.3500124
12090,Jaunsaules skola,1,6393,autobuss,24.4458501,56.3496354
12091,Pienotava,6,"5469, 5470, 6898, 6900, 6976, 7867",autobuss,26.1651480,56.3734625
12092,Rīts,2,"7799, 7852",autobuss,26.1985805,56.2877146
12093,Rīts,2,"7799, 7852",autobuss,26.1982018,56.2878345
12095,Vīpe,3,"5029, 5470, 6932",autobuss,26.0940061,56.4656989
12096,Meža Ratītes,1,6952,autobuss,26.1826418,56.5832542
12097,T/c Oga,2,"6882, 6884",autobuss,26.7104800,56.2987164
12098,Dzirnavas,2,"6882, 6884",autobuss,26.7220139,56.2865515
12099,Jaunsilavas,5,"5469, 5470, 6898, 6900, 6976",autobuss,26.1589140,56.3922590
12101,Pienotava,1,5897,autobuss,25.8415587,56.2549614
12102,Paicvagari,3,"5201, 5649, 6327",autobuss,21.9466362,56.8637344
12103,Paicvagari,2,"5201, 6327",autobuss,21.9471345,56.8630963
12104,Snēpeles pagrieziens,3,"5201, 5649, 6327",autobuss,21.9541813,56.8476336
12105,Snēpeles pagrieziens,2,"5201, 6327",autobuss,21.9540805,56.8477339
12106,Lutriņu skola,4,"6728, 6739, 6740, 6753",autobuss,22.3971242,56.7298034
12108,Laidu pagr.,1,6327,autobuss,21.7862204,56.7502195
12109,Laidu pagr.,1,6327,autobuss,21.7861716,56.7503454
12110,Liepkalni,1,6393,autobuss,24.5776398,56.3244548
12111,Liepkalni,1,6393,autobuss,24.5783280,56.3246739
12112,Sigulda,3,"6251, 6321, 6876",autobuss,24.8576516,57.1461469
12113,Skujetnieki,1,6002,autobuss,27.1629204,56.9156702
12114,Skujetnieki,1,6002,autobuss,27.1630728,56.9155910
12115,Arodskola,1,5011,autobuss,22.0535365,56.6527182
12116,Arodskola,1,5011,autobuss,22.0525385,56.6523477
12117,Vībiņi,2,"6700, 6817",autobuss,21.8928094,56.4879113
12118,Sermīte,1,6327,autobuss,21.7821589,56.7333294
12119,Sermīte,1,6327,autobuss,21.7820621,56.7331645
12120,Azanda,1,6010,autobuss,26.2213642,57.1735741
12121,Krevi,2,"6962, 7439",autobuss,26.8476141,56.3628749
12122,Krevi,2,"6962, 7439",autobuss,26.8474384,56.3628614
12124,Priede,3,"6734, 6741, 6743",autobuss,22.5684836,56.6760831
12125,Priede,3,"6734, 6741, 6743",autobuss,22.5688769,56.6756894
12126,Zaļā iela,3,"6734, 6741, 6743",autobuss,22.5709906,56.6647645
12127,Zaļā iela,3,"6734, 6741, 6743",autobuss,22.5708230,56.6647994
12128,Letes,1,6015,autobuss,26.8472972,57.3012449
12129,Breilēni,1,6393,autobuss,24.5896206,56.3346875
12130,Breilēni,1,6393,autobuss,24.5900855,56.3349352
12132,Jaunmuiža,3,"6739, 6740, 7260",autobuss,22.4026506,56.8285287
12133,Jaunlutriņi,3,"6739, 6740, 7260",autobuss,22.3772312,56.8222593
12134,Jaunlutriņi,3,"6739, 6740, 7260",autobuss,22.3771853,56.8224834
12135,Zutēnu pagrieziens,1,6739,autobuss,22.3829794,56.8619156
12136,Zutēnu pagrieziens,1,6739,autobuss,22.3829177,56.8619909
12137,Lēnas pagrieziens,1,6337,autobuss,21.9802883,56.6244182
12138,Lēnas pagrieziens,1,6337,autobuss,21.9806541,56.6248280
12139,Zemgaļi,1,6337,autobuss,21.9114904,56.6013913
12141,Zemgaļi,1,6337,autobuss,21.9116456,56.6015305
12142,Rēzeknes iela,1,6014,autobuss,26.7665591,57.1600360
12143,Rēzeknes iela,1,6014,autobuss,26.7662701,57.1602704
12144,Smiltnieki,1,5011,autobuss,22.0537927,56.6440836
12145,Smiltnieki,1,5011,autobuss,22.0537241,56.6433652
12148,Graudiņi,2,"5211, 6307",autobuss,21.8089563,56.9345115
12149,Graudiņi,3,"5211, 5212, 6307",autobuss,21.8091218,56.9346251
12150,Vilgāles pagrieziens,3,"5211, 5212, 6307",autobuss,21.7760403,56.9245201
12151,Vilgāles pagrieziens,2,"5211, 6307",autobuss,21.7760269,56.9244910
12152,Basu pienotava,1,6307,autobuss,21.7098784,56.9015394
12153,Basu pienotava,1,6307,autobuss,21.7096778,56.9015909
12154,Strēlnieki,1,6307,autobuss,21.6197469,56.9024738
12155,Strēlnieki,1,6307,autobuss,21.6203254,56.9031629
12156,Vārpa,1,6307,autobuss,21.5962409,56.8703488
12157,Kalnumuiža,1,6393,autobuss,24.6173345,56.3490351
12158,Kalnumuiža,1,6393,autobuss,24.6180214,56.3494451
12159,Raudavka,4,"6886, 6928, 7044, 7893",autobuss,26.7195660,56.2137373
12160,Raudavka,4,"6886, 6928, 7044, 7893",autobuss,26.7186185,56.2134607
12161,Slimnīca,1,6025,autobuss,26.7603908,57.1581694
12162,Stiklēri,3,"5469, 5470, 6976",autobuss,26.2717380,56.5166000
12164,Karjers,1,6742,autobuss,22.4249013,56.6435774
12165,Karjers,1,6742,autobuss,22.4241159,56.6436714
12166,Ozoliņi,1,6742,autobuss,22.3778606,56.6221921
12167,Ozoliņi,1,6742,autobuss,22.3776899,56.6216856
12168,Latvijas Lietuvas robeža,1,6818,autobuss,21.1226604,56.0808560
12169,Ceļu satiksmes drošības direkcija,1,6884,autobuss,26.7068259,56.3030665
1217,Palsmanes kapi,1,6611,autobuss,26.2004149,57.4172097
12170,Jaunmuiža,1,5011,autobuss,22.0706045,56.6167944
12171,Jaunmuiža,1,5011,autobuss,22.0720142,56.6164417
12172,Striķu skola,1,6747,autobuss,22.5207616,56.6051748
12173,Kurzeme,1,6306,autobuss,22.0480969,56.6840581
1218,Palsmanes kapi,1,6611,autobuss,26.2003571,57.4176911
12181,Zeltkalni,2,"6304, 7938",autobuss,22.0676357,56.9637306
12182,Zeltkalni,3,"6304, 7512, 7938",autobuss,22.0662022,56.9643188
12187,2.vidusskola,8,"5225, 5336, 6307, 6419, 7269, 7401, 7410, 7938",autobuss,21.9819940,56.9629384
12188,2.vidusskola,8,"5012, 5225, 5336, 6307, 7269, 7401, 7410, 7938",autobuss,21.9819473,56.9627867
12189,Reibāni,1,7692,autobuss,26.9306726,57.0030355
1219,Ogres kapi,6,"3014, 5009, 5996, 6095, 6139, 7228",autobuss,24.6361650,56.8250658
12190,Reibāni,1,7692,autobuss,26.9307532,57.0030440
12201,Amatniecības skola,2,"5051, 6477",autobuss,27.2451672,57.1381914
12202,Amatniecības skola,2,"5051, 6477",autobuss,27.2451249,57.1383629
12203,Gobas,1,5011,autobuss,22.1073261,56.6072618
12204,Gobas,1,5011,autobuss,22.1080351,56.6066415
12206,Damberģi,1,6443,autobuss,27.5318796,56.9556020
12207,Damberģi,1,6443,autobuss,27.5317978,56.9555589
12208,Aususala,2,"5430, 6443",autobuss,27.5097911,56.9464169
12209,Aususala,2,"5430, 6443",autobuss,27.5093271,56.9465248
12210,Lejas priede,1,6443,autobuss,27.5362194,56.9219641
12211,Lejas priede,1,6443,autobuss,27.5360294,56.9222912
12214,Ezeres pagrieziens,1,6744,autobuss,22.2672723,56.4966647
12215,Ezeres pagrieziens,1,6744,autobuss,22.2673724,56.4967343
12216,Zaņas skola,2,"6744, 7252",autobuss,22.2121739,56.4674988
12217,Zaņas skola,1,6744,autobuss,22.2113030,56.4674531
12218,Virši,2,"6744, 7252",autobuss,22.0996828,56.4690990
12219,Siguldas AO,19,"3111, 3112, 3113, 3117, 5087, 5591, 5607, 5612, 6251, 6255, 6261, 6321 …",autobuss,24.8546498,57.1535089
12220,Starodvorje,1,6961,autobuss,27.0989750,56.1522750
12224,Apsāni,1,5564,autobuss,26.9382949,56.2114032
12225,Kategrāde,1,5564,autobuss,26.9158303,56.2389020
12226,Firsova,1,5564,autobuss,26.9037483,56.2320923
12229,Gāršas pagrieziens,1,6472,autobuss,27.7364094,57.2774275
12230,Gāršas pagrieziens,1,6472,autobuss,27.7364501,57.2775055
12231,Černova,1,6472,autobuss,27.7484408,57.2988095
12232,Černova,1,6472,autobuss,27.7484891,57.2988730
12233,Gauja,6,"5605, 6250, 6271, 6280, 6283, 6491",autobuss,25.2199123,57.3185091
12234,Graudiņi,2,"5952, 6870",autobuss,21.5309687,56.5324967
12235,Sēja,2,"6642, 6724",autobuss,24.5944021,57.2002073
12236,Sēja,2,"6642, 6724",autobuss,24.5948512,57.2000957
12237,Vecmuižnieki,3,"5019, 6292, 6642",autobuss,24.5035459,57.2506872
12238,Inčukalna stacija,2,"6255, 6642",autobuss,24.6873405,57.0970355
12239,Saulkrastu stacija,17,"5018, 5019, 5450, 5452, 5455, 5456, 5457, 5458, 5460, 5462, 5468, 6292 …",autobuss,24.4255063,57.2688093
12240,Grīvas,1,6429,autobuss,25.7854119,56.7691573
12241,Ķīšupe,1,5018,autobuss,24.4591944,57.2820425
12242,Korģene,1,6684,autobuss,24.5377627,57.7694399
12243,Korģene,1,6684,autobuss,24.5371653,57.7697346
12245,Gobas,1,5296,autobuss,23.1781480,56.7834179
12247,Rūkas,2,"5178, 6664",autobuss,24.5730310,57.6233401
12248,Rūkas,2,"5178, 6664",autobuss,24.5723788,57.6238292
12249,Avotkalni,1,6667,autobuss,24.4478761,57.7154148
12250,Kuikules skola,1,6667,autobuss,24.5092387,57.7164161
12251,Rūstuži,1,6667,autobuss,24.5919576,57.5657114
12252,Rūstuži,1,6667,autobuss,24.5923683,57.5662931
12253,Brežģis,10,"6241, 6635, 7147, 7177, 7662, 7710, 7749, 7761, 7799, 7968",autobuss,25.6927800,57.1124209
12254,Brežģis,10,"6241, 6635, 7147, 7177, 7662, 7664, 7710, 7749, 7799, 7968",autobuss,25.6912321,57.1129834
12255,Nurmiži,1,5607,autobuss,24.9473950,57.1997220
12257,Pagrieziens uz Tūju,4,"5455, 5460, 7514, 7516",autobuss,24.4314481,57.4934371
12258,Pagrieziens uz Tūju,4,"5460, 6656, 7514, 7778",autobuss,24.4310827,57.4980580
12259,Ausmas,1,7175,autobuss,24.7070416,57.4211049
12260,Mandegas,3,"5450, 5452, 5458",autobuss,24.4930650,57.3305617
12261,Mandegas,3,"5450, 5452, 5456",autobuss,24.4923869,57.3303939
12262,Ērgļi,10,"5981, 6343, 6353, 6365, 6517, 6996, 7147, 7702, 7799, 7964",autobuss,25.6375936,56.8971101
12263,Kāravi,1,6387,autobuss,24.4214612,56.5376908
12265,Vārzas,2,"5468, K7179",autobuss,24.4025226,57.3827327
12266,Lejasozoli,2,"5450, 5458",autobuss,24.5588426,57.3486977
12267,Lejasozoli,1,5450,autobuss,24.5571616,57.3489746
12268,Rabākas,10,"5067, 6241, 6612, 6635, 7147, 7177, 7624, 7662, 7664, 7968",autobuss,25.5432891,57.2545552
12269,Garkalne 2,2,"6255, 6826",autobuss,24.4339010,57.0508480
12270,Garkalne 2,2,"6255, 6826",autobuss,24.4337640,57.0507630
12271,Orlova,1,6437,autobuss,27.4745299,57.0340106
12272,Orlova,1,6437,autobuss,27.4747341,57.0340518
12273,Vanagi,1,7748,autobuss,25.0445960,57.0180840
12275,Liepupe,2,"5455, 7807",autobuss,24.4631733,57.4672676
12276,Liepupe,3,"5455, 5457, 7514",autobuss,24.4616641,57.4681543
12277,Liepupes pagasta padome,5,"5455, 5457, 5460, 7514, 7516",autobuss,24.4298554,57.4351924
12278,Liepupes pagasta padome,5,"5455, 5460, 7514, 7516, 7807",autobuss,24.4300980,57.4370785
12279,Līči,4,"6829, 6830, 6831, 7964",autobuss,24.3617898,56.9469324
1228,Karjers,1,6038,autobuss,22.9420806,56.9592853
12280,Līči,5,"6251, 6829, 6830, 6831, 7964",autobuss,24.3627949,56.9466457
12281,Pagrieziens uz Tīnūžiem,1,6831,autobuss,24.6261509,56.9341704
12282,Vāverkrogs,1,7964,autobuss,24.6715498,56.9249548
12283,Vāverkrogs,1,7964,autobuss,24.6726222,56.9248022
12284,Līčupes,3,"6829, 6830, 6831",autobuss,24.5032421,56.9658761
12285,Līčupes,3,"6829, 6830, 6831",autobuss,24.5065283,56.9648247
12286,Pāvulēni,2,"7229, 7964",autobuss,25.5011600,56.9040835
12287,Lapsas,2,"5453, 5454",autobuss,24.8882990,57.3295862
12288,Lapsas,2,"5453, 5454",autobuss,24.8863597,57.3299163
12289,Krustiņi,2,"5453, 5454",autobuss,24.8209153,57.3243999
1229,Karjers,1,6038,autobuss,22.9410301,56.9597873
12290,Krustiņi,2,"5453, 5454",autobuss,24.8193664,57.3246988
12291,Baļucki,5,"5136, 6490, 6537, 6571, 7439",autobuss,27.1263824,56.3787837
12292,Baļucki,5,"5136, 6490, 6537, 6571, 7439",autobuss,27.1269969,56.3784021
12293,Sanatorija Rāzna,2,"6482, 6565",autobuss,27.3069415,56.3295733
12294,Ivuški,1,6562,autobuss,27.3583096,56.4033872
12295,Ivuški,2,"6562, 6565",autobuss,27.3577321,56.4033040
12296,Palasta iela,2,"3005, 3010",autobuss,25.2639708,57.3091494
12297,Pļešaunieki,4,"5628, 5759, 6436, 6535",autobuss,27.3171481,56.6096428
12298,Pļešaunieki,4,"5628, 5759, 6436, 6535",autobuss,27.3174019,56.6102370
12299,Ķipļuki,5,"5628, 5759, 6436, 6535, 7448",autobuss,27.3076133,56.6269728
12300,Ķipļuki,5,"5628, 5759, 6436, 6535, 7448",autobuss,27.3074707,56.6274922
12301,Čakši,2,"5759, 6436",autobuss,27.3454383,56.6474710
12302,Čakši,2,"5759, 6436",autobuss,27.3465895,56.6475511
12303,Ciģeļņa,3,"6547, 6548, 6549",autobuss,27.4875426,56.4525747
12304,Ciģeļņa,3,"6547, 6548, 6549",autobuss,27.4875395,56.4518407
12305,Diogi,4,"5626, 6436, 6535, 7448",autobuss,27.3336415,56.5786201
12309,Rikava,1,6486,autobuss,27.0435811,56.6208302
12310,Rikava,1,6486,autobuss,27.0425318,56.6205333
12313,Garanči,2,"6486, 6567",autobuss,27.0228932,56.6895827
12314,Rudzāti,2,"6547, 6549",autobuss,27.6026449,56.3847389
12315,Rudzāti,2,"6547, 6549",autobuss,27.6026272,56.3849824
12316,Davidovka,1,6564,autobuss,27.1671966,56.6088156
12317,Dundi,1,6564,autobuss,27.1385661,56.5893593
12318,Aizupe,3,"5740, 6037, 6039",autobuss,22.5835761,56.9357588
12319,Vecpils,1,6178,autobuss,26.7434529,55.9190795
12320,Vecpils,1,6178,autobuss,26.7432044,55.9191866
12321,Vidusskola,1,6043,autobuss,23.0046489,56.7339601
12323,Mazbērstele,3,"5177, 6383, 6459",autobuss,23.9932440,56.3557503
12324,Konopecka,1,6178,autobuss,26.8385350,55.9135064
12325,Konopecka,1,6178,autobuss,26.8371518,55.9137970
12327,Vecmuižnieki,1,7328,autobuss,22.6995252,56.8595962
12328,Vecmuižnieki,1,7328,autobuss,22.6995252,56.8593962
12329,Struteles pagrieziens,1,6066,autobuss,22.8746431,56.8058120
12330,Struteles pagrieziens,1,6035,autobuss,22.8773300,56.8064723
12331,Diļeviči,1,6178,autobuss,26.7914233,55.9148394
12332,Diļeviči,1,6178,autobuss,26.7912327,55.9149121
12333,Ļesovšžizna,1,6178,autobuss,26.7722197,55.9130900
12334,Ļesovšžizna,1,6178,autobuss,26.7716930,55.9130274
12335,Dzintarzeme,4,"5296, 5298, 6052, 6076",autobuss,23.3487029,56.8122362
12336,Dzintarzeme,4,"5296, 5298, 6052, 6076",autobuss,23.3485967,56.8122836
12337,Baltiņi,4,"5296, 5298, 6052, 6076",autobuss,23.3229888,56.8060580
12338,Rūtenas,4,"5296, 5298, 6052, 6076",autobuss,23.2786808,56.7982807
12340,Džūkste,5,"5296, 5297, 5298, 6052, 6076",autobuss,23.2450874,56.7892085
12342,Mazbērstele,3,"5177, 6383, 6459",autobuss,23.9902095,56.3552817
12344,Židino ciems,1,6178,autobuss,26.8946287,55.9235200
12345,Židino ciems,1,6178,autobuss,26.8945472,55.9232869
12346,Raudas pagrieziens,9,"5161, 5167, 5168, 5179, 5543, 6034, 6046, 6047, 6063",autobuss,23.1476736,56.9971965
12347,Raudas pagrieziens,8,"5167, 5168, 5179, 5543, 6034, 6046, 6047, 6063",autobuss,23.1473034,56.9981570
12348,Valgums,1,6061,autobuss,23.2799051,56.9835473
12349,Valgums,1,6061,autobuss,23.2800291,56.9833132
12351,Smārdes stacija,1,6061,autobuss,23.3380685,56.9549550
12353,Smārde,1,6061,autobuss,23.3351671,56.9512259
12355,Kalēji,1,6061,autobuss,23.2903136,56.9514367
12356,Milzkalnes stacija,1,6061,autobuss,23.2268173,56.9662778
12357,Milzkalnes stacija,1,6061,autobuss,23.2223839,56.9668564
12358,Jaunzemji,2,"5297, 6052",autobuss,23.2795389,56.7779057
12359,Pēteru pagrieziens,1,6052,autobuss,23.2933832,56.7590562
12360,Pēteru pagrieziens,2,"5297, 6052",autobuss,23.2885788,56.7574276
12361,Kandavas vidusskola,5,"5183, 5184, 5740, 5741, 6056",autobuss,22.7683871,57.0355749
12362,Gaidas,1,5296,autobuss,23.1978207,56.7828060
12363,Oglaine,2,"5662, 6764",autobuss,23.8266957,56.4923046
12365,Dudas,5,"5194, 5436, 5444, 5445, 7668",autobuss,27.0445950,57.3924299
12366,Dudas,6,"5194, 5436, 5444, 5445, 6696, 7668",autobuss,27.0451428,57.3926744
12367,Sauleskalns,1,5194,autobuss,26.9734861,57.3251806
12368,Sauleskalns,1,5194,autobuss,26.9735887,57.3250622
12369,Māriņkalns,6,"6691, 6695, 6705, 6707, 7653, 7905",autobuss,26.9762147,57.4879008
12370,Māriņkalns,6,"6691, 6695, 6705, 6707, 7653, 7905",autobuss,26.9758812,57.4879667
12371,Jaunanna,5,"5444, 5445, 6696, 7668",autobuss,27.0692297,57.2817417
12372,Bērnudārzs,1,5183,autobuss,22.7752654,57.0421407
12373,Stuborova,3,"5189, 5434, 6697",autobuss,27.4051669,57.5155211
12374,Stuborova,3,"5189, 5434, 6697",autobuss,27.4052629,57.5155629
12375,Svētvalde,1,5515,autobuss,23.6291164,56.6938092
12376,Svētvalde,1,5515,autobuss,23.6293789,56.6939082
12377,Jaundobeļi,1,5515,autobuss,23.6424705,56.7066951
12378,Jaundobeļi,1,5515,autobuss,23.6427519,56.7070067
12379,Lakāji,1,5515,autobuss,23.6403726,56.7171346
1238,Kartona fabrika,8,"5414, 5995, 6090, 6091, 6110, 6126, 7229, 7788",autobuss,24.6452755,56.8137917
12380,Lakāji,1,5515,autobuss,23.6405602,56.7171763
12381,Upmaļu pagrieziens,1,5515,autobuss,23.6454485,56.7297657
12382,Upmaļu pagrieziens,1,5515,autobuss,23.6454935,56.7301163
12383,Jaunciema kapi,1,5515,autobuss,23.6402504,56.7498461
12384,Jaunciema kapi,1,5515,autobuss,23.6404737,56.7499991
12385,Krasta iela 14,1,5515,autobuss,23.6406279,56.7592853
12386,Krasta iela 14,1,5515,autobuss,23.6408433,56.7596377
12387,Krastiņi,1,5515,autobuss,23.6377027,56.7739859
12388,Krastiņi,2,"5515, 6752",autobuss,23.6382082,56.7734004
12389,Jaseņeci,1,6704,autobuss,27.5433725,57.5045894
1239,Kartona fabrika,10,"5414, 5995, 6067, 6090, 6091, 6110, 6208, 7227, 7229, 7788",autobuss,24.6460320,56.8138233
12390,Jaseņeci,1,6704,autobuss,27.5435469,57.5046193
12391,Bērzpils,2,"5034, 5139",autobuss,24.0390396,56.8399838
12393,Šļukums,1,6705,autobuss,27.0478634,57.4897533
12394,Skaistas stacija,2,"6213, 7554",autobuss,27.3138477,55.9193507
12395,Skaistas stacija,3,"6213, 7554, 7560",autobuss,27.3137167,55.9193034
12396,Naujenes pagrieziens,7,"5508, 6172, 6178, 7543, 7554, 7555, 7560",autobuss,26.7443200,55.9293980
12401,Zaļesje,1,5634,autobuss,28.1398129,56.3390424
12402,Zaļesje,1,5634,autobuss,28.1398005,56.3385453
12403,Pasiene,1,5634,autobuss,28.1578636,56.2897734
12404,Pasiene,1,5634,autobuss,28.1578896,56.2892875
12405,Izvaltas stacijas pagrieziens,6,"5508, 6178, 7543, 7554, 7555, 7560",autobuss,26.9340724,55.9291870
12406,Izvaltas stacijas pagrieziens,5,"5508, 6178, 7543, 7554, 7555",autobuss,26.9354594,55.9291391
12408,Ozoliņi,4,"6213, 6226, 6362, 7554",autobuss,27.5115374,56.0877678
12409,Ozoliņi,5,"5507, 6213, 6226, 6362, 7554",autobuss,27.5119902,56.0877997
12410,Salaspils (Briežu iela),1,K6317,autobuss,24.3830762,56.8578161
12411,Lupandi 1,2,"6296, 7555",autobuss,27.5464056,55.8075878
12412,Lupandi 1,2,"6296, 7555",autobuss,27.5473649,55.8074699
12413,Vaitjuļevo,1,7555,autobuss,27.5496914,55.8539354
12414,Vaitjuļevo,1,7555,autobuss,27.5515714,55.8530996
12415,Indra,2,"6144, 7555",autobuss,27.5365922,55.8769097
12416,Dauksnas,1,5368,autobuss,24.0255162,56.5573080
12417,Dauksnas,1,5368,autobuss,24.0250933,56.5573424
12418,Emburgas pagrieziens,1,5368,autobuss,24.1646170,56.5908490
12419,Emburgas pagrieziens,1,5368,autobuss,24.1646720,56.5907210
12420,Zālītes centrs,3,"7357, 7365",autobuss,24.0815690,56.6163580
12421,Zālītes centrs,3,"7357, 7365",autobuss,24.0824588,56.6162324
12422,Izvaltas stacija,1,5508,autobuss,26.9344627,55.9404305
12424,Izvaltas stacija,2,"5508, 6178",autobuss,26.9341925,55.9405746
12425,Hmeļņicki,1,5508,autobuss,26.9764911,55.9424244
12426,Mičurina,2,"5508, 6215",autobuss,27.0600299,56.0648720
12427,Mārupe,2,"5433, 5435",autobuss,24.0459456,56.8957304
12429,Gārsenes pagrieziens,1,5505,autobuss,25.8388355,56.1135302
12430,Gārsenes pagrieziens,1,5505,autobuss,25.8384497,56.1135827
12435,Robežnieki,1,5183,autobuss,22.7533894,57.0471706
12436,Grāviņi,7,"5326, 5503, 5506, 6159, 6175, 6184, 7560",autobuss,26.7299360,56.0552850
12437,Grāviņi,5,"5326, 5503, 5506, 6159, 6175",autobuss,26.7295470,56.0532920
12438,Vīksnas,1,6383,autobuss,23.9140990,56.3716932
12441,Ropaži,6,"5416, 6251, 6829, 6830, 6831, 7964",autobuss,24.6334405,56.9750181
12442,Cekule,2,"5530, 6835",autobuss,24.4087980,56.9238790
12444,Juglas iecirknis,2,"6830, 7964",autobuss,24.7097079,56.9584209
12445,Martuzāni,5,"7448, 7451, 7464, 7669",autobuss,27.6120367,56.7252914
12446,Martuzāni,5,"7448, 7449, 7451, 7464, 7669",autobuss,27.6123263,56.7256801
12447,Kākciems,2,"5416, 6831",autobuss,24.5939487,56.9150072
12448,Mazā Mediševa,1,6572,autobuss,27.8384675,56.6166888
12449,Mazā Mediševa,1,6572,autobuss,27.8387750,56.6168965
12451,Kadaga,3,"6821, 6842, 6855",autobuss,24.3673753,57.0950947
12452,Babrova,1,5265,autobuss,27.9768906,56.5463609
12453,Babrova,1,5265,autobuss,27.9766817,56.5464272
12454,Krivanda,1,5265,autobuss,28.0442166,56.5434242
12455,Krivanda,1,5265,autobuss,28.0441965,56.5434669
12456,Cits mežaparks,2,"6821, 6842",autobuss,24.3453942,57.0984664
12457,Kārsavas stacija,1,7448,autobuss,27.6947473,56.8150244
12458,Ulbroka,4,"5836, 6827, 6829, 7227",autobuss,24.2922496,56.9405497
12459,Ulbroka,4,"5836, 6827, 6829, 7227",autobuss,24.2922357,56.9403099
12460,Tekstilnieks,1,6991,autobuss,24.1865596,56.7217599
12461,Zarja,1,6590,autobuss,27.6812364,56.4736313
12462,Zarja,1,6590,autobuss,27.6811530,56.4736480
12463,Medemciems,1,5173,autobuss,24.0892011,56.8593706
12464,Lāči,1,5616,autobuss,23.8029933,56.8791448
12465,Dekteri,2,"5137, 6535",autobuss,27.4564584,56.7426754
12466,Dekteri,2,"5137, 6535",autobuss,27.4562345,56.7425795
12467,Eipļi,1,6590,autobuss,27.6805314,56.4987981
12468,Eipļi,1,6590,autobuss,27.6799778,56.4985969
12469,Runtorta,2,"5635, 6590",autobuss,27.6881561,56.5246125
12471,Salaspils skola,3,"5777, 5835, K6317",autobuss,24.3361878,56.8535250
12472,Valgunde,3,"5515, 5516, 6752",autobuss,23.6813269,56.7479199
12474,Ķoderes,1,7964,autobuss,24.7806711,56.9055754
12475,Ķoderes,1,7964,autobuss,24.7807146,56.9054311
12476,Meteo stacija,17,"3162, 3163, 6330, 6338, 6339, 6344, 6507, 6716, 6722, 6749, 6866, 6997 …",autobuss,26.2405878,56.8416453
12477,Meteo stacija,16,"3162, 3163, 6338, 6339, 6344, 6507, 6716, 6722, 6749, 6866, 6997, 6999 …",autobuss,26.2409120,56.8417240
12479,Prauliena,8,"6330, 6338, 6339, 6722, 6749, 6866, 6997, 6999",autobuss,26.3011356,56.8240611
1248,Katoļu baznīca,6,"5250, 6119, 6125, 6135, 6138, 6142",autobuss,25.2651173,56.5994102
12480,Degļi,2,"6338, 6999",autobuss,26.3405352,56.7057897
12482,Kukšas,1,6038,autobuss,22.8564967,56.9796773
12483,Kukšas,1,6038,autobuss,22.8577904,56.9800698
12484,Sautiņi,1,6038,autobuss,22.8886478,56.9423236
12488,Jaunķemeri (Kūrorta RC),2,"7018, 7020",autobuss,23.5621416,56.9701486
1249,Katoļu baznīca,7,"5250, 6096, 6119, 6125, 6135, 6138, 6142",autobuss,25.2644433,56.5994802
12490,Kapsēdes skola,5,"5016, 5124, 6300, 6768, 7699",autobuss,21.1333932,56.5962314
12491,Kapsēdes skola,5,"5016, 5124, 6300, 6768, 7699",autobuss,21.1330833,56.5956674
12492,Mālkalnu pagrieziens,5,"6357, 7693, 7702, 7850, 7989",autobuss,25.8086285,56.6175248
12493,Kaibala,1,7693,autobuss,24.8819215,56.7014783
12494,Kaibala,2,"7693, 7992",autobuss,24.8826774,56.7009977
12495,Biržjāņi,1,6038,autobuss,23.0215948,56.9603283
12496,Kūdra,1,6045,autobuss,23.1230680,56.9573691
12497,Kūdra,1,6045,autobuss,23.1209387,56.9561286
12498,Vīksnas,1,6383,autobuss,23.9143982,56.3724804
1250,Katoļu baznīca,7,"5078, 5178, 5460, 6667, 6684, 7514, 7778",autobuss,24.3580931,57.7504785
12500,Murovanka,1,6200,autobuss,26.1089589,56.0232388
12501,Murovanka,1,6200,autobuss,26.1085168,56.0238495
12502,Jačūnas,2,"5662, 6764",autobuss,23.8935203,56.4755493
12506,Nīcas centrs,5,"5112, 6785, 6818, 6820, 6909",autobuss,21.0642819,56.3447344
12507,Ignāti,1,6785,autobuss,21.1559721,56.3213613
12508,Liepieni,1,6785,autobuss,21.2335816,56.3176029
12509,Gērķi,1,6723,autobuss,25.9651984,56.7084399
1251,Katoļu baznīca,8,"5078, 5178, 5460, 6667, 6684, 7514, 7778, 7806",autobuss,24.3582154,57.7511014
12510,Gērķi,1,6723,autobuss,25.9652356,56.7084278
12511,Rāvi,1,6045,autobuss,22.8598698,56.8447047
12512,Rāvi,1,6045,autobuss,22.8609653,56.8453003
12513,Jaundziras,1,6045,autobuss,22.7340652,56.8721622
12514,Jaundziras,1,6045,autobuss,22.7356019,56.8725740
12515,Strautnieki,1,6045,autobuss,22.7071995,56.8452640
12516,Strautnieki,1,6045,autobuss,22.7062776,56.8462928
12519,Kursa,4,"6768, 7016, 7699",autobuss,21.2229173,56.8789494
12520,Pāvilosta,4,"6768, 7016, 7699",autobuss,21.1787211,56.8881798
12521,Virzas,3,"5340, 5350, 5365",autobuss,21.4562186,56.4515085
12523,Igauņi,1,6383,autobuss,23.9141526,56.3630494
12524,Durbes centrs,4,"6801, 6870, 6910, 6916",autobuss,21.3699989,56.5892141
12527,Igauņi,1,6383,autobuss,23.9140011,56.3636178
12528,Virsīte,1,6383,autobuss,23.9153482,56.3451716
12531,Pipari,1,6011,autobuss,22.4007091,57.5027613
12533,Oste,1,5999,autobuss,22.2747752,57.5647146
12534,Oste,1,5999,autobuss,22.2751015,57.5645413
12535,Slītere,1,6001,autobuss,22.2853960,57.6182130
12536,Slītere,1,6001,autobuss,22.2856123,57.6182764
12537,Neveja,2,"5999, 6001",autobuss,22.3004201,57.5848688
12538,Neveja,2,"5999, 6001",autobuss,22.3003219,57.5858379
12539,Sabdagas,1,6000,autobuss,22.3221065,57.4701415
12540,Liepāja (Ķempes iela),2,"7937, K7937",autobuss,21.0260930,56.4820220
12541,Liepāja (Kuršu iela),1,5124,autobuss,21.0077467,56.5019922
12542,Krustojums,2,"6904, 6912",autobuss,21.0874090,56.5356270
12543,Skujiņas,2,"5301, 6904",autobuss,21.1841250,56.4874350
12544,Dubeņi,2,"5301, 6904",autobuss,21.2011040,56.4777511
12545,Krūziņi,3,"5121, 5122, 5316",autobuss,22.6028451,57.1475058
12546,Ventspils iela,2,"6904, 6912",autobuss,21.1567900,56.5387600
12547,Bērziņi,1,6233,autobuss,27.8762440,56.0954744
12548,Bērziņi,1,6225,autobuss,27.8764124,56.0949641
12549,Šiškova,1,6182,autobuss,26.2996408,55.8895965
12550,Pilskalns,1,6912,autobuss,21.1628990,56.5351780
12552,Grobiņas centrs,1,6912,autobuss,21.1689950,56.5352060
12553,Grobiņa (Zirgu iela),1,6912,autobuss,21.1887150,56.5345860
12555,Bites,2,"6141, 6429",autobuss,25.7404424,56.7731256
12556,Klubs,2,"3162, 3163",autobuss,26.2445445,56.8317989
12557,Klubs,2,"3162, 3163",autobuss,26.2441474,56.8321680
12558,Ruļļi,1,3163,autobuss,26.1854193,56.8456193
12560,Virsīte,1,6383,autobuss,23.9164259,56.3450303
12561,Loškas,1,7992,autobuss,26.4585934,56.5214595
12562,Krivošējeva,2,"5575, 6172",autobuss,26.8184681,55.9747248
12563,Krivošējeva,2,"5575, 6172",autobuss,26.8201625,55.9746231
12564,Lielie Krivini,1,5508,autobuss,26.8239747,55.9438287
12566,Mērnieki,1,6175,autobuss,26.8692837,56.1132142
12567,Mērnieki,1,6175,autobuss,26.8698992,56.1134107
12568,Doļnaja,1,6203,autobuss,26.3016987,56.0078548
12570,Purvabērzi,1,5430,autobuss,27.3478762,56.9711533
12571,Vīksniņi,3,"5047, 5430, 6488",autobuss,27.3393783,56.9872310
12572,Vīksniņi,3,"5047, 5430, 6488",autobuss,27.3397602,56.9870969
12573,Bērnunams,8,"5508, 5573, 5575, 6172, 6178, 7543, 7554, 7560",autobuss,26.6496782,55.9052584
12574,Bērnunams,8,"5508, 5572, 5573, 5575, 6172, 6178, 7543, 7554",autobuss,26.6501872,55.9054532
12575,Internātskola,3,"5350, 6700, 6817",autobuss,21.8725958,56.4341302
12576,Krutova,2,"5430, 6437",autobuss,27.4221821,56.9835718
12577,Krutova,2,"5430, 6437",autobuss,27.4221433,56.9834402
12579,Voitišķi,1,6167,autobuss,26.6965549,55.7953168
12580,Voitišķi,1,6167,autobuss,26.6964516,55.7955764
12581,Vecsaules skola,4,"6394, 6399, 6404, 6457",autobuss,24.3517923,56.4326487
12582,Vecsaules skola,5,"6394, 6399, 6400, 6404, 6457",autobuss,24.3507242,56.4324898
12583,Sborka,1,6187,autobuss,26.7000580,55.8388880
12586,Papuļi,1,6190,autobuss,26.4567699,55.7393465
12587,Papuļi,1,6190,autobuss,26.4579095,55.7390428
12588,Mūzikas skola,9,"5009, 5414, 5995, 6091, 6110, 6126, 6139, 6208, 7228",autobuss,24.6098058,56.8191228
12589,Jaunogres stacija,5,"6067, 6090, 6091, 6110, 7788",autobuss,24.5823679,56.8231690
12590,Kultūras nams,9,"3014, 5996, 6067, 6089, 6090, 6091, 6095, 6110, 7229",autobuss,24.6031010,56.8158937
12591,Līguti,2,"5968, 6910",autobuss,21.3656279,56.6069865
12593,Kokneses stacija,10,"5981, 5982, 6096, 6102, 6103, 6113, 6142, 6146, 6425, 7198",autobuss,25.4397868,56.6506308
12594,Bratanišķi,1,6190,autobuss,26.4783392,55.7403574
12595,Mēness iela,6,"5250, 6119, 6125, 6135, 6138, 6142",autobuss,25.2670023,56.6018018
12596,Mēness iela,7,"5250, 6096, 6119, 6125, 6135, 6138, 6142",autobuss,25.2667164,56.6012446
12599,Tīraine,2,"5034, 5139",autobuss,24.0694111,56.8831157
126,Ārdava,2,"6926, 6928",autobuss,26.8297349,56.1416046
12600,Tīraine,2,"5034, 5139",autobuss,24.0688866,56.8824778
12601,Nabe,1,6662,autobuss,24.6625823,57.4299272
12602,Loškas,1,7992,autobuss,26.4617760,56.5215503
12605,Buividas,1,5001,autobuss,25.2968395,56.1781565
12606,Viburi,1,6383,autobuss,23.9491494,56.3470856
12607,Mičūnes,1,6129,autobuss,25.1787992,56.2391960
12608,Mičūnes,1,6129,autobuss,25.1786868,56.2392386
12609,Vārnavas pagrieziens,2,"6891, 7238",autobuss,25.5364447,56.3835085
1261,Jūrmalas Valsts ģimnāzija,2,"7020, 7023",autobuss,23.6095571,56.9522169
12610,Vārnavas pagrieziens,2,"6891, 7238",autobuss,25.5360337,56.3838371
12611,Bibliotēka,7,"5996, 6090, 6095, 6110, 7227, 7229, 7788",autobuss,24.6091241,56.8199590
12612,Ķeguma HES,3,"6108, 6117, 7238",autobuss,24.7191235,56.7436580
12613,Ķeguma HES,3,"6108, 6117, 7238",autobuss,24.7179841,56.7433314
12614,Zeltrītu iela,1,5435,autobuss,24.0547635,56.8850864
12617,A/S  Ogre,6,"3002, 5238, 5386, 6090, 6091, 7788",autobuss,24.5688021,56.8196767
12618,Stadions,5,"3002, 5238, 5386, 6089, 7788",autobuss,24.5924442,56.8172606
12619,Ogres stacija,3,"3002, 5238, 6089",autobuss,24.6009349,56.8149926
1262,Jūrmalas Valsts ģimnāzija,2,"7020, 7023",autobuss,23.6093400,56.9527424
12620,Ogres stacija,3,"3002, 5238, 6089",autobuss,24.6010416,56.8151586
12621,Estrāde,2,"5996, 6089",autobuss,24.6159316,56.8146115
12624,Kokneses vidusskola,4,"5975, 5976, 5982, 6080",autobuss,25.4264674,56.6447724
12626,Daudzevas stacija,3,"6129, 6132, 6133",autobuss,25.2440088,56.5076652
12627,Jaunogres pamatskola,6,"3016, 5416, 5996, 6090, 6095, 6110",autobuss,24.5973835,56.8230775
12628,Mālkalnes prospekts,7,"3014, 6067, 6089, 6090, 6091, 6095, 6110",autobuss,24.5924360,56.8198350
12629,Jaunogres pamatskola,5,"3014, 3016, 5416, 6090, 6095",autobuss,24.5979046,56.8231946
12630,Mālkalnes prospekts,4,"3014, 6089, 6091, 6126",autobuss,24.5943676,56.8194373
12635,Ceplīši,2,"5386, 5416",autobuss,24.5452810,56.8795299
12636,Juneļi,1,6182,autobuss,26.3281627,55.8365790
12637,Juneļi,1,6182,autobuss,26.3283627,55.8365790
12638,Jaunolaine,5,"7017, 7376, 7377, 7482, 7933",autobuss,23.9846349,56.8024843
12639,Užava,2,7699,autobuss,21.4536313,57.2281783
12640,Užava,2,7699,autobuss,21.4537635,57.2280854
12641,Biržvalki,2,7699,autobuss,21.5136905,57.2416152
12648,Ķipari,1,5607,autobuss,24.8891838,57.1594031
1265,Kazanova,4,"5856, 6218, 6239, 6240",autobuss,27.1623106,55.9434963
12658,Gaidas,1,7227,autobuss,24.5252842,56.8766911
12659,Gaidas,1,7227,autobuss,24.5273585,56.8758761
1266,Kazanova,4,"5507, 6218, 6239, 6240",autobuss,27.1623189,55.9444802
12660,Priedītes,2,"5835, 7227",autobuss,24.4938797,56.8859199
12661,Priedītes,1,7227,autobuss,24.4973506,56.8847443
12662,1. pamatskola,10,"3111, 3113, 3117, 5087, 5591, 5607, 5612, 6645, 6876",autobuss,24.8808749,57.1534948
12663,1. pamatskola,6,"3113, 3117, 5087, 5591, 6645",autobuss,24.8824058,57.1535578
12666,Nīcgales skola,1,6159,autobuss,26.3650474,56.1347847
12667,Nīcgales skola,1,6184,autobuss,26.3643818,56.1354677
12668,Panova,2,"6225, 6237",autobuss,27.7801754,56.1129190
12669,t.b.Ezernieki,1,6237,autobuss,27.6589955,56.1738817
12670,t.b.Ezernieki,1,6237,autobuss,27.6587146,56.1732606
12672,Nitiški,1,6240,autobuss,27.1977710,56.0547719
12673,Nitiški,1,6240,autobuss,27.1973286,56.0548009
12674,Ževnerčiki,1,6240,autobuss,27.2330655,56.0637298
12675,Ziediņi,2,"6207, 6295",autobuss,26.1927815,55.9426779
12676,Ziediņi,2,"6207, 6295",autobuss,26.1925344,55.9427837
12677,Avotu iela,1,6118,autobuss,24.8097268,56.7321115
12679,Līvānu iela,4,"7200, 7467, 7490, 7493",autobuss,24.5299059,56.5971553
12680,Līvānu iela,4,"7200, 7467, 7490, 7493",autobuss,24.5298910,56.5962093
12681,Konstantinova 2,1,6226,autobuss,27.4389755,56.0653570
12682,Konstantinova 2,1,6226,autobuss,27.4389766,56.0651649
12683,Sīvergols,1,6362,autobuss,27.3558894,56.0503253
12684,Piepiņi,2,"5414, 6208",autobuss,24.8947493,56.8134090
12685,Piepiņi,1,5414,autobuss,24.8938313,56.8129725
12686,Udinova,1,6144,autobuss,27.4794839,55.8357231
12687,Udinova,1,6144,autobuss,27.4804339,55.8360199
1269,Kažoki,1,6991,autobuss,24.2331694,56.7161889
12690,Upeslejas,4,"5836, 6827, 6829, 6835",autobuss,24.3781211,56.9224445
12691,Dreiliņu rotācijas aplis,8,"5836, 6251, 6827, 6829, 6830, 6831, 6835, 7964",autobuss,24.2459724,56.9433409
12692,Mamonova,1,6236,autobuss,27.5062070,56.2347120
12693,Ceļu meistars,6,"5836, 6827, 6829, 6830, 6831, 6835",autobuss,24.3517587,56.9468003
12694,Egles,1,5172,autobuss,24.0638200,56.7231641
12695,Vaivadi,1,5172,autobuss,24.0753883,56.7132225
12697,Zīles,1,5172,autobuss,24.0589656,56.7144587
12698,Tulpe,1,5172,autobuss,24.0455114,56.7060882
12699,Kalni,1,6166,autobuss,26.3914122,55.9574009
127,Arodskola,7,"5250, 6096, 6119, 6125, 6135, 6138, 6142",autobuss,25.2587349,56.6081633
1270,Kažoki,1,6991,autobuss,24.2320747,56.7165517
12700,Kalni,1,6166,autobuss,26.3920040,55.9570157
12702,Skrudalienas pagrieziens,5,"5320, 5325, 6161, 6167, 6169",autobuss,26.7078267,55.8060352
12703,Skrudalienas pagrieziens,5,"5320, 5325, 6161, 6167, 6169",autobuss,26.7079177,55.8058504
12704,Reinišķi,1,6172,autobuss,26.8562908,55.9860535
12705,Reinišķi,1,6172,autobuss,26.8568586,55.9864687
12706,Vanagi,1,6175,autobuss,26.8417523,56.0778863
12707,Vanagi,1,6175,autobuss,26.8419659,56.0778894
12708,Palīgskola,1,6182,autobuss,26.3587861,55.7915922
12709,Palīgskola,1,6182,autobuss,26.3584749,55.7915708
12710,Ilgas pagrieziens,1,6182,autobuss,26.3432844,55.8078629
12711,Ilgas pagrieziens,1,6182,autobuss,26.3429546,55.8078237
12712,Ābeliški,1,6182,autobuss,26.3321478,55.8185597
12713,Ābeliški,1,6182,autobuss,26.3341478,55.8185597
12714,Dzirnavas,1,6182,autobuss,26.3132281,55.8798399
12715,Dzirnavas,1,6182,autobuss,26.3132274,55.8796617
12716,Gudeļu pasts,1,6182,autobuss,26.3237137,55.8628315
12717,Gudeļu pasts,1,6182,autobuss,26.3229632,55.8624301
12718,Bruņene,1,6167,autobuss,26.6852044,55.7866029
12719,Bruņene,1,6167,autobuss,26.6849319,55.7868489
12720,Lubiņas,2,"5177, 6383",autobuss,24.0459538,56.3679141
12721,Rinkeviči,1,6183,autobuss,26.5033389,56.0607772
12722,Rinkeviči,1,6183,autobuss,26.5044457,56.0611104
12723,Dunalka,1,5337,autobuss,21.3307202,56.6846569
12724,Tabores ciems,2,"6187, 6216",autobuss,26.6438022,55.8688715
12726,Vasarnīcas,2,"6187, 6216",autobuss,26.6516356,55.8813836
12727,Vasarnīcas,2,"6187, 6216",autobuss,26.6517077,55.8813719
12728,Gorbi,1,6579,autobuss,27.8214460,56.4525918
12729,Gorbi,1,6579,autobuss,27.8214806,56.4525366
12732,Lubiņas,2,"6383, 6459",autobuss,24.0473808,56.3681502
12733,Slimnīca,10,"3211, 3212, 3213, 3215, 5168, 5179, 5558, 6033, 6051, 6061",autobuss,23.1557405,56.9697591
12738,Līvbērzes stacija,6,"5186, 5367, 6794, 7354, 7377",autobuss,23.4622079,56.7007756
12739,Līvbērzes stacija,4,"5367, 6794, 7354, 7377",autobuss,23.4612466,56.7001249
12740,Plenčeva,1,6233,autobuss,27.7463818,56.0683623
12741,Plenčeva,1,6225,autobuss,27.7473120,56.0684303
12742,Plesņeva,1,6231,autobuss,27.7412674,55.9845001
12743,Lukševo,1,6231,autobuss,27.7662855,56.0205086
12744,Dinaborčiki,1,6231,autobuss,27.7394166,56.0422838
12746,Upenieki,1,6200,autobuss,26.1314554,56.0181424
12751,Čornoje,1,6144,autobuss,27.5156678,55.8675592
12752,Čornoje,1,6144,autobuss,27.5163685,55.8680658
12753,Skuķi,1,6211,autobuss,27.5744928,55.9380494
12754,Skuķi,1,6211,autobuss,27.5746844,55.9380131
12755,Robežu iela,6,"5452, 5460, 5462, 7514, 7516, K7179",autobuss,24.4234840,57.3202688
12756,Stirbļi,1,6212,autobuss,27.1222017,55.8715034
12757,Stirbļi,1,6212,autobuss,27.1235371,55.8723000
12758,Vecborne,2,"6161, 6212",autobuss,27.0060272,55.8633644
12759,Skola,3,"5624, 6321, 6876",autobuss,24.8460218,57.0577436
12761,Ugāles mehāniskās darbnīcas,1,6083,autobuss,22.0479455,57.2638373
12763,Skuju krogs,2,"5177, 6383",autobuss,24.0993077,56.3914668
12764,Orlāni,1,6593,autobuss,27.6894423,56.7545627
12765,Orlāni,1,6593,autobuss,27.6894370,56.7546172
12766,Pīpiķi,1,5203,autobuss,21.6550197,57.4595380
12767,Pīpiķi,1,5203,autobuss,21.6550743,57.4596038
12769,Liepene,1,5203,autobuss,21.6491915,57.4869860
12770,Ciskādi,4,"5906, 6490, 6530, 6564",autobuss,27.1341757,56.4914385
12771,Ikšķile,1,6891,autobuss,25.5433315,56.3745493
12772,Ikšķile,1,6891,autobuss,25.5426680,56.3752575
12773,Vilkukrogs,1,6944,autobuss,25.8824235,56.6064309
12774,Vilkukrogs,2,"6937, 6944",autobuss,25.8824409,56.6066172
12775,Vārnavas centrs,1,6891,autobuss,25.5490104,56.4174765
12776,Vārnavas centrs,1,6891,autobuss,25.5490452,56.4175601
12777,Vārnavas skola,1,6891,autobuss,25.5452777,56.4270386
12778,Vārnavas skola,1,6891,autobuss,25.5452251,56.4271143
12779,Ratnieki,3,"5257, 6490, 6530",autobuss,27.2803903,56.4947353
12780,Ratnieki,3,"6490, 6530, 6564",autobuss,27.2790652,56.4945566
12781,Vilciņi,1,6891,autobuss,25.5515000,56.4363993
12782,Vilciņi,1,6891,autobuss,25.5522591,56.4357929
12783,Emitēni,3,"5312, 5313, 5315",autobuss,23.9849188,56.4271070
12784,Patmaļi,1,6891,autobuss,25.4998838,56.4131002
12785,Patmaļi,1,6891,autobuss,25.5004866,56.4125262
12786,Jaunās mājas,1,6891,autobuss,25.5139743,56.3992465
12787,Jaunās mājas,1,6891,autobuss,25.5139612,56.3990741
12788,Deksne,1,6419,autobuss,21.8890477,56.9999099
12789,Padure,1,6419,autobuss,21.9125863,57.0164700
12791,Vilgāle,3,"5211, 5212, 5213",autobuss,21.8209465,56.8824177
12792,Īdeņa,1,6570,autobuss,26.9594950,56.7541718
12793,Īdeņa,1,6570,autobuss,26.9609813,56.7549628
12794,Ļodāni,1,6570,autobuss,26.8900322,56.6690889
12795,Vidzemes iela,2,"3002, 5238",autobuss,24.6197037,56.7994043
12798,Priedes,1,6570,autobuss,26.8095309,56.6339985
12800,Priedes,1,6570,autobuss,26.8102511,56.6341174
12801,Cakuli,1,6570,autobuss,26.7862983,56.6309318
12802,Slimnīca,3,"5136, 6486, 6570",autobuss,26.9288534,56.5655255
12803,Slimnīca,3,"5136, 6486, 6570",autobuss,26.9283275,56.5648567
12804,Haritoni,3,"5142, 6567, 6570",autobuss,27.1548388,56.7350490
12805,Haritoni,3,"5142, 6567, 6570",autobuss,27.1560675,56.7352671
12806,Baznīca,5,"5897, 5898, 5899, 6930, 6942",autobuss,25.7413376,56.1619025
12807,Baznīca,4,"5897, 5898, 5899, 6942",autobuss,25.7406363,56.1624046
12808,Jēkabpils (Kurzemes iela),7,"6933, 6944, 7556, 7611, 7899, 7981, K7983",autobuss,25.8755789,56.5014851
12809,Jēkabpils (Kurzemes iela),7,"6933, 6937, 7452, 7556, 7899, 7981, K7983",autobuss,25.8772384,56.5017094
12810,Pļaviņu ģimnāzija,10,"5698, 6112, 6141, 6357, 6429, 6430, 6933, 7010, 7702, 7850",autobuss,25.7398053,56.6185858
12811,Dzirnavu iela,1,5897,autobuss,25.7493383,56.1621756
12812,Dzirnavu iela,1,5897,autobuss,25.7493973,56.1622842
12815,Skuju krogs,2,"6383, 6459",autobuss,24.1007612,56.3917022
12816,Kraujas,5,"5898, 5899, 6929, 6930, 6931",autobuss,25.7874997,56.1268425
12817,Pļaviņu ģimnāzija,10,"5698, 6112, 6141, 6429, 6430, 6933, 7702, 7850, 7899, 7981",autobuss,25.7388170,56.6183378
12820,Ģērķēni,2,"5056, 5736",autobuss,26.1067268,56.2713082
12822,Trikātas pagrieziens,2,"6597, 6686",autobuss,25.8267047,57.5476166
12823,Priedaine,5,"5211, 5336, 6302, 6307, 7016",autobuss,21.9206025,56.9652140
12824,Priedaine,6,"5211, 5212, 5336, 6302, 6307, 7016",autobuss,21.9206892,56.9653510
12825,Vējiņš,1,5336,autobuss,21.9510617,56.9680857
12826,Liepas,2,"5177, 6383",autobuss,24.0800957,56.3782438
12827,Rundēni,3,"6552, 6579, 6587",autobuss,27.8226018,56.2768627
12828,Rundēni,3,"6552, 6579, 6587",autobuss,27.8233579,56.2769475
12829,Vaivodi,1,6144,autobuss,27.4894444,55.8430523
12830,Vaivodi,1,6144,autobuss,27.4904185,55.8433211
12831,Straume,1,6852,autobuss,24.1203800,56.6711640
12833,2.vidusskola,1,5094,autobuss,24.1955049,56.4090242
12834,Ūdenstornis,1,5094,autobuss,24.2134000,56.4156019
12835,Ūdenstornis,1,5094,autobuss,24.2136226,56.4155673
12836,Kapi,1,5094,autobuss,24.2175806,56.4165695
12837,Kapi,1,5094,autobuss,24.2184322,56.4166661
12838,Jaunzēmeles,2,"6619, 6632",autobuss,25.1835724,57.6484243
12839,Gauja,1,5396,autobuss,25.3930343,57.5042329
12840,Gauja,1,5396,autobuss,25.3927350,57.5041562
12841,Sapas,1,5396,autobuss,25.3978755,57.4774988
12842,Sapas,1,5396,autobuss,25.3979452,57.4775062
12843,Pūpoli,1,5395,autobuss,25.5561413,57.5735803
12844,Pūpoli,1,5395,autobuss,25.5565634,57.5735645
12845,Pļavniekkalns,2,"6844, 6847",autobuss,24.1853627,56.8705254
12846,Dzintaru koncertzāle,1,7020,autobuss,23.8156488,56.9733296
12847,Dzintaru koncertzāle,1,7020,autobuss,23.8170435,56.9734560
12848,Kozukolni,1,6593,autobuss,27.6514445,56.6793793
12849,Kozukolni,1,6593,autobuss,27.6515679,56.6793992
12853,Plūdoņi,2,"5365, 5967",autobuss,21.5388269,56.2985440
12854,Aizvīķi,2,"5332, 5340",autobuss,21.7230588,56.3349318
12855,Līčupes,2,"6119, 6134",autobuss,25.2047034,56.5822270
12856,Līčupes,3,"6119, 6134, 6138",autobuss,25.2046775,56.5823052
12857,Virka,3,"5225, 5336, 7410",autobuss,21.9612627,56.9786504
12860,Liepas,2,"6383, 6459",autobuss,24.0801825,56.3783130
12863,Maizes kombināts,1,5225,autobuss,21.9961861,56.9506058
12864,Maizes kombināts,1,5225,autobuss,21.9961812,56.9503353
12865,Ozols,1,5225,autobuss,22.0054379,56.9394232
12866,Ozols,1,5225,autobuss,22.0047066,56.9398653
12867,Apšupes ferma,1,6794,autobuss,23.3564810,56.7760580
12869,Vienības gatve,8,"5034, 5139, 5171, 5172, 5173, 6852, 6859, 7017",autobuss,24.0786640,56.8995900
12874,Švirkale,2,"6383, 6459",autobuss,24.0703942,56.3739066
12876,Švirkale,2,"5177, 6383",autobuss,24.0713384,56.3740646
12877,Vidiņi,1,6373,autobuss,24.1806314,56.3731375
12880,Poprags,2,"6409, 6412",autobuss,22.6443232,57.3449595
12883,Bruži,1,6038,autobuss,22.9347003,56.9569274
12884,Bruži,1,6038,autobuss,22.9372641,56.9573460
12885,Šūļas,1,6038,autobuss,22.9031189,56.9511708
12886,Šūļas,1,6038,autobuss,22.9037277,56.9515470
12887,Vecķeipene,1,5217,autobuss,25.1909200,56.8252040
12889,Rudiņi,1,5216,autobuss,25.1199361,56.7718949
12893,Krustpils stacija,2,"7727, 7992",autobuss,25.8597568,56.5200171
12895,Lones centrs,2,"5490, 5493",autobuss,25.4030795,56.2771419
12896,Eķengrāve,1,5493,autobuss,25.5161035,56.3348512
12897,Eķengrāve,1,5490,autobuss,25.5163100,56.3348550
12898,Poliklīnika,2,"5051, 6477",autobuss,27.2570265,57.1393549
12899,Poliklīnika,2,"5051, 6477",autobuss,27.2572033,57.1393917
12901,Jaunauces centrs,2,"5246, 6746",autobuss,22.6945645,56.4465726
12921,Vārpa,1,5515,autobuss,23.6621703,56.6792588
12922,Mustene,1,5184,autobuss,22.7514472,57.0049741
12923,Mustene,1,5184,autobuss,22.7506381,57.0049233
12926,Grīvas cietums,5,"6157, 6165, 6166, 6182, 6190",autobuss,26.4936412,55.8782002
12927,Grīvas cietums,5,"6157, 6165, 6166, 6182, 6190",autobuss,26.4931955,55.8780809
12928,Vidiņi,1,6373,autobuss,24.1807668,56.3739961
12929,Bebrulejas,1,6112,autobuss,25.6936059,56.6105283
12931,Bebrulejas,1,6112,autobuss,25.6935635,56.6103039
12932,Kļavusala,1,5430,autobuss,27.4274629,56.9402423
12933,Kļavusala,1,5430,autobuss,27.4265629,56.9400423
12934,Deņicova,1,5430,autobuss,27.4862329,56.9475645
12935,Deņicova,1,5430,autobuss,27.4854247,56.9475625
12936,Buksti,1,5430,autobuss,27.5426612,56.9378177
12937,Buksti,1,5430,autobuss,27.5422845,56.9375319
12938,Kaši,1,5430,autobuss,27.5956079,56.9419013
12939,Kaši,1,5430,autobuss,27.5954079,56.9419013
12941,Notra,1,5129,autobuss,26.9251279,56.5178066
12942,Aleksandropole,1,5129,autobuss,26.9270795,56.4896236
12944,Vidsala,5,"6942, 6986, 6998, 7008, 7897",autobuss,25.8484296,56.3420586
12945,Vidsala,5,"5061, 6942, 6986, 7006, 7897",autobuss,25.8477686,56.3424943
12946,Priekšzīme,1,6373,autobuss,24.1770099,56.3813778
12947,Priekšzīme,1,6373,autobuss,24.1766982,56.3819932
12948,Purvišķi,1,6373,autobuss,24.1948947,56.3312467
12950,Janeikas,1,5094,autobuss,24.2345554,56.4187493
12951,Dārziņi,1,5094,autobuss,24.2226866,56.4176661
12952,Dārziņi,1,5094,autobuss,24.2230718,56.4176593
12953,Rozītes,1,6126,autobuss,24.9555898,56.7756169
12954,Mukāni,1,6183,autobuss,26.4930472,56.0481121
12955,Mukāni,1,6183,autobuss,26.4934871,56.0484580
12956,Kļockas,1,6183,autobuss,26.4595339,56.0056762
12958,Kļockas,1,6183,autobuss,26.4602901,56.0055531
12960,Purvišķi,1,6373,autobuss,24.1950238,56.3315010
12961,Skalderi,1,6373,autobuss,24.1794035,56.3628428
12962,Skalderi,1,6373,autobuss,24.1796570,56.3636425
12963,Spurģi,1,5517,autobuss,23.4919581,56.5762533
12964,Dzirkale,1,6373,autobuss,24.1839835,56.3535420
12965,Ļuķiņišķi,1,5508,autobuss,26.7921626,55.9389517
12968,Misas tautas nams,2,"6403, 7357",autobuss,24.3570937,56.5529750
12969,Misas tautas nams,2,"6403, 7357",autobuss,24.3573883,56.5528589
12970,Meliorācija,7,"5316, 6414, 6416, 7260, 7509, 7512",autobuss,22.5358652,57.1297390
12976,Mārīte,2,"3002, 3014",autobuss,24.6267247,56.8007778
12978,Elkšņi,2,"7229, 7788",autobuss,24.5346254,56.8232152
12979,Elkšņi,1,7788,autobuss,24.5361614,56.8224167
12980,Andrejevka,1,6962,autobuss,26.9027011,56.3684612
12981,Gaismas,2,"5034, 5139",autobuss,24.0558022,56.8545307
12982,Gaismas,2,"5034, 5139",autobuss,24.0548592,56.8538409
12983,Jumpravas pagrieziens,1,7073,autobuss,25.0237197,56.7637056
12984,Jumpravas pagrieziens,1,7073,autobuss,25.0243353,56.7633234
12986,Vaivaru rehabilitācijas centrs,6,"7023, 7938, 7946, 7947, 7948, 7951",autobuss,23.6679448,56.9578288
12987,Vaivaru rehabilitācijas centrs,7,"7023, 7938, 7946, 7947, 7948, 7950, 7951",autobuss,23.6667644,56.9579273
12988,Saulkalne III,2,"5835, K6317",autobuss,24.4413010,56.8459470
12990,Bērvircava,4,"6512, 6775, 7352",autobuss,23.7483059,56.4033884
12991,Laizāni,1,5137,autobuss,27.2979081,56.7142069
12992,Laizāni,1,5137,autobuss,27.2981199,56.7141874
12993,Miglinieki,1,5137,autobuss,27.4251444,56.7423982
12995,Ģimnāzija,1,5225,autobuss,21.9545157,56.9760500
12998,Dzintars,1,6056,autobuss,22.9082441,57.0623498
12999,Gaujaslāči,1,5395,autobuss,25.5977218,57.5742863
13,A.Upīša iela,4,"3002, 5238, 6090, 6091",autobuss,24.5767975,56.8198995
13001,Augšciems,1,7964,autobuss,24.7866922,56.9492528
13003,Augšciems,1,7964,autobuss,24.7879839,56.9495532
13004,Kārde,1,7964,autobuss,24.8530463,56.9568074
13005,Kārde,1,7964,autobuss,24.8530480,56.9569330
13007,Strenču skola,3,"5427, 7601, 7825",autobuss,25.6806428,57.6270985
13008,Jēkabnieki,1,5517,autobuss,23.5992076,56.5335809
13009,CSDD,2,"3002, 6110",autobuss,24.6207020,56.7909462
13011,Bērsteles centrs,4,"5312, 5313, 5314, 5315",autobuss,23.9205833,56.4414078
13012,Kubulova,1,5150,autobuss,27.4866249,56.6831890
13013,Kubulova,1,5150,autobuss,27.4865059,56.6835832
13014,Zaļūkšņi,1,5150,autobuss,27.4628028,56.6875715
13015,Zaļūkšņi,1,5150,autobuss,27.4616060,56.6876109
13016,Upeitnieki,1,5150,autobuss,27.4439853,56.6961359
13017,Upeitnieki,1,5150,autobuss,27.4436182,56.6964958
13018,Rasnupļi,1,5150,autobuss,27.3678813,56.7176039
13019,Rasnupļi,1,5150,autobuss,27.3663164,56.7180325
13020,Dzirkale,1,6373,autobuss,24.1836541,56.3540220
13021,Lipši,1,5976,autobuss,25.3320162,56.6205842
13022,Auliciems,1,5976,autobuss,25.3466347,56.6200165
13024,Kivdolova,1,6590,autobuss,27.6623529,56.4554820
13025,Kūdras,1,7482,autobuss,23.9376810,56.6775724
13026,Kūdras,1,7482,autobuss,23.9379469,56.6777937
13027,Ruļļi,2,"5212, 5213",autobuss,21.9008835,56.9060897
13028,Ruļļi,1,5213,autobuss,21.8996280,56.9056630
13029,Zabolotje,1,6537,autobuss,27.0083023,56.4352958
13034,Dzelzceļa pārbrauktuve,2,"5530, 5836",autobuss,24.3538952,56.9159714
13035,Dzelzceļa pārbrauktuve,2,"5530, 5836",autobuss,24.3545975,56.9156338
13036,Pritikino,2,"5575, 6172",autobuss,26.7625127,55.9476523
13037,Pritikino,2,"5575, 6172",autobuss,26.7630463,55.9481602
13038,Galdnieki,2,"6154, 6176",autobuss,26.4737691,55.8347478
13039,Galdnieki,2,"6154, 6176",autobuss,26.4716974,55.8335201
13040,Salaspils stacija,1,5836,autobuss,24.3537791,56.8607070
13041,Lakstīgalas,1,6373,autobuss,24.1928376,56.3382366
13042,Lakstīgalas,1,6373,autobuss,24.1930337,56.3385734
13043,Pils iela,1,6118,autobuss,24.8083665,56.7214101
13044,Pils iela,1,6118,autobuss,24.8086231,56.7210705
13045,Sēlieši,1,5038,autobuss,26.5458116,57.0740295
13046,Sēlieši,1,5038,autobuss,26.5458383,57.0740115
13049,Skola,2,"6321, 6876",autobuss,24.8462643,57.0573356
13050,Pasts,2,"5051, 6477",autobuss,27.2638733,57.1316014
13051,Raiņa iela,1,5051,autobuss,27.2590780,57.1280620
13052,Raiņa iela,2,"5051, 6477",autobuss,27.2593307,57.1279245
13053,Miera iela,2,"5051, 6477",autobuss,27.2814060,57.1330690
13054,Līkumi,1,5038,autobuss,26.5270202,57.0552143
13055,Līkumi,1,5038,autobuss,26.5259312,57.0551700
13056,Mežarija,1,5434,autobuss,27.4684919,57.3640621
13057,Sprinduļkalns,2,"5434, 6690",autobuss,27.4613384,57.3558911
13058,Sprinduļkalns,2,"5434, 6690",autobuss,27.4610670,57.3561580
13062,Sūnu skola,1,6952,autobuss,26.0659954,56.5419779
13063,Mežvidi,2,"5018, 5019",autobuss,24.4506447,57.2866524
13066,Stiebriņi,2,"5144, 6373",autobuss,24.1130880,56.3306422
13067,JVĢ sākumskola,2,"7018, 7020",autobuss,23.6133899,56.9474023
13068,JVĢ sākumskola,2,"7018, 7020",autobuss,23.6135022,56.9480102
13069,Daugavas muzejs,1,5835,autobuss,24.2300207,56.8494497
1307,Kokaudzētava,1,6112,autobuss,25.7840515,56.6144462
13070,Sveķu skola,1,5038,autobuss,26.5152434,57.0744099
13071,Sveķu skola,1,5038,autobuss,26.5152646,57.0743548
13072,Rūpnīca,2,"6255, 6826",autobuss,24.5189222,57.0878677
13073,VEF-Baloži,1,5173,autobuss,24.0734291,56.8593592
13074,Stiebriņi,2,"5144, 6373",autobuss,24.1134912,56.3312257
13075,Ligeikas,2,"5144, 6373",autobuss,24.1161271,56.3128620
13076,Patmalnieki,1,7893,autobuss,26.7783281,56.4001177
1308,Kokini,1,5573,autobuss,26.7100008,55.9705991
13080,Jaunzemnieki,1,7964,autobuss,24.5276065,56.9518971
13081,Jaunzemnieki,1,7964,autobuss,24.5292475,56.9518898
13082,Stabulnieki,3,"7006, 7010, 7693",autobuss,24.9438854,56.6292409
13083,Stabulnieki,4,"7010, 7556, 7693, 7981",autobuss,24.9437352,56.6292244
13086,Ligeikas,2,"5144, 6373",autobuss,24.1162125,56.3129692
13087,Dārznieki,2,"5144, 6373",autobuss,24.1205585,56.3007892
13088,Dārznieki,2,"5144, 6373",autobuss,24.1201634,56.3017992
13089,Strūklas,2,"5144, 6373",autobuss,24.1247564,56.2938073
1309,Kokini,1,5573,autobuss,26.7100160,55.9706931
13104,Strūklas,2,"5144, 6373",autobuss,24.1247801,56.2938839
13105,Gulbji,2,"5144, 6373",autobuss,24.1304737,56.2799560
13108,Jaksti,2,"5835, 7227",autobuss,24.4703626,56.8923264
13109,Jaksti,2,"5835, 7227",autobuss,24.4723312,56.8916933
13112,Gulbji,2,"5144, 6373",autobuss,24.1303429,56.2808771
13113,Zāgadi,1,7915,autobuss,26.8084139,57.3761526
13114,Zāgadi,1,7915,autobuss,26.8102799,57.3771346
13117,Pusmuiža,1,7227,autobuss,24.5426680,56.8706205
13118,Pusmuiža,1,7227,autobuss,24.5432226,56.8702687
13119,Lielstaldāti,2,"6091, 6110",autobuss,24.7137801,56.8145976
1312,Koltovi,3,"5043, 6450, 6451",autobuss,27.2513243,56.7947879
13120,Lielstaldāti,2,"6091, 6110",autobuss,24.7146660,56.8142140
13121,Lībieškalns,4,"6090, 6091, 6110, 6126",autobuss,24.6658116,56.8242170
13122,Lībieškalns,4,"6067, 6090, 6091, 6110",autobuss,24.6654023,56.8240104
13125,Krievgaļi,1,6373,autobuss,24.1926318,56.2753721
1313,Koltovi,2,"5043, 6450",autobuss,27.2517694,56.7949158
13130,Pūriņu iela,4,"6374, 6380, 6501, 6504",autobuss,24.2231468,56.4020790
13135,Pūriņu iela,4,"6374, 6380, 6501, 6504",autobuss,24.2219240,56.4025937
13136,Skolas iela,6,"3001, 5635, 7444, 7449, 7541, 7611",autobuss,27.7182815,56.5466111
13139,Skolas iela,5,"3001, 5635, 7444, 7541, 7611",autobuss,27.7183576,56.5467246
13150,Soikāna iela,1,3001,autobuss,27.6955932,56.5522759
13151,Mazirbe,1,6001,autobuss,22.3239904,57.6734726
13152,Mazirbe,1,6001,autobuss,22.3247371,57.6741833
13154,Soikāna iela,1,3001,autobuss,27.6957281,56.5522664
13161,Evertova,1,3001,autobuss,27.6887704,56.5484964
13164,Evertova,1,3001,autobuss,27.6887278,56.5484214
13165,Krāslavas iela,6,"3001, 5635, 7444, 7449, 7541, 7611",autobuss,27.6989273,56.5379460
1317,Kopmītne,1,5715,autobuss,26.9985080,56.1630617
13173,Krāslavas iela,5,"3001, 5635, 7444, 7541, 7611",autobuss,27.6990760,56.5381865
13174,Liepājas iela,2,"3001, 5635",autobuss,27.7052549,56.5409381
13175,Liepājas iela,2,"3001, 5635",autobuss,27.7055733,56.5408940
13176,Biržas iela,5,"3001, 7444, 7449, 7541, 7611",autobuss,27.7105290,56.5431625
13177,Biržas iela,4,"3001, 7444, 7541, 7611",autobuss,27.7085603,56.5424606
13178,Stroda iela,1,5635,autobuss,27.7143109,56.5424445
13179,Stroda iela,1,5635,autobuss,27.7143110,56.5424155
13180,Bukaiši,1,6783,autobuss,23.2535304,56.4009241
13183,Ostrovka,2,"5506, 7560",autobuss,26.8265727,56.0616180
13184,Ostrovka,1,5506,autobuss,26.8257274,56.0618103
13185,Purvs,8,"5047, 5430, 6002, 6445, 6446, 6450, 6451, 6488",autobuss,27.2532939,57.1014599
13186,Purvs,8,"5047, 5430, 6002, 6445, 6446, 6450, 6451, 6488",autobuss,27.2534831,57.1018380
13187,Mūsas tilts,1,5911,autobuss,24.1752387,56.4004276
13188,Priedītes,1,5911,autobuss,24.0821740,56.4181777
13197,Zobola ezers,1,5069,autobuss,25.7128272,57.0729742
13202,Pilsētas robeža,7,"5093, 5312, 5313, 5314, 5315, 5912, 6459",autobuss,24.1696123,56.3973371
13204,Pilsētas robeža,5,"5093, 5313, 5314, 5315, 5912",autobuss,24.1676740,56.3971360
13205,Mežapuķes,1,7964,autobuss,24.4565004,56.9457510
13206,Mežapuķes,1,7964,autobuss,24.4583223,56.9458056
13209,Krievgaļi,1,6373,autobuss,24.1931840,56.2754167
1321,Kori,1,6684,autobuss,24.6409666,57.7105512
13215,Vecsaule,1,6393,autobuss,24.3339192,56.4292662
13216,Vecsaule,1,6393,autobuss,24.3343385,56.4302143
13217,Ružēni,1,7933,autobuss,23.3629698,56.5354555
13218,Ružēni,1,7933,autobuss,23.3624514,56.5348725
1322,Kori,1,6684,autobuss,24.6404582,57.7108763
13227,Zvejnieki,1,5515,autobuss,23.6097492,56.6785836
13228,Zvejnieki,1,5515,autobuss,23.6100942,56.6788225
13229,Zubki,4,"7669, 7766, 7767",autobuss,27.6529014,56.8457433
13230,Zubki,3,"7669, 7767",autobuss,27.6518660,56.8447474
13231,Līči,1,5517,autobuss,23.4959465,56.5519842
13250,Lādezers,1,6662,autobuss,24.6982073,57.4215973
13259,Arodvidusskola,1,3007,autobuss,24.7137426,57.5311772
13263,Rankas kartonfabrikas pagrieziens,1,5333,autobuss,26.1458967,57.2119899
13266,Makstenieki,2,"6255, 6826",autobuss,24.3823583,57.0342316
13272,Vārpas,1,5083,autobuss,25.1820788,56.9363006
13279,Mazā Meža iela,3,"3702, 5310, 5311",autobuss,23.2913276,56.6053615
13282,Dommo parks,1,5139,autobuss,24.0324266,56.8429161
13286,Sinole,1,5538,autobuss,26.4978504,57.2464606
13290,Pokaiņu mazdārziņi,1,5311,autobuss,23.2948324,56.5912453
13291,Ozoli,2,"5365, 5967",autobuss,21.5608860,56.3281873
13292,Ozoli,1,5365,autobuss,21.5610571,56.3283823
13295,Ratnieki,1,6817,autobuss,22.1037347,56.4480709
13296,Ratnieki,1,6817,autobuss,22.1037838,56.4480015
13301,Garciems,1,6842,autobuss,24.2055580,57.1023460
13302,Garciems,3,"6824, 6842, 6855",autobuss,24.2040496,57.1020085
13303,Dārziņi,2,"6824, 6842",autobuss,24.2961946,57.1251882
13304,Dārziņi,3,"6824, 6842, 6855",autobuss,24.2960837,57.1255295
13307,Priekuļu skola,1,6274,autobuss,25.3533520,57.3107320
13308,Priekuļu skola,2,"5601, 6274",autobuss,25.3513620,57.3100340
13309,Kapsēta,3,"6821, 6822, 6824",autobuss,24.3174421,57.0480539
13310,Kapsēta,3,"6821, 6822, 6824",autobuss,24.3171230,57.0477985
13311,Kalniņi,1,7803,autobuss,24.3899054,57.8590210
13312,Kalniņi,1,7803,autobuss,24.3918837,57.8585593
13313,Bāles stacijas pagrieziens,2,7144,autobuss,25.4177137,57.4600426
13314,Bāles stacijas pagrieziens,2,7144,autobuss,25.4174448,57.4601495
13316,Draudzības iela,4,"5721, 6821, 6822, 6824",autobuss,24.3218341,57.0695681
13317,Draudzības iela,3,"6821, 6822, 6824",autobuss,24.3218470,57.0692659
13318,Ādažu skola,5,"5294, 5721, 6821, 6822, 6842",autobuss,24.3358986,57.0797202
13319,Ādažu skola,5,"5294, 6821, 6822, 6842, 6855",autobuss,24.3345361,57.0798672
13320,Ādažu muiža,6,"5294, 6824, 6842, 6855, 7514, 7516",autobuss,24.3133110,57.0944728
13323,Ādažu muiža,5,"5294, 6824, 6842, 7514, 7516",autobuss,24.3130549,57.0945438
13324,Silmači,3,"6829, 6830, 6831",autobuss,24.4748028,56.9700634
13325,Silmači,3,"6829, 6830, 6831",autobuss,24.4738809,56.9698903
13326,Ventas iela,6,"5112, 6785, 6818, 6820, 6901, 6909",autobuss,21.0062512,56.4905546
13327,Viesatas pagrieziens,2,"6031, 6066",autobuss,23.0199461,56.8267630
13328,Viesatas pagrieziens,2,"6031, 6035",autobuss,23.0210194,56.8284538
13330,Zaļie,2,"5296, 5298",autobuss,23.3778304,56.8174143
13344,Zirnaites,1,7004,autobuss,26.5092484,56.5254446
13345,Zirnaites,1,7004,autobuss,26.5113957,56.5255771
13356,Pagrieziens uz Piņķiem,2,"7401, 7937",autobuss,23.9228720,56.9439881
13357,Pagrieziens uz Piņķiem,2,"7401, 7937",autobuss,23.9228973,56.9460081
13366,Ratinieku krustojums,1,5906,autobuss,27.2671136,56.4899593
13367,Ratinieku krustojums,1,5906,autobuss,27.2669614,56.4899747
13368,Lauktehnika,1,5913,autobuss,24.1654299,56.3830056
13370,Druvas iela,2,"3002, 6110",autobuss,24.6249876,56.7956132
13371,Vasara,1,5171,autobuss,24.0782596,56.8264965
13372,Autoosta (pie Tukuma AO),4,"3211, 3215, 5168, 6051",autobuss,23.1687778,56.9661341
13373,Autoosta (pie Tukuma AO),7,"3211, 3212, 3213, 3215, 5179, 5558, 6051",autobuss,23.1695040,56.9661676
13374,Durbe,8,"3211, 3212, 3213, 3215, 5179, 5558, 6033, 6061",autobuss,23.1910471,56.9682853
13375,Šekumkrogs,4,"3212, 3213, 5443, 5558",autobuss,23.1360629,56.9613088
13376,Šekumkrogs,5,"3212, 3213, 5317, 5443, 5558",autobuss,23.1337044,56.9609881
13378,Meža iela,10,"3211, 3212, 3213, 3215, 5168, 5443, 5558, 6033, 6051, 6061",autobuss,23.1588339,56.9685010
13379,Rīgas iela,3,"3213, 5558, 6033",autobuss,23.1762520,56.9683384
13381,Rīgas iela,6,"3211, 3212, 3213, 3215, 5558, 6033",autobuss,23.1771982,56.9687381
13382,Smilšu iela,3,"3211, 3213, 5179",autobuss,23.1466167,56.9714180
13383,Smilšu iela,2,"3211, 3213",autobuss,23.1467247,56.9715573
13384,Lielā dzelzceļa iela,1,5558,autobuss,23.1958109,56.9720848
13388,Veļķi,2,"3211, 5179",autobuss,23.1171118,56.9641293
13389,MRS,1,3211,autobuss,23.1062899,56.9626695
13390,Ozoliņi,8,"5167, 5168, 5179, 5543, 6034, 6046, 6047, 6063",autobuss,23.1545327,56.9870511
13392,Brocēnu centrs,5,"5239, 5254, 6730, 6734, 6741",autobuss,22.5686671,56.6802515
13393,Brocēnu centrs,6,"5239, 5254, 6730, 6734, 6741, 6743",autobuss,22.5681334,56.6802101
13394,CSDD,1,5336,autobuss,21.9273338,56.9654076
13395,CSDD,1,5336,autobuss,21.9277965,56.9652406
13396,Kultūras centrs,2,"5225, 5336",autobuss,21.9701233,56.9667014
13397,Kultūras centrs,3,"5225, 5336, 6419",autobuss,21.9700967,56.9666730
13400,Cirsti,2,"7147, 7799",autobuss,25.7786319,56.9814376
13401,Sāvas,1,7147,autobuss,25.7899106,57.0080933
13404,Dzērbene,5,"6241, 6612, 7147, 7624, 7749",autobuss,25.6760803,57.1914950
13408,Saldus iela,1,5336,autobuss,21.9952060,56.9717904
13411,Ventas iela,1,5336,autobuss,21.9798588,56.9738223
13412,Šikāļi,1,7482,autobuss,24.0459134,56.5067390
13413,Tērvete,5,"6783, 6797, 7353, 7360, 7488",autobuss,23.3959660,56.4804440
13414,Vecvāle,1,5400,autobuss,25.6499664,57.4983547
13420,Lipsti,1,6777,autobuss,23.5967436,56.5128012
13423,Bramberģe,1,6519,autobuss,23.5877916,56.5790473
13424,Vāverīte,2,"5374, 6772",autobuss,23.8077690,56.6274382
13425,Stūri,3,"6516, 6525, 6772",autobuss,23.8427492,56.6265811
13426,Dainas,3,"6516, 6525, 6772",autobuss,23.8973856,56.6070673
13427,Graudnieki,3,"6516, 6525, 6772",autobuss,23.9328073,56.5922732
13429,Platone,1,6775,autobuss,23.7065231,56.5293500
13431,Sesavas skola,1,6775,autobuss,23.8190311,56.4248341
13434,Garoza,3,"5368, 5815, 7482",autobuss,23.9323656,56.6280725
13435,Poliklīnika,1,3200,autobuss,22.6005192,57.2442069
13436,Mentes,1,6347,autobuss,26.2071965,57.0718705
13437,Skabargas,2,"6777, 6819",autobuss,23.5369791,56.5092613
13439,Dienvidu robeža,4,"5112, 6820, 6901, 6909",autobuss,21.0086740,56.4775520
13440,Grīnvalti,4,"5112, 6820, 6901, 6909",autobuss,21.0135234,56.4605016
13441,Kontrolpunkts,6,"5112, 6785, 6818, 6820, 6901, 6909",autobuss,21.0108989,56.4528687
13442,Žvaģiņi,4,"5112, 6820, 6901, 6909",autobuss,21.0064397,56.4377294
13443,Pērkone,6,"5112, 6785, 6818, 6820, 6901, 6909",autobuss,21.0075177,56.4257787
13444,Reiņi,4,"5112, 6820, 6901, 6909",autobuss,21.0045431,56.4164717
13445,Balceri,4,"5112, 6820, 6901, 6909",autobuss,21.0042294,56.4055345
13446,Skatre,6,"5112, 6785, 6818, 6820, 6901, 6909",autobuss,21.0029308,56.3908846
13447,Bernāti,3,"6785, 6818, 6820",autobuss,20.9984992,56.3742551
13448,Rolavi,5,"5112, 6818, 6820, 6901, 6909",autobuss,21.0020926,56.3661222
13449,Jūrmalciema pagrieziens,5,"5112, 6785, 6818, 6820, 6909",autobuss,21.0117237,56.3595158
13450,Tosele,4,"5112, 6818, 6820, 6909",autobuss,21.0345320,56.3525389
13452,Silaine,3,"5112, 6820, 6909",autobuss,21.0761906,56.3330116
13453,Kalnišķi,2,"6818, 6820",autobuss,21.1100726,56.2307267
13454,Peši,2,"6818, 6820",autobuss,21.1339115,56.2119795
13455,Pagrabi,1,6818,autobuss,21.1507807,56.1330447
13456,Balčēni,1,6818,autobuss,21.1455523,56.1218937
13457,Ģeistauti,1,6818,autobuss,21.1370906,56.1056019
13458,Mostene,1,5608,autobuss,26.0114645,57.2012271
13460,Miltiņi,2,"7363, 7376",autobuss,23.3460132,56.6248182
13461,Bancāni,3,"7543, 7554, 7555",autobuss,27.0851372,55.9102190
13462,Ružas,3,"5310, 5311, 6788",autobuss,23.3190708,56.6303289
13463,Piedrujas pagrieziens,1,6296,autobuss,27.4718633,55.8003208
13464,Zundi,2,"7441, 7557",autobuss,27.3312163,56.1960625
13465,Zelmeņi,2,"6783, 7353",autobuss,23.3616108,56.4500722
13466,Mentes,1,6347,autobuss,26.2070915,57.0719533
13468,Runči,4,"5186, 6794, 6799, 6808",autobuss,23.2942294,56.6464190
13469,Lejas,1,6794,autobuss,23.3240471,56.6575829
13472,Grobiņas lauktehnika,4,"5301, 6815, 6904, 6905",autobuss,21.1586825,56.5330422
13473,Malēji,2,"5301, 6904",autobuss,21.1641760,56.5178330
13474,Dubeņu stacija,4,"5301, 6815, 6904, 6905",autobuss,21.1809971,56.4938291
13475,Dubeņi,2,"6815, 6905",autobuss,21.1980189,56.4761502
13476,Tilti,2,"6815, 6905",autobuss,21.2203325,56.4276096
13477,Ķīburi,2,"6815, 6905",autobuss,21.2442697,56.3944641
13478,Bārta,2,"6815, 6905",autobuss,21.3223173,56.3508775
13479,Ķesteri,1,6815,autobuss,21.3126919,56.3276523
13480,Akmentiņi,2,"6785, 6815",autobuss,21.3356800,56.2865349
13481,Dunika,2,"6785, 6815",autobuss,21.3263274,56.2763686
13482,Šuķene,2,"6785, 6815",autobuss,21.2931631,56.2576936
13483,Sudargi,1,6815,autobuss,21.2549092,56.2148523
13484,Kliņķi,1,6815,autobuss,21.2236177,56.2079836
13485,Skaistkalni,1,6815,autobuss,21.2083723,56.1992807
13486,Ķāķišķe,1,6815,autobuss,21.1879382,56.1893102
13487,Dārznieki,3,"5332, 5340, 5365",autobuss,21.6108349,56.4193366
13488,Mazgramzda,3,"5332, 5340, 5365",autobuss,21.6256607,56.4024926
13489,Rakuti,1,6347,autobuss,26.2877242,57.0258456
1349,Krastkalns,1,7964,autobuss,25.0722117,56.9163405
13490,Gramzda,3,"5332, 5340, 5365",autobuss,21.6042314,56.3685279
13491,Pakalnīšķi,1,5365,autobuss,21.5503727,56.3122024
13497,Dārziņi,1,6908,autobuss,21.0376471,56.6089436
13498,Zvaigznes,1,6908,autobuss,21.0423379,56.6214381
13499,Namiķi,1,6908,autobuss,21.0477951,56.6276130
1350,Krastkalns,1,7964,autobuss,25.0713141,56.9170025
13500,Šķēde,1,6908,autobuss,21.0453749,56.6395577
13501,Vaski,1,6908,autobuss,21.0547964,56.6541094
13502,Kopdarbs,1,6908,autobuss,21.0745070,56.6622844
13504,Saraiķi,1,6908,autobuss,21.0662490,56.6968851
13506,Vernāti,1,6908,autobuss,21.0719450,56.7215293
13508,Bebe,2,"5016, 6300",autobuss,21.2342920,56.6730913
13509,Dekšņas,2,"5348, 6300",autobuss,21.4734158,56.7720861
13510,Dzērves skola,4,"5016, 5348, 5349, 6300",autobuss,21.4061337,56.7504311
13511,Rakuti,1,6347,autobuss,26.2878347,57.0258313
13512,Binderi,2,"5016, 6300",autobuss,21.3069050,56.7115552
13513,Ilmājas stacija,1,5345,autobuss,21.5523151,56.5744208
13514,Krote,3,"5345, 5952, 6870",autobuss,21.5480979,56.5424438
13515,Pērles,3,"5345, 5952, 6870",autobuss,21.5682559,56.5150294
13516,Robežnieki,3,"5345, 5952, 6870",autobuss,21.5721995,56.4975574
13517,Viņķi,2,"5348, 6300",autobuss,21.5708519,56.7496698
13518,Ķebļi,2,"5348, 6300",autobuss,21.5244140,56.7733230
13519,Apriķi,2,"5348, 6300",autobuss,21.4989307,56.8082323
13520,Dzērvenieki,3,"5016, 5348, 6300",autobuss,21.4405772,56.7529160
13521,Kārkli,1,6347,autobuss,26.2442899,57.0532649
13522,Mazlāņi,1,6801,autobuss,21.5098133,56.6158398
13523,Vētras,2,"5964, 6813",autobuss,21.7383826,56.7423815
13525,Ievade,2,"5345, 6801",autobuss,21.5294252,56.6884196
13526,Stroķi,2,"5345, 6801",autobuss,21.5533275,56.6629294
13527,Ostnieki,1,6801,autobuss,21.5572926,56.6222870
13528,Vecpils,3,"5968, 6801, 6916",autobuss,21.4942115,56.6248920
13530,Katrīnas,2,"6801, 6916",autobuss,21.4755352,56.6051105
13531,Ozoli,2,"6801, 6916",autobuss,21.4731087,56.5921863
13532,Durbes stacija,1,6910,autobuss,21.3983400,56.5645116
13533,Pļaviņas,1,6910,autobuss,21.4290737,56.5725738
13535,Vārve,1,6870,autobuss,21.3737855,56.5541782
13536,Ievnieki,1,6870,autobuss,21.3803243,56.5401790
13537,Ziemeļi,2,"5952, 6870",autobuss,21.4691758,56.5085248
13538,Tadaiķi,2,"5952, 6870",autobuss,21.4172266,56.5292815
13539,Bunka,2,"5952, 6870",autobuss,21.4999705,56.4999668
13540,Velda,2,"6700, 6817",autobuss,21.8608113,56.4648871
13541,Daļģi,4,"5340, 5350, 5365, 6902",autobuss,21.5185057,56.4494558
13542,Paplakas stacija,4,"5340, 5350, 5365, 6902",autobuss,21.4969640,56.4468515
13543,Sarmas,4,"5340, 5350, 5365, 6902",autobuss,21.4671014,56.4516023
13544,Paplaka,4,"5340, 5350, 5365, 6902",autobuss,21.4432043,56.4532837
13545,Skola,3,"5340, 5350, 5365",autobuss,21.4149043,56.4712722
13546,Virga,1,5340,autobuss,21.4057515,56.4844981
13547,Jūrnieki,2,"5972, 6905",autobuss,21.5714008,56.4298705
13548,Purmsāti,2,"5972, 6905",autobuss,21.5260210,56.4035368
13549,Salmiņi,2,"5972, 6905",autobuss,21.4836072,56.3924716
13550,Priednieki,2,"5972, 6905",autobuss,21.4610331,56.3820284
13551,Kārkli,1,6347,autobuss,26.2441476,57.0533620
13552,Strazdes skola,1,5122,autobuss,22.7243906,57.1302054
13553,Lēdas,2,"5122, 7990",autobuss,22.6694715,57.1347825
13554,Tīrumi,1,5316,autobuss,22.6197050,57.1394610
13556,Pleiki,1,6211,autobuss,27.5009901,55.9454673
13563,Igate,4,"5458, 7660, 7661, 7663",autobuss,24.6859800,57.3830800
13564,Vienība,3,"5365, 5967, 6902",autobuss,21.5354389,56.3311894
13565,Lāmi,1,6905,autobuss,21.3576487,56.3533970
13566,Mazkalēti,1,6905,autobuss,21.4206810,56.3710707
13568,Ječi,1,6785,autobuss,21.2094458,56.2792021
13570,Drāznieki,1,6785,autobuss,21.2054727,56.2957319
13575,Rosība,1,5023,autobuss,26.4594509,56.7572391
13576,Lauri,1,5112,autobuss,21.0684046,56.3596172
13577,Dunduri,2,"5112, 6907",autobuss,21.0647929,56.3670521
13578,Rudes skola,2,"5112, 6907",autobuss,21.0895840,56.3739008
13579,Otaņķi,2,"5112, 6907",autobuss,21.0976956,56.3824933
13580,Otaņķu mežniecība,2,"5112, 6907",autobuss,21.1102613,56.3977271
13581,Otaņķu pasts,2,"5112, 6907",autobuss,21.1001372,56.4249922
13582,Arāji,1,6907,autobuss,21.0954088,56.4442369
13583,Saulkrasti,1,6907,autobuss,21.1017697,56.4658565
13585,Vītiņi,1,6907,autobuss,21.1041321,56.4954090
13586,Ālandes stacija,2,"5301, 6907",autobuss,21.1172827,56.5246905
13587,Grobiņa (Namiķa iela),2,"5301, 6907",autobuss,21.1571803,56.5331916
13588,Mežaine,1,6901,autobuss,20.9953780,56.3244470
13590,Eglītes,5,"5112, 6785, 6820, 6901, 6909",autobuss,20.9929074,56.3844962
13591,Bernāti,5,"5112, 6818, 6820, 6901, 6909",autobuss,20.9879762,56.3789862
13592,Pātari,5,"5112, 6818, 6820, 6901, 6909",autobuss,20.9885262,56.3739615
13593,Alpi,5,"5112, 6818, 6820, 6901, 6909",autobuss,20.9945418,56.3696071
13594,Sikšņi,1,6785,autobuss,21.2529782,56.2629616
13596,Rosība,1,5023,autobuss,26.4598523,56.7574408
13597,Elkšupe,1,5023,autobuss,26.5142650,56.7610555
13598,Elkšupe,1,5023,autobuss,26.5142578,56.7611872
13600,Oši,1,6792,autobuss,23.2017396,56.6942714
13602,Tilderi,3,"6611, 7165, 7769",autobuss,26.3309605,57.4530169
13603,Zvārtavas pagrieziens,2,"5409, 7908",autobuss,26.3756102,57.5268916
13607,Karitāni,8,"5434, 6447, 6448, 6690, 6702, 7646, 7669",autobuss,27.1365591,57.4064156
13609,Naglas,7,"6447, 6690, 6696, 6702, 7646, 7669",autobuss,27.1523217,57.3850789
13610,Vilnīši,3,"6447, 6690, 6702",autobuss,27.1870887,57.3473422
13612,Katrīnburga,5,"6690, 6702, 7646, 7669",autobuss,27.3602724,57.3416342
13618,Slimnīca,2,"6392, 6403",autobuss,24.5154542,56.6027608
13621,Ilzenes pagrieziens,2,"7769, 7915",autobuss,26.7073299,57.3817431
13622,Ādams,2,"7769, 7915",autobuss,26.6696424,57.4350223
13624,Lauktehnika,3,"5144, 6373, 6388",autobuss,24.1630241,56.3825499
13626,Mežslokas,2,"7769, 7915",autobuss,26.6443924,57.4001140
13630,Brīvāres,1,5496,autobuss,25.3573118,56.1861771
13634,Baznīckrogs,1,6383,autobuss,23.9663669,56.3856737
13635,Ošu muiža,1,6383,autobuss,23.9205446,56.3789781
13637,Viesturi,3,"5312, 5315, 6386",autobuss,24.0301967,56.4819334
13640,Varžupuriņš,1,5436,autobuss,27.0232978,57.3729982
13641,Ķirkas,1,5436,autobuss,26.9929271,57.3637229
13642,Kantorkrogs,1,5436,autobuss,26.9718141,57.3483984
13643,Ate,2,"5194, 5436",autobuss,26.9281566,57.3177360
13644,Mūrnieki,1,5436,autobuss,26.9494368,57.3299195
13645,Budberga,1,6380,autobuss,24.5377887,56.3173252
13646,Anna,3,"5194, 5444, 5445",autobuss,27.0274455,57.3357789
13647,Ķūderi,1,6696,autobuss,27.1835798,57.3482024
13648,Radžēļi,1,5025,autobuss,26.5673127,56.7377652
13649,Sebežnieki,1,6696,autobuss,27.1352617,57.3268008
13650,Jaunstricki,1,6696,autobuss,27.1740898,57.3358665
13651,Murjāņi,1,6447,autobuss,27.2460010,57.3757078
13654,Mauriņi,1,6643,autobuss,24.9941119,57.6492839
13655,DUS,2,"5898, 5899",autobuss,25.7626985,56.1555708
13658,Sprīvuļi,1,6693,autobuss,26.8094543,57.3197460
13659,Ferma,2,"6392, 6403",autobuss,24.3777386,56.5803295
13660,Misas tautas nams,1,6392,autobuss,24.3588860,56.5530427
13661,Svelberģis,2,"7910, 7911",autobuss,26.7335480,57.1852691
13662,Degļupe,2,"5333, 7152",autobuss,26.1066808,57.2003067
13669,Radžēļi,1,5025,autobuss,26.5672925,56.7377311
13670,Sumeinieki,1,5025,autobuss,26.5653697,56.7431217
13671,Sumeinieki,1,5025,autobuss,26.5654272,56.7432262
13673,Gārša,1,5037,autobuss,26.6106616,57.3503482
13675,Svelberģis,2,"6015, 6025",autobuss,26.7380452,57.1852882
13676,Spriņģi,1,6015,autobuss,26.7552178,57.2355294
13677,Mālmuiža,1,5538,autobuss,26.4540445,57.3105408
13681,Taurkalne,2,"5526, 6128",autobuss,24.9355976,56.5625050
13691,Pērses tilts,2,"5975, 6102",autobuss,25.3918986,56.6567591
13692,Vesetnieki,1,6430,autobuss,25.8412200,56.6197050
13693,Strautiņi,1,5526,autobuss,24.9275069,56.4133131
13695,Burtnieki,3,"6141, 6429, 7702",autobuss,25.6963520,56.6616141
13696,Upītes,2,"6141, 6429",autobuss,25.6897106,56.6726493
13697,Krustceles,3,"6141, 6429, 7702",autobuss,25.6844041,56.6889746
13700,Kalna skola,1,5038,autobuss,26.5906792,57.1233889
13702,Pērle,2,"6017, 6018",autobuss,26.1782584,57.0896675
13704,Stigas,1,6010,autobuss,26.3621371,57.1271872
13705,Valgales skola,1,6416,autobuss,22.4850013,57.0545983
13707,Zemvalži,1,6200,autobuss,26.2047041,55.9969798
13710,Īve,1,6422,autobuss,22.5263597,57.4262108
13711,Nikuži,1,6422,autobuss,22.5206891,57.4111778
13712,Tiltiņi,1,6422,autobuss,22.5321401,57.3869546
13715,Viesturskola,7,"5427, 6500, 6615, 6622, 6633, 7743, 7819",autobuss,25.4344519,57.5490145
13717,Līburi,1,7964,autobuss,25.5430894,56.9042694
13718,Aizpurvi,1,7964,autobuss,25.5990610,56.9047516
13719,Liede,6,"7177, 7662, 7664, 7710, 7749, 7968",autobuss,25.9018210,57.0475760
13724,Jāņmuiža,1,7147,autobuss,25.6780000,56.9165815
13726,Aiviekste,7,"6357, 7202, 7693, 7702, 7850, 7989, 7997",autobuss,25.9401709,56.6478481
13727,Ļaudonas pagrieziens,5,"6357, 7693, 7702, 7850, 7989",autobuss,25.9565487,56.6606395
13728,Grantskalni,5,"6357, 7693, 7702, 7850, 7989",autobuss,25.9859496,56.7129234
13729,Druvmaļi,2,"6357, 7850",autobuss,25.9923779,56.7220496
13730,Veckalsnava,6,"6357, 7202, 7693, 7702, 7850, 7989",autobuss,26.0227865,56.7474928
13731,Ozollejas,4,"6357, 7693, 7702, 7989",autobuss,26.0306238,56.7706388
13732,Kapukalns,4,"5276, 6027, 7202, 7628",autobuss,26.6978658,57.1332218
13733,Sili,3,"6338, 6749, 6999",autobuss,26.3102740,56.7759516
13734,Namkalns,3,"6517, 6996, 7702",autobuss,25.7070343,56.8170355
13735,Mažnēni,3,"6996, 7702, 7799",autobuss,25.6978048,56.8407905
13736,Āķēni,3,"6517, 6996, 7702",autobuss,25.6818177,56.8789711
13738,Vilciņi,1,6749,autobuss,26.2459708,56.7268788
13739,Dupeni,1,6749,autobuss,26.2901883,56.7390042
13740,Indrāni,3,"6339, 6376, 6507",autobuss,26.6396287,56.9333820
13741,Liedeskrogs,3,"6339, 6376, 6507",autobuss,26.5693985,56.9461001
13742,Kroņamuiža,2,"6376, 6507",autobuss,26.4679714,56.9837753
13743,Maurāni,5,"6509, 7044, 7712, 7728, 7749",autobuss,26.6561850,56.6061935
13746,Nuķi,2,"6607, 6681",autobuss,25.0073625,57.9354537
13747,Blanka,3,"7774, 7803, 7812",autobuss,25.0467626,57.7144828
13750,Kandavas pagrieziens,11,"5183, 5544, 6046, 6411, 7041, 7259, 7684, 7948, 7955, 7990, K7955",autobuss,22.8166289,57.0698425
13751,Sāti,5,"5299, 6031, 6039, 6045, 7328",autobuss,22.9677081,56.9095609
13752,Grenči,3,"5299, 6039, 7328",autobuss,22.8754312,56.8970429
13753,Skrimbas,3,"5299, 6039, 7328",autobuss,22.8389035,56.9091538
13754,Zemīte,6,"5184, 5299, 6039, 6045, 7259, 7328",autobuss,22.7981112,56.9248251
13755,Dzedru skola,2,"6405, 6406",autobuss,23.0349701,57.2485108
13757,Brīvnieki,2,"5543, 6034",autobuss,23.1510730,57.0245028
13758,Ķesterciema pagrieziens,6,"5543, 6034, 7946, 7947, 7950, 7951",autobuss,23.2130135,57.1037775
13759,Varieba,1,7258,autobuss,22.5793752,56.8648505
13760,Kandavas stacija,2,"5544, 6411",autobuss,22.8211746,57.0840793
13762,Mūrnieku tilts,1,6035,autobuss,23.0170272,56.8563465
13763,Irlava,3,"6031, 6035, 6066",autobuss,22.9969836,56.8746680
13767,Vagalis,1,5427,autobuss,25.4935745,57.6123528
13769,Kalnakrogs,2,"7177, 7710",autobuss,25.9589987,57.0421595
13770,Smilšukrogs,1,7710,autobuss,26.0257295,57.0262275
13771,Strautmaļi,1,6613,autobuss,25.4858528,57.4717180
13772,Vākšēni,2,"6619, 6632",autobuss,25.2052781,57.6280585
13775,Puļķi,1,6735,autobuss,26.1206816,57.0015586
13776,Skanuļi,2,"6735, 7177",autobuss,26.1511751,57.0011547
13777,Kārzdaba,4,"6733, 6735, 7177, 7664",autobuss,26.2133748,56.9810031
13778,Madernieki,2,"6733, 6735",autobuss,26.2663189,56.9749797
13782,Sidrabiņi,3,"6517, 6736, 6996",autobuss,25.6517572,56.8206821
13783,Jāņukalns,1,6723,autobuss,25.9021835,56.7463700
13784,Ites,1,6723,autobuss,25.9273242,56.7645303
13785,Virska,1,6723,autobuss,25.9554358,56.7733174
13786,Rēķi,1,6723,autobuss,25.9943506,56.7802776
13787,Skola,2,"6255, 6826",autobuss,24.4232770,57.0472780
13791,Dumpji,5,"6779, 6844, 6847, 6848, 6991",autobuss,24.1868809,56.8601961
13792,Alejas,5,"6779, 6844, 6847, 6848, 6991",autobuss,24.1931113,56.8540849
13793,Priedes,5,"6779, 6844, 6847, 6848, 6991",autobuss,24.2000806,56.8488691
13794,Muižnieki,6,"6779, 6844, 6847, 6848, 6991, 7467",autobuss,24.2274085,56.8351750
13803,Zvērsaimniecība,1,5203,autobuss,21.6350103,57.4208562
13804,Akmeņdziras,2,"5202, 7682",autobuss,21.6846110,57.4591320
13805,Riesti,2,"5202, 7682",autobuss,21.7150700,57.4680241
13806,Muižnieki,2,"5202, 7682",autobuss,21.7621778,57.4818392
13807,Vēde,2,"5202, 7682",autobuss,21.8369664,57.4992703
13808,Rinda,2,"5202, 7682",autobuss,21.8966469,57.5201016
13809,Krāni,2,"5202, 7682",autobuss,21.9212943,57.5299456
13810,Kalni,2,"5202, 7682",autobuss,21.9705183,57.5255170
13812,Ameles,2,"6496, 6497",autobuss,22.2305545,57.3748543
13814,Kalngale,3,"6824, 6842, 6855",autobuss,24.1589711,57.0777002
13815,Carnikava,3,"6824, 6842, 6855",autobuss,24.2784512,57.1289417
13816,Želvi,1,6987,autobuss,26.7375729,56.2198066
13817,Polockieši,3,"6949, 6958, 6972",autobuss,26.7024317,56.2392439
13818,Dovale,3,"6949, 6958, 6972",autobuss,26.6684010,56.2282024
13821,Kaļvi,3,"6949, 6958, 6972",autobuss,26.5802205,56.2117172
13822,Broduži,3,"6949, 6958, 6972",autobuss,26.5582173,56.2031309
13823,Babri,1,6968,autobuss,26.6872634,56.3251389
13824,Kalnacki,1,6968,autobuss,26.7132213,56.3487214
13825,Siera rūpnīca,3,"6882, 6884, 6987",autobuss,26.7201244,56.2774355
13826,Tiltova,1,5484,autobuss,26.5043969,56.2855766
13827,Raunieši,1,5484,autobuss,26.4652721,56.2921326
13828,Kārļi,1,5484,autobuss,26.4485125,56.3097382
13834,Zepi,5,"5469, 5470, 5487, 6657, 6976",autobuss,26.1856448,56.4061801
13835,Zundāni,4,"5469, 5487, 6657, 6976",autobuss,26.2180160,56.4257810
13836,Gaiņi,5,"5469, 5470, 5487, 6657, 6976",autobuss,26.2395291,56.4370737
13837,Veceļi,2,"5487, 6657",autobuss,26.2898190,56.4494060
13838,Vārpsala,2,"5487, 6657",autobuss,26.3578420,56.4496950
13839,Turki,3,"5469, 5470, 6976",autobuss,26.2670564,56.4485275
13840,Vidsala,3,"5469, 5470, 6976",autobuss,26.2671480,56.4800700
13841,Gruguļi,3,"5469, 5470, 6976",autobuss,26.2572060,56.4990350
13842,Tilts,2,"5469, 6924",autobuss,26.4008810,56.3665130
13843,Kivlenieki,2,"5469, 6924",autobuss,26.4360910,56.3988950
13844,Bernāni,1,6961,autobuss,27.0652687,56.1601896
13845,Puncuļi,1,6956,autobuss,26.6276939,56.3651030
13846,Jezufinova,1,6956,autobuss,26.6601520,56.3757750
13847,Betišķi,1,6956,autobuss,26.6551120,56.4024024
13848,Pieniņi,1,6968,autobuss,26.7207945,56.3659220
13849,Skuteļi,1,6968,autobuss,26.7166631,56.3910968
13850,Strazde,8,"5121, 5122, 7041, 7259, 7684, 7948, 7955, 7990",autobuss,22.7370957,57.1313012
13851,Sknābe,8,"5121, 5122, 5316, 7041, 7259, 7684, 7948, 7955",autobuss,22.6904770,57.1521419
13852,Lībagi,6,"5121, 5122, 5316, 7041, 7948, 7955",autobuss,22.6602568,57.1699635
13853,Lībagu skola,3,"5121, 5122, 5316",autobuss,22.6491333,57.1751757
13854,Draudzība,4,"5439, 7511, 7684, 7948",autobuss,22.4962214,57.2138606
13855,Ģibuļi,5,"5439, 7511, 7684, 7948, 7955",autobuss,22.4332225,57.2048176
13856,Uzvara,5,"5439, 7511, 7684, 7948, 7955",autobuss,22.3763167,57.1906497
13857,Veccepļi,2,"5439, 7511",autobuss,22.3080944,57.2024457
13858,Vīceži,7,"5122, 5316, 6414, 6416, 7260, 7509, 7512",autobuss,22.5781831,57.2143479
13859,Selekcija,9,"5122, 5316, 6414, 6416, 7260, 7509, 7512, 7990",autobuss,22.5639637,57.1874931
13860,Pitrags,2,"6001, 7946",autobuss,22.3975365,57.6945288
13861,Valdgale,10,"5385, 6402, 6408, 6412, 6413, 6422, 6435, 6438, 7041, 7947",autobuss,22.5736174,57.2806987
13862,Indiņi,5,"5385, 6402, 6422, 6435, 6438",autobuss,22.5349147,57.3147150
13863,Pūņas,5,"5385, 6402, 6422, 6435, 6438",autobuss,22.5017421,57.3450498
13864,Cīruļi,4,"5385, 6435, 6438, 7041",autobuss,22.4779670,57.3747887
13865,Dreimaņi,4,"5385, 6435, 6438, 7041",autobuss,22.4440594,57.4008087
13866,Valpene,4,"5385, 6435, 6438, 7041",autobuss,22.3988308,57.4301082
13867,Dinsberga muzejs,5,"5385, 5998, 6435, 6438, 7041",autobuss,22.3774525,57.4589773
13868,Eniņi,5,"5385, 5998, 6435, 6438, 7041",autobuss,22.3654454,57.4688069
13869,Vīgrieze,4,"6408, 6412, 6413, 6422",autobuss,22.5835588,57.3013511
13870,Mežgravas,7,"6408, 6412, 6413, 6422, 6438, 7041, 7947",autobuss,22.5919213,57.3208390
13871,Ārlava,4,"6408, 6412, 6413, 7947",autobuss,22.5930394,57.3944183
13872,Lubezeres pagrieziens,4,"6408, 6412, 6413, 7947",autobuss,22.6009458,57.4074616
13873,Anuži,4,"6408, 6412, 6413, 7947",autobuss,22.6017059,57.4239546
13875,Lube,4,"6408, 6412, 6413, 7947",autobuss,22.6529734,57.4491878
13876,Lubezeres skola,3,"6408, 6413, 7947",autobuss,22.7169077,57.4868087
13877,Rojupe,3,"6408, 6413, 7947",autobuss,22.7287654,57.4909776
13878,Zvirgzdi,7,"3200, 6401, 6405, 6408, 6409, 6412, 6434",autobuss,22.6034690,57.2525564
13880,Laidzes tautas nams,6,"6401, 6405, 6408, 6409, 6412, 6434",autobuss,22.6223638,57.2704935
13882,Lādzere,6,"6401, 6405, 6408, 6409, 6412, 6434",autobuss,22.7275723,57.2965523
13884,Vandzene,6,"6401, 6405, 6408, 6409, 6412, 6434",autobuss,22.7756217,57.3098211
13886,Vandzenes skola,5,"6401, 6405, 6408, 6412, 6434",autobuss,22.8019042,57.3274766
13887,Upītes,3,"6401, 6405, 6408",autobuss,22.8628932,57.3341704
13888,Kannenieki,3,"6401, 6405, 6408",autobuss,22.9265091,57.3557435
13889,Uguņi,3,"6401, 6405, 6408",autobuss,22.9599073,57.3795865
1389,Krustceles,1,5469,autobuss,26.4349082,56.5185904
13890,Upesgrīva,3,"6401, 6405, 6408",autobuss,23.0045005,57.3892406
13891,Dursupe,2,"6407, 7951",autobuss,22.8859330,57.1904820
13892,Liesma,2,"6407, 7951",autobuss,22.8303940,57.2070565
13893,Mežuļi,2,"6407, 7951",autobuss,22.7796228,57.2178856
13894,Lauciene,4,"6405, 6406, 6407, 7951",autobuss,22.7465812,57.2281672
13895,Odre,4,"6405, 6406, 6407, 7951",autobuss,22.7072450,57.2335830
13896,Mērsrags,3,"6406, 7946, 7947",autobuss,23.1233873,57.3370562
13897,Ķīsteri,2,"6405, 6408",autobuss,23.0943500,57.3533200
13898,Upesgrīva,4,"6405, 6408, 7946, 7947",autobuss,23.0085703,57.3887721
13899,Valgalciems,4,"6401, 6408, 7946, 7947",autobuss,22.9467336,57.4100593
1390,Krustceles,1,5469,autobuss,26.4349052,56.5188044
13900,Dambīši,4,"6401, 6408, 7946, 7947",autobuss,22.9100053,57.4330732
13901,Kaltene,4,"6401, 6408, 7946, 7947",autobuss,22.8922645,57.4520626
13902,Rojnieki,4,"6401, 6408, 7946, 7947",autobuss,22.8561404,57.4810379
13904,Melnsils,3,"5385, 6413, 7946",autobuss,22.5736377,57.6515994
13906,Uši,3,"5385, 6413, 7946",autobuss,22.5682568,57.7011156
13907,Kolka,4,"5385, 6001, 6413, 7946",autobuss,22.5858524,57.7437808
13908,Alakste,3,"5997, 6008, 6011",autobuss,22.4201624,57.5453111
13909,Upenieki,2,"6405, 6406",autobuss,22.9848671,57.2601984
13910,Baltija,2,"6416, 7260",autobuss,22.5188477,57.0303822
13911,Egles,1,6416,autobuss,22.5312792,57.0357448
13913,Gubanišķi,2,"6926, 6928",autobuss,26.7543876,56.1492938
13914,Kotleri,2,"6926, 6928",autobuss,26.7927130,56.1486311
13915,Vilnīši,2,"5470, 6900",autobuss,26.1052540,56.4055180
13916,Veiguri,7,"5470, 6900, 7799, 7852, 7867, 7878, 7981",autobuss,26.1298800,56.3997050
13917,Ļūmāni,1,6338,autobuss,26.3068416,56.6179331
13918,Babri,1,6987,autobuss,26.7140985,56.2289089
13920,Sīna Pūrs,2,"5506, 5507",autobuss,27.0742393,56.1334490
13921,Mālkalns,3,"5469, 5487, 6657",autobuss,26.4034930,56.4394740
13922,Steķi,2,"5487, 6657",autobuss,26.3751370,56.4488400
13923,Spāre,5,"5439, 7511, 7684, 7948, 7955",autobuss,22.2650984,57.2194558
13924,Puriņi,1,6416,autobuss,22.5414090,57.0496550
13925,Ievkalni,1,6416,autobuss,22.5065910,57.0526370
13926,Abavciems,1,6416,autobuss,22.4744920,57.0517900
13928,Jaunpagasts,4,"5121, 5122, 5316, 7990",autobuss,22.6428260,57.1289434
13929,Kalni,2,"6405, 6406",autobuss,22.7836028,57.2340236
13930,Oktes pagrieziens,2,"6405, 6406",autobuss,22.8169951,57.2470662
13931,Pļavu skola,2,"6405, 6406",autobuss,22.8654980,57.2513385
13932,Pļavas,2,"6405, 6406",autobuss,22.8915681,57.2592239
13933,Jādekši,2,"6405, 6406",autobuss,22.9586464,57.2651630
13934,Ķūļi,2,"6405, 6406",autobuss,23.0344908,57.2718982
13935,Krievrags,2,"6405, 6406",autobuss,23.0581726,57.2895171
13936,Alksnāji,2,"6405, 6406",autobuss,23.0457429,57.3147959
13937,Ķipati,2,"6405, 6406",autobuss,23.0603880,57.3336860
13938,Pienotava,2,"6405, 6406",autobuss,23.0871900,57.3436028
13939,Lielvirbi,6,"6414, 6416, 7260, 7509, 7512",autobuss,22.5665459,57.0853015
13940,Ezerkalni,5,"5121, 5122, 5316, 6416, 7509",autobuss,22.6054050,57.2173994
13941,Lindskalni,2,"5121, 5122",autobuss,22.6138190,57.2048754
13942,Ērgļukrogs,3,"5121, 5122, 7259",autobuss,22.6297478,57.1862832
13943,Sukturi,2,"6405, 6406",autobuss,22.6261599,57.2415687
13945,Zūras,1,6409,autobuss,22.6458240,57.3699075
13946,Saslaukas,2,"6409, 6412",autobuss,22.6683809,57.3600964
13947,Nogales pagrieziens,2,"6409, 6434",autobuss,22.7078435,57.3504134
13948,Sniķeri,2,"6409, 6434",autobuss,22.7378637,57.3398183
13949,Ārsti,2,"6409, 6434",autobuss,22.7511897,57.3224573
13950,Pobuži,1,6402,autobuss,22.4463670,57.3722808
13951,Lielsalas,1,6402,autobuss,22.3709839,57.3713639
13952,Dārte,2,"6412, 6434",autobuss,22.7914860,57.3485055
13953,Nogale,2,"6412, 6434",autobuss,22.7340040,57.3715746
13954,Bīlavu pagrieziens,1,6412,autobuss,22.7345572,57.3770012
13955,Bīlavas,1,6412,autobuss,22.7002968,57.4185282
13957,Āži,2,"5385, 6435",autobuss,22.3585579,57.5516868
13958,Vecvagari,3,"5385, 6008, 6435",autobuss,22.4054161,57.5852913
13959,Vīdale,3,"5385, 6008, 6435",autobuss,22.4470537,57.6066866
13961,Ezeri,1,5385,autobuss,22.5579963,57.6219507
13963,Tēraudi,3,"5530, 6835, 7227",autobuss,24.3921713,56.9046356
13965,Jaunzemnieki,2,"6642, 6724",autobuss,24.5178802,57.2479293
13966,Sidgunda,3,"6876, 6992, 7228",autobuss,24.9172286,56.9592898
13968,Krūkļi,2,"6847, 7467",autobuss,24.2732000,56.7957425
13971,Kotļarova,2,"6962, 7439",autobuss,26.8904105,56.3721484
13972,Kazēri,2,"6958, 6981",autobuss,26.4896754,56.2103734
13973,Zabludnieki,2,"6958, 6981",autobuss,26.4715225,56.2259436
13974,Kursīši,2,"6958, 6981",autobuss,26.4533134,56.2324528
13975,Mazkursīši,3,"6943, 6958, 6981",autobuss,26.4287808,56.2359169
13976,Mačāni,2,"6958, 6981",autobuss,26.3995167,56.2516367
13977,Šķilteri,2,"6958, 6981",autobuss,26.3874458,56.2722692
13979,Vanagi,3,"6943, 6958, 6981",autobuss,26.3764290,56.2889963
13980,Arendole,1,6886,autobuss,26.6098863,56.1493699
13981,Pumpuri,1,6886,autobuss,26.6003669,56.1555007
13982,Saliņa,1,6886,autobuss,26.5703382,56.1673979
13983,Dubenca,1,6886,autobuss,26.5248284,56.1851212
13984,Veterinārā aptieka,2,"6949, 6972",autobuss,26.4950983,56.1955013
13985,Dzintars,2,"6949, 6972",autobuss,26.4450883,56.2091616
13986,Rimicāni,2,"6949, 6972",autobuss,26.4303771,56.2111433
13987,Brieži,2,"6949, 6972",autobuss,26.4088236,56.2143640
13988,Kvedervecumi,2,"6949, 6972",autobuss,26.3784988,56.2298632
13989,Spričvecumi,2,"6949, 6972",autobuss,26.3542997,56.2437786
1399,Kubas,2,"6847, 7467",autobuss,24.3423164,56.7497057
13990,Stari,2,"6949, 6972",autobuss,26.3591454,56.3027278
13991,Rušenieki,2,"6949, 6972",autobuss,26.3454967,56.3303129
13992,Vārpas,2,"6847, 6848",autobuss,24.3524589,56.7066946
13993,Nabiņas,1,6779,autobuss,24.4481599,56.8149803
13997,Priedīte,2,"5018, 6724",autobuss,24.4544061,57.2695707
13998,Čīčas,3,"5254, 7012",autobuss,22.6553044,56.6517511
13999,Kapukrogs,2,"7259, 7328",autobuss,22.7149623,56.7934627
14,A.Upīša iela,4,"3002, 5238, 6090, 6091",autobuss,24.5774440,56.8199419
1400,Kubas,1,6847,autobuss,24.3419794,56.7500637
14001,Ūķi,1,6747,autobuss,22.5111044,56.6338272
14002,Zvejnieki,1,6747,autobuss,22.5317040,56.6137684
14004,Ļūmāni,1,6338,autobuss,26.3068717,56.6176670
14007,Spundžāni,3,"5136, 7435, 7728",autobuss,27.2747052,56.5294706
14008,Vonogova,8,"5150, 6557, 7448, 7449, 7451, 7464, 7669",autobuss,27.5016345,56.6541168
14009,Červonka,6,"5150, 6557, 7449, 7451, 7464, 7669",autobuss,27.4821973,56.6414877
14010,Marientāle,7,"5150, 6557, 7449, 7451, 7464, 7669",autobuss,27.4481813,56.6151181
14011,Purmaļi,1,5150,autobuss,27.4128203,56.5924575
14012,Tūmuži,7,"5137, 5150, 6557, 7449, 7451, 7464, 7669",autobuss,27.3905363,56.5823187
14013,Adamova,12,"5137, 5150, 5626, 6436, 6535, 6557, 7448, 7449, 7451, 7464, 7669",autobuss,27.3631187,56.5596615
14015,Vainovas pagrieziens,7,"7445, 7452, 7479, 7541, 7892",autobuss,27.0998415,56.3023348
14016,Krāce,7,"7445, 7479, 7541, 7892, 7979",autobuss,27.0681020,56.2697970
14017,Čornaja,6,"6482, 6561, 6563, 6569, 7557, 7564",autobuss,27.4182111,56.3858740
14018,Dukstigals,6,"6482, 6561, 6563, 6569, 7557, 7564",autobuss,27.4402384,56.3705117
14019,Foļvarkova,6,"6482, 6561, 6563, 6565, 7557, 7564",autobuss,27.4857608,56.3583948
14020,Višķeri,2,"6482, 6565",autobuss,27.2118949,56.3380832
14021,Špeļi,2,"6482, 6569",autobuss,27.2374945,56.3298175
14022,Zosna,2,"6482, 6569",autobuss,27.3356624,56.3271072
14023,Gineviči,1,6569,autobuss,27.3670802,56.3241377
14024,Dvarči,1,6569,autobuss,27.4244984,56.2999709
14025,Lipuški,2,"6482, 6565",autobuss,27.4365165,56.2920610
14026,Škrabi,2,"6482, 6569",autobuss,27.4726556,56.2826552
14027,Malukšta,2,"6482, 6569",autobuss,27.4956189,56.2846840
14028,Lamaši,2,"6482, 6569",autobuss,27.5131517,56.3060228
14030,Stūrnieki,1,5029,autobuss,26.0512001,56.4562659
14031,Trepe,6,"7010, 7799, 7852, 7867, 7878, 7981",autobuss,26.0714051,56.4382440
14034,Salātnieki,2,"5496, 7493",autobuss,25.4102499,56.1876523
14035,Rite,1,5496,autobuss,25.4564032,56.1949810
14036,Rāksala,1,6338,autobuss,26.3246703,56.6021813
14037,Rāksala,1,6338,autobuss,26.3253279,56.6018862
14039,Bērzgale,1,6557,autobuss,27.5127539,56.6317931
14040,Sarkaņi,1,6484,autobuss,27.5584253,56.5640820
14041,Ciskova,1,6484,autobuss,27.5267841,56.5445675
14042,Skaugaļi,1,6484,autobuss,27.4583702,56.5319930
14043,Gaigalava,5,"5142, 6486, 6567, 6570, 7668",autobuss,27.0681395,56.7332325
14045,Jaunlazdona,1,6736,autobuss,26.1542805,56.8592958
14046,Zīlnieki,4,"6095, 6139, 7228, 7964",autobuss,24.8562120,56.8969152
14047,Vārpas,3,"5414, 6208, 7964",autobuss,25.0083572,56.9247256
14048,Kastrāne,4,"5414, 6095, 6208, 7964",autobuss,25.0596272,56.9218847
14049,Jaunlazdona,1,6736,autobuss,26.1555033,56.8587820
14050,Līčupe,3,"5414, 6067, 7964",autobuss,25.4202364,56.8973871
14051,Kalnāju pagrieziens,3,"3016, 5416, 7227",autobuss,24.5804692,56.8351334
14055,Lāčplēša stacija,1,6117,autobuss,24.7940000,56.5764310
14056,Zvaniņi,1,6139,autobuss,25.3513224,56.8431259
14057,Meņģele,1,6139,autobuss,25.4134659,56.8071095
14058,Rūpnieki,3,"5009, 6139, 7964",autobuss,24.9830317,56.8814234
14059,Jāņumuiža,2,"6139, 7964",autobuss,24.9612756,56.8846380
14065,Krieviņi,1,6484,autobuss,27.3603599,56.5493596
14066,Rudzis,1,6484,autobuss,27.4220004,56.5583546
14067,Ceplīši,1,6484,autobuss,27.4514961,56.5640162
14068,Lendži,1,6484,autobuss,27.5087115,56.5826655
14069,Rukmoni,1,6482,autobuss,27.3944626,56.2677242
14074,Kaunata,5,"6549, 6561, 6563, 6565, 6569",autobuss,27.5458941,56.3317278
14075,Utāni,1,6482,autobuss,27.3525311,56.2789706
14076,Bondari,1,6482,autobuss,27.3456228,56.2957407
14077,Feimaņi,3,"6977, 7452, 7892",autobuss,27.0435745,56.2729420
1408,Kūdupe,1,5434,autobuss,27.4333360,57.4485360
14080,Ievas,1,5216,autobuss,25.1212966,56.8223885
14082,Rutki,1,6108,autobuss,24.6908756,56.7439239
14084,Krapes pagrieziens,1,7764,autobuss,25.1590744,56.7219552
14085,Mēru pagrieziens,12,"5429, 6506, 6596, 6611, 7152, 7165, 7653, 7736, 7769, 7905, 7906, 7915",autobuss,26.1142225,57.4223187
14086,Grundzāle,12,"5429, 6505, 6506, 6611, 7164, 7165, 7653, 7736, 7769, 7905, 7906, 7915",autobuss,26.2570987,57.4559880
14087,Stapriņi,1,6611,autobuss,26.1854021,57.4635653
14088,Jurģēni,8,"7157, 7634, 7719, 7804, 7808, 7817, 7840",autobuss,25.8221054,57.4459048
1409,Kūdupe,1,5434,autobuss,27.4336001,57.4482702
14090,Ērģeme,4,"5384, 6614, 6670, 7819",autobuss,25.8037479,57.8035108
14093,Veterinārā klīnika,1,6611,autobuss,25.9261392,57.4400379
14094,Šķipeles,6,"5398, 5409, 6596, 6611, 6627, 7908",autobuss,25.9487560,57.4593133
14096,Kalējiņi,2,"6670, 7819",autobuss,25.5882390,57.7479597
14097,Daksti,2,"6670, 7819",autobuss,25.6398945,57.7520253
14098,Ķeizari,1,6611,autobuss,26.1413777,57.4549218
14100,Mierkalns,4,"5409, 6505, 6506, 7908",autobuss,26.1917927,57.5608110
14101,Ozolu skola,1,5409,autobuss,26.2232123,57.5638894
14103,Žagatas,1,6670,autobuss,25.5981465,57.7087253
14104,Džindžas,1,6611,autobuss,26.1300110,57.4516504
14106,Ķeiži,1,5427,autobuss,25.5494728,57.6292319
14109,Višķi,2,"6597, 6686",autobuss,25.8039374,57.5443634
14116,Lankaskalns,1,6505,autobuss,26.2039921,57.4115770
14119,Ķempu skola,3,"6505, 6596, 7152",autobuss,26.1803897,57.3453668
14121,Vizla,1,6611,autobuss,26.2771772,57.4249947
14122,Dobuļi,1,6611,autobuss,26.1718668,57.4615667
14123,Silakrogs (ciems),3,"6829, 6830, 6831",autobuss,24.4299284,56.9637115
14127,Zaķumuiža,3,"6829, 6830, 6831",autobuss,24.4793680,56.9705373
14129,Loja,3,"5612, 6642, 6724",autobuss,24.6455869,57.1522510
14130,Kaļpi,3,"6339, 6866, 6997",autobuss,26.3381904,56.7909433
14131,Jaudas iela,3,"5530, 5777, 5835",autobuss,24.2568144,56.9138250
14132,TEC-2,3,"5530, 5777, 5835",autobuss,24.2751860,56.9144986
14133,Kaļpi,3,"6339, 6866, 6997",autobuss,26.3385210,56.7906440
14135,Trākši,3,"6339, 6866, 6997",autobuss,26.3427420,56.7852995
14136,Trākši,3,"6339, 6866, 6997",autobuss,26.3427777,56.7851764
14138,Slimnīca,1,3200,autobuss,22.5928979,57.2378265
14139,Stende,9,"5122, 5316, 6414, 6416, 7260, 7509, 7512, 7990",autobuss,22.5356563,57.1468500
14140,Kamatauskas,3,"6339, 6866, 6997",autobuss,26.3666766,56.7716322
14141,Saikava,3,"6339, 6866, 6997",autobuss,26.3915558,56.7598844
14142,Saikava,3,"6339, 6866, 6997",autobuss,26.3913691,56.7599673
14143,Vecsaikava,3,"6339, 6866, 6997",autobuss,26.4410838,56.7729003
14144,Vecsaikava,3,"6339, 6866, 6997",autobuss,26.4416483,56.7729837
14145,Dobupe,2,"6339, 6866",autobuss,26.5183807,56.7757824
14147,Dobupe,2,"6339, 6866",autobuss,26.5168890,56.7754598
14148,Beberbeķu kapi,1,7000,autobuss,23.9132144,56.9301188
14152,Olimpiskais centrs,12,"5124, 5301, 5337, 5344, 5350, 6768, 6815, 6904, 6905, 6907, 6908, 6912",autobuss,21.0203500,56.5211000
14153,Saulesdruvas,6,"5124, 5301, 6904, 6912, 7937, K7937",autobuss,21.0574880,56.5352290
14154,Sabiles iela,3,"5301, 6904, 6912",autobuss,21.0780930,56.5359730
14156,Esperanto iela,4,"5112, 5301, 6904, 6912",autobuss,21.0169270,56.5151480
14157,Vaiņodes iela,6,"5112, 6785, 6818, 6820, 6901, 6909",autobuss,21.0165360,56.4861240
14158,Mežniecība,1,6742,autobuss,22.1724515,56.5275058
14161,Zujeva,1,6564,autobuss,27.2726854,56.5625760
14164,Karjera iela,5,"3002, 3014, 5238, 6108, 6117",autobuss,24.6297308,56.7944461
14170,Linka,1,6733,autobuss,26.1588753,56.9799074
14171,Linka,1,6733,autobuss,26.1587122,56.9798962
14172,Sveiļi,1,6733,autobuss,26.1298094,56.9748275
14173,Sveiļi,1,6733,autobuss,26.1290028,56.9747662
14174,Dobuļi,1,6733,autobuss,26.1108875,57.0327380
14175,Dobuļi,1,6733,autobuss,26.1111568,57.0330818
14176,Silakurmi,1,6733,autobuss,26.1569794,57.0375337
14177,Dzintari,2,"7669, 7767",autobuss,27.6468770,56.8738359
14178,Cērpene,3,"6437, 6443, 7767",autobuss,27.6126289,57.0086248
14180,Teteri,1,5048,autobuss,27.1077303,57.0578474
14182,Ūlasi,1,6444,autobuss,27.7468665,57.1869376
14183,Borisova,1,6444,autobuss,27.7396258,57.2204064
14184,Silakurmi,1,6733,autobuss,26.1571901,57.0377159
14185,Ābeļi,1,6736,autobuss,26.0666486,56.8745256
14186,Jaunvanagi,1,6014,autobuss,26.9137441,57.0532864
14188,Ābeļi,1,6736,autobuss,26.0669666,56.8744170
14189,Valdemārpils,8,"6408, 6409, 6412, 6413, 6422, 6438, 7041, 7947",autobuss,22.5917891,57.3704472
14190,Tiņģeres pagrieziens,3,"6422, 6438, 7041",autobuss,22.5358454,57.3851454
14192,Ozolkalni,1,5368,autobuss,24.0026823,56.5577131
14193,Balvu AO,38,"5046, 5047, 5048, 5051, 5052, 5119, 5430, 5585, 6002, 6437, 6442, 6443 …",autobuss,27.2669880,57.1331950
14194,Aumeisteru pagrieziens,7,"5429, 6505, 6506, 6611, 7165, 7653, 7906",autobuss,26.2025580,57.4437709
14195,Kalnamuiža,1,6736,autobuss,25.9769671,56.8850105
14196,Kalnamuiža,1,6736,autobuss,25.9774275,56.8851527
14197,Garkāji,1,6736,autobuss,25.9556497,56.8816316
14198,Strenči,6,"5427, 6597, 6686, 7600, 7601, 7825",autobuss,25.6917650,57.6267369
14199,Garkāji,1,6736,autobuss,25.9560122,56.8815359
14200,Pilsētas laukums,3,"5225, 6307, 6419",autobuss,21.9600549,56.9693823
14201,Putniņi,2,"5612, 6261",autobuss,24.7739179,57.1649391
14202,Bunkāni,1,6736,autobuss,25.9111501,56.8705984
14203,Pagrieziens uz Sidgundu,3,"6876, 6992, 7748",autobuss,24.9102008,57.0068851
14204,Mālpils,5,"5591, 6876, 6992, 7228, 7748",autobuss,24.9588490,57.0107897
14207,Jaunlaicenes pagrieziens,2,"6707, 7653",autobuss,26.8620959,57.5453197
14208,Staldzenes pagrieziens,1,5203,autobuss,21.6385616,57.4240556
14210,Bunkāni,1,6736,autobuss,25.9217118,56.8707120
14211,Kungu rija,1,3112,autobuss,24.8299384,57.1830475
14214,Čāpātāju kapi,1,5206,autobuss,22.4719412,56.6561922
14217,Laidzes tehnikums,6,"6401, 6405, 6408, 6409, 6412, 6434",autobuss,22.6599600,57.2854244
14218,Šļakāni,1,6736,autobuss,25.8384530,56.8444847
14219,Būšnieki,3,"5202, 5203, 7682",autobuss,21.6533070,57.4334580
14220,Rātslaukums,16,"6375, 6382, 6384, 6387, 6392, 6393, 6394, 6399, 6403, 6404, 6457, 7365 …",autobuss,24.1841134,56.4106448
14222,Kaiva,1,5206,autobuss,22.4812258,56.6662557
14223,2.vidusskola,3,"5239, 6742, 6747",autobuss,22.5020633,56.6613438
14224,HES pagrieziens,6,"6116, 6130, 7195, 7851, 7898",autobuss,25.2277241,56.5727371
14226,Šļakāni,1,6736,autobuss,25.8386264,56.8444861
14227,Pilsrundāles skola,11,"5093, 5177, 5312, 5313, 5314, 5315, 6383, 6459, 7352, 7388, 7488",autobuss,24.0157064,56.4181626
14228,Muižnieki,1,5296,autobuss,23.1912450,56.8043820
14229,Pārventas veikals,1,5336,autobuss,21.9887773,56.9711289
14230,Indrāni,1,6736,autobuss,25.7975205,56.8256468
14231,Indrāni,1,6736,autobuss,25.7978317,56.8253390
14232,Trikātas pagrieziens,4,"7157, 7719, 7804, 7817",autobuss,25.6676903,57.5067188
14233,Veseta,1,6736,autobuss,25.7376420,56.8228468
14234,Mūrmuiža,2,"6613, 7774",autobuss,25.4890820,57.4752050
14235,Burga,2,"6670, 7819",autobuss,25.9258050,57.7723940
14237,Veseta,1,6736,autobuss,25.7378605,56.8228330
14238,Līči,2,"6596, 6611",autobuss,26.0308212,57.4517501
14239,Rauza,1,6596,autobuss,26.1160955,57.4074086
14240,Ģibzde,1,6402,autobuss,22.3044889,57.4064800
14244,Pienotava,5,"5469, 5470, 6898, 6900, 6976",autobuss,26.1653988,56.3733793
14245,Gaisa tilts,2,"6898, 6900",autobuss,26.1794586,56.3421003
14247,Bērnudārzs Pasaciņa,1,6884,autobuss,26.7158843,56.2973349
14248,Dzirnavas,2,"6884, 6885",autobuss,26.7223091,56.2864196
14249,Jaunsilavas,4,"5469, 5470, 6898, 6976",autobuss,26.1593950,56.3922740
14250,Sigulda,4,"6251, 6321, 6642, 6876",autobuss,24.8578168,57.1462306
14252,Azanda,1,6010,autobuss,26.2213942,57.1738085
14254,Vārpa,1,6307,autobuss,21.5956735,56.8700060
14255,Slimnīca,1,6025,autobuss,26.7602326,57.1572105
14257,Stiklēri,3,"5469, 5470, 6976",autobuss,26.2716690,56.5164100
14259,Ceļu satiksmes drošības direkcija,1,6884,autobuss,26.7065290,56.3030750
14260,Striķu skola,1,6747,autobuss,22.5209364,56.6051060
14262,Valtiņi,1,6736,autobuss,25.6677809,56.8061459
14263,Starodvorje,1,6961,autobuss,27.0986190,56.1526373
14264,Kategrāde,1,5564,autobuss,26.9149827,56.2389305
14265,Firsova,1,5564,autobuss,26.9030845,56.2313673
14266,Kastīre,1,5564,autobuss,26.8625345,56.2187399
14268,Valtiņi,1,6736,autobuss,25.6679645,56.8062278
14269,Gauja,7,"5605, 6250, 6271, 6280, 6283, 6290, 6491",autobuss,25.2200133,57.3186909
14270,Graudiņi,2,"5951, 6870",autobuss,21.5312643,56.5323932
14272,Mariņmuiža,1,5296,autobuss,23.1632292,56.7800277
14275,Rabākas,9,"5067, 6612, 6635, 7147, 7177, 7624, 7662, 7761, 7968",autobuss,25.5421812,57.2554654
14276,Zvirgzdi,1,7748,autobuss,24.9943720,57.0159850
14277,Prinkas,1,5457,autobuss,24.5184044,57.4618920
14278,Pāvulēni,2,"6067, 7964",autobuss,25.5028362,56.9037860
14279,Sanatorija Rāzna,2,"6482, 6569",autobuss,27.3067503,56.3298324
14280,Palasta iela,15,"3005, 3010, 5275, 5605, 6248, 6250, 6271, 6280, 6283, 6285, 6290, 6491 …",autobuss,25.2660612,57.3101418
14281,Nagļi,3,"6486, 6567, 6570",autobuss,26.9407020,56.6805340
14282,Davidovka,1,6564,autobuss,27.1678994,56.6091903
14283,Dundi,1,6564,autobuss,27.1403951,56.5903909
14284,Livža,1,6564,autobuss,27.1412732,56.5646648
14286,Gaigalieši,2,"6866, 6997",autobuss,26.6478429,56.8099320
14287,Lūši,1,5296,autobuss,23.2136349,56.7855694
14291,Līgciems,1,5183,autobuss,22.7428460,57.1014071
14296,Gaigalieši,3,"6750, 6866, 6997",autobuss,26.6477871,56.8099996
1430,Kungu rija,1,3112,autobuss,24.8335208,57.1840390
14301,Stūrmežs,1,6750,autobuss,26.6546195,56.8008834
14305,Salaspils skola,1,K6317,autobuss,24.3354102,56.8534740
14306,Degļi,3,"6338, 6722, 6999",autobuss,26.3412707,56.7066730
14307,Jaunkalsnava 1,7,"6357, 6723, 7202, 7693, 7702, 7850, 7989",autobuss,25.9723354,56.6879292
14309,Meirānu internāts,1,6750,autobuss,26.6194172,56.8279998
14310,Baltiņi,1,6996,autobuss,25.5404491,56.8581777
14311,Līdumi,1,6200,autobuss,26.2373465,55.9842263
14315,Ventas iela,7,"5112, 6785, 6818, 6820, 6901, 6909, 7937",autobuss,21.0057480,56.4905514
14317,Nīcas centrs,6,"5112, 6785, 6818, 6820, 6907, 6909",autobuss,21.0641376,56.3449125
14318,Ignāti,1,6785,autobuss,21.1564589,56.3213004
14320,Kursa,4,"6768, 7016, 7699",autobuss,21.2219535,56.8789712
14321,Baltiņi,1,6996,autobuss,25.5403666,56.8584011
14322,Virzas,4,"5340, 5350, 5365, 6902",autobuss,21.4545227,56.4513076
14323,Upmalas,1,6996,autobuss,25.5205427,56.8651422
14324,Durbes centrs,5,"5968, 6801, 6870, 6910, 6916",autobuss,21.3698940,56.5892616
14327,Upmalas,1,6996,autobuss,25.5204207,56.8651878
14329,Piltene,1,6011,autobuss,22.4379627,57.5244723
14330,Pipari,1,6011,autobuss,22.4013822,57.5028348
14331,Rīgzemes,1,6008,autobuss,22.3883273,57.6240948
14333,Liepāja (Ķempes iela),2,"7937, K7937",autobuss,21.0272300,56.4815650
14334,Liepāja (Kuršu iela),24,"5016, 5114, 5124, 5337, 5340, 5343, 5344, 5350, 5365, 5968, 6300, 6700 …",autobuss,21.0089500,56.5026400
14335,Krustojums,2,"6904, 6912",autobuss,21.0891720,56.5354370
14336,Skujiņas,2,"5301, 6904",autobuss,21.1845120,56.4872830
14337,Dubeņi,2,"5301, 6904",autobuss,21.1999392,56.4774389
14338,Krūziņi,1,5316,autobuss,22.6029258,57.1474155
14339,Ventspils iela,3,"5301, 6904, 6912",autobuss,21.1563400,56.5395800
14340,Pilskalns,2,"6904, 6912",autobuss,21.1624910,56.5353610
14342,Grobiņas centrs,2,"6904, 6912",autobuss,21.1667930,56.5353240
14344,Lielie Krivini,1,6178,autobuss,26.8244619,55.9436665
14346,Internātskola,3,"5350, 6700, 6817",autobuss,21.8725827,56.4340272
14350,Kultūras nams,6,"3014, 6089, 6091, 6095, 6110, 6126",autobuss,24.6040786,56.8157799
14352,Dūžāni,1,5251,autobuss,25.0659901,56.2518604
14354,Bibliotēka,5,"3014, 6090, 6095, 7227, 7788",autobuss,24.6096361,56.8198706
14355,A/S Ogre,5,"3002, 5238, 6090, 6091, 7788",autobuss,24.5679626,56.8199697
14356,Stadions,4,"3002, 5238, 6089, 7788",autobuss,24.5921175,56.8189291
14357,Lašupes,2,"5996, 6089",autobuss,24.6538550,56.8125812
14363,Jaunolaine,5,"5034, 7017, 7376, 7482, 7933",autobuss,23.9850490,56.8022799
14364,Ķipari,1,5607,autobuss,24.8890665,57.1592987
14365,Zvidziena,1,6997,autobuss,26.8108338,56.8310582
14366,Eisaki,1,6362,autobuss,27.4006817,56.0543248
14368,Dreiliņu rotācijas aplis,7,"5836, 6827, 6829, 6830, 6831, 6835, 7964",autobuss,24.2449492,56.9436448
14369,Liepkalni,1,5296,autobuss,23.2248252,56.7852094
14370,Ceļu meistars,4,"6829, 6830, 6831, 6835",autobuss,24.3520760,56.9468234
14371,Zvidziena,1,6997,autobuss,26.8105850,56.8311211
14373,Dunalka,4,"5337, 5343, 5344, 6813",autobuss,21.3312768,56.6844292
14375,Līvbērzes stacija,3,"5367, 7354",autobuss,23.4633002,56.7004434
14376,Bajāru stacija,1,6830,autobuss,24.5543631,56.9339888
14379,Robežu iela,6,"5452, 5460, 5462, 7514, 7516, K7179",autobuss,24.4251411,57.3211407
14381,Emitēni,3,"5313, 5314, 5315",autobuss,23.9842424,56.4273761
14382,Sipiņi,1,6997,autobuss,26.7851637,56.7987687
14385,Vidzemes iela,3,"3002, 3014, 5238",autobuss,24.6202776,56.7994591
14386,Sipiņi,1,6997,autobuss,26.7862496,56.7992029
14387,Priedāji,1,5897,autobuss,25.7505178,56.2033938
14388,Mežaraupi,1,5897,autobuss,25.7369630,56.2069693
14389,Spīdolas,1,5897,autobuss,25.7186621,56.2219093
14390,Striķi,1,5897,autobuss,25.6999205,56.2066554
14391,Skušķi,1,5897,autobuss,25.7161927,56.1890973
14392,Skanstinieki,1,6112,autobuss,25.7561692,56.6179122
14394,Geidāni,1,5056,autobuss,26.1521442,56.2910784
14395,Susējas muiža,1,5899,autobuss,25.8093882,56.1534915
14397,Trikātas pagrieziens,2,"6597, 6686",autobuss,25.8260780,57.5477278
14398,Vējiņš,1,5336,autobuss,21.9528239,56.9679371
14403,Aizvīķi,2,"5332, 5340",autobuss,21.7236540,56.3347181
14404,Aizputes-Priekules pagrieziens,1,5345,autobuss,21.5798656,56.5891385
14405,Apšupes ferma,1,6794,autobuss,23.3612355,56.7773337
14407,Poprags,1,6409,autobuss,22.6441607,57.3451336
14410,Vērene,1,5217,autobuss,25.2678756,56.7904548
14412,Intes,1,6662,autobuss,24.6187391,57.4047342
14418,Silava,3,"5777, 5835, K6317",autobuss,24.3445134,56.8706455
14419,Rozītes,2,"6067, 6126",autobuss,24.9567472,56.7751656
14420,Spurģi,1,5517,autobuss,23.4918583,56.5767738
14421,Ļuķiņišķi,1,6178,autobuss,26.7924921,55.9389173
14422,Krasnoje,1,6178,autobuss,26.8662761,55.9470845
14423,Pureņi,1,5155,autobuss,25.9879671,56.2145271
14425,Meliorācija,6,"6414, 6416, 7260, 7509, 7512",autobuss,22.5359451,57.1299457
14426,D/s Dārziņi,2,"6090, 6091",autobuss,24.6697431,56.8225465
14427,Andrejevka,1,6962,autobuss,26.9028053,56.3683379
14430,Ģimnāzija,1,5225,autobuss,21.9542912,56.9762791
14432,Strenču skola,3,"7600, 7601, 7825",autobuss,25.6790260,57.6271461
14433,Jēkabnieki,1,5825,autobuss,23.5985877,56.5330268
14435,Zabolotje,1,6537,autobuss,27.0088127,56.4345101
14436,Salaspils stacija,2,"5835, 5836",autobuss,24.3520080,56.8610794
14437,Mežarija,1,5434,autobuss,27.4690423,57.3646875
14440,Gleznotājkalns,2,"3111, 5607",autobuss,24.8582642,57.1707307
14442,Rūpnīca,2,"6255, 6826",autobuss,24.5204428,57.0882893
14446,Makstenieki,2,"6255, 6826",autobuss,24.3819060,57.0336210
14447,Puķes,1,5616,autobuss,23.7851809,56.8511557
14448,Dūre II,1,5037,autobuss,26.5518082,57.3284288
1445,Kvašņeva,1,6443,autobuss,27.6162769,56.9806121
14450,Kalnciema masīvs,1,5616,autobuss,23.7580346,56.8214083
14454,Mego,9,"3211, 3212, 3213, 3215, 5168, 5443, 5558, 6033, 6051",autobuss,23.1642592,56.9699116
14456,Jauntukums,8,"3211, 3212, 3215, 5168, 5179, 5558, 6033, 6061",autobuss,23.1836909,56.9570438
14457,Maxima,7,"3211, 3212, 3213, 3215, 5317, 5443, 5558",autobuss,23.1625110,56.9697204
14459,Veļķi,1,3211,autobuss,23.1168297,56.9639602
1446,Kvašņeva,1,6443,autobuss,27.6164308,56.9806919
14461,Ozoliņi,9,"5161, 5167, 5168, 5179, 5543, 6034, 6046, 6047, 6063",autobuss,23.1542205,56.9868922
14462,Eglaines skola,1,6002,autobuss,27.0782897,56.9223223
14463,Umurgas skola,2,"6643, 7776",autobuss,24.8027933,57.5281387
14465,Pēteri,1,5297,autobuss,23.3185502,56.7387089
14475,Ziemeru pamatskola,2,"6691, 6695",autobuss,26.9759360,57.4923100
14476,Ziemeru pamatskola,2,"6691, 6695",autobuss,26.9760769,57.4922541
14478,Viļāni,1,7611,autobuss,26.9310814,56.5660084
14479,Lodes muiža,1,5067,autobuss,25.6434733,57.1314815
14480,Lodes muiža,1,5067,autobuss,25.6432732,57.1314163
14482,Niedras,2,"5209, 5610",autobuss,25.1782593,57.0254595
14483,Kosa,2,"6252, 6287",autobuss,25.4292076,57.0880240
14484,Kosa,2,"6252, 6287",autobuss,25.4299312,57.0876340
14485,Kosas veikals,2,"6252, 6287",autobuss,25.4054561,57.1061049
14486,Kosas veikals,2,"6252, 6287",autobuss,25.4049053,57.1055564
14487,Kalnareinas,2,"6252, 6287",autobuss,25.3762463,57.1420447
14488,Kalnareinas,2,"6252, 6287",autobuss,25.3766832,57.1416427
14491,Ģikši,6,"5070, 5275, 5609, 6248, 6252, 6287",autobuss,25.3246161,57.1693610
14492,Ģikši,6,"5070, 5275, 5609, 6248, 6252, 6287",autobuss,25.3246577,57.1693753
14493,Amata,5,"5070, 5275, 6248, 6252, 6287",autobuss,25.3043755,57.2101959
14494,Amata,5,"5070, 5275, 6248, 6252, 6287",autobuss,25.3040314,57.2095577
14495,Kūdums,2,"6250, 6271",autobuss,25.1247760,57.3743732
14496,Kūdums,3,"5605, 6250, 6271",autobuss,25.1253592,57.3740783
14499,Pilsētas kapi,1,3163,autobuss,26.1983765,56.8416548
145,Atpiļi,2,"6597, 6686",autobuss,25.7327833,57.5571102
14501,Augu iela,1,3163,autobuss,26.1977579,56.8482395
14502,Jaunlazdona,1,3163,autobuss,26.1916631,56.8468443
14503,Augu iela,1,3163,autobuss,26.1987117,56.8485071
14504,Jaunlazdona,1,3163,autobuss,26.1914342,56.8467963
14507,Muzejs,1,3163,autobuss,26.2093929,56.8531392
14508,Muzejs,1,3163,autobuss,26.2088662,56.8530322
14509,Skola,1,3163,autobuss,26.2147216,56.8542628
14510,Skola,1,3163,autobuss,26.2133746,56.8540317
14511,Blaumaņa iela,1,3163,autobuss,26.2197690,56.8521670
14512,Blaumaņa iela,1,3163,autobuss,26.2195576,56.8523333
14514,Pasts,5,"3162, 3163, 6338, 6339, 6999",autobuss,26.2233955,56.8536625
14515,Pasts,5,"3162, 3163, 6338, 6339, 6999",autobuss,26.2234481,56.8536640
14516,Veidenbauma iela,2,"3162, 3163",autobuss,26.2252925,56.8580282
14517,Veidenbauma iela,2,"3162, 3163",autobuss,26.2252511,56.8580591
14520,Slimnīca,14,"3163, 6338, 6339, 6344, 6507, 6716, 6722, 6749, 6866, 6997, 6999, 7712 …",autobuss,26.2370051,56.8527129
14521,Slimnīca,15,"3163, 6330, 6338, 6339, 6344, 6507, 6716, 6722, 6749, 6866, 6997, 6999 …",autobuss,26.2372354,56.8518034
14522,Lazdonas skola,1,3163,autobuss,26.2321001,56.8297529
14523,Lazdonas skola,1,3163,autobuss,26.2321343,56.8297984
14524,Rāceņi,1,3163,autobuss,26.2292882,56.8339851
14526,Dārziņi,1,3162,autobuss,26.1862836,56.8613416
14528,Liepājas iela,1,3162,autobuss,26.2073713,56.8568436
14529,Daugavas iela,1,3162,autobuss,26.2114229,56.8560393
14530,Daugavas iela,1,3162,autobuss,26.2114339,56.8560567
14531,Viesnīca,1,3162,autobuss,26.2201402,56.8545651
14532,Viesnīca,1,3162,autobuss,26.2193131,56.8540231
14533,Bērnudārzs Priedīte ,1,3162,autobuss,26.2228674,56.8581612
14534,Bērnudārzs Priedīte ,1,3162,autobuss,26.2229085,56.8580169
14535,Dzelzceļa stacija,3,"3162, 6339, 6376",autobuss,26.2199639,56.8513222
14536,Autoosta,1,3162,autobuss,26.2141513,56.8483693
14537,Lazdonas iela,1,3162,autobuss,26.2195870,56.8482864
14538,Lazdonas iela,1,3162,autobuss,26.2194971,56.8482740
14539,Ezera iela,1,3162,autobuss,26.2252256,56.8495492
14540,Ezera iela,1,3162,autobuss,26.2253322,56.8494867
14541,Baltiņi,1,3162,autobuss,26.2280069,56.8107985
14543,Skola,4,"5301, 5968, 6904, 6907",autobuss,21.1681450,56.5376020
14544,Lenči,1,6250,autobuss,25.1976745,57.3899620
14545,Lenči,2,"5147, 6250",autobuss,25.1976265,57.3901796
14546,Strīķi,2,"5147, 5614",autobuss,25.2934984,57.3762169
14547,Strīķi,3,"5147, 5614, 6250",autobuss,25.2930274,57.3763018
14548,Miglači,2,"5147, 6250",autobuss,25.2417449,57.3818640
14549,Miglači,2,"5147, 6250",autobuss,25.2417303,57.3820458
1455,Ķesterciems,2,"5543, 6034",autobuss,23.2268802,57.1163570
14550,Krīvi,3,"5263, 6253, 6254",autobuss,25.3289317,57.2740533
14551,Krīvi,2,"5263, 6253",autobuss,25.3284601,57.2742851
14554,Mazumi,1,6253,autobuss,25.3847780,57.2223276
14555,Mazumi,1,6253,autobuss,25.3860741,57.2221451
14557,Rāmuļi,1,5079,autobuss,25.4270300,57.2078840
14558,Mežmaļi,4,"5067, 5079, 6253, 6260",autobuss,25.4060974,57.2815598
14559,Mežmaļi,5,"5079, 6253, 6254, 6260, 7147",autobuss,25.4060638,57.2819007
1456,Ķesterciems,2,"5543, 6034",autobuss,23.2271301,57.1165270
14560,Cimza,5,"6256, 6260, 6266, 6638, 6640",autobuss,25.6241815,57.3486222
14561,Cimza,4,"6256, 6260, 6266, 6638",autobuss,25.6232945,57.3480877
14562,Rozes,4,"6256, 6266, 6638, 6640",autobuss,25.6298661,57.3820332
14563,Rozes,2,"6266, 6638",autobuss,25.6295262,57.3819433
14564,Zosēni,2,"5262, 6279",autobuss,25.9079306,57.1363221
14565,Zosēni,2,"5262, 6279",autobuss,25.9072178,57.1361611
14568,Sērmūkši,2,"5079, 6252",autobuss,25.5100577,57.1215399
14569,Sērmūkši,5,"5069, 5079, 5209, 6252, 6287",autobuss,25.5098051,57.1211187
14570,Melnbārži,3,"5262, 6279, 6612",autobuss,25.8408919,57.1732131
14571,Melnbārži,3,"5262, 6279, 6612",autobuss,25.8404352,57.1744230
14572,Migļi,2,"5262, 6279",autobuss,25.8766283,57.1570396
14573,Migļi,2,"5262, 6279",autobuss,25.8762156,57.1574685
14575,Tīrumnieki,1,6241,autobuss,25.7792828,57.0209657
14576,Leimaņi,2,"5069, 6287",autobuss,25.6342315,57.0237426
14577,Leimaņi,2,"5069, 6287",autobuss,25.6342832,57.0239805
14582,Ieriķu stacija,1,6248,autobuss,25.1722224,57.1996210
14584,Spāre,3,"5275, 5609, 6248",autobuss,25.2225051,57.1924676
14585,Spāre,2,"5609, 6248",autobuss,25.2218520,57.1924414
14586,Zosuļi,2,"5609, 5610",autobuss,25.2456238,57.0818970
14587,Zosuļi,2,"5609, 5610",autobuss,25.2453080,57.0820065
14588,Dzirnaviņas,2,"5609, 5610",autobuss,25.2791147,57.0935189
14589,Dzirnaviņas,2,"5609, 5610",autobuss,25.2790360,57.0935361
14590,Ķēči,2,"5609, 5610",autobuss,25.3161782,57.1106352
14591,Ķēči,1,5609,autobuss,25.3157929,57.1107119
14592,Palmēni,1,5609,autobuss,25.3167820,57.1427856
14593,Palmēni,1,5609,autobuss,25.3169649,57.1428383
14594,Rāmnieki,2,"5147, 5614",autobuss,25.3010691,57.3568434
14595,Rāmnieki,2,"5147, 5614",autobuss,25.3010693,57.3571597
14596,Lielstraupe,1,6491,autobuss,24.9661169,57.3092044
14597,Lielstraupe,1,6491,autobuss,24.9659387,57.3094578
14598,Saulītes,2,"6248, 6285",autobuss,25.2200806,57.2629394
14599,Saulītes,1,6285,autobuss,25.2202054,57.2630203
146,Atpiļi,2,"6597, 6686",autobuss,25.7338654,57.5574759
14600,Kārļi,2,"6248, 6285",autobuss,25.2114475,57.2423461
14601,Kārļi,1,6285,autobuss,25.2119817,57.2424771
14602,Cēsu gaļas kombināts,1,5601,autobuss,25.2630345,57.3009616
14604,Kaudzīši,1,6241,autobuss,25.7303244,57.0389390
14605,Saulrīti,3,"5263, 6253, 6254",autobuss,25.2988214,57.2989858
14606,Saulrīti,2,"5263, 6253",autobuss,25.3001406,57.2982919
14607,Kalnmuiža,2,"5601, 5613",autobuss,25.2695402,57.2988111
14609,Lauciņi,22,"5067, 5079, 5601, 6241, 6253, 6254, 6256, 6260, 6266, 6267, 6274, 6278 …",autobuss,25.2917252,57.3143618
14610,Lauciņi,2,"5601, 6274",autobuss,25.2899574,57.3147632
14611,Rāmuļu pagrieziens,1,5079,autobuss,25.5537511,57.1529650
14612,Rāmuļu pagrieziens,1,5079,autobuss,25.5537176,57.1531532
14615,Dūķi,2,"5608, 7624",autobuss,25.9443619,57.2181803
14616,Dūķi,3,"5608, 6278, 7624",autobuss,25.9426037,57.2182083
14617,Līgatnes stacija,3,"5084, 6244, 6276",autobuss,25.0236199,57.1840698
14619,Gaujasmala,3,"5084, 6244, 6276",autobuss,25.0460734,57.2516009
14620,Amatas skola,1,5609,autobuss,25.2784705,57.1667223
14621,Amatas skola,1,5609,autobuss,25.2777604,57.1672144
14622,Jāņmuiža,2,"6266, 6273",autobuss,25.3328893,57.3544428
14623,Vildoga,1,6276,autobuss,24.9836490,57.2017703
14624,Vildoga,1,6276,autobuss,24.9833438,57.2017256
14625,Ratnieki,1,6276,autobuss,24.9622079,57.2242514
14627,Mežniecība,1,6250,autobuss,25.1834012,57.3427051
14628,Mežniecība,1,6250,autobuss,25.1832283,57.3425821
14629,Pielekši,1,6250,autobuss,25.2251843,57.3632243
14630,Pielekši,2,"5147, 6250",autobuss,25.2250261,57.3625845
14631,Klāmaņi,1,6491,autobuss,25.0172707,57.3382589
14634,Vārnkalni,1,6491,autobuss,24.9784492,57.3235819
14636,Tehnikums,3,"5601, 6254, 6274",autobuss,25.3664052,57.3130283
14637,Variņi,1,5005,autobuss,26.0424942,57.1413792
14638,Variņi,1,5005,autobuss,26.0424036,57.1414403
14639,Jaunskanuļi,1,5005,autobuss,26.0838648,57.1246118
14640,Jaunskanuļi,1,5005,autobuss,26.0839009,57.1245267
14642,Rempi,1,5005,autobuss,26.1093488,57.1125760
14643,Viņķi,1,5005,autobuss,26.0705290,57.1501948
14644,Viņķi,1,5005,autobuss,26.0705655,57.1503510
14645,Piebalgas skola,1,5005,autobuss,26.0681737,57.1680359
14646,Piebalgas skola,1,5005,autobuss,26.0690371,57.1677375
14647,Priekuļu vidusskola,3,"5601, 6269, 6274",autobuss,25.3600536,57.3134151
14648,Priekuļu vidusskola,1,6254,autobuss,25.3599645,57.3134384
14649,Cēsu Valsts ģimnāzija,2,"3009, 3010",autobuss,25.2787761,57.3057977
1465,Ķipari,2,"3111, 5607",autobuss,24.8878028,57.1628240
14650,Cēsu Valsts ģimnāzija,2,"3009, 3010",autobuss,25.2789366,57.3050912
14652,CATA,2,"3009, 3010",autobuss,25.2898820,57.3118570
14653,Cīrulīši,2,"3005, 3010",autobuss,25.2350325,57.3016351
14654,Cēsu klīnika,3,"3005, 3010, 6274",autobuss,25.2588701,57.3152035
14655,Cēsu klīnika,4,"3005, 3009, 3010, 6274",autobuss,25.2592516,57.3155282
14656,Gaujaskalns,2,"3009, 3010",autobuss,25.2332213,57.3090760
14657,Skrāģi,1,6288,autobuss,25.9616067,57.1550500
14658,Skrāģi,1,6288,autobuss,25.9616361,57.1548232
14659,Ķūģi,1,6288,autobuss,25.9475987,57.1635977
14660,Ķūģi,1,6288,autobuss,25.9479120,57.1631447
14661,Jēci,1,6288,autobuss,25.9229504,57.1740234
14662,Jēci,1,6288,autobuss,25.9226319,57.1740644
14663,Paupi,1,6288,autobuss,25.9673281,57.1845356
14664,Paupi,1,6288,autobuss,25.9672570,57.1846164
14665,Katrīnkalns,1,3005,autobuss,25.2628654,57.2955982
14666,Katrīnkalns,1,5601,autobuss,25.2635626,57.2954782
14667,Magonas,2,"5262, 6612",autobuss,25.8499084,57.1873955
14668,Magonas,2,"5262, 6612",autobuss,25.8499941,57.1875246
14669,Kurmji,1,6612,autobuss,25.7450794,57.1731433
14670,Kurmji,1,6612,autobuss,25.7450081,57.1730010
14671,Gaujaskrogs,2,"5262, 6612",autobuss,25.7905688,57.1746832
14672,Gaujaskrogs,2,"5262, 6612",autobuss,25.7903704,57.1744738
14675,Līvi (ciemats),1,6285,autobuss,25.2400778,57.2801885
14677,Līvi (ciemats),5,"5070, 5275, 5613, 6285, 6287",autobuss,25.2408383,57.2786811
14678,Meža kapi,4,"3005, 3010, 5615, 6274",autobuss,25.2561245,57.3270444
14679,Selekcija,3,"5601, 6254, 6274",autobuss,25.3398438,57.3160141
14680,Selekcija,1,6274,autobuss,25.3395960,57.3159474
14681,Skaļupe,2,"5084, 6244",autobuss,25.0691653,57.2553932
14684,Pēterēni,1,5069,autobuss,25.6475653,56.9900644
14687,Agra,2,"5613, 6285",autobuss,25.2750053,57.2887371
14689,Ķesas,2,"5079, 6253",autobuss,25.4399127,57.2225797
14690,Ķesas,2,"5079, 6253",autobuss,25.4403439,57.2224066
14691,Bērzaine,14,"5275, 5605, 6248, 6250, 6271, 6274, 6280, 6283, 6285, 6290, 6491, 7776 …",autobuss,25.2460081,57.3096386
14692,Bērzaine,7,"3005, 3009, 3010, 5275, 6253, 6274, 6285",autobuss,25.2472222,57.3092578
14695,Pauļi,1,5083,autobuss,25.2076367,56.9865469
14697,Griķīši,1,5083,autobuss,25.1728454,56.9831316
14699,Līgatne,3,"5084, 6244, 6276",autobuss,25.0382302,57.2325929
14700,Līgatne,2,"5084, 6244",autobuss,25.0385470,57.2328886
14701,Putniņkrogs,2,"3009, 3010",autobuss,25.2952540,57.3073047
14702,Putniņkrogs,2,"3009, 3010",autobuss,25.2951177,57.3079886
14703,1. bērnudārzs,1,3005,autobuss,25.2663096,57.3124998
14704,1. bērnudārzs,3,"3005, 3009, 3010",autobuss,25.2663038,57.3122055
14705,Dzīvnieku patversme,3,"3005, 3010, 6274",autobuss,25.2573550,57.3229835
14706,Dzīvnieku patversme,4,"3005, 3010, 5615, 6274",autobuss,25.2583860,57.3228864
14707,Miera iela,12,"3005, 5070, 5084, 5275, 5601, 5609, 5613, 6245, 6252, 6285, 6287, 7731",autobuss,25.2671743,57.3055871
14708,Kultūras nams,2,"3033, 3034",autobuss,26.0179908,57.7746063
14709,Kultūras nams,4,"3, 3033, 3034, 6627",autobuss,26.0167488,57.7744311
14710,Pamatskola,2,"3033, 3034",autobuss,26.0165333,57.7805295
14711,Pamatskola,3,"3, 3033, 3034",autobuss,26.0165204,57.7805289
14712,Mikrorajons,2,"3033, 3034",autobuss,26.0153475,57.7839304
14713,Mikrorajons,3,"3, 3033, 3034",autobuss,26.0147811,57.7844983
14714,Slimnīca,4,"3, 3033, 3034, 5384",autobuss,26.0115567,57.7848053
14715,Meža kapi,2,"3033, 3034",autobuss,26.0038745,57.7828061
14716,Meža kapi,3,"3, 3033, 3034",autobuss,26.0039639,57.7825407
14717,Lauktehnika,2,"3, 5384",autobuss,25.9951065,57.7853948
14718,Lauktehnika,1,5384,autobuss,25.9944046,57.7850180
14719,Beverīnas iela,3,"3, 3033, 3034",autobuss,26.0167846,57.7727199
14721,Raiņa iela,2,"3033, 3034",autobuss,26.0011220,57.7706120
14722,Raiņa iela,3,"3, 3033, 3034",autobuss,26.0019748,57.7707523
14723,SEB banka,3,"3, 3033, 3034",autobuss,26.0161019,57.7717824
14724,SEB banka,2,"3033, 3034",autobuss,26.0162095,57.7718571
14725,Stadions,3,"3, 3033, 3034",autobuss,26.0104196,57.7685456
14726,Zemgales iela,3,"3, 3033, 3034",autobuss,26.0061160,57.7668020
14727,Zemgales iela,1,3034,autobuss,26.0031090,57.7643630
14728,Burtnieku iela,2,"3033, 3034",autobuss,25.9957354,57.7741483
14729,Burtnieku iela,3,"3, 3033, 3034",autobuss,25.9956552,57.7744368
14730,Parka iela,3,"3, 3033, 3034",autobuss,25.9930978,57.7776846
14731,Parka iela,2,"3033, 3034",autobuss,25.9932685,57.7769412
14732,Lugažu stacija,1,3034,autobuss,26.0024993,57.7540305
14737,Briņģi,3,"5421, 5424, 5608",autobuss,25.8681659,57.2506272
14738,Briņģi,3,"5421, 5424, 5608",autobuss,25.8683513,57.2506102
14739,Kūduma pagrieziens,2,"5605, 6271",autobuss,25.1019500,57.3996600
14740,Kūduma pagrieziens,1,6271,autobuss,25.1015944,57.3969642
14741,Vārnas,2,"5605, 6271",autobuss,25.1007360,57.4259600
14742,Vārnas,2,"5605, 6271",autobuss,25.1006592,57.4268719
14743,Daibe,2,"5605, 6271",autobuss,25.0740343,57.4527492
14745,Dukuri,2,"5147, 5614",autobuss,25.2957610,57.3263318
14746,Dukuri,2,"5147, 5614",autobuss,25.2954804,57.3263131
14747,Vaive,1,6253,autobuss,25.3695507,57.2540618
14748,Vaive,1,6253,autobuss,25.3696347,57.2537779
14749,Drustu pienotava,1,6279,autobuss,25.8563827,57.1904738
14750,Drustu pienotava,1,6279,autobuss,25.8567872,57.1909631
14752,Krustkalni,1,6285,autobuss,25.1655659,57.2563583
14756,Jātnieki,1,6290,autobuss,25.0990649,57.2851022
14760,Brasla,1,6491,autobuss,24.9246314,57.2964369
14761,Mārupes novada dome,2,"5433, 5435",autobuss,24.0548186,56.9052218
14762,Mārupes novada dome,2,"5433, 5435",autobuss,24.0561734,56.9060321
14763,SIA Strāva,1,5635,autobuss,27.6952943,56.5291648
14764,L.Paegles iela,1,5635,autobuss,27.6969830,56.5344952
14765,Tirgus iela,1,5635,autobuss,27.7260439,56.5451310
14766,Bērnudārzs Pasaciņa,1,5635,autobuss,27.7281004,56.5417381
14767,Dzirnavu iela,2,"5635, 6552",autobuss,27.7325164,56.5365163
14768,Latgales šķērsiela,1,5635,autobuss,27.7364894,56.5312845
14769,DUS,1,5635,autobuss,27.7369640,56.5291160
14770,Isnauda,1,5635,autobuss,27.7365310,56.5253070
14771,Lutenāni,1,5430,autobuss,27.4368711,56.9918910
14779,Blaumaņa iela,2,"3033, 3034",autobuss,26.0000115,57.7748152
14780,Blaumaņa iela,3,"3, 3033, 3034",autobuss,26.0003835,57.7748418
14781,Zūru pasts,5,"6079, 7253, 7428, 7585",autobuss,21.6009464,57.2563395
14782,Saltavots,1,3117,autobuss,24.8494332,57.1320267
14783,Pelītes,1,3117,autobuss,24.8681061,57.1178774
14785,2.vidusskola,10,"5122, 5316, 5439, 6405, 6407, 6409, 6412, 6414, 6416, 6434",autobuss,22.6028581,57.2434771
14794,Kapenieki,2,"5332, 5340",autobuss,21.6737279,56.3588650
14795,Kapenieki,2,"5332, 5340",autobuss,21.6731098,56.3589163
14798,Vīrāti,1,6815,autobuss,21.2701261,56.2292414
14799,Vīrāti,1,6815,autobuss,21.2706181,56.2294601
14800,Aprūpes centrs Vidzeme,1,5416,autobuss,24.6267067,56.9821725
14801,Vaski,2,"6031, 6043",autobuss,23.0392212,56.8403299
14803,Būtnāru ciems,1,5418,autobuss,22.4270372,56.6647675
14804,Raibāmuiža,2,"6801, 6916",autobuss,21.3881950,56.5894351
14805,Raibāmuiža,2,"6801, 6916",autobuss,21.3875975,56.5904774
14808,Bites,2,"6818, 6820",autobuss,21.0935965,56.3157385
14809,Paipas,2,"6818, 6820",autobuss,21.0924717,56.2866050
14810,Paipas,2,"6818, 6820",autobuss,21.0919835,56.2850746
14811,Rudzīši,2,"6818, 6820",autobuss,21.1025364,56.2469473
14812,Rudzīši,2,"6818, 6820",autobuss,21.1032825,56.2446904
14817,Meža kapi,1,5336,autobuss,21.9337227,56.9551260
14819,Koguļi,1,5740,autobuss,22.4971089,56.9934234
14822,Vīgante,1,6130,autobuss,25.4979587,56.5705732
14823,Krastupes iela,2,"6821, 6822",autobuss,24.3533155,57.0703820
14824,Krastupes iela,3,"5721, 6821, 6822",autobuss,24.3532056,57.0703440
14825,Sakta,1,3211,autobuss,23.1418216,56.9625617
14826,Lielvārde centrs,1,6118,autobuss,24.8104180,56.7183196
14828,Stāķu centrs,1,6025,autobuss,26.7333614,57.1349715
14829,Ragana,4,"7177, 7660, 7661, 7663",autobuss,24.7140346,57.1815100
14830,Ragana,3,"5612, 6261, 7177",autobuss,24.7155457,57.1808239
14831,Krimuldas novada dome,2,"5612, 6261",autobuss,24.7019623,57.1795641
14833,Stāķu centrs,2,"6025, 7628",autobuss,26.7333258,57.1346036
14834,CSDD,8,"6345, 6347, 6376, 6507, 6721, 6733, 6735, 7202",autobuss,26.2385251,56.8667509
14835,CSDD,6,"6345, 6376, 6507, 6721, 6733, 6735",autobuss,26.2366211,56.8660776
14836,Atari,1,5721,autobuss,24.2748560,57.0652900
14838,Birzes iela,4,"3005, 3010, 5601, 6274",autobuss,25.2874367,57.3193404
14839,Birzes iela,12,"5147, 5601, 5614, 6254, 6266, 6269, 6270, 6273, 6274, 7144, 7769",autobuss,25.2877983,57.3194012
1484,Ķurši,1,5434,autobuss,27.4602010,57.5016340
14840,Priedaine,1,6901,autobuss,21.0104860,56.3557654
14841,Priedaine,1,6901,autobuss,21.0105282,56.3561381
14842,Jūrmaļi,1,6901,autobuss,20.9881627,56.3175238
14843,Jūrmaļi,1,6901,autobuss,20.9882944,56.3175437
14844,Ģimnāzija,1,3200,autobuss,22.5915482,57.2418446
14845,Ģimnāzija,1,3200,autobuss,22.5918518,57.2419324
14846,Pieterāni,1,6944,autobuss,25.9760550,56.6245664
14847,Pieterāni,1,6944,autobuss,25.9774835,56.6250709
14848,Smiltāju kapi,1,3016,autobuss,24.5675970,56.8414591
14849,Laurenči,1,3113,autobuss,24.8194224,57.1400681
1485,Ķurši,1,5434,autobuss,27.4598630,57.5010860
14850,Lazdu iela,2,"6821, 6822",autobuss,24.4212040,57.0704340
14851,Lazdu iela,2,"6821, 6822",autobuss,24.4209990,57.0703630
14852,Āņi,2,"6821, 6822",autobuss,24.4801587,57.0874730
14853,Tirgus,1,3200,autobuss,22.5911995,57.2481189
14854,Tirgus,1,3200,autobuss,22.5913726,57.2484184
14859,Centrs,3,"5310, 5311, 6788",autobuss,23.2820413,56.6224681
14860,Centrs,3,"3702, 5310, 5311",autobuss,23.2822298,56.6219297
14861,Slimnīca,3,"3702, 5310, 5311",autobuss,23.2697564,56.6237071
14862,Slimnīca,2,"3702, 5310",autobuss,23.2699617,56.6236885
14863,Tirgus laukums,4,"3702, 5310, 5311, 6787",autobuss,23.2802500,56.6231550
14864,Tirgus laukums,5,"3702, 5310, 5311, 6787, 6788",autobuss,23.2806422,56.6232521
14865,Mazā Meža iela,3,"5310, 5311, 6788",autobuss,23.2912572,56.6056270
14867,Veldres iela,1,5777,autobuss,24.2472904,56.8979932
14868,Veldres iela,1,5777,autobuss,24.2473539,56.8990502
14869,DS Getliņi,2,"5777, 5835",autobuss,24.2916548,56.8858463
14870,DUS,2,"5898, 5899",autobuss,25.7624300,56.1555880
14874,Ļēvāni,1,5470,autobuss,26.0816278,56.4434864
14878,Nauļāni,1,6211,autobuss,27.6649950,55.9838650
1488,L.Paegles iela,1,5635,autobuss,27.6974927,56.5349257
14881,Teņki,1,6297,autobuss,27.1776500,55.8397130
14882,Bruņenieki,1,6297,autobuss,27.2403670,55.8356480
14883,Varnaviči,1,6297,autobuss,27.2962270,55.8311750
14887,Truli,2,"5857, 6215",autobuss,26.9960450,55.9816270
14888,Suveizdi,3,"5508, 5857, 6215",autobuss,27.0081320,55.9978670
14889,Šķeltova,1,5857,autobuss,27.0070500,56.0237900
14898,Dzērves,1,6393,autobuss,24.6048730,56.4432530
14899,Dzērves,2,"6393, 6400",autobuss,24.6062020,56.4420980
14900,Kaulbrieži,3,"6378, 6395, 6397",autobuss,24.2599630,56.3087380
14901,Virši,3,"6378, 6395, 6397",autobuss,24.2610880,56.2961880
14902,Bukaišu skola,1,6783,autobuss,23.2127320,56.4113180
14903,Krievgaļi,1,6397,autobuss,24.1952280,56.2764600
14905,Vidaga,5,"6611, 7164, 7165, 7769, 7905",autobuss,26.3534650,57.4240050
14908,Pildagreči,1,6579,autobuss,27.7929513,56.4782431
14909,D/b Saulītes,1,6178,autobuss,26.9478170,55.9098630
14914,Skare,1,6804,autobuss,22.9295770,56.5024450
14916,Stopāni,1,6590,autobuss,27.5762470,56.4636180
14917,Puncuļi,1,5634,autobuss,27.9851530,56.4805550
14918,Puncuļi,1,5634,autobuss,27.9856020,56.4797280
14921,Sesava,2,"5662, 6775",autobuss,23.8196126,56.4214682
14924,Garoza,5,"5368, 5815, 6522, 7356, 7482",autobuss,23.9323260,56.6280280
14927,Ūziņu veikals,1,6777,autobuss,23.5688403,56.4817820
14928,Tīsi,3,"5376, 6526, 6531",autobuss,23.6231290,56.4167500
14931,Ķesterciema pagrieziens,1,7951,autobuss,23.2096260,57.1031460
14933,Vērdiņi,3,"6394, 6400, 7200",autobuss,24.7024270,56.4057270
14940,Ūziņu veikals,2,"6777, 6819",autobuss,23.5665062,56.4820014
14950,Baznīckrogs,2,"5314, 6383",autobuss,23.9663130,56.3856300
14951,Imantas,1,7388,autobuss,23.9542100,56.4436830
14952,Mežmaļi,1,7388,autobuss,23.9611580,56.4382140
14954,Gaismas,2,"6037, 6039",autobuss,22.6042970,56.8903180
14955,Kandavas pagrieziens,9,"5183, 5544, 6046, 6056, 6411, 7259, 7410, 7684, 7938",autobuss,22.8167850,57.0677830
14956,Zemnieki,2,"3702, 6787",autobuss,23.2483230,56.6363500
14957,Zemnieki,2,"5310, 6787",autobuss,23.2483370,56.6361900
14962,Krīči,2,7851,autobuss,24.6792200,56.4896030
14963,Suces,1,6139,autobuss,25.2587000,56.8344800
14964,Kaive,2,"5069, 7732",autobuss,25.6246680,57.0554230
14966,Veidenbauma muzejs,4,"6266, 6269, 7769, 7774",autobuss,25.4761470,57.3985070
14967,Mārsnēni,4,"6266, 6269, 7769, 7771",autobuss,25.5798960,57.4217300
14970,Kārsavas AO,13,"6577, 6581, 6588, 6593, 7448, 7449, 7451, 7464, 7611, 7669, 7766, 7767",autobuss,27.6736390,56.7870780
14973,Mārtēni,1,6290,autobuss,25.1395731,57.3048131
14975,Ustje,2,"5509, 6231",autobuss,27.5458900,56.0744270
14976,Asūne,2,"6211, 6231",autobuss,27.6210370,56.0257600
14978,Lielie Doski,1,6218,autobuss,27.2413200,56.0371020
14980,Kovaļova,1,5508,autobuss,27.1019310,56.0458650
14981,Saraiķi,1,6908,autobuss,21.0662760,56.6969172
14982,Vernāti,1,6908,autobuss,21.0724750,56.7215720
14985,Grāvīši,1,5016,autobuss,21.4456000,56.7511270
14987,Ziedāni,4,"6116, 6130, 7851",autobuss,25.3606620,56.5588390
14988,Burtnieki,3,"6141, 6429, 7702",autobuss,25.6961370,56.6615310
14990,Kalupes pagrieziens,1,6183,autobuss,26.4166430,55.9893130
14991,Annenieki,3,"7401, 7937, 7958",autobuss,23.0889540,56.6718438
14995,Kļukuški,1,6236,autobuss,27.5256520,56.1768220
14996,Rešetņiki,1,6236,autobuss,27.5101570,56.2015030
14997,Ruduški,1,6236,autobuss,27.5068900,56.2220420
14998,Krāslavas  stacija,6,"5856, 6213, 6218, 6239, 6240, 7047",autobuss,27.1451500,55.9249400
15003,Klūnu pagrieziens,1,6791,autobuss,23.2686570,56.4588400
15005,Grobiņa,6,"5016, 5124, 6300, 6768, 7699",autobuss,21.1553182,56.5403351
15008,Lipas,1,6667,autobuss,24.5299950,57.6780580
15009,Bangas,1,6374,autobuss,24.2924670,56.4000500
15010,Dane,1,6374,autobuss,24.3332130,56.3940050
15011,Rūgumi,1,6374,autobuss,24.3474070,56.3857400
15012,Slokas,1,6374,autobuss,24.3599200,56.3599570
15013,Kraujas,1,6374,autobuss,24.4051030,56.3429830
15014,Brunavas pagrieziens,1,6380,autobuss,24.3828250,56.3310300
15015,Kalniņi,2,"6374, 6501",autobuss,24.4088280,56.3174830
15022,Mežniecība,1,5037,autobuss,26.5425923,57.3404351
15023,Krustceles,3,"6141, 6429, 7702",autobuss,25.6841860,56.6889110
15024,Zemieši,3,"5981, 6096, 6425",autobuss,25.5468700,56.7314700
15025,Odzienas pagrieziens,3,"5981, 6096, 6425",autobuss,25.6007000,56.7386000
15027,Atvases,2,"5981, 6425",autobuss,25.6111700,56.7667800
1503,Laimdotas,2,"6102, 6113",autobuss,25.4117934,56.6494232
15033,Buneri,2,"6374, 6501",autobuss,24.4321600,56.2900930
15034,Šikāļi,2,"7356, 7482",autobuss,24.0460440,56.5066890
15035,Zaļenieki,7,"5185, 5517, 5825, 6777, 6819, 7353, 7360",autobuss,23.5080480,56.5263650
15036,Vecokra,1,6226,autobuss,27.2833000,56.1242000
15038,Melturi,18,"5084, 5275, 5609, 6245, 6248, 7177, 7618, 7624, 7662, 7730, 7731, 7764 …",autobuss,25.2287240,57.2210090
15039,Rīdzene,9,"5079, 6253, 6254, 6260, 7147, 7624, 7736, 7910, 7968",autobuss,25.4266230,57.2657340
1504,Laimdotas,2,"6102, 6113",autobuss,25.4123430,56.6494710
15041,Ķieģeļceplis,3,"7906, 7910, 7915",autobuss,25.7284900,57.3150380
15042,Voveri,2,"6226, 6239",autobuss,27.2181130,56.1015370
15047,Ščedrati,1,6226,autobuss,27.4077900,56.0948520
15049,Kondraši,1,6236,autobuss,27.5243330,56.1671100
15050,Andzeļi,1,6236,autobuss,27.5528020,56.1690850
15051,Vaivodi,1,6237,autobuss,27.6936788,56.1537072
15054,Beresni,1,6237,autobuss,27.8068200,56.1124580
15056,Šķaune,2,"5634, 6237",autobuss,28.0045600,56.1403020
15057,Sauleskalni,2,"5964, 6813",autobuss,21.7260790,56.7576380
15068,Parūķi,2,"5185, 5309",autobuss,23.3037900,56.6024480
15069,Krimūnas,2,"5185, 5309",autobuss,23.3755479,56.5696559
15070,Tunkūni,2,"6374, 6501",autobuss,24.4353120,56.2755700
15071,Kastaņi,1,6501,autobuss,24.3725580,56.2876550
15072,Buivēni,1,6501,autobuss,24.3859520,56.2824820
15073,Vilki,2,"6384, 7356",autobuss,24.1257420,56.4839130
15074,Klīvi,3,"7200, 7249, 7493",autobuss,24.5979680,56.5482670
15075,Zobļeva,1,6588,autobuss,27.4648050,56.7944130
15076,Lepeste,3,"5633, 7464, 7669",autobuss,27.5524320,56.6875830
15082,Sniķeres pasts,1,6791,autobuss,23.0321780,56.4102720
15085,Uzvaras,1,6501,autobuss,24.4060170,56.2784180
15086,Lepšas,1,5911,autobuss,24.1525980,56.4010630
15087,Bauskas būvnieks,2,"6384, 7482",autobuss,24.1724340,56.4106980
15089,DS  Salūts,1,5294,autobuss,24.3141250,57.1467020
15090,Kokaudzētava,2,"6384, 7482",autobuss,24.1012000,56.4748610
15091,Beibeži,2,"6392, 6403",autobuss,24.4460420,56.5876450
15094,Mežvidi,1,5526,autobuss,24.8992050,56.4869130
15097,Dravnieki,3,"5001, 5091, 6129",autobuss,25.2694280,56.1868730
15098,Pilkalne,2,"5001, 5091",autobuss,25.2427570,56.1894930
15099,Eglaine,1,5091,autobuss,25.1962300,56.1977930
15100,Jēči,1,5251,autobuss,25.0651670,56.2466500
15101,Stiebriņi,1,5251,autobuss,25.0067080,56.2972600
15105,Salānieši,2,"6141, 6429",autobuss,25.7829420,56.7827250
15106,Kaivēni,1,6429,autobuss,25.6477250,56.7257480
15110,Pušča,1,6233,autobuss,27.8484550,56.0693350
15111,Apaļi,1,6231,autobuss,27.7523200,55.9945250
15112,Blusi,1,6211,autobuss,27.5325600,55.9468350
15113,Braslava,1,7785,autobuss,25.0396680,57.7583250
15115,Ferma,2,"6392, 6403",autobuss,24.3777970,56.5803240
15116,Vecciems,2,"6392, 6403",autobuss,24.3687530,56.5720100
15117,Vecciems,2,"6392, 6403",autobuss,24.3689250,56.5721720
15118,Pinkas,1,6394,autobuss,24.5562000,56.4018080
15124,Jelgavas stacija,6,"5367, 5824, 7012, 7352",autobuss,23.7320724,56.6408973
15130,Silajāņi,1,6962,autobuss,26.9420630,56.3402050
15131,Upmala,7,"6886, 6943, 6949, 6958, 6972, 6981, 6982",autobuss,26.5145470,56.1977560
15132,Priedula,2,"7254, 7933",autobuss,22.8464420,56.3715000
15135,Ausmas,2,"5505, 7493",autobuss,25.8747770,56.0857130
15136,Liesmas,3,"5505, 7238, 7493",autobuss,25.9069250,56.0508370
15138,Dzirnupe,2,"6383, 6459",autobuss,24.0067320,56.4123570
15139,Dzirnupe,3,"5177, 5314, 6383",autobuss,24.0080600,56.4123350
15145,Bramanišķi,1,6172,autobuss,26.9137930,55.9967020
15149,Aizputes-Priekules pagrieziens,1,5345,autobuss,21.5807620,56.5900900
15152,Mežkalna iela,8,"5034, 5139, 5171, 5172, 5173, 6852, 6859, 7017",autobuss,24.0776652,56.8984990
15161,Lielkangari,1,7964,autobuss,24.6463360,56.9270460
15165,Lībieši,1,6373,autobuss,24.1317180,56.2733670
15166,3.pamatskola,4,"3212, 3213, 5443, 5558",autobuss,23.1489070,56.9639300
1517,Lapiņu dambis,2,"5034, 5139",autobuss,24.0668252,56.8781117
15170,Poliklīnika,3,"3211, 3215, 5179",autobuss,23.1558000,56.9691500
15173,Baložu iela,6,"5517, 5825, 6519, 6777, 6819, 7360",autobuss,23.6934680,56.6288170
15174,Naudītes pagrieziens,2,"6527, 6804",autobuss,23.1956323,56.6023834
15175,Kalnjēņi,1,7785,autobuss,25.0400948,57.8239875
15176,Jurģi,1,6791,autobuss,22.9506350,56.4292080
1518,Lapiņu dambis,2,"5034, 5139",autobuss,24.0675840,56.8791232
15180,Ieriņi,2,"6496, 6497",autobuss,22.2478100,57.3524280
15182,Usma,1,6083,autobuss,22.1545502,57.2175430
15187,Pureņi,1,5155,autobuss,25.9878030,56.2144570
15188,Galāti,1,7933,autobuss,22.8445970,56.4305050
1519,Lapsas,1,5616,autobuss,23.8337899,56.9052527
15190,Krustceles,1,5496,autobuss,25.5041480,56.2672130
15191,Krustceles,3,"5490, 5493, 5496",autobuss,25.5035170,56.2675470
15192,Bratova,1,6562,autobuss,27.3827200,56.4013350
15198,Mazrundāles pagrieziens,1,5177,autobuss,24.0148000,56.3568000
15199,Lielspricēni,1,6459,autobuss,24.0118300,56.3948000
15200,Lielspricēni,1,5177,autobuss,24.0117800,56.3945800
15201,Ezerkrasts,1,3001,autobuss,27.6965180,56.5586340
15203,Ķīši,1,6038,autobuss,22.9686030,56.9355610
15204,Lādezers,1,6662,autobuss,24.6981800,57.4215000
15206,Rimeikas,1,7785,autobuss,25.0267617,57.7907962
15210,Rēzekne 2,5,"5627, 7448, 7464, 7479, 7992",autobuss,27.3446970,56.5192600
15216,Viļķene,5,"5178, 5602, 6664, 6667, 6684",autobuss,24.6078570,57.6081530
15218,Bekas,1,6374,autobuss,24.2615070,56.4002600
15219,Skultēni,1,6374,autobuss,24.3545820,56.3662920
15220,Važītes kapi,1,5911,autobuss,24.1293520,56.4034200
15221,Billītes,1,5368,autobuss,24.1147910,56.5722480
15222,Gaigalava,1,6570,autobuss,27.0680750,56.7333250
15223,Ozolkalns,1,6338,autobuss,26.3050567,56.6544022
15224,Stiebriņi,1,6338,autobuss,26.3204981,56.6422516
15231,Ķirbiži,5,"5078, 5178, 6664, 6667, 7806",autobuss,24.4910070,57.6504070
15232,Bērzi,1,5296,autobuss,23.1438600,56.8093200
15233,Grenctāles robežpunkts,1,6504,autobuss,24.3636931,56.2773619
15236,Krustceles,3,"5897, 6986, 6998",autobuss,25.8627670,56.2608020
15238,Grāvīši,2,"5897, 6998",autobuss,25.7927680,56.2427150
15239,Jorniņi,2,"6009, 7682",autobuss,22.0749010,57.5027530
15242,Šlapaki,1,6161,autobuss,26.8894820,55.8018500
15243,Pēternieki,1,7482,autobuss,23.9332270,56.7627930
15249,Olaine (Parka iela),1,5034,autobuss,23.9277550,56.7798380
1525,Latgales šķērsiela,1,5635,autobuss,27.7369469,56.5313765
15252,Mežniecība,1,5585,autobuss,27.2436380,57.1426669
15266,Raunas pagrieziens,7,"6278, 6279, 7906, 7910, 7911, 7912, 7915",autobuss,25.6300150,57.3083550
15268,Rijnieki,1,6345,autobuss,26.4125278,57.0080033
15269,Rijnieki,1,6345,autobuss,26.4112645,57.0086563
15278,Kalēji,1,6054,autobuss,23.1382984,56.7975141
15279,Kalēji,1,6054,autobuss,23.1375816,56.7973564
15280,Unguri,1,6054,autobuss,23.1486477,56.8143478
15281,Mežnieki,1,6054,autobuss,23.1476318,56.8712774
15283,Tāmas,1,6035,autobuss,23.0008330,56.8308720
15284,Kaģi,1,7959,autobuss,23.6424120,56.8826040
15285,Pagrieziens uz Kalnciemu,4,"7401, 7937, 7957, 7958",autobuss,23.5541340,56.8316138
15288,Ošas,3,"5826, 6516, 6525",autobuss,23.8657700,56.5652560
15290,Dzirnavas,1,6083,autobuss,22.0823100,57.2434280
15293,Vilcāni,2,"5716, 6959",autobuss,26.6751950,56.4594370
15294,Vilcāni,2,"5716, 6959",autobuss,26.6758050,56.4588840
15295,Sīļu kapi,2,"5713, 6959",autobuss,26.7768240,56.5379730
15296,Rasiņas,2,"5411, 6848",autobuss,24.3833640,56.7276970
15297,Baldones skola,2,"7200, 7493",autobuss,24.3905799,56.7419970
15298,Praviņu skola,1,5317,autobuss,23.1679060,56.8768490
15299,Praviņu skola,1,5317,autobuss,23.1670570,56.8765070
15301,Kaķīši,3,"6255, 7906, 7911",autobuss,24.8270997,57.1388471
15303,Mālkalni,1,6430,autobuss,25.8348590,56.6430830
15306,Krodzenieki,1,6038,autobuss,22.9791830,56.9601730
15307,Niedrītes,2,"5443, 6038",autobuss,22.9011830,56.9889350
15310,Buki,1,6033,autobuss,23.2597859,57.0429480
15311,Buki,1,6033,autobuss,23.2583959,57.0421790
15316,Snapji,2,"6031, 6035",autobuss,22.9859020,56.8488670
15317,Zādzene,1,5216,autobuss,25.1149700,56.7956800
15320,Jaunzemnieki,2,"6642, 6724",autobuss,24.5177200,57.2479330
15321,Ķemeri,2,"6642, 6724",autobuss,24.5595720,57.2298600
15322,Vecrundāle,2,"6383, 6459",autobuss,24.0211230,56.3586250
15323,Ikaunieki,2,"6509, 6727",autobuss,26.7315030,56.6431530
15324,Jaunokra,1,6239,autobuss,27.3117750,56.1349650
15325,Sloboda,2,"6226, 6239",autobuss,27.1830380,56.0814020
15327,Ignatova,1,6226,autobuss,27.3908480,56.1047370
15329,Šķībais krogs,3,"5177, 6383, 6459",autobuss,23.9630470,56.3534170
15330,Skolas iela,2,"5386, 7229",autobuss,24.4986180,56.8384050
15334,Dimanti,1,5314,autobuss,23.9123170,56.3989950
15335,Svitenes pagrieziens,1,5314,autobuss,23.9023870,56.4266520
15336,Viburi,1,6383,autobuss,23.9491150,56.3471930
15337,Dimzēni,1,5314,autobuss,23.9186880,56.3887430
15338,Internāts,1,6383,autobuss,24.0106280,56.3568400
15340,Sesiles centrs,1,6742,autobuss,22.3914300,56.6446380
15342,Turki,3,"5469, 5470, 6976",autobuss,26.2669870,56.4482560
15343,Bērzu pagrieziens,2,"6726, 7258",autobuss,22.5184730,56.8184550
15345,Kopmītne,1,5418,autobuss,22.4535490,56.6644240
15347,Nabiņas,1,6779,autobuss,24.4482990,56.8151300
15348,Druvas skola,3,"6739, 6771, 6776",autobuss,22.4442880,56.6964430
15355,Sidgunda,2,"7228, 7964",autobuss,24.9172010,56.9597130
15356,Vārpas,1,5155,autobuss,26.0739000,56.1100620
15359,Upeslīči,1,6080,autobuss,25.5443900,56.6788220
15365,Zarečnajas skola,3,"6547, 6548, 6549",autobuss,27.4526230,56.4782670
15366,Zarečnajas skola,3,"6547, 6548, 6549",autobuss,27.4509300,56.4794450
15370,Raibkrogs,2,"6083, 6496",autobuss,22.0145570,57.3680700
15373,Irbessala,2,"6979, 7727",autobuss,26.0315250,56.5917880
15376,Burtnieki,1,6039,autobuss,22.5598150,56.9041430
15378,Cēre,3,"5544, 6046, 6411",autobuss,22.8703439,57.1073257
15379,Rēzes,2,"6046, 6411",autobuss,22.9346897,57.1197415
1538,Lazdas,3,"5172, 6852, 6859",autobuss,24.0842602,56.6969156
15380,Brīvnieki,6,"5161, 5167, 5168, 5179, 6046, 6047",autobuss,23.1457421,57.0238743
15386,Medīlas,1,6952,autobuss,26.0404980,56.5588680
1539,Lazdas,3,"5172, 6852, 6859",autobuss,24.0813981,56.6983236
15390,Luciški,1,6482,autobuss,27.3908870,56.2677750
15393,Bērziņi,1,6182,autobuss,26.2941170,55.8308400
15394,Lukševo,1,6231,autobuss,27.7662820,56.0203880
15402,Lādzere,6,"6401, 6405, 6408, 6409, 6412, 6434",autobuss,22.7273070,57.2965830
15403,Vandzene,6,"6401, 6405, 6408, 6409, 6412, 6434",autobuss,22.7751300,57.3097320
15405,Ziedāni,4,"6116, 6130, 7851",autobuss,25.3630821,56.5576384
15406,Upītes,2,"6141, 6429",autobuss,25.6896760,56.6722910
15407,Stopāni,1,6590,autobuss,27.5781680,56.4640650
15413,Sniķeres pasts,1,6791,autobuss,23.0411806,56.4060911
15415,Pētervalde,1,6527,autobuss,23.1638930,56.5707280
15418,Mamonova,1,6236,autobuss,27.5059972,56.2345814
15419,Liepas skola,3,"6266, 6269, 6270",autobuss,25.4227528,57.3865316
1542,Lazdu gatve,1,3002,autobuss,24.6363393,56.7962516
15420,Liepas skola,1,6269,autobuss,25.4223351,57.3866477
15427,Caunes,2,"6342, 6698",autobuss,26.5338555,56.6629003
15428,Sarma,2,"6847, 6848",autobuss,24.2867730,56.6846490
15431,Blome,5,"5037, 5419, 6019, 7620, 7767",autobuss,26.6865870,57.1998700
15433,Rusecki,2,"6225, 6237",autobuss,27.8353900,56.1044570
1544,Leči,1,7699,autobuss,21.5785868,57.2753174
15442,Klētnieki,1,5079,autobuss,25.5021480,57.1650610
15455,Eglaine,1,7682,autobuss,22.0577420,57.5062100
15456,Jaunzemes,1,7682,autobuss,22.0164160,57.4861290
15457,Būšnieki,3,"5202, 5203, 7682",autobuss,21.6533470,57.4334580
15458,Celtnieks,1,6154,autobuss,26.4754470,55.8210930
15459,Mičurineca,1,6154,autobuss,26.4826070,55.8261320
15460,Mirnijs,4,"5320, 5325, 6167, 6169",autobuss,26.5909920,55.8229530
15461,Egles,1,5172,autobuss,24.0636360,56.7227920
15463,Zīles,1,5172,autobuss,24.0589870,56.7143800
15464,Tulpe,1,5172,autobuss,24.0453730,56.7061230
15474,Saltavots,1,3117,autobuss,24.8500910,57.1321200
15478,Darmaļi,1,6997,autobuss,26.7769608,56.8405391
15479,Mazā skola,11,"3050, 3051, 5021, 5189, 6448, 6690, 6693, 6696, 6701, 6704, 6707",autobuss,27.0428277,57.4206303
15480,Tiesa,2,"3050, 3051",autobuss,27.0249662,57.4311049
15481,Tiesa,1,3050,autobuss,27.0246216,57.4314259
15482,Kapsēta,2,"3050, 3051",autobuss,27.0533524,57.4341674
15483,RCI,4,"3051, 5021, 5196, 7769",autobuss,27.0403512,57.4270028
15487,Muižas iela,1,7018,autobuss,23.8537050,56.9809200
15493,Kalēji,1,6061,autobuss,23.2927020,56.9506600
15495,Celtnieku iela,1,6118,autobuss,24.7195660,56.7485270
15500,Nabe,1,6662,autobuss,24.6625480,57.4300020
15503,Rasas,1,5001,autobuss,25.3069215,56.1593925
15504,Sūnu skola,1,6952,autobuss,26.0648850,56.5417900
15507,Kaķīškalns,1,3113,autobuss,24.8298020,57.1427720
15509,Centrs Ozolmuiža,2,"5257, 5906",autobuss,27.2253430,56.4913830
15511,VEF-Baloži,1,5173,autobuss,24.0724316,56.8592849
15512,Purnavas pagrieziens,2,"5434, 6690",autobuss,27.4066300,57.3869730
15513,Pauri,1,6997,autobuss,26.8151166,56.8141649
15515,Veterinārā pārvalde,8,"6375, 6387, 6392, 6393, 6394, 6399, 6404, 6457",autobuss,24.1983200,56.4173200
15517,Smiltenes AO,42,"5392, 5398, 5409, 5421, 5422, 5423, 5424, 5428, 5429, 5431, 6505, 6506 …",autobuss,25.9047000,57.4231300
1552,Leimaņi,2,"6597, 6686",autobuss,25.8114060,57.5669879
15526,Krāslavas  stacija,6,"5507, 6213, 6218, 6239, 6240, 7047",autobuss,27.1450700,55.9247800
15527,Klabovci,1,6231,autobuss,27.6522700,56.0135980
15528,Melkeri,1,6231,autobuss,27.7057850,55.9955730
15529,Rešetņiki,1,6236,autobuss,27.5102130,56.2019850
1553,Leimaņi,2,"6597, 6686",autobuss,25.8107615,57.5674993
15533,Aizdzire,1,5184,autobuss,22.7309992,56.9959499
15536,Cukurfabrika,7,"5368, 5815, 6522, 7356, 7357, 7365",autobuss,23.7578500,56.6538400
15542,Žogotas,2,"5137, 5150",autobuss,27.3622202,56.7190357
15544,Kauguru kultūras nams,1,7023,autobuss,23.6101860,56.9595340
15547,Parks,1,5911,autobuss,24.1115770,56.4073280
15548,Galamuiža,1,6775,autobuss,23.7993791,56.3903597
15552,Šūpalas,1,5189,autobuss,27.0983367,57.4743978
15553,Pintāni,1,5150,autobuss,27.2394450,56.7576170
15554,Plūdoņi,1,5189,autobuss,27.1068203,57.4862002
15555,Spriņģi,1,5976,autobuss,25.3876970,56.6391270
15556,Žubītes,1,5189,autobuss,27.1378101,57.4900598
15557,Kivdolova,1,6590,autobuss,27.6623070,56.4556170
15558,Miera iela,1,6025,autobuss,26.7495244,57.1822145
15561,Rauda,1,6182,autobuss,26.2524900,55.8574320
15564,Dārzniecība,1,6025,autobuss,26.7398951,57.1870487
15566,Dzilnuciems,1,5616,autobuss,23.8641450,56.9212195
15572,Kristiņķi,1,5150,autobuss,27.2936820,56.7586630
15575,Vecumnieki,1,6509,autobuss,26.6565573,56.6599951
15576,Ikaunieki,1,6509,autobuss,26.7310816,56.6432953
15587,Lankas,2,"5968, 7937",autobuss,21.4715530,56.5912930
15591,Ērgļi,1,6394,autobuss,24.6346700,56.3853930
15597,Stiebriņi,1,6338,autobuss,26.3203627,56.6412961
15598,Behova,2,"6167, 6177",autobuss,26.5779780,55.7068430
15600,Katleši,1,6472,autobuss,27.7320630,57.3361880
15602,Gobas,1,6038,autobuss,22.9483962,56.9436109
15603,Rāvas,1,6038,autobuss,23.0569450,56.9638730
15605,Ambeļi,2,"5326, 5503",autobuss,26.8397880,56.0379920
15611,Aduliena,1,6027,autobuss,26.5182892,57.0759778
15612,Ledāni,1,6570,autobuss,26.8589352,56.6636966
15614,Pērkoni,3,"5052, 5119, 6452",autobuss,27.3170620,57.1568480
15615,Vecmuižnieki,2,"6292, 6642",autobuss,24.5035980,57.2505930
15617,Ķīšupe,1,5019,autobuss,24.4592570,57.2819720
15618,Mariņmuiža,1,5296,autobuss,23.1634330,56.7801320
15621,Matīsa iela,9,"5612, 6255, 6724, 6821, 6822, 6824, 6826, 6992, K7179",autobuss,24.1307600,56.9602150
15624,Pagrieziens uz Jelgavu,5,"6051, 7041, 7938, 7948, 7990",autobuss,23.2011880,56.9327320
15625,Hmeļņicki,1,5508,autobuss,26.9762920,55.9425360
15626,Eglaines pagrieziens,1,7493,autobuss,26.1168320,55.9568550
15627,Eglaines pagrieziens,1,7493,autobuss,26.1148550,55.9565360
1563,Lībieši,3,"5172, 6852, 6859",autobuss,24.0756931,56.6991626
15630,Rozītes,1,6777,autobuss,23.5196250,56.4983230
15631,Elku kapi,1,5183,autobuss,22.7382200,57.0706080
15632,Abgunste,1,6819,autobuss,23.4880450,56.4792320
15633,Pilsētas robeža,1,5911,autobuss,24.1651230,56.4009370
15634,Pilsētas robeža,1,5911,autobuss,24.1647170,56.4009480
15635,Sauriešu ciems,5,"5530, 5836, 6827, 6829, 6835",autobuss,24.3619120,56.9182030
1564,Lībieši,3,"5172, 6852, 6859",autobuss,24.0746709,56.6993145
15640,Ezers,1,5115,autobuss,27.3088090,56.4375820
15646,Konservu cehs,1,5314,autobuss,23.9084000,56.4144920
15647,Internāts,1,6383,autobuss,24.0112630,56.3568520
15648,Rimeikas,1,7785,autobuss,25.0271774,57.7917641
1565,Lībieši,2,"5144, 6373",autobuss,24.1316859,56.2733437
15650,Matīsa iela,10,"5612, 6251, 6255, 6724, 6821, 6822, 6824, 6826, 6992, K7179",autobuss,24.1308130,56.9603850
15653,Slimnīca,3,"3050, 3051, 6691",autobuss,27.0378150,57.4380930
15655,Bērzpils,2,"5034, 5139",autobuss,24.0395680,56.8401270
15663,Gobas,1,6038,autobuss,22.9483720,56.9439870
15665,Rāvas,1,6038,autobuss,23.0569450,56.9639330
15668,Cimāles,1,5515,autobuss,23.6395462,56.6876965
15669,Cimāles,1,5515,autobuss,23.6395200,56.6876838
15672,Eriņi,1,6649,autobuss,25.3502080,57.9060670
15673,Eriņi,1,6649,autobuss,25.3499330,57.9055200
15678,Zīlītes,1,5189,autobuss,27.1208391,57.4880693
15680,Eglaines iela / Dole,12,"7010, 7073, 7229, 7238, 7556, 7693, 7788, 7899, 7981, 7989, 7992, 7997",autobuss,24.1907960,56.9049080
15681,Eglaines iela / Dole,17,"7006, 7010, 7073, 7229, 7238, 7452, 7491, 7556, 7611, 7693, 7788, 7898 …",autobuss,24.1914530,56.9050060
15682,Lavošnieki,1,6444,autobuss,27.8575370,57.2955370
15683,Ceglinīca,1,5142,autobuss,27.1054180,56.6646150
15684,Ceglinīca,1,5142,autobuss,27.1058250,56.6646900
15685,Brukāni,1,5142,autobuss,27.1234930,56.6553430
15686,Brukāni,1,5142,autobuss,27.1236130,56.6554550
15687,Kakarvīši,1,5142,autobuss,27.1619950,56.6426330
15688,Kakarvīši,1,5142,autobuss,27.1622400,56.6426200
15691,Deģi,1,6054,autobuss,23.0866520,56.7872670
15693,Garozas mežniecība,1,6522,autobuss,23.9405019,56.6562149
15694,Ezers,1,5115,autobuss,27.3085370,56.4376230
15697,Sondari,1,6590,autobuss,27.6303600,56.4616120
15702,Rūmenes šķūnis,1,5183,autobuss,22.7253430,57.0595600
15706,Griepciema pagrieziens,1,5183,autobuss,22.6911370,57.0788820
15712,Zemitāna laukums,9,"5612, 6251, 6255, 6724, 6821, 6822, 6824, 6826, 6992",autobuss,24.1860000,56.9791900
15713,Rīga (Elizabetes iela),10,"5034, 5139, 5171, 5172, 5173, 5433, 5435, 5616, 6852, 6859",autobuss,24.1235300,56.9480980
15714,Berģi,6,"5612, 6255, 6821, 6822, 6824, 6826",autobuss,24.2735570,56.9989660
15717,Tīreļi,5,"5515, 6752, 7401, 7958, 7959",autobuss,23.5860400,56.8414400
15718,Tīreļi,5,"5515, 6752, 7401, 7958, 7959",autobuss,23.5869000,56.8413300
15722,Jaunbūve,23,"5099, 5326, 5503, 5506, 5508, 5572, 5573, 5574, 5575, 6159, 6172, 6175 …",autobuss,26.5590820,55.8815730
15723,Jaunbūve,23,"5099, 5326, 5503, 5506, 5508, 5572, 5573, 5574, 5575, 6172, 6175, 6178 …",autobuss,26.5593880,55.8815920
15724,Balvu stacija,1,5585,autobuss,27.2068080,57.1649000
15725,Vērdiņi,3,"6394, 6400, 7200",autobuss,24.7019700,56.4056850
15726,Apes pagrieziens,2,"7164, 7653",autobuss,26.7034100,57.5192420
15732,Madonas iela,2,"6944, 6979",autobuss,25.8604600,56.5171300
15740,Maiļupsalas,1,6430,autobuss,25.7737020,56.6234930
15741,Maiļupsalas,1,6430,autobuss,25.7736400,56.6234380
15742,Ķūģi,1,6430,autobuss,25.8053850,56.6420730
15743,Ķūģi,1,6430,autobuss,25.8051870,56.6420850
15745,Birznieki,2,"6399, 6404",autobuss,24.4370680,56.4483820
15746,Birznieki,2,"6399, 6404",autobuss,24.4386630,56.4464570
15747,Brukna,2,"6399, 6404",autobuss,24.4289850,56.4664220
15748,Bruknas muiža,1,6399,autobuss,24.4428609,56.4683137
15749,Bruknas muiža,1,6399,autobuss,24.4430170,56.4682520
15750,Silamala,1,5048,autobuss,27.1683970,57.1067550
15752,Litinišķi,1,6886,autobuss,26.6209900,56.1542220
15753,Janova,1,6886,autobuss,26.6606600,56.1489330
15754,Butleri,1,6886,autobuss,26.7014980,56.1586640
15755,Selga,1,6079,autobuss,21.5635450,57.3595030
15757,Teika,36,"5612, 6255, 6724, 6821, 6822, 6824, 6826, 6992, 7514, 7516, 7599, 7600 …",autobuss,24.1877350,56.9795210
15758,Teika,30,"6992, 7514, 7516, 7599, 7600, 7618, 7624, 7647, 7660, 7661, 7662, 7663 …",autobuss,24.1862676,56.9778497
15759,Jugla,36,"5612, 6255, 6724, 6821, 6822, 6824, 6826, 6992, 7514, 7516, 7599, 7600 …",autobuss,24.2389100,56.9891200
15760,Jugla,38,"5612, 6251, 6255, 6724, 6821, 6822, 6824, 6826, 6992, 7514, 7516, 7599 …",autobuss,24.2424400,56.9899600
15761,Āstere,2,"5602, 6659",autobuss,24.7347950,57.6142280
15762,Avotkalni,1,6667,autobuss,24.4482080,57.7154180
15764,Panūtas,2,"5453, 5454",autobuss,24.9161250,57.3500530
15765,Diogi,2,"6535, 7448",autobuss,27.3341690,56.5787830
15766,Livža,1,6564,autobuss,27.1412400,56.5646780
15767,Aizupe,3,"5740, 6037, 6039",autobuss,22.5834690,56.9357141
15774,Virši,2,"6744, 7252",autobuss,22.0997720,56.4694350
15775,Pūces,2,"5211, 5212",autobuss,21.7871900,56.9028780
15776,Pūces,1,5211,autobuss,21.7844570,56.9042880
15777,Tautas nams,1,5211,autobuss,21.7956720,56.8978670
15779,Vienības iela,1,5336,autobuss,21.9977300,56.9602150
15780,Puriņi,1,7175,autobuss,24.8397702,57.2746679
15781,Ausmas,1,7175,autobuss,24.7069690,57.4212430
15782,Lībieši,1,5144,autobuss,24.1332700,56.2729700
15783,Miera iela,1,6025,autobuss,26.7481987,57.1824727
15785,Vanagi,1,7748,autobuss,25.0450490,57.0181190
15786,Veikals,1,6025,autobuss,26.7477309,57.1856103
15790,Vilhelma Purvīša,2,"5432, 6844",autobuss,24.1210548,56.9433071
15797,Rudiņi,1,5216,autobuss,25.1199600,56.7718400
15798,Daugavpils stacija,5,"5572, 7479, 7543, 7554, 7555",autobuss,26.5274774,55.8743556
1580,Lielauce,1,6804,autobuss,22.8957944,56.5226998
15803,Notra,1,5129,autobuss,26.9252150,56.5177330
15804,Aleksandropole,1,5129,autobuss,26.9271230,56.4895580
15805,Silava,3,"5777, 5835, K6317",autobuss,24.3474002,56.8699343
15807,Īslīces tilts,1,5315,autobuss,23.9924450,56.4771230
15808,Zaļumu vasarnīcas,1,5099,autobuss,26.6296122,55.9668591
15809,Naujenes pagrieziens,7,"5508, 5575, 6172, 6178, 7543, 7554, 7555",autobuss,26.7436840,55.9294250
15816,Namiķi,7,"6728, 6739, 6740, 6753, 7253, 7260, 7269",autobuss,22.3921980,56.7168020
15817,Namiķi,7,"6728, 6739, 6740, 6753, 7253, 7260, 7269",autobuss,22.3898730,56.7182350
15821,Kalpaka iela,1,6025,autobuss,26.7610030,57.1796330
15822,Kalpaka iela,1,6025,autobuss,26.7611630,57.1795850
15823,Dzelzceļa iela,1,6025,autobuss,26.7564577,57.1768965
15824,Santa,2,"5276, 6025",autobuss,26.7576301,57.1724582
15833,Jaunauces pagrieziens,2,"5246, 6729",autobuss,22.7306220,56.3770570
15838,Eglaine,1,7682,autobuss,22.0577300,57.5061200
15839,Robežnieki,1,7682,autobuss,22.0204200,57.5064650
1584,Lielie Garanči,1,5257,autobuss,27.2961690,56.5013574
15840,Jaunzemes,1,7682,autobuss,22.0161720,57.4859070
15846,Uzvara,4,"6378, 6379, 6395, 6397",autobuss,24.2551450,56.3151380
15848,Muižnieki,1,5296,autobuss,23.1907600,56.8045160
15849,Klāvi,2,"6512, 6775",autobuss,23.8412011,56.3770021
15850,Blaumaņa iela,1,6025,autobuss,26.7576630,57.1688400
15851,Gulbenes autobuss,1,6025,autobuss,26.7572943,57.1636578
15852,Lepeste,2,"5633, 7451",autobuss,27.5524500,56.6874200
15855,Veterinārā pārvalde,9,"6375, 6387, 6392, 6393, 6394, 6399, 6400, 6404, 6457",autobuss,24.1977800,56.4176900
15856,Krutova,1,6455,autobuss,27.6286380,57.0739650
15857,Krutova,2,"6453, 6455",autobuss,27.6288280,57.0742030
15858,Poizeniški,3,"6943, 6981, 6982",autobuss,26.5430640,56.2220510
15859,Piltenes iela,4,"5225, 5336, 6307, 6419",autobuss,21.9571691,56.9741045
15862,Saulītes,1,6045,autobuss,22.8855520,56.8978850
15863,Saulītes,1,6045,autobuss,22.8862870,56.8972830
15864,Silagals 1,2,"6342, 6698",autobuss,26.4969993,56.6571093
15865,Brīvības,1,5187,autobuss,22.9850420,56.7003000
15866,Bikstu stacija,1,5187,autobuss,22.9765180,56.6912280
15868,Putni,1,6804,autobuss,22.8691517,56.4853058
15869,Mežniecība,1,5037,autobuss,26.5424475,57.3401167
15870,Silajāņi,1,6429,autobuss,25.6140230,56.7509420
15876,Degtjarka,1,6176,autobuss,26.4339130,55.7939520
15877,Pēternieki,1,7482,autobuss,23.9333830,56.7627880
15879,Grāveri,9,"5507, 5508, 5714, 5715, 6215, 6226, 6239, 6240, 7047",autobuss,27.1367630,56.0603670
15880,Roģeļi,3,"6226, 6239, 6240",autobuss,27.1603680,56.0577320
15881,Stankeviči,1,6226,autobuss,27.3236270,56.1043780
15882,Dabračina,1,6237,autobuss,27.7290430,56.1393080
15884,Dvorišče,1,6297,autobuss,27.1630080,55.8563700
15885,Mežaine,1,6768,autobuss,21.2473910,56.7877700
15886,Līduma TN,2,"5913, 6388",autobuss,24.1745568,56.3820754
15893,Kraujas,4,"5898, 5899, 6929, 6930",autobuss,25.7870820,56.1269320
15894,Geidāni,1,5056,autobuss,26.1520400,56.2910780
15896,Silenes skola,1,6169,autobuss,26.7800920,55.7518180
15897,Silenes skola,1,6169,autobuss,26.7803000,55.7513820
15899,Ventas iela,1,6933,autobuss,25.8818000,56.5064280
1590,Lielplatone,1,5376,autobuss,23.6660021,56.4513115
15904,Zaļumi,1,5574,autobuss,26.6262520,55.9901220
15911,Jānītis,5,"7620, 7767, 7902, 7908, 7910",autobuss,25.8905868,57.4204486
15913,Zamšoviki,1,6237,autobuss,27.9699070,56.1542400
15917,Salaspils (Miera iela),3,"5835, 5836, K6317",autobuss,24.3678132,56.8637201
15919,Seces pagrieziens,2,"6132, 6133",autobuss,25.3926880,56.4881080
15923,Tīrumnieki,1,6570,autobuss,26.9297420,56.7154430
15924,Ļodāni,1,6570,autobuss,26.8898720,56.6691150
15926,Cakuli,1,6570,autobuss,26.7862520,56.6308480
15928,Mežaraupi,1,5897,autobuss,25.7368970,56.2070380
15933,Skola,1,6403,autobuss,24.2230560,56.6005530
15934,Krievgaļi,2,"6395, 6397",autobuss,24.1953950,56.2761480
15940,Beberbeķu iela,2,"5616, 7959",autobuss,23.9612530,56.9497230
15941,Slokas stacija,1,7023,autobuss,23.6171076,56.9475121
15943,Kvinti krustojums,1,6304,autobuss,22.2811350,56.9516100
15944,Pampāļi,1,6742,autobuss,22.2138580,56.5409230
15947,Reņģes pagrieziens,1,6746,autobuss,22.5510130,56.4237250
15948,Jāteles muiža,2,"5211, 5212",autobuss,21.7697200,56.9078380
15949,Pontogi,1,6237,autobuss,27.7216970,56.1832420
15950,Pontogi,1,6237,autobuss,27.7227420,56.1833920
15951,Panova,2,"6233, 6237",autobuss,27.7801080,56.1127200
15952,Ževnerčiki,1,6240,autobuss,27.2325344,56.0637974
15955,Eisaki,1,6362,autobuss,27.4005230,56.0542150
1596,Liepājas iela,1,3162,autobuss,26.2077384,56.8568084
15963,Auce,4,"6746, 6791, 6804, 7933",autobuss,22.8934756,56.4647665
15964,Auce,3,"6746, 6804, 7933",autobuss,22.8936966,56.4647934
15966,Jēkabpils DUS,1,7852,autobuss,25.8833930,56.5019350
15967,Jēkabpils DUS,1,7867,autobuss,25.8828450,56.5020420
15968,Viļānu AO,18,"5129, 5135, 5136, 5712, 5716, 6486, 6530, 6570, 7004, 7044, 7435, 7445 …",autobuss,26.9218130,56.5526370
1597,Liepas,1,6852,autobuss,24.1274040,56.6853460
15973,Kalte,1,6395,autobuss,24.2023850,56.3113370
1598,Liepas,3,"6394, 6400, 7200",autobuss,24.7303236,56.4062324
15980,Griepciema pagrieziens,1,5183,autobuss,22.6914182,57.0788791
15981,Vecsāti,1,6038,autobuss,22.9491940,56.9254470
15982,Mālkalnu pagrieziens,5,"6357, 7693, 7702, 7850, 7989",autobuss,25.8084890,56.6175820
15985,Eleja,5,"5376, 6524, 6531, 7352, 7360",autobuss,23.6836170,56.4171260
15987,Roznieki,1,7692,autobuss,26.8238830,56.9875440
1599,Liepas,3,"6394, 6400, 7200",autobuss,24.7292521,56.4063875
15990,Pagrieziens uz Dārziņiem,2,"7788, K6317",autobuss,24.2729420,56.8708600
15991,Zaķi,1,5911,autobuss,24.1410974,56.4018446
16004,Oksle,2,"5183, 6046",autobuss,22.8253330,57.1259060
16005,Branti,1,7692,autobuss,26.7381483,56.9188428
16007,Līčagals,1,7692,autobuss,26.7970295,56.9354591
16010,Klūnu pagrieziens,1,6791,autobuss,23.2683770,56.4578050
16015,Matiļi,1,6218,autobuss,27.2239350,56.0119150
16016,Ezergals,1,6218,autobuss,27.2445850,56.0509880
16019,Baltiņi,4,"5296, 5298, 6052, 6076",autobuss,23.3228754,56.8064334
16020,Rūtenas,4,"5296, 5298, 6052, 6076",autobuss,23.2789259,56.7984303
16021,Jaunzemji,1,6052,autobuss,23.2796030,56.7780050
16022,Aizdzire,1,5184,autobuss,22.7307225,56.9958572
16024,Lūši,1,5296,autobuss,23.2137220,56.7855830
16026,Lielplatones muiža,4,"5376, 6526, 6531, 6782",autobuss,23.6590900,56.4508500
16027,Borisovka,1,6231,autobuss,27.6766820,56.0001870
16031,Kāļi,1,5296,autobuss,23.1388630,56.8029100
16032,Valeikas,1,5317,autobuss,23.1459850,56.8786630
16033,Romi,1,6066,autobuss,22.9613770,56.8277070
16042,Pūdnīki,1,6571,autobuss,27.0327970,56.3350170
16043,Viļānu  stacija,1,6486,autobuss,26.9385500,56.5606070
16046,Liepkalni,1,5296,autobuss,23.2259950,56.7852920
16047,Celtnieks,1,6154,autobuss,26.4755550,55.8211380
16048,Mirnijs,4,"5325, 6161, 6167, 6169",autobuss,26.5907600,55.8229550
16052,Plesņeva,1,6231,autobuss,27.7413220,55.9845980
16053,Imanta,1,6200,autobuss,26.1277270,56.0581050
16057,Tālavas iela,1,5384,autobuss,25.9904870,57.7803060
16058,Tālavas iela,1,5384,autobuss,25.9909390,57.7801610
16062,Putrāni,1,5628,autobuss,27.2265800,56.6616140
16063,Zeltiņi,1,5605,autobuss,25.0343462,57.4033617
16067,Maizes kombināts,4,"3051, 5194, 5436, 5444",autobuss,27.0451444,57.4067968
16071,Verpuļeva,1,5051,autobuss,27.3074806,57.1393250
16072,Ezera iela,1,5051,autobuss,27.2864090,57.1326730
16073,Stacijas pagrieziens,1,5585,autobuss,27.2055830,57.1600600
16076,Pilcene,1,5628,autobuss,27.2699850,56.6633190
16077,Maltas stacija,1,7479,autobuss,27.1528885,56.3571661
16083,Silagals 2,2,"6342, 6698",autobuss,26.4862611,56.6527867
16085,Mazrundāles pagrieziens,1,6459,autobuss,24.0148200,56.3570700
16087,Savienības iela,16,"5374, 5662, 5826, 6516, 6521, 6522, 6524, 6525, 6526, 6531, 6764, 6772 …",autobuss,23.7281000,56.6349900
16093,Kuikules skola,1,6667,autobuss,24.5084470,57.7162430
16094,Puriņi,1,7175,autobuss,24.8401807,57.2744855
16098,Rugātnieki,2,"6937, 6944",autobuss,25.8908130,56.5859470
16100,Rauda,1,6182,autobuss,26.2527120,55.8574800
16105,Rēzeknes AO,65,"5115, 5129, 5130, 5135, 5136, 5137, 5150, 5626, 5627, 5628, 5759, 6436 …",autobuss,27.3299170,56.5000720
16106,ALFA,9,"5612, 6255, 6724, 6821, 6822, 6824, 6826, 6992, K7179",autobuss,24.2021410,56.9837390
16107,Viesiena,1,6736,autobuss,26.0286015,56.8931979
16109,Darmaļi,1,6997,autobuss,26.7771468,56.8406098
16110,Pauri,1,6997,autobuss,26.8152761,56.8146335
16111,Tirgus,3,"3050, 5188, 5444",autobuss,27.0515075,57.4205242
16112,Tirgus,4,"3050, 5021, 6696, 6702",autobuss,27.0517016,57.4204056
16113,Kalnadruvas,2,"3050, 6702",autobuss,27.0896478,57.4166908
16114,Apes iela,2,"3050, 7769",autobuss,27.0332648,57.4336788
16115,Apes iela,4,"3050, 3051, 5196, 7769",autobuss,27.0326762,57.4334134
16117,MRS,1,3051,autobuss,27.0997906,57.4289263
16118,RCI,3,"3051, 5188, 7769",autobuss,27.0399291,57.4274958
16120,Lisas krejotava,2,"6256, 6638",autobuss,25.6650228,57.4160108
16124,Silagals 1,1,6698,autobuss,26.4969998,56.6571828
16125,Caunes,1,6698,autobuss,26.5335128,56.6629252
1613,Liepziedi,6,"5836, 6827, 6829, 6830, 6831, 6835",autobuss,24.2574394,56.9432688
16130,Centrs,1,6374,autobuss,24.2366100,56.3968500
16131,Jātnieki,1,6501,autobuss,24.3555600,56.2898200
16132,Bērsteles pagrieziens,2,"5313, 5315",autobuss,23.9188600,56.4284900
16133,Celmiņi,2,"5312, 5315",autobuss,23.9473800,56.4707400
16138,Zaķumuiža,4,"6251, 6829, 6830, 6831",autobuss,24.4826991,56.9691841
16139,Umurgas kultūras nams,2,"7145, 7776",autobuss,24.8098800,57.5180620
1614,Liepziedi,6,"5836, 6827, 6829, 6830, 6831, 6835",autobuss,24.2565183,56.9433756
16141,Brukna,1,6399,autobuss,24.4287580,56.4662830
16142,Sborka,1,6187,autobuss,26.7001520,55.8389320
16143,Zaķi,1,5911,autobuss,24.1402067,56.4020520
16145,Bratanišķi,1,6190,autobuss,26.4782750,55.7403970
16146,Dūžāni,1,5251,autobuss,25.0659450,56.2518950
16152,Zaļumi,1,5574,autobuss,26.6261420,55.9902450
16153,ALFA,10,"5612, 6251, 6255, 6724, 6821, 6822, 6824, 6826, 6992, K7179",autobuss,24.2017310,56.9838650
16154,Telts iela,20,"7016, 7023, 7041, 7401, 7410, 7937, 7938, 7946, 7947, 7948, 7950, 7951 …",autobuss,24.0920180,56.9191870
16155,Telts iela,21,"7016, 7023, 7041, 7401, 7410, 7482, 7933, 7937, 7938, 7946, 7947, 7948 …",autobuss,24.0890690,56.9185260
16157,Rēzekne Vipinga,1,6548,autobuss,27.3680570,56.5024670
16159,Ģimnastikas iela,11,"5034, 5139, 5171, 5172, 5173, 6852, 6859, 7376, 7377, 7482, 7933",autobuss,24.0875260,56.9158750
16160,Ģimnastikas iela,8,"5034, 5139, 5171, 5172, 5173, 6852, 6859, 7376",autobuss,24.0880210,56.9169260
16161,Nīgrande,3,"6744, 6817, 7252",autobuss,22.0987790,56.4867460
16162,Kaģi,1,7959,autobuss,23.6453290,56.8830340
16164,Piedruja,2,"6296, 7555",autobuss,27.4489400,55.7973450
16165,Ļudvikova,2,"5857, 6215",autobuss,27.0771960,55.9358440
16169,Viesiena,1,6736,autobuss,26.0278673,56.8931426
16170,Ozoliņi,2,"6866, 6997",autobuss,26.7051169,56.7978476
16171,Ozoliņi,2,"6866, 6997",autobuss,26.7054967,56.7978463
16172,Torņa iela,2,"3050, 3051",autobuss,27.0676200,57.4199100
16173,Torņa iela,3,"3050, 3051, 6702",autobuss,27.0689200,57.4196600
16175,Mazā skola,13,"3050, 3051, 5188, 5189, 5194, 5196, 5444, 6447, 6448, 6690, 6697, 6704 …",autobuss,27.0433357,57.4205522
16176,MRS,1,3051,autobuss,27.1005650,57.4290872
16178,Apgāde,1,6025,autobuss,26.7399588,57.1808534
16188,Slimnīca,3,"3033, 3034, 5384",autobuss,26.0108929,57.7847153
16191,Jaunmārupe,1,5433,autobuss,23.9346142,56.8820694
16193,Ozolkalns,1,6338,autobuss,26.3053711,56.6535893
16194,Maizes kombināts,4,"5194, 5436, 5444, 6696",autobuss,27.0449983,57.4066947
16195,Naglenes iela,1,6025,autobuss,26.7505214,57.1895693
16199,Lisas krejotava,1,6638,autobuss,25.6647478,57.4159968
16201,Stirnu pagrieziens,1,6804,autobuss,22.9645350,56.5227950
16206,Ozolpils,2,"5516, 6752",autobuss,23.7198060,56.6862255
16207,Jaunsāti,1,6038,autobuss,22.9599419,56.9680111
16208,Jaunciems,1,6038,autobuss,22.8688150,56.9979170
16210,Bratova,2,"6562, 6565",autobuss,27.3826080,56.4013930
16213,Vecslabada,1,6552,autobuss,27.9879550,56.2642680
16220,Klētnieki,1,5079,autobuss,25.5021310,57.1650230
16221,Iesalnieki,1,6898,autobuss,26.2050130,56.3433280
16223,Jānītis,9,"5422, 5423, 5428, 7620, 7766, 7767, 7771, 7902, 7908",autobuss,25.8912194,57.4210624
16224,Tautas iela,1,5051,autobuss,27.2639980,57.1288104
16226,Krāces stacija,1,7479,autobuss,27.0506620,56.2720490
16227,Gercēni,2,"6141, 6429",autobuss,25.7508500,56.7875080
16228,Grīvas,2,"6141, 6429",autobuss,25.7855420,56.7692950
1623,Liģeri,1,6831,autobuss,24.6211819,56.9213463
16231,Krievāres,1,5155,autobuss,25.9805050,56.2210350
16233,Sēnīte,1,7937,autobuss,22.2621920,56.6747320
16234,Zundāni,1,6952,autobuss,26.2329080,56.5489050
16235,Alūksnes AO,39,"3050, 3051, 5021, 5188, 5189, 5194, 5196, 5419, 5434, 5436, 5444, 5445 …",autobuss,27.0512530,57.4235270
16236,Baldiešu ferma,1,5305,autobuss,25.1591619,57.4989806
16238,Savienības iela,13,"5374, 5662, 5826, 6516, 6524, 6525, 6764, 6772, 6775, 6782, 7352, 7360 …",autobuss,23.7274690,56.6335960
1624,Liģeri,1,6831,autobuss,24.6224000,56.9223650
16240,Jelgavas AO,46,"5367, 5368, 5374, 5515, 5516, 5517, 5662, 5815, 5824, 5825, 5826, 6516 …",autobuss,23.7218720,56.6498810
16241,Stacijas iela,11,"5374, 5662, 5826, 6516, 6524, 6764, 6772, 6775, 6782, 7352, 7360",autobuss,23.7286300,56.6421790
16242,Satiksmes iela,10,"5367, 5515, 5517, 5824, 6519, 7353, 7354, 7363, 7376, 7933",autobuss,23.6950910,56.6522080
16243,Satiksmes iela,10,"5367, 5515, 5517, 5824, 6519, 7354, 7363, 7376, 7684, 7933",autobuss,23.6937690,56.6522770
16246,Viesīte,11,"5483, 5490, 5493, 5494, 5495, 5496, 6891, 6895, 6931, 6941, 7238",autobuss,25.5561930,56.3497880
16248,Zamšoviki,1,6237,autobuss,27.9683070,56.1554330
16250,Vāne,5,"6037, 6039, 7258, 7512, 7938",autobuss,22.5605410,56.9233860
16251,Rožupes pagasta padome,3,"6943, 6958, 6981",autobuss,26.3604830,56.3310980
16254,Ezeri,1,6779,autobuss,24.4377080,56.7973110
16255,Celmi,1,6779,autobuss,24.4431820,56.8076830
16262,Ozoli,1,6643,autobuss,24.9452600,57.6419800
16266,Klāvi,1,6775,autobuss,23.8413099,56.3770569
16269,Bardžūni,1,6380,autobuss,24.5650720,56.2985430
16270,Sīļi,1,6380,autobuss,24.5526130,56.3217530
16271,Zeltiņi,2,"6596, 6611",autobuss,25.9977657,57.4573257
16279,Īslīce,2,"5144, 6373",autobuss,24.1138655,56.3196502
1628,Lindes,2,"5034, 5139",autobuss,24.0709240,56.8870500
16280,Īslīce,2,"5144, 6373",autobuss,24.1133942,56.3207823
16281,Ezerkrasts 2,1,3001,autobuss,27.6964400,56.5623000
16283,Ezerkrasts,1,3001,autobuss,27.6964500,56.5585990
16284,Cūkezers,1,5183,autobuss,22.7753680,57.1066590
16286,Asinovka,1,6536,autobuss,27.4951050,56.4173850
16288,Dubaskrogs,1,6742,autobuss,22.3649270,56.6090380
1629,Lindes,2,"5034, 5139",autobuss,24.0719377,56.8883062
16291,Rožupes pagasta padome,2,"6958, 6981",autobuss,26.3604510,56.3309320
16299,Jaunauces pagrieziens,2,"5246, 6729",autobuss,22.7306170,56.3767880
16302,Sondori,1,5129,autobuss,26.9173820,56.4704540
16304,Pērkoni,2,"5119, 6452",autobuss,27.3177450,57.1571750
16306,Garozas stacija,1,7482,autobuss,23.9406370,56.6494770
16307,Baložu iela,6,"5517, 5825, 6519, 6777, 6819, 7360",autobuss,23.6933500,56.6288200
16308,Naudītes pagrieziens,2,"6527, 6804",autobuss,23.1961520,56.6024530
16309,Jurģi,1,6791,autobuss,22.9506830,56.4291570
16310,Smēdes,1,6083,autobuss,21.8668820,57.4012280
16313,Pienotava,1,6783,autobuss,23.3834530,56.4085120
16314,Dzeguzēni,1,6783,autobuss,23.4105570,56.4130620
16315,Rainis,2,"6926, 6987",autobuss,26.7918275,56.2277418
16316,Dzelzceļa iela,1,6025,autobuss,26.7565894,57.1782581
16317,Santa,2,"5276, 6025",autobuss,26.7574629,57.1721463
16324,Krasnoje,1,5508,autobuss,26.8663220,55.9473430
16327,Līvi,2,"5187, 6800",autobuss,22.9688278,56.6933279
16332,Poizeniški,2,"6981, 6982",autobuss,26.5440140,56.2232360
16334,Uzvara,4,"6378, 6379, 6395, 6397",autobuss,24.2552070,56.3150920
16336,Grenctāles robežpunkts,1,6504,autobuss,24.3633080,56.2774700
16339,Blaumaņa iela,1,6025,autobuss,26.7574400,57.1687470
16340,Dārzniecība,1,6742,autobuss,22.4577950,56.6484080
16341,Jāteles muiža,1,5211,autobuss,21.7697320,56.9077900
16342,Kaucminde,3,"5093, 5313, 5912",autobuss,24.1253550,56.3959222
16350,Meža Rasas,1,5470,autobuss,26.1698520,56.5028800
16353,Kurzemes iela,6,"3211, 3212, 3213, 5558, 6033, 6051",autobuss,23.1590950,56.9708270
16354,Dome,6,"3212, 3213, 5179, 5317, 5443, 5558",autobuss,23.1524350,56.9668330
16361,Bērsteles pagrieziens,3,"5312, 5313, 5315",autobuss,23.9187400,56.4281400
16362,Celmiņi,1,5315,autobuss,23.9476600,56.4706900
16364,Sēmes skola,1,5179,autobuss,23.1323090,57.0434800
16366,Līči,1,5517,autobuss,23.4960400,56.5519400
16369,Kopmītne,1,5418,autobuss,22.4535820,56.6643070
16370,Garkalne,5,"6251, 6255, 6826, 6992, 7748",autobuss,24.4082775,57.0425865
16374,Bramaņi,1,6054,autobuss,23.1564599,56.8440215
16375,Mežnieki,1,6054,autobuss,23.1466652,56.8712169
16376,Drēģi,4,"5161, 5167, 5168, 6047",autobuss,23.1014750,57.0641837
16383,Pūramola,1,5150,autobuss,27.3075080,56.7478820
16384,Pintāni,1,5150,autobuss,27.2379700,56.7576020
16385,Auliciems,1,5975,autobuss,25.3476540,56.6199992
16387,Asinova,1,5142,autobuss,27.1439000,56.6448880
16393,Pleševa,1,6437,autobuss,27.5592880,57.0266410
16394,Cērpene,5,"6437, 6443, 6453, 7766, 7767",autobuss,27.6128210,57.0086710
16395,Balvu stacija,1,5585,autobuss,27.2067850,57.1648870
16396,Spundiņas,2,"6726, 7258",autobuss,22.5120530,56.7429370
16397,Igaunijas robeža,2,"6607, 6681",autobuss,25.0097000,58.0142680
16399,Viesturi,1,6599,autobuss,25.2526920,57.4783920
16401,Kvinti krustojums,1,6304,autobuss,22.2803430,56.9515420
16402,Ciemats,3,"5115, 6562, 6565",autobuss,27.3082731,56.3674886
16403,Kaķīši,3,"6255, 7906, 7911",autobuss,24.8214825,57.1379570
16408,Vecumnieki,2,"6509, 6727",autobuss,26.6555353,56.6599767
16410,Berģi,6,"5612, 6255, 6821, 6822, 6824, 6826",autobuss,24.2735100,56.9991700
16412,Gulbenes AO,37,"5037, 5038, 5276, 5419, 5436, 5445, 5538, 5541, 6006, 6010, 6012, 6014 …",autobuss,26.7679010,57.1832340
16417,PII Vārpiņa,1,6608,autobuss,25.3298019,57.8990644
16422,Ozolmuiža,2,"5425, 6643",autobuss,25.0432670,57.6379770
16423,Pūramola,1,5150,autobuss,27.3076980,56.7476050
16424,Vārnezers,1,5189,autobuss,27.1647872,57.4884515
16425,Asinova,1,5142,autobuss,27.1436040,56.6447620
16429,Purnavas pagrieziens,2,"5434, 6690",autobuss,27.4068170,57.3868030
16435,Parks,1,5911,autobuss,24.1114320,56.4077920
16442,Gromalti,1,6952,autobuss,26.2136400,56.5847080
16444,Rugātnieki,1,6944,autobuss,25.8904620,56.5863250
16447,Saules centrs,1,6043,autobuss,22.9839000,56.7633530
16449,Pastende,5,"5439, 7511, 7684, 7948, 7990",autobuss,22.5206209,57.2261332
16450,Silakrogs,3,"6931, 6941, 7238",autobuss,25.5683170,56.2479330
16454,Bērzgale,1,6557,autobuss,27.5125320,56.6320530
16455,Strūžāni,2,"5137, 6566",autobuss,27.2378450,56.6960930
16456,Janopole,1,6536,autobuss,27.3815390,56.4609610
16458,Pienotava,1,6783,autobuss,23.3830300,56.4081530
16459,Dumbrāji,2,"5400, 6613",autobuss,25.4241180,57.5095230
16460,Mičurina,2,"5508, 6215",autobuss,27.0599720,56.0648000
16462,Rozītes,1,6819,autobuss,23.5196250,56.4981330
16464,Abgunste,1,6777,autobuss,23.4880450,56.4792320
16466,Elejas skola,8,"5376, 6512, 6524, 6526, 6531, 6782, 7352, 7360",autobuss,23.6836670,56.4085589
16468,Sondari,1,6590,autobuss,27.6324050,56.4615880
16469,Rūmenes šķūnis,1,5183,autobuss,22.7252680,57.0594520
16470,Vīnkalni,1,5183,autobuss,22.7359730,57.0921650
16471,Darbnīcas,1,5212,autobuss,21.8341320,56.8821980
16472,Mežniecība,1,5585,autobuss,27.2445859,57.1420449
16473,Garozas stacija,1,7482,autobuss,23.9406500,56.6496700
16480,Mičurineca,1,6154,autobuss,26.4825680,55.8258180
16481,Preiļu pagasts,2,"6882, 6884",autobuss,26.6900070,56.2988580
16482,Pienotava,2,"5897, 6998",autobuss,25.8413080,56.2548220
16484,Snēpeles skola,3,"5201, 5649, 6327",autobuss,21.9435950,56.8404550
16493,Liesmas,3,"5505, 7238, 7493",autobuss,25.9064880,56.0518200
16494,Turna,2,"6670, 7819",autobuss,25.7845390,57.7545780
16495,Lūznava,2,"5115, 6562",autobuss,27.2609750,56.3606870
16496,Gaigalava,3,"5142, 6486, 6567",autobuss,27.0669170,56.7339280
16497,Krustceles,2,"5897, 6986",autobuss,25.8629920,56.2605430
16498,Zvirgzdi,1,7748,autobuss,24.9948143,57.0158283
16499,Panūtas,2,"5453, 5454",autobuss,24.9204320,57.3511100
16500,Garanči,2,"6486, 6567",autobuss,27.0225420,56.6896420
16501,Tušķi,6,"5367, 5515, 5824, 7354, 7684",autobuss,23.6312474,56.6521000
16503,Grāvīši,1,5016,autobuss,21.4456000,56.7514270
16507,Biržvalki,2,7699,autobuss,21.5133860,57.2415440
16510,Sīvergols,1,6362,autobuss,27.3559530,56.0503300
16526,Atašienes pagrieziens,2,"5469, 7611",autobuss,26.4234310,56.5243869
16527,Gulbenes autobuss,1,6025,autobuss,26.7575107,57.1637515
16528,Dārzniecība,1,6742,autobuss,22.4579500,56.6484120
16529,Reņģes pagrieziens,1,6746,autobuss,22.5516780,56.4239430
16531,Batņi,1,6549,autobuss,27.5820730,56.3522780
16532,Ciskādi,3,"5906, 6490, 6530",autobuss,27.1354550,56.4917800
16538,Sauleskalni,2,"5964, 6813",autobuss,21.7260780,56.7573270
1654,Lupandu ciems,1,6296,autobuss,27.5376463,55.7931101
16541,Skromi,1,5155,autobuss,25.9371230,56.1849870
16544,Priedīte,3,"5018, 5019, 6724",autobuss,24.4547010,57.2695130
16550,Asinovka,1,6536,autobuss,27.4952970,56.4172350
16555,Kalnjēņi,1,7785,autobuss,25.0402629,57.8244115
16568,Pūces,5,"5740, 6037, 6039, 7258, 7512",autobuss,22.6152570,56.9600410
16569,Cūkezers,1,5183,autobuss,22.7728870,57.1080730
1657,Luterāņu baznīca,3,"6119, 6135, 6142",autobuss,25.2658666,56.6110942
16570,Kabile,3,"6304, 7260, 7938",autobuss,22.3979250,56.9504370
16574,Dinaborčiki,1,6231,autobuss,27.7394650,56.0423380
16576,Tīrumnieki,1,6570,autobuss,26.9293450,56.7154730
16577,Ģērķēni,1,5056,autobuss,26.1068900,56.2711850
16579,Burtnieki,1,6039,autobuss,22.5593000,56.9033550
16580,Rēzes,2,"6046, 6411",autobuss,22.9340220,57.1194030
16582,Vertukšne,20,"5130, 5136, 5627, 6482, 6483, 6490, 6537, 6562, 6569, 6571, 7439, 7441 …",autobuss,27.1853330,56.3676680
16583,Kuldīga (Tirgus),3,"5225, 5336, 6307",autobuss,21.9606730,56.9672250
16584,Kuldīga (Tirgus),3,"5225, 5336, 6307",autobuss,21.9591429,56.9674026
16585,Metalurgs,3,"5301, 6904, 6912",autobuss,21.0271900,56.5241800
16586,Satiksmes iela,3,"5301, 6904, 6912",autobuss,21.0483590,56.5329370
16587,Varavīksnes skola,2,"6212, 6297",autobuss,27.1812580,55.8913120
16591,PII Vārpiņa,1,6608,autobuss,25.3306607,57.8985958
16595,Venta,1,5336,autobuss,22.0031680,56.9645530
16601,Stacijas pagrieziens,1,5585,autobuss,27.2055500,57.1598210
16613,Skrūskopi,1,5183,autobuss,22.6818530,57.0810380
16619,Cukurfabrika,5,"5368, 5815, 7357, 7365",autobuss,23.7569700,56.6540600
16620,Gaidas,1,5296,autobuss,23.1979830,56.7827870
16623,Smelteri,2,"6956, 6968",autobuss,26.6724000,56.4193900
16624,Jāņmuiža,1,5246,autobuss,22.6538670,56.3779800
16625,Robežnieki,1,7682,autobuss,22.0207240,57.5057690
16626,Pagrieziens uz Dārziņiem,2,"7788, K6317",autobuss,24.2724330,56.8708070
16633,Smiltenes pagrieziens,3,"7618, 7910, 7911",autobuss,25.9757500,57.3877600
16636,Gostiņi I,1,7198,autobuss,25.7747630,56.6123550
16638,Meža Rasas,1,5470,autobuss,26.1698520,56.5028800
16639,Rozula,4,"5605, 7776, 7778",autobuss,24.9768040,57.4060395
16640,More,3,"5087, 5610",autobuss,25.0836070,57.0820650
16650,Elku kapi,1,5183,autobuss,22.7382432,57.0707982
16653,Robežnieki,1,5183,autobuss,22.7533376,57.0471686
16663,Lāči,1,5616,autobuss,23.8030730,56.8791140
16665,Kozori,1,5257,autobuss,27.2342480,56.5099530
16667,Pampāļi,1,6742,autobuss,22.2142900,56.5410330
16671,Igaunijas robeža,1,6681,autobuss,25.0093880,58.0143350
16681,Zolitūdes iela,24,"5616, 7016, 7018, 7020, 7023, 7041, 7401, 7410, 7937, 7938, 7946, 7947 …",autobuss,24.0156076,56.9290321
16682,Rīdzenes ciems,4,"5079, 5263, 6253, 6254",autobuss,25.4271911,57.2615813
16683,Ķīvītes,1,5610,autobuss,25.1357527,57.0576842
16684,Žagari,1,6288,autobuss,25.9826709,57.1251723
16686,Tiltgaļi,1,6649,autobuss,25.3682785,58.0153316
16687,Inčkalni,1,6649,autobuss,25.3268924,58.0362951
16702,Īvāni,1,5698,autobuss,25.6836478,56.6459027
16704,Pļavniekkalns,1,6844,autobuss,24.1848040,56.8699800
16705,Sarkandaugava,1,6855,autobuss,24.1270770,56.9949830
16709,Aizkraukles kapi,1,5250,autobuss,25.1739270,56.6144670
16716,Mednieki,1,6645,autobuss,24.9675520,57.1524930
16717,Plinkas,1,6645,autobuss,24.9535420,57.1300933
16719,Ozolpils,3,"5515, 5516, 6752",autobuss,23.7201170,56.6858800
16724,Centra vidusskola,2,"5225, 5336",autobuss,21.9662150,56.9670970
16729,Rembates pamatskola,2,"5995, 6118",autobuss,24.8232320,56.7952307
16730,Darba iela,1,3200,autobuss,22.5802240,57.2420120
16731,Ādažu centrs,5,"5294, 6821, 6822, 6842, 6855",autobuss,24.3264040,57.0778090
16732,Gaismas pamatskola,1,5777,autobuss,24.2381992,56.8943404
16733,DS Rūķīši,2,"5777, 5835",autobuss,24.2993200,56.9044440
16734,DS Rūķīši,2,"5777, 5835",autobuss,24.2994471,56.9045734
16735,Vecķeipene,1,5217,autobuss,25.1869700,56.8250600
1674,Mākslas skola,5,"6096, 6119, 6135, 6138, 6142",autobuss,25.2476039,56.5981015
16748,Meža Ratītes,1,6952,autobuss,26.1828191,56.5833159
16749,Bērnudārzs Pasaciņa,2,"6882, 6884",autobuss,26.7155770,56.2974500
1675,Mākslas skola,2,"6119, 6138",autobuss,25.2474767,56.5979920
16754,Vīnkalni,1,5183,autobuss,22.7362318,57.0923314
16755,Griepciems,1,5183,autobuss,22.6540820,57.0776710
16756,Vecsāti,1,6038,autobuss,22.9487110,56.9247910
16758,Biržjāņi,1,6038,autobuss,23.0223680,56.9601450
16761,Viesturi,1,5397,autobuss,25.2526470,57.4782970
16762,Zeltiņi,2,"6596, 6611",autobuss,25.9997235,57.4569146
16764,Buividas,1,5001,autobuss,25.2965305,56.1783935
16768,Lupandu ciems,1,6296,autobuss,27.5379230,55.7936700
16770,Zolitūdes iela,23,"5616, 7016, 7018, 7020, 7023, 7041, 7401, 7410, 7937, 7938, 7946, 7947 …",autobuss,24.0165926,56.9293478
16771,Rūjienas sākumskola,2,"6608, 6649",autobuss,25.3417900,57.9017630
16773,Lode,1,6649,autobuss,25.3744782,58.0088617
16774,Jaunķeģi,1,6009,autobuss,22.2438230,57.5010360
16775,Jaunšķēpiņi,1,6011,autobuss,22.4011981,57.5208436
16776,Stapriņi,1,5721,autobuss,24.3170251,57.0757913
16781,Račeva,1,5509,autobuss,27.5775030,56.0139890
16784,Gaismas pamatskola,1,5777,autobuss,24.2387277,56.8941499
16800,Mārtiņa iela,1,3163,autobuss,26.2036741,56.8497572
16801,Mārtiņa iela,1,3163,autobuss,26.2022900,56.8495020
16802,Metalurgs,3,"5301, 6904, 6912",autobuss,21.0270390,56.5240460
16803,Satiksmes iela,3,"5301, 6904, 6912",autobuss,21.0464750,56.5326190
16806,Rebir,3,"5257, 5906, 6548",autobuss,27.3452330,56.5312720
16809,Škūškova,1,5142,autobuss,27.1166211,56.6939091
16810,Tautas nams,2,"5624, 6321",autobuss,24.8375790,57.0811940
16811,Sausnēja,1,6736,autobuss,25.7127745,56.7966971
16812,Namkalns,3,"6517, 6736, 6996",autobuss,25.7051354,56.8187602
16818,Pamatskola,8,"5398, 5409, 5421, 5422, 5423, 5428, 5431, 6627",autobuss,25.8888969,57.4188039
16819,Bāze,2,"5423, 5428",autobuss,25.8771921,57.4085884
1682,Mārasciems,1,5435,autobuss,24.0377026,56.8898354
16821,Avotkalni,1,5608,autobuss,25.9073251,57.2044452
16829,Branti,1,7692,autobuss,26.7380309,56.9187426
16831,Pasts,1,3200,autobuss,22.5861200,57.2448330
16834,Līčagals,1,7692,autobuss,26.7970329,56.9352871
16835,Roznieki,1,7692,autobuss,26.8240830,56.9876440
16843,Pullēni,1,5624,autobuss,24.7897209,57.0870593
16847,Rainis,1,6987,autobuss,26.7918681,56.2280489
16853,Selga,1,6079,autobuss,21.5632450,57.3594030
16857,Īslīces tilts,2,"5312, 5315",autobuss,23.9919700,56.4769125
16859,Aduliena,1,6027,autobuss,26.5181748,57.0760061
16860,Ieriņi,2,"6496, 6497",autobuss,22.2475900,57.3522870
16863,Tautas nams,2,"5211, 5212",autobuss,21.7951270,56.8981070
16865,Višķu slimnīca,2,"6159, 6184",autobuss,26.7599780,56.0624620
16866,Spīdolas,1,5897,autobuss,25.7186220,56.2219600
16870,Ratnicēni,1,6080,autobuss,25.3924600,56.6899500
16871,Šaicāni,1,6080,autobuss,25.4267820,56.6835020
16873,Nikucki,1,5508,autobuss,27.0661530,56.0367560
16876,Stūrīši,1,6772,autobuss,23.9607350,56.5094530
16877,Kalnieši,1,6374,autobuss,24.3141930,56.3988880
16880,Šaicāni,1,6080,autobuss,25.4267700,56.6833600
16883,Rūpniecības iela,1,3163,autobuss,26.2195697,56.8611017
16884,Rūpniecības iela,1,3163,autobuss,26.2193383,56.8604588
16889,Dzelzceļa stacija,4,"3162, 6339, 6357, 6376",autobuss,26.2200670,56.8514980
16890,Autoosta,1,3162,autobuss,26.2139892,56.8485701
16893,Rušonas pamatskola,1,5564,autobuss,26.8742630,56.2105730
16899,Ļēvāni,1,5470,autobuss,26.0815570,56.4433970
16902,Luciški,1,6482,autobuss,27.3908870,56.2679750
16905,Grundzāles skola,2,"5429, 6611",autobuss,26.2663820,57.4564930
16907,Litinišķi,1,6886,autobuss,26.6216710,56.1540180
16908,Janova,1,6886,autobuss,26.6602660,56.1486710
16909,Butleri,1,6886,autobuss,26.7024870,56.1586050
16914,Vecumi,1,6444,autobuss,27.7730910,57.2133360
16922,Ilze,1,6200,autobuss,26.0732670,56.0262770
1693,Mazie Garanči,1,5257,autobuss,27.3109721,56.5092365
16930,Gobas,1,5296,autobuss,23.1828080,56.7838100
16931,Vienības iela,1,5336,autobuss,21.9975960,56.9603720
16932,Lidosta,1,6566,autobuss,27.2229450,56.5546320
16939,Dārza iela,5,"5398, 5409, 5421, 5428, 5431",autobuss,25.9141188,57.4220047
16942,Miglinieki,1,5137,autobuss,27.4250700,56.7424430
16946,Estrāde,1,6089,autobuss,24.6145249,56.8146946
16953,Žogotas,2,"5137, 5150",autobuss,27.3614455,56.7193675
16954,Lavošnieki,1,6444,autobuss,27.8579130,57.2958750
16955,Galamuiža,2,"6512, 6775",autobuss,23.7996207,56.3906296
16957,Šūpalas,1,5189,autobuss,27.0988363,57.4743608
16958,Plūdoņi,1,5189,autobuss,27.1066944,57.4862318
16959,Lipši,1,5975,autobuss,25.3322162,56.6205142
16960,Zvejnieki,2,"5975, 5976",autobuss,25.4061047,56.6390707
16961,Žubītes,1,5189,autobuss,27.1373888,57.4900608
16962,Vārnezers,1,5189,autobuss,27.1647653,57.4884854
16965,Zīlītes,1,5189,autobuss,27.1208895,57.4880418
16967,Gostiņi I,3,"6112, 6933, 7198",autobuss,25.7745630,56.6123550
16970,Lauktehnika,1,6884,autobuss,26.7287500,56.2828450
16973,Ēvele,3,"5427, 6597, 6670",autobuss,25.5686286,57.6985835
16975,Blome,3,"5419, 5538, 7767",autobuss,26.6861030,57.1998370
16976,Rosme,1,6382,autobuss,24.1959686,56.5370290
1698,Mazlūkas,3,"5172, 6852, 6859",autobuss,24.1105922,56.7762701
16982,Līksnas centrs,1,6159,autobuss,26.4027070,55.9868630
16983,Silavas,1,5995,autobuss,24.6899044,56.7898239
16984,Sporta bāze,1,3163,autobuss,26.1911725,56.8411786
16986,Pikalne,1,7227,autobuss,24.5081879,56.8816847
16987,Pikalne,1,7227,autobuss,24.5120737,56.8803956
1699,Mazlūkas,3,"5172, 6852, 6859",autobuss,24.1104192,56.7767141
16994,Zaļmuiža,1,5137,autobuss,27.3877840,56.7349423
16995,Superneto,1,3163,autobuss,26.2263729,56.8604347
16996,Maxima,1,3163,autobuss,26.2295234,56.8596057
16997,Bērziņi,2,"5624, 6321",autobuss,24.8729632,57.0574586
16998,Līvu ciems,2,"5624, 6321",autobuss,24.8457348,57.0714922
16999,Anšpēteri,1,5624,autobuss,24.8584430,57.0874990
1700,Mazpūķi,1,6118,autobuss,24.7723137,56.7693599
17000,Basi,1,6307,autobuss,21.6684091,56.8905698
17001,Priedāji,1,5897,autobuss,25.7504080,56.2033770
17005,Bērziņi,1,6182,autobuss,26.2940470,55.8305680
17006,Celminieki,2,"5056, 5736",autobuss,26.0394230,56.2875180
17007,Medustiltiņi,1,6952,autobuss,26.2140430,56.5707870
1701,Mazpūķi,1,6118,autobuss,24.7720075,56.7695154
17010,Spriņģi,1,5975,autobuss,25.3877970,56.6390700
17013,Pagrieziens uz Tūju,5,"5455, 5460, 7514, 7516, 7807",autobuss,24.4287899,57.4950520
17023,Daugavpils reģionālā slimnīca,2,"5573, 5575",autobuss,26.5884920,55.8985950
17024,Austrumu iela,1,5034,autobuss,24.0277290,56.8180110
17026,Pagrieziens uz Sidgundu,4,"6876, 6992, 7228, 7748",autobuss,24.9119893,57.0065735
17032,Getliņu iela,2,"5530, 5835",autobuss,24.2449380,56.9132700
17033,Getliņu iela,2,"5530, 5835",autobuss,24.2442880,56.9133760
17037,Krustiņi,1,6791,autobuss,23.1948754,56.4192516
17038,Krustiņi,1,6791,autobuss,23.1957120,56.4192630
17039,Trikātas skola,5,"6597, 6686, 7157, 7804, 7817",autobuss,25.7165480,57.5386650
17041,Pumpuri,4,"7946, 7947, 7950, 7951",autobuss,23.7373700,56.9644000
17042,Pumpuri,3,"7946, 7947, 7951",autobuss,23.7374900,56.9633200
17043,Zīlāni I,5,"5029, 6932, 6952, 6984, 6985",autobuss,25.9211948,56.5100442
17044,Zīlāni I,5,"5029, 6932, 6952, 6984, 6985",autobuss,25.9217000,56.5101070
17046,Jaunogres stacija,5,"6090, 6091, 6126, 7229, 7788",autobuss,24.5818584,56.8235381
17047,Priežkalni,1,6491,autobuss,24.9688380,57.3329840
17048,Veseļi,1,6979,autobuss,25.8804729,56.5258391
17049,Veseļi,3,"6937, 6974, 6979",autobuss,25.8802180,56.5257949
17050,Šķeltova,1,5857,autobuss,27.0072890,56.0238080
17051,Lemešovka,2,"5857, 6215",autobuss,27.0961620,55.9256050
17052,Vecborne,2,"6161, 6212",autobuss,27.0059950,55.8633100
17053,Vecbebri,1,5982,autobuss,25.4885380,56.7205360
17054,Bērnudārzs Pasaciņa,1,5635,autobuss,27.7282510,56.5417970
17055,Jauntukums,5,"5296, 6051, 6052, 6061, 6076",autobuss,23.1773459,56.9570168
17056,Ozoli,1,6280,autobuss,25.0490610,57.3512500
17058,Skujenes skola,4,"5067, 5069, 5079, 6252",autobuss,25.5771522,57.0792167
1706,Medņevka,1,5469,autobuss,26.3915460,56.4442730
17064,Bidži,2,"6597, 6686",autobuss,25.8234238,57.5474192
17069,Virkus kapi,1,5311,autobuss,23.3114279,56.6344842
1707,Medņevka,1,5469,autobuss,26.3934510,56.4434340
17070,Vecozoli,1,5435,autobuss,24.0502244,56.8896682
17071,Puķes,1,5616,autobuss,23.7846660,56.8505980
17072,Turaida,2,"3112, 5612",autobuss,24.8439280,57.1863540
17073,PII Mārzemīte,1,5433,autobuss,24.0170250,56.8890060
17074,Krapas centrs,2,"6018, 6024",autobuss,26.6513710,57.1296416
17075,Lubauši,2,"5034, 7017",autobuss,24.0276410,56.8261612
17076,Lubauši,2,"5034, 7017",autobuss,24.0287822,56.8273176
1708,Medņi,3,"5172, 6852, 6859",autobuss,24.0611668,56.6992094
17081,Dārzniecība,1,6930,autobuss,25.7865820,56.1367340
17082,Dārzniecība,1,5899,autobuss,25.7864610,56.1365790
17083,Mežāre,1,6566,autobuss,27.2441860,56.5605780
17084,Mežāre,1,6566,autobuss,27.2446150,56.5603650
17085,Stapriņi (Vaivariņu iela),1,5721,autobuss,24.3181753,57.0642410
17086,Eimuri,1,5721,autobuss,24.2902170,57.0871630
17087,Pilātu ciems,1,7601,autobuss,25.4653250,57.5564610
1709,Medņi,3,"5172, 6852, 6859",autobuss,24.0602849,56.6993010
17092,Grenctāles centrs,2,"6501, 6504",autobuss,24.3389380,56.3109580
17094,Īvāni,1,5698,autobuss,25.6832284,56.6460072
17095,Garlene,1,6405,autobuss,22.7986685,57.2603367
17096,Garlene,1,6405,autobuss,22.7989336,57.2604227
17098,Mežāre,4,"5470, 7004, 7611, 7992",autobuss,26.2392848,56.5330022
171,Aurora,1,5171,autobuss,24.1039964,56.8340187
17100,Cimdenieki,1,6905,autobuss,21.0972755,56.5234654
17104,Darba iela,1,3200,autobuss,22.5804560,57.2419308
17105,Jaunķeģi,1,6009,autobuss,22.2437306,57.5007660
17107,Pavasaris,1,3162,autobuss,26.1951058,56.8598116
17108,Pavasaris,1,3162,autobuss,26.1944961,56.8598206
17118,Ogresgala skola,2,"6091, 6110",autobuss,24.7301269,56.8072820
17119,Tiltgaļi,1,6649,autobuss,25.3688297,58.0149137
17126,Līksnas centrs,1,6184,autobuss,26.4030750,55.9867580
17127,Zaļmuiža,1,5137,autobuss,27.3879230,56.7347110
17128,Skaistas ciemats,2,"5507, 6213",autobuss,27.3732980,55.9657920
17130,Platones skola,4,"6524, 6531, 6775, 6782",autobuss,23.6966016,56.5362507
17134,Kursīšu pagasts,2,"5304, 6744",autobuss,22.4008380,56.5113159
17135,Mazeleja,2,"5376, 6531",autobuss,23.6890220,56.4502730
17138,Lielirbes iela,4,"5616, 7018, 7020, 7959",autobuss,24.0344153,56.9307812
17139,Lielirbes iela,4,"5616, 7018, 7020, 7959",autobuss,24.0365564,56.9314867
17144,Nacionālais teātris,2,"7018, 7020",autobuss,24.1065940,56.9538700
17145,Nacionālais teātris,2,"7018, 7020",autobuss,24.1070490,56.9539280
17147,Granīta iela,2,"5530, 5835",autobuss,24.2120840,56.9085890
17150,Tirgus,1,7023,autobuss,23.6030240,56.9592230
17154,Maija parks,7,"3005, 3009, 3010, 5601, 5615, 6254, 6274",autobuss,25.2753547,57.3149707
1716,Medzābaki,3,"7514, 7516, K7179",autobuss,24.3440143,57.1842774
17161,Caunas,3,"5211, 5212, 6307",autobuss,21.8639285,56.9516950
17162,Caunas,2,"5211, 6307",autobuss,21.8648934,56.9517308
17163,Ķirši,3,"5211, 5212, 6307",autobuss,21.8268735,56.9427788
17164,Ķirši,2,"5211, 6307",autobuss,21.8275029,56.9430425
17169,Silēni,1,6491,autobuss,24.9912816,57.2756846
1717,Medzābaki,3,"7514, 7516, K7179",autobuss,24.3451920,57.1858466
17170,Gatartas pansionāts,2,"5608, 6278",autobuss,25.9417247,57.2307377
17172,Bērzone 1,1,5056,autobuss,26.0525353,56.2519300
17173,Kalvāni,1,5056,autobuss,26.0845873,56.2615339
17174,Kalvāni,1,5736,autobuss,26.0847009,56.2618074
17175,Bērzone 1,1,5736,autobuss,26.0528846,56.2520054
17177,Velniņi,1,6112,autobuss,25.5893600,56.5879330
17178,Stukmaņu centrs,1,6112,autobuss,25.6381570,56.5989980
17179,Ošāni,3,"5494, 5496, 6942",autobuss,25.7887601,56.4566406
17180,Slimnīcas iela,2,"5029, 6985",autobuss,25.8926770,56.5046510
17181,Liepnas skola,2,"5434, 6690",autobuss,27.4664640,57.3444950
17183,Ādažu centrs,5,"5294, 5721, 6821, 6822, 6842",autobuss,24.3251758,57.0773095
17188,Ziru klubs,1,6079,autobuss,21.6368711,57.1907031
17191,Nīca,5,"5112, 6785, 6818, 6820, 6909",autobuss,21.0891359,56.3266559
17192,Vidzemes  slimnīca,1,7144,autobuss,25.3831538,57.5186449
17193,Brenguļu centrs,7,"5395, 5426, 6623, 7157, 7719, 7804, 7817",autobuss,25.5453763,57.5462913
17194,Brenguļu centrs,9,"5395, 5400, 5404, 5426, 6620, 6623, 7719, 7804, 7817",autobuss,25.5446428,57.5460779
17199,Maurīši,1,6684,autobuss,24.5649750,57.7904120
17200,Blaumaņa iela,7,"5530, 5836, 6827, 6829, 6830, 6831, 6835",autobuss,24.1275804,56.9515390
17201,Rīga (Riepnieku iela),7,"5530, 5836, 6827, 6829, 6830, 6831, 6835",autobuss,24.1255120,56.9443240
17208,Poķi,5,"5427, 6500, 6633, 7743, 7819",autobuss,25.4528174,57.5762964
17209,Poķi,5,"5427, 6500, 6633, 7743, 7819",autobuss,25.4520894,57.5755281
17212,Baložu skola,1,5432,autobuss,24.1186586,56.8748685
17216,Zeltiņu centrs,1,5021,autobuss,26.7789269,57.3581616
17218,Zeltiņu centrs,1,5188,autobuss,26.7785252,57.3580318
17219,Alūksnes ģimnāzija,12,"3051, 5188, 5189, 5194, 5196, 5444, 6447, 6448, 6690, 6697, 6704, 6707",autobuss,27.0398922,57.4235272
1722,Meijas,1,6779,autobuss,24.2652708,56.8131817
17220,Vidusskola,13,"3051, 5188, 5189, 5194, 5196, 5444, 6447, 6448, 6690, 6696, 6697, 6704 …",autobuss,27.0585152,57.4158458
17221,Vidusskola,10,"5021, 5189, 5434, 6448, 6690, 6693, 6701, 6702, 6704, 6707",autobuss,27.0580696,57.4157874
17222,Alūksnes ģimnāzija,10,"3051, 5021, 5189, 6448, 6690, 6693, 6696, 6701, 6704, 6707",autobuss,27.0399132,57.4229270
17224,Upenieki,1,6739,autobuss,22.4899881,56.8887807
17225,Aucenieki,1,6739,autobuss,22.4392557,56.8779844
17229,Striķu pamatskola,1,6747,autobuss,22.5145461,56.6052815
1723,Meijas,1,6779,autobuss,24.2635631,56.8132216
17230,Kabile,3,"6304, 7260, 7512",autobuss,22.3989825,56.9502021
17231,Čiekuru iela,4,"7479, 7541",autobuss,26.5901030,55.8908870
17232,Čiekuru iela,4,"7479, 7541",autobuss,26.5912680,55.8913800
17233,Autoosta (pie Saldus AO),10,"5206, 5254, 6730, 6734, 6741, 6743, 6747, 6770, 6771, 6776",autobuss,22.4958804,56.6674635
17235,Jaunmuižas skola,1,5011,autobuss,22.0706467,56.6131229
17240,Laukmuiža,1,6434,autobuss,22.7122101,57.3794223
17241,Meijermuiža,1,5275,autobuss,25.2332331,57.2917036
17243,Krampiņas,1,5043,autobuss,27.2918520,56.8454660
17244,Runcene,1,5043,autobuss,27.3390150,56.8372770
17245,Skujiņas,1,6182,autobuss,26.2605170,55.8360700
17246,Skujiņas,1,6182,autobuss,26.2604940,55.8361870
17247,Lazdupi,1,5541,autobuss,26.1998041,57.2347747
17248,Kalnabierņi,1,5541,autobuss,26.1875328,57.2248528
17251,Kalnabierņi,1,5541,autobuss,26.1871216,57.2247211
17252,Lazdupi,1,5541,autobuss,26.1999008,57.2344659
17253,Skaistkalne (Mēmeles iela),1,6393,autobuss,24.6439999,56.3787241
17254,Meijermuiža,1,5275,autobuss,25.2334366,57.2917396
17257,Krampiņas,1,5043,autobuss,27.2915840,56.8453900
17258,Runcene,1,5043,autobuss,27.3389180,56.8371770
17260,Saukas krustceles,2,"5490, 5493",autobuss,25.4678883,56.2725387
17262,Rozes,2,"5490, 5493",autobuss,25.4075946,56.2844353
17263,Ceļmalas,1,5490,autobuss,25.5212469,56.3362950
17264,Ceļmalas,1,5493,autobuss,25.5209108,56.3363146
17266,Vēji,1,5490,autobuss,25.5310258,56.3411771
17267,Vēji,1,5493,autobuss,25.5303478,56.3410752
17268,Viesītes vidusskola,3,"5490, 5493, 6891",autobuss,25.5524486,56.3459770
17269,Viesītes vidusskola,1,5493,autobuss,25.5522529,56.3460933
17270,PII Zīlīte,3,"5490, 5493, 6891",autobuss,25.5629627,56.3426489
17273,Ķīvītes,1,6891,autobuss,25.5032648,56.4426425
17274,Vildavas,1,6891,autobuss,25.4930799,56.4287591
17275,Jaunslikšāni,1,6891,autobuss,25.5413034,56.4384246
17276,Jaunslikšāni,1,6891,autobuss,25.5414678,56.4383943
17277,Tanslavas,1,5276,autobuss,26.7320871,57.1633042
17278,Tanslavas,1,5276,autobuss,26.7305995,57.1614016
17279,Carnikava (tirgus),2,"6824, 6842",autobuss,24.2798373,57.1281142
17280,Pastende (Skolas iela),2,"3200, 5439",autobuss,22.5208063,57.2256827
17293,Baloži,1,6739,autobuss,22.4045762,56.8631900
17296,Kaive,1,5069,autobuss,25.6276440,57.0527440
17297,Zviedri,1,5069,autobuss,25.5712946,56.9760450
17301,Pastarati,1,6157,autobuss,26.3204790,55.7518649
17302,Rožu ciems,1,7555,autobuss,27.5405780,55.8711500
17303,Rožu ciems,1,7555,autobuss,27.5407330,55.8712230
17304,Dzimtsarakstu nodaļa,3,"3009, 3010, 6253",autobuss,25.2645138,57.3121912
17306,Stacija,3,"3009, 3010, 5601",autobuss,25.2797356,57.3138653
17307,Stacija,3,"3009, 3010, 5601",autobuss,25.2793423,57.3141811
17308,Meža skola,4,"3005, 3009, 3010, 6274",autobuss,25.2480332,57.3108906
17309,Meža skola,4,"3005, 3009, 3010, 6274",autobuss,25.2488639,57.3109701
17312,Leona Paegles iela,2,"3009, 3010",autobuss,25.2835918,57.3023586
17313,Leona Paegles iela,2,"3009, 3010",autobuss,25.2838580,57.3025161
17314,Ieras,1,5201,autobuss,22.0132869,56.8081194
17315,Ieras,1,5201,autobuss,22.0130769,56.8081994
17318,Vārdupe,2,"5212, 5213",autobuss,21.8564580,56.8718200
17319,Līvi (ciemats),2,"6248, 6285",autobuss,25.2401350,57.2802660
17321,Cīruļi,1,6402,autobuss,22.4777604,57.3738775
17323,Stalbes centrs,3,"5605, 6280, 6491",autobuss,25.0339898,57.3730236
17324,Īslīces skola,2,"5144, 6388",autobuss,24.1081966,56.3484475
17325,Pildagreči,1,6579,autobuss,27.7936899,56.4764009
17326,Putrāni,1,5628,autobuss,27.2262660,56.6616090
17327,Pilcene,1,5628,autobuss,27.2699850,56.6633540
17328,Ozoliņi,1,6138,autobuss,25.1958379,56.5823736
17329,Radzes,1,6138,autobuss,25.2025067,56.5793750
17330,Ledāni,1,6570,autobuss,26.8599350,56.6638680
17332,Prokuratūra,2,"3033, 3034",autobuss,26.0232284,57.7758041
17333,Ļubasti,1,5502,autobuss,26.4439485,55.9587015
17334,Balvu iela,4,"5432, 5777, 6844, 7788",autobuss,24.1445520,56.9328780
17335,Atpūtas centrs Lido,4,"5432, 5777, 6844, 7480",autobuss,24.1628230,56.9243610
17336,Atpūtas centrs Lido,4,"5432, 5777, 6844, 7480",autobuss,24.1590780,56.9269640
17337,Balvu iela,4,"5432, 5777, 6844, 7788",autobuss,24.1428060,56.9340400
17338,N. Rancāna iela,1,7004,autobuss,27.3304180,56.5087180
17339,Centrs Latgale,1,7004,autobuss,27.3312080,56.5063270
17340,Jaunatnes,1,6295,autobuss,26.1225220,55.9533840
17341,Jaunatnes,1,6295,autobuss,26.1225540,55.9532640
17342,Bikstu ciems,1,6800,autobuss,22.9716271,56.6695592
17343,Bikstu ciems,2,"5187, 6800",autobuss,22.9710335,56.6697879
17344,Valles skola,1,6128,autobuss,24.7198926,56.5121567
17347,Akmeņdziras,1,5203,autobuss,21.6909611,57.4800334
17349,Rāmavas muiža,1,5432,autobuss,24.1596282,56.8860389
17350,Rāmavas muiža,1,5432,autobuss,24.1611468,56.8853947
17353,Laucesas skola,4,"5320, 5325, 6167, 6169",autobuss,26.5980440,55.8223550
17354,Laucesas skola,4,"5325, 6161, 6167, 6169",autobuss,26.5983290,55.8223290
17355,Mirnijs 2,4,"5325, 6161, 6167, 6169",autobuss,26.6099920,55.8294630
17356,Mirnijs 2,4,"5320, 5325, 6167, 6169",autobuss,26.6100030,55.8291460
17357,Stacija Gauja,1,5294,autobuss,24.2877017,57.1420893
17358,Dzirnezers,1,5294,autobuss,24.3048668,57.1484353
17359,Pagrieziens uz Gauju,1,5294,autobuss,24.3252283,57.1224492
17360,Zirņu iela,2,"3005, 5601",autobuss,25.2692961,57.3040664
17362,Glūdas iela,3,"3005, 3009, 3010",autobuss,25.2604286,57.3123753
17363,Zirņu iela,2,"3005, 3010",autobuss,25.2689531,57.3041228
17364,Jatta,1,6988,autobuss,26.7367690,56.2892020
17365,Laizāni,1,5150,autobuss,27.3471441,56.7260783
17366,Laizāni,1,5150,autobuss,27.3470209,56.7261376
17370,Brīvības iela,1,5301,autobuss,21.0362890,56.5279350
17371,Brīvības iela,2,"5301, 7937",autobuss,21.0342190,56.5272920
17372,Cimdenieki (Upīšu iela),1,5301,autobuss,21.0926160,56.5283050
17373,Cimdenieki (Upīšu iela),1,5301,autobuss,21.0921300,56.5284900
17376,Dūņu iela,3,"5301, 6904, 6912",autobuss,21.0618260,56.5362630
17377,Dūņu iela,3,"5301, 6904, 6912",autobuss,21.0617720,56.5365420
17378,Līva,10,"5112, 5301, 6785, 6818, 6820, 6904, 6909, 6912, 7937, K7937",autobuss,21.0122472,56.5095983
17379,Līva,4,"5301, 6904, 6912, K7937",autobuss,21.0115890,56.5091370
17385,Pilsētas robeža,2,"6904, 6912",autobuss,21.0987970,56.5348574
17386,Pilsētas robeža,2,"6904, 6912",autobuss,21.1006350,56.5346190
17387,Liepāja (Siena tirgus),10,"5112, 5301, 6785, 6818, 6820, 6901, 6904, 6909, 6912, 7937",autobuss,21.0082290,56.5023470
17389,Z.Mauriņas iela,1,6904,autobuss,21.1714200,56.5362500
17392,Zivju iela,8,"5112, 5301, 6785, 6818, 6820, 6904, 6909, 6912",autobuss,21.0110900,56.5056510
17393,Stacijas iela,1,6912,autobuss,21.1784760,56.5343512
17394,Stacijas iela,1,6912,autobuss,21.1786010,56.5342150
17395,Ruduļciems,2,"5515, 6752",autobuss,23.6156042,56.7552588
17396,Putniņi,1,5301,autobuss,21.1332892,56.5272601
17397,Skola,2,"5301, 6907",autobuss,21.1690970,56.5373240
17398,Iļģi,1,6912,autobuss,21.2212940,56.5342460
17401,Rīgas iela,1,7177,autobuss,26.3052028,56.9688755
17402,Rīgas iela,1,7177,autobuss,26.3058674,56.9686449
17405,Ezera iela,1,5051,autobuss,27.2870950,57.1326530
17406,Jānēni,1,5305,autobuss,25.1764648,57.5433136
17407,Purenes,1,5305,autobuss,25.2179272,57.4885172
17408,Rīga (V. Purvīša iela),2,"5777, K6317",autobuss,24.1207830,56.9428310
17409,Ulbrokas vidusskola,1,5836,autobuss,24.3208224,56.9290881
1741,Mēri,2,"6596, 6611",autobuss,26.0908080,57.4440594
17410,Rožu iela,1,5515,autobuss,23.6319055,56.7608869
17411,Rožu iela,2,"5515, 6752",autobuss,23.6328598,56.7609927
17412,Virši,1,5305,autobuss,25.1971135,57.5016265
17417,Ķīvītes,1,6891,autobuss,25.5029067,56.4426109
17418,Vildavas,1,6891,autobuss,25.4932560,56.4287444
17419,Gulbīšu parks,1,6015,autobuss,26.7575009,57.1750848
1742,Mērsraga skola,1,6405,autobuss,23.1106388,57.3462796
17420,Grēbnera parks,1,6819,autobuss,23.7173386,56.6377308
17423,Koncertzāle,9,"5112, 5301, 6785, 6818, 6820, 6904, 6909, 6912, 7937",autobuss,21.0139610,56.5113080
17424,Pētertirgus,3,"5301, 6904, 6912",autobuss,21.0096270,56.5038900
17425,Liepāja (Siena tirgus),31,"5016, 5112, 5114, 5124, 5301, 5337, 5340, 5344, 5350, 5365, 6300, 6700 …",autobuss,21.0076390,56.5019480
17426,Pētertirgus,9,"5112, 5301, 6785, 6818, 6820, 6904, 6909, 6912, 7937",autobuss,21.0116930,56.5052080
17428,Virši,2,"6847, 6848",autobuss,24.2966299,56.6842495
17429,Lielā iela,1,5433,autobuss,24.0375730,56.8923940
1743,Mērsraga skola,1,6405,autobuss,23.1109637,57.3463270
17430,Lielā iela,1,5433,autobuss,24.0364570,56.8921520
17431,Ozolzīļu iela,1,5433,autobuss,24.0241390,56.8901810
17432,Ozolzīļu iela,1,5433,autobuss,24.0241780,56.8901050
17433,PII Mārzemīte,1,5433,autobuss,24.0165028,56.8887931
17434,SIA  Kreiss,1,5433,autobuss,24.0074530,56.8854990
17435,SIA  Kreiss,1,5433,autobuss,24.0081410,56.8858610
17436,Misas lauki,2,"6847, 6848",autobuss,24.2745260,56.6841420
17439,Vīndedžu iela,1,5433,autobuss,23.9949610,56.8826840
17440,Vīndedžu iela,1,5433,autobuss,23.9949610,56.8825430
17441,Bezdelīgu iela,1,5433,autobuss,23.9824190,56.8795840
17442,Bezdelīgu iela,1,5433,autobuss,23.9820760,56.8793500
17443,Lielviļņi,1,5433,autobuss,23.9723170,56.8771100
17444,Lielviļņi,1,5433,autobuss,23.9721890,56.8770100
17445,Smiltāji,1,5433,autobuss,23.9606700,56.8779000
17446,Smiltāji,1,5433,autobuss,23.9613570,56.8778150
17447,Līgatne,3,"5084, 6244, 6276",autobuss,25.0375410,57.2333290
17450,Lidosta,2,"5301, 6912",autobuss,21.0966350,56.5206380
17451,Ādaži (Gaujas iela),5,"5294, 5721, 6821, 6822, 6842",autobuss,24.3212011,57.0763130
17453,Pagrieziens uz lidostu,1,5301,autobuss,21.0934900,56.5253780
17454,Pagrieziens uz lidostu,1,5301,autobuss,21.0939940,56.5253600
17458,Dārziņi,1,5301,autobuss,21.0909200,56.5222400
17459,Dārziņi,1,5301,autobuss,21.0909410,56.5220910
17460,Gļinovka 1,4,"5325, 6161, 6167, 6169",autobuss,26.6003010,55.8343420
17468,Vizuļi,1,6357,autobuss,26.0315300,56.7977930
17470,Ģimnāzija,6,"5087, 5591, 5607, 6645, 6876",autobuss,24.8592220,57.1579640
17471,Rīga (Prāgas iela),2,"6779, 6991",autobuss,24.1151750,56.9453700
17472,Mārsili,1,6822,autobuss,24.3596669,57.0554187
17480,Pils parks - 1,4,"3005, 3010, 5615, 6274",autobuss,25.2684186,57.3167359
17481,Pils parks,3,"3005, 3009, 3010",autobuss,25.2684120,57.3161030
17482,Pils parks - 1,4,"3005, 3010, 5615, 6274",autobuss,25.2685371,57.3167825
17483,Pils parks,3,"3005, 3009, 3010",autobuss,25.2681514,57.3160929
17484,Lenču iela,4,"3005, 3010, 5615, 6274",autobuss,25.2637917,57.3206245
17485,Lenču iela,4,"3005, 3010, 5615, 6274",autobuss,25.2659347,57.3194889
17486,Kovārņu iela,2,"3005, 3010",autobuss,25.2336969,57.2979804
17488,Mazvīļumi,1,5608,autobuss,25.8979045,57.2549399
17489,Jāņkalns,1,5608,autobuss,25.8996838,57.2235359
17491,Saldus stacija,2,"6771, 6776",autobuss,22.4694419,56.6847218
17492,Saldus stacija,2,"6771, 6776",autobuss,22.4685101,56.6850210
17496,Robežu iela,6,"5112, 6785, 6818, 6820, 6901, 6909",autobuss,21.0040000,56.4980700
17497,Robežu iela,7,"5112, 6785, 6818, 6820, 6901, 6909, 7937",autobuss,21.0037200,56.4983700
17499,Priežu iela,2,"6821, 6822",autobuss,24.3514435,57.0775639
17504,Sūkņu stacijas muzejs,1,6822,autobuss,24.3293270,57.0367450
17514,Auziņu ezers,1,5456,autobuss,24.6091800,57.4771200
17516,Rubene,3,"5390, 6599, 6604",autobuss,25.2614460,57.4657650
17517,Kocēnu pagrieziens,1,6632,autobuss,25.3485900,57.5173330
17518,Kocēnu pagrieziens,1,6632,autobuss,25.3486780,57.5171480
17521,Rajēni,1,6491,autobuss,25.0341770,57.3114940
17522,Liepnas skola,2,"5434, 6690",autobuss,27.4662490,57.3446400
17525,Pagrieziens uz Kalnciemu,3,"5515, 6752, 7959",autobuss,23.5562866,56.8313262
17526,Gaismas,2,"5409, 5429",autobuss,26.4015944,57.5112808
17529,Pasts,1,5051,autobuss,27.2640227,57.1316558
17530,Jaunpiebalgas sākumskola,4,"5262, 5333, 5608, 6288",autobuss,26.0300691,57.1757219
17531,Rankas stacija,1,5333,autobuss,26.1350418,57.1843422
17536,Gatves,1,5333,autobuss,26.1779189,57.2101715
17538,2.vidusskola,1,7601,autobuss,25.4215210,57.5473710
17539,Škūškova,1,5142,autobuss,27.1168640,56.6939010
17540,Vītoli,1,6490,autobuss,27.1341757,56.4914385
17541,Ģimnāzija,7,"3111, 5087, 5591, 5607, 5612, 6645, 6876",autobuss,24.8584440,57.1576440
17542,Garkalne,2,"6255, 6826",autobuss,24.4110131,57.0433733
17546,Stari,1,6025,autobuss,26.7263390,57.1211337
17548,Institūta iela,5,"3117, 5087, 5591, 6645",autobuss,24.8913241,57.1493339
17549,Kalnciems,3,"5515, 6752, 7959",autobuss,23.6088882,56.7995188
17550,Sarma,2,"5411, 6848",autobuss,24.2859730,56.6845200
17551,Podnieki,2,"6821, 6822",autobuss,24.3595556,57.0676107
17552,Slimnīca,2,"3113, 3117",autobuss,24.8446817,57.1575442
17556,Mini Rimi,6,"7632, 7840, 7910, 7911, 7912",autobuss,26.7667760,57.1684440
17557,Mini Rimi,6,"7632, 7840, 7910, 7911, 7912",autobuss,26.7654020,57.1685600
17560,Austrumu iela,1,5034,autobuss,24.0281512,56.8181355
17561,Misas lauki,2,"5411, 6848",autobuss,24.2754350,56.6840900
17562,Virši,2,"5411, 6848",autobuss,24.2957910,56.6841690
17563,Slimnīca,1,3162,autobuss,26.2372354,56.8508780
17564,Siliņš,9,"5713, 6509, 6727, 7004, 7044, 7712, 7728, 7749, 7997",autobuss,26.7371490,56.6035440
17565,Siliņš,8,"5713, 6509, 7004, 7044, 7712, 7728, 7749, 7997",autobuss,26.7368380,56.6034670
17566,Cīrulīšu iela,2,"3005, 3010",autobuss,25.2531800,57.3072400
17567,Cīrulīšu iela,2,"3005, 3010",autobuss,25.2529900,57.3075100
17569,Ata Kronvalda iela,6,"5084, 5263, 6253, 6254, 7662, 7730",autobuss,25.2862800,57.3058200
17570,T/C Globuss,4,"3005, 3009, 3010, 5601",autobuss,25.2769380,57.3099160
17571,T/C Globuss,3,"3009, 3010, 5601",autobuss,25.2779820,57.3105675
17574,Atpūta,2,"3005, 3010",autobuss,25.2413141,57.3037890
17575,Pētera iela,2,"3005, 3010",autobuss,25.2409592,57.3075718
17576,Pētera iela,2,"3005, 3010",autobuss,25.2409164,57.3070449
17577,Saules iela,2,"3009, 3010",autobuss,25.2926907,57.3037118
17578,Saules iela,2,"3009, 3010",autobuss,25.2912680,57.3033140
17579,Dārznieks,2,"5601, 6274",autobuss,25.3115680,57.3118840
17582,Dārznieks,2,"5601, 6274",autobuss,25.3127780,57.3119210
17583,Neste,2,"5601, 6274",autobuss,25.3028840,57.3124600
17584,Neste,2,"5601, 6274",autobuss,25.3042790,57.3121210
17585,Zvirbuļu iela,2,"3005, 5601",autobuss,25.2763963,57.3080033
17586,Zvirbuļu iela,2,"5601, 5605",autobuss,25.2748510,57.3077200
17587,6.vidusskola,6,"5505, 6157, 6165, 6166, 6182, 6190",autobuss,26.5034230,55.8657300
17588,6.vidusskola,6,"5505, 6157, 6165, 6166, 6182, 6190",autobuss,26.5023050,55.8648670
17589,Krāslavas slimnīca,4,"6144, 6211, 6213, 6296",autobuss,27.1746560,55.8871720
17590,Krāslavas slimnīca,4,"6144, 6211, 6213, 6296",autobuss,27.1745910,55.8872230
17595,Seimuškas,1,6509,autobuss,26.6808644,56.6759454
17596,Pušči,2,"6509, 6727",autobuss,26.6461374,56.6435729
17597,Pušči,1,6509,autobuss,26.6464899,56.6441196
17598,Seimuškas,2,"6509, 6727",autobuss,26.6803479,56.6757975
17599,Sīļukalns,1,5713,autobuss,26.7577310,56.5203550
1760,Meža prospekts,4,"3014, 6090, 6095, 7227",autobuss,24.6030292,56.8220065
17600,Sīļukalns,1,5713,autobuss,26.7573710,56.5200610
17602,Jaunaglona,4,"5715, 6961, 6963, 7878",autobuss,27.0066840,56.1590490
17603,Jaunmārupes pamatskola,1,5433,autobuss,23.9467244,56.8789902
17604,Mārupītes gatve,2,"5433, 5435",autobuss,24.0448445,56.8951515
17605,Baznīcas iela,1,5034,autobuss,23.9846388,56.8014790
17606,Lubaušu iela,1,5034,autobuss,24.0202646,56.8143353
17607,Lubaušu iela,1,5034,autobuss,24.0201451,56.8142620
17608,Priežu iela,2,"6821, 6822",autobuss,24.3502970,57.0779442
17609,Attekas iela,1,6822,autobuss,24.3324800,57.0732700
1761,Meža prospekts,7,"5996, 6090, 6095, 6110, 7227, 7229, 7788",autobuss,24.6016472,56.8229545
17610,2.vidusskola,1,5094,autobuss,24.1956900,56.4089800
17638,Mārcienas stacija,1,5464,autobuss,26.0971807,56.7714616
17639,Mārcienas stacija,1,5464,autobuss,26.0974415,56.7716484
17640,Mārciena,1,6751,autobuss,26.1021086,56.7752328
17641,Mārciena,3,"5464, 6359, 6751",autobuss,26.1019250,56.7752010
17642,Roznēni,2,5087,autobuss,24.9919280,57.1022030
17643,Roznēni,2,5087,autobuss,24.9922880,57.1019650
17647,Liepas,1,6852,autobuss,24.1267940,56.6861580
17649,Indras,3,"5515, 5516, 6752",autobuss,23.6092930,56.8240450
17651,Kalpaki,1,5001,autobuss,25.2847635,56.1631225
17652,Brūveri,1,5001,autobuss,25.3528595,56.1566725
17653,Virši 1,1,5171,autobuss,24.1056560,56.8447650
17655,Raunas pamatskola,4,"6256, 6279, 6638, 6640",autobuss,25.6172534,57.3293188
17656,Aizupes,3,"6824, 6842, 6855",autobuss,24.1737436,57.0884829
17657,Aizupes,1,6842,autobuss,24.1755930,57.0891470
17658,Tīreļi (Rīgas iela),1,5516,autobuss,23.5871570,56.8428012
17659,Slāvu rotācijas aplis,30,"5530, 6992, 7514, 7516, 7599, 7600, 7618, 7624, 7647, 7660, 7661, 7662 …",autobuss,24.1815793,56.9320387
17660,Mēbeļu nams,28,"6992, 7514, 7516, 7599, 7600, 7618, 7624, 7647, 7660, 7661, 7662, 7663 …",autobuss,24.1906713,56.9581760
17661,Mēbeļu nams,29,"6992, 7514, 7516, 7599, 7600, 7618, 7624, 7647, 7660, 7661, 7662, 7663 …",autobuss,24.1890262,56.9559760
17662,Liepājas iela,18,"7016, 7041, 7401, 7410, 7937, 7938, 7946, 7947, 7948, 7950, 7951, 7955 …",autobuss,24.0613971,56.9274897
17663,Liepājas iela,18,"7016, 7041, 7401, 7410, 7937, 7938, 7946, 7947, 7948, 7951, 7955, 7957 …",autobuss,24.0624890,56.9270563
17664,Pērnavas iela,7,"5530, 5836, 6827, 6829, 6830, 6831, 6835",autobuss,24.1495800,56.9632400
17665,A.Čaka iela,7,"5530, 5836, 6827, 6829, 6830, 6831, 6835",autobuss,24.1496100,56.9636100
17666,Ilūkstes iela,6,"5836, 6827, 6829, 6830, 6831, 6835",autobuss,24.1984300,56.9474300
17667,Ilūkstes iela,6,"5836, 6827, 6829, 6830, 6831, 6835",autobuss,24.1943000,56.9481000
17668,Dārzciema iela,6,"5836, 6827, 6829, 6830, 6831, 6835",autobuss,24.1873600,56.9489000
17669,Dārzciema iela,6,"5836, 6827, 6829, 6830, 6831, 6835",autobuss,24.1841200,56.9494400
17670,A.Saharova iela,6,"5836, 6827, 6829, 6830, 6831, 6835",autobuss,24.2085600,56.9460300
17671,A.Saharova iela,6,"5836, 6827, 6829, 6830, 6831, 6835",autobuss,24.2052500,56.9466400
17672,Skaņu iela,1,5530,autobuss,24.1761200,56.9448600
17673,Skaņu iela,1,5530,autobuss,24.1763500,56.9449700
17674,Krustpils iela,2,"5530, 5835",autobuss,24.2121900,56.9088900
17675,Centrāltirgus,10,"5034, 5171, 5172, 5173, 6779, 6847, 6848, 6852, 6859, 6991",autobuss,24.1224090,56.9438410
17676,Nacionālā bibliotēka,4,"5433, 5435, 5616, 7959",autobuss,24.0951800,56.9418300
17677,Nacionālā bibliotēka,4,"5433, 5435, 5616, 7959",autobuss,24.0970200,56.9424400
17678,Lucavsala,4,"6779, 6847, 6848, 6991",autobuss,24.1145600,56.9291800
17679,Mūkusalas rotācijas aplis,5,"6779, 6847, 6848, 6991, 7467",autobuss,24.1087048,56.9220767
17681,Dzirnavu iela,7,"5530, 5836, 6827, 6829, 6830, 6831, 6835",autobuss,24.1254200,56.9507200
17682,Graudu iela,7,"5034, 5139, 5171, 5172, 5173, 6852, 6859",autobuss,24.0853700,56.9095300
17683,Graudu iela,7,"5034, 5139, 5171, 5172, 5173, 6852, 6859",autobuss,24.0861400,56.9104800
17684,Gramzdas iela,4,"5616, 7020, 7023, 7959",autobuss,23.9990300,56.9398600
17685,Gramzdas iela,4,"5616, 7020, 7023, 7959",autobuss,23.9998500,56.9403100
17686,Mūkusala,1,5139,autobuss,24.1055800,56.9335000
17687,Mūkusala,1,5139,autobuss,24.1050500,56.9347000
17688,Bieķensalas iela,1,5139,autobuss,24.0977500,56.9302100
17689,Bieķensalas iela,1,5139,autobuss,24.0986700,56.9310100
17690,Vienības gatve,1,5139,autobuss,24.0900000,56.9235600
17691,Jelgavas iela,1,5139,autobuss,24.0902900,56.9236800
17692,13. janvāra iela,4,"5139, 5433, 5435, 5616",autobuss,24.1131000,56.9454300
17693,Autoosta,4,"5139, 5433, 5435, 5616",autobuss,24.1158900,56.9462200
17694,Āgenskalna tirgus,3,"5433, 5435, 5616",autobuss,24.0723700,56.9356800
17695,Āgenskalna tirgus,3,"5433, 5435, 5616",autobuss,24.0727800,56.9357100
17696,Tukuma iela,2,"5433, 5435",autobuss,24.0713400,56.9332300
17697,Tukuma iela,2,"5433, 5435",autobuss,24.0716200,56.9329400
17702,Kāpas,1,5294,autobuss,24.2913259,57.1490567
17703,Baložu pārvalde,1,5432,autobuss,24.1487320,56.8810020
17704,Baložu pārvalde,1,5432,autobuss,24.1480090,56.8806940
17705,Labrenča iela,1,5432,autobuss,24.1305740,56.8663900
17706,Labrenča iela,1,5432,autobuss,24.1317190,56.8659670
17707,Vasarsvētku iela,1,5432,autobuss,24.1198150,56.8695150
17708,Vasarsvētku iela,1,5432,autobuss,24.1202330,56.8693350
17709,Renda,5,"7509, 7512, 7938, K7410",autobuss,22.2933220,57.0679038
17710,Merķeļa iela,7,"6255, 6821, 6822, 6824, 6826, 7018, 7020",autobuss,24.1195813,56.9487850
17711,Brīvības bulvāris,9,"5612, 6255, 6724, 6821, 6822, 6824, 6826, 6992, K7179",autobuss,24.1161700,56.9517500
17713,Elizabetes iela,1,6855,autobuss,24.1061300,56.9579300
17715,Hanzas iela,1,6855,autobuss,24.1057900,56.9618400
17717,Pētersala,1,6855,autobuss,24.1068800,56.9688000
17719,Muzejs Dauderi,1,6855,autobuss,24.1289100,57.0051800
17721,Ostas iela,1,6855,autobuss,24.1341400,57.0217100
17723,Ziemeļblāzma,1,6855,autobuss,24.1131300,57.0389100
17724,Centrālā stacija,11,"5612, 6251, 6255, 6724, 6821, 6822, 6824, 6826, 6855, 6992, K7179",autobuss,24.1177200,56.9484700
17725,Brīvības piemineklis,10,"5612, 6251, 6255, 6724, 6821, 6822, 6824, 6826, 6992, K7179",autobuss,24.1138800,56.9521400
17726,Gustava Zemgala gatve,9,"5612, 6255, 6724, 6821, 6822, 6824, 6826, 6992, K7179",autobuss,24.1687300,56.9738200
17727,Gustava Zemgala gatve,10,"5612, 6251, 6255, 6724, 6821, 6822, 6824, 6826, 6992, K7179",autobuss,24.1680800,56.9737100
17728,Krišjāņa Barona iela,9,"5612, 6255, 6724, 6821, 6822, 6824, 6826, 6992, K7179",autobuss,24.1503760,56.9679950
17729,Krišjāņa Barona iela,10,"5612, 6251, 6255, 6724, 6821, 6822, 6824, 6826, 6992, K7179",autobuss,24.1495000,56.9679200
17730,Rīga (Spīķeri),5,"6821, 6822, 6824, 6826, 6855",autobuss,24.1137250,56.9422510
17731,Lestenes pagrieziens,1,6792,autobuss,23.1842970,56.7078120
17732,Apskates stacija,1,7788,autobuss,24.2310703,56.8884574
17733,Apskates stacija,1,7788,autobuss,24.2299974,56.8886559
17739,Sauriešu ciems,4,"5836, 6827, 6829, 6835",autobuss,24.3619670,56.9183740
17740,Rūķi,3,"7376, 7377, 7933",autobuss,23.8565695,56.7279491
17742,Rūķi,2,"7376, 7933",autobuss,23.8614122,56.7310932
17743,Rudzīši,1,5456,autobuss,24.6427839,57.4661292
17744,Rudzīši,2,"5456, 5457",autobuss,24.6420256,57.4659802
17746,Jaunie kapi,4,"6339, 6357, 6376, 6507",autobuss,26.7027760,56.9134370
17747,Jaunie kapi,3,"6339, 6376, 6507",autobuss,26.7026110,56.9134430
17750,Skolas iela,1,7229,autobuss,24.4996340,56.8393750
17757,Drabešu skola,6,"5070, 5275, 6245, 6252, 6287, 7731",autobuss,25.2827437,57.2423329
17758,Drabešu skola,7,"5070, 5084, 5275, 6245, 6252, 6287, 7731",autobuss,25.2824008,57.2424352
17759,Jaunkrimulda,3,"5612, 6642, 6724",autobuss,24.6600000,57.1482100
17760,Jaunkrimulda,3,"5612, 6642, 6724",autobuss,24.6614900,57.1480500
17761,Stirnienes muiža,2,"5713, 6509",autobuss,26.6653601,56.5568800
17762,Stirnienes muiža,2,"5713, 6509",autobuss,26.6652200,56.5568700
17763,Aprūpes centrs,1,6184,autobuss,26.5307220,56.0990520
17764,Aprūpes centrs,1,6159,autobuss,26.5313040,56.0989280
17765,Pamatskola,4,"5206, 5239, 6770, 6771",autobuss,22.4885200,56.6602130
17766,Pamatskola,5,"5206, 5239, 6742, 6770, 6771",autobuss,22.4881960,56.6601090
17769,Solāžas,1,5835,autobuss,24.2127410,56.8637130
17770,Annuška,1,5835,autobuss,24.2013300,56.8722980
17772,Ikšķiles brīvā skola,1,5386,autobuss,24.5310880,56.8186850
17773,Sv. Meinarda sala,1,5386,autobuss,24.5018730,56.8214540
17774,Ikšķiles administrācija,1,5386,autobuss,24.4885610,56.8297100
17775,Lazdukalna kapi,1,5386,autobuss,24.5107950,56.8537050
17776,Kranciema krustojums,1,5386,autobuss,24.5710250,56.8734290
17777,Pērles,1,5386,autobuss,24.5826020,56.8708690
17778,Monētas,1,5386,autobuss,24.6117610,56.8722490
17779,Kursieši,1,5386,autobuss,24.6715780,56.8734630
17780,Dobelnieki,1,5386,autobuss,24.5292360,56.8954340
17781,Ķepaiņi,1,5386,autobuss,24.5436840,56.8925710
17782,Kalnakumpēni,1,5386,autobuss,24.5687680,56.8787891
17783,Tīnūžu skola,1,5386,autobuss,24.5667730,56.8672400
17786,Sloka,4,"7000, 7020, 7938, 7948",autobuss,23.6218992,56.9474441
17787,Viesnīca Vilnis,3,"5203, 7955, K7955",autobuss,21.5841030,57.4019860
17788,Viesnīca Vilnis,1,5203,autobuss,21.5857140,57.4022510
17789,Ūdeka,1,5203,autobuss,21.5953000,57.4097130
17790,Ūdeka,1,5203,autobuss,21.5958830,57.4102370
17791,Skoliņas,1,5429,autobuss,26.3968672,57.5367757
17792,Meirānu tautas nams,1,6750,autobuss,26.6075760,56.8259210
17793,Starķi,1,5835,autobuss,24.3304310,56.8759500
17794,Starķi,1,5835,autobuss,24.3316090,56.8754240
17801,Lazdona 1,1,3163,autobuss,26.2465973,56.8254024
17802,Dārziņu 27. līnija,1,K6317,autobuss,24.2780700,56.8679100
17803,Sakņu iela,1,K6317,autobuss,24.2823500,56.8634500
17804,Dārziņu 38. līnija,1,K6317,autobuss,24.2859300,56.8610800
17805,Dārziņu 46. līnija,1,K6317,autobuss,24.2908500,56.8598900
17806,Dārziņi,1,K6317,autobuss,24.2971500,56.8594800
17807,Bajāri,1,K6317,autobuss,24.4201890,56.8650160
17808,Morīši,1,5429,autobuss,26.4591800,57.4799900
17809,Morīši,1,5429,autobuss,26.4583828,57.4802627
17818,Apšuciems,1,6033,autobuss,23.3030970,57.0595540
17819,Kalnarijas,1,6611,autobuss,26.2119001,57.4688480
17820,Kalnarijas,1,6611,autobuss,26.2117780,57.4689780
17821,Poliklīnika,1,3200,autobuss,22.6007889,57.2441596
17826,Doles kapi,1,5835,autobuss,24.2430521,56.8511924
17827,Doles dārzs,1,5835,autobuss,24.2567650,56.8540530
17830,Alderi,1,6822,autobuss,24.3432080,57.0525710
17831,Bites,1,5835,autobuss,24.2208640,56.8712970
1788,Mežsargs,2,"6255, 6826",autobuss,24.4903192,57.0690412
1789,Mežsargs,2,"6255, 6826",autobuss,24.4882114,57.0701401
180,Austrumi,2,"5976, 6102",autobuss,25.3525853,56.6702355
18104,Liepziediņš,1,5011,autobuss,22.0205740,56.6752760
18105,Liepziediņš,1,5011,autobuss,22.0215430,56.6749360
18107,Induļi,2,"5516, 6752",autobuss,23.6708409,56.7471282
18108,Ūdrupe,1,7152,autobuss,26.1399607,57.2791552
18112,Miera iela,3,"6330, 6507, 6997",autobuss,26.7174710,56.8926600
18113,Miera iela,2,"6507, 6997",autobuss,26.7172190,56.8924190
18116,Ozolnes,3,"7632, 7668",autobuss,27.0690150,56.8944610
18117,Ozolnes,3,"7632, 7668",autobuss,27.0690710,56.8934590
18118,Vulkāns,1,5225,autobuss,21.9756710,56.9645300
18119,Vulkāns,1,5225,autobuss,21.9765770,56.9643450
18121,Surikava,2,"5434, 6690",autobuss,27.4369250,57.3717500
18122,Surikava,2,"5434, 6690",autobuss,27.4363460,57.3718660
18123,Selekcijas pagrieziens,2,"5601, 6274",autobuss,25.3395600,57.3110681
18125,Priekuļu kapi,1,6274,autobuss,25.3491600,57.3143000
18126,Priekuļu kapi,1,6274,autobuss,25.3496350,57.3153660
18128,Kino,26,"5305, 5390, 5396, 5397, 5405, 5425, 6500, 6599, 6603, 6604, 6607, 6619 …",autobuss,25.4175490,57.5379860
18129,Kino,26,"5305, 5390, 5396, 5397, 5405, 5425, 6500, 6599, 6603, 6604, 6607, 6619 …",autobuss,25.4149470,57.5378160
18130,Ausekļa iela,16,"5305, 5390, 5396, 5397, 6599, 6603, 6604, 6632, 6689, 7145, 7599, 7600 …",autobuss,25.3936990,57.5317600
18131,Valleta,10,"5427, 6500, 6615, 6622, 6633, 7600, 7601, 7743, 7819, 7825",autobuss,25.4239270,57.5382410
18132,Skolas iela,15,"5305, 5390, 5396, 5397, 6599, 6603, 6604, 6632, 6689, 7145, 7599, 7600 …",autobuss,25.3973870,57.5326820
18133,Valleta,10,"5427, 6500, 6615, 6622, 6633, 7600, 7601, 7743, 7819, 7825",autobuss,25.4244770,57.5381550
18135,Sprīdītis,11,"5396, 5400, 6613, 6620, 7144, 7164, 7774, 7808, 7818, 7840",autobuss,25.4225400,57.5294400
18136,Brenguļu iela,17,"5395, 5396, 5400, 5404, 5426, 6613, 6620, 6623, 7144, 7164, 7774, 7804 …",autobuss,25.4345400,57.5269900
18138,Mālu iela,14,"5405, 5425, 6500, 6607, 6619, 6631, 6632, 6663, 6689, 7744, 7747, 7774 …",autobuss,25.3973700,57.5409700
18139,Mālu iela,13,"5405, 5425, 6500, 6607, 6619, 6631, 6632, 6663, 6689, 7744, 7774, 7803 …",autobuss,25.3962100,57.5417800
18140,Viesturskola,4,"5427, 7600, 7601, 7825",autobuss,25.4363100,57.5489100
18141,Viesturskola,3,"7600, 7601, 7825",autobuss,25.4355800,57.5488800
18146,Glūdas iela,3,"3005, 3009, 3010",autobuss,25.2607844,57.3122889
18155,Brīdaga,3,"5078, 5178, 7806",autobuss,24.4642512,57.6511323
18156,Brīdaga,2,"5078, 5178",autobuss,24.4633582,57.6514423
18158,Helmaņa parks,1,5206,autobuss,22.4753960,56.6602590
18159,Helmaņa parks,1,5206,autobuss,22.4759921,56.6608120
18160,Lapenieki,1,5432,autobuss,24.1490310,56.8742740
18161,Lapenieki,1,5432,autobuss,24.1490700,56.8744020
18162,Ezera iela,1,5432,autobuss,24.1380630,56.8716020
18163,Ezera iela,1,5432,autobuss,24.1382490,56.8715250
18164,Dzirnavnieki,1,5206,autobuss,22.4693490,56.6504860
18165,Dzirnavnieki,1,5206,autobuss,22.4693020,56.6512140
18166,Dzirnavu dīķis,3,"5206, 6770, 6771",autobuss,22.4725150,56.6516910
18167,Dzirnavu dīķis,3,"5206, 6770, 6771",autobuss,22.4734270,56.6520830
18168,Dzīvnieku patversme,3,"5206, 6770, 6771",autobuss,22.4765630,56.6541990
18169,Dzīvnieku patversme,3,"5206, 6770, 6771",autobuss,22.4772530,56.6542340
18170,Celtnieku iela,3,"5206, 6770, 6771",autobuss,22.4794010,56.6554720
18171,Celtnieku iela,3,"5206, 6770, 6771",autobuss,22.4822360,56.6562090
18172,Zaļā iela,3,"5206, 6770, 6771",autobuss,22.4853380,56.6579780
18173,Zaļā iela,3,"5206, 6770, 6771",autobuss,22.4855710,56.6578550
18174,Tiesas skvērs,3,"5206, 6770, 6771",autobuss,22.4911080,56.6625340
18175,M.Čaklā skvērs,3,"5206, 6770, 6771",autobuss,22.4918230,56.6642650
18176,Ziemeļu iela,2,"6771, 6776",autobuss,22.4851250,56.6726080
18177,Ziemeļu iela,2,"6771, 6776",autobuss,22.4851941,56.6723270
18178,Palejas iela,2,"6771, 6776",autobuss,22.4788632,56.6773311
18179,Palejas iela,2,"6771, 6776",autobuss,22.4795991,56.6766060
18180,Alejas iela,2,"6771, 6776",autobuss,22.4746192,56.6807341
18181,Alejas iela,2,"6771, 6776",autobuss,22.4753753,56.6798310
18182,Saldus ceļinieks,2,"6771, 6776",autobuss,22.4613944,56.6859241
18183,Saldus ceļinieks,2,"6771, 6776",autobuss,22.4603932,56.6865750
18184,Pastališķi,1,5144,autobuss,24.0995716,56.3175819
18187,Liepiņas,6,"5836, 6827, 6829, 6830, 6831, 6835",autobuss,24.2222400,56.9442400
18188,Liepiņas,6,"5836, 6827, 6829, 6830, 6831, 6835",autobuss,24.2209800,56.9446500
18189,Grīziņkalns,7,"5530, 5836, 6827, 6829, 6830, 6831, 6835",autobuss,24.1529700,56.9560000
18190,Grīziņkalns,7,"5530, 5836, 6827, 6829, 6830, 6831, 6835",autobuss,24.1528200,56.9570200
18191,Matīsa iela,7,"5530, 5836, 6827, 6829, 6830, 6831, 6835",autobuss,24.1364200,56.9562700
18192,Matīsa iela,7,"5530, 5836, 6827, 6829, 6830, 6831, 6835",autobuss,24.1365200,56.9564300
18193,Ošlejas,2,"5186, 6794",autobuss,23.3877495,56.7245926
18194,Ošlejas,1,6794,autobuss,23.3883531,56.7252836
18195,Citadeles iela,4,"5034, 5171, 5173, 6859",autobuss,24.0515272,56.8398037
18196,Kūdra,1,7955,autobuss,23.5382480,56.9264210
18197,Kūdra,1,7955,autobuss,23.5407970,56.9263300
18198,Rāmava,1,6844,autobuss,24.1484497,56.8905380
18199,Rāmava,5,"6779, 6844, 6847, 6848, 6991",autobuss,24.1488331,56.8905191
18200,4.līnija,1,7347,autobuss,23.6625700,56.6530700
18201,4.līnija,1,7347,autobuss,23.6609500,56.6532300
18202,Mārtēni,1,6290,autobuss,25.1393680,57.3045930
18203,Veides kapi,1,6747,autobuss,22.4990641,56.6498601
18204,Veides  kapi,1,6747,autobuss,22.4992481,56.6496702
18205,Melnais dīķis,1,6747,autobuss,22.4972843,56.6582132
18206,Melnais dīķis,1,6747,autobuss,22.4980201,56.6564713
18208,Blankas,3,"5981, 6096, 6425",autobuss,25.5310800,56.7273880
18209,Blankas,3,"5981, 6096, 6425",autobuss,25.5319150,56.7274800
18210,Stabuļnīki,3,"6949, 6958, 6972",autobuss,26.6280860,56.2217550
18211,Stabuļnīki,3,"6949, 6958, 6972",autobuss,26.6280900,56.2214010
18212,Piliškas,3,"6949, 6958, 6972",autobuss,26.6509680,56.2256320
18213,Piliškas,3,"6949, 6958, 6972",autobuss,26.6510560,56.2255660
18214,Rūjienas vidusskola,1,6608,autobuss,25.3395800,57.8942900
18215,Rūjienas vidusskola,1,6608,autobuss,25.3379200,57.8949500
18216,Rūjienas sākumskola,1,6608,autobuss,25.3416180,57.9016890
18217,Kāpu iela,3,"5432, 6844, 6847",autobuss,24.1587680,56.8826120
18218,Kāpu iela,2,"5432, 6844",autobuss,24.1597500,56.8817700
18219,Kraujas,1,5439,autobuss,22.4276780,57.2371090
18220,Kraujas,1,5439,autobuss,22.4281652,57.2369023
18221,Iliņi,1,5439,autobuss,22.3398176,57.2630669
18222,Iliņi,1,5439,autobuss,22.3395029,57.2631993
18223,Pagrieziens uz Rāmavu,1,6844,autobuss,24.1551616,56.8861356
18224,Pagrieziens uz Rāmavu,6,"6779, 6844, 6847, 6848, 6991, 7480",autobuss,24.1548854,56.8864506
18225,Aizpurvi,1,5441,autobuss,25.4873920,57.8412900
18227,Tūži,1,5441,autobuss,25.5921420,57.7972330
18229,Ezere,6,"5304, 6729, 7252, 7254, 7933, 7958",autobuss,22.3643131,56.4090111
18230,Ceriņu iela,4,"7013, 7512, K7013",autobuss,21.6097320,56.7256390
18231,Ceriņu iela,3,"7013, 7512",autobuss,21.6086380,56.7258820
18232,Dunalkas skola,1,5337,autobuss,21.3193150,56.7015040
18233,Dunalkas skola,1,5337,autobuss,21.3188850,56.7017900
18234,Binderi,1,5337,autobuss,21.3083950,56.7114490
18235,Binderi,1,5337,autobuss,21.3084340,56.7110920
18236,Vārdupe,1,5213,autobuss,21.8559590,56.8720540
18237,Cesvaine 1,2,"7628, 7817",autobuss,26.3263100,56.9635700
18238,Brenguļu iela,8,"5395, 5404, 5426, 6620, 6623, 7157, 7804, 7817",autobuss,25.4359740,57.5268560
18239,Zaķusala,1,6859,autobuss,24.1194500,56.9326100
18240,Zaķusala,1,6859,autobuss,24.1200800,56.9325900
18241,Saulieši,1,5441,autobuss,25.6326110,57.8085240
18242,Slimnīcas iela,2,"6932, 6985",autobuss,25.8936240,56.5050890
18246,Valmiermuižas veikals,2,"6615, 6622",autobuss,25.4281700,57.5604800
18247,Valmiermuižas veikals,1,6622,autobuss,25.4280900,57.5607800
18249,Kustes dārzs,2,"7955, K7955",autobuss,21.5913912,57.3974820
18250,Tārgales iela,2,"7955, K7955",autobuss,21.6066042,57.3990730
18252,Kurzemes ielas DUS,2,"7955, K7955",autobuss,21.6125192,57.3966651
18254,Embūtes iela,2,"7955, K7955",autobuss,21.5987371,57.4028432
18255,Asfaltbetona rūpnīca,3,"5239, 7259, 7328",autobuss,22.5633960,56.6939360
18256,Asfaltbetona rūpnīca,3,"5239, 7259, 7328",autobuss,22.5630280,56.6938080
18257,Zaltāni,3,"6095, 6139, 7228",autobuss,24.7699640,56.8654740
18258,Zaltāni,4,"5009, 6095, 6139, 7228",autobuss,24.7683600,56.8651940
18259,Dārziņi,1,6285,autobuss,25.1950090,57.2465720
18260,Dārziņi,1,6285,autobuss,25.1948150,57.2467980
18261,Jaunā muiža,6,"5469, 5470, 5487, 6898, 6900, 6976",autobuss,26.1530620,56.3897430
1827,Muižnieki,1,5470,autobuss,26.0933180,56.4613445
18273,Jaunmuiža,1,6079,autobuss,21.5913610,57.2643803
18274,Zūras,1,6079,autobuss,21.5922611,57.2542052
18275,Dores iela,1,6822,autobuss,24.3458970,57.0573570
18276,Dores iela,1,6822,autobuss,24.3455560,57.0575030
18277,Pakalnu iela,1,6822,autobuss,24.3510130,57.0635990
18278,Pakalnu iela,1,6822,autobuss,24.3511380,57.0634340
18281,Pansionāts,1,6211,autobuss,27.5645040,55.9342370
18282,Pansionāts,1,6211,autobuss,27.5642300,55.9341660
18283,Autoosta (pie Jelgavas AO),2,"7012, 7363",autobuss,23.7233900,56.6500400
18286,Kalna Vēres,1,6429,autobuss,25.6771920,56.7481670
18291,Veczemnieki,1,6611,autobuss,26.3760777,57.4152294
18292,Veczemnieki,1,6611,autobuss,26.3761669,57.4151876
18293,Jauntilderi,1,6611,autobuss,26.3348634,57.4492722
18294,Jauntilderi,1,6611,autobuss,26.3347953,57.4491337
18295,Inženieru iela,1,K7955,autobuss,21.5493991,57.3843301
18297,Ventspils 1.pamatskola,1,K7955,autobuss,21.5635931,57.3821361
18299,Rudzātu skola,3,"5469, 6657, 6924",autobuss,26.4626910,56.4162060
18300,Apgabaltiesa,1,7601,autobuss,25.4312100,57.5449700
18313,Jelgavas stacija,17,"5374, 5662, 5826, 6516, 6521, 6522, 6524, 6525, 6526, 6531, 6764, 6772 …",autobuss,23.7318000,56.6410100
18316,Lielgabalu iela,1,3200,autobuss,22.5714020,57.2552030
18317,Lielgabalu iela,1,3200,autobuss,22.5712510,57.2552300
18318,Kr.Barona iela,1,3200,autobuss,22.5772740,57.2612840
18319,Kr.Valdemāra iela,1,3200,autobuss,22.5813410,57.2534050
18320,Kr.Valdemāra iela,1,3200,autobuss,22.5815340,57.2536670
18321,Laucienes pansionāts,3,"6405, 6407, 7951",autobuss,22.7592390,57.2137380
18324,Pluņķi,1,5083,autobuss,25.2516680,56.9708440
18333,RIMI Ogre,2,"6090, 6091",autobuss,24.5761040,56.8180350
18334,Dauga,2,"6090, 6091",autobuss,24.5846740,56.8172850
18339,Putniņi,1,5301,autobuss,21.1320615,56.5269512
18340,Tīnūžu skola,1,5416,autobuss,24.5669880,56.8669170
18341,Tīnūžu skola,1,5416,autobuss,24.5683690,56.8678620
1836,Murjāņu iela,4,"6292, 7514, 7516, K7179",autobuss,24.4143700,57.2558070
18361,Lauktehnika,2,"3033, 3034",autobuss,25.9954600,57.7868900
18366,Kārsavas vidusskola,1,6588,autobuss,27.6881450,56.7813600
18367,Kārsavas vidusskola,1,6588,autobuss,27.6894810,56.7808700
18369,Stacija,1,E7,autobuss,24.3603860,57.8693320
1837,Murjāņu iela,4,"6292, 7514, 7516, K7179",autobuss,24.4147687,57.2559809
18370,Stacija,1,E7,autobuss,24.3601280,57.8689720
18376,Vecskujnieki,1,5416,autobuss,24.6071627,56.9093771
18377,Vecskujnieki,1,5416,autobuss,24.6054513,56.9085699
18379,Zemgales iela,1,3034,autobuss,26.0026600,57.7642100
18380,Zemgales iela,2,"3033, 3034",autobuss,26.0062500,57.7667450
18381,Kaugara parks,1,5515,autobuss,23.6330590,56.7814610
18382,Kaugara parks,2,"5515, 6752",autobuss,23.6331290,56.7817460
18396,Šautuves iela,4,"6779, 6847, 6848, 6991",autobuss,24.1245540,56.9119630
18397,Lejupes iela,2,"5432, 6844",autobuss,24.1477790,56.9111238
18398,Lejupes iela,2,"5432, 6844",autobuss,24.1490650,56.9111580
18400,Rībenes,1,5409,autobuss,26.0248840,57.5150640
18401,Rībenes,1,5409,autobuss,26.0242170,57.5147701
18404,Sleķi,1,5496,autobuss,25.3234080,56.1965210
18405,Sleķi,1,5496,autobuss,25.3243810,56.1962360
18408,Raiņi,1,6775,autobuss,23.7597589,56.5090410
18409,Baroni,4,"5186, 6794, 6799, 6808",autobuss,23.3058684,56.6566306
1841,Mūsas tilts,1,5911,autobuss,24.1750215,56.4004825
18410,Baroni,4,"5186, 6794, 6799, 6808",autobuss,23.3054047,56.6564510
18411,Varieba,2,"6037, 6039",autobuss,22.5802680,56.8654950
18414,Zeimuļi,1,7435,autobuss,26.8700420,56.4801050
1842,Mūzikas skola,10,"5386, 5414, 5995, 6067, 6090, 6091, 6110, 6126, 6139, 7228",autobuss,24.6099324,56.8189968
1843,Nagaiņi,2,"6824, 6842",autobuss,24.2998043,57.1210511
18430,Preiļu AO (Raiņa bulvāris),43,"5484, 5487, 5564, 5712, 5713, 5714, 5715, 5716, 6652, 6882, 6884, 6886 …",autobuss,26.7254410,56.2897410
18435,Preiļu centrs,12,"5484, 5487, 5713, 6652, 6924, 6956, 6964, 6968, 7867, 7878, 7899, 7981",autobuss,26.7227590,56.2946640
18436,Preiļu centrs,13,"5484, 5487, 5713, 6882, 6884, 6924, 6956, 6964, 6968, 7867, 7878, 7899 …",autobuss,26.7230700,56.2944690
18437,Daugavpils iela,17,"5484, 5487, 5712, 5713, 5716, 6882, 6884, 6924, 6956, 6959, 6962, 6964 …",autobuss,26.7244180,56.2935050
18438,Daugavpils iela,16,"5484, 5487, 5712, 5713, 5716, 6652, 6924, 6956, 6959, 6962, 6964, 6968 …",autobuss,26.7244100,56.2932920
18439,Barku kapi,1,6549,autobuss,27.5695300,56.3384040
1844,Nagaiņi,3,"6824, 6842, 6855",autobuss,24.2998020,57.1213845
18440,Barku kapi,1,6549,autobuss,27.5697320,56.3383990
18441,Strupļu ciems,2,"5135, 5136",autobuss,26.9873580,56.5144090
18443,Sidrabauši,1,5605,autobuss,24.9033240,57.4176440
18444,Ābeļu pamatskola,1,6967,autobuss,25.9170770,56.4774310
18445,Ausekļa iela,1,6627,autobuss,26.0148110,57.7810360
18446,Ormaņu iela,2,"K7493, K7983",autobuss,26.5252177,55.9008569
18447,Ormaņu iela,2,"K7493, K7983",autobuss,26.5232996,55.9007590
18448,Raiņa bulvāris,12,"5564, 5714, 5715, 6926, 6961, 6963, 6977, 6987, 6988, 7878, 7892, 7899",autobuss,26.7258800,56.2927200
18449,Raiņa bulvāris,9,"5564, 5714, 5715, 6961, 6963, 6987, 7878, 7892, 7899",autobuss,26.7259150,56.2926120
18450,Mierkalns,2,"5409, 6505",autobuss,26.1923730,57.5602800
18451,Mētru iela,1,7360,autobuss,23.6832485,56.6232066
18452,Mētru iela,1,7360,autobuss,23.6833226,56.6230904
18453,Upes iela,1,7360,autobuss,23.6817320,56.6197723
18454,Upes iela,1,7360,autobuss,23.6818668,56.6197172
18455,Ābeļu iela,1,7360,autobuss,23.6779648,56.6158188
18456,Ābeļu iela,1,7360,autobuss,23.6781177,56.6157882
18457,Tilta iela,1,7360,autobuss,23.6752849,56.6124363
18458,Tilta iela,1,7360,autobuss,23.6754013,56.6124675
18459,Žubīšu iela,1,7360,autobuss,23.6722739,56.6046364
18460,Žubīšu iela,1,7360,autobuss,23.6722631,56.6045912
18461,Vaiki,1,7360,autobuss,23.6668153,56.5952438
18462,Vaiki,1,7360,autobuss,23.6685711,56.5956982
18463,Svētes pamatskola,1,7360,autobuss,23.6773099,56.5917879
18464,Lejasmačulāni,1,5155,autobuss,26.0801150,56.1055010
18465,Mājai un Dārzam,3,"6338, 6339, 6999",autobuss,26.2265990,56.8591620
18466,Mājai un Dārzam,3,"6338, 6339, 6999",autobuss,26.2263980,56.8584740
18467,Limbaži,1,3007,autobuss,24.7213100,57.5086800
18468,Limbaži,1,3007,autobuss,24.7216200,57.5099500
18470,Olaines kūdra,1,5034,autobuss,23.9231590,56.8017210
18471,Elejas iela,1,5034,autobuss,23.9303380,56.8008890
18472,Lāčplēši,1,5155,autobuss,25.9992980,56.2163140
18474,Lāčplēši,1,5155,autobuss,25.9992990,56.2163150
18475,Rozes ciems,2,"6256, 6260",autobuss,25.6346645,57.3796706
18477,Kultūras nams,1,6627,autobuss,26.0174330,57.7741810
1848,Nākotnes ciems,1,7363,autobuss,23.4421105,56.6193991
18480,Vecdreļļi,1,5607,autobuss,24.9145832,57.1695330
18481,Vecdreļļi,1,5607,autobuss,24.9149118,57.1697350
18482,Kārkli,1,5607,autobuss,24.9254604,57.1784471
18483,Kārkli,1,5607,autobuss,24.9259110,57.1786288
18484,Dūči,1,5607,autobuss,24.9338256,57.1820005
18485,Dūči,1,5607,autobuss,24.9330282,57.1819417
18486,Druviņas,1,5607,autobuss,24.9370959,57.1848268
18487,Druviņas,1,5607,autobuss,24.9376860,57.1851466
18488,Žākles,1,6611,autobuss,26.3478580,57.4291510
18489,Žākles,1,6611,autobuss,26.3478540,57.4290520
1849,Nākotnes ciems,2,"6788, 7363",autobuss,23.4407536,56.6195818
185,Aviators,1,6991,autobuss,24.2137395,56.7241279
1858,Nauļāni,1,6211,autobuss,27.6649551,55.9839251
1859,Neicenieki,2,"6949, 6972",autobuss,26.3629566,56.2760618
186,Aviators,1,6991,autobuss,24.2119395,56.7250828
1860,Neicenieki,2,"6949, 6972",autobuss,26.3625959,56.2761811
1874,Norupes iela,8,"5414, 5995, 6090, 6091, 6110, 6126, 7229, 7788",autobuss,24.6207977,56.8163461
1875,Norupes iela,9,"5414, 5995, 6067, 6090, 6091, 6110, 6208, 7229, 7788",autobuss,24.6192406,56.8166626
1876,Novada ģimnāzija,6,"5250, 6119, 6125, 6135, 6138, 6142",autobuss,25.2595893,56.6002813
1877,Novada ģimnāzija,7,"5250, 6096, 6119, 6125, 6135, 6138, 6142",autobuss,25.2592300,56.6003912
1904,Orlīši,1,5434,autobuss,27.4709590,57.5199830
1905,Orlīši,1,5434,autobuss,27.4712810,57.5201040
1910,Ozoli,1,5469,autobuss,26.3935396,56.5449726
1911,Ozoli,1,5469,autobuss,26.3934865,56.5449849
1927,Ozollejas,3,"5172, 6852, 6859",autobuss,24.0878001,56.6936179
1928,Ozollejas,3,"5172, 6852, 6859",autobuss,24.0869746,56.6948470
1938,Padegas,1,6785,autobuss,21.2052982,56.2898384
1939,Padegas,1,6785,autobuss,21.2054807,56.2898815
1948,Blankenfeldes pagrieziens,1,6531,autobuss,23.5589085,56.4188303
1950,Pagrieziens uz Birzniekiem,4,"5171, 5172, 6852, 6859",autobuss,24.0467750,56.8310389
1951,Pagrieziens uz Birzniekiem,2,"5172, 6852",autobuss,24.0465999,56.8312571
1959,Pagrieziens uz Dzērumiem,1,6991,autobuss,24.2455023,56.7102423
1960,Pagrieziens uz Dzērumiem,1,6991,autobuss,24.2452414,56.7107190
1966,Pagrieziens uz Ieviņām,1,5173,autobuss,24.0786879,56.8608301
197,Katlakalna tautas nams,2,"6844, 6847",autobuss,24.1792433,56.8755051
1972,Pagrieziens uz Ķekavu,3,"5172, 6852, 6859",autobuss,24.1108829,56.7721207
1973,Pagrieziens uz Ķekavu,3,"5172, 6852, 6859",autobuss,24.1113175,56.7725250
1978,Pagrieziens uz Jaunolaini,3,"5172, 6852, 6859",autobuss,24.0758160,56.7887843
1979,Pagrieziens uz Jaunolaini,3,"5172, 6852, 6859",autobuss,24.0760483,56.7893683
198,Katlakalna tautas nams,1,6844,autobuss,24.1787122,56.8755873
1980,Pagrieziens uz Piņķiem,1,5616,autobuss,23.9195543,56.9457992
1985,Pagrieziens uz Skrundu,1,6327,autobuss,21.9772953,56.6724806
1986,Pagrieziens uz Skrundu,1,6327,autobuss,21.9762907,56.6727473
199,Tirdzniecības centrs,1,E7,autobuss,24.3568300,57.8581284
1992,Tukuma pagrieziens,2,"7946, 7950",autobuss,23.3769502,57.0420142
1993,Tukuma pagrieziens,1,7946,autobuss,23.3808234,57.0411770
1998,Pakuļi,2,"5374, 6772",autobuss,23.8220352,56.6298103
1999,Pakuļi,3,"6516, 6525, 6772",autobuss,23.8210444,56.6299988
200,Tirdzniecības centrs,1,E7,autobuss,24.3570757,57.8585430
2002,Palejas,3,"6394, 6400, 7200",autobuss,24.7763479,56.4076429
2003,Palejas,3,"6394, 6400, 7200",autobuss,24.7766370,56.4077279
2038,Peisenieki,1,5470,autobuss,26.1994740,56.4148610
2039,Peisenieki,1,5470,autobuss,26.1998220,56.4152580
2044,Pērses tilts,1,5976,autobuss,25.3874408,56.6457606
2053,Pienavas centrs,2,"5297, 6792",autobuss,23.2482733,56.7406042
2069,Pils,11,"5114, 5344, 5345, 5348, 5349, 6300, 6801, 6813, 7013, 7512",autobuss,21.5942821,56.7210878
2074,Pirts,1,6090,autobuss,24.5943154,56.8207075
2075,Pirts iela,3,"3002, 5238, 6089",autobuss,24.5969651,56.8162709
2076,Pirts iela,3,"3002, 5238, 6089",autobuss,24.5957954,56.8164935
2087,Katlakalns,5,"6779, 6847, 6848, 6991, 7467",autobuss,24.1712124,56.8719657
2088,Katlakalns,4,"6779, 6847, 6848, 6991",autobuss,24.1711428,56.8721960
2089,Pļavu iela,1,5433,autobuss,23.9416675,56.8823215
2090,Pļavu iela,1,5433,autobuss,23.9402192,56.8826360
2093,Pļevna,1,5434,autobuss,27.4633150,57.5140730
2094,Pļevna,1,5434,autobuss,27.4628825,57.5134184
21,Dāvji,3,"5172, 6852, 6859",autobuss,24.1112348,56.7193466
2104,Poruka iela,8,"5414, 5995, 6090, 6091, 6110, 6126, 7229, 7788",autobuss,24.6267504,56.8153251
2105,Poruka iela,9,"5414, 5995, 6067, 6090, 6091, 6110, 6208, 7229, 7788",autobuss,24.6250512,56.8153400
2143,Pudinava 2,2,"6577, 6581",autobuss,27.7250708,56.7245655
2144,Pudinava 2,2,"6577, 6581",autobuss,27.7249752,56.7251544
2157,Pumpuri,1,6429,autobuss,25.6302168,56.7747983
2168,Pūpoli 2,1,5395,autobuss,25.5406643,57.5786671
2171,Puriņi,3,"5172, 6852, 6859",autobuss,24.0960514,56.6907506
2172,Puriņi,3,"5172, 6852, 6859",autobuss,24.0950776,56.6908780
2181,Putniņi,1,5469,autobuss,26.4063836,56.5071079
2182,Putniņi,1,5469,autobuss,26.4059981,56.5071192
2192,Radiostacijas iela,6,"5836, 6827, 6829, 6830, 6831, 6835",autobuss,24.2712826,56.9428856
2193,Radiostacijas iela,6,"5836, 6827, 6829, 6830, 6831, 6835",autobuss,24.2674239,56.9431352
2194,Radiotehnika,1,6991,autobuss,24.1879952,56.7255937
2195,Radiotehnika,1,6991,autobuss,24.1881919,56.7256074
22,Dāvji,3,"5172, 6852, 6859",autobuss,24.1114136,56.7202383
220,Sporta iela,2,"3007, 6664",autobuss,24.7113842,57.5080420
2206,Raiņa prospekts,2,"3002, 5238",autobuss,24.5821306,56.8193801
2207,Raiņa prospekts,3,"3002, 5238, 5386",autobuss,24.5816143,56.8193810
221,Sporta iela,3,"3007, 5456, 7778",autobuss,24.7095091,57.5090260
2214,Rāmuļu skola,1,6253,autobuss,25.4135210,57.2117345
2215,Rāmuļu skola,1,6253,autobuss,25.4129870,57.2121456
2239,Remberģi,2,"6255, 6826",autobuss,24.4781410,57.0668870
2240,Remberģi,2,"6255, 6826",autobuss,24.4726110,57.0632690
2241,Rencēni,5,"5070, 5275, 6248, 6252, 6287",autobuss,25.3253640,57.1868990
2242,Rencēni,5,"5070, 5275, 6248, 6252, 6287",autobuss,25.3251330,57.1866100
2253,Krustkalni,7,"6779, 6847, 6848, 6991, 7467, 7480, 7490",autobuss,24.1434040,56.8931980
2265,Robežu iela,3,"5515, 5516, 6752",autobuss,23.7349258,56.6645191
2266,Robežu iela,3,"5515, 5516, 6752",autobuss,23.7347280,56.6651100
2290,Rožkalni,1,6991,autobuss,24.1979123,56.7283005
2291,Rožkalni,1,6991,autobuss,24.1968487,56.7285623
2328,Rūpnīca,1,3200,autobuss,22.5781925,57.2618454
2330,Rūpnieki,1,5194,autobuss,26.9956781,57.3305072
2331,Rūpnieki,1,5194,autobuss,26.9955742,57.3306088
2332,Rūpnieku iela,4,"6067, 6090, 6091, 6110",autobuss,24.6352509,56.8126907
2333,Rūpnieku iela,4,"6090, 6091, 6110, 6126",autobuss,24.6334208,56.8131361
2353,Kolkas iela,2,"7018, 7020",autobuss,23.5739474,56.9691507
2354,Kolkas iela,2,"7018, 7020",autobuss,23.5719250,56.9696410
2367,Sarma,2,"5432, 6844",autobuss,24.1474051,56.8957141
2368,Sarma,2,"5432, 6844",autobuss,24.1474443,56.8971524
237,PII Zeltrīti,1,5435,autobuss,24.0506797,56.8899591
2371,Saules prospekts,4,"6067, 6090, 6091, 6110",autobuss,24.5899602,56.8212320
238,Oškalnu darbnīca,1,6831,autobuss,24.6079940,56.9156465
2384,Saurieši,2,"5835, 5836",autobuss,24.3644115,56.9121154
2387,SCO,1,6792,autobuss,23.2628185,56.6416033
239,Oškalnu darbnīca,1,6831,autobuss,24.6088042,56.9159426
2392,Sējas iela,2,"5433, 5435",autobuss,24.0654088,56.9121059
2393,Sējas iela,2,"5433, 5435",autobuss,24.0660563,56.9123317
2416,SIA Strāva,1,5635,autobuss,27.6954570,56.5291107
2418,Sidgundas stacija,1,7964,autobuss,24.9080594,56.9444824
242,Attekas iela,1,6822,autobuss,24.3326200,57.0730740
2426,Silabrieži,2,"5530, 5835",autobuss,24.3043311,56.9149914
2427,Silabrieži,2,"5530, 5835",autobuss,24.3071683,56.9148721
2428,Silamala,1,5048,autobuss,27.1678464,57.1064458
2429,Silava,2,"5835, 5836",autobuss,24.3531542,56.8723908
2430,Silava,2,"5835, 5836",autobuss,24.3527545,56.8712611
2446,Siljāņi,2,"6096, 6429",autobuss,25.6089000,56.7583701
2465,SIVA koledža,1,7020,autobuss,23.7710067,56.9542402
2466,SIVA koledža,1,7020,autobuss,23.7703140,56.9538888
2469,Skalbju iela,1,6089,autobuss,24.6537121,56.8099551
2470,Skalbju iela,1,6089,autobuss,24.6537695,56.8100435
2471,Skārduciems,1,5616,autobuss,23.8558275,56.9241227
2479,Skola,2,"6844, 6991",autobuss,24.2294322,56.8264832
2480,Skola,2,"6844, 6991",autobuss,24.2296657,56.8266293
2481,Skola,1,5835,autobuss,24.3403514,56.8536844
2486,Skola,2,"5119, 6452",autobuss,27.3332859,57.2185793
2487,Skola,1,5119,autobuss,27.3331876,57.2186073
2490,Valdemārpils Skola,2,"6409, 6412",autobuss,22.5945306,57.3749307
2491,Valdemārpils Skola,1,6412,autobuss,22.5940442,57.3750142
2492,Skola,3,"5469, 6924, 6964",autobuss,26.3428686,56.3415831
2493,Skola,3,"5469, 6924, 6964",autobuss,26.3431525,56.3413931
2513,Skujupe,3,"5172, 6852, 6859",autobuss,24.1082529,56.7412382
2514,Skujupe,3,"5172, 6852, 6859",autobuss,24.1083861,56.7419005
252,Laivu iela,2,"6118, 7073",autobuss,24.7795971,56.7215918
2523,Slieces,2,"7946, 7950",autobuss,22.9627966,57.4030974
2524,Slieces,1,7946,autobuss,22.9615692,57.4034726
2525,Slimnīca,3,"3113, 3117, 5087",autobuss,24.8446026,57.1573152
2527,Ozolaine,1,3007,autobuss,24.6854230,57.5183880
2528,Slimnīca,5,"3014, 5386, 6095, 6139, 7228",autobuss,24.6172361,56.8205784
2529,Slimnīca,5,"5009, 5996, 6095, 6139, 7228",autobuss,24.6175305,56.8207188
253,Laivu iela,2,"6118, 7073",autobuss,24.7780058,56.7218708
2537,Smaidas,1,6991,autobuss,24.2215911,56.7204246
2538,Smaidas,1,6991,autobuss,24.2205976,56.7210176
256,Doles sala,1,5835,autobuss,24.2632939,56.8499411
2563,Spēlmaņi,1,5835,autobuss,24.2480899,56.8472508
2566,Spivakišķi,2,"6173, 6177",autobuss,26.5355082,55.7734335
2567,Spivakišķi,2,"6173, 6177",autobuss,26.5350227,55.7741762
257,Doles sala,1,5835,autobuss,24.2615000,56.8500620
258,DIS Gaujmala,1,5294,autobuss,24.3129746,57.1266089
2585,Spuldzenieki,1,6429,autobuss,25.6626020,56.7566480
2587,Kangaru stacija,4,"6829, 6830, 6831, 7964",autobuss,24.6138032,56.9407983
2594,Stacijas iela,3,"7514, 7516, K7179",autobuss,24.4019746,57.2434617
2595,Stacijas iela,3,"7514, 7516, K7179",autobuss,24.4028699,57.2440905
2596,Stacijas iela,2,"6255, 6826",autobuss,24.4140147,57.0444652
2597,Stacijas iela,2,"6255, 6826",autobuss,24.4163765,57.0451099
2598,Stadions,2,"3033, 3034",autobuss,26.0115103,57.7688298
2622,Stopiņi,2,"5835, 5836",autobuss,24.3647645,56.8998724
2623,Stopiņi,2,"5835, 5836",autobuss,24.3652355,56.9005671
2633,Strautiņi,1,7365,autobuss,23.9820125,56.6235555
2634,Strautiņi,1,7365,autobuss,23.9838145,56.6237006
2647,Strēlnieki,3,"5294, 6824, 6842",autobuss,24.3132428,57.1169190
2648,Strēlnieki,2,"6824, 6842",autobuss,24.3148718,57.1172276
2649,Strēlnieku prospekts,1,6089,autobuss,24.6288169,56.8110206
2658,Stūnīšu ezers,2,"5034, 5139",autobuss,24.0626257,56.8689120
2659,Stūnīšu ezers,2,"5034, 5139",autobuss,24.0631847,56.8698311
2660,Stūri 1,2,"6847, 6848",autobuss,24.3164675,56.6874770
2661,Stūri 1,2,"5411, 6848",autobuss,24.3170716,56.6879955
2674,Sudrabi,1,5194,autobuss,26.9436235,57.3238208
2675,Sudrabi,1,5194,autobuss,26.9457592,57.3244206
2702,Šokolāde,6,"3113, 3117, 5087, 6321, 6876",autobuss,24.8435790,57.1445957
2703,Šokolāde,3,"3113, 3117, 6321",autobuss,24.8438692,57.1448032
2705,Štrausi,2,"5432, 6844",autobuss,24.1462472,56.9058049
2706,Štrausi,2,"5432, 6844",autobuss,24.1462715,56.9069815
2719,Tautas nams,2,"6321, 6876",autobuss,24.8290408,57.0815665
2750,Tirgus iela,1,5635,autobuss,27.7260008,56.5460911
2761,Tuberkulozes slimnīca,3,"5836, 6827, 6835",autobuss,24.3702939,56.9268854
2762,Tuberkulozes slimnīca,1,6835,autobuss,24.3705284,56.9263386
2763,Tumšupe,1,6251,autobuss,24.6228355,57.0126191
2767,Turki,2,"5487, 6657",autobuss,26.2691606,56.4483854
2768,Turki,2,"5487, 6657",autobuss,26.2688149,56.4483685
2773,TV tornis,2,"3111, 5607",autobuss,24.8783058,57.1640457
2777,Ukri,2,"6783, 6791",autobuss,23.0605253,56.3435626
2801,Urgas iela,2,"3002, 5238",autobuss,24.6039135,56.8082051
2802,Urgas iela,2,"3002, 5238",autobuss,24.6037085,56.8087365
2807,Ustje,2,"5509, 6231",autobuss,27.5459633,56.0745963
2812,Kalnciems,3,"5515, 6752, 7959",autobuss,23.6079245,56.7996789
2823,V.Strūves iela,2,"5497, 6896",autobuss,25.8554837,56.5005043
2834,Vaisumi,1,7946,autobuss,22.8766375,57.4626637
2835,Vaisumi,2,"7946, 7950",autobuss,22.8765671,57.4628171
2836,Vaivadi,1,5469,autobuss,26.3374966,56.5401543
2837,Vaivadi,1,5469,autobuss,26.3375423,56.5402155
2843,Valdlauču centrs,2,"5432, 6844",autobuss,24.1466270,56.9012444
2844,Valdlauču centrs,2,"5432, 6844",autobuss,24.1467609,56.9025017
2864,Vārpas iela,1,3113,autobuss,24.8721476,57.1523132
2865,Vārpas iela,1,3113,autobuss,24.8723369,57.1524369
2866,Dārziņi,2,"5301, 6904",autobuss,21.1872800,56.4832200
2867,Dārziņi,2,"5301, 6904",autobuss,21.1867000,56.4833900
2876,Veckalni,1,6991,autobuss,24.2055241,56.7259401
2877,Veckalni,1,6991,autobuss,24.2054775,56.7260973
2879,Krapes muiža,1,6101,autobuss,25.1008043,56.7447988
2888,Vecsalaca,1,6684,autobuss,24.4021562,57.7542831
2889,Vecsalaca,1,6684,autobuss,24.4024258,57.7544498
2893,Vecstrūžāni,4,"5142, 5150, 6567, 6570",autobuss,27.1876781,56.7472025
2900,Vefieši,1,6642,autobuss,24.4500079,57.2379242
2901,Vefieši,2,"5019, 6642",autobuss,24.4488519,57.2383992
2910,Vējkrogs,1,6250,autobuss,25.2235343,57.4116748
2914,Velnadobe,2,"7010, 7981",autobuss,25.0055025,56.6097019
2915,Velnadobe,2,"7006, 7010",autobuss,25.0061371,56.6099530
292,Ledus halle,1,7227,autobuss,24.5987872,56.8251459
293,Ledus halle,1,7227,autobuss,24.5987677,56.8256221
2952,Vidēji,2,"5432, 6844",autobuss,24.1675909,56.8796714
2953,Vidēji,3,"5432, 6844, 6847",autobuss,24.1676973,56.8797372
2963,Vidzemes šoseja,1,6255,autobuss,24.8886439,57.1527322
2971,Vīkuļi,1,5616,autobuss,23.8634739,56.9380628
2989,Vingri,2,"6949, 6972",autobuss,26.4640156,56.2059050
2990,Vingri,2,"6949, 6972",autobuss,26.4634576,56.2061544
2991,Vīnkalni,1,7946,autobuss,23.2714196,57.0771926
2992,Vīnkalni,2,"7946, 7950",autobuss,23.2704064,57.0777836
3,Ogres Kalna pamatskola,8,"5414, 5995, 6067, 6090, 6091, 6110, 6139, 7228",autobuss,24.6076858,56.8166902
3000,Virši A birojs,2,"5250, 6125",autobuss,25.2332881,56.6143686
3009,Vītoliņi,1,5469,autobuss,26.4302250,56.4252610
3010,Vītoliņi,1,5469,autobuss,26.4292070,56.4261150
3054,Zelči,4,"5047, 5430, 6445, 6488",autobuss,27.3604465,56.9211706
3055,Zelči,4,"5047, 5430, 6451, 6488",autobuss,27.3603517,56.9210831
3061,Zeltiņi,2,"5835, 5836",autobuss,24.3615380,56.8851440
3109,Zilupe,3,"5634, 6602, 7444",autobuss,28.1174077,56.3903614
3110,Zilupe,4,"5634, 6552, 6602, 7444",autobuss,28.1174297,56.3903775
3119,Zosēnu pagasta padome,2,"5262, 6279",autobuss,25.8428165,57.1660945
3120,Zosēnu pagasta padome,2,"5262, 6279",autobuss,25.8430300,57.1662179
3129,Zušu iela,2,"6824, 6842",autobuss,24.2881346,57.1275768
3130,Zušu iela,3,"6824, 6842, 6855",autobuss,24.2874274,57.1277726
3142,Zvirgzdi,3,"6394, 6400, 7200",autobuss,24.7864709,56.4163779
3143,Zvirgzdi,3,"6394, 6400, 7200",autobuss,24.7865483,56.4163986
3155,Pirts,2,"7253, 7585",autobuss,21.5616293,57.3212156
3156,Pirts,2,"7253, 7428",autobuss,21.5610249,57.3207868
3157,Augšlīgatne,19,"5084, 6244, 6276, 7177, 7618, 7624, 7662, 7664, 7730, 7731, 7902, 7905 …",autobuss,25.0341642,57.1825175
3158,Augšlīgatne,19,"5084, 6244, 6276, 7177, 7618, 7624, 7662, 7730, 7731, 7736, 7902, 7905 …",autobuss,25.0353660,57.1829090
3159,Ķempju pagrieziens,4,"5084, 6245, 7730, 7731",autobuss,25.0649603,57.1892682
316,Rūķu iela,1,5835,autobuss,24.3358992,56.8865397
3160,Ķempju pagrieziens,4,"5084, 6245, 7730, 7731",autobuss,25.0661420,57.1894203
3161,Blodziņi,8,"5084, 6245, 7177, 7730, 7731, 7764, 7906, 7908",autobuss,25.1002136,57.1967036
3163,Blodziņi,8,"5084, 6245, 7177, 7730, 7731, 7764, 7906, 7908",autobuss,25.1009178,57.1967812
3164,Ieriķi,17,"5084, 6245, 6248, 7177, 7624, 7662, 7730, 7731, 7736, 7764, 7902, 7906 …",autobuss,25.1654191,57.2074020
3165,Ieriķi,17,"5084, 6245, 6248, 7177, 7624, 7662, 7664, 7730, 7731, 7764, 7902, 7906 …",autobuss,25.1661396,57.2073669
3169,Melturi,14,"5084, 5275, 5609, 6245, 6248, 7177, 7662, 7730, 7731, 7764, 7902, 7906 …",autobuss,25.2289935,57.2208728
317,Rūķu iela,1,5835,autobuss,24.3358266,56.8871522
3172,Drabeši,10,"7618, 7624, 7736, 7902, 7906, 7908, 7910, 7911, 7915, 7968",autobuss,25.2854680,57.2384261
3174,Drabeši,10,"7618, 7624, 7664, 7902, 7906, 7908, 7910, 7911, 7915, 7968",autobuss,25.2869301,57.2384054
3180,Vaive,11,"5263, 6253, 7624, 7736, 7902, 7906, 7908, 7910, 7912, 7915, 7968",autobuss,25.3702048,57.2554448
3181,Vaive,10,"5263, 6253, 6254, 7624, 7902, 7906, 7908, 7910, 7912, 7968",autobuss,25.3693221,57.2553639
3182,Rīdzene,6,"5067, 6260, 7624, 7664, 7910, 7968",autobuss,25.4258350,57.2654742
3183,Krūmiņi,2,"6254, 6260",autobuss,25.4635840,57.2684170
3184,Krūmiņi,2,"6254, 6260",autobuss,25.4619100,57.2689270
3185,Bērzkrogs,12,"6260, 7618, 7647, 7771, 7902, 7905, 7906, 7908, 7910, 7911, 7912, 7915",autobuss,25.4963786,57.2802979
3186,Bērzkrogs,16,"6254, 6260, 7147, 7618, 7624, 7647, 7736, 7902, 7905, 7906, 7908, 7910 …",autobuss,25.4949680,57.2801060
3187,Veselavas skola,2,"6260, 7771",autobuss,25.5465241,57.2908122
3188,Veselavas skola,3,"6260, 6267, 7736",autobuss,25.5453271,57.2907981
3192,Raunas pagrieziens,8,"6267, 7736, 7906, 7908, 7910, 7911, 7912, 7915",autobuss,25.6252630,57.3075180
3194,Ķieģeļceplis,4,"7618, 7906, 7910, 7915",autobuss,25.7327820,57.3150740
3197,Strautiņi,1,6491,autobuss,24.9243531,57.3325747
3199,Straupe,9,"5454, 6280, 6491, 7599, 7600, 7743, 7744, 7747, 7776",autobuss,24.9485430,57.3489684
3200,Straupe,8,"5453, 5454, 6280, 6491, 7599, 7600, 7743, 7744",autobuss,24.9484550,57.3487515
3203,Plācis,9,"5454, 6280, 6491, 7599, 7600, 7743, 7744, 7747, 7776",autobuss,24.9800000,57.3635477
3204,Plācis,7,"5454, 6280, 6491, 7599, 7743, 7744, 7776",autobuss,24.9807105,57.3638264
3207,Stalbe,9,"5454, 6280, 6491, 7599, 7600, 7743, 7744, 7747, 7776",autobuss,25.0263004,57.3747155
3208,Stalbe,11,"5454, 5605, 6280, 6491, 7599, 7600, 7743, 7744, 7776, 7778",autobuss,25.0294511,57.3750214
3209,Kalnozoli,1,5605,autobuss,25.1350718,57.4175595
3210,Kalnozoli,1,5605,autobuss,25.1372957,57.4188426
3211,Peļņi,1,7748,autobuss,25.0573022,57.0367116
3212,Peļņi,1,7748,autobuss,25.0586285,57.0370664
3213,Dzintari,1,5610,autobuss,25.0946869,57.0465753
3214,Dzintari,1,5610,autobuss,25.0944365,57.0464201
3216,Salmiņi,1,5610,autobuss,25.1132069,57.0476034
3217,Salmiņi,1,5610,autobuss,25.1130404,57.0472854
3219,Ķīvītes,1,5610,autobuss,25.1361291,57.0577577
322,Ķimši,1,6667,autobuss,24.5599725,57.5352738
3221,Kalnāji,1,7748,autobuss,25.1576940,57.0594967
3222,Kalnāji,1,7748,autobuss,25.1591868,57.0591628
3223,Nītaure,8,"5087, 5209, 5609, 5610, 6245, 7732, 7748, 7764",autobuss,25.1928918,57.0707481
3224,Nītaure,8,"5087, 5209, 5609, 5610, 6245, 7732, 7748, 7764",autobuss,25.1928665,57.0704368
3229,Merķeļi,2,"5209, 7732",autobuss,25.2966545,57.0646631
323,Ķimši,1,6667,autobuss,24.5590743,57.5358555
3230,Merķeļi,2,"5209, 7732",autobuss,25.2982429,57.0646870
3233,Ģērķēni,2,"5209, 7732",autobuss,25.3875293,57.0854411
3234,Ģērķēni,2,"5209, 7732",autobuss,25.3871367,57.0854397
3235,Kosa,2,"5209, 7732",autobuss,25.4296568,57.0874186
3236,Kosa,2,"5209, 7732",autobuss,25.4290159,57.0872605
3237,Skujene,6,"5069, 5079, 5209, 6252, 6287, 7732",autobuss,25.4714700,57.0926332
3238,Skujene,6,"5069, 5079, 5209, 6252, 6287, 7732",autobuss,25.4708149,57.0923951
3243,Māļi,4,"5067, 5069, 6287, 7732",autobuss,25.6006766,57.0890830
3244,Māļi,3,"5067, 5069, 7732",autobuss,25.6013326,57.0889585
3245,Lībieši,2,"5069, 7732",autobuss,25.6672802,57.0916702
3246,Lībieši,2,"5069, 7732",autobuss,25.6678812,57.0910694
3250,Rucka,4,"5605, 7776, 7778",autobuss,24.9337700,57.4204644
3251,Rucka,4,"5605, 7776, 7778",autobuss,24.9360019,57.4193200
3252,Stalbe,4,"5605, 7776, 7778",autobuss,25.0276064,57.3760168
3256,Grantskalni,1,5454,autobuss,25.0596196,57.3642528
3257,Grantskalni,1,5454,autobuss,25.0611500,57.3629013
3260,Unguri,6,"5454, 6280, 6491, 7776, 7778",autobuss,25.0820268,57.3534042
3261,Unguri,7,"5454, 5605, 6280, 6491, 7776, 7778",autobuss,25.0861907,57.3529574
3262,Auziņas,4,"5454, 7776, 7778",autobuss,25.1145173,57.3460922
3263,Auziņas,4,"5454, 7776, 7778",autobuss,25.1168277,57.3455452
3266,Auciems,8,"5454, 5605, 6271, 6280, 6491, 7776, 7778",autobuss,25.1421309,57.3396867
3267,Auciems,8,"5454, 5605, 6271, 6280, 6491, 7776, 7778",autobuss,25.1435964,57.3390930
3270,Dimdas,5,"5454, 6250, 7776, 7778",autobuss,25.1953529,57.3183890
3271,Dimdas,5,"5454, 6250, 7776, 7778",autobuss,25.2003504,57.3180951
3272,Silmači,3,"7144, 7774",autobuss,25.4357780,57.4419833
3273,Silmači,3,"7144, 7774",autobuss,25.4361145,57.4414716
3274,Kainaži,3,"7144, 7774",autobuss,25.4367992,57.4213186
3275,Kainaži,3,"7144, 7774",autobuss,25.4362081,57.4207466
3276,Grīviņi,2,7144,autobuss,25.4280204,57.4013424
3277,Grīviņi,2,7144,autobuss,25.4279439,57.4013155
3278,Lode,3,"7144, 7774",autobuss,25.4181033,57.3910697
3279,Lode,3,"7144, 7774",autobuss,25.4179903,57.3912282
3282,Leokādijas,4,"6269, 7144, 7774",autobuss,25.3810963,57.3655338
3283,Leokādijas,6,"6266, 6269, 6270, 7144, 7774",autobuss,25.3808944,57.3654251
3286,Podragi,9,"6266, 6269, 6270, 6273, 7144, 7769, 7771, 7774",autobuss,25.3373961,57.3428184
3287,Podragi,8,"6266, 6269, 6270, 6273, 7144, 7769, 7774",autobuss,25.3371467,57.3423398
3288,Jaunkalni,4,"6266, 6269, 6270, 6273",autobuss,25.3135987,57.3292181
3289,Jaunkalni,4,"6266, 6269, 6270, 6273",autobuss,25.3128316,57.3289992
3292,Mūrnieki,7,"5084, 5609, 6248, 7177, 7662, 7730, 7764",autobuss,25.2533335,57.2344221
3293,Mūrnieki,7,"5084, 5609, 6248, 7177, 7662, 7730, 7764",autobuss,25.2539007,57.2362728
3295,Vaives dzirnavas,6,"6256, 6266, 6278, 6279, 7620, 7767",autobuss,25.3947850,57.3308796
3296,Vaives dzirnavas,9,"6256, 6266, 6267, 6278, 6279, 7620, 7766, 7767, 7771",autobuss,25.3956122,57.3306324
3299,Jaunrauna,6,"6256, 6266, 6278, 6279, 7620, 7767",autobuss,25.4693284,57.3288104
3300,Jaunrauna,9,"6256, 6266, 6267, 6278, 6279, 7620, 7766, 7767, 7771",autobuss,25.4704701,57.3287184
3305,Strīķeļi,6,"6256, 6266, 6278, 6279, 7620, 7767",autobuss,25.5510753,57.3306777
3306,Strīķeļi,9,"6256, 6266, 6267, 6278, 6279, 7620, 7766, 7767, 7771",autobuss,25.5513378,57.3305294
3309,Rauna,16,"6256, 6260, 6266, 6267, 6278, 6279, 6638, 6640, 7620, 7736, 7766, 7767 …",autobuss,25.6092815,57.3318919
3312,Raunas pagrieziens,6,"6260, 6278, 6279, 7771, 7902, 7908",autobuss,25.6272046,57.3095062
3313,Raunas pagrieziens,2,"6260, 7902",autobuss,25.6273643,57.3085922
3314,Kauliņi,2,"6278, 6279",autobuss,25.6686058,57.3013227
3315,Līdači,2,"6278, 6279",autobuss,25.7248384,57.2776805
3316,Miezīši,2,"6278, 6279",autobuss,25.7588933,57.2573413
3317,Skripsti,2,"6278, 6279",autobuss,25.8230503,57.2448367
3318,Drusti,6,"5421, 5424, 5608, 6278, 6279, 7624",autobuss,25.8565487,57.2308416
3319,Drusti,4,"5608, 6278, 6279, 7624",autobuss,25.8563114,57.2307867
3320,Gatarta,3,"5608, 6278, 7624",autobuss,25.8951531,57.2159417
3321,Gatarta,2,"5608, 7624",autobuss,25.8957154,57.2154838
3322,Jaundrusti,2,"5608, 7624",autobuss,25.9788945,57.2105221
3323,Vīņaudi,2,"5601, 6274",autobuss,25.3210297,57.3123958
3324,Vīņaudi,2,"5601, 6274",autobuss,25.3215432,57.3121432
3327,Selekcijas pagrieziens,2,"5601, 6274",autobuss,25.3381010,57.3109170
3328,Selekcijas pagrieziens,1,6274,autobuss,25.3410940,57.3101870
3329,Priekuļi,24,"5067, 5079, 5601, 6241, 6254, 6256, 6260, 6266, 6267, 6274, 6278, 6279 …",autobuss,25.3579188,57.3135184
3330,Priekuļi,23,"5067, 5079, 6241, 6253, 6254, 6256, 6260, 6266, 6267, 6278, 6279, 6612 …",autobuss,25.3589824,57.3137519
3331,Ģūģeri,9,"5067, 5079, 6254, 6260, 7147, 7177, 7662, 7749, 7761",autobuss,25.4016439,57.3038092
3332,Ģūģeri,11,"5067, 5079, 6241, 6253, 6254, 6260, 7147, 7177, 7662, 7749, 7771",autobuss,25.4023911,57.3033381
3333,Pinderes,3,"6267, 6612, 6635",autobuss,25.4129167,57.2995071
3334,Pinderes,2,"6612, 6635",autobuss,25.4136446,57.2991998
3337,Veselava,8,"5067, 6241, 6254, 6267, 6612, 6635, 7147, 7710",autobuss,25.4799762,57.2933892
3338,Veselava,7,"6241, 6254, 6612, 6635, 7147, 7710, 7771",autobuss,25.4817641,57.2927444
3339,Bērzkrogs,13,"5067, 6241, 6254, 6267, 6612, 6635, 7147, 7177, 7662, 7710, 7749, 7761 …",autobuss,25.4950158,57.2808714
3340,Bērzkrogs,13,"5067, 6241, 6612, 6635, 7147, 7177, 7624, 7662, 7664, 7710, 7749, 7799 …",autobuss,25.4966497,57.2794656
3344,Dzērbenes pienotava,13,"5067, 6241, 6612, 6635, 7147, 7177, 7624, 7662, 7664, 7710, 7749, 7799 …",autobuss,25.5821721,57.2240191
3345,Dzērbenes pienotava,13,"5067, 6241, 6612, 6635, 7147, 7177, 7624, 7662, 7710, 7749, 7761, 7799 …",autobuss,25.5824858,57.2237391
3348,Bānūžu pagrieziens,10,"5067, 6241, 6612, 6635, 7147, 7177, 7624, 7662, 7761, 7968",autobuss,25.6218145,57.1777901
3349,Bānūžu pagrieziens,10,"5067, 6241, 6612, 6635, 7147, 7177, 7624, 7662, 7664, 7968",autobuss,25.6223154,57.1761233
3350,Taurene,13,"5067, 6241, 6612, 6635, 7147, 7177, 7624, 7662, 7710, 7749, 7761, 7799 …",autobuss,25.6647386,57.1606135
3351,Taurene,13,"5067, 6241, 6612, 6635, 7147, 7177, 7624, 7662, 7664, 7710, 7749, 7799 …",autobuss,25.6644901,57.1606081
3357,Silakrogs,11,"6241, 6635, 7147, 7177, 7662, 7710, 7732, 7749, 7761, 7799, 7968",autobuss,25.7631372,57.0777071
3358,Silakrogs,11,"6241, 6635, 7147, 7177, 7662, 7664, 7710, 7732, 7749, 7799, 7968",autobuss,25.7632559,57.0775641
3360,Vecpiebalgas vidusskola,11,"6241, 6288, 6635, 7147, 7177, 7662, 7732, 7749, 7761, 7799, 7968",autobuss,25.8102901,57.0622466
3361,Vecpiebalgas vidusskola,10,"6288, 6635, 7147, 7177, 7662, 7664, 7732, 7749, 7799, 7968",autobuss,25.8097211,57.0623658
3362,Vecpiebalga,12,"6241, 6288, 6635, 7147, 7177, 7662, 7710, 7732, 7749, 7761, 7799, 7968",autobuss,25.8225759,57.0583421
3363,Vecpiebalga,12,"6241, 6288, 6635, 7147, 7177, 7662, 7664, 7710, 7732, 7749, 7799, 7968",autobuss,25.8230104,57.0583445
3365,Pūres stacijas pagrieziens,1,6056,autobuss,22.8892327,57.0456661
3366,Pūres stacijas pagrieziens,1,6056,autobuss,22.8870557,57.0466160
3367,Augšlīgatne,4,"5087, 6245, 7732, 7764",autobuss,25.0350961,57.1820913
3368,Augšlīgatne,4,"5087, 6245, 7732, 7764",autobuss,25.0349835,57.1824568
3373,Ķigari,4,"5087, 6245, 7732, 7764",autobuss,25.0815934,57.1393031
3374,Ķigari,4,"5087, 6245, 7732, 7764",autobuss,25.0814938,57.1392179
3378,Eglaine,4,"5087, 6245, 7732, 7764",autobuss,25.1031421,57.1057563
3379,Eglaine,3,"5087, 7732, 7764",autobuss,25.1033332,57.1050255
3384,Slīpe,3,"6245, 7748, 7764",autobuss,25.2397298,57.0455180
3385,Slīpe,3,"6245, 7748, 7764",autobuss,25.2393639,57.0448186
3386,Inģistēni,3,"6245, 7748, 7764",autobuss,25.2466777,57.0290243
3387,Inģistēni,3,"6245, 7748, 7764",autobuss,25.2468731,57.0289499
3390,Zaube,4,"5083, 6245, 7748, 7764",autobuss,25.2608970,56.9968724
3391,Zaube,4,"5083, 6245, 7748, 7764",autobuss,25.2610434,56.9961330
3394,Bērzs,2,"5083, 7764",autobuss,25.2034612,56.9576563
3395,Bērzs,1,7764,autobuss,25.2015093,56.9572329
3396,Cirsti,3,"6241, 7147, 7799",autobuss,25.7784093,56.9812785
3397,Sāvas,1,7147,autobuss,25.7900958,57.0081204
3398,Ineši,3,"6241, 7147, 7799",autobuss,25.8311112,57.0206881
3399,Ineši,2,"7147, 7799",autobuss,25.8306247,57.0213599
34,Ādiņas,2,"5432, 6844",autobuss,24.1729634,56.8796140
3400,Veļķi,3,"6288, 6635, 7732",autobuss,25.8790860,57.0831338
3401,Veļķi,3,"6288, 6635, 7732",autobuss,25.8805291,57.0832146
3404,Emīla Dārziņa muzejs,3,"6288, 6635, 7732",autobuss,25.9254243,57.1068464
3405,Emīla Dārziņa muzejs,3,"6288, 6635, 7732",autobuss,25.9254469,57.1066538
3406,Zariņi,3,"6288, 6635, 7732",autobuss,25.9438513,57.1207292
3407,Zariņi,3,"6288, 6635, 7732",autobuss,25.9451939,57.1211276
3410,Abrupe,5,"5262, 6279, 6288, 6635, 7732",autobuss,25.9866460,57.1440767
3411,Abrupe,5,"5262, 6279, 6288, 6635, 7732",autobuss,25.9876187,57.1442030
3414,Jaunpiebalgas vidusskola,11,"5005, 5262, 5333, 5608, 6278, 6279, 6288, 6635, 7152, 7624, 7732",autobuss,26.0166444,57.1670479
3415,Jaunpiebalgas vidusskola,10,"5005, 5262, 5333, 5608, 6279, 6288, 6635, 7152, 7624, 7732",autobuss,26.0170751,57.1675112
3416,Jaunpiebalga,10,"5005, 5262, 5333, 6278, 6279, 6288, 6635, 7152, 7624, 7732",autobuss,26.0545392,57.1799816
3417,Jaunpiebalga,8,"5005, 5262, 5333, 6279, 6288, 6635, 7152, 7732",autobuss,26.0546578,57.1798832
3418,Rudgalvji,1,5333,autobuss,26.0885258,57.1954379
3419,Rudgalvji,1,5333,autobuss,26.0903136,57.1955947
3420,More,4,"5087, 5610, 6245",autobuss,25.0837120,57.0820201
3421,Vīciepi,5,"5087, 5610, 6245, 7732",autobuss,25.1437857,57.0822680
3422,Vīciepi,5,"5087, 5610, 6245, 7732",autobuss,25.1417912,57.0829086
3423,Auškāpi,3,"7766, 7767, 7771",autobuss,25.6712773,57.3533820
3424,Auškāpi,4,"6640, 7736, 7767, 7910",autobuss,25.6697432,57.3530668
3425,Bormaņi,3,"7620, 7902, 7908",autobuss,25.6377559,57.3395560
3426,Bormaņi,5,"6640, 7620, 7902, 7908, 7910",autobuss,25.6376453,57.3397043
3429,Raiskums,5,"6250, 6280, 6283, 6290, 6491",autobuss,25.1594396,57.3118629
3430,Raiskums,5,"6250, 6280, 6283, 6290, 6491",autobuss,25.1593121,57.3115478
3433,Auciems,3,"6250, 6280, 6491",autobuss,25.1409656,57.3354747
3434,Auciems,3,"6250, 6280, 6491",autobuss,25.1411759,57.3356838
3435,Dzērbene,5,"6241, 6612, 6635, 7147, 7624",autobuss,25.6762315,57.1912964
3437,Auļukalns,1,7624,autobuss,25.7857216,57.2311329
3438,Auļukalns,1,7624,autobuss,25.7855280,57.2311220
3440,Dzērbenes stacija,1,7624,autobuss,25.7049280,57.2114465
3441,Dzērbenes stacija,3,"6241, 7147, 7624",autobuss,25.7041336,57.2110210
3443,Kaive,2,"5069, 6287",autobuss,25.6276841,57.0526783
3444,Vecskujene,3,"5069, 6287, 7732",autobuss,25.5739885,57.0750206
3445,Vecskujene,2,"5069, 7732",autobuss,25.5739152,57.0752205
3446,Dendroloģiskais parks,4,"7006, 7010, 7693, 7992",autobuss,25.0530659,56.6177737
3447,Dendroloģiskais parks,4,"7010, 7693, 7981, 7992",autobuss,25.0540458,56.6177209
3449,Eglaine,2,"5087, 6245",autobuss,25.0996621,57.1036309
3450,Leokādijas,4,"6266, 6270, 7769, 7774",autobuss,25.3816281,57.3649093
3451,Leokādijas,2,"7769, 7771",autobuss,25.3816744,57.3651395
3454,Liepa,4,"6266, 6269, 7769, 7771",autobuss,25.4288756,57.3813166
3455,Liepa,5,"6266, 6269, 6270, 7769, 7774",autobuss,25.4289446,57.3810888
3459,Veidenbauma muzejs,4,"6266, 6269, 7769, 7771",autobuss,25.4754682,57.3987454
3462,Starti,5,"6266, 6269, 7769, 7771, 7774",autobuss,25.5095337,57.4020221
3463,Starti,4,"6266, 6269, 7769, 7774",autobuss,25.5108430,57.4023058
3468,Auniņi,2,"6266, 7774",autobuss,25.5434703,57.4156590
3469,Auniņi,2,"6266, 7774",autobuss,25.5446041,57.4158806
3474,Mārsnēni,4,"6266, 6269, 7769, 7774",autobuss,25.5800670,57.4216912
3476,Lāčplēši,1,6269,autobuss,25.6207282,57.4317708
3477,Lāčplēši,1,6269,autobuss,25.6226050,57.4315447
3478,Lisa,4,"6266, 6269, 7769, 7771",autobuss,25.6560595,57.4255511
3479,Lisa,3,"6266, 6269, 7769",autobuss,25.6561934,57.4254273
3482,Raulica,1,5453,autobuss,24.8034013,57.4204020
3483,Raulica,1,5453,autobuss,24.8034604,57.4203770
3484,Rātes,1,5453,autobuss,24.8505080,57.4056013
3485,Rātes,1,5453,autobuss,24.8502580,57.4056527
3486,Straumēni,1,5453,autobuss,24.8776101,57.3922429
3487,Straumēni,1,5453,autobuss,24.8775246,57.3922307
3488,Mazstraupe,1,5453,autobuss,24.9012648,57.3723942
3489,Mazstraupe,1,5453,autobuss,24.9009719,57.3724479
3490,Straupes skola,3,"5453, 5454, 6491",autobuss,24.9508951,57.3550562
3491,Straupes skola,4,"5453, 5454, 6280, 6491",autobuss,24.9517456,57.3549042
3492,Fizikas institūts,1,5836,autobuss,24.3977710,56.8670388
3495,Āraiši,6,"5070, 5275, 6245, 6252, 6287, 7731",autobuss,25.2778479,57.2536976
3496,Āraiši,7,"5070, 5084, 5275, 6245, 6252, 6287, 7731",autobuss,25.2777004,57.2540693
3499,Līvi,4,"5070, 5609, 6245, 7731",autobuss,25.2659102,57.2876113
35,Ādiņas,3,"5432, 6844, 6847",autobuss,24.1728810,56.8797002
3500,Līvi,5,"5070, 5609, 6245, 6248, 7731",autobuss,25.2666959,57.2886363
3501,Dalbe,3,"7017, 7376, 7933",autobuss,23.8773266,56.7411009
3502,Dalbe,4,"7017, 7376, 7377, 7933",autobuss,23.8770824,56.7411986
3505,Dimzas,10,"5662, 6524, 6526, 6531, 6764, 6775, 6782, 7352, 7360",autobuss,23.7179902,56.5911157
3506,Dimzas,7,"5662, 6524, 6764, 6775, 6782, 7352, 7360",autobuss,23.7173992,56.5892032
3510,Lapu krogs,8,"6524, 6526, 6531, 6775, 6782, 7352, 7360",autobuss,23.7139533,56.5714117
3511,Lapu krogs,5,"6524, 6775, 6782, 7352, 7360",autobuss,23.7134181,56.5698937
3516,Pēterlauki,1,7352,autobuss,23.7079958,56.5412595
3518,Platone,8,"6524, 6526, 6531, 6775, 6782, 7352, 7360",autobuss,23.7058850,56.5303351
3519,Platone,4,"6524, 6782, 7352, 7360",autobuss,23.7053615,56.5292785
3522,Smedēni,7,"6524, 6526, 6531, 6782, 7352, 7360",autobuss,23.7013137,56.5067655
3523,Smedēni,4,"6524, 6782, 7352, 7360",autobuss,23.7007751,56.5057057
3524,Zvaigznītes,7,"6524, 6526, 6531, 6782, 7352, 7360",autobuss,23.6963721,56.4815585
3525,Zvaigznītes,4,"6524, 6782, 7352, 7360",autobuss,23.6962820,56.4824597
3526,Brieži,1,7352,autobuss,23.6931460,56.4650106
3528,Mazeleja,7,"6524, 6526, 6531, 6782, 7352, 7360",autobuss,23.6903298,56.4503995
3529,Mazeleja,4,"6524, 6782, 7352, 7360",autobuss,23.6901867,56.4508854
3530,Jetes,1,7352,autobuss,23.6881131,56.4393854
3534,Eleja,7,"6512, 6524, 6531, 6782, 7352, 7360",autobuss,23.6839522,56.4172696
3536,Ložmetējkalns,1,7959,autobuss,23.6258003,56.8730520
3537,Ložmetējkalns,1,7959,autobuss,23.6258738,56.8729396
3540,Mitenieki,1,7959,autobuss,23.6006290,56.8513690
3541,Mitenieki,1,7959,autobuss,23.6017293,56.8521813
3542,Pagrieziens uz Kalnciemu,7,"5515, 6752, 7401, 7937, 7957, 7958, 7959",autobuss,23.5568010,56.8322600
3543,Batari,3,"7401, 7937, 7957",autobuss,23.4373650,56.7910130
3544,Batari,2,"7401, 7937",autobuss,23.4361390,56.7909440
3545,Ānes pagrieziens,5,"5368, 5815, 7357, 7365",autobuss,23.8174540,56.6501020
3546,Ānes pagrieziens,7,"5368, 5815, 6522, 7356, 7357, 7365",autobuss,23.8174749,56.6498964
3550,Tetele,5,"5368, 5815, 7357, 7365",autobuss,23.8536538,56.6404225
3551,Tetele,7,"5368, 5815, 6522, 7356, 7357, 7365",autobuss,23.8535926,56.6403941
3554,Vēsmas,5,"5368, 5815, 7357, 7365",autobuss,23.8975956,56.6275923
3555,Vēsmas,7,"5368, 5815, 6522, 7356, 7357, 7365",autobuss,23.8989901,56.6267709
3556,Garoza,4,"6522, 7357, 7365",autobuss,23.9344533,56.6284218
3557,Garoza,3,"7357, 7365",autobuss,23.9361502,56.6279809
3560,Jaunbērziņi,3,"7357, 7365",autobuss,23.9968378,56.6253599
3561,Jaunbērziņi,3,"7357, 7365",autobuss,23.9993596,56.6248989
3562,Mežciems,7,"5374, 5826, 6516, 6521, 6522, 6525, 6772",autobuss,23.7707748,56.6208155
3563,Mežciems,6,"5374, 5826, 6516, 6525, 6772, 7388",autobuss,23.7710285,56.6203888
3567,Blukas,1,7388,autobuss,23.7881730,56.6110034
3568,Bērzi,5,"5374, 5826, 6521, 6522, 6772",autobuss,23.8068100,56.5919603
3569,Bērzi,5,"5826, 6516, 6525, 6772, 7388",autobuss,23.8048976,56.5931714
3571,Šalkas,1,7388,autobuss,23.8162637,56.5859425
3573,Gulbji,1,7388,autobuss,23.8278584,56.5767068
3574,Mazlauku pagrieziens,5,"5374, 5826, 6521, 6522, 6772",autobuss,23.8476951,56.5718355
3575,Mazlauku pagrieziens,5,"5826, 6516, 6525, 6772, 7388",autobuss,23.8481322,56.5713055
3577,Skangali,1,7388,autobuss,23.8574410,56.5678882
3578,Ošas,4,"5374, 5826, 6521, 6522",autobuss,23.8655742,56.5654271
3582,Pauļuki,4,"5374, 5826, 6521, 6522",autobuss,23.9112306,56.5685770
3583,Pauļuki,3,"5826, 6516, 6525",autobuss,23.9119245,56.5686272
3584,Peskēni,5,"5374, 5826, 6516, 6521, 6522",autobuss,23.9233824,56.5697074
3585,Peskēni,3,"5826, 6516, 6525",autobuss,23.9245795,56.5697311
3588,Staļģene,10,"5368, 5374, 5815, 5826, 6516, 6521, 6522, 6525, 6772, 7482",autobuss,23.9562356,56.5710102
3589,Staļģenes tilts,8,"5368, 5374, 5815, 5826, 6521, 6522, 6525, 7482",autobuss,23.9750161,56.5737626
3590,Staļģenes tilts,8,"5368, 5374, 5815, 5826, 6522, 6525, 7356, 7482",autobuss,23.9750615,56.5734116
3593,Emburga,5,"5368, 5815, 5826, 6521, 7482",autobuss,23.9818868,56.5598074
3594,Emburga,8,"5368, 5374, 5815, 5826, 6522, 6525, 7356, 7482",autobuss,23.9819370,56.5593245
3595,Mucenieki,1,7482,autobuss,23.9878057,56.5480192
3596,Mucenieki,1,7482,autobuss,23.9875767,56.5481962
3597,Ceļmalnieki,4,"5368, 5815, 6521, 7482",autobuss,23.9963674,56.5378243
3598,Ceļmalnieki,3,"5368, 5815, 7482",autobuss,23.9962766,56.5378604
3599,Diduļi,3,"5815, 6521, 7482",autobuss,24.0131320,56.5280055
3600,Diduļi,4,"5368, 5815, 7356, 7482",autobuss,24.0133597,56.5275911
3601,Beikas,1,7482,autobuss,24.0253128,56.5162473
3602,Beikas,1,7482,autobuss,24.0251525,56.5162342
3605,Skolas iela,5,"5825, 6519, 6777, 7353, 7360",autobuss,23.6706210,56.5934220
3606,Skolas iela,6,"5517, 6519, 6777, 6819, 7353, 7360",autobuss,23.6721700,56.5938050
3609,Svēte,5,"5517, 6519, 6777, 6819, 7360",autobuss,23.6511166,56.5905746
3611,Svēte,4,"5825, 6519, 6777, 7360",autobuss,23.6505832,56.5907683
3613,Bramberģes pagrieziens,6,"5517, 6519, 6777, 6819, 7353, 7360",autobuss,23.6213503,56.5805233
3614,Bramberģes pagrieziens,5,"5825, 6519, 6777, 7353, 7360",autobuss,23.6217247,56.5809426
3617,Lubēni,2,"7353, 7360",autobuss,23.5968492,56.5657600
3618,Lubēni,2,"7353, 7360",autobuss,23.5959479,56.5650542
3619,Kaijas,3,"5517, 6777, 6819",autobuss,23.5923285,56.5611604
3620,Kaijas,2,"5825, 6777",autobuss,23.5902027,56.5599552
3621,Aspazijas Daukšas,2,"7353, 7360",autobuss,23.5806504,56.5553300
3622,Aspazijas Daukšas,2,"7353, 7360",autobuss,23.5792993,56.5548406
3625,Lejiņas,6,"5517, 5825, 6777, 6819, 7353, 7360",autobuss,23.5398125,56.5400747
3626,Lejiņas,5,"5517, 5825, 6777, 7353, 7360",autobuss,23.5384046,56.5397907
3629,Geriņi,3,"6819, 7353, 7360",autobuss,23.4684239,56.5088016
3630,Geriņi,3,"6777, 7353, 7360",autobuss,23.4674626,56.5083973
3631,Pūteļi,3,"6819, 7353, 7360",autobuss,23.4415608,56.4937706
3632,Pūteļi,3,"6777, 7353, 7360",autobuss,23.4399483,56.4924184
3636,Glūda,3,"5517, 7347, 7933",autobuss,23.4900053,56.5992420
3637,Glūda,3,"5517, 7347, 7933",autobuss,23.4885047,56.5990494
3638,Tušķi,8,"5517, 6519, 7012, 7347, 7363, 7376, 7933",autobuss,23.6302633,56.6512544
3639,Tušķi,9,"5517, 6519, 7012, 7347, 7353, 7363, 7376, 7933",autobuss,23.6308972,56.6514719
3640,Ūzas,2,"7376, 7933",autobuss,23.6137290,56.6416385
3641,Ūzas,2,"7376, 7933",autobuss,23.6116435,56.6413476
3644,Auces pagrieziens,8,"5517, 6519, 7012, 7347, 7363, 7376, 7933",autobuss,23.5452906,56.6237135
3645,Auces pagrieziens,9,"5517, 6519, 7012, 7347, 7353, 7363, 7376, 7933",autobuss,23.5471954,56.6243984
3648,Alkšņi,2,"7363, 7376",autobuss,23.5098856,56.6223826
3649,Alkšņi,3,"7353, 7363, 7376",autobuss,23.5106905,56.6223616
3650,Tušķi,6,"5367, 5515, 5824, 7354, 7684",autobuss,23.6310868,56.6521013
3653,Priednieki,5,"5367, 5824, 7354, 7684",autobuss,23.5706952,56.6607293
3654,Priednieki,5,"5367, 5824, 7354, 7377",autobuss,23.5697124,56.6610763
3655,Brakšķu stacija,5,"5367, 5824, 7354, 7684",autobuss,23.5401795,56.6709998
3656,Brakšķu stacija,6,"5367, 5824, 7354, 7377, 7684",autobuss,23.5393038,56.6713927
366,Baloži,1,6739,autobuss,22.4045062,56.8631200
3661,Līvbērze,5,"5367, 5824, 7354, 7684",autobuss,23.4945664,56.6898534
3663,Līvbērze,6,"5367, 5824, 7354, 7377, 7684",autobuss,23.4942489,56.6902034
3669,Zvejnieki,3,"5515, 5516, 6752",autobuss,23.6852768,56.7098642
3670,Zvejnieki,3,"5515, 5516, 6752",autobuss,23.6853150,56.7103383
3675,Induļi,3,"5515, 5516, 6752",autobuss,23.6691226,56.7467158
3676,Induļi,3,"5515, 5516, 6752",autobuss,23.6687712,56.7472494
368,Baložu skola,1,5432,autobuss,24.1188586,56.8748685
3681,Strautnieki,3,"5515, 5516, 6752",autobuss,23.6484188,56.7742491
3682,Strautnieki,3,"5515, 5516, 6752",autobuss,23.6480752,56.7757612
3688,Kalnciema skola,3,"5515, 5516, 6752",autobuss,23.6251796,56.8078581
369,Baložu stacija,2,"5034, 5139",autobuss,24.0462022,56.8453168
3691,Indras,3,"5515, 5516, 6752",autobuss,23.6099331,56.8232904
3699,Ozolnieki,4,"7017, 7376, 7377, 7933",autobuss,23.7941601,56.6899193
370,Baložu stacija,2,"5034, 5139",autobuss,24.0471121,56.8459159
3700,Ozolnieki,3,"7017, 7376, 7933",autobuss,23.7938388,56.6895544
3701,Dzidras,3,"7017, 7376, 7377",autobuss,23.8359446,56.7157451
3702,Dzidras,2,"7017, 7376",autobuss,23.8351188,56.7150224
3703,Sīļi,1,7488,autobuss,23.4482728,56.4476571
3704,Sīļi,1,7488,autobuss,23.4492398,56.4474756
3705,Ziedkalne,3,"6524, 7360, 7488",autobuss,23.4808280,56.4419590
3706,Ziedkalne,4,"6524, 6531, 7360, 7488",autobuss,23.4814800,56.4416920
3707,Cielaviņas,1,7488,autobuss,23.5023980,56.4383552
3708,Cielaviņas,1,7488,autobuss,23.5033655,56.4381002
3709,Mūra dzirnavas,2,"7360, 7488",autobuss,23.5206372,56.4352788
3710,Mūra dzirnavas,2,"7360, 7488",autobuss,23.5197847,56.4354897
3711,Zvirgzdiņi,1,7488,autobuss,23.5401810,56.4298510
3712,Zvirgzdiņi,1,7488,autobuss,23.5406330,56.4292180
3713,Vilces pasts,4,"6524, 6531, 7360, 7488",autobuss,23.5484835,56.4219620
3714,Vilces pasts,2,"7360, 7488",autobuss,23.5464017,56.4225582
3715,Vilces pienotava,3,"6524, 7360, 7488",autobuss,23.5658996,56.4185496
3716,Vilces pienotava,4,"6524, 6531, 7360, 7488",autobuss,23.5649941,56.4185075
3717,Snāveļi,1,7488,autobuss,23.5918601,56.4178508
3718,Snāveļi,1,7488,autobuss,23.5924238,56.4176858
3719,Tīsi,3,"6524, 7360, 7488",autobuss,23.6209354,56.4161621
3720,Tīsi,4,"6524, 6782, 7360, 7488",autobuss,23.6229530,56.4160400
3721,Sila krogs,1,7488,autobuss,23.6572687,56.4171253
3722,Sila krogs,1,7488,autobuss,23.6602673,56.4169353
3723,Eleja,3,"5376, 6526, 7488",autobuss,23.6827876,56.4160357
3724,Eleja,3,"6512, 6782, 7488",autobuss,23.6844426,56.4155377
3725,Parka iela,3,"7352, 7488",autobuss,23.6959745,56.4152983
3726,Parka iela,2,"7352, 7488",autobuss,23.6979685,56.4152473
3727,Sesavas baznīca,1,7488,autobuss,23.7300755,56.4202382
3728,Sesavas baznīca,1,7488,autobuss,23.7326988,56.4200871
3729,Skursteņi,2,"7352, 7488",autobuss,23.7702372,56.4195268
3730,Skursteņi,1,7488,autobuss,23.7724741,56.4193143
3731,Žubes,3,"7352, 7488",autobuss,23.7973391,56.4203767
3732,Žubes,2,"7352, 7488",autobuss,23.7976566,56.4203269
3733,Sesava,4,"6775, 7352, 7488",autobuss,23.8183119,56.4219499
3734,Sesava,2,"7352, 7488",autobuss,23.8202038,56.4219848
3735,Mālu krogs,3,"7352, 7488",autobuss,23.8498289,56.4236901
3736,Mālu krogs,2,"7352, 7488",autobuss,23.8500201,56.4237004
3737,Dzirnieki,1,6772,autobuss,23.8727163,56.5626632
3738,Dzirnieki,2,"6772, 7388",autobuss,23.8731153,56.5624292
3741,Šķilvji,1,7388,autobuss,23.9020150,56.5498160
3742,Bodnieki,1,6772,autobuss,23.9149268,56.5348237
3743,Bodnieki,2,"6772, 7388",autobuss,23.9142828,56.5337108
3746,Jaunsvirlauka,1,6772,autobuss,23.9270852,56.5025442
3747,Jaunsvirlauka,2,"6772, 7388",autobuss,23.9281470,56.5018575
375,Baltceriņi,2,"5301, 6904",autobuss,21.1783586,56.4999198
3750,Salgale,1,5368,autobuss,24.0508294,56.5537981
3751,Salgale,1,5368,autobuss,24.0540211,56.5542004
3752,Smedēni,1,6772,autobuss,24.0152684,56.5065640
3753,Stūrīši,1,6772,autobuss,23.9608579,56.5095887
3755,Poķi,2,"5662, 6764",autobuss,23.7541409,56.5670258
3756,Poķi,2,"5662, 6764",autobuss,23.7555814,56.5662215
3757,Vircava,2,"5662, 6764",autobuss,23.7728776,56.5588450
3758,Vircava,2,"5662, 6764",autobuss,23.7732425,56.5584508
3759,Ratenieki,2,"5662, 6764",autobuss,23.8108943,56.5268619
376,Baltceriņi,2,"5301, 6904",autobuss,21.1781910,56.5003340
3760,Ratenieki,2,"5662, 6764",autobuss,23.8100632,56.5275405
3761,Oglaines pagrieziens,2,"5662, 6764",autobuss,23.8336738,56.5092400
3762,Oglaines pagrieziens,2,"5662, 6764",autobuss,23.8336738,56.5092647
3763,Dobuļi,2,"5662, 6764",autobuss,23.8430089,56.5031500
3764,Dobuļi,2,"5662, 6764",autobuss,23.8430089,56.5031280
3766,Kalnrozes,2,"6531, 7360",autobuss,23.5463605,56.3736973
3767,Svētes skola,2,"5825, 6777",autobuss,23.6780166,56.5910952
3768,Svētes skola,3,"5517, 6777, 6819",autobuss,23.6769304,56.5901983
3769,Vītiņi,2,"5825, 6777",autobuss,23.6622063,56.5691899
3770,Vītiņi,3,"5517, 6777, 6819",autobuss,23.6620064,56.5685110
3771,Kalnanši,2,"5825, 6777",autobuss,23.6231111,56.5452941
3772,Kalnanši,3,"5517, 6777, 6819",autobuss,23.6219555,56.5449687
3773,Āboliņi,2,"5825, 6777",autobuss,23.6065066,56.5312148
3774,Āboliņi,3,"5517, 6777, 6819",autobuss,23.6054817,56.5302246
3775,Lipsti,2,"6777, 6819",autobuss,23.5957888,56.5118870
3776,Lielplatones pagasta padome,3,"5376, 6526, 6531",autobuss,23.6341806,56.4292412
3777,Lielplatones pagasta padome,1,6782,autobuss,23.6340738,56.4293580
3780,Dorupes stacija,1,6519,autobuss,23.5311172,56.6070730
3781,Dorupes stacija,1,6519,autobuss,23.5311573,56.6064893
3782,Glūdas skola,1,6519,autobuss,23.5367284,56.5927353
3783,Glūdas skola,1,6519,autobuss,23.5370576,56.5917833
3784,Zemgale,1,6519,autobuss,23.5561802,56.5852792
3785,Zemgale,1,6519,autobuss,23.5562690,56.5852850
3786,Bramberģe,1,6519,autobuss,23.5882830,56.5792893
3787,Vāverīte,3,"6516, 6525, 6772",autobuss,23.8075092,56.6274700
3788,Stūri,2,"5374, 6772",autobuss,23.8394641,56.6278576
3789,Kauguru tirdzniecības centrs,3,"7018, 7020, 7023",autobuss,23.6032033,56.9631206
379,Banga,2,"7946, 7950",autobuss,22.7953638,57.5084678
3790,Dainas,2,"5374, 6772",autobuss,23.8974747,56.6069394
3791,Graudnieki,2,"5374, 6772",autobuss,23.9337071,56.5917161
3792,Veiži,1,6772,autobuss,23.9575994,56.5360542
3793,Veiži,1,6772,autobuss,23.9572732,56.5356573
3794,Stūrīši,1,6772,autobuss,23.9600701,56.5113341
3795,Stūrīši,1,6772,autobuss,23.9601031,56.5109329
3796,Lielvircavas skola,1,6775,autobuss,23.7495976,56.5196545
3797,Lielvircavas skola,1,6775,autobuss,23.7495387,56.5194782
3798,Raiņi,2,"5662, 6775",autobuss,23.7595925,56.5090035
3799,Vidzemnieki,2,"5662, 6775",autobuss,23.7706469,56.4996044
380,Banga,1,7946,autobuss,22.7966787,57.5080927
3800,Vidzemnieki,2,"5662, 6775",autobuss,23.7710029,56.4990663
3801,Staltie,2,"5662, 6775",autobuss,23.7886138,56.4742086
3802,Staltie,2,"5662, 6775",autobuss,23.7882966,56.4744840
3803,Strautnieki,2,"5662, 6775",autobuss,23.8141644,56.4504562
3804,Strautnieki,2,"5662, 6775",autobuss,23.8142171,56.4501345
3805,Sesavas skola,2,"6512, 6775",autobuss,23.8186635,56.4254975
3806,Sesava,2,"5662, 6775",autobuss,23.8197126,56.4215682
3807,Buķi,2,"6512, 6775",autobuss,23.8143520,56.3797942
3809,Buķi,2,"6512, 6775",autobuss,23.8140169,56.3790341
3810,Lielsesava,2,"6512, 6775",autobuss,23.8139127,56.3590284
3811,Renceles,2,"5815, 6521",autobuss,24.0360662,56.5269100
3812,Mazlauki,1,6764,autobuss,23.8506172,56.5222676
3813,Mazlauki,2,"5662, 6764",autobuss,23.8504363,56.5213072
3814,Sūkņu stacija,2,"6752, 7959",autobuss,23.5788226,56.8107593
3815,Sūkņu stacija,2,"6752, 7959",autobuss,23.5789395,56.8106782
3816,Bērzes iela,2,"5515, 6752",autobuss,23.5893882,56.8059905
3817,Bērzes iela,2,"5515, 6752",autobuss,23.5886448,56.8062554
3820,Purmaļi,3,"5515, 6752, 7959",autobuss,23.6133800,56.7979982
3821,Purmaļi,3,"5515, 6752, 7959",autobuss,23.6119628,56.7986250
3822,Standarts,3,"5515, 6752, 7959",autobuss,23.6273546,56.7907210
3823,Standarts,3,"5515, 6752, 7959",autobuss,23.6273458,56.7900801
3824,Plāņi,3,"5368, 5815, 7482",autobuss,23.9409718,56.6116345
3825,Plāņi,5,"5368, 5815, 6522, 7356, 7482",autobuss,23.9411913,56.6108504
3826,Auči,3,"5368, 5815, 7482",autobuss,23.9569035,56.5957757
3827,Auči,5,"5368, 5815, 6522, 7356, 7482",autobuss,23.9574984,56.5949930
3828,Tērvetes sociālās aprūpes centrs,1,6797,autobuss,23.3234790,56.4753182
3829,Tērvetes sociālās aprūpes centrs,1,6797,autobuss,23.3231637,56.4753389
383,Bārdaskrogs,1,6707,autobuss,26.9550200,57.5708127
3830,Skabargas,1,6777,autobuss,23.5371812,56.5085578
3831,Sakas pagasta padome,3,"6768, 7699",autobuss,21.2235097,56.8628797
3832,Sakas pagasta padome,3,"6768, 7699",autobuss,21.2228866,56.8627757
3833,Draudzība,2,"7251, 7937",autobuss,21.6588769,56.5902592
3835,Draudzība,2,"7251, 7937",autobuss,21.6577217,56.5907528
3836,Pansionāts,3,"7006, 7010, 7992",autobuss,25.0674976,56.6210979
3837,Pansionāts,2,"7992, 7997",autobuss,25.0681278,56.6212512
3838,Ilmāja,2,"7251, 7937",autobuss,21.5788323,56.5899063
3840,Ilmāja,2,"7251, 7937",autobuss,21.5765525,56.5900918
3843,Kaķenieki,9,"5187, 5254, 6800, 7012, 7401, 7937, 7957, 7958",autobuss,23.0395883,56.6648978
3844,Kaķenieki,9,"5187, 5254, 6800, 7012, 7401, 7937, 7957, 7958",autobuss,23.0389471,56.6650076
3849,Lankas,1,7937,autobuss,21.4735891,56.5911840
3851,Ozoli,1,7251,autobuss,21.4875203,56.5903000
3852,Ozoli,1,7251,autobuss,21.4863551,56.5907932
3853,Lišķi,3,"6801, 6916, 7251",autobuss,21.4393802,56.5884112
3854,Lišķi,4,"5968, 6801, 6916, 7251",autobuss,21.4371769,56.5883373
3855,Durbe,2,"7251, 7937",autobuss,21.3756132,56.5915270
3856,Durbe,2,"7251, 7937",autobuss,21.3737142,56.5917482
3857,Lieģi,5,"6801, 6870, 6910, 6916, 7937",autobuss,21.3366417,56.5826373
3858,Lieģi,6,"5968, 6801, 6870, 6910, 6916, 7937",autobuss,21.3346985,56.5827963
3859,Kalēji,3,"6801, 6910, 6916",autobuss,21.3056034,56.5775387
3860,Kalēji,4,"5968, 6801, 6910, 6916",autobuss,21.3035792,56.5772970
3863,Šukteri,12,"5337, 5344, 6801, 6813, 6870, 6910, 6916, 7013, 7251, 7512, 7937",autobuss,21.2606741,56.5574032
3864,Šukteri,15,"5337, 5343, 5344, 5968, 6801, 6813, 6870, 6910, 6916, 7013, 7251, 7512 …",autobuss,21.2610053,56.5582156
3865,Rolava,4,"6801, 6870, 6910, 6916",autobuss,21.2422217,56.5543867
3866,Rolava,5,"5968, 6801, 6870, 6910, 6916",autobuss,21.2418798,56.5545923
3869,Grobiņa,22,"5114, 5337, 5340, 5344, 5350, 5365, 6700, 6801, 6813, 6817, 6870, 6904 …",autobuss,21.1699624,56.5398708
3870,Grobiņa,24,"5114, 5337, 5340, 5343, 5344, 5350, 5365, 6700, 6801, 6813, 6817, 6870 …",autobuss,21.1682227,56.5404129
3871,Konservi,2,"6904, 6912",autobuss,21.1474600,56.5373140
3872,Konservi,2,"6904, 6912",autobuss,21.1434100,56.5366800
3873,Brēdiķi,2,"6904, 6912",autobuss,21.1318520,56.5347070
3874,Brēdiķi,2,"6904, 6912",autobuss,21.1303690,56.5346600
3875,Inkubators,2,"6904, 6912",autobuss,21.1115440,56.5327770
3876,Inkubators,2,"6904, 6912",autobuss,21.1107930,56.5330320
3877,Dienvidu robeža,5,"5112, 6785, 6820, 6901, 6909",autobuss,21.0086120,56.4767790
3878,Grīnvalti,5,"5112, 6785, 6820, 6901, 6909",autobuss,21.0129680,56.4595535
3879,Kontrolpunkts,6,"5112, 6785, 6818, 6820, 6901, 6909",autobuss,21.0108939,56.4535154
3880,Žvaģiņi,5,"5112, 6785, 6820, 6901, 6909",autobuss,21.0063189,56.4386064
3881,Pērkone,6,"5112, 6785, 6818, 6820, 6901, 6909",autobuss,21.0074050,56.4264227
3882,Reiņi,5,"5112, 6785, 6820, 6901, 6909",autobuss,21.0047291,56.4172989
3883,Balceri,5,"5112, 6785, 6820, 6901, 6909",autobuss,21.0039493,56.4061877
3884,Skatre,6,"5112, 6785, 6818, 6820, 6901, 6909",autobuss,21.0028996,56.3914996
3885,Bernāti,2,"6818, 6820",autobuss,20.9980769,56.3739180
3886,Rolavi,5,"5112, 6785, 6820, 6901, 6909",autobuss,21.0028043,56.3654066
3887,Jūrmalciema pagrieziens,5,"5112, 6785, 6818, 6820, 6909",autobuss,21.0118243,56.3592352
3888,Tosele,5,"5112, 6785, 6818, 6820, 6909",autobuss,21.0376980,56.3516999
3889,Nīca,4,"6785, 6818, 6820, 6909",autobuss,21.0889045,56.3261080
3890,Silaine,3,"6785, 6820, 6909",autobuss,21.0767797,56.3325923
3891,Kalnišķi,2,"6818, 6820",autobuss,21.1094013,56.2321430
3892,Peši,2,"6818, 6820",autobuss,21.1338365,56.2116386
3893,Pagrabi,1,6818,autobuss,21.1508226,56.1337827
3894,Balčēni,1,6818,autobuss,21.1454453,56.1222875
3895,Ģeistauti,1,6818,autobuss,21.1376168,56.1070136
3898,Ceļmalas,1,7958,autobuss,21.8953589,56.4834272
3899,Ceļmalas,1,7958,autobuss,21.8952020,56.4835126
3902,Kaņepji,3,"5350, 6700, 6817",autobuss,21.5096271,56.4752893
3903,Kaņepji,5,"5340, 5350, 5365, 6700, 6817",autobuss,21.5083060,56.4756357
3904,Stūri,3,"5350, 6700, 6817",autobuss,21.4463278,56.4782668
3905,Stūri,6,"5340, 5350, 5365, 6700, 6817, 7958",autobuss,21.4460923,56.4783708
3906,Vētras,3,"5350, 6700, 6817",autobuss,21.4220406,56.4803739
3907,Vētras,5,"5340, 5350, 5365, 6700, 6817",autobuss,21.4200889,56.4809761
3908,Virga,4,"5350, 5365, 6700, 6817",autobuss,21.4083298,56.4841640
3909,Virga,5,"5340, 5350, 5365, 6700, 6817",autobuss,21.4081606,56.4843645
3910,Māķi,5,"5340, 5350, 5365, 6700, 6817",autobuss,21.3661326,56.4967282
3911,Māķi,5,"5340, 5350, 5365, 6700, 6817",autobuss,21.3652523,56.4969692
3916,Gavieze,5,"5340, 5350, 5365, 6700, 6817",autobuss,21.2862068,56.5075097
3917,Gavieze,6,"5340, 5350, 5365, 6700, 6817, 7958",autobuss,21.2857119,56.5077774
3921,Iļģu pagrieziens,1,6912,autobuss,21.2123120,56.5324980
3923,Iļģu pagrieziens,1,6912,autobuss,21.2117320,56.5325370
3928,Strante,3,"7016, 7699",autobuss,21.2427196,56.9137657
3929,Strante,3,"7016, 7699",autobuss,21.2415901,56.9134917
393,Baznīca,4,"5411, 6847, 6848, 7467",autobuss,24.3922178,56.7422823
3932,Borovka,4,"7543, 7554, 7555, 7560",autobuss,26.9871072,55.9165524
3933,Borovka,3,"7543, 7554, 7555",autobuss,26.9872121,55.9163756
3934,Mostene,1,5608,autobuss,26.0115256,57.2011943
3935,Ulmale,3,"7016, 7699",autobuss,21.2769769,56.9367744
3936,Ulmale,3,"7016, 7699",autobuss,21.2762085,56.9362783
394,Baznīca,4,"6779, 6847, 6848, 7490",autobuss,24.3938648,56.7423410
3942,Darbnīcas,1,6768,autobuss,21.2255870,56.8684528
3943,Darbnīcas,1,6768,autobuss,21.2252329,56.8668743
3944,Biksti,9,"5187, 5254, 6800, 7012, 7401, 7937, 7957, 7958",autobuss,22.9703687,56.6637095
3945,Biksti,9,"5187, 5254, 6800, 7012, 7401, 7937, 7957, 7958",autobuss,22.9691711,56.6636425
3947,Upenieki,3,"5254, 7012",autobuss,22.8988914,56.6612779
3948,Upenieki,3,"5254, 7012",autobuss,22.8994803,56.6615449
3949,Sillāči,2,"7363, 7376",autobuss,23.4761506,56.6218360
3950,Sillāči,3,"7353, 7363, 7376",autobuss,23.4773602,56.6219389
3952,Nākotne,4,"7012, 7363, 7376",autobuss,23.4376966,56.6218877
3953,Nākotne,5,"7012, 7353, 7363, 7376",autobuss,23.4364078,56.6220848
3954,Šķibe,4,"7012, 7363, 7376",autobuss,23.4082206,56.6197324
3955,Šķibe,6,"6788, 7012, 7353, 7363, 7376",autobuss,23.4104430,56.6200418
3956,Namiķi,2,"7363, 7376",autobuss,23.3835298,56.6199619
3957,Namiķi,3,"7353, 7363, 7376",autobuss,23.3847233,56.6200977
3958,Miltiņi,3,"7353, 7363, 7376",autobuss,23.3431889,56.6258251
3959,Miltiņkrogs,3,"5310, 5311, 6788",autobuss,23.3497015,56.6254322
3962,Bancāni,4,"7543, 7554, 7555, 7560",autobuss,27.0841729,55.9104051
3965,Pesčanka,5,"6144, 6211, 6213, 6296, 7555",autobuss,27.2320893,55.8945203
3966,Pesčanka,5,"6144, 6211, 6213, 6296, 7555",autobuss,27.2330361,55.8944360
3967,Dagdas pagrieziens,7,"6144, 6211, 6213, 6296, 7554, 7555, 7560",autobuss,27.2920779,55.8976122
3968,Dagdas pagrieziens,6,"6144, 6211, 6213, 6296, 7554, 7555",autobuss,27.2930462,55.8975158
3969,Murovanka,4,"6144, 6211, 6296, 7555",autobuss,27.3334676,55.8935490
3970,Murovanka,4,"6144, 6211, 6296, 7555",autobuss,27.3354617,55.8927186
3973,Kalnieši,3,"6144, 6296, 7555",autobuss,27.3781090,55.8683810
3974,Kalnieši,3,"6144, 6296, 7555",autobuss,27.3787170,55.8679850
3977,Ružas,3,"5310, 5311, 6788",autobuss,23.3198848,56.6303168
3978,Lielbērze,3,"5187, 6787, 6800",autobuss,23.2432729,56.6429732
3979,Lielbērze,3,"5187, 6787, 6800",autobuss,23.2417081,56.6433185
3980,Annenieki,4,"5187, 6800, 7012",autobuss,23.0925617,56.6723720
3981,Annenieki,4,"5187, 6800, 7012",autobuss,23.0934878,56.6721749
3984,Gardene,5,"5187, 6787, 6800, 7012",autobuss,23.2172625,56.6486490
3987,Gardene,5,"5187, 6787, 6800, 7012",autobuss,23.2172068,56.6488017
3990,Annenieki,2,"7401, 7937",autobuss,23.0886850,56.6717430
3991,Balvas,6,"6783, 6791, 6795, 6797, 7353, 7488",autobuss,23.2857764,56.5919128
3992,Balvas,6,"6783, 6791, 6795, 6797, 7353, 7488",autobuss,23.2864055,56.5909129
3995,Auru skola,6,"6783, 6791, 6795, 6797, 7353, 7488",autobuss,23.3006084,56.5674975
3996,Auru skola,6,"6783, 6791, 6795, 6797, 7353, 7488",autobuss,23.3013282,56.5653797
3997,Auru stacija,6,"6783, 6791, 6795, 6797, 7353, 7488",autobuss,23.3106710,56.5488405
3998,Auru stacija,6,"6783, 6791, 6795, 6797, 7353, 7488",autobuss,23.3107346,56.5483951
3999,Ķirpēni,6,"6783, 6791, 6795, 6797, 7353, 7488",autobuss,23.3228972,56.5301228
4,Ogres Kalna pamatskola,10,"5009, 5414, 5995, 6091, 6110, 6126, 6139, 6208, 7228, 7229",autobuss,24.6074461,56.8168269
4000,Ķirpēni,6,"6783, 6791, 6795, 6797, 7353, 7488",autobuss,23.3234371,56.5289204
4001,Kroņauce,4,"6783, 6797, 7353, 7488",autobuss,23.3325189,56.5183430
4002,Kroņauce,4,"6783, 6797, 7353, 7488",autobuss,23.3324619,56.5181490
4003,Agrofirma Tērvete,4,"6783, 6797, 7353, 7488",autobuss,23.3385065,56.5097582
4004,Agrofirma Tērvete,4,"6783, 6797, 7353, 7488",autobuss,23.3389858,56.5089185
4005,Lempji,4,"6783, 6797, 7353, 7488",autobuss,23.3458615,56.4984211
4006,Lempji,4,"6783, 6797, 7353, 7488",autobuss,23.3451534,56.4993738
4007,Tērvetes dabas parks,2,"7353, 7488",autobuss,23.3643553,56.4891016
4008,Tērvetes dabas parks,2,"7353, 7488",autobuss,23.3651700,56.4887740
4009,Sprīdīši,4,"6783, 6797, 7353, 7488",autobuss,23.3809994,56.4803065
4010,Sprīdīši,4,"6783, 6797, 7353, 7488",autobuss,23.3811539,56.4800835
4011,Kauči,2,"7347, 7933",autobuss,23.4679181,56.5889882
4012,Kauči,2,"7347, 7933",autobuss,23.4667891,56.5887414
4017,Ceļnieki,2,"7347, 7933",autobuss,23.3924104,56.5592704
4018,Ceļnieki,2,"7347, 7933",autobuss,23.3905238,56.5583104
4019,Kroņauce,4,"6791, 6795, 7347, 7933",autobuss,23.3299882,56.5186473
4020,Kroņauce,4,"6791, 6795, 7347, 7933",autobuss,23.3282661,56.5185828
4021,Berjozki,3,"6144, 6296, 7555",autobuss,27.4341569,55.8238021
4022,Berjozki,3,"6144, 6296, 7555",autobuss,27.4343843,55.8229355
4023,Berozovka,2,"6144, 6296",autobuss,27.4238636,55.8422715
4024,Berozovka,2,"6144, 6296",autobuss,27.4242105,55.8416954
4028,Piedrujas pagrieziens,1,6296,autobuss,27.4726308,55.8001459
4029,Lupandi,2,"6296, 7555",autobuss,27.5230420,55.8065843
4030,Lupandi,2,"6296, 7555",autobuss,27.5240016,55.8064627
4031,Skujaine,3,"6791, 6795, 7933",autobuss,23.2790147,56.5063724
4032,Skujaine,3,"6791, 6795, 7933",autobuss,23.2771489,56.5060475
4033,Apguldes pagrieziens,2,"6791, 7933",autobuss,23.2689759,56.5037644
4034,Apguldes pagrieziens,2,"6791, 7933",autobuss,23.2667165,56.5030687
4037,Ceroņi,2,"6791, 6795",autobuss,23.2247322,56.4915924
4038,Ceroņi,2,"6791, 6795",autobuss,23.2224854,56.4912533
4039,Penkule,4,"6791, 6795, 7347, 7933",autobuss,23.1887496,56.4847327
4040,Penkule,4,"6791, 6795, 7347, 7933",autobuss,23.1880961,56.4848674
4045,Patarnieki,2,"6296, 7555",autobuss,27.5891796,55.8163840
4046,Patarnieki,2,"6296, 7555",autobuss,27.5924496,55.8168406
4047,Smukas,1,7933,autobuss,23.1018926,56.4828897
4048,Smukas,1,7933,autobuss,23.1002680,56.4830107
4049,Augstkalnes pagrieziens,3,"6791, 6795, 7347",autobuss,23.1274095,56.4839995
4050,Augstkalnes pagrieziens,3,"6791, 6795, 7347",autobuss,23.1264630,56.4839660
4051,Bēne,5,"6783, 6791, 6795, 7347, 7933",autobuss,23.0649960,56.4827169
4052,Bēne,5,"6783, 6791, 6795, 7347, 7933",autobuss,23.0657337,56.4829536
4057,Dzelzgaļi,2,"6795, 7347",autobuss,22.9967299,56.4794603
4058,Dzelzgaļi,2,"6795, 7347",autobuss,22.9959478,56.4795990
4059,Muižnieki,1,6237,autobuss,27.8780618,56.1707020
4060,Muižnieki,1,6237,autobuss,27.8773423,56.1710741
4061,Brici,1,6237,autobuss,27.8468367,56.1739519
4062,Brici,1,6237,autobuss,27.8456468,56.1741617
4063,Skrīveru institūts,8,"5980, 6101, 7006, 7010, 7693, 7981, 7989, 7992",autobuss,25.1280514,56.6267483
4064,Skrīveru institūts,8,"5980, 6101, 7010, 7693, 7981, 7989, 7992, 7997",autobuss,25.1269747,56.6269976
4065,Egļeva,1,6237,autobuss,27.7725374,56.1822772
4066,Egļeva,1,6237,autobuss,27.7714744,56.1827320
4069,Vaišļi,2,"7557, 7564",autobuss,27.6393880,56.2360408
4070,Vaišļi,2,"7557, 7564",autobuss,27.6393648,56.2357206
4071,Bunči,3,"6795, 7347, 7933",autobuss,22.9473440,56.4769769
4072,Bunči,3,"6795, 7347, 7933",autobuss,22.9448897,56.4762535
4073,Irbēnu pagrieziens,1,7933,autobuss,22.9747616,56.4801926
4074,Irbēnu pagrieziens,1,7933,autobuss,22.9725724,56.4804414
4075,Skujas,2,"5384, 5441",autobuss,25.4675510,57.8619411
4076,Skujas,1,5384,autobuss,25.4669910,57.8623497
4079,Mārtiņi,2,"7557, 7564",autobuss,27.6443136,56.2236090
4080,Mārtiņi,2,"7557, 7564",autobuss,27.6445949,56.2232227
4081,Ezernieki,4,"6237, 6563, 7557, 7564",autobuss,27.6554135,56.1859157
4082,Baltā,3,"6237, 7557, 7564",autobuss,27.6264399,56.1416095
4083,Baltā,3,"6237, 7557, 7564",autobuss,27.6266305,56.1419172
4086,Neikuri,3,"6237, 7557, 7564",autobuss,27.5807313,56.1209268
4087,Neikuri,3,"6237, 7557, 7564",autobuss,27.5801733,56.1208169
4090,Zundi,2,"7441, 7557",autobuss,27.3312450,56.1958854
4091,Lītavnīki,2,"7441, 7557",autobuss,27.3530404,56.1882220
4092,Lītavnīki,2,"7441, 7557",autobuss,27.3555689,56.1875814
4093,Zelmeņi,2,"6783, 7353",autobuss,23.3619975,56.4504500
4094,Kakti,1,7353,autobuss,23.3803388,56.4663167
4095,Kakti,1,7353,autobuss,23.3797937,56.4659979
4096,Šalkas,1,7353,autobuss,23.3384523,56.4340236
4097,Šalkas,1,7353,autobuss,23.3377927,56.4338104
4098,Augstkalne,2,"6783, 7353",autobuss,23.3300175,56.4052947
410,Beļauski,1,5043,autobuss,27.1084887,56.8444116
4100,Mariampole,2,"7441, 7557",autobuss,27.3981417,56.1632498
4101,Mariampole,2,"7441, 7557",autobuss,27.3979646,56.1628779
4106,Maisiņi,4,"5367, 7354, 7684",autobuss,23.3936190,56.7236370
4107,Maisiņi,4,"5367, 7354, 7684",autobuss,23.3951407,56.7226626
411,Beļauski,2,"5043, 6450",autobuss,27.1081708,56.8445379
4112,Vēdzeles,3,"7354, 7684",autobuss,23.3792922,56.7783758
4113,Vēdzeles,3,"7354, 7684",autobuss,23.3789360,56.7793460
4114,Brīvības,1,5187,autobuss,22.9851555,56.7003089
4115,Bikstu stacija,1,5187,autobuss,22.9765305,56.6911619
4122,Zebrene,1,6800,autobuss,22.8915704,56.6057904
4127,Putni,1,6804,autobuss,22.8690873,56.4847505
4128,Kazimirova,2,"7441, 7557",autobuss,27.4443544,56.1422812
4129,Kazimirova,2,"7441, 7557",autobuss,27.4451797,56.1415641
4130,Vītiņi,3,"6791, 7254, 7933",autobuss,22.9221158,56.4413065
4131,Vītiņi,3,"6791, 7254, 7933",autobuss,22.9227110,56.4404630
4134,Runči,4,"5186, 6794, 6799, 6808",autobuss,23.2950016,56.6467181
4137,Lejas,1,7377,autobuss,23.3250010,56.6580330
4142,Rasas,3,"5186, 6794, 6799",autobuss,23.3686060,56.6889210
4143,Rasas,4,"5186, 6794, 6799, 7377",autobuss,23.3687815,56.6891480
4144,Parūķi,2,"5185, 5309",autobuss,23.3039356,56.6024965
4145,Vērpji,2,"5185, 5309",autobuss,23.3333836,56.5866517
4146,Vērpji,2,"5185, 5309",autobuss,23.3343157,56.5859909
4147,Krimūnas,2,"5185, 5309",autobuss,23.3766520,56.5686315
4148,Akācijas,2,"5185, 5309",autobuss,23.4153172,56.5527925
4149,Akācijas,2,"5185, 5309",autobuss,23.4162504,56.5525590
4150,Panākumi,1,5185,autobuss,23.4449892,56.5400205
4151,Panākumi,1,5185,autobuss,23.4460712,56.5393936
4152,Sakas stacija,3,"6768, 7699",autobuss,21.2028724,56.8525380
4153,Sakas stacija,3,"6768, 7699",autobuss,21.2023633,56.8519355
4156,Turaidas,3,"6768, 7699",autobuss,21.2265119,56.8145712
4157,Turaidas,3,"6768, 7699",autobuss,21.2261062,56.8138222
4159,Mežaine,1,6768,autobuss,21.2474783,56.7878203
4160,Upsēde,1,6768,autobuss,21.2566205,56.7726596
4161,Upsēde,1,6768,autobuss,21.2561765,56.7722816
4162,Mežvidi,3,"6768, 7699",autobuss,21.2539515,56.7511556
4163,Mežvidi,3,"6768, 7699",autobuss,21.2535571,56.7509860
4168,Vērgale,3,"6768, 7699",autobuss,21.1752664,56.7137966
4169,Vērgale,4,"5124, 6768, 7699",autobuss,21.1739852,56.7131362
4172,Ploce,6,"5016, 5124, 6300, 6768, 7699",autobuss,21.1391365,56.6769685
4173,Ploce,6,"5016, 5124, 6300, 6768, 7699",autobuss,21.1393860,56.6776341
4174,Medze,6,"5016, 5124, 6300, 6768, 7699",autobuss,21.1287177,56.6520781
4175,Medze,6,"5016, 5124, 6300, 6768, 7699",autobuss,21.1282946,56.6511596
4178,Kalnmalas,2,"5124, 6768",autobuss,21.1293798,56.6196272
4179,Kalnmalas,2,"5124, 6768",autobuss,21.1292105,56.6190260
4180,Kapsēde,1,7699,autobuss,21.1356654,56.5902806
4181,Kapsēde,1,7699,autobuss,21.1352010,56.5899179
4184,Gūžas,6,"5016, 5124, 6300, 6768, 7699",autobuss,21.1450603,56.5631609
4185,Gūžas,6,"5016, 5124, 6300, 6768, 7699",autobuss,21.1450209,56.5622646
4186,Grobiņa,6,"5016, 5124, 6300, 6768, 7699",autobuss,21.1551193,56.5408998
4190,Rokasbirze,8,"5114, 5344, 5349, 6801, 6813, 7013, 7512",autobuss,21.5569808,56.7121958
4192,Rokasbirze,8,"5114, 5344, 5349, 6801, 6813, 7013, 7512",autobuss,21.5556224,56.7121593
4193,Dzērve,6,"5114, 5344, 6813, 7013, 7512",autobuss,21.4802227,56.7094014
4194,Dzērve,7,"5114, 5344, 6813, 7013, 7512, K7013",autobuss,21.4795190,56.7094067
4195,Dubeņi,4,"5114, 5344, 6813, 7013",autobuss,21.4452523,56.6995050
4196,Dubeņi,3,"5114, 5344, 7013",autobuss,21.4457764,56.6998003
4197,Niedras,4,"5114, 5344, 6813, 7013",autobuss,21.4074713,56.6880200
4198,Niedras,3,"5114, 5344, 7013",autobuss,21.4066794,56.6879942
4199,Māli,6,"5114, 5344, 6813, 7013, 7512",autobuss,21.3823082,56.6669084
42,Aizklāņi,2,"6413, 7946",autobuss,22.5702412,57.6672248
4200,Māli,7,"5114, 5344, 6813, 7013, 7512, K7013",autobuss,21.3816134,56.6667620
4201,Tīsi,4,"5114, 5344, 6813, 7013",autobuss,21.3450231,56.6594129
4202,Tīsi,3,"5114, 5344, 7013",autobuss,21.3441671,56.6592663
4203,Upeslīči,7,"5114, 5337, 5344, 6813, 7013, 7512",autobuss,21.3219592,56.6515605
4204,Upeslīči,8,"5114, 5337, 5343, 5344, 6813, 7013, 7512",autobuss,21.3213144,56.6515478
4205,Aistere,7,"5114, 5337, 5344, 6813, 7013, 7512",autobuss,21.2986797,56.6398435
4206,Aistere,9,"5114, 5337, 5343, 5344, 6813, 7013, 7512, K7013",autobuss,21.2987352,56.6402870
4207,Birznieki,7,"5114, 5337, 5344, 6813, 7013, 7512",autobuss,21.2872093,56.6099346
4208,Birznieki,8,"5114, 5337, 5343, 5344, 6813, 7013, 7512",autobuss,21.2867337,56.6094612
4209,Smilškalni,5,"5114, 5337, 5344, 6813, 7013",autobuss,21.2714421,56.5882409
4210,Smilškalni,5,"5114, 5337, 5343, 5344, 7013",autobuss,21.2708333,56.5877760
4211,Līči,2,"5114, 7013",autobuss,21.2711691,56.5663929
4212,Līči,2,"5114, 7013",autobuss,21.2714813,56.5669645
4213,Grobiņas lauktehnika,4,"5301, 6815, 6904, 6905",autobuss,21.1581452,56.5330659
4214,Malēji,2,"5301, 6904",autobuss,21.1638000,56.5179500
4215,Dubeņu stacija,4,"5301, 6815, 6904, 6905",autobuss,21.1807894,56.4932745
4216,Dubeņi,2,"6815, 6905",autobuss,21.1985617,56.4755621
4217,Tilti,2,"6815, 6905",autobuss,21.2204777,56.4273277
4218,Ķīburi,2,"6815, 6905",autobuss,21.2443253,56.3941008
4219,Bārta,2,"6815, 6905",autobuss,21.3218817,56.3509124
422,Bērnudārzs,1,6429,autobuss,25.7702796,56.7426166
4220,Ķesteri,1,6815,autobuss,21.3134961,56.3268208
4221,Akmentiņi,2,"6785, 6815",autobuss,21.3354306,56.2862421
4222,Dunika,2,"6785, 6815",autobuss,21.3253209,56.2759865
4223,Šuķene,2,"6785, 6815",autobuss,21.2927864,56.2566274
4224,Sudargi,1,6815,autobuss,21.2545834,56.2148601
4225,Kliņķi,1,6815,autobuss,21.2227181,56.2079693
4226,Skaistkalni,1,6815,autobuss,21.2084069,56.1994595
4227,Ķāķišķe,1,6815,autobuss,21.1874368,56.1895723
4228,Dārznieki,4,"5332, 5340, 5365, 5967",autobuss,21.6109644,56.4188672
4229,Mazgramzda,4,"5332, 5340, 5365, 5967",autobuss,21.6255404,56.4019566
423,Bērnudārzs,2,"6141, 6429",autobuss,25.7707242,56.7428919
4230,Tikaiņi,1,6002,autobuss,27.1892805,56.9452545
4231,Gramzda,4,"5332, 5340, 5365, 5967",autobuss,21.6036043,56.3682645
4232,Pakalnīšķi,2,"5365, 5967",autobuss,21.5496946,56.3119554
424,Bērnudārzs,1,6405,autobuss,23.1267074,57.3290471
4240,Kazdanga,4,"5143, 5964, 6813, 7957",autobuss,21.7339526,56.7294764
4241,Kazdanga,4,"5143, 5964, 6813, 7957",autobuss,21.7349702,56.7294038
4244,Rokaiži,3,"5143, 5964, 6813",autobuss,21.6641468,56.7312245
4245,Rokaiži,3,"5143, 5964, 6813",autobuss,21.6630645,56.7309609
4248,Dārziņi,1,6908,autobuss,21.0380117,56.6095240
4249,Zvaigznes,1,6908,autobuss,21.0426317,56.6216006
4250,Namiķi,1,6908,autobuss,21.0485049,56.6279284
4251,Šķēde,1,6908,autobuss,21.0451344,56.6401675
4252,Vaski,1,6908,autobuss,21.0540863,56.6535208
4253,Kopdarbs,1,6908,autobuss,21.0742365,56.6626571
4254,Ziemupe,2,"5124, 6908",autobuss,21.0780279,56.7485373
4255,Aptieka,2,"5124, 6768",autobuss,21.1786161,56.7118151
4257,Bebe,2,"5016, 6300",autobuss,21.2339596,56.6735965
4258,Dekšņas,2,"5348, 6300",autobuss,21.4729495,56.7720310
4259,Dzērves skola,4,"5016, 5348, 5349, 6300",autobuss,21.4048072,56.7502290
4260,Cīrava,5,"5016, 5337, 5348, 5349, 6300",autobuss,21.3853288,56.7364676
4261,Cīrava,5,"5016, 5337, 5348, 5349, 6300",autobuss,21.3851562,56.7365990
4262,Binderi,2,"5016, 6300",autobuss,21.3059057,56.7112911
4263,Ilmājas stacija,1,5345,autobuss,21.5508744,56.5745491
4264,Krote,3,"5345, 5951, 6870",autobuss,21.5477195,56.5423458
4265,Pērles,3,"5345, 5951, 6870",autobuss,21.5681126,56.5151653
4266,Robežnieki,3,"5345, 5951, 6870",autobuss,21.5725570,56.4971491
4267,Knīveri,7,"5340, 5350, 5365, 5952, 6700, 6817, 6870",autobuss,21.5832598,56.4721001
4268,Knīveri,5,"5350, 5951, 6700, 6817, 6870",autobuss,21.5832078,56.4719764
4269,Viņķi,2,"5348, 6300",autobuss,21.5710946,56.7496164
4270,Ķebļi,2,"5348, 6300",autobuss,21.5240250,56.7737377
4271,Apriķi,2,"5348, 6300",autobuss,21.4993858,56.8086025
4272,Dzērvenieki,3,"5016, 5348, 6300",autobuss,21.4396849,56.7529608
4273,Vērgales centrs,3,"5016, 5124, 6300",autobuss,21.1976689,56.6978345
4274,Vērgales centrs,5,"5016, 5124, 6300, 6768, 7699",autobuss,21.1971635,56.6980799
4275,Mazlāņi,1,6801,autobuss,21.5098568,56.6157566
4276,Vētras,2,"5964, 6813",autobuss,21.7391558,56.7419082
4277,Cildi,2,"5964, 6813",autobuss,21.7101927,56.7661069
4278,Ievade,2,"5345, 6801",autobuss,21.5295148,56.6889005
4279,Stroķi,2,"5345, 6801",autobuss,21.5529323,56.6626055
4280,Ostnieki,1,6801,autobuss,21.5572612,56.6224316
4281,Vecpils,2,"6801, 6916",autobuss,21.4939145,56.6248646
4283,Katrīnas,3,"5968, 6801, 6916",autobuss,21.4755107,56.6042349
4284,Ozoli,2,"6801, 6916",autobuss,21.4725993,56.5918006
4285,Durbes stacija,1,6910,autobuss,21.3984304,56.5643397
4286,Pļaviņas,1,6910,autobuss,21.4297902,56.5723435
4287,Padone,1,6910,autobuss,21.4583141,56.5643792
4288,Vārve,1,6870,autobuss,21.3737439,56.5541926
4289,Ievnieki,1,6870,autobuss,21.3805582,56.5406407
4290,Ziemeļi,2,"5951, 6870",autobuss,21.4680591,56.5087384
4291,Tadaiķi,2,"5951, 6870",autobuss,21.4169093,56.5292636
4292,Bunka,2,"5951, 6870",autobuss,21.4998760,56.4998193
4293,Vītoli,2,"6700, 6817",autobuss,21.8528633,56.4875692
4294,Vītoli,2,"6700, 6817",autobuss,21.8528721,56.4881573
4295,Velda,2,"6700, 6817",autobuss,21.8612564,56.4619631
4296,Daļģi,3,"5340, 5350, 5365",autobuss,21.5191458,56.4492519
4297,Paplakas stacija,3,"5340, 5350, 5365",autobuss,21.4958542,56.4466333
4298,Sarmas,3,"5340, 5350, 5365",autobuss,21.4668084,56.4516510
4299,Paplaka,3,"5340, 5350, 5365",autobuss,21.4430969,56.4532398
43,Aizklāņi,3,"6413, 7946, 7950",autobuss,22.5705806,57.6678935
4300,Skola,3,"5340, 5350, 5365",autobuss,21.4139720,56.4715187
4301,Virga,1,5340,autobuss,21.4059838,56.4845645
4302,Jūrnieki,2,"6902, 6905",autobuss,21.5709708,56.4296611
4303,Purmsāti,2,"6902, 6905",autobuss,21.5255303,56.4040307
4304,Salmiņi,2,"6902, 6905",autobuss,21.4828406,56.3924088
4305,Priednieki,2,"6902, 6905",autobuss,21.4602307,56.3817754
4306,Priekule,15,"5332, 5340, 5345, 5350, 5365, 5951, 5952, 5967, 5972, 6700, 6817, 6870 …",autobuss,21.5951173,56.4435586
4307,Kalnenieki,3,"5350, 6700, 6817",autobuss,21.6362558,56.4373318
4309,Kalnenieki,4,"5350, 5952, 6700, 6817",autobuss,21.6355601,56.4374507
4310,Gulbene,4,"5350, 5952, 6700, 6817",autobuss,21.6964222,56.4235726
4311,Gulbene,3,"5350, 6700, 6817",autobuss,21.6977838,56.4230290
4314,Auguste,3,"5350, 6700, 6817",autobuss,21.7615813,56.4218539
4315,Auguste,4,"5350, 5952, 6700, 6817",autobuss,21.7615076,56.4219030
4316,Lācēni,4,"5350, 5952, 6700, 6817",autobuss,21.8028079,56.4190840
4317,Lācēni,3,"5350, 6700, 6817",autobuss,21.8032570,56.4189315
4320,Vaiņode,5,"5350, 5952, 6700, 6817, 7958",autobuss,21.8555191,56.4175572
4326,Sloboda,4,"5507, 5855, 7441, 7557",autobuss,27.4915770,56.1072820
4327,Sloboda,4,"5855, 7441, 7557, 7560",autobuss,27.4922530,56.1067620
4330,Murāni,3,"5855, 7556, 7560",autobuss,27.4455529,56.1174528
4331,Murāni,3,"5507, 5855, 7556",autobuss,27.4445547,56.1177785
4334,Astašova,3,"5855, 7556, 7560",autobuss,27.3800591,56.1270395
4335,Astašova,3,"5507, 5855, 7556",autobuss,27.3791986,56.1273818
4338,Jaunokra,3,"5855, 7556, 7560",autobuss,27.3090565,56.1333924
4339,Jaunokra,3,"5507, 5855, 7556",autobuss,27.3070402,56.1332731
4345,Priežmale,5,"5506, 5507, 5855, 7556, 7560",autobuss,27.2116852,56.1426446
4350,Ezerkalns,1,6213,autobuss,27.2072747,55.9142773
4351,Ezerkalns,2,"5507, 6213",autobuss,27.2080512,55.9144191
4352,Baltā,1,6213,autobuss,27.2546577,55.9298564
4353,Baltā,2,"5507, 6213",autobuss,27.2554630,55.9298956
4356,Voini,1,6213,autobuss,27.2962592,55.9459820
4357,Voini,2,"5507, 6213",autobuss,27.2972335,55.9461691
4362,Geibi,1,6213,autobuss,27.3704562,55.9613468
4363,Geibi,2,"5507, 6213",autobuss,27.3712580,55.9613498
4366,Putāni,3,"6213, 7554, 7560",autobuss,27.4253772,55.9863607
4367,Putāni,3,"5507, 6213, 7554",autobuss,27.4257007,55.9865153
4368,Ļudviki,3,"5507, 6213, 7554",autobuss,27.4520283,56.0210764
4369,Ļudviki,3,"6213, 7554, 7560",autobuss,27.4522722,56.0218038
4371,Bronki,3,"5507, 6213, 7554",autobuss,27.4822900,56.0531660
4372,Bronki,3,"6213, 7554, 7560",autobuss,27.4815810,56.0526990
4375,Pagrieziens uz Dzērumiem,2,"6848, 7480",autobuss,24.2472411,56.7107751
4376,Pagrieziens uz Dzērumiem,2,"6848, 7480",autobuss,24.2461315,56.7084242
4383,Strazdes skola,2,"5121, 5122",autobuss,22.7244566,57.1302700
4384,Kombuļi,4,"5856, 6239, 6240, 7047",autobuss,27.1781964,55.9760811
4386,Kombuļi,4,"5507, 6239, 6240, 7047",autobuss,27.1780535,55.9767413
4389,Trupi,3,"5507, 6239, 6240",autobuss,27.1404547,56.0164293
4390,Trupi,3,"5856, 6239, 6240",autobuss,27.1406943,56.0160250
4391,Raginski,3,"5507, 6239, 6240",autobuss,27.1477891,56.0311667
4392,Raginski,3,"5856, 6239, 6240",autobuss,27.1481527,56.0315328
4395,Grāveri,9,"5508, 5714, 5715, 5856, 6215, 6226, 6239, 6240, 7047",autobuss,27.1366636,56.0610049
4397,Darbnīcas,1,6393,autobuss,24.6252497,56.3740378
4398,Darbnīcas,1,6393,autobuss,24.6262616,56.3748956
4399,Borovka,3,"5507, 5714, 5715",autobuss,27.1039551,56.0912633
4400,Borovka,3,"5714, 5715, 5856",autobuss,27.1038899,56.0915709
4401,Lēdas,4,"5121, 5122, 5316, 7990",autobuss,22.6689257,57.1346863
4402,Kaplava,2,"6161, 6212",autobuss,27.0351181,55.8609900
4403,Kaplava,2,"6161, 6212",autobuss,27.0362882,55.8605430
4404,Simukliški,1,6212,autobuss,27.0704351,55.8527989
4405,Simukliški,1,6212,autobuss,27.0713677,55.8524150
4406,Tīrumi,3,"5121, 5122, 5316",autobuss,22.6196464,57.1395276
4407,Vecbebri,1,5982,autobuss,25.4886878,56.7206009
4408,Zabari,2,"5509, 6231",autobuss,27.5646356,56.0608042
4409,Zabari,2,"5509, 6231",autobuss,27.5645012,56.0602184
4410,Dervanišķi,1,6231,autobuss,27.5929416,56.0356834
4411,Dervanišķi,1,6231,autobuss,27.5932526,56.0353882
4412,Klabovci,1,6231,autobuss,27.6522244,56.0136618
4413,Borisovka,1,6231,autobuss,27.6766360,56.0002167
4414,Melkeri,1,6231,autobuss,27.7058887,55.9955777
4415,Kļukuški,1,6236,autobuss,27.5259559,56.1767211
4416,Ruduški,1,6236,autobuss,27.5062942,56.2220770
4417,Mariampole,1,6239,autobuss,27.3865955,56.1605444
4418,Mariampole,1,6239,autobuss,27.3854414,56.1606396
4420,Jaunokra,1,6239,autobuss,27.3118575,56.1349014
4421,Vecokra,1,6226,autobuss,27.2834426,56.1242776
4422,Strodi,2,"6226, 6239",autobuss,27.2450996,56.1083685
4423,Strodi,2,"6226, 6239",autobuss,27.2454209,56.1085685
4424,Voveri,2,"6226, 6239",autobuss,27.2180124,56.1015700
4425,Sloboda,2,"6226, 6239",autobuss,27.1831648,56.0814500
4426,Roģeļi,3,"6226, 6239, 6240",autobuss,27.1589634,56.0572062
4427,Jauncekule,2,"5530, 6835",autobuss,24.4218163,56.9214304
4428,Ščedrati,1,6226,autobuss,27.4078145,56.0947725
4430,Stankeviči,1,6226,autobuss,27.3236984,56.1043515
4431,Ignatova,1,6226,autobuss,27.3908514,56.1048566
4432,Skudriķi,2,"6226, 6362",autobuss,27.4828445,56.0679520
4433,Skudriķi,2,"6226, 6362",autobuss,27.4822162,56.0678844
4434,Konstantinova 1,1,6362,autobuss,27.4381344,56.0637433
4435,Konstantinova 1,1,6362,autobuss,27.4375250,56.0637965
4436,Auleja,3,"6218, 6240, 6362",autobuss,27.2791229,56.0575302
4438,Auleja,3,"6218, 6240, 6362",autobuss,27.2785580,56.0576507
4439,Andrupene,3,"6239, 7441, 7557",autobuss,27.3925089,56.1841239
4440,Artjomovka,1,6236,autobuss,27.5295399,56.1331730
4441,Artjomovka,1,6236,autobuss,27.5296570,56.1340359
4442,Zigmani,1,6236,autobuss,27.5309571,56.1521848
4443,Zigmani,1,6236,autobuss,27.5308247,56.1522018
4444,Kondraši,1,6236,autobuss,27.5254346,56.1661433
4446,Vaivodi,1,6237,autobuss,27.6935030,56.1536740
4447,Dabračina,1,6237,autobuss,27.7291263,56.1391490
4448,Svariņi,2,"6233, 6237",autobuss,27.7488688,56.1261877
4450,Beresni,1,6237,autobuss,27.8068058,56.1123331
4451,Rusecki,2,"6233, 6237",autobuss,27.8353114,56.1043615
4452,Zezjuļka,1,6237,autobuss,27.8761759,56.0988408
4453,Zezjuļka,1,6237,autobuss,27.8775550,56.0981021
4454,Punduri,1,6237,autobuss,27.9012510,56.1046887
4455,Punduri,1,6237,autobuss,27.9014662,56.1046548
4456,Andžāni,1,6237,autobuss,27.9451659,56.1121475
4457,Andžāni,1,6237,autobuss,27.9453546,56.1120785
4458,Šķaune,2,"5634, 6237",autobuss,28.0045059,56.1402222
4460,Alženova-2,2,"6225, 6233",autobuss,27.5921314,56.0895816
4462,Alženova-2,2,"6225, 6233",autobuss,27.5929502,56.0896040
4463,Veiziniški,2,"6225, 6233",autobuss,27.6439186,56.0772641
4464,Veiziniški,2,"6225, 6233",autobuss,27.6440503,56.0771506
4465,Spīļukalns,1,6233,autobuss,27.6941917,56.0745153
4466,Spīļukalns,1,6225,autobuss,27.6967698,56.0739465
4467,Zezuļova,1,6233,autobuss,27.8013098,56.0655856
4468,Zezuļova,1,6225,autobuss,27.8017101,56.0655180
4469,Kromaniški,1,6233,autobuss,27.6938672,56.0849912
4470,Kromaniški,1,6225,autobuss,27.6938140,56.0851171
4471,Rutki,1,6233,autobuss,27.7313428,56.0939430
4472,Rutki,1,6225,autobuss,27.7312649,56.0939244
4473,Pušča,1,6225,autobuss,27.8485094,56.0693964
4474,Apaļi,1,6231,autobuss,27.7520621,55.9947481
4475,Robežnieki,2,"5509, 6211",autobuss,27.6037274,55.9757135
4476,Pleiki,1,6211,autobuss,27.5019675,55.9453232
4477,Zarečje,1,6211,autobuss,27.4832342,55.9427050
4478,Zarečje,1,6211,autobuss,27.4831715,55.9425800
4479,Manuha,1,6211,autobuss,27.4697691,55.9332246
4480,Manuha,1,6211,autobuss,27.4676040,55.9323548
4481,Pakulišķi,1,6211,autobuss,27.4233142,55.9247859
4482,Pakulišķi,1,6211,autobuss,27.4221240,55.9247000
4483,Evarti,1,6211,autobuss,27.3862518,55.9094589
4484,Evarti,1,6211,autobuss,27.3854244,55.9093165
4487,Suhorukovka,1,6211,autobuss,27.6401154,56.0012472
4488,Suhorukovka,1,6211,autobuss,27.6400022,56.0017007
4489,Piedruja,2,"6296, 7555",autobuss,27.4491906,55.7972903
4491,Vitrupe,3,"5078, 6664, 6667",autobuss,24.5151990,57.5943018
4492,Vitrupe,2,"5078, 6664",autobuss,24.5151985,57.5932186
4493,Priedaine,2,"6212, 6297",autobuss,27.1516591,55.8923548
4494,Priedaine,2,"6212, 6297",autobuss,27.1522552,55.8927133
4495,Dvorišče,1,6297,autobuss,27.1626829,55.8560416
4496,Teņki,1,6297,autobuss,27.1772058,55.8396672
4497,Bruņenieki,1,6297,autobuss,27.2389185,55.8358332
4498,Varnaviči,1,6297,autobuss,27.2860796,55.8291839
4499,Ūdrīši,2,"5857, 6215",autobuss,27.1344499,55.9098552
4500,Ūdrīši,2,"5857, 6215",autobuss,27.1339206,55.9101569
4502,Lemešovka,2,"5857, 6215",autobuss,27.0960011,55.9255030
4503,Ļudvikova,2,"5857, 6215",autobuss,27.0776550,55.9357270
4505,Truli,2,"5857, 6215",autobuss,26.9960005,55.9819834
4506,Suveizdi,3,"5508, 5857, 6215",autobuss,27.0084301,55.9980178
4507,Borovije,1,5857,autobuss,27.0013929,56.0427850
4508,Borovije,1,5857,autobuss,27.0016238,56.0429373
4509,Aleksandrova,1,6226,autobuss,27.4273265,56.0820662
451,Beta,6,"5250, 6119, 6125, 6135, 6138, 6142",autobuss,25.2633091,56.6056921
4510,Aleksandrova,1,6226,autobuss,27.4277685,56.0820878
4511,Marhileviči,1,5857,autobuss,27.0127623,56.0664112
4512,Marhileviči,1,5857,autobuss,27.0129993,56.0665821
4513,Izvalta,3,"5508, 5857, 6215",autobuss,27.0239519,55.9567793
4519,Kombuļi,1,6218,autobuss,27.1904163,55.9825965
452,Beta,7,"5250, 6096, 6119, 6125, 6135, 6138, 6142",autobuss,25.2640007,56.6051054
4520,Kombuļi,1,6218,autobuss,27.1910196,55.9827519
4521,Sauleskalns,1,6218,autobuss,27.2256197,55.9966478
4522,Sauleskalns,1,6218,autobuss,27.2258462,55.9971335
4523,Matiļi,1,6218,autobuss,27.2242044,56.0119448
4524,Dzalbi,1,6218,autobuss,27.2372975,56.0256400
4525,Dzalbi,1,6218,autobuss,27.2378323,56.0260349
4526,Lesnije Doski,1,6218,autobuss,27.2410159,56.0371133
4527,Ezergals,1,6218,autobuss,27.2443653,56.0510727
4528,Skaista,2,"6213, 7554",autobuss,27.3769989,55.9553000
4529,Skaista,3,"6213, 7554, 7560",autobuss,27.3771926,55.9557086
4534,Slostovka,1,5503,autobuss,26.9709502,56.0198780
4535,Slostovka,1,5503,autobuss,26.9710475,56.0197810
4536,Šķeltova,3,"5503, 5508, 6215",autobuss,27.0076470,56.0234351
4537,Šķeltova,3,"5503, 5508, 6215",autobuss,27.0068123,56.0235821
4539,Nikucki,1,5508,autobuss,27.0661112,56.0366421
4541,Kovaļova,1,5508,autobuss,27.1020012,56.0459351
4542,Litene,2,"7912, 7979",autobuss,27.0144988,57.1943938
4543,Litene,2,"7912, 7979",autobuss,27.0167175,57.1947447
4544,Skulte,6,"5455, 5457, 5460, 5468, 7514, 7516",autobuss,24.4374181,57.3301406
4545,Skulte,6,"5455, 5460, 5468, 7514, 7516, 7807",autobuss,24.4400416,57.3317441
4550,Rūpes,3,"5460, 7514, 7516",autobuss,24.4365769,57.3672356
4551,Rūpes,3,"5460, 7514, 7516",autobuss,24.4365267,57.3686247
4554,Kursīši,5,"5455, 5457, 5460, 7514, 7516",autobuss,24.4285517,57.3906698
4555,Kursīši,5,"5455, 5460, 7514, 7516, 7807",autobuss,24.4288653,57.3909621
4556,Dunte,5,"5455, 5457, 5460, 7514, 7516",autobuss,24.4300984,57.4038868
4557,Dunte,5,"5455, 5460, 7514, 7516, 7807",autobuss,24.4309205,57.4047230
4560,Vīganti,3,"5460, 7514, 7516",autobuss,24.4288357,57.4240989
4561,Vīganti,5,"5455, 5460, 7514, 7516, 7807",autobuss,24.4293320,57.4254846
4566,Jelgavkrasti,5,"5455, 5457, 5460, 7514, 7516",autobuss,24.4347184,57.4653714
4567,Jelgavkrasti,5,"5455, 5460, 7514, 7516, 7807",autobuss,24.4352914,57.4672951
4574,Oltūži,4,"5460, 6656, 7514, 7778",autobuss,24.4342831,57.5687461
4575,Oltūži,4,"5460, 6656, 7514, 7778",autobuss,24.4344572,57.5707873
4576,Dzeņi,4,"5460, 6656, 7514, 7778",autobuss,24.3962327,57.6126554
4577,Dzeņi,4,"5460, 6656, 7514, 7778",autobuss,24.3933868,57.6158455
4578,Vitrupe,4,"5460, 6656, 7514, 7778",autobuss,24.3767041,57.6383647
4579,Vitrupe,4,"5460, 6656, 7514, 7778",autobuss,24.3765597,57.6394383
4580,Lāņi,6,"5078, 5178, 5460, 6656, 7514, 7778",autobuss,24.3836651,57.6743840
4581,Lāņi,7,"5078, 5178, 5460, 6656, 7514, 7778, 7806",autobuss,24.3839577,57.6747662
4584,Svētciems,7,"5078, 5178, 5460, 6656, 6684, 7514, 7778",autobuss,24.3712795,57.7029815
4585,Svētciems,8,"5078, 5178, 5460, 6656, 6684, 7514, 7778, 7806",autobuss,24.3713889,57.7032966
4588,Salacgrīva,12,"E7, 5066, 5078, 5178, 5460, 6656, 6667, 6684, 7514, 7778, 7803, 7806",autobuss,24.3623938,57.7569555
4589,Tikaiņi,1,6002,autobuss,27.1896885,56.9453711
4590,Vidusskola,4,"E7, 6684, 7778, 7803",autobuss,24.3559148,57.7665569
4591,Vidusskola,4,"E7, 6684, 7778, 7803",autobuss,24.3561232,57.7671465
4592,Dārzniecība,1,E7,autobuss,24.3545522,57.7848206
4593,Dārzniecība,1,E7,autobuss,24.3548738,57.7854113
4594,Kuiviži,8,"E7, 5078, 5178, 5460, 6667, 7514, 7778, 7803",autobuss,24.3514787,57.7929659
4595,Kuiviži,6,"E7, 5066, 5460, 7514, 7778, 7803",autobuss,24.3512900,57.7939157
4596,Šķūņmeži,2,"E7, 7778",autobuss,24.3463710,57.8212368
4597,Šķūņmeži,3,"E7, 5066, 7778",autobuss,24.3464100,57.8219660
4598,Pļavas,1,E7,autobuss,24.3493843,57.8430261
4599,Pļavas,1,E7,autobuss,24.3499726,57.8435719
46,Aizkraukles kultūras nams,2,"5250, 6125",autobuss,25.2247657,56.6155191
4604,Augstroze,2,"7145, 7807",autobuss,24.9958064,57.5117655
4605,Augstroze,2,"7145, 7806",autobuss,24.9952278,57.5117526
4608,Oliņi,2,"7145, 7807",autobuss,24.9451060,57.5188329
4609,Oliņi,2,"7145, 7806",autobuss,24.9449251,57.5190692
4612,Iesalkāja,2,"7145, 7807",autobuss,24.8975241,57.5295005
4613,Iesalkāja,2,"7145, 7806",autobuss,24.8970696,57.5296974
4616,Umurga,2,"7145, 7807",autobuss,24.8158144,57.5141546
4617,Umurga,6,"6662, 7145, 7776, 7778, 7806",autobuss,24.8120190,57.5137824
4620,Teteri,5,"5455, 6656, 7516, 7778, 7807",autobuss,24.6449478,57.5184359
4621,Teteri,4,"5455, 6656, 7516, 7778",autobuss,24.6428557,57.5190177
4622,Kalnāres,8,"5078, 5455, 6656, 6664, 6667, 7516, 7778, 7807",autobuss,24.5894711,57.5250182
4623,Kalnāres,8,"5078, 5455, 6656, 6664, 6667, 7516, 7778, 7806",autobuss,24.5878883,57.5252831
4625,Mežmaļi,7,"5078, 5455, 6656, 6664, 7516, 7778, 7807",autobuss,24.5228876,57.5146486
4626,Mežmaļi,7,"5078, 5455, 6656, 6664, 7516, 7778, 7806",autobuss,24.5216862,57.5143287
4631,Kaijas,4,"5455, 7516, 7778, 7807",autobuss,24.4477628,57.5003993
4632,Kaijas,2,"7516, 7778",autobuss,24.4470069,57.5003784
4633,Tallinas šoseja,5,"5455, 6656, 7516, 7778, 7807",autobuss,24.4335063,57.4964563
4634,Tallinas šoseja,2,"5455, 7516",autobuss,24.4329975,57.4964167
4635,Tūja,5,"5455, 5460, 7514, 7516, 7807",autobuss,24.3905778,57.4888790
4636,Ērmi,4,"5178, 5602, 6664, 6684",autobuss,24.6700219,57.5549492
4637,Ērmi,4,"5178, 5602, 6664, 6684",autobuss,24.6701057,57.5551706
4638,Radziņi,4,"5178, 5602, 6664, 6684",autobuss,24.6596178,57.5843597
4639,Radziņi,4,"5178, 5602, 6664, 6684",autobuss,24.6603195,57.5853348
464,Ilūkstes Raiņa vidusskola,1,7897,autobuss,26.2893114,55.9827103
4640,Šķirstiņi,1,6684,autobuss,24.6575040,57.6113931
4641,Šķirstiņi,1,6684,autobuss,24.6580893,57.6117955
4643,Dzelves,1,6684,autobuss,24.6544412,57.6405093
4644,Dzelves,1,6684,autobuss,24.6551580,57.6411891
4645,Drieliņi,1,6684,autobuss,24.6709272,57.6699275
4646,Drieliņi,1,6684,autobuss,24.6708447,57.6706632
4648,Ķekari,1,6684,autobuss,24.6124414,57.7191723
4649,Ķekari,1,6684,autobuss,24.6123087,57.7195987
465,Ilūkstes Raiņa vidusskola,1,7897,autobuss,26.2893931,55.9829843
4650,Ezerkrogs,1,6684,autobuss,24.5913000,57.7479131
4651,Ezerkrogs,1,6684,autobuss,24.5912531,57.7483748
4652,Steliņi,1,6684,autobuss,24.4559369,57.7612588
4653,Steliņi,1,6684,autobuss,24.4553836,57.7610930
4654,Upeslīči,1,6684,autobuss,24.4174286,57.7517998
4655,Upeslīči,1,6684,autobuss,24.4166229,57.7513181
4656,Silkalni,8,"5602, 6643, 6644, 6659, 6668, 6669, 7661, 7785",autobuss,24.7441446,57.5368565
4657,Silkalni,8,"5602, 6643, 6644, 6659, 6668, 6669, 7661, 7785",autobuss,24.7449709,57.5374582
4658,Priedes,2,"6668, 7785",autobuss,24.7584590,57.5507519
4659,Priedes,2,"6668, 7785",autobuss,24.7591423,57.5512428
4660,Tiegaži,8,"5602, 6643, 6644, 6659, 6668, 6669, 7661, 7785",autobuss,24.7710178,57.5743891
4661,Tiegaži,8,"5602, 6643, 6644, 6659, 6668, 6669, 7661, 7785",autobuss,24.7714355,57.5747733
4662,Namnieki,1,7785,autobuss,24.7817761,57.5880107
4663,Namnieki,1,7785,autobuss,24.7826503,57.5884179
4664,Spurģi,8,"5602, 6643, 6644, 6659, 6668, 6669, 7661, 7785",autobuss,24.8039411,57.6015969
4665,Spurģi,7,"5602, 6643, 6644, 6668, 6669, 7661, 7785",autobuss,24.8051751,57.6021433
4666,Pociema skola,4,"6668, 6669, 7661, 7785",autobuss,24.8324782,57.6181490
4667,Pociema skola,4,"6668, 6669, 7661, 7785",autobuss,24.8333538,57.6183809
4668,Šķobes,1,7785,autobuss,24.8717469,57.6334268
4669,Šķobes,1,7785,autobuss,24.8726437,57.6337567
4670,Puikules stacija,4,"6668, 6669, 7661, 7785",autobuss,24.8938254,57.6556224
4671,Puikules stacija,4,"6668, 6669, 7661, 7785",autobuss,24.8941462,57.6561960
4672,Dzintari,2,"7661, 7785",autobuss,24.8893100,57.6658035
4673,Dzintari,2,"6669, 7785",autobuss,24.8892813,57.6664528
4674,Puikule,4,"6668, 6669, 7661, 7785",autobuss,24.8793411,57.6850063
4675,Puikule,4,"6668, 6669, 7661, 7785",autobuss,24.8792621,57.6856898
4678,Auseklis,1,7785,autobuss,24.8808835,57.7156878
4679,Auseklis,1,7785,autobuss,24.8811922,57.7165296
4680,Lindes,4,"6668, 6669, 7661, 7785",autobuss,24.8805916,57.7290561
4681,Lindes,4,"6668, 6669, 7661, 7785",autobuss,24.8808082,57.7297106
4682,Nikšas,1,7785,autobuss,24.8788635,57.7469801
4683,Nikšas,1,7785,autobuss,24.8793273,57.7482779
4684,Umurga,4,"6662, 7776, 7778",autobuss,24.8146294,57.5123897
4689,Vainižu pasts,3,"7776, 7778",autobuss,24.8681860,57.4829486
469,Olaines 2. vidusskola,1,5034,autobuss,23.9320123,56.7824880
4690,Vainižu pasts,3,"7776, 7778",autobuss,24.8688015,57.4824758
4693,Vainiži,3,"7776, 7778",autobuss,24.9160469,57.4543780
4694,Vainiži,3,"7776, 7778",autobuss,24.9151233,57.4556718
4695,Pagrieziens uz Lēdurgu,4,"7177, 7660, 7661, 7663",autobuss,24.6919434,57.2274509
4696,Pagrieziens uz Lēdurgu,3,"7177, 7660, 7663",autobuss,24.6906258,57.2284542
4699,Bīriņi,4,"7177, 7660, 7661, 7663",autobuss,24.6698034,57.2485856
47,Aizkraukles kultūras nams,2,"5250, 6125",autobuss,25.2254486,56.6155212
4700,Bīriņi,4,"7177, 7660, 7661, 7663",autobuss,24.6699954,57.2482445
4703,Skultes,3,"7660, 7661, 7663",autobuss,24.6568662,57.2910408
4704,Skultes,3,"7660, 7661, 7663",autobuss,24.6565762,57.2918888
4707,Gravas,3,"7660, 7661, 7663",autobuss,24.6414813,57.3290642
4708,Gravas,2,"7660, 7663",autobuss,24.6417332,57.3290812
471,Stacijas iela,1,5034,autobuss,23.9357896,56.7814383
4711,Vidriži,4,"5450, 7660, 7661, 7663",autobuss,24.6601581,57.3467695
4712,Vidriži,5,"5450, 5458, 7660, 7661, 7663",autobuss,24.6621369,57.3475985
4713,Igate,3,"7660, 7661, 7663",autobuss,24.6846839,57.3820649
4716,Dārtija,3,"6382, 6403, 7480",autobuss,24.1826761,56.5827710
4717,Dārtija,3,"6382, 6403, 7480",autobuss,24.1817895,56.5820867
4718,Lāde,1,6662,autobuss,24.7241690,57.4463670
4719,Lāde,1,6662,autobuss,24.7245600,57.4472400
472,Koledža,1,5034,autobuss,23.9430930,56.7876055
4720,Paldaži,6,"5453, 6662, 7175, 7660, 7661, 7663",autobuss,24.7193223,57.4604087
4721,Paldaži,7,"5453, 5458, 6662, 7175, 7660, 7661, 7663",autobuss,24.7191809,57.4612049
4722,Jostiņas,4,"5066, 7661, 7774, 7803",autobuss,24.4290553,57.8532210
4723,Jostiņas,4,"5066, 7661, 7774, 7803",autobuss,24.4300729,57.8529066
4728,Mērnieki,4,"5066, 7661, 7774, 7803",autobuss,24.5077383,57.8591331
4729,Mērnieki,4,"5066, 7661, 7774, 7803",autobuss,24.5080545,57.8588930
473,Dzelzceļnieku ciems,2,"5034, 7017",autobuss,23.9923270,56.8060940
4730,Mērnieku skola,4,"5066, 7661, 7774, 7803",autobuss,24.5394922,57.8613696
4731,Mērnieku skola,4,"5066, 7661, 7774, 7803",autobuss,24.5403555,57.8615851
4734,Līči,1,7803,autobuss,24.5742092,57.8721699
4735,Līči,1,7803,autobuss,24.5749538,57.8723152
4736,Apses,4,"5066, 7661, 7774, 7803",autobuss,24.6080129,57.8860898
4737,Apses,4,"5066, 7661, 7774, 7803",autobuss,24.6086376,57.8861990
474,Dzelzceļnieku ciems,2,"5034, 7017",autobuss,23.9933470,56.8069432
4740,Rozēni,4,"5066, 7661, 7774, 7803",autobuss,24.6578378,57.8834491
4741,Rozēni,4,"5066, 7661, 7774, 7803",autobuss,24.6582758,57.8828225
4742,Mačkalni,3,"7661, 7774, 7803",autobuss,24.6884508,57.8664539
4743,Mačkalni,3,"7661, 7774, 7803",autobuss,24.6886900,57.8660463
4746,Staicele,6,"5066, 6669, 7661, 7774, 7803, 7812",autobuss,24.7438440,57.8367380
4747,Staicele,6,"5066, 6669, 7661, 7774, 7803, 7812",autobuss,24.7444000,57.8355100
4750,Karogi,5,"6669, 7661, 7774, 7803, 7812",autobuss,24.7825249,57.8184744
4751,Karogi,5,"6669, 7661, 7774, 7803, 7812",autobuss,24.7833583,57.8179242
4754,Ungurpils,5,"6669, 7661, 7774, 7803, 7812",autobuss,24.8147328,57.7766607
4755,Ungurpils,5,"6669, 7661, 7774, 7803, 7812",autobuss,24.8167904,57.7759637
4758,Sunīši,1,7774,autobuss,24.9062165,57.7530095
4759,Sunīši,1,7774,autobuss,24.9087191,57.7522351
476,Rīgas iela,1,5034,autobuss,23.9464890,56.7918278
4764,Urga,4,"7774, 7785, 7803, 7812",autobuss,24.9619624,57.7331227
4765,Urga,4,"7774, 7785, 7803, 7812",autobuss,24.9618195,57.7330210
4768,Vilzēni,3,"7774, 7803, 7812",autobuss,25.0139622,57.7186229
4769,Vilzēni,3,"7774, 7803, 7812",autobuss,25.0155196,57.7182587
477,Rīgas iela,1,5034,autobuss,23.9467877,56.7920887
4770,Skola,2,"5452, 5456",autobuss,24.4616706,57.3498809
4771,Skola,2,"5452, 5456",autobuss,24.4646976,57.3503633
4776,Gaiļi,2,"5452, 5456",autobuss,24.4933446,57.3722758
4777,Gaiļi,2,"5452, 5456",autobuss,24.4937115,57.3722830
478,Olaines 1. vidusskola,1,5034,autobuss,23.9407410,56.7882269
4780,Menkuļi,1,5456,autobuss,24.5096587,57.3992900
4781,Menkuļi,1,5456,autobuss,24.5099897,57.3996509
4784,Stiene,1,5456,autobuss,24.5283332,57.4182250
4786,Stiene,1,5456,autobuss,24.5290864,57.4186016
4787,Stūrīši,2,"5456, 5457",autobuss,24.5808572,57.4527129
4788,Stūrīši,1,5456,autobuss,24.5819102,57.4528514
479,Zeiferta iela,1,5034,autobuss,23.9376819,56.7894275
4795,Langači,2,"5456, 5457",autobuss,24.6685839,57.4899495
4796,Langači,1,5456,autobuss,24.6689128,57.4908082
4797,Vienība,2,"5365, 5972",autobuss,21.5353790,56.3315633
4798,Lāmi,1,6905,autobuss,21.3582672,56.3533346
4799,Mazkalēti,1,6905,autobuss,21.4215589,56.3712327
48,Aizkraukles pagasts,2,"5250, 6125",autobuss,25.2188174,56.6169493
480,Zeiferta iela,1,5034,autobuss,23.9376064,56.7895017
4800,Kalēti,5,"5365, 5967, 5972, 6902, 6905",autobuss,21.4761658,56.3607850
4801,Vētras,2,"6783, 6791",autobuss,23.0582580,56.4018518
4802,Vētras,2,"6783, 6791",autobuss,23.0583315,56.4009887
4803,Vanagi,2,"6783, 6791",autobuss,23.0482511,56.3819109
4804,Vanagi,2,"6783, 6791",autobuss,23.0475694,56.3812183
4808,Kuldīgas AO,29,"5012, 5201, 5211, 5212, 5213, 5336, 5649, 6302, 6304, 6307, 6316, 6327 …",autobuss,21.9597558,56.9664227
4809,Ječi,1,6785,autobuss,21.2090456,56.2792654
481,Jelgavas iela,1,5034,autobuss,23.9347189,56.7880288
4810,Drāznieki,1,6785,autobuss,21.2055648,56.2958652
4811,Sniķere,2,"6783, 6791",autobuss,23.1160343,56.3995492
4814,Rucava,3,"6815, 6818, 6820",autobuss,21.1622799,56.1592331
4817,Bukaiši,2,"6783, 7353",autobuss,23.2549495,56.4012122
4819,Bukaišu skola,1,6783,autobuss,23.2125439,56.4112973
482,Jelgavas iela,1,5034,autobuss,23.9353104,56.7884314
4820,Lauri,1,5112,autobuss,21.0686869,56.3602912
4821,Dunduri,2,"5112, 6907",autobuss,21.0652309,56.3674569
4822,Rudes skola,2,"5112, 6907",autobuss,21.0888502,56.3734416
4823,Otaņķi,2,"5112, 6907",autobuss,21.0987798,56.3832936
4824,Otaņķu mežniecība,2,"5112, 6907",autobuss,21.1103399,56.3978510
4825,Otaņķu pasts,2,"5112, 6907",autobuss,21.1002572,56.4253918
4826,Arāji,1,6907,autobuss,21.0956045,56.4446737
4827,Saulkrasti,1,6907,autobuss,21.1015390,56.4666154
4829,Vītiņi,1,6907,autobuss,21.1044654,56.4958206
483,Veselības iela,1,5034,autobuss,23.9351114,56.7856308
4830,Ālandes stacija,2,"5301, 6907",autobuss,21.1170844,56.5246027
4831,Naukšēni,4,"5384, 5401, 5441, 6677",autobuss,25.4493000,57.8834012
4832,Naukšēni,6,"5384, 5401, 5441, 6633, 6677, 7743",autobuss,25.4494947,57.8832871
4833,Grobiņa (Namiķa iela),2,"5301, 6907",autobuss,21.1569490,56.5333558
4834,Tīsmēri,2,"6527, 6804",autobuss,23.2474609,56.6134460
4835,Tīsmēri,2,"6527, 6804",autobuss,23.2461379,56.6132007
4838,Niedrupes,1,6804,autobuss,23.1473132,56.5955191
4839,Niedrupes,1,6804,autobuss,23.1485832,56.5958003
484,Veselības iela,1,5034,autobuss,23.9343731,56.7860032
4840,Mežaine,1,6901,autobuss,20.9950623,56.3241322
4841,Jūrmalciems,1,6901,autobuss,20.9978094,56.3001939
4842,Pokaiņi,1,6804,autobuss,23.0745570,56.5810520
4843,Pokaiņi,1,6804,autobuss,23.0735497,56.5807653
4844,Eglītes,5,"5112, 6818, 6820, 6901, 6909",autobuss,20.9929574,56.3844882
4845,Bernāti,5,"5112, 6785, 6820, 6901, 6909",autobuss,20.9879606,56.3789096
4846,Pātari,5,"5112, 6785, 6820, 6901, 6909",autobuss,20.9884026,56.3739841
4847,Alpi,5,"5112, 6785, 6820, 6901, 6909",autobuss,20.9947371,56.3694956
4848,Īles baznīca,1,6804,autobuss,23.0161812,56.5520356
4849,Īles baznīca,1,6804,autobuss,23.0162739,56.5523704
485,Pašvaldība,1,5034,autobuss,23.9362863,56.7842079
4850,Īle,1,6804,autobuss,22.9993493,56.5419796
4851,Īle,1,6804,autobuss,22.9984923,56.5414988
4855,Sikšņi,2,"6785, 6815",autobuss,21.2524633,56.2631433
4857,Pētervalde,1,6527,autobuss,23.1640418,56.5706648
4858,Sējas,1,6527,autobuss,23.1765087,56.5576733
4859,Sējas,1,6527,autobuss,23.1763788,56.5581014
486,Pašvaldība,1,5034,autobuss,23.9367725,56.7842944
4860,NIP,1,5034,autobuss,23.9241730,56.7962790
4862,Apgulde,2,"6527, 6791",autobuss,23.2419320,56.5327913
4868,Pakaiši,1,6527,autobuss,23.2609143,56.5998678
4869,Pakaiši,1,6527,autobuss,23.2604675,56.5994956
4870,Smilgas,1,6527,autobuss,23.2482554,56.5809741
4871,Smilgas,1,6527,autobuss,23.2486067,56.5815652
4872,Bērzbeķe,1,6792,autobuss,23.2359349,56.6660034
4873,Bērzbeķe,1,6792,autobuss,23.2355311,56.6664124
4874,Aizstrautnieki,2,"5297, 6792",autobuss,23.2135413,56.6876327
4877,Oši,1,6792,autobuss,23.2027718,56.6937295
4878,Bērze,5,"5186, 5367, 6794, 7354, 7377",autobuss,23.4390249,56.6857421
4882,Apsītes,1,7488,autobuss,23.4020534,56.4668964
4883,Apsītes,1,7488,autobuss,23.4019570,56.4668740
4884,Likteņi,2,"7360, 7488",autobuss,23.4180794,56.4515426
4885,Likteņi,2,"7360, 7488",autobuss,23.4199540,56.4510850
4886,Bērziņi,2,"6848, 7480",autobuss,24.2421168,56.6944749
4888,Bērziņi,2,"6848, 7480",autobuss,24.2414005,56.6930921
4889,Dzimtmisa,1,7480,autobuss,24.2385359,56.6830944
4890,Dzimtmisa,1,7480,autobuss,24.2381362,56.6807883
4891,Dimzukalni,1,7480,autobuss,24.2339570,56.6668770
4892,Dimzukalni,1,7480,autobuss,24.2336608,56.6651575
4893,Salmiņi,1,7480,autobuss,24.2304531,56.6539946
4894,Salmiņi,1,7480,autobuss,24.2297641,56.6521945
4895,Saulgoži,1,7480,autobuss,24.2275962,56.6439962
4896,Saulgoži,1,7480,autobuss,24.2270975,56.6435049
4897,Plēpji,1,7480,autobuss,24.2159770,56.6148297
4898,Plēpji,1,7480,autobuss,24.2149641,56.6129635
4899,Zorģi,4,"6382, 6403, 7365, 7480",autobuss,24.1759952,56.5705039
4900,Zorģi,4,"6382, 6403, 7365, 7480",autobuss,24.1755510,56.5694850
4901,Šautleri,4,"6382, 6403, 7365, 7480",autobuss,24.1733190,56.5539890
4902,Šautleri,4,"6382, 6403, 7365, 7480",autobuss,24.1734480,56.5532660
4903,Smedes,3,"6382, 6403, 7480",autobuss,24.1722127,56.5362355
4904,Smedes,3,"6382, 6403, 7480",autobuss,24.1716150,56.5353790
4905,Ceļu meistari,4,"6382, 6403, 7365, 7480",autobuss,24.1714688,56.5254175
4906,Ceļu meistari,4,"6382, 6403, 7365, 7480",autobuss,24.1715268,56.5246486
4907,Dāliņi,4,"6382, 6403, 7365, 7480",autobuss,24.1738464,56.5037063
4908,Dāliņi,4,"6382, 6403, 7365, 7480",autobuss,24.1738721,56.5034082
4909,Spiģi,4,"6382, 6403, 7365, 7480",autobuss,24.1774766,56.4864062
4910,Spiģi,5,"6382, 6384, 6403, 7365, 7480",autobuss,24.1775300,56.4856810
4911,Butkas,3,"6382, 6403, 7480",autobuss,24.1727470,56.4779260
4912,Butkas,4,"6382, 6384, 6403, 7480",autobuss,24.1729700,56.4779690
4913,Code,5,"6382, 6384, 6403, 7365, 7480",autobuss,24.1632840,56.4665470
4914,Code,5,"6382, 6403, 7356, 7365, 7480",autobuss,24.1627969,56.4649716
4915,Bērzi,4,"6382, 6384, 6403, 7480",autobuss,24.1640256,56.4510680
4916,Bērzi,3,"6382, 6403, 7480",autobuss,24.1640032,56.4499416
4917,Mālnieki,5,"6382, 6384, 6403, 7365, 7480",autobuss,24.1718055,56.4397359
4918,Mālnieki,5,"6382, 6403, 7356, 7365, 7480",autobuss,24.1728399,56.4385475
4919,Jaunzemji,3,"6382, 6403, 7480",autobuss,24.1784851,56.4332001
4920,Jaunzemji,4,"6382, 6384, 6403, 7480",autobuss,24.1791852,56.4324946
4921,Kundziņkrogs,5,"6382, 6384, 6403, 7365, 7480",autobuss,24.1823543,56.4168424
4922,Kundziņkrogs,5,"6382, 6403, 7356, 7365, 7480",autobuss,24.1821260,56.4165440
4923,Darbnīcas,1,7480,autobuss,24.2076392,56.6047075
4924,Darbnīcas,1,7480,autobuss,24.2068094,56.6042930
4925,Centrs,4,"6374, 6380, 6501, 6504",autobuss,24.2350010,56.3970227
4927,Centrs,3,"6380, 6501, 6504",autobuss,24.2361139,56.3964051
4928,Ārce,3,"6380, 6501, 6504",autobuss,24.2625878,56.3792875
4929,Ārce,3,"6380, 6501, 6504",autobuss,24.2631556,56.3785873
4930,Burtnieki,3,"6380, 6501, 6504",autobuss,24.2723381,56.3707548
4931,Burtnieki,3,"6380, 6501, 6504",autobuss,24.2729283,56.3700583
4932,Ceraukste,3,"6380, 6501, 6504",autobuss,24.2823747,56.3617082
4933,Ceraukste,3,"6380, 6501, 6504",autobuss,24.2825980,56.3605240
4934,Mārtiņi,3,"6380, 6501, 6504",autobuss,24.2892373,56.3477255
4935,Mārtiņi,3,"6380, 6501, 6504",autobuss,24.2894387,56.3468721
4936,Gaujas,3,"6380, 6501, 6504",autobuss,24.2996692,56.3321505
4937,Gaujas,3,"6380, 6501, 6504",autobuss,24.3003553,56.3314846
4938,Grenctāles pienotava,3,"6380, 6501, 6504",autobuss,24.3175845,56.3214091
4939,Grenctāles pienotava,3,"6380, 6501, 6504",autobuss,24.3176699,56.3212264
4940,Grenctāle,2,"6501, 6504",autobuss,24.3366758,56.3105809
4941,Grenctāle,2,"6501, 6504",autobuss,24.3375449,56.3097425
4942,Jātnieki,2,"6501, 6504",autobuss,24.3545328,56.2901756
4943,Jātnieki,1,6504,autobuss,24.3552848,56.2892689
4944,Piebalgas,6,"6403, 7200, 7249, 7467, 7490, 7493",autobuss,24.4116664,56.6721060
4945,Piebalgas,6,"6392, 7200, 7249, 7467, 7490, 7493",autobuss,24.4133750,56.6706360
4948,Zvirgzde,6,"6392, 7200, 7249, 7467, 7490, 7493",autobuss,24.4478152,56.6434229
4949,Zvirgzde,6,"6403, 7200, 7249, 7467, 7490, 7493",autobuss,24.4478532,56.6431752
4950,Tīkmaņi,3,"6392, 7467, 7490",autobuss,24.4755132,56.6291111
4951,Tīkmaņi,3,"6403, 7467, 7490",autobuss,24.4772110,56.6280282
4952,Dumpji,1,6392,autobuss,24.4984370,56.6182346
4953,Dumpji,1,6403,autobuss,24.4991118,56.6176462
4954,Pārbrauktuve,1,6387,autobuss,24.5287833,56.5894394
4955,Pārbrauktuve,1,6387,autobuss,24.5284936,56.5889053
4956,Treidas,1,6387,autobuss,24.5335607,56.5756812
4957,Treidas,1,6387,autobuss,24.5341606,56.5739874
4958,Lejzemnieki,1,6387,autobuss,24.5408092,56.5575932
4959,Lejzemnieki,1,6387,autobuss,24.5411875,56.5568256
4960,Ziemeļi,1,6387,autobuss,24.5461345,56.5423459
4961,Ziemeļi,1,6387,autobuss,24.5463935,56.5409567
4962,Stelpes pagrieziens,2,"6387, 7490",autobuss,24.5501394,56.5332319
4963,Stelpes pagrieziens,2,"6387, 7490",autobuss,24.5494858,56.5336755
4964,Stelpes pienotava,2,"7467, 7490",autobuss,24.5617251,56.5131750
4965,Stelpes pienotava,2,"7467, 7490",autobuss,24.5625584,56.5118100
4966,Gaisma,1,7490,autobuss,24.5725678,56.4993451
4967,Gaisma,1,7490,autobuss,24.5730008,56.4987353
4968,Juši,1,7490,autobuss,24.5817093,56.4882676
4969,Juši,1,7490,autobuss,24.5819694,56.4876149
4970,Bārbele,3,"6393, 7467, 7490",autobuss,24.5976035,56.4515886
4971,Bārbele,3,"6393, 7467, 7490",autobuss,24.5975035,56.4515886
4972,Ūzas,2,"6393, 7490",autobuss,24.6213605,56.4265067
4973,Ūzas,3,"6393, 6400, 7490",autobuss,24.6206986,56.4272035
4974,Struņķi,2,"6393, 6400",autobuss,24.6323551,56.4127869
4975,Struņķi,1,6393,autobuss,24.6317165,56.4135261
4976,Talcenieki,1,6393,autobuss,24.6477842,56.3895392
4977,Talcenieki,2,"6393, 6400",autobuss,24.6476967,56.3904182
4978,Skaistkalne,5,"6393, 6394, 6400, 7200, 7490",autobuss,24.6448004,56.3796991
4979,Skaistkalne,4,"6393, 6394, 6400, 7490",autobuss,24.6444716,56.3792873
4980,Tilderi,3,"6611, 7164, 7769",autobuss,26.3316650,57.4528496
4981,Vireši,10,"5429, 6611, 7164, 7165, 7653, 7736, 7769, 7905, 7906, 7915",autobuss,26.3741967,57.4559318
4982,Vireši,7,"5429, 7164, 7653, 7769, 7905, 7906, 7915",autobuss,26.3752110,57.4559646
4987,Rudzīši,1,7906,autobuss,26.4644715,57.4734791
4988,Rudzīši,1,7906,autobuss,26.4650862,57.4734195
4989,Sili,1,5429,autobuss,26.4978649,57.4758414
4990,Sili,1,5429,autobuss,26.4980776,57.4757814
4991,Līzespasts,8,"5429, 7165, 7653, 7736, 7769, 7905, 7906, 7915",autobuss,26.5267790,57.4766102
4992,Līzespasts,7,"5429, 7164, 7653, 7769, 7905, 7906, 7915",autobuss,26.5278071,57.4765403
500,Birzgaļi,1,6491,autobuss,24.9732239,57.3158678
5001,Apes pagrieziens,3,"7165, 7647, 7653",autobuss,26.6998680,57.5177863
5002,Apes pagrieziens,1,7647,autobuss,26.7057653,57.5184530
5003,Lūšakrogs,5,"6701, 7165, 7653, 7736, 7906",autobuss,26.7499565,57.5263431
5004,Lūšakrogs,4,"6701, 7164, 7653, 7906",autobuss,26.7506375,57.5260661
5007,Grūbe,1,7653,autobuss,26.7939835,57.5265425
5008,Grūbe,1,7653,autobuss,26.7944754,57.5262149
5015,Apukalns,1,6707,autobuss,26.9026588,57.5559589
5016,Apukalns,1,6707,autobuss,26.9033145,57.5558456
5019,Bārdaskrogs,1,6707,autobuss,26.9524549,57.5681990
5020,Bārdaskrogs,1,6707,autobuss,26.9563528,57.5684166
5021,Alūksnes pagrieziens,1,6707,autobuss,27.0123814,57.5726864
5022,Alūksnes pagrieziens,1,6707,autobuss,27.0114603,57.5722657
5023,Puszābaki,3,"7352, 7488",autobuss,23.8711573,56.4255319
5024,Puszābaki,2,"7352, 7488",autobuss,23.8712986,56.4255155
5025,Zvārtavas pagrieziens,2,"5409, 7908",autobuss,26.3766263,57.5265002
5026,Gaujiena,6,"5409, 7164, 7165, 7653, 7769, 7908",autobuss,26.4001228,57.5167064
5027,Gaujiena,2,"5409, 7908",autobuss,26.3999906,57.5167152
5028,Silmači,2,"7164, 7165",autobuss,26.4007356,57.5032794
5029,Silmači,2,"7164, 7165",autobuss,26.4007084,57.5026149
5030,Veterinārais iecirknis,2,"7352, 7488",autobuss,23.8915329,56.4265858
5031,Veterinārais iecirknis,1,7488,autobuss,23.8915220,56.4265190
5032,Bērstele,4,"5314, 7352, 7488",autobuss,23.9133444,56.4276743
5033,Bērstele,2,"7352, 7488",autobuss,23.9123480,56.4275960
5034,Viesturi,4,"5313, 5315, 7352, 7488",autobuss,23.9289510,56.4289290
5035,Viesturi,4,"5312, 5313, 5315, 7488",autobuss,23.9296109,56.4288655
5036,Jāņu krogs,4,"5312, 5313, 5315, 7488",autobuss,23.9569209,56.4308175
5037,Jāņu krogs,4,"5313, 5315, 7352, 7488",autobuss,23.9573305,56.4308316
5038,Kukšu krogs,6,"5313, 5314, 5315, 7352, 7488",autobuss,23.9740678,56.4314008
5039,Kukšu krogs,6,"5312, 5313, 5315, 7352, 7388, 7488",autobuss,23.9733145,56.4313909
5040,Pilsrundāles pagrieziens,7,"5093, 5313, 5314, 5315, 6383, 7352, 7488",autobuss,24.0431566,56.4216426
5041,Pilsrundāles pagrieziens,9,"5093, 5177, 5312, 5313, 5314, 5315, 6383, 7388, 7488",autobuss,24.0447035,56.4212553
5042,Kalna krogs,9,"5093, 5313, 5314, 5315, 6383, 6386, 7352, 7488",autobuss,24.0651128,56.4172061
5043,Kalna krogs,11,"5093, 5177, 5312, 5313, 5314, 5315, 6383, 6386, 7352, 7388, 7488",autobuss,24.0665052,56.4164195
5044,Priedītes,8,"5093, 5313, 5314, 5315, 6383, 6386, 7352, 7488",autobuss,24.0793749,56.4094634
5045,Priedītes,10,"5093, 5177, 5312, 5313, 5314, 5315, 6383, 6386, 7388, 7488",autobuss,24.0798792,56.4091105
5046,Ziedoņu pagrieziens,9,"5093, 5313, 5314, 5315, 6383, 6386, 7352, 7488",autobuss,24.1046170,56.4024920
5047,Ziedoņu pagrieziens,11,"5093, 5177, 5312, 5313, 5314, 5315, 6383, 6386, 7352, 7388, 7488",autobuss,24.1052023,56.4022771
5048,Saulaine,8,"5093, 5314, 5315, 6383, 6386, 7352, 7488",autobuss,24.1253732,56.3987280
5049,Saulaine,11,"5093, 5177, 5312, 5313, 5314, 5315, 6383, 6386, 7352, 7388, 7488",autobuss,24.1256460,56.3985559
5050,Mazgrāvji,1,7164,autobuss,26.3965527,57.4893492
5051,Mazgrāvji,1,7165,autobuss,26.3961831,57.4888125
5052,Mālupes,1,7164,autobuss,26.3949362,57.4760513
5053,Mālupes,1,7165,autobuss,26.3948365,57.4749555
5054,Silmači,3,"7357, 7365",autobuss,24.0310387,56.6118107
5055,Silmači,3,"7357, 7365",autobuss,24.0316263,56.6115529
5060,Spilvenieki,3,"7357, 7365",autobuss,24.1056765,56.5967936
5061,Spilvenieki,3,"7357, 7365",autobuss,24.1084979,56.5962663
5064,Rogas,3,"7357, 7365",autobuss,24.1468449,56.5889421
5065,Rogas,3,"7357, 7365",autobuss,24.1472535,56.5888323
5069,Zeltiņi,6,"5021, 5188, 5419, 6693, 7769, 7915",autobuss,26.7693664,57.3617235
5070,Zeltiņi,6,"5021, 5188, 5419, 6693, 7769, 7915",autobuss,26.7683033,57.3616507
5071,Dzeņi,4,"5021, 5188, 6693, 7769",autobuss,26.8361749,57.3973810
5072,Dzeņi,4,"5021, 5188, 6693, 7769",autobuss,26.8370857,57.3976166
5073,Strautiņi,7,"5021, 5188, 5196, 5419, 6693, 7769, 7915",autobuss,26.8901761,57.4058196
5074,Strautiņi,7,"5021, 5188, 5196, 5419, 6693, 7769, 7915",autobuss,26.8908077,57.4059213
5075,Krauči,1,7482,autobuss,24.0550533,56.5003220
5076,Krauči,1,7482,autobuss,24.0556044,56.4999269
5077,Salakas,1,7482,autobuss,24.0747237,56.4924448
5078,Salakas,2,"7356, 7482",autobuss,24.0751836,56.4922254
5079,Lāči,1,7482,autobuss,24.0924415,56.4901538
5080,Lāči,1,7482,autobuss,24.0917437,56.4902569
5081,Brāļu kapi,1,7482,autobuss,24.1043375,56.4876546
5082,Brāļu kapi,1,7482,autobuss,24.1054639,56.4873206
5083,Vilki,1,6384,autobuss,24.1257035,56.4839727
5086,Zīlītes,5,"5021, 5188, 5196, 6693, 7769",autobuss,26.9228558,57.4153646
5087,Zīlītes,4,"5188, 5196, 6693, 7769",autobuss,26.9250650,57.4154700
5088,Tūjas pagrieziens,5,"5021, 5188, 5196, 6693, 7769",autobuss,26.9712451,57.4235795
5089,Tūjas pagrieziens,4,"5188, 5196, 6693, 7769",autobuss,26.9721144,57.4235226
5091,Klīvi,3,"7200, 7249, 7493",autobuss,24.5978851,56.5483095
5094,Silakrogs,4,"5021, 5196, 6701, 7164",autobuss,26.9900870,57.4285440
5095,Silakrogs,4,"5021, 5196, 6701, 7165",autobuss,26.9894474,57.4286974
5098,Alsviķi,5,"5196, 6701, 7164, 7647, 7906",autobuss,26.9418500,57.4445000
5099,Alsviķi,6,"6701, 7164, 7165, 7647, 7736, 7906",autobuss,26.9374000,57.4441800
5102,Dzintari,2,"6701, 7164",autobuss,26.8826620,57.4661563
5103,Dzintari,2,"6701, 7165",autobuss,26.8821298,57.4661976
5106,Karva,3,"6701, 7164, 7906",autobuss,26.8200825,57.4871641
5107,Karva,4,"6701, 7165, 7736, 7906",autobuss,26.8188878,57.4880068
5114,Kolberģis,6,"3051, 5189, 5434, 6448, 6697, 6704",autobuss,27.1184357,57.4385336
5115,Kolberģis,5,"5189, 5434, 6448, 6697, 6704",autobuss,27.1185813,57.4384689
5116,Putrovka,1,6704,autobuss,27.5515194,57.5153825
5118,Garjuri,3,"5189, 6448, 6704",autobuss,27.1685663,57.4375555
5119,Garjuri,2,"6448, 6704",autobuss,27.1694398,57.4374999
512,Biržas iela,1,5635,autobuss,27.7109134,56.5409195
5120,Bundzene,3,"5189, 6448, 6704",autobuss,27.2248383,57.4474339
5121,Bundzene,2,"6448, 6704",autobuss,27.2258085,57.4476324
5122,Visikums,3,"5189, 6448, 6704",autobuss,27.2576633,57.4510954
5123,Visikums,2,"6448, 6704",autobuss,27.2601755,57.4518224
5124,Akaviņa,2,"5189, 6704",autobuss,27.3301777,57.4689325
5125,Akaviņa,1,6704,autobuss,27.3321620,57.4690706
5126,Zaiceva,2,"5189, 6704",autobuss,27.4371463,57.4665998
5127,Zaiceva,1,6704,autobuss,27.4381979,57.4665215
5128,Krivadi,5,"6393, 6394, 6399, 6404, 6457",autobuss,24.2454490,56.4261611
5129,Krivadi,6,"6393, 6394, 6399, 6400, 6404, 6457",autobuss,24.2475915,56.4260168
513,Biržas iela,1,5635,autobuss,27.7106812,56.5406187
5130,Pētermuiža,5,"6393, 6394, 6399, 6404, 6457",autobuss,24.2641423,56.4258071
5131,Pētermuiža,6,"6393, 6394, 6399, 6400, 6404, 6457",autobuss,24.2665448,56.4257441
5132,Dārziņi,5,"6393, 6394, 6399, 6404, 6457",autobuss,24.2842573,56.4269268
5133,Dārziņi,6,"6393, 6394, 6399, 6400, 6404, 6457",autobuss,24.2858777,56.4268157
5134,Likverteni,7,"6393, 6394, 6399, 6404, 6457, 7851",autobuss,24.2954508,56.4258926
5135,Likverteni,8,"6393, 6394, 6399, 6400, 6404, 6457, 7851",autobuss,24.2958406,56.4257602
5136,Kreklēni,5,"6393, 6394, 6399, 6404, 6457",autobuss,24.3178832,56.4280834
5137,Kreklēni,6,"6393, 6394, 6399, 6400, 6404, 6457",autobuss,24.3185817,56.4283511
5138,Vecsaule,6,"6394, 6399, 6404, 6457, 7851",autobuss,24.3381265,56.4322167
5139,Vecsaule,7,"6394, 6399, 6400, 6404, 6457, 7851",autobuss,24.3387819,56.4321195
5142,Purmaļi,4,"6394, 6399, 6404, 6457",autobuss,24.3970789,56.4302869
5143,Purmaļi,5,"6394, 6399, 6400, 6404, 6457",autobuss,24.3955226,56.4301099
5144,Kūdra,6,"6394, 6399, 6404, 6457, 7851",autobuss,24.4097163,56.4320968
5145,Kūdra,7,"6394, 6399, 6400, 6404, 6457, 7851",autobuss,24.4107907,56.4320826
5146,Grotēni,6,"6394, 6399, 6404, 6457, 7851",autobuss,24.4476419,56.4317962
5147,Grotēni,7,"6394, 6399, 6400, 6404, 6457, 7851",autobuss,24.4487730,56.4314423
5148,Ozolaine,6,"6394, 6399, 6404, 6457, 7851",autobuss,24.4631488,56.4325449
5149,Ozolaine,6,"6394, 6400, 6404, 6457, 7851",autobuss,24.4632612,56.4323391
5150,Zīles,2,"6394, 6404",autobuss,24.4938405,56.4245216
5151,Zīles,3,"6394, 6400, 6404",autobuss,24.4939914,56.4244513
5152,Mežniecība,3,"6404, 7851",autobuss,24.5208878,56.4233500
5153,Mežniecība,4,"6400, 6404, 7851",autobuss,24.5220298,56.4234224
5154,Graši,1,6404,autobuss,24.5371723,56.4268493
5155,Graši,2,"6400, 6404",autobuss,24.5378128,56.4268597
5156,Aļņi,1,6404,autobuss,24.5688490,56.4399732
5157,Aļņi,2,"6400, 6404",autobuss,24.5703829,56.4406644
5158,Bārbele,3,"6404, 7851",autobuss,24.5959382,56.4521523
5159,Bārbele,4,"6400, 6404, 7851",autobuss,24.5952983,56.4517151
5160,Bārbeles skola,2,7851,autobuss,24.6187533,56.4627932
5161,Bārbeles skola,2,7851,autobuss,24.6185030,56.4625794
5167,Karitāni,9,"5434, 6447, 6448, 6690, 6696, 6702, 7646, 7669",autobuss,27.1364981,57.4063770
5169,Naglas,6,"6447, 6690, 6702, 7646, 7669",autobuss,27.1523948,57.3851212
5170,Maliena,6,"6447, 6690, 6702, 7646, 7669",autobuss,27.1639544,57.3624491
5171,Maliena,7,"6447, 6690, 6696, 6702, 7646, 7669",autobuss,27.1637189,57.3622423
5172,Vilnīši,3,"6447, 6690, 6702",autobuss,27.1872332,57.3472282
5173,Mālupe,6,"6447, 6690, 6702, 7646, 7669",autobuss,27.2344711,57.3385523
5174,Mālupe,7,"6447, 6690, 6696, 6702, 7646, 7669",autobuss,27.2339187,57.3386774
5179,Sofikalns,5,"6690, 6702, 7646, 7669",autobuss,27.3097611,57.3264194
518,Bites,3,"5172, 6852, 6859",autobuss,24.1071135,56.7509036
5180,Sofikalns,5,"6690, 6702, 7646, 7669",autobuss,27.3099913,57.3264153
5182,Katrīnburga,5,"6690, 6702, 7646, 7669",autobuss,27.3603345,57.3416409
5187,Strēļi,3,"6375, 6387, 6392",autobuss,24.2413603,56.4394474
5188,Strēļi,3,"6375, 6387, 6392",autobuss,24.2417420,56.4400540
5189,Strauti,3,"7646, 7669",autobuss,27.4795320,57.2842560
519,Bites,3,"5172, 6852, 6859",autobuss,24.1075459,56.7514785
5190,Graudu kalte Ozolaine,2,"6394, 6404",autobuss,24.4768412,56.4272687
5191,Graudu kalte Ozolaine,3,"6394, 6400, 6404",autobuss,24.4770454,56.4271099
5192,Codes pagrieziens,3,"6375, 6387, 6392",autobuss,24.2602328,56.4529338
5193,Codes pagrieziens,3,"6375, 6387, 6392",autobuss,24.2617740,56.4537410
5194,Rudzi,3,"6375, 6387, 6392",autobuss,24.2857828,56.4642386
5195,Rudzi,3,"6375, 6387, 6392",autobuss,24.2876669,56.4649465
5196,Krūmiņi,3,"6375, 6387, 6392",autobuss,24.3057253,56.4771580
5197,Krūmiņi,3,"6375, 6387, 6392",autobuss,24.3063816,56.4772714
5198,Dāviņi,3,"6375, 6387, 6392",autobuss,24.3411138,56.4864572
5199,Dāviņi,2,"6387, 6392",autobuss,24.3418345,56.4868295
520,Bites,2,"6818, 6820",autobuss,21.0932286,56.3140231
5205,Dupšas,1,6387,autobuss,24.3957811,56.5059588
5206,Dupšas,1,6387,autobuss,24.3958630,56.5059457
5207,Gailīši,1,6387,autobuss,24.4092990,56.5150472
5208,Gailīši,1,6387,autobuss,24.4101411,56.5161600
521,Blankas,2,"6607, 6681",autobuss,25.0403453,57.9143279
5211,Raitas,1,7357,autobuss,24.4442280,56.5614360
5212,Raitas,1,7357,autobuss,24.4447885,56.5615473
5218,Polsas,1,5434,autobuss,27.4561525,57.3862803
5219,Polsas,1,5434,autobuss,27.4549920,57.3869210
522,Blankas,1,6681,autobuss,25.0393852,57.9154207
5220,Draudzība,1,5434,autobuss,27.4435280,57.3980110
5221,Draudzība,1,5434,autobuss,27.4431340,57.3982640
5222,Kudinavas pagrieziens,1,5434,autobuss,27.4410980,57.4101330
5223,Kudinavas pagrieziens,1,5434,autobuss,27.4409332,57.4100123
5224,Šarlotes,1,7357,autobuss,24.4836018,56.5880789
5225,Šarlotes,1,7357,autobuss,24.4833829,56.5876783
5226,Bāliņi,2,"6392, 6403",autobuss,24.4896621,56.5927622
5227,Bāliņi,2,"6392, 6403",autobuss,24.4905713,56.5929618
5228,Slimnīca,2,"6392, 6403",autobuss,24.5145433,56.6022255
5229,Pededze,4,"5189, 5434, 6697, 6704",autobuss,27.4455030,57.4787823
5231,Skola,1,6403,autobuss,24.2217760,56.6005058
5234,Zabolova,3,"5434, 6697, 6704",autobuss,27.4758410,57.5299140
5235,Eglītes,2,"6403, 7357",autobuss,24.2411608,56.5966322
5236,Eglītes,2,"6403, 7357",autobuss,24.2418806,56.5962882
5237,Mellupi,2,"6403, 7357",autobuss,24.2600706,56.5887370
5238,Mellupi,2,"6403, 7357",autobuss,24.2603806,56.5885649
5239,Godaiņi,2,"6403, 7357",autobuss,24.2796319,56.5815378
5240,Godaiņi,2,"6403, 7357",autobuss,24.2807433,56.5813342
5241,Ozoliņi,2,"6403, 7357",autobuss,24.3111630,56.5753088
5242,Ozoliņi,2,"6403, 7357",autobuss,24.3135740,56.5747947
5243,Bērzi,1,6403,autobuss,24.3362158,56.5694655
5244,Bērzi,1,6403,autobuss,24.3362455,56.5697622
5246,Kāravi,1,7357,autobuss,24.4185073,56.5390982
5247,Kāravi,1,7357,autobuss,24.4190919,56.5389170
5249,Bumbieri,1,6387,autobuss,24.4596856,56.5342085
525,Blāzmas,2,"5835, 5836",autobuss,24.3596470,56.8882000
5250,Bumbieri,1,6387,autobuss,24.4608025,56.5335105
5252,Nīzere,1,6387,autobuss,24.4713290,56.5283891
5253,Nīzere,1,6387,autobuss,24.4740534,56.5277252
5254,Stelpes pagasts,1,6387,autobuss,24.4999678,56.5300773
5255,Stelpes pagasts,1,6387,autobuss,24.4996861,56.5300360
5256,Stelpes skola,1,6387,autobuss,24.5068846,56.5315662
5257,Stelpes skola,1,6387,autobuss,24.5067098,56.5312545
5258,Stelpe,1,6387,autobuss,24.5254351,56.5347788
5259,Stelpe,1,6387,autobuss,24.5273845,56.5349883
526,Blāzmas iela,3,"6090, 6091, 6126",autobuss,24.5893549,56.8216926
5260,Polmaņi,4,"6378, 6379, 6395, 6397",autobuss,24.2056100,56.3911599
5261,Polmaņi,4,"6378, 6379, 6395, 6397",autobuss,24.2055341,56.3906666
5262,Zāģētava,4,"6378, 6379, 6395, 6397",autobuss,24.2261975,56.3721547
5263,Zāģētava,4,"6378, 6379, 6395, 6397",autobuss,24.2264578,56.3718174
5264,Vītoliņi,4,"6378, 6379, 6395, 6397",autobuss,24.2299609,56.3648729
5265,Vītoliņi,4,"6378, 6379, 6395, 6397",autobuss,24.2302332,56.3639270
5266,Pamūšas skola,4,"6378, 6379, 6395, 6397",autobuss,24.2325225,56.3538558
5267,Pamūšas skola,4,"6378, 6379, 6395, 6397",autobuss,24.2325058,56.3534418
5268,Gailīši,4,"6378, 6379, 6395, 6397",autobuss,24.2346125,56.3431673
5269,Gailīši,4,"6378, 6379, 6395, 6397",autobuss,24.2345873,56.3425707
5270,Konservu cehs,4,"6378, 6379, 6395, 6397",autobuss,24.2400854,56.3371663
5271,Konservu cehs,4,"6378, 6379, 6395, 6397",autobuss,24.2404017,56.3366175
5272,Pīrāgi,4,"6378, 6379, 6395, 6397",autobuss,24.2484664,56.3295861
5273,Pīrāgi,4,"6378, 6379, 6395, 6397",autobuss,24.2484623,56.3294694
5274,Mežāži,4,"6378, 6379, 6395, 6397",autobuss,24.2540224,56.3205187
5275,Mežāži,4,"6378, 6379, 6395, 6397",autobuss,24.2538828,56.3202833
5276,Kaulbrieži,2,"6378, 6397",autobuss,24.2600410,56.3086408
5277,Virši,2,"6378, 6397",autobuss,24.2612827,56.2962152
5278,Rožkalni,2,"6395, 6397",autobuss,24.2646178,56.2846276
5279,Rožkalni,1,6397,autobuss,24.2647143,56.2843517
5280,Guldupji,2,"5445, 7668",autobuss,27.0607942,57.2511570
5281,Guldupji,2,"5445, 7668",autobuss,27.0608251,57.2520541
5288,Gribažas,2,"5444, 5445",autobuss,27.0701592,57.3276618
5289,Gribažas,3,"5444, 5445, 6696",autobuss,27.0702984,57.3282446
5290,Vecanna,5,"5194, 5444, 5445, 7668",autobuss,27.0625262,57.3481855
5291,Vecanna,6,"5194, 5444, 5445, 6696, 7668",autobuss,27.0625560,57.3477708
5292,Kadilas,2,"5194, 5444",autobuss,27.0642913,57.3562388
5293,Kadilas,2,"5194, 5444",autobuss,27.0644663,57.3568736
5294,Teikas,3,"5194, 5444, 5445",autobuss,27.0551962,57.3663420
5295,Teikas,4,"5194, 5444, 5445, 6696",autobuss,27.0551413,57.3671706
530,Blusi,1,6211,autobuss,27.5324922,55.9467867
5301,Ilzenes pagrieziens,2,"7769, 7915",autobuss,26.7073747,57.3817797
5302,Ādams,2,"7769, 7915",autobuss,26.6696606,57.4349612
5304,Birzgaļi,2,"6395, 6397",autobuss,24.2240155,56.2846369
5305,Birzgaļi,1,6397,autobuss,24.2242748,56.2846388
5306,Indriķi,1,5429,autobuss,26.5454765,57.4694850
5307,Indriķi,1,5429,autobuss,26.5450148,57.4697686
5308,Trapene,2,"7769, 7915",autobuss,26.5924435,57.4505641
5309,Trapene,3,"5429, 7769, 7915",autobuss,26.5921622,57.4505409
5312,Sikšņi,1,6611,autobuss,26.3927894,57.4043811
5316,Lauktehnika,3,"5144, 6373, 6388",autobuss,24.1622835,56.3819987
5317,Siliņi,4,"5144, 5913, 6373, 6388",autobuss,24.1729655,56.3888025
5318,Siliņi,4,"5144, 5913, 6373, 6388",autobuss,24.1725611,56.3885351
5319,Kursīši,2,"5468, K7179",autobuss,24.4216925,57.3880750
5320,Dārzciems,4,"5429, 7165, 7653, 7769",autobuss,26.4392437,57.4832000
5321,Dārzciems,4,"5429, 7164, 7653, 7769",autobuss,26.4403569,57.4830187
5322,Verasskola,1,7165,autobuss,26.4668063,57.4764952
5323,Verasskola,1,7164,autobuss,26.4672938,57.4762249
5324,Mežslokas,2,"7769, 7915",autobuss,26.6441578,57.4002624
5328,Ziediņi,3,"6373, 6395, 6397",autobuss,24.1990944,56.3015921
5329,Ziediņi,2,"6373, 6397",autobuss,24.1991443,56.3006015
5330,Brunavišķi,3,"6373, 6395, 6397",autobuss,24.1981522,56.2890199
5331,Brunavišķi,2,"6373, 6397",autobuss,24.1977676,56.2882687
5332,Selgas,5,"5384, 5401, 5441, 6677, 7743",autobuss,25.4173569,57.8847348
5333,Selgas,6,"5384, 5401, 5441, 6633, 6677, 7743",autobuss,25.4168006,57.8847973
5334,Gulbītis,10,"5436, 5445, 6006, 6012, 7632, 7767, 7840, 7910, 7911",autobuss,26.8242103,57.1786684
5335,Gulbītis,11,"5436, 5445, 6012, 7623, 7632, 7766, 7767, 7840, 7910, 7911",autobuss,26.8253357,57.1787162
5336,Sporta komplekss,4,"6378, 6379, 6395, 6397",autobuss,24.2164306,56.3783381
5337,Sporta komplekss,4,"6378, 6379, 6395, 6397",autobuss,24.2167422,56.3780287
5338,Koknese,17,"5981, 6096, 6102, 6103, 6113, 6142, 6425, 7010, 7198, 7202, 7556, 7693 …",autobuss,25.4322142,56.6458894
5339,Koknese,18,"5981, 6096, 6102, 6103, 6113, 6142, 6425, 7006, 7010, 7198, 7202, 7556 …",autobuss,25.4320841,56.6461155
5342,Kalnavoti,2,"6142, 7198",autobuss,25.4717030,56.6224080
5343,Kalnavoti,2,"6142, 7198",autobuss,25.4707820,56.6227117
5344,Vīksnas,2,"5980, 7764",autobuss,25.1440696,56.6833269
5345,Vīksnas,2,"5980, 7764",autobuss,25.1436312,56.6828559
5352,Valle,3,"7200, 7249, 7493",autobuss,24.7220451,56.5105663
5353,Valle,3,"7200, 7249, 7493",autobuss,24.7254968,56.5091486
5354,Ērberģe,3,"5526, 7249, 7493",autobuss,25.0132003,56.3727395
5355,Ērberģe,3,"5526, 7249, 7493",autobuss,25.0144488,56.3726674
5362,Spriciņi,2,"7249, 7493",autobuss,25.0912189,56.3209178
5363,Spriciņi,2,"7249, 7493",autobuss,25.0913084,56.3207134
5366,Svajāni,1,7249,autobuss,25.2766845,56.2289605
5367,Svajāni,1,7249,autobuss,25.2768043,56.2284873
5368,Brīvāres,1,5496,autobuss,25.3592326,56.1854129
5369,Kursīši,2,"5468, K7179",autobuss,24.4215363,57.3879946
5370,Ķibji,4,"5114, 5344, 6813, 7013",autobuss,21.5221762,56.7084586
5371,Sece,6,"6116, 6130, 7195, 7851, 7898",autobuss,25.3944959,56.5576324
5372,Sece,6,"6116, 6130, 7195, 7851, 7898",autobuss,25.3954523,56.5574926
5373,Muktiņi,2,7851,autobuss,25.5285170,56.5693458
5374,Muktiņi,2,7851,autobuss,25.5297117,56.5688115
5375,Robežkrogs,4,"7195, 7851, 7898",autobuss,25.5625111,56.5650646
5376,Robežkrogs,4,"7195, 7851, 7898",autobuss,25.5627635,56.5652687
5379,Kurmene,3,"6128, 6394, 7200",autobuss,24.8270283,56.4214255
5380,Kurmene,4,"6128, 6394, 6400, 7200",autobuss,24.8269491,56.4215594
5381,Andūži,3,"6394, 6400, 7200",autobuss,24.7466510,56.4045020
5382,Andūži,3,"6394, 6400, 7200",autobuss,24.7469728,56.4044526
5387,Jaunzemi,2,"7769, 7915",autobuss,26.6754207,57.3743320
5388,Jaunzemi,4,"5021, 5188, 7769, 7915",autobuss,26.6771097,57.3742428
5389,Korneti,1,6707,autobuss,26.9485926,57.5893727
5396,Bērziņi,3,"6695, 6707, 7653",autobuss,26.9244134,57.5016913
5397,Bērziņi,3,"6695, 6707, 7653",autobuss,26.9251440,57.5015017
5399,Bauskas pagrieziens,6,"5526, 6128, 7491, 7851, 7898",autobuss,25.0034379,56.6024217
5400,Zizāni,6,"5526, 6128, 7491, 7851, 7898",autobuss,25.0029350,56.6025160
5403,Speģi,2,"7911, 7912",autobuss,26.9794259,57.1927907
5404,Speģi,1,7912,autobuss,26.9799072,57.1927062
5406,Ērgļi,3,"6374, 6380, 6501",autobuss,24.4221825,56.3394883
5409,Pūpoli,1,6705,autobuss,27.0091062,57.5176186
5410,Pūpoli,1,6705,autobuss,27.0090015,57.5176122
5416,Zīles,1,6705,autobuss,27.0741579,57.4862822
5417,Zīles,1,6705,autobuss,27.0740666,57.4864511
5418,Ziemeri,2,"6705, 6707",autobuss,27.0594256,57.5330812
5419,Ziemeri,2,"6705, 6707",autobuss,27.0604264,57.5325191
5420,Rundāles pils,10,"5093, 5177, 5312, 5313, 5314, 5315, 6383, 7352, 7388, 7488",autobuss,24.0276076,56.4162363
5421,Rundāles pils,9,"5093, 5313, 5314, 5315, 6383, 6459, 7352, 7488",autobuss,24.0272086,56.4161584
5424,Svitene,2,"5314, 6383",autobuss,23.9318944,56.3783809
5425,Svitene,1,6383,autobuss,23.9314022,56.3783824
5426,Ošu muiža,1,6383,autobuss,23.9191136,56.3789145
5428,Krejotava,1,7388,autobuss,23.9514435,56.4879310
5430,Celmiņi,1,7388,autobuss,23.9467048,56.4711638
5433,Vairogs,3,"5312, 5314, 5315",autobuss,23.9471645,56.4536348
5434,Vairogs,1,7388,autobuss,23.9471657,56.4536005
5437,Mežmaļi,1,5314,autobuss,23.9611650,56.4382849
5441,Rentes,1,7660,autobuss,24.7089482,57.3259818
5442,Rentes,1,7660,autobuss,24.7084396,57.3265187
5448,Kupļi,2,"5450, 5458",autobuss,24.6017431,57.3438560
5449,Kupļi,1,5450,autobuss,24.6005493,57.3442023
5455,Skulte,5,"5450, 5452, 5456, 5458, K7179",autobuss,24.4427173,57.3303438
5456,Skulte,4,"5450, 5452, 5456, K7179",autobuss,24.4414976,57.3305546
5457,Lēdurgas skola,1,7175,autobuss,24.7570536,57.3189776
5458,Lēdurgas skola,1,7175,autobuss,24.7577790,57.3184204
5459,Tiltgaļi,1,7175,autobuss,24.7696255,57.3089733
5460,Tiltgaļi,1,7175,autobuss,24.7696195,57.3084988
5463,Vanagi,1,7175,autobuss,24.7910648,57.2921975
5464,Vanagi,1,7175,autobuss,24.7924045,57.2926487
5469,Lode,1,7175,autobuss,24.7638619,57.2718118
5471,Lēdurga,4,"5453, 5454, 7175, 7660",autobuss,24.7445921,57.3205011
5472,Ķibji,3,"5114, 5344, 7013",autobuss,21.5218790,56.7084692
5475,Diķi,1,7175,autobuss,24.7363670,57.3602030
5476,Diķi,1,7175,autobuss,24.7369535,57.3606673
5477,Aijaži,1,7175,autobuss,24.7444857,57.3793857
5478,Aijaži,1,7175,autobuss,24.7447982,57.3801644
5483,Ausmas,3,"7660, 7661, 7663",autobuss,24.7049150,57.4219160
5484,Ausmas,4,"5458, 7660, 7661, 7663",autobuss,24.7056233,57.4222973
5485,Viesturi,2,"5315, 6386",autobuss,24.0298170,56.4825976
5486,Tūja,1,5021,autobuss,26.9692625,57.4177296
5488,Nēķene,1,5021,autobuss,26.9497586,57.3921111
5490,Luki,1,5021,autobuss,26.9434306,57.3820262
5492,Varžupuriņš,1,5436,autobuss,27.0231592,57.3732264
5493,Ķirkas,1,5436,autobuss,26.9927939,57.3636563
5494,Kantorkrogs,1,5436,autobuss,26.9718480,57.3482926
5495,Ate,2,"5194, 5436",autobuss,26.9280897,57.3180044
5496,Mūrnieki,1,5436,autobuss,26.9493832,57.3299546
5497,Lāzberģis,3,"5189, 5434, 6697",autobuss,27.1206568,57.4632016
5498,Lāzberģis,3,"5189, 5434, 6697",autobuss,27.1207285,57.4631811
5499,Mārkalne,3,"5189, 5434, 6697",autobuss,27.1880799,57.4895801
5500,Mārkalne,3,"5189, 5434, 6697",autobuss,27.1871925,57.4893438
5501,Volkova,3,"5189, 5434, 6697",autobuss,27.2259735,57.5059841
5502,Volkova,3,"5189, 5434, 6697",autobuss,27.2260071,57.5058102
5503,Degumi,3,"5189, 5434, 6697",autobuss,27.2960964,57.5006042
5504,Degumi,3,"5189, 5434, 6697",autobuss,27.2961045,57.5003522
5505,Ponkuļi,3,"5189, 5434, 6697",autobuss,27.3335796,57.4961442
5506,Ponkuļi,3,"5189, 5434, 6697",autobuss,27.3336376,57.4959157
5508,Dzilnas,2,"5178, 6664",autobuss,24.5391655,57.6392814
5509,Dzilnas,2,"5178, 6664",autobuss,24.5372151,57.6391427
5510,Lipas,1,6667,autobuss,24.5297037,57.6779665
5511,Sarupe,2,"6667, 6684",autobuss,24.4130702,57.7322928
5512,Sarupe,2,"6667, 6684",autobuss,24.4128925,57.7322684
5514,Lauvas,1,6667,autobuss,24.5513537,57.7033067
5515,Lauvas,1,6667,autobuss,24.5475761,57.7053441
5516,Jaunsaules pasts,1,6393,autobuss,24.4681041,56.3429363
5517,Jaunsaules pasts,1,6393,autobuss,24.4691198,56.3423896
5518,Bekas,1,6374,autobuss,24.2619301,56.4002599
5519,Bangas,1,6374,autobuss,24.2927149,56.4001604
5520,Kalnieši,1,6374,autobuss,24.3145659,56.3989098
5521,Dane,1,6374,autobuss,24.3334579,56.3939206
5522,Rūgumi,1,6374,autobuss,24.3474346,56.3856901
5523,Skultēni,1,6374,autobuss,24.3546287,56.3661760
5524,Slokas,1,6374,autobuss,24.3601457,56.3598650
5525,Brunava,1,6374,autobuss,24.3884535,56.3554464
5526,Brunava,1,6374,autobuss,24.3889198,56.3547210
5527,Kraujas,1,6374,autobuss,24.4052232,56.3428969
5528,Kukuči,3,"6374, 6380, 6501",autobuss,24.4189316,56.3323384
5529,Kukuči,3,"6374, 6380, 6501",autobuss,24.4188431,56.3323154
5530,Saules,1,6380,autobuss,24.4396967,56.3317546
5531,Saules,1,6380,autobuss,24.4400089,56.3315655
5532,Aptieka,1,6380,autobuss,24.4714533,56.3209558
5533,Aptieka,1,6380,autobuss,24.4724828,56.3206979
5534,Zaķi,1,6380,autobuss,24.4938997,56.3175226
5535,Zaķi,1,6380,autobuss,24.4927653,56.3175979
5536,Veikals,1,6380,autobuss,24.5155123,56.3129420
5537,Veikals,1,6380,autobuss,24.5166038,56.3126654
5539,Svari,1,6380,autobuss,24.3481872,56.3309062
5540,Svari,1,6380,autobuss,24.3489516,56.3307773
5541,Rudzballes,1,6380,autobuss,24.3691766,56.3302264
5542,Rudzballes,1,6380,autobuss,24.3693488,56.3301946
5543,Brunavas pagrieziens,1,6380,autobuss,24.3825738,56.3310091
5544,Kalniņi,2,"6374, 6501",autobuss,24.4085936,56.3172126
5545,Mežgaļu skola,2,"6374, 6501",autobuss,24.4061279,56.3062223
5547,Mežgaļu skola,2,"6374, 6501",autobuss,24.4036511,56.3062391
5548,Buneri,2,"6374, 6501",autobuss,24.4321222,56.2901092
5549,Tunkūni,2,"6374, 6501",autobuss,24.4350878,56.2760109
5550,Kastaņi,1,6501,autobuss,24.3723776,56.2877705
5551,Buivēni,1,6501,autobuss,24.3857689,56.2825853
5552,Uzvaras,1,6501,autobuss,24.4059806,56.2784390
5553,Tūcene,1,6448,autobuss,27.2490410,57.4276994
5554,Tūcene,1,6448,autobuss,27.2490321,57.4274556
5555,Anna,1,5194,autobuss,27.0274696,57.3359148
5556,Lepšas,1,5911,autobuss,24.1529362,56.4009780
5557,Važītes kapi,1,5911,autobuss,24.1292535,56.4035375
5558,Ziedoņi,1,5911,autobuss,24.1045119,56.4125769
5559,Ziedoņi,1,5911,autobuss,24.1048350,56.4125991
5560,Kalncempji,2,"5194, 6693",autobuss,26.8825130,57.3236062
5561,Kalncempji,2,"5194, 6693",autobuss,26.8823391,57.3235642
5563,Mežotnes skola,2,"6384, 7482",autobuss,24.1010171,56.5078615
5564,Bērzmuiža,1,6384,autobuss,24.1217406,56.4961725
5565,Bērzmuiža,1,6384,autobuss,24.1226505,56.4959141
5566,Cepļi,1,6393,autobuss,24.5329411,56.3292821
5567,Cepļi,1,6393,autobuss,24.5334483,56.3292215
5569,Billītes,1,5368,autobuss,24.1147782,56.5729559
5572,Murjāņi,1,6447,autobuss,27.2461180,57.3756377
5573,Beja,4,"5434, 6447, 6448, 6690",autobuss,27.2114057,57.4001665
5574,Beja,4,"5434, 6447, 6448, 6690",autobuss,27.2110054,57.4000612
5577,Bauskas būvnieks,2,"6384, 7482",autobuss,24.1725409,56.4106562
5579,Televīzijas tornis,2,"6384, 7482",autobuss,24.1608055,56.4065500
5580,Televīzijas tornis,2,"6384, 7482",autobuss,24.1597918,56.4065566
5581,Aigari,2,"6384, 7482",autobuss,24.1361776,56.4089842
5582,Aigari,2,"6384, 7482",autobuss,24.1351899,56.4090549
5583,Jumpravas,2,"6384, 7482",autobuss,24.1203134,56.4129556
5584,Jumpravas,2,"6384, 7482",autobuss,24.1209165,56.4127453
5585,Karogs,2,"6384, 7482",autobuss,24.1122967,56.4177340
5586,Karogs,2,"6384, 7482",autobuss,24.1128687,56.4175053
5587,Saulītes,2,"6384, 7482",autobuss,24.0996688,56.4253323
5588,Saulītes,2,"6384, 7482",autobuss,24.1005120,56.4249647
5591,Ceplis,2,"6384, 7482",autobuss,24.0789204,56.4320047
5592,Ceplis,2,"6384, 7482",autobuss,24.0785829,56.4322244
5593,Mežotne,2,"6384, 7482",autobuss,24.0532266,56.4403687
5594,Mežotne,2,"6384, 7482",autobuss,24.0532860,56.4403214
5595,Dārzniecība,2,"6384, 7482",autobuss,24.0640153,56.4522695
5596,Dārzniecība,2,"6384, 7482",autobuss,24.0645734,56.4527251
5597,Zeltiņi,4,"5078, 6664, 6667, 7806",autobuss,24.5007229,57.6064336
5598,Zeltiņi,2,"5078, 6664",autobuss,24.5013465,57.6055299
5599,Vecskola,2,"6384, 7482",autobuss,24.0756829,56.4620518
5600,Vecskola,2,"6384, 7482",autobuss,24.0778458,56.4627976
5601,Kokaudzētava,2,"6384, 7482",autobuss,24.1012432,56.4750991
5602,Beibeži,2,"6392, 6403",autobuss,24.4460567,56.5875297
5603,Lejaskrogs,1,6403,autobuss,24.4689779,56.5871388
5604,Lejaskrogs,1,6403,autobuss,24.4705455,56.5869880
5605,Ceri,1,6664,autobuss,24.5137129,57.5839209
5607,Blome,3,"5078, 6664, 7806",autobuss,24.5260959,57.5684811
5608,Blome,2,"5078, 6664",autobuss,24.5263394,57.5681276
5610,Bises,2,"5078, 6664",autobuss,24.5355344,57.5321387
5611,Bises,2,"5078, 6664",autobuss,24.5349435,57.5312807
562,Brīvības iela,10,"5114, 5344, 5345, 5349, 6801, 6813, 7013, 7512, K7013",autobuss,21.5909092,56.7196761
5622,Zentenes pagrieziens,1,7951,autobuss,23.0039655,57.1649841
5623,Zentenes pagrieziens,1,7951,autobuss,23.0033378,57.1652209
5625,Pāle,2,"6659, 6684",autobuss,24.6642103,57.7032206
5627,Dārzniecība,1,7632,autobuss,26.9483970,57.1927333
5628,Ārciems,2,"5602, 6659",autobuss,24.7776832,57.6611294
5629,Ārciems,1,6659,autobuss,24.7780771,57.6612754
563,Brocēnu krustojums,4,"5239, 5254, 6734, 6741",autobuss,22.5659159,56.6841154
5630,Lūdiņi,1,5602,autobuss,24.7769561,57.6171652
5631,Lūdiņi,1,5602,autobuss,24.7769663,57.6169863
5632,Zeltaleja,9,"5436, 5445, 6006, 6012, 7632, 7840, 7910, 7911",autobuss,26.8592073,57.1857197
5633,Zeltaleja,9,"5436, 5445, 6012, 7623, 7632, 7840, 7910, 7911",autobuss,26.8603346,57.1856034
5634,Katvaru skola,3,"6643, 6644, 6669",autobuss,24.8049750,57.5567992
5635,Katvaru skola,4,"6643, 6644, 6668, 7661",autobuss,24.8054940,57.5577550
5636,Pociems,4,"6643, 6644, 6668, 7661",autobuss,24.8507519,57.5951731
5637,Pociems,2,"6643, 6669",autobuss,24.8516801,57.5961058
5638,Puri,2,"6643, 7661",autobuss,24.9106218,57.6153089
5640,Puri,2,"6643, 6669",autobuss,24.9115033,57.6152624
5641,Ozoli,2,"6643, 7661",autobuss,24.9403996,57.6406325
5643,Ozoli,1,6669,autobuss,24.9410382,57.6413577
5644,Mauriņi,1,6643,autobuss,24.9954411,57.6486309
5645,Buiva,1,6643,autobuss,25.0036453,57.6530364
5646,Buiva,1,6643,autobuss,25.0042596,57.6531609
5650,Rotenbergi,1,6662,autobuss,24.8470337,57.4879289
5651,Rotenbergi,1,6662,autobuss,24.8462429,57.4873885
5652,Kaijciems,2,"5453, 6662",autobuss,24.8096462,57.4356584
5653,Kaijciems,2,"5453, 6662",autobuss,24.8101230,57.4354231
5654,Stūri,1,5453,autobuss,24.7884208,57.4426064
5655,Stūri,1,5453,autobuss,24.7874757,57.4430131
5656,Vīķi,3,"6669, 7661, 7774",autobuss,24.8044724,57.8605354
5659,Centra vidusskola,3,"5225, 5336, 6419",autobuss,21.9650919,56.9672134
5660,Braslava,1,7785,autobuss,25.0395420,57.7583496
5661,Vilzēni,1,7785,autobuss,25.0136780,57.7189433
5662,Vilzēni,1,7785,autobuss,25.0133554,57.7189615
5663,Briežudārzs,1,5434,autobuss,27.3847588,57.4016683
5664,Briežudārzs,1,5434,autobuss,27.3848252,57.4018315
5665,Lāčudārzs,1,6690,autobuss,27.3349840,57.3963683
5666,Lāčudārzs,1,6690,autobuss,27.3339683,57.3963619
5667,Mežamuiža,2,"5434, 6690",autobuss,27.3106174,57.3950395
5668,Mežamuiža,2,"5434, 6690",autobuss,27.3107059,57.3951511
5669,Jurenski,2,"5434, 6690",autobuss,27.2808774,57.3851060
5670,Jurenski,2,"5434, 6690",autobuss,27.2807980,57.3851238
5671,Čistigi,1,6704,autobuss,27.4918913,57.4677409
5672,Čistigi,1,6704,autobuss,27.4919017,57.4677046
5673,Sproģi,1,7249,autobuss,25.1704669,56.2722830
5674,Sproģi,2,"6129, 7249",autobuss,25.1706440,56.2720250
5675,Bērziņi,1,6690,autobuss,27.5847181,57.3621642
5677,Sprīvuļi,1,6693,autobuss,26.8088821,57.3197629
5678,Misa,2,"6392, 6403",autobuss,24.3951192,56.5897512
5679,Misa,2,"6392, 6403",autobuss,24.3947169,56.5896247
5680,Misas tautas nams,1,6392,autobuss,24.3586561,56.5519340
5681,Lambārte,1,6392,autobuss,24.3514951,56.5231521
5682,Lambārte,1,6392,autobuss,24.3514456,56.5231918
5683,Kokles,1,6392,autobuss,24.3503008,56.5082645
5684,Kokles,1,6392,autobuss,24.3507909,56.5072809
5685,Poteri,1,6394,autobuss,24.4977579,56.4214258
5686,Poteri,1,6394,autobuss,24.4979709,56.4209031
5687,Pienotava,1,6394,autobuss,24.5226884,56.4067738
5688,Pienotava,1,6394,autobuss,24.5227586,56.4066654
5689,Vārpa,1,6394,autobuss,24.5415027,56.4023015
5690,Vārpa,1,6394,autobuss,24.5419233,56.4022156
5691,Pinkas,1,6394,autobuss,24.5563923,56.4017784
5692,Silakristi,1,6394,autobuss,24.5842993,56.3958710
5693,Silakristi,1,6394,autobuss,24.5836011,56.3958796
5694,Ērgļi,1,6394,autobuss,24.6345382,56.3854936
5697,Cirmas  stacija,4,"7444, 7449, 7541",autobuss,27.5448658,56.5309101
5698,Cirmas  stacija,3,"7444, 7541",autobuss,27.5445658,56.5308501
5699,Dzerkaļi,1,7444,autobuss,27.5878528,56.5342410
5700,Dzerkaļi,2,"7444, 7449",autobuss,27.5888209,56.5341646
5701,Tutāni,4,"7444, 7541, 7611",autobuss,27.6345854,56.5377355
5702,Tutāni,4,"7444, 7449, 7541",autobuss,27.6338134,56.5375099
5709,Mežavepri,5,"5634, 6552, 6573, 6602, 7444",autobuss,27.7777923,56.5076994
5710,Mežavepri,5,"5634, 6552, 6573, 6602, 7444",autobuss,27.7788070,56.5076453
5713,Istalsna,3,"6552, 6602, 7444",autobuss,27.8463209,56.4959718
5714,Istalsna,3,"6552, 6602, 7444",autobuss,27.8459943,56.4957942
5717,Bobiši,3,"6552, 6602, 7444",autobuss,27.9150970,56.4795589
5718,Bobiši,3,"6552, 6602, 7444",autobuss,27.9154413,56.4792048
5721,Skriņi,3,"6552, 6602, 7444",autobuss,27.9639037,56.4540978
5722,Skriņi,3,"6552, 6602, 7444",autobuss,27.9641763,56.4537539
5723,Pikava,4,"5634, 6552, 6602, 7444",autobuss,28.0057387,56.4341099
5724,Pikava,4,"5634, 6552, 6602, 7444",autobuss,28.0065975,56.4335105
5727,Briģi,4,"5634, 6552, 6602, 7444",autobuss,28.0487268,56.4235713
5728,Briģi,4,"5634, 6552, 6602, 7444",autobuss,28.0499824,56.4231789
5729,Briģi 2,3,"5634, 6552, 6602",autobuss,28.0682572,56.4208187
5730,Briģi 2,3,"5634, 6552, 6602",autobuss,28.0685762,56.4207821
5735,Vālodzes,5,"7618, 7634, 7840, 7910",autobuss,26.1650736,57.2572278
5736,Vālodzes,5,"7618, 7634, 7840, 7910",autobuss,26.1650843,57.2570519
5739,Lācītes,6,"5541, 7618, 7840, 7910, 7911",autobuss,26.2122099,57.2391771
5740,Lācītes,6,"5541, 7618, 7840, 7910, 7911",autobuss,26.2108006,57.2391208
5741,Saliņas,3,"5541, 7840",autobuss,26.2425517,57.2383840
5742,Saliņas,3,"5541, 7840",autobuss,26.2430040,57.2383184
5743,Saliņkrogs,7,"5541, 7620, 7634, 7767, 7817, 7840",autobuss,26.2733467,57.2388363
5744,Saliņkrogs,8,"5541, 7620, 7634, 7766, 7767, 7817, 7840",autobuss,26.2741322,57.2387041
5747,Siltie,3,"5541, 7620, 7719",autobuss,26.3609351,57.2389607
5748,Siltie,3,"5541, 7620, 7719",autobuss,26.3633622,57.2389444
5749,Velēna,17,"5538, 5541, 6017, 6019, 6024, 6026, 7618, 7620, 7634, 7719, 7767, 7817 …",autobuss,26.4007238,57.2391696
5750,Velēna,18,"5538, 5541, 6017, 6019, 6024, 6026, 7618, 7620, 7634, 7719, 7766, 7767 …",autobuss,26.3993467,57.2391505
5753,Robežkalns,13,"5538, 5541, 6017, 6019, 6024, 7618, 7620, 7634, 7767, 7840, 7910, 7911",autobuss,26.4664681,57.2355633
5754,Robežkalns,14,"5538, 5541, 6017, 6019, 6024, 7618, 7620, 7634, 7766, 7767, 7840, 7910 …",autobuss,26.4672029,57.2353520
5757,Tirzas tilts,9,"5538, 5541, 6024, 7618, 7634, 7840, 7910, 7911",autobuss,26.6022772,57.2142161
5758,Tirzas tilts,11,"5037, 5538, 5541, 6024, 7618, 7634, 7766, 7840, 7910, 7911",autobuss,26.6033735,57.2138575
5761,Blome,9,"5538, 5541, 6024, 7618, 7634, 7840, 7910, 7911",autobuss,26.6840536,57.2003682
5762,Blome,11,"5037, 5538, 5541, 6024, 7618, 7634, 7766, 7840, 7910, 7911",autobuss,26.6851135,57.1998367
5763,Kļaviņi,7,"5037, 5419, 5538, 5541, 6017, 6019, 6024",autobuss,26.7083027,57.1941162
5764,Kļaviņi,7,"5037, 5419, 5538, 5541, 6017, 6019, 6024",autobuss,26.7108026,57.1932391
5765,Svelberģis,1,7910,autobuss,26.7335546,57.1851517
5766,Degļupe,2,"5333, 7152",autobuss,26.1076203,57.2007973
5767,Ranka,7,"5333, 5541, 6010, 7152, 7620, 7719, 7767",autobuss,26.1786291,57.2162777
5768,Ranka,6,"5541, 6010, 7620, 7719, 7766, 7767",autobuss,26.1786420,57.2161702
5772,Sinole,5,"5037, 6017, 6019, 7620, 7767",autobuss,26.4971151,57.2448657
5773,Sinole,6,"5538, 6017, 6019, 7618, 7620, 7767",autobuss,26.4971611,57.2444916
5776,Cinci,5,"5037, 5538, 6017, 6019, 7620",autobuss,26.5376891,57.2516167
5777,Cinci,5,"5538, 6017, 6019, 7618, 7620",autobuss,26.5386862,57.2516439
5780,Lejasciems,8,"5037, 5419, 5538, 6017, 6019, 7618, 7620, 7767",autobuss,26.5744130,57.2776536
5803,Lāpova,5,"7448, 7451, 7464, 7669",autobuss,27.6525239,56.7513976
5804,Lāpova,6,"7448, 7449, 7451, 7464, 7669",autobuss,27.6511180,56.7508095
5805,Ranči,2,"7464, 7669",autobuss,27.6279268,56.7356680
5806,Ranči,4,"7449, 7451, 7464, 7669",autobuss,27.6271464,56.7353629
5809,Lepeste,4,"7448, 7464, 7669",autobuss,27.5526569,56.6868475
5810,Lepeste,6,"7448, 7449, 7451, 7464, 7669",autobuss,27.5517281,56.6865111
5813,Kaķi,2,"7464, 7669",autobuss,27.5223033,56.6673664
5814,Kaķi,4,"7449, 7451, 7464, 7669",autobuss,27.5212096,56.6667090
5822,Kaupuži,1,6588,autobuss,27.5901834,56.8022264
5823,Kaupuži,1,6588,autobuss,27.5890262,56.8027777
5824,Salnava,1,6588,autobuss,27.5562057,56.8123512
5825,Salnava,1,6588,autobuss,27.5552802,56.8126890
5828,Rudiņeva,4,"6577, 6581, 6588, 7449",autobuss,27.7186845,56.7474256
5829,Rudiņeva,3,"6577, 6581, 6588",autobuss,27.7186578,56.7471187
5830,Liepkalni,2,"5497, 6133",autobuss,25.5304322,56.4665710
5831,Liepkalni,2,"5497, 6133",autobuss,25.5318220,56.4676521
5832,Zilkalne,2,"5497, 6133",autobuss,25.5457671,56.4756779
5833,Zilkalne,2,"5497, 6133",autobuss,25.5442288,56.4764585
5834,Pudinava,5,"6577, 6581, 6588, 7449, 7611",autobuss,27.7275530,56.7087623
5835,Pudinava,4,"6577, 6581, 6588, 7611",autobuss,27.7277487,56.7083758
5836,Mērdzene,5,"6577, 6581, 6588, 7449, 7611",autobuss,27.7484533,56.6850441
5837,Mērdzene,4,"6577, 6581, 6588, 7611",autobuss,27.7485178,56.6847098
5840,Pušmucova,5,"6577, 6581, 6588, 7449, 7611",autobuss,27.7261709,56.6445520
5841,Pušmucova,4,"6577, 6581, 6588, 7611",autobuss,27.7258540,56.6443640
5846,Nīcgale,3,"6159, 7799, 7852",autobuss,26.3448476,56.1421451
5847,Nīcgale,3,"6184, 7799, 7852",autobuss,26.3443925,56.1418668
5850,Somugols,2,"6159, 7799",autobuss,26.3522234,56.1110124
5851,Somugols,2,"6184, 7799",autobuss,26.3516830,56.1108784
5852,Kalvāni,1,7852,autobuss,26.3579670,56.1005256
5853,Kalvāni,1,7852,autobuss,26.3572680,56.1005800
5856,Ruži,3,"6159, 7799, 7852",autobuss,26.3765434,56.0618906
5857,Ruži,3,"6184, 7799, 7852",autobuss,26.3753365,56.0641043
5860,Ķirupe,2,"6159, 7799",autobuss,26.3807254,56.0325409
5861,Ķirupe,2,"6184, 7799",autobuss,26.3799941,56.0324163
5864,Līksna,3,"6159, 7799, 7852",autobuss,26.3988835,56.0015349
5865,Līksna,3,"6184, 7799, 7852",autobuss,26.3982667,56.0011916
5866,Kalupes pagrieziens,1,6183,autobuss,26.4169038,55.9894082
5869,Tilti,4,"6159, 6183, 7799, 7852",autobuss,26.4403497,55.9704780
5870,Tilti,4,"6183, 6184, 7799, 7852",autobuss,26.4398745,55.9701121
5873,Ambulance,5,"5508, 5573, 5575, 6172, 6178",autobuss,26.6839099,55.9255186
5874,Ambulance,5,"5508, 5573, 5575, 6172, 6178",autobuss,26.6849931,55.9258569
5875,Naujenes skola,9,"5508, 5573, 5575, 6172, 6178, 7543, 7554, 7555, 7560",autobuss,26.7163815,55.9310886
5876,Naujenes skola,8,"5508, 5573, 5575, 6172, 6178, 7543, 7554, 7555",autobuss,26.7154503,55.9310154
5878,Juriši,4,"6178, 7543, 7554, 7555",autobuss,26.7756170,55.9277580
5879,Juriši,4,"6178, 7543, 7554, 7555",autobuss,26.7781975,55.9275893
5882,Vasarģeļišķi,6,"5508, 6178, 7543, 7554, 7555, 7560",autobuss,26.8206884,55.9286832
5883,Vasarģeļišķi,5,"5508, 6178, 7543, 7554, 7555",autobuss,26.8213667,55.9285323
5888,Židino,6,"5508, 6178, 7543, 7554, 7555, 7560",autobuss,26.9028793,55.9286955
5889,Židino,5,"5508, 6178, 7543, 7554, 7555",autobuss,26.9029701,55.9286033
5892,Peipiņi,5,"6175, 7479, 7541",autobuss,26.7881065,56.1071421
5893,Peipiņi,5,"6175, 7479, 7541",autobuss,26.7870433,56.1068238
5896,Špoģi,13,"5326, 5503, 5506, 6175, 6184, 7044, 7479, 7541, 7560, 7893, 7979",autobuss,26.7324067,56.0720504
5897,Špoģi,12,"5326, 5503, 5506, 6159, 6175, 7044, 7479, 7541, 7893, 7979",autobuss,26.7322236,56.0728078
5900,Vasiļova,12,"5326, 5503, 5506, 6175, 6184, 7044, 7479, 7541, 7560, 7893",autobuss,26.7251714,56.0288450
5901,Vasiļova,11,"5326, 5503, 5506, 6159, 6175, 7044, 7479, 7541, 7893",autobuss,26.7244609,56.0284040
5902,Pienotava,5,"5326, 5503, 5506, 6175, 6184",autobuss,26.7073292,56.0084525
5903,Pienotava,5,"5326, 5503, 5506, 6159, 6175",autobuss,26.7075945,56.0090851
5904,Maļinova,12,"5326, 5503, 5506, 5572, 6159, 6175, 7044, 7479, 7541, 7893",autobuss,26.6921427,55.9914439
5905,Maļinova,14,"5326, 5503, 5506, 5572, 6175, 6184, 7044, 7479, 7541, 7560, 7893, 7979",autobuss,26.6930413,55.9921778
5906,Greizais tilts,13,"5326, 5503, 5506, 5572, 5574, 6159, 6175, 7044, 7479, 7541, 7893",autobuss,26.6747318,55.9716674
5907,Greizais tilts,14,"5326, 5503, 5506, 5572, 5574, 6175, 6184, 7044, 7479, 7541, 7560, 7893",autobuss,26.6755056,55.9720937
5914,Daugavpils ceļinieks,3,"5099, 5572, 5574",autobuss,26.6185435,55.9079645
5915,Daugavpils ceļinieks,3,"5099, 5572, 5574",autobuss,26.6180280,55.9077077
5916,Stropi,3,"5099, 5572, 5574",autobuss,26.6287530,55.9193916
5917,Stropi,3,"5099, 5572, 5574",autobuss,26.6277594,55.9186120
5918,Arteņi,4,"6157, 6165, 6166, 7897",autobuss,26.4666560,55.8613050
5919,Arteņi,4,"6157, 6165, 6166, 7897",autobuss,26.4669234,55.8617375
5920,Randene,7,"5505, 6157, 6165, 6166, 6182, 6190, 7897",autobuss,26.4594659,55.8562068
5921,Randene,6,"5505, 6157, 6165, 6166, 6182, 6190",autobuss,26.4593162,55.8558774
5922,Piļušina,3,"6157, 6182, 6190",autobuss,26.4349286,55.8376769
5923,Piļušina,3,"6157, 6182, 6190",autobuss,26.4357077,55.8385053
5924,Raiņa muzejs,3,"6157, 6182, 6190",autobuss,26.4259703,55.8309662
5925,Raiņa muzejs,3,"6157, 6182, 6190",autobuss,26.4261762,55.8314004
5926,Košarka,3,"6157, 6182, 6190",autobuss,26.4117770,55.8204687
5927,Košarka,3,"6157, 6182, 6190",autobuss,26.4122163,55.8210180
5928,Vodopoj,3,"6157, 6182, 6190",autobuss,26.3891370,55.8035948
5929,Vodopoj,3,"6157, 6182, 6190",autobuss,26.3884272,55.8031974
5930,Kordoni,8,"7632, 7668, 7840, 7910, 7911, 7912",autobuss,27.0473458,57.1895632
5931,Kordoni,9,"7623, 7632, 7668, 7840, 7910, 7911, 7912",autobuss,27.0471523,57.1894550
5932,Apkārtupīte,9,"7623, 7632, 7668, 7840, 7910, 7911, 7912",autobuss,27.0707985,57.1823253
5933,Apkārtupīte,8,"7632, 7668, 7840, 7910, 7911, 7912",autobuss,27.0703761,57.1825673
5934,Medumi,3,"6157, 6182, 6190",autobuss,26.3591462,55.7808851
5935,Medumi,1,6157,autobuss,26.3586593,55.7810111
5936,Sodišķi,1,6157,autobuss,26.3352677,55.7630764
5937,Sodišķi,1,6157,autobuss,26.3345866,55.7627453
5938,Ezernieki,1,6014,autobuss,26.8857135,57.0712110
5939,Ezernieki,1,6014,autobuss,26.8843454,57.0725978
5940,Pededze,1,6014,autobuss,26.8589657,57.0893410
5941,Pededze,1,6014,autobuss,26.8574836,57.0906424
5942,Zaļmeži,1,6014,autobuss,26.8496630,57.0983934
5943,Zaļmeži,1,6014,autobuss,26.8486351,57.0994540
5944,Lejasstradi,2,"6014, 7910",autobuss,26.8403339,57.1153091
5945,Lejasstradi,2,"6014, 7910",autobuss,26.8399068,57.1160736
5946,Stradu skola,1,6014,autobuss,26.8299359,57.1258339
5947,Stradu skola,1,6014,autobuss,26.8284058,57.1269599
5948,Paliena,2,"6014, 7910",autobuss,26.7943287,57.1383701
5949,Paliena,2,"6014, 7910",autobuss,26.7934371,57.1395425
5950,Pastarati,1,6157,autobuss,26.3204626,55.7519057
5954,Vecsvente,4,"5505, 6165, 6166, 7897",autobuss,26.4150540,55.8748389
5955,Vecsvente,4,"5505, 6165, 6166, 7897",autobuss,26.4150640,55.8739449
5960,Svente,5,"5505, 6165, 6166, 7493, 7897",autobuss,26.3813443,55.9045863
5961,Svente,5,"5505, 6165, 6166, 7493, 7897",autobuss,26.3803090,55.9050150
5964,Siliņi,1,6165,autobuss,26.3341860,55.9171040
5965,Siliņi,1,6165,autobuss,26.3354054,55.9170635
5968,Gorbunovka,3,"5505, 6165, 7897",autobuss,26.3042840,55.9263180
5969,Gorbunovka,3,"5505, 6165, 7897",autobuss,26.3046920,55.9263160
5970,Purvmaļi,3,"5505, 6165, 7897",autobuss,26.2924080,55.9422640
5971,Purvmaļi,3,"5505, 6165, 7897",autobuss,26.2928370,55.9430450
5972,Pilskalne,3,"5505, 6295, K7493",autobuss,26.2655530,55.9720860
5973,Pilskalne,4,"5505, 6200, 6295, K7493",autobuss,26.2658190,55.9722170
5976,Virāne,3,"6345, 7719, 7817",autobuss,26.3803938,57.0466260
5977,Virāne,3,"6345, 7719, 7817",autobuss,26.3807197,57.0467616
598,Celtnieks,3,"5172, 6852, 6859",autobuss,24.1130197,56.7072146
5982,Vecaduliena,2,"7719, 7817",autobuss,26.4087013,57.0901521
5983,Vecaduliena,2,"7719, 7817",autobuss,26.4085140,57.0914144
5987,Kancēni,2,"7719, 7817",autobuss,26.4291194,57.1336132
5988,Kancēni,2,"7719, 7817",autobuss,26.4289560,57.1340340
599,Celtnieks,3,"5172, 6852, 6859",autobuss,24.1132538,56.7074881
5991,Tirzas skola,5,"6018, 6024, 6026, 7719, 7817",autobuss,26.3948864,57.1445610
5992,Tirzas skola,6,"6018, 6024, 6026, 7618, 7719, 7817",autobuss,26.3952176,57.1444189
5995,Lizums,6,"6017, 6018, 6024, 6026, 7719, 7817",autobuss,26.3698820,57.1892800
5996,Lizums,7,"6017, 6018, 6024, 6026, 7618, 7719, 7817",autobuss,26.3700963,57.1893380
5999,Silenieki,4,"6017, 6019, 6024, 6026",autobuss,26.3926801,57.2166700
6000,Silenieki,5,"6017, 6019, 6024, 6026, 7618",autobuss,26.3932481,57.2174797
6003,Blonti 2,6,"6572, 6577, 6581, 6588, 7449, 7611",autobuss,27.7445120,56.6138134
6004,Blonti 2,5,"6572, 6577, 6581, 6588, 7611",autobuss,27.7446133,56.6131881
6005,Blonti,4,"6572, 6577, 6581, 6588",autobuss,27.7446035,56.6039159
6006,Blonti,4,"6572, 6577, 6581, 6588",autobuss,27.7442922,56.6041479
6011,Avoti,2,"5505, 6295",autobuss,26.2079304,55.9682619
6012,Avoti,2,"5505, 6295",autobuss,26.2083981,55.9684611
6017,Baltmuiža,2,"5505, 6295",autobuss,26.0723430,55.9574620
6018,Baltmuiža,2,"5505, 6295",autobuss,26.0743670,55.9571443
6019,Vitkušķi,3,"5505, 6295, 7493",autobuss,26.0480002,55.9633916
6020,Vitkušķi,3,"5505, 6295, 7493",autobuss,26.0504682,55.9625789
6021,Lavide,2,"5505, 6295",autobuss,26.0052603,55.9798544
6022,Lavide,2,"5505, 6295",autobuss,26.0032908,55.9806058
6027,Kazimirvalde,3,"5505, 6295, 7493",autobuss,25.9520280,56.0027580
6028,Kazimirvalde,3,"5505, 6295, 7493",autobuss,25.9513780,56.0029470
6029,Subates pagrieziens,3,"5505, 6295, K7493",autobuss,25.9265394,56.0149029
603,Ceļinieki,2,"6173, 6177",autobuss,26.5256606,55.8060283
6030,Subates pagrieziens,3,"5505, 6295, K7493",autobuss,25.9262526,56.0153911
6031,Subate,4,"5505, 6295, 7238, 7493",autobuss,25.9062301,56.0029889
6037,Dvietes pagrieziens,3,"6200, 6203, 7897",autobuss,26.2708216,56.0094277
6038,Dvietes pagrieziens,2,"6203, 7897",autobuss,26.2706745,56.0098356
604,Ceļinieki,2,"6173, 6177",autobuss,26.5258002,55.8068555
6043,Baltiņi,1,7897,autobuss,26.2111452,56.0326512
6044,Baltiņi,2,"6203, 7897",autobuss,26.2124619,56.0323040
6049,Bebrene,5,"6200, 6203, 7006, 7008, 7897",autobuss,26.1308494,56.0664580
6054,Seļekova,2,"7449, 7611",autobuss,27.7282404,56.5660831
6055,Seļekova,1,7611,autobuss,27.7265846,56.5655903
6056,Martiši,4,"5635, 6552, 6587, 6590",autobuss,27.7361000,56.5220850
6057,Martiši,4,"5635, 6552, 6587, 6590",autobuss,27.7358720,56.5213280
6058,Romandova,1,5635,autobuss,27.7351210,56.5176510
6059,Romandova,1,5635,autobuss,27.7345300,56.5165740
6060,Listaki,2,"6552, 6587",autobuss,27.7312136,56.4875617
6061,Listaki,2,"6552, 6587",autobuss,27.7313927,56.4871333
6062,Pilda,2,"6552, 6587",autobuss,27.7460823,56.4075058
6063,Pilda,2,"6552, 6587",autobuss,27.7457888,56.4070682
6064,Gajeva,2,"6552, 6587",autobuss,27.7917403,56.3640376
6065,Gajeva,2,"6552, 6587",autobuss,27.7920732,56.3638092
6066,Brodaiža,1,6552,autobuss,27.7668351,56.3204140
6067,Brodaiža,2,"6552, 6587",autobuss,27.7666351,56.3204140
6068,Pakalni,2,"6552, 6587",autobuss,27.7482810,56.2741640
6069,Pakalni,2,"6552, 6587",autobuss,27.7487430,56.2738910
6070,Vertulova,1,6579,autobuss,27.7348073,56.2210716
6071,Vertulova,1,6579,autobuss,27.7346718,56.2210211
6072,Malnava,2,"6577, 6581",autobuss,27.7183541,56.7739775
6073,Malnava,2,"6577, 6581",autobuss,27.7175626,56.7738882
6076,Zelčeva,1,6577,autobuss,27.7932117,56.7768671
6077,Zelčeva,1,6577,autobuss,27.7941219,56.7766264
6079,Orehovka,1,6577,autobuss,27.8757276,56.7584201
6080,Orehovka,1,6577,autobuss,27.8761199,56.7580167
6081,Goliševa,1,6577,autobuss,27.9000788,56.7450988
6082,Goliševa,1,6577,autobuss,27.9000098,56.7444800
6083,Kovališki,1,6587,autobuss,27.8102672,56.3018593
6084,Kovališki,1,6587,autobuss,27.8107266,56.3015406
6088,Horoševa,1,6579,autobuss,27.8801124,56.4290320
6089,Horoševa,1,6579,autobuss,27.8837123,56.4284898
6090,Nirza,1,6579,autobuss,27.9303016,56.4063571
6091,Nirza,1,6579,autobuss,27.9297964,56.4065559
6092,Terehova,1,7444,autobuss,28.1816125,56.3555451
6093,Lauderi,2,"6552, 6579",autobuss,27.9856465,56.3345546
6094,Lauderi,2,"6552, 6579",autobuss,27.9850107,56.3344471
6095,Figurka,1,6552,autobuss,27.9930972,56.3159856
6096,Figurka,1,6552,autobuss,27.9929015,56.3156827
6097,Soboļina,1,6552,autobuss,28.0060129,56.2869035
6098,Soboļina,1,6552,autobuss,28.0061245,56.2873317
6099,Vecslabada,1,6552,autobuss,27.9880303,56.2642100
611,Cenas,2,"7017, 7376",autobuss,23.8161090,56.7033780
6111,Tuļevka,1,5634,autobuss,28.1504070,56.2431660
6112,Tuļevka,1,5634,autobuss,28.1510920,56.2429268
6117,Šuškova,1,5634,autobuss,28.1106703,56.2129120
6118,Šuškova,1,5634,autobuss,28.1098166,56.2126855
612,Cenas,3,"7017, 7376, 7377",autobuss,23.8169422,56.7040442
6123,Meikšāni,1,5634,autobuss,28.0937703,56.1744673
6124,Meikšāni,1,5634,autobuss,28.0938983,56.1747902
6125,Latišonki,1,5634,autobuss,28.0581520,56.1544509
6126,Latišonki,1,5634,autobuss,28.0585250,56.1545768
6129,Zāģernieki,3,"5445, 7668",autobuss,27.0593911,57.2305821
613,Centra laukums,3,"5469, 5470, 6976",autobuss,26.1764208,56.3529540
6130,Zāģernieki,3,"5445, 7668",autobuss,27.0603142,57.2314093
6131,Puidzulis,1,5037,autobuss,26.5130238,57.3670841
6132,Dūre,1,5037,autobuss,26.5533697,57.3266608
6133,Dūre,1,5037,autobuss,26.5535456,57.3266744
6134,Lapati,1,5037,autobuss,26.5800772,57.3175655
6135,Lapati,1,5037,autobuss,26.5801963,57.3175628
6137,Mērupe,1,5037,autobuss,26.6003717,57.3443956
6138,Mērupe,1,5037,autobuss,26.6002750,57.3444555
6139,Ziediņi,1,5037,autobuss,26.5639111,57.3414451
614,Centra laukums,3,"5469, 5470, 6976",autobuss,26.1765306,56.3530347
6140,Ziediņi,1,5037,autobuss,26.5636976,57.3416036
6143,Kalniena,2,"5436, 6012",autobuss,26.9291473,57.2694766
6144,Kalniena,2,"5436, 6012",autobuss,26.9289209,57.2691935
6149,Punakrogs,2,"5436, 6012",autobuss,26.8838438,57.2475386
615,Pagrieziens uz slimnīcu,2,"5124, 6768",autobuss,21.0916120,56.5530640
6150,Punakrogs,2,"5436, 6012",autobuss,26.8836388,57.2473527
616,Centrālais laukums,6,"5250, 6119, 6125, 6135, 6138, 6142",autobuss,25.2531834,56.6007583
6162,Svelberģis,2,"6015, 6025",autobuss,26.7376402,57.1850917
6165,Butāni,1,6015,autobuss,26.7503874,57.2158398
6166,Butāni,1,6015,autobuss,26.7511919,57.2161887
6167,Spriņģi,1,6015,autobuss,26.7546046,57.2338004
6168,Beļava,1,6015,autobuss,26.7697577,57.2537710
6169,Beļava,1,6015,autobuss,26.7700718,57.2537690
617,Centrālais laukums,7,"5250, 6096, 6119, 6125, 6135, 6138, 6142",autobuss,25.2555872,56.6007468
6172,Pilskalns,1,6015,autobuss,26.7769706,57.2843515
6173,Pilskalns,1,6015,autobuss,26.7771170,57.2843969
6174,Beļavas skola,1,6015,autobuss,26.7876176,57.2887930
6175,Beļavas skola,1,6015,autobuss,26.7878215,57.2887839
6176,Makeši,1,6015,autobuss,26.8059123,57.3078846
6177,Makeši,1,6015,autobuss,26.8061080,57.3078682
6178,Svārbe,1,5538,autobuss,26.4172712,57.2710262
6179,Svārbe,1,5538,autobuss,26.4176575,57.2711977
618,Centrs,11,"5114, 5344, 5345, 5348, 5349, 6300, 6801, 6813, 7013, 7512",autobuss,21.6042701,56.7191682
6183,Ūpītis,7,"5419, 5538, 6017, 6019, 7618, 7620, 7767",autobuss,26.7002099,57.2057417
6184,Ūpītis,6,"5037, 5419, 6017, 6019, 7620, 7767",autobuss,26.7002397,57.2057757
6185,Silamala,5,"5419, 5538, 6017, 6019, 7620",autobuss,26.6978837,57.2178636
6186,Silamala,5,"5037, 5419, 6017, 6019, 7620",autobuss,26.6980712,57.2178672
6187,Jaundumpji,6,"5419, 5538, 6017, 6019, 7618, 7620",autobuss,26.6859034,57.2354847
6188,Jaundumpji,5,"5037, 5419, 6017, 6019, 7620",autobuss,26.6856482,57.2365004
6189,Krimi,6,"5419, 5538, 6017, 6019, 7620, 7767",autobuss,26.7010083,57.2566890
619,Centrs,12,"5114, 5344, 5345, 5348, 5349, 6300, 6801, 6813, 7013, 7512, K7013",autobuss,21.6043170,56.7193631
6190,Krimi,6,"5037, 5419, 6017, 6019, 7620, 7767",autobuss,26.7024285,57.2558163
6191,Auguliena,6,"5419, 5538, 6017, 6019, 7618, 7620",autobuss,26.6828423,57.2747999
6192,Auguliena,5,"5037, 5419, 6017, 6019, 7620",autobuss,26.6816347,57.2752421
6193,Jānūži,7,"5419, 5538, 6017, 6019, 7618, 7620, 7767",autobuss,26.6474334,57.2839535
6194,Jānūži,6,"5037, 5419, 6017, 6019, 7620, 7767",autobuss,26.6475008,57.2839275
6197,Stāmeriena,2,"5436, 6012",autobuss,26.8828364,57.2385156
6198,Stāmeriena,2,"5436, 6012",autobuss,26.8828701,57.2381030
6199,Pils,2,"5436, 6012",autobuss,26.8984995,57.2146805
6200,Pils,2,"5436, 6012",autobuss,26.8984572,57.2146411
6201,Ruskulova,1,6588,autobuss,27.4968478,56.7972002
6202,Ruskulova,1,6588,autobuss,27.4971354,56.7972006
6203,Zobļeva,1,6588,autobuss,27.4647394,56.7943478
6204,Rogovka,6,"5137, 5150, 5633, 5759, 6535, 7448",autobuss,27.4161314,56.7082766
6205,Rogovka,7,"5137, 5150, 5633, 5759, 6535, 7448, 7451",autobuss,27.4161077,56.7082059
6206,Znotiņi,1,5633,autobuss,27.4455491,56.7163646
6207,Znotiņi,1,5633,autobuss,27.4460706,56.7165296
6208,Bliseņi,3,"5137, 5633, 5759",autobuss,27.4815441,56.7239808
6209,Bliseņi,3,"5633, 5759, 7451",autobuss,27.4823859,56.7238233
6210,Annasmuiža,1,5633,autobuss,27.5092781,56.7123080
6211,Annasmuiža,2,"5633, 7451",autobuss,27.5095555,56.7121160
6212,Mežvidi,5,"5633, 7448, 7449, 7464, 7669",autobuss,27.5364184,56.6951524
6213,Mežvidi,3,"5633, 7448, 7451",autobuss,27.5372957,56.6948317
6216,Padole,1,5633,autobuss,27.5783268,56.6681913
6217,Padole,1,5633,autobuss,27.5779804,56.6673009
6218,Jakulinski,1,5633,autobuss,27.5890453,56.6411553
6219,Jakulinski,1,5633,autobuss,27.5890695,56.6410384
6222,Lapatnieki,1,6577,autobuss,27.7813936,56.7159452
6223,Lapatnieki,1,6577,autobuss,27.7814512,56.7166794
6224,Antonovka,1,6577,autobuss,27.8578050,56.7370991
6225,Antonovka,1,6577,autobuss,27.8570233,56.7368660
6226,Erzeļeva,1,6572,autobuss,27.7871433,56.6023408
6227,Erzeļeva,1,6572,autobuss,27.7873416,56.6022953
6228,Degļeva,1,6572,autobuss,27.8822162,56.6409838
6229,Degļeva,1,6572,autobuss,27.8823725,56.6410732
623,Ceriņi,3,"5172, 6852, 6859",autobuss,24.0695909,56.6992517
6230,Cibla,2,"5265, 6156",autobuss,27.8826874,56.5500868
6231,Cibla,2,"5265, 6156",autobuss,27.8826660,56.5501579
6232,Voiti,2,"5265, 6156",autobuss,27.8540780,56.5609402
6233,Voiti,2,"5265, 6156",autobuss,27.8542245,56.5609647
6235,Ezersala,2,"5265, 6156",autobuss,27.7930263,56.5675622
6236,Ezersala,2,"5265, 6156",autobuss,27.7931660,56.5676920
6237,Jaunbitēni,3,"6119, 6135, 6142",autobuss,25.2711642,56.6153874
6238,Jaunbitēni,5,"6096, 6119, 6135, 6138, 6142",autobuss,25.2706901,56.6148650
6239,Aprūpes centrs,4,"5445, 6006, 7632, 7910",autobuss,26.9955500,57.1878078
624,Ceriņi,3,"5172, 6852, 6859",autobuss,24.0685375,56.6993950
6240,Aprūpes centrs,4,"5445, 7623, 7632, 7910",autobuss,26.9953646,57.1875949
6241,Litenes centrs,9,"5445, 6006, 7632, 7668, 7767, 7840, 7910, 7911",autobuss,27.0251556,57.1899306
6242,Litenes centrs,11,"5445, 7623, 7632, 7668, 7766, 7767, 7840, 7910, 7911",autobuss,27.0252618,57.1898321
6243,Arodskola,3,"6125, 6135, 7997",autobuss,25.2572615,56.6082697
6244,Arodskola,1,6125,autobuss,25.2567739,56.6082669
6245,Maztalanti,1,7200,autobuss,24.7413994,56.4868305
6246,Maztalanti,1,7200,autobuss,24.7415277,56.4869442
6247,Mežmuiža,2,"6128, 7200",autobuss,24.7528089,56.4662628
6248,Mežmuiža,2,"6128, 7200",autobuss,24.7531192,56.4657064
6250,Taurkalne,4,"5526, 6128, 7851",autobuss,24.9348345,56.5628656
6253,Mežvidi,1,5526,autobuss,24.8991194,56.4869270
6255,Skruži,1,6129,autobuss,25.1740181,56.2234536
6256,Skruži,1,6129,autobuss,25.1739961,56.2234810
6257,Dravnieki,3,"5001, 5091, 6129",autobuss,25.2696186,56.1869536
6258,Pilkalne,2,"5001, 5091",autobuss,25.2429177,56.1893626
6259,Censoņi,3,"5001, 5091, 6129",autobuss,25.2262015,56.1969046
6260,Censoņi,3,"5001, 5091, 6129",autobuss,25.2266402,56.1968513
6261,Eglaine,1,5091,autobuss,25.1961674,56.1977338
6262,Pilskalne,4,"5001, 5091, 5251, 6129",autobuss,25.1766700,56.1922695
6263,Pilskalne,4,"5001, 5091, 5251, 6129",autobuss,25.1765502,56.1923218
6264,Grīcgale,1,5251,autobuss,25.1135872,56.2204892
6265,Grīcgale,1,5251,autobuss,25.1135215,56.2205011
6266,Jēči,1,5251,autobuss,25.0652432,56.2464633
6267,Veikals,1,5251,autobuss,25.0462414,56.2732251
6269,Veikals,1,5251,autobuss,25.0465005,56.2732048
6270,Stiebriņi,1,5251,autobuss,25.0067093,56.2972026
6271,Mēmele,1,5251,autobuss,24.9756284,56.3312572
6272,Mēmele,1,5251,autobuss,24.9756642,56.3313212
6273,Daudzeva,1,7238,autobuss,25.2309321,56.5040517
6279,Seces pagrieziens,2,"6132, 6133",autobuss,25.3924553,56.4882422
6280,Sviļi,2,"6132, 6133",autobuss,25.4312414,56.4714432
6281,Sviļi,2,"6132, 6133",autobuss,25.4308923,56.4715817
6284,Sunākste,4,"5497, 6132, 6891, 7238",autobuss,25.4800525,56.4576505
6285,Sunākste,4,"5497, 6132, 6133, 7238",autobuss,25.4800186,56.4577981
6289,Zibšņi,1,6891,autobuss,25.4963174,56.4351998
6290,Zibšņi,1,6891,autobuss,25.4961279,56.4359148
6294,Staburaga veikals,1,6130,autobuss,25.4761918,56.5278920
6295,Staburaga veikals,1,6130,autobuss,25.4760050,56.5281054
6297,Krūmāji,1,6130,autobuss,25.4893251,56.5419398
6299,Krūmāji,1,6130,autobuss,25.4893762,56.5419467
6301,Skrīveru stacija,3,"5980, 6101, 7764",autobuss,25.1223327,56.6469748
6302,Ozoli,3,"5982, 6105, 6113",autobuss,25.3915993,56.7338539
6303,Ozoli,2,"5982, 6113",autobuss,25.3918379,56.7338517
6304,Tupiešēni,2,"6096, 6105",autobuss,25.4972955,56.7472609
6305,Vilkāres,1,6096,autobuss,25.5231985,56.7631030
6306,Vilkāres,1,6096,autobuss,25.5230519,56.7630068
6307,Pērse,1,6096,autobuss,25.5548380,56.7756417
6308,Pērse,1,6096,autobuss,25.5545188,56.7757288
6311,Salānieši,1,6429,autobuss,25.7831487,56.7826903
6312,Kaivēni,1,6429,autobuss,25.6479024,56.7256972
6313,Odzienas skola,2,"6141, 6429",autobuss,25.7277530,56.7135105
6314,Odzienas skola,2,"6141, 6429",autobuss,25.7279090,56.7133060
6315,Vietalva,2,"6141, 6429",autobuss,25.7657056,56.7363004
6316,Vietalva,2,"6141, 6429",autobuss,25.7658355,56.7361993
6317,Dzirnavas,1,6429,autobuss,25.7874301,56.7544438
6318,Dzirnavas,2,"6141, 6429",autobuss,25.7874518,56.7542097
6319,Sērene,13,"5526, 6119, 6128, 6129, 6132, 6133, 6134, 6138, 7238, 7491, 7851, 7898",autobuss,25.2107256,56.5762671
6320,Sērene,13,"5526, 6119, 6128, 6129, 6132, 6133, 6134, 6138, 7238, 7491, 7851, 7898",autobuss,25.2110225,56.5760391
6323,Krieviņi,4,"5526, 6119, 6134, 7491",autobuss,25.1414700,56.5983800
6324,Krieviņi,4,"5526, 6119, 6134, 7491",autobuss,25.1412694,56.5983732
6325,Totēni,2,"6119, 6134",autobuss,25.1691132,56.5935313
6326,Totēni,2,"6119, 6134",autobuss,25.1693904,56.5935371
6327,Ainavas,3,"6119, 6134, 6138",autobuss,25.1941848,56.5874845
6328,Ainavas,2,"6119, 6134",autobuss,25.1947092,56.5872291
6329,HES pagrieziens,8,"6119, 6132, 6133, 6134, 6138, 7851, 7898",autobuss,25.2244066,56.5737027
6330,HES pagrieziens,10,"6116, 6119, 6130, 6132, 6133, 6134, 6138, 7195, 7851",autobuss,25.2261988,56.5739260
6333,Virši A birojs,2,"5250, 6125",autobuss,25.2339198,56.6142413
6335,Aizkraukles pagrieziens,2,"5980, 6101",autobuss,25.2298728,56.6222118
6336,Aizkraukles pagrieziens,2,"5980, 6101",autobuss,25.2300044,56.6222049
6338,Krīči,2,7851,autobuss,24.6794400,56.4897137
6339,Valle,2,7851,autobuss,24.7230247,56.5091044
6340,Valle,3,"6128, 7851",autobuss,24.7242537,56.5104921
6342,Strauti,3,"6128, 7851",autobuss,24.7688074,56.5258657
6343,Strauti,3,"6128, 7851",autobuss,24.7693257,56.5258771
6344,Reizēni,3,"6128, 7851",autobuss,24.8632533,56.5479781
6345,Reizēni,3,"6128, 7851",autobuss,24.8638483,56.5477797
6348,Jaunozoliņi,3,"6129, 6132, 6133",autobuss,25.2187077,56.5483069
6349,Jaunozoliņi,3,"6129, 6132, 6133",autobuss,25.2185601,56.5480977
6356,Daudzese,1,6129,autobuss,25.2184730,56.4755586
6357,Daudzese,1,6129,autobuss,25.2182382,56.4763306
6359,Lāču pagrieziens,1,6129,autobuss,25.2200049,56.4477881
636,Cielavas,1,5616,autobuss,23.8032144,56.8950037
6360,Lāču pagrieziens,1,6129,autobuss,25.2199673,56.4477148
6361,Viesītes upe,1,6129,autobuss,25.2267407,56.4240821
6362,Viesītes upe,1,6129,autobuss,25.2238425,56.4224452
6363,Ceļa meistars,1,6129,autobuss,25.2139070,56.3439920
6364,Ceļa meistars,1,6129,autobuss,25.2149698,56.3434886
6365,Zalve,1,6129,autobuss,25.2445397,56.3241170
6366,Zalve,1,6129,autobuss,25.2442179,56.3240057
6367,Neretas mežniecība,1,6129,autobuss,25.2220602,56.2659586
6368,Neretas mežniecība,1,6129,autobuss,25.2216748,56.2654183
6370,Pērses tilts,1,6102,autobuss,25.3908742,56.6569189
6371,Vesetnieki,1,6430,autobuss,25.8480710,56.6202040
6372,Krievciems,7,"6357, 6430, 7202, 7693, 7702, 7850, 7989",autobuss,25.8721301,56.6251775
6373,Krievciems,7,"6357, 6430, 7202, 7693, 7702, 7850, 7989",autobuss,25.8721301,56.6251775
6374,Krūmēnu kapi,1,6430,autobuss,25.8912963,56.6293964
6375,Krūmēnu kapi,1,6430,autobuss,25.8961688,56.6301711
6376,Krievciema dzirnavas,6,"6357, 6430, 7693, 7702, 7850, 7989",autobuss,25.9081502,56.6333262
6377,Krievciema dzirnavas,6,"6357, 6430, 7693, 7702, 7850, 7989",autobuss,25.9102045,56.6339761
6378,Penderi,2,"7249, 7493",autobuss,24.7790278,56.4851752
6379,Penderi,2,"7249, 7493",autobuss,24.7789335,56.4851338
6380,Krasti,3,"5526, 7249, 7493",autobuss,24.9222465,56.4410857
6381,Krasti,3,"5526, 7249, 7493",autobuss,24.9216222,56.4417493
6382,Strautiņi,1,5526,autobuss,24.9279928,56.4125971
6385,Vētras,2,"7249, 7493",autobuss,24.9692432,56.3897252
6386,Vētras,2,"7249, 7493",autobuss,24.9692688,56.3897035
6387,Krūmiņciems,1,5526,autobuss,24.9863828,56.3806101
6388,Krūmiņciems,1,5526,autobuss,24.9875606,56.3798843
6389,Sierotava,2,"7249, 7493",autobuss,25.1483463,56.2814514
6390,Sierotava,2,"7249, 7493",autobuss,25.1490726,56.2808162
6391,Bērzi,3,"5144, 6373, 6388",autobuss,24.1066681,56.3400564
6394,Zalves pagrieziens,3,"6129, 7249, 7493",autobuss,25.2205599,56.2513383
6395,Zalves pagrieziens,3,"6129, 7249, 7493",autobuss,25.2214437,56.2509981
6398,Drusti,2,"6129, 7249",autobuss,25.2665597,56.2393450
6399,Drusti,2,"6129, 7249",autobuss,25.2667615,56.2393423
64,Akmeņkalni,1,6684,autobuss,24.3942193,57.7444896
6400,Rūpkombināts,2,"5494, 5495",autobuss,25.3356111,56.2505068
6401,Rūpkombināts,2,"5494, 5495",autobuss,25.3346558,56.2499379
6404,Jakelāni,2,"5494, 5495",autobuss,25.3207216,56.2251818
6405,Jakelāni,2,"5494, 5495",autobuss,25.3208203,56.2257364
641,Cīniju iela,1,6089,autobuss,24.6431059,56.8097214
6411,Zivsaimniecība,2,7851,autobuss,25.2674254,56.5715250
6412,Zivsaimniecība,2,7851,autobuss,25.2691219,56.5722525
6413,Mellēni,2,7851,autobuss,25.2853693,56.5780951
6414,Mellēni,2,7851,autobuss,25.2879776,56.5776176
6415,Pargīzes,6,"6116, 6130, 7195, 7851, 7898",autobuss,25.3027446,56.5744011
6416,Pargīzes,6,"6116, 6130, 7195, 7851, 7898",autobuss,25.3053013,56.5736838
6417,Sniķeri,2,7851,autobuss,25.3334495,56.5692025
6418,Sniķeri,2,7851,autobuss,25.3349783,56.5688703
6419,Ozoliņi,5,"6130, 7195, 7851, 7898",autobuss,25.4357582,56.5570322
642,Cīniju iela,1,6089,autobuss,24.6423293,56.8098664
6420,Ozoliņi,5,"6130, 7195, 7851, 7898",autobuss,25.4376620,56.5571437
6421,Tūristu bāze,5,"5698, 6141, 6429, 7702, 7799",autobuss,25.7094329,56.6500125
6422,Tūristu bāze,5,"5698, 6141, 6429, 7702, 7799",autobuss,25.7094083,56.6502593
6423,Odziena,4,"6141, 6429, 7702, 7799",autobuss,25.6883932,56.7109238
6424,Odziena,4,"6141, 6429, 7702, 7799",autobuss,25.6885299,56.7114062
6425,Benckalni,2,"6429, 7702",autobuss,25.6882252,56.7300813
6426,Benckalni,2,"6429, 7702",autobuss,25.6884926,56.7305592
6427,Iršu pagrieziens,1,6429,autobuss,25.6924738,56.7477063
6428,Iršu pagrieziens,1,6429,autobuss,25.6924599,56.7467790
6429,Alunēni,3,"6429, 7702, 7799",autobuss,25.6953668,56.7588146
6430,Alunēni,3,"6429, 7702, 7799",autobuss,25.6954426,56.7586589
6431,Bormaņi,8,"5981, 5982, 6080, 6096, 6103, 6113, 6146, 6425",autobuss,25.4814705,56.6775229
6432,Bormaņi,6,"5981, 5982, 6096, 6103, 6113, 6425",autobuss,25.4812834,56.6771351
6433,Tupiešēni,1,6096,autobuss,25.4974163,56.7472778
6434,Vecbebri,7,"5981, 6096, 6103, 6105, 6113, 6146, 6425",autobuss,25.4892859,56.7207731
6435,Vecbebri,6,"5981, 6096, 6103, 6105, 6113, 6425",autobuss,25.4893769,56.7207925
6436,Zemieši,3,"5981, 6096, 6425",autobuss,25.5468719,56.7317626
6437,Odzienas pagrieziens,3,"5981, 6096, 6425",autobuss,25.6007490,56.7386285
6438,Atvases,2,"5981, 6425",autobuss,25.6111693,56.7667219
6440,Irši,4,"5981, 6096, 6425, 6429",autobuss,25.5942236,56.7929875
6441,Kaplava,12,"5975, 5976, 5981, 6096, 6102, 6103, 6113, 6142, 6425, 7006, 7010, 7198",autobuss,25.3173900,56.6218134
6442,Kaplava,9,"5976, 5981, 6096, 6102, 6103, 6113, 6142, 6425, 7198",autobuss,25.3165186,56.6213726
6445,Bidegi,1,7989,autobuss,25.3526661,56.6342084
6447,Rožlejas,8,"5981, 6096, 6102, 6103, 6113, 6142, 6425, 7198",autobuss,25.3700106,56.6402970
6448,Rožlejas,10,"5976, 5981, 6096, 6102, 6103, 6113, 6142, 6425, 7010, 7198",autobuss,25.3714338,56.6405936
6451,Rīteri,9,"6112, 6142, 7010, 7198, 7202, 7693, 7981, 7989, 7992",autobuss,25.5161954,56.6021786
6452,Rīteri,11,"6112, 6142, 7010, 7198, 7202, 7693, 7899, 7981, 7989, 7992, 7997",autobuss,25.5163954,56.6020586
6453,Ratnieki,1,6112,autobuss,25.5554714,56.5908635
6454,Ratnieki,1,6112,autobuss,25.5542911,56.5910298
6455,Klintaine,5,"6112, 6142, 7198, 7202, 7992",autobuss,25.5993811,56.5876833
6456,Klintaine,5,"6112, 6142, 7198, 7202, 7992",autobuss,25.6013834,56.5874820
6457,Pleči,2,"6112, 6142",autobuss,25.6175863,56.5912722
6458,Pleči,3,"6112, 6142, 7997",autobuss,25.6163127,56.5908759
6459,Stukmaņi,3,"6112, 6142, 7198",autobuss,25.6392455,56.5961638
6460,Stukmaņi,4,"6112, 6142, 7010, 7198",autobuss,25.6409451,56.5963378
6461,Priedaine,4,"6112, 7010, 7981, 7992",autobuss,25.6585511,56.6015849
6462,Priedaine,5,"6112, 7010, 7611, 7693, 7989",autobuss,25.6582745,56.6014242
6465,Skrīveru pagrieziens,2,"5980, 6101",autobuss,25.0887283,56.6257246
6466,Skrīveru pagrieziens,2,"5980, 6101",autobuss,25.0887000,56.6254281
6467,Vecsaliena,2,"5320, 6161",autobuss,26.7665871,55.8216731
6468,Vecsaliena,2,"5320, 6161",autobuss,26.7673037,55.8215152
6469,Tartaki,2,"5320, 6161",autobuss,26.8317163,55.8169524
647,Cirsmas,1,6830,autobuss,24.6616612,56.9680660
6470,Tartaki,2,"5320, 6161",autobuss,26.8298137,55.8166125
6471,Upmale,1,6161,autobuss,26.8703520,55.8216750
6472,Upmale,1,6161,autobuss,26.8703520,55.8211460
6473,Saliena,2,"5320, 6161",autobuss,26.8800842,55.8236442
6474,Saliena,2,"5320, 6161",autobuss,26.8823721,55.8241984
6475,Stenderi,1,6161,autobuss,26.9185777,55.8326916
6476,Stenderi,1,6161,autobuss,26.9201175,55.8327404
6477,Lielborne,2,"6161, 6212",autobuss,26.9686389,55.8608962
6478,Lielborne,2,"6161, 6212",autobuss,26.9690387,55.8612470
6479,Dubovka,5,"5320, 5325, 6161, 6167, 6169",autobuss,26.5755442,55.8436252
648,Cirsmas,1,6830,autobuss,24.6608548,56.9683206
6480,Dubovka,5,"5320, 5325, 6161, 6167, 6169",autobuss,26.5756442,55.8436252
6481,Osinovka,5,"5320, 5325, 6161, 6167, 6169",autobuss,26.6345570,55.8286337
6482,Osinovka,5,"5320, 5325, 6161, 6167, 6169",autobuss,26.6326167,55.8288041
6483,Salmanovka,5,"5320, 5325, 6161, 6167, 6169",autobuss,26.6795415,55.8189285
6484,Salmanovka,5,"5320, 5325, 6161, 6167, 6169",autobuss,26.6783150,55.8193043
6485,Skrudaliena,5,"5320, 5325, 6161, 6167, 6169",autobuss,26.7125340,55.8148780
6486,Mostovka,2,"5325, 6169",autobuss,26.7257419,55.7964640
6487,Mostovka,2,"5325, 6169",autobuss,26.7266599,55.7956545
6488,Vārpene,2,"5325, 6169",autobuss,26.7488998,55.7800316
6489,Vārpene,2,"5325, 6169",autobuss,26.7492016,55.7796056
649,Cirši,2,"5573, 6172",autobuss,26.7183214,55.9421439
6490,Silene,2,"5325, 6169",autobuss,26.7877039,55.7502547
6491,Silene,2,"5325, 6169",autobuss,26.7871140,55.7511020
650,Cirši,3,"5573, 5575, 6172",autobuss,26.7181754,55.9421502
6500,Dubna,1,6159,autobuss,26.6787097,56.0761412
6501,Dubna,1,6184,autobuss,26.6768372,56.0756688
6502,Kondavnieki,1,6159,autobuss,26.6417603,56.0719248
6503,Kondavnieki,1,6184,autobuss,26.6411481,56.0721712
6504,Grancova,1,6159,autobuss,26.6100069,56.0838640
6505,Grancova,1,6184,autobuss,26.6088932,56.0844009
6506,Ritiņauka,1,6159,autobuss,26.4110580,56.1211931
6507,Ritiņauka,1,6184,autobuss,26.4105342,56.1215839
6508,Kalupe,2,"6159, 6183",autobuss,26.5497234,56.0963365
6509,Kalupe,2,"6183, 6184",autobuss,26.5494368,56.0965015
651,Cīruļi,1,6402,autobuss,22.4780040,57.3735877
6510,Bībelišķi,1,6159,autobuss,26.4959866,56.1041066
6511,Bībelišķi,1,6184,autobuss,26.4967019,56.1040805
6512,Bērzi,3,"5144, 6373, 6388",autobuss,24.1074057,56.3406577
6513,Morkanišķi,1,6159,autobuss,26.4473736,56.1052138
6514,Morkanišķi,1,6184,autobuss,26.4468162,56.1055277
6515,Krauja,9,"5508, 5573, 5575, 6172, 6178, 7543, 7554, 7555, 7560",autobuss,26.6573734,55.9107001
6516,Krauja,9,"5508, 5572, 5573, 5575, 6172, 6178, 7543, 7554, 7555",autobuss,26.6582477,55.9111191
6519,Arendoles pagrieziens,1,7893,autobuss,26.7041900,56.0893266
6520,Arendoles pagrieziens,1,7893,autobuss,26.7040026,56.0889713
6521,Mācitājmāja,1,6025,autobuss,26.7530833,57.1522645
6522,Mācitājmāja,1,6025,autobuss,26.7523382,57.1517265
6523,Ceļmalas,1,6025,autobuss,26.7460564,57.1479599
6524,Ceļmalas,1,6025,autobuss,26.7446503,57.1472960
6525,Šķieneri,3,"6025, 6028, 7628",autobuss,26.7372865,57.1396071
6526,Šķieneri,2,"6025, 7628",autobuss,26.7374122,57.1402737
6527,Stāķi,10,"5038, 6010, 6018, 6022, 6024, 6026, 6027, 6028, 7202, 7628",autobuss,26.7282868,57.1343571
6528,Stāķi,11,"5038, 6010, 6018, 6022, 6024, 6026, 6027, 6028, 7202, 7618, 7628",autobuss,26.7273923,57.1339320
6529,Stari,3,"6022, 6028, 7628",autobuss,26.7251680,57.1207334
6530,Stari,3,"6022, 6028, 7628",autobuss,26.7261080,57.1215192
6531,Anķupene,1,6028,autobuss,26.7157477,57.1135342
6532,Anķupene,1,6028,autobuss,26.7154168,57.1135476
6533,Elstes,3,"6022, 6028, 7628",autobuss,26.6989675,57.1013693
6534,Elstes,2,"6022, 7628",autobuss,26.6980374,57.1011247
6536,Skudras,3,"6022, 6028, 7628",autobuss,26.6636486,57.0849081
6537,Skudras,2,"6022, 7628",autobuss,26.6633686,57.0849465
6538,Gulbītis,2,"6022, 7628",autobuss,26.6291798,57.0772058
6539,Gulbītis,3,"6022, 6028, 7628",autobuss,26.6293705,57.0771933
6540,Jaungulbene,7,"5038, 5276, 6022, 6027, 6028, 7202, 7628",autobuss,26.6023840,57.0703640
6541,Jaungulbene,7,"5038, 5276, 6022, 6027, 6028, 7202, 7628",autobuss,26.6007671,57.0698986
6544,Smēdītes,1,6028,autobuss,26.7460003,57.0954782
6545,Smēdītes,1,6028,autobuss,26.7460540,57.0951819
6546,Daukstes,1,6028,autobuss,26.7678608,57.0739353
6547,Daukstes,1,6028,autobuss,26.7688007,57.0735574
6548,Micītes,1,6028,autobuss,26.7502274,57.0561688
6549,Micītes,1,6028,autobuss,26.7491696,57.0546714
6550,Jaunsētas,1,6028,autobuss,26.7277405,57.0419227
6551,Jaunsētas,1,6028,autobuss,26.7271087,57.0418423
6552,Briči,1,6028,autobuss,26.6980901,57.0265619
6553,Briči,1,6028,autobuss,26.6986611,57.0268876
6554,Lapši,1,6028,autobuss,26.6677162,57.0158488
6555,Lapši,1,6028,autobuss,26.6674424,57.0158500
6556,Rieksti,1,6028,autobuss,26.6751531,57.0033496
6557,Rieksti,1,6028,autobuss,26.6750114,57.0036274
6558,Madernieki,1,6028,autobuss,26.6477870,56.9992183
6559,Madernieki,1,6028,autobuss,26.6470621,56.9993401
6560,Dravnieki,1,6028,autobuss,26.6166048,57.0031612
6561,Dravnieki,1,6028,autobuss,26.6174882,57.0027793
6562,Kalna skola,1,5038,autobuss,26.5907926,57.1234685
6563,Agrumi,1,5038,autobuss,26.5801551,57.1047584
6564,Agrumi,1,5038,autobuss,26.5809429,57.1035732
6567,Gulbītis,4,"5038, 5276, 6027, 7202",autobuss,26.6278223,57.0778026
6568,Gulbītis,4,"5038, 5276, 6027, 7202",autobuss,26.6283167,57.0774264
6575,Felicianova,2,"5634, 6573",autobuss,27.8676951,56.5356711
6576,Felicianova,2,"5634, 6573",autobuss,27.8690088,56.5358632
6581,Tridņa,2,"5265, 5634",autobuss,27.9155251,56.5363953
6582,Tridņa,2,"5265, 5634",autobuss,27.9160507,56.5365352
6583,Raipole,1,6579,autobuss,27.8801629,56.3695244
6584,Raipole,1,6579,autobuss,27.8801629,56.3697244
6585,Zirgi,3,"6552, 6579, 6587",autobuss,27.7925452,56.2580543
6586,Zirgi,3,"6552, 6579, 6587",autobuss,27.7922417,56.2576747
6587,Gumeņica,1,6579,autobuss,27.9039115,56.3091441
6588,Gumeņica,1,6579,autobuss,27.9046357,56.3090409
6589,Skredeļi,1,6552,autobuss,28.0148816,56.3564803
659,Jēkabpils (Cukurfabrikas iela),1,7452,autobuss,25.8539961,56.5173228
6590,Skredeļi,1,6552,autobuss,28.0156169,56.3567602
6591,Ploski,1,6552,autobuss,28.0749070,56.3806570
6593,Ploski,1,6552,autobuss,28.0762700,56.3810330
6594,Ņukši,2,"6552, 6587",autobuss,27.7301606,56.4529250
6595,Ņukši,2,"6552, 6587",autobuss,27.7309995,56.4533487
6596,Lazari,1,6552,autobuss,27.9376334,56.2480601
6597,Lazari,1,6552,autobuss,27.9364353,56.2480488
6598,Konecpole,1,6552,autobuss,27.8947082,56.2479100
6599,Konecpole,1,6552,autobuss,27.8937302,56.2479927
66,Akmeņu iela,2,"3002, 5238",autobuss,24.6103194,56.8044805
660,Čabas,1,5238,autobuss,24.6466628,56.7688987
6600,Seiļi,1,6579,autobuss,27.8687406,56.3467464
6601,Seiļi,1,6579,autobuss,27.8687085,56.3466654
6602,Peļņi,1,6590,autobuss,27.7093681,56.4880921
6603,Peļņi,1,6590,autobuss,27.7090634,56.4879708
6604,Troškas,1,6027,autobuss,26.4511091,57.1295511
6605,Troškas,1,6027,autobuss,26.4513341,57.1294572
6606,Pauri,1,6027,autobuss,26.5203967,57.0847324
6607,Pauri,1,6027,autobuss,26.5200947,57.0849094
6608,Skoliņas,2,"5038, 6027",autobuss,26.5332596,57.0782920
6609,Skoliņas,2,"5038, 6027",autobuss,26.5332720,57.0781767
6610,Arodvidusskola,2,"5038, 5276",autobuss,26.5951565,57.0615938
6611,Arodvidusskola,2,"5038, 5276",autobuss,26.5958273,57.0615610
6612,Plēsumi,2,"6022, 6028",autobuss,26.5785149,57.0475996
6613,Plēsumi,2,"6022, 6028",autobuss,26.5784293,57.0475621
6614,Siltais,2,"6022, 6028",autobuss,26.5705610,57.0330561
6615,Siltais,2,"6022, 6028",autobuss,26.5706046,57.0330151
6616,Līgo,2,"6022, 6028",autobuss,26.5807598,57.0162362
6617,Līgo,2,"6022, 6028",autobuss,26.5807647,57.0162938
6626,Viņķeles,2,"6017, 6018",autobuss,26.3276986,57.1575519
6627,Viņķeles,2,"6017, 6018",autobuss,26.3278369,57.1575674
6628,Jaunzemi,1,6027,autobuss,26.4859260,57.1149450
6629,Jaunzemi,1,6027,autobuss,26.4858980,57.1150420
663,Čagas,3,"6847, 7467, 7490",autobuss,24.2485378,56.8029802
6630,Lizums 2,2,"6017, 6018",autobuss,26.3668092,57.1837582
6633,Rankas skola,1,6010,autobuss,26.2055397,57.1924222
6634,Rankas skola,1,6010,autobuss,26.2057215,57.1927743
6635,Sproģi,1,6010,autobuss,26.2210875,57.1458420
6636,Sproģi,1,6010,autobuss,26.2215662,57.1451038
6637,Ziemeļi,1,6010,autobuss,26.2219146,57.1321127
6638,Ziemeļi,1,6010,autobuss,26.2224207,57.1312103
6639,Mežkleivas,1,6010,autobuss,26.2570064,57.1263636
6640,Mežkleivas,1,6010,autobuss,26.2586238,57.1261987
6641,Saltupe,1,6010,autobuss,26.2793680,57.1230391
6642,Saltupe,1,6010,autobuss,26.2794349,57.1226423
6643,Rēveļi,8,"5333, 5541, 6010, 7152, 7620, 7719, 7766, 7767",autobuss,26.1325889,57.2385943
6644,Rēveļi,7,"5333, 5541, 6010, 7152, 7620, 7719, 7767",autobuss,26.1330701,57.2391909
6645,Rēveļu skola,1,5333,autobuss,26.1314330,57.2274287
6646,Rēveļu skola,1,5333,autobuss,26.1314204,57.2274110
6647,Rankas kartonfabrika,5,"5541, 6010, 7152, 7620, 7767",autobuss,26.1356573,57.2224282
6648,Rankas kartonfabrika,6,"5541, 6010, 7152, 7620, 7766, 7767",autobuss,26.1357635,57.2216749
6649,Pērle,2,"6017, 6018",autobuss,26.1781941,57.0896922
6650,Poruka muzejs,2,"6017, 6018",autobuss,26.2500599,57.1031457
6651,Poruka muzejs,2,"6017, 6018",autobuss,26.2506911,57.1030656
6652,Rožlejas,2,"6017, 6018",autobuss,26.2736000,57.1070812
6653,Rožlejas,2,"6017, 6018",autobuss,26.2745833,57.1071173
6654,Druviena,3,"6010, 6017, 6018",autobuss,26.2954765,57.1146513
6655,Druviena,3,"6010, 6017, 6018",autobuss,26.2954061,57.1144471
6656,Grote,1,6010,autobuss,26.3443652,57.1082224
6657,Grote,1,6010,autobuss,26.3439626,57.1081423
6659,Stigas,1,6010,autobuss,26.3619967,57.1272481
6660,Dzērbeņi,1,6010,autobuss,26.3819961,57.1341849
6661,Dzērbeņi,1,6010,autobuss,26.3827098,57.1344325
6662,Tirza,6,"6010, 6018, 6024, 6026, 6027, 7618",autobuss,26.4249178,57.1413742
6663,Tirza,5,"6010, 6018, 6024, 6026, 6027",autobuss,26.4249638,57.1413233
6666,Āža dzirnavas,5,"6010, 6018, 6024, 6026, 7618",autobuss,26.4621286,57.1566489
6667,Āža dzirnavas,4,"6010, 6018, 6024, 6026",autobuss,26.4634414,57.1569917
6668,Valgales skola,1,6416,autobuss,22.4839611,57.0546067
6669,Zāģētava,5,"6010, 6018, 6024, 6026, 7618",autobuss,26.5294749,57.1720476
6670,Zāģētava,4,"6010, 6018, 6024, 6026",autobuss,26.5309332,57.1721400
6671,Galgauska,4,"6010, 6018, 6024, 6026",autobuss,26.5536748,57.1693306
6672,Galgauska,5,"6010, 6018, 6024, 6026, 7618",autobuss,26.5534783,57.1696307
6675,Rimstavas,6,"5038, 6010, 6018, 6024, 6026, 7618",autobuss,26.6067442,57.1435790
6676,Rimstavas,5,"5038, 6010, 6018, 6024, 6026",autobuss,26.6073317,57.1431392
6677,Krapa,6,"5038, 6010, 6018, 6024, 6026, 7618",autobuss,26.6582134,57.1339005
6678,Krapa,5,"5038, 6010, 6018, 6024, 6026",autobuss,26.6596906,57.1338880
6681,Justinova,1,6590,autobuss,27.6362130,56.4907577
6682,Justinova,1,6590,autobuss,27.6360488,56.4907545
6684,Jaunslobodka,1,5634,autobuss,27.9991114,56.4541068
6685,Jaunslobodka,1,5634,autobuss,27.9990514,56.4541068
6688,Greči,1,5634,autobuss,27.9641925,56.4945728
6689,Greči,1,5634,autobuss,27.9636199,56.4951578
6690,Ozupiene,1,5634,autobuss,27.9534398,56.5061584
6691,Ozupiene,1,5634,autobuss,27.9540049,56.5065340
6692,Mjaiši,1,5634,autobuss,27.9360720,56.5242778
6693,Mjaiši,1,5634,autobuss,27.9351606,56.5251945
6694,Kristiņķi,1,5150,autobuss,27.2938757,56.7586596
6695,Svikļi,1,5150,autobuss,27.3305716,56.7342213
6696,Svikļi,1,5150,autobuss,27.3310166,56.7337082
6697,Zvirgzdene,2,"5633, 6593",autobuss,27.6715806,56.5855074
6698,Zvirgzdene,2,"5633, 6593",autobuss,27.6716683,56.5854552
6699,Zvirgzdene 1,1,6593,autobuss,27.6864453,56.5753967
67,Akmeņu iela,2,"3002, 5238",autobuss,24.6106361,56.8046178
6700,Zvirgzdene 1,1,6593,autobuss,27.6873269,56.5751774
6701,Aizpūre,2,"5633, 6593",autobuss,27.6430181,56.6032562
6702,Aizpūre,2,"5633, 6593",autobuss,27.6428006,56.6036601
6703,Biņeva,1,6593,autobuss,27.6220252,56.6175259
6704,Biņeva,1,6593,autobuss,27.6216683,56.6176191
6705,Mežarnieki,2,"5633, 6593",autobuss,27.6285262,56.6361212
6706,Mežarnieki,2,"5633, 6593",autobuss,27.6288166,56.6361714
6707,Mišķino,1,6593,autobuss,27.6352032,56.6600765
6708,Mišķino,1,6593,autobuss,27.6354209,56.6601559
6709,Stiglova,1,6593,autobuss,27.6637236,56.6980369
6710,Stiglova,1,6593,autobuss,27.6640473,56.6981847
6711,Krievu Stiglova,1,6593,autobuss,27.6707028,56.7194361
6712,Krievu Stiglova,1,6593,autobuss,27.6708104,56.7196118
6713,Naglāni,1,6593,autobuss,27.6765065,56.7418693
6714,Naglāni,1,6593,autobuss,27.6766388,56.7419800
6715,Hmeļņicki,1,5265,autobuss,27.9737262,56.5578803
6716,Hmeļņicki,1,5265,autobuss,27.9733967,56.5577564
6717,Līdumnieki,1,5265,autobuss,27.9899193,56.5929488
6718,Maļjutki,2,"6187, 6216",autobuss,26.5768308,55.8577479
6719,Maļjutki,2,"6187, 6216",autobuss,26.5763482,55.8577557
6720,Cibuļovka,2,"6187, 6216",autobuss,26.6130108,55.8604942
6721,Cibuļovka,2,"6187, 6216",autobuss,26.6130549,55.8606493
6722,Tabore,2,"6187, 6216",autobuss,26.6321491,55.8687446
6723,Tabore,2,"6187, 6216",autobuss,26.6320248,55.8685108
6724,Elerne,2,"6187, 6216",autobuss,26.7109083,55.8915613
6725,Elerne,2,"6187, 6216",autobuss,26.7100561,55.8918207
6727,Muravki,1,6216,autobuss,26.7681160,55.8832808
6728,Muravki,1,6216,autobuss,26.7674897,55.8823792
6729,Lazdukalns,1,6216,autobuss,26.8353020,55.8793741
6730,Lazdukalns,1,6216,autobuss,26.8319781,55.8799894
6731,Mālkalni,1,6216,autobuss,26.8775712,55.8696072
6732,Mālkalni,1,6216,autobuss,26.8775812,55.8696372
6733,Faļtopi,1,6161,autobuss,26.9497359,55.8590551
6734,Faļtopi,1,6161,autobuss,26.9477452,55.8587110
6736,Peski,2,"6173, 6177",autobuss,26.5247685,55.8259847
6737,Peski,2,"6173, 6177",autobuss,26.5243955,55.8257162
6738,Laucese,2,"6173, 6177",autobuss,26.5238001,55.8150288
6739,Laucese,1,6177,autobuss,26.5243266,55.8154530
6740,Laucese,2,"6173, 6177",autobuss,26.5238399,55.8142235
6741,Laucese,1,6177,autobuss,26.5240216,55.8158027
6742,Dzervanišķi,2,"6173, 6177",autobuss,26.5249796,55.7903450
6743,Dzervanišķi,2,"6173, 6177",autobuss,26.5248461,55.7895445
6744,Ceļa atzarojums,2,"6173, 6177",autobuss,26.5373103,55.7680693
6745,Ceļa atzarojums,2,"6173, 6177",autobuss,26.5373233,55.7673411
6746,Koncedemenka,1,6173,autobuss,26.5283995,55.7504588
6747,Koncedemenka,1,6173,autobuss,26.5280297,55.7499747
6748,Draudzība,1,6173,autobuss,26.5279672,55.7322227
6749,Draudzība,1,6173,autobuss,26.5278280,55.7321793
6750,Pastorāts,1,6173,autobuss,26.5071145,55.7208699
6751,Pastorāts,1,6173,autobuss,26.5068948,55.7209349
6752,Zemgale,1,6173,autobuss,26.4730005,55.7180882
6753,Trikopci,1,6167,autobuss,26.6608207,55.7719807
6754,Trikopci,1,6167,autobuss,26.6603570,55.7716099
6755,Mežvidi,1,6167,autobuss,26.6526410,55.7652992
6756,Mežvidi,1,6167,autobuss,26.6524776,55.7652634
6757,Šengeida,1,6169,autobuss,26.7460658,55.7536030
6758,Behova,2,"6167, 6177",autobuss,26.5779020,55.7066843
6759,Pašķelišķi,1,6167,autobuss,26.6072258,55.7182077
676,Dākas,2,"6847, 6848",autobuss,24.3286112,56.6968506
6760,Pašķelišķi,1,6167,autobuss,26.6076006,55.7177765
6761,Šemberga,1,6167,autobuss,26.6198568,55.7348505
6763,Šemberga,1,6167,autobuss,26.6197568,55.7348505
6764,Kumbuļi,1,6167,autobuss,26.6465872,55.7439641
6765,Kumbuļi,1,6167,autobuss,26.6459669,55.7438744
6766,Lukna,1,6175,autobuss,26.8300536,56.1086295
6767,Lukna,1,6175,autobuss,26.8302613,56.1084406
6768,Višķu tehnikums,5,"5326, 5503, 5506, 6175, 7560",autobuss,26.7678592,56.0636332
6769,Višķu tehnikums,4,"5326, 5503, 5506, 6175",autobuss,26.7684112,56.0633940
677,Dākas,2,"5411, 6848",autobuss,24.3294358,56.6973009
6770,Ambeļi,2,"5326, 5503",autobuss,26.8396937,56.0380976
6771,Kokini,1,5503,autobuss,26.8823850,56.0334617
6772,Kokini,1,5503,autobuss,26.8832135,56.0331350
6773,Lauku ļaperi,1,5503,autobuss,26.9231456,56.0279056
6774,Lauku ļaperi,1,5503,autobuss,26.9250036,56.0275026
6775,Īslīči,3,"5144, 6373, 6388",autobuss,24.1355406,56.3613132
6776,Īslīči,3,"5144, 6373, 6388",autobuss,24.1359145,56.3614802
6779,Greiži,2,"5506, 7560",autobuss,26.8778846,56.0692659
6780,Greiži,1,5506,autobuss,26.8773716,56.0693835
6781,Putāni,2,"5506, 7560",autobuss,26.8577135,56.0672373
6782,Putāni,1,5506,autobuss,26.8580081,56.0674671
6784,Višķi,3,"5506, 6175, 7560",autobuss,26.7888848,56.0553874
6785,Višķi,4,"5326, 5503, 5506, 6175",autobuss,26.7883327,56.0554181
6788,Lipinišķi,2,"5508, 6178",autobuss,26.8900179,55.9475678
6789,Naujenes stacija,3,"5573, 6172, 6178",autobuss,26.7493013,55.9350355
6790,Naujenes stacija,4,"5508, 5573, 5575, 6172",autobuss,26.7491600,55.9351706
6791,Laidzes bērnudārzs,2,"6409, 6412",autobuss,22.6591278,57.2877443
6792,Biķernieki,2,"5575, 6172",autobuss,26.8019956,55.9748982
6793,Biķernieki,2,"5575, 6172",autobuss,26.8036566,55.9744926
6794,Pavlova,1,6172,autobuss,26.8979499,55.9891099
6795,Pavlova,1,6172,autobuss,26.8981706,55.9890062
6796,Bramanišķi,1,6172,autobuss,26.9139326,55.9967681
6797,Austrumi,1,6177,autobuss,26.5480635,55.8006113
6798,Austrumi,1,6177,autobuss,26.5479771,55.8005950
6799,Matulanišķi,1,6177,autobuss,26.5644628,55.7926651
6800,Matulanišķi,1,6177,autobuss,26.5646267,55.7926558
6801,Mežaņi,1,6177,autobuss,26.5857440,55.7878733
6802,Mežaņi,1,6177,autobuss,26.5854431,55.7879629
6803,Konovališķi,1,6177,autobuss,26.6007448,55.7756773
6804,Konovališķi,1,6177,autobuss,26.6004132,55.7755131
6805,Jāņuciems,1,6177,autobuss,26.5846564,55.7577313
6806,Jāņuciems,1,6177,autobuss,26.5842638,55.7576224
6807,Kociņi,1,6177,autobuss,26.5772240,55.7547861
6808,Kociņi,1,6177,autobuss,26.5761752,55.7544852
6809,Kščevo,1,6190,autobuss,26.3933929,55.7404439
681,Dambis,4,"6090, 6091, 6110, 6126",autobuss,24.6523024,56.8171628
6810,Kščevo,1,6190,autobuss,26.3925570,55.7404410
6811,Greizais tilts,1,6190,autobuss,26.3968883,55.7650715
6812,Greizais tilts,1,6190,autobuss,26.3966883,55.7650715
6813,Kalkūni,2,"6154, 6176",autobuss,26.4886678,55.8468156
6814,Kalkūni,2,"6154, 6176",autobuss,26.4876091,55.8461583
6815,Berkenele,1,6176,autobuss,26.4521332,55.8199790
6816,Berkenele,1,6176,autobuss,26.4517029,55.8199497
6817,Degtjarka,1,6176,autobuss,26.4333593,55.7939261
6818,Sadņiki,2,"6187, 6216",autobuss,26.7074103,55.8785124
682,Dambis,4,"6067, 6090, 6091, 6110",autobuss,24.6529089,56.8175597
6820,Sadņiki,2,"6187, 6216",autobuss,26.7071121,55.8779085
6822,Savišķi,1,6187,autobuss,26.7062793,55.8612371
6823,Savišķi,1,6187,autobuss,26.7061816,55.8615860
6825,Briģene,1,6177,autobuss,26.5501272,55.7436381
6826,Briģene,1,6177,autobuss,26.5500310,55.7432377
6829,Gateņi,1,6177,autobuss,26.5509641,55.6992004
6830,Gateņi,1,6177,autobuss,26.5504739,55.6994065
6831,Šķirņa,1,6177,autobuss,26.5623715,55.6911901
6832,Šķirņa,1,6177,autobuss,26.5633110,55.6905057
6833,Lietuvas robeža,1,6177,autobuss,26.5791433,55.6769511
6834,Lietuvas robeža,1,6177,autobuss,26.5809633,55.6756659
6835,Mežniecība,1,6183,autobuss,26.4355356,56.0004064
6836,Mežniecība,1,6183,autobuss,26.4377786,56.0008964
6840,Aizupieši,1,6183,autobuss,26.5321950,56.0757052
6841,Aizupieši,1,6183,autobuss,26.5329825,56.0758128
6842,Eglaine,2,"6207, 6295",autobuss,26.1287069,55.9492832
6843,Eglaine,2,"6207, 6295",autobuss,26.1276837,55.9492813
6844,Eglaines stacija,2,"5505, 6295",autobuss,26.1303510,55.9501131
6845,Vabole,1,6183,autobuss,26.4625389,56.0290964
6846,Vabole,1,6183,autobuss,26.4627566,56.0287907
6847,Šedere,2,"6207, 6295",autobuss,26.1729712,55.9334416
6848,Šedere,2,"6207, 6295",autobuss,26.1723413,55.9331661
6849,Pašuliena,2,"6207, 6295",autobuss,26.2464966,55.9448879
685,Dambji,3,"5172, 6852, 6859",autobuss,24.0747097,56.7993373
6850,Pašuliena,2,"6207, 6295",autobuss,26.2449543,55.9447592
6851,Ilūkstes stacija,2,"6207, 6295",autobuss,26.2311887,55.9438259
6852,Ilūkstes stacija,2,"6207, 6295",autobuss,26.2304158,55.9439725
6854,Ludvigova,1,6200,autobuss,26.1753816,56.0068021
6856,Podgrieži,1,6166,autobuss,26.3637018,55.9666956
6857,Podgrieži,1,6166,autobuss,26.3646593,55.9660629
6858,Arone,1,6166,autobuss,26.4153321,55.9375743
6859,Arone,1,6166,autobuss,26.4153718,55.9371327
686,Dambji,3,"5172, 6852, 6859",autobuss,24.0748158,56.8004054
6860,Dviete,1,6203,autobuss,26.2841030,56.0594710
6861,Dviete,2,"6200, 6203",autobuss,26.2840029,56.0594555
6862,Timšāni,1,6203,autobuss,26.2771380,56.0369451
6863,Timšāni,2,"6200, 6203",autobuss,26.2767402,56.0358921
6865,Atvari,2,"6200, 6203",autobuss,26.1565501,56.0775276
6866,Zariņi,2,"6200, 6203",autobuss,26.2052110,56.0875845
6868,Ūzeņkrogs,2,"6200, 6203",autobuss,26.2360287,56.0742950
6869,Tiņģere,2,"5998, 6422",autobuss,22.5275626,57.4483685
6870,Īve,1,6422,autobuss,22.5272747,57.4271504
6871,Nikuži,1,6422,autobuss,22.5211546,57.4123220
6874,Tiltiņi,1,6422,autobuss,22.5313174,57.3878399
6875,Baužu ezers,5,"7599, 7600, 7743, 7744, 7747",autobuss,25.1864428,57.4324178
6876,Baužu ezers,3,"7599, 7743, 7744",autobuss,25.1873789,57.4325112
6878,Druļi,2,"5390, 6603",autobuss,25.2116867,57.4404794
6879,Podzēni,7,"5397, 6604, 7599, 7600, 7743, 7744, 7747",autobuss,25.2262999,57.4498956
6880,Podzēni,5,"5390, 6603, 7599, 7743, 7744",autobuss,25.2280619,57.4508014
6882,Rubene,7,"5397, 6604, 7599, 7600, 7743, 7744, 7747",autobuss,25.2600196,57.4647979
6883,Rubene,5,"6603, 7599, 7600, 7743, 7744",autobuss,25.2613106,57.4650279
6886,Saulītes,7,"6599, 6604, 7599, 7600, 7743, 7744, 7747",autobuss,25.2943016,57.4814660
6887,Saulītes,6,"5305, 5390, 6603, 7599, 7743, 7744",autobuss,25.2951091,57.4818822
6890,Mieriņi,2,"6599, 6604",autobuss,25.3165145,57.4969557
6891,Mieriņi,1,6603,autobuss,25.3175654,57.4974303
6892,Kaktiņi,12,"5305, 5397, 6599, 6604, 6689, 7145, 7599, 7600, 7743, 7744, 7747, 7806",autobuss,25.3326961,57.5072742
6893,Kaktiņi,10,"5305, 5390, 6599, 6603, 6689, 7145, 7599, 7743, 7744, 7807",autobuss,25.3334024,57.5075659
6894,Kocēni,1,5305,autobuss,25.3475478,57.5164499
6896,Bērnudārzs,2,"5453, 5454",autobuss,24.7412470,57.3250860
6897,Pilāti,3,"5427, 7601, 7825",autobuss,25.4524442,57.5585627
6898,Pilāti,3,"7600, 7601, 7825",autobuss,25.4517748,57.5582449
69,Aknīstes vidusskola,2,"5897, 5899",autobuss,25.7369725,56.1633306
6901,Slaunes,3,"5427, 7601, 7825",autobuss,25.4846214,57.5765693
6902,Slaunes,3,"7600, 7601, 7825",autobuss,25.4829557,57.5760275
6905,Mellupe,3,"7600, 7601, 7825",autobuss,25.5257143,57.5850763
6906,Mellupe,4,"5427, 7600, 7601, 7825",autobuss,25.5251917,57.5849660
6911,Krāči,3,"5427, 7601, 7825",autobuss,25.5964856,57.6091611
6912,Krāči,3,"7600, 7601, 7825",autobuss,25.5963698,57.6091164
6913,Mildas,2,"7145, 7807",autobuss,25.2874737,57.5031684
6914,Mildas,3,"5305, 7145, 7806",autobuss,25.2883405,57.5033302
6915,Vārnas,2,"6599, 6689",autobuss,25.2611512,57.5021730
6916,Vārnas,3,"5305, 5397, 6689",autobuss,25.2618451,57.5022974
6918,Sarmas,1,5305,autobuss,25.2298443,57.5015459
6921,Virši,3,"6689, 7145, 7807",autobuss,25.1957719,57.5040961
6922,Virši,4,"5305, 6689, 7145, 7806",autobuss,25.1937626,57.5047685
6923,Rāvas,1,5305,autobuss,25.1636842,57.5127890
6924,Rāvas,1,5305,autobuss,25.1650473,57.5125397
6925,Mazbrenguļi,4,"5305, 6689, 7145, 7807",autobuss,25.1436094,57.5162744
6926,Mazbrenguļi,4,"5305, 6689, 7145, 7806",autobuss,25.1431040,57.5164675
6931,Dauguļi,4,"5305, 6689, 7145, 7807",autobuss,25.0755074,57.5190217
6932,Dauguļi,3,"6689, 7145, 7806",autobuss,25.0737811,57.5190883
6933,Baloži,3,"7774, 7803, 7812",autobuss,25.1223068,57.7052966
6934,Baloži,3,"7774, 7803, 7812",autobuss,25.1229096,57.7051832
6935,Pankas,8,"6500, 6607, 6619, 6631, 7744, 7774, 7803, 7812",autobuss,25.3682431,57.5559941
6936,Pankas,9,"6500, 6607, 6619, 6631, 7744, 7747, 7774, 7803, 7812",autobuss,25.3682345,57.5557960
6939,Ķoniņi,9,"6500, 6607, 6619, 6631, 7744, 7747, 7774, 7803, 7812",autobuss,25.3281845,57.5825015
694,Darbnīcas,1,5470,autobuss,26.2737900,56.4558160
6940,Ķoniņi,8,"6500, 6607, 6619, 6631, 7744, 7774, 7803, 7812",autobuss,25.3276455,57.5831318
6943,Krūzes,8,"6500, 6607, 6631, 7744, 7747, 7774, 7803, 7812",autobuss,25.2998737,57.6067242
6944,Krūzes,7,"6500, 6607, 6631, 7744, 7774, 7803, 7812",autobuss,25.2995588,57.6070175
6947,Velmeri,7,"6500, 6607, 6631, 7744, 7747, 7803, 7812",autobuss,25.2709033,57.6242520
6948,Velmeri,6,"6500, 6607, 6631, 7744, 7803, 7812",autobuss,25.2693215,57.6257215
6949,Īgums,8,"6500, 6607, 6631, 7744, 7747, 7774, 7803, 7812",autobuss,25.2532925,57.6377908
695,Darbnīcas,1,5470,autobuss,26.2736090,56.4561420
6950,Īgums,7,"6500, 6607, 6631, 7744, 7774, 7803, 7812",autobuss,25.2536686,57.6376868
6953,Briedes,7,"6500, 6607, 7744, 7747, 7774, 7803, 7812",autobuss,25.2159651,57.6647935
6954,Briedes,6,"6500, 6607, 7744, 7774, 7803, 7812",autobuss,25.2140657,57.6658148
6955,Pinte,6,"6500, 6607, 7744, 7747, 7803, 7812",autobuss,25.1960319,57.6775837
6956,Pinte,5,"6500, 6607, 7744, 7803, 7812",autobuss,25.1957001,57.6779932
6959,Matīši,7,"6500, 6607, 7744, 7747, 7774, 7803, 7812",autobuss,25.1603614,57.6993093
6960,Matīši,6,"6500, 6607, 7744, 7774, 7803, 7812",autobuss,25.1603888,57.6994899
6963,Celmi,4,"6500, 6607, 7744, 7747",autobuss,25.1676985,57.7292353
6964,Celmi,3,"6500, 6607, 7744",autobuss,25.1678507,57.7299349
6965,Bauņi,4,"6500, 6607, 7744, 7747",autobuss,25.1638533,57.7435165
6966,Bauņi,3,"6500, 6607, 7744",autobuss,25.1638318,57.7443147
6967,Šķiņķi,4,"6500, 6607, 7744, 7747",autobuss,25.1574850,57.7581515
6968,Šķiņķi,3,"6500, 6607, 7744",autobuss,25.1571285,57.7588893
6971,Vecate,4,"6500, 6607, 7744, 7747",autobuss,25.1339629,57.7926791
6972,Vecate,3,"6500, 6607, 7744",autobuss,25.1336464,57.7932588
6975,Rožkalni,4,"6500, 6607, 7744, 7747",autobuss,25.0981430,57.8178622
6976,Rožkalni,3,"6500, 6607, 7744",autobuss,25.0980352,57.8181735
6977,Ķeiķi,4,"6500, 6607, 7744, 7747",autobuss,25.0658075,57.8302331
6978,Ķeiķi,3,"6500, 6607, 7744",autobuss,25.0657525,57.8303145
6983,Viesturskola,7,"5427, 6500, 6615, 6622, 6633, 7743, 7819",autobuss,25.4349090,57.5493204
6986,Vecbebri,4,"6500, 6633, 7743, 7819",autobuss,25.4547049,57.6111272
6987,Vecbebri,4,"6500, 6633, 7743, 7819",autobuss,25.4549569,57.6109163
6988,Buka,4,"6500, 6633, 7743, 7819",autobuss,25.4487542,57.6277756
6989,Buka,4,"6500, 6633, 7743, 7819",autobuss,25.4488890,57.6274538
6992,Sauļi,4,"6500, 6633, 7743, 7819",autobuss,25.4285557,57.6601050
6993,Sauļi,4,"6500, 6633, 7743, 7819",autobuss,25.4288977,57.6611810
6996,Lizdēni,4,"6500, 6633, 7743, 7819",autobuss,25.4298858,57.6893072
6997,Lizdēni,4,"6500, 6633, 7743, 7819",autobuss,25.4300888,57.6887583
6998,Jāņparks,4,"6500, 6633, 7743, 7819",autobuss,25.4247757,57.7129930
6999,Jāņparks,4,"6500, 6633, 7743, 7819",autobuss,25.4245553,57.7147328
700,Darbnīcas,1,5538,autobuss,26.4324518,57.2872425
7002,Ķelles,3,"6500, 6633, 7743",autobuss,25.4323233,57.7601033
7003,Ķelles,3,"6500, 6633, 7743",autobuss,25.4324774,57.7592775
7006,Velnkalēji,3,"6500, 6633, 7743",autobuss,25.4218376,57.7903785
7007,Velnkalēji,3,"6500, 6633, 7743",autobuss,25.4216888,57.7909469
7008,Oleri,3,"6500, 6633, 7743",autobuss,25.4131204,57.8030278
7009,Oleri,3,"6500, 6633, 7743",autobuss,25.4136121,57.8025737
701,Darbnīcas,1,5538,autobuss,26.4327966,57.2875064
7012,Grantiņi,3,"6500, 6633, 7743",autobuss,25.3875972,57.8354070
7013,Grantiņi,3,"6500, 6633, 7743",autobuss,25.3879830,57.8350648
7016,Pīleņģi,3,"6500, 6633, 7743",autobuss,25.3753908,57.8572520
7017,Pīleņģi,3,"6500, 6633, 7743",autobuss,25.3757006,57.8571762
7018,Pansionāts,3,"6500, 6633, 7743",autobuss,25.3603187,57.8776585
7019,Pansionāts,3,"6500, 6633, 7743",autobuss,25.3596600,57.8783364
7020,SCO,1,6649,autobuss,25.3492488,57.9180974
7021,SCO,1,6649,autobuss,25.3494862,57.9186784
7022,Jekši,1,6649,autobuss,25.3582811,57.9341599
7023,Jekši,1,6649,autobuss,25.3590086,57.9344991
7024,Ķoņi,1,6649,autobuss,25.3699914,57.9468006
7025,Ķoņi,1,6649,autobuss,25.3703446,57.9469424
7026,Brīvnieki,8,"6620, 6623, 7164, 7634, 7808, 7818, 7840",autobuss,25.4628228,57.5079243
7027,Brīvnieki,8,"5400, 6620, 7164, 7634, 7808, 7818, 7840",autobuss,25.4619384,57.5078700
7030,Stantes,7,"6620, 6623, 7164, 7808, 7818, 7840",autobuss,25.5187315,57.4994977
7031,Stantes,7,"5400, 6620, 7164, 7808, 7818, 7840",autobuss,25.5219896,57.4990672
7032,Ķerves,7,"6620, 6623, 7164, 7808, 7818, 7840",autobuss,25.5669940,57.4920740
7033,Ķerves,7,"5400, 6620, 7164, 7808, 7818, 7840",autobuss,25.5670170,57.4918573
7036,Jaunvāles pagrieziens,6,"7164, 7634, 7808, 7818, 7840",autobuss,25.6135720,57.4814720
7037,Jaunvāles pagrieziens,7,"5400, 7164, 7634, 7808, 7818, 7840",autobuss,25.6161208,57.4808494
7040,Dumbrāji,3,"7144, 7774",autobuss,25.4225406,57.5086024
7042,Dumbrāji,3,"7144, 7774",autobuss,25.4225467,57.5094173
7045,Rūnīši,1,7144,autobuss,25.4101753,57.4838744
7046,Rūnīši,1,7144,autobuss,25.4097529,57.4836372
7047,Līči,3,"7144, 7774",autobuss,25.4109557,57.4673128
7048,Līči,3,"7144, 7774",autobuss,25.4112847,57.4669975
7049,Virķēni,6,"6500, 6607, 6608, 6681, 7744, 7785",autobuss,25.2539254,57.9174819
7050,Virķēni,6,"6500, 6607, 6608, 6681, 7744, 7785",autobuss,25.2538482,57.9175304
7053,Galzemnieki,4,"6500, 6607, 7744, 7785",autobuss,25.2066011,57.9190622
7054,Galzemnieki,4,"6500, 6607, 7744, 7785",autobuss,25.2053495,57.9189060
7057,Idus,4,"6500, 6607, 7744, 7785",autobuss,25.1617074,57.9067078
7058,Idus,4,"6500, 6607, 7744, 7785",autobuss,25.1602029,57.9066502
7061,Bakas krusts,4,"6500, 6607, 7744, 7785",autobuss,25.1346008,57.9074484
7062,Bakas krusts,4,"6500, 6607, 7744, 7785",autobuss,25.1339929,57.9076213
7065,Ciedras,4,"6500, 6607, 7744, 7785",autobuss,25.0968866,57.8889417
7067,Ciedras,4,"6500, 6607, 7744, 7785",autobuss,25.0975648,57.8874211
7068,Ungurmuiža,4,"6500, 6607, 7744, 7785",autobuss,25.1046020,57.8749626
7069,Ungurmuiža,4,"6500, 6607, 7744, 7785",autobuss,25.1046282,57.8744152
707,Dārza iela,2,"5601, 6274",autobuss,25.3606477,57.3106572
7077,Preiļu pagrieziens,1,5713,autobuss,26.6687951,56.5771331
7078,Preiļu pagrieziens,1,5713,autobuss,26.6730482,56.5784119
7079,Silakrogs,5,"5713, 6509, 7044, 7712, 7728",autobuss,26.6926212,56.5849285
7080,Silakrogs,6,"5713, 6509, 6727, 7044, 7712, 7728",autobuss,26.6930819,56.5849174
7081,Veikals,3,"5144, 6373, 6388",autobuss,24.1119161,56.3443726
7082,Linu fabrika,6,"7004, 7044, 7712, 7728, 7749, 7997",autobuss,26.7774587,56.6050608
7083,Linu fabrika,6,"7004, 7044, 7712, 7728, 7749, 7997",autobuss,26.7798121,56.6055729
7084,Līburi,1,7964,autobuss,25.5419200,56.9046800
7085,Kaķarags,1,7964,autobuss,25.5687654,56.9007469
7086,Kaķarags,1,7964,autobuss,25.5717706,56.9012524
7087,Aizpurvi,1,7964,autobuss,25.5978616,56.9046139
7088,Sauleskalns,1,7964,autobuss,25.6240928,56.9033221
7089,Sauleskalns,1,7964,autobuss,25.6248324,56.9028875
7090,Liede,6,"7177, 7662, 7710, 7749, 7761, 7968",autobuss,25.9011130,57.0479730
7092,Mēdzūla,4,"7662, 7749, 7761, 7968",autobuss,25.9430815,57.0239485
7093,Mēdzūla,4,"7662, 7664, 7749, 7968",autobuss,25.9452550,57.0231800
7096,Gulbēre,1,7749,autobuss,26.0094521,56.9927582
7097,Gulbēre,1,7749,autobuss,26.0110225,56.9915017
7104,Līdere,3,"6349, 6368, 7710",autobuss,26.0394788,56.9469878
7105,Līdere,3,"6349, 6368, 7710",autobuss,26.0390088,56.9465435
7108,Lautere,7,"6349, 6368, 7662, 7710, 7749, 7761, 7968",autobuss,26.0634499,56.9229447
7109,Lautere,6,"6349, 6368, 7662, 7710, 7749, 7968",autobuss,26.0636445,56.9226795
7111,Lode,3,"6365, 6368, 7710",autobuss,26.0974448,56.9116378
7112,Lode,3,"6365, 6368, 7710",autobuss,26.0985002,56.9111850
7115,Kusa,8,"6349, 6365, 6368, 7662, 7710, 7749, 7761, 7968",autobuss,26.1324395,56.8976600
7116,Kusa,7,"6349, 6365, 6368, 7662, 7710, 7749, 7968",autobuss,26.1311508,56.8981892
7117,Teiļi,1,6368,autobuss,26.1534641,56.8859819
7118,Teiļi,1,6368,autobuss,26.1548559,56.8850982
7121,Kaļpi,4,"6349, 6365, 6368, 7710",autobuss,26.1807568,56.8688139
7122,Kalnijas,1,6343,autobuss,25.6179338,56.9259869
7123,Kalnijas,1,6343,autobuss,25.6179076,56.9261071
7124,Itālija,1,6343,autobuss,25.6167079,56.9378620
7125,Itālija,1,6343,autobuss,25.6168275,56.9375788
7126,Pilskalns,1,6343,autobuss,25.6066136,56.9534655
7127,Kaļpi,4,"6349, 6365, 6368, 7710",autobuss,26.1806319,56.8680071
7128,Pilskalns,1,6343,autobuss,25.6070071,56.9533696
7129,Katrīna,1,6343,autobuss,25.5535085,56.9736970
7130,Katrīna,1,6343,autobuss,25.5536332,56.9739526
7133,Jāņmuiža,1,7147,autobuss,25.6779580,56.9165792
7135,Jumurda,3,"6365, 7147, 7799",autobuss,25.7190008,56.9368191
7136,Jumurda,3,"6365, 7147, 7799",autobuss,25.7191217,56.9367478
7139,Aiviekste,7,"6357, 7202, 7693, 7702, 7850, 7989, 7997",autobuss,25.9421164,56.6492345
7140,Ļaudonas pagrieziens,5,"6357, 7693, 7702, 7850, 7989",autobuss,25.9575333,56.6609948
7141,Jaunkalsnava,7,"6357, 7202, 7693, 7702, 7850, 7989, 7997",autobuss,25.9861485,56.6834457
7142,Jaunkalsnava,7,"6357, 7202, 7693, 7702, 7850, 7989, 7997",autobuss,25.9857827,56.6846029
7143,Grantskalni,5,"6357, 7693, 7702, 7850, 7989",autobuss,25.9864578,56.7132345
7144,Druvmaļi,2,"6357, 7850",autobuss,25.9930004,56.7224081
7147,Veckalsnava,6,"6357, 7202, 7693, 7702, 7850, 7989",autobuss,26.0233393,56.7483619
7148,Ozollejas,4,"6357, 7693, 7702, 7989",autobuss,26.0309323,56.7718815
7149,Vizuļi,7,"6357, 7202, 7693, 7702, 7850, 7989, 7997",autobuss,26.0313170,56.7973353
7150,Vizuļi,7,"6357, 7202, 7693, 7702, 7850, 7989, 7997",autobuss,26.0322261,56.7979838
7151,Kailenes,1,7989,autobuss,26.0575997,56.8066180
7152,Kailenes,1,7989,autobuss,26.0576989,56.8065670
7153,Sauleskalns,13,"5464, 6340, 6353, 6357, 6359, 6723, 6996, 7202, 7693, 7702, 7850, 7989 …",autobuss,26.0711331,56.8057848
7155,Lapāres,8,"5464, 6340, 6353, 6357, 6359, 6723, 6751, 6996",autobuss,26.1241868,56.8154040
7156,Lapāres,8,"5464, 6340, 6353, 6357, 6359, 6723, 6751, 6996",autobuss,26.1243098,56.8154790
7157,Smeceres krogs,12,"5464, 6340, 6353, 6357, 6359, 6723, 6751, 6996, 7693, 7702, 7850, 7989",autobuss,26.1490795,56.8200356
7158,Smeceres krogs,12,"5464, 6340, 6353, 6357, 6359, 6723, 6751, 6996, 7693, 7702, 7850, 7989",autobuss,26.1494525,56.8202991
7163,Sarkaņi,12,"6345, 6357, 6376, 6507, 6721, 6733, 6735, 7177, 7202, 7628, 7719, 7817",autobuss,26.2637315,56.8784814
7164,Sarkaņi,12,"6345, 6347, 6376, 6507, 6721, 6733, 6735, 7177, 7202, 7628, 7719, 7817",autobuss,26.2643129,56.8796492
7167,Patkule,9,"6345, 6357, 6376, 6507, 6721, 6733, 6735, 7177, 7719",autobuss,26.2919891,56.9085367
7168,Patkule,10,"6345, 6347, 6376, 6507, 6721, 6733, 6735, 7177, 7202, 7719",autobuss,26.2933963,56.9094961
7169,Biksēre,12,"6345, 6357, 6376, 6507, 6721, 6733, 6735, 7177, 7202, 7628, 7719, 7817",autobuss,26.3144738,56.9196261
7170,Biksēre,12,"6345, 6347, 6376, 6507, 6721, 6733, 6735, 7177, 7202, 7628, 7719, 7817",autobuss,26.3168729,56.9203439
7171,Ūbāni,9,"6345, 6357, 6376, 6507, 6721, 6733, 6735, 7177, 7719",autobuss,26.3246256,56.9406827
7172,Ūbāni,10,"6345, 6347, 6376, 6507, 6721, 6733, 6735, 7177, 7202, 7719",autobuss,26.3246882,56.9418711
7175,Cesvaines pasta nodaļa,3,"7202, 7628, 7817",autobuss,26.3071342,56.9692142
7176,Cesvaines pasta nodaļa,2,"7628, 7817",autobuss,26.3074795,56.9694567
7177,Aizvēji,2,"7202, 7628",autobuss,26.3515141,56.9819643
7178,Aizvēji,1,7628,autobuss,26.3534437,56.9828772
7179,Gaigali,5,"6357, 6376, 6507, 7202, 7628",autobuss,26.3708927,56.9906621
7180,Gaigali,3,"6376, 6507, 7628",autobuss,26.3729518,56.9913292
7183,Veckrogs,2,"7202, 7628",autobuss,26.4043879,57.0057945
7184,Veckrogs,1,7628,autobuss,26.4051989,57.0059331
7187,Jaunbakāni,2,"7202, 7628",autobuss,26.4733889,57.0376550
7188,Jaunbakāni,2,"7202, 7628",autobuss,26.4749487,57.0379257
7189,Kapukalns,4,"5276, 6027, 7202, 7628",autobuss,26.6984642,57.1333712
7192,Vairogi,3,"6347, 6721, 7719",autobuss,26.3095800,57.0138063
7193,Vairogi,3,"6347, 6721, 7719",autobuss,26.3098565,57.0135930
7196,Veikals,3,"5144, 6373, 6388",autobuss,24.1127871,56.3446830
7197,Kraukļi,4,"6347, 6721, 7719, 7817",autobuss,26.3134728,57.0022600
7198,Kraukļi,4,"6347, 6721, 7719, 7817",autobuss,26.3134600,57.0022892
7201,Mūrnieki,1,6749,autobuss,26.3336089,56.7461362
7203,Mūrnieki,2,"6338, 6999",autobuss,26.3351016,56.7458416
7204,Mūrnieki,4,"6338, 6722, 6749, 6999",autobuss,26.3349654,56.7469454
7206,Vīksneskalns,4,"6338, 6722, 6749, 6999",autobuss,26.3227572,56.7579391
7207,Vīksneskalns,3,"6338, 6749, 6999",autobuss,26.3219464,56.7588869
7208,Sili,4,"6338, 6722, 6749, 6999",autobuss,26.3110340,56.7750567
7209,Noras,7,"6338, 6339, 6722, 6749, 6866, 6997, 6999",autobuss,26.2940461,56.8019519
7210,Noras,6,"6338, 6339, 6749, 6866, 6997, 6999",autobuss,26.2930920,56.8028124
7211,Lazdona 1,3,"3162, 6344, 6999",autobuss,26.2472916,56.8247720
7212,Lazdona 1,2,"3162, 6344",autobuss,26.2470255,56.8248402
7217,Sausnēja,3,"6517, 7702, 7799",autobuss,25.7127418,56.7961134
7218,Sausnēja,4,"6517, 6996, 7702, 7799",autobuss,25.7143691,56.7975047
7219,Namkalns,3,"6517, 6996, 7702",autobuss,25.7062095,56.8194771
7220,Mažnēni,4,"6517, 6996, 7702, 7799",autobuss,25.6978576,56.8421587
7225,Āķēni,2,"6996, 7702",autobuss,25.6818325,56.8786155
7229,Bārkaiži,1,6517,autobuss,25.6416925,56.8459052
723,Dārznieku iela,3,"6824, 6842, 6855",autobuss,24.2647461,57.1228984
7230,Bārkaiži,1,6517,autobuss,25.6417219,56.8460069
7231,Ķikuti,2,"5981, 6517",autobuss,25.6397177,56.8603410
7232,Ķikuti,2,"5981, 6517",autobuss,25.6396706,56.8602794
7233,Bērzaune,9,"6340, 6353, 6357, 6359, 6723, 6996, 7693, 7702, 7850",autobuss,26.0330496,56.8060858
7234,Pagrieziens uz slimnīcu,2,"5124, 6768",autobuss,21.0927090,56.5537070
7239,Boķi,3,"6340, 6353, 6996",autobuss,25.9803475,56.8294171
724,Dārznieku iela,1,6842,autobuss,24.2677492,57.1233778
7240,Boķi,3,"6340, 6353, 6996",autobuss,25.9802584,56.8295001
7243,Staldēni,3,"6340, 6353, 6996",autobuss,25.9350927,56.8443369
7244,Staldēni,3,"6340, 6353, 6996",autobuss,25.9346506,56.8446569
7245,Driģenes,1,6340,autobuss,25.9056092,56.8476713
7246,Driģenes,1,6340,autobuss,25.9044873,56.8480087
7249,Strēlnieki,3,"6343, 6353, 6996",autobuss,25.8390712,56.8661894
7250,Strēlnieki,3,"6343, 6353, 6996",autobuss,25.8380103,56.8667111
7251,Dadzīši,3,"6343, 6353, 6996",autobuss,25.8256231,56.8728452
7252,Dadzīši,3,"6343, 6353, 6996",autobuss,25.8241959,56.8734446
7253,Silakrogs,3,"6343, 6353, 6996",autobuss,25.7864620,56.8686553
7254,Silakrogs,3,"6343, 6353, 6996",autobuss,25.7844365,56.8686498
7255,Kalnsētas,3,"6343, 6353, 6996",autobuss,25.7562067,56.8686708
7256,Kalnsētas,3,"6343, 6353, 6996",autobuss,25.7555561,56.8689902
7259,Mūrnieki,3,"6343, 6353, 6996",autobuss,25.7142063,56.8765916
7260,Mūrnieki,3,"6343, 6353, 6996",autobuss,25.7134704,56.8765177
7261,Āķēni,3,"6343, 6353, 6996",autobuss,25.6848743,56.8796014
7262,Āķēni,3,"6343, 6353, 6996",autobuss,25.6847928,56.8797409
7264,Kalnvirsa,1,5464,autobuss,26.1112346,56.7102028
7265,Kalnvirsa,1,5464,autobuss,26.1123303,56.7100024
7266,Radziņi,1,5464,autobuss,26.1659218,56.7101341
7267,Radziņi,1,5464,autobuss,26.1650010,56.7098879
7268,Vilciņi,1,6749,autobuss,26.2472300,56.7272964
7269,Dupeni,1,6749,autobuss,26.2915048,56.7395904
7270,Švāns,5,"6339, 6866, 6997, 7692, 7989",autobuss,26.5271438,56.7778904
7271,Švāns,5,"6339, 6866, 6997, 7692, 7989",autobuss,26.5280850,56.7780766
7272,Slavieši,4,"6339, 6866, 6997, 7692",autobuss,26.5510206,56.7938567
7273,Slavieši,4,"6339, 6866, 6997, 7692",autobuss,26.5515391,56.7944443
7274,Ezerkalns,4,"6339, 6866, 6997, 7692",autobuss,26.5633273,56.8068464
7275,Ezerkalns,4,"6339, 6866, 6997, 7692",autobuss,26.5640949,56.8071221
7278,Meirāni,5,"6339, 6866, 6997, 7692, 7989",autobuss,26.6104709,56.8311906
7279,Meirāni,6,"6339, 6750, 6866, 6997, 7692, 7989",autobuss,26.6114249,56.8313770
7281,Lābāni,1,6750,autobuss,26.6256471,56.8378954
7284,Vecais ceplis,2,"6339, 7692",autobuss,26.6585283,56.8619297
7285,Vecais ceplis,2,"6339, 7692",autobuss,26.6592789,56.8623910
7286,Moroza,2,"6339, 7692",autobuss,26.6769569,56.8772859
7287,Moroza,2,"6339, 7692",autobuss,26.6781460,56.8778222
7290,Indrāni,4,"6339, 6357, 6376, 6507",autobuss,26.6390863,56.9336353
7295,Liedeskrogs,4,"6339, 6357, 6376, 6507",autobuss,26.5693887,56.9461325
7296,Kroņamuiža,3,"6357, 6376, 6507",autobuss,26.4675005,56.9840774
73,Ālande,2,"5301, 6904",autobuss,21.1713400,56.5079600
7301,Dzintari,13,"6338, 6339, 6342, 6509, 6722, 6749, 6866, 6997, 6999, 7044, 7712, 7728 …",autobuss,26.2623701,56.8365228
7302,Dzintari,12,"6330, 6338, 6339, 6509, 6749, 6866, 6997, 6999, 7044, 7712, 7728, 7749",autobuss,26.2632690,56.8362702
7305,Pagrieziens uz Praulienu,8,"6339, 6342, 6507, 6509, 7692, 7712, 7728, 7997",autobuss,26.3004589,56.8343342
7306,Pagrieziens uz Praulienu,7,"6339, 6507, 6509, 7692, 7712, 7728, 7997",autobuss,26.3054186,56.8338804
7309,Vecpoļi,11,"6339, 6342, 6507, 6509, 7044, 7692, 7712, 7728, 7749, 7989, 7997",autobuss,26.3468524,56.8305796
7310,Vecpoļi,11,"6330, 6339, 6507, 6509, 7044, 7692, 7712, 7728, 7749, 7989, 7997",autobuss,26.3497076,56.8294498
7311,Silenieki,7,"6339, 6342, 6507, 6509, 7692, 7712, 7728",autobuss,26.3654488,56.8255203
7312,Silenieki,7,"6330, 6339, 6507, 6509, 7692, 7712, 7728",autobuss,26.3662790,56.8252701
7315,Caunes,7,"6339, 6342, 6507, 6509, 7692, 7712, 7728",autobuss,26.4252561,56.8107638
7316,Caunes,7,"6330, 6339, 6507, 6509, 7692, 7712, 7728",autobuss,26.4270752,56.8101175
7317,Visagals,10,"6339, 6342, 6507, 6509, 7044, 7692, 7712, 7728, 7749, 7997",autobuss,26.4688682,56.7983219
7318,Visagals,10,"6330, 6339, 6507, 6509, 7044, 7692, 7712, 7728, 7749, 7997",autobuss,26.4675535,56.7984317
7319,Noras,7,"6339, 6342, 6507, 6509, 7692, 7712, 7728",autobuss,26.4996755,56.7878070
7320,Noras,7,"6330, 6339, 6507, 6509, 7692, 7712, 7728",autobuss,26.5002811,56.7874164
7321,Švāns,9,"6339, 6342, 6507, 6509, 7712, 7728, 7749, 7989, 7997",autobuss,26.5263987,56.7772342
7322,Švāns,8,"6330, 6339, 6507, 6509, 7712, 7728, 7749, 7997",autobuss,26.5265307,56.7768007
7323,Stalīdzāni,8,"5023, 6342, 6507, 6509, 7044, 7712, 7728, 7749",autobuss,26.5437347,56.7694557
7324,Stalīdzāni,8,"5023, 6330, 6507, 6509, 7044, 7712, 7728, 7749",autobuss,26.5439263,56.7693377
7327,Zaļmežnieki,7,"5023, 5025, 6342, 6507, 6509, 7712, 7728",autobuss,26.5824440,56.7551968
7328,Zaļmežnieki,7,"5023, 5025, 6330, 6507, 6509, 7712, 7728",autobuss,26.5827166,56.7547593
7332,Barkava,13,"5023, 5025, 6330, 6339, 6342, 6507, 6509, 7044, 7712, 7728, 7749, 7989 …",autobuss,26.6088600,56.7278780
7335,Aiztilte,5,"5023, 6342, 6509, 7712, 7728",autobuss,26.5919250,56.6981280
7336,Aiztilte,4,"5023, 6509, 7712, 7728",autobuss,26.5915657,56.6977426
7341,Murmastiene,8,"5023, 6509, 6698, 7044, 7712, 7728, 7749, 7997",autobuss,26.5652272,56.6695443
7342,Murmastiene,10,"5023, 6342, 6509, 6698, 6727, 7044, 7712, 7728, 7749, 7997",autobuss,26.5647599,56.6688202
7343,Kanči,5,"6509, 6727, 7044, 7712, 7728",autobuss,26.5913743,56.6553885
7344,Kanči,4,"6509, 7044, 7712, 7728",autobuss,26.5915907,56.6549313
7345,Tiltagals,6,"6509, 6727, 7712, 7728, 7749, 7997",autobuss,26.6297026,56.6310369
7346,Tiltagals,5,"6509, 7712, 7728, 7749, 7997",autobuss,26.6302802,56.6303522
7349,Maurāni,5,"6509, 7044, 7712, 7728, 7749",autobuss,26.6559268,56.6065502
735,Daukstes,1,5470,autobuss,26.1690070,56.4002800
7354,Lautere,1,6365,autobuss,26.0578009,56.9233285
7355,Lautere,1,6365,autobuss,26.0582983,56.9235009
7356,Linūži,1,6365,autobuss,26.0052317,56.9267014
7358,Linūži,1,6365,autobuss,26.0051489,56.9266892
7359,Lubeja,1,6365,autobuss,25.9593268,56.9315903
736,Daukstes,1,5470,autobuss,26.1706210,56.4008160
7360,Lubeja,1,6365,autobuss,25.9581927,56.9317565
7361,Virdzes,1,6365,autobuss,25.9311283,56.9304383
7362,Virdzes,1,6365,autobuss,25.9310671,56.9304644
7363,Vējava,1,6365,autobuss,25.8878448,56.9279367
7364,Vējava,1,6365,autobuss,25.8865336,56.9281965
7365,Brille,1,6365,autobuss,25.8313513,56.9339650
7366,Brille,1,6365,autobuss,25.8314516,56.9339413
7369,Pūpoli,1,6365,autobuss,25.7708937,56.9362389
737,Rājumu ceļš,3,"5172, 6852, 6859",autobuss,24.1124492,56.7113887
7370,Pūpoli,1,6365,autobuss,25.7708487,56.9363135
7371,Jumurdas skola,1,6365,autobuss,25.7364564,56.9390580
7372,Jumurdas skola,1,6365,autobuss,25.7376631,56.9389507
7373,Airītes,1,6388,autobuss,24.0825829,56.3314639
7374,Tumes centrs,2,"5317, 5558",autobuss,23.0877064,56.9371624
7375,Tentēni,1,5526,autobuss,24.9428088,56.5281956
7376,Tentēni,1,5526,autobuss,24.9424254,56.5286430
7377,Sietiņi,2,"6128, 7200",autobuss,24.7917438,56.4557079
7378,Sietiņi,2,"6128, 7200",autobuss,24.7917973,56.4557523
7379,Ziedi,4,"6119, 6138, 7851",autobuss,25.2286814,56.5787713
738,Rājumu ceļš,3,"5172, 6852, 6859",autobuss,24.1126215,56.7120825
7380,Ziedi,4,"6119, 6138, 7851",autobuss,25.2284865,56.5784680
7385,Slazdukrogs,2,7851,autobuss,25.4611871,56.5604926
7386,Slazdukrogs,2,7851,autobuss,25.4620922,56.5604990
7388,Dobelnieki,1,5526,autobuss,24.8967872,56.4507605
7389,Dobelnieki,1,5835,autobuss,24.5032554,56.8933553
7390,Dobelnieki,1,5526,autobuss,24.8973159,56.4505769
7393,Skrīveru izmēģinājumu  saimniecība,1,6101,autobuss,25.1291669,56.6588971
7394,Skrīveru izmēģinājumu  saimniecība,1,6101,autobuss,25.1285323,56.6583211
7395,Aizpuri,3,"5980, 6101, 7764",autobuss,25.1845172,56.6203680
7396,Aizpuri,3,"5980, 6101, 7764",autobuss,25.1838406,56.6204966
7397,Augstkalni,3,"7010, 7693, 7989",autobuss,25.2059116,56.6224265
7398,Augstkalni,4,"7010, 7899, 7981, 7989",autobuss,25.2068954,56.6225559
7399,Aizkraukles stacija,20,"5976, 5981, 6096, 6103, 6113, 6119, 6135, 6138, 6142, 6425, 7006, 7010 …",autobuss,25.2758839,56.6221031
74,Ālande,2,"5301, 6904",autobuss,21.1712100,56.5075300
7400,Aizkraukles stacija,15,"5976, 5981, 6096, 6103, 6113, 6142, 6425, 7010, 7198, 7202, 7556, 7899 …",autobuss,25.2748900,56.6214852
7407,Jaunjelgava,9,"5526, 6119, 6128, 6134, 7238, 7491, 7851, 7898",autobuss,25.0887810,56.6175879
7408,Burtnieku internātskola,1,6631,autobuss,25.2684891,57.6737675
7409,Burtnieku internātskola,1,6631,autobuss,25.2689726,57.6737996
741,Vietalvas centrs,2,"6141, 6429",autobuss,25.7684635,56.7415555
7410,Arāji,3,"6615, 6622, 6631",autobuss,25.2831328,57.6782481
7411,Arāji,3,"6615, 6622, 6631",autobuss,25.2831102,57.6782158
7412,Ausma,3,"6615, 6622, 6631",autobuss,25.2891167,57.6828942
7413,Ausma,3,"6615, 6622, 6631",autobuss,25.2900799,57.6829831
7414,Senči,2,"6615, 6631",autobuss,25.3025673,57.6871709
7415,Senči,2,"6615, 6631",autobuss,25.3041214,57.6878603
7416,Andruves,1,6615,autobuss,25.3501337,57.7040110
7417,Andruves,1,6631,autobuss,25.3501478,57.7039876
7418,Rencēni,4,"6500, 6633, 7743, 7819",autobuss,25.4300042,57.7291253
7419,Rencēni,4,"6500, 6633, 7743, 7819",autobuss,25.4302280,57.7293028
742,Degļupe 1,1,5333,autobuss,26.1242319,57.2056027
7420,Lejpurnieki,1,7819,autobuss,25.4693812,57.7438569
7421,Lejpurnieki,1,7819,autobuss,25.4694855,57.7437528
7422,Rencēnmuiža,1,7819,autobuss,25.5205750,57.7476545
7423,Rencēnmuiža,1,7819,autobuss,25.5203728,57.7476559
7424,Radziņtalcis,1,6681,autobuss,25.0098179,57.9823402
7425,Radziņtalcis,2,"6607, 6681",autobuss,25.0097890,57.9819954
7426,Ramata,1,6681,autobuss,25.0047744,57.9493790
7427,Ramata,2,"6607, 6681",autobuss,25.0047736,57.9493469
7428,Nuķi,1,6681,autobuss,25.0073459,57.9354867
7429,Blanka,3,"7774, 7803, 7812",autobuss,25.0463675,57.7147894
743,Degļupe 1,1,5333,autobuss,26.1266647,57.2058220
7430,Braslas,1,6681,autobuss,25.0503984,57.8915175
7431,Braslas,2,"6607, 6681",autobuss,25.0502245,57.8914445
7433,Budenbroka,1,5425,autobuss,25.0797037,57.6139020
7434,Budenbroka,1,5425,autobuss,25.0797717,57.6137559
7439,Puškari,5,"5405, 5425, 6632, 6663, 6689",autobuss,25.3321717,57.5516393
7440,Puškari,5,"5405, 5425, 6632, 6663, 6689",autobuss,25.3319989,57.5516705
7443,Dūķeri,5,"5405, 5425, 6632, 6663, 6689",autobuss,25.2995163,57.5484743
7444,Dūķeri,5,"5405, 5425, 6632, 6663, 6689",autobuss,25.2992618,57.5484392
7445,Zilaiskalns,4,"5405, 5425, 6663, 6689",autobuss,25.2118197,57.5583147
7446,Zilaiskalns,4,"5405, 5425, 6663, 6689",autobuss,25.2112929,57.5586428
7447,Briede,4,"5405, 5425, 6663, 6689",autobuss,25.1755003,57.5731638
7448,Briede,4,"5405, 5425, 6663, 6689",autobuss,25.1751183,57.5733756
7451,Dikļi,4,"5405, 5425, 6663, 6689",autobuss,25.0928791,57.5972756
7452,Dikļi,4,"5405, 5425, 6663, 6689",autobuss,25.0927507,57.5977652
7453,Dikļu skola,4,"5405, 5425, 6663, 6689",autobuss,25.0730529,57.5968211
7460,Josti,1,6608,autobuss,25.2454904,57.9326636
7461,Josti,1,6608,autobuss,25.2452495,57.9330452
7462,Rauskas skola,2,"6607, 6681",autobuss,25.0655654,57.9928143
7463,Rauskas skola,1,6681,autobuss,25.0657419,57.9927122
7464,Vērsis,2,"6607, 6681",autobuss,25.1155211,57.9656317
7465,Vērsis,1,6681,autobuss,25.1158424,57.9655464
7466,Ipiķu pagrieziens,3,"6607, 6608, 6681",autobuss,25.1770958,57.9441690
7467,Ipiķu pagrieziens,2,"6608, 6681",autobuss,25.1772469,57.9441321
7468,Auseklis,3,"6607, 6608, 6681",autobuss,25.2119274,57.9326903
7469,Auseklis,2,"6608, 6681",autobuss,25.2129038,57.9323786
747,Depo stadions,1,3113,autobuss,24.8630420,57.1506775
748,Depo stadions,1,3113,autobuss,24.8637305,57.1506897
7488,Urgas,1,6608,autobuss,25.1748259,57.9643622
7489,Urgas,1,6608,autobuss,25.1751186,57.9650376
7490,Dārznieki,1,6608,autobuss,25.2345227,57.9818984
7491,Dārznieki,1,6608,autobuss,25.2341826,57.9826133
7492,Robežnieki,1,6608,autobuss,25.2334362,58.0086503
7493,Robežnieki,1,6608,autobuss,25.2333728,58.0087630
7494,Ipiķi,1,6608,autobuss,25.1764333,58.0117978
7499,Apšupe,3,"7401, 7937, 7957",autobuss,23.3822630,56.7830440
75,Albatross,1,7946,autobuss,23.2209854,57.1097984
7500,Apšupe,3,"7401, 7937, 7957",autobuss,23.3760670,56.7821276
7501,Pienava,6,"5297, 6052, 7401, 7937, 7957, 7958",autobuss,23.2509660,56.7437370
7502,Pienava,6,"5297, 6052, 7401, 7937, 7957, 7958",autobuss,23.2516929,56.7437538
7505,Lestenes pagrieziens,4,"6792, 7937, 7957, 7958",autobuss,23.1848841,56.7088400
7506,Lestenes pagrieziens,4,"6792, 7937, 7957, 7958",autobuss,23.1831587,56.7079887
7507,Bērzupīte,1,7937,autobuss,23.1102537,56.6855519
7508,Bērzupīte,1,7937,autobuss,23.1123419,56.6865361
7513,Ozolpils,6,"7041, 7410, 7938, 7948, 7955, 7990",autobuss,23.2631950,56.9196375
7514,Ozolpils,6,"7041, 7410, 7938, 7948, 7955, 7990",autobuss,23.2601122,56.9201175
7522,Ķēniņi,2,"7041, 7990",autobuss,23.2097747,56.9310323
7523,Jaunmoku pils,2,"5443, 7955",autobuss,23.0460208,56.9792315
7524,Jaunmoku pils,2,"5443, 7955",autobuss,23.0449497,56.9799124
7525,Lazdas,4,"5443, 6056, 7938, 7948",autobuss,22.9701765,57.0231320
7526,Lazdas,5,"5443, 6056, 7041, 7938, 7948",autobuss,22.9691840,57.0239604
7529,Pūre,12,"5443, 6056, 7016, 7041, 7410, 7684, 7938, 7948, 7955, 7990, K7410, K7955",autobuss,22.9133787,57.0374458
7530,Pūre,12,"5443, 6056, 7016, 7041, 7410, 7684, 7938, 7948, 7955, 7990, K7410, K7955",autobuss,22.9117559,57.0380241
7532,Laipas,1,7955,autobuss,22.8711622,57.0524778
7535,Kandavas pagrieziens,9,"6056, 7041, 7410, 7684, 7938, 7948, 7955, 7990, K7955",autobuss,22.8188437,57.0671256
7536,Balgales pagrieziens,7,"6046, 7041, 7259, 7684, 7948, 7955, 7990",autobuss,22.7988181,57.0895073
7537,Balgales pagrieziens,7,"6046, 7041, 7259, 7684, 7948, 7955, 7990",autobuss,22.7987416,57.0905359
7540,Lancenieki,3,"7354, 7684",autobuss,23.3569175,56.8107034
7541,Lancenieki,3,"7354, 7684",autobuss,23.3558304,56.8125953
7544,Rūsas,4,"5296, 6052, 6076, 7354",autobuss,23.3220693,56.8404746
7545,Rūsas,5,"5296, 6052, 6076, 7354",autobuss,23.3216954,56.8409484
7546,Slampe,1,7684,autobuss,23.3021988,56.8538684
7547,Slampe,1,7684,autobuss,23.3017500,56.8543458
755,Dimanti,2,"6844, 6991",autobuss,24.2314719,56.8289668
7550,Prūši,5,"5296, 6051, 6052, 6076, 7354",autobuss,23.2756385,56.8700807
7551,Prūši,6,"5296, 6051, 6052, 6076, 7354",autobuss,23.2747087,56.8710112
7552,Pičas,5,"5296, 6051, 6052, 6076, 7354",autobuss,23.2568079,56.8844415
7553,Pičas,6,"5296, 6051, 6052, 6076, 7354",autobuss,23.2552904,56.8860957
7554,Praviņas,7,"5296, 6051, 6052, 6076, 7354, 7684",autobuss,23.2339065,56.9038005
7555,Praviņas,7,"5296, 6051, 6052, 6076, 7354, 7684",autobuss,23.2323661,56.9050798
7556,Ceriņi,6,"5296, 6051, 6052, 6076, 7354",autobuss,23.2182621,56.9145573
7557,Ceriņi,6,"5296, 6051, 6052, 6076, 7354",autobuss,23.2172076,56.9155168
7558,Pagrieziens uz Jelgavu,9,"5296, 6051, 6052, 6076, 7041, 7354, 7938, 7948",autobuss,23.1991270,56.9350700
7559,Pagrieziens uz Jelgavu,5,"5296, 6051, 6052, 6076, 7354",autobuss,23.1994670,56.9317740
756,Dimanti,2,"6844, 6991",autobuss,24.2317330,56.8295881
7562,Viļņi,3,"5317, 6035, 6043",autobuss,23.1007668,56.9233242
7563,Viļņi,2,"5317, 6043",autobuss,23.0999227,56.9227453
7564,Degole,3,"5317, 6035, 6043",autobuss,23.0804591,56.8857131
7565,Degole,2,"5317, 6043",autobuss,23.0794081,56.8844927
7566,Vendes,2,"6035, 6043",autobuss,23.0613776,56.8669043
7567,Vendes,1,6043,autobuss,23.0604741,56.8664313
7569,Struteles veikals,2,"6031, 6043",autobuss,23.0170972,56.8028641
7570,Struteles veikals,2,"6031, 6043",autobuss,23.0167446,56.8011636
7571,Ķepuri,2,"6031, 6043",autobuss,23.0226791,56.7681967
7572,Ķepuri,2,"6031, 6043",autobuss,23.0224875,56.7676264
7573,Ķimsīši,1,6043,autobuss,23.0185546,56.7585606
7579,Valdeķi,2,"5184, 7259",autobuss,22.7762573,56.9993995
7580,Valdeķi,2,"5184, 7259",autobuss,22.7759480,56.9992088
7581,Teņņi,1,5184,autobuss,22.7726387,56.9903508
7582,Teņņi,1,5184,autobuss,22.7721765,56.9893509
7585,Apšenieki,2,"5184, 7259",autobuss,22.7816133,56.9691995
7586,Apšenieki,2,"5184, 7259",autobuss,22.7819045,56.9687557
7589,Tukuma pagrieziens,2,"7259, 7328",autobuss,22.7856380,56.8896799
7590,Tukuma pagrieziens,2,"7259, 7328",autobuss,22.7839000,56.8887261
7593,Alkšņi,3,"6045, 7259, 7328",autobuss,22.7621649,56.8675770
7594,Alkšņi,3,"6045, 7259, 7328",autobuss,22.7590003,56.8655769
7595,Zante,3,"6045, 7259, 7328",autobuss,22.7445658,56.8374217
7596,Zante,3,"6045, 7259, 7328",autobuss,22.7439519,56.8360763
7599,Galiņi,2,"7259, 7328",autobuss,22.7373621,56.8157828
76,Albatross,2,"7946, 7950",autobuss,23.2209619,57.1102983
7600,Galiņi,2,"7259, 7328",autobuss,22.7368386,56.8154837
7607,Tume,5,"5299, 6031, 6039, 6045, 7328",autobuss,23.0908655,56.9337080
7608,Tume,6,"5299, 6031, 6039, 6045, 6066, 7328",autobuss,23.0888936,56.9330519
7611,Mazkalnjāņi,5,"5299, 6031, 6039, 6045, 7328",autobuss,23.0375055,56.9182071
7612,Mazkalnjāņi,6,"5299, 6031, 6039, 6045, 6066, 7328",autobuss,23.0369307,56.9181035
7617,Sāti,6,"5299, 6031, 6039, 6045, 6066, 7328",autobuss,22.9668542,56.9094468
7622,Grenči,3,"5299, 6039, 7328",autobuss,22.8737965,56.8967279
7625,Skrimbas,3,"5299, 6039, 7328",autobuss,22.8381122,56.9098949
7630,Zemīte,6,"5184, 5299, 6039, 6045, 7259, 7328",autobuss,22.7953463,56.9243682
7633,Šēniņi,1,6039,autobuss,22.7471098,56.9306084
7634,Šēniņi,1,6039,autobuss,22.7443346,56.9317480
7637,Mežmuiža,1,6039,autobuss,22.6739089,56.9375022
7638,Mežmuiža,1,6039,autobuss,22.6708479,56.9373968
7641,Dzedru skola,2,"6405, 6406",autobuss,23.0349036,57.2484718
7642,Pūces,4,"5740, 6037, 6039, 7258",autobuss,22.6152787,56.9600065
7644,Vāne,5,"5740, 6037, 6039, 7258, 7938",autobuss,22.5605589,56.9233706
7649,Ploči,1,7938,autobuss,22.4733784,56.9499175
765,Aizkraukles KUK,2,"5250, 6125",autobuss,25.2486367,56.6116293
7651,Ploči,1,7512,autobuss,22.4703804,56.9503340
7653,Bigauņciems,3,"7946, 7947, 7951",autobuss,23.5380031,56.9853505
7654,Bigauņciems,4,"7946, 7947, 7950, 7951",autobuss,23.5376355,56.9856568
7655,Lapmežciems,4,"6033, 7946, 7947, 7951",autobuss,23.5149570,57.0013354
7656,Lapmežciems,5,"6033, 7946, 7947, 7950, 7951",autobuss,23.5154016,57.0009123
7657,Ragaciems,4,"6033, 7946, 7947, 7951",autobuss,23.4927185,57.0230825
7658,Ragaciems,5,"6033, 7946, 7947, 7950, 7951",autobuss,23.4918847,57.0241040
7659,Kalniņi,3,"7946, 7947, 7951",autobuss,23.4844649,57.0286310
766,Aizkraukles KUK,2,"5250, 6125",autobuss,25.2468668,56.6121317
7660,Kalniņi,4,"7946, 7947, 7950, 7951",autobuss,23.4841270,57.0288869
7661,Klapkalnciems,4,"6033, 7946, 7947, 7951",autobuss,23.3618234,57.0429194
7662,Klapkalnciems,5,"6033, 7946, 7947, 7950, 7951",autobuss,23.3611087,57.0431633
7663,Apšuciems,4,"6033, 7946, 7947, 7951",autobuss,23.3052676,57.0593926
7664,Apšuciems,4,"7946, 7947, 7950, 7951",autobuss,23.3030934,57.0604072
7665,Plieņciems,3,"7946, 7947, 7951",autobuss,23.2569422,57.0797234
7666,Plieņciems,4,"7946, 7947, 7950, 7951",autobuss,23.2556863,57.0801011
7667,Ķesterciema pagrieziens,3,"7946, 7947, 7951",autobuss,23.2133475,57.1005852
7670,Bērzi,1,7951,autobuss,23.1518455,57.1281089
7671,Bērzi,1,7951,autobuss,23.1504552,57.1289165
7674,Kalnupe,1,7951,autobuss,23.1031967,57.1524302
7675,Kalnupe,1,7951,autobuss,23.1028736,57.1528632
7679,Gaismas,2,"6037, 6039",autobuss,22.6040160,56.8906610
7682,Kaļķu ceplis,1,7684,autobuss,22.8012188,57.0576809
7683,Kaļķu ceplis,1,7684,autobuss,22.7997185,57.0564727
7686,Kurzemnieki,7,"5740, 5741, 6037, 7016, 7258, 7410, 7938",autobuss,22.7209519,57.0263614
7687,Kurzemnieki,7,"5740, 5741, 6037, 7016, 7258, 7410, 7938",autobuss,22.7183747,57.0264265
7688,Čāpuļi,3,"5740, 5741, 7410",autobuss,22.6900491,57.0244965
7689,Čāpuļi,3,"5740, 5741, 7410",autobuss,22.6889806,57.0246608
7690,Plosti,8,"5740, 5741, 6037, 7016, 7258, 7410, 7938, K7410",autobuss,22.6518128,57.0230154
7691,Plosti,8,"5740, 5741, 6037, 7016, 7258, 7410, 7938, K7410",autobuss,22.6497866,57.0227543
7692,Brīvnieki,2,"5543, 6034",autobuss,23.1518543,57.0246255
7693,Spicnieki,2,"5543, 6034",autobuss,23.1928408,57.0479026
7694,Spicnieki,2,"5543, 6034",autobuss,23.1933081,57.0482820
7695,Plieņu skola,2,"5543, 6034",autobuss,23.2014295,57.0688448
7696,Plieņu skola,2,"5543, 6034",autobuss,23.2019076,57.0694954
7698,Sproģi,2,"5543, 6034",autobuss,23.2090150,57.0797932
7699,Sproģi,2,"5543, 6034",autobuss,23.2096372,57.0801979
7700,Ķesterciema pagrieziens,2,"5543, 6034",autobuss,23.2105943,57.1012681
7701,Ķesterciems,3,"7946, 7947, 7951",autobuss,23.2178717,57.1171524
7702,Ķesterciems,4,"7946, 7947, 7950, 7951",autobuss,23.2180761,57.1176446
7703,Engure,5,"5543, 6034, 7946, 7947, 7951",autobuss,23.2266158,57.1634271
7704,Engure,7,"5179, 5543, 6034, 7946, 7947, 7950, 7951",autobuss,23.2251352,57.1649478
7707,Abragciems,3,"6034, 7946, 7947",autobuss,23.2012337,57.2016489
7708,Abragciems,4,"6034, 7946, 7947, 7950",autobuss,23.2010985,57.2021658
7709,Bērzciems,3,"6034, 7946, 7947",autobuss,23.1732121,57.2466276
7710,Bērzciems,4,"6034, 7946, 7947, 7950",autobuss,23.1735840,57.2458366
7711,Tauriņi,2,"7946, 7947",autobuss,23.1730081,57.2552601
7712,Tauriņi,3,"7946, 7947, 7950",autobuss,23.1732207,57.2557530
7713,Lepste,2,"7946, 7947",autobuss,23.1568935,57.2923928
7714,Lepste,3,"7946, 7947, 7950",autobuss,23.1569848,57.2927918
7716,Lestene,2,"5296, 6054",autobuss,23.1425519,56.7752556
7717,Kāļi,1,5296,autobuss,23.1389710,56.8029461
7718,Unguri,1,6054,autobuss,23.1487766,56.8141069
7719,Bramaņi,1,6054,autobuss,23.1568910,56.8440503
7720,Valeikas,1,5317,autobuss,23.1461261,56.8787369
7721,Vienība,2,"5317, 6054",autobuss,23.1275397,56.9016360
7723,Vienība,2,"5317, 6054",autobuss,23.1278310,56.9031300
7724,Viesatas,2,"6035, 6066",autobuss,22.8490522,56.7952251
7725,Pakalni,1,6066,autobuss,22.9057575,56.8147900
7726,Pakalni,1,6035,autobuss,22.9067271,56.8149840
7728,Tāmas,2,"6031, 6066",autobuss,23.0007049,56.8308996
7731,Matkules skola,2,"5741, 6039",autobuss,22.5844304,56.9956028
7732,Matkules skola,1,5741,autobuss,22.5845787,56.9948520
7733,Matkule,3,"5740, 5741, 6039",autobuss,22.5907122,56.9782733
7734,Matkule,5,"5740, 5741, 6037, 6039, 7512",autobuss,22.5908764,56.9778274
7737,Varieba,1,7258,autobuss,22.5795584,56.8647530
7738,Kandavas stacija,3,"5183, 5544, 6411",autobuss,22.8224102,57.0836391
7739,Cēre,4,"5183, 5544, 6046, 6411",autobuss,22.8703982,57.1071473
7740,Rideļi,2,"5161, 5168",autobuss,23.0983004,57.1369246
7741,Rideļi,1,5168,autobuss,23.1007523,57.1375819
7742,Rindzele,2,"5161, 5168",autobuss,23.0509346,57.1423860
7743,Rindzele,1,5168,autobuss,23.0505652,57.1423971
7744,Brīvnieki,5,"5167, 5168, 5179, 6046, 6047",autobuss,23.1458552,57.0240982
7745,Sēme,5,"5161, 5167, 5168, 6046, 6047",autobuss,23.1271951,57.0420487
7746,Sēme,4,"5167, 5168, 6046, 6047",autobuss,23.1264746,57.0425668
7747,Drēģi,3,"5167, 5168, 6047",autobuss,23.1014305,57.0643880
7748,Brizule,5,"5161, 5167, 5168, 6046, 6047",autobuss,23.0921968,57.0851233
7749,Brizule,4,"5167, 5168, 6046, 6047",autobuss,23.0906632,57.0855521
7750,Gaisiņi,1,6046,autobuss,23.0507796,57.1013866
7751,Gaisiņi,1,6046,autobuss,23.0500323,57.1017202
7752,Dzirciems,2,"5167, 6046",autobuss,23.0158347,57.1216496
7753,Dzirciems,3,"5167, 6046, 6047",autobuss,23.0147223,57.1224484
7756,Kaive,3,"5161, 5168, 6047",autobuss,23.0275035,57.0589173
7757,Kaive,1,5168,autobuss,23.0274795,57.0595361
7759,Lamiņi,4,"5161, 5168, 6047, 6411",autobuss,22.9611586,57.0985036
7760,Lamiņi,3,"5168, 6046, 6411",autobuss,22.9610209,57.0989725
7761,Mudupi,1,6411,autobuss,22.9745436,57.1113671
7762,Mudupi,1,6411,autobuss,22.9740566,57.1127938
7763,Zentene,6,"5161, 5167, 5168, 6046, 6047, 6411",autobuss,22.9779804,57.1363524
7768,Vecmokas,4,"6056, 7684, 7938, 7948",autobuss,23.0853419,56.9984567
7769,Vecmokas,5,"6056, 7041, 7684, 7938, 7948",autobuss,23.0854015,56.9987880
7772,Bieļas,3,"6056, 7938, 7948",autobuss,23.0352234,57.0165818
7773,Bieļas,3,"6056, 7938, 7948",autobuss,23.0358589,57.0167598
7774,Zvāre,4,"6056, 7684, 7938, 7948",autobuss,23.0006920,57.0198801
7775,Zvāre,5,"6056, 7041, 7684, 7938, 7948",autobuss,23.0034566,57.0202585
7776,Krodzenieki,1,6038,autobuss,22.9790233,56.9601998
7777,Jaunsāti,1,6038,autobuss,22.9599519,56.9680911
7778,Abavnieki,2,"5443, 6038",autobuss,22.9302742,56.9719683
7779,Abavnieki,2,"5443, 6038",autobuss,22.9307101,56.9715404
7780,Niedrītes,2,"5443, 6038",autobuss,22.9008084,56.9889509
7781,Jaunciems,1,6038,autobuss,22.8686207,56.9979108
7782,Milzkalne,2,"6033, 6061",autobuss,23.2246123,56.9774050
7783,Milzkalne,2,"6033, 6061",autobuss,23.2244313,56.9772623
7784,Jāņukrogs,1,6061,autobuss,23.3125428,56.9772367
7785,Jāņukrogs,1,6061,autobuss,23.3145987,56.9763720
7786,Slavieši,1,6033,autobuss,23.2414067,57.0065526
7787,Slavieši,1,6033,autobuss,23.2424169,57.0072602
7788,Cērkste,1,6033,autobuss,23.2506071,57.0303382
7789,Cērkste,1,6033,autobuss,23.2511894,57.0313624
7792,Jaunpils,3,"5187, 6031, 6043",autobuss,23.0164851,56.7308375
7794,Medulāji,1,6043,autobuss,22.9905469,56.7371317
7796,Lemeši,1,6043,autobuss,22.9688143,56.7400411
7797,Veclauki,1,6043,autobuss,22.9539101,56.7471956
7798,Snapji,1,6066,autobuss,22.9857894,56.8489776
7803,Buses pagrieziens,2,"5740, 6037",autobuss,22.6395498,56.9969186
7804,Buses pagrieziens,2,"5740, 6037",autobuss,22.6388763,56.9963661
7805,Grunduļi,1,7258,autobuss,22.6305490,56.9794754
7806,Grunduļi,1,7258,autobuss,22.6292029,56.9789183
7811,Arakste,1,6649,autobuss,25.3401718,58.0259535
7812,Arakste,1,6649,autobuss,25.3401770,58.0257977
7813,Dirlas,1,6649,autobuss,25.3655929,57.9568451
7814,Dirlas,1,6649,autobuss,25.3656302,57.9573511
7815,Mauzas,1,6649,autobuss,25.3710162,57.9798159
7816,Mauzas,1,6649,autobuss,25.3713566,57.9803064
7818,Lode,1,6649,autobuss,25.3744711,58.0089399
7819,Naukšēnu vidusskola,2,"5401, 5441",autobuss,25.4622563,57.8847228
7825,Andrecēni,1,6677,autobuss,25.4203391,57.8565302
7826,Andrecēni,1,6677,autobuss,25.4197979,57.8562102
7827,Eniņi,2,"6615, 6631",autobuss,25.3487580,57.7324372
7828,Krogzemji,2,"6615, 6631",autobuss,25.3039174,57.7212748
7829,Krogzemji,2,"6615, 6631",autobuss,25.3039385,57.7206673
7830,Sipi,1,5427,autobuss,25.5213545,57.6133047
7831,Sipi,1,5427,autobuss,25.5210970,57.6133143
7832,Vagalis,1,5427,autobuss,25.4932849,57.6123136
7834,Kalnakrogs,2,"7177, 7710",autobuss,25.9594450,57.0422796
7835,Bajāri,2,"6620, 6623",autobuss,25.5415771,57.5272950
7836,Bajāri,1,6620,autobuss,25.5416570,57.5272122
7837,Kokzāģētava,1,7804,autobuss,25.5510290,57.5497854
7838,Kokzāģētava,2,"5426, 7804",autobuss,25.5511227,57.5497351
7841,Brenguļu skola,1,7804,autobuss,25.6082291,57.5530448
7842,Brenguļu skola,2,"5426, 7804",autobuss,25.6084032,57.5530126
7845,Ķīsis,1,7804,autobuss,25.6496350,57.5550480
7846,Ķīsis,2,"5426, 7804",autobuss,25.6497458,57.5550156
7847,Smilšukrogs,1,7710,autobuss,26.0259954,57.0263246
7848,Daudži,2,"6615, 6622",autobuss,25.4002478,57.5886230
7849,Daudži,2,"6615, 6622",autobuss,25.4001856,57.5888162
7850,Ausekļi,2,"6615, 6622",autobuss,25.3506295,57.6129135
7851,Ausekļi,2,"6615, 6622",autobuss,25.3506773,57.6131616
7852,Pidriķis,2,"6615, 6622",autobuss,25.3268843,57.6352914
7853,Pidriķis,2,"6615, 6622",autobuss,25.3274849,57.6350639
7854,Ozolkāši,2,"6615, 6622",autobuss,25.2996727,57.6584661
7855,Ozolkāši,2,"6615, 6622",autobuss,25.2994961,57.6586314
7856,Kauguri,2,"6613, 7774",autobuss,25.4470630,57.4941369
7857,Kauguri,2,"5400, 6613",autobuss,25.4467763,57.4938748
7860,Liezēre,7,"6349, 6368, 6733, 6735, 7177, 7664, 7710",autobuss,26.0655898,57.0177534
7861,Paipalas,2,"5397, 6604",autobuss,25.3558568,57.5031747
7862,Paipalas,2,"5390, 6603",autobuss,25.3557700,57.5031356
7863,Upītes,2,"5397, 6604",autobuss,25.3646950,57.4866558
7864,Upītes,2,"5390, 6603",autobuss,25.3645092,57.4869378
7865,Pūces,2,"5397, 6604",autobuss,25.3748736,57.4572770
7866,Pūces,2,"5390, 6603",autobuss,25.3750098,57.4568687
7867,Sietiņiezis,2,"5397, 6604",autobuss,25.3654120,57.4304602
7868,Sietiņiezis,2,"5390, 6603",autobuss,25.3653318,57.4308631
7869,Brieži,2,"5397, 6604",autobuss,25.3617595,57.4204702
7870,Brieži,2,"5390, 6603",autobuss,25.3612166,57.4205315
7871,Čauči,2,"5397, 6604",autobuss,25.3092110,57.4203242
7872,Čauči,2,"5390, 6603",autobuss,25.3091509,57.4203579
7873,Druļi,2,"5397, 6604",autobuss,25.2116094,57.4396626
7878,Jaunburtnieku skola,2,"6619, 6632",autobuss,25.1948891,57.6217356
7879,Jaunburtnieku skola,2,"6619, 6632",autobuss,25.1948605,57.6213291
7880,Bērzaine,2,"6619, 6632",autobuss,25.2136660,57.5979348
7881,Bērzaine,2,"6619, 6632",autobuss,25.2138971,57.5976329
7882,Saulītes,1,6689,autobuss,25.1086472,57.5863141
7883,Saulītes,1,6689,autobuss,25.1086380,57.5859632
7884,Dauguļu stacija,1,6689,autobuss,25.1231938,57.5531467
7885,Dauguļu stacija,1,6689,autobuss,25.1232100,57.5530466
7888,Ķeņģi,8,"5395, 5400, 5404, 5426, 6620, 7719, 7804, 7817",autobuss,25.4969126,57.5385140
7889,Ķeņģi,9,"5395, 5404, 5426, 6620, 6623, 7157, 7719, 7804, 7817",autobuss,25.4972880,57.5385636
7894,Amsiņi,4,"5400, 5426, 6623, 7817",autobuss,25.6032148,57.5396112
7895,Amsiņi,3,"6623, 7157, 7817",autobuss,25.6015930,57.5395957
7896,Staišas,1,6623,autobuss,25.6208757,57.5309462
7901,Nurmi,1,6677,autobuss,25.5034510,57.8277181
7902,Ērgļi,1,6631,autobuss,25.3103252,57.7115504
7903,Ērgļi,1,6615,autobuss,25.3107324,57.7114232
7905,Rubenes skola,5,"5305, 5390, 5397, 6599, 6604",autobuss,25.2558600,57.4683447
7907,Ozoliņi,1,3215,autobuss,23.1539176,56.9891373
7908,Kocēnu skola,4,"5397, 6599, 6603, 6632",autobuss,25.3367488,57.5220590
7909,Mujāni,1,6632,autobuss,25.2801173,57.5256217
7910,Mujāni,1,6632,autobuss,25.2800330,57.5254589
7912,Tožas,3,"6632, 6663, 6689",autobuss,25.2642307,57.5714710
7913,Zilūži,1,6619,autobuss,25.2431028,57.5904240
7914,Zilūži,1,6619,autobuss,25.2428361,57.5905956
7917,Dauguļu pasts,1,6689,autobuss,25.0632482,57.5301051
7918,Bukas,1,6733,autobuss,26.1061082,57.0025717
7919,Bukas,1,6733,autobuss,26.1062773,57.0023792
7920,Puļķi,1,6735,autobuss,26.1209050,57.0014707
7921,Skanuļi,3,"6735, 7177, 7664",autobuss,26.1517715,57.0010986
7922,Kārzdaba,3,"6733, 6735, 7177",autobuss,26.2129392,56.9811972
7923,Madernieki,2,"6733, 6735",autobuss,26.2659707,56.9748860
7924,Lazdona 2,3,"3162, 6716, 7727",autobuss,26.2427871,56.8176983
7925,Lazdona 2,4,"3162, 6716, 6722, 7727",autobuss,26.2425609,56.8177951
7926,Krogs,2,"6344, 6716",autobuss,26.2386809,56.8046341
7927,Krogs,3,"6344, 6716, 6722",autobuss,26.2395806,56.8043151
7930,Ievlīči,3,"6344, 6716, 7727",autobuss,26.2315620,56.7801130
7931,Ievlīči,4,"6344, 6716, 6722, 7727",autobuss,26.2313672,56.7798327
7934,Kalnāji,3,"6344, 6716, 7727",autobuss,26.2239786,56.7513052
7935,Kalnāji,4,"6344, 6716, 6722, 7727",autobuss,26.2238335,56.7512089
7936,Pupuri,3,"6344, 6716, 7727",autobuss,26.2163351,56.7306750
7937,Pupuri,4,"6344, 6716, 6722, 7727",autobuss,26.2159605,56.7305330
7938,Ļaudona 1,1,7727,autobuss,26.1962831,56.7143456
7939,Ļaudona 1,1,7727,autobuss,26.1962272,56.7143061
7940,Ļaudona,6,"5464, 6344, 6716, 6749, 6999, 7727",autobuss,26.1950590,56.7067114
7941,Ļaudona,7,"5464, 6344, 6716, 6722, 6749, 6999, 7727",autobuss,26.1949814,56.7066743
7942,Aburti,2,"6344, 7727",autobuss,26.1416683,56.6938370
7943,Aburti,2,"6344, 7727",autobuss,26.1410654,56.6938536
7946,Sāviena,2,"6344, 7727",autobuss,26.1032023,56.6626524
7947,Sāviena,2,"6344, 7727",autobuss,26.1014641,56.6621704
7948,Būvmeistari,1,6507,autobuss,26.6443759,56.7427350
7949,Būvmeistari,2,"6330, 6507",autobuss,26.6444182,56.7427255
7950,Osagals,1,6507,autobuss,26.6766458,56.7538330
7951,Osagals,2,"6330, 6507",autobuss,26.6767735,56.7538299
7952,Kalnagals,1,6507,autobuss,26.7238960,56.7614549
7953,Kalnagals,2,"6330, 6507",autobuss,26.7239482,56.7614111
7955,Rauda,3,"5168, 5543, 6063",autobuss,23.1862086,57.0083640
7956,Elkšņukrogs,2,"6330, 6507",autobuss,26.7548609,56.7807916
7957,Elkšņukrogs,1,6507,autobuss,26.7548289,56.7807379
7958,Degumnieki,5,"6330, 6507, 6750, 6866, 6997",autobuss,26.7477417,56.7992015
7959,Kamatauskas,3,"6339, 6866, 6997",autobuss,26.3666502,56.7715466
796,Drupin.bāze,1,7946,autobuss,22.9281862,57.4205927
7961,Papardes,2,"6507, 6750",autobuss,26.7352547,56.8308770
7962,Papardes,2,"6330, 6507",autobuss,26.7355057,56.8312715
7963,Ošupe,3,"6507, 6750, 6997",autobuss,26.7388263,56.8556982
7964,Ošupe,3,"6330, 6507, 6997",autobuss,26.7382768,56.8563359
7965,Rupsala,1,6750,autobuss,26.7216341,56.8643771
7967,Priedītes,3,"6330, 6507, 6997",autobuss,26.7038157,56.8773806
7968,Priedītes,2,"6507, 6997",autobuss,26.7039190,56.8769017
7969,Ozoli,8,"6349, 6368, 6735, 7662, 7710, 7749, 7761, 7968",autobuss,26.0485466,56.9802015
797,Drupin.bāze,1,7946,autobuss,22.9278318,57.4208719
7970,Ozoli,5,"6349, 6368, 6735, 7664, 7710",autobuss,26.0493192,56.9818653
7971,Airītes,1,6388,autobuss,24.0806995,56.3307308
7972,Salnaskrogs,1,6368,autobuss,26.0634053,56.9599661
7973,Salnaskrogs,1,6368,autobuss,26.0632759,56.9599424
7976,Sirmīši,3,"6507, 7202, 7628",autobuss,26.3322588,56.9789753
7977,Sirmīši,2,"6507, 7628",autobuss,26.3321696,56.9789924
7978,Padoms,2,"7202, 7628",autobuss,26.4315034,57.0211324
7979,Padoms,2,"7202, 7628",autobuss,26.4344095,57.0228775
7980,Stiprie,1,6345,autobuss,26.3666875,56.9474622
7981,Stiprie,2,"6345, 7628",autobuss,26.3666158,56.9474518
7982,Aizkuja,1,6345,autobuss,26.3996409,56.9419495
7983,Aizkuja,2,"6345, 7628",autobuss,26.4002939,56.9420838
7984,Mežastrodi,2,"6509, 6727",autobuss,26.7071837,56.6690275
7985,Mežastrodi,1,6509,autobuss,26.7074333,56.6687063
7986,Mētriena,5,"5464, 6338, 6716, 6749, 6999",autobuss,26.3205427,56.6753587
7987,Mētriena,6,"5464, 6338, 6716, 6722, 6749, 6999",autobuss,26.3207984,56.6752761
7988,Cekuļi,5,"5464, 6716, 6722, 6749, 6999",autobuss,26.2391477,56.6883325
7989,Cekuļi,4,"5464, 6716, 6749, 6999",autobuss,26.2392615,56.6883871
7990,Ādžūni,1,6388,autobuss,24.0626950,56.3214840
7991,Salas,4,"5464, 6716, 6749, 6999",autobuss,26.3021511,56.6760743
7992,Salas,5,"5464, 6716, 6722, 6749, 6999",autobuss,26.3021821,56.6760323
7993,Mārciena 1,1,6359,autobuss,26.0936319,56.7743470
7994,Mārciena 1,1,6359,autobuss,26.0934772,56.7745160
7995,Mārciena 2,4,"5464, 6357, 6359, 6751",autobuss,26.1015128,56.7657606
7996,Mārciena 2,4,"5464, 6357, 6359, 6751",autobuss,26.1021337,56.7659723
7997,Patmalnieki,3,"5464, 6357, 6359",autobuss,26.0888882,56.7857447
7998,Patmalnieki,3,"5464, 6357, 6359",autobuss,26.0891830,56.7854323
7999,Rusuļi,1,5464,autobuss,26.0991953,56.7475587
8000,Rusuļi,1,5464,autobuss,26.0998213,56.7478124
8001,Silavas,1,6723,autobuss,25.9241993,56.7250907
8002,Silavas,1,6723,autobuss,25.9238786,56.7254225
8003,Zelgauska,1,6736,autobuss,26.1155459,56.8637022
8004,Zelgauska,1,6736,autobuss,26.1150148,56.8640181
8006,Vestiena,5,"6340, 6343, 6353, 6736, 6996",autobuss,25.8674827,56.8644889
8007,Sidrabiņi,3,"6517, 6736, 6996",autobuss,25.6513317,56.8203008
8008,Liepkalnes skola,2,"6517, 6996",autobuss,25.6130613,56.8174126
8009,Liepkalnes skola,3,"5981, 6517, 6996",autobuss,25.6128870,56.8175973
801,Druvas,1,7964,autobuss,25.0475458,56.8534039
8010,Liepkalne,2,"6517, 6996",autobuss,25.5618370,56.8144821
8011,Liepkalne,1,6996,autobuss,25.5618252,56.8146474
8012,Jaunāmuiža,1,6751,autobuss,26.1098947,56.8037945
8013,Jaunāmuiža,1,6751,autobuss,26.1099200,56.8038544
8014,Baltiņi,1,6536,autobuss,27.5255872,56.3762930
8016,Jāņukalns,1,6723,autobuss,25.9013560,56.7459827
8017,Ites,1,6723,autobuss,25.9273142,56.7642259
8018,Virska,1,6723,autobuss,25.9553973,56.7733478
8019,Rēķi,1,6723,autobuss,25.9943230,56.7802368
802,Druvas,1,7964,autobuss,25.0467893,56.8536500
8020,Bērzaunes skola,2,"6357, 6359",autobuss,26.0277306,56.8011171
8021,Bērzaunes skola,2,"6357, 6359",autobuss,26.0285077,56.8018197
8022,Baltezera sanatorija,4,"6821, 6822, 6824, K7179",autobuss,24.3123739,57.0189659
8023,Baltezera sanatorija,4,"6821, 6822, 6824, K7179",autobuss,24.3133489,57.0196085
8024,Mežsargs,5,"6821, 6822, 6824, 7514, 7516",autobuss,24.3175665,57.0238894
8025,Mežsargs,5,"6821, 6822, 6824, 7514, 7516",autobuss,24.3186788,57.0248945
8026,Sūkņu stacija,3,"6821, 6822, 6824",autobuss,24.3204589,57.0307788
8027,Sūkņu stacija,3,"6821, 6822, 6824",autobuss,24.3203434,57.0324165
803,Druvciems,1,7020,autobuss,23.7504339,56.9491868
8030,Baltezers,6,"6821, 6822, 6824, 7514, 7516, K7179",autobuss,24.3154538,57.0437049
8031,Baltezers,6,"6821, 6822, 6824, 7514, 7516, K7179",autobuss,24.3159108,57.0441681
8032,Jaunkūlas,6,"6821, 6822, 6824, 7514, 7516, K7179",autobuss,24.3216120,57.0584320
8033,Jaunkūlas,6,"6821, 6822, 6824, 7514, 7516, K7179",autobuss,24.3224373,57.0593198
8034,Birznieki,3,"5294, 6824, 6842",autobuss,24.3110310,57.1007703
8035,Birznieki,3,"6824, 6842, 6855",autobuss,24.3111148,57.1007633
804,Druvciems,1,7020,autobuss,23.7525540,56.9492204
8040,Siguļi,7,"5294, 6821, 6824, 6842, 7514, 7516, K7179",autobuss,24.3266548,57.1230903
8041,Siguļi,4,"6842, 7514, 7516, K7179",autobuss,24.3274627,57.1237997
8042,Lilaste,3,"7514, 7516, K7179",autobuss,24.3650976,57.1980829
8043,Lilaste,3,"7514, 7516, K7179",autobuss,24.3662420,57.1985849
8044,Inčupe,3,"7514, 7516, K7179",autobuss,24.3939253,57.2342683
8045,Inčupe,3,"7514, 7516, K7179",autobuss,24.3941723,57.2341843
8047,Skola,1,6292,autobuss,24.4161125,57.2611460
8048,Saulkrasti,15,"5019, 5450, 5452, 5455, 5456, 5457, 5460, 5462, 5468, 6292, 6642, 6724 …",autobuss,24.4146838,57.2638645
8049,Saulkrasti,17,"5018, 5019, 5450, 5452, 5455, 5456, 5458, 5460, 5462, 5468, 6292, 6642 …",autobuss,24.4148606,57.2640789
8052,A. Kalniņa iela,7,"5452, 5460, 5462, 5468, 7514, 7516, K7179",autobuss,24.4162739,57.2747851
8053,A. Kalniņa iela,7,"5452, 5460, 5462, 5468, 7514, 7516, K7179",autobuss,24.4166742,57.2753247
8056,Glābšanas stacija,7,"5452, 5460, 5462, 5468, 7514, 7516, K7179",autobuss,24.4136326,57.2853204
8057,Glābšanas stacija,7,"5452, 5460, 5462, 5468, 7514, 7516, K7179",autobuss,24.4136034,57.2859479
8058,Koklītes,8,"5450, 5452, 5460, 5462, 5468, 7514, 7516, K7179",autobuss,24.4099333,57.2940299
8059,Koklītes,8,"5450, 5452, 5460, 5462, 5468, 7514, 7516, K7179",autobuss,24.4100193,57.2951496
8064,Jaunsaules,7,"5452, 5460, 5462, 5468, 7514, 7516, K7179",autobuss,24.4106850,57.3075153
8065,Jaunsaules,7,"5452, 5460, 5462, 5468, 7514, 7516, K7179",autobuss,24.4109656,57.3077068
8068,Zvejniekciems,11,"5450, 5452, 5455, 5456, 5457, 5460, 5462, 5468, 7514, 7516, K7179",autobuss,24.4170868,57.3155272
8069,Zvejniekciems,12,"5450, 5452, 5455, 5456, 5458, 5460, 5462, 5468, 7514, 7516, 7807, K7179",autobuss,24.4191649,57.3170686
8070,Autoserviss,8,"5612, 6255, 6821, 6822, 6824, 6826, 6992, K7179",autobuss,24.2901571,57.0041503
8071,Autoserviss,9,"5612, 6251, 6255, 6821, 6822, 6824, 6826, 6992, K7179",autobuss,24.2919876,57.0050937
8072,Skola,2,"6255, 6826",autobuss,24.4237730,57.0475270
8073,Pagrieziens uz Langstiņiem,2,"6255, 6826",autobuss,24.3302521,57.0173931
8074,Pagrieziens uz Langstiņiem,2,"6255, 6826",autobuss,24.3301041,57.0170251
8075,Vangaži,2,"6255, 6826",autobuss,24.5442288,57.0909484
8076,Garkalne,21,"5612, 6255, 6724, 7599, 7600, 7624, 7660, 7661, 7663, 7730, 7731, 7732 …",autobuss,24.4229251,57.0422168
8077,Garkalne,19,"5612, 6255, 6724, 7599, 7624, 7660, 7662, 7663, 7664, 7730, 7731, 7732 …",autobuss,24.4228283,57.0419660
8078,Bandari,1,6536,autobuss,27.5104834,56.4026745
8079,Bandari,1,6536,autobuss,27.5109225,56.4022880
8080,Vangaži,25,"5612, 6255, 6724, 7599, 7600, 7618, 7624, 7660, 7661, 7663, 7730, 7731 …",autobuss,24.5525220,57.0898020
8081,Vangaži,24,"5612, 6255, 6724, 7599, 7618, 7624, 7660, 7661, 7662, 7663, 7664, 7730 …",autobuss,24.5555330,57.0900930
8082,Sili,8,"5612, 6255, 7599, 7600, 7743, 7744, 7747, 7902",autobuss,24.6272180,57.1139020
8083,Sili,6,"5612, 6255, 7599, 7743, 7744, 7902",autobuss,24.6278310,57.1134720
8084,Indrāni,1,6255,autobuss,24.6865574,57.1247698
8085,Indrāni,2,"7730, 7731",autobuss,25.1315419,57.2033638
8086,Indrāni,1,6255,autobuss,24.6869393,57.1244538
8087,Indrāni,2,"7730, 7731",autobuss,25.1316970,57.2032932
8088,Gauja,11,"5612, 6255, 6642, 7624, 7730, 7731, 7732, 7902, 7906, 7908, 7912",autobuss,24.7034457,57.1276968
8089,Gauja,12,"6255, 6642, 7624, 7662, 7664, 7730, 7731, 7732, 7902, 7906, 7908, 7912",autobuss,24.7035218,57.1272469
809,Dubultu poliklīnika,1,7020,autobuss,23.7711240,56.9658899
8090,Silciems,13,"5612, 6255, 6642, 7624, 7662, 7730, 7731, 7732, 7736, 7902, 7906, 7908 …",autobuss,24.7813352,57.1346743
8091,Silciems,11,"6255, 6642, 7624, 7662, 7664, 7730, 7731, 7732, 7902, 7906, 7908",autobuss,24.7843806,57.1341718
8092,Pagrieziens uz Allažiem,14,"6251, 6255, 6321, 6642, 6876, 7618, 7624, 7662, 7730, 7731, 7732, 7736 …",autobuss,24.8462488,57.1431311
8093,Pagrieziens uz Allažiem,15,"6251, 6255, 6321, 6642, 6876, 7618, 7624, 7662, 7664, 7730, 7731, 7732 …",autobuss,24.8472842,57.1431271
8094,Sigulda,22,"3113, 5087, 6255, 6642, 6645, 7618, 7624, 7647, 7662, 7730, 7731, 7732 …",autobuss,24.8596269,57.1459294
8095,Sigulda,23,"3113, 5087, 6255, 6645, 6876, 7618, 7624, 7647, 7662, 7664, 7730, 7731 …",autobuss,24.8603362,57.1458724
8096,Institūts,19,"6255, 6645, 7177, 7618, 7624, 7662, 7730, 7731, 7732, 7736, 7902, 7905 …",autobuss,24.8894924,57.1521852
8097,Institūts,19,"5087, 6645, 7177, 7618, 7624, 7662, 7664, 7730, 7731, 7732, 7902, 7905 …",autobuss,24.8906686,57.1522954
8099,Ozoli,12,"5087, 6645, 7177, 7624, 7662, 7730, 7731, 7732, 7902, 7906, 7908, 7968",autobuss,24.9278674,57.1603101
810,Dubultu poliklīnika,1,7020,autobuss,23.7705642,56.9668403
8100,Ozoli,13,"5087, 6645, 7177, 7624, 7662, 7664, 7730, 7731, 7732, 7902, 7906, 7908 …",autobuss,24.9294464,57.1604972
8102,Laugas,1,7618,autobuss,24.9701037,57.1696761
8103,Sēnīte,11,"5612, 6642, 6724, 7599, 7600, 7660, 7661, 7663, 7743, 7744, 7747",autobuss,24.6487859,57.1204109
8104,Sēnīte,10,"5612, 6642, 6724, 7599, 7600, 7660, 7661, 7663, 7743, 7744",autobuss,24.6493773,57.1202805
8105,Murjāņi,10,"6642, 6724, 7599, 7600, 7660, 7661, 7663, 7743, 7744, 7747",autobuss,24.6643990,57.1332212
8106,Murjāņi,8,"6642, 6724, 7599, 7660, 7661, 7663, 7743, 7744",autobuss,24.6644282,57.1332341
8107,Internātskola,11,"5612, 6642, 6724, 7599, 7600, 7660, 7661, 7663, 7743, 7744, 7747",autobuss,24.6766814,57.1449535
8108,Internātskola,9,"5612, 6642, 6724, 7599, 7660, 7661, 7663, 7743, 7744",autobuss,24.6771075,57.1452801
8109,Sunīši,9,"5612, 7599, 7600, 7660, 7661, 7663, 7743, 7744, 7747",autobuss,24.6922630,57.1600210
8110,Sunīši,6,"5612, 7599, 7660, 7663, 7743, 7744",autobuss,24.6931165,57.1605207
8113,Ragana,9,"5612, 7599, 7600, 7660, 7661, 7663, 7743, 7744, 7747",autobuss,24.7144396,57.1793398
8114,Ragana,4,"7599, 7600, 7743, 7744",autobuss,24.7161002,57.1801313
8117,Līves,1,6261,autobuss,24.7521658,57.1994474
8119,Zutiņi,6,"6261, 7599, 7600, 7743, 7744, 7747",autobuss,24.7962180,57.2238658
812,Dūmiņi,1,5161,autobuss,22.9951771,57.1335437
8120,Zutiņi,3,"7599, 7743, 7744",autobuss,24.7970811,57.2240442
8121,Eikaži,7,"6261, 7177, 7599, 7600, 7743, 7744, 7747",autobuss,24.8114140,57.2309700
8122,Eikaži,4,"7177, 7599, 7743, 7744",autobuss,24.8122699,57.2311416
8125,Daudas,1,6261,autobuss,24.8546567,57.2519364
8127,Inciems,5,"7599, 7600, 7743, 7744, 7747",autobuss,24.8750587,57.2627974
8128,Inciems,3,"7599, 7743, 7744",autobuss,24.8757191,57.2629589
8131,Brasla,5,"7599, 7600, 7743, 7744, 7747",autobuss,24.9203825,57.2934827
8132,Brasla,3,"7599, 7743, 7744",autobuss,24.9212666,57.2940857
8134,Salaspils,12,"7010, 7073, 7229, 7238, 7556, 7693, 7788, 7899, 7981, 7989, 7992, 7997",autobuss,24.3330884,56.8523848
8135,Salaspils,11,"7010, 7073, 7229, 7238, 7556, 7693, 7788, 7981, 7989, 7992, 7997",autobuss,24.3324062,56.8523332
8140,Spolītes,3,"5835, 7693, 7788",autobuss,24.4047346,56.8465929
8141,Spolītes,2,"5835, 7788",autobuss,24.4079281,56.8464087
8142,Saulkalne,3,"7073, 7229, 7788",autobuss,24.4376064,56.8472486
8143,Saulkalne,3,"7073, 7229, 7788",autobuss,24.4353863,56.8469821
8145,Pagrieziens uz Baložiem,6,"6779, 6847, 6848, 6991, 7467, 7480",autobuss,24.1529560,56.8853540
8148,Dumpji,6,"6779, 6844, 6847, 6848, 6991, 7467",autobuss,24.1874910,56.8592757
8149,Alejas,6,"6779, 6844, 6847, 6848, 6991, 7467",autobuss,24.1937549,56.8531825
8150,Priedes,6,"6779, 6844, 6847, 6848, 6991, 7467",autobuss,24.2011620,56.8481529
8151,Vadoņi,5,"6779, 6844, 6847, 6848, 6991",autobuss,24.2130088,56.8424167
8152,Vadoņi,6,"6779, 6844, 6847, 6848, 6991, 7467",autobuss,24.2152140,56.8411130
8153,Vimbas,6,"6779, 6844, 6847, 6848, 6991, 7480",autobuss,24.2201412,56.8387958
8154,Vimbas,7,"6779, 6844, 6847, 6848, 6991, 7467, 7480",autobuss,24.2217211,56.8378021
8155,Muižnieki,6,"6779, 6844, 6847, 6848, 6991, 7467",autobuss,24.2289132,56.8342424
8156,Ķekava,12,"6779, 6844, 6847, 6848, 6991, 7200, 7249, 7467, 7480, 7490, 7493, 7898",autobuss,24.2383283,56.8295686
8157,Ķekava,12,"6779, 6847, 6848, 6991, 7200, 7249, 7467, 7480, 7490, 7491, 7493, 7898",autobuss,24.2397685,56.8284628
8158,Odukalns,5,"6779, 6847, 6848, 6991, 7480",autobuss,24.2447412,56.8235721
8159,Odukalns,6,"6779, 6847, 6848, 6991, 7467, 7480",autobuss,24.2446277,56.8230372
8160,Čagas,5,"6847, 6848, 6991, 7480, 7490",autobuss,24.2469234,56.8052609
8161,Čagas,3,"6848, 6991, 7480",autobuss,24.2473196,56.8026354
8162,Stabiņi,3,"6848, 6991, 7480",autobuss,24.2429075,56.7887768
8163,Stabiņi,3,"6848, 6991, 7480",autobuss,24.2424334,56.7873392
8164,Gūģi,3,"6848, 6991, 7480",autobuss,24.2427640,56.7730150
8165,Gūģi,3,"6848, 6991, 7480",autobuss,24.2429170,56.7716770
8166,Balkas,3,"6848, 6991, 7480",autobuss,24.2478891,56.7552844
8167,Balkas,3,"6848, 6991, 7480",autobuss,24.2477230,56.7548051
8168,Lipši,3,"6848, 6991, 7480",autobuss,24.2540957,56.7340173
8169,Lipši,3,"6848, 6991, 7480",autobuss,24.2540252,56.7325424
817,DUS,1,5635,autobuss,27.7369160,56.5290190
8170,Brieži,3,"6848, 6991, 7480",autobuss,24.2529785,56.7218325
8171,Brieži,3,"6848, 6991, 7480",autobuss,24.2520154,56.7204658
8172,Medemciems,6,"5034, 5171, 5172, 6852, 6859, 7017",autobuss,24.0641492,56.8567184
8173,Medemciems,7,"5034, 5171, 5172, 5173, 6852, 6859, 7017",autobuss,24.0634028,56.8561798
8174,Olaines stacija,4,"7017, 7376, 7482, 7933",autobuss,23.9500761,56.7839681
8175,Olaines stacija,5,"7017, 7376, 7377, 7482, 7933",autobuss,23.9491770,56.7839523
8176,Blukas,4,"7017, 7376, 7482, 7933",autobuss,23.9192494,56.7666539
8177,Blukas,5,"7017, 7376, 7377, 7482, 7933",autobuss,23.9185934,56.7668456
8178,Skārduciems,2,"5616, 7959",autobuss,23.8556276,56.9212885
8179,Skārduciems,2,"5616, 7959",autobuss,23.8534812,56.9212086
8180,Pluģi,1,7959,autobuss,23.8188593,56.9173146
8181,Pluģi,1,7959,autobuss,23.8172042,56.9172166
8182,Annas,2,"5616, 7959",autobuss,23.8046924,56.9157281
8183,Annas,2,"5616, 7959",autobuss,23.8028748,56.9155420
8184,Klīves,1,7959,autobuss,23.7817601,56.9099840
8185,Klīves,1,7959,autobuss,23.7797448,56.9096023
8188,Kaupi,1,7959,autobuss,23.7507138,56.9019115
8189,Kaupi,1,7959,autobuss,23.7480231,56.9013491
8190,Trenču ciems,1,7959,autobuss,23.7358325,56.8981350
8191,Trenču ciems,1,7959,autobuss,23.7325448,56.8976027
8192,Benuži,5,"7401, 7937, 7957, 7958, 7959",autobuss,23.7200985,56.8955977
8193,Benuži,5,"7401, 7937, 7957, 7958, 7959",autobuss,23.7177594,56.8954504
8196,Bļodnieki,1,7959,autobuss,23.6910305,56.8916356
8197,Bļodnieki,1,7959,autobuss,23.6879299,56.8912989
8198,Steķi,1,7959,autobuss,23.6713468,56.8880000
8199,Steķi,1,7959,autobuss,23.6687556,56.8876401
8200,Mežmaļi,1,6190,autobuss,26.4295247,55.7424093
8201,Mežmaļi,1,6190,autobuss,26.4291083,55.7426580
8202,Akmeņdārzi,1,6008,autobuss,22.4628622,57.5747047
8203,Akmeņdārzi,2,"5997, 6008",autobuss,22.4627081,57.5746145
8204,Usma,5,"7511, 7684, 7948, 7955, K7955",autobuss,22.1738187,57.2468896
8205,Usma,5,"7511, 7684, 7948, 7955, K7955",autobuss,22.1726316,57.2472289
8206,Dzirnavas,4,"6083, 7511, 7684, 7948",autobuss,22.1090484,57.2553945
8207,Dzirnavas,4,"6083, 7511, 7684, 7948",autobuss,22.1082039,57.2556531
8208,Slimnīca,3,"6083, 7511, 7684",autobuss,22.0565466,57.2706034
8209,Slimnīca,3,"6083, 7511, 7684",autobuss,22.0542245,57.2705954
8212,Ugāle,6,"6083, 7511, 7684, 7948, 7955, K7955",autobuss,22.0216051,57.2784764
8213,Ugāle,6,"6083, 7511, 7684, 7948, 7955, K7955",autobuss,22.0221683,57.2788580
8214,Puzenieku pagrieziens,1,7511,autobuss,21.9622140,57.3124270
8215,Puzenieku pagrieziens,1,7511,autobuss,21.9600245,57.3138431
8216,Ezerkrogs,1,7955,autobuss,21.9436530,57.3320979
8217,Ezerkrogs,1,7955,autobuss,21.9444440,57.3328709
8218,Puzes ezers,2,"7511, 7948",autobuss,21.9281535,57.3470066
8219,Puzes ezers,2,"7511, 7948",autobuss,21.9277675,57.3475502
8222,Mežniecība,2,"6083, 6496",autobuss,21.8359478,57.3940049
8223,Mežniecība,2,"6083, 6496",autobuss,21.8343642,57.3941607
8224,Griži,5,"6083, 6496, 7511, 7684, 7948",autobuss,21.7707880,57.3844973
8225,Griži,4,"6083, 6496, 7511, 7684",autobuss,21.7696413,57.3844600
8226,Ūdensvads,2,"6083, 6496",autobuss,21.7563570,57.3816170
8227,Ūdensvads,2,"6083, 6496",autobuss,21.7550395,57.3814763
8228,Elkšķenes pagrieziens,3,"7511, 7684, 7948",autobuss,21.7212910,57.3776130
8229,Elkšķenes pagrieziens,2,"7511, 7684",autobuss,21.7167495,57.3787649
823,Dzelzceļa pārbrauktuve,2,"5777, 5835",autobuss,24.3485628,56.8596809
8230,Platene,5,"6083, 6496, 7511, 7684, 7948",autobuss,21.6952758,57.3964177
8231,Platene,5,"6083, 6496, 7511, 7684, 7948",autobuss,21.6918966,57.3990129
8234,Mauri,5,"6083, 6496, 7511, 7684, 7948",autobuss,21.6617510,57.4007210
8235,Mauri,4,"6083, 6496, 7511, 7684",autobuss,21.6593103,57.4002517
8236,Naftas bāze,1,7699,autobuss,21.5644092,57.3527018
8237,Naftas bāze,1,7699,autobuss,21.5642283,57.3522989
8238,Dzirnavas,2,"6079, 7699",autobuss,21.5687456,57.3415344
8239,Dzirnavas,2,"6079, 7699",autobuss,21.5683420,57.3412852
824,Dzelzceļa pārbrauktuve,2,"5777, 5835",autobuss,24.3493691,56.8601796
8240,Bajāri,7,"6079, 7253, 7428, 7585, 7699",autobuss,21.5639711,57.3321117
8241,Bajāri,7,"6079, 7253, 7428, 7585, 7699",autobuss,21.5638436,57.3308337
8244,Vārve,8,"6079, 7253, 7428, 7585, 7699",autobuss,21.5584795,57.3054164
8245,Vārve,8,"6079, 7253, 7428, 7585, 7699",autobuss,21.5592413,57.3044025
8250,Leči,5,"6079, 7253, 7428, 7699",autobuss,21.5787691,57.2767761
8251,Leči,5,"6079, 7253, 7428, 7699",autobuss,21.5802593,57.2745608
8252,Jaunmuiža,1,6079,autobuss,21.5859672,57.2648487
8254,Zūras,5,"6079, 7253, 7428, 7585",autobuss,21.5905352,57.2546810
8255,Zūras,5,"7253, 7428, 7585",autobuss,21.5908918,57.2537273
8258,Ventava,6,"6079, 7253, 7428, 7585",autobuss,21.6033347,57.2264581
8259,Ventava,6,"6079, 7253, 7428, 7585",autobuss,21.6027452,57.2270022
8264,Ziru klubs,6,"6079, 7253, 7428, 7585",autobuss,21.6372358,57.1913253
8265,Ziru klubs,5,"7253, 7428, 7585",autobuss,21.6379323,57.1906281
8268,Priedulāji,3,"7253, 7428",autobuss,21.7088769,57.1477772
8269,Priedulāji,3,"7253, 7428",autobuss,21.7097585,57.1467164
8272,Dobēji,5,"7253, 7428, 7585",autobuss,21.7723029,57.1059585
8273,Dobēji,5,"7253, 7428, 7585",autobuss,21.7732349,57.1054671
8274,Pentuļi,1,7699,autobuss,21.5480335,57.2596064
8275,Pentuļi,1,7699,autobuss,21.5456062,57.2587050
8278,Mežgrīvas,2,7699,autobuss,21.4434558,57.2012349
8279,Mežgrīvas,2,7699,autobuss,21.4431403,57.2010903
8282,Vendzavas,2,7699,autobuss,21.4295643,57.1604480
8284,Vendzavas,2,7699,autobuss,21.4289322,57.1600367
8287,Sārnate,2,7699,autobuss,21.4234887,57.1150093
8288,Sārnate,2,7699,autobuss,21.4231100,57.1145965
8295,Zaļkalni,1,7699,autobuss,21.4229110,57.0576232
8296,Zaļkalni,1,7699,autobuss,21.4226206,57.0564231
8299,Vecarāji,2,7699,autobuss,21.4083851,57.0284271
8300,Vecarāji,2,7699,autobuss,21.4079084,57.0282982
8301,Jūrkalne,3,"7016, 7699",autobuss,21.3880920,57.0076610
8302,Jūrkalne,3,"7016, 7699",autobuss,21.3875989,57.0073247
8305,Lejkalni,3,"7016, 7699",autobuss,21.3608762,56.9804006
8306,Lejkalni,3,"7016, 7699",autobuss,21.3607146,56.9799772
8307,Labrags,3,"7016, 7699",autobuss,21.3451369,56.9706773
8308,Labrags,3,"7016, 7699",autobuss,21.3442759,56.9704081
8316,Zlēkas,4,"7253, 7428, 7585",autobuss,21.8187574,57.1232071
8317,Ziras,1,6079,autobuss,21.5780537,57.1733610
8318,Ziras,5,"6079, 7253, 7428, 7585",autobuss,21.5782199,57.1732924
8319,Zvērsaimniecība,1,5203,autobuss,21.6344439,57.4203739
8320,Akmeņdziras,2,"5202, 7682",autobuss,21.6850970,57.4589920
8321,Riesti,2,"5202, 7682",autobuss,21.7140809,57.4677221
8322,Muižnieki,2,"5202, 7682",autobuss,21.7626080,57.4819730
8323,Vēde,2,"5202, 7682",autobuss,21.8360133,57.4993588
8324,Rinda,2,"5202, 7682",autobuss,21.8949926,57.5196560
8325,Krāni,2,"5202, 7682",autobuss,21.9203237,57.5299753
8326,Kalni,2,"5202, 7682",autobuss,21.9697700,57.5257545
8327,Graudupes,1,7682,autobuss,21.9866327,57.5266143
8328,Graudupes,1,7682,autobuss,21.9876292,57.5266215
8329,Maztiltkalni,1,7682,autobuss,22.0179908,57.5254593
8330,Maztiltkalni,1,7682,autobuss,22.0186688,57.5252782
8331,Ance,3,"5202, 6009, 7682",autobuss,22.0232555,57.5161283
8332,Jorniņi,2,"6009, 7682",autobuss,22.0732775,57.5031089
8334,Lonaste,2,"6009, 7682",autobuss,22.1340159,57.4908301
8335,Lonaste,2,"6009, 7682",autobuss,22.1339897,57.4907438
8336,Kaziņas,2,"6009, 7682",autobuss,22.2118510,57.4880530
8337,Kaziņas,2,"6009, 7682",autobuss,22.2120540,57.4879470
8338,Puzenieki,2,"6083, 7684",autobuss,22.0480647,57.3194831
8339,Puzenieki,2,"6083, 7684",autobuss,22.0483966,57.3194443
8340,Sproģi,1,6083,autobuss,22.0466838,57.3325044
8341,Sproģi,1,6083,autobuss,22.0468447,57.3325480
8342,Blāzma,4,"6083, 6496, 6497, 7684",autobuss,22.0559021,57.3532798
8343,Blāzma,4,"6083, 6496, 6497, 7684",autobuss,22.0560895,57.3541958
8344,Pope,7,"6083, 6496, 7511, 7684, 7948, 7955, K7955",autobuss,21.8527718,57.3968475
8346,Dzirnavas,1,6083,autobuss,22.0823593,57.2433677
8347,Usmas pagrieziens,1,6083,autobuss,22.1708684,57.2463903
8348,Usmas pagrieziens,1,6083,autobuss,22.1702351,57.2459732
8349,Bērzrags,1,6083,autobuss,22.1660327,57.2339878
8350,Bērzrags,1,6083,autobuss,22.1662762,57.2333109
8351,Aptieka,1,6083,autobuss,22.0470509,57.2694468
8352,Aptieka,1,6083,autobuss,22.0463130,57.2696911
8353,Kalnu skola,1,6083,autobuss,22.0465844,57.2524925
8354,Kalnu skola,1,6083,autobuss,22.0464348,57.2525928
8355,Bāka,2,"6496, 6497",autobuss,22.1913794,57.3773580
8356,Bāka,2,"6496, 6497",autobuss,22.1896658,57.3775359
8359,Blāzma,1,6496,autobuss,22.0646057,57.3558092
8360,Blāzma,1,6496,autobuss,22.0627806,57.3555934
8361,Dandzītes,3,"6083, 6496, 7684",autobuss,22.0290539,57.3606753
8362,Dandzītes,3,"6083, 6496, 7684",autobuss,22.0282735,57.3607842
8363,Raibkrogs,2,"6083, 6496",autobuss,22.0144275,57.3681684
8364,Topciems,3,"6083, 6496, 7684",autobuss,21.9577374,57.3772019
8365,Topciems,3,"6083, 6496, 7684",autobuss,21.9567322,57.3774233
8368,Ameles,2,"6496, 6497",autobuss,22.2285983,57.3757067
8369,Varkaļi,7,"7016, 7018, 7041, 7410, 7955, 7990, K7410",autobuss,23.8043746,56.9513049
8370,Varkaļi,8,"7016, 7018, 7041, 7410, 7938, 7955, 7990, K7410",autobuss,23.8035421,56.9513872
8372,Krievi,1,7018,autobuss,23.7708379,56.9446209
8373,Krievi,1,7018,autobuss,23.7702504,56.9446339
8374,Saulieši,1,7018,autobuss,23.7509021,56.9407228
8375,Saulieši,1,7018,autobuss,23.7505890,56.9407964
8376,Silmalas,5,"7016, 7018, 7041, 7990, K7410",autobuss,23.7285700,56.9367476
8377,Silmalas,5,"7016, 7018, 7041, 7990, K7410",autobuss,23.7276074,56.9367370
8378,Spuņciems,9,"7016, 7018, 7041, 7410, 7948, 7955, 7990, K7410, K7955",autobuss,23.6913761,56.9294039
8379,Spuņciems,8,"7016, 7018, 7041, 7410, 7938, 7955, 7990, K7410",autobuss,23.6908981,56.9294001
8382,Muiža,1,7018,autobuss,23.6480516,56.9288808
8383,Muiža,1,7018,autobuss,23.6476580,56.9291048
8384,Gātciems,2,"7018, 7955",autobuss,23.6335299,56.9286320
8385,Gātciems,2,"7018, 7955",autobuss,23.6300186,56.9287295
8386,Kalngale,1,6842,autobuss,24.1593798,57.0785506
8387,Carnikava,1,6842,autobuss,24.2783655,57.1288706
8389,Garkalne,2,"6992, 7748",autobuss,24.4176622,57.0366519
8390,Bāliņi,3,"6251, 6992, 7748",autobuss,24.4600797,57.0129421
8391,Bāliņi,2,"6992, 7748",autobuss,24.4619730,57.0126370
8394,Skuķīši,3,"6251, 6992, 7748",autobuss,24.5110689,57.0086546
8395,Skuķīši,2,"6992, 7748",autobuss,24.5138069,57.0088938
840,Dzirnavu iela,3,"5635, 6552, 6587",autobuss,27.7327604,56.5364451
8400,Reipas,3,"6251, 6992, 7748",autobuss,24.5724397,57.0072266
8401,Reipas,2,"6992, 7748",autobuss,24.5780350,57.0067490
8402,Tumšupe,3,"6251, 6992, 7748",autobuss,24.6221268,57.0205360
8403,Tumšupe,2,"6992, 7748",autobuss,24.6215843,57.0200967
8406,Plānupe,3,"6251, 6992, 7748",autobuss,24.6869390,57.0320401
8407,Plānupe,3,"6251, 6992, 7748",autobuss,24.6888335,57.0319159
8408,Mazkangari,3,"6251, 6992, 7748",autobuss,24.7435556,57.0277704
8409,Mazkangari,3,"6251, 6992, 7748",autobuss,24.7452072,57.0271634
841,Dzirnavu iela,3,"6847, 7467, 7490",autobuss,24.3794652,56.7429946
8410,Allažmuiža,2,"6992, 7748",autobuss,24.8081407,57.0265922
8411,Allažmuiža,2,"6992, 7748",autobuss,24.8091170,57.0261333
8412,Skruntes,2,"6992, 7748",autobuss,24.8485258,57.0208901
8413,Skruntes,2,"6992, 7748",autobuss,24.8495489,57.0204953
8414,Šķiliņi,3,"6876, 6992, 7748",autobuss,24.8691742,57.0145918
8415,Šķiliņi,3,"6876, 6992, 7748",autobuss,24.8702432,57.0145542
8416,Želvi,1,6987,autobuss,26.7379412,56.2196033
8417,Polockieši,3,"6949, 6958, 6972",autobuss,26.7015583,56.2386835
8418,Dovale,3,"6949, 6958, 6972",autobuss,26.6676905,56.2282035
842,Dzirnavu iela,2,"6847, 7490",autobuss,24.3780497,56.7430369
8421,Kaļvi,3,"6949, 6958, 6972",autobuss,26.5800850,56.2117147
8422,Broduži,3,"6949, 6958, 6972",autobuss,26.5579798,56.2031580
8423,Vārkava,3,"6943, 6981, 6982",autobuss,26.5666960,56.2450042
8424,Vārkava,2,"6981, 6982",autobuss,26.5668371,56.2452893
8425,Babri,1,6956,autobuss,26.6874642,56.3252593
8426,Kalnacki,1,6956,autobuss,26.7133941,56.3487290
8427,Siera rūpnīca,3,"6884, 6885, 6987",autobuss,26.7202009,56.2775247
8428,Vaivodi,2,"6981, 6982",autobuss,26.6785385,56.2727378
8429,Vaivodi,3,"6943, 6981, 6982",autobuss,26.6778605,56.2729174
843,Dzirnieki,3,"5826, 6516, 6525",autobuss,23.8744929,56.5657254
8434,Ančkini,3,"5484, 6981, 6982",autobuss,26.6237991,56.2779607
8435,Ančkini,4,"5484, 6943, 6981, 6982",autobuss,26.6229225,56.2780347
8436,Znotiņi,1,5484,autobuss,26.5718401,56.2841654
8437,Znotiņi,1,5484,autobuss,26.5712909,56.2843796
8438,Tiltova,1,5484,autobuss,26.5047359,56.2853736
8439,Raunieši,1,5484,autobuss,26.4650057,56.2922921
844,Dzirnieki,3,"5374, 5826, 6521",autobuss,23.8743328,56.5657655
8440,Kārļi,1,5484,autobuss,26.4486710,56.3095783
8447,Zepi,5,"5469, 5470, 5487, 6657, 6976",autobuss,26.1852559,56.4058924
8448,Zundāni,5,"5469, 5470, 5487, 6657, 6976",autobuss,26.2177600,56.4255660
8449,Gaiņi,5,"5469, 5470, 5487, 6657, 6976",autobuss,26.2393680,56.4371153
8450,Veceļi,2,"5487, 6657",autobuss,26.2884560,56.4492910
8451,Vārpsala,2,"5487, 6657",autobuss,26.3566110,56.4497730
8452,Vidsala,3,"5469, 5470, 6976",autobuss,26.2673180,56.4798540
8453,Gruguļi,3,"5469, 5470, 6976",autobuss,26.2570130,56.4987070
8454,Tilts,2,"5469, 6924",autobuss,26.4004630,56.3662330
8455,Kivlenieki,2,"5469, 6924",autobuss,26.4356890,56.3980860
8458,Kurčāni,1,5713,autobuss,26.5418768,56.4541323
8459,Kurčāni,1,5713,autobuss,26.5422879,56.4539339
8460,Grigi,1,5713,autobuss,26.5660802,56.4512213
8461,Grigi,1,5713,autobuss,26.5663211,56.4512301
8462,Bernāni,1,6961,autobuss,27.0654995,56.1601118
8463,Kapinieki,1,5713,autobuss,26.5803635,56.4584560
8464,Kapinieki,1,5713,autobuss,26.5802635,56.4584560
8465,Aizpurieši,1,5713,autobuss,26.6033865,56.4702562
8466,Aizpurieši,1,5713,autobuss,26.6035882,56.4703212
8467,Kassalīši,1,5713,autobuss,26.6207857,56.5126114
8468,Kassalīši,1,5713,autobuss,26.6220045,56.5136730
8469,Broki,1,5713,autobuss,26.6484859,56.5307745
8470,Broki,1,5713,autobuss,26.6505963,56.5318413
8473,Čaunāni 2,1,5713,autobuss,26.6777295,56.5410887
8474,Čaunāni 2,1,5713,autobuss,26.6791889,56.5413725
8475,Salenieki,2,"5506, 7560",autobuss,26.9702573,56.1061875
8476,Salenieki,1,5506,autobuss,26.9702083,56.1062081
8482,Ansveriņi,2,"5506, 7560",autobuss,26.9061167,56.0761681
8484,Ansveriņi,1,5506,autobuss,26.9059250,56.0762000
8485,Puncuļi,1,6968,autobuss,26.6292098,56.3653361
8486,Jezufinova,1,6968,autobuss,26.6604580,56.3757610
8488,Betišķi,1,6968,autobuss,26.6557893,56.4028073
8490,Pieniņi,1,6956,autobuss,26.7200299,56.3662261
8491,Skuteļi,1,6956,autobuss,26.7164507,56.3914955
8492,Galēni,1,5716,autobuss,26.8385992,56.4770520
8493,Galēni,1,5716,autobuss,26.8382355,56.4772124
8496,Gribolva,1,5716,autobuss,26.7756460,56.5035232
8497,Gribolva,1,5716,autobuss,26.7751599,56.5039699
8504,Lomi,1,7435,autobuss,26.8776264,56.4345541
8505,Lomi,2,"7435, 7893",autobuss,26.8772606,56.4340773
8510,Borisovka,1,7435,autobuss,26.8403860,56.3960815
8511,Borisovka,2,"7435, 7893",autobuss,26.8396457,56.3957382
8512,Pušča,1,7435,autobuss,26.8316968,56.3860372
8513,Pušča,2,"7435, 7893",autobuss,26.8313451,56.3855202
8514,Leinišķi,1,7435,autobuss,26.8220578,56.3627041
8515,Leinišķi,2,"7435, 7893",autobuss,26.8220223,56.3622442
8516,Strazde,7,"5122, 7041, 7259, 7684, 7948, 7955, 7990",autobuss,22.7368572,57.1321203
8519,Sknābe,7,"5122, 5316, 7041, 7259, 7684, 7948, 7955",autobuss,22.6873143,57.1537412
8522,Lībagi,6,"5121, 5122, 5316, 7041, 7948, 7955",autobuss,22.6593395,57.1705284
8523,Lībagu skola,3,"5121, 5122, 5316",autobuss,22.6482550,57.1757506
8526,Talsu pagrieziens,6,"5316, 7041, 7684, 7948, 7955, K7955",autobuss,22.5816514,57.1934109
8527,Talsu pagrieziens,5,"5316, 7041, 7684, 7948, 7955",autobuss,22.5817164,57.1937775
8528,Draudzība,4,"5439, 7511, 7684, 7948",autobuss,22.4934474,57.2146771
853,Egļuciems,4,"7018, 7041, 7410, 7990",autobuss,23.8596291,56.9636203
8531,Ģibuļi,5,"5439, 7511, 7684, 7948, 7955",autobuss,22.4328495,57.2050535
8534,Uzvara,5,"5439, 7511, 7684, 7948, 7955",autobuss,22.3746927,57.1906966
8535,Stundas,1,7948,autobuss,22.3342204,57.1940163
8536,Stundas,1,7948,autobuss,22.3338595,57.1942663
8537,Veccepļi,2,"5439, 7511",autobuss,22.3076828,57.2028565
8538,Ausma,1,7955,autobuss,22.2851524,57.2089766
854,Egļuciems,4,"7018, 7041, 7410, 7990",autobuss,23.8589631,56.9632959
8540,Zivju bāze,3,"7511, 7684, 7955",autobuss,22.2276322,57.2203968
8541,Zivju bāze,3,"7511, 7684, 7948",autobuss,22.2263716,57.2210385
8542,Vīceži,6,"5316, 6414, 6416, 7260, 7509, 7512",autobuss,22.5777184,57.2144477
8543,Selekcija,8,"5316, 6414, 6416, 7260, 7509, 7512, 7990",autobuss,22.5640396,57.1884541
8544,Bungu kapi,2,7512,autobuss,22.5433099,57.1720290
8545,Bungu kapi,2,7512,autobuss,22.5440540,57.1731348
855,Krustkalni,6,"6779, 6847, 6848, 6991, 7480, 7490",autobuss,24.1410601,56.8955199
8550,Veģi,8,"6414, 7016, 7410, 7509, 7512, 7938, K7410",autobuss,22.4697058,57.0836487
8551,Veģi,8,"6414, 7016, 7410, 7509, 7512, 7938, K7410",autobuss,22.4695218,57.0838158
8552,Kaleši,4,"7509, 7512, 7938",autobuss,22.4086991,57.0879139
8553,Kaleši,4,"7509, 7512, 7938",autobuss,22.4083821,57.0880632
8557,Kalte,1,6388,autobuss,24.0710656,56.3263352
8558,Pitrags,2,"6001, 7946",autobuss,22.3959630,57.6940889
8559,Ciši,1,7892,autobuss,26.7676072,56.2909861
8560,Ciši,3,"6977, 7452, 7892",autobuss,26.7677817,56.2911006
8561,Saunags,2,"6001, 7946",autobuss,22.4455491,57.7099459
8562,Saunags,2,"6001, 7946",autobuss,22.4469400,57.7102708
8563,Vaide,2,"6001, 7946",autobuss,22.4910276,57.7252192
8564,Vaide,2,"6001, 7946",autobuss,22.4927554,57.7256608
8565,Valdgale,9,"5385, 6402, 6408, 6409, 6413, 6422, 6435, 6438, 7947",autobuss,22.5739349,57.2817451
8568,Indiņi,5,"5385, 6402, 6422, 6435, 6438",autobuss,22.5344470,57.3153570
8573,Pūņas,5,"5385, 6402, 6422, 6435, 6438",autobuss,22.5008336,57.3460296
8576,Cīruļi,3,"5385, 6435, 6438",autobuss,22.4788689,57.3742348
858,Elites iela,2,"5601, 6274",autobuss,25.3502822,57.3159115
8580,Dreimaņi,3,"5385, 6435, 6438",autobuss,22.4436064,57.4013616
8583,Valpene,3,"5385, 6435, 6438",autobuss,22.3981816,57.4307758
8584,Plintiņi,1,5998,autobuss,22.3890995,57.4445487
8585,Plintiņi,1,5998,autobuss,22.3889278,57.4454008
8586,Dinsberga muzejs,4,"5385, 5998, 6435, 6438",autobuss,22.3767955,57.4596271
8587,Eniņi,4,"5385, 5998, 6435, 6438",autobuss,22.3653837,57.4694195
8590,Purmaļi,3,"6829, 6830, 6831",autobuss,24.6119714,56.9517259
8591,Purmaļi,3,"6829, 6830, 6831",autobuss,24.6122008,56.9520542
8592,Dundaga,13,"5385, 5997, 5998, 5999, 6000, 6001, 6008, 6009, 6011, 6435, 6438, 7041 …",autobuss,22.3502152,57.5095268
8593,Mazirbes tautas nams,1,7946,autobuss,22.3174520,57.6834818
8594,Vīgrieze,5,"6408, 6409, 6413, 6422, 6438",autobuss,22.5835358,57.3006028
8595,Mežgravas,6,"6408, 6409, 6413, 6422, 6438, 7947",autobuss,22.5920234,57.3202101
8602,Ārlava,4,"6408, 6412, 6413, 7947",autobuss,22.5929221,57.3950350
8603,Lubezeres pagrieziens,4,"6408, 6412, 6413, 7947",autobuss,22.6006048,57.4068595
8604,Anuži,4,"6408, 6412, 6413, 7947",autobuss,22.6024835,57.4249260
8606,Lube,4,"6408, 6412, 6413, 7947",autobuss,22.6536741,57.4493884
8609,Lubezeres skola,3,"6408, 6413, 7947",autobuss,22.7172079,57.4866846
8610,Rojupe,3,"6408, 6413, 7947",autobuss,22.7308000,57.4907887
8615,Zvirgzdi,7,"3200, 6401, 6405, 6408, 6409, 6412, 6434",autobuss,22.6037799,57.2533054
8617,Laidzes tautas nams,6,"6401, 6405, 6408, 6409, 6412, 6434",autobuss,22.6236523,57.2708390
8618,Roceži,1,6409,autobuss,22.6354652,57.2792595
8619,Roceži,1,6412,autobuss,22.6361388,57.2794995
862,Enerģētiķi,2,"5530, 5835",autobuss,24.3351473,56.9149029
8623,Vandzenes skola,5,"6401, 6405, 6408, 6412, 6434",autobuss,22.8019812,57.3275519
8626,Upītes,3,"6401, 6405, 6408",autobuss,22.8638871,57.3339937
8629,Kannenieki,3,"6401, 6405, 6408",autobuss,22.9261086,57.3554601
863,Enerģētiķi,2,"5530, 5835",autobuss,24.3364298,56.9149677
8632,Uguņi,3,"6401, 6405, 6408",autobuss,22.9598976,57.3792370
8635,Petrauski,2,"6977, 7892",autobuss,26.7913068,56.2938539
8636,Petrauski,1,7892,autobuss,26.7931568,56.2942354
8641,Baltais krogs,2,"6977, 7892",autobuss,26.8411776,56.2875958
8642,Baltais krogs,1,7892,autobuss,26.8422001,56.2874211
8643,Gailīši,1,7892,autobuss,26.8606549,56.2845115
8644,Gailīši,3,"6977, 7452, 7892",autobuss,26.8608352,56.2845757
8645,Eisāgi,3,"6977, 7452, 7892",autobuss,26.8968722,56.2775579
8646,Eisāgi,1,7892,autobuss,26.8969558,56.2774840
8651,Makuši,2,"6977, 7892",autobuss,26.9512489,56.2688506
8652,Makuši,1,7892,autobuss,26.9529049,56.2683073
8653,Gailīši 2,2,"6977, 7892",autobuss,26.9738574,56.2637520
8654,Gailīši 2,1,7892,autobuss,26.9744138,56.2635765
8655,Vēveri,2,"6977, 7892",autobuss,27.0025944,56.2595348
8656,Vēveri,1,7892,autobuss,27.0026377,56.2594321
8657,Aglonas stacija,8,"5564, 5714, 5715, 6961, 6963, 7479, 7878, 7899",autobuss,26.8907260,56.1778396
8658,Aglonas stacija,7,"5564, 5714, 5715, 6961, 6963, 7878, 7899",autobuss,26.8909700,56.1778130
8659,Dursupe,2,"6407, 7951",autobuss,22.8858734,57.1907200
8662,Liesma,2,"6407, 7951",autobuss,22.8291155,57.2075319
8665,Mežuļi,2,"6407, 7951",autobuss,22.7794780,57.2181174
8668,Lauciene,4,"6405, 6406, 6407, 7951",autobuss,22.7489968,57.2277907
8669,Odre,4,"6405, 6406, 6407, 7951",autobuss,22.7065900,57.2336650
8677,Sventes,5,"6414, 7509, 7512, 7938",autobuss,22.5213785,57.0857678
8678,Sventes,5,"6414, 7509, 7512, 7938",autobuss,22.5209467,57.0860139
8679,Mērsrags,5,"6405, 6408, 7946, 7947, 7950",autobuss,23.1234053,57.3372627
8680,Ķīsteri,2,"6405, 6408",autobuss,23.0937003,57.3537887
8681,Upesgrīva,5,"6401, 6408, 7946, 7947, 7950",autobuss,23.0045636,57.3900552
8682,Valgalciems,5,"6401, 6408, 7946, 7947, 7950",autobuss,22.9467926,57.4102117
8683,Dambīši,5,"6401, 6408, 7946, 7947, 7950",autobuss,22.9099840,57.4333490
8684,Kaltene,5,"6401, 6408, 7946, 7947, 7950",autobuss,22.8919796,57.4523252
8685,Rojnieki,5,"6401, 6408, 7946, 7947, 7950",autobuss,22.8556354,57.4813255
8686,Roja,6,"6401, 6408, 6413, 7946, 7947, 7950",autobuss,22.8078387,57.5040419
8687,Žocene,2,"6413, 7946",autobuss,22.7085545,57.5387667
8688,Žocene,3,"6413, 7946, 7950",autobuss,22.7076138,57.5392005
8689,Ģipka,2,"6413, 7946",autobuss,22.6521165,57.5660829
8690,Ģipka,3,"6413, 7946, 7950",autobuss,22.6520138,57.5663236
8691,Pūrciems,2,"6413, 7946",autobuss,22.6272807,57.5769368
8692,Pūrciems,3,"6413, 7946, 7950",autobuss,22.6265065,57.5776861
8695,Melnsils,4,"5385, 6413, 7946, 7950",autobuss,22.5740261,57.6513438
8697,Uši,4,"5385, 6413, 7946, 7950",autobuss,22.5684516,57.7007508
8698,Kolka,5,"5385, 6001, 6413, 7946, 7950",autobuss,22.5860957,57.7434958
8699,Alakste,3,"5997, 6008, 6011",autobuss,22.4191840,57.5453023
8700,Kaļķi,3,"5997, 6008, 6011",autobuss,22.4536655,57.5480007
8701,Kaļķi,3,"5997, 6008, 6011",autobuss,22.4544295,57.5479974
8702,Upenieki,2,"6405, 6406",autobuss,22.9851622,57.2599829
8703,Baltija,2,"6416, 7260",autobuss,22.5208306,57.0311017
8704,Egles,1,6416,autobuss,22.5315836,57.0358096
8705,Balgale,1,6407,autobuss,22.8900687,57.1751370
8706,Gubanišķi,1,6928,autobuss,26.7546730,56.1490437
8707,Kotleri,1,6928,autobuss,26.7932791,56.1487928
8712,Aizkalne,1,6987,autobuss,26.7819218,56.2012828
8713,Aizkalne,2,"6926, 6987",autobuss,26.7816983,56.2011127
8714,Sparāni,1,6987,autobuss,26.7838210,56.2144834
8715,Sparāni,2,"6926, 6987",autobuss,26.7838586,56.2142008
8722,Vilnīši,2,"5470, 6900",autobuss,26.1072430,56.4050610
8723,Veiguri,8,"5470, 6900, 7010, 7799, 7852, 7867, 7878, 7981",autobuss,26.1321940,56.3994340
8724,Jaunā muiža,3,"5470, 6657, 6900",autobuss,26.1506180,56.3903930
8725,Jaunā muiža,8,"5469, 5470, 5487, 6657, 6898, 6900, 6976, 7867",autobuss,26.1528660,56.3883940
8726,Bucenieki,2,"7799, 7852",autobuss,26.1839139,56.3243187
8727,Bucenieki,2,"7799, 7852",autobuss,26.1838290,56.3235453
8730,Jersika,2,"7799, 7852",autobuss,26.2074867,56.2551201
8731,Jersika,2,"7799, 7852",autobuss,26.2073858,56.2535051
8734,Inciems,3,"6261, 7175, 7177",autobuss,24.8755570,57.2578391
8735,Inciems,2,"7175, 7177",autobuss,24.8753724,57.2576296
8736,Madaliņa,2,"7799, 7852",autobuss,26.2441520,56.2172707
8737,Madaliņa,2,"7799, 7852",autobuss,26.2449326,56.2170004
8740,Sergunta,2,"7799, 7852",autobuss,26.2995682,56.1881846
8741,Sergunta,2,"7799, 7852",autobuss,26.2987515,56.1885603
8744,Kalte,1,6388,autobuss,24.0712656,56.3263352
8745,Lubāni,6,"5564, 7445, 7479, 7541",autobuss,26.9458036,56.1923358
8746,Lubāni,6,"5564, 7445, 7479, 7541",autobuss,26.9448910,56.1921667
8749,Aglonas pagrieziens,7,"7047, 7445, 7479, 7541, 7979",autobuss,26.9001174,56.1734807
8752,Ārdava,5,"7479, 7541, 7979",autobuss,26.8440419,56.1402647
8753,Ārdava,5,"7479, 7541, 7979",autobuss,26.8416940,56.1382923
8754,Zeimuļi,4,"5712, 5716, 7435, 7893",autobuss,26.8687050,56.4804720
8755,Zeimuļi,3,"5712, 5716, 7893",autobuss,26.8687996,56.4800198
8756,Galēni,4,"5712, 7044, 7445, 7893",autobuss,26.8491529,56.4734683
8757,Galēni,4,"5712, 7044, 7445, 7893",autobuss,26.8490271,56.4734763
8762,Čaunāni,4,"5712, 7044, 7445, 7893",autobuss,26.7992046,56.4433160
8763,Čaunāni,4,"5712, 7044, 7445, 7893",autobuss,26.7986025,56.4428421
8765,Krogs,1,7893,autobuss,26.7860632,56.4285687
8766,Stabulnieki,6,"5712, 5716, 6959, 7044, 7445, 7893",autobuss,26.7828086,56.4175728
8767,Stabulnieki,6,"5712, 5716, 6959, 7044, 7445, 7893",autobuss,26.7824084,56.4167511
8768,Kauša,6,"5712, 5716, 6959, 7044, 7445, 7893",autobuss,26.7690007,56.3812488
8769,Kauša,6,"5712, 5716, 6959, 7044, 7445, 7893",autobuss,26.7688914,56.3806918
877,Ērgļu klintis,1,5615,autobuss,25.2610016,57.3541116
8773,Riebiņi,11,"5712, 5716, 6959, 6962, 6988, 7044, 7435, 7439, 7445, 7893, 7981",autobuss,26.7996612,56.3402377
8774,Riebiņi,9,"5712, 5716, 6959, 6962, 7044, 7435, 7439, 7445, 7893",autobuss,26.7996612,56.3400377
8775,Skola,5,"6959, 6962, 7435, 7439, 7445",autobuss,26.7884133,56.3346033
8776,Skola,2,"6884, 6885",autobuss,26.7231789,56.2900034
8777,Skola,5,"6962, 7435, 7439, 7445, 7893",autobuss,26.7877530,56.3342152
8778,Skola,2,"6882, 6884",autobuss,26.7228601,56.2895711
878,Ermiķi,1,5194,autobuss,26.8971868,57.3176829
8781,Bambāni,1,6579,autobuss,27.9666280,56.3826586
8782,Bambāni,1,6579,autobuss,27.9667697,56.3823133
8783,Štolderi,9,"6884, 6886, 6928, 6949, 6958, 6972, 6987, 7044, 7893",autobuss,26.7186502,56.2484659
8784,Štolderi,9,"6884, 6886, 6928, 6949, 6958, 6972, 6987, 7044, 7893",autobuss,26.7184804,56.2479424
8785,Babri,1,6987,autobuss,26.7138985,56.2289089
8788,Novosele,4,"6886, 6928, 7044, 7893",autobuss,26.7093849,56.1825232
8789,Novosele,4,"6886, 6928, 7044, 7893",autobuss,26.7093714,56.1821755
879,Ermiķi,1,5194,autobuss,26.8956419,57.3179242
8792,Pelēči,2,"7044, 7893",autobuss,26.7263534,56.1492003
8793,Pelēči,5,"6886, 6926, 6928, 7044, 7893",autobuss,26.7259348,56.1487504
8795,Nīdermuiža,2,"7044, 7893",autobuss,26.7134800,56.1251990
8796,Nīdermuiža,2,"7044, 7893",autobuss,26.7135395,56.1249194
8799,Kapiņi,5,"5506, 5855, 6961, 7556, 7560",autobuss,27.1147336,56.1388547
8800,Kapiņi,5,"5506, 5507, 5855, 6961, 7556",autobuss,27.1137358,56.1389508
8803,Sīna Pūrs,2,"5506, 7560",autobuss,27.0754109,56.1338280
8804,Dzerkaļi,1,6961,autobuss,27.0575505,56.1297019
8805,Dzerkaļi,1,6961,autobuss,27.0561695,56.1296496
8806,Bēšoni,3,"5507, 5714, 5715",autobuss,27.0740108,56.0989698
8807,Bēšoni,3,"5714, 5715, 5856",autobuss,27.0736181,56.0991399
8808,Sekļi,3,"5714, 5715, 5856",autobuss,27.0576861,56.1028526
8809,Sekļi,3,"5507, 5714, 5715",autobuss,27.0576320,56.1027568
8813,Aglona,14,"5506, 5507, 5714, 5715, 5855, 5856, 5857, 6961, 6963, 7047, 7556, 7560 …",autobuss,27.0081175,56.1303747
8818,Voguļi,6,"5714, 5715, 6961, 6963, 7878, 7899",autobuss,26.9754837,56.1530860
8819,Voguļi,6,"5714, 5715, 6961, 6963, 7878, 7899",autobuss,26.9750661,56.1531873
8820,Kastīre,8,"5564, 5714, 5715, 6961, 6963, 7445, 7878, 7899",autobuss,26.8665550,56.2115410
8821,Kastīre,8,"5564, 5714, 5715, 6961, 6963, 7445, 7878, 7899",autobuss,26.8658030,56.2127240
8822,Šņepsti,8,"5564, 5714, 5715, 6961, 6963, 7445, 7878, 7899",autobuss,26.8519180,56.2326120
8823,Šņepsti,8,"5564, 5714, 5715, 6961, 6963, 7445, 7878, 7899",autobuss,26.8503430,56.2334250
8826,Korsikova,9,"5564, 5714, 5715, 6961, 6963, 6987, 7445, 7878, 7899",autobuss,26.8073710,56.2521070
8827,Korsikova,10,"5564, 5714, 5715, 6926, 6961, 6963, 6987, 7445, 7878, 7899",autobuss,26.8030480,56.2535100
8828,Anspoki,9,"5564, 5714, 5715, 6961, 6963, 6987, 7445, 7878, 7899",autobuss,26.7632820,56.2654310
8829,Anspoki,10,"5564, 5714, 5715, 6926, 6961, 6963, 6987, 7445, 7878, 7899",autobuss,26.7614490,56.2661590
8832,Līči,2,"6884, 6968",autobuss,26.6963153,56.3054531
8833,Līči,2,"6884, 6956",autobuss,26.6965822,56.3055308
8838,Pupāji,4,"5487, 5713, 6924, 6956",autobuss,26.6332344,56.3218834
8839,Pupāji,5,"5487, 5713, 6652, 6924, 6968",autobuss,26.6319548,56.3224870
8842,Prīkuļi,4,"5487, 5713, 6924, 6956",autobuss,26.5933370,56.3578470
8843,Prīkuļi,5,"5487, 5713, 6652, 6924, 6968",autobuss,26.5923180,56.3590210
8844,Razrivka,3,"5487, 5713, 6924",autobuss,26.5781410,56.3683640
8845,Razrivka,4,"5487, 5713, 6652, 6924",autobuss,26.5746050,56.3696100
8848,Brūveri,3,"5487, 5713, 6924",autobuss,26.5331033,56.3832999
8849,Brūveri,4,"5487, 5713, 6652, 6924",autobuss,26.5324083,56.3840863
8852,Vilkmugure,3,"5487, 5713, 6924",autobuss,26.4773270,56.4131130
8853,Vilkmugure,4,"5487, 5713, 6652, 6924",autobuss,26.4774670,56.4130900
8854,Rudzāti,5,"5469, 5487, 5713, 6657, 6924",autobuss,26.4539934,56.4168179
8855,Rudzāti,6,"5469, 5487, 5713, 6652, 6657, 6924",autobuss,26.4536667,56.4170561
8856,Mālkalns,3,"5469, 5487, 6657",autobuss,26.4074600,56.4385140
8858,Elektra,9,"5469, 6924, 6943, 6958, 6964, 6972, 7867, 7878, 7981",autobuss,26.2179253,56.3631216
8859,Elektra,9,"5469, 6924, 6958, 6964, 6972, 6981, 7867, 7878, 7981",autobuss,26.2183150,56.3628644
8862,Pēternieki,9,"5469, 6924, 6943, 6958, 6964, 6972, 7867, 7878, 7981",autobuss,26.2866049,56.3469839
8863,Pēternieki,9,"5469, 6924, 6958, 6964, 6972, 6981, 7867, 7878, 7981",autobuss,26.2873992,56.3468813
8864,Muktupāveli,3,"7556, 7899, 7981",autobuss,26.3285129,56.3449172
8865,Muktupāveli,3,"7556, 7899, 7981",autobuss,26.3289601,56.3447038
8867,Rožupe,13,"5469, 6924, 6943, 6949, 6958, 6964, 6972, 6981, 7556, 7867, 7878, 7899 …",autobuss,26.3535773,56.3417236
8869,Rožupe,12,"5469, 6924, 6949, 6958, 6964, 6972, 6981, 7556, 7867, 7878, 7899, 7981",autobuss,26.3538270,56.3415907
8872,Kazuļi,4,"6964, 7867, 7878, 7981",autobuss,26.3908579,56.3274382
8873,Kazuļi,4,"6964, 7867, 7878, 7981",autobuss,26.3910361,56.3274041
8876,Apšenieki,5,"5484, 6964, 7867, 7878, 7981",autobuss,26.4592067,56.3184458
8877,Apšenieki,5,"5484, 6964, 7867, 7878, 7981",autobuss,26.4597507,56.3182546
8880,Sutri,7,"5484, 6964, 7556, 7867, 7878, 7899, 7981",autobuss,26.5368471,56.3127205
8881,Sutri,7,"5484, 6964, 7556, 7867, 7878, 7899, 7981",autobuss,26.5376247,56.3124573
8886,Maskvina,5,"5484, 6964, 7867, 7878, 7981",autobuss,26.6386556,56.3020932
8887,Maskvina,5,"5484, 6964, 7867, 7878, 7981",autobuss,26.6392919,56.3017406
8892,Žagatas,2,"5997, 6008",autobuss,22.4614941,57.5593781
8893,Žagatas,2,"5997, 6008",autobuss,22.4614219,57.5593934
8894,Spāre,4,"7511, 7684, 7948, 7955",autobuss,22.2648805,57.2197079
8895,Puriņi,1,6416,autobuss,22.5416440,57.0498410
8896,Ievkalni,1,6416,autobuss,22.5068950,57.0526580
8898,Jaunciems,2,"6412, 6434",autobuss,22.7531992,57.3901377
8899,Jaunpagasts,3,"5122, 5316, 7990",autobuss,22.6429493,57.1289388
8900,Kalni,2,"6405, 6406",autobuss,22.7841410,57.2340805
8901,Oktes pagrieziens,2,"6405, 6406",autobuss,22.8173905,57.2469876
8902,Pļavu skola,2,"6405, 6406",autobuss,22.8672464,57.2515243
8903,Pļavas,2,"6405, 6406",autobuss,22.8919541,57.2593853
8904,Jādekši,2,"6405, 6406",autobuss,22.9590769,57.2652487
8905,Ķūļi,2,"6405, 6406",autobuss,23.0346770,57.2719127
8906,Krievrags,2,"6405, 6406",autobuss,23.0585337,57.2894201
8907,Alksnāji,2,"6405, 6406",autobuss,23.0454737,57.3141451
8908,Ķipati,2,"6405, 6406",autobuss,23.0603946,57.3331873
8909,Pienotava,2,"6405, 6406",autobuss,23.0877493,57.3434947
8912,Lielvirbi,6,"6414, 6416, 7260, 7509, 7512",autobuss,22.5662441,57.0855095
8915,Ezerkalni,6,"5121, 5122, 5316, 6414, 6416, 7509",autobuss,22.6053167,57.2172644
8916,Lindskalni,2,"5121, 5122",autobuss,22.6139052,57.2046859
8917,Ērgļukrogs,3,"5121, 5122, 7259",autobuss,22.6299469,57.1860060
8918,Pastende,6,"5439, 7511, 7684, 7948, 7955, 7990",autobuss,22.5220960,57.2265150
8919,Sukturi,2,"6405, 6406",autobuss,22.6261053,57.2414630
8921,Zūras,2,"6409, 6412",autobuss,22.6459517,57.3697660
8922,Saslaukas,1,6409,autobuss,22.6681538,57.3601749
8923,Nogales pagrieziens,2,"6409, 6412",autobuss,22.7083733,57.3502214
8924,Sniķeri,2,"6409, 6412",autobuss,22.7379346,57.3396435
8925,Ārsti,2,"6409, 6412",autobuss,22.7515979,57.3220696
8928,Oktes pienotava,1,6405,autobuss,22.8463922,57.2697742
8929,Oktes pienotava,1,6405,autobuss,22.8491186,57.2693820
8936,Pobuži,1,6402,autobuss,22.4440935,57.3718341
8937,Lielsalas,1,6402,autobuss,22.3698950,57.3715114
8938,Dārte,1,6412,autobuss,22.7917037,57.3484918
8939,Nogale,2,"6412, 6434",autobuss,22.7341743,57.3716015
8940,Bīlavu pagrieziens,1,6412,autobuss,22.7349729,57.3765583
8941,Bīlavas,1,6412,autobuss,22.7002467,57.4185770
8942,Lubezere,3,"6408, 6412, 6413",autobuss,22.6174616,57.4141624
8943,Pāce,2,"6373, 6397",autobuss,24.1958095,56.3185525
8944,Pāce,2,"6009, 7682",autobuss,22.2788173,57.4970819
8945,Pāce,3,"6373, 6395, 6397",autobuss,24.1955410,56.3182227
8946,Pāce,2,"6009, 7682",autobuss,22.2782196,57.4967911
8947,Ozollapas,1,7682,autobuss,22.3240071,57.5051654
8948,Ozollapas,1,7682,autobuss,22.3239658,57.5052658
8951,Āži,2,"5385, 6435",autobuss,22.3594424,57.5518376
8954,Zaķi,1,6008,autobuss,22.3916313,57.5748192
8955,Zaķi,1,6008,autobuss,22.3923677,57.5754208
8956,Vecvagari,3,"5385, 6008, 6435",autobuss,22.4068791,57.5859892
8961,Vīdale,3,"5385, 6008, 6435",autobuss,22.4476308,57.6068220
8964,Brieži,1,6008,autobuss,22.4796755,57.6107616
8967,Ezeri,1,5385,autobuss,22.5579311,57.6216281
8970,Ulbrokas rotācijas aplis,6,"5836, 6829, 6830, 6831, 6835, 7964",autobuss,24.2789597,56.9446234
8971,Ulbrokas rotācijas aplis,7,"6251, 6827, 6829, 6830, 6831, 6835, 7964",autobuss,24.2816990,56.9446317
8972,Kultūras centrs Ulbrokas Pērle,6,"5836, 6827, 6829, 6830, 6831, 6835",autobuss,24.2881979,56.9449543
8973,Kultūras centrs Ulbrokas Pērle,4,"6829, 6830, 6831, 6835",autobuss,24.2903137,56.9449177
8975,Filču rūpnīca,4,"6829, 6830, 6831, 6835",autobuss,24.3125928,56.9456120
8976,Filču rūpnīca,6,"5836, 6827, 6829, 6830, 6831, 6835",autobuss,24.3136170,56.9456121
8977,Saveļi,6,"5836, 6827, 6829, 6830, 6831, 6835",autobuss,24.3306118,56.9462311
8978,Saveļi,4,"6829, 6830, 6831, 6835",autobuss,24.3312182,56.9461193
8979,Juglas mežniecība,3,"6829, 6830, 6831",autobuss,24.3781675,56.9437000
8980,Juglas mežniecība,3,"6829, 6830, 6831",autobuss,24.3792484,56.9432483
8981,Dāvidi,3,"6829, 6830, 6831",autobuss,24.3935511,56.9408159
8982,Dāvidi,3,"6829, 6830, 6831",autobuss,24.3947284,56.9407200
8983,Pagrieziens uz Zaķumuižu,4,"6829, 6830, 6831, 7964",autobuss,24.4054703,56.9413558
8984,Pagrieziens uz Zaķumuižu,3,"6829, 6830, 6831",autobuss,24.4063599,56.9413195
8985,Bajāri,4,"6829, 6830, 6831, 7964",autobuss,24.5582205,56.9544863
8986,Bajāri,5,"6251, 6829, 6830, 6831, 7964",autobuss,24.5611823,56.9545269
8992,Institūts,1,3113,autobuss,24.8877121,57.1492715
8993,Vondi,1,6579,autobuss,27.9894635,56.3605363
8994,Vondi,1,6579,autobuss,27.9896421,56.3603666
8995,Līgo parks,3,"5836, 6827, 6829",autobuss,24.3073916,56.9340102
8996,Līgo parks,3,"5836, 6827, 6829",autobuss,24.3079381,56.9334365
8997,Āvas,3,"5836, 6827, 6829",autobuss,24.3154255,56.9297787
8998,Āvas,3,"5836, 6827, 6829",autobuss,24.3166484,56.9292310
8999,Skola,4,"5836, 6827, 6829, 7227",autobuss,24.3220857,56.9275169
900,Kārļa Kvanta iela,2,"3002, 5238",autobuss,24.6144903,56.8022427
9000,Skola,4,"5836, 6827, 6829, 7227",autobuss,24.3216098,56.9275419
9001,Briežu iela,3,"5836, 6827, 6829",autobuss,24.3323216,56.9223028
9002,Briežu iela,3,"5836, 6827, 6829",autobuss,24.3355215,56.9210921
9003,Saurieši,5,"5530, 5835, 5836, 6835, 7227",autobuss,24.3636789,56.9131419
9004,Saurieši,4,"5530, 5835, 6835, 7227",autobuss,24.3665860,56.9122972
9005,Avoti,3,"5530, 5835, 6835",autobuss,24.3802706,56.9094037
9006,Avoti,3,"5530, 5835, 6835",autobuss,24.3817859,56.9085890
9007,Tēraudi,3,"5530, 6835, 7227",autobuss,24.3932106,56.9040621
901,Kārļa Kvanta iela,2,"3002, 5238",autobuss,24.6138744,56.8029297
9010,Bunči,2,"5835, 7227",autobuss,24.4172384,56.8996404
9011,Bunči,2,"5835, 7227",autobuss,24.4194655,56.8992478
9012,Dārziņi,3,"5019, 6292, 6642",autobuss,24.4387369,57.2413616
9013,Dārziņi,2,"6292, 6642",autobuss,24.4398272,57.2408879
9014,Ķemeri,2,"6642, 6724",autobuss,24.5575600,57.2322600
9015,Turaidas skola,3,"6261, 7175, 7177",autobuss,24.8512810,57.2307078
9016,Turaidas skola,2,"7175, 7177",autobuss,24.8509149,57.2302834
9021,Turaida,3,"6261, 7175, 7177",autobuss,24.8467461,57.1869215
9022,Turaida,2,"7175, 7177",autobuss,24.8464840,57.1872070
9023,Senleja,1,3112,autobuss,24.8467161,57.1767355
9024,Senleja,1,3112,autobuss,24.8448873,57.1756041
9025,Pagrieziens uz Krimuldu,1,3112,autobuss,24.8394704,57.1716236
9026,Pagrieziens uz Krimuldu,1,3112,autobuss,24.8384320,57.1710132
9027,GNP,2,"3112, 3113",autobuss,24.8513192,57.1611902
9028,GNP,2,"3112, 3113",autobuss,24.8513789,57.1613918
9029,Mālpils iela,1,5591,autobuss,24.8589317,57.1446284
9030,Mālpils iela,1,5591,autobuss,24.8589993,57.1440893
9031,Dzelzmačas,1,5591,autobuss,24.8966694,57.1323948
9032,Dzelzmačas,1,5591,autobuss,24.8961769,57.1328054
9035,Pagrieziens uz Jūdažiem,5,"5087, 5591, 6645, 7228",autobuss,24.9240317,57.1089163
9036,Pagrieziens uz Jūdažiem,5,"5087, 5591, 6645, 7228",autobuss,24.9243791,57.1082217
9043,Jaunbūņas,2,"5591, 7228",autobuss,24.9110040,57.0713137
9044,Jaunbūņas,2,"5591, 7228",autobuss,24.9120911,57.0698458
9049,Bukas,2,"5591, 7228",autobuss,24.9331176,57.0332490
9050,Bukas,2,"5591, 7228",autobuss,24.9326621,57.0334566
9063,Klaņģu kalns,3,"6779, 7491, 7898",autobuss,24.2784137,56.8147995
9064,Klaņģu kalns,3,"6779, 7491, 7898",autobuss,24.2801338,56.8149500
9065,Klaņģi,1,6779,autobuss,24.2919952,56.8181491
9066,Klaņģi,1,6779,autobuss,24.2937541,56.8185320
9067,Bērzmente,2,"6779, 7491",autobuss,24.3139035,56.8251481
9068,Bērzmente,2,"6779, 7491",autobuss,24.3154922,56.8254661
9069,Smildziņas,1,6779,autobuss,24.3284337,56.8271357
9070,Smildziņas,1,6779,autobuss,24.3307346,56.8269119
9071,Dzintari,3,"6779, 7491, 7898",autobuss,24.3444717,56.8266208
9072,Dzintari,3,"6779, 7491, 7898",autobuss,24.3485361,56.8262895
9073,Bramberģe,3,"6779, 7491, 7898",autobuss,24.3659313,56.8257437
9074,Bramberģe,3,"6779, 7491, 7898",autobuss,24.3680108,56.8254438
9075,Birzītes,1,6779,autobuss,24.3905700,56.8227997
9076,Birzītes,1,6779,autobuss,24.3938501,56.8223261
9077,Daugmale,3,"6779, 7491, 7898",autobuss,24.4175216,56.8215314
9078,Daugmale,3,"6779, 7491, 7898",autobuss,24.4187001,56.8213723
9079,Skola,1,6779,autobuss,24.4238122,56.8213627
9080,Skola,1,6779,autobuss,24.4263939,56.8211710
9081,Kalniņi,3,"6779, 7491, 7898",autobuss,24.4467096,56.8206195
9082,Kalniņi,1,6779,autobuss,24.4478930,56.8203614
9083,Līdakas,1,7491,autobuss,24.5053885,56.8024284
9084,Līdakas,1,7491,autobuss,24.5056687,56.8022686
9085,Baltā māja,1,6847,autobuss,24.2607663,56.7985574
9086,Baltā māja,2,"6847, 7467",autobuss,24.2616131,56.7982460
9087,Krūkļi,1,6847,autobuss,24.2729381,56.7960421
9088,Pulkarne,3,"6847, 7467, 7490",autobuss,24.2965614,56.7861961
9089,Pulkarne,3,"6847, 7467, 7490",autobuss,24.2959181,56.7867683
9090,Ādu apstrādes cehs,1,6847,autobuss,24.2998798,56.7801703
9091,Ādu apstrādes cehs,2,"6847, 7467",autobuss,24.2999416,56.7795967
9092,Ebes,1,6847,autobuss,24.3061624,56.7694616
9093,Ebes,2,"6847, 7467",autobuss,24.3062979,56.7689492
9094,Ērces,1,6847,autobuss,24.3236870,56.7591662
9095,Ērces,2,"6847, 7467",autobuss,24.3243347,56.7586308
9096,Mežvidi,3,"6847, 7200, 7490",autobuss,24.3526087,56.7451100
9097,Mežvidi,4,"6847, 7200, 7467, 7490",autobuss,24.3533500,56.7447765
9098,Ezernieki,2,"7467, 7490",autobuss,24.3784413,56.7039014
9099,Ezernieki,2,"7467, 7490",autobuss,24.3786793,56.7033528
910,Gaismas iela,1,3113,autobuss,24.8525628,57.1476948
9100,Pagrieziens uz Dzelzāmuru,2,"7467, 7490",autobuss,24.3918459,56.6892951
9101,Pagrieziens uz Dzelzāmuru,2,"7467, 7490",autobuss,24.3929029,56.6882735
9102,Brāļu kapi,2,"6847, 7490",autobuss,24.3661190,56.7425124
9103,Brāļu kapi,3,"6847, 7467, 7490",autobuss,24.3662008,56.7424519
9104,Skromi,1,5155,autobuss,25.9447151,56.1787220
9105,Mazslate,1,5155,autobuss,25.9322397,56.2105509
9107,Loģistikas centrs,5,"6779, 6847, 6848, 6991, 7467",autobuss,24.1479820,56.8897650
9108,Vagaļi,1,6536,autobuss,27.4867599,56.4242553
9109,Vagaļi,1,6536,autobuss,27.4873559,56.4240145
911,Gaismas iela,1,3113,autobuss,24.8523177,57.1477704
9110,Jaunolaine (Meža iela),1,5034,autobuss,23.9880430,56.8002148
9112,Ķekava (Gaismas iela),2,"6844, 6991",autobuss,24.2285008,56.8234363
9113,Sakaru nodaļa,3,"5172, 6852, 6859",autobuss,24.1091648,56.7674223
9114,Sakaru nodaļa,3,"5172, 6852, 6859",autobuss,24.1081989,56.7657153
9115,Mellupi 2,3,"5172, 6852, 6859",autobuss,24.1096915,56.7331789
9116,Mellupi 2,3,"5172, 6852, 6859",autobuss,24.1095171,56.7322437
9118,Bikova,1,7439,autobuss,26.9033926,56.3807415
9119,Bikova,1,7439,autobuss,26.9031863,56.3805510
9121,Kotļarova,2,"6962, 7439",autobuss,26.8909225,56.3722375
9122,Silajāņi,1,6962,autobuss,26.9423602,56.3401908
9123,Antāni,1,6962,autobuss,26.9000859,56.3584441
9124,Antāni,1,6962,autobuss,26.8998555,56.3585182
9125,Červoņiki,1,6962,autobuss,26.8680502,56.3620782
9126,Červoņiki,1,6962,autobuss,26.8671294,56.3622107
9127,Dekšāres,1,5713,autobuss,26.8010484,56.5708936
9128,Dekšāres,2,"5713, 6570",autobuss,26.8012867,56.5714110
9129,Sondori,1,5129,autobuss,26.9172971,56.4704373
9130,Maltas Trūpi,1,5129,autobuss,26.9176083,56.4481007
9131,Maltas Trūpi,1,5129,autobuss,26.9176626,56.4479999
9136,Jaudzemi,1,5857,autobuss,27.0201167,56.0964357
9137,Jaudzemi,1,5857,autobuss,27.0203994,56.0965336
9142,Duntišķi,2,"6886, 6982",autobuss,26.5308846,56.1456615
9143,Duntišķi,3,"6886, 6943, 6982",autobuss,26.5309673,56.1454897
9144,Krievāres,1,5155,autobuss,25.9805361,56.2210536
9147,Lazdāni,2,"6886, 6982",autobuss,26.5267508,56.1694644
9148,Lazdāni,3,"6886, 6943, 6982",autobuss,26.5251283,56.1704891
9149,Upmala,7,"6886, 6943, 6949, 6958, 6972, 6981, 6982",autobuss,26.5152037,56.1979726
9150,Kazēri,3,"6943, 6958, 6981",autobuss,26.4908308,56.2097517
9151,Zabludnieki,3,"6943, 6958, 6981",autobuss,26.4696039,56.2263348
9152,Kursīši,3,"6943, 6958, 6981",autobuss,26.4526652,56.2327166
9153,Mazkursīši,2,"6958, 6981",autobuss,26.4298005,56.2356234
9154,Mačāni,3,"6943, 6958, 6981",autobuss,26.3996709,56.2517843
9155,Šķilteri,3,"6943, 6958, 6981",autobuss,26.3874149,56.2729610
9156,Vanagi,2,"6958, 6981",autobuss,26.3762255,56.2893514
9157,Gardrivieši,1,5713,autobuss,26.5076397,56.4376404
9158,Gardrivieši,1,5713,autobuss,26.5078746,56.4375986
9159,Arendole,1,6886,autobuss,26.6099153,56.1496331
916,Galenieki,1,3702,autobuss,23.2553178,56.6455105
9160,Pumpuri,1,6886,autobuss,26.6008584,56.1554606
9161,Saliņa,1,6886,autobuss,26.5713746,56.1670737
9162,Dubenca,1,6886,autobuss,26.5254371,56.1851499
9163,Veterinārā aptieka,2,"6949, 6972",autobuss,26.4944520,56.1959653
9164,Dzintars,2,"6949, 6972",autobuss,26.4463154,56.2090302
9165,Rimicāni,2,"6949, 6972",autobuss,26.4286014,56.2113645
9166,Brieži,2,"6949, 6972",autobuss,26.4072114,56.2154902
9167,Kvedervecumi,2,"6949, 6972",autobuss,26.3777441,56.2304253
9168,Spričvecumi,2,"6949, 6972",autobuss,26.3544910,56.2434245
9169,Stari,2,"6949, 6972",autobuss,26.3594265,56.3022472
917,Ganību iela,2,"7946, 7950",autobuss,23.6159359,56.9613253
9170,Rušenieki,2,"6949, 6972",autobuss,26.3458473,56.3299708
9171,Dravnieki,2,"5716, 6959",autobuss,26.7585900,56.4373960
9172,Dravnieki,2,"5716, 6959",autobuss,26.7587140,56.4371400
9175,Degļi,2,"5716, 6959",autobuss,26.7117200,56.4600410
9176,Degļi,2,"5716, 6959",autobuss,26.7117900,56.4597300
9179,Upenieki,2,"5716, 6959",autobuss,26.6911315,56.4926390
918,Garkalne,2,"6821, 6822",autobuss,24.4361620,57.0741820
9180,Upenieki,2,"5716, 6959",autobuss,26.6918858,56.4928910
9183,Sīļukalns,2,"5716, 6959",autobuss,26.7556116,56.5191453
9185,Sīļukalns,2,"5716, 6959",autobuss,26.7551429,56.5188952
9187,Sīļu kapi,2,"5713, 6959",autobuss,26.7767375,56.5378889
9189,Vārpas,2,"5411, 6848",autobuss,24.3534875,56.7067759
9190,Rasiņas,2,"6847, 6848",autobuss,24.3830512,56.7274341
9191,Baldones skola,1,7493,autobuss,24.3897990,56.7426010
9192,Liepu aleja,3,"6779, 6847, 6848",autobuss,24.4060296,56.7485755
9193,Liepu aleja,4,"5411, 6779, 6847, 6848",autobuss,24.4067564,56.7486664
9194,Bajāri,3,"6779, 6847, 6848",autobuss,24.4175006,56.7554274
9195,Bajāri,4,"5411, 6779, 6847, 6848",autobuss,24.4183699,56.7556228
9196,Mercendarbe,3,"6779, 6847, 6848",autobuss,24.4209167,56.7635738
9197,Mercendarbe,4,"5411, 6779, 6847, 6848",autobuss,24.4211167,56.7639628
9198,Observatorija,3,"6779, 6847, 6848",autobuss,24.4221750,56.7726296
9199,Observatorija,3,"5411, 6847, 6848",autobuss,24.4223771,56.7722263
9200,Pikstes,1,6779,autobuss,24.4219041,56.7808798
9201,Lejas ezers,1,6779,autobuss,24.4410390,56.7855570
9202,Lejas ezers,1,6779,autobuss,24.4410210,56.7854220
9203,Ezeri,1,6779,autobuss,24.4378070,56.7975700
9204,Celmi,1,6779,autobuss,24.4437980,56.8078870
9212,Piņķi,2,"5616, 7959",autobuss,23.9103032,56.9443751
9213,Piņķi,2,"5616, 7959",autobuss,23.9101970,56.9442473
9216,Mežsētas,3,"5172, 6852, 6859",autobuss,24.0493585,56.6983732
9217,Mežsētas,2,"5172, 6859",autobuss,24.0472958,56.6985412
9218,Ādaži,8,"5294, 6821, 6822, 6824, 6842, 7514, 7516, K7179",autobuss,24.3196249,57.0754283
9219,Ādaži,9,"5294, 6821, 6822, 6824, 6842, 6855, 7514, 7516, K7179",autobuss,24.3196691,57.0762814
9220,Ratnieki,3,"6536, 6547, 6549",autobuss,27.4620038,56.4319432
9223,Podnieki,2,"6821, 6822",autobuss,24.3597968,57.0678531
9224,Alderi,1,6822,autobuss,24.3432073,57.0525015
9226,Ancīši,4,"3117, 6251, 6321, 6876",autobuss,24.8389063,57.1331923
9227,Ancīši,4,"3117, 6251, 6321, 6876",autobuss,24.8380192,57.1324211
9228,Stīveri,4,"5624, 6251, 6321, 6876",autobuss,24.8249098,57.1029559
9229,Stīveri,4,"5624, 6251, 6321, 6876",autobuss,24.8244889,57.1027320
9230,Allaži,3,"6251, 6321, 6876",autobuss,24.8445957,57.0623295
9231,Allaži,3,"6251, 6321, 6876",autobuss,24.8446374,57.0617628
9232,Allažmuiža,3,"6251, 6321, 6876",autobuss,24.8173171,57.0266287
9233,Allažmuiža,3,"6251, 6321, 6876",autobuss,24.8170958,57.0258045
9234,Stēķeri,1,6876,autobuss,24.8911338,57.0137006
9235,Stēķeri,1,6876,autobuss,24.8919443,57.0131334
924,Garupe,3,"6824, 6842, 6855",autobuss,24.2413760,57.1144550
9243,Brankšas,2,"5018, 5019",autobuss,24.5068438,57.2730256
9244,Vidzemnieki,2,"6724, 7177",autobuss,24.5302921,57.2747991
9245,Vidzemnieki,3,"5019, 6724, 7177",autobuss,24.5313804,57.2747419
925,Garupe,1,6842,autobuss,24.2424772,57.1148343
9250,Ritiņas,2,"6724, 7177",autobuss,24.6025734,57.2673182
9251,Ritiņas,2,"6724, 7177",autobuss,24.6072306,57.2658537
9254,Blīdene,7,"5254, 7012, 7401, 7937, 7957, 7958",autobuss,22.7958221,56.6472414
9255,Blīdene,7,"5254, 7012, 7401, 7937, 7957, 7958",autobuss,22.7954447,56.6474968
9258,Stūru pagrieziens,3,"7012, 7937",autobuss,22.7224793,56.6438808
9259,Stūru pagrieziens,4,"5254, 7012, 7937",autobuss,22.7172570,56.6436698
9262,Čīčas,2,7012,autobuss,22.6560051,56.6514857
9265,Brocēni,8,"7012, 7401, 7937, 7957, 7958, K7937",autobuss,22.5673181,56.6838526
9266,Brocēni,11,"5239, 6734, 6741, 7012, 7401, 7937, 7957, 7958, K7937",autobuss,22.5650492,56.6850094
9269,Bukupe,3,"5418, 7251, 7937",autobuss,22.3284783,56.6680455
9270,Bukupe,3,"5418, 7251, 7937",autobuss,22.3277427,56.6682076
9273,Mazlēpītes,1,7937,autobuss,22.2381564,56.6762052
9274,Mazlēpītes,1,7937,autobuss,22.2374831,56.6764029
9275,Zirņi,4,"5418, 7251, 7937, 7957",autobuss,22.2220039,56.6770349
9276,Zirņi,4,"5418, 7251, 7937, 7957",autobuss,22.2182386,56.6773347
9277,Paksīte,1,7937,autobuss,22.1807676,56.6779375
9278,Paksīte,1,7937,autobuss,22.1802804,56.6779788
9279,Airītes,4,"5418, 7251, 7937, 7957",autobuss,22.1646353,56.6769217
9280,Airītes,4,"5418, 7251, 7937, 7957",autobuss,22.1637779,56.6770878
9281,Viduskrogs,1,7937,autobuss,22.1280038,56.6800804
9282,Viduskrogs,1,7937,autobuss,22.1287947,56.6801288
9283,Stalmaņi,4,"5418, 7251, 7937, 7957",autobuss,22.0977812,56.6808406
9284,Stalmaņi,4,"5418, 7251, 7937, 7957",autobuss,22.0969782,56.6809923
9285,Jaunauce,2,"6729, 6746",autobuss,22.6946605,56.4431857
9286,Jaunauce,2,"6729, 6746",autobuss,22.6934588,56.4430363
9289,Ropmuiža,1,6746,autobuss,22.6181562,56.4424244
9290,Ropmuiža,1,6746,autobuss,22.6180300,56.4425039
9291,Luzdi,1,6746,autobuss,22.5786402,56.4354166
9292,Luzdi,1,6746,autobuss,22.5790068,56.4354719
9295,Līkupēni,2,"5246, 6746",autobuss,22.5306365,56.4229270
9296,Līkupēni,2,"5246, 6746",autobuss,22.5305812,56.4230375
9299,Zariņi,2,"5246, 6746",autobuss,22.4825280,56.4228209
9300,Zariņi,2,"5246, 6746",autobuss,22.4827695,56.4229377
9301,Grīvaiši,2,"5246, 6746",autobuss,22.4318397,56.4241646
9302,Grīvaiši,1,5246,autobuss,22.4312545,56.4242770
9304,Kaļķu fabrika,5,"5246, 5304, 6729, 6770, 6771",autobuss,22.4744891,56.6449379
9305,Kaļķu fabrika,5,"5246, 5304, 6729, 6770, 6771",autobuss,22.4741917,56.6449080
9307,Draudzība,2,"6770, 6771",autobuss,22.4687311,56.6343584
9309,Draudzība,7,"5304, 6744, 6746, 6770, 6771, 7252, 7254",autobuss,22.4659478,56.6365684
9312,Draudzība,5,"5304, 6744, 6746, 7252, 7254",autobuss,22.4649900,56.6360628
9313,Tērpji,7,"5246, 5304, 6729, 6744, 6746, 7252, 7254",autobuss,22.4595392,56.6145846
9315,Tērpji,7,"5246, 5304, 6729, 6744, 6746, 7252, 7254",autobuss,22.4591571,56.6139982
9317,Krūmi,7,"5246, 5304, 6729, 6744, 6746, 7252, 7254",autobuss,22.4461918,56.5949442
9319,Krūmi,7,"5246, 5304, 6729, 6744, 6746, 7252, 7254",autobuss,22.4457506,56.5942818
9323,Ēvarži,7,"5246, 5304, 6729, 6744, 6746, 7252, 7254",autobuss,22.4438818,56.5846697
9324,Ēvarži,7,"5246, 5304, 6729, 6744, 6746, 7252, 7254",autobuss,22.4434771,56.5837220
9327,Lejiņas,7,"5246, 5304, 6729, 6744, 6746, 7252, 7254",autobuss,22.4407897,56.5654172
9329,Lejiņas,7,"5246, 5304, 6729, 6744, 6746, 7252, 7254",autobuss,22.4403286,56.5643641
9335,Kūdru pagrieziens,7,"5246, 5304, 6729, 6744, 6746, 7252, 7254",autobuss,22.4165321,56.5381423
9337,Kūdru pagrieziens,7,"5246, 5304, 6729, 6744, 6746, 7252, 7254",autobuss,22.4158223,56.5359771
9339,Kursīši,8,"5246, 5304, 6729, 6744, 6746, 7252, 7254, 7958",autobuss,22.4126222,56.5143771
9341,Kursīši,8,"5246, 5304, 6729, 6744, 6746, 7252, 7254, 7958",autobuss,22.4122577,56.5127682
9347,Rijnieki,6,"5246, 5304, 6729, 6746, 7252, 7254",autobuss,22.4230440,56.4822171
9349,Rijnieki,6,"5246, 5304, 6729, 6746, 7252, 7254",autobuss,22.4222891,56.4831852
9351,Bruzilas,7,"5246, 5304, 6729, 6746, 7252, 7254, 7958",autobuss,22.4331513,56.4689190
9354,Bruzilas,7,"5246, 5304, 6729, 6746, 7252, 7254, 7958",autobuss,22.4333270,56.4677752
9359,Āboliņi,6,"5246, 5304, 6729, 6746, 7252, 7254",autobuss,22.4363599,56.4335402
9361,Āboliņi,6,"5246, 5304, 6729, 6746, 7252, 7254",autobuss,22.4359926,56.4325745
9363,Grīvaiši,5,"5246, 5304, 6729, 7252, 7254",autobuss,22.4317990,56.4270401
9365,Grīvaiši,6,"5246, 5304, 6729, 6746, 7252, 7254",autobuss,22.4305580,56.4261033
9371,Aizdambji,4,"5304, 6729, 7252, 7254",autobuss,22.3897485,56.4191692
9373,Aizdambji,4,"5304, 6729, 7252, 7254",autobuss,22.3875643,56.4186732
9377,Ezere,6,"5304, 6729, 7252, 7254, 7933, 7958",autobuss,22.3634701,56.4083233
9381,Skrundas pagrieziens,1,7252,autobuss,22.3259198,56.4252266
9382,Skrundas pagrieziens,1,7252,autobuss,22.3259264,56.4253121
9385,Zaķi,1,7252,autobuss,22.2864654,56.4410637
9386,Zaķi,1,7252,autobuss,22.2860424,56.4413445
9389,Zaņa,3,"6744, 7252, 7958",autobuss,22.2128615,56.4610119
939,Glinovka,4,"5320, 6161, 6167, 6169",autobuss,26.6022887,55.8349104
9390,Zaņa,3,"6744, 7252, 7958",autobuss,22.2115960,56.4612415
9391,Kupšeļi,2,"6744, 7252",autobuss,22.1855332,56.4632083
9392,Kupšeļi,2,"6744, 7252",autobuss,22.1863234,56.4632913
9395,Kraujas,2,"6744, 7252",autobuss,22.1466518,56.4781308
9396,Kraujas,2,"6744, 7252",autobuss,22.1462482,56.4784824
9397,Nīgrande,3,"6744, 7252, 7958",autobuss,22.0998062,56.4869311
9398,Nīgrande,2,"6817, 7958",autobuss,22.0985391,56.4874500
940,Glinovka,5,"5320, 5325, 6161, 6167, 6169",autobuss,26.6004087,55.8356657
9400,Alši,1,6817,autobuss,22.0611978,56.4962143
9401,Alši,1,6817,autobuss,22.0612488,56.4962820
9406,Meldzere,1,6817,autobuss,21.9756982,56.4801943
9407,Meldzere,1,6817,autobuss,21.9757967,56.4801672
9417,Franči,1,6744,autobuss,22.2401261,56.5066127
9426,Ošenieki,3,"7253, 7269, 7401",autobuss,22.2840262,56.8090744
9427,Ošenieki,3,"7253, 7269, 7401",autobuss,22.2852349,56.8078549
9430,Podkalni,2,"7253, 7269",autobuss,22.3452178,56.7618376
9431,Podkalni,2,"7253, 7269",autobuss,22.3451773,56.7617908
9434,Lutriņi,8,"6728, 6739, 6740, 6753, 7253, 7260, 7269, 7401",autobuss,22.3804138,56.7272660
9435,Lutriņi,8,"6728, 6739, 6740, 6753, 7253, 7260, 7269, 7401",autobuss,22.3821783,56.7252989
9438,Kaplūži,7,"6728, 6739, 6740, 6753, 7253, 7260, 7269",autobuss,22.4076826,56.7127642
9439,Kaplūži,7,"6728, 6739, 6740, 6753, 7253, 7260, 7269",autobuss,22.4092232,56.7122761
9443,Druva,10,"6728, 6739, 6740, 6753, 6771, 6776, 7253, 7260, 7269, 7401",autobuss,22.4461887,56.6936839
9444,Kapukrogs,2,"7259, 7328",autobuss,22.7159604,56.7922029
9445,Doktorāts,2,"7259, 7328",autobuss,22.7231800,56.7681346
9446,Doktorāts,2,"7259, 7328",autobuss,22.7224443,56.7677420
9449,Remte,2,"7259, 7328",autobuss,22.6921085,56.7422351
9450,Remte,3,"5239, 7259, 7328",autobuss,22.6924002,56.7425293
9451,Blīdenes pagrieziens,1,5239,autobuss,22.6851411,56.7280905
9452,Blīdenes pagrieziens,1,5239,autobuss,22.6849462,56.7281895
9453,Varmākas,2,"5239, 7328",autobuss,22.6621341,56.7239089
9454,Varmākas,2,"5239, 7328",autobuss,22.6616001,56.7237431
9455,Kaulači,3,"5239, 7259, 7328",autobuss,22.6463517,56.7128364
9456,Kaulači,3,"5239, 7259, 7328",autobuss,22.6459771,56.7127197
9457,Krūkļi,1,5239,autobuss,22.6284832,56.7061694
9458,Krūkļi,1,5239,autobuss,22.6282698,56.7061307
9459,Kroģeļi,1,5239,autobuss,22.5997944,56.7013250
9460,Kroģeļi,1,5239,autobuss,22.5987048,56.7012344
9463,Čači,4,"5239, 5254, 6734, 6741",autobuss,22.5504821,56.6782290
9464,Čači,4,"5239, 5254, 6734, 6741",autobuss,22.5504335,56.6782249
9465,Bērzi,6,"5239, 5254, 6730, 6734, 6741, 6743",autobuss,22.5300138,56.6729064
9466,Bērzi,6,"5239, 5254, 6730, 6734, 6741, 6743",autobuss,22.5297179,56.6730368
9467,Oškalni,6,"5239, 5254, 6730, 6734, 6741, 6743",autobuss,22.5174902,56.6714403
9468,Oškalni,6,"5239, 5254, 6730, 6734, 6741, 6743",autobuss,22.5159623,56.6709961
9469,Kalnmuiža,2,"7254, 7933",autobuss,22.7829353,56.3691310
9470,Kalnmuiža,2,"7254, 7933",autobuss,22.7834056,56.3693765
9471,Priedes,2,"7254, 7933",autobuss,22.8266181,56.3683559
9472,Priedes,2,"7254, 7933",autobuss,22.8258799,56.3683525
9473,Priedula,2,"7254, 7933",autobuss,22.8465518,56.3716194
9474,Lašupe,2,"6739, 6753",autobuss,22.2883961,56.7054039
9476,Pilenieki,2,"6739, 6753",autobuss,22.3534884,56.7153314
9477,Pilenieki,2,"6739, 6753",autobuss,22.3523545,56.7156606
9478,Bruņenieki,2,"6739, 6753",autobuss,22.3203116,56.7104746
9479,Bruņenieki,2,"6739, 6753",autobuss,22.3198050,56.7100335
9480,Bērziņi,1,6740,autobuss,22.3795235,56.7446828
9481,Bērziņi,1,6740,autobuss,22.3798067,56.7445950
9482,Upatnieki,3,"6739, 6740, 7260",autobuss,22.3858092,56.7638862
9483,Upatnieki,3,"6739, 6740, 7260",autobuss,22.3859965,56.7640344
9487,Āboliņi,3,"6739, 6740, 7260",autobuss,22.3813432,56.7994448
9488,Āboliņi,3,"6739, 6740, 7260",autobuss,22.3815005,56.8002850
9489,Loči,2,"6739, 6740",autobuss,22.3809258,56.8121362
9490,Loči,2,"6739, 6740",autobuss,22.3813055,56.8114885
9493,Šķēde,3,"6739, 6740, 7260",autobuss,22.3844515,56.8553874
9494,Šķēde,3,"6739, 6740, 7260",autobuss,22.3844439,56.8557844
9495,Ķingutu pagrieziens,1,7260,autobuss,22.3809181,56.8781731
9496,Ķingutu pagrieziens,1,7260,autobuss,22.3813301,56.8785005
9499,Zutēni,1,6739,autobuss,22.4521136,56.8663429
9500,Flīžu cehs,4,"5239, 5254, 6730, 6743",autobuss,22.5287690,56.6804300
9501,Flīžu cehs,3,"5254, 6730, 6743",autobuss,22.5288489,56.6804652
9502,Rennes,4,"5239, 5254, 6730, 6743",autobuss,22.5332174,56.6893576
9503,Rennes,3,"5254, 6730, 6743",autobuss,22.5336261,56.6899162
9504,Imantas,2,"6734, 6743",autobuss,22.5847895,56.6457111
9506,Ūķi,1,6747,autobuss,22.5109205,56.6337271
9507,Zvejnieki,1,6747,autobuss,22.5315693,56.6137829
9508,Dārziņi,4,"5405, 5425, 6663, 6689",autobuss,25.1695714,57.5753395
9509,Dārziņi,4,"5405, 5425, 6663, 6689",autobuss,25.1687241,57.5757523
9510,Striķi,1,6747,autobuss,22.5127122,56.5977607
9513,Pekši,3,"6729, 7254, 7933",autobuss,22.4212868,56.4119070
9514,Pekši,3,"6729, 7254, 7933",autobuss,22.4217019,56.4118740
9515,Eglītes,3,"6729, 7254, 7933",autobuss,22.4448034,56.4124648
9516,Eglītes,3,"6729, 7254, 7933",autobuss,22.4441529,56.4125659
9519,Rozes skola,3,"6729, 7254, 7933",autobuss,22.5169618,56.4054104
9520,Rozes skola,3,"6729, 7254, 7933",autobuss,22.5172892,56.4052425
9521,Druvas pagrieziens,4,"5246, 6729, 7254, 7933",autobuss,22.5560796,56.3962905
9522,Druvas pagrieziens,4,"5246, 6729, 7254, 7933",autobuss,22.5571405,56.3958100
9523,Vecrubas,1,5246,autobuss,22.5646074,56.3946474
9524,Vecrubas,1,5246,autobuss,22.5633389,56.3949130
9525,Mežrubas,1,5246,autobuss,22.5888782,56.3917694
9526,Mežrubas,1,5246,autobuss,22.5892710,56.3916552
9527,Rubas skola,4,"5246, 6729, 7254, 7933",autobuss,22.6050656,56.3885958
9528,Rubas skola,4,"5246, 6729, 7254, 7933",autobuss,22.6061540,56.3882604
9530,Ruba,4,"5246, 6729, 7254, 7933",autobuss,22.6306520,56.3812221
9531,Jāņmuiža,1,5246,autobuss,22.6537694,56.3778863
9532,Jaunbirzes,3,"6729, 7254, 7933",autobuss,22.6724867,56.3775377
9533,Jaunbirzes,3,"6729, 7254, 7933",autobuss,22.6731300,56.3775489
9534,Makši,1,5246,autobuss,22.6877191,56.3778471
9535,Makši,1,5246,autobuss,22.6877435,56.3778090
9536,Dzirnavas,1,5246,autobuss,22.7208120,56.3768394
9537,Dzirnavas,1,5246,autobuss,22.7207775,56.3768455
9538,Vadakste,4,"5246, 6729, 7254, 7933",autobuss,22.7471260,56.3762137
9539,Vadakste,2,"7254, 7933",autobuss,22.7466638,56.3761216
9540,Kūdras,1,6744,autobuss,22.2961059,56.5171653
9541,Kūdras,1,6744,autobuss,22.2961478,56.5171792
9542,Kalnenieki,1,6744,autobuss,22.3373256,56.5183758
9543,Kalnenieki,1,6744,autobuss,22.3377233,56.5183359
9544,Kareļi,2,"6744, 7252",autobuss,22.2298160,56.4745458
9545,Kareļi,1,6744,autobuss,22.2296247,56.4748153
9548,Būtnāri,3,"5418, 7251, 7937",autobuss,22.4331281,56.6662513
9550,Būtnāri,4,"5418, 7251, 7937, 7957",autobuss,22.4328880,56.6662292
9554,Sātiņu skola,1,6742,autobuss,22.4374633,56.6451416
9555,Sātiņu skola,1,6742,autobuss,22.4393821,56.6459776
9556,Dubaskrogs,1,6742,autobuss,22.3649064,56.6090052
9558,Tāles,1,6742,autobuss,22.3450764,56.6053129
9559,Tāles,1,6742,autobuss,22.3459849,56.6055904
9560,Maļļi,1,6742,autobuss,22.2845492,56.5923381
9561,Maļļi,1,6742,autobuss,22.2829030,56.5919759
9562,Veldres,1,6742,autobuss,22.2447585,56.5821556
9563,Veldres,1,6742,autobuss,22.2438125,56.5820597
9564,Auniņi,1,6742,autobuss,22.1989886,56.5681611
9565,Auniņi,1,6742,autobuss,22.1979610,56.5671297
9566,Bērzu pagrieziens,2,"6726, 7258",autobuss,22.5186400,56.8181596
9567,Satiķi,2,"6726, 7258",autobuss,22.5268634,56.8038143
9568,Satiķi,2,"6726, 7258",autobuss,22.5268641,56.8037373
9569,Bērzi,1,7258,autobuss,22.5612305,56.8299950
9570,Kapenieki,2,"6726, 7258",autobuss,22.5465430,56.8197144
9571,Kapenieki,2,"6726, 7258",autobuss,22.5463870,56.8196921
9572,Gaiķu skola,1,6726,autobuss,22.5622354,56.7846284
9573,Gaiķu skola,1,6726,autobuss,22.5620800,56.7847000
9575,Gaiķi,2,"6726, 7258",autobuss,22.5348782,56.7715591
9576,Gaiķi,2,"6726, 7258",autobuss,22.5352367,56.7716774
9577,Spundiņas,2,"6726, 7258",autobuss,22.5120958,56.7430311
9580,Priednieki,2,"6726, 7258",autobuss,22.5009477,56.7196549
9581,Priednieki,2,"6726, 7258",autobuss,22.5008638,56.7196254
9584,Lagzdiņas,3,"5239, 6726, 7258",autobuss,22.5046584,56.6867989
9585,Lagzdiņas,2,"6726, 7258",autobuss,22.5048611,56.6878116
9586,Atspuka,7,"6570, 7044, 7712, 7728, 7749, 7992, 7997",autobuss,26.8185977,56.6146931
9587,Atspuka,7,"6570, 7044, 7712, 7728, 7749, 7992, 7997",autobuss,26.8193024,56.6144733
9588,Salmiņi,2,"6570, 7992",autobuss,26.8407908,56.6092787
9589,Salmiņi,2,"6570, 7992",autobuss,26.8417733,56.6089002
959,Grēnes,1,5034,autobuss,23.9690978,56.7939995
9590,Kristceļi,7,"6570, 7044, 7611, 7712, 7728, 7749, 7992",autobuss,26.8822918,56.5905915
9591,Kristceļi,6,"6570, 7044, 7712, 7728, 7749, 7992",autobuss,26.8830648,56.5895836
9592,Masaļski,1,6570,autobuss,26.8962844,56.5799517
9593,Masaļski,1,6570,autobuss,26.8995170,56.5781641
9596,Mukuļi,9,"5129, 5135, 5136, 6486, 7435, 7445, 7728, 7749, 7992",autobuss,26.9959607,56.5642593
9597,Mukuļi,9,"5129, 5135, 5136, 6486, 7435, 7445, 7728, 7749, 7992",autobuss,26.9980357,56.5639115
960,Grēnes,1,5034,autobuss,23.9687642,56.7941884
9600,Subinaite,9,"5129, 5135, 5136, 6486, 7435, 7445, 7728, 7749, 7992",autobuss,27.0571157,56.5602329
9601,Subinaite,9,"5129, 5135, 5136, 6486, 7435, 7445, 7728, 7749, 7992",autobuss,27.0591395,56.5600985
9604,Sakstagals,12,"5129, 5135, 5136, 6486, 6564, 7004, 7435, 7445, 7611, 7728, 7749, 7992",autobuss,27.1455075,56.5413620
9605,Sakstagals,11,"5129, 5135, 5136, 6486, 6564, 7004, 7435, 7445, 7728, 7749, 7992",autobuss,27.1473877,56.5407472
9608,Voronova,10,"5129, 5135, 5136, 6486, 6564, 7435, 7445, 7728, 7749, 7992",autobuss,27.2265682,56.5337589
9609,Voronova,10,"5129, 5135, 5136, 6486, 6564, 7435, 7445, 7728, 7749, 7992",autobuss,27.2288973,56.5337412
9610,Spundžāni,3,"5136, 7435, 7728",autobuss,27.2701721,56.5307010
9611,Greivuļi,10,"5129, 5135, 5136, 6486, 6564, 7435, 7445, 7728, 7749, 7992",autobuss,27.2992787,56.5402220
9612,Greivuļi,7,"5129, 5135, 5136, 5628, 6564, 6566, 7749",autobuss,27.3010958,56.5410157
9613,Jurki,1,6566,autobuss,27.3147100,56.5477350
9614,Jurki,1,6566,autobuss,27.3125930,56.5471690
9615,Ančupāni,6,"5129, 5135, 5136, 5628, 6564, 6566",autobuss,27.3311430,56.5489680
9616,Ančupāni,7,"5129, 5135, 5136, 5628, 6436, 6564, 6566",autobuss,27.3311510,56.5490450
9617,Krustojums,1,6566,autobuss,27.3521877,56.5447280
9619,Krustojums,1,6566,autobuss,27.3559600,56.5438400
9621,Obricki,1,7541,autobuss,27.3972090,56.5342260
9622,Obricki,1,7541,autobuss,27.3988990,56.5332210
9627,Taudejāņi,4,"6484, 7444, 7541",autobuss,27.4373420,56.5102645
9629,Taudejāņi,5,"6484, 7444, 7449, 7541",autobuss,27.4381406,56.5098904
9633,Stolbovka,3,"7444, 7541",autobuss,27.4802139,56.5135726
9634,Stolbovka,4,"7444, 7449, 7541",autobuss,27.4803700,56.5134990
9635,Vonogova,6,"5150, 6557, 7448, 7464, 7669",autobuss,27.5039511,56.6553167
9636,Červonka,4,"5150, 6557, 7464, 7669",autobuss,27.4835617,56.6421062
9637,Bakovka,1,5150,autobuss,27.4656979,56.6304431
9638,Bakovka,1,5150,autobuss,27.4647656,56.6300372
9639,Marientāle,5,"5150, 6557, 7464, 7669",autobuss,27.4492779,56.6158500
9640,Kozlovka,1,5150,autobuss,27.4288890,56.6027965
9641,Kozlovka,1,5150,autobuss,27.4279531,56.6024540
9642,Purmaļi,1,5150,autobuss,27.4119843,56.5922033
9643,Tūmuži,6,"5137, 5150, 6557, 7451, 7464, 7669",autobuss,27.3914284,56.5823402
9644,Adamova,9,"5137, 5150, 6535, 6557, 7448, 7451, 7464, 7669",autobuss,27.3637551,56.5601390
9645,Krieviņi,1,5150,autobuss,27.3570244,56.5491389
9646,Krieviņi,1,5150,autobuss,27.3563582,56.5484776
9647,Tēviņi,2,"5115, 5906",autobuss,27.3089819,56.4831729
9648,Tēviņi,2,"5115, 5906",autobuss,27.3074766,56.4824118
9649,Ritiņi,2,"5115, 5906",autobuss,27.3025830,56.4790740
9650,Ritiņi,2,"5115, 5906",autobuss,27.3012580,56.4783440
9654,Ozolaine,19,"5130, 5136, 5627, 6482, 6483, 6490, 6537, 6569, 6571, 7439, 7441, 7445 …",autobuss,27.2643446,56.4495374
9655,Ozolaine,18,"5130, 5136, 5627, 6482, 6483, 6490, 6537, 6571, 7439, 7441, 7445, 7479 …",autobuss,27.2636910,56.4492118
9658,Pūpoli,19,"5130, 5136, 5627, 6482, 6483, 6490, 6537, 6569, 6571, 7439, 7441, 7445 …",autobuss,27.2326456,56.4120088
9659,Pūpoli,19,"5130, 5136, 5627, 6482, 6483, 6490, 6537, 6571, 7439, 7441, 7445, 7452 …",autobuss,27.2320279,56.4117403
9660,Berjozovka,3,"6537, 6569, 6571",autobuss,27.2130292,56.3916347
9661,Berjozovka,1,6571,autobuss,27.2128555,56.3915721
9662,Vertukšne,20,"5130, 5136, 5627, 6482, 6483, 6490, 6537, 6562, 6565, 6571, 7439, 7441 …",autobuss,27.1852954,56.3676691
9665,Malta,21,"5130, 5136, 5627, 6482, 6483, 6490, 6537, 6562, 6569, 6571, 7439, 7441 …",autobuss,27.1608177,56.3449456
9666,Malta,21,"5130, 5136, 5627, 6482, 6483, 6490, 6537, 6562, 6565, 6571, 7439, 7441 …",autobuss,27.1606964,56.3449342
9667,Garkalni,6,"7445, 7479, 7541, 7892",autobuss,27.1271074,56.3264080
9668,Garkalni,6,"7445, 7479, 7541, 7892",autobuss,27.1264006,56.3262273
9669,Vainovas pagrieziens,7,"7445, 7452, 7479, 7541, 7892",autobuss,27.1000965,56.3028007
9670,Krāce,8,"7445, 7452, 7479, 7541, 7892, 7979",autobuss,27.0681913,56.2701331
9671,Rušenica,7,"7047, 7445, 7479, 7541, 7979",autobuss,27.0262277,56.2248456
9672,Rušenica,7,"7047, 7445, 7479, 7541, 7979",autobuss,27.0264628,56.2249498
9675,Greivuļi,12,"5136, 5137, 5759, 6486, 6564, 7435, 7445, 7632, 7668, 7728, 7992",autobuss,27.3005413,56.5400506
9676,Greivuļi,11,"5137, 5626, 5628, 5759, 6436, 6486, 6564, 6566, 7632, 7668",autobuss,27.2997524,56.5411951
9679,Zeltiņi,3,"6486, 6564, 6566",autobuss,27.2850571,56.5537529
9680,Zeltiņi,3,"6486, 6564, 6566",autobuss,27.2848427,56.5542756
9681,Deneliški,1,6490,autobuss,27.0904881,56.4761193
9682,Deneliški,2,"6490, 6530",autobuss,27.0904881,56.4760193
9683,Silinieki,3,"6564, 6566, 6567",autobuss,27.2631060,56.5750492
9684,Silinieki,2,"6566, 6567",autobuss,27.2627423,56.5754587
9685,Audriņi,11,"5137, 6486, 6564, 6566, 6567, 7632, 7668, 7840, 7979",autobuss,27.2446795,56.5888493
9686,Audriņi,11,"5137, 6486, 6564, 6566, 6567, 7632, 7668, 7840, 7979",autobuss,27.2446468,56.5892652
9689,Puderova,8,"5137, 6486, 6564, 6566, 6567, 7632, 7668",autobuss,27.2165410,56.6100510
9690,Puderova,8,"5137, 6486, 6564, 6566, 6567, 7632, 7668",autobuss,27.2190814,56.6090863
9691,Kaulači,4,"6486, 6564, 6566, 6567",autobuss,27.1982820,56.6229840
9692,Kaulači,4,"6486, 6564, 6566, 6567",autobuss,27.1975970,56.6238620
9695,Dricāni,9,"5142, 6486, 6567, 7632, 7668, 7840, 7979",autobuss,27.1851279,56.6484169
9696,Dricāni,9,"5142, 6486, 6567, 7632, 7668, 7840, 7979",autobuss,27.1843498,56.6498616
9697,Druviņas,6,"5142, 6486, 6567, 7632, 7668",autobuss,27.1522825,56.6805269
9698,Druviņas,6,"5142, 6486, 6567, 7632, 7668",autobuss,27.1514823,56.6812476
9699,Škūškova,2,"5142, 6567",autobuss,27.1280732,56.6975630
97,Amatnieku iela,4,"6090, 6091, 6110, 6126",autobuss,24.6402398,56.8126647
9700,Škūškova,2,"5142, 6567",autobuss,27.1274221,56.6990869
9703,Krēsle,4,"5142, 6567, 6570, 7668",autobuss,27.1174366,56.7252938
9704,Krēsle,4,"5142, 6567, 6570, 7668",autobuss,27.1176579,56.7257003
9709,Darvaskalns,6,"7632, 7668, 7840, 7979",autobuss,27.1054274,56.7763087
971,Gundegas,2,"6173, 6177",autobuss,26.5264004,55.8384539
9710,Darvaskalns,6,"7632, 7668, 7840, 7979",autobuss,27.1053480,56.7773504
9715,Janopole,8,"6482, 6536, 6561, 6562, 6563, 6565, 7557, 7564",autobuss,27.3810692,56.4613344
9716,Janopole,8,"6482, 6561, 6562, 6563, 6565, 6569, 7557, 7564",autobuss,27.3811127,56.4606790
972,Gundegas,2,"6173, 6177",autobuss,26.5265620,55.8388261
9721,Draudzība,7,"6482, 6561, 6562, 6563, 6565, 7557, 7564",autobuss,27.4053255,56.4128174
9722,Draudzība,8,"6482, 6561, 6562, 6563, 6565, 6569, 7557, 7564",autobuss,27.4051682,56.4122261
9723,Čornaja,6,"6482, 6561, 6563, 6565, 7557, 7564",autobuss,27.4181064,56.3864060
9724,Dukstigals,6,"6482, 6561, 6563, 6565, 7557, 7564",autobuss,27.4398678,56.3709634
9727,Foļvarkova,6,"6482, 6561, 6563, 6569, 7557, 7564",autobuss,27.4859764,56.3580793
9736,Antropova,3,"6563, 7557, 7564",autobuss,27.5591514,56.2831281
9737,Antropova,3,"6563, 7557, 7564",autobuss,27.5592502,56.2828120
9740,Dubuļi,3,"6563, 7557, 7564",autobuss,27.6086505,56.2597763
9741,Dubuļi,3,"6563, 7557, 7564",autobuss,27.6092825,56.2593456
9742,Višķeri,2,"6482, 6569",autobuss,27.2120872,56.3381319
9743,Špeļi,2,"6482, 6565",autobuss,27.2368069,56.3300341
9744,Zosna,2,"6482, 6565",autobuss,27.3359596,56.3270339
9745,Gineviči,1,6565,autobuss,27.3672026,56.3241058
9746,Tilts,1,5217,autobuss,25.2259516,56.8020912
9747,Tilts,1,5217,autobuss,25.2260285,56.8021890
9748,Dvarči,1,6565,autobuss,27.4244035,56.2999563
9749,Lipuški,2,"6482, 6569",autobuss,27.4413170,56.2906976
975,Guntiņas,2,"5835, 5836",autobuss,24.3655490,56.8957510
9750,Škrabi,2,"6482, 6565",autobuss,27.4736502,56.2822458
9751,Malukšta,2,"6482, 6565",autobuss,27.4953199,56.2843787
9752,Lamaši,2,"6482, 6565",autobuss,27.5135542,56.3066141
9756,Griščati,3,"5130, 7441, 7557",autobuss,27.2069088,56.3069632
9757,Griščati,3,"5130, 7441, 7557",autobuss,27.2067910,56.3062081
9758,Balda,3,"5130, 7441, 7557",autobuss,27.2140650,56.2735430
9759,Balda,3,"5130, 7441, 7557",autobuss,27.2138346,56.2743040
9762,Pušas muiža,3,"5130, 7441, 7557",autobuss,27.2160497,56.2409022
9763,Pušas muiža,3,"5130, 7441, 7557",autobuss,27.2165453,56.2406216
9764,Puša,3,"5130, 7441, 7557",autobuss,27.2298189,56.2351741
9765,Puša,3,"5130, 7441, 7557",autobuss,27.2310648,56.2349839
9768,Patmaļņīki,2,"7441, 7557",autobuss,27.2911816,56.2196123
9769,Patmaļņīki,2,"7441, 7557",autobuss,27.2922870,56.2189864
9773,Radopole,6,"5712, 5716, 7044, 7435, 7445, 7893",autobuss,26.9074242,56.5197681
9774,Radopole,6,"5712, 5716, 7044, 7435, 7445, 7893",autobuss,26.9073582,56.5201219
9775,Lagūni,5,"5712, 5716, 7435, 7445, 7893",autobuss,26.8980027,56.5056770
9776,Lagūni,5,"5712, 5716, 7435, 7445, 7893",autobuss,26.8981361,56.5059931
9779,Podlizovka,2,"5136, 6530",autobuss,26.9515866,56.5298771
9780,Podlizovka,2,"5136, 6530",autobuss,26.9540524,56.5296448
9781,Murāni,2,"5136, 6530",autobuss,26.9699749,56.5211790
9782,Murāni,2,"5136, 6530",autobuss,26.9703602,56.5205875
9783,Ustroni,1,5136,autobuss,26.9723660,56.4849983
9784,Ustroni,1,5136,autobuss,26.9726059,56.4842666
9785,Dilmaņi,1,5136,autobuss,27.0005994,56.4649024
9786,Dilmaņi,1,5136,autobuss,27.0003994,56.4649724
9787,Lielie Tiskādi,1,5136,autobuss,27.0520884,56.4508100
9788,Lielie Tiskādi,1,5136,autobuss,27.0529103,56.4502523
9789,Mazie Tiskādi,2,"5136, 6490",autobuss,27.0630692,56.4437654
9790,Mazie Tiskādi,2,"5136, 6490",autobuss,27.0633547,56.4433143
9791,Ružina,2,"5136, 6490",autobuss,27.0850708,56.4445555
9792,Ružina,2,"5136, 6490",autobuss,27.0857455,56.4445870
9793,Jaunružina,2,"5136, 6490",autobuss,27.0930270,56.4202380
9794,Jaunružina,2,"5136, 6490",autobuss,27.0929170,56.4208210
9795,Silmala,5,"5136, 6490, 6537, 6571, 7439",autobuss,27.1007928,56.3947042
9796,Silmala,5,"5136, 6490, 6537, 6571, 7439",autobuss,27.1009648,56.3943464
9799,Greiškāni,3,"6484, 7444, 7541",autobuss,27.4065137,56.5147175
98,Amatnieku iela,4,"6067, 6090, 6091, 6110",autobuss,24.6420185,56.8129400
9800,Greiškāni,4,"6484, 7444, 7449, 7541",autobuss,27.4073753,56.5146392
9801,Leināni,3,"6933, 7010, 7850",autobuss,25.7824603,56.6005735
9802,Leināni,2,"6933, 7850",autobuss,25.7821537,56.6009651
9803,Salupe,8,"6933, 7010, 7198, 7611, 7799, 7850, 7981, 7992",autobuss,25.7774569,56.5801184
9804,Salupe,6,"6933, 7010, 7198, 7799, 7850, 7992",autobuss,25.7773078,56.5796429
9805,Tiltnieki,2,"6933, 7010",autobuss,25.7882860,56.5562090
9806,Tiltnieki,2,"6933, 7010",autobuss,25.7855530,56.5568755
9807,Spuņģēni,5,"6933, 7010, 7198, 7799, 7850",autobuss,25.8147340,56.5398680
9808,Spuņģēni,6,"6933, 7010, 7198, 7799, 7850, 7981",autobuss,25.8153612,56.5389346
9809,Zvidzāni 2,1,6933,autobuss,25.8285612,56.5280476
9810,Zvidzāni 2,1,6933,autobuss,25.8294880,56.5275450
9813,Asote,6,"5029, 7799, 7852, 7867, 7878, 7981",autobuss,25.9154087,56.4918989
9814,Asote,7,"5029, 7010, 7799, 7852, 7867, 7878, 7981",autobuss,25.9161831,56.4910320
9815,Rogāļi,5,"5029, 7852, 7867, 7878, 7981",autobuss,25.9400221,56.4772625
9816,Rogāļi,6,"5029, 7010, 7852, 7867, 7878, 7981",autobuss,25.9420774,56.4771748
9817,Laukezers,6,"5029, 7799, 7852, 7867, 7878, 7981",autobuss,25.9780063,56.4782843
9818,Laukezers,7,"5029, 7010, 7799, 7852, 7867, 7878, 7981",autobuss,25.9797033,56.4781791
9821,Dreimaņi,5,"5029, 7852, 7867, 7878, 7981",autobuss,26.0309867,56.4640785
9822,Dreimaņi,6,"5029, 7010, 7852, 7867, 7878, 7981",autobuss,26.0322552,56.4632167
9823,Stūrnieki,1,5029,autobuss,26.0505526,56.4563550
9824,Trepe,5,"7799, 7852, 7867, 7878, 7981",autobuss,26.0713152,56.4389969
9825,Māsāni,1,5470,autobuss,26.0828581,56.4173749
9826,Māsāni,1,5470,autobuss,26.0832480,56.4167690
9834,Elektroapakšstacija,3,"6952, 6984, 6985",autobuss,25.9704156,56.5245159
9835,Elektroapakšstacija,3,"6952, 6984, 6985",autobuss,25.9723752,56.5248814
9839,Vārpas,1,5155,autobuss,26.0742128,56.1099059
984,Ģimnāzija,2,"5497, 6896",autobuss,25.8565359,56.4998054
9842,Mežsūnas,2,"6984, 6985",autobuss,26.0651425,56.5404792
9843,Mežsūnas,3,"6952, 6984, 6985",autobuss,26.0689932,56.5407629
9844,Kūkas,6,"6952, 6984, 6985, 7004, 7611, 7992",autobuss,26.0908319,56.5431707
9845,Kūkas,5,"6984, 6985, 7004, 7611, 7992",autobuss,26.0929728,56.5433914
9850,Pāpuļi,2,"6984, 6985",autobuss,26.1601254,56.5237157
9851,Pāpuļi,2,"6984, 6985",autobuss,26.1613315,56.5228482
9852,Ļamāni,2,"6984, 6985",autobuss,26.1870042,56.5256736
9853,Ļamāni,2,"6984, 6985",autobuss,26.1889673,56.5259952
9856,Mežāre,3,"6952, 6984, 6985",autobuss,26.2393491,56.5347645
9857,Mežāre,3,"5470, 7004, 7992",autobuss,26.2374425,56.5328790
9858,Mežāre,2,"6984, 6985",autobuss,26.2398748,56.5349843
9860,Gobiņas,1,5469,autobuss,26.2704034,56.5351599
9861,Gobiņas,1,5469,autobuss,26.2725102,56.5352968
9862,Endzeļi,1,5469,autobuss,26.2957044,56.5343374
9863,Endzeļi,1,5469,autobuss,26.2977119,56.5343617
9864,Buntiki,2,"5469, 6984",autobuss,26.3223607,56.5340081
9865,Buntiki,6,"5469, 6984, 6985, 7004, 7611, 7992",autobuss,26.3208779,56.5340372
9866,Buntiki,3,"6985, 7004, 7992",autobuss,26.3231762,56.5336567
9869,Atašienes pagrieziens,3,"6985, 7004, 7992",autobuss,26.4261590,56.5235160
9871,Atašienes pagrieziens,3,"6985, 7004, 7992",autobuss,26.4222910,56.5239957
9872,Kāravi,1,6387,autobuss,24.4210393,56.5372458
9875,Kaldabruņa,3,"5155, 7006, 7897",autobuss,26.0561016,56.1065747
9876,Kaldabruņa,3,"5155, 7008, 7897",autobuss,26.0561409,56.1064462
9877,Bokāni,1,5155,autobuss,26.0207392,56.1226061
9878,Bokāni,1,5155,autobuss,26.0208007,56.1225344
9879,Rubeņi,4,"5155, 6942, 7008, 7897",autobuss,25.9882032,56.1343374
9880,Rubeņi,4,"5155, 6942, 7006, 7897",autobuss,25.9879831,56.1346910
9883,Debesnieki,3,"6942, 7008, 7897",autobuss,25.9910772,56.1733604
9884,Debesnieki,3,"6942, 7006, 7897",autobuss,25.9913422,56.1735174
9885,Upenāji,1,5155,autobuss,25.9963358,56.1843921
9886,Upenāji,1,5155,autobuss,25.9968173,56.1848999
9887,Slate,4,"5155, 6942, 7006, 7897",autobuss,25.9988410,56.2026317
9888,Slate,4,"5155, 6942, 7008, 7897",autobuss,25.9986223,56.2024254
9889,Bērzukrogs,1,5155,autobuss,26.0029083,56.2185812
9890,Bērzukrogs,1,5155,autobuss,26.0035768,56.2198516
9893,Bērzone,5,"5056, 5736, 6942, 7008, 7897",autobuss,26.0284192,56.2446074
9894,Bērzone,4,"5061, 6942, 7006, 7897",autobuss,26.0286435,56.2459893
9901,Virši,3,"6942, 7008, 7897",autobuss,25.9857196,56.2825258
9902,Virši,4,"5061, 6942, 7006, 7897",autobuss,25.9855805,56.2825743
9905,Skrīveri,3,"6942, 7008, 7897",autobuss,25.9358509,56.3025304
9906,Skrīveri,4,"5061, 6942, 7006, 7897",autobuss,25.9356315,56.3029232
9907,Leimaņi,5,"6942, 6986, 6998, 7008, 7897",autobuss,25.9260889,56.3106540
9908,Leimaņi,5,"5061, 6942, 6986, 7006, 7897",autobuss,25.9252141,56.3115361
9909,Kalnajāņi,5,"6942, 6986, 6998, 7008, 7897",autobuss,25.8973993,56.3250282
9910,Kalnajāņi,5,"5061, 6942, 6986, 7006, 7897",autobuss,25.8965898,56.3254950
9911,Pilskalns,5,"6942, 6986, 6998, 7008, 7897",autobuss,25.8709046,56.3325967
9912,Pilskalns,5,"5061, 6942, 6986, 7006, 7897",autobuss,25.8683679,56.3334686
9914,Ambulance,5,"6942, 6986, 6998, 7008, 7897",autobuss,25.8222519,56.3508094
9915,Ambulance,5,"5061, 6942, 6986, 7006, 7897",autobuss,25.8210323,56.3511359
9916,Lāčkalns,6,"6930, 6942, 6986, 6998, 7008, 7897",autobuss,25.7964343,56.3583298
9917,Lāčkalns,7,"5061, 6930, 6942, 6986, 6998, 7006, 7897",autobuss,25.7959194,56.3587853
9918,Aknīstes pagrieziens,6,"6930, 6942, 6986, 6998, 7008, 7897",autobuss,25.7811923,56.3697970
9919,Aknīstes pagrieziens,7,"5061, 6930, 6942, 6986, 6998, 7006, 7897",autobuss,25.7812709,56.3698162
992,Iecelnieki,1,6507,autobuss,26.7497992,56.7729085
9920,Siliņi,6,"6930, 6942, 6986, 6998, 7008, 7897",autobuss,25.7802491,56.3869490
9921,Siliņi,7,"5061, 6930, 6942, 6986, 6998, 7006, 7897",autobuss,25.7803655,56.3875153
9922,Salātnieki,2,"5496, 7493",autobuss,25.4114567,56.1878428
9923,Rite,1,5496,autobuss,25.4589412,56.1948737
9924,Cīruļi,1,5496,autobuss,25.5072432,56.2086586
9925,Cīruļi,1,5496,autobuss,25.5071082,56.2082542
993,Iecelnieki,2,"6330, 6507",autobuss,26.7498109,56.7729484
9932,Apserde,4,"6931, 6941, 7238, 7493",autobuss,25.6038949,56.2066911
9933,Apserde,3,"6941, 7238, 7493",autobuss,25.6063568,56.2066784
9940,Uzkalni,2,"6931, 6941",autobuss,25.6942926,56.1808251
9941,Uzkalni,1,6941,autobuss,25.6948253,56.1803130
9944,Aknīste,11,"5505, 5898, 5899, 6929, 6930, 6931, 6941, 6942, 7238, 7493, K7493",autobuss,25.7489893,56.1607040
9946,Susēja,7,"5505, 5898, 5899, 6929, 6930, 6931, 6942",autobuss,25.7925531,56.1464907
9947,Susēja,6,"5505, 5898, 5899, 6929, 6930, 6942",autobuss,25.7916785,56.1466381
9950,Vilkupe,4,"5505, 6942, 7238, 7493",autobuss,25.8312959,56.1265034
9951,Vilkupe,4,"5505, 6942, 7238, 7493",autobuss,25.8310968,56.1267142
9953,Ausmas,2,"5505, 7493",autobuss,25.8740548,56.0865294
9954,Upes Priekulāni,2,"6930, 6998",autobuss,25.7800879,56.3371378
9955,Upes Priekulāni,1,6930,autobuss,25.7794360,56.3359350
9956,Dubulti,2,"6930, 6998",autobuss,25.7708562,56.3092995
9957,Dubulti,1,6930,autobuss,25.7706578,56.3088548
9958,Grāvlejas,2,"6930, 6998",autobuss,25.7772339,56.2910672
9959,Grāvlejas,1,6930,autobuss,25.7773006,56.2901833
9960,Zvirgzdāres,2,"6930, 6998",autobuss,25.7860164,56.2611525
9961,Zvirgzdāres,1,6930,autobuss,25.7859860,56.2602859
9962,Priedes,2,"6930, 6998",autobuss,25.7828126,56.2407599
9963,Priedes,1,6930,autobuss,25.7826283,56.2402204
9964,Kūdra,2,"5897, 6930",autobuss,25.7873939,56.2217331
9965,Kūdra,2,"5897, 6930",autobuss,25.7873178,56.2210534
9966,Radžupes pagrieziens,2,"5897, 6930",autobuss,25.7844618,56.2001199
9967,Radžupes pagrieziens,2,"5897, 6930",autobuss,25.7839339,56.1992339
9968,Ancīši,2,"5897, 6930",autobuss,25.7782592,56.1881214
9969,Ancīši,2,"5897, 6930",autobuss,25.7774206,56.1874840
9970,Gārsene,5,"5505, 5899, 6929, 6930, 6931",autobuss,25.8088896,56.1007714
9972,Skanstnieki,12,"5483, 5494, 5495, 5496, 6895, 6930, 6941, 6942, 6986, 6998, 7008, 7897",autobuss,25.8284742,56.4799556
9973,Skanstnieki,14,"5061, 5483, 5494, 5495, 5496, 6895, 6930, 6931, 6941, 6942, 6986, 6998 …",autobuss,25.8283661,56.4795893
9976,Ielejas,14,"5061, 5483, 5494, 5495, 5496, 6895, 6930, 6931, 6941, 6942, 6986, 6998 …",autobuss,25.7959225,56.4538873
9977,Ielejas,12,"5483, 5494, 5495, 5496, 6895, 6930, 6941, 6942, 6986, 6998, 7008, 7897",autobuss,25.7952241,56.4536479
9978,Tilts,14,"5061, 5483, 5494, 5495, 5496, 6895, 6930, 6931, 6941, 6942, 6986, 6998 …",autobuss,25.7819818,56.4343967
9979,Tilts,12,"5483, 5494, 5495, 5496, 6895, 6930, 6941, 6942, 6986, 6998, 7008, 7897",autobuss,25.7811138,56.4332991
9980,Darbnīcas,1,6895,autobuss,25.7801941,56.4145422
9981,Darbnīcas,1,6895,autobuss,25.7809944,56.4152520
9982,Birži,14,"5061, 5483, 5494, 5495, 5496, 6895, 6930, 6931, 6941, 6942, 6986, 6998 …",autobuss,25.7735623,56.4076887
9983,Birži,12,"5483, 5494, 5495, 5496, 6895, 6930, 6941, 6942, 6986, 6998, 7008, 7897",autobuss,25.7727161,56.4071786
9984,Pumpuri,7,"5483, 5494, 5495, 5496, 6895, 6931, 6941",autobuss,25.7596564,56.3970291
9985,Pumpuri,6,"5483, 5494, 5495, 5496, 6895, 6941",autobuss,25.7604434,56.3975268
9986,Pūteļi,7,"5483, 5494, 5495, 5496, 6895, 6931, 6941",autobuss,25.7227677,56.3972610
9987,Pūteļi,6,"5483, 5494, 5495, 5496, 6895, 6941",autobuss,25.7247275,56.3973993
9988,Zaķi,7,"5483, 5494, 5495, 5496, 6895, 6931, 6941",autobuss,25.6750551,56.3892868
9989,Zaķi,6,"5483, 5494, 5495, 5496, 6895, 6941",autobuss,25.6747650,56.3892166
9990,Silikāti,7,"5483, 5494, 5495, 5496, 6895, 6931, 6941",autobuss,25.6550432,56.3741561
9991,Silikāti,6,"5483, 5494, 5495, 5496, 6895, 6941",autobuss,25.6546545,56.3741449
9992,Jodeļi,6,"5483, 5494, 5495, 5496, 6895, 6941",autobuss,25.6289525,56.3645431
9993,Jodeļi,7,"5483, 5494, 5495, 5496, 6895, 6931, 6941",autobuss,25.6288154,56.3644769
9994,Viesītes mežniecība,6,"5483, 5494, 5495, 5496, 6931, 6941",autobuss,25.6025531,56.3550838
9995,Viesītes mežniecība,5,"5483, 5494, 5495, 5496, 6941",autobuss,25.6011642,56.3547167
9996,Lauksaimniecības skola,1,6895,autobuss,25.5684878,56.3417888
9997,Lauksaimniecības skola,1,6895,autobuss,25.5680961,56.3416837
9998,Eķengrāve,4,"5493, 5494, 5495, 5496",autobuss,25.5230786,56.3315926
9999,Eķengrāve,4,"5490, 5494, 5495, 5496",autobuss,25.5202502,56.3312312
