{"type":"FeatureCollection","features":[{"type":"Feature","geometry":{"type":"Point","coordinates":[21.888371,56.644658]},"properties":{"kategorija":"noturibas_punkts","id":"node/10004561672","adrese":"Liepu iela 7, Rudbārži","veids":"Skola","statuss":{"siltums":"nav zināms","uzlade":"nav zināms","udens":"nav zināms","wifi":"nav zināms","generators":"nav zināms"},"last_updated":null,"name":"Oskara Kalpaka Rudbāržu pamatskola","amenity":"school"}},{"type":"Feature","geometry":{"type":"Point","coordinates":[21.386054,57.007474]},"properties":{"kategorija":"noturibas_punkts","id":"node/10013456117","adrese":"Jūrkalne","veids":"Bibliotēka","statuss":{"siltums":"nav zināms","uzlade":"nav zināms","udens":"nav zināms","wifi":"nav zināms","generators":"nav zināms"},"last_updated":null,"name":"Jūrkalnes bibliotēka","opening_hours":"Tu-Th 08:30-12:00,12:30-17:00; Fr 08:30-12:00,12:30-16:00; Sa 10:00-14:00; Mo,Su closed; Th[-1] closed","amenity":"library"}},{"type":"Feature","geometry":{"type":"Point","coordinates":[24.007565,56.951228]},"properties":{"kategorija":"noturibas_punkts","id":"node/10090356663","adrese":"Jūrmalas gatve 78D, Rīga","veids":"Bibliotēka","statuss":{"siltums":"nav zināms","uzlade":"nav zināms","udens":"nav zināms","wifi":"nav zināms","generators":"nav zināms"},"last_updated":null,"name":"Kurzeme","operator":"Rīgas Centrālā bibliotēka","opening_hours":"Mo,Su off; Tu 11:00-19:00; We-Fr 10:00-18:00; Sa 10:00-17:00","amenity":"library"}},{"type":"Feature","geometry":{"type":"Point","coordinates":[24.11298,56.95899]},"properties":{"kategorija":"noturibas_punkts","id":"node/10249778244","adrese":"Antonijas iela 14, Rīga","veids":"Bibliotēka","statuss":{"siltums":"nav zināms","uzlade":"nav zināms","udens":"nav zināms","wifi":"nav zināms","generators":"nav zināms"},"last_updated":null,"name":"Vilki books","amenity":"library"}},{"type":"Feature","geometry":{"type":"Point","coordinates":[24.143041,56.962584]},"properties":{"kategorija":"noturibas_punkts","id":"node/10544478774","adrese":"Krišjāņa Barona iela 99, Rīga","veids":"Kultūras / tautas nams","statuss":{"siltums":"nav zināms","uzlade":"nav zināms","udens":"nav zināms","wifi":"nav zināms","generators":"nav zināms"},"last_updated":null,"name":"Bērnu un jauniešu centrs \"Rīgas Skolēnu pils\"","website":"https://www.rsp.lv/","amenity":"community_centre"}},{"type":"Feature","geometry":{"type":"Point","coordinates":[24.385905,56.924792]},"properties":{"kategorija":"noturibas_punkts","id":"node/10554721642","adrese":"Skolas iela 12, Upeslejas","veids":"Skola","statuss":{"siltums":"nav zināms","uzlade":"nav zināms","udens":"nav zināms","wifi":"nav zināms","generators":"nav zināms"},"last_updated":null,"name":"Upesleju sākumskola","website":"https://www.upeslejuskola.lv","amenity":"school"}},{"type":"Feature","geometry":{"type":"Point","coordinates":[23.162599,56.965452]},"properties":{"kategorija":"noturibas_punkts","id":"node/10589418875","adrese":"","veids":"Kultūras / tautas nams","statuss":{"siltums":"nav zināms","uzlade":"nav zināms","udens":"nav zināms","wifi":"nav zināms","generators":"nav zināms"},"last_updated":null,"name":"Tukku Magi","website":"https://tukkumagi.org/","amenity":"community_centre"}},{"type":"Feature","geometry":{"type":"Point","coordinates":[27.050009,57.420649]},"properties":{"kategorija":"noturibas_punkts","id":"node/10596939657","adrese":"Dārza iela 8E, Alūksne","veids":"Kultūras / tautas nams","statuss":{"siltums":"nav zināms","uzlade":"nav zināms","udens":"nav zināms","wifi":"nav zināms","generators":"nav zināms"},"last_updated":null,"name":"Alūksnes Bērnu un Jauniešu centrs","amenity":"community_centre"}},{"type":"Feature","geometry":{"type":"Point","coordinates":[22.519537,57.223852]},"properties":{"kategorija":"noturibas_punkts","id":"node/10635703655","adrese":"Skolas iela 1, Pastende","veids":"Skola","statuss":{"siltums":"nav zināms","uzlade":"nav zināms","udens":"nav zināms","wifi":"nav zināms","generators":"nav zināms"},"last_updated":null,"name":"Pastendes pamatskola","amenity":"school"}},{"type":"Feature","geometry":{"type":"Point","coordinates":[21.563263,57.395602]},"properties":{"kategorija":"noturibas_punkts","id":"node/10709388452","adrese":"Maiznieku iela 11, Ventspils","veids":"Kultūras / tautas nams","statuss":{"siltums":"nav zināms","uzlade":"nav zināms","udens":"nav zināms","wifi":"nav zināms","generators":"nav zināms"},"last_updated":null,"name":"Ventspils Jaunrades nams","amenity":"community_centre"}},{"type":"Feature","geometry":{"type":"Point","coordinates":[24.170547,56.913411]},"properties":{"kategorija":"noturibas_punkts","id":"node/10721700660","adrese":"Kaņiera iela 15, Rīga","veids":"Kultūras / tautas nams","statuss":{"siltums":"nav zināms","uzlade":"nav zināms","udens":"nav zināms","wifi":"nav zināms","generators":"nav zināms"},"last_updated":null,"name":"Kaņieris","website":"https://www.kanieris.lv/","amenity":"community_centre"}},{"type":"Feature","geometry":{"type":"Point","coordinates":[21.566483,57.39448]},"properties":{"kategorija":"noturibas_punkts","id":"node/10721934734","adrese":"Kuldīgas iela 13, Ventspils","veids":"Kultūras / tautas nams","statuss":{"siltums":"nav zināms","uzlade":"nav zināms","udens":"nav zināms","wifi":"nav zināms","generators":"nav zināms"},"last_updated":null,"name":"Jauniešu māja","amenity":"community_centre"}},{"type":"Feature","geometry":{"type":"Point","coordinates":[21.004423,56.502921]},"properties":{"kategorija":"noturibas_punkts","id":"node/10726902964","adrese":"Alejas iela 18, Liepāja","veids":"Skola","statuss":{"siltums":"nav zināms","uzlade":"nav zināms","udens":"nav zināms","wifi":"nav zināms","generators":"nav zināms"},"last_updated":null,"name":"Liepājas Mūzikas, mākslas un dizaina vidusskola","website":"https://lmmdv.edu.lv/","amenity":"school"}},{"type":"Feature","geometry":{"type":"Point","coordinates":[21.506546,56.80292]},"properties":{"kategorija":"noturibas_punkts","id":"node/10757154763","adrese":"Apriķi","veids":"Skola","statuss":{"siltums":"nav zināms","uzlade":"nav zināms","udens":"nav zināms","wifi":"nav zināms","generators":"nav zināms"},"last_updated":null,"name":"Apriķu skola","amenity":"school"}},{"type":"Feature","geometry":{"type":"Point","coordinates":[24.850065,57.156752]},"properties":{"kategorija":"noturibas_punkts","id":"node/10933780077","adrese":"Leona Paegles iela 3, Sigulda","veids":"Bibliotēka","statuss":{"siltums":"nav zināms","uzlade":"nav zināms","udens":"nav zināms","wifi":"nav zināms","generators":"nav zināms"},"last_updated":null,"name":"Siguldas novada bibliotēka","opening_hours":"Tu 11:00-19:00; We-Fr 10:00-18:00; Sa 10:00-15:00; Mo,Su closed","amenity":"library"}},{"type":"Feature","geometry":{"type":"Point","coordinates":[27.330809,56.50419]},"properties":{"kategorija":"noturibas_punkts","id":"node/10991549489","adrese":"Atbrīvošanas aleja 90, Rēzekne","veids":"Skola","statuss":{"siltums":"nav zināms","uzlade":"nav zināms","udens":"nav zināms","wifi":"nav zināms","generators":"nav zināms"},"last_updated":null,"name":"Austrumlatvijas Tehnoloģiju vidusskola","website":"https://atv.rta.lv","amenity":"school"}},{"type":"Feature","geometry":{"type":"Point","coordinates":[27.630537,56.538701]},"properties":{"kategorija":"noturibas_punkts","id":"node/11066699016","adrese":"Pagasta iela 2, Tutāni","veids":"Bibliotēka","statuss":{"siltums":"nav zināms","uzlade":"nav zināms","udens":"nav zināms","wifi":"nav zināms","generators":"nav zināms"},"last_updated":null,"name":"Cirmas bibliotēka","amenity":"library"}},{"type":"Feature","geometry":{"type":"Point","coordinates":[27.986044,56.256705]},"properties":{"kategorija":"noturibas_punkts","id":"node/11075039949","adrese":"Vecslabada","veids":"Bibliotēka","statuss":{"siltums":"nav zināms","uzlade":"nav zināms","udens":"nav zināms","wifi":"nav zināms","generators":"nav zināms"},"last_updated":null,"name":"Istras pagasta bibliotēka","amenity":"library"}},{"type":"Feature","geometry":{"type":"Point","coordinates":[25.994827,56.128681]},"properties":{"kategorija":"noturibas_punkts","id":"node/11115109729","adrese":"Rubeņi","veids":"Bibliotēka","statuss":{"siltums":"nav zināms","uzlade":"nav zināms","udens":"nav zināms","wifi":"nav zināms","generators":"nav zināms"},"last_updated":null,"name":"Rubeņu bibliotēka","opening_hours":"Mo-Fr 09:00-17:00","amenity":"library"}},{"type":"Feature","geometry":{"type":"Point","coordinates":[24.135249,56.951464]},"properties":{"kategorija":"noturibas_punkts","id":"node/11155471225","adrese":"Avotu iela 31 k-1, Rīga","veids":"Kultūras / tautas nams","statuss":{"siltums":"nav zināms","uzlade":"nav zināms","udens":"nav zināms","wifi":"nav zināms","generators":"nav zināms"},"last_updated":null,"name":"Resiliences avots","opening_hours":"Mo-Fr 09:30-21:30","website":"https://resilience.lv","wheelchair":"yes","amenity":"community_centre"}},{"type":"Feature","geometry":{"type":"Point","coordinates":[21.850844,56.421701]},"properties":{"kategorija":"noturibas_punkts","id":"node/11174411743","adrese":"Vienības iela 6, Vaiņode","veids":"Kultūras / tautas nams","statuss":{"siltums":"nav zināms","uzlade":"nav zināms","udens":"nav zināms","wifi":"nav zināms","generators":"nav zināms"},"last_updated":null,"name":"Vaiņodes komunālā pārvalde","operator":"Dienvidkurzemes novads","website":"https://dkn.lv/komunala-parvalde","amenity":"community_centre"}},{"type":"Feature","geometry":{"type":"Point","coordinates":[24.078705,56.935103]},"properties":{"kategorija":"noturibas_punkts","id":"node/11187319294","adrese":"Zeļļu iela 25, Rīga","veids":"Kultūras / tautas nams","statuss":{"siltums":"nav zināms","uzlade":"nav zināms","udens":"nav zināms","wifi":"nav zināms","generators":"nav zināms"},"last_updated":null,"name":"Radošais centrs \"OPEN\"","amenity":"community_centre"}},{"type":"Feature","geometry":{"type":"Point","coordinates":[23.85129,56.972464]},"properties":{"kategorija":"noturibas_punkts","id":"node/11439899797","adrese":"Viestura iela 6 k-1, Jūrmala","veids":"Skola","statuss":{"siltums":"nav zināms","uzlade":"nav zināms","udens":"nav zināms","wifi":"nav zināms","generators":"nav zināms"},"last_updated":null,"name":"Jūrmalas Aspazijas pamatskola","amenity":"school"}},{"type":"Feature","geometry":{"type":"Point","coordinates":[23.554285,56.582721]},"properties":{"kategorija":"noturibas_punkts","id":"node/1152411604","adrese":"Upes iela 12A, Zemgale","veids":"Bibliotēka","statuss":{"siltums":"nav zināms","uzlade":"nav zināms","udens":"nav zināms","wifi":"nav zināms","generators":"nav zināms"},"last_updated":null,"name":"Bramberģes bibliotēka","amenity":"library"}},{"type":"Feature","geometry":{"type":"Point","coordinates":[26.525471,55.877643]},"properties":{"kategorija":"noturibas_punkts","id":"node/11549271526","adrese":"Muitas iela 1, Daugavpils","veids":"Kultūras / tautas nams","statuss":{"siltums":"nav zināms","uzlade":"nav zināms","udens":"nav zināms","wifi":"nav zināms","generators":"nav zināms"},"last_updated":null,"name":"Galda un iztēles spēļu klubs \"Daugavpils Geek\"","website":"https://dgeek.club/","amenity":"community_centre"}},{"type":"Feature","geometry":{"type":"Point","coordinates":[25.869485,56.493881]},"properties":{"kategorija":"noturibas_punkts","id":"node/11556787448","adrese":"Andreja Pormaļa iela 11, Jēkabpils","veids":"Bibliotēka","statuss":{"siltums":"nav zināms","uzlade":"nav zināms","udens":"nav zināms","wifi":"nav zināms","generators":"nav zināms"},"last_updated":null,"name":"Jēkabpils pilsētas bibliotēka","opening_hours":"Mo-Fr 10:00-18:00; Sa 10:00-16:00","amenity":"library"}},{"type":"Feature","geometry":{"type":"Point","coordinates":[24.853408,57.15497]},"properties":{"kategorija":"noturibas_punkts","id":"node/11565235346","adrese":"Raiņa iela 3, Sigulda","veids":"Kultūras / tautas nams","statuss":{"siltums":"nav zināms","uzlade":"nav zināms","udens":"nav zināms","wifi":"nav zināms","generators":"nav zināms"},"last_updated":null,"name":"Siguldas novada Jaunrades centrs","amenity":"community_centre"}},{"type":"Feature","geometry":{"type":"Point","coordinates":[26.594846,57.449468]},"properties":{"kategorija":"noturibas_punkts","id":"node/11622393954","adrese":"Trapene","veids":"Kultūras / tautas nams","statuss":{"siltums":"nav zināms","uzlade":"nav zināms","udens":"nav zināms","wifi":"nav zināms","generators":"nav zināms"},"last_updated":null,"name":"Trapenes kultūras nams","amenity":"community_centre"}},{"type":"Feature","geometry":{"type":"Point","coordinates":[26.060255,57.013392]},"properties":{"kategorija":"noturibas_punkts","id":"node/11638826387","adrese":"Liezēre","veids":"Kultūras / tautas nams","statuss":{"siltums":"nav zināms","uzlade":"nav zināms","udens":"nav zināms","wifi":"nav zināms","generators":"nav zināms"},"last_updated":null,"name":"Liezēres Kultūras nams","amenity":"community_centre"}},{"type":"Feature","geometry":{"type":"Point","coordinates":[24.032965,56.960256]},"properties":{"kategorija":"noturibas_punkts","id":"node/11926012556","adrese":"Slokas iela 161 k-1, Rīga","veids":"Bibliotēka","statuss":{"siltums":"nav zināms","uzlade":"nav zināms","udens":"nav zināms","wifi":"nav zināms","generators":"nav zināms"},"last_updated":null,"name":"Imantas filiālbibliotēka","operator":"Rīgas Centrālā bilbiotēka","opening_hours":"Mo-Tu, Th 11:00-19:00; We, Fr 10:00-18:00; Sa 10:00-17:00","amenity":"library"}},{"type":"Feature","geometry":{"type":"Point","coordinates":[27.615747,57.03929]},"properties":{"kategorija":"noturibas_punkts","id":"node/11936918059","adrese":"Meža iela 1, Rekova","veids":"Pašvaldības ēka","statuss":{"siltums":"nav zināms","uzlade":"nav zināms","udens":"nav zināms","wifi":"nav zināms","generators":"nav zināms"},"last_updated":null,"name":"Šķilbēnu pagasta pārvalde","amenity":"townhall"}},{"type":"Feature","geometry":{"type":"Point","coordinates":[23.226774,56.975686]},"properties":{"kategorija":"noturibas_punkts","id":"node/11944585798","adrese":"Milzkalne","veids":"Bibliotēka","statuss":{"siltums":"nav zināms","uzlade":"nav zināms","udens":"nav zināms","wifi":"nav zināms","generators":"nav zināms"},"last_updated":null,"name":"Milzkalnes bibliotēka","amenity":"library"}},{"type":"Feature","geometry":{"type":"Point","coordinates":[23.761046,56.96268]},"properties":{"kategorija":"noturibas_punkts","id":"node/11950653290","adrese":"Lielupes iela 21, Jūrmala","veids":"Skola","statuss":{"siltums":"nav zināms","uzlade":"nav zināms","udens":"nav zināms","wifi":"nav zināms","generators":"nav zināms"},"last_updated":null,"name":"Jaundubultu pamatskola","amenity":"school"}},{"type":"Feature","geometry":{"type":"Point","coordinates":[24.485303,56.969577]},"properties":{"kategorija":"noturibas_punkts","id":"node/11999183599","adrese":"Parka iela 6, Zaķumuiža","veids":"Bibliotēka","statuss":{"siltums":"nav zināms","uzlade":"nav zināms","udens":"nav zināms","wifi":"nav zināms","generators":"nav zināms"},"last_updated":null,"name":"Zaķumuižas filiālbibliotēka","amenity":"library"}},{"type":"Feature","geometry":{"type":"Point","coordinates":[22.379977,56.855313]},"properties":{"kategorija":"noturibas_punkts","id":"node/12020150268","adrese":"Skolas iela 11, Šķēde","veids":"Pašvaldības ēka","statuss":{"siltums":"nav zināms","uzlade":"nav zināms","udens":"nav zināms","wifi":"nav zināms","generators":"nav zināms"},"last_updated":null,"name":"Jaunlutriņu, Lutriņu un Šķēdes pagastu apvienības pārvalde","amenity":"townhall"}},{"type":"Feature","geometry":{"type":"Point","coordinates":[22.379957,56.855236]},"properties":{"kategorija":"noturibas_punkts","id":"node/12037537383","adrese":"Skolas iela 11, Šķēde","veids":"Bibliotēka","statuss":{"siltums":"nav zināms","uzlade":"nav zināms","udens":"nav zināms","wifi":"nav zināms","generators":"nav zināms"},"last_updated":null,"name":"Šķēdes bibliotēka","opening_hours":"Mo,Tu,Th 08:00-12:00, 12:30-18:00; We 13:00-18:00; Fr 08:00-12:00, 12:30-15:00","amenity":"library"}},{"type":"Feature","geometry":{"type":"Point","coordinates":[22.585184,57.74322]},"properties":{"kategorija":"noturibas_punkts","id":"node/1206270462","adrese":"Kolka","veids":"Bibliotēka","statuss":{"siltums":"nav zināms","uzlade":"nav zināms","udens":"nav zināms","wifi":"nav zināms","generators":"nav zināms"},"last_updated":null,"name":"Kolkas bibliotēka","amenity":"library"}},{"type":"Feature","geometry":{"type":"Point","coordinates":[25.874257,56.866388]},"properties":{"kategorija":"noturibas_punkts","id":"node/12078835433","adrese":"Vestiena","veids":"Bibliotēka","statuss":{"siltums":"nav zināms","uzlade":"nav zināms","udens":"nav zināms","wifi":"nav zināms","generators":"nav zināms"},"last_updated":null,"name":"Vestienas pagasta bibliotēka","opening_hours":"Tu-Th 08:00-16:00; Fr 10:00-18:00; Sa-Su,PH off","amenity":"library"}},{"type":"Feature","geometry":{"type":"Point","coordinates":[21.543935,57.394084]},"properties":{"kategorija":"noturibas_punkts","id":"node/12079076169","adrese":"K. Valdemāra iela 14, Ventspils","veids":"Pašvaldības ēka","statuss":{"siltums":"nav zināms","uzlade":"nav zināms","udens":"nav zināms","wifi":"nav zināms","generators":"nav zināms"},"last_updated":null,"name":"Ostas kapteinis","website":"https://www.portofventspils.lv/en/port-administration/administration/ceo-and-deputies/harbour-master-service/","amenity":"townhall"}},{"type":"Feature","geometry":{"type":"Point","coordinates":[27.243835,57.138604]},"properties":{"kategorija":"noturibas_punkts","id":"node/1213541068","adrese":"Vidzemes iela 26, Balvi","veids":"Skola","statuss":{"siltums":"nav zināms","uzlade":"nav zināms","udens":"nav zināms","wifi":"nav zināms","generators":"nav zināms"},"last_updated":null,"name":"Balvu profesionālā un vispārizglītojošā vidusskola","amenity":"school"}},{"type":"Feature","geometry":{"type":"Point","coordinates":[24.236639,56.666061]},"properties":{"kategorija":"noturibas_punkts","id":"node/12208521027","adrese":"Dimzukalns","veids":"Bibliotēka","statuss":{"siltums":"nav zināms","uzlade":"nav zināms","udens":"nav zināms","wifi":"nav zināms","generators":"nav zināms"},"last_updated":null,"name":"Ziemeļu bibliotēka","amenity":"library"}},{"type":"Feature","geometry":{"type":"Point","coordinates":[25.979905,56.293366]},"properties":{"kategorija":"noturibas_punkts","id":"node/12269851387","adrese":"Zaļā iela 8, Zasa","veids":"Bibliotēka","statuss":{"siltums":"nav zināms","uzlade":"nav zināms","udens":"nav zināms","wifi":"nav zināms","generators":"nav zināms"},"last_updated":null,"name":"Zasas bibliotēka","operator":"Jēkabpils novada Galvenā bibliotēka","opening_hours":"Mo-Tu 09:00-18:00;We-Fr 09:00-14:00; Sa-Su Off","website":"https://www.jgb.lv/lv/publiskas-bibliotekas/jekabpils-novads/jekabpils-novada-zasas-biblioteka/","wheelchair":"yes","amenity":"library"}},{"type":"Feature","geometry":{"type":"Point","coordinates":[23.733138,56.656261]},"properties":{"kategorija":"noturibas_punkts","id":"node/1239615730","adrese":"Lielā iela 2, Jelgava","veids":"Bibliotēka","statuss":{"siltums":"nav zināms","uzlade":"nav zināms","udens":"nav zināms","wifi":"nav zināms","generators":"nav zināms"},"last_updated":null,"name":"LBTU Fundamentālā bibliotēka","operator":"LBTU","opening_hours":"Mo-Th 08:30-19:00; Fr 08:30-17:00; Sa,Su off","amenity":"library"}},{"type":"Feature","geometry":{"type":"Point","coordinates":[24.49553,56.836455]},"properties":{"kategorija":"noturibas_punkts","id":"node/12422794531","adrese":"Birzes iela 33A, Ikšķile","veids":"Kultūras / tautas nams","statuss":{"siltums":"nav zināms","uzlade":"nav zināms","udens":"nav zināms","wifi":"nav zināms","generators":"nav zināms"},"last_updated":null,"name":"Ikšķiles Jauniešu centrs","amenity":"community_centre"}},{"type":"Feature","geometry":{"type":"Point","coordinates":[25.119311,56.645648]},"properties":{"kategorija":"noturibas_punkts","id":"node/12433578647","adrese":"Andreja Upīša iela 1, Skrīveri","veids":"Bibliotēka","statuss":{"siltums":"nav zināms","uzlade":"nav zināms","udens":"nav zināms","wifi":"nav zināms","generators":"nav zināms"},"last_updated":null,"name":"Andreja Upīša Skrīveru bibliotēka","amenity":"library"}},{"type":"Feature","geometry":{"type":"Point","coordinates":[24.121796,56.956823]},"properties":{"kategorija":"noturibas_punkts","id":"node/1255381156","adrese":"Brīvības iela 49/53, Rīga","veids":"Bibliotēka","statuss":{"siltums":"nav zināms","uzlade":"nav zināms","udens":"nav zināms","wifi":"nav zināms","generators":"nav zināms"},"last_updated":null,"name":"Rīgas centrālā bibliotēka","opening_hours":"Mo-Tu, Th 11:00-19:00; We, Fr 10:00-18:00; Sa 10:00-17:00","amenity":"library"}},{"type":"Feature","geometry":{"type":"Point","coordinates":[24.723934,56.740427]},"properties":{"kategorija":"noturibas_punkts","id":"node/1259633195","adrese":"Lāčplēša iela 1, Ķegums","veids":"Pašvaldības ēka","statuss":{"siltums":"nav zināms","uzlade":"nav zināms","udens":"nav zināms","wifi":"nav zināms","generators":"nav zināms"},"last_updated":null,"name":"Keguma pilsētas pārvalde","amenity":"townhall"}},{"type":"Feature","geometry":{"type":"Point","coordinates":[24.131341,56.955862]},"properties":{"kategorija":"noturibas_punkts","id":"node/12684067887","adrese":"Krišjāņa Barona iela 72A, Rīga","veids":"Skola","statuss":{"siltums":"nav zināms","uzlade":"nav zināms","udens":"nav zināms","wifi":"nav zināms","generators":"nav zināms"},"last_updated":null,"name":"Andžeja Grauda bungu skola","website":"https://www.bungu-skola.lv/","amenity":"school"}},{"type":"Feature","geometry":{"type":"Point","coordinates":[27.541769,56.331931]},"properties":{"kategorija":"noturibas_punkts","id":"node/12710554601","adrese":"Rāznas iela 17, Kaunata","veids":"Skola","statuss":{"siltums":"nav zināms","uzlade":"nav zināms","udens":"nav zināms","wifi":"nav zināms","generators":"nav zināms"},"last_updated":null,"name":"Kaunatas vidusskola","opening_hours":"Mo-Fr 08:00-17:00","website":"https://www.kaunata.lv/Skola.kaunata/index.html","amenity":"school"}},{"type":"Feature","geometry":{"type":"Point","coordinates":[27.541583,56.330926]},"properties":{"kategorija":"noturibas_punkts","id":"node/12710554701","adrese":"Rāznas iela 14, Kaunata","veids":"Kultūras / tautas nams","statuss":{"siltums":"nav zināms","uzlade":"nav zināms","udens":"nav zināms","wifi":"nav zināms","generators":"nav zināms"},"last_updated":null,"name":"Kaunatas pagasta tautas nams","website":"https://www.kaunata.lv/kaunatas_tautas_nams.html","amenity":"community_centre"}},{"type":"Feature","geometry":{"type":"Point","coordinates":[27.544662,56.33072]},"properties":{"kategorija":"noturibas_punkts","id":"node/12710579001","adrese":"Rāznas iela 32, Kaunata","veids":"Bibliotēka","statuss":{"siltums":"nav zināms","uzlade":"nav zināms","udens":"nav zināms","wifi":"nav zināms","generators":"nav zināms"},"last_updated":null,"name":"Kaunatas pagasta bibliotēka","opening_hours":"Mo-Fr 08:00-17:00","website":"https://www.kaunata.lv/kaunatas_1biblioteka.html","amenity":"library"}},{"type":"Feature","geometry":{"type":"Point","coordinates":[27.545907,56.331488]},"properties":{"kategorija":"noturibas_punkts","id":"node/12710609301","adrese":"Rāznas iela 36, Kaunata","veids":"Kultūras / tautas nams","statuss":{"siltums":"nav zināms","uzlade":"nav zināms","udens":"nav zināms","wifi":"nav zināms","generators":"nav zināms"},"last_updated":null,"name":"Jauniešu centrs Buras","website":"https://www.kaunata.lv/Jauniesu_centrs/jauniesu_centrs.html","amenity":"community_centre"}},{"type":"Feature","geometry":{"type":"Point","coordinates":[26.790052,57.2895]},"properties":{"kategorija":"noturibas_punkts","id":"node/12814049402","adrese":"Pilskalns","veids":"Skola","statuss":{"siltums":"nav zināms","uzlade":"nav zināms","udens":"nav zināms","wifi":"nav zināms","generators":"nav zināms"},"last_updated":null,"name":"bij. K. Valdemāra pamatskola","amenity":"school"}},{"type":"Feature","geometry":{"type":"Point","coordinates":[24.123916,56.95332]},"properties":{"kategorija":"noturibas_punkts","id":"node/12825332621","adrese":"Krišjāņa Barona iela 25, Rīga","veids":"Skola","statuss":{"siltums":"nav zināms","uzlade":"nav zināms","udens":"nav zināms","wifi":"nav zināms","generators":"nav zināms"},"last_updated":null,"name":"Rīgas sākumskola \"Valodiņa\"","amenity":"school"}},{"type":"Feature","geometry":{"type":"Point","coordinates":[25.334756,57.522183]},"properties":{"kategorija":"noturibas_punkts","id":"node/12849153366","adrese":"Alejas iela 4, Kocēni","veids":"Bibliotēka","statuss":{"siltums":"nav zināms","uzlade":"nav zināms","udens":"nav zināms","wifi":"nav zināms","generators":"nav zināms"},"last_updated":null,"name":"Kocēnu pagasta bibliotēka","amenity":"library"}},{"type":"Feature","geometry":{"type":"Point","coordinates":[24.491889,57.328151]},"properties":{"kategorija":"noturibas_punkts","id":"node/12887533775","adrese":"Mandegas","veids":"Bibliotēka","statuss":{"siltums":"nav zināms","uzlade":"nav zināms","udens":"nav zināms","wifi":"nav zināms","generators":"nav zināms"},"last_updated":null,"name":"Skultes bibliotēka","amenity":"library"}},{"type":"Feature","geometry":{"type":"Point","coordinates":[24.491372,57.32804]},"properties":{"kategorija":"noturibas_punkts","id":"node/12887533776","adrese":"Mandegas","veids":"Kultūras / tautas nams","statuss":{"siltums":"nav zināms","uzlade":"nav zināms","udens":"nav zināms","wifi":"nav zināms","generators":"nav zināms"},"last_updated":null,"name":"Skultes pagasta kultūras centrs","amenity":"community_centre"}},{"type":"Feature","geometry":{"type":"Point","coordinates":[24.180733,56.874369]},"properties":{"kategorija":"noturibas_punkts","id":"node/1293693531","adrese":"Pļavniekkalna iela 35, Katlakalns","veids":"Bibliotēka","statuss":{"siltums":"nav zināms","uzlade":"nav zināms","udens":"nav zināms","wifi":"nav zināms","generators":"nav zināms"},"last_updated":null,"name":"Katlakalna bibliotēka","amenity":"library"}},{"type":"Feature","geometry":{"type":"Point","coordinates":[24.33038,56.855496]},"properties":{"kategorija":"noturibas_punkts","id":"node/1300756548","adrese":"Enerģētiķu iela 9, Salaspils","veids":"Bibliotēka","statuss":{"siltums":"nav zināms","uzlade":"nav zināms","udens":"nav zināms","wifi":"nav zināms","generators":"nav zināms"},"last_updated":null,"name":"Salaspils novada bibliotēka","website":"https://biblioteka.salaspils.lv/","amenity":"library"}},{"type":"Feature","geometry":{"type":"Point","coordinates":[25.668409,57.194212]},"properties":{"kategorija":"noturibas_punkts","id":"node/13041307176","adrese":"Dzērbene","veids":"Kultūras / tautas nams","statuss":{"siltums":"nav zināms","uzlade":"nav zināms","udens":"nav zināms","wifi":"nav zināms","generators":"nav zināms"},"last_updated":null,"name":"Sabiedriskais centrs","amenity":"community_centre"}},{"type":"Feature","geometry":{"type":"Point","coordinates":[25.66834,57.194344]},"properties":{"kategorija":"noturibas_punkts","id":"node/13041307177","adrese":"Dzērbene","veids":"Bibliotēka","statuss":{"siltums":"nav zināms","uzlade":"nav zināms","udens":"nav zināms","wifi":"nav zināms","generators":"nav zināms"},"last_updated":null,"name":"Dzērbenes bibliotēka","amenity":"library"}},{"type":"Feature","geometry":{"type":"Point","coordinates":[25.66611,57.196047]},"properties":{"kategorija":"noturibas_punkts","id":"node/13041307178","adrese":"Dzērbene","veids":"Kultūras / tautas nams","statuss":{"siltums":"nav zināms","uzlade":"nav zināms","udens":"nav zināms","wifi":"nav zināms","generators":"nav zināms"},"last_updated":null,"name":"Dzērbenes pagasta pārvalde","amenity":"community_centre"}},{"type":"Feature","geometry":{"type":"Point","coordinates":[26.135024,56.068363]},"properties":{"kategorija":"noturibas_punkts","id":"node/13052193501","adrese":"Bebrene","veids":"Bibliotēka","statuss":{"siltums":"nav zināms","uzlade":"nav zināms","udens":"nav zināms","wifi":"nav zināms","generators":"nav zināms"},"last_updated":null,"name":"Bebrenes pagasta bibliotēka","amenity":"library"}},{"type":"Feature","geometry":{"type":"Point","coordinates":[24.708067,57.511843]},"properties":{"kategorija":"noturibas_punkts","id":"node/13097950704","adrese":"Jūras iela 27, Limbaži","veids":"Skola","statuss":{"siltums":"nav zināms","uzlade":"nav zināms","udens":"nav zināms","wifi":"nav zināms","generators":"nav zināms"},"last_updated":null,"name":"Limbažu Mūzikas un mākslas skola","website":"https://www.limbazunovads.lv/lv/filiale/limbazu-muzikas-un-makslas-skola","amenity":"school"}},{"type":"Feature","geometry":{"type":"Point","coordinates":[24.810729,56.715528]},"properties":{"kategorija":"noturibas_punkts","id":"node/13119567429","adrese":"Raiņa iela 5, Lielvārde","veids":"Kultūras / tautas nams","statuss":{"siltums":"nav zināms","uzlade":"nav zināms","udens":"nav zināms","wifi":"nav zināms","generators":"nav zināms"},"last_updated":null,"name":"Lielvārdes Jauniešu centrs","amenity":"community_centre"}},{"type":"Feature","geometry":{"type":"Point","coordinates":[24.644427,56.754087]},"properties":{"kategorija":"noturibas_punkts","id":"node/13232710496","adrese":"Tome","veids":"Kultūras / tautas nams","statuss":{"siltums":"nav zināms","uzlade":"nav zināms","udens":"nav zināms","wifi":"nav zināms","generators":"nav zināms"},"last_updated":null,"name":"Tomes Dienas centrs","amenity":"community_centre"}},{"type":"Feature","geometry":{"type":"Point","coordinates":[22.490722,57.345901]},"properties":{"kategorija":"noturibas_punkts","id":"node/1326239735","adrese":"Pūņas","veids":"Skola","statuss":{"siltums":"nav zināms","uzlade":"nav zināms","udens":"nav zināms","wifi":"nav zināms","generators":"nav zināms"},"last_updated":null,"name":"Pūņu pamatskola","amenity":"school"}},{"type":"Feature","geometry":{"type":"Point","coordinates":[24.608672,56.824465]},"properties":{"kategorija":"noturibas_punkts","id":"node/13301441067","adrese":"Gunāra Astras iela 1, Ogre","veids":"Skola","statuss":{"siltums":"nav zināms","uzlade":"nav zināms","udens":"nav zināms","wifi":"nav zināms","generators":"nav zināms"},"last_updated":null,"name":"Ogres Valsts ģimnāzija","website":"https://www.ovg.lv/","amenity":"school"}},{"type":"Feature","geometry":{"type":"Point","coordinates":[23.338067,56.945426]},"properties":{"kategorija":"noturibas_punkts","id":"node/1332015265","adrese":"Jaunā iela 9, Smārde","veids":"Bibliotēka","statuss":{"siltums":"nav zināms","uzlade":"nav zināms","udens":"nav zināms","wifi":"nav zināms","generators":"nav zināms"},"last_updated":null,"name":"Smārdes bibliotēka","amenity":"library"}},{"type":"Feature","geometry":{"type":"Point","coordinates":[23.338122,56.945598]},"properties":{"kategorija":"noturibas_punkts","id":"node/1332015410","adrese":"Jaunā iela 9, Smārde","veids":"Pašvaldības ēka","statuss":{"siltums":"nav zināms","uzlade":"nav zināms","udens":"nav zināms","wifi":"nav zināms","generators":"nav zināms"},"last_updated":null,"name":"Engures novada dome","opening_hours":"Mo 08:00-18:00; Tu-Th 08:00-17:00; Fr 08:00-15:00","amenity":"townhall"}},{"type":"Feature","geometry":{"type":"Point","coordinates":[24.640389,56.753328]},"properties":{"kategorija":"noturibas_punkts","id":"node/13351409519","adrese":"Tome","veids":"Bibliotēka","statuss":{"siltums":"nav zināms","uzlade":"nav zināms","udens":"nav zināms","wifi":"nav zināms","generators":"nav zināms"},"last_updated":null,"name":"Tomes pagasta bibliotēka","amenity":"library"}},{"type":"Feature","geometry":{"type":"Point","coordinates":[25.054949,57.861612]},"properties":{"kategorija":"noturibas_punkts","id":"node/1339057825","adrese":"Pērnavas iela 4, Mazsalaca","veids":"Pašvaldības ēka","statuss":{"siltums":"nav zināms","uzlade":"nav zināms","udens":"nav zināms","wifi":"nav zināms","generators":"nav zināms"},"last_updated":null,"name":"Mazsalacas novada pašvaldība","amenity":"townhall"}},{"type":"Feature","geometry":{"type":"Point","coordinates":[27.533071,56.094946]},"properties":{"kategorija":"noturibas_punkts","id":"node/13495918483","adrese":"Alejas iela 15A, Dagda","veids":"Skola","statuss":{"siltums":"nav zināms","uzlade":"nav zināms","udens":"nav zināms","wifi":"nav zināms","generators":"nav zināms"},"last_updated":null,"name":"Mūzikas un mākslas skola","operator":"Krāslavas novada Mūzikas un mākslas skola","amenity":"school"}},{"type":"Feature","geometry":{"type":"Point","coordinates":[24.238577,56.828894]},"properties":{"kategorija":"noturibas_punkts","id":"node/13668360160","adrese":"Rīgas iela 26, Ķekava","veids":"Kultūras / tautas nams","statuss":{"siltums":"nav zināms","uzlade":"nav zināms","udens":"nav zināms","wifi":"nav zināms","generators":"nav zināms"},"last_updated":null,"name":"Doles Tautas nams","amenity":"community_centre"}},{"type":"Feature","geometry":{"type":"Point","coordinates":[26.297918,57.114234]},"properties":{"kategorija":"noturibas_punkts","id":"node/13668393607","adrese":"Druviena","veids":"Kultūras / tautas nams","statuss":{"siltums":"nav zināms","uzlade":"nav zināms","udens":"nav zināms","wifi":"nav zināms","generators":"nav zināms"},"last_updated":null,"name":"Druvienas kultūras nams","amenity":"community_centre"}},{"type":"Feature","geometry":{"type":"Point","coordinates":[22.449776,56.69534]},"properties":{"kategorija":"noturibas_punkts","id":"node/13668400407","adrese":"Vienības iela 15/17, Druva","veids":"Kultūras / tautas nams","statuss":{"siltums":"nav zināms","uzlade":"nav zināms","udens":"nav zināms","wifi":"nav zināms","generators":"nav zināms"},"last_updated":null,"name":"Druvas kultūras nams","amenity":"community_centre"}},{"type":"Feature","geometry":{"type":"Point","coordinates":[27.04443,56.272011]},"properties":{"kategorija":"noturibas_punkts","id":"node/13668629768","adrese":"Feimaņi","veids":"Kultūras / tautas nams","statuss":{"siltums":"nav zināms","uzlade":"nav zināms","udens":"nav zināms","wifi":"nav zināms","generators":"nav zināms"},"last_updated":null,"name":"Feimaņu pagasta kultūras nams","amenity":"community_centre"}},{"type":"Feature","geometry":{"type":"Point","coordinates":[25.643415,56.897885]},"properties":{"kategorija":"noturibas_punkts","id":"node/13668714552","adrese":"Rīgas iela 5, Ērgļi","veids":"Kultūras / tautas nams","statuss":{"siltums":"nav zināms","uzlade":"nav zināms","udens":"nav zināms","wifi":"nav zināms","generators":"nav zināms"},"last_updated":null,"name":"Ērgļu saieta nams","amenity":"community_centre"}},{"type":"Feature","geometry":{"type":"Point","coordinates":[25.784494,57.753807]},"properties":{"kategorija":"noturibas_punkts","id":"node/13668725566","adrese":"Turna","veids":"Kultūras / tautas nams","statuss":{"siltums":"nav zināms","uzlade":"nav zināms","udens":"nav zināms","wifi":"nav zināms","generators":"nav zināms"},"last_updated":null,"name":"Ērģemes pagasta Turnas tautas nams","amenity":"community_centre"}},{"type":"Feature","geometry":{"type":"Point","coordinates":[27.068096,56.732489]},"properties":{"kategorija":"noturibas_punkts","id":"node/13668729836","adrese":"Rēzeknes iela 2, Gaigalava","veids":"Kultūras / tautas nams","statuss":{"siltums":"nav zināms","uzlade":"nav zināms","udens":"nav zināms","wifi":"nav zināms","generators":"nav zināms"},"last_updated":null,"name":"Gaigalavas pagasta kultūras nams","amenity":"community_centre"}},{"type":"Feature","geometry":{"type":"Point","coordinates":[22.363529,56.408868]},"properties":{"kategorija":"noturibas_punkts","id":"node/13668753540","adrese":"Centra iela 1A, Ezere","veids":"Kultūras / tautas nams","statuss":{"siltums":"nav zināms","uzlade":"nav zināms","udens":"nav zināms","wifi":"nav zināms","generators":"nav zināms"},"last_updated":null,"name":"Ezeres kultūras nams","amenity":"community_centre"}},{"type":"Feature","geometry":{"type":"Point","coordinates":[26.554167,57.166022]},"properties":{"kategorija":"noturibas_punkts","id":"node/13668759565","adrese":"Veišu iela 2, Galgauska","veids":"Kultūras / tautas nams","statuss":{"siltums":"nav zināms","uzlade":"nav zināms","udens":"nav zināms","wifi":"nav zināms","generators":"nav zināms"},"last_updated":null,"name":"Galgauskas kultūras nams","amenity":"community_centre"}},{"type":"Feature","geometry":{"type":"Point","coordinates":[25.808976,56.102529]},"properties":{"kategorija":"noturibas_punkts","id":"node/13668763248","adrese":"Gārsene","veids":"Kultūras / tautas nams","statuss":{"siltums":"nav zināms","uzlade":"nav zināms","udens":"nav zināms","wifi":"nav zināms","generators":"nav zināms"},"last_updated":null,"name":"Gārsenes kultūras nams","amenity":"community_centre"}},{"type":"Feature","geometry":{"type":"Point","coordinates":[24.076939,56.936012]},"properties":{"kategorija":"noturibas_punkts","id":"node/13681042784","adrese":"Eduarda Smiļģa iela 46, Rīga","veids":"Bibliotēka","statuss":{"siltums":"nav zināms","uzlade":"nav zināms","udens":"nav zināms","wifi":"nav zināms","generators":"nav zināms"},"last_updated":null,"name":"Āgenskalna filiālbibliotēka","opening_hours":"Mo-Fr 10:00-18:00; Sa 10:00-17:00; Jun-Aug Mo off","website":"https://www.rcb.lv/par-biblioteku/kontakti/nodalas-un-filialbibliotekas/agenskalna-filialbiblioteka/","amenity":"library"}},{"type":"Feature","geometry":{"type":"Point","coordinates":[27.139748,56.060572]},"properties":{"kategorija":"noturibas_punkts","id":"node/13710417186","adrese":"Ezeru iela 21, Grāveri","veids":"Kultūras / tautas nams","statuss":{"siltums":"nav zināms","uzlade":"nav zināms","udens":"nav zināms","wifi":"nav zināms","generators":"nav zināms"},"last_updated":null,"name":"Grāveru Kultūras  nams","amenity":"community_centre"}},{"type":"Feature","geometry":{"type":"Point","coordinates":[21.280794,56.501363]},"properties":{"kategorija":"noturibas_punkts","id":"node/13710442573","adrese":"Gavieze","veids":"Kultūras / tautas nams","statuss":{"siltums":"nav zināms","uzlade":"nav zināms","udens":"nav zināms","wifi":"nav zināms","generators":"nav zināms"},"last_updated":null,"name":"Gaviezes kultūras nams \"Ritmi\"","amenity":"community_centre"}},{"type":"Feature","geometry":{"type":"Point","coordinates":[21.190142,56.537908]},"properties":{"kategorija":"noturibas_punkts","id":"node/13710470525","adrese":"Liepu iela 1A, Robežnieki","veids":"Kultūras / tautas nams","statuss":{"siltums":"nav zināms","uzlade":"nav zināms","udens":"nav zināms","wifi":"nav zināms","generators":"nav zināms"},"last_updated":null,"name":"Grobiņas pagasta kultūras nams \"Robežnieki\"","amenity":"community_centre"}},{"type":"Feature","geometry":{"type":"Point","coordinates":[21.602905,56.367913]},"properties":{"kategorija":"noturibas_punkts","id":"node/13710477185","adrese":"Skolas iela 5, Gramzda","veids":"Kultūras / tautas nams","statuss":{"siltums":"nav zināms","uzlade":"nav zināms","udens":"nav zināms","wifi":"nav zināms","generators":"nav zināms"},"last_updated":null,"name":"Gramzdas tautas nams","amenity":"community_centre"}},{"type":"Feature","geometry":{"type":"Point","coordinates":[21.603024,56.885611]},"properties":{"kategorija":"noturibas_punkts","id":"node/13710482276","adrese":"Gudenieki","veids":"Kultūras / tautas nams","statuss":{"siltums":"nav zināms","uzlade":"nav zināms","udens":"nav zināms","wifi":"nav zināms","generators":"nav zināms"},"last_updated":null,"name":"Gudenieku kultūras nams","amenity":"community_centre"}},{"type":"Feature","geometry":{"type":"Point","coordinates":[24.114096,56.946826]},"properties":{"kategorija":"noturibas_punkts","id":"node/13920059821","adrese":"Vaļņu iela 32, Rīga","veids":"Kultūras / tautas nams","statuss":{"siltums":"nav zināms","uzlade":"nav zināms","udens":"nav zināms","wifi":"nav zināms","generators":"nav zināms"},"last_updated":null,"name":"Vecrīga","amenity":"community_centre"}},{"type":"Feature","geometry":{"type":"Point","coordinates":[21.49351,56.6239]},"properties":{"kategorija":"noturibas_punkts","id":"node/13950164807","adrese":"Vecpils","veids":"Skola","statuss":{"siltums":"nav zināms","uzlade":"nav zināms","udens":"nav zināms","wifi":"nav zināms","generators":"nav zināms"},"last_updated":null,"name":"Vecpils skola","amenity":"school"}},{"type":"Feature","geometry":{"type":"Point","coordinates":[24.051833,56.854233]},"properties":{"kategorija":"noturibas_punkts","id":"node/13951701500","adrese":"Gaismas iela 1, Stūnīši","veids":"Bibliotēka","statuss":{"siltums":"nav zināms","uzlade":"nav zināms","udens":"nav zināms","wifi":"nav zināms","generators":"nav zināms"},"last_updated":null,"name":"Gaismu bibliotēka","website":"https://www.olaine.lv/lv/kultura/bibliotekas/gaismu-biblioteka","amenity":"library"}},{"type":"Feature","geometry":{"type":"Point","coordinates":[23.937887,56.785147]},"properties":{"kategorija":"noturibas_punkts","id":"node/13951704280","adrese":"Zemgales iela 24, Olaine","veids":"Bibliotēka","statuss":{"siltums":"nav zināms","uzlade":"nav zināms","udens":"nav zināms","wifi":"nav zināms","generators":"nav zināms"},"last_updated":null,"name":"Olaines bibliotēka","website":"https://www.olaine.lv/lv/kultura/bibliotekas/olaines-biblioteka","amenity":"library"}},{"type":"Feature","geometry":{"type":"Point","coordinates":[23.988389,56.798834]},"properties":{"kategorija":"noturibas_punkts","id":"node/13951738042","adrese":"Meža iela 2, Jaunolaine","veids":"Bibliotēka","statuss":{"siltums":"nav zināms","uzlade":"nav zināms","udens":"nav zināms","wifi":"nav zināms","generators":"nav zināms"},"last_updated":null,"name":"Jaunolaines bibliotēka","website":"https://www.olaine.lv/lv/kultura/bibliotekas/jaunolaines-biblioteka","amenity":"library"}},{"type":"Feature","geometry":{"type":"Point","coordinates":[25.186202,57.068522]},"properties":{"kategorija":"noturibas_punkts","id":"node/13953661274","adrese":"Nītaure","veids":"Skola","statuss":{"siltums":"nav zināms","uzlade":"nav zināms","udens":"nav zināms","wifi":"nav zināms","generators":"nav zināms"},"last_updated":null,"name":"Nītaures vidusskola","amenity":"school"}},{"type":"Feature","geometry":{"type":"Point","coordinates":[27.481132,57.34261]},"properties":{"kategorija":"noturibas_punkts","id":"node/1398859737","adrese":"Liepna","veids":"Skola","statuss":{"siltums":"nav zināms","uzlade":"nav zināms","udens":"nav zināms","wifi":"nav zināms","generators":"nav zināms"},"last_updated":null,"name":"Liepnas internātpamatskola","amenity":"school"}},{"type":"Feature","geometry":{"type":"Point","coordinates":[26.01479,57.774573]},"properties":{"kategorija":"noturibas_punkts","id":"node/14001101503","adrese":"Raiņa iela 28A, Valka","veids":"Skola","statuss":{"siltums":"nav zināms","uzlade":"nav zināms","udens":"nav zināms","wifi":"nav zināms","generators":"nav zināms"},"last_updated":null,"name":"Valkas Jāņa Cimzes ģimnāzija","website":"https://www.vjcgimnazija.lv","amenity":"school"}},{"type":"Feature","geometry":{"type":"Point","coordinates":[21.857273,57.405294]},"properties":{"kategorija":"noturibas_punkts","id":"node/14011057558","adrese":"Pope","veids":"Skola","statuss":{"siltums":"nav zināms","uzlade":"nav zināms","udens":"nav zināms","wifi":"nav zināms","generators":"nav zināms"},"last_updated":null,"name":"Popes Pamatskola","amenity":"school"}},{"type":"Feature","geometry":{"type":"Point","coordinates":[21.011358,56.529686]},"properties":{"kategorija":"noturibas_punkts","id":"node/14019541217","adrese":"Krūmu iela 29, Liepāja","veids":"Bibliotēka","statuss":{"siltums":"nav zināms","uzlade":"nav zināms","udens":"nav zināms","wifi":"nav zināms","generators":"nav zināms"},"last_updated":null,"name":"LCZB filiāle Valtera bibliotēka","amenity":"library"}},{"type":"Feature","geometry":{"type":"Point","coordinates":[24.388276,57.490679]},"properties":{"kategorija":"noturibas_punkts","id":"node/14074496434","adrese":"Liedaga iela 11, Tūja","veids":"Bibliotēka","statuss":{"siltums":"nav zināms","uzlade":"nav zināms","udens":"nav zināms","wifi":"nav zināms","generators":"nav zināms"},"last_updated":null,"name":"Liepupes pagasta Tūjas bibliotēka","opening_hours":"Mo-Fr 10:00-17:00","amenity":"library"}},{"type":"Feature","geometry":{"type":"Point","coordinates":[25.633927,56.596243]},"properties":{"kategorija":"noturibas_punkts","id":"node/1407559661","adrese":"Stukmaņi","veids":"Bibliotēka","statuss":{"siltums":"nav zināms","uzlade":"nav zināms","udens":"nav zināms","wifi":"nav zināms","generators":"nav zināms"},"last_updated":null,"name":"Klintaines pagasta bibliotēka","amenity":"library"}},{"type":"Feature","geometry":{"type":"Point","coordinates":[25.634011,56.596141]},"properties":{"kategorija":"noturibas_punkts","id":"node/1407559665","adrese":"Stukmaņi","veids":"Pašvaldības ēka","statuss":{"siltums":"nav zināms","uzlade":"nav zināms","udens":"nav zināms","wifi":"nav zināms","generators":"nav zināms"},"last_updated":null,"name":"Klintaines pagasta pārvalde","amenity":"townhall"}},{"type":"Feature","geometry":{"type":"Point","coordinates":[24.080863,56.943831]},"properties":{"kategorija":"noturibas_punkts","id":"node/14085398801","adrese":"Meža iela 4, Rīga","veids":"Kultūras / tautas nams","statuss":{"siltums":"nav zināms","uzlade":"nav zināms","udens":"nav zināms","wifi":"nav zināms","generators":"nav zināms"},"last_updated":null,"name":"Sābra Workroom","amenity":"community_centre"}},{"type":"Feature","geometry":{"type":"Point","coordinates":[26.375928,55.904429]},"properties":{"kategorija":"noturibas_punkts","id":"node/1413389065","adrese":"Alejas iela 11, Svente","veids":"Bibliotēka","statuss":{"siltums":"nav zināms","uzlade":"nav zināms","udens":"nav zināms","wifi":"nav zināms","generators":"nav zināms"},"last_updated":null,"name":"Sventes bibliotēka","amenity":"library"}},{"type":"Feature","geometry":{"type":"Point","coordinates":[24.167541,57.003111]},"properties":{"kategorija":"noturibas_punkts","id":"node/14140747527","adrese":"Lībekas iela 27, Rīga","veids":"Skola","statuss":{"siltums":"nav zināms","uzlade":"nav zināms","udens":"nav zināms","wifi":"nav zināms","generators":"nav zināms"},"last_updated":null,"name":"Rīgas 45. vidusskola","website":"https://r45vs.lv/","amenity":"school"}},{"type":"Feature","geometry":{"type":"Point","coordinates":[26.517515,55.87072]},"properties":{"kategorija":"noturibas_punkts","id":"node/1414377163","adrese":"Rīgas iela 22A, Daugavpils","veids":"Bibliotēka","statuss":{"siltums":"nav zināms","uzlade":"nav zināms","udens":"nav zināms","wifi":"nav zināms","generators":"nav zināms"},"last_updated":null,"name":"Latgales centrālā bibliotēka","opening_hours":"Mo-Fr 10:00-19:00; Sa 10:00-17:00; Th[-1] off","amenity":"library"}},{"type":"Feature","geometry":{"type":"Point","coordinates":[26.653501,55.908279]},"properties":{"kategorija":"noturibas_punkts","id":"node/1416151208","adrese":"Daugavas iela 31A, Krauja","veids":"Bibliotēka","statuss":{"siltums":"nav zināms","uzlade":"nav zināms","udens":"nav zināms","wifi":"nav zināms","generators":"nav zināms"},"last_updated":null,"name":"Naujenes Tautas Bibliotēka","opening_hours":"Mo-Fr 09:00-20:00; We off; Sa 09:00-14:45","amenity":"library"}},{"type":"Feature","geometry":{"type":"Point","coordinates":[26.611426,55.896495]},"properties":{"kategorija":"noturibas_punkts","id":"node/1416151209","adrese":"18. novembra iela 392, Vecstropi","veids":"Bibliotēka","statuss":{"siltums":"nav zināms","uzlade":"nav zināms","udens":"nav zināms","wifi":"nav zināms","generators":"nav zināms"},"last_updated":null,"name":"Naujenes tautas bibliotēkas Vecstropu apkalpošanas punkts","amenity":"library"}},{"type":"Feature","geometry":{"type":"Point","coordinates":[24.13298,56.975282]},"properties":{"kategorija":"noturibas_punkts","id":"node/14184684740","adrese":"Skanstes iela 43, Rīga","veids":"Skola","statuss":{"siltums":"nav zināms","uzlade":"nav zināms","udens":"nav zināms","wifi":"nav zināms","generators":"nav zināms"},"last_updated":null,"name":"Starptautiskais Žila Verna Rīgas Franču licejs","website":"https://lyceejulesverne.lv","amenity":"school"}},{"type":"Feature","geometry":{"type":"Point","coordinates":[27.004908,56.130858]},"properties":{"kategorija":"noturibas_punkts","id":"node/1419851306","adrese":"Daugavpils iela 38, Aglona","veids":"Bibliotēka","statuss":{"siltums":"nav zināms","uzlade":"nav zināms","udens":"nav zināms","wifi":"nav zināms","generators":"nav zināms"},"last_updated":null,"name":"Aglonas Bibliotēka","opening_hours":"Mo-Fr 10:00-18:00; We off; Sa 10:00-16:00","amenity":"library"}},{"type":"Feature","geometry":{"type":"Point","coordinates":[27.006894,56.130663]},"properties":{"kategorija":"noturibas_punkts","id":"node/1419851308","adrese":"Somersētas iela 34, Aglona","veids":"Kultūras / tautas nams","statuss":{"siltums":"nav zināms","uzlade":"nav zināms","udens":"nav zināms","wifi":"nav zināms","generators":"nav zināms"},"last_updated":null,"name":"Aglonas Kultūras Centrs","amenity":"community_centre"}},{"type":"Feature","geometry":{"type":"Point","coordinates":[27.006912,56.130643]},"properties":{"kategorija":"noturibas_punkts","id":"node/1419851309","adrese":"Somersētas iela 34, Aglona","veids":"Pašvaldības ēka","statuss":{"siltums":"nav zināms","uzlade":"nav zināms","udens":"nav zināms","wifi":"nav zināms","generators":"nav zināms"},"last_updated":null,"name":"Aglonas Novada Dome","amenity":"townhall"}},{"type":"Feature","geometry":{"type":"Point","coordinates":[26.519071,55.86935]},"properties":{"kategorija":"noturibas_punkts","id":"node/1419851318","adrese":"Ģimnāzijas iela 27, Daugavpils","veids":"Kultūras / tautas nams","statuss":{"siltums":"nav zināms","uzlade":"nav zināms","udens":"nav zināms","wifi":"nav zināms","generators":"nav zināms"},"last_updated":null,"name":"Bērnu attīstības centrs \"Saules stariņi\"","website":"https://www.saulesstarini.lv/","amenity":"community_centre"}},{"type":"Feature","geometry":{"type":"Point","coordinates":[26.733603,56.074878]},"properties":{"kategorija":"noturibas_punkts","id":"node/1419852096","adrese":"Šosejas iela 3, Špoģi","veids":"Skola","statuss":{"siltums":"nav zināms","uzlade":"nav zināms","udens":"nav zināms","wifi":"nav zināms","generators":"nav zināms"},"last_updated":null,"name":"Špoģu Mūzikas un mākslas skola","amenity":"school"}},{"type":"Feature","geometry":{"type":"Point","coordinates":[24.236656,56.962854]},"properties":{"kategorija":"noturibas_punkts","id":"node/14232268879","adrese":"Hipokrāta iela 27, Rīga","veids":"Skola","statuss":{"siltums":"nav zināms","uzlade":"nav zināms","udens":"nav zināms","wifi":"nav zināms","generators":"nav zināms"},"last_updated":null,"name":"Klasiskās izglītības pamatskola \"ABC\"","amenity":"school"}},{"type":"Feature","geometry":{"type":"Point","coordinates":[24.23713,56.962561]},"properties":{"kategorija":"noturibas_punkts","id":"node/14232268881","adrese":"Hipokrāta iela 27, Rīga","veids":"Skola","statuss":{"siltums":"nav zināms","uzlade":"nav zināms","udens":"nav zināms","wifi":"nav zināms","generators":"nav zināms"},"last_updated":null,"name":"Rīgas 89. vidusskola","amenity":"school"}},{"type":"Feature","geometry":{"type":"Point","coordinates":[24.237376,56.961608]},"properties":{"kategorija":"noturibas_punkts","id":"node/14232268882","adrese":"Hipokrāta iela 31, Rīga","veids":"Skola","statuss":{"siltums":"nav zināms","uzlade":"nav zināms","udens":"nav zināms","wifi":"nav zināms","generators":"nav zināms"},"last_updated":null,"name":"Mežciema pamatskola","amenity":"school"}},{"type":"Feature","geometry":{"type":"Point","coordinates":[24.951205,57.355448]},"properties":{"kategorija":"noturibas_punkts","id":"node/1460025221","adrese":"Braslas iela 1, Straupe","veids":"Bibliotēka","statuss":{"siltums":"nav zināms","uzlade":"nav zināms","udens":"nav zināms","wifi":"nav zināms","generators":"nav zināms"},"last_updated":null,"name":"Straupes bibliotēka","opening_hours":"Mo-Tu 08:00-17:00; We 08:00-17:00; Th 08:00-17:00; Fr 08:00-16:00","amenity":"library"}},{"type":"Feature","geometry":{"type":"Point","coordinates":[27.161803,56.347481]},"properties":{"kategorija":"noturibas_punkts","id":"node/1469903074","adrese":"Skolas iela 24, Malta","veids":"Pašvaldības ēka","statuss":{"siltums":"nav zināms","uzlade":"nav zināms","udens":"nav zināms","wifi":"nav zināms","generators":"nav zināms"},"last_updated":null,"name":"Maltas pagasta padome","amenity":"townhall"}},{"type":"Feature","geometry":{"type":"Point","coordinates":[25.563706,57.5046]},"properties":{"kategorija":"noturibas_punkts","id":"node/1516970010","adrese":"Cempi","veids":"Bibliotēka","statuss":{"siltums":"nav zināms","uzlade":"nav zināms","udens":"nav zināms","wifi":"nav zināms","generators":"nav zināms"},"last_updated":null,"name":"Brenguļu bibliotēkas ārējās apkalpošanas punkts","amenity":"library"}},{"type":"Feature","geometry":{"type":"Point","coordinates":[24.103326,56.950614]},"properties":{"kategorija":"noturibas_punkts","id":"node/1570464369","adrese":"Mazā Pils iela 2, Rīga","veids":"Skola","statuss":{"siltums":"nav zināms","uzlade":"nav zināms","udens":"nav zināms","wifi":"nav zināms","generators":"nav zināms"},"last_updated":null,"name":"Svētdienas skola","amenity":"school"}},{"type":"Feature","geometry":{"type":"Point","coordinates":[24.156467,56.939097]},"properties":{"kategorija":"noturibas_punkts","id":"node/1669049299","adrese":"Lauvas iela 2, Rīga","veids":"Bibliotēka","statuss":{"siltums":"nav zināms","uzlade":"nav zināms","udens":"nav zināms","wifi":"nav zināms","generators":"nav zināms"},"last_updated":null,"name":"TSI bibliotēka","amenity":"library"}},{"type":"Feature","geometry":{"type":"Point","coordinates":[25.042524,57.232689]},"properties":{"kategorija":"noturibas_punkts","id":"node/1690172476","adrese":"Spriņģu iela 4, Līgatne","veids":"Kultūras / tautas nams","statuss":{"siltums":"nav zināms","uzlade":"nav zināms","udens":"nav zināms","wifi":"nav zināms","generators":"nav zināms"},"last_updated":null,"name":"Kultūras nams","amenity":"community_centre"}},{"type":"Feature","geometry":{"type":"Point","coordinates":[22.894384,56.466306]},"properties":{"kategorija":"noturibas_punkts","id":"node/1693569012","adrese":"Jelgavas iela 1A, Auce","veids":"Bibliotēka","statuss":{"siltums":"nav zināms","uzlade":"nav zināms","udens":"nav zināms","wifi":"nav zināms","generators":"nav zināms"},"last_updated":null,"name":"Auces bibliotēka","amenity":"library"}},{"type":"Feature","geometry":{"type":"Point","coordinates":[24.277902,57.12821]},"properties":{"kategorija":"noturibas_punkts","id":"node/1700232551","adrese":"Stacijas iela 5, Carnikava","veids":"Pašvaldības ēka","statuss":{"siltums":"nav zināms","uzlade":"nav zināms","udens":"nav zināms","wifi":"nav zināms","generators":"nav zināms"},"last_updated":null,"name":"Carnikavas pagasta ēka","operator":"Ādažu novada pašvaldība","website":"https://carnikava.lv/","amenity":"townhall"}},{"type":"Feature","geometry":{"type":"Point","coordinates":[26.552908,55.878955]},"properties":{"kategorija":"noturibas_punkts","id":"node/1728548002","adrese":"18. novembra iela 161, Daugavpils","veids":"Bibliotēka","statuss":{"siltums":"nav zināms","uzlade":"nav zināms","udens":"nav zināms","wifi":"nav zināms","generators":"nav zināms"},"last_updated":null,"name":"Jaunbūves bibliotēka","operator":"Latgales Centrālā bibliotēka","opening_hours":"Tu-Fr 11:00-18:00; Sa 10:00-17:00","website":"https://www.lcb.lv/?lang=lv&nod=jaunbuves_biblioteka","amenity":"library"}},{"type":"Feature","geometry":{"type":"Point","coordinates":[24.851144,57.165598]},"properties":{"kategorija":"noturibas_punkts","id":"node/1737325635","adrese":"Pils iela 16, Sigulda","veids":"Pašvaldības ēka","statuss":{"siltums":"nav zināms","uzlade":"nav zināms","udens":"nav zināms","wifi":"nav zināms","generators":"nav zināms"},"last_updated":null,"name":"Siguldas novada dome","amenity":"townhall"}},{"type":"Feature","geometry":{"type":"Point","coordinates":[24.33299,57.080121]},"properties":{"kategorija":"noturibas_punkts","id":"node/1743393265","adrese":"Gaujas iela 33A, Ādaži","veids":"Pašvaldības ēka","statuss":{"siltums":"nav zināms","uzlade":"nav zināms","udens":"nav zināms","wifi":"nav zināms","generators":"nav zināms"},"last_updated":null,"name":"Ādažu novada dome","amenity":"townhall"}},{"type":"Feature","geometry":{"type":"Point","coordinates":[24.237236,56.961957]},"properties":{"kategorija":"noturibas_punkts","id":"node/1744047995","adrese":"Hipokrāta iela 29, Rīga","veids":"Bibliotēka","statuss":{"siltums":"nav zināms","uzlade":"nav zināms","udens":"nav zināms","wifi":"nav zināms","generators":"nav zināms"},"last_updated":null,"name":"Mežciema filiālbibliotēka","operator":"Rīgas Centrālā bibliotēka","opening_hours":"Mo-Fr 10:00-18:00; Sa 10:00-16:00; We[-1] off","website":"rcb.mezciems@riga.lv","amenity":"library"}},{"type":"Feature","geometry":{"type":"Point","coordinates":[26.910739,57.562802]},"properties":{"kategorija":"noturibas_punkts","id":"node/1763160930","adrese":"","veids":"Skola","statuss":{"siltums":"nav zināms","uzlade":"nav zināms","udens":"nav zināms","wifi":"nav zināms","generators":"nav zināms"},"last_updated":null,"name":"Veclaicenes skola - muiža","amenity":"school"}},{"type":"Feature","geometry":{"type":"Point","coordinates":[23.554564,56.582609]},"properties":{"kategorija":"noturibas_punkts","id":"node/1784497120","adrese":"Upes iela 10, Zemgale","veids":"Kultūras / tautas nams","statuss":{"siltums":"nav zināms","uzlade":"nav zināms","udens":"nav zināms","wifi":"nav zināms","generators":"nav zināms"},"last_updated":null,"name":"Dienas centrs \"Zemgale\"","opening_hours":"Mo-Fr 10:00-18:00","amenity":"community_centre"}},{"type":"Feature","geometry":{"type":"Point","coordinates":[27.160224,55.897691]},"properties":{"kategorija":"noturibas_punkts","id":"node/1799222066","adrese":"Rīgas iela 26, Krāslava","veids":"Kultūras / tautas nams","statuss":{"siltums":"nav zināms","uzlade":"nav zināms","udens":"nav zināms","wifi":"nav zināms","generators":"nav zināms"},"last_updated":null,"name":"Krāslavas Bērnu un jauniešu centrs","amenity":"community_centre"}},{"type":"Feature","geometry":{"type":"Point","coordinates":[27.168572,55.899978]},"properties":{"kategorija":"noturibas_punkts","id":"node/1799222069","adrese":"Raiņa iela 6, Krāslava","veids":"Skola","statuss":{"siltums":"nav zināms","uzlade":"nav zināms","udens":"nav zināms","wifi":"nav zināms","generators":"nav zināms"},"last_updated":null,"name":"Krāslavas Mākslas skola","amenity":"school"}},{"type":"Feature","geometry":{"type":"Point","coordinates":[27.161054,55.90132]},"properties":{"kategorija":"noturibas_punkts","id":"node/1799222074","adrese":"Pils iela 5, Krāslava","veids":"Skola","statuss":{"siltums":"nav zināms","uzlade":"nav zināms","udens":"nav zināms","wifi":"nav zināms","generators":"nav zināms"},"last_updated":null,"name":"Krāslavas ģimnāzija","website":"https://www.kraslavasgimnazija.lv/","amenity":"school"}},{"type":"Feature","geometry":{"type":"Point","coordinates":[27.159747,55.89779]},"properties":{"kategorija":"noturibas_punkts","id":"node/1799222081","adrese":"Rīgas iela 26, Krāslava","veids":"Kultūras / tautas nams","statuss":{"siltums":"nav zināms","uzlade":"nav zināms","udens":"nav zināms","wifi":"nav zināms","generators":"nav zināms"},"last_updated":null,"name":"Krāslavas kultūras nams","amenity":"community_centre"}},{"type":"Feature","geometry":{"type":"Point","coordinates":[27.163754,55.900643]},"properties":{"kategorija":"noturibas_punkts","id":"node/1799222084","adrese":"Grāfu Plāteru iela 6, Krāslava","veids":"Kultūras / tautas nams","statuss":{"siltums":"nav zināms","uzlade":"nav zināms","udens":"nav zināms","wifi":"nav zināms","generators":"nav zināms"},"last_updated":null,"name":"Krāslavas novada Sociālais dienests","amenity":"community_centre"}},{"type":"Feature","geometry":{"type":"Point","coordinates":[27.181387,55.89201]},"properties":{"kategorija":"noturibas_punkts","id":"node/1799222107","adrese":"Aronsona iela 3, Krāslava","veids":"Skola","statuss":{"siltums":"nav zināms","uzlade":"nav zināms","udens":"nav zināms","wifi":"nav zināms","generators":"nav zināms"},"last_updated":null,"name":"PIKC Rīgas Valsts tehnikums Teorētisko mācību priekšmetu un administrācijas ēka","amenity":"school"}},{"type":"Feature","geometry":{"type":"Point","coordinates":[23.730307,56.646492]},"properties":{"kategorija":"noturibas_punkts","id":"node/1809880672","adrese":"Akadēmijas iela 26, Jelgava","veids":"Bibliotēka","statuss":{"siltums":"nav zināms","uzlade":"nav zināms","udens":"nav zināms","wifi":"nav zināms","generators":"nav zināms"},"last_updated":null,"name":"Jelgavas pilsētas bibliotēka","opening_hours":"Mo-Fr 10:00-16:00","amenity":"library"}},{"type":"Feature","geometry":{"type":"Point","coordinates":[23.755695,56.67046]},"properties":{"kategorija":"noturibas_punkts","id":"node/1818653187","adrese":"Loka maģistrāle 17, Jelgava","veids":"Bibliotēka","statuss":{"siltums":"nav zināms","uzlade":"nav zināms","udens":"nav zināms","wifi":"nav zināms","generators":"nav zināms"},"last_updated":null,"name":"Pārlielupes bibliotēka","operator":"Jelgavas Pilsētas bibliotēka","website":"https://jelgavasbiblioteka.lv/par-mums/filiales/parlielupes-biblioteka/","amenity":"library"}},{"type":"Feature","geometry":{"type":"Point","coordinates":[24.686966,57.098086]},"properties":{"kategorija":"noturibas_punkts","id":"node/1822709439","adrese":"Atmodas iela 4, Inčukalns","veids":"Bibliotēka","statuss":{"siltums":"nav zināms","uzlade":"nav zināms","udens":"nav zināms","wifi":"nav zināms","generators":"nav zināms"},"last_updated":null,"name":"Inčukalna bibliotēka","amenity":"library"}},{"type":"Feature","geometry":{"type":"Point","coordinates":[23.625227,56.808935]},"properties":{"kategorija":"noturibas_punkts","id":"node/1824110133","adrese":"","veids":"Skola","statuss":{"siltums":"nav zināms","uzlade":"nav zināms","udens":"nav zināms","wifi":"nav zināms","generators":"nav zināms"},"last_updated":null,"name":"Kalnciema skola","amenity":"school"}},{"type":"Feature","geometry":{"type":"Point","coordinates":[26.37164,57.455735]},"properties":{"kategorija":"noturibas_punkts","id":"node/1836503575","adrese":"Vireši","veids":"Pašvaldības ēka","statuss":{"siltums":"nav zināms","uzlade":"nav zināms","udens":"nav zināms","wifi":"nav zināms","generators":"nav zināms"},"last_updated":null,"name":"Virešu pagasta pārvalde","amenity":"townhall"}},{"type":"Feature","geometry":{"type":"Point","coordinates":[26.6951,57.538386]},"properties":{"kategorija":"noturibas_punkts","id":"node/1836509991","adrese":"Stacijas iela 2, Ape","veids":"Pašvaldības ēka","statuss":{"siltums":"nav zināms","uzlade":"nav zināms","udens":"nav zināms","wifi":"nav zināms","generators":"nav zināms"},"last_updated":null,"name":"Apes novada dome","amenity":"townhall"}},{"type":"Feature","geometry":{"type":"Point","coordinates":[23.514751,57.000678]},"properties":{"kategorija":"noturibas_punkts","id":"node/1893778762","adrese":"Liepu iela 2, Lapmežciems","veids":"Pašvaldības ēka","statuss":{"siltums":"nav zināms","uzlade":"nav zināms","udens":"nav zināms","wifi":"nav zināms","generators":"nav zināms"},"last_updated":null,"name":"Engures novads - Lapmežciema pagasta pārvalde","amenity":"townhall"}},{"type":"Feature","geometry":{"type":"Point","coordinates":[23.512168,57.00069]},"properties":{"kategorija":"noturibas_punkts","id":"node/1893778763","adrese":"Liepu iela 4, Lapmežciems","veids":"Bibliotēka","statuss":{"siltums":"nav zināms","uzlade":"nav zināms","udens":"nav zināms","wifi":"nav zināms","generators":"nav zināms"},"last_updated":null,"name":"Lapmežciema bibliotēka","opening_hours":"Mo-Tu 08:00-16:00; We 10:00-18:00; Th 09:00-17:00; Fr[2,3,4],Sa[1] 09:00-13:00","wheelchair":"yes","amenity":"library"}},{"type":"Feature","geometry":{"type":"Point","coordinates":[21.478017,56.361441]},"properties":{"kategorija":"noturibas_punkts","id":"node/1909857870","adrese":"Liepu aleja 4, Kalēti","veids":"Skola","statuss":{"siltums":"nav zināms","uzlade":"nav zināms","udens":"nav zināms","wifi":"nav zināms","generators":"nav zināms"},"last_updated":null,"name":"Kalētu pamatskola","amenity":"school"}},{"type":"Feature","geometry":{"type":"Point","coordinates":[25.424263,57.535142]},"properties":{"kategorija":"noturibas_punkts","id":"node/1966521582","adrese":"Cēsu iela 4, Valmiera","veids":"Bibliotēka","statuss":{"siltums":"nav zināms","uzlade":"nav zināms","udens":"nav zināms","wifi":"nav zināms","generators":"nav zināms"},"last_updated":null,"name":"Valmieras integrētā bibliotēka","opening_hours":"Jul-Aug Mo,Th 12:00-19:00; Jul-Aug Tu,We,Fr 10:00-17:00","wheelchair":"yes","amenity":"library"}},{"type":"Feature","geometry":{"type":"Point","coordinates":[24.060984,56.969166]},"properties":{"kategorija":"noturibas_punkts","id":"node/1977891169","adrese":"Lidoņu iela 27 k-2, Rīga","veids":"Bibliotēka","statuss":{"siltums":"nav zināms","uzlade":"nav zināms","udens":"nav zināms","wifi":"nav zināms","generators":"nav zināms"},"last_updated":null,"name":"Iļģuciema filiālbibliotēka","opening_hours":"Mo,We,Fr 10:00-18:00; Tu,Th 11:00-19:00; Sa 10:00-17:00; Su off","amenity":"library"}},{"type":"Feature","geometry":{"type":"Point","coordinates":[22.396276,56.950046]},"properties":{"kategorija":"noturibas_punkts","id":"node/2025681853","adrese":"Kabile","veids":"Bibliotēka","statuss":{"siltums":"nav zināms","uzlade":"nav zināms","udens":"nav zināms","wifi":"nav zināms","generators":"nav zināms"},"last_updated":null,"name":"Kabiles pagasta bibliotēka","amenity":"library"}},{"type":"Feature","geometry":{"type":"Point","coordinates":[22.400298,56.950842]},"properties":{"kategorija":"noturibas_punkts","id":"node/2025681880","adrese":"Kabile","veids":"Pašvaldības ēka","statuss":{"siltums":"nav zināms","uzlade":"nav zināms","udens":"nav zināms","wifi":"nav zināms","generators":"nav zināms"},"last_updated":null,"name":"Kabiles pagasta pārvalde","amenity":"townhall"}},{"type":"Feature","geometry":{"type":"Point","coordinates":[22.397674,56.950618]},"properties":{"kategorija":"noturibas_punkts","id":"node/2025681887","adrese":"Kabile","veids":"Kultūras / tautas nams","statuss":{"siltums":"nav zināms","uzlade":"nav zināms","udens":"nav zināms","wifi":"nav zināms","generators":"nav zināms"},"last_updated":null,"name":"Saieta nams \"Sencis\"","amenity":"community_centre"}},{"type":"Feature","geometry":{"type":"Point","coordinates":[27.050378,57.419894]},"properties":{"kategorija":"noturibas_punkts","id":"node/2039620603","adrese":"Dārza iela 11, Alūksne","veids":"Pašvaldības ēka","statuss":{"siltums":"nav zināms","uzlade":"nav zināms","udens":"nav zināms","wifi":"nav zināms","generators":"nav zināms"},"last_updated":null,"name":"Alūksnes novada pašvaldība","amenity":"townhall"}},{"type":"Feature","geometry":{"type":"Point","coordinates":[24.701622,57.180195]},"properties":{"kategorija":"noturibas_punkts","id":"node/2096698949","adrese":"Parka iela 1, Ragana","veids":"Bibliotēka","statuss":{"siltums":"nav zināms","uzlade":"nav zināms","udens":"nav zināms","wifi":"nav zināms","generators":"nav zināms"},"last_updated":null,"name":"Krimuldas bibliotēka","amenity":"library"}},{"type":"Feature","geometry":{"type":"Point","coordinates":[24.677252,57.144082]},"properties":{"kategorija":"noturibas_punkts","id":"node/2096710027","adrese":"Murjāņi","veids":"Skola","statuss":{"siltums":"nav zināms","uzlade":"nav zināms","udens":"nav zināms","wifi":"nav zināms","generators":"nav zināms"},"last_updated":null,"name":"Murjāņu sporta ģimnāzija","amenity":"school"}},{"type":"Feature","geometry":{"type":"Point","coordinates":[24.701292,57.179931]},"properties":{"kategorija":"noturibas_punkts","id":"node/2113810123","adrese":"Parka iela 1, Ragana","veids":"Pašvaldības ēka","statuss":{"siltums":"nav zināms","uzlade":"nav zināms","udens":"nav zināms","wifi":"nav zināms","generators":"nav zināms"},"last_updated":null,"name":"Krimuldas novada dome","amenity":"townhall"}},{"type":"Feature","geometry":{"type":"Point","coordinates":[23.934929,56.881777]},"properties":{"kategorija":"noturibas_punkts","id":"node/2182263870","adrese":"Mazcenu aleja 39, Jaunmārupe","veids":"Skola","statuss":{"siltums":"nav zināms","uzlade":"nav zināms","udens":"nav zināms","wifi":"nav zināms","generators":"nav zināms"},"last_updated":null,"name":"Mārupes Mūzikas un mākslas skola","amenity":"school"}},{"type":"Feature","geometry":{"type":"Point","coordinates":[23.246573,56.788433]},"properties":{"kategorija":"noturibas_punkts","id":"node/2206860937","adrese":"Džūkste","veids":"Pašvaldības ēka","statuss":{"siltums":"nav zināms","uzlade":"nav zināms","udens":"nav zināms","wifi":"nav zināms","generators":"nav zināms"},"last_updated":null,"name":"Džūkstes pagastu pārvalde","amenity":"townhall"}},{"type":"Feature","geometry":{"type":"Point","coordinates":[24.403963,56.743506]},"properties":{"kategorija":"noturibas_punkts","id":"node/2272676692","adrese":"Rīgas iela 97, Baldone","veids":"Bibliotēka","statuss":{"siltums":"nav zināms","uzlade":"nav zināms","udens":"nav zināms","wifi":"nav zināms","generators":"nav zināms"},"last_updated":null,"name":"Baldones bibliotēka","amenity":"library"}},{"type":"Feature","geometry":{"type":"Point","coordinates":[25.402911,56.283093]},"properties":{"kategorija":"noturibas_punkts","id":"node/2361032367","adrese":"Lone","veids":"Kultūras / tautas nams","statuss":{"siltums":"nav zināms","uzlade":"nav zināms","udens":"nav zināms","wifi":"nav zināms","generators":"nav zināms"},"last_updated":null,"name":"Lones tautas nams","amenity":"community_centre"}},{"type":"Feature","geometry":{"type":"Point","coordinates":[25.308553,56.203808]},"properties":{"kategorija":"noturibas_punkts","id":"node/2361723271","adrese":"Pētera Lodziņa iela 1, Nereta","veids":"Bibliotēka","statuss":{"siltums":"nav zināms","uzlade":"nav zināms","udens":"nav zināms","wifi":"nav zināms","generators":"nav zināms"},"last_updated":null,"name":"Neretas bibliotēka","amenity":"library"}},{"type":"Feature","geometry":{"type":"Point","coordinates":[25.308425,56.203891]},"properties":{"kategorija":"noturibas_punkts","id":"node/2361723272","adrese":"Pētera Lodziņa iela 1, Nereta","veids":"Kultūras / tautas nams","statuss":{"siltums":"nav zināms","uzlade":"nav zināms","udens":"nav zināms","wifi":"nav zināms","generators":"nav zināms"},"last_updated":null,"name":"Neretas kultūras nams","amenity":"community_centre"}},{"type":"Feature","geometry":{"type":"Point","coordinates":[25.740631,56.16201]},"properties":{"kategorija":"noturibas_punkts","id":"node/2363297942","adrese":"Skolas iela 7, Aknīste","veids":"Pašvaldības ēka","statuss":{"siltums":"nav zināms","uzlade":"nav zināms","udens":"nav zināms","wifi":"nav zināms","generators":"nav zināms"},"last_updated":null,"name":"Aknīstes novada pašvaldība","amenity":"townhall"}},{"type":"Feature","geometry":{"type":"Point","coordinates":[25.634085,56.558436]},"properties":{"kategorija":"noturibas_punkts","id":"node/2391507013","adrese":"Pētera Barisona iela 6, Sēlija","veids":"Bibliotēka","statuss":{"siltums":"nav zināms","uzlade":"nav zināms","udens":"nav zināms","wifi":"nav zināms","generators":"nav zināms"},"last_updated":null,"name":"Salas novada Sēlpils 1. bibliotēka","amenity":"library"}},{"type":"Feature","geometry":{"type":"Point","coordinates":[25.634183,56.558274]},"properties":{"kategorija":"noturibas_punkts","id":"node/2391507014","adrese":"Pētera Barisona iela 6, Sēlija","veids":"Pašvaldības ēka","statuss":{"siltums":"nav zināms","uzlade":"nav zināms","udens":"nav zināms","wifi":"nav zināms","generators":"nav zināms"},"last_updated":null,"name":"Salas novada Sēlpils pagasta pārvalde","amenity":"townhall"}},{"type":"Feature","geometry":{"type":"Point","coordinates":[26.309309,56.96837]},"properties":{"kategorija":"noturibas_punkts","id":"node/2407005643","adrese":"Pils iela 1A, Cesvaine","veids":"Pašvaldības ēka","statuss":{"siltums":"nav zināms","uzlade":"nav zināms","udens":"nav zināms","wifi":"nav zināms","generators":"nav zināms"},"last_updated":null,"name":"Cesvaines novada dome","amenity":"townhall"}},{"type":"Feature","geometry":{"type":"Point","coordinates":[24.046986,57.032242]},"properties":{"kategorija":"noturibas_punkts","id":"node/2426859536","adrese":"Stūrmaņu iela 31, Rīga","veids":"Skola","statuss":{"siltums":"nav zināms","uzlade":"nav zināms","udens":"nav zināms","wifi":"nav zināms","generators":"nav zināms"},"last_updated":null,"name":"Bolderājas mūzikas un mākslu skola","amenity":"school"}},{"type":"Feature","geometry":{"type":"Point","coordinates":[23.763576,56.965777]},"properties":{"kategorija":"noturibas_punkts","id":"node/2440301031","adrese":"Strēlnieku prospekts 30, Jūrmala","veids":"Bibliotēka","statuss":{"siltums":"nav zināms","uzlade":"nav zināms","udens":"nav zināms","wifi":"nav zināms","generators":"nav zināms"},"last_updated":null,"name":"Dubultu bērnu bibliotēka","opening_hours":"Mo-Fr 10:00-18:00","website":"https://jurmala.lv/lv/kultura/bibliotekas/19039-dubultu-bernu-biblioteka","amenity":"library"}},{"type":"Feature","geometry":{"type":"Point","coordinates":[26.521505,55.871987]},"properties":{"kategorija":"noturibas_punkts","id":"node/2441267814","adrese":"Mihoelsa iela 58, Daugavpils","veids":"Bibliotēka","statuss":{"siltums":"nav zināms","uzlade":"nav zināms","udens":"nav zināms","wifi":"nav zināms","generators":"nav zināms"},"last_updated":null,"name":"Bērnu bibliotēka Zīlīte","opening_hours":"Mo-Fr 11:00-18:00; Sa 10:00-17:00","website":"https://www.lcb.lv/","amenity":"library"}},{"type":"Feature","geometry":{"type":"Point","coordinates":[27.16445,55.896434]},"properties":{"kategorija":"noturibas_punkts","id":"node/253169413","adrese":"Dīķu iela 5, Krāslava","veids":"Bibliotēka","statuss":{"siltums":"nav zināms","uzlade":"nav zināms","udens":"nav zināms","wifi":"nav zināms","generators":"nav zināms"},"last_updated":null,"name":"Krāslavas novada centrālā bibliotēka","amenity":"library"}},{"type":"Feature","geometry":{"type":"Point","coordinates":[25.340938,57.316684]},"properties":{"kategorija":"noturibas_punkts","id":"node/2547702287","adrese":"Selekcijas iela 6A, Priekuļi","veids":"Kultūras / tautas nams","statuss":{"siltums":"nav zināms","uzlade":"nav zināms","udens":"nav zināms","wifi":"nav zināms","generators":"nav zināms"},"last_updated":null,"name":"Priekuļu kultūras nams","amenity":"community_centre"}},{"type":"Feature","geometry":{"type":"Point","coordinates":[22.473153,57.051304]},"properties":{"kategorija":"noturibas_punkts","id":"node/2609377889","adrese":"Valgale","veids":"Bibliotēka","statuss":{"siltums":"nav zināms","uzlade":"nav zināms","udens":"nav zināms","wifi":"nav zināms","generators":"nav zināms"},"last_updated":null,"name":"Abavas bibliotēka","amenity":"library"}},{"type":"Feature","geometry":{"type":"Point","coordinates":[26.024099,57.774072]},"properties":{"kategorija":"noturibas_punkts","id":"node/2609790260","adrese":"Semināra iela 9, Valka","veids":"Pašvaldības ēka","statuss":{"siltums":"nav zināms","uzlade":"nav zināms","udens":"nav zināms","wifi":"nav zināms","generators":"nav zināms"},"last_updated":null,"name":"Valkas pilsētas pārvalde","amenity":"townhall"}},{"type":"Feature","geometry":{"type":"Point","coordinates":[25.477598,57.290132]},"properties":{"kategorija":"noturibas_punkts","id":"node/2676055224","adrese":"Veselava","veids":"Bibliotēka","statuss":{"siltums":"nav zināms","uzlade":"nav zināms","udens":"nav zināms","wifi":"nav zināms","generators":"nav zināms"},"last_updated":null,"name":"Veselavas bibliotēka","amenity":"library"}},{"type":"Feature","geometry":{"type":"Point","coordinates":[25.414629,57.212924]},"properties":{"kategorija":"noturibas_punkts","id":"node/2677843986","adrese":"Rāmuļi","veids":"Bibliotēka","statuss":{"siltums":"nav zināms","uzlade":"nav zināms","udens":"nav zināms","wifi":"nav zināms","generators":"nav zināms"},"last_updated":null,"name":"Rāmuļu bibliotēka","amenity":"library"}},{"type":"Feature","geometry":{"type":"Point","coordinates":[25.425564,57.261895]},"properties":{"kategorija":"noturibas_punkts","id":"node/2679068064","adrese":"Nākotnes iela 6, Rīdzene","veids":"Bibliotēka","statuss":{"siltums":"nav zināms","uzlade":"nav zināms","udens":"nav zināms","wifi":"nav zināms","generators":"nav zināms"},"last_updated":null,"name":"Rīdzenes bibliotēka","amenity":"library"}},{"type":"Feature","geometry":{"type":"Point","coordinates":[25.421096,57.386631]},"properties":{"kategorija":"noturibas_punkts","id":"node/2688829126","adrese":"Rūpnīcas iela 12, Liepa","veids":"Skola","statuss":{"siltums":"nav zināms","uzlade":"nav zināms","udens":"nav zināms","wifi":"nav zināms","generators":"nav zināms"},"last_updated":null,"name":"Liepas pamatskola","amenity":"school"}},{"type":"Feature","geometry":{"type":"Point","coordinates":[25.764616,56.507715]},"properties":{"kategorija":"noturibas_punkts","id":"node/2705508454","adrese":"Susējas iela 9, Sala","veids":"Pašvaldības ēka","statuss":{"siltums":"nav zināms","uzlade":"nav zināms","udens":"nav zināms","wifi":"nav zināms","generators":"nav zināms"},"last_updated":null,"name":"Salas Pagasta Padome","amenity":"townhall"}},{"type":"Feature","geometry":{"type":"Point","coordinates":[25.484359,56.459089]},"properties":{"kategorija":"noturibas_punkts","id":"node/272413024","adrese":"Sunākste","veids":"Pašvaldības ēka","statuss":{"siltums":"nav zināms","uzlade":"nav zināms","udens":"nav zināms","wifi":"nav zināms","generators":"nav zināms"},"last_updated":null,"name":"Sunākstes pagasta padome","amenity":"townhall"}},{"type":"Feature","geometry":{"type":"Point","coordinates":[23.709391,56.647771]},"properties":{"kategorija":"noturibas_punkts","id":"node/2756462967","adrese":"Skolotāju iela 8, Jelgava","veids":"Kultūras / tautas nams","statuss":{"siltums":"nav zināms","uzlade":"nav zināms","udens":"nav zināms","wifi":"nav zināms","generators":"nav zināms"},"last_updated":null,"name":"Sabiedriskais centrs","website":"https://www.jelgava.lv/lv/iestades/sabiedribas-integracijas-parvalde/kontakti/","amenity":"community_centre"}},{"type":"Feature","geometry":{"type":"Point","coordinates":[23.709521,56.647584]},"properties":{"kategorija":"noturibas_punkts","id":"node/2773923763","adrese":"Skolotāju iela 8, Jelgava","veids":"Kultūras / tautas nams","statuss":{"siltums":"nav zināms","uzlade":"nav zināms","udens":"nav zināms","wifi":"nav zināms","generators":"nav zināms"},"last_updated":null,"name":"Jelgavas Jauniešu centrs","website":"https://twitter.com/jelgavasjc","amenity":"community_centre"}},{"type":"Feature","geometry":{"type":"Point","coordinates":[24.15656,56.96984]},"properties":{"kategorija":"noturibas_punkts","id":"node/2802414089","adrese":"Brīvības gatve 206, Rīga","veids":"Bibliotēka","statuss":{"siltums":"nav zināms","uzlade":"nav zināms","udens":"nav zināms","wifi":"nav zināms","generators":"nav zināms"},"last_updated":null,"name":"Rīgas centrālās bibliotēkas filiālbibliotēka \"Vidzeme\"","opening_hours":"Mo,Tu,Th 11:00-19:00; Sa 10:00-17:00; We,Fr 10:00-18:00","website":"https://www.biblioteka.lv/libraries/rigas-centralas-bibliotekas-filialbiblioteka-vidzeme/","wheelchair":"yes","amenity":"library"}},{"type":"Feature","geometry":{"type":"Point","coordinates":[23.158987,56.964807]},"properties":{"kategorija":"noturibas_punkts","id":"node/2854871124","adrese":"Pils iela 9, Tukums","veids":"Skola","statuss":{"siltums":"nav zināms","uzlade":"nav zināms","udens":"nav zināms","wifi":"nav zināms","generators":"nav zināms"},"last_updated":null,"name":"Dzīvā skola","amenity":"school"}},{"type":"Feature","geometry":{"type":"Point","coordinates":[24.10638,56.947826]},"properties":{"kategorija":"noturibas_punkts","id":"node/289960977","adrese":"Rātslaukums 1, Rīga","veids":"Pašvaldības ēka","statuss":{"siltums":"nav zināms","uzlade":"nav zināms","udens":"nav zināms","wifi":"nav zināms","generators":"nav zināms"},"last_updated":null,"name":"Rīgas dome","wheelchair":"no","amenity":"townhall"}},{"type":"Feature","geometry":{"type":"Point","coordinates":[25.777339,57.437347]},"properties":{"kategorija":"noturibas_punkts","id":"node/3075559095","adrese":"Cēsu iela 13, Blome","veids":"Skola","statuss":{"siltums":"nav zināms","uzlade":"nav zināms","udens":"nav zināms","wifi":"nav zināms","generators":"nav zināms"},"last_updated":null,"name":"Blomes pamatskola","amenity":"school"}},{"type":"Feature","geometry":{"type":"Point","coordinates":[26.727726,56.289972]},"properties":{"kategorija":"noturibas_punkts","id":"node/3128829124","adrese":"Raiņa bulvāris 19, Preiļi","veids":"Pašvaldības ēka","statuss":{"siltums":"nav zināms","uzlade":"nav zināms","udens":"nav zināms","wifi":"nav zināms","generators":"nav zināms"},"last_updated":null,"name":"Preiļu novada dome","website":"https://preili.lv/","amenity":"townhall"}},{"type":"Feature","geometry":{"type":"Point","coordinates":[25.337572,57.894476]},"properties":{"kategorija":"noturibas_punkts","id":"node/3154021869","adrese":"Rīgas iela 30, Rūjiena","veids":"Skola","statuss":{"siltums":"nav zināms","uzlade":"nav zināms","udens":"nav zināms","wifi":"nav zināms","generators":"nav zināms"},"last_updated":null,"name":"Rūjienas vidusskola","amenity":"school"}},{"type":"Feature","geometry":{"type":"Point","coordinates":[25.86464,57.538299]},"properties":{"kategorija":"noturibas_punkts","id":"node/3195320155","adrese":"Skolas iela 2, Plāņi","veids":"Bibliotēka","statuss":{"siltums":"nav zināms","uzlade":"nav zināms","udens":"nav zināms","wifi":"nav zināms","generators":"nav zināms"},"last_updated":null,"name":"Plāņu pagasta bibliotēka","amenity":"library"}},{"type":"Feature","geometry":{"type":"Point","coordinates":[25.253952,56.601292]},"properties":{"kategorija":"noturibas_punkts","id":"node/3265964653","adrese":"Lāčplēša iela 1A, Aizkraukle","veids":"Pašvaldības ēka","statuss":{"siltums":"nav zināms","uzlade":"nav zināms","udens":"nav zināms","wifi":"nav zināms","generators":"nav zināms"},"last_updated":null,"name":"Aizkraukles novada pašvaldība","amenity":"townhall"}},{"type":"Feature","geometry":{"type":"Point","coordinates":[22.496389,56.665531]},"properties":{"kategorija":"noturibas_punkts","id":"node/3266695201","adrese":"Tūristu iela 3, Saldus","veids":"Bibliotēka","statuss":{"siltums":"nav zināms","uzlade":"nav zināms","udens":"nav zināms","wifi":"nav zināms","generators":"nav zināms"},"last_updated":null,"name":"Saldus pilsētas bibliotēka","amenity":"library"}},{"type":"Feature","geometry":{"type":"Point","coordinates":[24.002133,56.95239]},"properties":{"kategorija":"noturibas_punkts","id":"node/3334028395","adrese":"Jūrmalas gatve 96, Rīga","veids":"Skola","statuss":{"siltums":"nav zināms","uzlade":"nav zināms","udens":"nav zināms","wifi":"nav zināms","generators":"nav zināms"},"last_updated":null,"name":"Rīgas Mākslas un mediju tehnikums","website":"http://www.rav.lv/","amenity":"school"}},{"type":"Feature","geometry":{"type":"Point","coordinates":[21.600603,57.256542]},"properties":{"kategorija":"noturibas_punkts","id":"node/3381270518","adrese":"Zūras","veids":"Bibliotēka","statuss":{"siltums":"nav zināms","uzlade":"nav zināms","udens":"nav zināms","wifi":"nav zināms","generators":"nav zināms"},"last_updated":null,"name":"Zūru bibliotēka","operator":"Ventspils novada Vārves pagasts","opening_hours":"Mo 09:00-16:00; Tu 12:00-19:00; We 09:00-16:00; Th 12:00-19:00; Fr 09:00-16:00","amenity":"library"}},{"type":"Feature","geometry":{"type":"Point","coordinates":[24.11667,56.956417]},"properties":{"kategorija":"noturibas_punkts","id":"node/3403754903","adrese":"Skolas iela 6, Rīga","veids":"Kultūras / tautas nams","statuss":{"siltums":"nav zināms","uzlade":"nav zināms","udens":"nav zināms","wifi":"nav zināms","generators":"nav zināms"},"last_updated":null,"name":"Rīgas ebreju kopiena","amenity":"community_centre"}},{"type":"Feature","geometry":{"type":"Point","coordinates":[24.185983,56.408702]},"properties":{"kategorija":"noturibas_punkts","id":"node/343166593","adrese":"Kalna iela 18, Bauska","veids":"Bibliotēka","statuss":{"siltums":"nav zināms","uzlade":"nav zināms","udens":"nav zināms","wifi":"nav zināms","generators":"nav zināms"},"last_updated":null,"name":"Bauskas centrālā bibliotēka","amenity":"library"}},{"type":"Feature","geometry":{"type":"Point","coordinates":[25.593593,56.792958]},"properties":{"kategorija":"noturibas_punkts","id":"node/3450970636","adrese":"Irši","veids":"Pašvaldības ēka","statuss":{"siltums":"nav zināms","uzlade":"nav zināms","udens":"nav zināms","wifi":"nav zināms","generators":"nav zināms"},"last_updated":null,"name":"Iršu pagasta pārvalde","amenity":"townhall"}},{"type":"Feature","geometry":{"type":"Point","coordinates":[24.48656,56.829502]},"properties":{"kategorija":"noturibas_punkts","id":"node/3487850012","adrese":"Peldu iela 22, Ikšķile","veids":"Pašvaldības ēka","statuss":{"siltums":"nav zināms","uzlade":"nav zināms","udens":"nav zināms","wifi":"nav zināms","generators":"nav zināms"},"last_updated":null,"name":"Ikšķiles pilsētas un Tīnūžu pagasta pārvalde","amenity":"townhall"}},{"type":"Feature","geometry":{"type":"Point","coordinates":[24.076231,56.945275]},"properties":{"kategorija":"noturibas_punkts","id":"node/3500627469","adrese":"Meža iela 15, Rīga","veids":"Skola","statuss":{"siltums":"nav zināms","uzlade":"nav zināms","udens":"nav zināms","wifi":"nav zināms","generators":"nav zināms"},"last_updated":null,"name":"Rīgas Doma kora skola","amenity":"school"}},{"type":"Feature","geometry":{"type":"Point","coordinates":[24.076782,56.945595]},"properties":{"kategorija":"noturibas_punkts","id":"node/3500627470","adrese":"Kalnciema iela 10 k-1, Rīga","veids":"Skola","statuss":{"siltums":"nav zināms","uzlade":"nav zināms","udens":"nav zināms","wifi":"nav zināms","generators":"nav zināms"},"last_updated":null,"name":"Rīgas horeogrāfijas vidusskola","website":"http://www.rhv.lv","amenity":"school"}},{"type":"Feature","geometry":{"type":"Point","coordinates":[26.39744,57.514037]},"properties":{"kategorija":"noturibas_punkts","id":"node/35112607","adrese":"Gaujiena","veids":"Skola","statuss":{"siltums":"nav zināms","uzlade":"nav zināms","udens":"nav zināms","wifi":"nav zināms","generators":"nav zināms"},"last_updated":null,"name":"Gaujienas O. Vācieša vidusskola","website":"http://www.gaujienasvidusskola.lv","amenity":"school"}},{"type":"Feature","geometry":{"type":"Point","coordinates":[24.184738,56.405627]},"properties":{"kategorija":"noturibas_punkts","id":"node/354915695","adrese":"Uzvaras iela 3, Bauska","veids":"Bibliotēka","statuss":{"siltums":"nav zināms","uzlade":"nav zināms","udens":"nav zināms","wifi":"nav zināms","generators":"nav zināms"},"last_updated":null,"name":"Bauskas bērnu bibliotēka","amenity":"library"}},{"type":"Feature","geometry":{"type":"Point","coordinates":[24.681956,57.101271]},"properties":{"kategorija":"noturibas_punkts","id":"node/356898823","adrese":"Zvaigžņu iela 2, Inčukalns","veids":"Skola","statuss":{"siltums":"nav zināms","uzlade":"nav zināms","udens":"nav zināms","wifi":"nav zināms","generators":"nav zināms"},"last_updated":null,"name":"Inčukalna pamatskola","amenity":"school"}},{"type":"Feature","geometry":{"type":"Point","coordinates":[22.494576,56.665063]},"properties":{"kategorija":"noturibas_punkts","id":"node/3623835592","adrese":"Striķu iela 7, Saldus","veids":"Kultūras / tautas nams","statuss":{"siltums":"nav zināms","uzlade":"nav zināms","udens":"nav zināms","wifi":"nav zināms","generators":"nav zināms"},"last_updated":null,"name":"Kapelleru nams","amenity":"community_centre"}},{"type":"Feature","geometry":{"type":"Point","coordinates":[23.988188,56.798758]},"properties":{"kategorija":"noturibas_punkts","id":"node/3626451951","adrese":"Meža iela 2, Jaunolaine","veids":"Kultūras / tautas nams","statuss":{"siltums":"nav zināms","uzlade":"nav zināms","udens":"nav zināms","wifi":"nav zināms","generators":"nav zināms"},"last_updated":null,"name":"Jaunolaines kultūras nams","amenity":"community_centre"}},{"type":"Feature","geometry":{"type":"Point","coordinates":[23.988601,56.79944]},"properties":{"kategorija":"noturibas_punkts","id":"node/3626451952","adrese":"Meža iela 2, Jaunolaine","veids":"Skola","statuss":{"siltums":"nav zināms","uzlade":"nav zināms","udens":"nav zināms","wifi":"nav zināms","generators":"nav zināms"},"last_updated":null,"name":"Jaunolaines sākumskola","amenity":"school"}},{"type":"Feature","geometry":{"type":"Point","coordinates":[21.002854,56.508288]},"properties":{"kategorija":"noturibas_punkts","id":"node/3647306656","adrese":"Toma iela 19, Liepāja","veids":"Skola","statuss":{"siltums":"nav zināms","uzlade":"nav zināms","udens":"nav zināms","wifi":"nav zināms","generators":"nav zināms"},"last_updated":null,"name":"Liepājas centra sākumskola","amenity":"school"}},{"type":"Feature","geometry":{"type":"Point","coordinates":[22.015587,56.676267]},"properties":{"kategorija":"noturibas_punkts","id":"node/3654697065","adrese":"Lielā iela 1A, Skrunda","veids":"Bibliotēka","statuss":{"siltums":"nav zināms","uzlade":"nav zināms","udens":"nav zināms","wifi":"nav zināms","generators":"nav zināms"},"last_updated":null,"name":"Skrundas bērnu bibliotēka","amenity":"library"}},{"type":"Feature","geometry":{"type":"Point","coordinates":[22.015208,56.676343]},"properties":{"kategorija":"noturibas_punkts","id":"node/3654697067","adrese":"Lielā iela 1A, Skrunda","veids":"Bibliotēka","statuss":{"siltums":"nav zināms","uzlade":"nav zināms","udens":"nav zināms","wifi":"nav zināms","generators":"nav zināms"},"last_updated":null,"name":"Skrundas pilsētas bibliotēka","amenity":"library"}},{"type":"Feature","geometry":{"type":"Point","coordinates":[23.761412,56.963189]},"properties":{"kategorija":"noturibas_punkts","id":"node/369729640","adrese":"Lielupes iela 21, Jūrmala","veids":"Skola","statuss":{"siltums":"nav zināms","uzlade":"nav zināms","udens":"nav zināms","wifi":"nav zināms","generators":"nav zināms"},"last_updated":null,"name":"Jaundubultu vidusskola","amenity":"school"}},{"type":"Feature","geometry":{"type":"Point","coordinates":[21.997197,56.78149]},"properties":{"kategorija":"noturibas_punkts","id":"node/3713443736","adrese":"Raņķi","veids":"Pašvaldības ēka","statuss":{"siltums":"nav zināms","uzlade":"nav zināms","udens":"nav zināms","wifi":"nav zināms","generators":"nav zināms"},"last_updated":null,"name":"Skrundas novada pašvaldības Raņķu pakalpojumu pārvalde","amenity":"townhall"}},{"type":"Feature","geometry":{"type":"Point","coordinates":[25.18187,56.88871]},"properties":{"kategorija":"noturibas_punkts","id":"node/3722079581","adrese":"Ķeipene","veids":"Bibliotēka","statuss":{"siltums":"nav zināms","uzlade":"nav zināms","udens":"nav zināms","wifi":"nav zināms","generators":"nav zināms"},"last_updated":null,"name":"Ķeipenes bibliotēka","amenity":"library"}},{"type":"Feature","geometry":{"type":"Point","coordinates":[26.514248,56.196356]},"properties":{"kategorija":"noturibas_punkts","id":"node/3723526000","adrese":"Skolas iela 5, Vecvārkava","veids":"Pašvaldības ēka","statuss":{"siltums":"nav zināms","uzlade":"nav zināms","udens":"nav zināms","wifi":"nav zināms","generators":"nav zināms"},"last_updated":null,"name":"Vārkavas novada pils","website":"http://varkava.lv/","wheelchair":"yes","amenity":"townhall"}},{"type":"Feature","geometry":{"type":"Point","coordinates":[24.845135,57.152964]},"properties":{"kategorija":"noturibas_punkts","id":"node/3726697036","adrese":"Šveices iela 19, Sigulda","veids":"Skola","statuss":{"siltums":"nav zināms","uzlade":"nav zināms","udens":"nav zināms","wifi":"nav zināms","generators":"nav zināms"},"last_updated":null,"name":"Mākslu skola \"Baltais Flīģelis\"","amenity":"school"}},{"type":"Feature","geometry":{"type":"Point","coordinates":[24.867998,57.140746]},"properties":{"kategorija":"noturibas_punkts","id":"node/3726697038","adrese":"Gāles iela 29, Sigulda","veids":"Skola","statuss":{"siltums":"nav zināms","uzlade":"nav zināms","udens":"nav zināms","wifi":"nav zināms","generators":"nav zināms"},"last_updated":null,"name":"Siguldas Sporta skola","amenity":"school"}},{"type":"Feature","geometry":{"type":"Point","coordinates":[24.892578,57.149153]},"properties":{"kategorija":"noturibas_punkts","id":"node/3726697040","adrese":"Zinātnes iela 7B, Sigulda","veids":"Bibliotēka","statuss":{"siltums":"nav zināms","uzlade":"nav zināms","udens":"nav zināms","wifi":"nav zināms","generators":"nav zināms"},"last_updated":null,"name":"Siguldas pagasta Centra bibliotēka","opening_hours":"Mo 11:00-19:00; Tu,Th 10:00-17:00; Fr 10:00-16:00","amenity":"library"}},{"type":"Feature","geometry":{"type":"Point","coordinates":[24.853768,57.154377]},"properties":{"kategorija":"noturibas_punkts","id":"node/3727821519","adrese":"Raiņa iela 1, Sigulda","veids":"Kultūras / tautas nams","statuss":{"siltums":"nav zināms","uzlade":"nav zināms","udens":"nav zināms","wifi":"nav zināms","generators":"nav zināms"},"last_updated":null,"name":"Pogotava","amenity":"community_centre"}},{"type":"Feature","geometry":{"type":"Point","coordinates":[24.543372,57.095406]},"properties":{"kategorija":"noturibas_punkts","id":"node/3728060388","adrese":"Parka iela 2, Vangaži","veids":"Kultūras / tautas nams","statuss":{"siltums":"nav zināms","uzlade":"nav zināms","udens":"nav zināms","wifi":"nav zināms","generators":"nav zināms"},"last_updated":null,"name":"Dienas centrs \"Vangaži\"","amenity":"community_centre"}},{"type":"Feature","geometry":{"type":"Point","coordinates":[27.369281,56.570934]},"properties":{"kategorija":"noturibas_punkts","id":"node/3750991651","adrese":"Centra iela 3C, Sondori-Škeņeva","veids":"Kultūras / tautas nams","statuss":{"siltums":"nav zināms","uzlade":"nav zināms","udens":"nav zināms","wifi":"nav zināms","generators":"nav zināms"},"last_updated":null,"name":"Jauniešu centrs","amenity":"community_centre"}},{"type":"Feature","geometry":{"type":"Point","coordinates":[25.709605,57.544234]},"properties":{"kategorija":"noturibas_punkts","id":"node/3773011322","adrese":"Nākotnes iela 3, Trikāta","veids":"Bibliotēka","statuss":{"siltums":"nav zināms","uzlade":"nav zināms","udens":"nav zināms","wifi":"nav zināms","generators":"nav zināms"},"last_updated":null,"name":"Trikātas bibliotēka","opening_hours":"08:30-17:00","amenity":"library"}},{"type":"Feature","geometry":{"type":"Point","coordinates":[21.567823,57.39507]},"properties":{"kategorija":"noturibas_punkts","id":"node/3773212354","adrese":"Kuldīgas iela 18, Ventspils","veids":"Kultūras / tautas nams","statuss":{"siltums":"nav zināms","uzlade":"nav zināms","udens":"nav zināms","wifi":"nav zināms","generators":"nav zināms"},"last_updated":null,"name":"Kultūras centrs","amenity":"community_centre"}},{"type":"Feature","geometry":{"type":"Point","coordinates":[23.761986,56.962822]},"properties":{"kategorija":"noturibas_punkts","id":"node/3778242576","adrese":"Lielupes iela 21, Jūrmala","veids":"Skola","statuss":{"siltums":"nav zināms","uzlade":"nav zināms","udens":"nav zināms","wifi":"nav zināms","generators":"nav zināms"},"last_updated":null,"name":"Jūrmalas vakara vidusskola","amenity":"school"}},{"type":"Feature","geometry":{"type":"Point","coordinates":[24.174709,57.045484]},"properties":{"kategorija":"noturibas_punkts","id":"node/3948025161","adrese":"Gaileņu iela 5, Rīga","veids":"Bibliotēka","statuss":{"siltums":"nav zināms","uzlade":"nav zināms","udens":"nav zināms","wifi":"nav zināms","generators":"nav zināms"},"last_updated":null,"name":"Jaunciema filiālbibliotēka","amenity":"library"}},{"type":"Feature","geometry":{"type":"Point","coordinates":[22.592234,57.244263]},"properties":{"kategorija":"noturibas_punkts","id":"node/3956141111","adrese":"Lielā iela 25, Talsi","veids":"Skola","statuss":{"siltums":"nav zināms","uzlade":"nav zināms","udens":"nav zināms","wifi":"nav zināms","generators":"nav zināms"},"last_updated":null,"name":"Talsu mākslas skola","amenity":"school"}},{"type":"Feature","geometry":{"type":"Point","coordinates":[22.587517,57.24697]},"properties":{"kategorija":"noturibas_punkts","id":"node/3956317686","adrese":"Kareivju iela 7, Talsi","veids":"Pašvaldības ēka","statuss":{"siltums":"nav zināms","uzlade":"nav zināms","udens":"nav zināms","wifi":"nav zināms","generators":"nav zināms"},"last_updated":null,"name":"Talsu novada pašvaldība","amenity":"townhall"}},{"type":"Feature","geometry":{"type":"Point","coordinates":[23.930057,56.377442]},"properties":{"kategorija":"noturibas_punkts","id":"node/3960502935","adrese":"Svitene","veids":"Kultūras / tautas nams","statuss":{"siltums":"nav zināms","uzlade":"nav zināms","udens":"nav zināms","wifi":"nav zināms","generators":"nav zināms"},"last_updated":null,"name":"Tautas nams","amenity":"community_centre"}},{"type":"Feature","geometry":{"type":"Point","coordinates":[22.539324,57.148446]},"properties":{"kategorija":"noturibas_punkts","id":"node/4049774866","adrese":"Dumpīšu iela 3A, Stende","veids":"Pašvaldības ēka","statuss":{"siltums":"nav zināms","uzlade":"nav zināms","udens":"nav zināms","wifi":"nav zināms","generators":"nav zināms"},"last_updated":null,"name":"Stendes pilsētas pārvalde","amenity":"townhall"}},{"type":"Feature","geometry":{"type":"Point","coordinates":[24.521591,56.607133]},"properties":{"kategorija":"noturibas_punkts","id":"node/4105510097","adrese":"Rīgas iela 5, Vecumnieki","veids":"Bibliotēka","statuss":{"siltums":"nav zināms","uzlade":"nav zināms","udens":"nav zināms","wifi":"nav zināms","generators":"nav zināms"},"last_updated":null,"name":"Vecumnieku bibliotēka","amenity":"library"}},{"type":"Feature","geometry":{"type":"Point","coordinates":[22.350575,57.508076]},"properties":{"kategorija":"noturibas_punkts","id":"node/412232373","adrese":"Talsu iela 7, Dundaga","veids":"Bibliotēka","statuss":{"siltums":"nav zināms","uzlade":"nav zināms","udens":"nav zināms","wifi":"nav zināms","generators":"nav zināms"},"last_updated":null,"name":"Dundagas pagasta bibliotēka","wheelchair":"no","amenity":"library"}},{"type":"Feature","geometry":{"type":"Point","coordinates":[27.213339,56.242078]},"properties":{"kategorija":"noturibas_punkts","id":"node/4144452292","adrese":"Parka iela 1, Puša","veids":"Bibliotēka","statuss":{"siltums":"nav zināms","uzlade":"nav zināms","udens":"nav zināms","wifi":"nav zināms","generators":"nav zināms"},"last_updated":null,"name":"Pušas pagasta bibliotēka","amenity":"library"}},{"type":"Feature","geometry":{"type":"Point","coordinates":[27.213509,56.242092]},"properties":{"kategorija":"noturibas_punkts","id":"node/4144452293","adrese":"Parka iela 1, Puša","veids":"Pašvaldības ēka","statuss":{"siltums":"nav zināms","uzlade":"nav zināms","udens":"nav zināms","wifi":"nav zināms","generators":"nav zināms"},"last_updated":null,"name":"Pušas pagasta pārvalde","amenity":"townhall"}},{"type":"Feature","geometry":{"type":"Point","coordinates":[24.660148,57.345729]},"properties":{"kategorija":"noturibas_punkts","id":"node/4158324197","adrese":"Skolas iela 6, Vidriži","veids":"Kultūras / tautas nams","statuss":{"siltums":"nav zināms","uzlade":"nav zināms","udens":"nav zināms","wifi":"nav zināms","generators":"nav zināms"},"last_updated":null,"name":"Saieta nams. Sporta un kultūras centrs Vidriži","amenity":"community_centre"}},{"type":"Feature","geometry":{"type":"Point","coordinates":[24.591545,57.260231]},"properties":{"kategorija":"noturibas_punkts","id":"node/4158324199","adrese":"Pabaži","veids":"Bibliotēka","statuss":{"siltums":"nav zināms","uzlade":"nav zināms","udens":"nav zināms","wifi":"nav zināms","generators":"nav zināms"},"last_updated":null,"name":"Sējas novada Pabažu bibliotēka","amenity":"library"}},{"type":"Feature","geometry":{"type":"Point","coordinates":[22.595828,56.979191]},"properties":{"kategorija":"noturibas_punkts","id":"node/4182367707","adrese":"Matkule","veids":"Bibliotēka","statuss":{"siltums":"nav zināms","uzlade":"nav zināms","udens":"nav zināms","wifi":"nav zināms","generators":"nav zināms"},"last_updated":null,"name":"Matkules bibliotēka","amenity":"library"}},{"type":"Feature","geometry":{"type":"Point","coordinates":[23.080688,57.000725]},"properties":{"kategorija":"noturibas_punkts","id":"node/4226875725","adrese":"","veids":"Bibliotēka","statuss":{"siltums":"nav zināms","uzlade":"nav zināms","udens":"nav zināms","wifi":"nav zināms","generators":"nav zināms"},"last_updated":null,"name":"Vecmoku bibliotēka","amenity":"library"}},{"type":"Feature","geometry":{"type":"Point","coordinates":[24.393633,56.589678]},"properties":{"kategorija":"noturibas_punkts","id":"node/4285030913","adrese":"Saules iela 6, Misa","veids":"Skola","statuss":{"siltums":"nav zināms","uzlade":"nav zināms","udens":"nav zināms","wifi":"nav zināms","generators":"nav zināms"},"last_updated":null,"name":"Misas pamatskola","website":"http://misaspamatskola.lv/","amenity":"school"}},{"type":"Feature","geometry":{"type":"Point","coordinates":[22.35407,57.506289]},"properties":{"kategorija":"noturibas_punkts","id":"node/429992093","adrese":"Saules iela 8, Dundaga","veids":"Skola","statuss":{"siltums":"nav zināms","uzlade":"nav zināms","udens":"nav zināms","wifi":"nav zināms","generators":"nav zināms"},"last_updated":null,"name":"Dundagas vidusskola","wheelchair":"no","amenity":"school"}},{"type":"Feature","geometry":{"type":"Point","coordinates":[25.020862,56.85796]},"properties":{"kategorija":"noturibas_punkts","id":"node/4307275812","adrese":"Ozolu iela 3, Laubere","veids":"Kultūras / tautas nams","statuss":{"siltums":"nav zināms","uzlade":"nav zināms","udens":"nav zināms","wifi":"nav zināms","generators":"nav zināms"},"last_updated":null,"name":"Lauberes kultūras nams","amenity":"community_centre"}},{"type":"Feature","geometry":{"type":"Point","coordinates":[24.158137,56.969037]},"properties":{"kategorija":"noturibas_punkts","id":"node/4321079561","adrese":"Bērzaunes iela 6, Rīga","veids":"Skola","statuss":{"siltums":"nav zināms","uzlade":"nav zināms","udens":"nav zināms","wifi":"nav zināms","generators":"nav zināms"},"last_updated":null,"name":"Pamatskola \"Harmonija\"","amenity":"school"}},{"type":"Feature","geometry":{"type":"Point","coordinates":[24.201235,56.957454]},"properties":{"kategorija":"noturibas_punkts","id":"node/4392646192","adrese":"Andromedas gatve 12A, Rīga","veids":"Kultūras / tautas nams","statuss":{"siltums":"nav zināms","uzlade":"nav zināms","udens":"nav zināms","wifi":"nav zināms","generators":"nav zināms"},"last_updated":null,"name":"iMama","website":"http://www.imama.lv","amenity":"community_centre"}},{"type":"Feature","geometry":{"type":"Point","coordinates":[21.758332,57.000552]},"properties":{"kategorija":"noturibas_punkts","id":"node/4396182010","adrese":"Īvande","veids":"Pašvaldības ēka","statuss":{"siltums":"nav zināms","uzlade":"nav zināms","udens":"nav zināms","wifi":"nav zināms","generators":"nav zināms"},"last_updated":null,"name":"Kuldīgas novada Īvandes pagasta pārvalde","opening_hours":"Mo 08:30-12:30,13:00-17:30; Tu-Th 08:30-12:30,13:00-16:30; Fr 08:30-12:30,13:00-15:30","amenity":"townhall"}},{"type":"Feature","geometry":{"type":"Point","coordinates":[24.130279,56.951951]},"properties":{"kategorija":"noturibas_punkts","id":"node/4411379992","adrese":"Lāčplēša iela 55, Rīga","veids":"Skola","statuss":{"siltums":"nav zināms","uzlade":"nav zināms","udens":"nav zināms","wifi":"nav zināms","generators":"nav zināms"},"last_updated":null,"name":"Rīgas Dizaina un mākslas vidusskola","amenity":"school"}},{"type":"Feature","geometry":{"type":"Point","coordinates":[24.135507,56.952381]},"properties":{"kategorija":"noturibas_punkts","id":"node/4411684602","adrese":"Stabu iela 64 k-3, Rīga","veids":"Bibliotēka","statuss":{"siltums":"nav zināms","uzlade":"nav zināms","udens":"nav zināms","wifi":"nav zināms","generators":"nav zināms"},"last_updated":null,"name":"Rīgas centrālās bibliotēkas filiālbibliotēka \"Avots\"","opening_hours":"Tu-Fr 10:00-18:00; Sa 10:00-17:00","amenity":"library"}},{"type":"Feature","geometry":{"type":"Point","coordinates":[25.61365,57.081011]},"properties":{"kategorija":"noturibas_punkts","id":"node/4432138648","adrese":"","veids":"Skola","statuss":{"siltums":"nav zināms","uzlade":"nav zināms","udens":"nav zināms","wifi":"nav zināms","generators":"nav zināms"},"last_updated":null,"name":"Ežu skola","amenity":"school"}},{"type":"Feature","geometry":{"type":"Point","coordinates":[25.622944,57.052677]},"properties":{"kategorija":"noturibas_punkts","id":"node/4432144814","adrese":"Kaive","veids":"Kultūras / tautas nams","statuss":{"siltums":"nav zināms","uzlade":"nav zināms","udens":"nav zināms","wifi":"nav zināms","generators":"nav zināms"},"last_updated":null,"name":"Pagasta dārziņi","amenity":"community_centre"}},{"type":"Feature","geometry":{"type":"Point","coordinates":[25.651067,57.015322]},"properties":{"kategorija":"noturibas_punkts","id":"node/4432160689","adrese":"","veids":"Kultūras / tautas nams","statuss":{"siltums":"nav zināms","uzlade":"nav zināms","udens":"nav zināms","wifi":"nav zināms","generators":"nav zināms"},"last_updated":null,"name":"Leimaņu tautas nams","amenity":"community_centre"}},{"type":"Feature","geometry":{"type":"Point","coordinates":[25.657786,57.155307]},"properties":{"kategorija":"noturibas_punkts","id":"node/4432698735","adrese":"","veids":"Skola","statuss":{"siltums":"nav zināms","uzlade":"nav zināms","udens":"nav zināms","wifi":"nav zināms","generators":"nav zināms"},"last_updated":null,"name":"Taurenes pamatskola","amenity":"school"}},{"type":"Feature","geometry":{"type":"Point","coordinates":[27.336761,56.512035]},"properties":{"kategorija":"noturibas_punkts","id":"node/4450283991","adrese":"Dārzu iela 37, Rēzekne","veids":"Bibliotēka","statuss":{"siltums":"nav zināms","uzlade":"nav zināms","udens":"nav zināms","wifi":"nav zināms","generators":"nav zināms"},"last_updated":null,"name":"Rēzeknes pilsētas bērnu bibliotēka","amenity":"library"}},{"type":"Feature","geometry":{"type":"Point","coordinates":[24.238363,56.988706]},"properties":{"kategorija":"noturibas_punkts","id":"node/446294725","adrese":"Brīvības gatve 430A, Rīga","veids":"Bibliotēka","statuss":{"siltums":"nav zināms","uzlade":"nav zināms","udens":"nav zināms","wifi":"nav zināms","generators":"nav zināms"},"last_updated":null,"name":"Rīgas centrālā bibliotēka, Juglas filiālbibliotēka","amenity":"library"}},{"type":"Feature","geometry":{"type":"Point","coordinates":[24.168794,56.468375]},"properties":{"kategorija":"noturibas_punkts","id":"node/4511174590","adrese":"Code","veids":"Bibliotēka","statuss":{"siltums":"nav zināms","uzlade":"nav zināms","udens":"nav zināms","wifi":"nav zināms","generators":"nav zināms"},"last_updated":null,"name":"Codes bibliotēka","amenity":"library"}},{"type":"Feature","geometry":{"type":"Point","coordinates":[24.081504,56.912116]},"properties":{"kategorija":"noturibas_punkts","id":"node/4528155373","adrese":"Graudu iela 59A, Rīga","veids":"Bibliotēka","statuss":{"siltums":"nav zināms","uzlade":"nav zināms","udens":"nav zināms","wifi":"nav zināms","generators":"nav zināms"},"last_updated":null,"name":"Zemgale","operator":"Rīgas Centrālā bibliotēka","opening_hours":"Tu 11:00-19:00; We-Fr 10:00-18:00; Sa 10:00-17:00","amenity":"library"}},{"type":"Feature","geometry":{"type":"Point","coordinates":[24.349148,56.858392]},"properties":{"kategorija":"noturibas_punkts","id":"node/4537492992","adrese":"Līvzemes iela 8, Salaspils","veids":"Pašvaldības ēka","statuss":{"siltums":"nav zināms","uzlade":"nav zināms","udens":"nav zināms","wifi":"nav zināms","generators":"nav zināms"},"last_updated":null,"name":"Salaspils novada dome","website":"https://salaspils.lv/","amenity":"townhall"}},{"type":"Feature","geometry":{"type":"Point","coordinates":[24.147711,56.964724]},"properties":{"kategorija":"noturibas_punkts","id":"node/4591470992","adrese":"Pērnavas iela 10, Rīga","veids":"Skola","statuss":{"siltums":"nav zināms","uzlade":"nav zināms","udens":"nav zināms","wifi":"nav zināms","generators":"nav zināms"},"last_updated":null,"name":"Rīgas Šaha skola","amenity":"school"}},{"type":"Feature","geometry":{"type":"Point","coordinates":[24.491563,56.836569]},"properties":{"kategorija":"noturibas_punkts","id":"node/462243035","adrese":"Strēlnieku iela 10, Ikšķile","veids":"Bibliotēka","statuss":{"siltums":"nav zināms","uzlade":"nav zināms","udens":"nav zināms","wifi":"nav zināms","generators":"nav zināms"},"last_updated":null,"name":"Ikšķiles bibliotēka","amenity":"library"}},{"type":"Feature","geometry":{"type":"Point","coordinates":[24.491439,56.836488]},"properties":{"kategorija":"noturibas_punkts","id":"node/462243037","adrese":"Strēlnieku iela 10, Ikšķile","veids":"Skola","statuss":{"siltums":"nav zināms","uzlade":"nav zināms","udens":"nav zināms","wifi":"nav zināms","generators":"nav zināms"},"last_updated":null,"name":"Ikšķiles mākslas skola","amenity":"school"}},{"type":"Feature","geometry":{"type":"Point","coordinates":[27.329711,56.505178]},"properties":{"kategorija":"noturibas_punkts","id":"node/4692264008","adrese":"Atbrīvošanas aleja 81, Rēzekne","veids":"Bibliotēka","statuss":{"siltums":"nav zināms","uzlade":"nav zināms","udens":"nav zināms","wifi":"nav zināms","generators":"nav zināms"},"last_updated":null,"name":"Rēzeknes centrālā bibliotēka","opening_hours":"Mo-Fr 11:00-19:00; Sa 10:00-16:00","wheelchair":"limited","amenity":"library"}},{"type":"Feature","geometry":{"type":"Point","coordinates":[26.015258,57.780889]},"properties":{"kategorija":"noturibas_punkts","id":"node/471562100","adrese":"Ausekļa iela 5, Valka","veids":"Skola","statuss":{"siltums":"nav zināms","uzlade":"nav zināms","udens":"nav zināms","wifi":"nav zināms","generators":"nav zināms"},"last_updated":null,"name":"Valkas Jāņa Cimzes ģimnāzija - Ausekļa iela","website":"https://vjcgimnazija.lv","amenity":"school"}},{"type":"Feature","geometry":{"type":"Point","coordinates":[26.01936,57.774309]},"properties":{"kategorija":"noturibas_punkts","id":"node/471562115","adrese":"Rīgas iela 22, Valka","veids":"Bibliotēka","statuss":{"siltums":"nav zināms","uzlade":"nav zināms","udens":"nav zināms","wifi":"nav zināms","generators":"nav zināms"},"last_updated":null,"name":"Valka library","amenity":"library"}},{"type":"Feature","geometry":{"type":"Point","coordinates":[24.711278,57.506199]},"properties":{"kategorija":"noturibas_punkts","id":"node/4750882799","adrese":"Parka iela 23, Limbaži","veids":"Bibliotēka","statuss":{"siltums":"nav zināms","uzlade":"nav zināms","udens":"nav zināms","wifi":"nav zināms","generators":"nav zināms"},"last_updated":null,"name":"Limbažu galvenā bibliotēka","opening_hours":"Mo-Fr 10:00-18:00; Sa 10:00-15:00; Th[-1] off","website":"https://www.limbazubiblioteka.lv/","amenity":"library"}},{"type":"Feature","geometry":{"type":"Point","coordinates":[24.882456,57.688469]},"properties":{"kategorija":"noturibas_punkts","id":"node/4756179335","adrese":"Puikule","veids":"Skola","statuss":{"siltums":"nav zināms","uzlade":"nav zināms","udens":"nav zināms","wifi":"nav zināms","generators":"nav zināms"},"last_updated":null,"name":"Alojas vidusskolas pirmsskolas grupas","amenity":"school"}},{"type":"Feature","geometry":{"type":"Point","coordinates":[24.882559,57.688407]},"properties":{"kategorija":"noturibas_punkts","id":"node/4756179336","adrese":"Puikule","veids":"Kultūras / tautas nams","statuss":{"siltums":"nav zināms","uzlade":"nav zināms","udens":"nav zināms","wifi":"nav zināms","generators":"nav zināms"},"last_updated":null,"name":"Puikules kopienas centrs","amenity":"community_centre"}},{"type":"Feature","geometry":{"type":"Point","coordinates":[24.603671,56.816192]},"properties":{"kategorija":"noturibas_punkts","id":"node/479364244","adrese":"Brīvības iela 11, Ogre","veids":"Skola","statuss":{"siltums":"nav zināms","uzlade":"nav zināms","udens":"nav zināms","wifi":"nav zināms","generators":"nav zināms"},"last_updated":null,"name":"Ogres mākslas skola","website":"http://www.omaksla.lv","amenity":"school"}},{"type":"Feature","geometry":{"type":"Point","coordinates":[21.011434,56.506708]},"properties":{"kategorija":"noturibas_punkts","id":"node/4829297521","adrese":"Kungu iela 7, Liepāja","veids":"Kultūras / tautas nams","statuss":{"siltums":"nav zināms","uzlade":"nav zināms","udens":"nav zināms","wifi":"nav zināms","generators":"nav zināms"},"last_updated":null,"name":"BJC Vaduguns","website":"https://liepajasbjc.lv/","amenity":"community_centre"}},{"type":"Feature","geometry":{"type":"Point","coordinates":[21.006589,56.502843]},"properties":{"kategorija":"noturibas_punkts","id":"node/4840631923","adrese":"Krišjāņa Valdemāra iela 35/37, Liepāja","veids":"Skola","statuss":{"siltums":"nav zināms","uzlade":"nav zināms","udens":"nav zināms","wifi":"nav zināms","generators":"nav zināms"},"last_updated":null,"name":"Liepājas Pilsētas 10. vidusskola","amenity":"school"}},{"type":"Feature","geometry":{"type":"Point","coordinates":[24.174021,56.975683]},"properties":{"kategorija":"noturibas_punkts","id":"node/4864890731","adrese":"Brīvības gatve 223, Rīga","veids":"Skola","statuss":{"siltums":"nav zināms","uzlade":"nav zināms","udens":"nav zināms","wifi":"nav zināms","generators":"nav zināms"},"last_updated":null,"name":"Sākumskola","amenity":"school"}},{"type":"Feature","geometry":{"type":"Point","coordinates":[24.053471,56.956997]},"properties":{"kategorija":"noturibas_punkts","id":"node/4875895257","adrese":"Dzirciema iela 26, Rīga","veids":"Bibliotēka","statuss":{"siltums":"nav zināms","uzlade":"nav zināms","udens":"nav zināms","wifi":"nav zināms","generators":"nav zināms"},"last_updated":null,"name":"Pārdaugava","operator":"Rīgas Centrālā bibliotēka","opening_hours":"Sep-May Mo-Fr 09:00-19:00; Sep-May Sa 09:00-17:00; Jun-Aug Mo-Fr 11:00-19:00; Jun-Aug Sa 10:00-17:00","website":"https://rcb.lv/pub/?page_id=3141","amenity":"library"}},{"type":"Feature","geometry":{"type":"Point","coordinates":[24.645767,56.378645]},"properties":{"kategorija":"noturibas_punkts","id":"node/4975142060","adrese":"Skolas iela 1, Skaistkalne","veids":"Bibliotēka","statuss":{"siltums":"nav zināms","uzlade":"nav zināms","udens":"nav zināms","wifi":"nav zināms","generators":"nav zināms"},"last_updated":null,"name":"Skaistkalnes pagasta bibliotēka","opening_hours":"Mo 09:00-16:00; Tu 10:00-17:00; We 09:00-14:00; Th 11:00-18:00; Fr 09:00-16:00","website":"https://www.bauskasbiblioteka.lv/skaistkalnes-pagasta-biblioteka.html","amenity":"library"}},{"type":"Feature","geometry":{"type":"Point","coordinates":[26.400251,57.51112]},"properties":{"kategorija":"noturibas_punkts","id":"node/5007811021","adrese":"Gaujiena","veids":"Skola","statuss":{"siltums":"nav zināms","uzlade":"nav zināms","udens":"nav zināms","wifi":"nav zināms","generators":"nav zināms"},"last_updated":null,"name":"Gaujienas pamatskola","amenity":"school"}},{"type":"Feature","geometry":{"type":"Point","coordinates":[27.128017,56.999542]},"properties":{"kategorija":"noturibas_punkts","id":"node/5031977025","adrese":"Kurmenes iela 87, Rugāji","veids":"Skola","statuss":{"siltums":"nav zināms","uzlade":"nav zināms","udens":"nav zināms","wifi":"nav zināms","generators":"nav zināms"},"last_updated":null,"name":"Rugāju novada vidusskola","amenity":"school"}},{"type":"Feature","geometry":{"type":"Point","coordinates":[25.173167,56.274012]},"properties":{"kategorija":"noturibas_punkts","id":"node/5036874485","adrese":"Sproģi","veids":"Bibliotēka","statuss":{"siltums":"nav zināms","uzlade":"nav zināms","udens":"nav zināms","wifi":"nav zināms","generators":"nav zināms"},"last_updated":null,"name":"Sproģu kultūras nams un bibliotēka","amenity":"library"}},{"type":"Feature","geometry":{"type":"Point","coordinates":[25.01833,56.369021]},"properties":{"kategorija":"noturibas_punkts","id":"node/5038370096","adrese":"Liepu iela 2, Ērberģe","veids":"Pašvaldības ēka","statuss":{"siltums":"nav zināms","uzlade":"nav zināms","udens":"nav zināms","wifi":"nav zināms","generators":"nav zināms"},"last_updated":null,"name":"Pagasta pārvalde","amenity":"townhall"}},{"type":"Feature","geometry":{"type":"Point","coordinates":[21.613417,56.57274]},"properties":{"kategorija":"noturibas_punkts","id":"node/5098835177","adrese":"","veids":"Skola","statuss":{"siltums":"nav zināms","uzlade":"nav zināms","udens":"nav zināms","wifi":"nav zināms","generators":"nav zināms"},"last_updated":null,"name":"Krusātas skola","amenity":"school"}},{"type":"Feature","geometry":{"type":"Point","coordinates":[26.525539,55.877624]},"properties":{"kategorija":"noturibas_punkts","id":"node/5119888122","adrese":"Muitas iela 1, Daugavpils","veids":"Kultūras / tautas nams","statuss":{"siltums":"nav zināms","uzlade":"nav zināms","udens":"nav zināms","wifi":"nav zināms","generators":"nav zināms"},"last_updated":null,"name":"SIA \"Custom Creations\" & \"Custom Road Studios\"","amenity":"community_centre"}},{"type":"Feature","geometry":{"type":"Point","coordinates":[24.954844,57.009906]},"properties":{"kategorija":"noturibas_punkts","id":"node/5124103972","adrese":"Nākotnes iela 5, Mālpils","veids":"Bibliotēka","statuss":{"siltums":"nav zināms","uzlade":"nav zināms","udens":"nav zināms","wifi":"nav zināms","generators":"nav zināms"},"last_updated":null,"name":"Mālpils novada bibliotēka","amenity":"library"}},{"type":"Feature","geometry":{"type":"Point","coordinates":[24.955548,57.010144]},"properties":{"kategorija":"noturibas_punkts","id":"node/5124103973","adrese":"Nākotnes iela 5, Mālpils","veids":"Kultūras / tautas nams","statuss":{"siltums":"nav zināms","uzlade":"nav zināms","udens":"nav zināms","wifi":"nav zināms","generators":"nav zināms"},"last_updated":null,"name":"Mālpils Kultūras centrs","amenity":"community_centre"}},{"type":"Feature","geometry":{"type":"Point","coordinates":[24.957001,57.010374]},"properties":{"kategorija":"noturibas_punkts","id":"node/5124103975","adrese":"Nākotnes iela 1, Mālpils","veids":"Pašvaldības ēka","statuss":{"siltums":"nav zināms","uzlade":"nav zināms","udens":"nav zināms","wifi":"nav zināms","generators":"nav zināms"},"last_updated":null,"name":"Mālpils novada dome","amenity":"townhall"}},{"type":"Feature","geometry":{"type":"Point","coordinates":[24.955564,57.010265]},"properties":{"kategorija":"noturibas_punkts","id":"node/5124103986","adrese":"Nākotnes iela 5, Mālpils","veids":"Skola","statuss":{"siltums":"nav zināms","uzlade":"nav zināms","udens":"nav zināms","wifi":"nav zināms","generators":"nav zināms"},"last_updated":null,"name":"Mālpils mūzikas un mākslas skola","amenity":"school"}},{"type":"Feature","geometry":{"type":"Point","coordinates":[24.354633,57.766376]},"properties":{"kategorija":"noturibas_punkts","id":"node/5146863078","adrese":"Pērnavas iela 31, Salacgrīva","veids":"Skola","statuss":{"siltums":"nav zināms","uzlade":"nav zināms","udens":"nav zināms","wifi":"nav zināms","generators":"nav zināms"},"last_updated":null,"name":"Salacgrīvas vidusskola","amenity":"school"}},{"type":"Feature","geometry":{"type":"Point","coordinates":[22.531006,56.768575]},"properties":{"kategorija":"noturibas_punkts","id":"node/5172714406","adrese":"Gaiķi","veids":"Pašvaldības ēka","statuss":{"siltums":"nav zināms","uzlade":"nav zināms","udens":"nav zināms","wifi":"nav zināms","generators":"nav zināms"},"last_updated":null,"name":"Gaiķu pagasta nams","amenity":"townhall"}},{"type":"Feature","geometry":{"type":"Point","coordinates":[21.776738,56.832848]},"properties":{"kategorija":"noturibas_punkts","id":"node/5193794895","adrese":"Turlava","veids":"Bibliotēka","statuss":{"siltums":"nav zināms","uzlade":"nav zināms","udens":"nav zināms","wifi":"nav zināms","generators":"nav zināms"},"last_updated":null,"name":"Turlavas bibliotēka","amenity":"library"}},{"type":"Feature","geometry":{"type":"Point","coordinates":[26.266771,57.45804]},"properties":{"kategorija":"noturibas_punkts","id":"node/5193896665","adrese":"Tilta iela 5, Grundzāle","veids":"Kultūras / tautas nams","statuss":{"siltums":"nav zināms","uzlade":"nav zināms","udens":"nav zināms","wifi":"nav zināms","generators":"nav zināms"},"last_updated":null,"name":"Kultūras nams","amenity":"community_centre"}},{"type":"Feature","geometry":{"type":"Point","coordinates":[26.266684,57.456546]},"properties":{"kategorija":"noturibas_punkts","id":"node/5194018126","adrese":"Tilta iela 6, Grundzāle","veids":"Skola","statuss":{"siltums":"nav zināms","uzlade":"nav zināms","udens":"nav zināms","wifi":"nav zināms","generators":"nav zināms"},"last_updated":null,"name":"Grundzāles pamatskola","amenity":"school"}},{"type":"Feature","geometry":{"type":"Point","coordinates":[24.327354,57.080855]},"properties":{"kategorija":"noturibas_punkts","id":"node/522982895","adrese":"Gaujas iela 27B, Ādaži","veids":"Bibliotēka","statuss":{"siltums":"nav zināms","uzlade":"nav zināms","udens":"nav zināms","wifi":"nav zināms","generators":"nav zināms"},"last_updated":null,"name":"Ādažu bibliotēka","opening_hours":"Mo,We 12:00-18:00; Tu,Th,Fr 09:00-16:00; Sep-May Sa 10:00-14:00","amenity":"library"}},{"type":"Feature","geometry":{"type":"Point","coordinates":[24.11769,56.962137]},"properties":{"kategorija":"noturibas_punkts","id":"node/5258201187","adrese":"Sporta iela 2, Rīga","veids":"Kultūras / tautas nams","statuss":{"siltums":"nav zināms","uzlade":"nav zināms","udens":"nav zināms","wifi":"nav zināms","generators":"nav zināms"},"last_updated":null,"name":"S2S Reactor","amenity":"community_centre"}},{"type":"Feature","geometry":{"type":"Point","coordinates":[26.609049,56.726519]},"properties":{"kategorija":"noturibas_punkts","id":"node/5279964448","adrese":"Brīvības iela 9, Barkava","veids":"Pašvaldības ēka","statuss":{"siltums":"nav zināms","uzlade":"nav zināms","udens":"nav zināms","wifi":"nav zināms","generators":"nav zināms"},"last_updated":null,"name":"Barkavas pagasta pārvalde","website":"http://barkava.lv/","amenity":"townhall"}},{"type":"Feature","geometry":{"type":"Point","coordinates":[26.608663,56.726218]},"properties":{"kategorija":"noturibas_punkts","id":"node/5285452546","adrese":"Brīvības iela 9, Barkava","veids":"Bibliotēka","statuss":{"siltums":"nav zināms","uzlade":"nav zināms","udens":"nav zināms","wifi":"nav zināms","generators":"nav zināms"},"last_updated":null,"name":"Barkavas bibliotēka","amenity":"library"}},{"type":"Feature","geometry":{"type":"Point","coordinates":[27.619021,57.041252]},"properties":{"kategorija":"noturibas_punkts","id":"node/5327513296","adrese":"Skolas iela 1, Rekova","veids":"Skola","statuss":{"siltums":"nav zināms","uzlade":"nav zināms","udens":"nav zināms","wifi":"nav zināms","generators":"nav zināms"},"last_updated":null,"name":"Rekavas vidusskola","amenity":"school"}},{"type":"Feature","geometry":{"type":"Point","coordinates":[26.353132,57.42425]},"properties":{"kategorija":"noturibas_punkts","id":"node/5328955387","adrese":"Vidaga","veids":"Skola","statuss":{"siltums":"nav zināms","uzlade":"nav zināms","udens":"nav zināms","wifi":"nav zināms","generators":"nav zināms"},"last_updated":null,"name":"Sikšņu pamatskola","amenity":"school"}},{"type":"Feature","geometry":{"type":"Point","coordinates":[25.986339,57.487313]},"properties":{"kategorija":"noturibas_punkts","id":"node/5333341755","adrese":"Bilska","veids":"Skola","statuss":{"siltums":"nav zināms","uzlade":"nav zināms","udens":"nav zināms","wifi":"nav zināms","generators":"nav zināms"},"last_updated":null,"name":"Bilskas pamatskola","amenity":"school"}},{"type":"Feature","geometry":{"type":"Point","coordinates":[26.186073,57.386409]},"properties":{"kategorija":"noturibas_punkts","id":"node/5356489754","adrese":"Palsmane","veids":"Skola","statuss":{"siltums":"nav zināms","uzlade":"nav zināms","udens":"nav zināms","wifi":"nav zināms","generators":"nav zināms"},"last_updated":null,"name":"Palsmanes speciālā internātskola","amenity":"school"}},{"type":"Feature","geometry":{"type":"Point","coordinates":[25.192962,57.620431]},"properties":{"kategorija":"noturibas_punkts","id":"node/5389724112","adrese":"","veids":"Skola","statuss":{"siltums":"nav zināms","uzlade":"nav zināms","udens":"nav zināms","wifi":"nav zināms","generators":"nav zināms"},"last_updated":null,"name":"Jaunburtnieku pamatskola","amenity":"school"}},{"type":"Feature","geometry":{"type":"Point","coordinates":[22.806514,57.501209]},"properties":{"kategorija":"noturibas_punkts","id":"node/5422600323","adrese":"Zvejnieku iela 7, Roja","veids":"Skola","statuss":{"siltums":"nav zināms","uzlade":"nav zināms","udens":"nav zināms","wifi":"nav zināms","generators":"nav zināms"},"last_updated":null,"name":"Rojas Vidusskola","amenity":"school"}},{"type":"Feature","geometry":{"type":"Point","coordinates":[21.56786,57.394976]},"properties":{"kategorija":"noturibas_punkts","id":"node/5422600324","adrese":"Kuldīgas iela 18, Ventspils","veids":"Kultūras / tautas nams","statuss":{"siltums":"nav zināms","uzlade":"nav zināms","udens":"nav zināms","wifi":"nav zināms","generators":"nav zināms"},"last_updated":null,"name":"Koncertu zale","amenity":"community_centre"}},{"type":"Feature","geometry":{"type":"Point","coordinates":[25.438696,56.650383]},"properties":{"kategorija":"noturibas_punkts","id":"node/5437769622","adrese":"Hanzas iela 2, Koknese","veids":"Kultūras / tautas nams","statuss":{"siltums":"nav zināms","uzlade":"nav zināms","udens":"nav zināms","wifi":"nav zināms","generators":"nav zināms"},"last_updated":null,"name":"Kultūras nams","amenity":"community_centre"}},{"type":"Feature","geometry":{"type":"Point","coordinates":[23.788962,56.97292]},"properties":{"kategorija":"noturibas_punkts","id":"node/5449291296","adrese":"Jomas iela 1/5, Jūrmala","veids":"Pašvaldības ēka","statuss":{"siltums":"nav zināms","uzlade":"nav zināms","udens":"nav zināms","wifi":"nav zināms","generators":"nav zināms"},"last_updated":null,"name":"Jūrmalas dome","amenity":"townhall"}},{"type":"Feature","geometry":{"type":"Point","coordinates":[25.610373,57.331694]},"properties":{"kategorija":"noturibas_punkts","id":"node/5452342926","adrese":"Vidzemes iela 2, Rauna","veids":"Pašvaldības ēka","statuss":{"siltums":"nav zināms","uzlade":"nav zināms","udens":"nav zināms","wifi":"nav zināms","generators":"nav zināms"},"last_updated":null,"name":"Raunas novada pašvaldība","amenity":"townhall"}},{"type":"Feature","geometry":{"type":"Point","coordinates":[21.690445,57.017491]},"properties":{"kategorija":"noturibas_punkts","id":"node/5461847127","adrese":"Dārza iela 6, Ēdole","veids":"Bibliotēka","statuss":{"siltums":"nav zināms","uzlade":"nav zināms","udens":"nav zināms","wifi":"nav zināms","generators":"nav zināms"},"last_updated":null,"name":"Krišjāņa Valdemāra Ēdoles pagasta bibliotēka","amenity":"library"}},{"type":"Feature","geometry":{"type":"Point","coordinates":[21.758454,57.000529]},"properties":{"kategorija":"noturibas_punkts","id":"node/5461847128","adrese":"Īvande","veids":"Bibliotēka","statuss":{"siltums":"nav zināms","uzlade":"nav zināms","udens":"nav zināms","wifi":"nav zināms","generators":"nav zināms"},"last_updated":null,"name":"Īvandes pagasta bibliotēka","opening_hours":"Mo,We 08:30-16:00; Tu,Th 08:30-15:00","amenity":"library"}},{"type":"Feature","geometry":{"type":"Point","coordinates":[21.882348,56.747047]},"properties":{"kategorija":"noturibas_punkts","id":"node/5461847129","adrese":"Laidi","veids":"Bibliotēka","statuss":{"siltums":"nav zināms","uzlade":"nav zināms","udens":"nav zināms","wifi":"nav zināms","generators":"nav zināms"},"last_updated":null,"name":"Laidu pagasta bibliotēka","amenity":"library"}},{"type":"Feature","geometry":{"type":"Point","coordinates":[21.904323,57.018126]},"properties":{"kategorija":"noturibas_punkts","id":"node/5461847130","adrese":"Padure","veids":"Bibliotēka","statuss":{"siltums":"nav zināms","uzlade":"nav zināms","udens":"nav zināms","wifi":"nav zināms","generators":"nav zināms"},"last_updated":null,"name":"Padures pagasta bibliotēka","amenity":"library"}},{"type":"Feature","geometry":{"type":"Point","coordinates":[21.969458,56.920056]},"properties":{"kategorija":"noturibas_punkts","id":"node/5461847131","adrese":"Pelči","veids":"Bibliotēka","statuss":{"siltums":"nav zināms","uzlade":"nav zināms","udens":"nav zināms","wifi":"nav zināms","generators":"nav zināms"},"last_updated":null,"name":"Pelču pagasta bibliotēka","amenity":"library"}},{"type":"Feature","geometry":{"type":"Point","coordinates":[21.780664,56.732634]},"properties":{"kategorija":"noturibas_punkts","id":"node/5461847138","adrese":"Sermīte","veids":"Bibliotēka","statuss":{"siltums":"nav zināms","uzlade":"nav zināms","udens":"nav zināms","wifi":"nav zināms","generators":"nav zināms"},"last_updated":null,"name":"Laidu pagasta Sermītes bibliotēka","amenity":"library"}},{"type":"Feature","geometry":{"type":"Point","coordinates":[21.754423,56.783664]},"properties":{"kategorija":"noturibas_punkts","id":"node/5461847139","adrese":"Vanga","veids":"Bibliotēka","statuss":{"siltums":"nav zināms","uzlade":"nav zināms","udens":"nav zināms","wifi":"nav zināms","generators":"nav zināms"},"last_updated":null,"name":"Laidu pagasta Vangas bibliotēka","amenity":"library"}},{"type":"Feature","geometry":{"type":"Point","coordinates":[21.953395,56.847767]},"properties":{"kategorija":"noturibas_punkts","id":"node/5461847145","adrese":"Snēpele","veids":"Bibliotēka","statuss":{"siltums":"nav zināms","uzlade":"nav zināms","udens":"nav zināms","wifi":"nav zināms","generators":"nav zināms"},"last_updated":null,"name":"Snēpeles pagasta bibliotēka","amenity":"library"}},{"type":"Feature","geometry":{"type":"Point","coordinates":[22.239121,56.873761]},"properties":{"kategorija":"noturibas_punkts","id":"node/5461847146","adrese":"Vārme","veids":"Bibliotēka","statuss":{"siltums":"nav zināms","uzlade":"nav zināms","udens":"nav zināms","wifi":"nav zināms","generators":"nav zināms"},"last_updated":null,"name":"Kuldīgas novada Vārmes pagasta bibliotēka","amenity":"library"}},{"type":"Feature","geometry":{"type":"Point","coordinates":[21.82015,56.883325]},"properties":{"kategorija":"noturibas_punkts","id":"node/5461847147","adrese":"Vilgāle","veids":"Bibliotēka","statuss":{"siltums":"nav zināms","uzlade":"nav zināms","udens":"nav zināms","wifi":"nav zināms","generators":"nav zināms"},"last_updated":null,"name":"Kurmāles pagasta Vilgāles bibliotēka","amenity":"library"}},{"type":"Feature","geometry":{"type":"Point","coordinates":[24.382207,57.702515]},"properties":{"kategorija":"noturibas_punkts","id":"node/5484543616","adrese":"Dārza iela 26, Svētciems","veids":"Bibliotēka","statuss":{"siltums":"nav zināms","uzlade":"nav zināms","udens":"nav zināms","wifi":"nav zināms","generators":"nav zināms"},"last_updated":null,"name":"Svētciema bibliotēka","operator":"Salacgrīvas novada dome","amenity":"library"}},{"type":"Feature","geometry":{"type":"Point","coordinates":[25.420062,57.536011]},"properties":{"kategorija":"noturibas_punkts","id":"node/5485354612","adrese":"Kārļa Baumaņa iela 1, Valmiera","veids":"Skola","statuss":{"siltums":"nav zināms","uzlade":"nav zināms","udens":"nav zināms","wifi":"nav zināms","generators":"nav zināms"},"last_updated":null,"name":"Zaļā skola","amenity":"school"}},{"type":"Feature","geometry":{"type":"Point","coordinates":[24.605985,56.822187]},"properties":{"kategorija":"noturibas_punkts","id":"node/5489770484","adrese":"Meža prospekts 14, Ogre","veids":"Skola","statuss":{"siltums":"nav zināms","uzlade":"nav zināms","udens":"nav zināms","wifi":"nav zināms","generators":"nav zināms"},"last_updated":null,"name":"Ogres Centra pamatskola","website":"https://www.ogrespamatskola.lv/","wheelchair":"limited","amenity":"school"}},{"type":"Feature","geometry":{"type":"Point","coordinates":[21.973405,56.96503]},"properties":{"kategorija":"noturibas_punkts","id":"node/5570964822","adrese":"Jelgavas iela 26, Kuldīga","veids":"Kultūras / tautas nams","statuss":{"siltums":"nav zināms","uzlade":"nav zināms","udens":"nav zināms","wifi":"nav zināms","generators":"nav zināms"},"last_updated":null,"name":"Kuldīgas Jauniešu māja","opening_hours":"Tu-Fr 14:00-20:00; Sa 14:00-21:00; Su,Mo off","website":"http://www.kuldigasbjc.lv","wheelchair":"no","amenity":"community_centre"}},{"type":"Feature","geometry":{"type":"Point","coordinates":[25.831398,57.020083]},"properties":{"kategorija":"noturibas_punkts","id":"node/5582075179","adrese":"Ineši","veids":"Kultūras / tautas nams","statuss":{"siltums":"nav zināms","uzlade":"nav zināms","udens":"nav zināms","wifi":"nav zināms","generators":"nav zināms"},"last_updated":null,"name":"Inešu jauniešu centrs","opening_hours":"Mo-Fr 14:00-19:00; Sa 10:00-16:00","amenity":"community_centre"}},{"type":"Feature","geometry":{"type":"Point","coordinates":[26.762591,56.607833]},"properties":{"kategorija":"noturibas_punkts","id":"node/5586167521","adrese":"Jaunatnes iela 2, Varakļāni","veids":"Skola","statuss":{"siltums":"nav zināms","uzlade":"nav zināms","udens":"nav zināms","wifi":"nav zināms","generators":"nav zināms"},"last_updated":null,"name":"Varakļānu vidusskola","amenity":"school"}},{"type":"Feature","geometry":{"type":"Point","coordinates":[22.56273,56.92351]},"properties":{"kategorija":"noturibas_punkts","id":"node/565381286","adrese":"Vāne","veids":"Skola","statuss":{"siltums":"nav zināms","uzlade":"nav zināms","udens":"nav zināms","wifi":"nav zināms","generators":"nav zināms"},"last_updated":null,"name":"Vānes pamatskola","amenity":"school"}},{"type":"Feature","geometry":{"type":"Point","coordinates":[21.387383,56.737053]},"properties":{"kategorija":"noturibas_punkts","id":"node/5689914731","adrese":"Cīrava","veids":"Bibliotēka","statuss":{"siltums":"nav zināms","uzlade":"nav zināms","udens":"nav zināms","wifi":"nav zināms","generators":"nav zināms"},"last_updated":null,"name":"Cīravas pagasta bibliotēka","amenity":"library"}},{"type":"Feature","geometry":{"type":"Point","coordinates":[21.387292,56.737023]},"properties":{"kategorija":"noturibas_punkts","id":"node/5689914732","adrese":"Cīrava","veids":"Pašvaldības ēka","statuss":{"siltums":"nav zināms","uzlade":"nav zināms","udens":"nav zināms","wifi":"nav zināms","generators":"nav zināms"},"last_updated":null,"name":"Cīravas pagasta pārvalde","amenity":"townhall"}},{"type":"Feature","geometry":{"type":"Point","coordinates":[27.396495,56.189442]},"properties":{"kategorija":"noturibas_punkts","id":"node/5732058247","adrese":"Skolas iela 3, Andrupene","veids":"Pašvaldības ēka","statuss":{"siltums":"nav zināms","uzlade":"nav zināms","udens":"nav zināms","wifi":"nav zināms","generators":"nav zināms"},"last_updated":null,"name":"Andrupenes Dome","amenity":"townhall"}},{"type":"Feature","geometry":{"type":"Point","coordinates":[27.396076,56.189525]},"properties":{"kategorija":"noturibas_punkts","id":"node/5732058248","adrese":"Skolas iela 3, Andrupene","veids":"Bibliotēka","statuss":{"siltums":"nav zināms","uzlade":"nav zināms","udens":"nav zināms","wifi":"nav zināms","generators":"nav zināms"},"last_updated":null,"name":"Andrupenes bibliotēka","amenity":"library"}},{"type":"Feature","geometry":{"type":"Point","coordinates":[24.103882,56.951419]},"properties":{"kategorija":"noturibas_punkts","id":"node/5750013712","adrese":"Torņa iela 1, Rīga","veids":"Kultūras / tautas nams","statuss":{"siltums":"nav zināms","uzlade":"nav zināms","udens":"nav zināms","wifi":"nav zināms","generators":"nav zināms"},"last_updated":null,"name":"Goethe-Institut","amenity":"community_centre"}},{"type":"Feature","geometry":{"type":"Point","coordinates":[23.947172,56.956396]},"properties":{"kategorija":"noturibas_punkts","id":"node/5779313079","adrese":"Liepu aleja 17, Babīte","veids":"Bibliotēka","statuss":{"siltums":"nav zināms","uzlade":"nav zināms","udens":"nav zināms","wifi":"nav zināms","generators":"nav zināms"},"last_updated":null,"name":"Babītes novada pašvaldības bibliotēkas filiāle Babītes ciemā","opening_hours":"Mo,Th 09:00-17:30; Tu,We 09:00-16:30; Fr 09:00-14:30","amenity":"library"}},{"type":"Feature","geometry":{"type":"Point","coordinates":[24.715431,57.508404]},"properties":{"kategorija":"noturibas_punkts","id":"node/5910138892","adrese":"Rīgas iela 23, Limbaži","veids":"Kultūras / tautas nams","statuss":{"siltums":"nav zināms","uzlade":"nav zināms","udens":"nav zināms","wifi":"nav zināms","generators":"nav zināms"},"last_updated":null,"name":"Limbažu jauniešu centrs","opening_hours":"Mo-Fr 11:00-19:00","amenity":"community_centre"}},{"type":"Feature","geometry":{"type":"Point","coordinates":[23.659373,56.452244]},"properties":{"kategorija":"noturibas_punkts","id":"node/5921349113","adrese":"Alejas iela 7, Lielplatone","veids":"Skola","statuss":{"siltums":"nav zināms","uzlade":"nav zināms","udens":"nav zināms","wifi":"nav zināms","generators":"nav zināms"},"last_updated":null,"name":"Lielplatones vidusskola","amenity":"school"}},{"type":"Feature","geometry":{"type":"Point","coordinates":[23.334024,56.404849]},"properties":{"kategorija":"noturibas_punkts","id":"node/5928937335","adrese":"Augstkalne","veids":"Skola","statuss":{"siltums":"nav zināms","uzlade":"nav zināms","udens":"nav zināms","wifi":"nav zināms","generators":"nav zināms"},"last_updated":null,"name":"Augstkalnes vidusskola","amenity":"school"}},{"type":"Feature","geometry":{"type":"Point","coordinates":[25.017479,56.364694]},"properties":{"kategorija":"noturibas_punkts","id":"node/5993587598","adrese":"Skolas iela 1, Ērberģe","veids":"Skola","statuss":{"siltums":"nav zināms","uzlade":"nav zināms","udens":"nav zināms","wifi":"nav zināms","generators":"nav zināms"},"last_updated":null,"name":"Mazzelves Pamatskola","amenity":"school"}},{"type":"Feature","geometry":{"type":"Point","coordinates":[25.018848,56.367995]},"properties":{"kategorija":"noturibas_punkts","id":"node/5993681442","adrese":"","veids":"Bibliotēka","statuss":{"siltums":"nav zināms","uzlade":"nav zināms","udens":"nav zināms","wifi":"nav zināms","generators":"nav zināms"},"last_updated":null,"name":"Mazzalves pagasta bibliotēka","opening_hours":"Tu-Fr 09:00-17:00; Sa 10:00-14:00","amenity":"library"}},{"type":"Feature","geometry":{"type":"Point","coordinates":[21.968483,56.969311]},"properties":{"kategorija":"noturibas_punkts","id":"node/6048787695","adrese":"1905. gada iela 6, Kuldīga","veids":"Bibliotēka","statuss":{"siltums":"nav zināms","uzlade":"nav zināms","udens":"nav zināms","wifi":"nav zināms","generators":"nav zināms"},"last_updated":null,"name":"Kuldīgas Galvenā bibliotēka","opening_hours":"Mo-Fr 09:00-18:00; Sa 10:00-16:00","website":"https://biblio.kuldiga.lv/","amenity":"library"}},{"type":"Feature","geometry":{"type":"Point","coordinates":[25.761042,56.507795]},"properties":{"kategorija":"noturibas_punkts","id":"node/6055046177","adrese":"Sala","veids":"Skola","statuss":{"siltums":"nav zināms","uzlade":"nav zināms","udens":"nav zināms","wifi":"nav zināms","generators":"nav zināms"},"last_updated":null,"name":"Salas Vidusskola","amenity":"school"}},{"type":"Feature","geometry":{"type":"Point","coordinates":[21.008002,56.507357]},"properties":{"kategorija":"noturibas_punkts","id":"node/6143768860","adrese":"Friča Brīvzemnieka iela 56, Liepāja","veids":"Kultūras / tautas nams","statuss":{"siltums":"nav zināms","uzlade":"nav zināms","udens":"nav zināms","wifi":"nav zināms","generators":"nav zināms"},"last_updated":null,"name":"Liepājas Krievu Kopiena","amenity":"community_centre"}},{"type":"Feature","geometry":{"type":"Point","coordinates":[25.368475,57.313576]},"properties":{"kategorija":"noturibas_punkts","id":"node/6193909377","adrese":"Egļu gatve 9, Priekuļi","veids":"Skola","statuss":{"siltums":"nav zināms","uzlade":"nav zināms","udens":"nav zināms","wifi":"nav zināms","generators":"nav zināms"},"last_updated":null,"name":"Priekuļu Tehnikums","amenity":"school"}},{"type":"Feature","geometry":{"type":"Point","coordinates":[25.366812,57.313673]},"properties":{"kategorija":"noturibas_punkts","id":"node/6193909384","adrese":"Egļu gatve 8, Priekuļi","veids":"Skola","statuss":{"siltums":"nav zināms","uzlade":"nav zināms","udens":"nav zināms","wifi":"nav zināms","generators":"nav zināms"},"last_updated":null,"name":"Priekuļu Tehnikums (vecā ēka)","amenity":"school"}},{"type":"Feature","geometry":{"type":"Point","coordinates":[21.854967,57.396928]},"properties":{"kategorija":"noturibas_punkts","id":"node/6239554602","adrese":"Pope","veids":"Pašvaldības ēka","statuss":{"siltums":"nav zināms","uzlade":"nav zināms","udens":"nav zināms","wifi":"nav zināms","generators":"nav zināms"},"last_updated":null,"name":"Popes pagasta pārvalde","amenity":"townhall"}},{"type":"Feature","geometry":{"type":"Point","coordinates":[26.760118,57.172258]},"properties":{"kategorija":"noturibas_punkts","id":"node/6257949404","adrese":"Ābeļu iela 2, Gulbene","veids":"Pašvaldības ēka","statuss":{"siltums":"nav zināms","uzlade":"nav zināms","udens":"nav zināms","wifi":"nav zināms","generators":"nav zināms"},"last_updated":null,"name":"Gulbenes novada pašvaldība","amenity":"townhall"}},{"type":"Feature","geometry":{"type":"Point","coordinates":[26.728981,57.119226]},"properties":{"kategorija":"noturibas_punkts","id":"node/6257949411","adrese":"Dārza iela 10, Stari","veids":"Pašvaldības ēka","statuss":{"siltums":"nav zināms","uzlade":"nav zināms","udens":"nav zināms","wifi":"nav zināms","generators":"nav zināms"},"last_updated":null,"name":"Gulbenes Novada Daukstu Pagasta Pārvalde","opening_hours":"Mo 08:00-12:15,13:00-17:00; Tu-Th 08:00-12:15,13:00-17:00; Fr 08:00-12:00,13:00-16:00","amenity":"townhall"}},{"type":"Feature","geometry":{"type":"Point","coordinates":[25.987676,57.490482]},"properties":{"kategorija":"noturibas_punkts","id":"node/6301039004","adrese":"Bilska","veids":"Pašvaldības ēka","statuss":{"siltums":"nav zināms","uzlade":"nav zināms","udens":"nav zināms","wifi":"nav zināms","generators":"nav zināms"},"last_updated":null,"name":"Bilskas pagasta pārvalde","amenity":"townhall"}},{"type":"Feature","geometry":{"type":"Point","coordinates":[25.987456,57.490467]},"properties":{"kategorija":"noturibas_punkts","id":"node/6301039005","adrese":"Bilska","veids":"Bibliotēka","statuss":{"siltums":"nav zināms","uzlade":"nav zināms","udens":"nav zināms","wifi":"nav zināms","generators":"nav zināms"},"last_updated":null,"name":"Bilskas bibliotēka","amenity":"library"}},{"type":"Feature","geometry":{"type":"Point","coordinates":[25.905931,57.423069]},"properties":{"kategorija":"noturibas_punkts","id":"node/6301096601","adrese":"Baznīcas laukums 13, Smiltene","veids":"Bibliotēka","statuss":{"siltums":"nav zināms","uzlade":"nav zināms","udens":"nav zināms","wifi":"nav zināms","generators":"nav zināms"},"last_updated":null,"name":"Smiltenes bibliotēka","amenity":"library"}},{"type":"Feature","geometry":{"type":"Point","coordinates":[25.578307,57.078937]},"properties":{"kategorija":"noturibas_punkts","id":"node/6337239302","adrese":"","veids":"Skola","statuss":{"siltums":"nav zināms","uzlade":"nav zināms","udens":"nav zināms","wifi":"nav zināms","generators":"nav zināms"},"last_updated":null,"name":"Skujenes pamatskola","amenity":"school"}},{"type":"Feature","geometry":{"type":"Point","coordinates":[25.368088,57.311497]},"properties":{"kategorija":"noturibas_punkts","id":"node/6337376347","adrese":"Egļu gatve 15, Priekuļi","veids":"Skola","statuss":{"siltums":"nav zināms","uzlade":"nav zināms","udens":"nav zināms","wifi":"nav zināms","generators":"nav zināms"},"last_updated":null,"name":"Priekuļu Tehnikuma Kopmītnes","amenity":"school"}},{"type":"Feature","geometry":{"type":"Point","coordinates":[24.160349,56.935041]},"properties":{"kategorija":"noturibas_punkts","id":"node/641195045","adrese":"Valērijas Seiles iela 14, Rīga","veids":"Bibliotēka","statuss":{"siltums":"nav zināms","uzlade":"nav zināms","udens":"nav zināms","wifi":"nav zināms","generators":"nav zināms"},"last_updated":null,"name":"Rīgas centrālās bibliotēkas filiālbibliotēka \"Rēzna\"","opening_hours":"Mo-Fr 09:00-19:00; Sa 10:00-17:00","amenity":"library"}},{"type":"Feature","geometry":{"type":"Point","coordinates":[25.114886,56.6425]},"properties":{"kategorija":"noturibas_punkts","id":"node/6532990615","adrese":"Daugavas iela 59, Skrīveri","veids":"Pašvaldības ēka","statuss":{"siltums":"nav zināms","uzlade":"nav zināms","udens":"nav zināms","wifi":"nav zināms","generators":"nav zināms"},"last_updated":null,"name":"Skrīveru novada dome","amenity":"townhall"}},{"type":"Feature","geometry":{"type":"Point","coordinates":[25.082112,56.617743]},"properties":{"kategorija":"noturibas_punkts","id":"node/6576756034","adrese":"Lāčplēša iela 11, Jaunjelgava","veids":"Pašvaldības ēka","statuss":{"siltums":"nav zināms","uzlade":"nav zināms","udens":"nav zināms","wifi":"nav zināms","generators":"nav zināms"},"last_updated":null,"name":"Jaunjelgavas novada dome","amenity":"townhall"}},{"type":"Feature","geometry":{"type":"Point","coordinates":[25.082512,56.611452]},"properties":{"kategorija":"noturibas_punkts","id":"node/6576859321","adrese":"Uzvaras iela 1, Jaunjelgava","veids":"Bibliotēka","statuss":{"siltums":"nav zināms","uzlade":"nav zināms","udens":"nav zināms","wifi":"nav zināms","generators":"nav zināms"},"last_updated":null,"name":"Jaunjelgavas pilsētas bibliotēka","amenity":"library"}},{"type":"Feature","geometry":{"type":"Point","coordinates":[22.795131,56.650163]},"properties":{"kategorija":"noturibas_punkts","id":"node/6662298518","adrese":"","veids":"Pašvaldības ēka","statuss":{"siltums":"nav zināms","uzlade":"nav zināms","udens":"nav zināms","wifi":"nav zināms","generators":"nav zināms"},"last_updated":null,"name":"Blīdenes pagasta nams","amenity":"townhall"}},{"type":"Feature","geometry":{"type":"Point","coordinates":[21.066357,56.346976]},"properties":{"kategorija":"noturibas_punkts","id":"node/6784999784","adrese":"Bārtas iela 6, Nīca","veids":"Kultūras / tautas nams","statuss":{"siltums":"nav zināms","uzlade":"nav zināms","udens":"nav zināms","wifi":"nav zināms","generators":"nav zināms"},"last_updated":null,"name":"Nīcas kultūras nams","amenity":"community_centre"}},{"type":"Feature","geometry":{"type":"Point","coordinates":[22.915286,57.038157]},"properties":{"kategorija":"noturibas_punkts","id":"node/6785007798","adrese":"Pūre","veids":"Kultūras / tautas nams","statuss":{"siltums":"nav zināms","uzlade":"nav zināms","udens":"nav zināms","wifi":"nav zināms","generators":"nav zināms"},"last_updated":null,"name":"Pūres kultūras nams","amenity":"community_centre"}},{"type":"Feature","geometry":{"type":"Point","coordinates":[21.066094,56.346808]},"properties":{"kategorija":"noturibas_punkts","id":"node/6785025385","adrese":"Bārtas iela 6, Nīca","veids":"Bibliotēka","statuss":{"siltums":"nav zināms","uzlade":"nav zināms","udens":"nav zināms","wifi":"nav zināms","generators":"nav zināms"},"last_updated":null,"name":"Nīcas bibliotēka","amenity":"library"}},{"type":"Feature","geometry":{"type":"Point","coordinates":[24.687094,57.098009]},"properties":{"kategorija":"noturibas_punkts","id":"node/680226063","adrese":"Atmodas iela 4, Inčukalns","veids":"Pašvaldības ēka","statuss":{"siltums":"nav zināms","uzlade":"nav zināms","udens":"nav zināms","wifi":"nav zināms","generators":"nav zināms"},"last_updated":null,"name":"Inčukalna novada dome","amenity":"townhall"}},{"type":"Feature","geometry":{"type":"Point","coordinates":[24.131165,56.964863]},"properties":{"kategorija":"noturibas_punkts","id":"node/687049881","adrese":"Aristida Briāna iela 9, Rīga","veids":"Kultūras / tautas nams","statuss":{"siltums":"nav zināms","uzlade":"nav zināms","udens":"nav zināms","wifi":"nav zināms","generators":"nav zināms"},"last_updated":null,"name":"K.K. fon Stricka villa","amenity":"community_centre"}},{"type":"Feature","geometry":{"type":"Point","coordinates":[24.152136,56.954636]},"properties":{"kategorija":"noturibas_punkts","id":"node/6920984306","adrese":"Tallinas iela 97, Rīga","veids":"Kultūras / tautas nams","statuss":{"siltums":"nav zināms","uzlade":"nav zināms","udens":"nav zināms","wifi":"nav zināms","generators":"nav zināms"},"last_updated":null,"name":"Rīgas grāmatu klubs","amenity":"community_centre"}},{"type":"Feature","geometry":{"type":"Point","coordinates":[24.337124,56.981977]},"properties":{"kategorija":"noturibas_punkts","id":"node/6923935873","adrese":"Skolas iela 10, Upesciems","veids":"Kultūras / tautas nams","statuss":{"siltums":"nav zināms","uzlade":"nav zināms","udens":"nav zināms","wifi":"nav zināms","generators":"nav zināms"},"last_updated":null,"name":"Upesciema dienas centrs","amenity":"community_centre"}},{"type":"Feature","geometry":{"type":"Point","coordinates":[24.337054,56.98198]},"properties":{"kategorija":"noturibas_punkts","id":"node/6923935874","adrese":"Skolas iela 10, Upesciems","veids":"Bibliotēka","statuss":{"siltums":"nav zināms","uzlade":"nav zināms","udens":"nav zināms","wifi":"nav zināms","generators":"nav zināms"},"last_updated":null,"name":"Upesciema Tautas bibliotēka","website":"https://www.garkalne.lv/utb/","amenity":"library"}},{"type":"Feature","geometry":{"type":"Point","coordinates":[24.097418,56.9367]},"properties":{"kategorija":"noturibas_punkts","id":"node/7063228279","adrese":"Jelgavas iela 1, Rīga","veids":"Bibliotēka","statuss":{"siltums":"nav zināms","uzlade":"nav zināms","udens":"nav zināms","wifi":"nav zināms","generators":"nav zināms"},"last_updated":null,"name":"Dabaszinātņu bibliotēka","operator":"University of Latvia","wheelchair":"yes","amenity":"library"}},{"type":"Feature","geometry":{"type":"Point","coordinates":[24.636748,56.974479]},"properties":{"kategorija":"noturibas_punkts","id":"node/7179056061","adrese":"Sporta iela 2 k-1, Ropaži","veids":"Pašvaldības ēka","statuss":{"siltums":"nav zināms","uzlade":"nav zināms","udens":"nav zināms","wifi":"nav zināms","generators":"nav zināms"},"last_updated":null,"name":"Ropažu novada pašvaldības Būvvalde","amenity":"townhall"}},{"type":"Feature","geometry":{"type":"Point","coordinates":[24.638647,56.975213]},"properties":{"kategorija":"noturibas_punkts","id":"node/7179056062","adrese":"Sporta iela 1, Ropaži","veids":"Pašvaldības ēka","statuss":{"siltums":"nav zināms","uzlade":"nav zināms","udens":"nav zināms","wifi":"nav zināms","generators":"nav zināms"},"last_updated":null,"name":"Ropažu novada dome","amenity":"townhall"}},{"type":"Feature","geometry":{"type":"Point","coordinates":[24.087806,56.92554]},"properties":{"kategorija":"noturibas_punkts","id":"node/7207252726","adrese":"Altonavas iela 6, Rīga","veids":"Kultūras / tautas nams","statuss":{"siltums":"nav zināms","uzlade":"nav zināms","udens":"nav zināms","wifi":"nav zināms","generators":"nav zināms"},"last_updated":null,"name":"Pārdaugavas bērnu un jauniešu centrs \"Altona\"","amenity":"community_centre"}},{"type":"Feature","geometry":{"type":"Point","coordinates":[24.008213,56.946902]},"properties":{"kategorija":"noturibas_punkts","id":"node/7207252727","adrese":"Ruses iela 13, Rīga","veids":"Kultūras / tautas nams","statuss":{"siltums":"nav zināms","uzlade":"nav zināms","udens":"nav zināms","wifi":"nav zināms","generators":"nav zināms"},"last_updated":null,"name":"Pārdaugavas bērnu un jauniešu centrs \"Altona\"","amenity":"community_centre"}},{"type":"Feature","geometry":{"type":"Point","coordinates":[25.361024,57.313645]},"properties":{"kategorija":"noturibas_punkts","id":"node/720742775","adrese":"Cēsu prospekts 46, Priekuļi","veids":"Skola","statuss":{"siltums":"nav zināms","uzlade":"nav zināms","udens":"nav zināms","wifi":"nav zināms","generators":"nav zināms"},"last_updated":null,"name":"Priekuļu vidusskola","amenity":"school"}},{"type":"Feature","geometry":{"type":"Point","coordinates":[25.043361,57.232479]},"properties":{"kategorija":"noturibas_punkts","id":"node/728509815","adrese":"Spriņģu iela 4, Līgatne","veids":"Bibliotēka","statuss":{"siltums":"nav zināms","uzlade":"nav zināms","udens":"nav zināms","wifi":"nav zināms","generators":"nav zināms"},"last_updated":null,"name":"Līgatnes bibliotēka","amenity":"library"}},{"type":"Feature","geometry":{"type":"Point","coordinates":[23.731424,56.644407]},"properties":{"kategorija":"noturibas_punkts","id":"node/7389817903","adrese":"Zemgales prospekts 7, Jelgava","veids":"Bibliotēka","statuss":{"siltums":"nav zināms","uzlade":"nav zināms","udens":"nav zināms","wifi":"nav zināms","generators":"nav zināms"},"last_updated":null,"name":"Bērnu un jauniešu bibliotēka \"Zinītis\"","amenity":"library"}},{"type":"Feature","geometry":{"type":"Point","coordinates":[27.537044,56.094995]},"properties":{"kategorija":"noturibas_punkts","id":"node/7438718857","adrese":"Alejas iela 4, Dagda","veids":"Pašvaldības ēka","statuss":{"siltums":"nav zināms","uzlade":"nav zināms","udens":"nav zināms","wifi":"nav zināms","generators":"nav zināms"},"last_updated":null,"name":"Dagdas novada dome","amenity":"townhall"}},{"type":"Feature","geometry":{"type":"Point","coordinates":[24.19996,56.904855]},"properties":{"kategorija":"noturibas_punkts","id":"node/7444239203","adrese":"Vizlas iela 1, Rīga","veids":"Bibliotēka","statuss":{"siltums":"nav zināms","uzlade":"nav zināms","udens":"nav zināms","wifi":"nav zināms","generators":"nav zināms"},"last_updated":null,"name":"Daugavas filiālbibliotēka","operator":"Rīgas Centrālā bibliotēka","opening_hours":"Mo,We,Fr 10:00-18:00; Tu,Th 11:00-19:00; Sa 10:00-17:00","amenity":"library"}},{"type":"Feature","geometry":{"type":"Point","coordinates":[22.694069,56.739577]},"properties":{"kategorija":"noturibas_punkts","id":"node/7557459551","adrese":"Remte","veids":"Skola","statuss":{"siltums":"nav zināms","uzlade":"nav zināms","udens":"nav zināms","wifi":"nav zināms","generators":"nav zināms"},"last_updated":null,"name":"Remtes pamatskola","amenity":"school"}},{"type":"Feature","geometry":{"type":"Point","coordinates":[24.377825,56.922299]},"properties":{"kategorija":"noturibas_punkts","id":"node/7619718961","adrese":"Zahārija Stopija iela 10, Upeslejas","veids":"Kultūras / tautas nams","statuss":{"siltums":"nav zināms","uzlade":"nav zināms","udens":"nav zināms","wifi":"nav zināms","generators":"nav zināms"},"last_updated":null,"name":"Stopiņu novada pašvaldības radošās attīstības centrs “Upeslejas”","opening_hours":"Tu-Fr 12:00-20:00; Sa 10:00-18:00","amenity":"community_centre"}},{"type":"Feature","geometry":{"type":"Point","coordinates":[25.92424,56.310029]},"properties":{"kategorija":"noturibas_punkts","id":"node/7635863035","adrese":"Leimaņi","veids":"Kultūras / tautas nams","statuss":{"siltums":"nav zināms","uzlade":"nav zināms","udens":"nav zināms","wifi":"nav zināms","generators":"nav zināms"},"last_updated":null,"name":"Leimaņu tautas nams","website":"https://www.facebook.com/LeimanuTautasNams/","amenity":"community_centre"}},{"type":"Feature","geometry":{"type":"Point","coordinates":[26.526109,55.905099]},"properties":{"kategorija":"noturibas_punkts","id":"node/7638232577","adrese":"Stāvā iela 23, Daugavpils","veids":"Kultūras / tautas nams","statuss":{"siltums":"nav zināms","uzlade":"nav zināms","udens":"nav zināms","wifi":"nav zināms","generators":"nav zināms"},"last_updated":null,"name":"Bērnu klubs \"Sudraba avoti\"","operator":"Daugavpils pilsētas Bērnu un jauniešu centrs \"Jaunība\"","opening_hours":"Mo-Fr 12:00-22:00; Sa 08:30-18:30","amenity":"community_centre"}},{"type":"Feature","geometry":{"type":"Point","coordinates":[26.735326,57.134843]},"properties":{"kategorija":"noturibas_punkts","id":"node/7640762817","adrese":"Stāķi","veids":"Bibliotēka","statuss":{"siltums":"nav zināms","uzlade":"nav zināms","udens":"nav zināms","wifi":"nav zināms","generators":"nav zināms"},"last_updated":null,"name":"Stāķu Bibliotēka","wheelchair":"no","amenity":"library"}},{"type":"Feature","geometry":{"type":"Point","coordinates":[25.490017,56.720157]},"properties":{"kategorija":"noturibas_punkts","id":"node/7646965348","adrese":"Vecbebri","veids":"Skola","statuss":{"siltums":"nav zināms","uzlade":"nav zināms","udens":"nav zināms","wifi":"nav zināms","generators":"nav zināms"},"last_updated":null,"name":"Bebru pamatskola","amenity":"school"}},{"type":"Feature","geometry":{"type":"Point","coordinates":[25.157654,57.312539]},"properties":{"kategorija":"noturibas_punkts","id":"node/772137468","adrese":"Raiskums","veids":"Pašvaldības ēka","statuss":{"siltums":"nav zināms","uzlade":"nav zināms","udens":"nav zināms","wifi":"nav zināms","generators":"nav zināms"},"last_updated":null,"name":"Raiskuma pagasta pārvalde","opening_hours":"Mo-Tu 08:00-13:00; Mo-Tu 14:00-17:00; We 08:00-13:00; We 14:00-17:00; Fr 08:00-13:00; Fr 14:00-16:00","amenity":"townhall"}},{"type":"Feature","geometry":{"type":"Point","coordinates":[24.117082,57.02952]},"properties":{"kategorija":"noturibas_punkts","id":"node/7725193244","adrese":"Vecmīlgrāvja 5. līnija 9, Rīga","veids":"Bibliotēka","statuss":{"siltums":"nav zināms","uzlade":"nav zināms","udens":"nav zināms","wifi":"nav zināms","generators":"nav zināms"},"last_updated":null,"name":"Ziemeļu kaija","operator":"Biedrība \"Ziemeļu kaija\"","amenity":"library"}},{"type":"Feature","geometry":{"type":"Point","coordinates":[26.734915,56.074172]},"properties":{"kategorija":"noturibas_punkts","id":"node/7798299163","adrese":"Šosejas iela 3, Špoģi","veids":"Skola","statuss":{"siltums":"nav zināms","uzlade":"nav zināms","udens":"nav zināms","wifi":"nav zināms","generators":"nav zināms"},"last_updated":null,"name":"Špoģu vidusskola","amenity":"school"}},{"type":"Feature","geometry":{"type":"Point","coordinates":[26.727383,56.295483]},"properties":{"kategorija":"noturibas_punkts","id":"node/7814228257","adrese":"Kārsavas iela 4, Preiļi","veids":"Bibliotēka","statuss":{"siltums":"nav zināms","uzlade":"nav zināms","udens":"nav zināms","wifi":"nav zināms","generators":"nav zināms"},"last_updated":null,"name":"Preiļu Galvenā bibliotēka","website":"http://www.preilubiblioteka.lv/","wheelchair":"yes","amenity":"library"}},{"type":"Feature","geometry":{"type":"Point","coordinates":[24.024478,56.951618]},"properties":{"kategorija":"noturibas_punkts","id":"node/7934431539","adrese":"Imantas 7. līnija 1, Rīga","veids":"Bibliotēka","statuss":{"siltums":"nav zināms","uzlade":"nav zināms","udens":"nav zināms","wifi":"nav zināms","generators":"nav zināms"},"last_updated":null,"name":"Izglītības zinātņu un Psiholoģijas bibliotēka","operator":"Latvijas Universitātes bibliotēka","opening_hours":"Mo-Fr 09:00-18:00; Sa 09:00-17:00","amenity":"library"}},{"type":"Feature","geometry":{"type":"Point","coordinates":[24.097092,56.93597]},"properties":{"kategorija":"noturibas_punkts","id":"node/7934593699","adrese":"Jelgavas iela 3, Rīga","veids":"Bibliotēka","statuss":{"siltums":"nav zināms","uzlade":"nav zināms","udens":"nav zināms","wifi":"nav zināms","generators":"nav zināms"},"last_updated":null,"name":"Zinātņu mājas bibliotēka","operator":"Latvijas Universitātes bibliotēka","opening_hours":"24/7","website":"https://www.akademiskaiscentrs.lu.lv/biblioteka/zinatnu-majas-biblioteka/","wheelchair":"yes","amenity":"library"}},{"type":"Feature","geometry":{"type":"Point","coordinates":[24.336273,56.856648]},"properties":{"kategorija":"noturibas_punkts","id":"node/8058928530","adrese":"Ceru iela 1, Salaspils","veids":"Skola","statuss":{"siltums":"nav zināms","uzlade":"nav zināms","udens":"nav zināms","wifi":"nav zināms","generators":"nav zināms"},"last_updated":null,"name":"Salaspils 1. vidusskolas 2. korpuss","amenity":"school"}},{"type":"Feature","geometry":{"type":"Point","coordinates":[22.747282,57.227861]},"properties":{"kategorija":"noturibas_punkts","id":"node/8081473381","adrese":"Lauciene","veids":"Pašvaldības ēka","statuss":{"siltums":"nav zināms","uzlade":"nav zināms","udens":"nav zināms","wifi":"nav zināms","generators":"nav zināms"},"last_updated":null,"name":"Laucienes pagasta pārvalde","amenity":"townhall"}},{"type":"Feature","geometry":{"type":"Point","coordinates":[26.450736,56.418405]},"properties":{"kategorija":"noturibas_punkts","id":"node/8089212801","adrese":"Miera iela 1, Rudzāti","veids":"Pašvaldības ēka","statuss":{"siltums":"nav zināms","uzlade":"nav zināms","udens":"nav zināms","wifi":"nav zināms","generators":"nav zināms"},"last_updated":null,"name":"Rudzātu pagasta pārvalde","amenity":"townhall"}},{"type":"Feature","geometry":{"type":"Point","coordinates":[26.72423,56.14911]},"properties":{"kategorija":"noturibas_punkts","id":"node/8093493515","adrese":"Liepu iela 6, Pelēči","veids":"Pašvaldības ēka","statuss":{"siltums":"nav zināms","uzlade":"nav zināms","udens":"nav zināms","wifi":"nav zināms","generators":"nav zināms"},"last_updated":null,"name":"Pelēču pagasta pārvalde","amenity":"townhall"}},{"type":"Feature","geometry":{"type":"Point","coordinates":[24.631935,56.971711]},"properties":{"kategorija":"noturibas_punkts","id":"node/8141408086","adrese":"Centra iela 3, Ropaži","veids":"Bibliotēka","statuss":{"siltums":"nav zināms","uzlade":"nav zināms","udens":"nav zināms","wifi":"nav zināms","generators":"nav zināms"},"last_updated":null,"name":"Ropažu novada bibliotēka","amenity":"library"}},{"type":"Feature","geometry":{"type":"Point","coordinates":[24.186685,56.401963]},"properties":{"kategorija":"noturibas_punkts","id":"node/8251240291","adrese":"Pilskalna iela 26, Bauska","veids":"Skola","statuss":{"siltums":"nav zināms","uzlade":"nav zināms","udens":"nav zināms","wifi":"nav zināms","generators":"nav zināms"},"last_updated":null,"name":"Bauskas sporta skola","amenity":"school"}},{"type":"Feature","geometry":{"type":"Point","coordinates":[23.660445,56.653692]},"properties":{"kategorija":"noturibas_punkts","id":"node/8266015545","adrese":"Dobeles šoseja 100A, Jelgava","veids":"Bibliotēka","statuss":{"siltums":"nav zināms","uzlade":"nav zināms","udens":"nav zināms","wifi":"nav zināms","generators":"nav zināms"},"last_updated":null,"name":"Miezītes bibliotēka","amenity":"library"}},{"type":"Feature","geometry":{"type":"Point","coordinates":[24.103361,56.954181]},"properties":{"kategorija":"noturibas_punkts","id":"node/8340197492","adrese":"Kronvalda bulvāris 1, Rīga","veids":"Skola","statuss":{"siltums":"nav zināms","uzlade":"nav zināms","udens":"nav zināms","wifi":"nav zināms","generators":"nav zināms"},"last_updated":null,"name":"Rīgas Tehniskās Universitātes Inženierzinātņu vidusskola","website":"https://www.izv.lv/","amenity":"school"}},{"type":"Feature","geometry":{"type":"Point","coordinates":[24.831423,56.713798]},"properties":{"kategorija":"noturibas_punkts","id":"node/8349507716","adrese":"Raiņa iela 50, Lielvārde","veids":"Bibliotēka","statuss":{"siltums":"nav zināms","uzlade":"nav zināms","udens":"nav zināms","wifi":"nav zināms","generators":"nav zināms"},"last_updated":null,"name":"Lāčplēša bibliotēka","opening_hours":"Mo-Fr 11:00-18:00; Sa 10:00-14:00","amenity":"library"}},{"type":"Feature","geometry":{"type":"Point","coordinates":[25.152667,57.694644]},"properties":{"kategorija":"noturibas_punkts","id":"node/835717127","adrese":"Skolas iela 22, Matīši","veids":"Skola","statuss":{"siltums":"nav zināms","uzlade":"nav zināms","udens":"nav zināms","wifi":"nav zināms","generators":"nav zināms"},"last_updated":null,"name":"Matīšu skola","amenity":"school"}},{"type":"Feature","geometry":{"type":"Point","coordinates":[21.602717,56.885761]},"properties":{"kategorija":"noturibas_punkts","id":"node/8375141149","adrese":"Gudenieki","veids":"Bibliotēka","statuss":{"siltums":"nav zināms","uzlade":"nav zināms","udens":"nav zināms","wifi":"nav zināms","generators":"nav zināms"},"last_updated":null,"name":"Gudenieku pagasta Gudenieku bibliotēka","amenity":"library"}},{"type":"Feature","geometry":{"type":"Point","coordinates":[21.697496,56.903509]},"properties":{"kategorija":"noturibas_punkts","id":"node/8375174056","adrese":"Basi","veids":"Bibliotēka","statuss":{"siltums":"nav zināms","uzlade":"nav zināms","udens":"nav zināms","wifi":"nav zināms","generators":"nav zināms"},"last_updated":null,"name":"Gudenieku pagasta Basu bibliotēka","amenity":"library"}},{"type":"Feature","geometry":{"type":"Point","coordinates":[24.289359,56.942342]},"properties":{"kategorija":"noturibas_punkts","id":"node/8399315217","adrese":"Institūta iela 3, Ulbroka","veids":"Kultūras / tautas nams","statuss":{"siltums":"nav zināms","uzlade":"nav zināms","udens":"nav zināms","wifi":"nav zināms","generators":"nav zināms"},"last_updated":null,"name":"Kultūras centrs \"Ulbrokas Pērle\"","website":"https://www.stopini.lv/lv/kultura/kulturas-centrs-ulbrokas-perle","amenity":"community_centre"}},{"type":"Feature","geometry":{"type":"Point","coordinates":[21.584674,56.749406]},"properties":{"kategorija":"noturibas_punkts","id":"node/8429772630","adrese":"Padure","veids":"Skola","statuss":{"siltums":"nav zināms","uzlade":"nav zināms","udens":"nav zināms","wifi":"nav zināms","generators":"nav zināms"},"last_updated":null,"name":"Padures pamatskola","amenity":"school"}},{"type":"Feature","geometry":{"type":"Point","coordinates":[21.730366,56.604045]},"properties":{"kategorija":"noturibas_punkts","id":"node/8430063392","adrese":"Skolas iela 1, Kalvene","veids":"Skola","statuss":{"siltums":"nav zināms","uzlade":"nav zināms","udens":"nav zināms","wifi":"nav zināms","generators":"nav zināms"},"last_updated":null,"name":"Kalvenes pamatskola","amenity":"school"}},{"type":"Feature","geometry":{"type":"Point","coordinates":[25.255975,56.601062]},"properties":{"kategorija":"noturibas_punkts","id":"node/8432063164","adrese":"Lāčplēša iela 3, Aizkraukle","veids":"Bibliotēka","statuss":{"siltums":"nav zināms","uzlade":"nav zināms","udens":"nav zināms","wifi":"nav zināms","generators":"nav zināms"},"last_updated":null,"name":"Aizkraukles pilsētas bibliotēka","amenity":"library"}},{"type":"Feature","geometry":{"type":"Point","coordinates":[23.613638,56.798433]},"properties":{"kategorija":"noturibas_punkts","id":"node/8453945773","adrese":"Jelgavas iela 15, Kalnciems","veids":"Bibliotēka","statuss":{"siltums":"nav zināms","uzlade":"nav zināms","udens":"nav zināms","wifi":"nav zināms","generators":"nav zināms"},"last_updated":null,"name":"Kalnciema bibliotēka","operator":"Jelgavas novads","amenity":"library"}},{"type":"Feature","geometry":{"type":"Point","coordinates":[26.545652,55.890052]},"properties":{"kategorija":"noturibas_punkts","id":"node/8462681258","adrese":"Lauska iela 16, Daugavpils","veids":"Bibliotēka","statuss":{"siltums":"nav zināms","uzlade":"nav zināms","udens":"nav zināms","wifi":"nav zināms","generators":"nav zināms"},"last_updated":null,"name":"Ceriņu bibliotēka","operator":"Latgales Centrālā bibliotēka","amenity":"library"}},{"type":"Feature","geometry":{"type":"Point","coordinates":[24.12839,56.953977]},"properties":{"kategorija":"noturibas_punkts","id":"node/8538951617","adrese":"Ģertrūdes iela 36, Rīga","veids":"Skola","statuss":{"siltums":"nav zināms","uzlade":"nav zināms","udens":"nav zināms","wifi":"nav zināms","generators":"nav zināms"},"last_updated":null,"name":"Māras Muižnieces Rīgas Mākslas skola","amenity":"school"}},{"type":"Feature","geometry":{"type":"Point","coordinates":[25.047174,57.637341]},"properties":{"kategorija":"noturibas_punkts","id":"node/8546382018","adrese":"Ozolmuiža","veids":"Skola","statuss":{"siltums":"nav zināms","uzlade":"nav zināms","udens":"nav zināms","wifi":"nav zināms","generators":"nav zināms"},"last_updated":null,"name":"Ozolmuižas pamatskola","amenity":"school"}},{"type":"Feature","geometry":{"type":"Point","coordinates":[22.748008,57.227715]},"properties":{"kategorija":"noturibas_punkts","id":"node/8593064228","adrese":"Lauciene","veids":"Kultūras / tautas nams","statuss":{"siltums":"nav zināms","uzlade":"nav zināms","udens":"nav zināms","wifi":"nav zināms","generators":"nav zināms"},"last_updated":null,"name":"Laucienes kultūras nams","amenity":"community_centre"}},{"type":"Feature","geometry":{"type":"Point","coordinates":[26.289913,55.978031]},"properties":{"kategorija":"noturibas_punkts","id":"node/8615853619","adrese":"Stadiona iela 1, Ilūkste","veids":"Skola","statuss":{"siltums":"nav zināms","uzlade":"nav zināms","udens":"nav zināms","wifi":"nav zināms","generators":"nav zināms"},"last_updated":null,"name":"Ilūkstes Raiņa vidusskola","opening_hours":"Mo-Fr 09:00-16:00","website":"https://ilukste.lv/izglitiba/izglitibas-iestades/ilukstes-sadraudzibas-vidusskola/","amenity":"school"}},{"type":"Feature","geometry":{"type":"Point","coordinates":[26.287875,55.983131]},"properties":{"kategorija":"noturibas_punkts","id":"node/8615871818","adrese":"Raiņa iela 49, Ilūkste","veids":"Skola","statuss":{"siltums":"nav zināms","uzlade":"nav zināms","udens":"nav zināms","wifi":"nav zināms","generators":"nav zināms"},"last_updated":null,"name":"Ilūkstes Raiņa vidusskola","opening_hours":"Mo-Fr 09:00-16:00","website":"https://irv.lv/","amenity":"school"}},{"type":"Feature","geometry":{"type":"Point","coordinates":[24.166386,57.079601]},"properties":{"kategorija":"noturibas_punkts","id":"node/8674402691","adrese":"Cīruļu iela 10, Kalngale","veids":"Kultūras / tautas nams","statuss":{"siltums":"nav zināms","uzlade":"nav zināms","udens":"nav zināms","wifi":"nav zināms","generators":"nav zināms"},"last_updated":null,"name":"Brīvā laika pavadīšanas centrs \"Kadiķis\"","operator":"Carnikavas novada dome","website":"https://carnikava.lv/pasvaldiba/iestades/socialais-dienests/centrs-kadikis","amenity":"community_centre"}},{"type":"Feature","geometry":{"type":"Point","coordinates":[21.565134,56.981934]},"properties":{"kategorija":"noturibas_punkts","id":"node/8688343462","adrese":"Raiņa iela 2, Alsunga","veids":"Bibliotēka","statuss":{"siltums":"nav zināms","uzlade":"nav zināms","udens":"nav zināms","wifi":"nav zināms","generators":"nav zināms"},"last_updated":null,"name":"Alsungas bibliotēka","opening_hours":"Mo,Su,Th[4] off; Tu,Th-Fr 09:00-12:00,13:00-18:00; We 09:00-12:00,13:00-19:00; Sa 08:00-14:00","wheelchair":"limited","amenity":"library"}},{"type":"Feature","geometry":{"type":"Point","coordinates":[24.596984,57.614733]},"properties":{"kategorija":"noturibas_punkts","id":"node/86888123","adrese":"Viļķene","veids":"Skola","statuss":{"siltums":"nav zināms","uzlade":"nav zināms","udens":"nav zināms","wifi":"nav zināms","generators":"nav zināms"},"last_updated":null,"name":"Viļķenes pamatskola","amenity":"school"}},{"type":"Feature","geometry":{"type":"Point","coordinates":[24.19618,56.59931]},"properties":{"kategorija":"noturibas_punkts","id":"node/8699386006","adrese":"Skolas iela 4, Iecava","veids":"Pašvaldības ēka","statuss":{"siltums":"nav zināms","uzlade":"nav zināms","udens":"nav zināms","wifi":"nav zināms","generators":"nav zināms"},"last_updated":null,"name":"Iecavas apvienības pārvalde","amenity":"townhall"}},{"type":"Feature","geometry":{"type":"Point","coordinates":[23.731867,56.64457]},"properties":{"kategorija":"noturibas_punkts","id":"node/8731025354","adrese":"Zemgales prospekts 7, Jelgava","veids":"Kultūras / tautas nams","statuss":{"siltums":"nav zināms","uzlade":"nav zināms","udens":"nav zināms","wifi":"nav zināms","generators":"nav zināms"},"last_updated":null,"name":"Jaunrades nams \"Junda\"","amenity":"community_centre"}},{"type":"Feature","geometry":{"type":"Point","coordinates":[25.324102,57.172612]},"properties":{"kategorija":"noturibas_punkts","id":"node/8749935052","adrese":"Egļu iela 1, Ģikši","veids":"Pašvaldības ēka","statuss":{"siltums":"nav zināms","uzlade":"nav zināms","udens":"nav zināms","wifi":"nav zināms","generators":"nav zināms"},"last_updated":null,"name":"Amatas novada dome","amenity":"townhall"}},{"type":"Feature","geometry":{"type":"Point","coordinates":[24.120057,56.942016]},"properties":{"kategorija":"noturibas_punkts","id":"node/8758934657","adrese":"Vilhelma Purvīša iela 13, Rīga","veids":"Kultūras / tautas nams","statuss":{"siltums":"nav zināms","uzlade":"nav zināms","udens":"nav zināms","wifi":"nav zināms","generators":"nav zināms"},"last_updated":null,"name":"Lastādija","amenity":"community_centre"}},{"type":"Feature","geometry":{"type":"Point","coordinates":[25.093921,57.59757]},"properties":{"kategorija":"noturibas_punkts","id":"node/876371421","adrese":"Dikļi","veids":"Pašvaldības ēka","statuss":{"siltums":"nav zināms","uzlade":"nav zināms","udens":"nav zināms","wifi":"nav zināms","generators":"nav zināms"},"last_updated":null,"name":"Dikļu pagasta padome","amenity":"townhall"}},{"type":"Feature","geometry":{"type":"Point","coordinates":[24.077689,56.964792]},"properties":{"kategorija":"noturibas_punkts","id":"node/8848869436","adrese":"Matrožu iela 16, Rīga","veids":"Kultūras / tautas nams","statuss":{"siltums":"nav zināms","uzlade":"nav zināms","udens":"nav zināms","wifi":"nav zināms","generators":"nav zināms"},"last_updated":null,"name":"Fukušima","opening_hours":"by appointment only","website":"https://www.facebook.com/fukushima.lv","amenity":"community_centre"}},{"type":"Feature","geometry":{"type":"Point","coordinates":[26.729069,57.119051]},"properties":{"kategorija":"noturibas_punkts","id":"node/8856735481","adrese":"Dārza iela 10, Stari","veids":"Bibliotēka","statuss":{"siltums":"nav zināms","uzlade":"nav zināms","udens":"nav zināms","wifi":"nav zināms","generators":"nav zināms"},"last_updated":null,"name":"Staru bibliotēka","opening_hours":"Mo-Fr 09:00-17:00","amenity":"library"}},{"type":"Feature","geometry":{"type":"Point","coordinates":[24.823746,56.421317]},"properties":{"kategorija":"noturibas_punkts","id":"node/8865578977","adrese":"Kurmene","veids":"Kultūras / tautas nams","statuss":{"siltums":"nav zināms","uzlade":"nav zināms","udens":"nav zināms","wifi":"nav zināms","generators":"nav zināms"},"last_updated":null,"name":"Kurmenes pagasta kultūras nams","amenity":"community_centre"}},{"type":"Feature","geometry":{"type":"Point","coordinates":[24.823328,56.421338]},"properties":{"kategorija":"noturibas_punkts","id":"node/8865578978","adrese":"Kurmene","veids":"Pašvaldības ēka","statuss":{"siltums":"nav zināms","uzlade":"nav zināms","udens":"nav zināms","wifi":"nav zināms","generators":"nav zināms"},"last_updated":null,"name":"Kurmenes pagasta pārvalde","amenity":"townhall"}},{"type":"Feature","geometry":{"type":"Point","coordinates":[26.89396,57.40455]},"properties":{"kategorija":"noturibas_punkts","id":"node/8888464349","adrese":"Strautiņi","veids":"Bibliotēka","statuss":{"siltums":"nav zināms","uzlade":"nav zināms","udens":"nav zināms","wifi":"nav zināms","generators":"nav zināms"},"last_updated":null,"name":"Strautiņu bibliotēka","amenity":"library"}},{"type":"Feature","geometry":{"type":"Point","coordinates":[26.938013,57.443841]},"properties":{"kategorija":"noturibas_punkts","id":"node/8890920634","adrese":"Alsviķi","veids":"Bibliotēka","statuss":{"siltums":"nav zināms","uzlade":"nav zināms","udens":"nav zināms","wifi":"nav zināms","generators":"nav zināms"},"last_updated":null,"name":"Alsviķu bibliotēka","amenity":"library"}},{"type":"Feature","geometry":{"type":"Point","coordinates":[21.573812,57.376488]},"properties":{"kategorija":"noturibas_punkts","id":"node/889392975","adrese":"Baldones iela 16, Ventspils","veids":"Bibliotēka","statuss":{"siltums":"nav zināms","uzlade":"nav zināms","udens":"nav zināms","wifi":"nav zināms","generators":"nav zināms"},"last_updated":null,"name":"V/A Latvijas neredzīgo bibliotēkas Ventspils filiālbibliotēka","wheelchair":"limited","amenity":"library"}},{"type":"Feature","geometry":{"type":"Point","coordinates":[23.61838,56.941442]},"properties":{"kategorija":"noturibas_punkts","id":"node/890993105","adrese":"Dzirnavu iela 50, Jūrmala","veids":"Skola","statuss":{"siltums":"nav zināms","uzlade":"nav zināms","udens":"nav zināms","wifi":"nav zināms","generators":"nav zināms"},"last_updated":null,"name":"Jūrmalas pilsētas pamatskola","amenity":"school"}},{"type":"Feature","geometry":{"type":"Point","coordinates":[27.027749,57.33496]},"properties":{"kategorija":"noturibas_punkts","id":"node/8946010277","adrese":"Anna","veids":"Bibliotēka","statuss":{"siltums":"nav zināms","uzlade":"nav zināms","udens":"nav zināms","wifi":"nav zināms","generators":"nav zināms"},"last_updated":null,"name":"Annas bibliotēka","amenity":"library"}},{"type":"Feature","geometry":{"type":"Point","coordinates":[22.64215,57.128956]},"properties":{"kategorija":"noturibas_punkts","id":"node/8955134593","adrese":"Lielā iela 15, Jaunpagasts","veids":"Pašvaldības ēka","statuss":{"siltums":"nav zināms","uzlade":"nav zināms","udens":"nav zināms","wifi":"nav zināms","generators":"nav zināms"},"last_updated":null,"name":"Stendes pilsētas un Virbu pagasta apvienības pārvalde","amenity":"townhall"}},{"type":"Feature","geometry":{"type":"Point","coordinates":[26.718323,55.937747]},"properties":{"kategorija":"noturibas_punkts","id":"node/896412138","adrese":"Skolas iela 15, Naujene","veids":"Pašvaldības ēka","statuss":{"siltums":"nav zināms","uzlade":"nav zināms","udens":"nav zināms","wifi":"nav zināms","generators":"nav zināms"},"last_updated":null,"name":"Naujenes pagasta pārvalde","amenity":"townhall"}},{"type":"Feature","geometry":{"type":"Point","coordinates":[24.728361,56.806862]},"properties":{"kategorija":"noturibas_punkts","id":"node/8968991741","adrese":"Bumbieru iela 9, Ogresgals","veids":"Kultūras / tautas nams","statuss":{"siltums":"nav zināms","uzlade":"nav zināms","udens":"nav zināms","wifi":"nav zināms","generators":"nav zināms"},"last_updated":null,"name":"Ogresgala tautas nams","amenity":"community_centre"}},{"type":"Feature","geometry":{"type":"Point","coordinates":[24.728681,56.806866]},"properties":{"kategorija":"noturibas_punkts","id":"node/8968991745","adrese":"Bumbieru iela 9, Ogresgals","veids":"Bibliotēka","statuss":{"siltums":"nav zināms","uzlade":"nav zināms","udens":"nav zināms","wifi":"nav zināms","generators":"nav zināms"},"last_updated":null,"name":"Ogresgala bibliotēka","opening_hours":"Mo-Fr 10:00-18:00","amenity":"library"}},{"type":"Feature","geometry":{"type":"Point","coordinates":[24.728602,56.806866]},"properties":{"kategorija":"noturibas_punkts","id":"node/8968991746","adrese":"Bumbieru iela 9, Ogresgals","veids":"Pašvaldības ēka","statuss":{"siltums":"nav zināms","uzlade":"nav zināms","udens":"nav zināms","wifi":"nav zināms","generators":"nav zināms"},"last_updated":null,"name":"Ogresgala pagasta pārvalde","amenity":"townhall"}},{"type":"Feature","geometry":{"type":"Point","coordinates":[27.162831,57.362833]},"properties":{"kategorija":"noturibas_punkts","id":"node/8971594521","adrese":"Brenci","veids":"Bibliotēka","statuss":{"siltums":"nav zināms","uzlade":"nav zināms","udens":"nav zināms","wifi":"nav zināms","generators":"nav zināms"},"last_updated":null,"name":"Malienas bibliotēka","amenity":"library"}},{"type":"Feature","geometry":{"type":"Point","coordinates":[26.172863,56.358867]},"properties":{"kategorija":"noturibas_punkts","id":"node/8975055652","adrese":"Rīgas iela 105, Līvāni","veids":"Kultūras / tautas nams","statuss":{"siltums":"nav zināms","uzlade":"nav zināms","udens":"nav zināms","wifi":"nav zināms","generators":"nav zināms"},"last_updated":null,"name":"Līvānu novada kultūras centrs","amenity":"community_centre"}},{"type":"Feature","geometry":{"type":"Point","coordinates":[21.593974,56.721274]},"properties":{"kategorija":"noturibas_punkts","id":"node/8979674553","adrese":"Liepājas iela 20, Aizpute","veids":"Kultūras / tautas nams","statuss":{"siltums":"nav zināms","uzlade":"nav zināms","udens":"nav zināms","wifi":"nav zināms","generators":"nav zināms"},"last_updated":null,"name":"Lapka Hemp","amenity":"community_centre"}},{"type":"Feature","geometry":{"type":"Point","coordinates":[27.115177,57.438952]},"properties":{"kategorija":"noturibas_punkts","id":"node/9002013282","adrese":"Kolberģis","veids":"Bibliotēka","statuss":{"siltums":"nav zināms","uzlade":"nav zināms","udens":"nav zināms","wifi":"nav zināms","generators":"nav zināms"},"last_updated":null,"name":"Kolberģa bibliotēka","amenity":"library"}},{"type":"Feature","geometry":{"type":"Point","coordinates":[21.006557,56.505336]},"properties":{"kategorija":"noturibas_punkts","id":"node/904214021","adrese":"Krišjāņa Valdemāra iela 28, Liepāja","veids":"Skola","statuss":{"siltums":"nav zināms","uzlade":"nav zināms","udens":"nav zināms","wifi":"nav zināms","generators":"nav zināms"},"last_updated":null,"name":"Liepājas katoļu pamatskola","amenity":"school"}},{"type":"Feature","geometry":{"type":"Point","coordinates":[26.976566,57.491157]},"properties":{"kategorija":"noturibas_punkts","id":"node/9044071187","adrese":"Māriņkalns","veids":"Bibliotēka","statuss":{"siltums":"nav zināms","uzlade":"nav zināms","udens":"nav zināms","wifi":"nav zināms","generators":"nav zināms"},"last_updated":null,"name":"Māriņkalna bibliotēka","amenity":"library"}},{"type":"Feature","geometry":{"type":"Point","coordinates":[26.770971,57.25365]},"properties":{"kategorija":"noturibas_punkts","id":"node/9061242849","adrese":"Avotu iela 2, Beļava","veids":"Pašvaldības ēka","statuss":{"siltums":"nav zināms","uzlade":"nav zināms","udens":"nav zināms","wifi":"nav zināms","generators":"nav zināms"},"last_updated":null,"name":"Gulbenes novada Beļavas pagasta pārvalde","amenity":"townhall"}},{"type":"Feature","geometry":{"type":"Point","coordinates":[24.289942,56.942507]},"properties":{"kategorija":"noturibas_punkts","id":"node/9098485696","adrese":"Institūta iela 3, Ulbroka","veids":"Bibliotēka","statuss":{"siltums":"nav zināms","uzlade":"nav zināms","udens":"nav zināms","wifi":"nav zināms","generators":"nav zināms"},"last_updated":null,"name":"Ulbrokas bibliotēka","amenity":"library"}},{"type":"Feature","geometry":{"type":"Point","coordinates":[22.493727,57.343524]},"properties":{"kategorija":"noturibas_punkts","id":"node/9137838341","adrese":"Pūņas","veids":"Pašvaldības ēka","statuss":{"siltums":"nav zināms","uzlade":"nav zināms","udens":"nav zināms","wifi":"nav zināms","generators":"nav zināms"},"last_updated":null,"name":"Valdgales pagasta pārvalde","operator":"Talsu novada pašvaldība","amenity":"townhall"}},{"type":"Feature","geometry":{"type":"Point","coordinates":[22.494577,57.344465]},"properties":{"kategorija":"noturibas_punkts","id":"node/9137838342","adrese":"Pūņas","veids":"Kultūras / tautas nams","statuss":{"siltums":"nav zināms","uzlade":"nav zināms","udens":"nav zināms","wifi":"nav zināms","generators":"nav zināms"},"last_updated":null,"name":"Valdgales tautas nams","amenity":"community_centre"}},{"type":"Feature","geometry":{"type":"Point","coordinates":[24.24018,56.988124]},"properties":{"kategorija":"noturibas_punkts","id":"node/9150134555","adrese":"Silciema iela 3, Rīga","veids":"Kultūras / tautas nams","statuss":{"siltums":"nav zināms","uzlade":"nav zināms","udens":"nav zināms","wifi":"nav zināms","generators":"nav zināms"},"last_updated":null,"name":"IK Auseklis","website":"https://ikauseklis.lv/","amenity":"community_centre"}},{"type":"Feature","geometry":{"type":"Point","coordinates":[24.124102,56.999694]},"properties":{"kategorija":"noturibas_punkts","id":"node/9150134557","adrese":"Sarkandaugavas iela 24, Rīga","veids":"Kultūras / tautas nams","statuss":{"siltums":"nav zināms","uzlade":"nav zināms","udens":"nav zināms","wifi":"nav zināms","generators":"nav zināms"},"last_updated":null,"name":"Laimīte","amenity":"community_centre"}},{"type":"Feature","geometry":{"type":"Point","coordinates":[24.170465,56.564686]},"properties":{"kategorija":"noturibas_punkts","id":"node/9198093728","adrese":"Zorģi","veids":"Bibliotēka","statuss":{"siltums":"nav zināms","uzlade":"nav zināms","udens":"nav zināms","wifi":"nav zināms","generators":"nav zināms"},"last_updated":null,"name":"Zorģu bibliotēka","operator":"Iecavas novada dome","amenity":"library"}},{"type":"Feature","geometry":{"type":"Point","coordinates":[24.283478,56.943364]},"properties":{"kategorija":"noturibas_punkts","id":"node/9219842901","adrese":"Institūta iela 1A, Ulbroka","veids":"Pašvaldības ēka","statuss":{"siltums":"nav zināms","uzlade":"nav zināms","udens":"nav zināms","wifi":"nav zināms","generators":"nav zināms"},"last_updated":null,"name":"Ropažu novada pašvaldība","amenity":"townhall"}},{"type":"Feature","geometry":{"type":"Point","coordinates":[21.859279,56.42155]},"properties":{"kategorija":"noturibas_punkts","id":"node/9223663611","adrese":"Raiņa iela 23A, Vaiņode","veids":"Pašvaldības ēka","statuss":{"siltums":"nav zināms","uzlade":"nav zināms","udens":"nav zināms","wifi":"nav zināms","generators":"nav zināms"},"last_updated":null,"name":"Vaiņodes pagasta dome","amenity":"townhall"}},{"type":"Feature","geometry":{"type":"Point","coordinates":[24.350336,56.858836]},"properties":{"kategorija":"noturibas_punkts","id":"node/9228336110","adrese":"Līvzemes iela 7, Salaspils","veids":"Kultūras / tautas nams","statuss":{"siltums":"nav zināms","uzlade":"nav zināms","udens":"nav zināms","wifi":"nav zināms","generators":"nav zināms"},"last_updated":null,"name":"Rīgava","opening_hours":"Mo-Fr 14:00-20:00","website":"https://www.salaspilskultura.lv/","amenity":"community_centre"}},{"type":"Feature","geometry":{"type":"Point","coordinates":[25.324561,57.895807]},"properties":{"kategorija":"noturibas_punkts","id":"node/9228394187","adrese":"Upes iela 9, Rūjiena","veids":"Kultūras / tautas nams","statuss":{"siltums":"nav zināms","uzlade":"nav zināms","udens":"nav zināms","wifi":"nav zināms","generators":"nav zināms"},"last_updated":null,"name":"Rūjienas kultūras nams","amenity":"community_centre"}},{"type":"Feature","geometry":{"type":"Point","coordinates":[24.117835,56.877203]},"properties":{"kategorija":"noturibas_punkts","id":"node/9245337089","adrese":"Skolas iela 4, Baloži","veids":"Bibliotēka","statuss":{"siltums":"nav zināms","uzlade":"nav zināms","udens":"nav zināms","wifi":"nav zināms","generators":"nav zināms"},"last_updated":null,"name":"Baložu pilsētas bibliotēka","amenity":"library"}},{"type":"Feature","geometry":{"type":"Point","coordinates":[24.25715,56.316884]},"properties":{"kategorija":"noturibas_punkts","id":"node/9275382132","adrese":"Uzvaras iela 4, Uzvara","veids":"Kultūras / tautas nams","statuss":{"siltums":"nav zināms","uzlade":"nav zināms","udens":"nav zināms","wifi":"nav zināms","generators":"nav zināms"},"last_updated":null,"name":"Kultūras centrs \"Kamarde\"","amenity":"community_centre"}},{"type":"Feature","geometry":{"type":"Point","coordinates":[22.584847,57.74207]},"properties":{"kategorija":"noturibas_punkts","id":"node/9306230074","adrese":"Kolka","veids":"Kultūras / tautas nams","statuss":{"siltums":"nav zināms","uzlade":"nav zināms","udens":"nav zināms","wifi":"nav zināms","generators":"nav zināms"},"last_updated":null,"name":"Kolkas Lībiešu saieta nams","amenity":"community_centre"}},{"type":"Feature","geometry":{"type":"Point","coordinates":[24.125972,56.95762]},"properties":{"kategorija":"noturibas_punkts","id":"node/9325967733","adrese":"Stabu iela 19, Rīga","veids":"Kultūras / tautas nams","statuss":{"siltums":"nav zināms","uzlade":"nav zināms","udens":"nav zināms","wifi":"nav zināms","generators":"nav zināms"},"last_updated":null,"name":"LGBT House","wheelchair":"no","amenity":"community_centre"}},{"type":"Feature","geometry":{"type":"Point","coordinates":[26.557099,57.166646]},"properties":{"kategorija":"noturibas_punkts","id":"node/9339301939","adrese":"Skolas iela 5, Galgauska","veids":"Pašvaldības ēka","statuss":{"siltums":"nav zināms","uzlade":"nav zināms","udens":"nav zināms","wifi":"nav zināms","generators":"nav zināms"},"last_updated":null,"name":"Gulbenes novada Galgauskas pagasta pārvalde","amenity":"townhall"}},{"type":"Feature","geometry":{"type":"Point","coordinates":[21.854801,56.417582]},"properties":{"kategorija":"noturibas_punkts","id":"node/9351502798","adrese":"Raiņa iela 1A, Vaiņode","veids":"Bibliotēka","statuss":{"siltums":"nav zināms","uzlade":"nav zināms","udens":"nav zināms","wifi":"nav zināms","generators":"nav zināms"},"last_updated":null,"name":"Vaiņodes bibliotēka","amenity":"library"}},{"type":"Feature","geometry":{"type":"Point","coordinates":[22.782148,57.3138]},"properties":{"kategorija":"noturibas_punkts","id":"node/9370396331","adrese":"Vandzene","veids":"Pašvaldības ēka","statuss":{"siltums":"nav zināms","uzlade":"nav zināms","udens":"nav zināms","wifi":"nav zināms","generators":"nav zināms"},"last_updated":null,"name":"Vandzenes pagasta pārvalde","amenity":"townhall"}},{"type":"Feature","geometry":{"type":"Point","coordinates":[24.25277,56.982636]},"properties":{"kategorija":"noturibas_punkts","id":"node/9466049068","adrese":"Juglas iela 14B, Rīga","veids":"Bibliotēka","statuss":{"siltums":"nav zināms","uzlade":"nav zināms","udens":"nav zināms","wifi":"nav zināms","generators":"nav zināms"},"last_updated":null,"name":"Latvijas neredzīgo bibliotēka","opening_hours":"Mo-Fr 10:00-18:00","amenity":"library"}},{"type":"Feature","geometry":{"type":"Point","coordinates":[24.110799,56.954386]},"properties":{"kategorija":"noturibas_punkts","id":"node/9490786819","adrese":"Kalpaka bulvāris 8, Rīga","veids":"Skola","statuss":{"siltums":"nav zināms","uzlade":"nav zināms","udens":"nav zināms","wifi":"nav zināms","generators":"nav zināms"},"last_updated":null,"name":"Rīgas Valda Zālīša sākumskola","amenity":"school"}},{"type":"Feature","geometry":{"type":"Point","coordinates":[24.109592,56.960064]},"properties":{"kategorija":"noturibas_punkts","id":"node/9560367524","adrese":"Dzirnavu iela 16, Rīga","veids":"Skola","statuss":{"siltums":"nav zināms","uzlade":"nav zināms","udens":"nav zināms","wifi":"nav zināms","generators":"nav zināms"},"last_updated":null,"name":"Rīgas vācu skola","website":"https://www.deutscheschuleriga.lv/lv/","amenity":"school"}},{"type":"Feature","geometry":{"type":"Point","coordinates":[25.55839,56.345259]},"properties":{"kategorija":"noturibas_punkts","id":"node/9591805707","adrese":"Smilšu iela 2, Viesīte","veids":"Bibliotēka","statuss":{"siltums":"nav zināms","uzlade":"nav zināms","udens":"nav zināms","wifi":"nav zināms","generators":"nav zināms"},"last_updated":null,"name":"Viesītes bibliotēka","opening_hours":"Mo-Fr 10:00-18:00, Sa 10:00-14:00","amenity":"library"}},{"type":"Feature","geometry":{"type":"Point","coordinates":[21.852518,57.400787]},"properties":{"kategorija":"noturibas_punkts","id":"node/9658726234","adrese":"Skolas iela 14, Pope","veids":"Bibliotēka","statuss":{"siltums":"nav zināms","uzlade":"nav zināms","udens":"nav zināms","wifi":"nav zināms","generators":"nav zināms"},"last_updated":null,"name":"Popes bibliotēka","website":"https://biblioteka.ventspils.lv/novada-bibliotekas/popes-biblioteka/","amenity":"library"}},{"type":"Feature","geometry":{"type":"Point","coordinates":[24.417751,57.261145]},"properties":{"kategorija":"noturibas_punkts","id":"node/98092257","adrese":"Smilšu iela 3, Saulkrasti","veids":"Skola","statuss":{"siltums":"nav zināms","uzlade":"nav zināms","udens":"nav zināms","wifi":"nav zināms","generators":"nav zināms"},"last_updated":null,"name":"Saulkrastu vidusskola","website":"http://www.saulkrastuvsk.lv/","amenity":"school"}},{"type":"Feature","geometry":{"type":"Point","coordinates":[25.279281,57.313474]},"properties":{"kategorija":"noturibas_punkts","id":"node/9816625473","adrese":"Raunas iela 4, Cēsis","veids":"Pašvaldības ēka","statuss":{"siltums":"nav zināms","uzlade":"nav zināms","udens":"nav zināms","wifi":"nav zināms","generators":"nav zināms"},"last_updated":null,"name":"Cēsu novada pašvaldība","amenity":"townhall"}},{"type":"Feature","geometry":{"type":"Point","coordinates":[27.721694,56.543843]},"properties":{"kategorija":"noturibas_punkts","id":"node/9833177961","adrese":"Raiņa iela 16, Ludza","veids":"Pašvaldības ēka","statuss":{"siltums":"nav zināms","uzlade":"nav zināms","udens":"nav zināms","wifi":"nav zināms","generators":"nav zināms"},"last_updated":null,"name":"Ludzas novada pašvaldība","amenity":"townhall"}},{"type":"Feature","geometry":{"type":"Point","coordinates":[25.141505,57.333972]},"properties":{"kategorija":"noturibas_punkts","id":"node/9879743462","adrese":"Auciems","veids":"Kultūras / tautas nams","statuss":{"siltums":"nav zināms","uzlade":"nav zināms","udens":"nav zināms","wifi":"nav zināms","generators":"nav zināms"},"last_updated":null,"name":"Raiskuma pagasta tautas nams","amenity":"community_centre"}},{"type":"Feature","geometry":{"type":"Point","coordinates":[26.8432,56.042051]},"properties":{"kategorija":"noturibas_punkts","id":"node/9884900553","adrese":"Parka iela 16, Ambeļi","veids":"Kultūras / tautas nams","statuss":{"siltums":"nav zināms","uzlade":"nav zināms","udens":"nav zināms","wifi":"nav zināms","generators":"nav zināms"},"last_updated":null,"name":"Latgalisko tradīciju un prasmju māja \"Ambeļu skreine\"","amenity":"community_centre"}},{"type":"Feature","geometry":{"type":"Point","coordinates":[23.128387,56.902063]},"properties":{"kategorija":"noturibas_punkts","id":"node/9904155237","adrese":"Vienība","veids":"Pašvaldības ēka","statuss":{"siltums":"nav zināms","uzlade":"nav zināms","udens":"nav zināms","wifi":"nav zināms","generators":"nav zināms"},"last_updated":null,"name":"Degoles pagasta pārvalde","amenity":"townhall"}},{"type":"Feature","geometry":{"type":"Point","coordinates":[23.29796,56.851668]},"properties":{"kategorija":"noturibas_punkts","id":"node/9908191457","adrese":"Slampe","veids":"Pašvaldības ēka","statuss":{"siltums":"nav zināms","uzlade":"nav zināms","udens":"nav zināms","wifi":"nav zināms","generators":"nav zināms"},"last_updated":null,"name":"Slampes pagasta pārvalde","amenity":"townhall"}},{"type":"Feature","geometry":{"type":"Point","coordinates":[21.012243,56.506408]},"properties":{"kategorija":"noturibas_punkts","id":"node/9925643256","adrese":"Zivju iela 7, Liepāja","veids":"Bibliotēka","statuss":{"siltums":"nav zināms","uzlade":"nav zināms","udens":"nav zināms","wifi":"nav zināms","generators":"nav zināms"},"last_updated":null,"name":"Liepājas pilsētas Centrālā zinātniskā bibliotēka","amenity":"library"}},{"type":"Feature","geometry":{"type":"Point","coordinates":[21.01218,56.506092]},"properties":{"kategorija":"noturibas_punkts","id":"node/9925643257","adrese":"Zivju iela 9, Liepāja","veids":"Bibliotēka","statuss":{"siltums":"nav zināms","uzlade":"nav zināms","udens":"nav zināms","wifi":"nav zināms","generators":"nav zināms"},"last_updated":null,"name":"Vecliepājas Rūķis","amenity":"library"}},{"type":"Feature","geometry":{"type":"Point","coordinates":[21.004542,56.50372]},"properties":{"kategorija":"noturibas_punkts","id":"node/9925643267","adrese":"Alejas iela 18, Liepāja","veids":"Skola","statuss":{"siltums":"nav zināms","uzlade":"nav zināms","udens":"nav zināms","wifi":"nav zināms","generators":"nav zināms"},"last_updated":null,"name":"Liepājas Bērnu Mākslas skola","amenity":"school"}},{"type":"Feature","geometry":{"type":"Point","coordinates":[27.425139,56.492688]},"properties":{"kategorija":"noturibas_punkts","id":"node/9929098715","adrese":"Centrālā iela 27, Sprūževa","veids":"Kultūras / tautas nams","statuss":{"siltums":"nav zināms","uzlade":"nav zināms","udens":"nav zināms","wifi":"nav zināms","generators":"nav zināms"},"last_updated":null,"name":"Griškānu pagasta kultūras nams","amenity":"community_centre"}},{"type":"Feature","geometry":{"type":"Point","coordinates":[27.425185,56.492646]},"properties":{"kategorija":"noturibas_punkts","id":"node/9929116730","adrese":"Centrālā iela 27, Sprūževa","veids":"Pašvaldības ēka","statuss":{"siltums":"nav zināms","uzlade":"nav zināms","udens":"nav zināms","wifi":"nav zināms","generators":"nav zināms"},"last_updated":null,"name":"Griškānu pagasta pārvalde","amenity":"townhall"}},{"type":"Feature","geometry":{"type":"Point","coordinates":[25.448597,57.493198]},"properties":{"kategorija":"noturibas_punkts","id":"node/994692381","adrese":"Kauguri","veids":"Bibliotēka","statuss":{"siltums":"nav zināms","uzlade":"nav zināms","udens":"nav zināms","wifi":"nav zināms","generators":"nav zināms"},"last_updated":null,"name":"Beverīnas novada pašvaldības Kauguru bibliotēka","amenity":"library"}},{"type":"Feature","geometry":{"type":"Point","coordinates":[21.007506,56.502812]},"properties":{"kategorija":"noturibas_punkts","id":"node/9962187053","adrese":"Kuršu iela 20, Liepāja","veids":"Kultūras / tautas nams","statuss":{"siltums":"nav zināms","uzlade":"nav zināms","udens":"nav zināms","wifi":"nav zināms","generators":"nav zināms"},"last_updated":null,"name":"Pegaza pagalms","amenity":"community_centre"}},{"type":"Feature","geometry":{"type":"Point","coordinates":[28.126372,56.388946]},"properties":{"kategorija":"noturibas_punkts","id":"node/9964504520","adrese":"Raiņa iela 13, Zilupe","veids":"Pašvaldības ēka","statuss":{"siltums":"nav zināms","uzlade":"nav zināms","udens":"nav zināms","wifi":"nav zināms","generators":"nav zināms"},"last_updated":null,"name":"Zilupes novada dome","amenity":"townhall"}},{"type":"Feature","geometry":{"type":"Point","coordinates":[28.126179,56.388949]},"properties":{"kategorija":"noturibas_punkts","id":"node/9964504521","adrese":"Raiņa iela 13, Zilupe","veids":"Pašvaldības ēka","statuss":{"siltums":"nav zināms","uzlade":"nav zināms","udens":"nav zināms","wifi":"nav zināms","generators":"nav zināms"},"last_updated":null,"name":"Zilupes pilsētas pārvalde","amenity":"townhall"}},{"type":"Feature","geometry":{"type":"Point","coordinates":[25.246233,57.308976]},"properties":{"kategorija":"noturibas_punkts","id":"relation/1069573","adrese":"Gaujas iela 45, Cēsis","veids":"Skola","statuss":{"siltums":"nav zināms","uzlade":"nav zināms","udens":"nav zināms","wifi":"nav zināms","generators":"nav zināms"},"last_updated":null,"name":"Cēsu 2. pamatskola","building":"school","amenity":"school"}},{"type":"Feature","geometry":{"type":"Point","coordinates":[24.102993,57.031947]},"properties":{"kategorija":"noturibas_punkts","id":"relation/10990704","adrese":"","veids":"Skola","statuss":{"siltums":"nav zināms","uzlade":"nav zināms","udens":"nav zināms","wifi":"nav zināms","generators":"nav zināms"},"last_updated":null,"name":"Rīgas 31. vidusskola","amenity":"school"}},{"type":"Feature","geometry":{"type":"Point","coordinates":[24.101314,56.91204]},"properties":{"kategorija":"noturibas_punkts","id":"relation/11116536","adrese":"","veids":"Skola","statuss":{"siltums":"nav zināms","uzlade":"nav zināms","udens":"nav zināms","wifi":"nav zināms","generators":"nav zināms"},"last_updated":null,"name":"Rīgas Ēbelmuižas pamatskola","amenity":"school"}},{"type":"Feature","geometry":{"type":"Point","coordinates":[24.249824,56.978421]},"properties":{"kategorija":"noturibas_punkts","id":"relation/11116538","adrese":"","veids":"Skola","statuss":{"siltums":"nav zināms","uzlade":"nav zināms","udens":"nav zināms","wifi":"nav zināms","generators":"nav zināms"},"last_updated":null,"name":"Juglas vidusskola","amenity":"school"}},{"type":"Feature","geometry":{"type":"Point","coordinates":[24.00645,56.945545]},"properties":{"kategorija":"noturibas_punkts","id":"relation/11314210","adrese":"","veids":"Skola","statuss":{"siltums":"nav zināms","uzlade":"nav zināms","udens":"nav zināms","wifi":"nav zināms","generators":"nav zināms"},"last_updated":null,"name":"Rīgas Zolitūdes ģimnāzija","website":"https://zolitude.lv","amenity":"school"}},{"type":"Feature","geometry":{"type":"Point","coordinates":[24.051554,56.96326]},"properties":{"kategorija":"noturibas_punkts","id":"relation/11809047","adrese":"Iļģuciema iela 6, Rīga","veids":"Skola","statuss":{"siltums":"nav zināms","uzlade":"nav zināms","udens":"nav zināms","wifi":"nav zināms","generators":"nav zināms"},"last_updated":null,"name":"Rīgas 71. vidusskola","website":"http://dati.e-skola.lv/Iestade/R71VS","amenity":"school"}},{"type":"Feature","geometry":{"type":"Point","coordinates":[24.050189,56.964064]},"properties":{"kategorija":"noturibas_punkts","id":"relation/11809048","adrese":"Grīvas iela 26, Rīga","veids":"Skola","statuss":{"siltums":"nav zināms","uzlade":"nav zināms","udens":"nav zināms","wifi":"nav zināms","generators":"nav zināms"},"last_updated":null,"name":"Rīgas 71. vidusskola, bērnu-invalīdu rehabilitācijas centrs","amenity":"school"}},{"type":"Feature","geometry":{"type":"Point","coordinates":[24.072036,56.925212]},"properties":{"kategorija":"noturibas_punkts","id":"relation/12706152","adrese":"","veids":"Skola","statuss":{"siltums":"nav zināms","uzlade":"nav zināms","udens":"nav zināms","wifi":"nav zināms","generators":"nav zināms"},"last_updated":null,"name":"Rīgas Angļu ģimnāzija","amenity":"school"}},{"type":"Feature","geometry":{"type":"Point","coordinates":[24.014883,56.965901]},"properties":{"kategorija":"noturibas_punkts","id":"relation/12854280","adrese":"Dammes iela 20, Rīga","veids":"Skola","statuss":{"siltums":"nav zināms","uzlade":"nav zināms","udens":"nav zināms","wifi":"nav zināms","generators":"nav zināms"},"last_updated":null,"name":"Rīgas Ostvalda vidusskola","website":"https://ostvalda.lv/","amenity":"school"}},{"type":"Feature","geometry":{"type":"Point","coordinates":[23.913183,56.942617]},"properties":{"kategorija":"noturibas_punkts","id":"relation/13085065","adrese":"","veids":"Skola","statuss":{"siltums":"nav zināms","uzlade":"nav zināms","udens":"nav zināms","wifi":"nav zināms","generators":"nav zināms"},"last_updated":null,"name":"Babītes vidusskola","amenity":"school"}},{"type":"Feature","geometry":{"type":"Point","coordinates":[24.996728,56.768173]},"properties":{"kategorija":"noturibas_punkts","id":"relation/13157343","adrese":"","veids":"Skola","statuss":{"siltums":"nav zināms","uzlade":"nav zināms","udens":"nav zināms","wifi":"nav zināms","generators":"nav zināms"},"last_updated":null,"name":"Lēdmanes pamatskola","amenity":"school"}},{"type":"Feature","geometry":{"type":"Point","coordinates":[24.036715,56.919581]},"properties":{"kategorija":"noturibas_punkts","id":"relation/13169316","adrese":"Kantora iela 97, Mārupe","veids":"Skola","statuss":{"siltums":"nav zināms","uzlade":"nav zināms","udens":"nav zināms","wifi":"nav zināms","generators":"nav zināms"},"last_updated":null,"name":"Mārupes Valsts ģimnāzija","website":"https://www.marupe.edu.lv","amenity":"school"}},{"type":"Feature","geometry":{"type":"Point","coordinates":[24.064817,56.884293]},"properties":{"kategorija":"noturibas_punkts","id":"relation/13169933","adrese":"Viskalnu iela 7, Tīraine","veids":"Skola","statuss":{"siltums":"nav zināms","uzlade":"nav zināms","udens":"nav zināms","wifi":"nav zināms","generators":"nav zināms"},"last_updated":null,"name":"Mārupes pamatskola","amenity":"school"}},{"type":"Feature","geometry":{"type":"Point","coordinates":[24.065369,56.938083]},"properties":{"kategorija":"noturibas_punkts","id":"relation/13295264","adrese":"","veids":"Skola","statuss":{"siltums":"nav zināms","uzlade":"nav zināms","udens":"nav zināms","wifi":"nav zināms","generators":"nav zināms"},"last_updated":null,"name":"Rīgas Arkādijas vidusskola","amenity":"school"}},{"type":"Feature","geometry":{"type":"Point","coordinates":[24.118142,56.877302]},"properties":{"kategorija":"noturibas_punkts","id":"relation/13601469","adrese":"Skolas iela 4, Baloži","veids":"Kultūras / tautas nams","statuss":{"siltums":"nav zināms","uzlade":"nav zināms","udens":"nav zināms","wifi":"nav zināms","generators":"nav zināms"},"last_updated":null,"name":"Baložu kultūras nams","website":"https://www.kekava.lv","building":"public","amenity":"community_centre"}},{"type":"Feature","geometry":{"type":"Point","coordinates":[24.756568,56.630517]},"properties":{"kategorija":"noturibas_punkts","id":"relation/13925383","adrese":"Skolas iela 2, Birzgale","veids":"Kultūras / tautas nams","statuss":{"siltums":"nav zināms","uzlade":"nav zināms","udens":"nav zināms","wifi":"nav zināms","generators":"nav zināms"},"last_updated":null,"name":"Birzgales Kultūras Nams","building":"yes","amenity":"community_centre"}},{"type":"Feature","geometry":{"type":"Point","coordinates":[24.092737,56.919943]},"properties":{"kategorija":"noturibas_punkts","id":"relation/14027804","adrese":"","veids":"Skola","statuss":{"siltums":"nav zināms","uzlade":"nav zināms","udens":"nav zināms","wifi":"nav zināms","generators":"nav zināms"},"last_updated":null,"name":"Rīgas 3. pamatskola","amenity":"school"}},{"type":"Feature","geometry":{"type":"Point","coordinates":[24.09789,56.911948]},"properties":{"kategorija":"noturibas_punkts","id":"relation/1407632","adrese":"","veids":"Skola","statuss":{"siltums":"nav zināms","uzlade":"nav zināms","udens":"nav zināms","wifi":"nav zināms","generators":"nav zināms"},"last_updated":null,"name":"Rīgas Pārdaugavas pamatskola","website":"https://pdps.lv/","amenity":"school"}},{"type":"Feature","geometry":{"type":"Point","coordinates":[23.761873,56.69362]},"properties":{"kategorija":"noturibas_punkts","id":"relation/14209436","adrese":"","veids":"Skola","statuss":{"siltums":"nav zināms","uzlade":"nav zināms","udens":"nav zināms","wifi":"nav zināms","generators":"nav zināms"},"last_updated":null,"name":"Ozolnieku vidusskola","website":"https://www.ozolniekuvsk.lv/","amenity":"school"}},{"type":"Feature","geometry":{"type":"Point","coordinates":[24.338985,56.856095]},"properties":{"kategorija":"noturibas_punkts","id":"relation/14456395","adrese":"","veids":"Skola","statuss":{"siltums":"nav zināms","uzlade":"nav zināms","udens":"nav zināms","wifi":"nav zināms","generators":"nav zināms"},"last_updated":null,"name":"Salaspils 1. vidusskola","website":"https://s1vsk.lv/index.html","amenity":"school"}},{"type":"Feature","geometry":{"type":"Point","coordinates":[23.621166,56.957405]},"properties":{"kategorija":"noturibas_punkts","id":"relation/14759040","adrese":"","veids":"Skola","statuss":{"siltums":"nav zināms","uzlade":"nav zināms","udens":"nav zināms","wifi":"nav zināms","generators":"nav zināms"},"last_updated":null,"name":"Mežmalas pamatskola","website":"https://mezmalasskola.lv/","amenity":"school"}},{"type":"Feature","geometry":{"type":"Point","coordinates":[23.33977,56.951221]},"properties":{"kategorija":"noturibas_punkts","id":"relation/15077365","adrese":"Smārde","veids":"Skola","statuss":{"siltums":"nav zināms","uzlade":"nav zināms","udens":"nav zināms","wifi":"nav zināms","generators":"nav zināms"},"last_updated":null,"name":"Smārdes pamatskola","amenity":"school"}},{"type":"Feature","geometry":{"type":"Point","coordinates":[23.664539,56.960217]},"properties":{"kategorija":"noturibas_punkts","id":"relation/15350618","adrese":"","veids":"Skola","statuss":{"siltums":"nav zināms","uzlade":"nav zināms","udens":"nav zināms","wifi":"nav zināms","generators":"nav zināms"},"last_updated":null,"name":"Vaivaru pamatskola","amenity":"school"}},{"type":"Feature","geometry":{"type":"Point","coordinates":[24.117124,56.877964]},"properties":{"kategorija":"noturibas_punkts","id":"relation/16394707","adrese":"Skolas iela 6, Baloži","veids":"Skola","statuss":{"siltums":"nav zināms","uzlade":"nav zināms","udens":"nav zināms","wifi":"nav zināms","generators":"nav zināms"},"last_updated":null,"name":"Baložu vidusskola","amenity":"school"}},{"type":"Feature","geometry":{"type":"Point","coordinates":[26.547683,55.874173]},"properties":{"kategorija":"noturibas_punkts","id":"relation/17553450","adrese":"","veids":"Skola","statuss":{"siltums":"nav zināms","uzlade":"nav zināms","udens":"nav zināms","wifi":"nav zināms","generators":"nav zināms"},"last_updated":null,"name":"Daugavpils Valstspilsētas vidusskola","website":"https://www.dvvsk.lv/","amenity":"school"}},{"type":"Feature","geometry":{"type":"Point","coordinates":[26.553771,55.882305]},"properties":{"kategorija":"noturibas_punkts","id":"relation/17747707","adrese":"","veids":"Skola","statuss":{"siltums":"nav zināms","uzlade":"nav zināms","udens":"nav zināms","wifi":"nav zināms","generators":"nav zināms"},"last_updated":null,"name":"Daugavpils Iespēju vidusskola","website":"https://divsk.lv","amenity":"school"}},{"type":"Feature","geometry":{"type":"Point","coordinates":[26.532044,55.892979]},"properties":{"kategorija":"noturibas_punkts","id":"relation/17839278","adrese":"","veids":"Skola","statuss":{"siltums":"nav zināms","uzlade":"nav zināms","udens":"nav zināms","wifi":"nav zināms","generators":"nav zināms"},"last_updated":null,"name":"Daugavpils Draudzīgā aicinājuma vidusskola","website":"https://ddavsk.lv/","amenity":"school"}},{"type":"Feature","geometry":{"type":"Point","coordinates":[24.069859,56.95196]},"properties":{"kategorija":"noturibas_punkts","id":"relation/18468475","adrese":"Hāmaņa iela 2A, Rīga","veids":"Skola","statuss":{"siltums":"nav zināms","uzlade":"nav zināms","udens":"nav zināms","wifi":"nav zināms","generators":"nav zināms"},"last_updated":null,"name":"Jaņa Rozentāla Rīgas mākslas vidusskola","website":"https://www.jrrmv.lv/","amenity":"school"}},{"type":"Feature","geometry":{"type":"Point","coordinates":[21.966287,56.970617]},"properties":{"kategorija":"noturibas_punkts","id":"relation/19065645","adrese":"","veids":"Skola","statuss":{"siltums":"nav zināms","uzlade":"nav zināms","udens":"nav zināms","wifi":"nav zināms","generators":"nav zināms"},"last_updated":null,"name":"Kuldīgas mākslas un humanitāro zinību vidusskola","amenity":"school"}},{"type":"Feature","geometry":{"type":"Point","coordinates":[26.128216,56.897414]},"properties":{"kategorija":"noturibas_punkts","id":"relation/20149996","adrese":"","veids":"Skola","statuss":{"siltums":"nav zināms","uzlade":"nav zināms","udens":"nav zināms","wifi":"nav zināms","generators":"nav zināms"},"last_updated":null,"name":"Kusas pamatskola","website":"https://kusasskola.lv/","amenity":"school"}},{"type":"Feature","geometry":{"type":"Point","coordinates":[24.070352,56.947401]},"properties":{"kategorija":"noturibas_punkts","id":"relation/6250716","adrese":"","veids":"Skola","statuss":{"siltums":"nav zināms","uzlade":"nav zināms","udens":"nav zināms","wifi":"nav zināms","generators":"nav zināms"},"last_updated":null,"name":"Pāvula Jurjāna mūzikas skola","website":"https://jurjani.lv/","amenity":"school"}},{"type":"Feature","geometry":{"type":"Point","coordinates":[24.70951,57.506302]},"properties":{"kategorija":"noturibas_punkts","id":"relation/8704865","adrese":"","veids":"Skola","statuss":{"siltums":"nav zināms","uzlade":"nav zināms","udens":"nav zināms","wifi":"nav zināms","generators":"nav zināms"},"last_updated":null,"name":"Limbažu 3. vidusskola","building":"school","amenity":"school"}},{"type":"Feature","geometry":{"type":"Point","coordinates":[24.006102,56.960461]},"properties":{"kategorija":"noturibas_punkts","id":"relation/8822966","adrese":"Auru iela 6A, Rīga","veids":"Skola","statuss":{"siltums":"nav zināms","uzlade":"nav zināms","udens":"nav zināms","wifi":"nav zināms","generators":"nav zināms"},"last_updated":null,"name":"Rīgas 96. vidusskola","operator":"Rīgas pašvaldība","website":"https://r96vs.lv/","amenity":"school"}},{"type":"Feature","geometry":{"type":"Point","coordinates":[24.018498,56.946019]},"properties":{"kategorija":"noturibas_punkts","id":"relation/8822980","adrese":"","veids":"Skola","statuss":{"siltums":"nav zināms","uzlade":"nav zināms","udens":"nav zināms","wifi":"nav zināms","generators":"nav zināms"},"last_updated":null,"name":"Ziemeļvalstu Ģimnāzija","website":"https://www.zvg.lv/","wheelchair":"yes","amenity":"school"}},{"type":"Feature","geometry":{"type":"Point","coordinates":[23.910387,56.954044]},"properties":{"kategorija":"noturibas_punkts","id":"relation/8840060","adrese":"","veids":"Skola","statuss":{"siltums":"nav zināms","uzlade":"nav zināms","udens":"nav zināms","wifi":"nav zināms","generators":"nav zināms"},"last_updated":null,"name":"Starptautiskā vidusskola “Ekziperī”","operator":"SIA “Exupery”","website":"https://exupery.lv/","amenity":"school"}},{"type":"Feature","geometry":{"type":"Point","coordinates":[24.022459,56.936857]},"properties":{"kategorija":"noturibas_punkts","id":"relation/8840254","adrese":"Šampētera iela 98, Rīga","veids":"Skola","statuss":{"siltums":"nav zināms","uzlade":"nav zināms","udens":"nav zināms","wifi":"nav zināms","generators":"nav zināms"},"last_updated":null,"name":"Rīgas Valdorfskola (filiāle)","amenity":"school"}},{"type":"Feature","geometry":{"type":"Point","coordinates":[24.072733,56.941522]},"properties":{"kategorija":"noturibas_punkts","id":"relation/8857325","adrese":"","veids":"Skola","statuss":{"siltums":"nav zināms","uzlade":"nav zināms","udens":"nav zināms","wifi":"nav zināms","generators":"nav zināms"},"last_updated":null,"name":"Āgenskalna Valsts ģimnāzija","amenity":"school"}},{"type":"Feature","geometry":{"type":"Point","coordinates":[24.107326,56.953519]},"properties":{"kategorija":"noturibas_punkts","id":"relation/9622121","adrese":"Krišjāņa Valdemāra iela 2, Rīga","veids":"Skola","statuss":{"siltums":"nav zināms","uzlade":"nav zināms","udens":"nav zināms","wifi":"nav zināms","generators":"nav zināms"},"last_updated":null,"name":"Pamatskola Rīdze","amenity":"school"}},{"type":"Feature","geometry":{"type":"Point","coordinates":[22.39577,56.730353]},"properties":{"kategorija":"noturibas_punkts","id":"way/1002230671","adrese":"Skolas iela 1, Lutriņi","veids":"Skola","statuss":{"siltums":"nav zināms","uzlade":"nav zināms","udens":"nav zināms","wifi":"nav zināms","generators":"nav zināms"},"last_updated":null,"name":"Lutriņu pamatskola","amenity":"school"}},{"type":"Feature","geometry":{"type":"Point","coordinates":[23.536165,56.59234]},"properties":{"kategorija":"noturibas_punkts","id":"way/100655435","adrese":"","veids":"Skola","statuss":{"siltums":"nav zināms","uzlade":"nav zināms","udens":"nav zināms","wifi":"nav zināms","generators":"nav zināms"},"last_updated":null,"name":"Glūdas pamatskola","amenity":"school"}},{"type":"Feature","geometry":{"type":"Point","coordinates":[24.150915,56.953995]},"properties":{"kategorija":"noturibas_punkts","id":"way/1010741601","adrese":"Augusta Deglava iela 3, Rīga","veids":"Skola","statuss":{"siltums":"nav zināms","uzlade":"nav zināms","udens":"nav zināms","wifi":"nav zināms","generators":"nav zināms"},"last_updated":null,"name":"Rīgas 1. Kristīgā pamatskola","amenity":"school"}},{"type":"Feature","geometry":{"type":"Point","coordinates":[24.085848,56.903331]},"properties":{"kategorija":"noturibas_punkts","id":"way/1010741612","adrese":"","veids":"Skola","statuss":{"siltums":"nav zināms","uzlade":"nav zināms","udens":"nav zināms","wifi":"nav zināms","generators":"nav zināms"},"last_updated":null,"name":"95. vidusskola","amenity":"school"}},{"type":"Feature","geometry":{"type":"Point","coordinates":[24.048944,56.963816]},"properties":{"kategorija":"noturibas_punkts","id":"way/1023786555","adrese":"Grīvas iela 28, Rīga","veids":"Skola","statuss":{"siltums":"nav zināms","uzlade":"nav zināms","udens":"nav zināms","wifi":"nav zināms","generators":"nav zināms"},"last_updated":null,"name":"Rīgas Riteņbraukšanas skola","website":"https://www.veloskola.lv/","amenity":"school"}},{"type":"Feature","geometry":{"type":"Point","coordinates":[24.127775,56.967678]},"properties":{"kategorija":"noturibas_punkts","id":"way/103320047","adrese":"","veids":"Skola","statuss":{"siltums":"nav zināms","uzlade":"nav zināms","udens":"nav zināms","wifi":"nav zināms","generators":"nav zināms"},"last_updated":null,"name":"Rīgas 21. vidusskola","amenity":"school"}},{"type":"Feature","geometry":{"type":"Point","coordinates":[25.042914,57.23258]},"properties":{"kategorija":"noturibas_punkts","id":"way/103457689","adrese":"Spriņģu iela 4, Līgatne","veids":"Pašvaldības ēka","statuss":{"siltums":"nav zināms","uzlade":"nav zināms","udens":"nav zināms","wifi":"nav zināms","generators":"nav zināms"},"last_updated":null,"name":"Līgatnes novada dome","building":"yes","amenity":"townhall"}},{"type":"Feature","geometry":{"type":"Point","coordinates":[25.054861,57.188501]},"properties":{"kategorija":"noturibas_punkts","id":"way/103457763","adrese":"Upes iela 2, Augšlīgatne","veids":"Skola","statuss":{"siltums":"nav zināms","uzlade":"nav zināms","udens":"nav zināms","wifi":"nav zināms","generators":"nav zināms"},"last_updated":null,"name":"Līgatnes novada vidusskola (Augšlīgatnē)","building":"school","amenity":"school"}},{"type":"Feature","geometry":{"type":"Point","coordinates":[25.035084,57.18671]},"properties":{"kategorija":"noturibas_punkts","id":"way/103459740","adrese":"Mākslas iela 2, Augšlīgatne","veids":"Skola","statuss":{"siltums":"nav zināms","uzlade":"nav zināms","udens":"nav zināms","wifi":"nav zināms","generators":"nav zināms"},"last_updated":null,"name":"Līgatnes Mūzikas un mākslas skola","building":"school","amenity":"school"}},{"type":"Feature","geometry":{"type":"Point","coordinates":[22.893925,56.466387]},"properties":{"kategorija":"noturibas_punkts","id":"way/1050830671","adrese":"Jelgavas iela 1, Auce","veids":"Pašvaldības ēka","statuss":{"siltums":"nav zināms","uzlade":"nav zināms","udens":"nav zināms","wifi":"nav zināms","generators":"nav zināms"},"last_updated":null,"name":"Pilsētas parvalde","building":"yes","amenity":"townhall"}},{"type":"Feature","geometry":{"type":"Point","coordinates":[23.598369,56.960443]},"properties":{"kategorija":"noturibas_punkts","id":"way/105111209","adrese":"Engures iela 4A, Jūrmala","veids":"Bibliotēka","statuss":{"siltums":"nav zināms","uzlade":"nav zināms","udens":"nav zināms","wifi":"nav zināms","generators":"nav zināms"},"last_updated":null,"name":"Kauguru bibliotēka ar bērnu nodaļu","opening_hours":"Mo-Fr 11:00-19:00; Sa 10:00-16:00","website":"https://jurmala.lv/lv/kultura/bibliotekas/18576-kauguru-biblioteka","building":"yes","amenity":"library"}},{"type":"Feature","geometry":{"type":"Point","coordinates":[23.61002,56.95997]},"properties":{"kategorija":"noturibas_punkts","id":"way/105111309","adrese":"Raiņa iela 110, Jūrmala","veids":"Kultūras / tautas nams","statuss":{"siltums":"nav zināms","uzlade":"nav zināms","udens":"nav zināms","wifi":"nav zināms","generators":"nav zināms"},"last_updated":null,"name":"Kauguru kultūras nams","opening_hours":"Mo-Su 12:00-20:00","website":"https://www.jurmala.lv/page/890","building":"yes","amenity":"community_centre"}},{"type":"Feature","geometry":{"type":"Point","coordinates":[23.49627,56.944893]},"properties":{"kategorija":"noturibas_punkts","id":"way/105119523","adrese":"Tukuma iela 30, Jūrmala","veids":"Pašvaldības ēka","statuss":{"siltums":"nav zināms","uzlade":"nav zināms","udens":"nav zināms","wifi":"nav zināms","generators":"nav zināms"},"last_updated":null,"name":"Jūrmalas Pilsētas Domes Apmeklētāju Apkalpošanas Centrs","opening_hours":"Mo 08:30-13:00,13:30-18:00; Tu-Th 08:30-13:00,13:30-17:00; Fr 08:30-13:00,13:30-16:00","wheelchair":"no","building":"yes","amenity":"townhall"}},{"type":"Feature","geometry":{"type":"Point","coordinates":[23.849356,56.981301]},"properties":{"kategorija":"noturibas_punkts","id":"way/105123049","adrese":"Edinburgas prospekts 89, Jūrmala","veids":"Bibliotēka","statuss":{"siltums":"nav zināms","uzlade":"nav zināms","udens":"nav zināms","wifi":"nav zināms","generators":"nav zināms"},"last_updated":null,"name":"Bulduru bibliotēka ar bērnu nodaļu","opening_hours":"Mo-Fr 10:00-18:00","website":"https://jurmala.lv/lv/kultura/bibliotekas/18569-bulduru-biblioteka","building":"yes","amenity":"library"}},{"type":"Feature","geometry":{"type":"Point","coordinates":[23.692361,56.95815]},"properties":{"kategorija":"noturibas_punkts","id":"way/105123159","adrese":"Dzimtenes iela 15 k-2, Jūrmala","veids":"Bibliotēka","statuss":{"siltums":"nav zināms","uzlade":"nav zināms","udens":"nav zināms","wifi":"nav zināms","generators":"nav zināms"},"last_updated":null,"name":"Asaru bibliotēka ar bērnu nodaļu","opening_hours":"Tu-Fr 10:00-18:00; Sa 10:00-16:00","website":"https://jurmala.lv/lv/kultura/bibliotekas/18572-asaru-biblioteka","building":"yes","amenity":"library"}},{"type":"Feature","geometry":{"type":"Point","coordinates":[23.494184,56.942808]},"properties":{"kategorija":"noturibas_punkts","id":"way/105123349","adrese":"Tukuma iela 20 k-1, Jūrmala","veids":"Bibliotēka","statuss":{"siltums":"nav zināms","uzlade":"nav zināms","udens":"nav zināms","wifi":"nav zināms","generators":"nav zināms"},"last_updated":null,"name":"Ķemeru bibliotēka ar bērnu nodaļu","opening_hours":"Mo-Fr 10:00-18:00","website":"https://jurmala.lv/lv/kultura/bibliotekas/18578-kemeru-biblioteka","building":"yes","amenity":"library"}},{"type":"Feature","geometry":{"type":"Point","coordinates":[23.61883,56.942536]},"properties":{"kategorija":"noturibas_punkts","id":"way/105124735","adrese":"Raiņa iela 3, Jūrmala","veids":"Bibliotēka","statuss":{"siltums":"nav zināms","uzlade":"nav zināms","udens":"nav zināms","wifi":"nav zināms","generators":"nav zināms"},"last_updated":null,"name":"Alberta Kronenberga, Slokas bibliotēka ar bērnu nodaļu","opening_hours":"Tu-Fr 10:00-18:00; Sa 10:00-16:00","website":"https://jurmala.lv/lv/kultura/bibliotekas/18577-alberta-kronenberga-slokas-biblioteka","building":"yes","amenity":"library"}},{"type":"Feature","geometry":{"type":"Point","coordinates":[23.76353,56.965915]},"properties":{"kategorija":"noturibas_punkts","id":"way/105126303","adrese":"Strēlnieku prospekts 30, Jūrmala","veids":"Bibliotēka","statuss":{"siltums":"nav zināms","uzlade":"nav zināms","udens":"nav zināms","wifi":"nav zināms","generators":"nav zināms"},"last_updated":null,"name":"Jūrmalas Centrālā bibliotēka","opening_hours":"Mo-Fr 11:00-19:00; Sa 10:00-16:00; Su off; Th[-1] off; PH off","wheelchair":"yes","building":"yes","amenity":"library"}},{"type":"Feature","geometry":{"type":"Point","coordinates":[23.85039,56.972149]},"properties":{"kategorija":"noturibas_punkts","id":"way/105132420","adrese":"Viestura iela 6 k-1, Jūrmala","veids":"Skola","statuss":{"siltums":"nav zināms","uzlade":"nav zināms","udens":"nav zināms","wifi":"nav zināms","generators":"nav zināms"},"last_updated":null,"name":"Bulduru tehnikums","opening_hours":"Mo-Fr 08:00-16:30","building":"school","amenity":"school"}},{"type":"Feature","geometry":{"type":"Point","coordinates":[24.130945,56.969318]},"properties":{"kategorija":"noturibas_punkts","id":"way/106060876","adrese":"Krišjāņa Valdemāra iela 139, Rīga","veids":"Skola","statuss":{"siltums":"nav zināms","uzlade":"nav zināms","udens":"nav zināms","wifi":"nav zināms","generators":"nav zināms"},"last_updated":null,"name":"Rīgas dizaina un mākslas vidusskola","amenity":"school"}},{"type":"Feature","geometry":{"type":"Point","coordinates":[24.191089,56.319951]},"properties":{"kategorija":"noturibas_punkts","id":"way/1067084526","adrese":"Pāce","veids":"Bibliotēka","statuss":{"siltums":"nav zināms","uzlade":"nav zināms","udens":"nav zināms","wifi":"nav zināms","generators":"nav zināms"},"last_updated":null,"name":"Pāces bibliotēka","opening_hours":"Mo-Tu 10:00-18:00; We 8:00-14:00; Th 9:30-17:30; Fr 8:00-13:00","website":"https://www.bauskasbiblioteka.lv/gailisu-pagasta-2biblioteka.html","building":"yes","amenity":"library"}},{"type":"Feature","geometry":{"type":"Point","coordinates":[27.17809,55.900883]},"properties":{"kategorija":"noturibas_punkts","id":"way/1083140262","adrese":"","veids":"Skola","statuss":{"siltums":"nav zināms","uzlade":"nav zināms","udens":"nav zināms","wifi":"nav zināms","generators":"nav zināms"},"last_updated":null,"name":"Krāslavas grāfu Plāteru v. n. poļu pamatskola","website":"https://www.kraspolsk.lv/","amenity":"school"}},{"type":"Feature","geometry":{"type":"Point","coordinates":[26.782427,55.7463]},"properties":{"kategorija":"noturibas_punkts","id":"way/1086468600","adrese":"Skolas iela 19, Silene","veids":"Skola","statuss":{"siltums":"nav zināms","uzlade":"nav zināms","udens":"nav zināms","wifi":"nav zināms","generators":"nav zināms"},"last_updated":null,"name":"Silenes pamatskola","amenity":"school"}},{"type":"Feature","geometry":{"type":"Point","coordinates":[25.43882,56.637355]},"properties":{"kategorija":"noturibas_punkts","id":"way/1087031165","adrese":"","veids":"Kultūras / tautas nams","statuss":{"siltums":"nav zināms","uzlade":"nav zināms","udens":"nav zināms","wifi":"nav zināms","generators":"nav zināms"},"last_updated":null,"name":"Saieta nams","building":"yes","amenity":"community_centre"}},{"type":"Feature","geometry":{"type":"Point","coordinates":[26.722513,56.291591]},"properties":{"kategorija":"noturibas_punkts","id":"way/1089695378","adrese":"Daugavpils iela 34, Preiļi","veids":"Skola","statuss":{"siltums":"nav zināms","uzlade":"nav zināms","udens":"nav zināms","wifi":"nav zināms","generators":"nav zināms"},"last_updated":null,"name":"Preiļu 1. pamatskola","amenity":"school"}},{"type":"Feature","geometry":{"type":"Point","coordinates":[24.334978,56.856418]},"properties":{"kategorija":"noturibas_punkts","id":"way/1091342523","adrese":"Skolas iela 6, Salaspils","veids":"Skola","statuss":{"siltums":"nav zināms","uzlade":"nav zināms","udens":"nav zināms","wifi":"nav zināms","generators":"nav zināms"},"last_updated":null,"name":"Salaspils pamatskola","amenity":"school"}},{"type":"Feature","geometry":{"type":"Point","coordinates":[24.111239,56.961667]},"properties":{"kategorija":"noturibas_punkts","id":"way/1092748726","adrese":"Lenču iela 1, Rīga","veids":"Skola","statuss":{"siltums":"nav zināms","uzlade":"nav zināms","udens":"nav zināms","wifi":"nav zināms","generators":"nav zināms"},"last_updated":null,"name":"Rīgas 10. vidusskola","website":"https://www.r10vs.lv/","amenity":"school"}},{"type":"Feature","geometry":{"type":"Point","coordinates":[24.104556,56.962179]},"properties":{"kategorija":"noturibas_punkts","id":"way/1092749083","adrese":"Pulkveža Brieža iela 25, Rīga","veids":"Skola","statuss":{"siltums":"nav zināms","uzlade":"nav zināms","udens":"nav zināms","wifi":"nav zināms","generators":"nav zināms"},"last_updated":null,"name":"Rīgas 13. vidusskola","operator":"Rīgas pašvaldība","website":"https://r13vsk.lv/","amenity":"school"}},{"type":"Feature","geometry":{"type":"Point","coordinates":[22.444123,56.696929]},"properties":{"kategorija":"noturibas_punkts","id":"way/1095681108","adrese":"Skolas iela 2, Druva","veids":"Skola","statuss":{"siltums":"nav zināms","uzlade":"nav zināms","udens":"nav zināms","wifi":"nav zināms","generators":"nav zināms"},"last_updated":null,"name":"Druvas vidusskola","amenity":"school"}},{"type":"Feature","geometry":{"type":"Point","coordinates":[25.446289,57.527555]},"properties":{"kategorija":"noturibas_punkts","id":"way/1098269006","adrese":"Vadu iela 3, Valmiera","veids":"Skola","statuss":{"siltums":"nav zināms","uzlade":"nav zināms","udens":"nav zināms","wifi":"nav zināms","generators":"nav zināms"},"last_updated":null,"name":"Valmieras tehnikums","amenity":"school"}},{"type":"Feature","geometry":{"type":"Point","coordinates":[24.126397,56.958327]},"properties":{"kategorija":"noturibas_punkts","id":"way/1106958282","adrese":"Bruņinieku iela 10, Rīga","veids":"Skola","statuss":{"siltums":"nav zināms","uzlade":"nav zināms","udens":"nav zināms","wifi":"nav zināms","generators":"nav zināms"},"last_updated":null,"name":"Rīgas 22. vidusskola","operator":"Rīgas pašvaldība","opening_hours":"Jun 15-Aug 31 Mo-Fr 08:00-22:00; Sa,Su,PH 08:00-20:00; Sep 01-Jun 14 Mo-Fr 16:00-22:00","website":"https://r22vsk.lv/","amenity":"school"}},{"type":"Feature","geometry":{"type":"Point","coordinates":[24.01464,56.957725]},"properties":{"kategorija":"noturibas_punkts","id":"way/110793642","adrese":"Dumbrāja iela 27, Rīga","veids":"Skola","statuss":{"siltums":"nav zināms","uzlade":"nav zināms","udens":"nav zināms","wifi":"nav zināms","generators":"nav zināms"},"last_updated":null,"name":"3. bērnu un jaunatnes sporta skola","building":"school","amenity":"school"}},{"type":"Feature","geometry":{"type":"Point","coordinates":[23.906645,56.94315]},"properties":{"kategorija":"noturibas_punkts","id":"way/110795984","adrese":"Centra iela 4, Piņķi","veids":"Pašvaldības ēka","statuss":{"siltums":"nav zināms","uzlade":"nav zināms","udens":"nav zināms","wifi":"nav zināms","generators":"nav zināms"},"last_updated":null,"name":"Mārupes novada pašvaldība","building":"yes","amenity":"townhall"}},{"type":"Feature","geometry":{"type":"Point","coordinates":[22.583255,57.252718]},"properties":{"kategorija":"noturibas_punkts","id":"way/1111560311","adrese":"Gaismas iela 1, Talsi","veids":"Skola","statuss":{"siltums":"nav zināms","uzlade":"nav zināms","udens":"nav zināms","wifi":"nav zināms","generators":"nav zināms"},"last_updated":null,"name":"Talsu pamatskola","amenity":"school"}},{"type":"Feature","geometry":{"type":"Point","coordinates":[26.999034,56.134252]},"properties":{"kategorija":"noturibas_punkts","id":"way/1117651593","adrese":"Daugavpils iela 8, Aglona","veids":"Kultūras / tautas nams","statuss":{"siltums":"nav zināms","uzlade":"nav zināms","udens":"nav zināms","wifi":"nav zināms","generators":"nav zināms"},"last_updated":null,"name":"Aglonas bērnu un jauniešu brīvā laika pavadīšanas centrs \"Strops\"","website":"http://www.aglona.lv/izglitiba-kultura/izglitibas-iestades/aglonas-bblpc/","building":"public","amenity":"community_centre"}},{"type":"Feature","geometry":{"type":"Point","coordinates":[27.329695,56.506854]},"properties":{"kategorija":"noturibas_punkts","id":"way/1122900927","adrese":"Atbrīvošanas aleja 93, Rēzekne","veids":"Pašvaldības ēka","statuss":{"siltums":"nav zināms","uzlade":"nav zināms","udens":"nav zināms","wifi":"nav zināms","generators":"nav zināms"},"last_updated":null,"name":"Rēzeknes pilsētas dome","building":"yes","amenity":"townhall"}},{"type":"Feature","geometry":{"type":"Point","coordinates":[27.342276,56.515929]},"properties":{"kategorija":"noturibas_punkts","id":"way/1132030161","adrese":"","veids":"Skola","statuss":{"siltums":"nav zināms","uzlade":"nav zināms","udens":"nav zināms","wifi":"nav zināms","generators":"nav zināms"},"last_updated":null,"name":"Rēzeknes valsts poļu ģimnāzija","website":"https://www.rezpvsk.lv/","amenity":"school"}},{"type":"Feature","geometry":{"type":"Point","coordinates":[27.33928,56.503975]},"properties":{"kategorija":"noturibas_punkts","id":"way/1132030162","adrese":"","veids":"Skola","statuss":{"siltums":"nav zināms","uzlade":"nav zināms","udens":"nav zināms","wifi":"nav zināms","generators":"nav zināms"},"last_updated":null,"name":"Rēzeknes Valsts pirmā ģimnāzija","wheelchair":"limited","amenity":"school"}},{"type":"Feature","geometry":{"type":"Point","coordinates":[24.57034,56.869013]},"properties":{"kategorija":"noturibas_punkts","id":"way/1132172026","adrese":"Tīnūži","veids":"Skola","statuss":{"siltums":"nav zināms","uzlade":"nav zināms","udens":"nav zināms","wifi":"nav zināms","generators":"nav zināms"},"last_updated":null,"name":"Tīnužu sākumskola","amenity":"school"}},{"type":"Feature","geometry":{"type":"Point","coordinates":[27.333482,56.507495]},"properties":{"kategorija":"noturibas_punkts","id":"way/1132267788","adrese":"","veids":"Skola","statuss":{"siltums":"nav zināms","uzlade":"nav zināms","udens":"nav zināms","wifi":"nav zināms","generators":"nav zināms"},"last_updated":null,"name":"Rēzeknes 2. vidusskola","amenity":"school"}},{"type":"Feature","geometry":{"type":"Point","coordinates":[27.334824,56.510153]},"properties":{"kategorija":"noturibas_punkts","id":"way/1132267789","adrese":"","veids":"Skola","statuss":{"siltums":"nav zināms","uzlade":"nav zināms","udens":"nav zināms","wifi":"nav zināms","generators":"nav zināms"},"last_updated":null,"name":"Rēzeknes 3. vidusskola","amenity":"school"}},{"type":"Feature","geometry":{"type":"Point","coordinates":[27.338341,56.499332]},"properties":{"kategorija":"noturibas_punkts","id":"way/1132271444","adrese":"","veids":"Skola","statuss":{"siltums":"nav zināms","uzlade":"nav zināms","udens":"nav zināms","wifi":"nav zināms","generators":"nav zināms"},"last_updated":null,"name":"Rēzeknes Katoļu vidusskola","amenity":"school"}},{"type":"Feature","geometry":{"type":"Point","coordinates":[27.325042,56.495424]},"properties":{"kategorija":"noturibas_punkts","id":"way/1132277679","adrese":"","veids":"Skola","statuss":{"siltums":"nav zināms","uzlade":"nav zināms","udens":"nav zināms","wifi":"nav zināms","generators":"nav zināms"},"last_updated":null,"name":"Rēzeknes pamatskola - attīstības centrs","amenity":"school"}},{"type":"Feature","geometry":{"type":"Point","coordinates":[21.570147,57.373175]},"properties":{"kategorija":"noturibas_punkts","id":"way/1133527459","adrese":"Kuldīgas iela 138, Ventspils","veids":"Bibliotēka","statuss":{"siltums":"nav zināms","uzlade":"nav zināms","udens":"nav zināms","wifi":"nav zināms","generators":"nav zināms"},"last_updated":null,"name":"Gāliņciema bibliotēka","building":"yes","amenity":"library"}},{"type":"Feature","geometry":{"type":"Point","coordinates":[21.95801,56.974937]},"properties":{"kategorija":"noturibas_punkts","id":"way/1133929739","adrese":"Piltenes iela 25, Kuldīga","veids":"Skola","statuss":{"siltums":"nav zināms","uzlade":"nav zināms","udens":"nav zināms","wifi":"nav zināms","generators":"nav zināms"},"last_updated":null,"name":"Viļa Plūdoņa Kuldīgas vidusskola","website":"https://vpkv.kuldiga.lv/kontakti/","amenity":"school"}},{"type":"Feature","geometry":{"type":"Point","coordinates":[23.751488,56.670304]},"properties":{"kategorija":"noturibas_punkts","id":"way/1134076529","adrese":"Loka maģistrāle 29, Jelgava","veids":"Skola","statuss":{"siltums":"nav zināms","uzlade":"nav zināms","udens":"nav zināms","wifi":"nav zināms","generators":"nav zināms"},"last_updated":null,"name":"Jelgavas Pārlielupes pamatskola","amenity":"school"}},{"type":"Feature","geometry":{"type":"Point","coordinates":[23.708399,56.656801]},"properties":{"kategorija":"noturibas_punkts","id":"way/1135807506","adrese":"","veids":"Skola","statuss":{"siltums":"nav zināms","uzlade":"nav zināms","udens":"nav zināms","wifi":"nav zināms","generators":"nav zināms"},"last_updated":null,"name":"Jelgavas Tehnoloģiju vidusskola","amenity":"school"}},{"type":"Feature","geometry":{"type":"Point","coordinates":[23.606575,56.956981]},"properties":{"kategorija":"noturibas_punkts","id":"way/1135807527","adrese":"Lēdurgas iela 27, Jūrmala","veids":"Skola","statuss":{"siltums":"nav zināms","uzlade":"nav zināms","udens":"nav zināms","wifi":"nav zināms","generators":"nav zināms"},"last_updated":null,"name":"Kauguru vidusskolas sākumskola","amenity":"school"}},{"type":"Feature","geometry":{"type":"Point","coordinates":[27.15584,56.348138]},"properties":{"kategorija":"noturibas_punkts","id":"way/1136262410","adrese":"","veids":"Skola","statuss":{"siltums":"nav zināms","uzlade":"nav zināms","udens":"nav zināms","wifi":"nav zināms","generators":"nav zināms"},"last_updated":null,"name":"Maltas 1. vidusskola","amenity":"school"}},{"type":"Feature","geometry":{"type":"Point","coordinates":[21.564977,57.382694]},"properties":{"kategorija":"noturibas_punkts","id":"way/1149264708","adrese":"Pļavas iela 27, Ventspils","veids":"Skola","statuss":{"siltums":"nav zināms","uzlade":"nav zināms","udens":"nav zināms","wifi":"nav zināms","generators":"nav zināms"},"last_updated":null,"name":"Ventspils 1. pamatskola","amenity":"school"}},{"type":"Feature","geometry":{"type":"Point","coordinates":[21.561061,57.392315]},"properties":{"kategorija":"noturibas_punkts","id":"way/1150258404","adrese":"","veids":"Skola","statuss":{"siltums":"nav zināms","uzlade":"nav zināms","udens":"nav zināms","wifi":"nav zināms","generators":"nav zināms"},"last_updated":null,"name":"Ventspils Tehnikums","amenity":"school"}},{"type":"Feature","geometry":{"type":"Point","coordinates":[24.463318,56.432886]},"properties":{"kategorija":"noturibas_punkts","id":"way/1150710751","adrese":"Ozolaine","veids":"Skola","statuss":{"siltums":"nav zināms","uzlade":"nav zināms","udens":"nav zināms","wifi":"nav zināms","generators":"nav zināms"},"last_updated":null,"name":"Ozolaines pamatskola","amenity":"school"}},{"type":"Feature","geometry":{"type":"Point","coordinates":[23.612056,56.948806]},"properties":{"kategorija":"noturibas_punkts","id":"way/115301755","adrese":"Skolas iela 3, Jūrmala","veids":"Skola","statuss":{"siltums":"nav zināms","uzlade":"nav zināms","udens":"nav zināms","wifi":"nav zināms","generators":"nav zināms"},"last_updated":null,"name":"JVĢ sākumskola","amenity":"school"}},{"type":"Feature","geometry":{"type":"Point","coordinates":[23.68855,56.409218]},"properties":{"kategorija":"noturibas_punkts","id":"way/1157393267","adrese":"","veids":"Skola","statuss":{"siltums":"nav zināms","uzlade":"nav zināms","udens":"nav zināms","wifi":"nav zināms","generators":"nav zināms"},"last_updated":null,"name":"Elejas vidusskola","amenity":"school"}},{"type":"Feature","geometry":{"type":"Point","coordinates":[23.68147,56.411373]},"properties":{"kategorija":"noturibas_punkts","id":"way/1157393275","adrese":"Lietuvas iela 34, Eleja","veids":"Skola","statuss":{"siltums":"nav zināms","uzlade":"nav zināms","udens":"nav zināms","wifi":"nav zināms","generators":"nav zināms"},"last_updated":null,"name":"Elejas sākumskola","website":"http://www.elejasvsk.lv/","amenity":"school"}},{"type":"Feature","geometry":{"type":"Point","coordinates":[24.42477,57.046738]},"properties":{"kategorija":"noturibas_punkts","id":"way/115768004","adrese":"Vidzemes šoseja 34, Garkalne","veids":"Skola","statuss":{"siltums":"nav zināms","uzlade":"nav zināms","udens":"nav zināms","wifi":"nav zināms","generators":"nav zināms"},"last_updated":null,"name":"Garkalnes vidusskola","building":"school","amenity":"school"}},{"type":"Feature","geometry":{"type":"Point","coordinates":[23.840251,56.637341]},"properties":{"kategorija":"noturibas_punkts","id":"way/1157759428","adrese":"Skolas iela 10, Tetele","veids":"Skola","statuss":{"siltums":"nav zināms","uzlade":"nav zināms","udens":"nav zināms","wifi":"nav zināms","generators":"nav zināms"},"last_updated":null,"name":"Teteles pamatskola","amenity":"school"}},{"type":"Feature","geometry":{"type":"Point","coordinates":[23.627245,56.652117]},"properties":{"kategorija":"noturibas_punkts","id":"way/1158488988","adrese":"Tušķi","veids":"Skola","statuss":{"siltums":"nav zināms","uzlade":"nav zināms","udens":"nav zināms","wifi":"nav zināms","generators":"nav zināms"},"last_updated":null,"name":"Aizupes pamatskola","amenity":"school"}},{"type":"Feature","geometry":{"type":"Point","coordinates":[26.042608,56.607406]},"properties":{"kategorija":"noturibas_punkts","id":"way/1168367523","adrese":"Medņi","veids":"Skola","statuss":{"siltums":"nav zināms","uzlade":"nav zināms","udens":"nav zināms","wifi":"nav zināms","generators":"nav zināms"},"last_updated":null,"name":"Bij. Liepenes pamatskola","amenity":"school"}},{"type":"Feature","geometry":{"type":"Point","coordinates":[21.550275,57.387607]},"properties":{"kategorija":"noturibas_punkts","id":"way/1172008621","adrese":"","veids":"Skola","statuss":{"siltums":"nav zināms","uzlade":"nav zināms","udens":"nav zināms","wifi":"nav zināms","generators":"nav zināms"},"last_updated":null,"name":"Ventspils 2. pamatskola","amenity":"school"}},{"type":"Feature","geometry":{"type":"Point","coordinates":[21.558684,57.388014]},"properties":{"kategorija":"noturibas_punkts","id":"way/1173678536","adrese":"Saules iela 37, Ventspils","veids":"Skola","statuss":{"siltums":"nav zināms","uzlade":"nav zināms","udens":"nav zināms","wifi":"nav zināms","generators":"nav zināms"},"last_updated":null,"name":"Ventspils Centra sākumskola","website":"https://centrasakumskola.ventspils.lv/","amenity":"school"}},{"type":"Feature","geometry":{"type":"Point","coordinates":[23.611024,56.952383]},"properties":{"kategorija":"noturibas_punkts","id":"way/1173723138","adrese":"Raiņa iela 53, Jūrmala","veids":"Skola","statuss":{"siltums":"nav zināms","uzlade":"nav zināms","udens":"nav zināms","wifi":"nav zināms","generators":"nav zināms"},"last_updated":null,"name":"Jūrmalas sākumskola \"Atvase\"","amenity":"school"}},{"type":"Feature","geometry":{"type":"Point","coordinates":[24.154196,56.99807]},"properties":{"kategorija":"noturibas_punkts","id":"way/117387040","adrese":"Visbijas prospekts 18, Rīga","veids":"Bibliotēka","statuss":{"siltums":"nav zināms","uzlade":"nav zināms","udens":"nav zināms","wifi":"nav zināms","generators":"nav zināms"},"last_updated":null,"name":"Mežaparka filiālbibliotēka","building":"yes","amenity":"library"}},{"type":"Feature","geometry":{"type":"Point","coordinates":[24.97151,56.676129]},"properties":{"kategorija":"noturibas_punkts","id":"way/1175018103","adrese":"Daugavas iela 6, Jumprava","veids":"Kultūras / tautas nams","statuss":{"siltums":"nav zināms","uzlade":"nav zināms","udens":"nav zināms","wifi":"nav zināms","generators":"nav zināms"},"last_updated":null,"name":"Jumpravas Tautas nams","building":"yes","amenity":"community_centre"}},{"type":"Feature","geometry":{"type":"Point","coordinates":[24.16301,56.963603]},"properties":{"kategorija":"noturibas_punkts","id":"way/1178070279","adrese":"","veids":"Skola","statuss":{"siltums":"nav zināms","uzlade":"nav zināms","udens":"nav zināms","wifi":"nav zināms","generators":"nav zināms"},"last_updated":null,"name":"Rīgas Tehniskā koledža","amenity":"school"}},{"type":"Feature","geometry":{"type":"Point","coordinates":[25.033563,57.234574]},"properties":{"kategorija":"noturibas_punkts","id":"way/118184968","adrese":"Strautu iela 4, Līgatne","veids":"Skola","statuss":{"siltums":"nav zināms","uzlade":"nav zināms","udens":"nav zināms","wifi":"nav zināms","generators":"nav zināms"},"last_updated":null,"name":"Līgatnes vidusskola","amenity":"school"}},{"type":"Feature","geometry":{"type":"Point","coordinates":[24.608652,56.824432]},"properties":{"kategorija":"noturibas_punkts","id":"way/1184179845","adrese":"Gunāra Astras iela 1, Ogre","veids":"Skola","statuss":{"siltums":"nav zināms","uzlade":"nav zināms","udens":"nav zināms","wifi":"nav zināms","generators":"nav zināms"},"last_updated":null,"name":"Ogres Valsts ģimnāzija","website":"https://www.ovg.lv/","amenity":"school"}},{"type":"Feature","geometry":{"type":"Point","coordinates":[27.336822,56.504384]},"properties":{"kategorija":"noturibas_punkts","id":"way/1184843011","adrese":"","veids":"Skola","statuss":{"siltums":"nav zināms","uzlade":"nav zināms","udens":"nav zināms","wifi":"nav zināms","generators":"nav zināms"},"last_updated":null,"name":"Rēzeknes Mākslas un dizaina vidusskola","amenity":"school"}},{"type":"Feature","geometry":{"type":"Point","coordinates":[24.519948,56.891274]},"properties":{"kategorija":"noturibas_punkts","id":"way/118572890","adrese":"Dobelnieki","veids":"Skola","statuss":{"siltums":"nav zināms","uzlade":"nav zināms","udens":"nav zināms","wifi":"nav zināms","generators":"nav zināms"},"last_updated":null,"name":"Liepāderu skola","building":"school","amenity":"school"}},{"type":"Feature","geometry":{"type":"Point","coordinates":[23.246214,56.794316]},"properties":{"kategorija":"noturibas_punkts","id":"way/1190652679","adrese":"Džūkste","veids":"Skola","statuss":{"siltums":"nav zināms","uzlade":"nav zināms","udens":"nav zināms","wifi":"nav zināms","generators":"nav zināms"},"last_updated":null,"name":"Džūkstes pamatskola","amenity":"school"}},{"type":"Feature","geometry":{"type":"Point","coordinates":[27.55232,56.434664]},"properties":{"kategorija":"noturibas_punkts","id":"way/1191300831","adrese":"Skolas iela 1, Stoļerova","veids":"Pašvaldības ēka","statuss":{"siltums":"nav zināms","uzlade":"nav zināms","udens":"nav zināms","wifi":"nav zināms","generators":"nav zināms"},"last_updated":null,"name":"Stoļerovas pagasta pārvalde","building":"government","amenity":"townhall"}},{"type":"Feature","geometry":{"type":"Point","coordinates":[27.664465,56.455525]},"properties":{"kategorija":"noturibas_punkts","id":"way/1191740893","adrese":"Kalna iela 3, Kivdolova","veids":"Pašvaldības ēka","statuss":{"siltums":"nav zināms","uzlade":"nav zināms","udens":"nav zināms","wifi":"nav zināms","generators":"nav zināms"},"last_updated":null,"name":"Pureņu pagasta pārvalde","building":"government","amenity":"townhall"}},{"type":"Feature","geometry":{"type":"Point","coordinates":[27.7747,56.612983]},"properties":{"kategorija":"noturibas_punkts","id":"way/1191839672","adrese":"Blonti","veids":"Pašvaldības ēka","statuss":{"siltums":"nav zināms","uzlade":"nav zināms","udens":"nav zināms","wifi":"nav zināms","generators":"nav zināms"},"last_updated":null,"name":"Blontu pagasta pārvalde","building":"government","amenity":"townhall"}},{"type":"Feature","geometry":{"type":"Point","coordinates":[27.723486,56.644866]},"properties":{"kategorija":"noturibas_punkts","id":"way/1191851143","adrese":"Skolas iela 4, Pušmucova","veids":"Pašvaldības ēka","statuss":{"siltums":"nav zināms","uzlade":"nav zināms","udens":"nav zināms","wifi":"nav zināms","generators":"nav zināms"},"last_updated":null,"name":"Pušmucovas pagasta pārvalde","building":"government","amenity":"townhall"}},{"type":"Feature","geometry":{"type":"Point","coordinates":[28.056727,56.422269]},"properties":{"kategorija":"noturibas_punkts","id":"way/1191905488","adrese":"Brigi","veids":"Kultūras / tautas nams","statuss":{"siltums":"nav zināms","uzlade":"nav zināms","udens":"nav zināms","wifi":"nav zināms","generators":"nav zināms"},"last_updated":null,"name":"Briģu tautas nams","building":"yes","amenity":"community_centre"}},{"type":"Feature","geometry":{"type":"Point","coordinates":[27.630715,56.538654]},"properties":{"kategorija":"noturibas_punkts","id":"way/1192040777","adrese":"Pagasta iela 2, Tutāni","veids":"Pašvaldības ēka","statuss":{"siltums":"nav zināms","uzlade":"nav zināms","udens":"nav zināms","wifi":"nav zināms","generators":"nav zināms"},"last_updated":null,"name":"Cirmas pagasta pārvalde","building":"government","amenity":"townhall"}},{"type":"Feature","geometry":{"type":"Point","coordinates":[27.863441,56.535854]},"properties":{"kategorija":"noturibas_punkts","id":"way/1192358695","adrese":"Vecā iela 5, Felicianova","veids":"Bibliotēka","statuss":{"siltums":"nav zināms","uzlade":"nav zināms","udens":"nav zināms","wifi":"nav zināms","generators":"nav zināms"},"last_updated":null,"name":"Felicianovas bibliotēka","building":"yes","amenity":"library"}},{"type":"Feature","geometry":{"type":"Point","coordinates":[27.89945,56.742001]},"properties":{"kategorija":"noturibas_punkts","id":"way/1192573297","adrese":"Bērnu iela 1, Goliševa","veids":"Pašvaldības ēka","statuss":{"siltums":"nav zināms","uzlade":"nav zināms","udens":"nav zināms","wifi":"nav zināms","generators":"nav zināms"},"last_updated":null,"name":"Goliševas pagasta pārvalde","building":"government","amenity":"townhall"}},{"type":"Feature","geometry":{"type":"Point","coordinates":[27.900917,56.742964]},"properties":{"kategorija":"noturibas_punkts","id":"way/1192573298","adrese":"Aizgāršas iela 15, Goliševa","veids":"Kultūras / tautas nams","statuss":{"siltums":"nav zināms","uzlade":"nav zināms","udens":"nav zināms","wifi":"nav zināms","generators":"nav zināms"},"last_updated":null,"name":"Goliševas Kultūras nams","building":"yes","amenity":"community_centre"}},{"type":"Feature","geometry":{"type":"Point","coordinates":[27.735253,56.522237]},"properties":{"kategorija":"noturibas_punkts","id":"way/1192575730","adrese":"Martiši","veids":"Pašvaldības ēka","statuss":{"siltums":"nav zināms","uzlade":"nav zināms","udens":"nav zināms","wifi":"nav zināms","generators":"nav zināms"},"last_updated":null,"name":"Isnaudas pagasta pārvalde","building":"government","amenity":"townhall"}},{"type":"Feature","geometry":{"type":"Point","coordinates":[27.553291,56.434967]},"properties":{"kategorija":"noturibas_punkts","id":"way/1193292315","adrese":"","veids":"Skola","statuss":{"siltums":"nav zināms","uzlade":"nav zināms","udens":"nav zināms","wifi":"nav zināms","generators":"nav zināms"},"last_updated":null,"name":"Rēznas pamatskola","amenity":"school"}},{"type":"Feature","geometry":{"type":"Point","coordinates":[23.222091,57.162775]},"properties":{"kategorija":"noturibas_punkts","id":"way/1194332779","adrese":"Skolas iela 7, Engure","veids":"Skola","statuss":{"siltums":"nav zināms","uzlade":"nav zināms","udens":"nav zināms","wifi":"nav zināms","generators":"nav zināms"},"last_updated":null,"name":"Engures vidusskola","amenity":"school"}},{"type":"Feature","geometry":{"type":"Point","coordinates":[26.789523,56.333605]},"properties":{"kategorija":"noturibas_punkts","id":"way/1194721064","adrese":"Liepu iela 21, Riebiņi","veids":"Skola","statuss":{"siltums":"nav zināms","uzlade":"nav zināms","udens":"nav zināms","wifi":"nav zināms","generators":"nav zināms"},"last_updated":null,"name":"Riebiņu vidusskola","website":"https://www.riebinuvidusskola.lv/","amenity":"school"}},{"type":"Feature","geometry":{"type":"Point","coordinates":[25.446133,56.643873]},"properties":{"kategorija":"noturibas_punkts","id":"way/119653427","adrese":"Melioratoru iela 1, Koknese","veids":"Pašvaldības ēka","statuss":{"siltums":"nav zināms","uzlade":"nav zināms","udens":"nav zināms","wifi":"nav zināms","generators":"nav zināms"},"last_updated":null,"name":"Kokneses novada dome","building":"yes","amenity":"townhall"}},{"type":"Feature","geometry":{"type":"Point","coordinates":[24.326778,57.076209]},"properties":{"kategorija":"noturibas_punkts","id":"way/1206053009","adrese":"Skolas iela 21, Ādaži","veids":"Skola","statuss":{"siltums":"nav zināms","uzlade":"nav zināms","udens":"nav zināms","wifi":"nav zināms","generators":"nav zināms"},"last_updated":null,"name":"Ādažu Brīvā valdorfa skola","website":"http://www.abvs.lv/","amenity":"school"}},{"type":"Feature","geometry":{"type":"Point","coordinates":[21.00185,56.503576]},"properties":{"kategorija":"noturibas_punkts","id":"way/121081991","adrese":"Uliha iela 56, Liepāja","veids":"Skola","statuss":{"siltums":"nav zināms","uzlade":"nav zināms","udens":"nav zināms","wifi":"nav zināms","generators":"nav zināms"},"last_updated":null,"name":"Liepājas speciālā internātpamatskola","building":"school","amenity":"school"}},{"type":"Feature","geometry":{"type":"Point","coordinates":[20.999851,56.509686]},"properties":{"kategorija":"noturibas_punkts","id":"way/121221737","adrese":"Uliha iela 33, Liepāja","veids":"Skola","statuss":{"siltums":"nav zināms","uzlade":"nav zināms","udens":"nav zināms","wifi":"nav zināms","generators":"nav zināms"},"last_updated":null,"name":"Liepājas centra sākumskola","building":"school","amenity":"school"}},{"type":"Feature","geometry":{"type":"Point","coordinates":[24.230823,56.826392]},"properties":{"kategorija":"noturibas_punkts","id":"way/1216010843","adrese":"Gaismas iela 9, Ķekava","veids":"Skola","statuss":{"siltums":"nav zināms","uzlade":"nav zināms","udens":"nav zināms","wifi":"nav zināms","generators":"nav zināms"},"last_updated":null,"name":"Ķekavas vidusskola","amenity":"school"}},{"type":"Feature","geometry":{"type":"Point","coordinates":[23.708614,56.64565]},"properties":{"kategorija":"noturibas_punkts","id":"way/1216240568","adrese":"","veids":"Skola","statuss":{"siltums":"nav zināms","uzlade":"nav zināms","udens":"nav zināms","wifi":"nav zināms","generators":"nav zināms"},"last_updated":null,"name":"Jelgavas Spīdolas Valsts ģimnāzija","website":"https://www.jsvg.lv/","amenity":"school"}},{"type":"Feature","geometry":{"type":"Point","coordinates":[24.136164,56.968385]},"properties":{"kategorija":"noturibas_punkts","id":"way/1221783178","adrese":"Miera iela 64, Rīga","veids":"Skola","statuss":{"siltums":"nav zināms","uzlade":"nav zināms","udens":"nav zināms","wifi":"nav zināms","generators":"nav zināms"},"last_updated":null,"name":"Šimona Dubnova Rīgas ebreju vidusskola","amenity":"school"}},{"type":"Feature","geometry":{"type":"Point","coordinates":[24.136031,56.967866]},"properties":{"kategorija":"noturibas_punkts","id":"way/1221791105","adrese":"Miera iela 62, Rīga","veids":"Skola","statuss":{"siltums":"nav zināms","uzlade":"nav zināms","udens":"nav zināms","wifi":"nav zināms","generators":"nav zināms"},"last_updated":null,"name":"Rīgas Vingrošanas skola","operator":"Rīgas valstspilsētas pašvaldība","website":"https://gymnast.lv/","amenity":"school"}},{"type":"Feature","geometry":{"type":"Point","coordinates":[23.158556,56.971607]},"properties":{"kategorija":"noturibas_punkts","id":"way/1223922296","adrese":"Raudas iela 16, Tukums","veids":"Skola","statuss":{"siltums":"nav zināms","uzlade":"nav zināms","udens":"nav zināms","wifi":"nav zināms","generators":"nav zināms"},"last_updated":null,"name":"Tukuma 2. vidusskola","website":"https://t2v.lv/","amenity":"school"}},{"type":"Feature","geometry":{"type":"Point","coordinates":[24.390009,56.739229]},"properties":{"kategorija":"noturibas_punkts","id":"way/122761057","adrese":"Pārupes iela 3, Baldone","veids":"Pašvaldības ēka","statuss":{"siltums":"nav zināms","uzlade":"nav zināms","udens":"nav zināms","wifi":"nav zināms","generators":"nav zināms"},"last_updated":null,"name":"Baldones novada dome","opening_hours":"Mo 08:00-19:00; Tu-Th 08:00-17:00; Fr 08:00-14:00","building":"yes","amenity":"townhall"}},{"type":"Feature","geometry":{"type":"Point","coordinates":[26.216813,56.85564]},"properties":{"kategorija":"noturibas_punkts","id":"way/1234483062","adrese":"","veids":"Skola","statuss":{"siltums":"nav zināms","uzlade":"nav zināms","udens":"nav zināms","wifi":"nav zināms","generators":"nav zināms"},"last_updated":null,"name":"Madonas pilsētas vidusskola","amenity":"school"}},{"type":"Feature","geometry":{"type":"Point","coordinates":[24.161275,56.932946]},"properties":{"kategorija":"noturibas_punkts","id":"way/1236661760","adrese":"Latgales iela 197, Rīga","veids":"Skola","statuss":{"siltums":"nav zināms","uzlade":"nav zināms","udens":"nav zināms","wifi":"nav zināms","generators":"nav zināms"},"last_updated":null,"name":"Andreja Pumpura Rīgas 11. pamatskola","website":"https://ap11ps.lv/","amenity":"school"}},{"type":"Feature","geometry":{"type":"Point","coordinates":[24.159396,56.932661]},"properties":{"kategorija":"noturibas_punkts","id":"way/1236672553","adrese":"","veids":"Skola","statuss":{"siltums":"nav zināms","uzlade":"nav zināms","udens":"nav zināms","wifi":"nav zināms","generators":"nav zināms"},"last_updated":null,"name":"Andreja Pumpura Rīgas 11. pamatskola","website":"https://ap11ps.lv/","amenity":"school"}},{"type":"Feature","geometry":{"type":"Point","coordinates":[27.717896,56.538239]},"properties":{"kategorija":"noturibas_punkts","id":"way/1238012361","adrese":"","veids":"Skola","statuss":{"siltums":"nav zināms","uzlade":"nav zināms","udens":"nav zināms","wifi":"nav zināms","generators":"nav zināms"},"last_updated":null,"name":"Ludzas 2. vidusskola","amenity":"school"}},{"type":"Feature","geometry":{"type":"Point","coordinates":[27.717135,56.540477]},"properties":{"kategorija":"noturibas_punkts","id":"way/1238012716","adrese":"","veids":"Skola","statuss":{"siltums":"nav zināms","uzlade":"nav zināms","udens":"nav zināms","wifi":"nav zināms","generators":"nav zināms"},"last_updated":null,"name":"Ludzas pilsētas vidusskola","amenity":"school"}},{"type":"Feature","geometry":{"type":"Point","coordinates":[26.532478,55.86974]},"properties":{"kategorija":"noturibas_punkts","id":"way/1242528496","adrese":"","veids":"Skola","statuss":{"siltums":"nav zināms","uzlade":"nav zināms","udens":"nav zināms","wifi":"nav zināms","generators":"nav zināms"},"last_updated":null,"name":"Daugavpils Zinātņu vidusskola","website":"https://dzvsk.lv","amenity":"school"}},{"type":"Feature","geometry":{"type":"Point","coordinates":[26.210231,56.852708]},"properties":{"kategorija":"noturibas_punkts","id":"way/124356794","adrese":"Skolas iela 12, Madona","veids":"Bibliotēka","statuss":{"siltums":"nav zināms","uzlade":"nav zināms","udens":"nav zināms","wifi":"nav zināms","generators":"nav zināms"},"last_updated":null,"name":"Madonas bibliotēka","building":"yes","amenity":"library"}},{"type":"Feature","geometry":{"type":"Point","coordinates":[26.221295,56.854606]},"properties":{"kategorija":"noturibas_punkts","id":"way/124358223","adrese":"Saieta laukums 1, Madona","veids":"Pašvaldības ēka","statuss":{"siltums":"nav zināms","uzlade":"nav zināms","udens":"nav zināms","wifi":"nav zināms","generators":"nav zināms"},"last_updated":null,"name":"Madonas dome","opening_hours":"Mo 08:00-18:00; Tu-Th 08:00-17:00; Fr 08:00-16:00","building":"government","amenity":"townhall"}},{"type":"Feature","geometry":{"type":"Point","coordinates":[21.015246,56.496736]},"properties":{"kategorija":"noturibas_punkts","id":"way/1255975522","adrese":"","veids":"Skola","statuss":{"siltums":"nav zināms","uzlade":"nav zināms","udens":"nav zināms","wifi":"nav zināms","generators":"nav zināms"},"last_updated":null,"name":"Liepājas Raiņa vidusskola","amenity":"school"}},{"type":"Feature","geometry":{"type":"Point","coordinates":[24.408861,57.043076]},"properties":{"kategorija":"noturibas_punkts","id":"way/126439718","adrese":"","veids":"Kultūras / tautas nams","statuss":{"siltums":"nav zināms","uzlade":"nav zināms","udens":"nav zināms","wifi":"nav zināms","generators":"nav zināms"},"last_updated":null,"name":"Garkalnes dienas centrs","building":"yes","amenity":"community_centre"}},{"type":"Feature","geometry":{"type":"Point","coordinates":[24.002263,56.952075]},"properties":{"kategorija":"noturibas_punkts","id":"way/1265946640","adrese":"","veids":"Skola","statuss":{"siltums":"nav zināms","uzlade":"nav zināms","udens":"nav zināms","wifi":"nav zināms","generators":"nav zināms"},"last_updated":null,"name":"Rīgas Mākslas un mediju tehnikums","amenity":"school"}},{"type":"Feature","geometry":{"type":"Point","coordinates":[26.375764,55.903897]},"properties":{"kategorija":"noturibas_punkts","id":"way/127755679","adrese":"Alejas iela 9, Svente","veids":"Pašvaldības ēka","statuss":{"siltums":"nav zināms","uzlade":"nav zināms","udens":"nav zināms","wifi":"nav zināms","generators":"nav zināms"},"last_updated":null,"name":"Daugavpils novada pašvaldība, Sventes pagasta pārvalde","building":"yes","amenity":"townhall"}},{"type":"Feature","geometry":{"type":"Point","coordinates":[26.654394,55.907918]},"properties":{"kategorija":"noturibas_punkts","id":"way/129195585","adrese":"Daugavas iela 34, Krauja","veids":"Bibliotēka","statuss":{"siltums":"nav zināms","uzlade":"nav zināms","udens":"nav zināms","wifi":"nav zināms","generators":"nav zināms"},"last_updated":null,"name":"Naujenes bibliotēka","opening_hours":"Mo 09:00-18:00; Tu 09:00-20:00; We off; Th, Fr 09:00-20:00, Sa 09:00-15:00, Su off","building":"public","amenity":"library"}},{"type":"Feature","geometry":{"type":"Point","coordinates":[26.651888,55.907185]},"properties":{"kategorija":"noturibas_punkts","id":"way/129195586","adrese":"Daugavas iela 29, Krauja","veids":"Skola","statuss":{"siltums":"nav zināms","uzlade":"nav zināms","udens":"nav zināms","wifi":"nav zināms","generators":"nav zināms"},"last_updated":null,"name":"Naujenes Mūzikas un Mākslas Skola","building":"school","amenity":"school"}},{"type":"Feature","geometry":{"type":"Point","coordinates":[26.652177,55.941563]},"properties":{"kategorija":"noturibas_punkts","id":"way/129399049","adrese":"Muzeja iela 6, Lociki","veids":"Kultūras / tautas nams","statuss":{"siltums":"nav zināms","uzlade":"nav zināms","udens":"nav zināms","wifi":"nav zināms","generators":"nav zināms"},"last_updated":null,"name":"Naujenes Kultūras Centrs","building":"yes","amenity":"community_centre"}},{"type":"Feature","geometry":{"type":"Point","coordinates":[26.582083,55.905309]},"properties":{"kategorija":"noturibas_punkts","id":"way/129571404","adrese":"Turaidas iela 11, Daugavpils","veids":"Skola","statuss":{"siltums":"nav zināms","uzlade":"nav zināms","udens":"nav zināms","wifi":"nav zināms","generators":"nav zināms"},"last_updated":null,"name":"Daugavpils 4. speciālā pamatskola","building":"school","amenity":"school"}},{"type":"Feature","geometry":{"type":"Point","coordinates":[26.583198,55.905734]},"properties":{"kategorija":"noturibas_punkts","id":"way/129571405","adrese":"Vaiņodes iela 4, Daugavpils","veids":"Skola","statuss":{"siltums":"nav zināms","uzlade":"nav zināms","udens":"nav zināms","wifi":"nav zināms","generators":"nav zināms"},"last_updated":null,"name":"Daugavpils Logopēdiskā internātpamatskola - Attīstības centrs","building":"school","amenity":"school"}},{"type":"Feature","geometry":{"type":"Point","coordinates":[24.229818,56.824268]},"properties":{"kategorija":"noturibas_punkts","id":"way/129583180","adrese":"","veids":"Kultūras / tautas nams","statuss":{"siltums":"nav zināms","uzlade":"nav zināms","udens":"nav zināms","wifi":"nav zināms","generators":"nav zināms"},"last_updated":null,"name":"Ķekavas kultūras nams","building":"yes","amenity":"community_centre"}},{"type":"Feature","geometry":{"type":"Point","coordinates":[24.121888,56.954245]},"properties":{"kategorija":"noturibas_punkts","id":"way/129820725","adrese":"Tērbatas iela 15/17, Rīga","veids":"Skola","statuss":{"siltums":"nav zināms","uzlade":"nav zināms","udens":"nav zināms","wifi":"nav zināms","generators":"nav zināms"},"last_updated":null,"name":"Rīgas 40. vidusskola","website":"https://www.r40vsk.lv/","wheelchair":"limited","building":"school","amenity":"school"}},{"type":"Feature","geometry":{"type":"Point","coordinates":[24.125526,56.999115]},"properties":{"kategorija":"noturibas_punkts","id":"way/1301838748","adrese":"","veids":"Skola","statuss":{"siltums":"nav zināms","uzlade":"nav zināms","udens":"nav zināms","wifi":"nav zināms","generators":"nav zināms"},"last_updated":null,"name":"Rīgas Broces licejs","website":"https://pushkinalicejs.lv","amenity":"school"}},{"type":"Feature","geometry":{"type":"Point","coordinates":[26.523877,55.853362]},"properties":{"kategorija":"noturibas_punkts","id":"way/1307681261","adrese":"","veids":"Skola","statuss":{"siltums":"nav zināms","uzlade":"nav zināms","udens":"nav zināms","wifi":"nav zināms","generators":"nav zināms"},"last_updated":null,"name":"Daugavpils 8. pamatskola","amenity":"school"}},{"type":"Feature","geometry":{"type":"Point","coordinates":[24.260769,56.319638]},"properties":{"kategorija":"noturibas_punkts","id":"way/131184042","adrese":"Sporta iela 3, Uzvara","veids":"Skola","statuss":{"siltums":"nav zināms","uzlade":"nav zināms","udens":"nav zināms","wifi":"nav zināms","generators":"nav zināms"},"last_updated":null,"name":"Uzvaras vidusskola","building":"school","amenity":"school"}},{"type":"Feature","geometry":{"type":"Point","coordinates":[24.255913,56.314218]},"properties":{"kategorija":"noturibas_punkts","id":"way/131258295","adrese":"Bauskas iela 2, Uzvara","veids":"Pašvaldības ēka","statuss":{"siltums":"nav zināms","uzlade":"nav zināms","udens":"nav zināms","wifi":"nav zināms","generators":"nav zināms"},"last_updated":null,"name":"Bauskas novada Gailīšu pagasta pārvalde","building":"yes","amenity":"townhall"}},{"type":"Feature","geometry":{"type":"Point","coordinates":[24.192762,56.411636]},"properties":{"kategorija":"noturibas_punkts","id":"way/131448526","adrese":"Rīgas iela 32, Bauska","veids":"Skola","statuss":{"siltums":"nav zināms","uzlade":"nav zināms","udens":"nav zināms","wifi":"nav zināms","generators":"nav zināms"},"last_updated":null,"name":"Bauskas pilsētas pamatskola","amenity":"school"}},{"type":"Feature","geometry":{"type":"Point","coordinates":[24.109225,56.946578]},"properties":{"kategorija":"noturibas_punkts","id":"way/1316471757","adrese":"Grēcinieku iela 10, Rīga","veids":"Skola","statuss":{"siltums":"nav zināms","uzlade":"nav zināms","udens":"nav zināms","wifi":"nav zināms","generators":"nav zināms"},"last_updated":null,"name":"Rīgas Valsts 3. ģimnāzija","amenity":"school"}},{"type":"Feature","geometry":{"type":"Point","coordinates":[24.134092,56.958127]},"properties":{"kategorija":"noturibas_punkts","id":"way/1316473080","adrese":"Krišjāņa Barona iela 71, Rīga","veids":"Skola","statuss":{"siltums":"nav zināms","uzlade":"nav zināms","udens":"nav zināms","wifi":"nav zināms","generators":"nav zināms"},"last_updated":null,"name":"Rīgas Raiņa vidusskola","amenity":"school"}},{"type":"Feature","geometry":{"type":"Point","coordinates":[24.533837,56.81937]},"properties":{"kategorija":"noturibas_punkts","id":"way/1320702953","adrese":"Rīgas iela 175, Ikšķile","veids":"Skola","statuss":{"siltums":"nav zināms","uzlade":"nav zināms","udens":"nav zināms","wifi":"nav zināms","generators":"nav zināms"},"last_updated":null,"name":"Ikšķiles Brīvā skola","website":"https://www.brivaskola.lv/","amenity":"school"}},{"type":"Feature","geometry":{"type":"Point","coordinates":[24.388297,56.742344]},"properties":{"kategorija":"noturibas_punkts","id":"way/1320703382","adrese":"","veids":"Skola","statuss":{"siltums":"nav zināms","uzlade":"nav zināms","udens":"nav zināms","wifi":"nav zināms","generators":"nav zināms"},"last_updated":null,"name":"Baldones vidusskola","website":"https://www.baldonesvsk.lv/","amenity":"school"}},{"type":"Feature","geometry":{"type":"Point","coordinates":[24.539564,57.093243]},"properties":{"kategorija":"noturibas_punkts","id":"way/1320704216","adrese":"Gaujas iela 25, Vangaži","veids":"Skola","statuss":{"siltums":"nav zināms","uzlade":"nav zināms","udens":"nav zināms","wifi":"nav zināms","generators":"nav zināms"},"last_updated":null,"name":"Vangažu vidusskola","amenity":"school"}},{"type":"Feature","geometry":{"type":"Point","coordinates":[21.566216,56.982301]},"properties":{"kategorija":"noturibas_punkts","id":"way/132160534","adrese":"Ziedulejas iela 1, Alsunga","veids":"Kultūras / tautas nams","statuss":{"siltums":"nav zināms","uzlade":"nav zināms","udens":"nav zināms","wifi":"nav zināms","generators":"nav zināms"},"last_updated":null,"name":"Alsungas kultūras nams","opening_hours":"\"per event\"","wheelchair":"yes","building":"yes","amenity":"community_centre"}},{"type":"Feature","geometry":{"type":"Point","coordinates":[25.816513,56.53906]},"properties":{"kategorija":"noturibas_punkts","id":"way/1321848360","adrese":"Spunģēni","veids":"Pašvaldības ēka","statuss":{"siltums":"nav zināms","uzlade":"nav zināms","udens":"nav zināms","wifi":"nav zināms","generators":"nav zināms"},"last_updated":null,"name":"Krustpils pagasta pārvalde","building":"government","amenity":"townhall"}},{"type":"Feature","geometry":{"type":"Point","coordinates":[25.817148,56.539155]},"properties":{"kategorija":"noturibas_punkts","id":"way/1321848361","adrese":"Spunģēni","veids":"Kultūras / tautas nams","statuss":{"siltums":"nav zināms","uzlade":"nav zināms","udens":"nav zināms","wifi":"nav zināms","generators":"nav zināms"},"last_updated":null,"name":"Krustpils pagasta kultūras nams","building":"civic","amenity":"community_centre"}},{"type":"Feature","geometry":{"type":"Point","coordinates":[23.747191,56.664286]},"properties":{"kategorija":"noturibas_punkts","id":"way/1322096564","adrese":"","veids":"Skola","statuss":{"siltums":"nav zināms","uzlade":"nav zināms","udens":"nav zināms","wifi":"nav zināms","generators":"nav zināms"},"last_updated":null,"name":"Jelgavas pamatskola \"Valdeka\" - attīstības centrs","website":"https://jpskvaldeka.lv/","amenity":"school"}},{"type":"Feature","geometry":{"type":"Point","coordinates":[25.971052,56.688203]},"properties":{"kategorija":"noturibas_punkts","id":"way/1322874498","adrese":"Vesetas iela 6, Jaunkalsnava","veids":"Skola","statuss":{"siltums":"nav zināms","uzlade":"nav zināms","udens":"nav zināms","wifi":"nav zināms","generators":"nav zināms"},"last_updated":null,"name":"Kalsnavas Pamatskola","amenity":"school"}},{"type":"Feature","geometry":{"type":"Point","coordinates":[24.137415,56.966442]},"properties":{"kategorija":"noturibas_punkts","id":"way/1323706401","adrese":"","veids":"Skola","statuss":{"siltums":"nav zināms","uzlade":"nav zināms","udens":"nav zināms","wifi":"nav zināms","generators":"nav zināms"},"last_updated":null,"name":"Rīgas Franču licejs","website":"https://www.rfl.lv/","amenity":"school"}},{"type":"Feature","geometry":{"type":"Point","coordinates":[25.42331,56.64472]},"properties":{"kategorija":"noturibas_punkts","id":"way/1324207070","adrese":"","veids":"Skola","statuss":{"siltums":"nav zināms","uzlade":"nav zināms","udens":"nav zināms","wifi":"nav zināms","generators":"nav zināms"},"last_updated":null,"name":"Ilmāra Gaiša Kokneses vidusskola","amenity":"school"}},{"type":"Feature","geometry":{"type":"Point","coordinates":[24.125738,56.956503]},"properties":{"kategorija":"noturibas_punkts","id":"way/1324231063","adrese":"Akas iela 10, Rīga","veids":"Skola","statuss":{"siltums":"nav zināms","uzlade":"nav zināms","udens":"nav zināms","wifi":"nav zināms","generators":"nav zināms"},"last_updated":null,"name":"Rīgas 40. vidusskola","amenity":"school"}},{"type":"Feature","geometry":{"type":"Point","coordinates":[24.126136,56.956984]},"properties":{"kategorija":"noturibas_punkts","id":"way/1324231070","adrese":"Stabu iela 22, Rīga","veids":"Skola","statuss":{"siltums":"nav zināms","uzlade":"nav zināms","udens":"nav zināms","wifi":"nav zināms","generators":"nav zināms"},"last_updated":null,"name":"Žila Verna Rīgas Franču skola","website":"https://ecolejulesverne.lv","amenity":"school"}},{"type":"Feature","geometry":{"type":"Point","coordinates":[26.218585,56.854498]},"properties":{"kategorija":"noturibas_punkts","id":"way/132429043","adrese":"Valdemāra bulvāris 3, Madona","veids":"Skola","statuss":{"siltums":"nav zināms","uzlade":"nav zināms","udens":"nav zināms","wifi":"nav zināms","generators":"nav zināms"},"last_updated":null,"name":"Mākslas skola","building":"school","amenity":"school"}},{"type":"Feature","geometry":{"type":"Point","coordinates":[24.183173,56.406298]},"properties":{"kategorija":"noturibas_punkts","id":"way/132501175","adrese":"","veids":"Skola","statuss":{"siltums":"nav zināms","uzlade":"nav zināms","udens":"nav zināms","wifi":"nav zināms","generators":"nav zināms"},"last_updated":null,"name":"Bauskas Valsts Ģimnāzija","amenity":"school"}},{"type":"Feature","geometry":{"type":"Point","coordinates":[24.174864,56.98014]},"properties":{"kategorija":"noturibas_punkts","id":"way/132520555","adrese":"Ropažu iela 34, Rīga","veids":"Skola","statuss":{"siltums":"nav zināms","uzlade":"nav zināms","udens":"nav zināms","wifi":"nav zināms","generators":"nav zināms"},"last_updated":null,"name":"Rīgas 45. vidusskola","website":"http://r45vs.lv/","amenity":"school"}},{"type":"Feature","geometry":{"type":"Point","coordinates":[24.106803,56.970546]},"properties":{"kategorija":"noturibas_punkts","id":"way/1327112826","adrese":"Ganību dambis 7, Rīga","veids":"Skola","statuss":{"siltums":"nav zināms","uzlade":"nav zināms","udens":"nav zināms","wifi":"nav zināms","generators":"nav zināms"},"last_updated":null,"name":"Rīgas Kultūru vidusskola","amenity":"school"}},{"type":"Feature","geometry":{"type":"Point","coordinates":[24.238139,56.826253]},"properties":{"kategorija":"noturibas_punkts","id":"way/1327811730","adrese":"Nākotnes iela 1A, Ķekava","veids":"Skola","statuss":{"siltums":"nav zināms","uzlade":"nav zināms","udens":"nav zināms","wifi":"nav zināms","generators":"nav zināms"},"last_updated":null,"name":"Ķekavas sākumskola","amenity":"school"}},{"type":"Feature","geometry":{"type":"Point","coordinates":[24.150784,56.957957]},"properties":{"kategorija":"noturibas_punkts","id":"way/1328469955","adrese":"Lauku iela 9, Rīga","veids":"Skola","statuss":{"siltums":"nav zināms","uzlade":"nav zināms","udens":"nav zināms","wifi":"nav zināms","generators":"nav zināms"},"last_updated":null,"name":"J.G. Herdera Rīgas Grīziņkalna vidusskola","website":"https://herderagrizinkalnavsk.lv/","amenity":"school"}},{"type":"Feature","geometry":{"type":"Point","coordinates":[26.026557,56.801959]},"properties":{"kategorija":"noturibas_punkts","id":"way/1331674297","adrese":"Bērzaune","veids":"Skola","statuss":{"siltums":"nav zināms","uzlade":"nav zināms","udens":"nav zināms","wifi":"nav zināms","generators":"nav zināms"},"last_updated":null,"name":"Bērzaunes pamatskola","amenity":"school"}},{"type":"Feature","geometry":{"type":"Point","coordinates":[24.136813,56.955817]},"properties":{"kategorija":"noturibas_punkts","id":"way/1335848767","adrese":"Matīsa iela 39, Rīga","veids":"Skola","statuss":{"siltums":"nav zināms","uzlade":"nav zināms","udens":"nav zināms","wifi":"nav zināms","generators":"nav zināms"},"last_updated":null,"name":"Rīgas 6. vidusskolas sākumskola","amenity":"school"}},{"type":"Feature","geometry":{"type":"Point","coordinates":[24.074879,56.932123]},"properties":{"kategorija":"noturibas_punkts","id":"way/133808059","adrese":"Cieceres iela 9, Rīga","veids":"Skola","statuss":{"siltums":"nav zināms","uzlade":"nav zināms","udens":"nav zināms","wifi":"nav zināms","generators":"nav zināms"},"last_updated":null,"name":"Sporta skola \"Arkādija\"","building":"school","amenity":"school"}},{"type":"Feature","geometry":{"type":"Point","coordinates":[24.151741,56.941619]},"properties":{"kategorija":"noturibas_punkts","id":"way/1338138722","adrese":"","veids":"Skola","statuss":{"siltums":"nav zināms","uzlade":"nav zināms","udens":"nav zināms","wifi":"nav zināms","generators":"nav zināms"},"last_updated":null,"name":"Rīgas Reinholda Šmēlinga vidusskola","amenity":"school"}},{"type":"Feature","geometry":{"type":"Point","coordinates":[25.11963,56.645682]},"properties":{"kategorija":"noturibas_punkts","id":"way/1343785777","adrese":"Andreja Upīša iela 1, Skrīveri","veids":"Kultūras / tautas nams","statuss":{"siltums":"nav zināms","uzlade":"nav zināms","udens":"nav zināms","wifi":"nav zināms","generators":"nav zināms"},"last_updated":null,"name":"Skrīveru kultūras centrs","website":"https://www.facebook.com/p/Skr%C4%ABveru-kult%C5%ABras-centrs-100066855455984/?locale=lv_LV","building":"yes","amenity":"community_centre"}},{"type":"Feature","geometry":{"type":"Point","coordinates":[24.164909,56.967978]},"properties":{"kategorija":"noturibas_punkts","id":"way/134404732","adrese":"Ieriķu iela 5A, Rīga","veids":"Kultūras / tautas nams","statuss":{"siltums":"nav zināms","uzlade":"nav zināms","udens":"nav zināms","wifi":"nav zināms","generators":"nav zināms"},"last_updated":null,"name":"VEF Kvartāla Kamerzāle","building":"yes","amenity":"community_centre"}},{"type":"Feature","geometry":{"type":"Point","coordinates":[26.171161,56.358586]},"properties":{"kategorija":"noturibas_punkts","id":"way/1349284699","adrese":"","veids":"Skola","statuss":{"siltums":"nav zināms","uzlade":"nav zināms","udens":"nav zināms","wifi":"nav zināms","generators":"nav zināms"},"last_updated":null,"name":"Līvānu 1. vidusskola","amenity":"school"}},{"type":"Feature","geometry":{"type":"Point","coordinates":[24.083315,56.902234]},"properties":{"kategorija":"noturibas_punkts","id":"way/1350687623","adrese":"","veids":"Skola","statuss":{"siltums":"nav zināms","uzlade":"nav zināms","udens":"nav zināms","wifi":"nav zināms","generators":"nav zināms"},"last_updated":null,"name":"Ziepniekkalna vidusskola","amenity":"school"}},{"type":"Feature","geometry":{"type":"Point","coordinates":[24.122621,56.964807]},"properties":{"kategorija":"noturibas_punkts","id":"way/1359029171","adrese":"","veids":"Skola","statuss":{"siltums":"nav zināms","uzlade":"nav zināms","udens":"nav zināms","wifi":"nav zināms","generators":"nav zināms"},"last_updated":null,"name":"Rīgas Starptautiskā skola","amenity":"school"}},{"type":"Feature","geometry":{"type":"Point","coordinates":[24.148939,56.96355]},"properties":{"kategorija":"noturibas_punkts","id":"way/1359054002","adrese":"Aleksandra Čaka iela 139, Rīga","veids":"Skola","statuss":{"siltums":"nav zināms","uzlade":"nav zināms","udens":"nav zināms","wifi":"nav zināms","generators":"nav zināms"},"last_updated":null,"name":"Individuālās sagatavošanas basketbola skola","amenity":"school"}},{"type":"Feature","geometry":{"type":"Point","coordinates":[24.126593,56.593299]},"properties":{"kategorija":"noturibas_punkts","id":"way/1363506820","adrese":"","veids":"Skola","statuss":{"siltums":"nav zināms","uzlade":"nav zināms","udens":"nav zināms","wifi":"nav zināms","generators":"nav zināms"},"last_updated":null,"name":"Zālītes speciālā internātpamatskola","amenity":"school"}},{"type":"Feature","geometry":{"type":"Point","coordinates":[24.173572,56.983129]},"properties":{"kategorija":"noturibas_punkts","id":"way/136514641","adrese":"Čiekurkalna 1. līnija 64, Rīga","veids":"Bibliotēka","statuss":{"siltums":"nav zināms","uzlade":"nav zināms","udens":"nav zināms","wifi":"nav zināms","generators":"nav zināms"},"last_updated":null,"name":"Čiekurkalna filiālbibliotēka","opening_hours":"Mo-Fr 10:00-18:00; Sa 10:00-17:00; Su off","building":"yes","amenity":"library"}},{"type":"Feature","geometry":{"type":"Point","coordinates":[24.130928,56.993796]},"properties":{"kategorija":"noturibas_punkts","id":"way/1370124491","adrese":"Sīmaņa iela 14, Rīga","veids":"Skola","statuss":{"siltums":"nav zināms","uzlade":"nav zināms","udens":"nav zināms","wifi":"nav zināms","generators":"nav zināms"},"last_updated":null,"name":"Rīgas 18. vidusskola","amenity":"school"}},{"type":"Feature","geometry":{"type":"Point","coordinates":[24.102917,56.915908]},"properties":{"kategorija":"noturibas_punkts","id":"way/137279228","adrese":"","veids":"Skola","statuss":{"siltums":"nav zināms","uzlade":"nav zināms","udens":"nav zināms","wifi":"nav zināms","generators":"nav zināms"},"last_updated":null,"name":"Rīgas 47. vidusskola","amenity":"school"}},{"type":"Feature","geometry":{"type":"Point","coordinates":[23.119337,56.951726]},"properties":{"kategorija":"noturibas_punkts","id":"way/1373788838","adrese":"Kuldīgas iela 74, Tukums","veids":"Skola","statuss":{"siltums":"nav zināms","uzlade":"nav zināms","udens":"nav zināms","wifi":"nav zināms","generators":"nav zināms"},"last_updated":null,"name":"Tukuma sporta skola","amenity":"school"}},{"type":"Feature","geometry":{"type":"Point","coordinates":[24.2762,57.129299]},"properties":{"kategorija":"noturibas_punkts","id":"way/137383478","adrese":"Jūras iela 1A, Carnikava","veids":"Kultūras / tautas nams","statuss":{"siltums":"nav zināms","uzlade":"nav zināms","udens":"nav zināms","wifi":"nav zināms","generators":"nav zināms"},"last_updated":null,"name":"Tautas nams Ozolaine","building":"yes","amenity":"community_centre"}},{"type":"Feature","geometry":{"type":"Point","coordinates":[21.56802,56.978232]},"properties":{"kategorija":"noturibas_punkts","id":"way/1376661930","adrese":"Skolas iela 11, Alsunga","veids":"Skola","statuss":{"siltums":"nav zināms","uzlade":"nav zināms","udens":"nav zināms","wifi":"nav zināms","generators":"nav zināms"},"last_updated":null,"name":"Alsungas Mākslu pamatskola","amenity":"school"}},{"type":"Feature","geometry":{"type":"Point","coordinates":[21.964466,56.968859]},"properties":{"kategorija":"noturibas_punkts","id":"way/1376730231","adrese":"","veids":"Skola","statuss":{"siltums":"nav zināms","uzlade":"nav zināms","udens":"nav zināms","wifi":"nav zināms","generators":"nav zināms"},"last_updated":null,"name":"Kuldīgas Tehnoloģiju un tūrisma tehnikums","amenity":"school"}},{"type":"Feature","geometry":{"type":"Point","coordinates":[24.176704,57.042003]},"properties":{"kategorija":"noturibas_punkts","id":"way/1378048872","adrese":"Jaunciema 4. šķērslīnija 4, Rīga","veids":"Skola","statuss":{"siltums":"nav zināms","uzlade":"nav zināms","udens":"nav zināms","wifi":"nav zināms","generators":"nav zināms"},"last_updated":null,"name":"Rīgas Jaunciema pamatskola","website":"https://www.rjps.lv/skola/","amenity":"school"}},{"type":"Feature","geometry":{"type":"Point","coordinates":[23.71772,56.639407]},"properties":{"kategorija":"noturibas_punkts","id":"way/1380626684","adrese":"","veids":"Skola","statuss":{"siltums":"nav zināms","uzlade":"nav zināms","udens":"nav zināms","wifi":"nav zināms","generators":"nav zināms"},"last_updated":null,"name":"Jelgavas sākumskola","amenity":"school"}},{"type":"Feature","geometry":{"type":"Point","coordinates":[21.682246,57.018419]},"properties":{"kategorija":"noturibas_punkts","id":"way/1384516438","adrese":"Ēdole","veids":"Skola","statuss":{"siltums":"nav zināms","uzlade":"nav zināms","udens":"nav zināms","wifi":"nav zināms","generators":"nav zināms"},"last_updated":null,"name":"Ēdoles pamatskola","website":"https://edolesskola.kuldiga.lv/","amenity":"school"}},{"type":"Feature","geometry":{"type":"Point","coordinates":[23.723078,56.65154]},"properties":{"kategorija":"noturibas_punkts","id":"way/138624708","adrese":"Lielā iela 11, Jelgava","veids":"Pašvaldības ēka","statuss":{"siltums":"nav zināms","uzlade":"nav zināms","udens":"nav zināms","wifi":"nav zināms","generators":"nav zināms"},"last_updated":null,"name":"Jelgavas valstspilsētas dome","building":"yes","amenity":"townhall"}},{"type":"Feature","geometry":{"type":"Point","coordinates":[25.40753,57.531984]},"properties":{"kategorija":"noturibas_punkts","id":"way/138995005","adrese":"Pāvila Rozīša iela 40A, Valmiera","veids":"Skola","statuss":{"siltums":"nav zināms","uzlade":"nav zināms","udens":"nav zināms","wifi":"nav zināms","generators":"nav zināms"},"last_updated":null,"name":"Valmieras sākumskola","building":"school","amenity":"school"}},{"type":"Feature","geometry":{"type":"Point","coordinates":[25.408405,57.532797]},"properties":{"kategorija":"noturibas_punkts","id":"way/138995013","adrese":"Pāvila Rozīša iela 40, Valmiera","veids":"Skola","statuss":{"siltums":"nav zināms","uzlade":"nav zināms","udens":"nav zināms","wifi":"nav zināms","generators":"nav zināms"},"last_updated":null,"name":"Valmieras Valsts ģimnāzija","website":"https://www.vvg.lv","building":"school","amenity":"school"}},{"type":"Feature","geometry":{"type":"Point","coordinates":[21.203464,56.88269]},"properties":{"kategorija":"noturibas_punkts","id":"way/1391008632","adrese":"","veids":"Skola","statuss":{"siltums":"nav zināms","uzlade":"nav zināms","udens":"nav zināms","wifi":"nav zināms","generators":"nav zināms"},"last_updated":null,"name":"Pāvilostas pamatskola","website":"http://pavilostaspamatskola.lv/","amenity":"school"}},{"type":"Feature","geometry":{"type":"Point","coordinates":[25.417676,57.535175]},"properties":{"kategorija":"noturibas_punkts","id":"way/139292139","adrese":"Pāvila Rozīša iela 5, Valmiera","veids":"Skola","statuss":{"siltums":"nav zināms","uzlade":"nav zināms","udens":"nav zināms","wifi":"nav zināms","generators":"nav zināms"},"last_updated":null,"name":"Valmieras Gaujas krasta vidusskola","amenity":"school"}},{"type":"Feature","geometry":{"type":"Point","coordinates":[24.49,57.327137]},"properties":{"kategorija":"noturibas_punkts","id":"way/1395158636","adrese":"Mandegas","veids":"Skola","statuss":{"siltums":"nav zināms","uzlade":"nav zināms","udens":"nav zināms","wifi":"nav zināms","generators":"nav zināms"},"last_updated":null,"name":"Skultes pamatskola","amenity":"school"}},{"type":"Feature","geometry":{"type":"Point","coordinates":[22.562017,56.682322]},"properties":{"kategorija":"noturibas_punkts","id":"way/1395652607","adrese":"Ezera iela 6, Brocēni","veids":"Skola","statuss":{"siltums":"nav zināms","uzlade":"nav zināms","udens":"nav zināms","wifi":"nav zināms","generators":"nav zināms"},"last_updated":null,"name":"Brocēnu vidusskola","amenity":"school"}},{"type":"Feature","geometry":{"type":"Point","coordinates":[22.010151,56.674987]},"properties":{"kategorija":"noturibas_punkts","id":"way/1396275467","adrese":"","veids":"Skola","statuss":{"siltums":"nav zināms","uzlade":"nav zināms","udens":"nav zināms","wifi":"nav zināms","generators":"nav zināms"},"last_updated":null,"name":"Skrundas pamatskola","amenity":"school"}},{"type":"Feature","geometry":{"type":"Point","coordinates":[24.594037,57.263367]},"properties":{"kategorija":"noturibas_punkts","id":"way/1408242508","adrese":"Maija iela 7, Pabaži","veids":"Skola","statuss":{"siltums":"nav zināms","uzlade":"nav zināms","udens":"nav zināms","wifi":"nav zināms","generators":"nav zināms"},"last_updated":null,"name":"Pabažu pamatskola","amenity":"school"}},{"type":"Feature","geometry":{"type":"Point","coordinates":[25.082081,56.611051]},"properties":{"kategorija":"noturibas_punkts","id":"way/140892343","adrese":"Uzvaras iela 1, Jaunjelgava","veids":"Skola","statuss":{"siltums":"nav zināms","uzlade":"nav zināms","udens":"nav zināms","wifi":"nav zināms","generators":"nav zināms"},"last_updated":null,"name":"Jaunjelgavas vidusskola","amenity":"school"}},{"type":"Feature","geometry":{"type":"Point","coordinates":[24.099798,56.965483]},"properties":{"kategorija":"noturibas_punkts","id":"way/1409473755","adrese":"","veids":"Skola","statuss":{"siltums":"nav zināms","uzlade":"nav zināms","udens":"nav zināms","wifi":"nav zināms","generators":"nav zināms"},"last_updated":null,"name":"Rīgas 66. vidusskola","amenity":"school"}},{"type":"Feature","geometry":{"type":"Point","coordinates":[23.700274,56.642934]},"properties":{"kategorija":"noturibas_punkts","id":"way/1411186499","adrese":"","veids":"Skola","statuss":{"siltums":"nav zināms","uzlade":"nav zināms","udens":"nav zināms","wifi":"nav zināms","generators":"nav zināms"},"last_updated":null,"name":"Jelgavas 2. internātpamatskola","amenity":"school"}},{"type":"Feature","geometry":{"type":"Point","coordinates":[21.153204,56.156557]},"properties":{"kategorija":"noturibas_punkts","id":"way/1416233187","adrese":"","veids":"Skola","statuss":{"siltums":"nav zināms","uzlade":"nav zināms","udens":"nav zināms","wifi":"nav zināms","generators":"nav zināms"},"last_updated":null,"name":"Rucavas vidusskola","amenity":"school"}},{"type":"Feature","geometry":{"type":"Point","coordinates":[24.632333,57.170584]},"properties":{"kategorija":"noturibas_punkts","id":"way/1422808271","adrese":"","veids":"Skola","statuss":{"siltums":"nav zināms","uzlade":"nav zināms","udens":"nav zināms","wifi":"nav zināms","generators":"nav zināms"},"last_updated":null,"name":"Sējas pamatskola","amenity":"school"}},{"type":"Feature","geometry":{"type":"Point","coordinates":[22.605002,57.243546]},"properties":{"kategorija":"noturibas_punkts","id":"way/1423517932","adrese":"Kārļa Mīlenbaha iela 32, Talsi","veids":"Skola","statuss":{"siltums":"nav zināms","uzlade":"nav zināms","udens":"nav zināms","wifi":"nav zināms","generators":"nav zināms"},"last_updated":null,"name":"Talsu 2. vidusskola","amenity":"school"}},{"type":"Feature","geometry":{"type":"Point","coordinates":[22.591885,57.24009]},"properties":{"kategorija":"noturibas_punkts","id":"way/1423518904","adrese":"","veids":"Skola","statuss":{"siltums":"nav zināms","uzlade":"nav zināms","udens":"nav zināms","wifi":"nav zināms","generators":"nav zināms"},"last_updated":null,"name":"Talsu Valsts ģimnāzija","amenity":"school"}},{"type":"Feature","geometry":{"type":"Point","coordinates":[21.856162,56.422452]},"properties":{"kategorija":"noturibas_punkts","id":"way/1426865726","adrese":"Avotu iela 4, Vaiņode","veids":"Skola","statuss":{"siltums":"nav zināms","uzlade":"nav zināms","udens":"nav zināms","wifi":"nav zināms","generators":"nav zināms"},"last_updated":null,"name":"Vaiņodes vidusskola","operator":"Vaiņodes vidusskola","website":"vvskola.lv","amenity":"school"}},{"type":"Feature","geometry":{"type":"Point","coordinates":[21.732091,56.724355]},"properties":{"kategorija":"noturibas_punkts","id":"way/1430622773","adrese":"Kazdanga","veids":"Skola","statuss":{"siltums":"nav zināms","uzlade":"nav zināms","udens":"nav zināms","wifi":"nav zināms","generators":"nav zināms"},"last_updated":null,"name":"Māteru Jura Kazdangas pamatskola","amenity":"school"}},{"type":"Feature","geometry":{"type":"Point","coordinates":[26.926308,56.55119]},"properties":{"kategorija":"noturibas_punkts","id":"way/1432279225","adrese":"Rēzeknes iela 1A, Viļāni","veids":"Skola","statuss":{"siltums":"nav zināms","uzlade":"nav zināms","udens":"nav zināms","wifi":"nav zināms","generators":"nav zināms"},"last_updated":null,"name":"Varakļānu vidusskola","amenity":"school"}},{"type":"Feature","geometry":{"type":"Point","coordinates":[26.171809,56.359947]},"properties":{"kategorija":"noturibas_punkts","id":"way/1433384285","adrese":"Rīgas iela 113/117, Līvāni","veids":"Skola","statuss":{"siltums":"nav zināms","uzlade":"nav zināms","udens":"nav zināms","wifi":"nav zināms","generators":"nav zināms"},"last_updated":null,"name":"Līvānu 2. vidusskola","amenity":"school"}},{"type":"Feature","geometry":{"type":"Point","coordinates":[27.511173,56.583809]},"properties":{"kategorija":"noturibas_punkts","id":"way/1436960115","adrese":"","veids":"Skola","statuss":{"siltums":"nav zināms","uzlade":"nav zināms","udens":"nav zināms","wifi":"nav zināms","generators":"nav zināms"},"last_updated":null,"name":"Kalnezeru Katoļu pamatskola","amenity":"school"}},{"type":"Feature","geometry":{"type":"Point","coordinates":[21.004058,56.488608]},"properties":{"kategorija":"noturibas_punkts","id":"way/1443709896","adrese":"Klaipēdas iela 94, Liepāja","veids":"Skola","statuss":{"siltums":"nav zināms","uzlade":"nav zināms","udens":"nav zināms","wifi":"nav zināms","generators":"nav zināms"},"last_updated":null,"name":"Liepājas Līvupes pamatskola – attīstības centrs","website":"https://livupe.edu.lv/","amenity":"school"}},{"type":"Feature","geometry":{"type":"Point","coordinates":[26.754489,57.175268]},"properties":{"kategorija":"noturibas_punkts","id":"way/1443714839","adrese":"","veids":"Skola","statuss":{"siltums":"nav zināms","uzlade":"nav zināms","udens":"nav zināms","wifi":"nav zināms","generators":"nav zināms"},"last_updated":null,"name":"Gulbenes novada vidusskola","amenity":"school"}},{"type":"Feature","geometry":{"type":"Point","coordinates":[26.767839,57.171598]},"properties":{"kategorija":"noturibas_punkts","id":"way/1443900572","adrese":"","veids":"Skola","statuss":{"siltums":"nav zināms","uzlade":"nav zināms","udens":"nav zināms","wifi":"nav zināms","generators":"nav zināms"},"last_updated":null,"name":"Gulbenes novada vidusskola","amenity":"school"}},{"type":"Feature","geometry":{"type":"Point","coordinates":[23.300338,56.852623]},"properties":{"kategorija":"noturibas_punkts","id":"way/1444660776","adrese":"Slampe","veids":"Skola","statuss":{"siltums":"nav zināms","uzlade":"nav zināms","udens":"nav zināms","wifi":"nav zināms","generators":"nav zināms"},"last_updated":null,"name":"Zemgales vidusskola","amenity":"school"}},{"type":"Feature","geometry":{"type":"Point","coordinates":[25.257717,56.607096]},"properties":{"kategorija":"noturibas_punkts","id":"way/1446259976","adrese":"Jaunceltnes iela 21, Aizkraukle","veids":"Skola","statuss":{"siltums":"nav zināms","uzlade":"nav zināms","udens":"nav zināms","wifi":"nav zināms","generators":"nav zināms"},"last_updated":null,"name":"Aizkraukles arodvidusskola","website":"https://www.apvs.lv/","amenity":"school"}},{"type":"Feature","geometry":{"type":"Point","coordinates":[27.925617,56.409005]},"properties":{"kategorija":"noturibas_punkts","id":"way/1448414282","adrese":"Nirza","veids":"Skola","statuss":{"siltums":"nav zināms","uzlade":"nav zināms","udens":"nav zināms","wifi":"nav zināms","generators":"nav zināms"},"last_updated":null,"name":"Nīcas skola","amenity":"school"}},{"type":"Feature","geometry":{"type":"Point","coordinates":[28.158879,56.29486]},"properties":{"kategorija":"noturibas_punkts","id":"way/1448676497","adrese":"","veids":"Skola","statuss":{"siltums":"nav zināms","uzlade":"nav zināms","udens":"nav zināms","wifi":"nav zināms","generators":"nav zināms"},"last_updated":null,"name":"Pasienes pamatskola","amenity":"school"}},{"type":"Feature","geometry":{"type":"Point","coordinates":[26.317438,56.965955]},"properties":{"kategorija":"noturibas_punkts","id":"way/1449473771","adrese":"Madonas iela 1, Cesvaine","veids":"Skola","statuss":{"siltums":"nav zināms","uzlade":"nav zināms","udens":"nav zināms","wifi":"nav zināms","generators":"nav zināms"},"last_updated":null,"name":"Cesvaines vidusskola","amenity":"school"}},{"type":"Feature","geometry":{"type":"Point","coordinates":[23.084977,56.935992]},"properties":{"kategorija":"noturibas_punkts","id":"way/1454514965","adrese":"","veids":"Skola","statuss":{"siltums":"nav zināms","uzlade":"nav zināms","udens":"nav zināms","wifi":"nav zināms","generators":"nav zināms"},"last_updated":null,"name":"Tumes vidusskola","amenity":"school"}},{"type":"Feature","geometry":{"type":"Point","coordinates":[24.87836,56.698049]},"properties":{"kategorija":"noturibas_punkts","id":"way/1454523179","adrese":"Kaibala","veids":"Skola","statuss":{"siltums":"nav zināms","uzlade":"nav zināms","udens":"nav zināms","wifi":"nav zināms","generators":"nav zināms"},"last_updated":null,"name":"Kaibalas skola","amenity":"school"}},{"type":"Feature","geometry":{"type":"Point","coordinates":[25.906087,56.004871]},"properties":{"kategorija":"noturibas_punkts","id":"way/1454558383","adrese":"Tirgus laukums 20, Subate","veids":"Skola","statuss":{"siltums":"nav zināms","uzlade":"nav zināms","udens":"nav zināms","wifi":"nav zināms","generators":"nav zināms"},"last_updated":null,"name":"Subates pamatskola","amenity":"school"}},{"type":"Feature","geometry":{"type":"Point","coordinates":[22.023259,57.513375]},"properties":{"kategorija":"noturibas_punkts","id":"way/1454760259","adrese":"Ance","veids":"Skola","statuss":{"siltums":"nav zināms","uzlade":"nav zināms","udens":"nav zināms","wifi":"nav zināms","generators":"nav zināms"},"last_updated":null,"name":"Ances pamatskola","amenity":"school"}},{"type":"Feature","geometry":{"type":"Point","coordinates":[24.053157,56.950366]},"properties":{"kategorija":"noturibas_punkts","id":"way/145484977","adrese":"","veids":"Skola","statuss":{"siltums":"nav zināms","uzlade":"nav zināms","udens":"nav zināms","wifi":"nav zināms","generators":"nav zināms"},"last_updated":null,"name":"Rīgas 34. vidusskola","amenity":"school"}},{"type":"Feature","geometry":{"type":"Point","coordinates":[24.175614,56.92142]},"properties":{"kategorija":"noturibas_punkts","id":"way/145485525","adrese":"Latgales iela 271A, Rīga","veids":"Bibliotēka","statuss":{"siltums":"nav zināms","uzlade":"nav zināms","udens":"nav zināms","wifi":"nav zināms","generators":"nav zināms"},"last_updated":null,"name":"Ķengaraga bibliotēka","operator":"Rīgas Centrālā bibliotēka","opening_hours":"Tu 11:00-19:00; We-Fr 10:00-18:00; Sa 10:00-17:00","building":"yes","amenity":"library"}},{"type":"Feature","geometry":{"type":"Point","coordinates":[26.762277,57.177128]},"properties":{"kategorija":"noturibas_punkts","id":"way/1456715428","adrese":"Vidus iela 7, Gulbene","veids":"Skola","statuss":{"siltums":"nav zināms","uzlade":"nav zināms","udens":"nav zināms","wifi":"nav zināms","generators":"nav zināms"},"last_updated":null,"name":"Gulbenes Mākslas skola","website":"https://www.gulbene.lv/lv/strukturvieniba/gulbenes-makslas-skola","amenity":"school"}},{"type":"Feature","geometry":{"type":"Point","coordinates":[23.724493,56.655133]},"properties":{"kategorija":"noturibas_punkts","id":"way/1458323890","adrese":"","veids":"Skola","statuss":{"siltums":"nav zināms","uzlade":"nav zināms","udens":"nav zināms","wifi":"nav zināms","generators":"nav zināms"},"last_updated":null,"name":"Jelgavas Centra pamatskola","website":"https://jcp.lv/","amenity":"school"}},{"type":"Feature","geometry":{"type":"Point","coordinates":[25.265997,57.67547]},"properties":{"kategorija":"noturibas_punkts","id":"way/1464169251","adrese":"","veids":"Skola","statuss":{"siltums":"nav zināms","uzlade":"nav zināms","udens":"nav zināms","wifi":"nav zināms","generators":"nav zināms"},"last_updated":null,"name":"Burtnieku Ausekļa pamatsskola","amenity":"school"}},{"type":"Feature","geometry":{"type":"Point","coordinates":[24.050899,56.949689]},"properties":{"kategorija":"noturibas_punkts","id":"way/146632241","adrese":"Kandavas iela 4 k-1, Rīga","veids":"Skola","statuss":{"siltums":"nav zināms","uzlade":"nav zināms","udens":"nav zināms","wifi":"nav zināms","generators":"nav zināms"},"last_updated":null,"name":"Āgenskalna sākumskola","website":"https://aksk.lv/","amenity":"school"}},{"type":"Feature","geometry":{"type":"Point","coordinates":[25.262088,56.600521]},"properties":{"kategorija":"noturibas_punkts","id":"way/1469157455","adrese":"","veids":"Skola","statuss":{"siltums":"nav zināms","uzlade":"nav zināms","udens":"nav zināms","wifi":"nav zināms","generators":"nav zināms"},"last_updated":null,"name":"Aizkraukles Novada Ģimnāzija","amenity":"school"}},{"type":"Feature","geometry":{"type":"Point","coordinates":[27.467957,57.344818]},"properties":{"kategorija":"noturibas_punkts","id":"way/1471125205","adrese":"Liepna","veids":"Skola","statuss":{"siltums":"nav zināms","uzlade":"nav zināms","udens":"nav zināms","wifi":"nav zināms","generators":"nav zināms"},"last_updated":null,"name":"Alekseja Grāvīša Liepnas pamatskola","amenity":"school"}},{"type":"Feature","geometry":{"type":"Point","coordinates":[23.442597,56.618616]},"properties":{"kategorija":"noturibas_punkts","id":"way/1471130142","adrese":"","veids":"Skola","statuss":{"siltums":"nav zināms","uzlade":"nav zināms","udens":"nav zināms","wifi":"nav zināms","generators":"nav zināms"},"last_updated":null,"name":"Šķibes pamatskola","amenity":"school"}},{"type":"Feature","geometry":{"type":"Point","coordinates":[27.236646,56.694924]},"properties":{"kategorija":"noturibas_punkts","id":"way/1472429212","adrese":"Miera iela 12, Strūžāni","veids":"Skola","statuss":{"siltums":"nav zināms","uzlade":"nav zināms","udens":"nav zināms","wifi":"nav zināms","generators":"nav zināms"},"last_updated":null,"name":"Strūžānu skola","amenity":"school"}},{"type":"Feature","geometry":{"type":"Point","coordinates":[24.21587,56.983306]},"properties":{"kategorija":"noturibas_punkts","id":"way/1472984321","adrese":"Ineses Jaunzemes iela 4, Rīga","veids":"Skola","statuss":{"siltums":"nav zināms","uzlade":"nav zināms","udens":"nav zināms","wifi":"nav zināms","generators":"nav zināms"},"last_updated":null,"name":"Rīgas 5. pamatskola - attīstības centrs","operator":"Rīgas domes Izglītības, kultūras un sporta departaments","website":"https://www.r5sips.lv","amenity":"school"}},{"type":"Feature","geometry":{"type":"Point","coordinates":[24.099307,57.037534]},"properties":{"kategorija":"noturibas_punkts","id":"way/1473209230","adrese":"Baltāsbaznīcas iela 14, Rīga","veids":"Kultūras / tautas nams","statuss":{"siltums":"nav zināms","uzlade":"nav zināms","udens":"nav zināms","wifi":"nav zināms","generators":"nav zināms"},"last_updated":null,"name":"Bērnu un jauniešu centrs \"Laimīte\"","amenity":"community_centre"}},{"type":"Feature","geometry":{"type":"Point","coordinates":[24.20393,56.943514]},"properties":{"kategorija":"noturibas_punkts","id":"way/147440015","adrese":"","veids":"Skola","statuss":{"siltums":"nav zināms","uzlade":"nav zināms","udens":"nav zināms","wifi":"nav zināms","generators":"nav zināms"},"last_updated":null,"name":"Praktiskās estētikas skola","website":"https://estets.lv/","amenity":"school"}},{"type":"Feature","geometry":{"type":"Point","coordinates":[24.565387,56.867148]},"properties":{"kategorija":"noturibas_punkts","id":"way/1475219681","adrese":"Tīnūži","veids":"Skola","statuss":{"siltums":"nav zināms","uzlade":"nav zināms","udens":"nav zināms","wifi":"nav zināms","generators":"nav zināms"},"last_updated":null,"name":"Tīnužu pamatskola","amenity":"school"}},{"type":"Feature","geometry":{"type":"Point","coordinates":[24.712413,56.747145]},"properties":{"kategorija":"noturibas_punkts","id":"way/1478612960","adrese":"","veids":"Skola","statuss":{"siltums":"nav zināms","uzlade":"nav zināms","udens":"nav zināms","wifi":"nav zināms","generators":"nav zināms"},"last_updated":null,"name":"Ķeguma pamatskola","amenity":"school"}},{"type":"Feature","geometry":{"type":"Point","coordinates":[27.542113,56.332894]},"properties":{"kategorija":"noturibas_punkts","id":"way/1478993067","adrese":"Rāznas iela 17, Kaunata","veids":"Skola","statuss":{"siltums":"nav zināms","uzlade":"nav zināms","udens":"nav zināms","wifi":"nav zināms","generators":"nav zināms"},"last_updated":null,"name":"Kaunatas vidusskola","amenity":"school"}},{"type":"Feature","geometry":{"type":"Point","coordinates":[27.749569,56.683685]},"properties":{"kategorija":"noturibas_punkts","id":"way/1479246387","adrese":"Liepu iela 19, Mērdzene","veids":"Kultūras / tautas nams","statuss":{"siltums":"nav zināms","uzlade":"nav zināms","udens":"nav zināms","wifi":"nav zināms","generators":"nav zināms"},"last_updated":null,"name":"Mērdzenes tautas nams","building":"yes","amenity":"community_centre"}},{"type":"Feature","geometry":{"type":"Point","coordinates":[24.163189,57.002122]},"properties":{"kategorija":"noturibas_punkts","id":"way/1481184436","adrese":"Stokholmas iela 24, Rīga","veids":"Skola","statuss":{"siltums":"nav zināms","uzlade":"nav zināms","udens":"nav zināms","wifi":"nav zināms","generators":"nav zināms"},"last_updated":null,"name":"Rīgas 5. pamatskola - attīstības centrs","website":"https://www.r5sips.lv/","amenity":"school"}},{"type":"Feature","geometry":{"type":"Point","coordinates":[23.195032,56.485812]},"properties":{"kategorija":"noturibas_punkts","id":"way/1481392254","adrese":"Penkule","veids":"Skola","statuss":{"siltums":"nav zināms","uzlade":"nav zināms","udens":"nav zināms","wifi":"nav zināms","generators":"nav zināms"},"last_updated":null,"name":"Penkules pamatskola","amenity":"school"}},{"type":"Feature","geometry":{"type":"Point","coordinates":[24.124056,56.964122]},"properties":{"kategorija":"noturibas_punkts","id":"way/148146220","adrese":"Tomsona iela 3/5, Rīga","veids":"Skola","statuss":{"siltums":"nav zināms","uzlade":"nav zināms","udens":"nav zināms","wifi":"nav zināms","generators":"nav zināms"},"last_updated":null,"name":"Rīgas tirdzniecības profesionālā vidusskola","building":"school","amenity":"school"}},{"type":"Feature","geometry":{"type":"Point","coordinates":[23.948687,56.87956]},"properties":{"kategorija":"noturibas_punkts","id":"way/1484638697","adrese":"Mazcenu aleja 4A, Jaunmārupe","veids":"Skola","statuss":{"siltums":"nav zināms","uzlade":"nav zināms","udens":"nav zināms","wifi":"nav zināms","generators":"nav zināms"},"last_updated":null,"name":"Jaunmārupes Pamatskola","website":"https://jmsk.lv/","amenity":"school"}},{"type":"Feature","geometry":{"type":"Point","coordinates":[21.02516,56.55011]},"properties":{"kategorija":"noturibas_punkts","id":"way/1485964881","adrese":"Lazaretes iela 8, Liepāja","veids":"Skola","statuss":{"siltums":"nav zināms","uzlade":"nav zināms","udens":"nav zināms","wifi":"nav zināms","generators":"nav zināms"},"last_updated":null,"name":"Liepājas Piemares pamatskola","amenity":"school"}},{"type":"Feature","geometry":{"type":"Point","coordinates":[26.241978,56.536116]},"properties":{"kategorija":"noturibas_punkts","id":"way/1486255865","adrese":"Mežāre","veids":"Kultūras / tautas nams","statuss":{"siltums":"nav zināms","uzlade":"nav zināms","udens":"nav zināms","wifi":"nav zināms","generators":"nav zināms"},"last_updated":null,"name":"Mežāres kultūras centrs","building":"yes","amenity":"community_centre"}},{"type":"Feature","geometry":{"type":"Point","coordinates":[27.349051,56.52229]},"properties":{"kategorija":"noturibas_punkts","id":"way/1486538876","adrese":"","veids":"Skola","statuss":{"siltums":"nav zināms","uzlade":"nav zināms","udens":"nav zināms","wifi":"nav zināms","generators":"nav zināms"},"last_updated":null,"name":"Rēzeknes tehnikums","website":"https://rezeknestehnikums.lv/","amenity":"school"}},{"type":"Feature","geometry":{"type":"Point","coordinates":[26.543197,55.878131]},"properties":{"kategorija":"noturibas_punkts","id":"way/1486911573","adrese":"Dobeles iela 30, Daugavpils","veids":"Kultūras / tautas nams","statuss":{"siltums":"nav zināms","uzlade":"nav zināms","udens":"nav zināms","wifi":"nav zināms","generators":"nav zināms"},"last_updated":null,"name":"Vārpa","operator":"Augšdaugavas novada pašvaldība","website":"https://www.augsdaugavasnovads.lv/augsdaugavas-novada-kulturas-centrs-varpa","building":"civic","amenity":"community_centre"}},{"type":"Feature","geometry":{"type":"Point","coordinates":[21.166949,56.536672]},"properties":{"kategorija":"noturibas_punkts","id":"way/1488601373","adrese":"","veids":"Skola","statuss":{"siltums":"nav zināms","uzlade":"nav zināms","udens":"nav zināms","wifi":"nav zināms","generators":"nav zināms"},"last_updated":null,"name":"Zentas Mauriņas Grobiņas novada vidusskola","amenity":"school"}},{"type":"Feature","geometry":{"type":"Point","coordinates":[25.484195,56.676159]},"properties":{"kategorija":"noturibas_punkts","id":"way/1489553835","adrese":"Bormaņi","veids":"Skola","statuss":{"siltums":"nav zināms","uzlade":"nav zināms","udens":"nav zināms","wifi":"nav zināms","generators":"nav zināms"},"last_updated":null,"name":"Kokneses speciālā internātskola","amenity":"school"}},{"type":"Feature","geometry":{"type":"Point","coordinates":[27.211298,56.15003]},"properties":{"kategorija":"noturibas_punkts","id":"way/1489941684","adrese":"Ilzas iela 19, Priežmale","veids":"Kultūras / tautas nams","statuss":{"siltums":"nav zināms","uzlade":"nav zināms","udens":"nav zināms","wifi":"nav zināms","generators":"nav zināms"},"last_updated":null,"name":"Kastulinas tautas nams","building":"yes","amenity":"community_centre"}},{"type":"Feature","geometry":{"type":"Point","coordinates":[26.365102,56.135686]},"properties":{"kategorija":"noturibas_punkts","id":"way/1491145872","adrese":"Skolas iela 15, Nīcgale","veids":"Skola","statuss":{"siltums":"nav zināms","uzlade":"nav zināms","udens":"nav zināms","wifi":"nav zināms","generators":"nav zināms"},"last_updated":null,"name":"Nīcgales pamatskola","amenity":"school"}},{"type":"Feature","geometry":{"type":"Point","coordinates":[25.581479,56.218578]},"properties":{"kategorija":"noturibas_punkts","id":"way/1491412292","adrese":"Elkšņi","veids":"Kultūras / tautas nams","statuss":{"siltums":"nav zināms","uzlade":"nav zināms","udens":"nav zināms","wifi":"nav zināms","generators":"nav zināms"},"last_updated":null,"name":"Elkšņu Tautas nams","building":"yes","amenity":"community_centre"}},{"type":"Feature","geometry":{"type":"Point","coordinates":[26.501523,55.864441]},"properties":{"kategorija":"noturibas_punkts","id":"way/1491476252","adrese":"Komunālā iela 2, Daugavpils","veids":"Skola","statuss":{"siltums":"nav zināms","uzlade":"nav zināms","udens":"nav zināms","wifi":"nav zināms","generators":"nav zināms"},"last_updated":null,"name":"6. vidusskola","amenity":"school"}},{"type":"Feature","geometry":{"type":"Point","coordinates":[23.757172,56.662779]},"properties":{"kategorija":"noturibas_punkts","id":"way/1491991935","adrese":"Akmeņu iela 1, Jelgava","veids":"Skola","statuss":{"siltums":"nav zināms","uzlade":"nav zināms","udens":"nav zināms","wifi":"nav zināms","generators":"nav zināms"},"last_updated":null,"name":"Jelgavas Lielupes vidusskola","opening_hours":"Mo-Fr 06:45-21:00","website":"https://4vsk.jelgava.lv","amenity":"school"}},{"type":"Feature","geometry":{"type":"Point","coordinates":[25.148728,56.848271]},"properties":{"kategorija":"noturibas_punkts","id":"way/1493644010","adrese":"","veids":"Skola","statuss":{"siltums":"nav zināms","uzlade":"nav zināms","udens":"nav zināms","wifi":"nav zināms","generators":"nav zināms"},"last_updated":null,"name":"Madlienas vidusskola","website":"https://madlienasvidusskola.lv/","amenity":"school"}},{"type":"Feature","geometry":{"type":"Point","coordinates":[24.263776,56.974437]},"properties":{"kategorija":"noturibas_punkts","id":"way/1493877629","adrese":"","veids":"Skola","statuss":{"siltums":"nav zināms","uzlade":"nav zināms","udens":"nav zināms","wifi":"nav zināms","generators":"nav zināms"},"last_updated":null,"name":"Rīgas Stila un modes tehnikums","amenity":"school"}},{"type":"Feature","geometry":{"type":"Point","coordinates":[23.862616,56.981958]},"properties":{"kategorija":"noturibas_punkts","id":"way/1494226699","adrese":"","veids":"Skola","statuss":{"siltums":"nav zināms","uzlade":"nav zināms","udens":"nav zināms","wifi":"nav zināms","generators":"nav zināms"},"last_updated":null,"name":"Jūrmalas Aspazijas pamatskola","amenity":"school"}},{"type":"Feature","geometry":{"type":"Point","coordinates":[24.42456,57.046778]},"properties":{"kategorija":"noturibas_punkts","id":"way/1497353754","adrese":"Vidzemes šoseja 34, Garkalne","veids":"Skola","statuss":{"siltums":"nav zināms","uzlade":"nav zināms","udens":"nav zināms","wifi":"nav zināms","generators":"nav zināms"},"last_updated":null,"name":"Garkalnes vidusskola","amenity":"school"}},{"type":"Feature","geometry":{"type":"Point","coordinates":[27.153546,56.353559]},"properties":{"kategorija":"noturibas_punkts","id":"way/150332442","adrese":"Stacijas iela 24, Malta","veids":"Bibliotēka","statuss":{"siltums":"nav zināms","uzlade":"nav zināms","udens":"nav zināms","wifi":"nav zināms","generators":"nav zināms"},"last_updated":null,"name":"Maltas pagasta bibliotēka","amenity":"library"}},{"type":"Feature","geometry":{"type":"Point","coordinates":[24.924729,56.905989]},"properties":{"kategorija":"noturibas_punkts","id":"way/1513024176","adrese":"Suntaži","veids":"Skola","statuss":{"siltums":"nav zināms","uzlade":"nav zināms","udens":"nav zināms","wifi":"nav zināms","generators":"nav zināms"},"last_updated":null,"name":"Suntažu pamatskola","amenity":"school"}},{"type":"Feature","geometry":{"type":"Point","coordinates":[27.166982,56.34786]},"properties":{"kategorija":"noturibas_punkts","id":"way/151580222","adrese":"1. maija iela 80, Malta","veids":"Kultūras / tautas nams","statuss":{"siltums":"nav zināms","uzlade":"nav zināms","udens":"nav zināms","wifi":"nav zināms","generators":"nav zināms"},"last_updated":null,"name":"Maltas kultūras nams","building":"yes","amenity":"community_centre"}},{"type":"Feature","geometry":{"type":"Point","coordinates":[24.139959,56.94468]},"properties":{"kategorija":"noturibas_punkts","id":"way/151590894","adrese":"Jēkabpils iela 19A, Rīga","veids":"Kultūras / tautas nams","statuss":{"siltums":"nav zināms","uzlade":"nav zināms","udens":"nav zināms","wifi":"nav zināms","generators":"nav zināms"},"last_updated":null,"name":"Bērnu un jauniešu centrs \"Daugmale\"","building":"public","amenity":"community_centre"}},{"type":"Feature","geometry":{"type":"Point","coordinates":[21.004308,56.509904]},"properties":{"kategorija":"noturibas_punkts","id":"way/1518979338","adrese":"","veids":"Skola","statuss":{"siltums":"nav zināms","uzlade":"nav zināms","udens":"nav zināms","wifi":"nav zināms","generators":"nav zināms"},"last_updated":null,"name":"Liepājas Valsts ģimnāzija","website":"https://www.lvg.lv/","amenity":"school"}},{"type":"Feature","geometry":{"type":"Point","coordinates":[25.426877,57.528691]},"properties":{"kategorija":"noturibas_punkts","id":"way/1518983709","adrese":"","veids":"Skola","statuss":{"siltums":"nav zināms","uzlade":"nav zināms","udens":"nav zināms","wifi":"nav zināms","generators":"nav zināms"},"last_updated":null,"name":"Valmieras Pārgaujas Valsts ģimnāzija","amenity":"school"}},{"type":"Feature","geometry":{"type":"Point","coordinates":[24.191501,56.944925]},"properties":{"kategorija":"noturibas_punkts","id":"way/152292376","adrese":"","veids":"Skola","statuss":{"siltums":"nav zināms","uzlade":"nav zināms","udens":"nav zināms","wifi":"nav zināms","generators":"nav zināms"},"last_updated":null,"name":"Rīgas Dārzciema vidusskola","amenity":"school"}},{"type":"Feature","geometry":{"type":"Point","coordinates":[24.167352,56.469083]},"properties":{"kategorija":"noturibas_punkts","id":"way/1523461801","adrese":"Code","veids":"Skola","statuss":{"siltums":"nav zināms","uzlade":"nav zināms","udens":"nav zināms","wifi":"nav zināms","generators":"nav zināms"},"last_updated":null,"name":"Codes pamatskola","amenity":"school"}},{"type":"Feature","geometry":{"type":"Point","coordinates":[23.07191,56.483856]},"properties":{"kategorija":"noturibas_punkts","id":"way/1523503465","adrese":"Jelgavas iela 27, Bēne","veids":"Skola","statuss":{"siltums":"nav zināms","uzlade":"nav zināms","udens":"nav zināms","wifi":"nav zināms","generators":"nav zināms"},"last_updated":null,"name":"Bēnes pamatskola","amenity":"school"}},{"type":"Feature","geometry":{"type":"Point","coordinates":[24.211542,56.934831]},"properties":{"kategorija":"noturibas_punkts","id":"way/152768547","adrese":"","veids":"Skola","statuss":{"siltums":"nav zināms","uzlade":"nav zināms","udens":"nav zināms","wifi":"nav zināms","generators":"nav zināms"},"last_updated":null,"name":"Rīgas Pļavnieku pamatskola","amenity":"school"}},{"type":"Feature","geometry":{"type":"Point","coordinates":[24.213016,56.599476]},"properties":{"kategorija":"noturibas_punkts","id":"way/152777177","adrese":"Skolas iela 37, Iecava","veids":"Skola","statuss":{"siltums":"nav zināms","uzlade":"nav zināms","udens":"nav zināms","wifi":"nav zināms","generators":"nav zināms"},"last_updated":null,"name":"Iecavas vidusskola","website":"https://www.iecavas-vsk.lv/","amenity":"school"}},{"type":"Feature","geometry":{"type":"Point","coordinates":[23.515191,57.000167]},"properties":{"kategorija":"noturibas_punkts","id":"way/1529350255","adrese":"Liepu iela 2A, Lapmežciems","veids":"Skola","statuss":{"siltums":"nav zināms","uzlade":"nav zināms","udens":"nav zināms","wifi":"nav zināms","generators":"nav zināms"},"last_updated":null,"name":"Lapmežciema pamatskola","amenity":"school"}},{"type":"Feature","geometry":{"type":"Point","coordinates":[25.120813,56.646646]},"properties":{"kategorija":"noturibas_punkts","id":"way/1530188923","adrese":"","veids":"Skola","statuss":{"siltums":"nav zināms","uzlade":"nav zināms","udens":"nav zināms","wifi":"nav zināms","generators":"nav zināms"},"last_updated":null,"name":"Andreja Upīša Skrīveru vidusskola","website":"http://www.auv.lv","amenity":"school"}},{"type":"Feature","geometry":{"type":"Point","coordinates":[24.001104,56.95655]},"properties":{"kategorija":"noturibas_punkts","id":"way/1530989552","adrese":"","veids":"Skola","statuss":{"siltums":"nav zināms","uzlade":"nav zināms","udens":"nav zināms","wifi":"nav zināms","generators":"nav zināms"},"last_updated":null,"name":"Rīgas Imantas vidusskola","website":"https://riv.lv/","amenity":"school"}},{"type":"Feature","geometry":{"type":"Point","coordinates":[25.917821,57.424922]},"properties":{"kategorija":"noturibas_punkts","id":"way/1535912315","adrese":"Dakteru iela 27, Smiltene","veids":"Skola","statuss":{"siltums":"nav zināms","uzlade":"nav zināms","udens":"nav zināms","wifi":"nav zināms","generators":"nav zināms"},"last_updated":null,"name":"Smiltenes vidusskola","building":"school","amenity":"school"}},{"type":"Feature","geometry":{"type":"Point","coordinates":[23.612935,56.960973]},"properties":{"kategorija":"noturibas_punkts","id":"way/153970462","adrese":"","veids":"Skola","statuss":{"siltums":"nav zināms","uzlade":"nav zināms","udens":"nav zināms","wifi":"nav zināms","generators":"nav zināms"},"last_updated":null,"name":"Kauguru vidusskola","website":"https://kauguruvsk.lv/","wheelchair":"no","amenity":"school"}},{"type":"Feature","geometry":{"type":"Point","coordinates":[24.19245,56.951752]},"properties":{"kategorija":"noturibas_punkts","id":"way/154256229","adrese":"","veids":"Skola","statuss":{"siltums":"nav zināms","uzlade":"nav zināms","udens":"nav zināms","wifi":"nav zināms","generators":"nav zināms"},"last_updated":null,"name":"Rīgas Purvciema vidusskola","amenity":"school"}},{"type":"Feature","geometry":{"type":"Point","coordinates":[24.460736,57.46734]},"properties":{"kategorija":"noturibas_punkts","id":"way/1549758205","adrese":"","veids":"Skola","statuss":{"siltums":"nav zināms","uzlade":"nav zināms","udens":"nav zināms","wifi":"nav zināms","generators":"nav zināms"},"last_updated":null,"name":"Liepupes pamatskola","amenity":"school"}},{"type":"Feature","geometry":{"type":"Point","coordinates":[21.013544,56.515024]},"properties":{"kategorija":"noturibas_punkts","id":"way/1553472305","adrese":"Raiņa iela 5, Liepāja","veids":"Skola","statuss":{"siltums":"nav zināms","uzlade":"nav zināms","udens":"nav zināms","wifi":"nav zināms","generators":"nav zināms"},"last_updated":null,"name":"Liepājas Katoļu pamatskola","website":"https://www.katolupamatskola.lv/","amenity":"school"}},{"type":"Feature","geometry":{"type":"Point","coordinates":[26.381354,55.903293]},"properties":{"kategorija":"noturibas_punkts","id":"way/1556824576","adrese":"Daugavpils iela 1A, Svente","veids":"Skola","statuss":{"siltums":"nav zināms","uzlade":"nav zināms","udens":"nav zināms","wifi":"nav zināms","generators":"nav zināms"},"last_updated":null,"name":"Sventes vidusskola","amenity":"school"}},{"type":"Feature","geometry":{"type":"Point","coordinates":[24.129926,56.956671]},"properties":{"kategorija":"noturibas_punkts","id":"way/155943904","adrese":"","veids":"Skola","statuss":{"siltums":"nav zināms","uzlade":"nav zināms","udens":"nav zināms","wifi":"nav zināms","generators":"nav zināms"},"last_updated":null,"name":"Rīgas Natālijas Draudziņas vidusskola","amenity":"school"}},{"type":"Feature","geometry":{"type":"Point","coordinates":[27.338427,56.505132]},"properties":{"kategorija":"noturibas_punkts","id":"way/1562922037","adrese":"","veids":"Skola","statuss":{"siltums":"nav zināms","uzlade":"nav zināms","udens":"nav zināms","wifi":"nav zināms","generators":"nav zināms"},"last_updated":null,"name":"Rēzeknes sākumskola","amenity":"school"}},{"type":"Feature","geometry":{"type":"Point","coordinates":[24.131352,56.944973]},"properties":{"kategorija":"noturibas_punkts","id":"way/1563066062","adrese":"Skrindu iela 1, Rīga","veids":"Skola","statuss":{"siltums":"nav zināms","uzlade":"nav zināms","udens":"nav zināms","wifi":"nav zināms","generators":"nav zināms"},"last_updated":null,"name":"Oskara Kalpaka Rīgas Tautas daiļamatu pamatskola","website":"https://www.tdaps.lv/","amenity":"school"}},{"type":"Feature","geometry":{"type":"Point","coordinates":[24.111183,57.035087]},"properties":{"kategorija":"noturibas_punkts","id":"way/1563078543","adrese":"Skuju iela 28, Rīga","veids":"Skola","statuss":{"siltums":"nav zināms","uzlade":"nav zināms","udens":"nav zināms","wifi":"nav zināms","generators":"nav zināms"},"last_updated":null,"name":"Rīgas 46. pamatskola","website":"https://www.r46vsk.lv/","amenity":"school"}},{"type":"Feature","geometry":{"type":"Point","coordinates":[24.132004,56.990797]},"properties":{"kategorija":"noturibas_punkts","id":"way/1563126704","adrese":"","veids":"Skola","statuss":{"siltums":"nav zināms","uzlade":"nav zināms","udens":"nav zināms","wifi":"nav zināms","generators":"nav zināms"},"last_updated":null,"name":"Žila Verna Rīgas franču skola","amenity":"school"}},{"type":"Feature","geometry":{"type":"Point","coordinates":[24.079561,56.957404]},"properties":{"kategorija":"noturibas_punkts","id":"way/1563542260","adrese":"Zvejnieku iela 12, Rīga","veids":"Skola","statuss":{"siltums":"nav zināms","uzlade":"nav zināms","udens":"nav zināms","wifi":"nav zināms","generators":"nav zināms"},"last_updated":null,"name":"Rīgas starptautiskā sākumskola","amenity":"school"}},{"type":"Feature","geometry":{"type":"Point","coordinates":[22.751134,57.226716]},"properties":{"kategorija":"noturibas_punkts","id":"way/1564136406","adrese":"Lauciene","veids":"Skola","statuss":{"siltums":"nav zināms","uzlade":"nav zināms","udens":"nav zināms","wifi":"nav zināms","generators":"nav zināms"},"last_updated":null,"name":"Laucienes pamatskola","website":"https://laucienespamatskola.lv/","amenity":"school"}},{"type":"Feature","geometry":{"type":"Point","coordinates":[22.603504,57.243905]},"properties":{"kategorija":"noturibas_punkts","id":"way/1564136407","adrese":"","veids":"Skola","statuss":{"siltums":"nav zināms","uzlade":"nav zināms","udens":"nav zināms","wifi":"nav zināms","generators":"nav zināms"},"last_updated":null,"name":"Talsu novada vidusskola","amenity":"school"}},{"type":"Feature","geometry":{"type":"Point","coordinates":[22.258892,57.326784]},"properties":{"kategorija":"noturibas_punkts","id":"way/1564136408","adrese":"Stikli","veids":"Skola","statuss":{"siltums":"nav zināms","uzlade":"nav zināms","udens":"nav zināms","wifi":"nav zināms","generators":"nav zināms"},"last_updated":null,"name":"Stiklu speciālā internātskola","amenity":"school"}},{"type":"Feature","geometry":{"type":"Point","coordinates":[21.874337,56.435336]},"properties":{"kategorija":"noturibas_punkts","id":"way/1564204289","adrese":"Raiņa iela 60, Vaiņode","veids":"Skola","statuss":{"siltums":"nav zināms","uzlade":"nav zināms","udens":"nav zināms","wifi":"nav zināms","generators":"nav zināms"},"last_updated":null,"name":"Vaiņodes internātskola","amenity":"school"}},{"type":"Feature","geometry":{"type":"Point","coordinates":[21.017521,56.52098]},"properties":{"kategorija":"noturibas_punkts","id":"way/1564204290","adrese":"Rīgas iela 50, Liepāja","veids":"Skola","statuss":{"siltums":"nav zināms","uzlade":"nav zināms","udens":"nav zināms","wifi":"nav zināms","generators":"nav zināms"},"last_updated":null,"name":"Liepājas Draudzīgā aicinājuma vidusskola","amenity":"school"}},{"type":"Feature","geometry":{"type":"Point","coordinates":[21.37144,56.587305]},"properties":{"kategorija":"noturibas_punkts","id":"way/1564204291","adrese":"Skolas iela 5A, Durbe","veids":"Skola","statuss":{"siltums":"nav zināms","uzlade":"nav zināms","udens":"nav zināms","wifi":"nav zināms","generators":"nav zināms"},"last_updated":null,"name":"Ata Kronvalda Durbes vidusskola","amenity":"school"}},{"type":"Feature","geometry":{"type":"Point","coordinates":[27.516281,56.629268]},"properties":{"kategorija":"noturibas_punkts","id":"way/1564240254","adrese":"Rītupes iela 25, Bērzgale","veids":"Skola","statuss":{"siltums":"nav zināms","uzlade":"nav zināms","udens":"nav zināms","wifi":"nav zināms","generators":"nav zināms"},"last_updated":null,"name":"Bērzgales pamatskola, Nautrēnu vidusskolas struktūrvienība","amenity":"school"}},{"type":"Feature","geometry":{"type":"Point","coordinates":[27.329786,56.509127]},"properties":{"kategorija":"noturibas_punkts","id":"way/1564240255","adrese":"","veids":"Skola","statuss":{"siltums":"nav zināms","uzlade":"nav zināms","udens":"nav zināms","wifi":"nav zināms","generators":"nav zināms"},"last_updated":null,"name":"Latvijas Universitātes Paula Stradiņa medicīnas koledžas Rēzeknes filiāle","amenity":"school"}},{"type":"Feature","geometry":{"type":"Point","coordinates":[28.123073,56.384618]},"properties":{"kategorija":"noturibas_punkts","id":"way/1564240256","adrese":"","veids":"Skola","statuss":{"siltums":"nav zināms","uzlade":"nav zināms","udens":"nav zināms","wifi":"nav zināms","generators":"nav zināms"},"last_updated":null,"name":"Zilupes vidusskola","amenity":"school"}},{"type":"Feature","geometry":{"type":"Point","coordinates":[27.989291,56.262428]},"properties":{"kategorija":"noturibas_punkts","id":"way/1564240257","adrese":"Vecslabada","veids":"Skola","statuss":{"siltums":"nav zināms","uzlade":"nav zināms","udens":"nav zināms","wifi":"nav zināms","generators":"nav zināms"},"last_updated":null,"name":"Istras vidusskola","amenity":"school"}},{"type":"Feature","geometry":{"type":"Point","coordinates":[27.179284,55.892105]},"properties":{"kategorija":"noturibas_punkts","id":"way/1564240258","adrese":"N. Rancāna iela 4, Krāslava","veids":"Skola","statuss":{"siltums":"nav zināms","uzlade":"nav zināms","udens":"nav zināms","wifi":"nav zināms","generators":"nav zināms"},"last_updated":null,"name":"Krāslavas Varavīksnes vidusskola","amenity":"school"}},{"type":"Feature","geometry":{"type":"Point","coordinates":[25.613733,57.329513]},"properties":{"kategorija":"noturibas_punkts","id":"way/1564390635","adrese":"Skolas iela 1, Rauna","veids":"Skola","statuss":{"siltums":"nav zināms","uzlade":"nav zināms","udens":"nav zināms","wifi":"nav zināms","generators":"nav zināms"},"last_updated":null,"name":"Raunas vidusskola","amenity":"school"}},{"type":"Feature","geometry":{"type":"Point","coordinates":[25.855212,57.229209]},"properties":{"kategorija":"noturibas_punkts","id":"way/1564390636","adrese":"","veids":"Skola","statuss":{"siltums":"nav zināms","uzlade":"nav zināms","udens":"nav zināms","wifi":"nav zināms","generators":"nav zināms"},"last_updated":null,"name":"Drustu pamatskola","amenity":"school"}},{"type":"Feature","geometry":{"type":"Point","coordinates":[26.305599,56.969779]},"properties":{"kategorija":"noturibas_punkts","id":"way/1564390637","adrese":"Rīgas iela 4, Cesvaine","veids":"Skola","statuss":{"siltums":"nav zināms","uzlade":"nav zināms","udens":"nav zināms","wifi":"nav zināms","generators":"nav zināms"},"last_updated":null,"name":"Cesvaines internātskola","amenity":"school"}},{"type":"Feature","geometry":{"type":"Point","coordinates":[26.304649,56.823845]},"properties":{"kategorija":"noturibas_punkts","id":"way/1564390638","adrese":"Prauliena","veids":"Skola","statuss":{"siltums":"nav zināms","uzlade":"nav zināms","udens":"nav zināms","wifi":"nav zināms","generators":"nav zināms"},"last_updated":null,"name":"Praulienas pamatskola","amenity":"school"}},{"type":"Feature","geometry":{"type":"Point","coordinates":[26.350448,55.784064]},"properties":{"kategorija":"noturibas_punkts","id":"way/1564390646","adrese":"Alejas iela 20, Medumi","veids":"Skola","statuss":{"siltums":"nav zināms","uzlade":"nav zināms","udens":"nav zināms","wifi":"nav zināms","generators":"nav zināms"},"last_updated":null,"name":"Medumu vidusskola","amenity":"school"}},{"type":"Feature","geometry":{"type":"Point","coordinates":[26.650206,55.941986]},"properties":{"kategorija":"noturibas_punkts","id":"way/1564390648","adrese":"Muzeja iela 2, Lociki","veids":"Skola","statuss":{"siltums":"nav zināms","uzlade":"nav zināms","udens":"nav zināms","wifi":"nav zināms","generators":"nav zināms"},"last_updated":null,"name":"Laču Pamatskola","amenity":"school"}},{"type":"Feature","geometry":{"type":"Point","coordinates":[27.011977,56.120239]},"properties":{"kategorija":"noturibas_punkts","id":"way/1564390652","adrese":"","veids":"Skola","statuss":{"siltums":"nav zināms","uzlade":"nav zināms","udens":"nav zināms","wifi":"nav zināms","generators":"nav zināms"},"last_updated":null,"name":"Aglonas katoļu ģimnāzija","amenity":"school"}},{"type":"Feature","geometry":{"type":"Point","coordinates":[25.278613,57.312986]},"properties":{"kategorija":"noturibas_punkts","id":"way/1564440181","adrese":"Raunas iela 7, Cēsis","veids":"Skola","statuss":{"siltums":"nav zināms","uzlade":"nav zināms","udens":"nav zināms","wifi":"nav zināms","generators":"nav zināms"},"last_updated":null,"name":"Cēsu pilsētas Pastariņa sākumskola","amenity":"school"}},{"type":"Feature","geometry":{"type":"Point","coordinates":[25.27371,57.305764]},"properties":{"kategorija":"noturibas_punkts","id":"way/1564440182","adrese":"Pūces iela 2, Cēsis","veids":"Skola","statuss":{"siltums":"nav zināms","uzlade":"nav zināms","udens":"nav zināms","wifi":"nav zināms","generators":"nav zināms"},"last_updated":null,"name":"Draudzīgā Aicinājuma Cēsu Valsts ģimnāzija","amenity":"school"}},{"type":"Feature","geometry":{"type":"Point","coordinates":[25.324511,57.274011]},"properties":{"kategorija":"noturibas_punkts","id":"way/1564440183","adrese":"Krīvi","veids":"Skola","statuss":{"siltums":"nav zināms","uzlade":"nav zināms","udens":"nav zināms","wifi":"nav zināms","generators":"nav zināms"},"last_updated":null,"name":"Līvu pamatskola","amenity":"school"}},{"type":"Feature","geometry":{"type":"Point","coordinates":[25.160394,57.309452]},"properties":{"kategorija":"noturibas_punkts","id":"way/1564440184","adrese":"","veids":"Skola","statuss":{"siltums":"nav zināms","uzlade":"nav zināms","udens":"nav zināms","wifi":"nav zināms","generators":"nav zināms"},"last_updated":null,"name":"Aleksandra Bieziņa Raiskuma pamatskola","amenity":"school"}},{"type":"Feature","geometry":{"type":"Point","coordinates":[24.881514,57.154333]},"properties":{"kategorija":"noturibas_punkts","id":"way/1564440188","adrese":"","veids":"Skola","statuss":{"siltums":"nav zināms","uzlade":"nav zināms","udens":"nav zināms","wifi":"nav zināms","generators":"nav zināms"},"last_updated":null,"name":"Siguldas 1. pamatskola","amenity":"school"}},{"type":"Feature","geometry":{"type":"Point","coordinates":[24.659873,57.345185]},"properties":{"kategorija":"noturibas_punkts","id":"way/1564440189","adrese":"Skolas iela 5, Vidriži","veids":"Skola","statuss":{"siltums":"nav zināms","uzlade":"nav zināms","udens":"nav zināms","wifi":"nav zināms","generators":"nav zināms"},"last_updated":null,"name":"Vidrižu pamatskola","amenity":"school"}},{"type":"Feature","geometry":{"type":"Point","coordinates":[24.712754,57.507051]},"properties":{"kategorija":"noturibas_punkts","id":"way/1564440190","adrese":"","veids":"Skola","statuss":{"siltums":"nav zināms","uzlade":"nav zināms","udens":"nav zināms","wifi":"nav zināms","generators":"nav zināms"},"last_updated":null,"name":"Limbažu sākumskola","amenity":"school"}},{"type":"Feature","geometry":{"type":"Point","coordinates":[24.673874,57.696231]},"properties":{"kategorija":"noturibas_punkts","id":"way/1564440191","adrese":"","veids":"Skola","statuss":{"siltums":"nav zināms","uzlade":"nav zināms","udens":"nav zināms","wifi":"nav zināms","generators":"nav zināms"},"last_updated":null,"name":"Pāles pamatskola","amenity":"school"}},{"type":"Feature","geometry":{"type":"Point","coordinates":[24.875565,57.76488]},"properties":{"kategorija":"noturibas_punkts","id":"way/1564440192","adrese":"Ausekļa iela 1, Aloja","veids":"Skola","statuss":{"siltums":"nav zināms","uzlade":"nav zināms","udens":"nav zināms","wifi":"nav zināms","generators":"nav zināms"},"last_updated":null,"name":"Ausekļa vidusskola","amenity":"school"}},{"type":"Feature","geometry":{"type":"Point","coordinates":[24.353423,57.863595]},"properties":{"kategorija":"noturibas_punkts","id":"way/1564440193","adrese":"Parka iela 12, Ainaži","veids":"Skola","statuss":{"siltums":"nav zināms","uzlade":"nav zināms","udens":"nav zināms","wifi":"nav zināms","generators":"nav zināms"},"last_updated":null,"name":"Krišjāņa Valdemāra Ainažu pamatskola","website":"https://ainazuskola.lv/","amenity":"school"}},{"type":"Feature","geometry":{"type":"Point","coordinates":[25.032751,57.864277]},"properties":{"kategorija":"noturibas_punkts","id":"way/1564440194","adrese":"","veids":"Skola","statuss":{"siltums":"nav zināms","uzlade":"nav zināms","udens":"nav zināms","wifi":"nav zināms","generators":"nav zināms"},"last_updated":null,"name":"Mazsalacas vidusskola","amenity":"school"}},{"type":"Feature","geometry":{"type":"Point","coordinates":[23.819824,56.424517]},"properties":{"kategorija":"noturibas_punkts","id":"way/1564480637","adrese":"Skolas iela 1, Sesava","veids":"Skola","statuss":{"siltums":"nav zināms","uzlade":"nav zināms","udens":"nav zināms","wifi":"nav zināms","generators":"nav zināms"},"last_updated":null,"name":"Sesavas pamatskola","amenity":"school"}},{"type":"Feature","geometry":{"type":"Point","coordinates":[23.982415,56.567992]},"properties":{"kategorija":"noturibas_punkts","id":"way/1564480638","adrese":"1. maija iela 9, Emburga","veids":"Skola","statuss":{"siltums":"nav zināms","uzlade":"nav zināms","udens":"nav zināms","wifi":"nav zināms","generators":"nav zināms"},"last_updated":null,"name":"Salgales pamatskola","amenity":"school"}},{"type":"Feature","geometry":{"type":"Point","coordinates":[24.406655,56.305708]},"properties":{"kategorija":"noturibas_punkts","id":"way/1564480639","adrese":"","veids":"Skola","statuss":{"siltums":"nav zināms","uzlade":"nav zināms","udens":"nav zināms","wifi":"nav zināms","generators":"nav zināms"},"last_updated":null,"name":"Mežgaļu pamatskola","amenity":"school"}},{"type":"Feature","geometry":{"type":"Point","coordinates":[24.648592,56.378796]},"properties":{"kategorija":"noturibas_punkts","id":"way/1564480640","adrese":"Skolas iela 5, Skaistkalne","veids":"Skola","statuss":{"siltums":"nav zināms","uzlade":"nav zināms","udens":"nav zināms","wifi":"nav zināms","generators":"nav zināms"},"last_updated":null,"name":"Skaistkalnes vidusskola","website":"http://www.skaistkalnevsk.edu.lv/","amenity":"school"}},{"type":"Feature","geometry":{"type":"Point","coordinates":[23.152555,56.963561]},"properties":{"kategorija":"noturibas_punkts","id":"way/1564514491","adrese":"Lielā iela 9, Tukums","veids":"Skola","statuss":{"siltums":"nav zināms","uzlade":"nav zināms","udens":"nav zināms","wifi":"nav zināms","generators":"nav zināms"},"last_updated":null,"name":"Tukuma 1. pamatskola","amenity":"school"}},{"type":"Feature","geometry":{"type":"Point","coordinates":[23.489306,56.94118]},"properties":{"kategorija":"noturibas_punkts","id":"way/1564514493","adrese":"","veids":"Skola","statuss":{"siltums":"nav zināms","uzlade":"nav zināms","udens":"nav zināms","wifi":"nav zināms","generators":"nav zināms"},"last_updated":null,"name":"Ķemeru pamatskola","amenity":"school"}},{"type":"Feature","geometry":{"type":"Point","coordinates":[22.014999,57.276901]},"properties":{"kategorija":"noturibas_punkts","id":"way/1565549292","adrese":"Skolas iela 5A, Ugāle","veids":"Skola","statuss":{"siltums":"nav zināms","uzlade":"nav zināms","udens":"nav zināms","wifi":"nav zināms","generators":"nav zināms"},"last_updated":null,"name":"Ugāles vidusskola","amenity":"school"}},{"type":"Feature","geometry":{"type":"Point","coordinates":[26.314324,56.967502]},"properties":{"kategorija":"noturibas_punkts","id":"way/157151194","adrese":"Pils iela 6, Cesvaine","veids":"Bibliotēka","statuss":{"siltums":"nav zināms","uzlade":"nav zināms","udens":"nav zināms","wifi":"nav zināms","generators":"nav zināms"},"last_updated":null,"name":"Cesvaines bibliotēka","building":"yes","amenity":"library"}},{"type":"Feature","geometry":{"type":"Point","coordinates":[26.315355,56.967421]},"properties":{"kategorija":"noturibas_punkts","id":"way/157151249","adrese":"Pils iela 8, Cesvaine","veids":"Kultūras / tautas nams","statuss":{"siltums":"nav zināms","uzlade":"nav zināms","udens":"nav zināms","wifi":"nav zināms","generators":"nav zināms"},"last_updated":null,"name":"Cesvaines kultūras nams","building":"yes","amenity":"community_centre"}},{"type":"Feature","geometry":{"type":"Point","coordinates":[23.936591,56.783765]},"properties":{"kategorija":"noturibas_punkts","id":"way/157506075","adrese":"Zemgales iela 33, Olaine","veids":"Pašvaldības ēka","statuss":{"siltums":"nav zināms","uzlade":"nav zināms","udens":"nav zināms","wifi":"nav zināms","generators":"nav zināms"},"last_updated":null,"name":"Olaines novada dome","building":"yes","amenity":"townhall"}},{"type":"Feature","geometry":{"type":"Point","coordinates":[24.096716,56.941036]},"properties":{"kategorija":"noturibas_punkts","id":"way/159024970","adrese":"Mūkusalas iela 3, Rīga","veids":"Bibliotēka","statuss":{"siltums":"nav zināms","uzlade":"nav zināms","udens":"nav zināms","wifi":"nav zināms","generators":"nav zināms"},"last_updated":null,"name":"Latvijas Nacionālā bibliotēka","opening_hours":"Mo-Fr 10:00-20:00; Sa 11:00-18:00; Jul,Aug Mo-Tu 10:00-15:00; Jul,Aug We-Fr 11:00-17:00; Jul,Aug Su 10:00-15:00; PH off","building":"yes","amenity":"library"}},{"type":"Feature","geometry":{"type":"Point","coordinates":[21.609357,56.720505]},"properties":{"kategorija":"noturibas_punkts","id":"way/159134936","adrese":"","veids":"Skola","statuss":{"siltums":"nav zināms","uzlade":"nav zināms","udens":"nav zināms","wifi":"nav zināms","generators":"nav zināms"},"last_updated":null,"name":"Aizputes vidusskola","website":"https://www.aizpute.edu.lv/","wheelchair":"yes","amenity":"school"}},{"type":"Feature","geometry":{"type":"Point","coordinates":[24.120481,56.961693]},"properties":{"kategorija":"noturibas_punkts","id":"way/159282475","adrese":"","veids":"Skola","statuss":{"siltums":"nav zināms","uzlade":"nav zināms","udens":"nav zināms","wifi":"nav zināms","generators":"nav zināms"},"last_updated":null,"name":"Rīgas 49. vidusskola","amenity":"school"}},{"type":"Feature","geometry":{"type":"Point","coordinates":[24.591675,57.259598]},"properties":{"kategorija":"noturibas_punkts","id":"way/161514782","adrese":"Pabaži","veids":"Kultūras / tautas nams","statuss":{"siltums":"nav zināms","uzlade":"nav zināms","udens":"nav zināms","wifi":"nav zināms","generators":"nav zināms"},"last_updated":null,"name":"Pabažu kultūras nams","building":"yes","amenity":"community_centre"}},{"type":"Feature","geometry":{"type":"Point","coordinates":[23.697971,56.650159]},"properties":{"kategorija":"noturibas_punkts","id":"way/162044020","adrese":"","veids":"Skola","statuss":{"siltums":"nav zināms","uzlade":"nav zināms","udens":"nav zināms","wifi":"nav zināms","generators":"nav zināms"},"last_updated":null,"name":"Jelgavas Aspazijas vidusskola","website":"https://www.j5vsk.lv/","amenity":"school"}},{"type":"Feature","geometry":{"type":"Point","coordinates":[24.123909,56.956539]},"properties":{"kategorija":"noturibas_punkts","id":"way/162818658","adrese":"Ģertrūdes iela 18, Rīga","veids":"Skola","statuss":{"siltums":"nav zināms","uzlade":"nav zināms","udens":"nav zināms","wifi":"nav zināms","generators":"nav zināms"},"last_updated":null,"name":"Rīgas 1. pamatskola-attīstības centrs","building":"school","amenity":"school"}},{"type":"Feature","geometry":{"type":"Point","coordinates":[24.149666,56.960407]},"properties":{"kategorija":"noturibas_punkts","id":"way/164369738","adrese":"Alauksta iela 10, Rīga","veids":"Bibliotēka","statuss":{"siltums":"nav zināms","uzlade":"nav zināms","udens":"nav zināms","wifi":"nav zināms","generators":"nav zināms"},"last_updated":null,"name":"Grīziņkalna filiālbibliotēka","opening_hours":"Tu 10:00-19:00; We-Fr 10:00-18:00; Sa 10:00-17:00","building":"yes","amenity":"library"}},{"type":"Feature","geometry":{"type":"Point","coordinates":[24.078315,56.953522]},"properties":{"kategorija":"noturibas_punkts","id":"way/165353616","adrese":"Paula Valdena iela 5, Rīga","veids":"Bibliotēka","statuss":{"siltums":"nav zināms","uzlade":"nav zināms","udens":"nav zināms","wifi":"nav zināms","generators":"nav zināms"},"last_updated":null,"name":"RTU Zinātniskā bibliotēka","operator":"Rīgas Tehniskā universitāte","opening_hours":"Mo-Th 08:30-19:00; Fr 08:30-17:00","website":"https://www.rtu.lv/component/option,com_newsbox/task,view/id,7/Itemid,7/lang,lv/","building":"university","amenity":"library"}},{"type":"Feature","geometry":{"type":"Point","coordinates":[24.13788,56.951478]},"properties":{"kategorija":"noturibas_punkts","id":"way/165893504","adrese":"Avotu iela 44, Rīga","veids":"Skola","statuss":{"siltums":"nav zināms","uzlade":"nav zināms","udens":"nav zināms","wifi":"nav zināms","generators":"nav zināms"},"last_updated":null,"name":"Rīgas Raiņa vidusskola","building":"school","amenity":"school"}},{"type":"Feature","geometry":{"type":"Point","coordinates":[23.731216,56.646613]},"properties":{"kategorija":"noturibas_punkts","id":"way/168404397","adrese":"Akadēmijas iela 25, Jelgava","veids":"Skola","statuss":{"siltums":"nav zināms","uzlade":"nav zināms","udens":"nav zināms","wifi":"nav zināms","generators":"nav zināms"},"last_updated":null,"name":"Jelgavas Amatu vidusskola","building":"school","amenity":"school"}},{"type":"Feature","geometry":{"type":"Point","coordinates":[23.7938,56.69005]},"properties":{"kategorija":"noturibas_punkts","id":"way/169827562","adrese":"Rīgas iela 23, Ozolnieki","veids":"Kultūras / tautas nams","statuss":{"siltums":"nav zināms","uzlade":"nav zināms","udens":"nav zināms","wifi":"nav zināms","generators":"nav zināms"},"last_updated":null,"name":"Ozolnieku tautas nams","building":"public","amenity":"community_centre"}},{"type":"Feature","geometry":{"type":"Point","coordinates":[27.719892,56.54363]},"properties":{"kategorija":"noturibas_punkts","id":"way/169890171","adrese":"Stacijas iela 41, Ludza","veids":"Kultūras / tautas nams","statuss":{"siltums":"nav zināms","uzlade":"nav zināms","udens":"nav zināms","wifi":"nav zināms","generators":"nav zināms"},"last_updated":null,"name":"Tautas Nams","building":"yes","amenity":"community_centre"}},{"type":"Feature","geometry":{"type":"Point","coordinates":[27.330186,56.507535]},"properties":{"kategorija":"noturibas_punkts","id":"way/170030500","adrese":"Atbrīvošanas aleja 95A, Rēzekne","veids":"Pašvaldības ēka","statuss":{"siltums":"nav zināms","uzlade":"nav zināms","udens":"nav zināms","wifi":"nav zināms","generators":"nav zināms"},"last_updated":null,"name":"Rēzeknes novada pašvaldība","opening_hours":"Mo-Fr 08:00-11:45,12:15-16:30","website":"https://rezeknesnovads.lv/","wheelchair":"yes","building":"yes","amenity":"townhall"}},{"type":"Feature","geometry":{"type":"Point","coordinates":[24.357422,57.862009]},"properties":{"kategorija":"noturibas_punkts","id":"way/172917472","adrese":"Valdemāra iela 50, Ainaži","veids":"Kultūras / tautas nams","statuss":{"siltums":"nav zināms","uzlade":"nav zināms","udens":"nav zināms","wifi":"nav zināms","generators":"nav zināms"},"last_updated":null,"name":"Ainažu Kultūras nams","building":"yes","amenity":"community_centre"}},{"type":"Feature","geometry":{"type":"Point","coordinates":[24.107974,56.949398]},"properties":{"kategorija":"noturibas_punkts","id":"way/173411375","adrese":"Amatu iela 5, Rīga","veids":"Kultūras / tautas nams","statuss":{"siltums":"nav zināms","uzlade":"nav zināms","udens":"nav zināms","wifi":"nav zināms","generators":"nav zināms"},"last_updated":null,"name":"Mazā Ģilde","website":"http://www.gilde.lv/maza/","building":"public","amenity":"community_centre"}},{"type":"Feature","geometry":{"type":"Point","coordinates":[23.610005,56.95335]},"properties":{"kategorija":"noturibas_punkts","id":"way/173837867","adrese":"","veids":"Skola","statuss":{"siltums":"nav zināms","uzlade":"nav zināms","udens":"nav zināms","wifi":"nav zināms","generators":"nav zināms"},"last_updated":null,"name":"Jūrmalas Valsts Ģimnāzija","amenity":"school"}},{"type":"Feature","geometry":{"type":"Point","coordinates":[26.997654,56.134527]},"properties":{"kategorija":"noturibas_punkts","id":"way/176855856","adrese":"","veids":"Skola","statuss":{"siltums":"nav zināms","uzlade":"nav zināms","udens":"nav zināms","wifi":"nav zināms","generators":"nav zināms"},"last_updated":null,"name":"Aglonas vidusskola","amenity":"school"}},{"type":"Feature","geometry":{"type":"Point","coordinates":[26.720951,56.903034]},"properties":{"kategorija":"noturibas_punkts","id":"way/179977938","adrese":"Tilta iela 14, Lubāna","veids":"Kultūras / tautas nams","statuss":{"siltums":"nav zināms","uzlade":"nav zināms","udens":"nav zināms","wifi":"nav zināms","generators":"nav zināms"},"last_updated":null,"name":"Klubs","building":"yes","amenity":"community_centre"}},{"type":"Feature","geometry":{"type":"Point","coordinates":[22.493875,56.665576]},"properties":{"kategorija":"noturibas_punkts","id":"way/180687429","adrese":"Striķu iela 3, Saldus","veids":"Pašvaldības ēka","statuss":{"siltums":"nav zināms","uzlade":"nav zināms","udens":"nav zināms","wifi":"nav zināms","generators":"nav zināms"},"last_updated":null,"name":"Saldus Novada dome","building":"yes","amenity":"townhall"}},{"type":"Feature","geometry":{"type":"Point","coordinates":[24.026317,57.038332]},"properties":{"kategorija":"noturibas_punkts","id":"way/181931917","adrese":"Parādes iela 5C, Rīga","veids":"Skola","statuss":{"siltums":"nav zināms","uzlade":"nav zināms","udens":"nav zināms","wifi":"nav zināms","generators":"nav zināms"},"last_updated":null,"name":"Rīgas Daugavgrīvas pamatskola","amenity":"school"}},{"type":"Feature","geometry":{"type":"Point","coordinates":[26.71895,56.903213]},"properties":{"kategorija":"noturibas_punkts","id":"way/182115805","adrese":"Krasta iela 6, Lubāna","veids":"Skola","statuss":{"siltums":"nav zināms","uzlade":"nav zināms","udens":"nav zināms","wifi":"nav zināms","generators":"nav zināms"},"last_updated":null,"name":"Lubānas vidusskola","amenity":"school"}},{"type":"Feature","geometry":{"type":"Point","coordinates":[22.596621,56.386039]},"properties":{"kategorija":"noturibas_punkts","id":"way/182758747","adrese":"","veids":"Skola","statuss":{"siltums":"nav zināms","uzlade":"nav zināms","udens":"nav zināms","wifi":"nav zināms","generators":"nav zināms"},"last_updated":null,"name":"Rubas pamatskola","building":"school","amenity":"school"}},{"type":"Feature","geometry":{"type":"Point","coordinates":[23.511389,56.526011]},"properties":{"kategorija":"noturibas_punkts","id":"way/183053577","adrese":"Centra iela 9, Zaļenieki","veids":"Pašvaldības ēka","statuss":{"siltums":"nav zināms","uzlade":"nav zināms","udens":"nav zināms","wifi":"nav zināms","generators":"nav zināms"},"last_updated":null,"name":"Zaļenieku pagasta pārvalde","building":"yes","amenity":"townhall"}},{"type":"Feature","geometry":{"type":"Point","coordinates":[23.508741,56.526819]},"properties":{"kategorija":"noturibas_punkts","id":"way/183053865","adrese":"Centra iela 1, Zaļenieki","veids":"Kultūras / tautas nams","statuss":{"siltums":"nav zināms","uzlade":"nav zināms","udens":"nav zināms","wifi":"nav zināms","generators":"nav zināms"},"last_updated":null,"name":"Zaļenieku kultūras nams","building":"yes","amenity":"community_centre"}},{"type":"Feature","geometry":{"type":"Point","coordinates":[23.483302,56.53487]},"properties":{"kategorija":"noturibas_punkts","id":"way/183107002","adrese":"","veids":"Skola","statuss":{"siltums":"nav zināms","uzlade":"nav zināms","udens":"nav zināms","wifi":"nav zināms","generators":"nav zināms"},"last_updated":null,"name":"Vecā Zaļenieku skola","building":"school","amenity":"school"}},{"type":"Feature","geometry":{"type":"Point","coordinates":[22.380523,57.703346]},"properties":{"kategorija":"noturibas_punkts","id":"way/184273134","adrese":"","veids":"Kultūras / tautas nams","statuss":{"siltums":"nav zināms","uzlade":"nav zināms","udens":"nav zināms","wifi":"nav zināms","generators":"nav zināms"},"last_updated":null,"name":"Pitraga kūpinātava","building":"yes","amenity":"community_centre"}},{"type":"Feature","geometry":{"type":"Point","coordinates":[24.800436,56.719559]},"properties":{"kategorija":"noturibas_punkts","id":"way/184321794","adrese":"Parka iela 3, Lielvārde","veids":"Kultūras / tautas nams","statuss":{"siltums":"nav zināms","uzlade":"nav zināms","udens":"nav zināms","wifi":"nav zināms","generators":"nav zināms"},"last_updated":null,"name":"Lielvārdes kultūras nams","building":"yes","amenity":"community_centre"}},{"type":"Feature","geometry":{"type":"Point","coordinates":[24.723863,56.510915]},"properties":{"kategorija":"noturibas_punkts","id":"way/184805909","adrese":"Valle","veids":"Kultūras / tautas nams","statuss":{"siltums":"nav zināms","uzlade":"nav zināms","udens":"nav zināms","wifi":"nav zināms","generators":"nav zināms"},"last_updated":null,"name":"Valles pagasta pārvalde","building":"yes","amenity":"community_centre"}},{"type":"Feature","geometry":{"type":"Point","coordinates":[24.337208,56.981979]},"properties":{"kategorija":"noturibas_punkts","id":"way/186167358","adrese":"Skolas iela 10, Upesciems","veids":"Bibliotēka","statuss":{"siltums":"nav zināms","uzlade":"nav zināms","udens":"nav zināms","wifi":"nav zināms","generators":"nav zināms"},"last_updated":null,"name":"Upesciema Tautas bibliotēka","website":"https://www.garkalne.lv/utb/","building":"yes","amenity":"library"}},{"type":"Feature","geometry":{"type":"Point","coordinates":[26.520137,55.870123]},"properties":{"kategorija":"noturibas_punkts","id":"way/191199129","adrese":"","veids":"Skola","statuss":{"siltums":"nav zināms","uzlade":"nav zināms","udens":"nav zināms","wifi":"nav zināms","generators":"nav zināms"},"last_updated":null,"name":"Daugavpils Valsts ģimnāzija","building":"school","amenity":"school"}},{"type":"Feature","geometry":{"type":"Point","coordinates":[27.532292,56.097989]},"properties":{"kategorija":"noturibas_punkts","id":"way/192201892","adrese":"","veids":"Skola","statuss":{"siltums":"nav zināms","uzlade":"nav zināms","udens":"nav zināms","wifi":"nav zināms","generators":"nav zināms"},"last_updated":null,"name":"Dagdas vidusskola","amenity":"school"}},{"type":"Feature","geometry":{"type":"Point","coordinates":[25.906869,57.424534]},"properties":{"kategorija":"noturibas_punkts","id":"way/199477850","adrese":"Pils iela 2, Smiltene","veids":"Pašvaldības ēka","statuss":{"siltums":"nav zināms","uzlade":"nav zināms","udens":"nav zināms","wifi":"nav zināms","generators":"nav zināms"},"last_updated":null,"name":"Smiltenes dome","building":"yes","amenity":"townhall"}},{"type":"Feature","geometry":{"type":"Point","coordinates":[23.819474,56.425441]},"properties":{"kategorija":"noturibas_punkts","id":"way/200002028","adrese":"Skolas iela 1, Sesava","veids":"Kultūras / tautas nams","statuss":{"siltums":"nav zināms","uzlade":"nav zināms","udens":"nav zināms","wifi":"nav zināms","generators":"nav zināms"},"last_updated":null,"name":"Sesavas tautas nams","building":"yes","amenity":"community_centre"}},{"type":"Feature","geometry":{"type":"Point","coordinates":[25.864264,56.506896]},"properties":{"kategorija":"noturibas_punkts","id":"way/200478381","adrese":"Rīgas iela 212, Jēkabpils","veids":"Kultūras / tautas nams","statuss":{"siltums":"nav zināms","uzlade":"nav zināms","udens":"nav zināms","wifi":"nav zināms","generators":"nav zināms"},"last_updated":null,"name":"Krustpils kultūras centrs","website":"https://www.jkp.lv/info/kontakti/kulturas-nami/","building":"yes","amenity":"community_centre"}},{"type":"Feature","geometry":{"type":"Point","coordinates":[25.869287,56.496144]},"properties":{"kategorija":"noturibas_punkts","id":"way/200478856","adrese":"Brīvības iela 120, Jēkabpils","veids":"Pašvaldības ēka","statuss":{"siltums":"nav zināms","uzlade":"nav zināms","udens":"nav zināms","wifi":"nav zināms","generators":"nav zināms"},"last_updated":null,"name":"Jēkabpils pilsētas pašvaldība","building":"yes","amenity":"townhall"}},{"type":"Feature","geometry":{"type":"Point","coordinates":[25.866707,56.503916]},"properties":{"kategorija":"noturibas_punkts","id":"way/200480236","adrese":"Rīgas iela 192, Jēkabpils","veids":"Skola","statuss":{"siltums":"nav zināms","uzlade":"nav zināms","udens":"nav zināms","wifi":"nav zināms","generators":"nav zināms"},"last_updated":null,"name":"Jēkabpils 2. vidusskola","building":"school","amenity":"school"}},{"type":"Feature","geometry":{"type":"Point","coordinates":[24.194665,56.410165]},"properties":{"kategorija":"noturibas_punkts","id":"way/200763055","adrese":"","veids":"Skola","statuss":{"siltums":"nav zināms","uzlade":"nav zināms","udens":"nav zināms","wifi":"nav zināms","generators":"nav zināms"},"last_updated":null,"name":"Bauskas 2. vidusskola","amenity":"school"}},{"type":"Feature","geometry":{"type":"Point","coordinates":[25.153146,56.848165]},"properties":{"kategorija":"noturibas_punkts","id":"way/203243903","adrese":"Madliena","veids":"Kultūras / tautas nams","statuss":{"siltums":"nav zināms","uzlade":"nav zināms","udens":"nav zināms","wifi":"nav zināms","generators":"nav zināms"},"last_updated":null,"name":"Madlienas kultūras nams","building":"yes","amenity":"community_centre"}},{"type":"Feature","geometry":{"type":"Point","coordinates":[24.647557,56.778748]},"properties":{"kategorija":"noturibas_punkts","id":"way/203894602","adrese":"Liepu gatve 12, Ciemupe","veids":"Kultūras / tautas nams","statuss":{"siltums":"nav zināms","uzlade":"nav zināms","udens":"nav zināms","wifi":"nav zināms","generators":"nav zināms"},"last_updated":null,"name":"Ciemupes Tautas nams","operator":"Ogres novada pašvaldība","building":"yes","amenity":"community_centre"}},{"type":"Feature","geometry":{"type":"Point","coordinates":[25.350446,56.884157]},"properties":{"kategorija":"noturibas_punkts","id":"way/203896661","adrese":"Taurupe","veids":"Kultūras / tautas nams","statuss":{"siltums":"nav zināms","uzlade":"nav zināms","udens":"nav zināms","wifi":"nav zināms","generators":"nav zināms"},"last_updated":null,"name":"Taurupes muižas klēts","building":"yes","amenity":"community_centre"}},{"type":"Feature","geometry":{"type":"Point","coordinates":[24.92721,56.904181]},"properties":{"kategorija":"noturibas_punkts","id":"way/203897573","adrese":"Suntaži","veids":"Kultūras / tautas nams","statuss":{"siltums":"nav zināms","uzlade":"nav zināms","udens":"nav zināms","wifi":"nav zināms","generators":"nav zināms"},"last_updated":null,"name":"Suntažu tautas nams","building":"public","amenity":"community_centre"}},{"type":"Feature","geometry":{"type":"Point","coordinates":[24.427321,56.817415]},"properties":{"kategorija":"noturibas_punkts","id":"way/208023084","adrese":"Daugmale","veids":"Skola","statuss":{"siltums":"nav zināms","uzlade":"nav zināms","udens":"nav zināms","wifi":"nav zināms","generators":"nav zināms"},"last_updated":null,"name":"Daugmales pamatskola","building":"school","amenity":"school"}},{"type":"Feature","geometry":{"type":"Point","coordinates":[23.152457,56.967421]},"properties":{"kategorija":"noturibas_punkts","id":"way/208109947","adrese":"Talsu iela 4, Tukums","veids":"Pašvaldības ēka","statuss":{"siltums":"nav zināms","uzlade":"nav zināms","udens":"nav zināms","wifi":"nav zināms","generators":"nav zināms"},"last_updated":null,"name":"Tukuma novada Dome","building":"yes","amenity":"townhall"}},{"type":"Feature","geometry":{"type":"Point","coordinates":[23.153901,56.964332]},"properties":{"kategorija":"noturibas_punkts","id":"way/208514751","adrese":"Lielā iela 1, Tukums","veids":"Kultūras / tautas nams","statuss":{"siltums":"nav zināms","uzlade":"nav zināms","udens":"nav zināms","wifi":"nav zināms","generators":"nav zināms"},"last_updated":null,"name":"Kultūras nams","building":"yes","amenity":"community_centre"}},{"type":"Feature","geometry":{"type":"Point","coordinates":[23.961257,56.571397]},"properties":{"kategorija":"noturibas_punkts","id":"way/210955752","adrese":"Skolas iela 2, Staļģene","veids":"Skola","statuss":{"siltums":"nav zināms","uzlade":"nav zināms","udens":"nav zināms","wifi":"nav zināms","generators":"nav zināms"},"last_updated":null,"name":"Staļģenes pamatskola","building":"school","amenity":"school"}},{"type":"Feature","geometry":{"type":"Point","coordinates":[23.491981,56.690481]},"properties":{"kategorija":"noturibas_punkts","id":"way/214794671","adrese":"Jelgavas iela 17, Līvbērze","veids":"Kultūras / tautas nams","statuss":{"siltums":"nav zināms","uzlade":"nav zināms","udens":"nav zināms","wifi":"nav zināms","generators":"nav zināms"},"last_updated":null,"name":"Līvbērzes kultūras nams","building":"yes","amenity":"community_centre"}},{"type":"Feature","geometry":{"type":"Point","coordinates":[22.778826,57.034167]},"properties":{"kategorija":"noturibas_punkts","id":"way/216248369","adrese":"Lielā iela 11, Kandava","veids":"Bibliotēka","statuss":{"siltums":"nav zināms","uzlade":"nav zināms","udens":"nav zināms","wifi":"nav zināms","generators":"nav zināms"},"last_updated":null,"name":"Kandavas pilsētas bibliotēka","building":"yes","amenity":"library"}},{"type":"Feature","geometry":{"type":"Point","coordinates":[24.201599,56.94403]},"properties":{"kategorija":"noturibas_punkts","id":"way/220320221","adrese":"","veids":"Skola","statuss":{"siltums":"nav zināms","uzlade":"nav zināms","udens":"nav zināms","wifi":"nav zināms","generators":"nav zināms"},"last_updated":null,"name":"Rīgas 88. vidusskola","amenity":"school"}},{"type":"Feature","geometry":{"type":"Point","coordinates":[22.767244,57.036413]},"properties":{"kategorija":"noturibas_punkts","id":"way/223182712","adrese":"","veids":"Skola","statuss":{"siltums":"nav zināms","uzlade":"nav zināms","udens":"nav zināms","wifi":"nav zināms","generators":"nav zināms"},"last_updated":null,"name":"Kandavas Kārļa Mīlenbaha vidusskola","amenity":"school"}},{"type":"Feature","geometry":{"type":"Point","coordinates":[23.283407,56.623499]},"properties":{"kategorija":"noturibas_punkts","id":"way/223310458","adrese":"Baznīcas iela 8, Dobele","veids":"Kultūras / tautas nams","statuss":{"siltums":"nav zināms","uzlade":"nav zināms","udens":"nav zināms","wifi":"nav zināms","generators":"nav zināms"},"last_updated":null,"name":"Amatu māja","operator":"Dobeles pilsētas kultūras nams","opening_hours":"Tu-Th 09:00-17:00; Fr 09:00-15:00","building":"yes","amenity":"community_centre"}},{"type":"Feature","geometry":{"type":"Point","coordinates":[24.271791,57.129218]},"properties":{"kategorija":"noturibas_punkts","id":"way/225123316","adrese":"","veids":"Skola","statuss":{"siltums":"nav zināms","uzlade":"nav zināms","udens":"nav zināms","wifi":"nav zināms","generators":"nav zināms"},"last_updated":null,"name":"Carnikavas vidusskola","amenity":"school"}},{"type":"Feature","geometry":{"type":"Point","coordinates":[27.276116,57.132428]},"properties":{"kategorija":"noturibas_punkts","id":"way/225583631","adrese":"Dārza iela 2, Balvi","veids":"Skola","statuss":{"siltums":"nav zināms","uzlade":"nav zināms","udens":"nav zināms","wifi":"nav zināms","generators":"nav zināms"},"last_updated":null,"name":"Balvu Valsts ģimnāzija","amenity":"school"}},{"type":"Feature","geometry":{"type":"Point","coordinates":[27.261805,57.130412]},"properties":{"kategorija":"noturibas_punkts","id":"way/225895828","adrese":"","veids":"Skola","statuss":{"siltums":"nav zināms","uzlade":"nav zināms","udens":"nav zināms","wifi":"nav zināms","generators":"nav zināms"},"last_updated":null,"name":"Balvu vidusskola","amenity":"school"}},{"type":"Feature","geometry":{"type":"Point","coordinates":[22.911583,56.903497]},"properties":{"kategorija":"noturibas_punkts","id":"way/226340488","adrese":"","veids":"Skola","statuss":{"siltums":"nav zināms","uzlade":"nav zināms","udens":"nav zināms","wifi":"nav zināms","generators":"nav zināms"},"last_updated":null,"name":"Grenču skola","building":"school","amenity":"school"}},{"type":"Feature","geometry":{"type":"Point","coordinates":[22.79374,56.926765]},"properties":{"kategorija":"noturibas_punkts","id":"way/226343860","adrese":"Zemīte","veids":"Bibliotēka","statuss":{"siltums":"nav zināms","uzlade":"nav zināms","udens":"nav zināms","wifi":"nav zināms","generators":"nav zināms"},"last_updated":null,"name":"Zemītes pagasta bibliotēka","building":"yes","amenity":"library"}},{"type":"Feature","geometry":{"type":"Point","coordinates":[22.868039,57.108879]},"properties":{"kategorija":"noturibas_punkts","id":"way/226671470","adrese":"Skolas iela 1, Cēre","veids":"Skola","statuss":{"siltums":"nav zināms","uzlade":"nav zināms","udens":"nav zināms","wifi":"nav zināms","generators":"nav zināms"},"last_updated":null,"name":"Cēres pamatskola","amenity":"school"}},{"type":"Feature","geometry":{"type":"Point","coordinates":[26.12818,56.070099]},"properties":{"kategorija":"noturibas_punkts","id":"way/227634643","adrese":"","veids":"Skola","statuss":{"siltums":"nav zināms","uzlade":"nav zināms","udens":"nav zināms","wifi":"nav zināms","generators":"nav zināms"},"last_updated":null,"name":"Bebrenes amatu skola","building":"school","amenity":"school"}},{"type":"Feature","geometry":{"type":"Point","coordinates":[24.414293,57.317724]},"properties":{"kategorija":"noturibas_punkts","id":"way/228638320","adrese":"Atpūtas iela 1B, Saulkrasti","veids":"Pašvaldības ēka","statuss":{"siltums":"nav zināms","uzlade":"nav zināms","udens":"nav zināms","wifi":"nav zināms","generators":"nav zināms"},"last_updated":null,"name":"Zvejniekciema kultūras nams","building":"yes","amenity":"townhall"}},{"type":"Feature","geometry":{"type":"Point","coordinates":[23.943091,56.788689]},"properties":{"kategorija":"noturibas_punkts","id":"way/229067964","adrese":"Zeiferta iela 4, Olaine","veids":"Skola","statuss":{"siltums":"nav zināms","uzlade":"nav zināms","udens":"nav zināms","wifi":"nav zināms","generators":"nav zināms"},"last_updated":null,"name":"Olaines 1. vidusskola","amenity":"school"}},{"type":"Feature","geometry":{"type":"Point","coordinates":[24.549988,57.092233]},"properties":{"kategorija":"noturibas_punkts","id":"way/229352208","adrese":"Gaujas iela 2, Vangaži","veids":"Skola","statuss":{"siltums":"nav zināms","uzlade":"nav zināms","udens":"nav zināms","wifi":"nav zināms","generators":"nav zināms"},"last_updated":null,"name":"Vangažu vidusskola","amenity":"school"}},{"type":"Feature","geometry":{"type":"Point","coordinates":[27.029116,57.190884]},"properties":{"kategorija":"noturibas_punkts","id":"way/229965592","adrese":"Skolas iela 2, Litene","veids":"Skola","statuss":{"siltums":"nav zināms","uzlade":"nav zināms","udens":"nav zināms","wifi":"nav zināms","generators":"nav zināms"},"last_updated":null,"name":"Litenes skola","building":"school","amenity":"school"}},{"type":"Feature","geometry":{"type":"Point","coordinates":[24.321168,56.928582]},"properties":{"kategorija":"noturibas_punkts","id":"way/230321679","adrese":"","veids":"Skola","statuss":{"siltums":"nav zināms","uzlade":"nav zināms","udens":"nav zināms","wifi":"nav zināms","generators":"nav zināms"},"last_updated":null,"name":"Ulbrokas vidusskola","amenity":"school"}},{"type":"Feature","geometry":{"type":"Point","coordinates":[25.633825,56.558275]},"properties":{"kategorija":"noturibas_punkts","id":"way/230683038","adrese":"","veids":"Kultūras / tautas nams","statuss":{"siltums":"nav zināms","uzlade":"nav zināms","udens":"nav zināms","wifi":"nav zināms","generators":"nav zināms"},"last_updated":null,"name":"Salas novada Sēlpils pagasta kultūras nams","building":"yes","amenity":"community_centre"}},{"type":"Feature","geometry":{"type":"Point","coordinates":[24.35737,57.757503]},"properties":{"kategorija":"noturibas_punkts","id":"way/230741152","adrese":"Ostas iela 3, Salacgrīva","veids":"Kultūras / tautas nams","statuss":{"siltums":"nav zināms","uzlade":"nav zināms","udens":"nav zināms","wifi":"nav zināms","generators":"nav zināms"},"last_updated":null,"name":"Salacgrīvas kultūras nams","building":"yes","amenity":"community_centre"}},{"type":"Feature","geometry":{"type":"Point","coordinates":[26.197722,56.703938]},"properties":{"kategorija":"noturibas_punkts","id":"way/231996459","adrese":"Skolas iela 2, Ļaudona","veids":"Skola","statuss":{"siltums":"nav zināms","uzlade":"nav zināms","udens":"nav zināms","wifi":"nav zināms","generators":"nav zināms"},"last_updated":null,"name":"Ļaudonas Vidusskola","amenity":"school"}},{"type":"Feature","geometry":{"type":"Point","coordinates":[27.044021,57.420803]},"properties":{"kategorija":"noturibas_punkts","id":"way/232167614","adrese":"Lielā Ezera iela 24, Alūksne","veids":"Bibliotēka","statuss":{"siltums":"nav zināms","uzlade":"nav zināms","udens":"nav zināms","wifi":"nav zināms","generators":"nav zināms"},"last_updated":null,"name":"Alūksnes pilsētas bibliotēka","building":"yes","amenity":"library"}},{"type":"Feature","geometry":{"type":"Point","coordinates":[24.222548,56.988239]},"properties":{"kategorija":"noturibas_punkts","id":"way/232735234","adrese":"Tirzas iela 2, Rīga","veids":"Skola","statuss":{"siltums":"nav zināms","uzlade":"nav zināms","udens":"nav zināms","wifi":"nav zināms","generators":"nav zināms"},"last_updated":null,"name":"Rīgas 4. pamatskola","amenity":"school"}},{"type":"Feature","geometry":{"type":"Point","coordinates":[24.060261,56.953254]},"properties":{"kategorija":"noturibas_punkts","id":"way/232820244","adrese":"","veids":"Skola","statuss":{"siltums":"nav zināms","uzlade":"nav zināms","udens":"nav zināms","wifi":"nav zināms","generators":"nav zināms"},"last_updated":null,"name":"Rīgas Jāņa Šteinhauera vidusskola","operator":"Rīgas pašvaldība","website":"http://www.41vsk.riga.lv/","amenity":"school"}},{"type":"Feature","geometry":{"type":"Point","coordinates":[21.556915,57.39436]},"properties":{"kategorija":"noturibas_punkts","id":"way/23362021","adrese":"Rīgas iela 12A, Ventspils","veids":"Skola","statuss":{"siltums":"nav zināms","uzlade":"nav zināms","udens":"nav zināms","wifi":"nav zināms","generators":"nav zināms"},"last_updated":null,"name":"Ventspils 4. vidusskola","amenity":"school"}},{"type":"Feature","geometry":{"type":"Point","coordinates":[21.572073,57.394672]},"properties":{"kategorija":"noturibas_punkts","id":"way/23367390","adrese":"","veids":"Skola","statuss":{"siltums":"nav zināms","uzlade":"nav zināms","udens":"nav zināms","wifi":"nav zināms","generators":"nav zināms"},"last_updated":null,"name":"Ventspils valsts 1. ģimnāzija","wheelchair":"yes","amenity":"school"}},{"type":"Feature","geometry":{"type":"Point","coordinates":[21.572209,57.39333]},"properties":{"kategorija":"noturibas_punkts","id":"way/23367478","adrese":"Sarkanmuižas dambis 1, Ventspils","veids":"Skola","statuss":{"siltums":"nav zināms","uzlade":"nav zināms","udens":"nav zināms","wifi":"nav zināms","generators":"nav zināms"},"last_updated":null,"name":"Ventspils 6. vidusskola","amenity":"school"}},{"type":"Feature","geometry":{"type":"Point","coordinates":[21.16961,56.534922]},"properties":{"kategorija":"noturibas_punkts","id":"way/235350327","adrese":"","veids":"Pašvaldības ēka","statuss":{"siltums":"nav zināms","uzlade":"nav zināms","udens":"nav zināms","wifi":"nav zināms","generators":"nav zināms"},"last_updated":null,"name":"Grobiņas pilsētas dome","building":"yes","amenity":"townhall"}},{"type":"Feature","geometry":{"type":"Point","coordinates":[21.953896,56.975988]},"properties":{"kategorija":"noturibas_punkts","id":"way/236510397","adrese":"Piltenes iela 32, Kuldīga","veids":"Kultūras / tautas nams","statuss":{"siltums":"nav zināms","uzlade":"nav zināms","udens":"nav zināms","wifi":"nav zināms","generators":"nav zināms"},"last_updated":null,"name":"Kuldīgas kultūras centrs","building":"yes","amenity":"community_centre"}},{"type":"Feature","geometry":{"type":"Point","coordinates":[21.592724,57.404444]},"properties":{"kategorija":"noturibas_punkts","id":"way/23705215","adrese":"","veids":"Skola","statuss":{"siltums":"nav zināms","uzlade":"nav zināms","udens":"nav zināms","wifi":"nav zināms","generators":"nav zināms"},"last_updated":null,"name":"Ventspils 3. pamatskola","wheelchair":"yes","amenity":"school"}},{"type":"Feature","geometry":{"type":"Point","coordinates":[21.566535,57.387804]},"properties":{"kategorija":"noturibas_punkts","id":"way/23705290","adrese":"Kuldīgas iela 65, Ventspils","veids":"Skola","statuss":{"siltums":"nav zināms","uzlade":"nav zināms","udens":"nav zināms","wifi":"nav zināms","generators":"nav zināms"},"last_updated":null,"name":"Ventspils Tehnoloģiju vidusskola","website":"https://vtv.ventspils.lv","amenity":"school"}},{"type":"Feature","geometry":{"type":"Point","coordinates":[24.195769,56.410006]},"properties":{"kategorija":"noturibas_punkts","id":"way/238103810","adrese":"","veids":"Skola","statuss":{"siltums":"nav zināms","uzlade":"nav zināms","udens":"nav zināms","wifi":"nav zināms","generators":"nav zināms"},"last_updated":null,"name":"Bauskas mākslas skola","building":"school","amenity":"school"}},{"type":"Feature","geometry":{"type":"Point","coordinates":[21.964444,56.965828]},"properties":{"kategorija":"noturibas_punkts","id":"way/238818015","adrese":"","veids":"Skola","statuss":{"siltums":"nav zināms","uzlade":"nav zināms","udens":"nav zināms","wifi":"nav zināms","generators":"nav zināms"},"last_updated":null,"name":"Kuldīgas Centra vidusskola","website":"https://kcv.kuldiga.lv/","amenity":"school"}},{"type":"Feature","geometry":{"type":"Point","coordinates":[27.676157,57.182698]},"properties":{"kategorija":"noturibas_punkts","id":"way/243173497","adrese":"Abrenes iela 26, Viļaka","veids":"Pašvaldības ēka","statuss":{"siltums":"nav zināms","uzlade":"nav zināms","udens":"nav zināms","wifi":"nav zināms","generators":"nav zināms"},"last_updated":null,"name":"Viļakas novada dome","opening_hours":"Mo-Fr 08:30-12:00,08:00-09:00","website":"http://www.vilaka.lv/index.php?page=aktualitates","wheelchair":"yes","building":"yes","amenity":"townhall"}},{"type":"Feature","geometry":{"type":"Point","coordinates":[22.9384,57.033384]},"properties":{"kategorija":"noturibas_punkts","id":"way/245125909","adrese":"","veids":"Skola","statuss":{"siltums":"nav zināms","uzlade":"nav zināms","udens":"nav zināms","wifi":"nav zināms","generators":"nav zināms"},"last_updated":null,"name":"Pūres pamatskola","building":"school","amenity":"school"}},{"type":"Feature","geometry":{"type":"Point","coordinates":[22.567766,57.048187]},"properties":{"kategorija":"noturibas_punkts","id":"way/246651028","adrese":"","veids":"Skola","statuss":{"siltums":"nav zināms","uzlade":"nav zināms","udens":"nav zināms","wifi":"nav zināms","generators":"nav zināms"},"last_updated":null,"name":"Sabiles pamatskola","website":"http://www.sabilesskola.lv","amenity":"school"}},{"type":"Feature","geometry":{"type":"Point","coordinates":[23.287971,56.613861]},"properties":{"kategorija":"noturibas_punkts","id":"way/248351022","adrese":"","veids":"Skola","statuss":{"siltums":"nav zināms","uzlade":"nav zināms","udens":"nav zināms","wifi":"nav zināms","generators":"nav zināms"},"last_updated":null,"name":"Dobeles Kristīgā pamatskola","amenity":"school"}},{"type":"Feature","geometry":{"type":"Point","coordinates":[23.284526,56.625612]},"properties":{"kategorija":"noturibas_punkts","id":"way/248351356","adrese":"","veids":"Skola","statuss":{"siltums":"nav zināms","uzlade":"nav zināms","udens":"nav zināms","wifi":"nav zināms","generators":"nav zināms"},"last_updated":null,"name":"Dobeles Amatniecības un vispārizglītojošā vidusskola","operator":"Dobeles novada Izglītības pārvalde","amenity":"school"}},{"type":"Feature","geometry":{"type":"Point","coordinates":[23.274327,56.619708]},"properties":{"kategorija":"noturibas_punkts","id":"way/248378128","adrese":"Dzirnavu iela 4, Dobele","veids":"Skola","statuss":{"siltums":"nav zināms","uzlade":"nav zināms","udens":"nav zināms","wifi":"nav zināms","generators":"nav zināms"},"last_updated":null,"name":"Dobeles 1. vidusskola","building":"school","amenity":"school"}},{"type":"Feature","geometry":{"type":"Point","coordinates":[23.275253,56.620156]},"properties":{"kategorija":"noturibas_punkts","id":"way/248379181","adrese":"Dzirnavu iela 2, Dobele","veids":"Skola","statuss":{"siltums":"nav zināms","uzlade":"nav zināms","udens":"nav zināms","wifi":"nav zināms","generators":"nav zināms"},"last_updated":null,"name":"Dobeles Valsts ģimnāzija","building":"school","amenity":"school"}},{"type":"Feature","geometry":{"type":"Point","coordinates":[23.280925,56.62144]},"properties":{"kategorija":"noturibas_punkts","id":"way/248385098","adrese":"Skolas iela 11, Dobele","veids":"Skola","statuss":{"siltums":"nav zināms","uzlade":"nav zināms","udens":"nav zināms","wifi":"nav zināms","generators":"nav zināms"},"last_updated":null,"name":"Sākumskola","building":"school","amenity":"school"}},{"type":"Feature","geometry":{"type":"Point","coordinates":[23.280924,56.626354]},"properties":{"kategorija":"noturibas_punkts","id":"way/248387415","adrese":"Brīvības iela 17, Dobele","veids":"Pašvaldības ēka","statuss":{"siltums":"nav zināms","uzlade":"nav zināms","udens":"nav zināms","wifi":"nav zināms","generators":"nav zināms"},"last_updated":null,"name":"Dobeles novada pašvaldība","wheelchair":"yes","building":"public","amenity":"townhall"}},{"type":"Feature","geometry":{"type":"Point","coordinates":[23.097351,56.680043]},"properties":{"kategorija":"noturibas_punkts","id":"way/249439321","adrese":"","veids":"Skola","statuss":{"siltums":"nav zināms","uzlade":"nav zināms","udens":"nav zināms","wifi":"nav zināms","generators":"nav zināms"},"last_updated":null,"name":"Bērzupes speciālā internātpamatskola","amenity":"school"}},{"type":"Feature","geometry":{"type":"Point","coordinates":[23.00298,56.868916]},"properties":{"kategorija":"noturibas_punkts","id":"way/249586636","adrese":"Irlava","veids":"Skola","statuss":{"siltums":"nav zināms","uzlade":"nav zināms","udens":"nav zināms","wifi":"nav zināms","generators":"nav zināms"},"last_updated":null,"name":"Irlavas vidusskola","amenity":"school"}},{"type":"Feature","geometry":{"type":"Point","coordinates":[23.030409,56.667174]},"properties":{"kategorija":"noturibas_punkts","id":"way/250838748","adrese":"Skolas iela 10, Kaķenieki","veids":"Skola","statuss":{"siltums":"nav zināms","uzlade":"nav zināms","udens":"nav zināms","wifi":"nav zināms","generators":"nav zināms"},"last_updated":null,"name":"Annenieku pamatskola","amenity":"school"}},{"type":"Feature","geometry":{"type":"Point","coordinates":[22.487909,56.661063]},"properties":{"kategorija":"noturibas_punkts","id":"way/251976169","adrese":"Lielā iela 31/35, Saldus","veids":"Skola","statuss":{"siltums":"nav zināms","uzlade":"nav zināms","udens":"nav zināms","wifi":"nav zināms","generators":"nav zināms"},"last_updated":null,"name":"Saldus pamatskola","website":"https://www.salduspamatskola.lv","amenity":"school"}},{"type":"Feature","geometry":{"type":"Point","coordinates":[22.502519,56.660415]},"properties":{"kategorija":"noturibas_punkts","id":"way/251976234","adrese":"","veids":"Skola","statuss":{"siltums":"nav zināms","uzlade":"nav zināms","udens":"nav zināms","wifi":"nav zināms","generators":"nav zināms"},"last_updated":null,"name":"Saldus vidusskola","amenity":"school"}},{"type":"Feature","geometry":{"type":"Point","coordinates":[22.507232,56.665226]},"properties":{"kategorija":"noturibas_punkts","id":"way/251976301","adrese":"Kalnsētas iela 13, Saldus","veids":"Skola","statuss":{"siltums":"nav zināms","uzlade":"nav zināms","udens":"nav zināms","wifi":"nav zināms","generators":"nav zināms"},"last_updated":null,"name":"Cieceres internātpamatskola","amenity":"school"}},{"type":"Feature","geometry":{"type":"Point","coordinates":[22.506996,56.666998]},"properties":{"kategorija":"noturibas_punkts","id":"way/251976310","adrese":"","veids":"Skola","statuss":{"siltums":"nav zināms","uzlade":"nav zināms","udens":"nav zināms","wifi":"nav zināms","generators":"nav zināms"},"last_updated":null,"name":"Cieceres pagasta 15. maija pamatskola","amenity":"school"}},{"type":"Feature","geometry":{"type":"Point","coordinates":[22.504663,56.66222]},"properties":{"kategorija":"noturibas_punkts","id":"way/251976313","adrese":"Cieceres iela 6, Saldus","veids":"Skola","statuss":{"siltums":"nav zināms","uzlade":"nav zināms","udens":"nav zināms","wifi":"nav zināms","generators":"nav zināms"},"last_updated":null,"name":"Saldus vidusskola","amenity":"school"}},{"type":"Feature","geometry":{"type":"Point","coordinates":[24.716014,57.511313]},"properties":{"kategorija":"noturibas_punkts","id":"way/252465305","adrese":"Rīgas iela 9, Limbaži","veids":"Kultūras / tautas nams","statuss":{"siltums":"nav zināms","uzlade":"nav zināms","udens":"nav zināms","wifi":"nav zināms","generators":"nav zināms"},"last_updated":null,"name":"Limbažu kultūras nams","building":"yes","amenity":"community_centre"}},{"type":"Feature","geometry":{"type":"Point","coordinates":[24.712741,57.507026]},"properties":{"kategorija":"noturibas_punkts","id":"way/252682912","adrese":"Rīgas iela 30, Limbaži","veids":"Skola","statuss":{"siltums":"nav zināms","uzlade":"nav zināms","udens":"nav zināms","wifi":"nav zināms","generators":"nav zināms"},"last_updated":null,"name":"Limbažu novada ģimnāzija","building":"school","amenity":"school"}},{"type":"Feature","geometry":{"type":"Point","coordinates":[22.393373,56.956511]},"properties":{"kategorija":"noturibas_punkts","id":"way/252892814","adrese":"Kabile","veids":"Skola","statuss":{"siltums":"nav zināms","uzlade":"nav zināms","udens":"nav zināms","wifi":"nav zināms","generators":"nav zināms"},"last_updated":null,"name":"Z. A. Meierovica Kabiles pamatskola","website":"https://skola.kabile.lv/","amenity":"school"}},{"type":"Feature","geometry":{"type":"Point","coordinates":[21.604838,56.719033]},"properties":{"kategorija":"noturibas_punkts","id":"way/253722898","adrese":"Atmodas iela 19, Aizpute","veids":"Skola","statuss":{"siltums":"nav zināms","uzlade":"nav zināms","udens":"nav zināms","wifi":"nav zināms","generators":"nav zināms"},"last_updated":null,"name":"Aizputes mākslas skola","building":"school","amenity":"school"}},{"type":"Feature","geometry":{"type":"Point","coordinates":[21.60437,56.718676]},"properties":{"kategorija":"noturibas_punkts","id":"way/253722900","adrese":"Atmodas iela 22, Aizpute","veids":"Pašvaldības ēka","statuss":{"siltums":"nav zināms","uzlade":"nav zināms","udens":"nav zināms","wifi":"nav zināms","generators":"nav zināms"},"last_updated":null,"name":"Aizputes Novada dome","opening_hours":"Mo-Tu 08:00-16:30; We 08:00-17:00; Th 08:00-16:30; Fr 08:00-16:00","building":"civic","amenity":"townhall"}},{"type":"Feature","geometry":{"type":"Point","coordinates":[21.60294,56.71929]},"properties":{"kategorija":"noturibas_punkts","id":"way/253722945","adrese":"Atmodas iela 16, Aizpute","veids":"Kultūras / tautas nams","statuss":{"siltums":"nav zināms","uzlade":"nav zināms","udens":"nav zināms","wifi":"nav zināms","generators":"nav zināms"},"last_updated":null,"name":"Aizputes kultūras nams","building":"yes","amenity":"community_centre"}},{"type":"Feature","geometry":{"type":"Point","coordinates":[26.921619,56.551009]},"properties":{"kategorija":"noturibas_punkts","id":"way/254268716","adrese":"Kultūras laukums 1A, Viļāni","veids":"Pašvaldības ēka","statuss":{"siltums":"nav zināms","uzlade":"nav zināms","udens":"nav zināms","wifi":"nav zināms","generators":"nav zināms"},"last_updated":null,"name":"Viļānu novada pašvaldība","building":"yes","amenity":"townhall"}},{"type":"Feature","geometry":{"type":"Point","coordinates":[26.015654,57.772775]},"properties":{"kategorija":"noturibas_punkts","id":"way/255145331","adrese":"Beverīnas iela 3, Valka","veids":"Pašvaldības ēka","statuss":{"siltums":"nav zināms","uzlade":"nav zināms","udens":"nav zināms","wifi":"nav zināms","generators":"nav zināms"},"last_updated":null,"name":"Valkas novada dome","building":"yes","amenity":"townhall"}},{"type":"Feature","geometry":{"type":"Point","coordinates":[26.01535,57.773045]},"properties":{"kategorija":"noturibas_punkts","id":"way/255145357","adrese":"Beverīnas iela 5, Valka","veids":"Skola","statuss":{"siltums":"nav zināms","uzlade":"nav zināms","udens":"nav zināms","wifi":"nav zināms","generators":"nav zināms"},"last_updated":null,"name":"Valkas Mākslas skola","building":"school","amenity":"school"}},{"type":"Feature","geometry":{"type":"Point","coordinates":[25.414636,57.21285]},"properties":{"kategorija":"noturibas_punkts","id":"way/262247755","adrese":"Rāmuļi","veids":"Skola","statuss":{"siltums":"nav zināms","uzlade":"nav zināms","udens":"nav zināms","wifi":"nav zināms","generators":"nav zināms"},"last_updated":null,"name":"Rāmuļu pamatskola","amenity":"school"}},{"type":"Feature","geometry":{"type":"Point","coordinates":[21.605497,57.401766]},"properties":{"kategorija":"noturibas_punkts","id":"way/27435692","adrese":"","veids":"Skola","statuss":{"siltums":"nav zināms","uzlade":"nav zināms","udens":"nav zināms","wifi":"nav zināms","generators":"nav zināms"},"last_updated":null,"name":"Ventspils Pārventas pamatskola","wheelchair":"limited","amenity":"school"}},{"type":"Feature","geometry":{"type":"Point","coordinates":[25.055972,57.860671]},"properties":{"kategorija":"noturibas_punkts","id":"way/276734350","adrese":"Rūjienas iela 1, Mazsalaca","veids":"Kultūras / tautas nams","statuss":{"siltums":"nav zināms","uzlade":"nav zināms","udens":"nav zināms","wifi":"nav zināms","generators":"nav zināms"},"last_updated":null,"name":"Mazsalacas novada Kultūras centrs","opening_hours":"Mo-Fr 08:30-12:30+,13:30-17:30","building":"public","amenity":"community_centre"}},{"type":"Feature","geometry":{"type":"Point","coordinates":[24.809013,57.519957]},"properties":{"kategorija":"noturibas_punkts","id":"way/277528125","adrese":"Ulda Sproģa iela 5, Umurga","veids":"Pašvaldības ēka","statuss":{"siltums":"nav zināms","uzlade":"nav zināms","udens":"nav zināms","wifi":"nav zināms","generators":"nav zināms"},"last_updated":null,"name":"Limbažu novada Umurgas pagasta pārvalde","building":"yes","amenity":"townhall"}},{"type":"Feature","geometry":{"type":"Point","coordinates":[21.00214,56.490231]},"properties":{"kategorija":"noturibas_punkts","id":"way/277770017","adrese":"Liedaga iela 5, Liepāja","veids":"Skola","statuss":{"siltums":"nav zināms","uzlade":"nav zināms","udens":"nav zināms","wifi":"nav zināms","generators":"nav zināms"},"last_updated":null,"name":"Liepājas Liedaga vidusskola","website":"http://www.liep2vsk.edu.lv/","amenity":"school"}},{"type":"Feature","geometry":{"type":"Point","coordinates":[27.038019,57.423149]},"properties":{"kategorija":"noturibas_punkts","id":"way/278079426","adrese":"Glika iela 10, Alūksne","veids":"Skola","statuss":{"siltums":"nav zināms","uzlade":"nav zināms","udens":"nav zināms","wifi":"nav zināms","generators":"nav zināms"},"last_updated":null,"name":"E. Glika Alūksnes Valsts ģimnāzija","amenity":"school"}},{"type":"Feature","geometry":{"type":"Point","coordinates":[27.057732,57.413549]},"properties":{"kategorija":"noturibas_punkts","id":"way/278079427","adrese":"","veids":"Skola","statuss":{"siltums":"nav zināms","uzlade":"nav zināms","udens":"nav zināms","wifi":"nav zināms","generators":"nav zināms"},"last_updated":null,"name":"Alūksnes novada vidusskola","amenity":"school"}},{"type":"Feature","geometry":{"type":"Point","coordinates":[27.043323,57.421122]},"properties":{"kategorija":"noturibas_punkts","id":"way/278369179","adrese":"","veids":"Skola","statuss":{"siltums":"nav zināms","uzlade":"nav zināms","udens":"nav zināms","wifi":"nav zināms","generators":"nav zināms"},"last_updated":null,"name":"Alūksnes sākumskola","amenity":"school"}},{"type":"Feature","geometry":{"type":"Point","coordinates":[26.92406,56.550644]},"properties":{"kategorija":"noturibas_punkts","id":"way/288282823","adrese":"Kultūras laukums 2, Viļāni","veids":"Bibliotēka","statuss":{"siltums":"nav zināms","uzlade":"nav zināms","udens":"nav zināms","wifi":"nav zināms","generators":"nav zināms"},"last_updated":null,"name":"Viļānu bibliotēka","building":"yes","amenity":"library"}},{"type":"Feature","geometry":{"type":"Point","coordinates":[23.220919,57.170713]},"properties":{"kategorija":"noturibas_punkts","id":"way/290376596","adrese":"Jūras iela 114, Engure","veids":"Kultūras / tautas nams","statuss":{"siltums":"nav zināms","uzlade":"nav zināms","udens":"nav zināms","wifi":"nav zināms","generators":"nav zināms"},"last_updated":null,"name":"Saieta nams","building":"yes","amenity":"community_centre"}},{"type":"Feature","geometry":{"type":"Point","coordinates":[21.005493,56.54014]},"properties":{"kategorija":"noturibas_punkts","id":"way/292318402","adrese":"Oskara Kalpaka iela 96, Liepāja","veids":"Skola","statuss":{"siltums":"nav zināms","uzlade":"nav zināms","udens":"nav zināms","wifi":"nav zināms","generators":"nav zināms"},"last_updated":null,"name":"Liepājas Oskara Kalpaka vidusskola","amenity":"school"}},{"type":"Feature","geometry":{"type":"Point","coordinates":[24.065144,56.968074]},"properties":{"kategorija":"noturibas_punkts","id":"way/298768177","adrese":"","veids":"Skola","statuss":{"siltums":"nav zināms","uzlade":"nav zināms","udens":"nav zināms","wifi":"nav zināms","generators":"nav zināms"},"last_updated":null,"name":"Rīgas Valdorfskola","website":"https://www.rvds.lv/","amenity":"school"}},{"type":"Feature","geometry":{"type":"Point","coordinates":[25.907883,57.424087]},"properties":{"kategorija":"noturibas_punkts","id":"way/303216537","adrese":"Dārza iela 3, Smiltene","veids":"Pašvaldības ēka","statuss":{"siltums":"nav zināms","uzlade":"nav zināms","udens":"nav zināms","wifi":"nav zināms","generators":"nav zināms"},"last_updated":null,"name":"Smiltenes novada dome","building":"yes","amenity":"townhall"}},{"type":"Feature","geometry":{"type":"Point","coordinates":[21.004278,56.504047]},"properties":{"kategorija":"noturibas_punkts","id":"way/305604045","adrese":"Alejas iela 16, Liepāja","veids":"Skola","statuss":{"siltums":"nav zināms","uzlade":"nav zināms","udens":"nav zināms","wifi":"nav zināms","generators":"nav zināms"},"last_updated":null,"name":"Liepājas Jāņa Čakstes vidusskola","building":"school","amenity":"school"}},{"type":"Feature","geometry":{"type":"Point","coordinates":[22.361497,56.403799]},"properties":{"kategorija":"noturibas_punkts","id":"way/305899361","adrese":"Centra iela 5, Ezere","veids":"Skola","statuss":{"siltums":"nav zināms","uzlade":"nav zināms","udens":"nav zināms","wifi":"nav zināms","generators":"nav zināms"},"last_updated":null,"name":"Ezeres vidusskola / Lielezeres muižas pils","building":"school","amenity":"school"}},{"type":"Feature","geometry":{"type":"Point","coordinates":[22.015374,56.676346]},"properties":{"kategorija":"noturibas_punkts","id":"way/306250003","adrese":"Lielā iela 1A, Skrunda","veids":"Kultūras / tautas nams","statuss":{"siltums":"nav zināms","uzlade":"nav zināms","udens":"nav zināms","wifi":"nav zināms","generators":"nav zināms"},"last_updated":null,"name":"Kultūras nams","building":"public","amenity":"community_centre"}},{"type":"Feature","geometry":{"type":"Point","coordinates":[21.018316,56.480834]},"properties":{"kategorija":"noturibas_punkts","id":"way/315599150","adrese":"Dunikas iela 9/11, Liepāja","veids":"Skola","statuss":{"siltums":"nav zināms","uzlade":"nav zināms","udens":"nav zināms","wifi":"nav zināms","generators":"nav zināms"},"last_updated":null,"name":"Liepājas Rietumkrasta vidusskola","website":"http://liep8vsk.lv/","amenity":"school"}},{"type":"Feature","geometry":{"type":"Point","coordinates":[24.186071,56.406882]},"properties":{"kategorija":"noturibas_punkts","id":"way/31720402","adrese":"Uzvaras iela 6, Bauska","veids":"Pašvaldības ēka","statuss":{"siltums":"nav zināms","uzlade":"nav zināms","udens":"nav zināms","wifi":"nav zināms","generators":"nav zināms"},"last_updated":null,"name":"Bauskas dome","building":"yes","amenity":"townhall"}},{"type":"Feature","geometry":{"type":"Point","coordinates":[27.445339,55.797504]},"properties":{"kategorija":"noturibas_punkts","id":"way/317270218","adrese":"Piedruja","veids":"Pašvaldības ēka","statuss":{"siltums":"nav zināms","uzlade":"nav zināms","udens":"nav zināms","wifi":"nav zināms","generators":"nav zināms"},"last_updated":null,"name":"Piedrujas pagasta pārvalde","building":"yes","amenity":"townhall"}},{"type":"Feature","geometry":{"type":"Point","coordinates":[23.613806,56.798391]},"properties":{"kategorija":"noturibas_punkts","id":"way/318792516","adrese":"Jelgavas iela 15, Kalnciems","veids":"Kultūras / tautas nams","statuss":{"siltums":"nav zināms","uzlade":"nav zināms","udens":"nav zināms","wifi":"nav zināms","generators":"nav zināms"},"last_updated":null,"name":"Kalnciema kultūras nams","building":"yes","amenity":"community_centre"}},{"type":"Feature","geometry":{"type":"Point","coordinates":[21.990101,56.970478]},"properties":{"kategorija":"noturibas_punkts","id":"way/327229366","adrese":"","veids":"Kultūras / tautas nams","statuss":{"siltums":"nav zināms","uzlade":"nav zināms","udens":"nav zināms","wifi":"nav zināms","generators":"nav zināms"},"last_updated":null,"name":"Zabadaks","amenity":"community_centre"}},{"type":"Feature","geometry":{"type":"Point","coordinates":[21.676121,57.225295]},"properties":{"kategorija":"noturibas_punkts","id":"way/329148627","adrese":"Lielā iela 28, Piltene","veids":"Pašvaldības ēka","statuss":{"siltums":"nav zināms","uzlade":"nav zināms","udens":"nav zināms","wifi":"nav zināms","generators":"nav zināms"},"last_updated":null,"name":"Piltenes pilsētas pārvalde","building":"yes","amenity":"townhall"}},{"type":"Feature","geometry":{"type":"Point","coordinates":[21.644535,57.330899]},"properties":{"kategorija":"noturibas_punkts","id":"way/330615457","adrese":"Tārgale","veids":"Skola","statuss":{"siltums":"nav zināms","uzlade":"nav zināms","udens":"nav zināms","wifi":"nav zināms","generators":"nav zināms"},"last_updated":null,"name":"Tārgales pamatskola","website":"https://targalesskola.ventspilsnovads.lv/","amenity":"school"}},{"type":"Feature","geometry":{"type":"Point","coordinates":[21.604907,57.22731]},"properties":{"kategorija":"noturibas_punkts","id":"way/331077993","adrese":"Skolas iela 1, Ventava","veids":"Pašvaldības ēka","statuss":{"siltums":"nav zināms","uzlade":"nav zināms","udens":"nav zināms","wifi":"nav zināms","generators":"nav zināms"},"last_updated":null,"name":"Vārves pagasta pārvalde","building":"yes","amenity":"townhall"}},{"type":"Feature","geometry":{"type":"Point","coordinates":[21.608349,57.224542]},"properties":{"kategorija":"noturibas_punkts","id":"way/331088959","adrese":"Skolas iela 10, Ventava","veids":"Skola","statuss":{"siltums":"nav zināms","uzlade":"nav zināms","udens":"nav zināms","wifi":"nav zināms","generators":"nav zināms"},"last_updated":null,"name":"Zūru pamatskola","amenity":"school"}},{"type":"Feature","geometry":{"type":"Point","coordinates":[22.018811,56.672825]},"properties":{"kategorija":"noturibas_punkts","id":"way/331862429","adrese":"Raiņa iela 11, Skrunda","veids":"Pašvaldības ēka","statuss":{"siltums":"nav zināms","uzlade":"nav zināms","udens":"nav zināms","wifi":"nav zināms","generators":"nav zināms"},"last_updated":null,"name":"Skrundas novada pašvaldība","building":"yes","amenity":"townhall"}},{"type":"Feature","geometry":{"type":"Point","coordinates":[21.455522,57.227047]},"properties":{"kategorija":"noturibas_punkts","id":"way/331988777","adrese":"Užava","veids":"Skola","statuss":{"siltums":"nav zināms","uzlade":"nav zināms","udens":"nav zināms","wifi":"nav zināms","generators":"nav zināms"},"last_updated":null,"name":"Užavas pamatskola","amenity":"school"}},{"type":"Feature","geometry":{"type":"Point","coordinates":[21.455131,57.228138]},"properties":{"kategorija":"noturibas_punkts","id":"way/331988781","adrese":"Užava","veids":"Pašvaldības ēka","statuss":{"siltums":"nav zināms","uzlade":"nav zināms","udens":"nav zināms","wifi":"nav zināms","generators":"nav zināms"},"last_updated":null,"name":"Užavas pagasta pārvalde","building":"yes","amenity":"townhall"}},{"type":"Feature","geometry":{"type":"Point","coordinates":[21.454013,57.228794]},"properties":{"kategorija":"noturibas_punkts","id":"way/331988790","adrese":"Užava","veids":"Kultūras / tautas nams","statuss":{"siltums":"nav zināms","uzlade":"nav zināms","udens":"nav zināms","wifi":"nav zināms","generators":"nav zināms"},"last_updated":null,"name":"Užavas pagasta tautas nams","building":"public","amenity":"community_centre"}},{"type":"Feature","geometry":{"type":"Point","coordinates":[21.460657,57.231308]},"properties":{"kategorija":"noturibas_punkts","id":"way/331992674","adrese":"","veids":"Bibliotēka","statuss":{"siltums":"nav zināms","uzlade":"nav zināms","udens":"nav zināms","wifi":"nav zināms","generators":"nav zināms"},"last_updated":null,"name":"Užavas bibliotēka","opening_hours":"Mo-Th 08:00-17:00; Fr 09:00-15:00","building":"yes","amenity":"library"}},{"type":"Feature","geometry":{"type":"Point","coordinates":[21.674105,57.224938]},"properties":{"kategorija":"noturibas_punkts","id":"way/332404317","adrese":"Lielā iela 13, Piltene","veids":"Skola","statuss":{"siltums":"nav zināms","uzlade":"nav zināms","udens":"nav zināms","wifi":"nav zināms","generators":"nav zināms"},"last_updated":null,"name":"Piltenes vidusskola","amenity":"school"}},{"type":"Feature","geometry":{"type":"Point","coordinates":[24.633506,56.972968]},"properties":{"kategorija":"noturibas_punkts","id":"way/336907054","adrese":"Rīgas iela 6, Ropaži","veids":"Skola","statuss":{"siltums":"nav zināms","uzlade":"nav zināms","udens":"nav zināms","wifi":"nav zināms","generators":"nav zināms"},"last_updated":null,"name":"Ropažu Mūzikas un mākslas skola \"Rodenpois\"","building":"school","amenity":"school"}},{"type":"Feature","geometry":{"type":"Point","coordinates":[22.438229,57.60187]},"properties":{"kategorija":"noturibas_punkts","id":"way/338441142","adrese":"Vīdale","veids":"Bibliotēka","statuss":{"siltums":"nav zināms","uzlade":"nav zināms","udens":"nav zināms","wifi":"nav zināms","generators":"nav zināms"},"last_updated":null,"name":"Vīdales bibliotēka","wheelchair":"no","building":"yes","amenity":"library"}},{"type":"Feature","geometry":{"type":"Point","coordinates":[22.452254,57.547424]},"properties":{"kategorija":"noturibas_punkts","id":"way/338441347","adrese":"Kaļķi","veids":"Bibliotēka","statuss":{"siltums":"nav zināms","uzlade":"nav zināms","udens":"nav zināms","wifi":"nav zināms","generators":"nav zināms"},"last_updated":null,"name":"Kaļķu bibliotēka","wheelchair":"no","building":"yes","amenity":"library"}},{"type":"Feature","geometry":{"type":"Point","coordinates":[27.161344,55.896687]},"properties":{"kategorija":"noturibas_punkts","id":"way/34306835","adrese":"Rīgas iela 51, Krāslava","veids":"Pašvaldības ēka","statuss":{"siltums":"nav zināms","uzlade":"nav zināms","udens":"nav zināms","wifi":"nav zināms","generators":"nav zināms"},"last_updated":null,"name":"Krāslavas novada dome","building":"yes","amenity":"townhall"}},{"type":"Feature","geometry":{"type":"Point","coordinates":[24.823675,56.794654]},"properties":{"kategorija":"noturibas_punkts","id":"way/344061092","adrese":"","veids":"Skola","statuss":{"siltums":"nav zināms","uzlade":"nav zināms","udens":"nav zināms","wifi":"nav zināms","generators":"nav zināms"},"last_updated":null,"name":"Rembates pamatskola","building":"school","amenity":"school"}},{"type":"Feature","geometry":{"type":"Point","coordinates":[24.32038,57.125312]},"properties":{"kategorija":"noturibas_punkts","id":"way/344157820","adrese":"Baznīcas iela 15, Siguļi","veids":"Skola","statuss":{"siltums":"nav zināms","uzlade":"nav zināms","udens":"nav zināms","wifi":"nav zināms","generators":"nav zināms"},"last_updated":null,"name":"Piejūras internātpamatskola","website":"https://www.facebook.com/PirmsskolaPiej/","amenity":"school"}},{"type":"Feature","geometry":{"type":"Point","coordinates":[24.487703,56.969839]},"properties":{"kategorija":"noturibas_punkts","id":"way/346333495","adrese":"Skolas iela 3, Zaķumuiža","veids":"Skola","statuss":{"siltums":"nav zināms","uzlade":"nav zināms","udens":"nav zināms","wifi":"nav zināms","generators":"nav zināms"},"last_updated":null,"name":"Zaķumuižas pamatskola","amenity":"school"}},{"type":"Feature","geometry":{"type":"Point","coordinates":[26.725758,56.289519]},"properties":{"kategorija":"noturibas_punkts","id":"way/349322314","adrese":"Raiņa bulvāris 28, Preiļi","veids":"Kultūras / tautas nams","statuss":{"siltums":"nav zināms","uzlade":"nav zināms","udens":"nav zināms","wifi":"nav zināms","generators":"nav zināms"},"last_updated":null,"name":"Preiļu novada Kultūras centrs","building":"yes","amenity":"community_centre"}},{"type":"Feature","geometry":{"type":"Point","coordinates":[22.897532,56.457558]},"properties":{"kategorija":"noturibas_punkts","id":"way/351366575","adrese":"","veids":"Skola","statuss":{"siltums":"nav zināms","uzlade":"nav zināms","udens":"nav zināms","wifi":"nav zināms","generators":"nav zināms"},"last_updated":null,"name":"Auces vidusskola","amenity":"school"}},{"type":"Feature","geometry":{"type":"Point","coordinates":[22.895915,56.45698]},"properties":{"kategorija":"noturibas_punkts","id":"way/351577056","adrese":"Jura Mātera iela 13, Auce","veids":"Skola","statuss":{"siltums":"nav zināms","uzlade":"nav zināms","udens":"nav zināms","wifi":"nav zināms","generators":"nav zināms"},"last_updated":null,"name":"Auces vidusskola","amenity":"school"}},{"type":"Feature","geometry":{"type":"Point","coordinates":[21.066195,56.346927]},"properties":{"kategorija":"noturibas_punkts","id":"way/352087158","adrese":"Bārtas iela 6, Nīca","veids":"Pašvaldības ēka","statuss":{"siltums":"nav zināms","uzlade":"nav zināms","udens":"nav zināms","wifi":"nav zināms","generators":"nav zināms"},"last_updated":null,"name":"Nīcas novada dome","website":"https://www.nica.lv","building":"yes","amenity":"townhall"}},{"type":"Feature","geometry":{"type":"Point","coordinates":[25.496117,56.573977]},"properties":{"kategorija":"noturibas_punkts","id":"way/353908655","adrese":"Staburags","veids":"Kultūras / tautas nams","statuss":{"siltums":"nav zināms","uzlade":"nav zināms","udens":"nav zināms","wifi":"nav zināms","generators":"nav zināms"},"last_updated":null,"name":"Staburaga saieta nams","wheelchair":"yes","building":"civic","amenity":"community_centre"}},{"type":"Feature","geometry":{"type":"Point","coordinates":[21.16882,56.53631]},"properties":{"kategorija":"noturibas_punkts","id":"way/354805946","adrese":"Skolas iela 4, Grobiņa","veids":"Skola","statuss":{"siltums":"nav zināms","uzlade":"nav zināms","udens":"nav zināms","wifi":"nav zināms","generators":"nav zināms"},"last_updated":null,"name":"Grobiņas sākumskola","amenity":"school"}},{"type":"Feature","geometry":{"type":"Point","coordinates":[24.043577,57.033195]},"properties":{"kategorija":"noturibas_punkts","id":"way/35564771","adrese":"Gaigalas iela 3, Rīga","veids":"Bibliotēka","statuss":{"siltums":"nav zināms","uzlade":"nav zināms","udens":"nav zināms","wifi":"nav zināms","generators":"nav zināms"},"last_updated":null,"name":"RCB Bolderājas filiāle","opening_hours":"Mo,Su off; Tu 11:00-19:00; We-Fr 10:00-18:00; Sa 10:00-17:00","building":"yes","amenity":"library"}},{"type":"Feature","geometry":{"type":"Point","coordinates":[21.007942,56.534065]},"properties":{"kategorija":"noturibas_punkts","id":"way/366421666","adrese":"Celmu iela 6, Liepāja","veids":"Skola","statuss":{"siltums":"nav zināms","uzlade":"nav zināms","udens":"nav zināms","wifi":"nav zināms","generators":"nav zināms"},"last_updated":null,"name":"Liepājas Dzintara vidusskola","amenity":"school"}},{"type":"Feature","geometry":{"type":"Point","coordinates":[24.54675,57.093078]},"properties":{"kategorija":"noturibas_punkts","id":"way/366446620","adrese":"Gaujas iela 12, Vangaži","veids":"Kultūras / tautas nams","statuss":{"siltums":"nav zināms","uzlade":"nav zināms","udens":"nav zināms","wifi":"nav zināms","generators":"nav zināms"},"last_updated":null,"name":"Vangažu kultūras nams","building":"yes","amenity":"community_centre"}},{"type":"Feature","geometry":{"type":"Point","coordinates":[27.509355,56.583368]},"properties":{"kategorija":"noturibas_punkts","id":"way/366945145","adrese":"Viraudas iela 3, Lendži","veids":"Pašvaldības ēka","statuss":{"siltums":"nav zināms","uzlade":"nav zināms","udens":"nav zināms","wifi":"nav zināms","generators":"nav zināms"},"last_updated":null,"name":"Lendžu pagasta pārvalde","building":"government","amenity":"townhall"}},{"type":"Feature","geometry":{"type":"Point","coordinates":[26.563383,55.892248]},"properties":{"kategorija":"noturibas_punkts","id":"way/367306476","adrese":"Arhitektu iela 10, Daugavpils","veids":"Skola","statuss":{"siltums":"nav zināms","uzlade":"nav zināms","udens":"nav zināms","wifi":"nav zināms","generators":"nav zināms"},"last_updated":null,"name":"Daugavpils 11. pamatskola","website":"http://daug11psk.dautkom.lv/","amenity":"school"}},{"type":"Feature","geometry":{"type":"Point","coordinates":[24.818186,57.140636]},"properties":{"kategorija":"noturibas_punkts","id":"way/368826857","adrese":"Laurenču iela 7, Sigulda","veids":"Skola","statuss":{"siltums":"nav zināms","uzlade":"nav zināms","udens":"nav zināms","wifi":"nav zināms","generators":"nav zināms"},"last_updated":null,"name":"Laurenču sākumskola","amenity":"school"}},{"type":"Feature","geometry":{"type":"Point","coordinates":[24.866596,57.159668]},"properties":{"kategorija":"noturibas_punkts","id":"way/368826862","adrese":"","veids":"Skola","statuss":{"siltums":"nav zināms","uzlade":"nav zināms","udens":"nav zināms","wifi":"nav zināms","generators":"nav zināms"},"last_updated":null,"name":"Siguldas Pilsētas vidusskola","amenity":"school"}},{"type":"Feature","geometry":{"type":"Point","coordinates":[24.859078,57.158452]},"properties":{"kategorija":"noturibas_punkts","id":"way/368826864","adrese":"Ata Kronvalda iela 7, Sigulda","veids":"Skola","statuss":{"siltums":"nav zināms","uzlade":"nav zināms","udens":"nav zināms","wifi":"nav zināms","generators":"nav zināms"},"last_updated":null,"name":"Siguldas Valsts ģimnāzija","amenity":"school"}},{"type":"Feature","geometry":{"type":"Point","coordinates":[24.128584,56.948572]},"properties":{"kategorija":"noturibas_punkts","id":"way/370725237","adrese":"","veids":"Skola","statuss":{"siltums":"nav zināms","uzlade":"nav zināms","udens":"nav zināms","wifi":"nav zināms","generators":"nav zināms"},"last_updated":null,"name":"Rīgas Ukraiņu vidusskola","amenity":"school"}},{"type":"Feature","geometry":{"type":"Point","coordinates":[22.356092,57.511054]},"properties":{"kategorija":"noturibas_punkts","id":"way/37079579","adrese":"Pils iela 5, Dundaga","veids":"Pašvaldības ēka","statuss":{"siltums":"nav zināms","uzlade":"nav zināms","udens":"nav zināms","wifi":"nav zināms","generators":"nav zināms"},"last_updated":null,"name":"Dundagas pagasta pārvalde","wheelchair":"yes","building":"yes","amenity":"townhall"}},{"type":"Feature","geometry":{"type":"Point","coordinates":[27.370816,56.571372]},"properties":{"kategorija":"noturibas_punkts","id":"way/371534569","adrese":"Centra iela 1, Sondori-Škeņeva","veids":"Pašvaldības ēka","statuss":{"siltums":"nav zināms","uzlade":"nav zināms","udens":"nav zināms","wifi":"nav zināms","generators":"nav zināms"},"last_updated":null,"name":"Vērēmu pagasta pārvalde","building":"yes","amenity":"townhall"}},{"type":"Feature","geometry":{"type":"Point","coordinates":[24.237177,56.990879]},"properties":{"kategorija":"noturibas_punkts","id":"way/377438945","adrese":"Baltezera iela 6, Rīga","veids":"Skola","statuss":{"siltums":"nav zināms","uzlade":"nav zināms","udens":"nav zināms","wifi":"nav zināms","generators":"nav zināms"},"last_updated":null,"name":"Rīgas 63. pamatskola","amenity":"school"}},{"type":"Feature","geometry":{"type":"Point","coordinates":[24.141448,56.96219]},"properties":{"kategorija":"noturibas_punkts","id":"way/378132874","adrese":"","veids":"Skola","statuss":{"siltums":"nav zināms","uzlade":"nav zināms","udens":"nav zināms","wifi":"nav zināms","generators":"nav zināms"},"last_updated":null,"name":"Rīgas Centra humanitārā vidusskola","website":"http://www.rchv.lv","amenity":"school"}},{"type":"Feature","geometry":{"type":"Point","coordinates":[24.082094,56.912187]},"properties":{"kategorija":"noturibas_punkts","id":"way/385118269","adrese":"","veids":"Skola","statuss":{"siltums":"nav zināms","uzlade":"nav zināms","udens":"nav zināms","wifi":"nav zināms","generators":"nav zināms"},"last_updated":null,"name":"Pārdaugavas Mūzikas un mākslas skola","website":"https://www.pmms.lv/","amenity":"school"}},{"type":"Feature","geometry":{"type":"Point","coordinates":[25.645348,56.905712]},"properties":{"kategorija":"noturibas_punkts","id":"way/38771559","adrese":"Oškalna iela 10, Ērgļi","veids":"Skola","statuss":{"siltums":"nav zināms","uzlade":"nav zināms","udens":"nav zināms","wifi":"nav zināms","generators":"nav zināms"},"last_updated":null,"name":"Ērgļu arodvidusskola","building":"school","amenity":"school"}},{"type":"Feature","geometry":{"type":"Point","coordinates":[24.063545,56.947231]},"properties":{"kategorija":"noturibas_punkts","id":"way/388211151","adrese":"","veids":"Skola","statuss":{"siltums":"nav zināms","uzlade":"nav zināms","udens":"nav zināms","wifi":"nav zināms","generators":"nav zināms"},"last_updated":null,"name":"Rīgas Valsts vācu ģimnāzija","website":"https://www.rvvg.lv/","amenity":"school"}},{"type":"Feature","geometry":{"type":"Point","coordinates":[24.083088,56.930203]},"properties":{"kategorija":"noturibas_punkts","id":"way/388429152","adrese":"","veids":"Skola","statuss":{"siltums":"nav zināms","uzlade":"nav zināms","udens":"nav zināms","wifi":"nav zināms","generators":"nav zināms"},"last_updated":null,"name":"Rīgas Katoļu ģimnāzija","website":"https://www.rkgimnazija.lv/","amenity":"school"}},{"type":"Feature","geometry":{"type":"Point","coordinates":[26.512895,55.903053]},"properties":{"kategorija":"noturibas_punkts","id":"way/39442810","adrese":"Vidzemes iela 41A, Daugavpils","veids":"Kultūras / tautas nams","statuss":{"siltums":"nav zināms","uzlade":"nav zināms","udens":"nav zināms","wifi":"nav zināms","generators":"nav zināms"},"last_updated":null,"name":"Forštadtes kultūras nams","operator":"Daugavpils pilsētas pašvaldības iestāde Vienības nams","building":"public","amenity":"community_centre"}},{"type":"Feature","geometry":{"type":"Point","coordinates":[24.087246,56.93371]},"properties":{"kategorija":"noturibas_punkts","id":"way/395293993","adrese":"Ojāra Vācieša iela 2, Rīga","veids":"Bibliotēka","statuss":{"siltums":"nav zināms","uzlade":"nav zināms","udens":"nav zināms","wifi":"nav zināms","generators":"nav zināms"},"last_updated":null,"name":"Rīgas Centrālās bibliotēkas Torņakalna filiālbibliotēka","building":"sports_centre","amenity":"library"}},{"type":"Feature","geometry":{"type":"Point","coordinates":[24.197509,56.936226]},"properties":{"kategorija":"noturibas_punkts","id":"way/395999935","adrese":"","veids":"Skola","statuss":{"siltums":"nav zināms","uzlade":"nav zināms","udens":"nav zināms","wifi":"nav zināms","generators":"nav zināms"},"last_updated":null,"name":"Rīgas 86. pamatskola","website":"https://www.86rvs.lv/","amenity":"school"}},{"type":"Feature","geometry":{"type":"Point","coordinates":[25.908598,57.423944]},"properties":{"kategorija":"noturibas_punkts","id":"way/399986511","adrese":"Dārza iela 11, Smiltene","veids":"Pašvaldības ēka","statuss":{"siltums":"nav zināms","uzlade":"nav zināms","udens":"nav zināms","wifi":"nav zināms","generators":"nav zināms"},"last_updated":null,"name":"Smiltenes novada dome","building":"yes","amenity":"townhall"}},{"type":"Feature","geometry":{"type":"Point","coordinates":[24.037117,56.934704]},"properties":{"kategorija":"noturibas_punkts","id":"way/400578656","adrese":"Kalnciema iela 118, Rīga","veids":"Skola","statuss":{"siltums":"nav zināms","uzlade":"nav zināms","udens":"nav zināms","wifi":"nav zināms","generators":"nav zināms"},"last_updated":null,"name":"Rīgas starptautiskā skola","amenity":"school"}},{"type":"Feature","geometry":{"type":"Point","coordinates":[24.607561,56.820146]},"properties":{"kategorija":"noturibas_punkts","id":"way/40060471","adrese":"Brīvības iela 33, Ogre","veids":"Pašvaldības ēka","statuss":{"siltums":"nav zināms","uzlade":"nav zināms","udens":"nav zināms","wifi":"nav zināms","generators":"nav zināms"},"last_updated":null,"name":"Ogres novada dome","website":"https://www.ogresnovads.lv/","building":"government","amenity":"townhall"}},{"type":"Feature","geometry":{"type":"Point","coordinates":[24.606891,56.818295]},"properties":{"kategorija":"noturibas_punkts","id":"way/40132279","adrese":"Brīvības iela 40, Ogre","veids":"Kultūras / tautas nams","statuss":{"siltums":"nav zināms","uzlade":"nav zināms","udens":"nav zināms","wifi":"nav zināms","generators":"nav zināms"},"last_updated":null,"name":"Ogres novada Jauniešu māja","building":"yes","amenity":"community_centre"}},{"type":"Feature","geometry":{"type":"Point","coordinates":[24.609459,56.820293]},"properties":{"kategorija":"noturibas_punkts","id":"way/40132296","adrese":"Brīvības iela 35, Ogre","veids":"Bibliotēka","statuss":{"siltums":"nav zināms","uzlade":"nav zināms","udens":"nav zināms","wifi":"nav zināms","generators":"nav zināms"},"last_updated":null,"name":"Ogres centrālā bibliotēka","opening_hours":"Mo-Fr 11:00-19:00; Sa 10:00-16:00; Su off","building":"yes","amenity":"library"}},{"type":"Feature","geometry":{"type":"Point","coordinates":[24.114402,56.947197]},"properties":{"kategorija":"noturibas_punkts","id":"way/401914408","adrese":"Aspazijas bulvāris 34, Rīga","veids":"Skola","statuss":{"siltums":"nav zināms","uzlade":"nav zināms","udens":"nav zināms","wifi":"nav zināms","generators":"nav zināms"},"last_updated":null,"name":"Rīgas Centra daiļamatniecības pamatskola","amenity":"school"}},{"type":"Feature","geometry":{"type":"Point","coordinates":[24.532497,56.597953]},"properties":{"kategorija":"noturibas_punkts","id":"way/408896274","adrese":"Rīgas iela 29, Vecumnieki","veids":"Pašvaldības ēka","statuss":{"siltums":"nav zināms","uzlade":"nav zināms","udens":"nav zināms","wifi":"nav zināms","generators":"nav zināms"},"last_updated":null,"name":"Vecumnieku novada pašvaldība","building":"yes","amenity":"townhall"}},{"type":"Feature","geometry":{"type":"Point","coordinates":[24.177812,56.919304]},"properties":{"kategorija":"noturibas_punkts","id":"way/409491592","adrese":"Latgales iela 273, Rīga","veids":"Skola","statuss":{"siltums":"nav zināms","uzlade":"nav zināms","udens":"nav zināms","wifi":"nav zināms","generators":"nav zināms"},"last_updated":null,"name":"Rīgas Ķengaraga vidusskola","website":"https://ruvs.lv/","amenity":"school"}},{"type":"Feature","geometry":{"type":"Point","coordinates":[24.513413,56.60393]},"properties":{"kategorija":"noturibas_punkts","id":"way/411218288","adrese":"Kalna iela 13A, Vecumnieki","veids":"Skola","statuss":{"siltums":"nav zināms","uzlade":"nav zināms","udens":"nav zināms","wifi":"nav zināms","generators":"nav zināms"},"last_updated":null,"name":"Vecumnieku pamatskola","amenity":"school"}},{"type":"Feature","geometry":{"type":"Point","coordinates":[24.517188,56.607387]},"properties":{"kategorija":"noturibas_punkts","id":"way/411218295","adrese":"","veids":"Skola","statuss":{"siltums":"nav zināms","uzlade":"nav zināms","udens":"nav zināms","wifi":"nav zināms","generators":"nav zināms"},"last_updated":null,"name":"Vecumnieku vidusskola","amenity":"school"}},{"type":"Feature","geometry":{"type":"Point","coordinates":[25.718937,56.616419]},"properties":{"kategorija":"noturibas_punkts","id":"way/414507169","adrese":"Raiņa iela 45, Pļaviņas","veids":"Bibliotēka","statuss":{"siltums":"nav zināms","uzlade":"nav zināms","udens":"nav zināms","wifi":"nav zināms","generators":"nav zināms"},"last_updated":null,"name":"Pļaviņu bibliotēka","opening_hours":"Mo-Th 09:00-18:00; Fr 09:00-19:00; Sa 09:00-15:00; Su off","website":"https://www.plavinubiblioteka.lv/sakums/","building":"public","amenity":"library"}},{"type":"Feature","geometry":{"type":"Point","coordinates":[24.644225,56.754365]},"properties":{"kategorija":"noturibas_punkts","id":"way/418507017","adrese":"Tome","veids":"Kultūras / tautas nams","statuss":{"siltums":"nav zināms","uzlade":"nav zināms","udens":"nav zināms","wifi":"nav zināms","generators":"nav zināms"},"last_updated":null,"name":"Tomes tautas nams","building":"yes","amenity":"community_centre"}},{"type":"Feature","geometry":{"type":"Point","coordinates":[24.049456,56.957932]},"properties":{"kategorija":"noturibas_punkts","id":"way/421597955","adrese":"Vircavas iela 7, Rīga","veids":"Skola","statuss":{"siltums":"nav zināms","uzlade":"nav zināms","udens":"nav zināms","wifi":"nav zināms","generators":"nav zināms"},"last_updated":null,"name":"Rīgas 34. vidusskola","operator":"Rīgas pašvaldība","website":"https://www.34vsk.lv/","amenity":"school"}},{"type":"Feature","geometry":{"type":"Point","coordinates":[24.169384,56.945729]},"properties":{"kategorija":"noturibas_punkts","id":"way/423670893","adrese":"","veids":"Skola","statuss":{"siltums":"nav zināms","uzlade":"nav zināms","udens":"nav zināms","wifi":"nav zināms","generators":"nav zināms"},"last_updated":null,"name":"Rīgas Dārzciema vidusskola","amenity":"school"}},{"type":"Feature","geometry":{"type":"Point","coordinates":[24.180879,56.953206]},"properties":{"kategorija":"noturibas_punkts","id":"way/423672336","adrese":"Purvciema iela 38, Rīga","veids":"Skola","statuss":{"siltums":"nav zināms","uzlade":"nav zināms","udens":"nav zināms","wifi":"nav zināms","generators":"nav zināms"},"last_updated":null,"name":"Rīgas Valsts klasiskā ģimnāzija","website":"https://www.rkg.lv/","amenity":"school"}},{"type":"Feature","geometry":{"type":"Point","coordinates":[24.214385,56.941918]},"properties":{"kategorija":"noturibas_punkts","id":"way/423673299","adrese":"Ulbrokas iela 3, Rīga","veids":"Skola","statuss":{"siltums":"nav zināms","uzlade":"nav zināms","udens":"nav zināms","wifi":"nav zināms","generators":"nav zināms"},"last_updated":null,"name":"Rīgas 92. vidusskola","amenity":"school"}},{"type":"Feature","geometry":{"type":"Point","coordinates":[24.184632,56.976211]},"properties":{"kategorija":"noturibas_punkts","id":"way/423673444","adrese":"Aizkraukles iela 14, Rīga","veids":"Skola","statuss":{"siltums":"nav zināms","uzlade":"nav zināms","udens":"nav zināms","wifi":"nav zināms","generators":"nav zināms"},"last_updated":null,"name":"Rīgas Teikas vidusskola","amenity":"school"}},{"type":"Feature","geometry":{"type":"Point","coordinates":[24.16265,56.927147]},"properties":{"kategorija":"noturibas_punkts","id":"way/423674874","adrese":"Ogres iela 9, Rīga","veids":"Skola","statuss":{"siltums":"nav zināms","uzlade":"nav zināms","udens":"nav zināms","wifi":"nav zināms","generators":"nav zināms"},"last_updated":null,"name":"Rīgas 75. pamatskola","amenity":"school"}},{"type":"Feature","geometry":{"type":"Point","coordinates":[24.141819,56.958318]},"properties":{"kategorija":"noturibas_punkts","id":"way/425204085","adrese":"","veids":"Skola","statuss":{"siltums":"nav zināms","uzlade":"nav zināms","udens":"nav zināms","wifi":"nav zināms","generators":"nav zināms"},"last_updated":null,"name":"Rīgas 6. vidusskola","amenity":"school"}},{"type":"Feature","geometry":{"type":"Point","coordinates":[24.185476,56.961057]},"properties":{"kategorija":"noturibas_punkts","id":"way/425802726","adrese":"","veids":"Skola","statuss":{"siltums":"nav zināms","uzlade":"nav zināms","udens":"nav zināms","wifi":"nav zināms","generators":"nav zināms"},"last_updated":null,"name":"Rīgas 64. vidusskola","operator":"Rīgas pašvaldība","website":"http://www.r64vsk.lv","amenity":"school"}},{"type":"Feature","geometry":{"type":"Point","coordinates":[24.185116,56.962309]},"properties":{"kategorija":"noturibas_punkts","id":"way/425802727","adrese":"Induļa iela 4, Rīga","veids":"Skola","statuss":{"siltums":"nav zināms","uzlade":"nav zināms","udens":"nav zināms","wifi":"nav zināms","generators":"nav zināms"},"last_updated":null,"name":"Rīgas 74. pamatskola","operator":"Rīgas pašvaldība","website":"https://www.r74sk.lv/","amenity":"school"}},{"type":"Feature","geometry":{"type":"Point","coordinates":[24.202262,56.958404]},"properties":{"kategorija":"noturibas_punkts","id":"way/425934443","adrese":"Andromedas gatve 11, Rīga","veids":"Skola","statuss":{"siltums":"nav zināms","uzlade":"nav zināms","udens":"nav zināms","wifi":"nav zināms","generators":"nav zināms"},"last_updated":null,"name":"Rīgas 80. vidusskola","website":"https://www.r80vs.lv/","amenity":"school"}},{"type":"Feature","geometry":{"type":"Point","coordinates":[24.183076,56.967306]},"properties":{"kategorija":"noturibas_punkts","id":"way/425941711","adrese":"Burtnieku iela 34, Rīga","veids":"Skola","statuss":{"siltums":"nav zināms","uzlade":"nav zināms","udens":"nav zināms","wifi":"nav zināms","generators":"nav zināms"},"last_updated":null,"name":"Rīgas 64. vidusskolas sākumskola","amenity":"school"}},{"type":"Feature","geometry":{"type":"Point","coordinates":[24.237884,56.972085]},"properties":{"kategorija":"noturibas_punkts","id":"way/425943706","adrese":"Mežciema iela 41, Rīga","veids":"Kultūras / tautas nams","statuss":{"siltums":"nav zināms","uzlade":"nav zināms","udens":"nav zināms","wifi":"nav zināms","generators":"nav zināms"},"last_updated":null,"name":"Auseklis","amenity":"community_centre"}},{"type":"Feature","geometry":{"type":"Point","coordinates":[24.178223,56.956451]},"properties":{"kategorija":"noturibas_punkts","id":"way/427686720","adrese":"","veids":"Skola","statuss":{"siltums":"nav zināms","uzlade":"nav zināms","udens":"nav zināms","wifi":"nav zināms","generators":"nav zināms"},"last_updated":null,"name":"Rīgas Itas Kozakēvičas Poļu vidusskola","website":"http://www.ikpvs.edu.lv/","amenity":"school"}},{"type":"Feature","geometry":{"type":"Point","coordinates":[24.046923,57.036215]},"properties":{"kategorija":"noturibas_punkts","id":"way/441705518","adrese":"Miglas iela 9, Rīga","veids":"Skola","statuss":{"siltums":"nav zināms","uzlade":"nav zināms","udens":"nav zināms","wifi":"nav zināms","generators":"nav zināms"},"last_updated":null,"name":"Rīgas Bolderājas Jaunā pamatskola","amenity":"school"}},{"type":"Feature","geometry":{"type":"Point","coordinates":[21.022081,56.493412]},"properties":{"kategorija":"noturibas_punkts","id":"way/449031016","adrese":"Lauku iela 54, Liepāja","veids":"Skola","statuss":{"siltums":"nav zināms","uzlade":"nav zināms","udens":"nav zināms","wifi":"nav zināms","generators":"nav zināms"},"last_updated":null,"name":"Liepājas Ezerkrasta sākumskola","amenity":"school"}},{"type":"Feature","geometry":{"type":"Point","coordinates":[25.688307,57.629419]},"properties":{"kategorija":"noturibas_punkts","id":"way/453753539","adrese":"Baznīcas iela 2, Strenči","veids":"Kultūras / tautas nams","statuss":{"siltums":"nav zināms","uzlade":"nav zināms","udens":"nav zināms","wifi":"nav zināms","generators":"nav zināms"},"last_updated":null,"name":"Kultūras nams","building":"yes","amenity":"community_centre"}},{"type":"Feature","geometry":{"type":"Point","coordinates":[24.428751,57.435967]},"properties":{"kategorija":"noturibas_punkts","id":"way/456337397","adrese":"","veids":"Kultūras / tautas nams","statuss":{"siltums":"nav zināms","uzlade":"nav zināms","udens":"nav zināms","wifi":"nav zināms","generators":"nav zināms"},"last_updated":null,"name":"Liepupes tautas nams","building":"yes","amenity":"community_centre"}},{"type":"Feature","geometry":{"type":"Point","coordinates":[25.610864,57.816695]},"properties":{"kategorija":"noturibas_punkts","id":"way/458238435","adrese":"Kārķi","veids":"Kultūras / tautas nams","statuss":{"siltums":"nav zināms","uzlade":"nav zināms","udens":"nav zināms","wifi":"nav zināms","generators":"nav zināms"},"last_updated":null,"name":"Kārķu tautas nams","building":"yes","amenity":"community_centre"}},{"type":"Feature","geometry":{"type":"Point","coordinates":[26.548437,55.878072]},"properties":{"kategorija":"noturibas_punkts","id":"way/465130544","adrese":"Tautas iela 59, Daugavpils","veids":"Skola","statuss":{"siltums":"nav zināms","uzlade":"nav zināms","udens":"nav zināms","wifi":"nav zināms","generators":"nav zināms"},"last_updated":null,"name":"Daugavpils Tehnoloģiju vidusskola - licejs","opening_hours":"Mo-Fr 08:00-16:00","website":"https://www.licejs.lv/","amenity":"school"}},{"type":"Feature","geometry":{"type":"Point","coordinates":[26.581828,55.903807]},"properties":{"kategorija":"noturibas_punkts","id":"way/465137591","adrese":"","veids":"Skola","statuss":{"siltums":"nav zināms","uzlade":"nav zināms","udens":"nav zināms","wifi":"nav zināms","generators":"nav zināms"},"last_updated":null,"name":"Daugavpils Stropu pamatskola - attīstības centrs","website":"https://dspac.lv/","amenity":"school"}},{"type":"Feature","geometry":{"type":"Point","coordinates":[24.063997,56.969979]},"properties":{"kategorija":"noturibas_punkts","id":"way/480198889","adrese":"Baltā iela 22A, Rīga","veids":"Skola","statuss":{"siltums":"nav zināms","uzlade":"nav zināms","udens":"nav zināms","wifi":"nav zināms","generators":"nav zināms"},"last_updated":null,"name":"Rīgas Baltmuižas pamatskola","website":"https://54vsk.lv/","amenity":"school"}},{"type":"Feature","geometry":{"type":"Point","coordinates":[24.025015,56.962473]},"properties":{"kategorija":"noturibas_punkts","id":"way/488435104","adrese":"","veids":"Skola","statuss":{"siltums":"nav zināms","uzlade":"nav zināms","udens":"nav zināms","wifi":"nav zināms","generators":"nav zināms"},"last_updated":null,"name":"Rīgas Anniņmuižas Jaunā pamatskola","website":"http://www.anninmuizas-vsk.lv","amenity":"school"}},{"type":"Feature","geometry":{"type":"Point","coordinates":[24.094046,57.038601]},"properties":{"kategorija":"noturibas_punkts","id":"way/491747581","adrese":"Augusta Dombrovska iela 88, Rīga","veids":"Skola","statuss":{"siltums":"nav zināms","uzlade":"nav zināms","udens":"nav zināms","wifi":"nav zināms","generators":"nav zināms"},"last_updated":null,"name":"Rīnūžu vidusskola","website":"https://www.rinuzi.lv/","amenity":"school"}},{"type":"Feature","geometry":{"type":"Point","coordinates":[25.828307,57.808085]},"properties":{"kategorija":"noturibas_punkts","id":"way/498288763","adrese":"Ērģeme","veids":"Skola","statuss":{"siltums":"nav zināms","uzlade":"nav zināms","udens":"nav zināms","wifi":"nav zināms","generators":"nav zināms"},"last_updated":null,"name":"Ērģemes pamatskola","building":"school","amenity":"school"}},{"type":"Feature","geometry":{"type":"Point","coordinates":[25.429766,57.733394]},"properties":{"kategorija":"noturibas_punkts","id":"way/504204256","adrese":"Parka iela 1, Rencēni","veids":"Skola","statuss":{"siltums":"nav zināms","uzlade":"nav zināms","udens":"nav zināms","wifi":"nav zināms","generators":"nav zināms"},"last_updated":null,"name":"Rencēnu pamatskola","amenity":"school"}},{"type":"Feature","geometry":{"type":"Point","coordinates":[25.28464,57.429975]},"properties":{"kategorija":"noturibas_punkts","id":"way/505467314","adrese":"Skolas iela 1A, Vaidava","veids":"Kultūras / tautas nams","statuss":{"siltums":"nav zināms","uzlade":"nav zināms","udens":"nav zināms","wifi":"nav zināms","generators":"nav zināms"},"last_updated":null,"name":"Vaidavas kultūras un amatniecības centrs","wheelchair":"no","building":"yes","amenity":"community_centre"}},{"type":"Feature","geometry":{"type":"Point","coordinates":[24.055484,56.905211]},"properties":{"kategorija":"noturibas_punkts","id":"way/52039457","adrese":"Daugavas iela 29, Mārupe","veids":"Pašvaldības ēka","statuss":{"siltums":"nav zināms","uzlade":"nav zināms","udens":"nav zināms","wifi":"nav zināms","generators":"nav zināms"},"last_updated":null,"name":"Mārupes novada dome","building":"yes","amenity":"townhall"}},{"type":"Feature","geometry":{"type":"Point","coordinates":[27.35017,56.525508]},"properties":{"kategorija":"noturibas_punkts","id":"way/524553865","adrese":"","veids":"Skola","statuss":{"siltums":"nav zināms","uzlade":"nav zināms","udens":"nav zināms","wifi":"nav zināms","generators":"nav zināms"},"last_updated":null,"name":"Rēzeknes 5. pamatskola","amenity":"school"}},{"type":"Feature","geometry":{"type":"Point","coordinates":[27.345819,56.522431]},"properties":{"kategorija":"noturibas_punkts","id":"way/524554161","adrese":"","veids":"Skola","statuss":{"siltums":"nav zināms","uzlade":"nav zināms","udens":"nav zināms","wifi":"nav zināms","generators":"nav zināms"},"last_updated":null,"name":"Rēzeknes 6. pamatskola","amenity":"school"}},{"type":"Feature","geometry":{"type":"Point","coordinates":[24.417529,57.318602]},"properties":{"kategorija":"noturibas_punkts","id":"way/528522433","adrese":"","veids":"Skola","statuss":{"siltums":"nav zināms","uzlade":"nav zināms","udens":"nav zināms","wifi":"nav zināms","generators":"nav zināms"},"last_updated":null,"name":"Zvejniekciema vidusskola","amenity":"school"}},{"type":"Feature","geometry":{"type":"Point","coordinates":[25.013572,57.719386]},"properties":{"kategorija":"noturibas_punkts","id":"way/535979236","adrese":"Vilzēni","veids":"Kultūras / tautas nams","statuss":{"siltums":"nav zināms","uzlade":"nav zināms","udens":"nav zināms","wifi":"nav zināms","generators":"nav zināms"},"last_updated":null,"name":"Vilzēnu tautas nams","building":"yes","amenity":"community_centre"}},{"type":"Feature","geometry":{"type":"Point","coordinates":[24.884342,57.690286]},"properties":{"kategorija":"noturibas_punkts","id":"way/536072918","adrese":"Puikule","veids":"Kultūras / tautas nams","statuss":{"siltums":"nav zināms","uzlade":"nav zināms","udens":"nav zināms","wifi":"nav zināms","generators":"nav zināms"},"last_updated":null,"name":"Puikules tautas nams","building":"yes","amenity":"community_centre"}},{"type":"Feature","geometry":{"type":"Point","coordinates":[25.876432,56.866957]},"properties":{"kategorija":"noturibas_punkts","id":"way/542431457","adrese":"Vestiena","veids":"Kultūras / tautas nams","statuss":{"siltums":"nav zināms","uzlade":"nav zināms","udens":"nav zināms","wifi":"nav zināms","generators":"nav zināms"},"last_updated":null,"name":"Vestienas tautas nams","building":"yes","amenity":"community_centre"}},{"type":"Feature","geometry":{"type":"Point","coordinates":[23.151478,56.967579]},"properties":{"kategorija":"noturibas_punkts","id":"way/543849780","adrese":"Šēseles iela 3, Tukums","veids":"Bibliotēka","statuss":{"siltums":"nav zināms","uzlade":"nav zināms","udens":"nav zināms","wifi":"nav zināms","generators":"nav zināms"},"last_updated":null,"name":"Tukuma bibliotēka","building":"yes","amenity":"library"}},{"type":"Feature","geometry":{"type":"Point","coordinates":[26.399222,57.514932]},"properties":{"kategorija":"noturibas_punkts","id":"way/546089029","adrese":"Gaujiena","veids":"Kultūras / tautas nams","statuss":{"siltums":"nav zināms","uzlade":"nav zināms","udens":"nav zināms","wifi":"nav zināms","generators":"nav zināms"},"last_updated":null,"name":"Gaujienas tautas nams","building":"yes","amenity":"community_centre"}},{"type":"Feature","geometry":{"type":"Point","coordinates":[25.553384,56.347961]},"properties":{"kategorija":"noturibas_punkts","id":"way/548968418","adrese":"Brīvības iela 10, Viesīte","veids":"Pašvaldības ēka","statuss":{"siltums":"nav zināms","uzlade":"nav zināms","udens":"nav zināms","wifi":"nav zināms","generators":"nav zināms"},"last_updated":null,"name":"Viesītes novada pašvaldība","building":"yes","amenity":"townhall"}},{"type":"Feature","geometry":{"type":"Point","coordinates":[22.289887,57.068483]},"properties":{"kategorija":"noturibas_punkts","id":"way/567412341","adrese":"Renda","veids":"Bibliotēka","statuss":{"siltums":"nav zināms","uzlade":"nav zināms","udens":"nav zināms","wifi":"nav zināms","generators":"nav zināms"},"last_updated":null,"name":"Rendas pagasta bibliotēka","building":"yes","amenity":"library"}},{"type":"Feature","geometry":{"type":"Point","coordinates":[27.672978,56.787722]},"properties":{"kategorija":"noturibas_punkts","id":"way/593735515","adrese":"Vienības iela 49C, Kārsava","veids":"Kultūras / tautas nams","statuss":{"siltums":"nav zināms","uzlade":"nav zināms","udens":"nav zināms","wifi":"nav zināms","generators":"nav zināms"},"last_updated":null,"name":"Kārsavas kultūras nams","building":"yes","amenity":"community_centre"}},{"type":"Feature","geometry":{"type":"Point","coordinates":[27.675199,56.787057]},"properties":{"kategorija":"noturibas_punkts","id":"way/593735520","adrese":"Vienības iela 53, Kārsava","veids":"Pašvaldības ēka","statuss":{"siltums":"nav zināms","uzlade":"nav zināms","udens":"nav zināms","wifi":"nav zināms","generators":"nav zināms"},"last_updated":null,"name":"Kārsavas pilsētas dome","building":"yes","amenity":"townhall"}},{"type":"Feature","geometry":{"type":"Point","coordinates":[24.600641,56.82741]},"properties":{"kategorija":"noturibas_punkts","id":"way/603159973","adrese":"Aizupes","veids":"Skola","statuss":{"siltums":"nav zināms","uzlade":"nav zināms","udens":"nav zināms","wifi":"nav zināms","generators":"nav zināms"},"last_updated":null,"name":"Ogres Tehnikums","website":"https://ovt.lv/","amenity":"school"}},{"type":"Feature","geometry":{"type":"Point","coordinates":[24.605951,56.822539]},"properties":{"kategorija":"noturibas_punkts","id":"way/603159974","adrese":"Meža prospekts 14, Ogre","veids":"Skola","statuss":{"siltums":"nav zināms","uzlade":"nav zināms","udens":"nav zināms","wifi":"nav zināms","generators":"nav zināms"},"last_updated":null,"name":"Ogres Centra pamatskola","website":"https://www.ogrespamatskola.lv/","amenity":"school"}},{"type":"Feature","geometry":{"type":"Point","coordinates":[24.611156,56.817508]},"properties":{"kategorija":"noturibas_punkts","id":"way/603598387","adrese":"","veids":"Skola","statuss":{"siltums":"nav zināms","uzlade":"nav zināms","udens":"nav zināms","wifi":"nav zināms","generators":"nav zināms"},"last_updated":null,"name":"Ogres 1. Vidusskola","website":"https://www.ogres1v.lv/","amenity":"school"}},{"type":"Feature","geometry":{"type":"Point","coordinates":[24.593867,56.824797]},"properties":{"kategorija":"noturibas_punkts","id":"way/603606950","adrese":"","veids":"Skola","statuss":{"siltums":"nav zināms","uzlade":"nav zināms","udens":"nav zināms","wifi":"nav zināms","generators":"nav zināms"},"last_updated":null,"name":"Jaunogres pamatskola","website":"https://www.jvsk.lv/","amenity":"school"}},{"type":"Feature","geometry":{"type":"Point","coordinates":[24.081796,56.914228]},"properties":{"kategorija":"noturibas_punkts","id":"way/604006791","adrese":"Atgāzenes iela 26, Rīga","veids":"Skola","statuss":{"siltums":"nav zināms","uzlade":"nav zināms","udens":"nav zināms","wifi":"nav zināms","generators":"nav zināms"},"last_updated":null,"name":"Rīgas Igauņu pamatskola","website":"https://rivsk.lv/","amenity":"school"}},{"type":"Feature","geometry":{"type":"Point","coordinates":[26.379509,56.559343]},"properties":{"kategorija":"noturibas_punkts","id":"way/616763052","adrese":"","veids":"Skola","statuss":{"siltums":"nav zināms","uzlade":"nav zināms","udens":"nav zināms","wifi":"nav zināms","generators":"nav zināms"},"last_updated":null,"name":"Brāļu Skrindu Atašienes vidusskola","building":"school","amenity":"school"}},{"type":"Feature","geometry":{"type":"Point","coordinates":[25.703798,56.79962]},"properties":{"kategorija":"noturibas_punkts","id":"way/620617932","adrese":"Sausnēja","veids":"Skola","statuss":{"siltums":"nav zināms","uzlade":"nav zināms","udens":"nav zināms","wifi":"nav zināms","generators":"nav zināms"},"last_updated":null,"name":"Saunējas pamatskola","website":"https://izglitibascelvedis.lv/izglitibas_iestades/jana_zalisa_sausnejas_pamatskola","amenity":"school"}},{"type":"Feature","geometry":{"type":"Point","coordinates":[26.231823,56.828896]},"properties":{"kategorija":"noturibas_punkts","id":"way/626507062","adrese":"Lazdona","veids":"Skola","statuss":{"siltums":"nav zināms","uzlade":"nav zināms","udens":"nav zināms","wifi":"nav zināms","generators":"nav zināms"},"last_updated":null,"name":"Lazdonas pamatskola","amenity":"school"}},{"type":"Feature","geometry":{"type":"Point","coordinates":[24.119268,56.966003]},"properties":{"kategorija":"noturibas_punkts","id":"way/626897613","adrese":"","veids":"Skola","statuss":{"siltums":"nav zināms","uzlade":"nav zināms","udens":"nav zināms","wifi":"nav zināms","generators":"nav zināms"},"last_updated":null,"name":"Rīgas Hanzas vidusskola","amenity":"school"}},{"type":"Feature","geometry":{"type":"Point","coordinates":[21.588755,56.448252]},"properties":{"kategorija":"noturibas_punkts","id":"way/627441600","adrese":"Saules iela 1, Priekule","veids":"Pašvaldības ēka","statuss":{"siltums":"nav zināms","uzlade":"nav zināms","udens":"nav zināms","wifi":"nav zināms","generators":"nav zināms"},"last_updated":null,"name":"Priekules dome","building":"yes","amenity":"townhall"}},{"type":"Feature","geometry":{"type":"Point","coordinates":[21.587053,56.444053]},"properties":{"kategorija":"noturibas_punkts","id":"way/627441605","adrese":"Peldu iela 1, Priekule","veids":"Kultūras / tautas nams","statuss":{"siltums":"nav zināms","uzlade":"nav zināms","udens":"nav zināms","wifi":"nav zināms","generators":"nav zināms"},"last_updated":null,"name":"Kultūras nams","building":"yes","amenity":"community_centre"}},{"type":"Feature","geometry":{"type":"Point","coordinates":[24.499841,56.529855]},"properties":{"kategorija":"noturibas_punkts","id":"way/633716675","adrese":"","veids":"Pašvaldības ēka","statuss":{"siltums":"nav zināms","uzlade":"nav zināms","udens":"nav zināms","wifi":"nav zināms","generators":"nav zināms"},"last_updated":null,"name":"Stelpes pagasta nams","building":"yes","amenity":"townhall"}},{"type":"Feature","geometry":{"type":"Point","coordinates":[24.506156,56.53261]},"properties":{"kategorija":"noturibas_punkts","id":"way/633760558","adrese":"","veids":"Skola","statuss":{"siltums":"nav zināms","uzlade":"nav zināms","udens":"nav zināms","wifi":"nav zināms","generators":"nav zināms"},"last_updated":null,"name":"Stelpes pamatskola","website":"https://stelpesskola.lv","amenity":"school"}},{"type":"Feature","geometry":{"type":"Point","coordinates":[24.027055,56.929687]},"properties":{"kategorija":"noturibas_punkts","id":"way/636338855","adrese":"","veids":"Skola","statuss":{"siltums":"nav zināms","uzlade":"nav zināms","udens":"nav zināms","wifi":"nav zināms","generators":"nav zināms"},"last_updated":null,"name":"Rīgas Valdorfskola","amenity":"school"}},{"type":"Feature","geometry":{"type":"Point","coordinates":[26.263308,56.880471]},"properties":{"kategorija":"noturibas_punkts","id":"way/641639326","adrese":"Sarkaņi","veids":"Bibliotēka","statuss":{"siltums":"nav zināms","uzlade":"nav zināms","udens":"nav zināms","wifi":"nav zināms","generators":"nav zināms"},"last_updated":null,"name":"Public Library","building":"yes","amenity":"library"}},{"type":"Feature","geometry":{"type":"Point","coordinates":[24.81738,56.715951]},"properties":{"kategorija":"noturibas_punkts","id":"way/643198526","adrese":"Raiņa iela 11A, Lielvārde","veids":"Pašvaldības ēka","statuss":{"siltums":"nav zināms","uzlade":"nav zināms","udens":"nav zināms","wifi":"nav zināms","generators":"nav zināms"},"last_updated":null,"name":"Lielvārdes pilsētas un pagasta pārvalde","building":"yes","amenity":"townhall"}},{"type":"Feature","geometry":{"type":"Point","coordinates":[24.819825,56.713733]},"properties":{"kategorija":"noturibas_punkts","id":"way/643211341","adrese":"","veids":"Skola","statuss":{"siltums":"nav zināms","uzlade":"nav zināms","udens":"nav zināms","wifi":"nav zināms","generators":"nav zināms"},"last_updated":null,"name":"Edgara Kauliņa Lielvārdes vidusskola","amenity":"school"}},{"type":"Feature","geometry":{"type":"Point","coordinates":[25.59552,56.793533]},"properties":{"kategorija":"noturibas_punkts","id":"way/643406810","adrese":"","veids":"Skola","statuss":{"siltums":"nav zināms","uzlade":"nav zināms","udens":"nav zināms","wifi":"nav zināms","generators":"nav zināms"},"last_updated":null,"name":"Pērses pamatskola","amenity":"school"}},{"type":"Feature","geometry":{"type":"Point","coordinates":[26.771311,57.360157]},"properties":{"kategorija":"noturibas_punkts","id":"way/645023409","adrese":"Zeltiņi","veids":"Pašvaldības ēka","statuss":{"siltums":"nav zināms","uzlade":"nav zināms","udens":"nav zināms","wifi":"nav zināms","generators":"nav zināms"},"last_updated":null,"name":"Zeltiņu pagasta pārvalde","building":"yes","amenity":"townhall"}},{"type":"Feature","geometry":{"type":"Point","coordinates":[26.88761,57.405042]},"properties":{"kategorija":"noturibas_punkts","id":"way/645269280","adrese":"Strautiņi","veids":"Skola","statuss":{"siltums":"nav zināms","uzlade":"nav zināms","udens":"nav zināms","wifi":"nav zināms","generators":"nav zināms"},"last_updated":null,"name":"Strautiņu pamatskola (slēgta)","amenity":"school"}},{"type":"Feature","geometry":{"type":"Point","coordinates":[27.986253,56.256734]},"properties":{"kategorija":"noturibas_punkts","id":"way/645411061","adrese":"Vecslabada","veids":"Pašvaldības ēka","statuss":{"siltums":"nav zināms","uzlade":"nav zināms","udens":"nav zināms","wifi":"nav zināms","generators":"nav zināms"},"last_updated":null,"name":"Istras pagasta pārvalde","building":"government","amenity":"townhall"}},{"type":"Feature","geometry":{"type":"Point","coordinates":[24.783176,56.755299]},"properties":{"kategorija":"noturibas_punkts","id":"way/648593291","adrese":"Lielvārdes iela 3, Rembate","veids":"Pašvaldības ēka","statuss":{"siltums":"nav zināms","uzlade":"nav zināms","udens":"nav zināms","wifi":"nav zināms","generators":"nav zināms"},"last_updated":null,"name":"Rembates pagasta pārvalde","building":"yes","amenity":"townhall"}},{"type":"Feature","geometry":{"type":"Point","coordinates":[24.19875,56.980992]},"properties":{"kategorija":"noturibas_punkts","id":"way/654457365","adrese":"","veids":"Skola","statuss":{"siltums":"nav zināms","uzlade":"nav zināms","udens":"nav zināms","wifi":"nav zināms","generators":"nav zināms"},"last_updated":null,"name":"Rīgas 9. vidusskola","amenity":"school"}},{"type":"Feature","geometry":{"type":"Point","coordinates":[24.760448,56.629813]},"properties":{"kategorija":"noturibas_punkts","id":"way/658317001","adrese":"Skolas iela 1, Birzgale","veids":"Skola","statuss":{"siltums":"nav zināms","uzlade":"nav zināms","udens":"nav zināms","wifi":"nav zināms","generators":"nav zināms"},"last_updated":null,"name":"Birzgales Pamatskola","website":"http://birzgale.lv/pamatskola","amenity":"school"}},{"type":"Feature","geometry":{"type":"Point","coordinates":[26.244273,56.216762]},"properties":{"kategorija":"noturibas_punkts","id":"way/666426066","adrese":"","veids":"Bibliotēka","statuss":{"siltums":"nav zināms","uzlade":"nav zināms","udens":"nav zināms","wifi":"nav zināms","generators":"nav zināms"},"last_updated":null,"name":"Jersikas bibliotēka","building":"yes","amenity":"library"}},{"type":"Feature","geometry":{"type":"Point","coordinates":[26.297891,57.114361]},"properties":{"kategorija":"noturibas_punkts","id":"way/668262331","adrese":"Druviena","veids":"Pašvaldības ēka","statuss":{"siltums":"nav zināms","uzlade":"nav zināms","udens":"nav zināms","wifi":"nav zināms","generators":"nav zināms"},"last_updated":null,"name":"Gulbenes novada Druvienas pagasta pārvalde","building":"yes","amenity":"townhall"}},{"type":"Feature","geometry":{"type":"Point","coordinates":[26.630054,57.07644]},"properties":{"kategorija":"noturibas_punkts","id":"way/668262335","adrese":"Gulbītis","veids":"Pašvaldības ēka","statuss":{"siltums":"nav zināms","uzlade":"nav zināms","udens":"nav zināms","wifi":"nav zināms","generators":"nav zināms"},"last_updated":null,"name":"JAUNGULBENES PAGASTA PĀRVALDE","building":"yes","amenity":"townhall"}},{"type":"Feature","geometry":{"type":"Point","coordinates":[26.578595,57.28029]},"properties":{"kategorija":"noturibas_punkts","id":"way/668262338","adrese":"Rīgas iela 11A, Lejasciems","veids":"Pašvaldības ēka","statuss":{"siltums":"nav zināms","uzlade":"nav zināms","udens":"nav zināms","wifi":"nav zināms","generators":"nav zināms"},"last_updated":null,"name":"Gulbenes novada Lejasciema pagasta pārvalde","building":"yes","amenity":"townhall"}},{"type":"Feature","geometry":{"type":"Point","coordinates":[26.209578,57.191899]},"properties":{"kategorija":"noturibas_punkts","id":"way/668641178","adrese":"","veids":"Skola","statuss":{"siltums":"nav zināms","uzlade":"nav zināms","udens":"nav zināms","wifi":"nav zināms","generators":"nav zināms"},"last_updated":null,"name":"Rankas pamatskola","amenity":"school"}},{"type":"Feature","geometry":{"type":"Point","coordinates":[26.732103,57.133604]},"properties":{"kategorija":"noturibas_punkts","id":"way/668641180","adrese":"Stāķi","veids":"Skola","statuss":{"siltums":"nav zināms","uzlade":"nav zināms","udens":"nav zināms","wifi":"nav zināms","generators":"nav zināms"},"last_updated":null,"name":"Stāķu Pamatskola","website":"https://www.stakuskola.lv/","building":"school","amenity":"school"}},{"type":"Feature","geometry":{"type":"Point","coordinates":[26.394592,57.14456]},"properties":{"kategorija":"noturibas_punkts","id":"way/668641182","adrese":"Tirza","veids":"Skola","statuss":{"siltums":"nav zināms","uzlade":"nav zināms","udens":"nav zināms","wifi":"nav zināms","generators":"nav zināms"},"last_updated":null,"name":"TIRZAS PAMATSKOLA","website":"https://www.tirzasskola.lv/","amenity":"school"}},{"type":"Feature","geometry":{"type":"Point","coordinates":[25.278649,57.307367]},"properties":{"kategorija":"noturibas_punkts","id":"way/67079700","adrese":"Ģimnāzijas iela 1, Cēsis","veids":"Skola","statuss":{"siltums":"nav zināms","uzlade":"nav zināms","udens":"nav zināms","wifi":"nav zināms","generators":"nav zināms"},"last_updated":null,"name":"Cēsu Valsts Ģimnāzija","building":"school","amenity":"school"}},{"type":"Feature","geometry":{"type":"Point","coordinates":[24.206007,56.949872]},"properties":{"kategorija":"noturibas_punkts","id":"way/670944746","adrese":"Lielvārdes iela 141, Rīga","veids":"Skola","statuss":{"siltums":"nav zināms","uzlade":"nav zināms","udens":"nav zināms","wifi":"nav zināms","generators":"nav zināms"},"last_updated":null,"name":"Rīgas 84. vidusskola","amenity":"school"}},{"type":"Feature","geometry":{"type":"Point","coordinates":[25.276443,57.313494]},"properties":{"kategorija":"noturibas_punkts","id":"way/67200761","adrese":"Raunas iela 12, Cēsis","veids":"Kultūras / tautas nams","statuss":{"siltums":"nav zināms","uzlade":"nav zināms","udens":"nav zināms","wifi":"nav zināms","generators":"nav zināms"},"last_updated":null,"name":"Vidzemes koncertzāle \"Cēsis\"","website":"https://www.cesukoncertzale.lv/","building":"yes","amenity":"community_centre"}},{"type":"Feature","geometry":{"type":"Point","coordinates":[25.265682,57.311778]},"properties":{"kategorija":"noturibas_punkts","id":"way/67203478","adrese":"Palasta iela 11, Cēsis","veids":"Skola","statuss":{"siltums":"nav zināms","uzlade":"nav zināms","udens":"nav zināms","wifi":"nav zināms","generators":"nav zināms"},"last_updated":null,"name":"Cēsu mākslas skola","building":"school","amenity":"school"}},{"type":"Feature","geometry":{"type":"Point","coordinates":[22.125002,56.443809]},"properties":{"kategorija":"noturibas_punkts","id":"way/672522134","adrese":"Kalnu iela 2, Kalni","veids":"Kultūras / tautas nams","statuss":{"siltums":"nav zināms","uzlade":"nav zināms","udens":"nav zināms","wifi":"nav zināms","generators":"nav zināms"},"last_updated":null,"name":"Kalnu kultūras nams","building":"yes","amenity":"community_centre"}},{"type":"Feature","geometry":{"type":"Point","coordinates":[27.690822,56.781789]},"properties":{"kategorija":"noturibas_punkts","id":"way/672689423","adrese":"","veids":"Skola","statuss":{"siltums":"nav zināms","uzlade":"nav zināms","udens":"nav zināms","wifi":"nav zināms","generators":"nav zināms"},"last_updated":null,"name":"Kārsavas vidusskola","amenity":"school"}},{"type":"Feature","geometry":{"type":"Point","coordinates":[25.426688,57.538975]},"properties":{"kategorija":"noturibas_punkts","id":"way/67306231","adrese":"Lāčplēša iela 2, Valmiera","veids":"Pašvaldības ēka","statuss":{"siltums":"nav zināms","uzlade":"nav zināms","udens":"nav zināms","wifi":"nav zināms","generators":"nav zināms"},"last_updated":null,"name":"Valmieras novada pašvaldība","opening_hours":"Mo 08:00-18:00; Tu-Th 08:00-17:00; Fr 08:00-16:00","wheelchair":"limited","building":"yes","amenity":"townhall"}},{"type":"Feature","geometry":{"type":"Point","coordinates":[25.254851,57.309693]},"properties":{"kategorija":"noturibas_punkts","id":"way/67809445","adrese":"Ziemeļu iela 16, Cēsis","veids":"Skola","statuss":{"siltums":"nav zināms","uzlade":"nav zināms","udens":"nav zināms","wifi":"nav zināms","generators":"nav zināms"},"last_updated":null,"name":"Cēsu Jaunā sākumskola","building":"school","amenity":"school"}},{"type":"Feature","geometry":{"type":"Point","coordinates":[24.112794,56.952918]},"properties":{"kategorija":"noturibas_punkts","id":"way/679610236","adrese":"Raiņa bulvāris 8, Rīga","veids":"Skola","statuss":{"siltums":"nav zināms","uzlade":"nav zināms","udens":"nav zināms","wifi":"nav zināms","generators":"nav zināms"},"last_updated":null,"name":"Rīgas Valsts 1. ģimnāzija","website":"https://www.r1g.edu.lv/","amenity":"school"}},{"type":"Feature","geometry":{"type":"Point","coordinates":[21.5919,57.403703]},"properties":{"kategorija":"noturibas_punkts","id":"way/680748643","adrese":"Tārgales iela 4, Ventspils","veids":"Bibliotēka","statuss":{"siltums":"nav zināms","uzlade":"nav zināms","udens":"nav zināms","wifi":"nav zināms","generators":"nav zināms"},"last_updated":null,"name":"Pārventas bibliotēka","opening_hours":"Mo-Fr 11:00-19:00; Sa 09:00-15:00; Su off","building":"yes","amenity":"library"}},{"type":"Feature","geometry":{"type":"Point","coordinates":[23.72175,56.64369]},"properties":{"kategorija":"noturibas_punkts","id":"way/687961017","adrese":"","veids":"Skola","statuss":{"siltums":"nav zināms","uzlade":"nav zināms","udens":"nav zināms","wifi":"nav zināms","generators":"nav zināms"},"last_updated":null,"name":"Jelgavas Valsts ģimnāzija","amenity":"school"}},{"type":"Feature","geometry":{"type":"Point","coordinates":[24.106104,56.954436]},"properties":{"kategorija":"noturibas_punkts","id":"way/689369634","adrese":"Krišjāņa Valdemāra iela 1, Rīga","veids":"Skola","statuss":{"siltums":"nav zināms","uzlade":"nav zināms","udens":"nav zināms","wifi":"nav zināms","generators":"nav zināms"},"last_updated":null,"name":"Rīgas Valsts 2. ģimnāzija","website":"https://www.rv2g.edu.lv/","wheelchair":"yes","amenity":"school"}},{"type":"Feature","geometry":{"type":"Point","coordinates":[24.071416,56.942299]},"properties":{"kategorija":"noturibas_punkts","id":"way/689492818","adrese":"Ernestīnes iela 8A, Rīga","veids":"Skola","statuss":{"siltums":"nav zināms","uzlade":"nav zināms","udens":"nav zināms","wifi":"nav zināms","generators":"nav zināms"},"last_updated":null,"name":"Dabaszinību skola","amenity":"school"}},{"type":"Feature","geometry":{"type":"Point","coordinates":[26.705282,57.540882]},"properties":{"kategorija":"noturibas_punkts","id":"way/689519750","adrese":"Pasta iela 26, Ape","veids":"Skola","statuss":{"siltums":"nav zināms","uzlade":"nav zināms","udens":"nav zināms","wifi":"nav zināms","generators":"nav zināms"},"last_updated":null,"name":"Apes vidusskola","amenity":"school"}},{"type":"Feature","geometry":{"type":"Point","coordinates":[23.93152,56.379775]},"properties":{"kategorija":"noturibas_punkts","id":"way/691603717","adrese":"Pagasta iela 3, Svitene","veids":"Skola","statuss":{"siltums":"nav zināms","uzlade":"nav zināms","udens":"nav zināms","wifi":"nav zināms","generators":"nav zināms"},"last_updated":null,"name":"Svitenes skola","amenity":"school"}},{"type":"Feature","geometry":{"type":"Point","coordinates":[25.286533,57.432293]},"properties":{"kategorija":"noturibas_punkts","id":"way/692609699","adrese":"Skolas iela 5, Vaidava","veids":"Skola","statuss":{"siltums":"nav zināms","uzlade":"nav zināms","udens":"nav zināms","wifi":"nav zināms","generators":"nav zināms"},"last_updated":null,"name":"Ziemeļvidzemes pamatskola","amenity":"school"}},{"type":"Feature","geometry":{"type":"Point","coordinates":[24.015519,56.41967]},"properties":{"kategorija":"noturibas_punkts","id":"way/694644253","adrese":"","veids":"Skola","statuss":{"siltums":"nav zināms","uzlade":"nav zināms","udens":"nav zināms","wifi":"nav zināms","generators":"nav zināms"},"last_updated":null,"name":"Pilsrundāles vidusskola","website":"http://vidusskola.rundale.lv","amenity":"school"}},{"type":"Feature","geometry":{"type":"Point","coordinates":[25.280129,57.313186]},"properties":{"kategorija":"noturibas_punkts","id":"way/69974846","adrese":"Raunas iela 1, Cēsis","veids":"Bibliotēka","statuss":{"siltums":"nav zināms","uzlade":"nav zināms","udens":"nav zināms","wifi":"nav zināms","generators":"nav zināms"},"last_updated":null,"name":"Cēsu Centrālā bibliotēka","opening_hours":"Mo-Fr 10:00-18:00; Sa 10:00-15:00","building":"yes","amenity":"library"}},{"type":"Feature","geometry":{"type":"Point","coordinates":[22.959273,57.378248]},"properties":{"kategorija":"noturibas_punkts","id":"way/700161263","adrese":"","veids":"Bibliotēka","statuss":{"siltums":"nav zināms","uzlade":"nav zināms","udens":"nav zināms","wifi":"nav zināms","generators":"nav zināms"},"last_updated":null,"name":"Uguņciema bibliotēka","building":"yes","amenity":"library"}},{"type":"Feature","geometry":{"type":"Point","coordinates":[26.511429,55.871062]},"properties":{"kategorija":"noturibas_punkts","id":"way/706224276","adrese":"Parādes iela 7, Daugavpils","veids":"Skola","statuss":{"siltums":"nav zināms","uzlade":"nav zināms","udens":"nav zināms","wifi":"nav zināms","generators":"nav zināms"},"last_updated":null,"name":"Daugavpils Saskaņas pamatskola","amenity":"school"}},{"type":"Feature","geometry":{"type":"Point","coordinates":[21.078309,56.748866]},"properties":{"kategorija":"noturibas_punkts","id":"way/708680634","adrese":"Ziemupe","veids":"Bibliotēka","statuss":{"siltums":"nav zināms","uzlade":"nav zināms","udens":"nav zināms","wifi":"nav zināms","generators":"nav zināms"},"last_updated":null,"name":"Ziemupes bibliotēka","building":"yes","amenity":"library"}},{"type":"Feature","geometry":{"type":"Point","coordinates":[24.416586,57.263857]},"properties":{"kategorija":"noturibas_punkts","id":"way/71377518","adrese":"Raiņa iela 8, Saulkrasti","veids":"Pašvaldības ēka","statuss":{"siltums":"nav zināms","uzlade":"nav zināms","udens":"nav zināms","wifi":"nav zināms","generators":"nav zināms"},"last_updated":null,"name":"Saulkrastu dome","building":"yes","amenity":"townhall"}},{"type":"Feature","geometry":{"type":"Point","coordinates":[24.326542,57.07899]},"properties":{"kategorija":"noturibas_punkts","id":"way/719412666","adrese":"Attekas iela 16, Ādaži","veids":"Skola","statuss":{"siltums":"nav zināms","uzlade":"nav zināms","udens":"nav zināms","wifi":"nav zināms","generators":"nav zināms"},"last_updated":null,"name":"Ādažu sākumskola","amenity":"school"}},{"type":"Feature","geometry":{"type":"Point","coordinates":[24.338878,57.078917]},"properties":{"kategorija":"noturibas_punkts","id":"way/719414061","adrese":"Gaujas iela 30, Ādaži","veids":"Skola","statuss":{"siltums":"nav zināms","uzlade":"nav zināms","udens":"nav zināms","wifi":"nav zināms","generators":"nav zināms"},"last_updated":null,"name":"Ādažu vidusskola","amenity":"school"}},{"type":"Feature","geometry":{"type":"Point","coordinates":[25.736112,56.16325]},"properties":{"kategorija":"noturibas_punkts","id":"way/721836053","adrese":"Skolas iela 19, Aknīste","veids":"Skola","statuss":{"siltums":"nav zināms","uzlade":"nav zināms","udens":"nav zināms","wifi":"nav zināms","generators":"nav zināms"},"last_updated":null,"name":"Aknīstes vidusskola","opening_hours":"Mo-Fr 07:30-17:00","amenity":"school"}},{"type":"Feature","geometry":{"type":"Point","coordinates":[24.058928,56.939062]},"properties":{"kategorija":"noturibas_punkts","id":"way/723582845","adrese":"Margrietas iela 4, Rīga","veids":"Skola","statuss":{"siltums":"nav zināms","uzlade":"nav zināms","udens":"nav zināms","wifi":"nav zināms","generators":"nav zināms"},"last_updated":null,"name":"Rīgas 14. vidusskola","amenity":"school"}},{"type":"Feature","geometry":{"type":"Point","coordinates":[26.752689,56.609762]},"properties":{"kategorija":"noturibas_punkts","id":"way/723865341","adrese":"Rīgas iela 13, Varakļāni","veids":"Pašvaldības ēka","statuss":{"siltums":"nav zināms","uzlade":"nav zināms","udens":"nav zināms","wifi":"nav zināms","generators":"nav zināms"},"last_updated":null,"name":"Varakļānu pašvaldība","building":"yes","amenity":"townhall"}},{"type":"Feature","geometry":{"type":"Point","coordinates":[27.397659,56.188619]},"properties":{"kategorija":"noturibas_punkts","id":"way/743320629","adrese":"Skolas iela 6, Andrupene","veids":"Skola","statuss":{"siltums":"nav zināms","uzlade":"nav zināms","udens":"nav zināms","wifi":"nav zināms","generators":"nav zināms"},"last_updated":null,"name":"Andrupenes Skola","amenity":"school"}},{"type":"Feature","geometry":{"type":"Point","coordinates":[21.970466,56.967367]},"properties":{"kategorija":"noturibas_punkts","id":"way/75463614","adrese":"Baznīcas iela 1, Kuldīga","veids":"Pašvaldības ēka","statuss":{"siltums":"nav zināms","uzlade":"nav zināms","udens":"nav zināms","wifi":"nav zināms","generators":"nav zināms"},"last_updated":null,"name":"Rātsnams","opening_hours":"Mo-Sa 08:00-17:00","building":"yes","amenity":"townhall"}},{"type":"Feature","geometry":{"type":"Point","coordinates":[24.635865,56.974835]},"properties":{"kategorija":"noturibas_punkts","id":"way/769056229","adrese":"Rīgas iela 5, Ropaži","veids":"Skola","statuss":{"siltums":"nav zināms","uzlade":"nav zināms","udens":"nav zināms","wifi":"nav zināms","generators":"nav zināms"},"last_updated":null,"name":"Ropažu novada vidusskola","building":"school","amenity":"school"}},{"type":"Feature","geometry":{"type":"Point","coordinates":[24.696757,57.182158]},"properties":{"kategorija":"noturibas_punkts","id":"way/771611112","adrese":"","veids":"Skola","statuss":{"siltums":"nav zināms","uzlade":"nav zināms","udens":"nav zināms","wifi":"nav zināms","generators":"nav zināms"},"last_updated":null,"name":"Krimuldas vidusskola","amenity":"school"}},{"type":"Feature","geometry":{"type":"Point","coordinates":[24.003093,56.952615]},"properties":{"kategorija":"noturibas_punkts","id":"way/772696719","adrese":"","veids":"Skola","statuss":{"siltums":"nav zināms","uzlade":"nav zināms","udens":"nav zināms","wifi":"nav zināms","generators":"nav zināms"},"last_updated":null,"name":"Rīgas Mākslas un mediju tehnikums","amenity":"school"}},{"type":"Feature","geometry":{"type":"Point","coordinates":[23.147671,56.968353]},"properties":{"kategorija":"noturibas_punkts","id":"way/772990646","adrese":"","veids":"Skola","statuss":{"siltums":"nav zināms","uzlade":"nav zināms","udens":"nav zināms","wifi":"nav zināms","generators":"nav zināms"},"last_updated":null,"name":"Tukuma Raiņa Valsts ģimnāzija","website":"https://tukumagimn.lv/","amenity":"school"}},{"type":"Feature","geometry":{"type":"Point","coordinates":[23.14834,56.9649]},"properties":{"kategorija":"noturibas_punkts","id":"way/772990649","adrese":"","veids":"Skola","statuss":{"siltums":"nav zināms","uzlade":"nav zināms","udens":"nav zināms","wifi":"nav zināms","generators":"nav zināms"},"last_updated":null,"name":"Tukuma 3. vidusskola","amenity":"school"}},{"type":"Feature","geometry":{"type":"Point","coordinates":[23.48949,56.689774]},"properties":{"kategorija":"noturibas_punkts","id":"way/773587726","adrese":"Skolas iela 10, Līvbērze","veids":"Skola","statuss":{"siltums":"nav zināms","uzlade":"nav zināms","udens":"nav zināms","wifi":"nav zināms","generators":"nav zināms"},"last_updated":null,"name":"Līvbērzes skola","amenity":"school"}},{"type":"Feature","geometry":{"type":"Point","coordinates":[21.852334,57.397085]},"properties":{"kategorija":"noturibas_punkts","id":"way/781068689","adrese":"Pope","veids":"Kultūras / tautas nams","statuss":{"siltums":"nav zināms","uzlade":"nav zināms","udens":"nav zināms","wifi":"nav zināms","generators":"nav zināms"},"last_updated":null,"name":"Kultūras Centrs","opening_hours":"Varies","wheelchair":"yes","building":"yes","amenity":"community_centre"}},{"type":"Feature","geometry":{"type":"Point","coordinates":[22.490787,57.345876]},"properties":{"kategorija":"noturibas_punkts","id":"way/783052897","adrese":"Pūņas","veids":"Skola","statuss":{"siltums":"nav zināms","uzlade":"nav zināms","udens":"nav zināms","wifi":"nav zināms","generators":"nav zināms"},"last_updated":null,"name":"Pūņu pamatskola","amenity":"school"}},{"type":"Feature","geometry":{"type":"Point","coordinates":[22.348271,57.507381]},"properties":{"kategorija":"noturibas_punkts","id":"way/785104683","adrese":"Talsu iela 18, Dundaga","veids":"Skola","statuss":{"siltums":"nav zināms","uzlade":"nav zināms","udens":"nav zināms","wifi":"nav zināms","generators":"nav zināms"},"last_updated":null,"name":"Dundagas vidusskola","website":"https://www.skola.dundaga.lv","amenity":"school"}},{"type":"Feature","geometry":{"type":"Point","coordinates":[22.772738,57.038725]},"properties":{"kategorija":"noturibas_punkts","id":"way/79066398","adrese":"","veids":"Skola","statuss":{"siltums":"nav zināms","uzlade":"nav zināms","udens":"nav zināms","wifi":"nav zināms","generators":"nav zināms"},"last_updated":null,"name":"Kandavas internātvidusskola","amenity":"school"}},{"type":"Feature","geometry":{"type":"Point","coordinates":[23.934176,56.781938]},"properties":{"kategorija":"noturibas_punkts","id":"way/795637539","adrese":"","veids":"Skola","statuss":{"siltums":"nav zināms","uzlade":"nav zināms","udens":"nav zināms","wifi":"nav zināms","generators":"nav zināms"},"last_updated":null,"name":"Olaines 2. vidusskola","amenity":"school"}},{"type":"Feature","geometry":{"type":"Point","coordinates":[26.575627,57.279166]},"properties":{"kategorija":"noturibas_punkts","id":"way/801407345","adrese":"Rīgas iela 18, Lejasciems","veids":"Bibliotēka","statuss":{"siltums":"nav zināms","uzlade":"nav zināms","udens":"nav zināms","wifi":"nav zināms","generators":"nav zināms"},"last_updated":null,"name":"Lejasciema pagasta bibliotēka","opening_hours":"Mo 09:00-12:00, 12:30-17; Tu-Fr 09:00-17:00","website":"http://www.lejasciems.lv/","building":"yes","amenity":"library"}},{"type":"Feature","geometry":{"type":"Point","coordinates":[26.516583,55.875129]},"properties":{"kategorija":"noturibas_punkts","id":"way/803111068","adrese":"Kandavas iela 17, Daugavpils","veids":"Skola","statuss":{"siltums":"nav zināms","uzlade":"nav zināms","udens":"nav zināms","wifi":"nav zināms","generators":"nav zināms"},"last_updated":null,"name":"Daugavpils Centra vidusskola","website":"https://www.dcv.lv/","amenity":"school"}},{"type":"Feature","geometry":{"type":"Point","coordinates":[24.250878,56.983797]},"properties":{"kategorija":"noturibas_punkts","id":"way/805646472","adrese":"","veids":"Skola","statuss":{"siltums":"nav zināms","uzlade":"nav zināms","udens":"nav zināms","wifi":"nav zināms","generators":"nav zināms"},"last_updated":null,"name":"Strazdumuižas vidusskola","amenity":"school"}},{"type":"Feature","geometry":{"type":"Point","coordinates":[24.95714,57.005352]},"properties":{"kategorija":"noturibas_punkts","id":"way/807996674","adrese":"Sporta iela 1, Mālpils","veids":"Skola","statuss":{"siltums":"nav zināms","uzlade":"nav zināms","udens":"nav zināms","wifi":"nav zināms","generators":"nav zināms"},"last_updated":null,"name":"Mālpils vidusskola","website":"https://www.malpilsvsk.lv/","amenity":"school"}},{"type":"Feature","geometry":{"type":"Point","coordinates":[26.097036,56.764566]},"properties":{"kategorija":"noturibas_punkts","id":"way/808787297","adrese":"Meža iela 20, Mārciena","veids":"Kultūras / tautas nams","statuss":{"siltums":"nav zināms","uzlade":"nav zināms","udens":"nav zināms","wifi":"nav zināms","generators":"nav zināms"},"last_updated":null,"name":"Mārcienas kultūras nams","building":"yes","amenity":"community_centre"}},{"type":"Feature","geometry":{"type":"Point","coordinates":[24.758727,57.318925]},"properties":{"kategorija":"noturibas_punkts","id":"way/813857918","adrese":"Lēdurga","veids":"Skola","statuss":{"siltums":"nav zināms","uzlade":"nav zināms","udens":"nav zināms","wifi":"nav zināms","generators":"nav zināms"},"last_updated":null,"name":"Lēdurgas Garlība Merķeļa pamatskola","website":"https://ledurgasskola.lv/","amenity":"school"}},{"type":"Feature","geometry":{"type":"Point","coordinates":[24.124019,57.005916]},"properties":{"kategorija":"noturibas_punkts","id":"way/815709116","adrese":"","veids":"Skola","statuss":{"siltums":"nav zināms","uzlade":"nav zināms","udens":"nav zināms","wifi":"nav zināms","generators":"nav zināms"},"last_updated":null,"name":"Rīgas Sarkandaugavas pamatskola","amenity":"school"}},{"type":"Feature","geometry":{"type":"Point","coordinates":[24.149121,56.880712]},"properties":{"kategorija":"noturibas_punkts","id":"way/81612841","adrese":"Uzvaras prospekts 1A, Baloži","veids":"Pašvaldības ēka","statuss":{"siltums":"nav zināms","uzlade":"nav zināms","udens":"nav zināms","wifi":"nav zināms","generators":"nav zināms"},"last_updated":null,"name":"Baložu pilsētas pārvalde","building":"yes","amenity":"townhall"}},{"type":"Feature","geometry":{"type":"Point","coordinates":[24.714845,57.509154]},"properties":{"kategorija":"noturibas_punkts","id":"way/818048653","adrese":"Rīgas iela 19, Limbaži","veids":"Kultūras / tautas nams","statuss":{"siltums":"nav zināms","uzlade":"nav zināms","udens":"nav zināms","wifi":"nav zināms","generators":"nav zināms"},"last_updated":null,"name":"Limbažu bērnu un jauniešu centrs","building":"yes","amenity":"community_centre"}},{"type":"Feature","geometry":{"type":"Point","coordinates":[22.630062,56.381275]},"properties":{"kategorija":"noturibas_punkts","id":"way/819054084","adrese":"Ruba","veids":"Pašvaldības ēka","statuss":{"siltums":"nav zināms","uzlade":"nav zināms","udens":"nav zināms","wifi":"nav zināms","generators":"nav zināms"},"last_updated":null,"name":"Rubas Tautas Nams","building":"yes","amenity":"townhall"}},{"type":"Feature","geometry":{"type":"Point","coordinates":[25.422761,57.54629]},"properties":{"kategorija":"noturibas_punkts","id":"way/827459624","adrese":"Raiņa iela 11, Valmiera","veids":"Skola","statuss":{"siltums":"nav zināms","uzlade":"nav zināms","udens":"nav zināms","wifi":"nav zināms","generators":"nav zināms"},"last_updated":null,"name":"Valmieras 2. vidusskola","wheelchair":"no","amenity":"school"}},{"type":"Feature","geometry":{"type":"Point","coordinates":[24.848113,57.232015]},"properties":{"kategorija":"noturibas_punkts","id":"way/82841871","adrese":"","veids":"Skola","statuss":{"siltums":"nav zināms","uzlade":"nav zināms","udens":"nav zināms","wifi":"nav zināms","generators":"nav zināms"},"last_updated":null,"name":"Turaidas pamatskola","building":"school","amenity":"school"}},{"type":"Feature","geometry":{"type":"Point","coordinates":[22.586689,57.246092]},"properties":{"kategorija":"noturibas_punkts","id":"way/841584633","adrese":"","veids":"Skola","statuss":{"siltums":"nav zināms","uzlade":"nav zināms","udens":"nav zināms","wifi":"nav zināms","generators":"nav zināms"},"last_updated":null,"name":"Talsu Kristīgā vidusskola","website":"https://tks.lv/","amenity":"school"}},{"type":"Feature","geometry":{"type":"Point","coordinates":[25.642542,56.899119]},"properties":{"kategorija":"noturibas_punkts","id":"way/846567791","adrese":"Rīgas iela 10, Ērgļi","veids":"Pašvaldības ēka","statuss":{"siltums":"nav zināms","uzlade":"nav zināms","udens":"nav zināms","wifi":"nav zināms","generators":"nav zināms"},"last_updated":null,"name":"Ērgļu novada pārvalde","building":"yes","amenity":"townhall"}},{"type":"Feature","geometry":{"type":"Point","coordinates":[22.583568,57.742375]},"properties":{"kategorija":"noturibas_punkts","id":"way/84905193","adrese":"Kolka","veids":"Pašvaldības ēka","statuss":{"siltums":"nav zināms","uzlade":"nav zināms","udens":"nav zināms","wifi":"nav zināms","generators":"nav zināms"},"last_updated":null,"name":"Kolkas pagasta pārvalde","building":"yes","amenity":"townhall"}},{"type":"Feature","geometry":{"type":"Point","coordinates":[22.593298,57.745019]},"properties":{"kategorija":"noturibas_punkts","id":"way/84905328","adrese":"Kolka","veids":"Kultūras / tautas nams","statuss":{"siltums":"nav zināms","uzlade":"nav zināms","udens":"nav zināms","wifi":"nav zināms","generators":"nav zināms"},"last_updated":null,"name":"Kolkas tautas nams","wheelchair":"yes","building":"yes","amenity":"community_centre"}},{"type":"Feature","geometry":{"type":"Point","coordinates":[22.586199,57.740426]},"properties":{"kategorija":"noturibas_punkts","id":"way/855582301","adrese":"Kolka","veids":"Skola","statuss":{"siltums":"nav zināms","uzlade":"nav zināms","udens":"nav zināms","wifi":"nav zināms","generators":"nav zināms"},"last_updated":null,"name":"Kolkas pamatskola","amenity":"school"}},{"type":"Feature","geometry":{"type":"Point","coordinates":[26.71931,56.149476]},"properties":{"kategorija":"noturibas_punkts","id":"way/868293803","adrese":"Skolas iela 4, Pelēči","veids":"Skola","statuss":{"siltums":"nav zināms","uzlade":"nav zināms","udens":"nav zināms","wifi":"nav zināms","generators":"nav zināms"},"last_updated":null,"name":"Pelēču pamtskola","amenity":"school"}},{"type":"Feature","geometry":{"type":"Point","coordinates":[24.106763,56.955461]},"properties":{"kategorija":"noturibas_punkts","id":"way/87494012","adrese":"Krišjāņa Valdemāra iela 5, Rīga","veids":"Kultūras / tautas nams","statuss":{"siltums":"nav zināms","uzlade":"nav zināms","udens":"nav zināms","wifi":"nav zināms","generators":"nav zināms"},"last_updated":null,"name":"Rīgas Kongresu nams","website":"https://kongresunams.lv/","building":"public","amenity":"community_centre"}},{"type":"Feature","geometry":{"type":"Point","coordinates":[24.117294,56.950219]},"properties":{"kategorija":"noturibas_punkts","id":"way/87665311","adrese":"Merķeļa iela 13, Rīga","veids":"Kultūras / tautas nams","statuss":{"siltums":"nav zināms","uzlade":"nav zināms","udens":"nav zināms","wifi":"nav zināms","generators":"nav zināms"},"last_updated":null,"name":"Rīgas Latviešu biedrības nams","website":"https://www.rlb.lv/","wheelchair":"limited","building":"public","amenity":"community_centre"}},{"type":"Feature","geometry":{"type":"Point","coordinates":[24.149977,56.953955]},"properties":{"kategorija":"noturibas_punkts","id":"way/87980464","adrese":"Augusta Deglava iela 1A, Rīga","veids":"Kultūras / tautas nams","statuss":{"siltums":"nav zināms","uzlade":"nav zināms","udens":"nav zināms","wifi":"nav zināms","generators":"nav zināms"},"last_updated":null,"name":"Rīgas 1. Kristīgās pamatskolas brīvā laika centrs „Jota”","building":"yes","amenity":"community_centre"}},{"type":"Feature","geometry":{"type":"Point","coordinates":[21.007362,56.504419]},"properties":{"kategorija":"noturibas_punkts","id":"way/88687728","adrese":"Rožu iela 6, Liepāja","veids":"Pašvaldības ēka","statuss":{"siltums":"nav zināms","uzlade":"nav zināms","udens":"nav zināms","wifi":"nav zināms","generators":"nav zināms"},"last_updated":null,"name":"Liepājas valstspilsētas dome","website":"https://www.liepaja.lv/","building":"yes","amenity":"townhall"}},{"type":"Feature","geometry":{"type":"Point","coordinates":[21.166275,56.159882]},"properties":{"kategorija":"noturibas_punkts","id":"way/889569157","adrese":"Rucava","veids":"Pašvaldības ēka","statuss":{"siltums":"nav zināms","uzlade":"nav zināms","udens":"nav zināms","wifi":"nav zināms","generators":"nav zināms"},"last_updated":null,"name":"Rucavas novada dome","building":"yes","amenity":"townhall"}},{"type":"Feature","geometry":{"type":"Point","coordinates":[26.512387,55.867789]},"properties":{"kategorija":"noturibas_punkts","id":"way/893707849","adrese":"","veids":"Skola","statuss":{"siltums":"nav zināms","uzlade":"nav zināms","udens":"nav zināms","wifi":"nav zināms","generators":"nav zināms"},"last_updated":null,"name":"Saules skola","website":"https://www.saules.lv","amenity":"school"}},{"type":"Feature","geometry":{"type":"Point","coordinates":[25.986275,56.139637]},"properties":{"kategorija":"noturibas_punkts","id":"way/893891584","adrese":"Rubeņi","veids":"Kultūras / tautas nams","statuss":{"siltums":"nav zināms","uzlade":"nav zināms","udens":"nav zināms","wifi":"nav zināms","generators":"nav zināms"},"last_updated":null,"name":"Rubenes kultūras nams","building":"civic","amenity":"community_centre"}},{"type":"Feature","geometry":{"type":"Point","coordinates":[24.125769,56.396028]},"properties":{"kategorija":"noturibas_punkts","id":"way/89477402","adrese":"Saulaines iela 1, Saulaine","veids":"Skola","statuss":{"siltums":"nav zināms","uzlade":"nav zināms","udens":"nav zināms","wifi":"nav zināms","generators":"nav zināms"},"last_updated":null,"name":"Saulaines Profesionālā vidusskola","building":"school","amenity":"school"}},{"type":"Feature","geometry":{"type":"Point","coordinates":[26.113706,56.176288]},"properties":{"kategorija":"noturibas_punkts","id":"way/899086351","adrese":"","veids":"Kultūras / tautas nams","statuss":{"siltums":"nav zināms","uzlade":"nav zināms","udens":"nav zināms","wifi":"nav zināms","generators":"nav zināms"},"last_updated":null,"name":"Tadaines klubs","building":"yes","amenity":"community_centre"}},{"type":"Feature","geometry":{"type":"Point","coordinates":[25.978774,56.293158]},"properties":{"kategorija":"noturibas_punkts","id":"way/899101888","adrese":"Zasa","veids":"Skola","statuss":{"siltums":"nav zināms","uzlade":"nav zināms","udens":"nav zināms","wifi":"nav zināms","generators":"nav zināms"},"last_updated":null,"name":"Zasas vidusskola","website":"https://zasasvidusskola.wixsite.com/","building":"school","amenity":"school"}},{"type":"Feature","geometry":{"type":"Point","coordinates":[24.273782,57.00029]},"properties":{"kategorija":"noturibas_punkts","id":"way/90037014","adrese":"Brīvības gatve 455, Rīga","veids":"Pašvaldības ēka","statuss":{"siltums":"nav zināms","uzlade":"nav zināms","udens":"nav zināms","wifi":"nav zināms","generators":"nav zināms"},"last_updated":null,"name":"Garkalnes pagasta dome","building":"yes","amenity":"townhall"}},{"type":"Feature","geometry":{"type":"Point","coordinates":[25.206809,57.555835]},"properties":{"kategorija":"noturibas_punkts","id":"way/90129294","adrese":"Imanta iela 9, Zilaiskalns","veids":"Pašvaldības ēka","statuss":{"siltums":"nav zināms","uzlade":"nav zināms","udens":"nav zināms","wifi":"nav zināms","generators":"nav zināms"},"last_updated":null,"name":"Zilākalna pagasta pārvalde","building":"yes","amenity":"townhall"}},{"type":"Feature","geometry":{"type":"Point","coordinates":[24.189982,56.975574]},"properties":{"kategorija":"noturibas_punkts","id":"way/90287051","adrese":"Lielvārdes iela 24, Rīga","veids":"Bibliotēka","statuss":{"siltums":"nav zināms","uzlade":"nav zināms","udens":"nav zināms","wifi":"nav zināms","generators":"nav zināms"},"last_updated":null,"name":"Latvijas universitātes bibliotēkas krātuves","opening_hours":"Mo-Fr 08:30-17:00","building":"public","amenity":"library"}},{"type":"Feature","geometry":{"type":"Point","coordinates":[23.685015,56.409934]},"properties":{"kategorija":"noturibas_punkts","id":"way/90442011","adrese":"Dārza iela 5, Eleja","veids":"Pašvaldības ēka","statuss":{"siltums":"nav zināms","uzlade":"nav zināms","udens":"nav zināms","wifi":"nav zināms","generators":"nav zināms"},"last_updated":null,"name":"Elejas Pagasta Padome","building":"yes","amenity":"townhall"}},{"type":"Feature","geometry":{"type":"Point","coordinates":[27.414886,56.383173]},"properties":{"kategorija":"noturibas_punkts","id":"way/904684608","adrese":"Miera iela 5, Čornaja","veids":"Pašvaldības ēka","statuss":{"siltums":"nav zināms","uzlade":"nav zināms","udens":"nav zināms","wifi":"nav zināms","generators":"nav zināms"},"last_updated":null,"name":"Čornajas pagasta pārvalde","building":"yes","amenity":"townhall"}},{"type":"Feature","geometry":{"type":"Point","coordinates":[23.611245,56.801272]},"properties":{"kategorija":"noturibas_punkts","id":"way/909969482","adrese":"Lielupes iela 21, Kalnciems","veids":"Skola","statuss":{"siltums":"nav zināms","uzlade":"nav zināms","udens":"nav zināms","wifi":"nav zināms","generators":"nav zināms"},"last_updated":null,"name":"Kalnciema pagasta pamatskola","amenity":"school"}},{"type":"Feature","geometry":{"type":"Point","coordinates":[24.103433,56.959933]},"properties":{"kategorija":"noturibas_punkts","id":"way/91436732","adrese":"Rūpniecības iela 10, Rīga","veids":"Bibliotēka","statuss":{"siltums":"nav zināms","uzlade":"nav zināms","udens":"nav zināms","wifi":"nav zināms","generators":"nav zināms"},"last_updated":null,"name":"Latvijas Universitātes Akadēmiskā bibliotēka","building":"yes","amenity":"library"}},{"type":"Feature","geometry":{"type":"Point","coordinates":[24.203077,56.598644]},"properties":{"kategorija":"noturibas_punkts","id":"way/915586090","adrese":"Skolas iela 19, Iecava","veids":"Skola","statuss":{"siltums":"nav zināms","uzlade":"nav zināms","udens":"nav zināms","wifi":"nav zināms","generators":"nav zināms"},"last_updated":null,"name":"Iecavas pamatskola","website":"https://iecavapamatskola.lv/","amenity":"school"}},{"type":"Feature","geometry":{"type":"Point","coordinates":[25.335984,57.522533]},"properties":{"kategorija":"noturibas_punkts","id":"way/91661512","adrese":"Alejas iela 3, Kocēni","veids":"Kultūras / tautas nams","statuss":{"siltums":"nav zināms","uzlade":"nav zināms","udens":"nav zināms","wifi":"nav zināms","generators":"nav zināms"},"last_updated":null,"name":"Kocēnu kultūras nams","building":"yes","amenity":"community_centre"}},{"type":"Feature","geometry":{"type":"Point","coordinates":[26.093528,56.465654]},"properties":{"kategorija":"noturibas_punkts","id":"way/919688287","adrese":"Vīpe","veids":"Pašvaldības ēka","statuss":{"siltums":"nav zināms","uzlade":"nav zināms","udens":"nav zināms","wifi":"nav zināms","generators":"nav zināms"},"last_updated":null,"name":"Vīpes pagasta pārvalde","building":"yes","amenity":"townhall"}},{"type":"Feature","geometry":{"type":"Point","coordinates":[25.409175,57.53715]},"properties":{"kategorija":"noturibas_punkts","id":"way/91971872","adrese":"Rīgas iela 42, Valmiera","veids":"Kultūras / tautas nams","statuss":{"siltums":"nav zināms","uzlade":"nav zināms","udens":"nav zināms","wifi":"nav zināms","generators":"nav zināms"},"last_updated":null,"name":"Jauniešu centrs \"Vinda\"","wheelchair":"limited","building":"yes","amenity":"community_centre"}},{"type":"Feature","geometry":{"type":"Point","coordinates":[24.016923,56.959501]},"properties":{"kategorija":"noturibas_punkts","id":"way/92402170","adrese":"Anniņmuižas bulvāris 29, Rīga","veids":"Kultūras / tautas nams","statuss":{"siltums":"nav zināms","uzlade":"nav zināms","udens":"nav zināms","wifi":"nav zināms","generators":"nav zināms"},"last_updated":null,"name":"Kultūras centrs \"Imanta\"","building":"public","amenity":"community_centre"}},{"type":"Feature","geometry":{"type":"Point","coordinates":[24.289093,57.132821]},"properties":{"kategorija":"noturibas_punkts","id":"way/924740759","adrese":"","veids":"Skola","statuss":{"siltums":"nav zināms","uzlade":"nav zināms","udens":"nav zināms","wifi":"nav zināms","generators":"nav zināms"},"last_updated":null,"name":"Carnikavas pamatskola","amenity":"school"}},{"type":"Feature","geometry":{"type":"Point","coordinates":[25.568241,57.695972]},"properties":{"kategorija":"noturibas_punkts","id":"way/92489871","adrese":"Ēvele","veids":"Kultūras / tautas nams","statuss":{"siltums":"nav zināms","uzlade":"nav zināms","udens":"nav zināms","wifi":"nav zināms","generators":"nav zināms"},"last_updated":null,"name":"Ēveles tautas nams","building":"civic","amenity":"community_centre"}},{"type":"Feature","geometry":{"type":"Point","coordinates":[26.539493,55.871092]},"properties":{"kategorija":"noturibas_punkts","id":"way/928958417","adrese":"Varšavas iela 2, Daugavpils","veids":"Skola","statuss":{"siltums":"nav zināms","uzlade":"nav zināms","udens":"nav zināms","wifi":"nav zināms","generators":"nav zināms"},"last_updated":null,"name":"Juzefa Pilsudska Daugavpils valsts poļu ģimnāzija","website":"http://www.dpolvsk.lv/","amenity":"school"}},{"type":"Feature","geometry":{"type":"Point","coordinates":[25.888184,56.506637]},"properties":{"kategorija":"noturibas_punkts","id":"way/929827342","adrese":"Slimnīcas iela 5, Jēkabpils","veids":"Skola","statuss":{"siltums":"nav zināms","uzlade":"nav zināms","udens":"nav zināms","wifi":"nav zināms","generators":"nav zināms"},"last_updated":null,"name":"Jēkabpils 3. vidusskola","amenity":"school"}},{"type":"Feature","geometry":{"type":"Point","coordinates":[25.866809,56.50543]},"properties":{"kategorija":"noturibas_punkts","id":"way/929947773","adrese":"","veids":"Skola","statuss":{"siltums":"nav zināms","uzlade":"nav zināms","udens":"nav zināms","wifi":"nav zināms","generators":"nav zināms"},"last_updated":null,"name":"Jēkabpils 2. vidusskola","amenity":"school"}},{"type":"Feature","geometry":{"type":"Point","coordinates":[25.890124,56.494329]},"properties":{"kategorija":"noturibas_punkts","id":"way/930240914","adrese":"","veids":"Skola","statuss":{"siltums":"nav zināms","uzlade":"nav zināms","udens":"nav zināms","wifi":"nav zināms","generators":"nav zināms"},"last_updated":null,"name":"Pirmsskolas izglītības iestāde \"Auseklītis\"","amenity":"school"}},{"type":"Feature","geometry":{"type":"Point","coordinates":[25.868447,56.522611]},"properties":{"kategorija":"noturibas_punkts","id":"way/930266738","adrese":"Madonas iela 48, Jēkabpils","veids":"Skola","statuss":{"siltums":"nav zināms","uzlade":"nav zināms","udens":"nav zināms","wifi":"nav zināms","generators":"nav zināms"},"last_updated":null,"name":"Krustpils pamatskola","amenity":"school"}},{"type":"Feature","geometry":{"type":"Point","coordinates":[25.868081,56.521743]},"properties":{"kategorija":"noturibas_punkts","id":"way/930266739","adrese":"Madonas iela 50, Jēkabpils","veids":"Skola","statuss":{"siltums":"nav zināms","uzlade":"nav zināms","udens":"nav zināms","wifi":"nav zināms","generators":"nav zināms"},"last_updated":null,"name":"Pirmsskolas izglītības iestāde \"Bērziņš\"","amenity":"school"}},{"type":"Feature","geometry":{"type":"Point","coordinates":[25.873974,56.488879]},"properties":{"kategorija":"noturibas_punkts","id":"way/930449687","adrese":"Meža iela 9, Jēkabpils","veids":"Skola","statuss":{"siltums":"nav zināms","uzlade":"nav zināms","udens":"nav zināms","wifi":"nav zināms","generators":"nav zināms"},"last_updated":null,"name":"Pirmsskolas izglītības iestāde \"Zvaniņš\"","amenity":"school"}},{"type":"Feature","geometry":{"type":"Point","coordinates":[25.867739,56.495419]},"properties":{"kategorija":"noturibas_punkts","id":"way/930449709","adrese":"","veids":"Skola","statuss":{"siltums":"nav zināms","uzlade":"nav zināms","udens":"nav zināms","wifi":"nav zināms","generators":"nav zināms"},"last_updated":null,"name":"Jēkabpils Tehnoloģiju tehnikums","amenity":"school"}},{"type":"Feature","geometry":{"type":"Point","coordinates":[25.874509,56.495445]},"properties":{"kategorija":"noturibas_punkts","id":"way/930449719","adrese":"","veids":"Skola","statuss":{"siltums":"nav zināms","uzlade":"nav zināms","udens":"nav zināms","wifi":"nav zināms","generators":"nav zināms"},"last_updated":null,"name":"Jēkabpils Mākslas skola","website":"https://www.jrms.lv/","amenity":"school"}},{"type":"Feature","geometry":{"type":"Point","coordinates":[25.854313,56.498633]},"properties":{"kategorija":"noturibas_punkts","id":"way/930449733","adrese":"Rūdolfa Blaumaņa iela 27, Jēkabpils","veids":"Skola","statuss":{"siltums":"nav zināms","uzlade":"nav zināms","udens":"nav zināms","wifi":"nav zināms","generators":"nav zināms"},"last_updated":null,"name":"Jēkabpils Valsts ģimnāzija","amenity":"school"}},{"type":"Feature","geometry":{"type":"Point","coordinates":[25.859112,56.494267]},"properties":{"kategorija":"noturibas_punkts","id":"way/930449738","adrese":"","veids":"Skola","statuss":{"siltums":"nav zināms","uzlade":"nav zināms","udens":"nav zināms","wifi":"nav zināms","generators":"nav zināms"},"last_updated":null,"name":"Jēkabpils 2. vidusskola","amenity":"school"}},{"type":"Feature","geometry":{"type":"Point","coordinates":[25.858269,56.493014]},"properties":{"kategorija":"noturibas_punkts","id":"way/930449741","adrese":"","veids":"Skola","statuss":{"siltums":"nav zināms","uzlade":"nav zināms","udens":"nav zināms","wifi":"nav zināms","generators":"nav zināms"},"last_updated":null,"name":"Pirmsskolas izglītības iestāde \"Zvaigznīte\"","amenity":"school"}},{"type":"Feature","geometry":{"type":"Point","coordinates":[24.32707,57.080095]},"properties":{"kategorija":"noturibas_punkts","id":"way/938588917","adrese":"Gaujas iela 25B, Ādaži","veids":"Kultūras / tautas nams","statuss":{"siltums":"nav zināms","uzlade":"nav zināms","udens":"nav zināms","wifi":"nav zināms","generators":"nav zināms"},"last_updated":null,"name":"Ādažu bērnu un jauniešu centrs","building":"yes","amenity":"community_centre"}},{"type":"Feature","geometry":{"type":"Point","coordinates":[27.882201,56.549278]},"properties":{"kategorija":"noturibas_punkts","id":"way/941117074","adrese":"Muižas iela 1, Cibla","veids":"Kultūras / tautas nams","statuss":{"siltums":"nav zināms","uzlade":"nav zināms","udens":"nav zināms","wifi":"nav zināms","generators":"nav zināms"},"last_updated":null,"name":"Ciblas Kultūras nams","building":"yes","amenity":"community_centre"}},{"type":"Feature","geometry":{"type":"Point","coordinates":[23.132888,57.043206]},"properties":{"kategorija":"noturibas_punkts","id":"way/942923304","adrese":"Ezera iela 17, Sēme","veids":"Skola","statuss":{"siltums":"nav zināms","uzlade":"nav zināms","udens":"nav zināms","wifi":"nav zināms","generators":"nav zināms"},"last_updated":null,"name":"Sēmes skola","amenity":"school"}},{"type":"Feature","geometry":{"type":"Point","coordinates":[24.056671,56.971174]},"properties":{"kategorija":"noturibas_punkts","id":"way/94415986","adrese":"","veids":"Skola","statuss":{"siltums":"nav zināms","uzlade":"nav zināms","udens":"nav zināms","wifi":"nav zināms","generators":"nav zināms"},"last_updated":null,"name":"Iļģuciema pamatskola","website":"https://ricps.lv/","amenity":"school"}},{"type":"Feature","geometry":{"type":"Point","coordinates":[21.55165,57.392851]},"properties":{"kategorija":"noturibas_punkts","id":"way/94463128","adrese":"Jūras iela 36, Ventspils","veids":"Pašvaldības ēka","statuss":{"siltums":"nav zināms","uzlade":"nav zināms","udens":"nav zināms","wifi":"nav zināms","generators":"nav zināms"},"last_updated":null,"name":"Ventspils valstspilsētas pašvaldība","building":"yes","amenity":"townhall"}},{"type":"Feature","geometry":{"type":"Point","coordinates":[21.566957,57.396306]},"properties":{"kategorija":"noturibas_punkts","id":"way/94474495","adrese":"Akmeņu iela 2, Ventspils","veids":"Bibliotēka","statuss":{"siltums":"nav zināms","uzlade":"nav zināms","udens":"nav zināms","wifi":"nav zināms","generators":"nav zināms"},"last_updated":null,"name":"Ventspils bibliotēka","wheelchair":"yes","building":"yes","amenity":"library"}},{"type":"Feature","geometry":{"type":"Point","coordinates":[21.566165,57.397773]},"properties":{"kategorija":"noturibas_punkts","id":"way/94479192","adrese":"Skolas iela 4, Ventspils","veids":"Pašvaldības ēka","statuss":{"siltums":"nav zināms","uzlade":"nav zināms","udens":"nav zināms","wifi":"nav zināms","generators":"nav zināms"},"last_updated":null,"name":"Ventspils novada pašvaldība","building":"yes","amenity":"townhall"}},{"type":"Feature","geometry":{"type":"Point","coordinates":[28.053452,56.423771]},"properties":{"kategorija":"noturibas_punkts","id":"way/945144869","adrese":"Skolas iela 4, Brigi","veids":"Pašvaldības ēka","statuss":{"siltums":"nav zināms","uzlade":"nav zināms","udens":"nav zināms","wifi":"nav zināms","generators":"nav zināms"},"last_updated":null,"name":"Briģu pagasta pārvalde","building":"government","amenity":"townhall"}},{"type":"Feature","geometry":{"type":"Point","coordinates":[24.145342,56.941339]},"properties":{"kategorija":"noturibas_punkts","id":"way/947921792","adrese":"","veids":"Skola","statuss":{"siltums":"nav zināms","uzlade":"nav zināms","udens":"nav zināms","wifi":"nav zināms","generators":"nav zināms"},"last_updated":null,"name":"Rīgas 2. pamatskola","amenity":"school"}},{"type":"Feature","geometry":{"type":"Point","coordinates":[25.279362,57.30701]},"properties":{"kategorija":"noturibas_punkts","id":"way/953558948","adrese":"","veids":"Skola","statuss":{"siltums":"nav zināms","uzlade":"nav zināms","udens":"nav zināms","wifi":"nav zināms","generators":"nav zināms"},"last_updated":null,"name":"Cēsu Pilsētas Vidusskola","amenity":"school"}},{"type":"Feature","geometry":{"type":"Point","coordinates":[25.261916,57.308408]},"properties":{"kategorija":"noturibas_punkts","id":"way/954348503","adrese":"","veids":"Skola","statuss":{"siltums":"nav zināms","uzlade":"nav zināms","udens":"nav zināms","wifi":"nav zināms","generators":"nav zināms"},"last_updated":null,"name":"Cēsu 1. pamatskola","amenity":"school"}},{"type":"Feature","geometry":{"type":"Point","coordinates":[25.261674,57.309497]},"properties":{"kategorija":"noturibas_punkts","id":"way/954712133","adrese":"","veids":"Skola","statuss":{"siltums":"nav zināms","uzlade":"nav zināms","udens":"nav zināms","wifi":"nav zināms","generators":"nav zināms"},"last_updated":null,"name":"Cēsu 1. pamatskola","amenity":"school"}},{"type":"Feature","geometry":{"type":"Point","coordinates":[26.21227,56.852698]},"properties":{"kategorija":"noturibas_punkts","id":"way/954879109","adrese":"Skolas iela 10, Madona","veids":"Skola","statuss":{"siltums":"nav zināms","uzlade":"nav zināms","udens":"nav zināms","wifi":"nav zināms","generators":"nav zināms"},"last_updated":null,"name":"Madonas Valsts ģimnāzija","building":"school","amenity":"school"}},{"type":"Feature","geometry":{"type":"Point","coordinates":[25.247416,57.31226]},"properties":{"kategorija":"noturibas_punkts","id":"way/955863856","adrese":"Bērzaines iela 34, Cēsis","veids":"Skola","statuss":{"siltums":"nav zināms","uzlade":"nav zināms","udens":"nav zināms","wifi":"nav zināms","generators":"nav zināms"},"last_updated":null,"name":"Cēsu Bērzaines pamatskola","amenity":"school"}},{"type":"Feature","geometry":{"type":"Point","coordinates":[23.087004,56.937368]},"properties":{"kategorija":"noturibas_punkts","id":"way/958564546","adrese":"Pasta iela 1A, Tume","veids":"Kultūras / tautas nams","statuss":{"siltums":"nav zināms","uzlade":"nav zināms","udens":"nav zināms","wifi":"nav zināms","generators":"nav zināms"},"last_updated":null,"name":"Kultūras nams","building":"yes","amenity":"community_centre"}},{"type":"Feature","geometry":{"type":"Point","coordinates":[22.406932,56.829309]},"properties":{"kategorija":"noturibas_punkts","id":"way/965036895","adrese":"Jaunlutriņi","veids":"Kultūras / tautas nams","statuss":{"siltums":"nav zināms","uzlade":"nav zināms","udens":"nav zināms","wifi":"nav zināms","generators":"nav zināms"},"last_updated":null,"name":"Tautas nams","building":"public","amenity":"community_centre"}},{"type":"Feature","geometry":{"type":"Point","coordinates":[24.185527,56.870379]},"properties":{"kategorija":"noturibas_punkts","id":"way/965435390","adrese":"Pļavniekkalna iela 20, Katlakalns","veids":"Skola","statuss":{"siltums":"nav zināms","uzlade":"nav zināms","udens":"nav zināms","wifi":"nav zināms","generators":"nav zināms"},"last_updated":null,"name":"Pļavniekkalna sākumskola","website":"https://www.plavniekkalnaskola.lv/","amenity":"school"}},{"type":"Feature","geometry":{"type":"Point","coordinates":[27.164239,57.365249]},"properties":{"kategorija":"noturibas_punkts","id":"way/967946312","adrese":"Brenci","veids":"Skola","statuss":{"siltums":"nav zināms","uzlade":"nav zināms","udens":"nav zināms","wifi":"nav zināms","generators":"nav zināms"},"last_updated":null,"name":"Malienas pamatskola","amenity":"school"}},{"type":"Feature","geometry":{"type":"Point","coordinates":[22.643305,57.127786]},"properties":{"kategorija":"noturibas_punkts","id":"way/967959320","adrese":"Kalna iela 9, Jaunpagasts","veids":"Kultūras / tautas nams","statuss":{"siltums":"nav zināms","uzlade":"nav zināms","udens":"nav zināms","wifi":"nav zināms","generators":"nav zināms"},"last_updated":null,"name":"Virbu kultūras nams","building":"yes","amenity":"community_centre"}},{"type":"Feature","geometry":{"type":"Point","coordinates":[23.912945,56.943792]},"properties":{"kategorija":"noturibas_punkts","id":"way/969595454","adrese":"Jūrmalas iela 14A, Piņķi","veids":"Bibliotēka","statuss":{"siltums":"nav zināms","uzlade":"nav zināms","udens":"nav zināms","wifi":"nav zināms","generators":"nav zināms"},"last_updated":null,"name":"Mārupes novada Pašvaldības bibliotēka","building":"yes","amenity":"library"}},{"type":"Feature","geometry":{"type":"Point","coordinates":[26.465336,55.714455]},"properties":{"kategorija":"noturibas_punkts","id":"way/969633318","adrese":"Zemgale","veids":"Skola","statuss":{"siltums":"nav zināms","uzlade":"nav zināms","udens":"nav zināms","wifi":"nav zināms","generators":"nav zināms"},"last_updated":null,"name":"Zemgales vidusskola","website":"https://www.augsdaugavasnovads.lv/pasvaldiba/sabiedriba/izglitiba/vidusskolas/zemgales-vidusskola/","amenity":"school"}},{"type":"Feature","geometry":{"type":"Point","coordinates":[23.770136,56.954877]},"properties":{"kategorija":"noturibas_punkts","id":"way/96969688","adrese":"","veids":"Skola","statuss":{"siltums":"nav zināms","uzlade":"nav zināms","udens":"nav zināms","wifi":"nav zināms","generators":"nav zināms"},"last_updated":null,"name":"SIVA Koledža","operator":"Labklājības ministrija Sociālās integrācijas valsts aģentūra","website":"https://www.siva.gov.lv/lv","amenity":"school"}},{"type":"Feature","geometry":{"type":"Point","coordinates":[24.729502,56.805445]},"properties":{"kategorija":"noturibas_punkts","id":"way/969744957","adrese":"Nākotnes iela 4, Ogresgals","veids":"Skola","statuss":{"siltums":"nav zināms","uzlade":"nav zināms","udens":"nav zināms","wifi":"nav zināms","generators":"nav zināms"},"last_updated":null,"name":"Ogresgala pamatskola","amenity":"school"}},{"type":"Feature","geometry":{"type":"Point","coordinates":[24.82355,56.421357]},"properties":{"kategorija":"noturibas_punkts","id":"way/969786809","adrese":"Kurmene","veids":"Kultūras / tautas nams","statuss":{"siltums":"nav zināms","uzlade":"nav zināms","udens":"nav zināms","wifi":"nav zināms","generators":"nav zināms"},"last_updated":null,"name":"Pagastmāja","building":"yes","amenity":"community_centre"}},{"type":"Feature","geometry":{"type":"Point","coordinates":[27.210881,57.396261]},"properties":{"kategorija":"noturibas_punkts","id":"way/970448569","adrese":"","veids":"Skola","statuss":{"siltums":"nav zināms","uzlade":"nav zināms","udens":"nav zināms","wifi":"nav zināms","generators":"nav zināms"},"last_updated":null,"name":"Bejas pamatskola","amenity":"school"}},{"type":"Feature","geometry":{"type":"Point","coordinates":[21.983486,56.963073]},"properties":{"kategorija":"noturibas_punkts","id":"way/972001728","adrese":"Jelgavas iela 62, Kuldīga","veids":"Skola","statuss":{"siltums":"nav zināms","uzlade":"nav zināms","udens":"nav zināms","wifi":"nav zināms","generators":"nav zināms"},"last_updated":null,"name":"Indriķa Zeberiņa Kuldīgas pamatskola","amenity":"school"}},{"type":"Feature","geometry":{"type":"Point","coordinates":[24.074833,56.935921]},"properties":{"kategorija":"noturibas_punkts","id":"way/97411780","adrese":"Zeļļu iela 4, Rīga","veids":"Skola","statuss":{"siltums":"nav zināms","uzlade":"nav zināms","udens":"nav zināms","wifi":"nav zināms","generators":"nav zināms"},"last_updated":null,"name":"Friča Brīvzemnieka pamatskola","amenity":"school"}},{"type":"Feature","geometry":{"type":"Point","coordinates":[26.936496,57.445857]},"properties":{"kategorija":"noturibas_punkts","id":"way/974773848","adrese":"Alsviķi","veids":"Skola","statuss":{"siltums":"nav zināms","uzlade":"nav zināms","udens":"nav zināms","wifi":"nav zināms","generators":"nav zināms"},"last_updated":null,"name":"Smiltenes tehnikuma Alsviķu teritoriālā struktūrvienība","amenity":"school"}},{"type":"Feature","geometry":{"type":"Point","coordinates":[26.977079,57.492262]},"properties":{"kategorija":"noturibas_punkts","id":"way/977396423","adrese":"Māriņkalns","veids":"Skola","statuss":{"siltums":"nav zināms","uzlade":"nav zināms","udens":"nav zināms","wifi":"nav zināms","generators":"nav zināms"},"last_updated":null,"name":"Ziemeru pamatskola","amenity":"school"}},{"type":"Feature","geometry":{"type":"Point","coordinates":[22.777506,57.038033]},"properties":{"kategorija":"noturibas_punkts","id":"way/98164127","adrese":"Dārza iela 6, Kandava","veids":"Pašvaldības ēka","statuss":{"siltums":"nav zināms","uzlade":"nav zināms","udens":"nav zināms","wifi":"nav zināms","generators":"nav zināms"},"last_updated":null,"name":"Kandavas novada dome","building":"yes","amenity":"townhall"}},{"type":"Feature","geometry":{"type":"Point","coordinates":[22.771258,57.035464]},"properties":{"kategorija":"noturibas_punkts","id":"way/98164254","adrese":"Sabiles iela 12, Kandava","veids":"Skola","statuss":{"siltums":"nav zināms","uzlade":"nav zināms","udens":"nav zināms","wifi":"nav zināms","generators":"nav zināms"},"last_updated":null,"name":"Kandavas Mākslas skola","building":"school","amenity":"school"}},{"type":"Feature","geometry":{"type":"Point","coordinates":[24.094303,56.899317]},"properties":{"kategorija":"noturibas_punkts","id":"way/98208848","adrese":"Ozolciema iela 26, Rīga","veids":"Skola","statuss":{"siltums":"nav zināms","uzlade":"nav zināms","udens":"nav zināms","wifi":"nav zināms","generators":"nav zināms"},"last_updated":null,"name":"Rīgas Ziepniekkalna vidusskola","amenity":"school"}},{"type":"Feature","geometry":{"type":"Point","coordinates":[23.813079,56.978352]},"properties":{"kategorija":"noturibas_punkts","id":"way/982721594","adrese":"","veids":"Kultūras / tautas nams","statuss":{"siltums":"nav zināms","uzlade":"nav zināms","udens":"nav zināms","wifi":"nav zināms","generators":"nav zināms"},"last_updated":null,"name":"Dzintaru koncertzāles parks","amenity":"community_centre"}},{"type":"Feature","geometry":{"type":"Point","coordinates":[22.881253,57.463899]},"properties":{"kategorija":"noturibas_punkts","id":"way/985990371","adrese":"Kaltene","veids":"Bibliotēka","statuss":{"siltums":"nav zināms","uzlade":"nav zināms","udens":"nav zināms","wifi":"nav zināms","generators":"nav zināms"},"last_updated":null,"name":"Kaltenes bibliotēka","building":"yes","amenity":"library"}},{"type":"Feature","geometry":{"type":"Point","coordinates":[24.126184,56.963408]},"properties":{"kategorija":"noturibas_punkts","id":"way/990173358","adrese":"Krišjāņa Valdemāra iela 48, Rīga","veids":"Skola","statuss":{"siltums":"nav zināms","uzlade":"nav zināms","udens":"nav zināms","wifi":"nav zināms","generators":"nav zināms"},"last_updated":null,"name":"Rīgas Franču licejs","website":"https://www.rfl.lv/","amenity":"school"}},{"type":"Feature","geometry":{"type":"Point","coordinates":[24.075961,56.921583]},"properties":{"kategorija":"noturibas_punkts","id":"way/991542417","adrese":"Asītes iela 4, Rīga","veids":"Skola","statuss":{"siltums":"nav zināms","uzlade":"nav zināms","udens":"nav zināms","wifi":"nav zināms","generators":"nav zināms"},"last_updated":null,"name":"Pārdaugavas Valdorfa pamatskola","amenity":"school"}},{"type":"Feature","geometry":{"type":"Point","coordinates":[23.736008,56.961191]},"properties":{"kategorija":"noturibas_punkts","id":"way/991942733","adrese":"","veids":"Skola","statuss":{"siltums":"nav zināms","uzlade":"nav zināms","udens":"nav zināms","wifi":"nav zināms","generators":"nav zināms"},"last_updated":null,"name":"Pumpuru vidusskola","amenity":"school"}},{"type":"Feature","geometry":{"type":"Point","coordinates":[24.083584,56.617582]},"properties":{"kategorija":"noturibas_punkts","id":"way/997009927","adrese":"Upes iela 8, Zālīte","veids":"Skola","statuss":{"siltums":"nav zināms","uzlade":"nav zināms","udens":"nav zināms","wifi":"nav zināms","generators":"nav zināms"},"last_updated":null,"name":"Zālītes speciālā pamatskola","website":"https://zalitesskola.lv/","amenity":"school"}},{"type":"Feature","geometry":{"type":"Point","coordinates":[23.057251,56.341374]},"properties":{"kategorija":"noturibas_punkts","id":"way/998453956","adrese":"Ukri","veids":"Kultūras / tautas nams","statuss":{"siltums":"nav zināms","uzlade":"nav zināms","udens":"nav zināms","wifi":"nav zināms","generators":"nav zināms"},"last_updated":null,"name":"Ukru tautas nams","building":"yes","amenity":"community_centre"}},{"type":"Feature","geometry":{"type":"Point","coordinates":[27.414958,56.380179]},"properties":{"kategorija":"noturibas_punkts","id":"way/999000016","adrese":"Miera iela 1, Čornaja","veids":"Kultūras / tautas nams","statuss":{"siltums":"nav zināms","uzlade":"nav zināms","udens":"nav zināms","wifi":"nav zināms","generators":"nav zināms"},"last_updated":null,"name":"Čornajas Tautas nams","building":"yes","amenity":"community_centre"}}]}