{"type":"FeatureCollection","features":[{"type":"Feature","geometry":{"type":"Point","coordinates":[26.511882,55.870295]},"properties":{"kategorija":"udens_punkts","id":"node/10007093615","nosaukums":"Ūdens krāns","adrese":"","access":"yes","amenity":"drinking_water","man_made":"water_tap"}},{"type":"Feature","geometry":{"type":"Point","coordinates":[24.103563,56.694348]},"properties":{"kategorija":"udens_punkts","id":"node/10033981717","nosaukums":"Dzeramā ūdens krāns","adrese":"","amenity":"drinking_water"}},{"type":"Feature","geometry":{"type":"Point","coordinates":[25.438972,57.539452]},"properties":{"kategorija":"udens_punkts","id":"node/10051431027","nosaukums":"Ūdens krāns","adrese":"","man_made":"water_tap"}},{"type":"Feature","geometry":{"type":"Point","coordinates":[20.988969,56.514323]},"properties":{"kategorija":"udens_punkts","id":"node/10213897001","nosaukums":"Ūdens krāns","adrese":"","drinking_water":"yes","man_made":"water_tap"}},{"type":"Feature","geometry":{"type":"Point","coordinates":[25.424821,57.539561]},"properties":{"kategorija":"udens_punkts","id":"node/10245237862","nosaukums":"Dzeramā ūdens krāns","adrese":"","fee":"no","access":"yes","amenity":"drinking_water"}},{"type":"Feature","geometry":{"type":"Point","coordinates":[23.976468,56.925011]},"properties":{"kategorija":"udens_punkts","id":"node/10253106317","nosaukums":"Ūdens krāns","adrese":"","access":"customers","amenity":"drinking_water","man_made":"water_tap"}},{"type":"Feature","geometry":{"type":"Point","coordinates":[24.133463,56.966553]},"properties":{"kategorija":"udens_punkts","id":"node/1058595895","nosaukums":"Ūdens krāns","adrese":"","amenity":"drinking_water","man_made":"water_tap"}},{"type":"Feature","geometry":{"type":"Point","coordinates":[21.445824,56.634607]},"properties":{"kategorija":"udens_punkts","id":"node/10793573611","nosaukums":"Avots (dzeramais ūdens)","adrese":"","drinking_water":"yes","natural":"spring"}},{"type":"Feature","geometry":{"type":"Point","coordinates":[21.444203,56.634895]},"properties":{"kategorija":"udens_punkts","id":"node/10793584360","nosaukums":"Avots (dzeramais ūdens)","adrese":"","drinking_water":"yes","natural":"spring"}},{"type":"Feature","geometry":{"type":"Point","coordinates":[21.442612,56.634342]},"properties":{"kategorija":"udens_punkts","id":"node/10793602863","nosaukums":"Avots (dzeramais ūdens)","adrese":"","drinking_water":"yes","natural":"spring"}},{"type":"Feature","geometry":{"type":"Point","coordinates":[21.44516,56.631892]},"properties":{"kategorija":"udens_punkts","id":"node/10793605293","nosaukums":"Avots (dzeramais ūdens)","adrese":"","drinking_water":"yes","natural":"spring"}},{"type":"Feature","geometry":{"type":"Point","coordinates":[21.44993,56.635144]},"properties":{"kategorija":"udens_punkts","id":"node/10793609834","nosaukums":"Avots (dzeramais ūdens)","adrese":"","drinking_water":"yes","natural":"spring"}},{"type":"Feature","geometry":{"type":"Point","coordinates":[24.140031,56.957299]},"properties":{"kategorija":"udens_punkts","id":"node/10877636923","nosaukums":"Ūdens krāns","adrese":"","operator":"Rīgas ūdens","seasonal":"yes","drinking_water":"yes","fee":"no","access":"yes","amenity":"drinking_water","man_made":"water_tap"}},{"type":"Feature","geometry":{"type":"Point","coordinates":[24.143758,56.962179]},"properties":{"kategorija":"udens_punkts","id":"node/10877636924","nosaukums":"Ūdens krāns","adrese":"","operator":"Rīgas ūdens","seasonal":"yes","drinking_water":"yes","fee":"no","access":"yes","amenity":"drinking_water","man_made":"water_tap"}},{"type":"Feature","geometry":{"type":"Point","coordinates":[23.283494,56.625377]},"properties":{"kategorija":"udens_punkts","id":"node/10916691875","nosaukums":"Ūdens krāns","adrese":"","man_made":"water_tap"}},{"type":"Feature","geometry":{"type":"Point","coordinates":[23.717593,56.658968]},"properties":{"kategorija":"udens_punkts","id":"node/10916691876","nosaukums":"Dzeramā ūdens krāns","adrese":"","amenity":"drinking_water"}},{"type":"Feature","geometry":{"type":"Point","coordinates":[21.319986,56.32965]},"properties":{"kategorija":"udens_punkts","id":"node/10948930305","nosaukums":"Ūdens krāns","adrese":"","man_made":"water_tap"}},{"type":"Feature","geometry":{"type":"Point","coordinates":[24.152833,56.9582]},"properties":{"kategorija":"udens_punkts","id":"node/10992263825","nosaukums":"Ūdens krāns","adrese":"","operator":"Rīgas ūdens","seasonal":"yes","drinking_water":"yes","fee":"no","access":"yes","amenity":"drinking_water","man_made":"water_tap"}},{"type":"Feature","geometry":{"type":"Point","coordinates":[24.109091,57.079143]},"properties":{"kategorija":"udens_punkts","id":"node/11021960209","nosaukums":"Ūdens krāns","adrese":"","operator":"Rīgas ūdens","seasonal":"yes","drinking_water":"yes","fee":"no","access":"yes","amenity":"drinking_water","man_made":"water_tap"}},{"type":"Feature","geometry":{"type":"Point","coordinates":[24.127587,56.959835]},"properties":{"kategorija":"udens_punkts","id":"node/11021994820","nosaukums":"Ūdens krāns","adrese":"","operator":"Rīgas ūdens","seasonal":"no","drinking_water":"yes","fee":"no","access":"yes","amenity":"drinking_water","man_made":"water_tap"}},{"type":"Feature","geometry":{"type":"Point","coordinates":[24.207976,56.944525]},"properties":{"kategorija":"udens_punkts","id":"node/11022011426","nosaukums":"Ūdens krāns","adrese":"","operator":"Rīgas ūdens","seasonal":"yes","drinking_water":"yes","fee":"no","access":"yes","amenity":"drinking_water","man_made":"water_tap"}},{"type":"Feature","geometry":{"type":"Point","coordinates":[24.109206,56.953859]},"properties":{"kategorija":"udens_punkts","id":"node/11023641978","nosaukums":"Ūdens krāns","adrese":"","operator":"Rīgas ūdens","opening_hours":"24/7","seasonal":"summer","drinking_water":"yes","fee":"no","access":"yes","amenity":"drinking_water","man_made":"water_tap"}},{"type":"Feature","geometry":{"type":"Point","coordinates":[24.314586,57.048043]},"properties":{"kategorija":"udens_punkts","id":"node/11031900264","nosaukums":"Ūdens krāns","adrese":"","man_made":"water_tap"}},{"type":"Feature","geometry":{"type":"Point","coordinates":[24.315538,57.046212]},"properties":{"kategorija":"udens_punkts","id":"node/11031914866","nosaukums":"Ūdens krāns","adrese":"","man_made":"water_tap"}},{"type":"Feature","geometry":{"type":"Point","coordinates":[24.002486,56.95646]},"properties":{"kategorija":"udens_punkts","id":"node/11032417842","nosaukums":"Ūdens krāns","adrese":"","operator":"Rīgas ūdens","seasonal":"yes","drinking_water":"yes","fee":"no","access":"yes","amenity":"drinking_water","man_made":"water_tap"}},{"type":"Feature","geometry":{"type":"Point","coordinates":[23.919436,56.779217]},"properties":{"kategorija":"udens_punkts","id":"node/11035362827","nosaukums":"Ūdens krāns","adrese":"","operator":"AS \"Olaines ūdens un siltums\"","drinking_water":"yes","fee":"no","access":"yes","man_made":"water_tap"}},{"type":"Feature","geometry":{"type":"Point","coordinates":[24.185355,56.978511]},"properties":{"kategorija":"udens_punkts","id":"node/11054464779","nosaukums":"Ūdens krāns","adrese":"","operator":"Rīgas ūdens","seasonal":"yes","drinking_water":"yes","fee":"no","access":"yes","amenity":"drinking_water","man_made":"water_tap"}},{"type":"Feature","geometry":{"type":"Point","coordinates":[24.179612,56.907156]},"properties":{"kategorija":"udens_punkts","id":"node/11060572235","nosaukums":"Ūdens krāns","adrese":"","operator":"Rīgas ūdens","seasonal":"yes","drinking_water":"yes","fee":"no","access":"yes","amenity":"drinking_water","man_made":"water_tap"}},{"type":"Feature","geometry":{"type":"Point","coordinates":[24.017532,57.03694]},"properties":{"kategorija":"udens_punkts","id":"node/11069826641","nosaukums":"Ūdens krāns","adrese":"","operator":"Rīgas ūdens","seasonal":"yes","drinking_water":"yes","fee":"no","access":"yes","amenity":"drinking_water","man_made":"water_tap"}},{"type":"Feature","geometry":{"type":"Point","coordinates":[21.530341,57.387992]},"properties":{"kategorija":"udens_punkts","id":"node/11091689188","nosaukums":"Dzeramā ūdens krāns","adrese":"","access":"yes","amenity":"drinking_water"}},{"type":"Feature","geometry":{"type":"Point","coordinates":[22.802713,57.509212]},"properties":{"kategorija":"udens_punkts","id":"node/11093251157","nosaukums":"Dzeramā ūdens krāns","adrese":"","opening_hours":"24/7","fee":"no","amenity":"drinking_water"}},{"type":"Feature","geometry":{"type":"Point","coordinates":[23.710493,56.964363]},"properties":{"kategorija":"udens_punkts","id":"node/11096457597","nosaukums":"Ūdens krāns","adrese":"","man_made":"water_tap"}},{"type":"Feature","geometry":{"type":"Point","coordinates":[23.668856,56.961859]},"properties":{"kategorija":"udens_punkts","id":"node/11096488921","nosaukums":"Ūdens krāns","adrese":"","man_made":"water_tap"}},{"type":"Feature","geometry":{"type":"Point","coordinates":[24.095444,56.906483]},"properties":{"kategorija":"udens_punkts","id":"node/11107408240","nosaukums":"Ūdens krāns","adrese":"","operator":"Rīgas ūdens","seasonal":"yes","drinking_water":"yes","fee":"no","access":"yes","amenity":"drinking_water","man_made":"water_tap"}},{"type":"Feature","geometry":{"type":"Point","coordinates":[24.102423,57.036773]},"properties":{"kategorija":"udens_punkts","id":"node/11107416199","nosaukums":"Ūdens krāns","adrese":"","operator":"Rīgas ūdens","seasonal":"yes","drinking_water":"yes","fee":"no","access":"yes","amenity":"drinking_water","man_made":"water_tap"}},{"type":"Feature","geometry":{"type":"Point","coordinates":[24.604462,56.81637]},"properties":{"kategorija":"udens_punkts","id":"node/11124640530","nosaukums":"Dzeramā ūdens krāns","adrese":"","amenity":"drinking_water"}},{"type":"Feature","geometry":{"type":"Point","coordinates":[25.922823,57.428633]},"properties":{"kategorija":"udens_punkts","id":"node/11130654972","nosaukums":"Dzeramā ūdens krāns","adrese":"","drinking_water":"yes","amenity":"drinking_water","man_made":"milk_churn_stand"}},{"type":"Feature","geometry":{"type":"Point","coordinates":[26.588946,55.903667]},"properties":{"kategorija":"udens_punkts","id":"node/11151778633","nosaukums":"Dzeramā ūdens krāns","adrese":"","drinking_water":"yes","fee":"no","access":"yes","amenity":"drinking_water"}},{"type":"Feature","geometry":{"type":"Point","coordinates":[21.005977,56.516306]},"properties":{"kategorija":"udens_punkts","id":"node/11208050192","nosaukums":"Dzeramā ūdens krāns","adrese":"","amenity":"drinking_water"}},{"type":"Feature","geometry":{"type":"Point","coordinates":[27.052889,57.42425]},"properties":{"kategorija":"udens_punkts","id":"node/11478573533","nosaukums":"Ūdens krāns","adrese":"","drinking_water":"yes","access":"yes","amenity":"drinking_water","man_made":"water_tap"}},{"type":"Feature","geometry":{"type":"Point","coordinates":[24.855527,57.157656]},"properties":{"kategorija":"udens_punkts","id":"node/11862256217","nosaukums":"Ūdens krāns","adrese":"","drinking_water":"yes","access":"yes","man_made":"water_tap"}},{"type":"Feature","geometry":{"type":"Point","coordinates":[25.193642,57.566914]},"properties":{"kategorija":"udens_punkts","id":"node/11867057476","nosaukums":"Dzeramā ūdens krāns","adrese":"","amenity":"drinking_water"}},{"type":"Feature","geometry":{"type":"Point","coordinates":[24.112394,56.943054]},"properties":{"kategorija":"udens_punkts","id":"node/11986146077","nosaukums":"Ūdens krāns","adrese":"","operator":"Rīgas ūdens","seasonal":"yes","drinking_water":"yes","fee":"no","access":"yes","amenity":"drinking_water","man_made":"water_tap"}},{"type":"Feature","geometry":{"type":"Point","coordinates":[24.855335,57.158934]},"properties":{"kategorija":"udens_punkts","id":"node/12020622023","nosaukums":"Ūdens krāns","adrese":"","fee":"no","access":"yes","amenity":"drinking_water","man_made":"water_tap"}},{"type":"Feature","geometry":{"type":"Point","coordinates":[25.23592,57.301482]},"properties":{"kategorija":"udens_punkts","id":"node/12051486169","nosaukums":"Dzeramā ūdens krāns","adrese":"","amenity":"drinking_water"}},{"type":"Feature","geometry":{"type":"Point","coordinates":[23.730665,56.658742]},"properties":{"kategorija":"udens_punkts","id":"node/12052824587","nosaukums":"Dzeramā ūdens krāns","adrese":"","amenity":"drinking_water"}},{"type":"Feature","geometry":{"type":"Point","coordinates":[24.124231,57.005313]},"properties":{"kategorija":"udens_punkts","id":"node/12053792139","nosaukums":"Ūdens krāns","adrese":"","operator":"Rīgas ūdens","seasonal":"no","drinking_water":"yes","fee":"no","access":"yes","amenity":"drinking_water","man_made":"water_tap"}},{"type":"Feature","geometry":{"type":"Point","coordinates":[24.116495,56.944252]},"properties":{"kategorija":"udens_punkts","id":"node/12065982282","nosaukums":"Ūdens krāns","adrese":"","operator":"Rīgas ūdens","seasonal":"yes","drinking_water":"yes","fee":"no","access":"yes","amenity":"drinking_water","man_made":"water_tap"}},{"type":"Feature","geometry":{"type":"Point","coordinates":[21.037732,56.137645]},"properties":{"kategorija":"udens_punkts","id":"node/12073980834","nosaukums":"Dzeramā ūdens krāns","adrese":"","amenity":"drinking_water"}},{"type":"Feature","geometry":{"type":"Point","coordinates":[23.979499,56.924705]},"properties":{"kategorija":"udens_punkts","id":"node/12077075769","nosaukums":"Dzeramā ūdens krāns","adrese":"","operator":"Riga Airport","amenity":"drinking_water"}},{"type":"Feature","geometry":{"type":"Point","coordinates":[24.099984,56.962673]},"properties":{"kategorija":"udens_punkts","id":"node/12085185300","nosaukums":"Ūdens krāns","adrese":"","operator":"Rīgas ūdens","seasonal":"yes","drinking_water":"yes","fee":"no","access":"yes","amenity":"drinking_water","man_made":"water_tap"}},{"type":"Feature","geometry":{"type":"Point","coordinates":[23.186944,56.964686]},"properties":{"kategorija":"udens_punkts","id":"node/12086913951","nosaukums":"Dzeramā ūdens krāns","adrese":"","fee":"no","access":"yes","amenity":"drinking_water"}},{"type":"Feature","geometry":{"type":"Point","coordinates":[23.121897,56.951188]},"properties":{"kategorija":"udens_punkts","id":"node/12086931232","nosaukums":"Dzeramā ūdens krāns","adrese":"","fee":"no","access":"yes","amenity":"drinking_water"}},{"type":"Feature","geometry":{"type":"Point","coordinates":[23.170747,56.971209]},"properties":{"kategorija":"udens_punkts","id":"node/12086932372","nosaukums":"Dzeramā ūdens krāns","adrese":"","fee":"no","access":"yes","amenity":"drinking_water"}},{"type":"Feature","geometry":{"type":"Point","coordinates":[23.141817,56.963074]},"properties":{"kategorija":"udens_punkts","id":"node/12086933689","nosaukums":"Dzeramā ūdens krāns","adrese":"","fee":"no","access":"yes","amenity":"drinking_water"}},{"type":"Feature","geometry":{"type":"Point","coordinates":[24.009982,56.958271]},"properties":{"kategorija":"udens_punkts","id":"node/12091573265","nosaukums":"Ūdens krāns","adrese":"","operator":"Rīgas ūdens","seasonal":"yes","drinking_water":"yes","fee":"no","access":"yes","amenity":"drinking_water","man_made":"water_tap"}},{"type":"Feature","geometry":{"type":"Point","coordinates":[24.085766,56.934745]},"properties":{"kategorija":"udens_punkts","id":"node/12091637672","nosaukums":"Ūdens krāns","adrese":"","operator":"Rīgas ūdens","seasonal":"yes","drinking_water":"yes","fee":"no","access":"yes","amenity":"drinking_water","man_made":"water_tap"}},{"type":"Feature","geometry":{"type":"Point","coordinates":[24.084728,56.936798]},"properties":{"kategorija":"udens_punkts","id":"node/12091637673","nosaukums":"Ūdens krāns","adrese":"","operator":"Rīgas ūdens","seasonal":"yes","drinking_water":"yes","fee":"no","access":"yes","amenity":"drinking_water","man_made":"water_tap"}},{"type":"Feature","geometry":{"type":"Point","coordinates":[24.197495,56.96783]},"properties":{"kategorija":"udens_punkts","id":"node/12106072204","nosaukums":"Ūdens krāns","adrese":"","operator":"Rīgas ūdens","seasonal":"yes","drinking_water":"yes","fee":"no","access":"yes","amenity":"drinking_water","man_made":"water_tap"}},{"type":"Feature","geometry":{"type":"Point","coordinates":[24.554978,56.953787]},"properties":{"kategorija":"udens_punkts","id":"node/12110178890","nosaukums":"Ūdens krāns","adrese":"","drinking_water":"yes","man_made":"water_tap"}},{"type":"Feature","geometry":{"type":"Point","coordinates":[24.609423,56.820239]},"properties":{"kategorija":"udens_punkts","id":"node/12112361738","nosaukums":"Dzeramā ūdens krāns","adrese":"","fee":"no","amenity":"drinking_water"}},{"type":"Feature","geometry":{"type":"Point","coordinates":[24.112466,56.950248]},"properties":{"kategorija":"udens_punkts","id":"node/12116870243","nosaukums":"Ūdens krāns","adrese":"","operator":"Rīgas ūdens","seasonal":"yes","drinking_water":"yes","fee":"no","access":"yes","amenity":"drinking_water","man_made":"water_tap"}},{"type":"Feature","geometry":{"type":"Point","coordinates":[24.055701,56.963814]},"properties":{"kategorija":"udens_punkts","id":"node/12122507656","nosaukums":"Ūdens krāns","adrese":"","operator":"Rīgas ūdens","seasonal":"yes","drinking_water":"yes","fee":"no","access":"yes","amenity":"drinking_water","man_made":"water_tap"}},{"type":"Feature","geometry":{"type":"Point","coordinates":[24.570597,56.842716]},"properties":{"kategorija":"udens_punkts","id":"node/12124310832","nosaukums":"Ūdens krāns","adrese":"","man_made":"water_tap"}},{"type":"Feature","geometry":{"type":"Point","coordinates":[24.569597,56.841833]},"properties":{"kategorija":"udens_punkts","id":"node/12124310833","nosaukums":"Ūdens krāns","adrese":"","man_made":"water_tap"}},{"type":"Feature","geometry":{"type":"Point","coordinates":[23.729431,56.659588]},"properties":{"kategorija":"udens_punkts","id":"node/12135376559","nosaukums":"Dzeramā ūdens krāns","adrese":"","amenity":"drinking_water"}},{"type":"Feature","geometry":{"type":"Point","coordinates":[24.031945,57.030062]},"properties":{"kategorija":"udens_punkts","id":"node/12142193969","nosaukums":"Ūdens krāns","adrese":"","operator":"Rīgas ūdens","seasonal":"yes","drinking_water":"yes","fee":"no","access":"yes","amenity":"drinking_water","man_made":"water_tap"}},{"type":"Feature","geometry":{"type":"Point","coordinates":[23.952081,56.956925]},"properties":{"kategorija":"udens_punkts","id":"node/12155249143","nosaukums":"Dzeramā ūdens krāns","adrese":"","operator":"Mārupes komunālie pakalpojumi","fee":"no","access":"yes","amenity":"drinking_water"}},{"type":"Feature","geometry":{"type":"Point","coordinates":[26.454234,55.905252]},"properties":{"kategorija":"udens_punkts","id":"node/12163204386","nosaukums":"Avots (dzeramais ūdens)","adrese":"","drinking_water":"yes","access":"yes","natural":"spring"}},{"type":"Feature","geometry":{"type":"Point","coordinates":[23.592365,56.940457]},"properties":{"kategorija":"udens_punkts","id":"node/12182476902","nosaukums":"Ūdens krāns","adrese":"","drinking_water":"yes","access":"yes","man_made":"water_tap"}},{"type":"Feature","geometry":{"type":"Point","coordinates":[22.803463,57.505692]},"properties":{"kategorija":"udens_punkts","id":"node/12189617006","nosaukums":"Dzeramā ūdens krāns","adrese":"","amenity":"drinking_water"}},{"type":"Feature","geometry":{"type":"Point","coordinates":[25.221442,57.322474]},"properties":{"kategorija":"udens_punkts","id":"node/1224388031","nosaukums":"Avots (dzeramais ūdens): Rūcamavots","adrese":"","name":"Rūcamavots","drinking_water":"yes","natural":"spring"}},{"type":"Feature","geometry":{"type":"Point","coordinates":[24.152322,56.935307]},"properties":{"kategorija":"udens_punkts","id":"node/12382085643","nosaukums":"Ūdens krāns","adrese":"","operator":"Rīgas ūdens","seasonal":"yes","drinking_water":"yes","fee":"no","access":"yes","amenity":"drinking_water","man_made":"water_tap"}},{"type":"Feature","geometry":{"type":"Point","coordinates":[24.076855,56.928883]},"properties":{"kategorija":"udens_punkts","id":"node/12396166263","nosaukums":"Ūdens krāns","adrese":"","operator":"Rīgas ūdens","seasonal":"yes","drinking_water":"yes","fee":"no","access":"yes","amenity":"drinking_water","man_made":"water_tap"}},{"type":"Feature","geometry":{"type":"Point","coordinates":[24.123715,56.974744]},"properties":{"kategorija":"udens_punkts","id":"node/12415577937","nosaukums":"Ūdens krāns","adrese":"","seasonal":"no","fee":"no","access":"yes","amenity":"drinking_water","man_made":"water_tap"}},{"type":"Feature","geometry":{"type":"Point","coordinates":[24.034837,56.926504]},"properties":{"kategorija":"udens_punkts","id":"node/12461273431","nosaukums":"Ūdens krāns","adrese":"","man_made":"water_tap"}},{"type":"Feature","geometry":{"type":"Point","coordinates":[23.785531,56.912504]},"properties":{"kategorija":"udens_punkts","id":"node/12704854542","nosaukums":"Ūdens krāns","adrese":"","man_made":"water_tap"}},{"type":"Feature","geometry":{"type":"Point","coordinates":[24.981299,56.950569]},"properties":{"kategorija":"udens_punkts","id":"node/12766791146","nosaukums":"Avots (dzeramais ūdens): Liepavotu avots","adrese":"","name":"Liepavotu avots","drinking_water":"yes","natural":"spring"}},{"type":"Feature","geometry":{"type":"Point","coordinates":[22.569366,56.669682]},"properties":{"kategorija":"udens_punkts","id":"node/12820354443","nosaukums":"Dzeramā ūdens krāns","adrese":"","amenity":"drinking_water"}},{"type":"Feature","geometry":{"type":"Point","coordinates":[21.011711,56.507694]},"properties":{"kategorija":"udens_punkts","id":"node/12820370808","nosaukums":"Dzeramā ūdens krāns","adrese":"","amenity":"drinking_water"}},{"type":"Feature","geometry":{"type":"Point","coordinates":[24.025452,56.966566]},"properties":{"kategorija":"udens_punkts","id":"node/12823294793","nosaukums":"Ūdens ņemšanas punkts","adrese":"","operator":"Rīgas ūdens","fee":"yes","access":"customers","amenity":"water_point"}},{"type":"Feature","geometry":{"type":"Point","coordinates":[24.227711,56.986663]},"properties":{"kategorija":"udens_punkts","id":"node/12823294794","nosaukums":"Ūdens ņemšanas punkts","adrese":"","operator":"Rīgas ūdens","fee":"yes","access":"customers","amenity":"water_point"}},{"type":"Feature","geometry":{"type":"Point","coordinates":[24.145851,56.899145]},"properties":{"kategorija":"udens_punkts","id":"node/12823294797","nosaukums":"Ūdens ņemšanas punkts","adrese":"","operator":"Rīgas ūdens","fee":"yes","access":"customers","amenity":"water_point"}},{"type":"Feature","geometry":{"type":"Point","coordinates":[24.601741,56.814542]},"properties":{"kategorija":"udens_punkts","id":"node/12855186735","nosaukums":"Dzeramā ūdens krāns","adrese":"","operator":"Ogres komunikācijas","fee":"no","access":"yes","amenity":"drinking_water"}},{"type":"Feature","geometry":{"type":"Point","coordinates":[24.600458,56.813494]},"properties":{"kategorija":"udens_punkts","id":"node/12855186736","nosaukums":"Dzeramā ūdens krāns","adrese":"","operator":"Ogres komunikācijas","fee":"no","access":"yes","amenity":"drinking_water"}},{"type":"Feature","geometry":{"type":"Point","coordinates":[24.600109,56.814168]},"properties":{"kategorija":"udens_punkts","id":"node/12855186737","nosaukums":"Dzeramā ūdens krāns","adrese":"","operator":"Ogres komunikācijas","fee":"no","access":"yes","amenity":"drinking_water"}},{"type":"Feature","geometry":{"type":"Point","coordinates":[25.548486,57.547335]},"properties":{"kategorija":"udens_punkts","id":"node/12879670601","nosaukums":"Avots (dzeramais ūdens)","adrese":"","drinking_water":"yes","natural":"spring"}},{"type":"Feature","geometry":{"type":"Point","coordinates":[24.418141,57.276256]},"properties":{"kategorija":"udens_punkts","id":"node/12889079704","nosaukums":"Dzeramā ūdens krāns","adrese":"","opening_hours":"May-Sep","seasonal":"yes","fee":"no","access":"yes","amenity":"drinking_water"}},{"type":"Feature","geometry":{"type":"Point","coordinates":[20.992422,56.507818]},"properties":{"kategorija":"udens_punkts","id":"node/12919211347","nosaukums":"Ūdens krāns","adrese":"","amenity":"drinking_water","man_made":"water_tap"}},{"type":"Feature","geometry":{"type":"Point","coordinates":[24.036101,56.929146]},"properties":{"kategorija":"udens_punkts","id":"node/12923894267","nosaukums":"Dzeramā ūdens krāns","adrese":"","amenity":"drinking_water"}},{"type":"Feature","geometry":{"type":"Point","coordinates":[24.708724,57.507912]},"properties":{"kategorija":"udens_punkts","id":"node/12986082533","nosaukums":"Dzeramā ūdens krāns","adrese":"","fee":"no","access":"yes","amenity":"drinking_water"}},{"type":"Feature","geometry":{"type":"Point","coordinates":[24.046199,56.895772]},"properties":{"kategorija":"udens_punkts","id":"node/13011941368","nosaukums":"Dzeramā ūdens krāns","adrese":"","fee":"no","amenity":"drinking_water"}},{"type":"Feature","geometry":{"type":"Point","coordinates":[23.979343,56.92265]},"properties":{"kategorija":"udens_punkts","id":"node/13040084456","nosaukums":"Dzeramā ūdens krāns","adrese":"","fee":"no","amenity":"drinking_water"}},{"type":"Feature","geometry":{"type":"Point","coordinates":[21.795702,57.136879]},"properties":{"kategorija":"udens_punkts","id":"node/13050623071","nosaukums":"Avots (dzeramais ūdens)","adrese":"","drinking_water":"yes","natural":"spring"}},{"type":"Feature","geometry":{"type":"Point","coordinates":[24.685333,57.09752]},"properties":{"kategorija":"udens_punkts","id":"node/13073731074","nosaukums":"Dzeramā ūdens krāns","adrese":"","fee":"no","access":"yes","amenity":"drinking_water"}},{"type":"Feature","geometry":{"type":"Point","coordinates":[24.811423,56.718349]},"properties":{"kategorija":"udens_punkts","id":"node/13119175460","nosaukums":"Ūdens krāns","adrese":"","drinking_water":"yes","fee":"no","access":"yes","amenity":"drinking_water","man_made":"water_tap"}},{"type":"Feature","geometry":{"type":"Point","coordinates":[24.191458,56.597936]},"properties":{"kategorija":"udens_punkts","id":"node/13119348728","nosaukums":"Dzeramā ūdens krāns","adrese":"","operator":"Bauskas novada komunālserviss","fee":"no","access":"yes","amenity":"drinking_water"}},{"type":"Feature","geometry":{"type":"Point","coordinates":[24.08946,56.924151]},"properties":{"kategorija":"udens_punkts","id":"node/13123050654","nosaukums":"Ūdens krāns","adrese":"","operator":"Rīgas ūdens","seasonal":"yes","drinking_water":"yes","fee":"no","access":"yes","amenity":"drinking_water","man_made":"water_tap"}},{"type":"Feature","geometry":{"type":"Point","coordinates":[26.508456,55.872509]},"properties":{"kategorija":"udens_punkts","id":"node/13124433517","nosaukums":"Ūdens krāns","adrese":"","drinking_water":"yes","amenity":"drinking_water","man_made":"water_tap"}},{"type":"Feature","geometry":{"type":"Point","coordinates":[20.99285,56.500466]},"properties":{"kategorija":"udens_punkts","id":"node/13162457442","nosaukums":"Ūdens krāns","adrese":"","man_made":"water_tap"}},{"type":"Feature","geometry":{"type":"Point","coordinates":[20.992337,56.50201]},"properties":{"kategorija":"udens_punkts","id":"node/13162457463","nosaukums":"Ūdens krāns","adrese":"","man_made":"water_tap"}},{"type":"Feature","geometry":{"type":"Point","coordinates":[24.08117,56.936085]},"properties":{"kategorija":"udens_punkts","id":"node/13167044915","nosaukums":"Ūdens krāns","adrese":"","operator":"Rīgas ūdens","seasonal":"yes","drinking_water":"yes","fee":"no","access":"yes","amenity":"drinking_water","man_made":"water_tap"}},{"type":"Feature","geometry":{"type":"Point","coordinates":[24.079321,56.953308]},"properties":{"kategorija":"udens_punkts","id":"node/13175312473","nosaukums":"Dzeramā ūdens krāns","adrese":"","operator":"RTU","fee":"no","amenity":"drinking_water"}},{"type":"Feature","geometry":{"type":"Point","coordinates":[24.533454,56.818898]},"properties":{"kategorija":"udens_punkts","id":"node/13197936808","nosaukums":"Dzeramā ūdens krāns","adrese":"","operator":"Ikšķiles Brīvā skola","seasonal":"yes","fee":"no","access":"yes","description":"Tas nedarbojas aukstajos mēnešos","amenity":"drinking_water"}},{"type":"Feature","geometry":{"type":"Point","coordinates":[22.785454,57.50796]},"properties":{"kategorija":"udens_punkts","id":"node/13227867004","nosaukums":"Avots (dzeramais ūdens)","adrese":"","drinking_water":"yes","natural":"spring"}},{"type":"Feature","geometry":{"type":"Point","coordinates":[24.175334,57.044859]},"properties":{"kategorija":"udens_punkts","id":"node/13250440517","nosaukums":"Ūdens krāns","adrese":"","operator":"Rīgas ūdens","seasonal":"yes","drinking_water":"yes","fee":"no","access":"yes","amenity":"drinking_water","man_made":"water_tap"}},{"type":"Feature","geometry":{"type":"Point","coordinates":[24.656647,57.123492]},"properties":{"kategorija":"udens_punkts","id":"node/1331417326","nosaukums":"Avots (dzeramais ūdens)","adrese":"","drinking_water":"yes","natural":"spring"}},{"type":"Feature","geometry":{"type":"Point","coordinates":[24.081689,56.921452]},"properties":{"kategorija":"udens_punkts","id":"node/13324430073","nosaukums":"Dzeramā ūdens krāns","adrese":"","seasonal":"yes","amenity":"drinking_water"}},{"type":"Feature","geometry":{"type":"Point","coordinates":[24.09981,56.940139]},"properties":{"kategorija":"udens_punkts","id":"node/13404280567","nosaukums":"Dzeramā ūdens krāns","adrese":"","drinking_water":"yes","fee":"no","access":"yes","amenity":"drinking_water"}},{"type":"Feature","geometry":{"type":"Point","coordinates":[24.104859,56.935163]},"properties":{"kategorija":"udens_punkts","id":"node/13418175313","nosaukums":"Dzeramā ūdens krāns","adrese":"","amenity":"drinking_water"}},{"type":"Feature","geometry":{"type":"Point","coordinates":[24.22009,56.976213]},"properties":{"kategorija":"udens_punkts","id":"node/13440284010","nosaukums":"Ūdens krāns","adrese":"","operator":"Rīgas ūdens","seasonal":"yes","drinking_water":"yes","fee":"no","access":"yes","amenity":"drinking_water","man_made":"water_tap"}},{"type":"Feature","geometry":{"type":"Point","coordinates":[24.954264,57.009667]},"properties":{"kategorija":"udens_punkts","id":"node/13524035248","nosaukums":"Ūdens krāns","adrese":"","drinking_water":"yes","access":"yes","man_made":"water_tap"}},{"type":"Feature","geometry":{"type":"Point","coordinates":[24.203353,56.944355]},"properties":{"kategorija":"udens_punkts","id":"node/13540643785","nosaukums":"Ūdens krāns","adrese":"","operator":"Rīgas ūdens","seasonal":"yes","drinking_water":"yes","fee":"no","access":"yes","amenity":"drinking_water","man_made":"water_tap"}},{"type":"Feature","geometry":{"type":"Point","coordinates":[20.993426,56.504698]},"properties":{"kategorija":"udens_punkts","id":"node/1356592827","nosaukums":"Ūdens krāns","adrese":"","amenity":"drinking_water","man_made":"water_tap"}},{"type":"Feature","geometry":{"type":"Point","coordinates":[24.210549,56.90004]},"properties":{"kategorija":"udens_punkts","id":"node/13568443280","nosaukums":"Dzeramā ūdens krāns","adrese":"","operator":"Rīgas ūdens","amenity":"drinking_water"}},{"type":"Feature","geometry":{"type":"Point","coordinates":[24.190478,56.944741]},"properties":{"kategorija":"udens_punkts","id":"node/13627019397","nosaukums":"Dzeramā ūdens krāns","adrese":"","amenity":"drinking_water"}},{"type":"Feature","geometry":{"type":"Point","coordinates":[24.153642,57.01327]},"properties":{"kategorija":"udens_punkts","id":"node/13628759103","nosaukums":"Dzeramā ūdens krāns","adrese":"","amenity":"drinking_water"}},{"type":"Feature","geometry":{"type":"Point","coordinates":[24.154211,57.015656]},"properties":{"kategorija":"udens_punkts","id":"node/13628759119","nosaukums":"Dzeramā ūdens krāns","adrese":"","amenity":"drinking_water"}},{"type":"Feature","geometry":{"type":"Point","coordinates":[24.152644,57.015869]},"properties":{"kategorija":"udens_punkts","id":"node/13628769573","nosaukums":"Dzeramā ūdens krāns","adrese":"","amenity":"drinking_water"}},{"type":"Feature","geometry":{"type":"Point","coordinates":[24.13227,56.994293]},"properties":{"kategorija":"udens_punkts","id":"node/13641566637","nosaukums":"Ūdens krāns","adrese":"","operator":"Rīgas ūdens","seasonal":"yes","drinking_water":"yes","fee":"no","access":"yes","amenity":"drinking_water","man_made":"water_tap"}},{"type":"Feature","geometry":{"type":"Point","coordinates":[24.04568,57.028169]},"properties":{"kategorija":"udens_punkts","id":"node/13647280517","nosaukums":"Dzeramā ūdens krāns","adrese":"","amenity":"drinking_water"}},{"type":"Feature","geometry":{"type":"Point","coordinates":[24.030019,57.039679]},"properties":{"kategorija":"udens_punkts","id":"node/13649588662","nosaukums":"Ūdens krāns","adrese":"","operator":"Rīgas ūdens","seasonal":"yes","drinking_water":"yes","fee":"no","access":"yes","amenity":"drinking_water","man_made":"water_tap"}},{"type":"Feature","geometry":{"type":"Point","coordinates":[24.107404,56.927391]},"properties":{"kategorija":"udens_punkts","id":"node/13649595536","nosaukums":"Ūdens krāns","adrese":"","fee":"no","access":"yes","amenity":"drinking_water","man_made":"water_tap"}},{"type":"Feature","geometry":{"type":"Point","coordinates":[24.125351,57.002743]},"properties":{"kategorija":"udens_punkts","id":"node/13668685590","nosaukums":"Dzeramā ūdens krāns","adrese":"","seasonal":"yes","amenity":"drinking_water"}},{"type":"Feature","geometry":{"type":"Point","coordinates":[24.171169,56.983883]},"properties":{"kategorija":"udens_punkts","id":"node/13710833204","nosaukums":"Ūdens krāns","adrese":"","operator":"Rīgas ūdens","seasonal":"yes","drinking_water":"yes","fee":"no","access":"yes","amenity":"drinking_water","man_made":"water_tap"}},{"type":"Feature","geometry":{"type":"Point","coordinates":[24.125431,56.996277]},"properties":{"kategorija":"udens_punkts","id":"node/13710851002","nosaukums":"Ūdens krāns","adrese":"","operator":"Rīgas ūdens","seasonal":"yes","drinking_water":"yes","fee":"no","access":"yes","amenity":"drinking_water","man_made":"water_tap"}},{"type":"Feature","geometry":{"type":"Point","coordinates":[24.047637,56.940369]},"properties":{"kategorija":"udens_punkts","id":"node/13710851003","nosaukums":"Ūdens krāns","adrese":"","operator":"Rīgas ūdens","seasonal":"yes","drinking_water":"yes","fee":"no","access":"yes","amenity":"drinking_water","man_made":"water_tap"}},{"type":"Feature","geometry":{"type":"Point","coordinates":[24.213896,56.90547]},"properties":{"kategorija":"udens_punkts","id":"node/13716390846","nosaukums":"Dzeramā ūdens krāns","adrese":"","amenity":"drinking_water"}},{"type":"Feature","geometry":{"type":"Point","coordinates":[24.058681,56.879792]},"properties":{"kategorija":"udens_punkts","id":"node/13759586882","nosaukums":"Dzeramā ūdens krāns","adrese":"","amenity":"drinking_water"}},{"type":"Feature","geometry":{"type":"Point","coordinates":[24.155357,56.965167]},"properties":{"kategorija":"udens_punkts","id":"node/13812241246","nosaukums":"Dzeramā ūdens krāns","adrese":"","amenity":"drinking_water"}},{"type":"Feature","geometry":{"type":"Point","coordinates":[24.254532,56.866548]},"properties":{"kategorija":"udens_punkts","id":"node/1385249474","nosaukums":"Avots (dzeramais ūdens)","adrese":"","drinking_water":"yes","natural":"spring"}},{"type":"Feature","geometry":{"type":"Point","coordinates":[24.077082,56.911321]},"properties":{"kategorija":"udens_punkts","id":"node/13897214984","nosaukums":"Dzeramā ūdens krāns","adrese":"","amenity":"drinking_water"}},{"type":"Feature","geometry":{"type":"Point","coordinates":[24.212107,56.896844]},"properties":{"kategorija":"udens_punkts","id":"node/13914476172","nosaukums":"Dzeramā ūdens krāns","adrese":"","operator":"Rīgas satiksme","fee":"no","access":"yes","amenity":"drinking_water"}},{"type":"Feature","geometry":{"type":"Point","coordinates":[24.045997,56.961379]},"properties":{"kategorija":"udens_punkts","id":"node/13929562493","nosaukums":"Dzeramā ūdens krāns","adrese":"","operator":"Rīgas ūdens","seasonal":"yes","fee":"no","access":"yes","amenity":"drinking_water"}},{"type":"Feature","geometry":{"type":"Point","coordinates":[24.20167,56.985413]},"properties":{"kategorija":"udens_punkts","id":"node/13936823028","nosaukums":"Dzeramā ūdens krāns","adrese":"","amenity":"drinking_water"}},{"type":"Feature","geometry":{"type":"Point","coordinates":[23.710966,56.650225]},"properties":{"kategorija":"udens_punkts","id":"node/13956007107","nosaukums":"Dzeramā ūdens krāns","adrese":"","operator":"Jelgavas valstspilsētas pašvaldības iestāde \"Pilsētsaimniecība\"","seasonal":"yes","fee":"no","access":"yes","amenity":"drinking_water"}},{"type":"Feature","geometry":{"type":"Point","coordinates":[24.033764,56.952233]},"properties":{"kategorija":"udens_punkts","id":"node/13958558936","nosaukums":"Dzeramā ūdens krāns","adrese":"","operator":"Rīgas ūdens","seasonal":"yes","fee":"no","access":"yes","amenity":"drinking_water"}},{"type":"Feature","geometry":{"type":"Point","coordinates":[24.014167,56.961161]},"properties":{"kategorija":"udens_punkts","id":"node/13960261055","nosaukums":"Dzeramā ūdens krāns","adrese":"","operator":"Rīgas ūdens","seasonal":"yes","fee":"no","access":"yes","amenity":"drinking_water"}},{"type":"Feature","geometry":{"type":"Point","coordinates":[24.064072,56.951822]},"properties":{"kategorija":"udens_punkts","id":"node/13982494553","nosaukums":"Dzeramā ūdens krāns","adrese":"","operator":"Rīgas ūdens","seasonal":"yes","fee":"no","access":"yes","amenity":"drinking_water"}},{"type":"Feature","geometry":{"type":"Point","coordinates":[24.42655,57.269404]},"properties":{"kategorija":"udens_punkts","id":"node/13985182641","nosaukums":"Dzeramā ūdens krāns","adrese":"","fee":"no","access":"yes","amenity":"drinking_water"}},{"type":"Feature","geometry":{"type":"Point","coordinates":[20.993476,56.503981]},"properties":{"kategorija":"udens_punkts","id":"node/14003993355","nosaukums":"Dzeramā ūdens krāns","adrese":"","amenity":"drinking_water"}},{"type":"Feature","geometry":{"type":"Point","coordinates":[25.283412,57.313003]},"properties":{"kategorija":"udens_punkts","id":"node/14007220306","nosaukums":"Dzeramā ūdens krāns","adrese":"","seasonal":"no","fee":"no","access":"yes","amenity":"drinking_water"}},{"type":"Feature","geometry":{"type":"Point","coordinates":[24.703853,57.503072]},"properties":{"kategorija":"udens_punkts","id":"node/14014164390","nosaukums":"Dzeramā ūdens krāns","adrese":"","fee":"no","access":"yes","amenity":"drinking_water"}},{"type":"Feature","geometry":{"type":"Point","coordinates":[24.214003,56.841997]},"properties":{"kategorija":"udens_punkts","id":"node/14017798634","nosaukums":"Dzeramā ūdens krāns","adrese":"","seasonal":"no","fee":"no","access":"yes","amenity":"drinking_water"}},{"type":"Feature","geometry":{"type":"Point","coordinates":[24.172453,56.955242]},"properties":{"kategorija":"udens_punkts","id":"node/14040057277","nosaukums":"Ūdens krāns","adrese":"","man_made":"water_tap"}},{"type":"Feature","geometry":{"type":"Point","coordinates":[24.81655,57.140178]},"properties":{"kategorija":"udens_punkts","id":"node/14050755066","nosaukums":"Dzeramā ūdens krāns","adrese":"","amenity":"drinking_water"}},{"type":"Feature","geometry":{"type":"Point","coordinates":[26.520078,55.860764]},"properties":{"kategorija":"udens_punkts","id":"node/14063262596","nosaukums":"Dzeramā ūdens krāns","adrese":"","amenity":"drinking_water"}},{"type":"Feature","geometry":{"type":"Point","coordinates":[27.331987,56.502329]},"properties":{"kategorija":"udens_punkts","id":"node/14063295581","nosaukums":"Dzeramā ūdens krāns","adrese":"","amenity":"drinking_water"}},{"type":"Feature","geometry":{"type":"Point","coordinates":[24.484183,56.969286]},"properties":{"kategorija":"udens_punkts","id":"node/14065888911","nosaukums":"Ūdens krāns","adrese":"","man_made":"water_tap"}},{"type":"Feature","geometry":{"type":"Point","coordinates":[21.163633,56.535025]},"properties":{"kategorija":"udens_punkts","id":"node/14066028530","nosaukums":"Dzeramā ūdens krāns","adrese":"","amenity":"drinking_water"}},{"type":"Feature","geometry":{"type":"Point","coordinates":[21.569903,57.385772]},"properties":{"kategorija":"udens_punkts","id":"node/14070174209","nosaukums":"Dzeramā ūdens krāns","adrese":"","amenity":"drinking_water"}},{"type":"Feature","geometry":{"type":"Point","coordinates":[21.569244,57.3838]},"properties":{"kategorija":"udens_punkts","id":"node/14070263689","nosaukums":"Dzeramā ūdens krāns","adrese":"","amenity":"drinking_water"}},{"type":"Feature","geometry":{"type":"Point","coordinates":[24.082711,56.949524]},"properties":{"kategorija":"udens_punkts","id":"node/14072713695","nosaukums":"Dzeramā ūdens krāns","adrese":"","seasonal":"no","fee":"no","amenity":"drinking_water"}},{"type":"Feature","geometry":{"type":"Point","coordinates":[21.340675,56.977431]},"properties":{"kategorija":"udens_punkts","id":"node/14080006810","nosaukums":"Ūdens krāns","adrese":"","man_made":"water_tap"}},{"type":"Feature","geometry":{"type":"Point","coordinates":[26.923676,56.552282]},"properties":{"kategorija":"udens_punkts","id":"node/14081380383","nosaukums":"Ūdens krāns","adrese":"","man_made":"water_tap"}},{"type":"Feature","geometry":{"type":"Point","coordinates":[23.721343,56.96528]},"properties":{"kategorija":"udens_punkts","id":"node/14100544921","nosaukums":"Ūdens krāns","adrese":"","amenity":"drinking_water","man_made":"water_tap"}},{"type":"Feature","geometry":{"type":"Point","coordinates":[23.690004,56.963273]},"properties":{"kategorija":"udens_punkts","id":"node/14100592531","nosaukums":"Ūdens krāns","adrese":"","amenity":"drinking_water","man_made":"water_tap"}},{"type":"Feature","geometry":{"type":"Point","coordinates":[25.84404,56.492862]},"properties":{"kategorija":"udens_punkts","id":"node/14101888492","nosaukums":"Dzeramā ūdens krāns","adrese":"","amenity":"drinking_water"}},{"type":"Feature","geometry":{"type":"Point","coordinates":[25.843456,56.493313]},"properties":{"kategorija":"udens_punkts","id":"node/14101888493","nosaukums":"Dzeramā ūdens krāns","adrese":"","amenity":"drinking_water"}},{"type":"Feature","geometry":{"type":"Point","coordinates":[25.84384,56.494281]},"properties":{"kategorija":"udens_punkts","id":"node/14101888494","nosaukums":"Dzeramā ūdens krāns","adrese":"","amenity":"drinking_water"}},{"type":"Feature","geometry":{"type":"Point","coordinates":[25.846517,56.495391]},"properties":{"kategorija":"udens_punkts","id":"node/14101888495","nosaukums":"Dzeramā ūdens krāns","adrese":"","amenity":"drinking_water"}},{"type":"Feature","geometry":{"type":"Point","coordinates":[25.847701,56.496343]},"properties":{"kategorija":"udens_punkts","id":"node/14101888496","nosaukums":"Dzeramā ūdens krāns","adrese":"","amenity":"drinking_water"}},{"type":"Feature","geometry":{"type":"Point","coordinates":[24.159971,56.964649]},"properties":{"kategorija":"udens_punkts","id":"node/14110356091","nosaukums":"Dzeramā ūdens krāns","adrese":"","amenity":"drinking_water"}},{"type":"Feature","geometry":{"type":"Point","coordinates":[24.021087,56.412722]},"properties":{"kategorija":"udens_punkts","id":"node/14112109569","nosaukums":"Ūdens krāns","adrese":"","amenity":"drinking_water","man_made":"water_tap"}},{"type":"Feature","geometry":{"type":"Point","coordinates":[27.327469,56.503592]},"properties":{"kategorija":"udens_punkts","id":"node/14137097765","nosaukums":"Ūdens krāns","adrese":"","operator":"Rēzeknes ūdens","opening_hours":"24/7","seasonal":"yes","fee":"no","description":"Brīvkrāns","amenity":"drinking_water","man_made":"water_tap"}},{"type":"Feature","geometry":{"type":"Point","coordinates":[23.770712,56.971792]},"properties":{"kategorija":"udens_punkts","id":"node/14157092001","nosaukums":"Ūdens krāns","adrese":"","man_made":"water_tap"}},{"type":"Feature","geometry":{"type":"Point","coordinates":[24.016312,56.943947]},"properties":{"kategorija":"udens_punkts","id":"node/14174076292","nosaukums":"Dzeramā ūdens krāns","adrese":"","seasonal":"yes","fee":"no","access":"yes","amenity":"drinking_water"}},{"type":"Feature","geometry":{"type":"Point","coordinates":[24.122887,56.915957]},"properties":{"kategorija":"udens_punkts","id":"node/14191424120","nosaukums":"Dzeramā ūdens krāns","adrese":"","seasonal":"yes","fee":"no","access":"yes","amenity":"drinking_water"}},{"type":"Feature","geometry":{"type":"Point","coordinates":[23.942552,56.788666]},"properties":{"kategorija":"udens_punkts","id":"node/14245370500","nosaukums":"Dzeramā ūdens krāns","adrese":"","fee":"no","access":"yes","amenity":"drinking_water"}},{"type":"Feature","geometry":{"type":"Point","coordinates":[23.934927,56.781306]},"properties":{"kategorija":"udens_punkts","id":"node/14245449886","nosaukums":"Dzeramā ūdens krāns","adrese":"","fee":"no","access":"yes","amenity":"drinking_water"}},{"type":"Feature","geometry":{"type":"Point","coordinates":[27.33151,56.508089]},"properties":{"kategorija":"udens_punkts","id":"node/14260796297","nosaukums":"Ūdens krāns","adrese":"","operator":"Rēzeknes ūdens","opening_hours":"24/7","seasonal":"yes","fee":"no","amenity":"drinking_water","man_made":"water_tap"}},{"type":"Feature","geometry":{"type":"Point","coordinates":[24.712754,57.516377]},"properties":{"kategorija":"udens_punkts","id":"node/1544334970","nosaukums":"Avots (dzeramais ūdens): Zītaravotiņš","adrese":"","name":"Zītaravotiņš","drinking_water":"yes","natural":"spring"}},{"type":"Feature","geometry":{"type":"Point","coordinates":[24.977842,57.099236]},"properties":{"kategorija":"udens_punkts","id":"node/1564954788","nosaukums":"Avots (dzeramais ūdens): Zušu sēravots","adrese":"","name":"Zušu sēravots","drinking_water":"yes","description":"Sulphur spring","natural":"spring"}},{"type":"Feature","geometry":{"type":"Point","coordinates":[22.823027,56.482717]},"properties":{"kategorija":"udens_punkts","id":"node/1694952586","nosaukums":"Avots (dzeramais ūdens): Karaļavoti","adrese":"","name":"Karaļavoti","amenity":"drinking_water","natural":"spring"}},{"type":"Feature","geometry":{"type":"Point","coordinates":[24.849363,57.166352]},"properties":{"kategorija":"udens_punkts","id":"node/1737325761","nosaukums":"Dzeramā ūdens krāns","adrese":"","amenity":"drinking_water","man_made":"water_well"}},{"type":"Feature","geometry":{"type":"Point","coordinates":[25.179498,57.275482]},"properties":{"kategorija":"udens_punkts","id":"node/1740456793","nosaukums":"Avots (dzeramais ūdens): Kvēpenes svētavots","adrese":"","name":"Kvēpenes svētavots","drinking_water":"yes","natural":"spring"}},{"type":"Feature","geometry":{"type":"Point","coordinates":[23.612092,56.951982]},"properties":{"kategorija":"udens_punkts","id":"node/1871508673","nosaukums":"Dzeramā ūdens krāns","adrese":"","fee":"no","access":"yes","amenity":"drinking_water"}},{"type":"Feature","geometry":{"type":"Point","coordinates":[24.209724,56.414969]},"properties":{"kategorija":"udens_punkts","id":"node/1893283515","nosaukums":"Dzeramā ūdens krāns","adrese":"","amenity":"drinking_water"}},{"type":"Feature","geometry":{"type":"Point","coordinates":[21.47597,56.36109]},"properties":{"kategorija":"udens_punkts","id":"node/1909862748","nosaukums":"Dzeramā ūdens krāns","adrese":"","amenity":"drinking_water"}},{"type":"Feature","geometry":{"type":"Point","coordinates":[26.714078,56.90476]},"properties":{"kategorija":"udens_punkts","id":"node/1952911072","nosaukums":"Dzeramā ūdens krāns","adrese":"","amenity":"drinking_water"}},{"type":"Feature","geometry":{"type":"Point","coordinates":[23.196204,56.975341]},"properties":{"kategorija":"udens_punkts","id":"node/2285877395","nosaukums":"Avots (dzeramais ūdens)","adrese":"","amenity":"drinking_water","natural":"spring"}},{"type":"Feature","geometry":{"type":"Point","coordinates":[24.316719,57.125237]},"properties":{"kategorija":"udens_punkts","id":"node/2323982658","nosaukums":"Dzeramā ūdens krāns","adrese":"","amenity":"drinking_water","man_made":"water_well"}},{"type":"Feature","geometry":{"type":"Point","coordinates":[25.148262,57.317645]},"properties":{"kategorija":"udens_punkts","id":"node/2360534666","nosaukums":"Ūdens krāns","adrese":"","amenity":"drinking_water","man_made":"water_tap"}},{"type":"Feature","geometry":{"type":"Point","coordinates":[23.066675,56.988425]},"properties":{"kategorija":"udens_punkts","id":"node/2496082362","nosaukums":"Avots (dzeramais ūdens): Dzidravots","adrese":"","name":"Dzidravots","amenity":"drinking_water","natural":"spring"}},{"type":"Feature","geometry":{"type":"Point","coordinates":[21.467614,56.730962]},"properties":{"kategorija":"udens_punkts","id":"node/2530785852","nosaukums":"Avots (dzeramais ūdens): Bērziņu avoti","adrese":"","name":"Bērziņu avoti","drinking_water":"yes","natural":"spring"}},{"type":"Feature","geometry":{"type":"Point","coordinates":[25.269458,57.314665]},"properties":{"kategorija":"udens_punkts","id":"node/2547702355","nosaukums":"Ūdens krāns","adrese":"","amenity":"drinking_water","man_made":"water_tap"}},{"type":"Feature","geometry":{"type":"Point","coordinates":[23.971124,56.95395]},"properties":{"kategorija":"udens_punkts","id":"node/2634372519","nosaukums":"Ūdens krāns","adrese":"","operator":"Rīgas ūdens","seasonal":"no","drinking_water":"yes","fee":"no","access":"yes","amenity":"drinking_water","man_made":"water_tap"}},{"type":"Feature","geometry":{"type":"Point","coordinates":[24.436926,57.316366]},"properties":{"kategorija":"udens_punkts","id":"node/2653814807","nosaukums":"Avots (dzeramais ūdens)","adrese":"","drinking_water":"yes","natural":"spring"}},{"type":"Feature","geometry":{"type":"Point","coordinates":[25.207529,57.235336]},"properties":{"kategorija":"udens_punkts","id":"node/277262119","nosaukums":"Avots (dzeramais ūdens): Gulbju avots","adrese":"","name":"Gulbju avots","drinking_water":"yes","natural":"spring"}},{"type":"Feature","geometry":{"type":"Point","coordinates":[22.778891,57.03246]},"properties":{"kategorija":"udens_punkts","id":"node/2824367565","nosaukums":"Dzeramā ūdens krāns","adrese":"","access":"yes","amenity":"drinking_water"}},{"type":"Feature","geometry":{"type":"Point","coordinates":[22.777575,57.032157]},"properties":{"kategorija":"udens_punkts","id":"node/2824457601","nosaukums":"Avots (dzeramais ūdens)","adrese":"","amenity":"drinking_water","natural":"spring"}},{"type":"Feature","geometry":{"type":"Point","coordinates":[22.287904,57.616416]},"properties":{"kategorija":"udens_punkts","id":"node/3125830425","nosaukums":"Avots (dzeramais ūdens): Slīteres avotiņš","adrese":"","name":"Slīteres avotiņš","drinking_water":"yes","natural":"spring"}},{"type":"Feature","geometry":{"type":"Point","coordinates":[24.806186,57.142728]},"properties":{"kategorija":"udens_punkts","id":"node/3138685398","nosaukums":"Avots (dzeramais ūdens)","adrese":"","drinking_water":"yes","natural":"spring"}},{"type":"Feature","geometry":{"type":"Point","coordinates":[24.948471,57.009936]},"properties":{"kategorija":"udens_punkts","id":"node/3249556809","nosaukums":"Avots (dzeramais ūdens): Vīnkalniņa avots","adrese":"","name":"Vīnkalniņa avots","drinking_water":"yes","natural":"spring"}},{"type":"Feature","geometry":{"type":"Point","coordinates":[22.488404,56.674019]},"properties":{"kategorija":"udens_punkts","id":"node/3262153957","nosaukums":"Avots (dzeramais ūdens)","adrese":"","drinking_water":"yes","natural":"spring"}},{"type":"Feature","geometry":{"type":"Point","coordinates":[24.799616,57.10087]},"properties":{"kategorija":"udens_punkts","id":"node/339350908","nosaukums":"Avots (dzeramais ūdens): Kaļķugravas avoti","adrese":"","name":"Kaļķugravas avoti","drinking_water":"yes","natural":"spring"}},{"type":"Feature","geometry":{"type":"Point","coordinates":[23.293875,56.601299]},"properties":{"kategorija":"udens_punkts","id":"node/3423634252","nosaukums":"Avots (dzeramais ūdens)","adrese":"","drinking_water":"yes","amenity":"drinking_water","natural":"spring"}},{"type":"Feature","geometry":{"type":"Point","coordinates":[20.996334,56.501276]},"properties":{"kategorija":"udens_punkts","id":"node/3612351832","nosaukums":"Ūdens krāns","adrese":"","amenity":"drinking_water","man_made":"water_tap"}},{"type":"Feature","geometry":{"type":"Point","coordinates":[22.070193,56.680119]},"properties":{"kategorija":"udens_punkts","id":"node/3623346586","nosaukums":"Avots (dzeramais ūdens): Cieceres avotiņš","adrese":"","name":"Cieceres avotiņš","drinking_water":"yes","natural":"spring"}},{"type":"Feature","geometry":{"type":"Point","coordinates":[24.185659,56.410184]},"properties":{"kategorija":"udens_punkts","id":"node/3626929348","nosaukums":"Dzeramā ūdens krāns","adrese":"","description":"operates may-september","amenity":"drinking_water"}},{"type":"Feature","geometry":{"type":"Point","coordinates":[24.045797,56.44038]},"properties":{"kategorija":"udens_punkts","id":"node/3627437076","nosaukums":"Avots (dzeramais ūdens)","adrese":"","drinking_water":"yes","natural":"spring"}},{"type":"Feature","geometry":{"type":"Point","coordinates":[27.175557,55.89377]},"properties":{"kategorija":"udens_punkts","id":"node/3680800398","nosaukums":"Avots (dzeramais ūdens)","adrese":"","drinking_water":"yes","natural":"spring"}},{"type":"Feature","geometry":{"type":"Point","coordinates":[23.281991,56.623123]},"properties":{"kategorija":"udens_punkts","id":"node/3754977159","nosaukums":"Dzeramā ūdens krāns","adrese":"","amenity":"drinking_water"}},{"type":"Feature","geometry":{"type":"Point","coordinates":[24.88487,57.159997]},"properties":{"kategorija":"udens_punkts","id":"node/3849003624","nosaukums":"Avots (dzeramais ūdens): Vecais Vējupītes avotiņš","adrese":"","name":"Vecais Vējupītes avotiņš","drinking_water":"yes","natural":"spring"}},{"type":"Feature","geometry":{"type":"Point","coordinates":[24.235773,56.830281]},"properties":{"kategorija":"udens_punkts","id":"node/392310204","nosaukums":"Avots (dzeramais ūdens): Ķekavas avots","adrese":"","name":"Ķekavas avots","drinking_water":"yes","natural":"spring"}},{"type":"Feature","geometry":{"type":"Point","coordinates":[21.964357,56.967148]},"properties":{"kategorija":"udens_punkts","id":"node/4177970702","nosaukums":"Ūdens krāns","adrese":"","amenity":"drinking_water","man_made":"water_tap"}},{"type":"Feature","geometry":{"type":"Point","coordinates":[21.970535,57.0103]},"properties":{"kategorija":"udens_punkts","id":"node/4177975628","nosaukums":"Avots (dzeramais ūdens): Dzelzavots","adrese":"","name":"Dzelzavots","drinking_water":"yes","natural":"spring"}},{"type":"Feature","geometry":{"type":"Point","coordinates":[27.469049,56.278858]},"properties":{"kategorija":"udens_punkts","id":"node/418046013","nosaukums":"Dzeramā ūdens krāns","adrese":"","amenity":"drinking_water"}},{"type":"Feature","geometry":{"type":"Point","coordinates":[24.390133,56.785699]},"properties":{"kategorija":"udens_punkts","id":"node/4189075170","nosaukums":"Avots (dzeramais ūdens): Avotiņš","adrese":"","name":"Avotiņš","drinking_water":"yes","natural":"spring"}},{"type":"Feature","geometry":{"type":"Point","coordinates":[22.633491,57.176854]},"properties":{"kategorija":"udens_punkts","id":"node/4225710693","nosaukums":"Avots (dzeramais ūdens)","adrese":"","drinking_water":"yes","natural":"spring"}},{"type":"Feature","geometry":{"type":"Point","coordinates":[22.555151,57.182673]},"properties":{"kategorija":"udens_punkts","id":"node/4299740662","nosaukums":"Dzeramā ūdens krāns","adrese":"","amenity":"drinking_water"}},{"type":"Feature","geometry":{"type":"Point","coordinates":[22.476219,57.609708]},"properties":{"kategorija":"udens_punkts","id":"node/439203159","nosaukums":"Avots (dzeramais ūdens): Zilokalnu avots","adrese":"","name":"Zilokalnu avots","drinking_water":"yes","natural":"spring"}},{"type":"Feature","geometry":{"type":"Point","coordinates":[22.349193,57.511649]},"properties":{"kategorija":"udens_punkts","id":"node/439204680","nosaukums":"Dzeramā ūdens krāns","adrese":"","amenity":"drinking_water"}},{"type":"Feature","geometry":{"type":"Point","coordinates":[25.387754,57.267812]},"properties":{"kategorija":"udens_punkts","id":"node/455874956","nosaukums":"Avots (dzeramais ūdens): Dāvida dzirnavu avoti","adrese":"","name":"Dāvida dzirnavu avoti","drinking_water":"yes","natural":"spring"}},{"type":"Feature","geometry":{"type":"Point","coordinates":[23.403392,57.03814]},"properties":{"kategorija":"udens_punkts","id":"node/4849302189","nosaukums":"Dzeramā ūdens krāns","adrese":"","amenity":"drinking_water"}},{"type":"Feature","geometry":{"type":"Point","coordinates":[23.620095,56.950005]},"properties":{"kategorija":"udens_punkts","id":"node/5015294450","nosaukums":"Ūdens krāns","adrese":"","operator":"Jūrmalas ūdens","drinking_water":"yes","fee":"no","access":"yes","amenity":"drinking_water","man_made":"water_tap"}},{"type":"Feature","geometry":{"type":"Point","coordinates":[24.418464,57.276801]},"properties":{"kategorija":"udens_punkts","id":"node/5081452351","nosaukums":"Dzeramā ūdens krāns","adrese":"","opening_hours":"May-Sep","seasonal":"yes","fee":"no","access":"yes","amenity":"drinking_water"}},{"type":"Feature","geometry":{"type":"Point","coordinates":[25.219466,57.299872]},"properties":{"kategorija":"udens_punkts","id":"node/5265295541","nosaukums":"Dzeramā ūdens krāns","adrese":"","amenity":"drinking_water"}},{"type":"Feature","geometry":{"type":"Point","coordinates":[24.352404,56.86085]},"properties":{"kategorija":"udens_punkts","id":"node/5343816541","nosaukums":"Ūdens krāns","adrese":"","fee":"no","access":"yes","amenity":"drinking_water","man_made":"water_tap"}},{"type":"Feature","geometry":{"type":"Point","coordinates":[27.335769,56.509648]},"properties":{"kategorija":"udens_punkts","id":"node/5613321321","nosaukums":"Dzeramā ūdens krāns","adrese":"","fee":"no","amenity":"drinking_water","man_made":"water_well"}},{"type":"Feature","geometry":{"type":"Point","coordinates":[21.971816,56.97021]},"properties":{"kategorija":"udens_punkts","id":"node/5651954721","nosaukums":"Dzeramā ūdens krāns","adrese":"","drinking_water":"yes","fee":"yes","access":"yes","amenity":"drinking_water","man_made":"water_well"}},{"type":"Feature","geometry":{"type":"Point","coordinates":[21.982017,56.969308]},"properties":{"kategorija":"udens_punkts","id":"node/5692403842","nosaukums":"Avots (dzeramais ūdens)","adrese":"","drinking_water":"yes","natural":"spring"}},{"type":"Feature","geometry":{"type":"Point","coordinates":[22.778268,57.039504]},"properties":{"kategorija":"udens_punkts","id":"node/5782824132","nosaukums":"Ūdens krāns","adrese":"","amenity":"drinking_water","man_made":"water_tap"}},{"type":"Feature","geometry":{"type":"Point","coordinates":[25.893998,57.429612]},"properties":{"kategorija":"udens_punkts","id":"node/5851163094","nosaukums":"Dzeramā ūdens krāns","adrese":"","amenity":"drinking_water"}},{"type":"Feature","geometry":{"type":"Point","coordinates":[25.894266,57.42949]},"properties":{"kategorija":"udens_punkts","id":"node/5851163095","nosaukums":"Dzeramā ūdens krāns","adrese":"","amenity":"drinking_water"}},{"type":"Feature","geometry":{"type":"Point","coordinates":[25.89528,57.429399]},"properties":{"kategorija":"udens_punkts","id":"node/5851163096","nosaukums":"Dzeramā ūdens krāns","adrese":"","amenity":"drinking_water"}},{"type":"Feature","geometry":{"type":"Point","coordinates":[21.547722,56.983705]},"properties":{"kategorija":"udens_punkts","id":"node/5862412663","nosaukums":"Avots (dzeramais ūdens): Zaļumu Avots","adrese":"","name":"Zaļumu Avots","drinking_water":"yes","natural":"spring"}},{"type":"Feature","geometry":{"type":"Point","coordinates":[24.193548,56.962745]},"properties":{"kategorija":"udens_punkts","id":"node/6034402598","nosaukums":"Ūdens krāns","adrese":"","man_made":"water_tap"}},{"type":"Feature","geometry":{"type":"Point","coordinates":[25.417236,57.537058]},"properties":{"kategorija":"udens_punkts","id":"node/6070291586","nosaukums":"Ūdens krāns","adrese":"","amenity":"drinking_water","man_made":"water_tap"}},{"type":"Feature","geometry":{"type":"Point","coordinates":[23.457016,57.033515]},"properties":{"kategorija":"udens_punkts","id":"node/6071448082","nosaukums":"Dzeramā ūdens krāns","adrese":"","amenity":"drinking_water"}},{"type":"Feature","geometry":{"type":"Point","coordinates":[21.957464,56.967794]},"properties":{"kategorija":"udens_punkts","id":"node/6099067487","nosaukums":"Ūdens krāns","adrese":"","amenity":"drinking_water","man_made":"water_tap"}},{"type":"Feature","geometry":{"type":"Point","coordinates":[21.970661,56.9682]},"properties":{"kategorija":"udens_punkts","id":"node/6263834567","nosaukums":"Dzeramā ūdens krāns","adrese":"","drinking_water":"yes","amenity":"drinking_water","man_made":"water_well"}},{"type":"Feature","geometry":{"type":"Point","coordinates":[24.167741,56.56367]},"properties":{"kategorija":"udens_punkts","id":"node/6281538195","nosaukums":"Ūdens ņemšanas punkts","adrese":"","amenity":"water_point"}},{"type":"Feature","geometry":{"type":"Point","coordinates":[23.000044,56.868771]},"properties":{"kategorija":"udens_punkts","id":"node/6299810729","nosaukums":"Avots (dzeramais ūdens): Peņķu veselības avots","adrese":"","name":"Peņķu veselības avots","seasonal":"no","drinking_water":"yes","natural":"spring"}},{"type":"Feature","geometry":{"type":"Point","coordinates":[22.951367,56.968961]},"properties":{"kategorija":"udens_punkts","id":"node/6299821013","nosaukums":"Avots (dzeramais ūdens)","adrese":"","drinking_water":"yes","natural":"spring"}},{"type":"Feature","geometry":{"type":"Point","coordinates":[25.424824,57.786761]},"properties":{"kategorija":"udens_punkts","id":"node/637036205","nosaukums":"Dzeramā ūdens krāns: Sedas dziļurbums","adrese":"","name":"Sedas dziļurbums","amenity":"drinking_water"}},{"type":"Feature","geometry":{"type":"Point","coordinates":[28.094143,56.175004]},"properties":{"kategorija":"udens_punkts","id":"node/6581836196","nosaukums":"Dzeramā ūdens krāns","adrese":"","amenity":"drinking_water"}},{"type":"Feature","geometry":{"type":"Point","coordinates":[26.095373,56.80998]},"properties":{"kategorija":"udens_punkts","id":"node/6721285167","nosaukums":"Dzeramā ūdens krāns","adrese":"","amenity":"drinking_water"}},{"type":"Feature","geometry":{"type":"Point","coordinates":[21.53226,57.392223]},"properties":{"kategorija":"udens_punkts","id":"node/6807551929","nosaukums":"Ūdens krāns","adrese":"","amenity":"drinking_water","man_made":"water_tap"}},{"type":"Feature","geometry":{"type":"Point","coordinates":[25.179398,57.275454]},"properties":{"kategorija":"udens_punkts","id":"node/6859016430","nosaukums":"Avots (dzeramais ūdens)","adrese":"","drinking_water":"yes","natural":"spring"}},{"type":"Feature","geometry":{"type":"Point","coordinates":[26.433357,57.138211]},"properties":{"kategorija":"udens_punkts","id":"node/7352095686","nosaukums":"Dzeramā ūdens krāns: Avots pie estrādes","adrese":"","name":"Avots pie estrādes","amenity":"drinking_water"}},{"type":"Feature","geometry":{"type":"Point","coordinates":[21.853777,56.445869]},"properties":{"kategorija":"udens_punkts","id":"node/7514176513","nosaukums":"Avots (dzeramais ūdens): Lielbātas avots","adrese":"","name":"Lielbātas avots","drinking_water":"yes","natural":"spring"}},{"type":"Feature","geometry":{"type":"Point","coordinates":[24.91967,56.956822]},"properties":{"kategorija":"udens_punkts","id":"node/7556259706","nosaukums":"Avots (dzeramais ūdens)","adrese":"","drinking_water":"yes","natural":"spring"}},{"type":"Feature","geometry":{"type":"Point","coordinates":[24.970437,56.995646]},"properties":{"kategorija":"udens_punkts","id":"node/7556259707","nosaukums":"Avots (dzeramais ūdens)","adrese":"","drinking_water":"yes","natural":"spring"}},{"type":"Feature","geometry":{"type":"Point","coordinates":[24.971121,57.069562]},"properties":{"kategorija":"udens_punkts","id":"node/7564216630","nosaukums":"Avots (dzeramais ūdens): Kalnavēnu sēravots","adrese":"","name":"Kalnavēnu sēravots","drinking_water":"yes","natural":"spring"}},{"type":"Feature","geometry":{"type":"Point","coordinates":[21.55876,56.985299]},"properties":{"kategorija":"udens_punkts","id":"node/7573281717","nosaukums":"Avots (dzeramais ūdens): Ziedavots","adrese":"","name":"Ziedavots","drinking_water":"yes","natural":"spring"}},{"type":"Feature","geometry":{"type":"Point","coordinates":[21.564015,56.984059]},"properties":{"kategorija":"udens_punkts","id":"node/7573281745","nosaukums":"Avots (dzeramais ūdens)","adrese":"","drinking_water":"yes","natural":"spring"}},{"type":"Feature","geometry":{"type":"Point","coordinates":[26.948057,57.590065]},"properties":{"kategorija":"udens_punkts","id":"node/7592082676","nosaukums":"Dzeramā ūdens krāns","adrese":"","amenity":"drinking_water"}},{"type":"Feature","geometry":{"type":"Point","coordinates":[22.804616,57.046714]},"properties":{"kategorija":"udens_punkts","id":"node/7606038457","nosaukums":"Avots (dzeramais ūdens)","adrese":"","drinking_water":"yes","natural":"spring"}},{"type":"Feature","geometry":{"type":"Point","coordinates":[22.33524,57.508786]},"properties":{"kategorija":"udens_punkts","id":"node/768200879","nosaukums":"Dzeramā ūdens krāns","adrese":"","amenity":"drinking_water"}},{"type":"Feature","geometry":{"type":"Point","coordinates":[24.106614,56.947492]},"properties":{"kategorija":"udens_punkts","id":"node/7685815249","nosaukums":"Ūdens krāns","adrese":"","operator":"Rīgas ūdens","seasonal":"no","drinking_water":"yes","fee":"no","access":"yes","amenity":"drinking_water","man_made":"water_tap"}},{"type":"Feature","geometry":{"type":"Point","coordinates":[21.567452,57.397641]},"properties":{"kategorija":"udens_punkts","id":"node/7685879538","nosaukums":"Dzeramā ūdens krāns","adrese":"","access":"yes","amenity":"drinking_water"}},{"type":"Feature","geometry":{"type":"Point","coordinates":[24.758965,56.710608]},"properties":{"kategorija":"udens_punkts","id":"node/7687049719","nosaukums":"Avots (dzeramais ūdens): Ņegas avots","adrese":"","name":"Ņegas avots","drinking_water":"yes","natural":"spring"}},{"type":"Feature","geometry":{"type":"Point","coordinates":[24.022087,56.411862]},"properties":{"kategorija":"udens_punkts","id":"node/7716083646","nosaukums":"Ūdens krāns","adrese":"","drinking_water":"yes","man_made":"water_tap"}},{"type":"Feature","geometry":{"type":"Point","coordinates":[25.253406,57.366367]},"properties":{"kategorija":"udens_punkts","id":"node/7801360560","nosaukums":"Avots (dzeramais ūdens)","adrese":"","drinking_water":"yes","description":"Atrodas piekājē, iztek no nogāzes smilšakmens plaisas.","natural":"spring"}},{"type":"Feature","geometry":{"type":"Point","coordinates":[21.534239,57.382416]},"properties":{"kategorija":"udens_punkts","id":"node/7817304485","nosaukums":"Ūdens krāns","adrese":"","man_made":"water_tap"}},{"type":"Feature","geometry":{"type":"Point","coordinates":[22.565455,57.040243]},"properties":{"kategorija":"udens_punkts","id":"node/7830347632","nosaukums":"Ūdens krāns","adrese":"","man_made":"water_tap"}},{"type":"Feature","geometry":{"type":"Point","coordinates":[21.969432,56.965757]},"properties":{"kategorija":"udens_punkts","id":"node/7919839473","nosaukums":"Dzeramā ūdens krāns","adrese":"","drinking_water":"yes","amenity":"drinking_water"}},{"type":"Feature","geometry":{"type":"Point","coordinates":[25.274777,57.314684]},"properties":{"kategorija":"udens_punkts","id":"node/811515563","nosaukums":"Dzeramā ūdens krāns","adrese":"","amenity":"drinking_water"}},{"type":"Feature","geometry":{"type":"Point","coordinates":[23.138879,56.772759]},"properties":{"kategorija":"udens_punkts","id":"node/8642899025","nosaukums":"Dzeramā ūdens krāns","adrese":"","amenity":"drinking_water"}},{"type":"Feature","geometry":{"type":"Point","coordinates":[24.854255,57.153679]},"properties":{"kategorija":"udens_punkts","id":"node/8864067200","nosaukums":"Ūdens krāns","adrese":"","seasonal":"yes","fee":"no","access":"yes","amenity":"drinking_water","man_made":"water_tap"}},{"type":"Feature","geometry":{"type":"Point","coordinates":[22.493793,56.666458]},"properties":{"kategorija":"udens_punkts","id":"node/8872616190","nosaukums":"Ūdens krāns","adrese":"","man_made":"water_tap"}},{"type":"Feature","geometry":{"type":"Point","coordinates":[25.374697,57.468517]},"properties":{"kategorija":"udens_punkts","id":"node/8920497906","nosaukums":"Avots (dzeramais ūdens): Mežuļu avoti","adrese":"","name":"Mežuļu avoti","drinking_water":"yes","natural":"spring"}},{"type":"Feature","geometry":{"type":"Point","coordinates":[25.275162,57.313827]},"properties":{"kategorija":"udens_punkts","id":"node/8922861467","nosaukums":"Dzeramā ūdens krāns","adrese":"","access":"yes","amenity":"drinking_water"}},{"type":"Feature","geometry":{"type":"Point","coordinates":[24.845302,57.161212]},"properties":{"kategorija":"udens_punkts","id":"node/8926420517","nosaukums":"Ūdens krāns","adrese":"","fee":"no","access":"yes","amenity":"drinking_water","man_made":"water_tap"}},{"type":"Feature","geometry":{"type":"Point","coordinates":[24.61797,56.816913]},"properties":{"kategorija":"udens_punkts","id":"node/8942712155","nosaukums":"Dzeramā ūdens krāns","adrese":"","seasonal":"yes","fee":"no","amenity":"drinking_water"}},{"type":"Feature","geometry":{"type":"Point","coordinates":[24.731821,56.805176]},"properties":{"kategorija":"udens_punkts","id":"node/8968885045","nosaukums":"Avots (dzeramais ūdens): Ogresgala avots","adrese":"","name":"Ogresgala avots","drinking_water":"yes","natural":"spring"}},{"type":"Feature","geometry":{"type":"Point","coordinates":[21.022748,56.523508]},"properties":{"kategorija":"udens_punkts","id":"node/897590604","nosaukums":"Dzeramā ūdens krāns","adrese":"","amenity":"drinking_water"}},{"type":"Feature","geometry":{"type":"Point","coordinates":[21.008578,56.515967]},"properties":{"kategorija":"udens_punkts","id":"node/898672743","nosaukums":"Dzeramā ūdens krāns","adrese":"","amenity":"drinking_water"}},{"type":"Feature","geometry":{"type":"Point","coordinates":[21.01625,56.503222]},"properties":{"kategorija":"udens_punkts","id":"node/899356936","nosaukums":"Dzeramā ūdens krāns","adrese":"","amenity":"drinking_water"}},{"type":"Feature","geometry":{"type":"Point","coordinates":[20.997154,56.501057]},"properties":{"kategorija":"udens_punkts","id":"node/899408221","nosaukums":"Dzeramā ūdens krāns","adrese":"","amenity":"drinking_water"}},{"type":"Feature","geometry":{"type":"Point","coordinates":[20.996801,56.50164]},"properties":{"kategorija":"udens_punkts","id":"node/900237507","nosaukums":"Dzeramā ūdens krāns","adrese":"","amenity":"drinking_water"}},{"type":"Feature","geometry":{"type":"Point","coordinates":[26.905976,55.920341]},"properties":{"kategorija":"udens_punkts","id":"node/9038401668","nosaukums":"Ūdens krāns","adrese":"","man_made":"water_tap"}},{"type":"Feature","geometry":{"type":"Point","coordinates":[26.862022,57.387027]},"properties":{"kategorija":"udens_punkts","id":"node/9048727550","nosaukums":"Avots (dzeramais ūdens): Vizikoku Acu avots","adrese":"","name":"Vizikoku Acu avots","drinking_water":"yes","natural":"spring"}},{"type":"Feature","geometry":{"type":"Point","coordinates":[23.976717,56.922387]},"properties":{"kategorija":"udens_punkts","id":"node/9216141492","nosaukums":"Dzeramā ūdens krāns","adrese":"","access":"customers","amenity":"drinking_water"}},{"type":"Feature","geometry":{"type":"Point","coordinates":[25.610343,57.81714]},"properties":{"kategorija":"udens_punkts","id":"node/9216789150","nosaukums":"Dzeramā ūdens krāns","adrese":"","amenity":"drinking_water"}},{"type":"Feature","geometry":{"type":"Point","coordinates":[24.684119,57.417794]},"properties":{"kategorija":"udens_punkts","id":"node/9250134020","nosaukums":"Avots (dzeramais ūdens): Empagu avots","adrese":"","name":"Empagu avots","drinking_water":"yes","natural":"spring"}},{"type":"Feature","geometry":{"type":"Point","coordinates":[25.978406,57.793271]},"properties":{"kategorija":"udens_punkts","id":"node/9270114609","nosaukums":"Avots (dzeramais ūdens)","adrese":"","drinking_water":"yes","natural":"spring"}},{"type":"Feature","geometry":{"type":"Point","coordinates":[23.481625,56.694657]},"properties":{"kategorija":"udens_punkts","id":"node/9404788347","nosaukums":"Ūdens krāns","adrese":"","man_made":"water_tap"}},{"type":"Feature","geometry":{"type":"Point","coordinates":[23.482543,56.694422]},"properties":{"kategorija":"udens_punkts","id":"node/9404799954","nosaukums":"Ūdens krāns","adrese":"","man_made":"water_tap"}},{"type":"Feature","geometry":{"type":"Point","coordinates":[21.967441,56.968421]},"properties":{"kategorija":"udens_punkts","id":"node/9559995133","nosaukums":"Dzeramā ūdens krāns","adrese":"","drinking_water":"yes","amenity":"drinking_water","man_made":"water_well"}},{"type":"Feature","geometry":{"type":"Point","coordinates":[21.969038,56.967548]},"properties":{"kategorija":"udens_punkts","id":"node/9560006746","nosaukums":"Dzeramā ūdens krāns","adrese":"","drinking_water":"yes","amenity":"drinking_water"}},{"type":"Feature","geometry":{"type":"Point","coordinates":[21.974196,56.964825]},"properties":{"kategorija":"udens_punkts","id":"node/9560006747","nosaukums":"Dzeramā ūdens krāns","adrese":"","drinking_water":"yes","amenity":"drinking_water"}},{"type":"Feature","geometry":{"type":"Point","coordinates":[22.022213,56.67443]},"properties":{"kategorija":"udens_punkts","id":"node/9560033107","nosaukums":"Dzeramā ūdens krāns","adrese":"","amenity":"drinking_water"}},{"type":"Feature","geometry":{"type":"Point","coordinates":[22.014952,56.674179]},"properties":{"kategorija":"udens_punkts","id":"node/9560051164","nosaukums":"Dzeramā ūdens krāns","adrese":"","amenity":"drinking_water"}},{"type":"Feature","geometry":{"type":"Point","coordinates":[23.948835,56.877398]},"properties":{"kategorija":"udens_punkts","id":"node/9701570254","nosaukums":"Dzeramā ūdens krāns","adrese":"","operator":"Mārupes komunālie pakalpojumi","seasonal":"yes","fee":"no","access":"yes","amenity":"drinking_water"}},{"type":"Feature","geometry":{"type":"Point","coordinates":[24.010348,56.887313]},"properties":{"kategorija":"udens_punkts","id":"node/9701570255","nosaukums":"Dzeramā ūdens krāns","adrese":"","seasonal":"yes","fee":"no","access":"yes","amenity":"drinking_water"}},{"type":"Feature","geometry":{"type":"Point","coordinates":[24.114746,56.955537]},"properties":{"kategorija":"udens_punkts","id":"node/9717369191","nosaukums":"Ūdens krāns","adrese":"","operator":"Rīgas ūdens","seasonal":"yes","drinking_water":"yes","fee":"no","access":"yes","amenity":"drinking_water","man_made":"water_tap"}},{"type":"Feature","geometry":{"type":"Point","coordinates":[24.120349,56.951171]},"properties":{"kategorija":"udens_punkts","id":"node/9717369192","nosaukums":"Ūdens krāns","adrese":"","operator":"Rīgas ūdens","opening_hours":"24/7","seasonal":"spring;summer;autumn","drinking_water":"yes","fee":"no","access":"yes","amenity":"drinking_water","man_made":"water_tap"}},{"type":"Feature","geometry":{"type":"Point","coordinates":[24.066761,56.961754]},"properties":{"kategorija":"udens_punkts","id":"node/9717369193","nosaukums":"Ūdens krāns","adrese":"","operator":"Rīgas ūdens","seasonal":"yes","drinking_water":"yes","fee":"no","access":"yes","amenity":"drinking_water","man_made":"water_tap"}},{"type":"Feature","geometry":{"type":"Point","coordinates":[24.156651,57.005848]},"properties":{"kategorija":"udens_punkts","id":"node/9756612690","nosaukums":"Ūdens krāns","adrese":"","operator":"Rīgas ūdens","seasonal":"yes","drinking_water":"yes","fee":"no","access":"yes","amenity":"drinking_water","man_made":"water_tap"}},{"type":"Feature","geometry":{"type":"Point","coordinates":[27.045167,57.41278]},"properties":{"kategorija":"udens_punkts","id":"node/9806769352","nosaukums":"Ūdens krāns","adrese":"","man_made":"water_tap"}},{"type":"Feature","geometry":{"type":"Point","coordinates":[24.07124,56.935728]},"properties":{"kategorija":"udens_punkts","id":"node/9813901577","nosaukums":"Ūdens krāns","adrese":"","operator":"Rīgas ūdens","seasonal":"yes","drinking_water":"yes","fee":"no","access":"yes","amenity":"drinking_water","man_made":"water_tap"}},{"type":"Feature","geometry":{"type":"Point","coordinates":[23.274909,56.629987]},"properties":{"kategorija":"udens_punkts","id":"node/9819338072","nosaukums":"Ūdens krāns","adrese":"","access":"yes","man_made":"water_tap"}},{"type":"Feature","geometry":{"type":"Point","coordinates":[22.801894,57.509929]},"properties":{"kategorija":"udens_punkts","id":"node/9863752176","nosaukums":"Ūdens krāns","adrese":"","amenity":"drinking_water","man_made":"water_tap"}},{"type":"Feature","geometry":{"type":"Point","coordinates":[23.620244,56.943847]},"properties":{"kategorija":"udens_punkts","id":"node/9929761875","nosaukums":"Ūdens krāns","adrese":"","amenity":"drinking_water","man_made":"water_tap"}},{"type":"Feature","geometry":{"type":"Point","coordinates":[26.880783,55.910621]},"properties":{"kategorija":"udens_punkts","id":"node/9939519356","nosaukums":"Ūdens krāns","adrese":"","drinking_water":"yes","access":"permissive","man_made":"water_tap"}},{"type":"Feature","geometry":{"type":"Point","coordinates":[21.965216,57.597369]},"properties":{"kategorija":"udens_punkts","id":"node/9946776716","nosaukums":"Ūdens krāns","adrese":"","man_made":"water_tap"}},{"type":"Feature","geometry":{"type":"Point","coordinates":[25.079023,57.251646]},"properties":{"kategorija":"udens_punkts","id":"node/9953286039","nosaukums":"Avots (dzeramais ūdens)","adrese":"","drinking_water":"yes","natural":"spring"}},{"type":"Feature","geometry":{"type":"Point","coordinates":[25.079036,57.25172]},"properties":{"kategorija":"udens_punkts","id":"node/9953286040","nosaukums":"Avots (dzeramais ūdens)","adrese":"","drinking_water":"yes","natural":"spring"}},{"type":"Feature","geometry":{"type":"Point","coordinates":[21.020546,56.163309]},"properties":{"kategorija":"udens_punkts","id":"node/9954349832","nosaukums":"Ūdens krāns","adrese":"","man_made":"water_tap"}},{"type":"Feature","geometry":{"type":"Point","coordinates":[21.020912,56.163264]},"properties":{"kategorija":"udens_punkts","id":"node/9954349837","nosaukums":"Ūdens krāns","adrese":"","man_made":"water_tap"}},{"type":"Feature","geometry":{"type":"Point","coordinates":[23.931327,56.783419]},"properties":{"kategorija":"udens_punkts","id":"node/9961918419","nosaukums":"Dzeramā ūdens krāns","adrese":"","amenity":"drinking_water"}},{"type":"Feature","geometry":{"type":"Point","coordinates":[23.931227,56.783319]},"properties":{"kategorija":"udens_punkts","id":"node/9961918420","nosaukums":"Dzeramā ūdens krāns","adrese":"","amenity":"drinking_water"}},{"type":"Feature","geometry":{"type":"Point","coordinates":[24.643318,56.755193]},"properties":{"kategorija":"udens_punkts","id":"node/9961918421","nosaukums":"Dzeramā ūdens krāns","adrese":"","amenity":"drinking_water"}},{"type":"Feature","geometry":{"type":"Point","coordinates":[24.340993,56.311988]},"properties":{"kategorija":"udens_punkts","id":"node/9961918423","nosaukums":"Dzeramā ūdens krāns","adrese":"","amenity":"drinking_water"}},{"type":"Feature","geometry":{"type":"Point","coordinates":[24.198334,56.415545]},"properties":{"kategorija":"udens_punkts","id":"node/9961918424","nosaukums":"Dzeramā ūdens krāns","adrese":"","amenity":"drinking_water"}},{"type":"Feature","geometry":{"type":"Point","coordinates":[24.202859,56.413251]},"properties":{"kategorija":"udens_punkts","id":"node/9961918425","nosaukums":"Dzeramā ūdens krāns","adrese":"","amenity":"drinking_water"}},{"type":"Feature","geometry":{"type":"Point","coordinates":[24.107121,56.413239]},"properties":{"kategorija":"udens_punkts","id":"node/9961918429","nosaukums":"Dzeramā ūdens krāns","adrese":"","amenity":"drinking_water"}},{"type":"Feature","geometry":{"type":"Point","coordinates":[24.06796,56.426836]},"properties":{"kategorija":"udens_punkts","id":"node/9961918430","nosaukums":"Dzeramā ūdens krāns","adrese":"","amenity":"drinking_water"}},{"type":"Feature","geometry":{"type":"Point","coordinates":[24.049109,56.457726]},"properties":{"kategorija":"udens_punkts","id":"node/9961918431","nosaukums":"Dzeramā ūdens krāns","adrese":"","amenity":"drinking_water"}},{"type":"Feature","geometry":{"type":"Point","coordinates":[24.045661,56.457369]},"properties":{"kategorija":"udens_punkts","id":"node/9961918432","nosaukums":"Dzeramā ūdens krāns","adrese":"","amenity":"drinking_water"}},{"type":"Feature","geometry":{"type":"Point","coordinates":[23.682051,56.504182]},"properties":{"kategorija":"udens_punkts","id":"node/9961918433","nosaukums":"Dzeramā ūdens krāns","adrese":"","amenity":"drinking_water"}},{"type":"Feature","geometry":{"type":"Point","coordinates":[23.730509,56.652648]},"properties":{"kategorija":"udens_punkts","id":"node/9961918434","nosaukums":"Ūdens krāns","adrese":"","seasonal":"yes","drinking_water":"yes","fee":"no","access":"yes","amenity":"drinking_water","man_made":"water_tap"}},{"type":"Feature","geometry":{"type":"Point","coordinates":[23.732098,56.650929]},"properties":{"kategorija":"udens_punkts","id":"node/9961918435","nosaukums":"Ūdens krāns","adrese":"","seasonal":"yes","drinking_water":"yes","fee":"no","access":"yes","amenity":"drinking_water","man_made":"water_tap"}},{"type":"Feature","geometry":{"type":"Point","coordinates":[23.5051,56.947786]},"properties":{"kategorija":"udens_punkts","id":"node/9961918437","nosaukums":"Ūdens krāns","adrese":"","fee":"no","access":"yes","amenity":"drinking_water","man_made":"water_tap"}},{"type":"Feature","geometry":{"type":"Point","coordinates":[23.494678,56.942624]},"properties":{"kategorija":"udens_punkts","id":"node/9961918439","nosaukums":"Dzeramā ūdens krāns","adrese":"","fee":"no","access":"yes","amenity":"drinking_water"}},{"type":"Feature","geometry":{"type":"Point","coordinates":[23.487878,56.944935]},"properties":{"kategorija":"udens_punkts","id":"node/9961918440","nosaukums":"Dzeramā ūdens krāns","adrese":"","fee":"no","access":"yes","amenity":"drinking_water"}},{"type":"Feature","geometry":{"type":"Point","coordinates":[23.27644,56.629431]},"properties":{"kategorija":"udens_punkts","id":"node/9961918443","nosaukums":"Dzeramā ūdens krāns","adrese":"","amenity":"drinking_water"}},{"type":"Feature","geometry":{"type":"Point","coordinates":[22.493691,56.666413]},"properties":{"kategorija":"udens_punkts","id":"node/9961918444","nosaukums":"Dzeramā ūdens krāns","adrese":"","amenity":"drinking_water"}},{"type":"Feature","geometry":{"type":"Point","coordinates":[22.491315,56.66365]},"properties":{"kategorija":"udens_punkts","id":"node/9961918445","nosaukums":"Dzeramā ūdens krāns","adrese":"","amenity":"drinking_water"}},{"type":"Feature","geometry":{"type":"Point","coordinates":[22.492206,56.664163]},"properties":{"kategorija":"udens_punkts","id":"node/9961918446","nosaukums":"Dzeramā ūdens krāns","adrese":"","amenity":"drinking_water"}},{"type":"Feature","geometry":{"type":"Point","coordinates":[22.490929,56.665166]},"properties":{"kategorija":"udens_punkts","id":"node/9961918447","nosaukums":"Dzeramā ūdens krāns","adrese":"","amenity":"drinking_water"}},{"type":"Feature","geometry":{"type":"Point","coordinates":[22.506289,56.672144]},"properties":{"kategorija":"udens_punkts","id":"node/9961918448","nosaukums":"Dzeramā ūdens krāns","adrese":"","fee":"no","access":"yes","amenity":"drinking_water"}},{"type":"Feature","geometry":{"type":"Point","coordinates":[21.607681,56.442784]},"properties":{"kategorija":"udens_punkts","id":"node/9961918449","nosaukums":"Dzeramā ūdens krāns","adrese":"","amenity":"drinking_water"}},{"type":"Feature","geometry":{"type":"Point","coordinates":[21.599024,56.443515]},"properties":{"kategorija":"udens_punkts","id":"node/9961918450","nosaukums":"Dzeramā ūdens krāns","adrese":"","amenity":"drinking_water"}},{"type":"Feature","geometry":{"type":"Point","coordinates":[21.597635,56.443577]},"properties":{"kategorija":"udens_punkts","id":"node/9961918451","nosaukums":"Dzeramā ūdens krāns","adrese":"","amenity":"drinking_water"}},{"type":"Feature","geometry":{"type":"Point","coordinates":[21.591611,56.445851]},"properties":{"kategorija":"udens_punkts","id":"node/9961918452","nosaukums":"Dzeramā ūdens krāns","adrese":"","amenity":"drinking_water"}},{"type":"Feature","geometry":{"type":"Point","coordinates":[21.591649,56.44702]},"properties":{"kategorija":"udens_punkts","id":"node/9961918453","nosaukums":"Dzeramā ūdens krāns","adrese":"","amenity":"drinking_water"}},{"type":"Feature","geometry":{"type":"Point","coordinates":[21.59358,56.446352]},"properties":{"kategorija":"udens_punkts","id":"node/9961918454","nosaukums":"Dzeramā ūdens krāns","adrese":"","amenity":"drinking_water"}},{"type":"Feature","geometry":{"type":"Point","coordinates":[20.997673,56.501382]},"properties":{"kategorija":"udens_punkts","id":"node/9961918455","nosaukums":"Dzeramā ūdens krāns","adrese":"","amenity":"drinking_water"}},{"type":"Feature","geometry":{"type":"Point","coordinates":[20.996815,56.504123]},"properties":{"kategorija":"udens_punkts","id":"node/9961918456","nosaukums":"Dzeramā ūdens krāns","adrese":"","amenity":"drinking_water"}},{"type":"Feature","geometry":{"type":"Point","coordinates":[20.992871,56.504344]},"properties":{"kategorija":"udens_punkts","id":"node/9961918457","nosaukums":"Dzeramā ūdens krāns","adrese":"","amenity":"drinking_water"}},{"type":"Feature","geometry":{"type":"Point","coordinates":[20.994432,56.505466]},"properties":{"kategorija":"udens_punkts","id":"node/9961918458","nosaukums":"Dzeramā ūdens krāns","adrese":"","amenity":"drinking_water"}},{"type":"Feature","geometry":{"type":"Point","coordinates":[20.992265,56.508421]},"properties":{"kategorija":"udens_punkts","id":"node/9961918459","nosaukums":"Dzeramā ūdens krāns","adrese":"","amenity":"drinking_water"}},{"type":"Feature","geometry":{"type":"Point","coordinates":[20.996611,56.513899]},"properties":{"kategorija":"udens_punkts","id":"node/9961918460","nosaukums":"Dzeramā ūdens krāns","adrese":"","amenity":"drinking_water"}},{"type":"Feature","geometry":{"type":"Point","coordinates":[21.16409,56.534809]},"properties":{"kategorija":"udens_punkts","id":"node/9961918462","nosaukums":"Dzeramā ūdens krāns","adrese":"","amenity":"drinking_water"}},{"type":"Feature","geometry":{"type":"Point","coordinates":[21.604606,56.719656]},"properties":{"kategorija":"udens_punkts","id":"node/9961918463","nosaukums":"Dzeramā ūdens krāns","adrese":"","amenity":"drinking_water"}},{"type":"Feature","geometry":{"type":"Point","coordinates":[21.605552,56.723559]},"properties":{"kategorija":"udens_punkts","id":"node/9961918464","nosaukums":"Dzeramā ūdens krāns","adrese":"","amenity":"drinking_water"}},{"type":"Feature","geometry":{"type":"Point","coordinates":[21.605837,56.717533]},"properties":{"kategorija":"udens_punkts","id":"node/9961918465","nosaukums":"Dzeramā ūdens krāns","adrese":"","amenity":"drinking_water"}},{"type":"Feature","geometry":{"type":"Point","coordinates":[21.610046,56.716918]},"properties":{"kategorija":"udens_punkts","id":"node/9961918466","nosaukums":"Dzeramā ūdens krāns","adrese":"","amenity":"drinking_water"}},{"type":"Feature","geometry":{"type":"Point","coordinates":[21.594848,56.715819]},"properties":{"kategorija":"udens_punkts","id":"node/9961918467","nosaukums":"Dzeramā ūdens krāns","adrese":"","amenity":"drinking_water"}},{"type":"Feature","geometry":{"type":"Point","coordinates":[21.560867,56.974475]},"properties":{"kategorija":"udens_punkts","id":"node/9961918468","nosaukums":"Dzeramā ūdens krāns","adrese":"","amenity":"drinking_water"}},{"type":"Feature","geometry":{"type":"Point","coordinates":[21.565074,56.97714]},"properties":{"kategorija":"udens_punkts","id":"node/9961918469","nosaukums":"Ūdens krāns","adrese":"","amenity":"drinking_water","man_made":"water_tap"}},{"type":"Feature","geometry":{"type":"Point","coordinates":[22.602093,57.244507]},"properties":{"kategorija":"udens_punkts","id":"node/9961918470","nosaukums":"Dzeramā ūdens krāns","adrese":"","amenity":"drinking_water"}},{"type":"Feature","geometry":{"type":"Point","coordinates":[22.597504,57.245369]},"properties":{"kategorija":"udens_punkts","id":"node/9961918471","nosaukums":"Dzeramā ūdens krāns","adrese":"","amenity":"drinking_water"}},{"type":"Feature","geometry":{"type":"Point","coordinates":[22.595731,57.245598]},"properties":{"kategorija":"udens_punkts","id":"node/9961918472","nosaukums":"Dzeramā ūdens krāns","adrese":"","amenity":"drinking_water"}},{"type":"Feature","geometry":{"type":"Point","coordinates":[22.594731,57.242616]},"properties":{"kategorija":"udens_punkts","id":"node/9961918473","nosaukums":"Dzeramā ūdens krāns","adrese":"","amenity":"drinking_water"}},{"type":"Feature","geometry":{"type":"Point","coordinates":[22.586187,57.243683]},"properties":{"kategorija":"udens_punkts","id":"node/9961918474","nosaukums":"Dzeramā ūdens krāns","adrese":"","amenity":"drinking_water"}},{"type":"Feature","geometry":{"type":"Point","coordinates":[22.585571,57.246036]},"properties":{"kategorija":"udens_punkts","id":"node/9961918475","nosaukums":"Dzeramā ūdens krāns","adrese":"","fee":"yes","access":"yes","amenity":"drinking_water"}},{"type":"Feature","geometry":{"type":"Point","coordinates":[22.589241,57.370025]},"properties":{"kategorija":"udens_punkts","id":"node/9961918476","nosaukums":"Dzeramā ūdens krāns","adrese":"","amenity":"drinking_water"}},{"type":"Feature","geometry":{"type":"Point","coordinates":[22.590906,57.371261]},"properties":{"kategorija":"udens_punkts","id":"node/9961918477","nosaukums":"Dzeramā ūdens krāns","adrese":"","amenity":"drinking_water"}},{"type":"Feature","geometry":{"type":"Point","coordinates":[22.584527,57.374004]},"properties":{"kategorija":"udens_punkts","id":"node/9961918478","nosaukums":"Dzeramā ūdens krāns","adrese":"","amenity":"drinking_water"}},{"type":"Feature","geometry":{"type":"Point","coordinates":[22.588773,57.373388]},"properties":{"kategorija":"udens_punkts","id":"node/9961918479","nosaukums":"Dzeramā ūdens krāns","adrese":"","amenity":"drinking_water"}},{"type":"Feature","geometry":{"type":"Point","coordinates":[21.591001,57.408049]},"properties":{"kategorija":"udens_punkts","id":"node/9961918480","nosaukums":"Dzeramā ūdens krāns","adrese":"","amenity":"drinking_water"}},{"type":"Feature","geometry":{"type":"Point","coordinates":[21.569044,57.395031]},"properties":{"kategorija":"udens_punkts","id":"node/9961918481","nosaukums":"Dzeramā ūdens krāns","adrese":"","fee":"no","access":"yes","amenity":"drinking_water"}},{"type":"Feature","geometry":{"type":"Point","coordinates":[21.547787,57.388833]},"properties":{"kategorija":"udens_punkts","id":"node/9961918482","nosaukums":"Ūdens krāns","adrese":"","amenity":"drinking_water","man_made":"water_tap"}},{"type":"Feature","geometry":{"type":"Point","coordinates":[21.967799,56.971638]},"properties":{"kategorija":"udens_punkts","id":"node/9961918483","nosaukums":"Dzeramā ūdens krāns","adrese":"","fee":"no","access":"yes","amenity":"drinking_water","man_made":"water_well"}},{"type":"Feature","geometry":{"type":"Point","coordinates":[21.961779,56.968406]},"properties":{"kategorija":"udens_punkts","id":"node/9961918485","nosaukums":"Ūdens krāns","adrese":"","fee":"no","access":"yes","amenity":"drinking_water","man_made":"water_tap"}},{"type":"Feature","geometry":{"type":"Point","coordinates":[24.087352,57.00502]},"properties":{"kategorija":"udens_punkts","id":"node/9962096749","nosaukums":"Ūdens krāns","adrese":"","operator":"Rīgas ūdens","seasonal":"no","drinking_water":"yes","fee":"no","access":"yes","amenity":"drinking_water","man_made":"water_tap"}},{"type":"Feature","geometry":{"type":"Point","coordinates":[24.697517,57.181618]},"properties":{"kategorija":"udens_punkts","id":"node/9962209165","nosaukums":"Dzeramā ūdens krāns","adrese":"","seasonal":"yes","amenity":"drinking_water"}},{"type":"Feature","geometry":{"type":"Point","coordinates":[24.411447,57.266392]},"properties":{"kategorija":"udens_punkts","id":"node/9962209167","nosaukums":"Dzeramā ūdens krāns","adrese":"","amenity":"drinking_water"}},{"type":"Feature","geometry":{"type":"Point","coordinates":[24.851066,57.165297]},"properties":{"kategorija":"udens_punkts","id":"node/9962209173","nosaukums":"Ūdens krāns","adrese":"","seasonal":"yes","fee":"no","access":"yes","amenity":"drinking_water","man_made":"water_tap"}},{"type":"Feature","geometry":{"type":"Point","coordinates":[25.270296,57.31137]},"properties":{"kategorija":"udens_punkts","id":"node/9962209175","nosaukums":"Dzeramā ūdens krāns","adrese":"","fee":"no","access":"yes","amenity":"drinking_water"}},{"type":"Feature","geometry":{"type":"Point","coordinates":[25.353067,57.309713]},"properties":{"kategorija":"udens_punkts","id":"node/9962209176","nosaukums":"Dzeramā ūdens krāns","adrese":"","amenity":"drinking_water"}},{"type":"Feature","geometry":{"type":"Point","coordinates":[24.714494,57.510732]},"properties":{"kategorija":"udens_punkts","id":"node/9962209177","nosaukums":"Dzeramā ūdens krāns","adrese":"","fee":"no","access":"yes","amenity":"drinking_water"}},{"type":"Feature","geometry":{"type":"Point","coordinates":[24.710312,57.514077]},"properties":{"kategorija":"udens_punkts","id":"node/9962209178","nosaukums":"Dzeramā ūdens krāns","adrese":"","amenity":"drinking_water"}},{"type":"Feature","geometry":{"type":"Point","coordinates":[25.429903,57.533932]},"properties":{"kategorija":"udens_punkts","id":"node/9962209179","nosaukums":"Dzeramā ūdens krāns","adrese":"","amenity":"drinking_water"}},{"type":"Feature","geometry":{"type":"Point","coordinates":[25.427992,57.538367]},"properties":{"kategorija":"udens_punkts","id":"node/9962209180","nosaukums":"Dzeramā ūdens krāns","adrese":"","amenity":"drinking_water"}},{"type":"Feature","geometry":{"type":"Point","coordinates":[25.409137,57.536169]},"properties":{"kategorija":"udens_punkts","id":"node/9962209182","nosaukums":"Dzeramā ūdens krāns","adrese":"","amenity":"drinking_water"}},{"type":"Feature","geometry":{"type":"Point","coordinates":[25.40583,57.541236]},"properties":{"kategorija":"udens_punkts","id":"node/9962209183","nosaukums":"Dzeramā ūdens krāns","adrese":"","amenity":"drinking_water"}},{"type":"Feature","geometry":{"type":"Point","coordinates":[25.691011,57.626751]},"properties":{"kategorija":"udens_punkts","id":"node/9962209184","nosaukums":"Dzeramā ūdens krāns","adrese":"","amenity":"drinking_water"}},{"type":"Feature","geometry":{"type":"Point","coordinates":[25.683329,57.636402]},"properties":{"kategorija":"udens_punkts","id":"node/9962209185","nosaukums":"Dzeramā ūdens krāns","adrese":"","amenity":"drinking_water"}},{"type":"Feature","geometry":{"type":"Point","coordinates":[25.750316,57.651255]},"properties":{"kategorija":"udens_punkts","id":"node/9962209186","nosaukums":"Dzeramā ūdens krāns","adrese":"","amenity":"drinking_water"}},{"type":"Feature","geometry":{"type":"Point","coordinates":[24.750652,57.832941]},"properties":{"kategorija":"udens_punkts","id":"node/9962209187","nosaukums":"Dzeramā ūdens krāns","adrese":"","amenity":"drinking_water"}},{"type":"Feature","geometry":{"type":"Point","coordinates":[24.74826,57.83558]},"properties":{"kategorija":"udens_punkts","id":"node/9962209188","nosaukums":"Dzeramā ūdens krāns","adrese":"","amenity":"drinking_water"}},{"type":"Feature","geometry":{"type":"Point","coordinates":[24.750459,57.836093]},"properties":{"kategorija":"udens_punkts","id":"node/9962209189","nosaukums":"Dzeramā ūdens krāns","adrese":"","amenity":"drinking_water"}},{"type":"Feature","geometry":{"type":"Point","coordinates":[24.886769,57.762982]},"properties":{"kategorija":"udens_punkts","id":"node/9962209190","nosaukums":"Dzeramā ūdens krāns","adrese":"","amenity":"drinking_water"}},{"type":"Feature","geometry":{"type":"Point","coordinates":[25.054825,57.861667]},"properties":{"kategorija":"udens_punkts","id":"node/9962209191","nosaukums":"Dzeramā ūdens krāns","adrese":"","amenity":"drinking_water"}},{"type":"Feature","geometry":{"type":"Point","coordinates":[25.61073,57.817532]},"properties":{"kategorija":"udens_punkts","id":"node/9962209192","nosaukums":"Dzeramā ūdens krāns","adrese":"","amenity":"drinking_water"}},{"type":"Feature","geometry":{"type":"Point","coordinates":[25.83442,57.807764]},"properties":{"kategorija":"udens_punkts","id":"node/9962209193","nosaukums":"Dzeramā ūdens krāns","adrese":"","amenity":"drinking_water"}},{"type":"Feature","geometry":{"type":"Point","coordinates":[25.832773,57.807591]},"properties":{"kategorija":"udens_punkts","id":"node/9962209194","nosaukums":"Dzeramā ūdens krāns","adrese":"","amenity":"drinking_water"}},{"type":"Feature","geometry":{"type":"Point","coordinates":[26.271736,57.457263]},"properties":{"kategorija":"udens_punkts","id":"node/9962209196","nosaukums":"Dzeramā ūdens krāns","adrese":"","amenity":"drinking_water"}},{"type":"Feature","geometry":{"type":"Point","coordinates":[26.948068,57.589728]},"properties":{"kategorija":"udens_punkts","id":"node/9962209197","nosaukums":"Dzeramā ūdens krāns","adrese":"","amenity":"drinking_water"}},{"type":"Feature","geometry":{"type":"Point","coordinates":[27.668155,57.265145]},"properties":{"kategorija":"udens_punkts","id":"node/9962209198","nosaukums":"Dzeramā ūdens krāns","adrese":"","amenity":"drinking_water"}},{"type":"Feature","geometry":{"type":"Point","coordinates":[27.670384,57.267562]},"properties":{"kategorija":"udens_punkts","id":"node/9962209199","nosaukums":"Dzeramā ūdens krāns","adrese":"","amenity":"drinking_water"}},{"type":"Feature","geometry":{"type":"Point","coordinates":[27.668947,57.267425]},"properties":{"kategorija":"udens_punkts","id":"node/9962209200","nosaukums":"Dzeramā ūdens krāns","adrese":"","amenity":"drinking_water"}},{"type":"Feature","geometry":{"type":"Point","coordinates":[27.68714,57.184117]},"properties":{"kategorija":"udens_punkts","id":"node/9962209201","nosaukums":"Dzeramā ūdens krāns","adrese":"","amenity":"drinking_water"}},{"type":"Feature","geometry":{"type":"Point","coordinates":[26.300475,57.11566]},"properties":{"kategorija":"udens_punkts","id":"node/9962209202","nosaukums":"Dzeramā ūdens krāns","adrese":"","amenity":"drinking_water"}},{"type":"Feature","geometry":{"type":"Point","coordinates":[25.62774,56.901228]},"properties":{"kategorija":"udens_punkts","id":"node/9962209203","nosaukums":"Dzeramā ūdens krāns","adrese":"","amenity":"drinking_water"}},{"type":"Feature","geometry":{"type":"Point","coordinates":[25.628035,56.899769]},"properties":{"kategorija":"udens_punkts","id":"node/9962209204","nosaukums":"Dzeramā ūdens krāns","adrese":"","amenity":"drinking_water"}},{"type":"Feature","geometry":{"type":"Point","coordinates":[26.216328,56.852376]},"properties":{"kategorija":"udens_punkts","id":"node/9962209205","nosaukums":"Dzeramā ūdens krāns","adrese":"","fee":"no","access":"yes","amenity":"drinking_water"}},{"type":"Feature","geometry":{"type":"Point","coordinates":[26.218556,56.86025]},"properties":{"kategorija":"udens_punkts","id":"node/9962209206","nosaukums":"Dzeramā ūdens krāns","adrese":"","amenity":"drinking_water"}},{"type":"Feature","geometry":{"type":"Point","coordinates":[26.71699,56.892515]},"properties":{"kategorija":"udens_punkts","id":"node/9962209207","nosaukums":"Dzeramā ūdens krāns","adrese":"","amenity":"drinking_water"}},{"type":"Feature","geometry":{"type":"Point","coordinates":[26.717087,56.896219]},"properties":{"kategorija":"udens_punkts","id":"node/9962209208","nosaukums":"Dzeramā ūdens krāns","adrese":"","amenity":"drinking_water"}},{"type":"Feature","geometry":{"type":"Point","coordinates":[26.722398,56.902248]},"properties":{"kategorija":"udens_punkts","id":"node/9962209209","nosaukums":"Dzeramā ūdens krāns","adrese":"","amenity":"drinking_water"}},{"type":"Feature","geometry":{"type":"Point","coordinates":[26.708958,56.905285]},"properties":{"kategorija":"udens_punkts","id":"node/9962209210","nosaukums":"Dzeramā ūdens krāns","adrese":"","amenity":"drinking_water"}},{"type":"Feature","geometry":{"type":"Point","coordinates":[27.668096,56.787012]},"properties":{"kategorija":"udens_punkts","id":"node/9962209211","nosaukums":"Dzeramā ūdens krāns","adrese":"","amenity":"drinking_water"}},{"type":"Feature","geometry":{"type":"Point","coordinates":[27.676159,56.787676]},"properties":{"kategorija":"udens_punkts","id":"node/9962209212","nosaukums":"Dzeramā ūdens krāns","adrese":"","amenity":"drinking_water"}},{"type":"Feature","geometry":{"type":"Point","coordinates":[27.676288,56.787693]},"properties":{"kategorija":"udens_punkts","id":"node/9962209213","nosaukums":"Dzeramā ūdens krāns","adrese":"","amenity":"drinking_water"}},{"type":"Feature","geometry":{"type":"Point","coordinates":[27.339086,56.489007]},"properties":{"kategorija":"udens_punkts","id":"node/9962209214","nosaukums":"Dzeramā ūdens krāns","adrese":"","amenity":"drinking_water"}},{"type":"Feature","geometry":{"type":"Point","coordinates":[27.331137,56.501614]},"properties":{"kategorija":"udens_punkts","id":"node/9962209215","nosaukums":"Ūdens krāns","adrese":"","amenity":"drinking_water","man_made":"water_tap"}},{"type":"Feature","geometry":{"type":"Point","coordinates":[27.726971,56.544347]},"properties":{"kategorija":"udens_punkts","id":"node/9962237017","nosaukums":"Dzeramā ūdens krāns","adrese":"","amenity":"drinking_water"}},{"type":"Feature","geometry":{"type":"Point","coordinates":[27.723189,56.547736]},"properties":{"kategorija":"udens_punkts","id":"node/9962237018","nosaukums":"Dzeramā ūdens krāns","adrese":"","amenity":"drinking_water"}},{"type":"Feature","geometry":{"type":"Point","coordinates":[27.730265,56.549066]},"properties":{"kategorija":"udens_punkts","id":"node/9962237019","nosaukums":"Dzeramā ūdens krāns","adrese":"","amenity":"drinking_water"}},{"type":"Feature","geometry":{"type":"Point","coordinates":[27.771018,56.523862]},"properties":{"kategorija":"udens_punkts","id":"node/9962237020","nosaukums":"Dzeramā ūdens krāns","adrese":"","amenity":"drinking_water"}},{"type":"Feature","geometry":{"type":"Point","coordinates":[28.123927,56.390474]},"properties":{"kategorija":"udens_punkts","id":"node/9962237021","nosaukums":"Dzeramā ūdens krāns","adrese":"","amenity":"drinking_water"}},{"type":"Feature","geometry":{"type":"Point","coordinates":[28.123755,56.385426]},"properties":{"kategorija":"udens_punkts","id":"node/9962237022","nosaukums":"Dzeramā ūdens krāns","adrese":"","amenity":"drinking_water"}},{"type":"Feature","geometry":{"type":"Point","coordinates":[28.006972,56.146476]},"properties":{"kategorija":"udens_punkts","id":"node/9962237023","nosaukums":"Dzeramā ūdens krāns","adrese":"","amenity":"drinking_water"}},{"type":"Feature","geometry":{"type":"Point","coordinates":[28.0065,56.144641]},"properties":{"kategorija":"udens_punkts","id":"node/9962237024","nosaukums":"Dzeramā ūdens krāns","adrese":"","amenity":"drinking_water"}},{"type":"Feature","geometry":{"type":"Point","coordinates":[28.002455,56.134497]},"properties":{"kategorija":"udens_punkts","id":"node/9962237025","nosaukums":"Dzeramā ūdens krāns","adrese":"","amenity":"drinking_water"}},{"type":"Feature","geometry":{"type":"Point","coordinates":[27.997059,56.133295]},"properties":{"kategorija":"udens_punkts","id":"node/9962237026","nosaukums":"Dzeramā ūdens krāns","adrese":"","amenity":"drinking_water"}},{"type":"Feature","geometry":{"type":"Point","coordinates":[27.999548,56.130335]},"properties":{"kategorija":"udens_punkts","id":"node/9962237027","nosaukums":"Dzeramā ūdens krāns","adrese":"","amenity":"drinking_water"}},{"type":"Feature","geometry":{"type":"Point","coordinates":[27.877346,56.09339]},"properties":{"kategorija":"udens_punkts","id":"node/9962237028","nosaukums":"Dzeramā ūdens krāns","adrese":"","amenity":"drinking_water"}},{"type":"Feature","geometry":{"type":"Point","coordinates":[27.660372,56.18375]},"properties":{"kategorija":"udens_punkts","id":"node/9962237029","nosaukums":"Dzeramā ūdens krāns","adrese":"","amenity":"drinking_water"}},{"type":"Feature","geometry":{"type":"Point","coordinates":[27.660688,56.187117]},"properties":{"kategorija":"udens_punkts","id":"node/9962237030","nosaukums":"Dzeramā ūdens krāns","adrese":"","amenity":"drinking_water"}},{"type":"Feature","geometry":{"type":"Point","coordinates":[27.535464,56.094979]},"properties":{"kategorija":"udens_punkts","id":"node/9962237031","nosaukums":"Ūdens krāns","adrese":"","amenity":"drinking_water","man_made":"water_tap"}},{"type":"Feature","geometry":{"type":"Point","coordinates":[27.533659,56.095682]},"properties":{"kategorija":"udens_punkts","id":"node/9962237032","nosaukums":"Dzeramā ūdens krāns","adrese":"","amenity":"drinking_water"}},{"type":"Feature","geometry":{"type":"Point","coordinates":[27.539828,56.09263]},"properties":{"kategorija":"udens_punkts","id":"node/9962237033","nosaukums":"Dzeramā ūdens krāns","adrese":"","amenity":"drinking_water"}},{"type":"Feature","geometry":{"type":"Point","coordinates":[27.543143,56.093851]},"properties":{"kategorija":"udens_punkts","id":"node/9962237034","nosaukums":"Dzeramā ūdens krāns","adrese":"","amenity":"drinking_water"}},{"type":"Feature","geometry":{"type":"Point","coordinates":[27.160011,55.887771]},"properties":{"kategorija":"udens_punkts","id":"node/9962237035","nosaukums":"Dzeramā ūdens krāns","adrese":"","amenity":"drinking_water"}},{"type":"Feature","geometry":{"type":"Point","coordinates":[27.173567,55.891155]},"properties":{"kategorija":"udens_punkts","id":"node/9962237036","nosaukums":"Dzeramā ūdens krāns","adrese":"","amenity":"drinking_water"}},{"type":"Feature","geometry":{"type":"Point","coordinates":[27.209905,55.894566]},"properties":{"kategorija":"udens_punkts","id":"node/9962237040","nosaukums":"Dzeramā ūdens krāns","adrese":"","amenity":"drinking_water"}},{"type":"Feature","geometry":{"type":"Point","coordinates":[27.20806,55.893733]},"properties":{"kategorija":"udens_punkts","id":"node/9962237041","nosaukums":"Dzeramā ūdens krāns","adrese":"","amenity":"drinking_water"}},{"type":"Feature","geometry":{"type":"Point","coordinates":[26.510878,55.869617]},"properties":{"kategorija":"udens_punkts","id":"node/9962237042","nosaukums":"Dzeramā ūdens krāns","adrese":"","amenity":"drinking_water"}},{"type":"Feature","geometry":{"type":"Point","coordinates":[26.590655,55.901754]},"properties":{"kategorija":"udens_punkts","id":"node/9962237045","nosaukums":"Dzeramā ūdens krāns","adrese":"","amenity":"drinking_water"}},{"type":"Feature","geometry":{"type":"Point","coordinates":[26.778156,56.199919]},"properties":{"kategorija":"udens_punkts","id":"node/9962237046","nosaukums":"Dzeramā ūdens krāns","adrese":"","amenity":"drinking_water"}},{"type":"Feature","geometry":{"type":"Point","coordinates":[26.730208,56.283365]},"properties":{"kategorija":"udens_punkts","id":"node/9962237047","nosaukums":"Dzeramā ūdens krāns","adrese":"","amenity":"drinking_water"}},{"type":"Feature","geometry":{"type":"Point","coordinates":[26.73435,56.288554]},"properties":{"kategorija":"udens_punkts","id":"node/9962237048","nosaukums":"Dzeramā ūdens krāns","adrese":"","amenity":"drinking_water"}},{"type":"Feature","geometry":{"type":"Point","coordinates":[26.724121,56.291675]},"properties":{"kategorija":"udens_punkts","id":"node/9962237049","nosaukums":"Dzeramā ūdens krāns","adrese":"","amenity":"drinking_water"}},{"type":"Feature","geometry":{"type":"Point","coordinates":[26.723213,56.288917]},"properties":{"kategorija":"udens_punkts","id":"node/9962237050","nosaukums":"Dzeramā ūdens krāns","adrese":"","amenity":"drinking_water","man_made":"water_well"}},{"type":"Feature","geometry":{"type":"Point","coordinates":[26.727319,56.293062]},"properties":{"kategorija":"udens_punkts","id":"node/9962237051","nosaukums":"Dzeramā ūdens krāns","adrese":"","amenity":"drinking_water","man_made":"water_well"}},{"type":"Feature","geometry":{"type":"Point","coordinates":[26.736572,56.29235]},"properties":{"kategorija":"udens_punkts","id":"node/9962237052","nosaukums":"Dzeramā ūdens krāns","adrese":"","amenity":"drinking_water"}},{"type":"Feature","geometry":{"type":"Point","coordinates":[26.737171,56.293199]},"properties":{"kategorija":"udens_punkts","id":"node/9962237053","nosaukums":"Dzeramā ūdens krāns","adrese":"","amenity":"drinking_water"}},{"type":"Feature","geometry":{"type":"Point","coordinates":[26.738137,56.297193]},"properties":{"kategorija":"udens_punkts","id":"node/9962237054","nosaukums":"Dzeramā ūdens krāns","adrese":"","amenity":"drinking_water"}},{"type":"Feature","geometry":{"type":"Point","coordinates":[26.71964,56.295484]},"properties":{"kategorija":"udens_punkts","id":"node/9962237055","nosaukums":"Dzeramā ūdens krāns","adrese":"","amenity":"drinking_water"}},{"type":"Feature","geometry":{"type":"Point","coordinates":[26.726784,56.296325]},"properties":{"kategorija":"udens_punkts","id":"node/9962237056","nosaukums":"Dzeramā ūdens krāns","adrese":"","amenity":"drinking_water"}},{"type":"Feature","geometry":{"type":"Point","coordinates":[26.717395,56.296425]},"properties":{"kategorija":"udens_punkts","id":"node/9962237057","nosaukums":"Dzeramā ūdens krāns","adrese":"","amenity":"drinking_water"}},{"type":"Feature","geometry":{"type":"Point","coordinates":[26.713449,56.298399]},"properties":{"kategorija":"udens_punkts","id":"node/9962237058","nosaukums":"Dzeramā ūdens krāns","adrese":"","amenity":"drinking_water"}},{"type":"Feature","geometry":{"type":"Point","coordinates":[26.178145,56.3479]},"properties":{"kategorija":"udens_punkts","id":"node/9962237059","nosaukums":"Dzeramā ūdens krāns","adrese":"","amenity":"drinking_water"}},{"type":"Feature","geometry":{"type":"Point","coordinates":[26.177491,56.354023]},"properties":{"kategorija":"udens_punkts","id":"node/9962237060","nosaukums":"Dzeramā ūdens krāns","adrese":"","amenity":"drinking_water"}},{"type":"Feature","geometry":{"type":"Point","coordinates":[25.836368,56.494909]},"properties":{"kategorija":"udens_punkts","id":"node/9962237062","nosaukums":"Dzeramā ūdens krāns","adrese":"","amenity":"drinking_water"}},{"type":"Feature","geometry":{"type":"Point","coordinates":[25.839983,56.4923]},"properties":{"kategorija":"udens_punkts","id":"node/9962237063","nosaukums":"Dzeramā ūdens krāns","adrese":"","amenity":"drinking_water"}},{"type":"Feature","geometry":{"type":"Point","coordinates":[25.844543,56.493397]},"properties":{"kategorija":"udens_punkts","id":"node/9962237064","nosaukums":"Dzeramā ūdens krāns","adrese":"","amenity":"drinking_water"}},{"type":"Feature","geometry":{"type":"Point","coordinates":[25.845188,56.492245]},"properties":{"kategorija":"udens_punkts","id":"node/9962237066","nosaukums":"Dzeramā ūdens krāns","adrese":"","amenity":"drinking_water"}},{"type":"Feature","geometry":{"type":"Point","coordinates":[25.850472,56.496181]},"properties":{"kategorija":"udens_punkts","id":"node/9962237071","nosaukums":"Dzeramā ūdens krāns","adrese":"","amenity":"drinking_water"}},{"type":"Feature","geometry":{"type":"Point","coordinates":[25.847592,56.497526]},"properties":{"kategorija":"udens_punkts","id":"node/9962237072","nosaukums":"Dzeramā ūdens krāns","adrese":"","amenity":"drinking_water"}},{"type":"Feature","geometry":{"type":"Point","coordinates":[25.857522,56.498912]},"properties":{"kategorija":"udens_punkts","id":"node/9962237075","nosaukums":"Dzeramā ūdens krāns","adrese":"","amenity":"drinking_water"}},{"type":"Feature","geometry":{"type":"Point","coordinates":[25.866249,56.497503]},"properties":{"kategorija":"udens_punkts","id":"node/9962237076","nosaukums":"Dzeramā ūdens krāns","adrese":"","amenity":"drinking_water"}},{"type":"Feature","geometry":{"type":"Point","coordinates":[25.11936,56.64594]},"properties":{"kategorija":"udens_punkts","id":"node/9962237077","nosaukums":"Dzeramā ūdens krāns","adrese":"","amenity":"drinking_water"}},{"type":"Feature","geometry":{"type":"Point","coordinates":[25.0858,56.617332]},"properties":{"kategorija":"udens_punkts","id":"node/9962237078","nosaukums":"Dzeramā ūdens krāns","adrese":"","amenity":"drinking_water"}},{"type":"Feature","geometry":{"type":"Point","coordinates":[25.076895,56.616541]},"properties":{"kategorija":"udens_punkts","id":"node/9962237079","nosaukums":"Dzeramā ūdens krāns","adrese":"","amenity":"drinking_water"}},{"type":"Feature","geometry":{"type":"Point","coordinates":[25.081589,56.617496]},"properties":{"kategorija":"udens_punkts","id":"node/9962237080","nosaukums":"Dzeramā ūdens krāns","adrese":"","amenity":"drinking_water","man_made":"water_well"}},{"type":"Feature","geometry":{"type":"Point","coordinates":[24.101036,56.979764]},"properties":{"kategorija":"udens_punkts","id":"node/9962237083","nosaukums":"Ūdens krāns","adrese":"","operator":"Rīgas ūdens","seasonal":"no","drinking_water":"yes","fee":"no","access":"yes","amenity":"drinking_water","man_made":"water_tap"}},{"type":"Feature","geometry":{"type":"Point","coordinates":[24.102261,57.00072]},"properties":{"kategorija":"udens_punkts","id":"node/9962237085","nosaukums":"Ūdens krāns","adrese":"","operator":"Rīgas ūdens","seasonal":"no","drinking_water":"yes","fee":"no","access":"yes","amenity":"drinking_water","man_made":"water_tap"}},{"type":"Feature","geometry":{"type":"Point","coordinates":[21.306829,56.733327]},"properties":{"kategorija":"udens_punkts","id":"way/1421933452","nosaukums":"Avots (dzeramais ūdens)","adrese":"","drinking_water":"yes","natural":"spring"}}]}