{"type":"FeatureCollection","features":[{"type":"Feature","geometry":{"type":"Point","coordinates":[23.998447,56.955765]},"properties":{"kategorija":"ev_uzlade","id":"node/10055850601","nosaukums":"Elektroauto uzlāde: Elektrum","adrese":"Tālavas gatve 1, Rīga","operator":"Elektrum","capacity":"2"}},{"type":"Feature","geometry":{"type":"Point","coordinates":[24.232042,56.970982]},"properties":{"kategorija":"ev_uzlade","id":"node/10118165486","nosaukums":"Elektroauto uzlādes stacija","adrese":"Druvienas iela 30A, Rīga","capacity":"1"}},{"type":"Feature","geometry":{"type":"Point","coordinates":[24.176821,56.924302]},"properties":{"kategorija":"ev_uzlade","id":"node/10118429507","nosaukums":"Elektroauto uzlāde: Riga Supercharger","adrese":"Latgales iela 257, Rīga","name":"Riga Supercharger","operator":"Tesla","brand":"Tesla Supercharger","opening_hours":"24/7","capacity":"4","fee":"yes","access":"customers","socket:type2_combo":"4","socket:type2_combo:output":"250 kW"}},{"type":"Feature","geometry":{"type":"Point","coordinates":[27.351244,56.514847]},"properties":{"kategorija":"ev_uzlade","id":"node/10118429508","nosaukums":"Elektroauto uzlāde: Rezekne Supercharger","adrese":"Stacijas iela 30, Rēzekne","name":"Rezekne Supercharger","operator":"Tesla","brand":"Tesla Supercharger","opening_hours":"24/7","capacity":"4","fee":"yes","access":"customers","socket:type2_combo":"4","socket:type2_combo:output":"150 kW"}},{"type":"Feature","geometry":{"type":"Point","coordinates":[25.388323,57.53004]},"properties":{"kategorija":"ev_uzlade","id":"node/10118429509","nosaukums":"Elektroauto uzlādes stacija","adrese":"Rīgas iela 86A, Valmiera","capacity":"2","access":"yes"}},{"type":"Feature","geometry":{"type":"Point","coordinates":[25.686861,57.627621]},"properties":{"kategorija":"ev_uzlade","id":"node/10118429516","nosaukums":"Elektroauto uzlāde: CSDD","adrese":"","operator":"CSDD","capacity":"3","access":"yes"}},{"type":"Feature","geometry":{"type":"Point","coordinates":[25.987742,57.759298]},"properties":{"kategorija":"ev_uzlade","id":"node/10118506317","nosaukums":"Elektroauto uzlāde: CSDD","adrese":"Rīgas iela 80, Valka","operator":"CSDD","capacity":"3"}},{"type":"Feature","geometry":{"type":"Point","coordinates":[24.420488,57.229561]},"properties":{"kategorija":"ev_uzlade","id":"node/10118506318","nosaukums":"Elektroauto uzlāde: CSDD","adrese":"","operator":"CSDD","capacity":"3"}},{"type":"Feature","geometry":{"type":"Point","coordinates":[24.317615,57.078702]},"properties":{"kategorija":"ev_uzlade","id":"node/10118506319","nosaukums":"Elektroauto uzlāde: CSDD","adrese":"Rīgas gatve 45, Ādaži","operator":"CSDD","capacity":"3"}},{"type":"Feature","geometry":{"type":"Point","coordinates":[24.62525,57.113701]},"properties":{"kategorija":"ev_uzlade","id":"node/10118506320","nosaukums":"Elektroauto uzlāde: CSDD","adrese":"","operator":"CSDD","capacity":"3","access":"yes"}},{"type":"Feature","geometry":{"type":"Point","coordinates":[24.851889,57.155741]},"properties":{"kategorija":"ev_uzlade","id":"node/10118506321","nosaukums":"Elektroauto uzlāde: CSDD","adrese":"Pils iela 10, Sigulda","operator":"CSDD","capacity":"3","access":"yes"}},{"type":"Feature","geometry":{"type":"Point","coordinates":[25.491316,57.279622]},"properties":{"kategorija":"ev_uzlade","id":"node/10118506322","nosaukums":"Elektroauto uzlāde: CSDD","adrese":"Bērzkrogs","operator":"CSDD","capacity":"3","access":"yes"}},{"type":"Feature","geometry":{"type":"Point","coordinates":[25.955037,57.383132]},"properties":{"kategorija":"ev_uzlade","id":"node/10118506323","nosaukums":"Elektroauto uzlāde: CSDD","adrese":"","operator":"CSDD","capacity":"3","access":"yes"}},{"type":"Feature","geometry":{"type":"Point","coordinates":[26.374817,57.455771]},"properties":{"kategorija":"ev_uzlade","id":"node/10118506378","nosaukums":"Elektroauto uzlāde: CSDD","adrese":"","operator":"CSDD","capacity":"3","access":"yes"}},{"type":"Feature","geometry":{"type":"Point","coordinates":[26.692177,57.539365]},"properties":{"kategorija":"ev_uzlade","id":"node/10118506380","nosaukums":"Elektroauto uzlāde: CSDD","adrese":"Dzirnavu iela 1B, Ape","operator":"CSDD","capacity":"3","access":"yes"}},{"type":"Feature","geometry":{"type":"Point","coordinates":[26.982947,57.569415]},"properties":{"kategorija":"ev_uzlade","id":"node/10118506381","nosaukums":"Elektroauto uzlāde: CSDD","adrese":"","operator":"CSDD","capacity":"3","access":"yes"}},{"type":"Feature","geometry":{"type":"Point","coordinates":[27.052297,57.425456]},"properties":{"kategorija":"ev_uzlade","id":"node/10118506382","nosaukums":"Elektroauto uzlāde: CSDD","adrese":"","operator":"CSDD","capacity":"3","access":"yes"}},{"type":"Feature","geometry":{"type":"Point","coordinates":[27.268093,57.131382]},"properties":{"kategorija":"ev_uzlade","id":"node/10118506383","nosaukums":"Elektroauto uzlāde: CSDD","adrese":"","operator":"CSDD","capacity":"3","access":"yes"}},{"type":"Feature","geometry":{"type":"Point","coordinates":[27.084907,56.848458]},"properties":{"kategorija":"ev_uzlade","id":"node/10118506384","nosaukums":"Elektroauto uzlāde: CSDD","adrese":"Dārza iela 25A, Bērzpils","operator":"CSDD","capacity":"3","access":"yes"}},{"type":"Feature","geometry":{"type":"Point","coordinates":[27.696641,56.779443]},"properties":{"kategorija":"ev_uzlade","id":"node/10118506390","nosaukums":"Elektroauto uzlāde: CSDD","adrese":"Malnavas fermas","operator":"CSDD","capacity":"3","access":"yes"}},{"type":"Feature","geometry":{"type":"Point","coordinates":[27.721661,56.544267]},"properties":{"kategorija":"ev_uzlade","id":"node/10118506391","nosaukums":"Elektroauto uzlāde: CSDD","adrese":"Raiņa iela 19, Ludza","operator":"CSDD","capacity":"3","access":"yes"}},{"type":"Feature","geometry":{"type":"Point","coordinates":[28.116956,56.389724]},"properties":{"kategorija":"ev_uzlade","id":"node/10118506392","nosaukums":"Elektroauto uzlāde: CSDD","adrese":"Stacijas iela 3, Zilupe","operator":"CSDD","capacity":"3"}},{"type":"Feature","geometry":{"type":"Point","coordinates":[27.352278,56.516174]},"properties":{"kategorija":"ev_uzlade","id":"node/10118506393","nosaukums":"Elektroauto uzlāde: CSDD","adrese":"","operator":"CSDD","capacity":"3"}},{"type":"Feature","geometry":{"type":"Point","coordinates":[27.159846,56.344121]},"properties":{"kategorija":"ev_uzlade","id":"node/10118506394","nosaukums":"Elektroauto uzlāde: CSDD","adrese":"","operator":"CSDD","capacity":"3","access":"yes"}},{"type":"Feature","geometry":{"type":"Point","coordinates":[21.006588,56.485872]},"properties":{"kategorija":"ev_uzlade","id":"node/10133134327","nosaukums":"Elektroauto uzlāde: LVv","adrese":"","name":"LVv","operator":"CSDD"}},{"type":"Feature","geometry":{"type":"Point","coordinates":[24.231971,56.970968]},"properties":{"kategorija":"ev_uzlade","id":"node/10143247200","nosaukums":"Elektroauto uzlādes stacija","adrese":"Druvienas iela 30A, Rīga","capacity":"1"}},{"type":"Feature","geometry":{"type":"Point","coordinates":[24.034319,56.951716]},"properties":{"kategorija":"ev_uzlade","id":"node/10159251944","nosaukums":"Elektroauto uzlādes stacija","adrese":"Jūrmalas gatve 46B, Rīga"}},{"type":"Feature","geometry":{"type":"Point","coordinates":[24.575049,56.817666]},"properties":{"kategorija":"ev_uzlade","id":"node/10280120232","nosaukums":"Elektroauto uzlāde: e-mobi","adrese":"Rīgas iela 33, Ogre","operator":"e-mobi","capacity":"50"}},{"type":"Feature","geometry":{"type":"Point","coordinates":[23.726239,56.648744]},"properties":{"kategorija":"ev_uzlade","id":"node/10554835375","nosaukums":"Elektroauto uzlādes stacija","adrese":"Katoļu iela 18, Jelgava"}},{"type":"Feature","geometry":{"type":"Point","coordinates":[21.391719,57.012462]},"properties":{"kategorija":"ev_uzlade","id":"node/10555063476","nosaukums":"Elektroauto uzlādes stacija","adrese":"Jūrkalne","capacity":"2"}},{"type":"Feature","geometry":{"type":"Point","coordinates":[24.187146,56.950758]},"properties":{"kategorija":"ev_uzlade","id":"node/10646883063","nosaukums":"Elektroauto uzlādes stacija","adrese":"Gunāra Astras iela 10, Rīga"}},{"type":"Feature","geometry":{"type":"Point","coordinates":[24.097691,56.93645]},"properties":{"kategorija":"ev_uzlade","id":"node/10811923824","nosaukums":"Elektroauto uzlādes stacija","adrese":"Jelgavas iela 1, Rīga","capacity":"2"}},{"type":"Feature","geometry":{"type":"Point","coordinates":[24.004024,56.944204]},"properties":{"kategorija":"ev_uzlade","id":"node/10880517719","nosaukums":"Elektroauto uzlāde: Elektrum","adrese":"Imantas 18. līnija 4, Rīga","operator":"Elektrum","opening_hours":"24/7","capacity":"2","fee":"yes","socket:type2":"2","motorcar":"yes"}},{"type":"Feature","geometry":{"type":"Point","coordinates":[24.079356,56.951022]},"properties":{"kategorija":"ev_uzlade","id":"node/10931360032","nosaukums":"Elektroauto uzlādes stacija","adrese":"Ķīpsalas iela 6, Rīga","capacity":"1"}},{"type":"Feature","geometry":{"type":"Point","coordinates":[24.079407,56.950927]},"properties":{"kategorija":"ev_uzlade","id":"node/10931360033","nosaukums":"Elektroauto uzlādes stacija","adrese":"Ķīpsalas iela 6, Rīga","capacity":"1"}},{"type":"Feature","geometry":{"type":"Point","coordinates":[24.078948,56.951277]},"properties":{"kategorija":"ev_uzlade","id":"node/10931360036","nosaukums":"Elektroauto uzlādes stacija","adrese":"Ķīpsalas iela 6, Rīga"}},{"type":"Feature","geometry":{"type":"Point","coordinates":[23.842392,56.978908]},"properties":{"kategorija":"ev_uzlade","id":"node/10951652680","nosaukums":"Elektroauto uzlādes stacija","adrese":""}},{"type":"Feature","geometry":{"type":"Point","coordinates":[23.922143,56.945995]},"properties":{"kategorija":"ev_uzlade","id":"node/10957889538","nosaukums":"Elektroauto uzlādes stacija","adrese":"Rīgas iela 23, Piņķi"}},{"type":"Feature","geometry":{"type":"Point","coordinates":[23.905266,56.942975]},"properties":{"kategorija":"ev_uzlade","id":"node/10967633833","nosaukums":"Elektroauto uzlāde: e-mobi","adrese":"Rīgas iela 1, Piņķi","operator":"e-mobi","capacity":"2"}},{"type":"Feature","geometry":{"type":"Point","coordinates":[24.859433,57.144512]},"properties":{"kategorija":"ev_uzlade","id":"node/10973231757","nosaukums":"Elektroauto uzlāde: Eleport","adrese":"Vidzemes šoseja 16, Sigulda","operator":"Eleport","brand":"Eleport","socket:type2":"1","socket:type2_combo":"1","socket:type2_combo:output":"50 kW"}},{"type":"Feature","geometry":{"type":"Point","coordinates":[21.054102,56.544666]},"properties":{"kategorija":"ev_uzlade","id":"node/11012029874","nosaukums":"Elektroauto uzlādes stacija","adrese":"Cukura iela 29, Liepāja"}},{"type":"Feature","geometry":{"type":"Point","coordinates":[24.844508,57.144043]},"properties":{"kategorija":"ev_uzlade","id":"node/11021683352","nosaukums":"Elektroauto uzlāde: Eleport","adrese":"Strēlnieku iela 1, Sigulda","operator":"Eleport","brand":"Eleport","capacity":"4","fee":"yes","access":"yes","socket:type2":"1","socket:type2_combo:output":"50"}},{"type":"Feature","geometry":{"type":"Point","coordinates":[24.101498,57.038841]},"properties":{"kategorija":"ev_uzlade","id":"node/11081122587","nosaukums":"Elektroauto uzlādes stacija","adrese":"Kalngales iela 4A, Rīga"}},{"type":"Feature","geometry":{"type":"Point","coordinates":[24.101561,57.038848]},"properties":{"kategorija":"ev_uzlade","id":"node/11081122588","nosaukums":"Elektroauto uzlādes stacija","adrese":"Kalngales iela 4A, Rīga"}},{"type":"Feature","geometry":{"type":"Point","coordinates":[24.101586,57.038834]},"properties":{"kategorija":"ev_uzlade","id":"node/11081122589","nosaukums":"Elektroauto uzlādes stacija","adrese":"Kalngales iela 4A, Rīga"}},{"type":"Feature","geometry":{"type":"Point","coordinates":[24.184421,56.98122]},"properties":{"kategorija":"ev_uzlade","id":"node/11091482891","nosaukums":"Elektroauto uzlādes stacija","adrese":"Ropažu iela 63, Rīga"}},{"type":"Feature","geometry":{"type":"Point","coordinates":[26.093033,56.543704]},"properties":{"kategorija":"ev_uzlade","id":"node/11112686558","nosaukums":"Elektroauto uzlāde: e-mobi","adrese":"Kūkas","brand":"e-mobi","capacity":"1","fee":"yes","access":"yes"}},{"type":"Feature","geometry":{"type":"Point","coordinates":[24.182039,56.978414]},"properties":{"kategorija":"ev_uzlade","id":"node/11115555105","nosaukums":"Elektroauto uzlāde: CSDD Charging Station","adrese":"Brīvības gatve 255, Rīga","name":"CSDD Charging Station","operator":"CSDD","capacity":"2"}},{"type":"Feature","geometry":{"type":"Point","coordinates":[23.85699,56.982652]},"properties":{"kategorija":"ev_uzlade","id":"node/11118886605","nosaukums":"Elektroauto uzlāde: Elektrum EV charging station (150kw)","adrese":"Vienības prospekts 11A, Jūrmala","name":"Elektrum EV charging station (150kw)","capacity":"2"}},{"type":"Feature","geometry":{"type":"Point","coordinates":[21.583357,57.386037]},"properties":{"kategorija":"ev_uzlade","id":"node/11124710349","nosaukums":"Elektroauto uzlādes stacija","adrese":"Rūpniecības iela 2, Ventspils"}},{"type":"Feature","geometry":{"type":"Point","coordinates":[24.320832,57.0708]},"properties":{"kategorija":"ev_uzlade","id":"node/11128596358","nosaukums":"Elektroauto uzlāde: Energolukss","adrese":"Rīgas gatve 5, Ādaži","operator":"Energolukss"}},{"type":"Feature","geometry":{"type":"Point","coordinates":[21.569119,57.397355]},"properties":{"kategorija":"ev_uzlade","id":"node/11155997052","nosaukums":"Elektroauto uzlādes stacija","adrese":"Katrīnas iela 12, Ventspils","opening_hours":"24/7","capacity":"4","fee":"yes","access":"yes","motorcar":"yes"}},{"type":"Feature","geometry":{"type":"Point","coordinates":[24.10022,56.952549]},"properties":{"kategorija":"ev_uzlade","id":"node/11178317973","nosaukums":"Elektroauto uzlādes stacija","adrese":"Muitas iela 4, Rīga","capacity":"2","fee":"yes","access":"yes"}},{"type":"Feature","geometry":{"type":"Point","coordinates":[24.199927,56.982589]},"properties":{"kategorija":"ev_uzlade","id":"node/11230809016","nosaukums":"Elektroauto uzlādes stacija","adrese":"Brīvības gatve 366, Rīga"}},{"type":"Feature","geometry":{"type":"Point","coordinates":[24.200168,56.982763]},"properties":{"kategorija":"ev_uzlade","id":"node/11230809019","nosaukums":"Elektroauto uzlādes stacija","adrese":"Brīvības gatve 366, Rīga"}},{"type":"Feature","geometry":{"type":"Point","coordinates":[24.199991,56.98288]},"properties":{"kategorija":"ev_uzlade","id":"node/11230809031","nosaukums":"Elektroauto uzlādes stacija","adrese":"Brīvības gatve 366, Rīga"}},{"type":"Feature","geometry":{"type":"Point","coordinates":[24.199839,56.982692]},"properties":{"kategorija":"ev_uzlade","id":"node/11230845138","nosaukums":"Elektroauto uzlādes stacija","adrese":"Brīvības gatve 366, Rīga"}},{"type":"Feature","geometry":{"type":"Point","coordinates":[24.232612,56.988823]},"properties":{"kategorija":"ev_uzlade","id":"node/11295897782","nosaukums":"Elektroauto uzlādes stacija","adrese":"Brīvības gatve 403, Rīga","capacity":"1"}},{"type":"Feature","geometry":{"type":"Point","coordinates":[21.01043,56.512386]},"properties":{"kategorija":"ev_uzlade","id":"node/11301651643","nosaukums":"Elektroauto uzlāde: Elektrum","adrese":"Jūras iela 16, Liepāja","operator":"Elektrum","capacity":"4","fee":"yes"}},{"type":"Feature","geometry":{"type":"Point","coordinates":[21.011702,56.512649]},"properties":{"kategorija":"ev_uzlade","id":"node/11301651644","nosaukums":"Elektroauto uzlādes stacija","adrese":"Vecā ostmala 41, Liepāja"}},{"type":"Feature","geometry":{"type":"Point","coordinates":[24.129304,56.995314]},"properties":{"kategorija":"ev_uzlade","id":"node/11359113761","nosaukums":"Elektroauto uzlāde: Bolt","adrese":"Tilta iela 30, Rīga","operator":"Bolt"}},{"type":"Feature","geometry":{"type":"Point","coordinates":[24.180063,56.915735]},"properties":{"kategorija":"ev_uzlade","id":"node/11409752514","nosaukums":"Elektroauto uzlāde: Ignitis ON","adrese":"Prūšu iela 1, Rīga","operator":"Ignitis ON","access":"unknown"}},{"type":"Feature","geometry":{"type":"Point","coordinates":[26.753014,56.610061]},"properties":{"kategorija":"ev_uzlade","id":"node/11480456589","nosaukums":"Elektroauto uzlāde: e-mobi","adrese":"Rīgas iela 13, Varakļāni","brand":"e-mobi"}},{"type":"Feature","geometry":{"type":"Point","coordinates":[24.109265,56.911543]},"properties":{"kategorija":"ev_uzlade","id":"node/11584893511","nosaukums":"Elektroauto uzlāde: ChargePoint","adrese":"Kartupeļu iela 43A, Rīga","name":"ChargePoint","operator":"ChargePoint","brand":"ChargePoint","capacity":"1"}},{"type":"Feature","geometry":{"type":"Point","coordinates":[24.109313,56.911558]},"properties":{"kategorija":"ev_uzlade","id":"node/11584893512","nosaukums":"Elektroauto uzlāde: ChargePoint","adrese":"Kartupeļu iela 43A, Rīga","name":"ChargePoint","operator":"ChargePoint","brand":"ChargePoint","capacity":"1"}},{"type":"Feature","geometry":{"type":"Point","coordinates":[24.080799,56.908928]},"properties":{"kategorija":"ev_uzlade","id":"node/11584896241","nosaukums":"Elektroauto uzlāde: ChargePoint","adrese":"Vienības gatve 109, Rīga","name":"ChargePoint","operator":"ChargePoint","brand":"ChargePoint"}},{"type":"Feature","geometry":{"type":"Point","coordinates":[24.080817,56.908951]},"properties":{"kategorija":"ev_uzlade","id":"node/11584896242","nosaukums":"Elektroauto uzlāde: ChargePoint","adrese":"Vienības gatve 109, Rīga","name":"ChargePoint","operator":"ChargePoint","brand":"ChargePoint"}},{"type":"Feature","geometry":{"type":"Point","coordinates":[24.080832,56.908973]},"properties":{"kategorija":"ev_uzlade","id":"node/11584896243","nosaukums":"Elektroauto uzlāde: ChargePoint","adrese":"Vienības gatve 109, Rīga","name":"ChargePoint","operator":"ChargePoint","brand":"ChargePoint"}},{"type":"Feature","geometry":{"type":"Point","coordinates":[24.080847,56.908993]},"properties":{"kategorija":"ev_uzlade","id":"node/11584896244","nosaukums":"Elektroauto uzlāde: ChargePoint","adrese":"Vienības gatve 109, Rīga","name":"ChargePoint","operator":"ChargePoint","brand":"ChargePoint"}},{"type":"Feature","geometry":{"type":"Point","coordinates":[24.301481,56.986617]},"properties":{"kategorija":"ev_uzlade","id":"node/11632259981","nosaukums":"Elektroauto uzlādes stacija","adrese":"","fee":"yes","motorcar":"yes"}},{"type":"Feature","geometry":{"type":"Point","coordinates":[24.067676,56.9425]},"properties":{"kategorija":"ev_uzlade","id":"node/11645658020","nosaukums":"Elektroauto uzlāde: Lidl","adrese":"Kalnciema iela 38, Rīga","operator":"Lidl","capacity":"2"}},{"type":"Feature","geometry":{"type":"Point","coordinates":[26.737404,56.287905]},"properties":{"kategorija":"ev_uzlade","id":"node/11736212270","nosaukums":"Elektroauto uzlāde: Elektrum Drive","adrese":"Aglonas iela 60, Preiļi","operator":"Elektrum Drive","capacity":"60"}},{"type":"Feature","geometry":{"type":"Point","coordinates":[24.134049,56.9586]},"properties":{"kategorija":"ev_uzlade","id":"node/11810328891","nosaukums":"Elektroauto uzlāde: Europark","adrese":"Lielgabalu iela 4, Rīga","operator":"Europark","capacity":"2","fee":"yes"}},{"type":"Feature","geometry":{"type":"Point","coordinates":[24.168415,56.991394]},"properties":{"kategorija":"ev_uzlade","id":"node/11811935868","nosaukums":"Elektroauto uzlāde: Ignitis","adrese":"Talejas iela 1, Rīga","operator":"Ignitis","capacity":"4","fee":"yes"}},{"type":"Feature","geometry":{"type":"Point","coordinates":[24.165302,56.943394]},"properties":{"kategorija":"ev_uzlade","id":"node/11813506091","nosaukums":"Elektroauto uzlādes stacija","adrese":"Vestienas iela 35, Rīga","capacity":"2"}},{"type":"Feature","geometry":{"type":"Point","coordinates":[24.086171,56.911751]},"properties":{"kategorija":"ev_uzlade","id":"node/11817126076","nosaukums":"Elektroauto uzlāde: Eleport","adrese":"Vienības gatve 95, Rīga","operator":"Eleport","capacity":"2"}},{"type":"Feature","geometry":{"type":"Point","coordinates":[24.086158,56.911697]},"properties":{"kategorija":"ev_uzlade","id":"node/11817126077","nosaukums":"Elektroauto uzlāde: Eleport","adrese":"Vienības gatve 95, Rīga","operator":"Eleport","capacity":"2"}},{"type":"Feature","geometry":{"type":"Point","coordinates":[23.961987,56.950142]},"properties":{"kategorija":"ev_uzlade","id":"node/11866164383","nosaukums":"Elektroauto uzlādes stacija","adrese":""}},{"type":"Feature","geometry":{"type":"Point","coordinates":[24.253583,56.951099]},"properties":{"kategorija":"ev_uzlade","id":"node/11874448158","nosaukums":"Elektroauto uzlāde: ChargePoint","adrese":"Biķeru iela 4, Ulbroka","name":"ChargePoint","operator":"ChargePoint","brand":"ChargePoint","capacity":"2"}},{"type":"Feature","geometry":{"type":"Point","coordinates":[24.253321,56.95113]},"properties":{"kategorija":"ev_uzlade","id":"node/11874455661","nosaukums":"Elektroauto uzlāde: ChargePoint","adrese":"Biķeru iela 4, Ulbroka","name":"ChargePoint","operator":"ChargePoint","brand":"ChargePoint","capacity":"2"}},{"type":"Feature","geometry":{"type":"Point","coordinates":[24.253449,56.951117]},"properties":{"kategorija":"ev_uzlade","id":"node/11874457486","nosaukums":"Elektroauto uzlāde: ChargePoint","adrese":"Biķeru iela 4, Ulbroka","name":"ChargePoint","operator":"ChargePoint","brand":"ChargePoint","capacity":"2"}},{"type":"Feature","geometry":{"type":"Point","coordinates":[24.351904,57.786498]},"properties":{"kategorija":"ev_uzlade","id":"node/11878375569","nosaukums":"Elektroauto uzlāde: Eleport","adrese":"Pērnavas iela 53, Salacgrīva","operator":"Eleport","brand":"Eleport","opening_hours":"24/7"}},{"type":"Feature","geometry":{"type":"Point","coordinates":[24.207709,56.945256]},"properties":{"kategorija":"ev_uzlade","id":"node/11937870873","nosaukums":"Elektroauto uzlāde: Bolt","adrese":"Andreja Saharova iela 30, Rīga","operator":"Bolt","access":"customers"}},{"type":"Feature","geometry":{"type":"Point","coordinates":[24.227091,56.987518]},"properties":{"kategorija":"ev_uzlade","id":"node/11958934799","nosaukums":"Elektroauto uzlāde: Eleport","adrese":"Brīvības gatve 402C, Rīga","operator":"Eleport"}},{"type":"Feature","geometry":{"type":"Point","coordinates":[24.872577,57.156271]},"properties":{"kategorija":"ev_uzlade","id":"node/11967765947","nosaukums":"Elektroauto uzlāde: Elektrum","adrese":"Dārza iela 28, Sigulda","operator":"Elektrum","fee":"yes","motorcar":"yes"}},{"type":"Feature","geometry":{"type":"Point","coordinates":[24.138208,56.94098]},"properties":{"kategorija":"ev_uzlade","id":"node/12066298578","nosaukums":"Elektroauto uzlāde: Ignitis","adrese":"Katoļu iela 4, Rīga","operator":"Ignitis","capacity":"2"}},{"type":"Feature","geometry":{"type":"Point","coordinates":[24.138009,56.940939]},"properties":{"kategorija":"ev_uzlade","id":"node/12066298579","nosaukums":"Elektroauto uzlāde: Ignitis","adrese":"Katoļu iela 4, Rīga","operator":"Ignitis","capacity":"2"}},{"type":"Feature","geometry":{"type":"Point","coordinates":[24.169587,56.921406]},"properties":{"kategorija":"ev_uzlade","id":"node/12079939035","nosaukums":"Elektroauto uzlāde: Enefit","adrese":"Latgales iela 240, Rīga","operator":"Enefit","brand":"Volt","capacity":"2","authentication:app":"Mobily"}},{"type":"Feature","geometry":{"type":"Point","coordinates":[24.178576,56.910594]},"properties":{"kategorija":"ev_uzlade","id":"node/12104159869","nosaukums":"Elektroauto uzlāde: Eleport","adrese":"Latgales iela 256B, Rīga","brand":"Eleport","capacity":"2","fee":"yes"}},{"type":"Feature","geometry":{"type":"Point","coordinates":[24.222231,56.602264]},"properties":{"kategorija":"ev_uzlade","id":"node/12109975505","nosaukums":"Elektroauto uzlādes stacija","adrese":"Baldones iela 65A, Iecava"}},{"type":"Feature","geometry":{"type":"Point","coordinates":[24.563352,56.85782]},"properties":{"kategorija":"ev_uzlade","id":"node/12130933988","nosaukums":"Elektroauto uzlādes stacija","adrese":""}},{"type":"Feature","geometry":{"type":"Point","coordinates":[24.08702,56.91668]},"properties":{"kategorija":"ev_uzlade","id":"node/12133419646","nosaukums":"Elektroauto uzlāde: ignitis","adrese":"Vienības gatve 77, Rīga","operator":"ignitis","capacity":"2"}},{"type":"Feature","geometry":{"type":"Point","coordinates":[24.13657,56.97818]},"properties":{"kategorija":"ev_uzlade","id":"node/12133741247","nosaukums":"Elektroauto uzlādes stacija","adrese":"Duntes iela 6, Rīga"}},{"type":"Feature","geometry":{"type":"Point","coordinates":[24.417482,57.318978]},"properties":{"kategorija":"ev_uzlade","id":"node/12167726940","nosaukums":"Elektroauto uzlādes stacija","adrese":"Bērzu aleja 7, Saulkrasti","fee":"yes","access":"yes"}},{"type":"Feature","geometry":{"type":"Point","coordinates":[22.579084,57.250863]},"properties":{"kategorija":"ev_uzlade","id":"node/12258275666","nosaukums":"Elektroauto uzlādes stacija","adrese":"Dundagas iela 21, Talsi"}},{"type":"Feature","geometry":{"type":"Point","coordinates":[24.049032,56.93707]},"properties":{"kategorija":"ev_uzlade","id":"node/12344083615","nosaukums":"Elektroauto uzlādes stacija","adrese":"Lielirbes iela 1, Rīga"}},{"type":"Feature","geometry":{"type":"Point","coordinates":[24.084967,56.909728]},"properties":{"kategorija":"ev_uzlade","id":"node/12356488998","nosaukums":"Elektroauto uzlāde: Alfen","adrese":"Vienības gatve 103, Rīga","operator":"Alfen"}},{"type":"Feature","geometry":{"type":"Point","coordinates":[24.067354,56.912209]},"properties":{"kategorija":"ev_uzlade","id":"node/12377367356","nosaukums":"Elektroauto uzlāde: Ignits","adrese":"Tēriņu iela 62, Rīga","brand":"Ignits","fee":"yes","access":"yes"}},{"type":"Feature","geometry":{"type":"Point","coordinates":[23.157817,56.967026]},"properties":{"kategorija":"ev_uzlade","id":"node/12411822764","nosaukums":"Elektroauto uzlāde: Eleport","adrese":"Pasta iela 14, Tukums","operator":"Eleport","capacity":"120"}},{"type":"Feature","geometry":{"type":"Point","coordinates":[23.983002,56.924104]},"properties":{"kategorija":"ev_uzlade","id":"node/12415464218","nosaukums":"Elektroauto uzlādes stacija","adrese":""}},{"type":"Feature","geometry":{"type":"Point","coordinates":[24.102364,56.926337]},"properties":{"kategorija":"ev_uzlade","id":"node/12419546726","nosaukums":"Elektroauto uzlāde: Bolt","adrese":"Mūkusalas iela 71, Rīga","operator":"Bolt"}},{"type":"Feature","geometry":{"type":"Point","coordinates":[24.130267,56.994945]},"properties":{"kategorija":"ev_uzlade","id":"node/12421246764","nosaukums":"Elektroauto uzlāde: Eleport","adrese":"Tilta iela 32, Rīga","operator":"Eleport","capacity":"2","fee":"yes","access":"yes"}},{"type":"Feature","geometry":{"type":"Point","coordinates":[24.119947,56.964292]},"properties":{"kategorija":"ev_uzlade","id":"node/12422882456","nosaukums":"Elektroauto uzlāde: Bolt","adrese":"Grostonas iela 1, Rīga","operator":"Bolt"}},{"type":"Feature","geometry":{"type":"Point","coordinates":[24.12361,56.991827]},"properties":{"kategorija":"ev_uzlade","id":"node/12469594755","nosaukums":"Elektroauto uzlādes stacija","adrese":"Duntes iela 25, Rīga","capacity":"2"}},{"type":"Feature","geometry":{"type":"Point","coordinates":[24.169642,56.921357]},"properties":{"kategorija":"ev_uzlade","id":"node/12492356520","nosaukums":"Elektroauto uzlāde: Enefit","adrese":"Latgales iela 240, Rīga","operator":"Enefit","brand":"Volt","capacity":"2","authentication:app":"Mobily"}},{"type":"Feature","geometry":{"type":"Point","coordinates":[24.169697,56.92134]},"properties":{"kategorija":"ev_uzlade","id":"node/12492356521","nosaukums":"Elektroauto uzlāde: Enefit","adrese":"Latgales iela 240, Rīga","operator":"Enefit","brand":"Volt","capacity":"2","authentication:app":"Mobily"}},{"type":"Feature","geometry":{"type":"Point","coordinates":[24.154477,56.930169]},"properties":{"kategorija":"ev_uzlade","id":"node/12492549130","nosaukums":"Elektroauto uzlāde: Elektrum","adrese":"Krasta iela 68, Rīga","operator":"Elektrum","brand":"Elektrum Drive","capacity":"2","fee":"yes","authentication:app":"yes"}},{"type":"Feature","geometry":{"type":"Point","coordinates":[24.404809,56.775971]},"properties":{"kategorija":"ev_uzlade","id":"node/12504915859","nosaukums":"Elektroauto uzlāde: Enefit","adrese":"","brand":"Enefit"}},{"type":"Feature","geometry":{"type":"Point","coordinates":[22.462352,56.685671]},"properties":{"kategorija":"ev_uzlade","id":"node/12506801571","nosaukums":"Elektroauto uzlāde: Enefit Volt","adrese":"","operator":"Enefit Volt","brand":"Enefit Volt","capacity":"22, 47","fee":"yes","access":"yes"}},{"type":"Feature","geometry":{"type":"Point","coordinates":[24.149362,56.932404]},"properties":{"kategorija":"ev_uzlade","id":"node/12514203890","nosaukums":"Elektroauto uzlāde: Porsche","adrese":"Krasta iela 54, Rīga","operator":"Porsche","capacity":"2"}},{"type":"Feature","geometry":{"type":"Point","coordinates":[24.149458,56.93237]},"properties":{"kategorija":"ev_uzlade","id":"node/12514203891","nosaukums":"Elektroauto uzlāde: Porsche","adrese":"Krasta iela 54, Rīga","operator":"Porsche","capacity":"2"}},{"type":"Feature","geometry":{"type":"Point","coordinates":[24.135554,56.934977]},"properties":{"kategorija":"ev_uzlade","id":"node/12514230081","nosaukums":"Elektroauto uzlādes stacija","adrese":"Krasta iela 5, Rīga","capacity":"1"}},{"type":"Feature","geometry":{"type":"Point","coordinates":[24.209476,56.921963]},"properties":{"kategorija":"ev_uzlade","id":"node/12556315976","nosaukums":"Elektroauto uzlāde: Inovat","adrese":"Rencēnu iela 28, Rīga","operator":"Inovat","capacity":"1"}},{"type":"Feature","geometry":{"type":"Point","coordinates":[24.208334,56.604836]},"properties":{"kategorija":"ev_uzlade","id":"node/12568593315","nosaukums":"Elektroauto uzlādes stacija","adrese":"Iecava","fee":"no","motorcar":"yes"}},{"type":"Feature","geometry":{"type":"Point","coordinates":[24.208995,56.604911]},"properties":{"kategorija":"ev_uzlade","id":"node/12568593316","nosaukums":"Elektroauto uzlādes stacija","adrese":"Iecava","fee":"no","motorcar":"yes"}},{"type":"Feature","geometry":{"type":"Point","coordinates":[25.865821,56.49221]},"properties":{"kategorija":"ev_uzlade","id":"node/12604092351","nosaukums":"Elektroauto uzlāde: Elektrum Drive","adrese":"Jaunā iela 31A, Jēkabpils","brand":"Elektrum Drive"}},{"type":"Feature","geometry":{"type":"Point","coordinates":[21.168656,56.54044]},"properties":{"kategorija":"ev_uzlade","id":"node/12629757920","nosaukums":"Elektroauto uzlāde: Ignitis ON","adrese":"Rīgas iela 45, Grobiņa","operator":"Ignitis ON","capacity":"150","fee":"yes","access":"yes"}},{"type":"Feature","geometry":{"type":"Point","coordinates":[24.106741,56.929066]},"properties":{"kategorija":"ev_uzlade","id":"node/12630266739","nosaukums":"Elektroauto uzlāde: elelevi","adrese":"Mūkusalas iela 59A, Rīga","operator":"elelevi","brand":"Elelevi","capacity":"2","fee":"yes","socket:type2":"2","socket:type2:output":"22 kW"}},{"type":"Feature","geometry":{"type":"Point","coordinates":[21.955561,56.967469]},"properties":{"kategorija":"ev_uzlade","id":"node/12630611635","nosaukums":"Elektroauto uzlādes stacija","adrese":"Jāņa iela 1, Kuldīga"}},{"type":"Feature","geometry":{"type":"Point","coordinates":[24.417613,57.272047]},"properties":{"kategorija":"ev_uzlade","id":"node/12630628165","nosaukums":"Elektroauto uzlāde: Ignitis ON","adrese":"Ainažu iela 30, Saulkrasti","operator":"Ignitis ON","brand":"Ignitis ON","capacity":"4","fee":"yes","access":"yes","motorcar":"yes"}},{"type":"Feature","geometry":{"type":"Point","coordinates":[24.289089,56.943106]},"properties":{"kategorija":"ev_uzlade","id":"node/12718207453","nosaukums":"Elektroauto uzlādes stacija","adrese":"Institūta iela 3, Ulbroka"}},{"type":"Feature","geometry":{"type":"Point","coordinates":[24.289183,56.943072]},"properties":{"kategorija":"ev_uzlade","id":"node/12718207454","nosaukums":"Elektroauto uzlādes stacija","adrese":"Institūta iela 3, Ulbroka"}},{"type":"Feature","geometry":{"type":"Point","coordinates":[24.175206,56.974998]},"properties":{"kategorija":"ev_uzlade","id":"node/12734452834","nosaukums":"Elektroauto uzlāde: Ignitis","adrese":"Brīvības gatve 254, Rīga","operator":"Ignitis"}},{"type":"Feature","geometry":{"type":"Point","coordinates":[26.227926,56.859824]},"properties":{"kategorija":"ev_uzlade","id":"node/12800149466","nosaukums":"Elektroauto uzlāde: Ignitis ON","adrese":"Rūpniecības iela 24, Madona","brand":"Ignitis ON","capacity":"2"}},{"type":"Feature","geometry":{"type":"Point","coordinates":[24.415968,57.266854]},"properties":{"kategorija":"ev_uzlade","id":"node/12888369517","nosaukums":"Elektroauto uzlāde: Elektrum","adrese":"","operator":"Elektrum","brand":"Elektrum Drive","capacity":"2","fee":"yes","access":"yes"}},{"type":"Feature","geometry":{"type":"Point","coordinates":[24.11835,56.916058]},"properties":{"kategorija":"ev_uzlade","id":"node/12899663916","nosaukums":"Elektroauto uzlādes stacija","adrese":"Mūkusalas iela 93, Rīga"}},{"type":"Feature","geometry":{"type":"Point","coordinates":[22.351727,57.510545]},"properties":{"kategorija":"ev_uzlade","id":"node/12928089807","nosaukums":"Elektroauto uzlādes stacija","adrese":""}},{"type":"Feature","geometry":{"type":"Point","coordinates":[24.721085,57.509114]},"properties":{"kategorija":"ev_uzlade","id":"node/12986108442","nosaukums":"Elektroauto uzlāde: Enefit","adrese":"Jaunā iela 34, Limbaži","operator":"Enefit","brand":"Enefit","capacity":"4","fee":"yes","access":"yes"}},{"type":"Feature","geometry":{"type":"Point","coordinates":[23.153339,56.96713]},"properties":{"kategorija":"ev_uzlade","id":"node/12997540426","nosaukums":"Elektroauto uzlādes stacija","adrese":"Talsu iela 4A, Tukums"}},{"type":"Feature","geometry":{"type":"Point","coordinates":[25.394131,57.532554]},"properties":{"kategorija":"ev_uzlade","id":"node/13021005091","nosaukums":"Elektroauto uzlāde: Ignitis ON","adrese":"Rīgas iela 74, Valmiera","operator":"Ignitis ON","brand":"Ignitis ON","capacity":"8","fee":"yes","access":"yes"}},{"type":"Feature","geometry":{"type":"Point","coordinates":[25.181806,56.893851]},"properties":{"kategorija":"ev_uzlade","id":"node/13021521561","nosaukums":"Elektroauto uzlādes stacija","adrese":""}},{"type":"Feature","geometry":{"type":"Point","coordinates":[21.568592,57.340921]},"properties":{"kategorija":"ev_uzlade","id":"node/13031925396","nosaukums":"Elektroauto uzlāde: Ignitis","adrese":"","operator":"Ignitis","capacity":"2"}},{"type":"Feature","geometry":{"type":"Point","coordinates":[21.568615,57.340953]},"properties":{"kategorija":"ev_uzlade","id":"node/13031955929","nosaukums":"Elektroauto uzlāde: Ignitis","adrese":"","operator":"Ignitis","capacity":"2"}},{"type":"Feature","geometry":{"type":"Point","coordinates":[21.564364,57.390424]},"properties":{"kategorija":"ev_uzlade","id":"node/13031967225","nosaukums":"Elektroauto uzlāde: Elektrum","adrese":"","operator":"Elektrum","capacity":"2"}},{"type":"Feature","geometry":{"type":"Point","coordinates":[21.564328,57.390558]},"properties":{"kategorija":"ev_uzlade","id":"node/13031975208","nosaukums":"Elektroauto uzlāde: Elektrum","adrese":"","operator":"Elektrum","capacity":"2"}},{"type":"Feature","geometry":{"type":"Point","coordinates":[24.183619,56.957641]},"properties":{"kategorija":"ev_uzlade","id":"node/13035122830","nosaukums":"Elektroauto uzlāde: Neste UFC","adrese":"Dzelzavas iela 60, Rīga","name":"Neste UFC","operator":"Neste","capacity":"4","fee":"yes","socket:type2_combo":"4","socket:type2_combo:output":"300 kW"}},{"type":"Feature","geometry":{"type":"Point","coordinates":[25.08302,56.617934]},"properties":{"kategorija":"ev_uzlade","id":"node/13041362689","nosaukums":"Elektroauto uzlāde: e-mobi","adrese":"Lāčplēša iela 11, Jaunjelgava","operator":"e-mobi","capacity":"2"}},{"type":"Feature","geometry":{"type":"Point","coordinates":[27.05089,57.423061]},"properties":{"kategorija":"ev_uzlade","id":"node/13043559426","nosaukums":"Elektroauto uzlāde: Ignitis","adrese":"Pils iela 72, Alūksne","operator":"Ignitis","capacity":"2"}},{"type":"Feature","geometry":{"type":"Point","coordinates":[27.045798,57.414075]},"properties":{"kategorija":"ev_uzlade","id":"node/13045405562","nosaukums":"Elektroauto uzlāde: elelevi","adrese":"Jāņkalna iela 51, Alūksne","operator":"elelevi","capacity":"1"}},{"type":"Feature","geometry":{"type":"Point","coordinates":[27.039626,57.4287]},"properties":{"kategorija":"ev_uzlade","id":"node/13047642975","nosaukums":"Elektroauto uzlāde: Ignitis","adrese":"Pils iela 15, Alūksne","operator":"Ignitis","capacity":"2"}},{"type":"Feature","geometry":{"type":"Point","coordinates":[21.60558,57.399813]},"properties":{"kategorija":"ev_uzlade","id":"node/13049558632","nosaukums":"Elektroauto uzlāde: Ignitis","adrese":"Tārgales iela 63, Ventspils","operator":"Ignitis","capacity":"2"}},{"type":"Feature","geometry":{"type":"Point","coordinates":[21.605508,57.399782]},"properties":{"kategorija":"ev_uzlade","id":"node/13049559084","nosaukums":"Elektroauto uzlāde: Ignitis","adrese":"Tārgales iela 63, Ventspils","operator":"Ignitis","capacity":"2"}},{"type":"Feature","geometry":{"type":"Point","coordinates":[21.599114,57.407524]},"properties":{"kategorija":"ev_uzlade","id":"node/13062225557","nosaukums":"Elektroauto uzlāde: Kempower","adrese":"Celtnieku iela 17, Ventspils","operator":"Kempower","capacity":"2"}},{"type":"Feature","geometry":{"type":"Point","coordinates":[21.934807,56.966022]},"properties":{"kategorija":"ev_uzlade","id":"node/13065529409","nosaukums":"Elektroauto uzlāde: Enefit","adrese":"Planīcas iela 67, Kuldīga","brand":"Enefit","capacity":"2","fee":"yes","motorcar":"yes"}},{"type":"Feature","geometry":{"type":"Point","coordinates":[21.934718,56.965945]},"properties":{"kategorija":"ev_uzlade","id":"node/13065529410","nosaukums":"Elektroauto uzlāde: Enefit","adrese":"Planīcas iela 67, Kuldīga","brand":"Enefit","capacity":"2","fee":"yes","motorcar":"yes"}},{"type":"Feature","geometry":{"type":"Point","coordinates":[24.165971,56.992524]},"properties":{"kategorija":"ev_uzlade","id":"node/13088727026","nosaukums":"Elektroauto uzlāde: Elektrum Drive","adrese":"Ķīšezera iela 6, Rīga","brand":"Elektrum Drive","capacity":"6"}},{"type":"Feature","geometry":{"type":"Point","coordinates":[21.607412,56.720061]},"properties":{"kategorija":"ev_uzlade","id":"node/13095929118","nosaukums":"Elektroauto uzlādes stacija","adrese":"Zvaigžņu iela 2A, Aizpute","capacity":"2","access":"yes"}},{"type":"Feature","geometry":{"type":"Point","coordinates":[26.529723,55.866935]},"properties":{"kategorija":"ev_uzlade","id":"node/13119555545","nosaukums":"Elektroauto uzlādes stacija","adrese":"18. novembra iela 42, Daugavpils"}},{"type":"Feature","geometry":{"type":"Point","coordinates":[24.088846,56.921795]},"properties":{"kategorija":"ev_uzlade","id":"node/13123045078","nosaukums":"Elektroauto uzlāde: Elektrum","adrese":"","operator":"Elektrum","capacity":"2"}},{"type":"Feature","geometry":{"type":"Point","coordinates":[24.088856,56.921848]},"properties":{"kategorija":"ev_uzlade","id":"node/13123049073","nosaukums":"Elektroauto uzlāde: Elektrum","adrese":"","operator":"Elektrum","capacity":"2"}},{"type":"Feature","geometry":{"type":"Point","coordinates":[24.22382,56.943616]},"properties":{"kategorija":"ev_uzlade","id":"node/13135891983","nosaukums":"Elektroauto uzlāde: Elektrum","adrese":"Augusta Deglava iela 160A, Rīga","operator":"Elektrum","brand":"Elektrum Latvija","capacity":"2","fee":"yes","access":"customers"}},{"type":"Feature","geometry":{"type":"Point","coordinates":[26.514413,55.878411]},"properties":{"kategorija":"ev_uzlade","id":"node/13147977522","nosaukums":"Elektroauto uzlāde: e-mobi","adrese":"Stadiona iela 1, Daugavpils","operator":"e-mobi","brand":"DAUGAVPILS S1","capacity":"2","fee":"yes","access":"yes"}},{"type":"Feature","geometry":{"type":"Point","coordinates":[24.103911,56.93517]},"properties":{"kategorija":"ev_uzlade","id":"node/13152599860","nosaukums":"Elektroauto uzlādes stacija","adrese":"Mūkusalas iela 42, Rīga"}},{"type":"Feature","geometry":{"type":"Point","coordinates":[24.167887,56.964727]},"properties":{"kategorija":"ev_uzlade","id":"node/13175002631","nosaukums":"Elektroauto uzlāde: e-mobi","adrese":"Dzelzavas iela 5, Rīga","operator":"e-mobi","capacity":"2"}},{"type":"Feature","geometry":{"type":"Point","coordinates":[24.183496,56.957202]},"properties":{"kategorija":"ev_uzlade","id":"node/13176443277","nosaukums":"Elektroauto uzlāde: Elektrum","adrese":"Pūces iela 9, Rīga","operator":"Elektrum","capacity":"7"}},{"type":"Feature","geometry":{"type":"Point","coordinates":[24.184491,56.959032]},"properties":{"kategorija":"ev_uzlade","id":"node/13185365637","nosaukums":"Elektroauto uzlāde: Ignitis ON","adrese":"Stirnu iela 31, Rīga","operator":"Ignitis ON","capacity":"2"}},{"type":"Feature","geometry":{"type":"Point","coordinates":[24.128416,56.947269]},"properties":{"kategorija":"ev_uzlade","id":"node/13185489047","nosaukums":"Elektroauto uzlāde: Virši","adrese":"Satekles iela 2, Rīga","operator":"Virši","capacity":"3"}},{"type":"Feature","geometry":{"type":"Point","coordinates":[22.80135,57.505871]},"properties":{"kategorija":"ev_uzlade","id":"node/13227202671","nosaukums":"Elektroauto uzlāde: Ignitis","adrese":"Selgas iela 2, Roja","operator":"Ignitis","capacity":"3"}},{"type":"Feature","geometry":{"type":"Point","coordinates":[23.99931,56.938369]},"properties":{"kategorija":"ev_uzlade","id":"node/13227657172","nosaukums":"Elektroauto uzlāde: Elektrum","adrese":"Kārļa Ulmaņa gatve 135, Rīga","operator":"Elektrum","capacity":"4"}},{"type":"Feature","geometry":{"type":"Point","coordinates":[23.72418,56.625515]},"properties":{"kategorija":"ev_uzlade","id":"node/13281320548","nosaukums":"Elektroauto uzlādes stacija","adrese":"Lietuvas šoseja 70, Jelgava"}},{"type":"Feature","geometry":{"type":"Point","coordinates":[23.662431,56.653483]},"properties":{"kategorija":"ev_uzlade","id":"node/13307704989","nosaukums":"Elektroauto uzlāde: Enefit","adrese":"Dobeles šoseja 90, Jelgava","brand":"Enefit","access":"yes"}},{"type":"Feature","geometry":{"type":"Point","coordinates":[23.727907,56.653526]},"properties":{"kategorija":"ev_uzlade","id":"node/13307838142","nosaukums":"Elektroauto uzlādes stacija","adrese":"Jāņa Čakstes bulvāris 9A, Jelgava"}},{"type":"Feature","geometry":{"type":"Point","coordinates":[21.558811,56.977691]},"properties":{"kategorija":"ev_uzlade","id":"node/13325950983","nosaukums":"Elektroauto uzlādes stacija","adrese":"Skolas iela 24, Alsunga","fee":"yes","motorcar":"yes"}},{"type":"Feature","geometry":{"type":"Point","coordinates":[24.073578,56.932209]},"properties":{"kategorija":"ev_uzlade","id":"node/13325999946","nosaukums":"Elektroauto uzlādes stacija","adrese":"Mārupes iela 10A, Rīga"}},{"type":"Feature","geometry":{"type":"Point","coordinates":[24.270208,56.997505]},"properties":{"kategorija":"ev_uzlade","id":"node/13330406279","nosaukums":"Elektroauto uzlāde: Elektrum","adrese":"Brīvības gatve 462, Rīga","operator":"Elektrum"}},{"type":"Feature","geometry":{"type":"Point","coordinates":[24.03077,56.919796]},"properties":{"kategorija":"ev_uzlade","id":"node/13338070075","nosaukums":"Elektroauto uzlāde: Elektrum","adrese":"Lielā iela 26, Mārupe","operator":"Elektrum"}},{"type":"Feature","geometry":{"type":"Point","coordinates":[25.438087,57.539794]},"properties":{"kategorija":"ev_uzlade","id":"node/13341200969","nosaukums":"Elektroauto uzlāde: Elektrum","adrese":"Dīvaliņa iela 20, Valmiera","operator":"Elektrum","capacity":"4","fee":"yes","access":"yes"}},{"type":"Feature","geometry":{"type":"Point","coordinates":[25.423868,57.53367]},"properties":{"kategorija":"ev_uzlade","id":"node/13341200970","nosaukums":"Elektroauto uzlāde: Elektrum","adrese":"Linarda Laicena iela 1A, Valmiera","operator":"Elektrum","capacity":"2","access":"yes"}},{"type":"Feature","geometry":{"type":"Point","coordinates":[25.426281,57.530509]},"properties":{"kategorija":"ev_uzlade","id":"node/13341200971","nosaukums":"Elektroauto uzlāde: Elektrum","adrese":"Zvaigžņu iela 7, Valmiera","operator":"Elektrum","capacity":"5","fee":"yes","access":"yes"}},{"type":"Feature","geometry":{"type":"Point","coordinates":[25.406338,57.529439]},"properties":{"kategorija":"ev_uzlade","id":"node/13341200972","nosaukums":"Elektroauto uzlāde: Enefit","adrese":"Pāvila Rozīša iela 47, Valmiera","operator":"Enefit","brand":"Enefit","capacity":"4","fee":"yes","access":"yes"}},{"type":"Feature","geometry":{"type":"Point","coordinates":[25.399914,57.533271]},"properties":{"kategorija":"ev_uzlade","id":"node/13341200973","nosaukums":"Elektroauto uzlāde: Ignitis ON","adrese":"Rīgas iela 63, Valmiera","operator":"Ignitis ON","brand":"Ignitis ON","capacity":"3","fee":"yes","access":"yes"}},{"type":"Feature","geometry":{"type":"Point","coordinates":[25.397987,57.533186]},"properties":{"kategorija":"ev_uzlade","id":"node/13341200974","nosaukums":"Elektroauto uzlāde: Enefit","adrese":"Rīgas iela 64, Valmiera","operator":"Enefit","brand":"Enefit","capacity":"4","fee":"yes","access":"yes"}},{"type":"Feature","geometry":{"type":"Point","coordinates":[25.389652,57.530828]},"properties":{"kategorija":"ev_uzlade","id":"node/13341200989","nosaukums":"Elektroauto uzlāde: Jysk","adrese":"Rīgas iela 82, Valmiera","operator":"Jysk","fee":"yes","access":"yes"}},{"type":"Feature","geometry":{"type":"Point","coordinates":[25.357142,57.518968]},"properties":{"kategorija":"ev_uzlade","id":"node/13341200995","nosaukums":"Elektroauto uzlāde: Virši","adrese":"Brandeļi","operator":"Virši","brand":"Virši","capacity":"3","fee":"yes","access":"yes"}},{"type":"Feature","geometry":{"type":"Point","coordinates":[24.242161,56.772976]},"properties":{"kategorija":"ev_uzlade","id":"node/13361749114","nosaukums":"Elektroauto uzlāde: Elektrum Drive Charging Station","adrese":"","name":"Elektrum Drive Charging Station","fee":"yes","motorcar":"yes"}},{"type":"Feature","geometry":{"type":"Point","coordinates":[25.362147,57.314164]},"properties":{"kategorija":"ev_uzlade","id":"node/13378941604","nosaukums":"Elektroauto uzlāde: Elelevi","adrese":"Cēsu prospekts 46A, Priekuļi","operator":"Elelevi","brand":"Elelevi","capacity":"2","fee":"yes","access":"yes"}},{"type":"Feature","geometry":{"type":"Point","coordinates":[25.291574,57.31485]},"properties":{"kategorija":"ev_uzlade","id":"node/13378941605","nosaukums":"Elektroauto uzlāde: Enefit","adrese":"Jāņa Poruka iela 23, Cēsis","operator":"Enefit","brand":"Enefit","capacity":"4","fee":"yes","access":"yes"}},{"type":"Feature","geometry":{"type":"Point","coordinates":[25.287953,57.315055]},"properties":{"kategorija":"ev_uzlade","id":"node/13378941606","nosaukums":"Elektroauto uzlāde: Ignitis ON","adrese":"Lapsu iela 31, Cēsis","operator":"Ignitis ON","brand":"Ignitis ON","capacity":"4","fee":"yes","access":"yes"}},{"type":"Feature","geometry":{"type":"Point","coordinates":[25.280268,57.317106]},"properties":{"kategorija":"ev_uzlade","id":"node/13378941607","nosaukums":"Elektroauto uzlāde: Ignitis ON","adrese":"Valmieras iela 17A, Cēsis","operator":"Ignitis ON","brand":"Ignitis ON","capacity":"2","fee":"yes","access":"yes"}},{"type":"Feature","geometry":{"type":"Point","coordinates":[25.275368,57.312457]},"properties":{"kategorija":"ev_uzlade","id":"node/13378941608","nosaukums":"Elektroauto uzlāde: Enefit","adrese":"Raunas iela 15, Cēsis","operator":"Enefit","brand":"Enefit","capacity":"4","fee":"yes","access":"yes"}},{"type":"Feature","geometry":{"type":"Point","coordinates":[25.277343,57.312407]},"properties":{"kategorija":"ev_uzlade","id":"node/13378941609","nosaukums":"Elektroauto uzlāde: Enefit","adrese":"Pļavas iela 5, Cēsis","operator":"Enefit","brand":"Enefit","capacity":"4","fee":"yes","access":"yes"}},{"type":"Feature","geometry":{"type":"Point","coordinates":[25.267413,57.310086]},"properties":{"kategorija":"ev_uzlade","id":"node/13378941610","nosaukums":"Elektroauto uzlāde: Ignitis ON","adrese":"Gaujas iela 1/3, Cēsis","operator":"Ignitis ON","brand":"Ignitis ON","capacity":"2","fee":"yes","access":"yes"}},{"type":"Feature","geometry":{"type":"Point","coordinates":[25.252477,57.306986]},"properties":{"kategorija":"ev_uzlade","id":"node/13378941611","nosaukums":"Elektroauto uzlāde: Ignitis ON","adrese":"","operator":"Ignitis ON","brand":"Ignitis ON","capacity":"4","fee":"yes","access":"yes"}},{"type":"Feature","geometry":{"type":"Point","coordinates":[25.300432,57.298203]},"properties":{"kategorija":"ev_uzlade","id":"node/13378941612","nosaukums":"Elektroauto uzlāde: Elektrum","adrese":"Piebalgas iela 91, Cēsis","operator":"Elektrum","brand":"Elektrum Drive","capacity":"2","fee":"yes","access":"yes"}},{"type":"Feature","geometry":{"type":"Point","coordinates":[25.3037,57.296224]},"properties":{"kategorija":"ev_uzlade","id":"node/13378941613","nosaukums":"Elektroauto uzlāde: Enefit","adrese":"","operator":"Enefit","brand":"Enefit","capacity":"4","fee":"yes","access":"yes"}},{"type":"Feature","geometry":{"type":"Point","coordinates":[25.305701,57.296956]},"properties":{"kategorija":"ev_uzlade","id":"node/13378941614","nosaukums":"Elektroauto uzlāde: Virši","adrese":"","operator":"Virši","brand":"Virši","capacity":"3","fee":"yes","access":"yes"}},{"type":"Feature","geometry":{"type":"Point","coordinates":[25.230914,57.311115]},"properties":{"kategorija":"ev_uzlade","id":"node/13378941615","nosaukums":"Elektroauto uzlāde: Elelevi","adrese":"Gaujas iela 88, Cēsis","operator":"Elelevi","brand":"Elelevi","capacity":"1","fee":"yes","access":"yes"}},{"type":"Feature","geometry":{"type":"Point","coordinates":[25.221263,57.3076]},"properties":{"kategorija":"ev_uzlade","id":"node/13378941616","nosaukums":"Elektroauto uzlāde: Elelevi","adrese":"Cīrulīšu iela 68A, Cēsis","operator":"Elelevi","brand":"Elelevi","capacity":"2","fee":"yes","access":"yes"}},{"type":"Feature","geometry":{"type":"Point","coordinates":[24.979528,57.363415]},"properties":{"kategorija":"ev_uzlade","id":"node/13378941617","nosaukums":"Elektroauto uzlāde: e-mobi","adrese":"","operator":"e-mobi","brand":"e-mobi","capacity":"3","fee":"yes","access":"yes"}},{"type":"Feature","geometry":{"type":"Point","coordinates":[24.977017,57.362339]},"properties":{"kategorija":"ev_uzlade","id":"node/13378941618","nosaukums":"Elektroauto uzlāde: Ignitis ON","adrese":"Plācis","operator":"Ignitis ON","brand":"Ignitis ON","capacity":"3","fee":"yes","access":"yes"}},{"type":"Feature","geometry":{"type":"Point","coordinates":[24.951351,57.351204]},"properties":{"kategorija":"ev_uzlade","id":"node/13378941619","nosaukums":"Elektroauto uzlāde: Elektrum","adrese":"Straupe","operator":"Elektrum","brand":"Elektrum Drive","capacity":"2"}},{"type":"Feature","geometry":{"type":"Point","coordinates":[24.71631,57.18132]},"properties":{"kategorija":"ev_uzlade","id":"node/13378941620","nosaukums":"Elektroauto uzlāde: Enefit","adrese":"Tirgus iela 10, Ragana","operator":"Enefit","brand":"Enefit","capacity":"4","fee":"yes","access":"yes"}},{"type":"Feature","geometry":{"type":"Point","coordinates":[24.715917,57.181234]},"properties":{"kategorija":"ev_uzlade","id":"node/13378941621","nosaukums":"Elektroauto uzlāde: Elektrum","adrese":"Tirgus iela 10, Ragana","operator":"Elektrum","brand":"Elektrum Drive","capacity":"4","fee":"yes","access":"yes"}},{"type":"Feature","geometry":{"type":"Point","coordinates":[24.71386,57.179828]},"properties":{"kategorija":"ev_uzlade","id":"node/13378941622","nosaukums":"Elektroauto uzlāde: Virši","adrese":"Tirgus iela 4, Ragana","operator":"Virši","brand":"Virši","capacity":"3","fee":"yes","access":"yes"}},{"type":"Feature","geometry":{"type":"Point","coordinates":[24.703962,57.126877]},"properties":{"kategorija":"ev_uzlade","id":"node/13378941623","nosaukums":"Elektroauto uzlāde: Virši","adrese":"","operator":"Virši","brand":"Virši","capacity":"1","fee":"yes","access":"yes"}},{"type":"Feature","geometry":{"type":"Point","coordinates":[24.862779,57.145133]},"properties":{"kategorija":"ev_uzlade","id":"node/13378941624","nosaukums":"Elektroauto uzlāde: Elektrum","adrese":"Augļu iela 2, Sigulda","operator":"Elektrum","brand":"Elektrum Drive","capacity":"4","fee":"yes","access":"yes"}},{"type":"Feature","geometry":{"type":"Point","coordinates":[24.866667,57.146521]},"properties":{"kategorija":"ev_uzlade","id":"node/13378941625","nosaukums":"Elektroauto uzlāde: Ignitis ON","adrese":"","operator":"Ignitis ON","brand":"Ignitis ON","capacity":"4","fee":"yes","access":"yes"}},{"type":"Feature","geometry":{"type":"Point","coordinates":[24.846844,57.151432]},"properties":{"kategorija":"ev_uzlade","id":"node/13378941626","nosaukums":"Elektroauto uzlāde: Enefit","adrese":"Rīgas iela 2, Sigulda","operator":"Enefit","brand":"Enefit","capacity":"4","fee":"yes","access":"yes"}},{"type":"Feature","geometry":{"type":"Point","coordinates":[24.884113,57.15413]},"properties":{"kategorija":"ev_uzlade","id":"node/13378941627","nosaukums":"Elektroauto uzlāde: Enefit","adrese":"Pulkveža Brieža iela 111, Sigulda","operator":"Enefit","brand":"Enefit","capacity":"4","fee":"yes","access":"yes"}},{"type":"Feature","geometry":{"type":"Point","coordinates":[24.898939,57.1536]},"properties":{"kategorija":"ev_uzlade","id":"node/13378941628","nosaukums":"Elektroauto uzlāde: Ignitis ON","adrese":"","operator":"Ignitis ON","brand":"Ignitis ON","capacity":"5","fee":"yes","access":"yes"}},{"type":"Feature","geometry":{"type":"Point","coordinates":[25.035059,57.183147]},"properties":{"kategorija":"ev_uzlade","id":"node/13378941629","nosaukums":"Elektroauto uzlāde: CSDD","adrese":"Nītaures iela 5, Augšlīgatne","operator":"CSDD","brand":"e-mobi","capacity":"3","fee":"yes","access":"yes"}},{"type":"Feature","geometry":{"type":"Point","coordinates":[25.035251,57.183523]},"properties":{"kategorija":"ev_uzlade","id":"node/13378941630","nosaukums":"Elektroauto uzlāde: Elektrum","adrese":"Nītaures iela 5, Augšlīgatne","operator":"Elektrum","brand":"Elektrum Drive","capacity":"4","fee":"yes","access":"yes"}},{"type":"Feature","geometry":{"type":"Point","coordinates":[25.05118,57.186894]},"properties":{"kategorija":"ev_uzlade","id":"node/13378941631","nosaukums":"Elektroauto uzlāde: Elektrum","adrese":"Augšlīgatne","operator":"Elektrum","brand":"Elektrum Drive","capacity":"2","fee":"yes","access":"yes"}},{"type":"Feature","geometry":{"type":"Point","coordinates":[25.235824,57.221701]},"properties":{"kategorija":"ev_uzlade","id":"node/13378941632","nosaukums":"Elektroauto uzlāde: Eleport","adrese":"Bille","operator":"Eleport","brand":"Eleport","capacity":"2","fee":"yes","access":"yes"}},{"type":"Feature","geometry":{"type":"Point","coordinates":[25.24049,57.218689]},"properties":{"kategorija":"ev_uzlade","id":"node/13378941633","nosaukums":"Elektroauto uzlāde: Eleport","adrese":"Bille","operator":"Eleport","brand":"Eleport","capacity":"2","fee":"yes","access":"yes"}},{"type":"Feature","geometry":{"type":"Point","coordinates":[24.415983,57.27148]},"properties":{"kategorija":"ev_uzlade","id":"node/13378941634","nosaukums":"Elektroauto uzlāde: Elektrum","adrese":"Ainažu iela 28A, Saulkrasti","operator":"Elektrum","brand":"Elektrum Drive","capacity":"4","fee":"yes","access":"yes"}},{"type":"Feature","geometry":{"type":"Point","coordinates":[24.416374,57.271724]},"properties":{"kategorija":"ev_uzlade","id":"node/13378941635","nosaukums":"Elektroauto uzlāde: Enefit","adrese":"Ainažu iela 28A, Saulkrasti","operator":"Enefit","brand":"Enefit","capacity":"2","fee":"yes","access":"yes"}},{"type":"Feature","geometry":{"type":"Point","coordinates":[24.357818,57.750902]},"properties":{"kategorija":"ev_uzlade","id":"node/13378941636","nosaukums":"Elektroauto uzlāde: CSDD","adrese":"","operator":"CSDD","capacity":"3","fee":"yes","access":"yes"}},{"type":"Feature","geometry":{"type":"Point","coordinates":[24.357757,57.751217]},"properties":{"kategorija":"ev_uzlade","id":"node/13378941637","nosaukums":"Elektroauto uzlāde: Enefit","adrese":"Rīgas iela 13, Salacgrīva","operator":"Enefit","brand":"Enefit","capacity":"4","fee":"yes","access":"yes"}},{"type":"Feature","geometry":{"type":"Point","coordinates":[24.360069,57.759389]},"properties":{"kategorija":"ev_uzlade","id":"node/13378941645","nosaukums":"Elektroauto uzlāde: Virši","adrese":"Viļņu iela 18, Salacgrīva","operator":"Virši","brand":"Virši","capacity":"3","fee":"yes","access":"yes"}},{"type":"Feature","geometry":{"type":"Point","coordinates":[24.35174,57.78669]},"properties":{"kategorija":"ev_uzlade","id":"node/13378941646","nosaukums":"Elektroauto uzlāde: Eleport","adrese":"Pērnavas iela 53, Salacgrīva","operator":"Eleport","capacity":"4","fee":"yes","access":"yes"}},{"type":"Feature","geometry":{"type":"Point","coordinates":[24.354173,57.790082]},"properties":{"kategorija":"ev_uzlade","id":"node/13378941647","nosaukums":"Elektroauto uzlāde: Ignitis ON","adrese":"Pērnavas iela 58, Salacgrīva","operator":"Ignitis ON","brand":"Ignitis ON","capacity":"4","fee":"yes","access":"yes"}},{"type":"Feature","geometry":{"type":"Point","coordinates":[24.353211,57.849268]},"properties":{"kategorija":"ev_uzlade","id":"node/13378941648","nosaukums":"Elektroauto uzlāde: Ignitis ON","adrese":"Valdemāra iela 82, Ainaži","operator":"Ignitis ON","brand":"Ignitis ON","capacity":"6","fee":"yes","access":"yes"}},{"type":"Feature","geometry":{"type":"Point","coordinates":[24.353948,57.849833]},"properties":{"kategorija":"ev_uzlade","id":"node/13378941649","nosaukums":"Elektroauto uzlāde: Neste","adrese":"Valdemāra iela 82, Ainaži","operator":"Neste","brand":"Neste","capacity":"4","fee":"yes","access":"yes"}},{"type":"Feature","geometry":{"type":"Point","coordinates":[24.72218,57.513131]},"properties":{"kategorija":"ev_uzlade","id":"node/13378941651","nosaukums":"Elektroauto uzlāde: Ignitis ON","adrese":"Stacijas iela 8, Limbaži","operator":"Ignitis ON","brand":"Ignitis ON","capacity":"2","fee":"yes","access":"yes"}},{"type":"Feature","geometry":{"type":"Point","coordinates":[24.721769,57.513105]},"properties":{"kategorija":"ev_uzlade","id":"node/13378941652","nosaukums":"Elektroauto uzlāde: Elektrum Drive","adrese":"Cēsu iela 23, Limbaži","name":"Elektrum Drive","operator":"Elektrum","capacity":"5","fee":"yes","access":"yes"}},{"type":"Feature","geometry":{"type":"Point","coordinates":[24.122889,56.91474]},"properties":{"kategorija":"ev_uzlade","id":"node/13389313080","nosaukums":"Elektroauto uzlādes stacija","adrese":"Komētas iela 2A, Rīga"}},{"type":"Feature","geometry":{"type":"Point","coordinates":[24.122875,56.914649]},"properties":{"kategorija":"ev_uzlade","id":"node/13389320465","nosaukums":"Elektroauto uzlādes stacija","adrese":"Komētas iela 2A, Rīga"}},{"type":"Feature","geometry":{"type":"Point","coordinates":[22.493662,56.669284]},"properties":{"kategorija":"ev_uzlade","id":"node/13397936932","nosaukums":"Elektroauto uzlādes stacija","adrese":"Brīvības iela 25, Saldus","access":"yes"}},{"type":"Feature","geometry":{"type":"Point","coordinates":[22.490456,56.668003]},"properties":{"kategorija":"ev_uzlade","id":"node/13397955868","nosaukums":"Elektroauto uzlādes stacija","adrese":"Brīvības iela 30, Saldus","access":"yes"}},{"type":"Feature","geometry":{"type":"Point","coordinates":[24.228376,56.973082]},"properties":{"kategorija":"ev_uzlade","id":"node/13414322192","nosaukums":"Elektroauto uzlādes stacija","adrese":"Druvienas iela 15, Rīga","fee":"yes","motorcar":"yes"}},{"type":"Feature","geometry":{"type":"Point","coordinates":[24.228321,56.973061]},"properties":{"kategorija":"ev_uzlade","id":"node/13414322193","nosaukums":"Elektroauto uzlādes stacija","adrese":"Druvienas iela 15, Rīga","fee":"yes","motorcar":"yes"}},{"type":"Feature","geometry":{"type":"Point","coordinates":[24.161531,56.970067]},"properties":{"kategorija":"ev_uzlade","id":"node/13416049584","nosaukums":"Elektroauto uzlāde: Enefit","adrese":"Brīvības gatve 214S, Rīga","operator":"Enefit"}},{"type":"Feature","geometry":{"type":"Point","coordinates":[24.814076,56.718342]},"properties":{"kategorija":"ev_uzlade","id":"node/13451573452","nosaukums":"Elektroauto uzlādes stacija","adrese":"Lāčplēša iela 14, Lielvārde"}},{"type":"Feature","geometry":{"type":"Point","coordinates":[24.808781,56.717108]},"properties":{"kategorija":"ev_uzlade","id":"node/13451573453","nosaukums":"Elektroauto uzlādes stacija","adrese":"Lāčplēša iela 23B, Lielvārde"}},{"type":"Feature","geometry":{"type":"Point","coordinates":[21.985561,56.957214]},"properties":{"kategorija":"ev_uzlade","id":"node/13455430774","nosaukums":"Elektroauto uzlāde: Virši","adrese":"Zirņu iela 20, Kuldīga","operator":"Virši"}},{"type":"Feature","geometry":{"type":"Point","coordinates":[21.992221,56.958456]},"properties":{"kategorija":"ev_uzlade","id":"node/13455430775","nosaukums":"Elektroauto uzlāde: Circle K","adrese":"Ganību iela 22, Kuldīga","operator":"Circle K","brand":"Circle K"}},{"type":"Feature","geometry":{"type":"Point","coordinates":[21.689662,57.019849]},"properties":{"kategorija":"ev_uzlade","id":"node/13506918408","nosaukums":"Elektroauto uzlādes stacija","adrese":"Ēdole","capacity":"4","fee":"yes","motorcar":"yes"}},{"type":"Feature","geometry":{"type":"Point","coordinates":[24.497819,56.837952]},"properties":{"kategorija":"ev_uzlade","id":"node/13529511065","nosaukums":"Elektroauto uzlāde: ingitis","adrese":"Skolas iela 4A, Ikšķile","operator":"ingitis"}},{"type":"Feature","geometry":{"type":"Point","coordinates":[26.786799,55.721837]},"properties":{"kategorija":"ev_uzlade","id":"node/13586658380","nosaukums":"Elektroauto uzlāde: Silene Resort & SPA","adrese":"","operator":"Silene Resort & SPA","capacity":"22","fee":"yes","access":"customers"}},{"type":"Feature","geometry":{"type":"Point","coordinates":[23.947135,56.791977]},"properties":{"kategorija":"ev_uzlade","id":"node/13622232996","nosaukums":"Elektroauto uzlāde: Ignitis ON","adrese":"Zemgales iela 1A, Olaine","operator":"Ignitis ON"}},{"type":"Feature","geometry":{"type":"Point","coordinates":[24.132549,56.94828]},"properties":{"kategorija":"ev_uzlade","id":"node/13647181826","nosaukums":"Elektroauto uzlādes stacija","adrese":"Lāčplēša iela 76, Rīga"}},{"type":"Feature","geometry":{"type":"Point","coordinates":[24.199358,56.956027]},"properties":{"kategorija":"ev_uzlade","id":"node/13672548111","nosaukums":"Elektroauto uzlāde: Ignitis ON","adrese":"Dzelzavas iela 75B, Rīga","operator":"Ignitis ON"}},{"type":"Feature","geometry":{"type":"Point","coordinates":[24.167876,56.974364]},"properties":{"kategorija":"ev_uzlade","id":"node/13689736773","nosaukums":"Elektroauto uzlādes stacija","adrese":"Brīvības gatve 203, Rīga","capacity":"4"}},{"type":"Feature","geometry":{"type":"Point","coordinates":[24.167216,56.964259]},"properties":{"kategorija":"ev_uzlade","id":"node/13689736774","nosaukums":"Elektroauto uzlāde: Elektrum","adrese":"Dzelzavas iela 4, Rīga","operator":"Elektrum","capacity":"4"}},{"type":"Feature","geometry":{"type":"Point","coordinates":[24.152619,56.959792]},"properties":{"kategorija":"ev_uzlade","id":"node/13689736775","nosaukums":"Elektroauto uzlādes stacija","adrese":"","capacity":"4"}},{"type":"Feature","geometry":{"type":"Point","coordinates":[24.14111,56.963157]},"properties":{"kategorija":"ev_uzlade","id":"node/13724088517","nosaukums":"Elektroauto uzlādes stacija","adrese":"Krišjāņa Barona iela 99C, Rīga"}},{"type":"Feature","geometry":{"type":"Point","coordinates":[24.141428,56.963163]},"properties":{"kategorija":"ev_uzlade","id":"node/13724088521","nosaukums":"Elektroauto uzlādes stacija","adrese":"Krišjāņa Barona iela 99C, Rīga"}},{"type":"Feature","geometry":{"type":"Point","coordinates":[24.18151,56.966342]},"properties":{"kategorija":"ev_uzlade","id":"node/13739427695","nosaukums":"Elektroauto uzlāde: Ignitis ON","adrese":"Burtnieku iela 39, Rīga","operator":"Ignitis ON"}},{"type":"Feature","geometry":{"type":"Point","coordinates":[21.955216,56.964729]},"properties":{"kategorija":"ev_uzlade","id":"node/13744662782","nosaukums":"Elektroauto uzlādes stacija","adrese":"Lauku iela 40, Kuldīga"}},{"type":"Feature","geometry":{"type":"Point","coordinates":[23.998145,56.954094]},"properties":{"kategorija":"ev_uzlade","id":"node/13747749828","nosaukums":"Elektroauto uzlāde: Ignitis ON","adrese":"Kurzemes prospekts 166, Rīga","operator":"Ignitis ON"}},{"type":"Feature","geometry":{"type":"Point","coordinates":[24.005974,56.934675]},"properties":{"kategorija":"ev_uzlade","id":"node/13752213951","nosaukums":"Elektroauto uzlādes stacija","adrese":"Kārļa Ulmaņa gatve 110, Rīga"}},{"type":"Feature","geometry":{"type":"Point","coordinates":[24.003737,56.934261]},"properties":{"kategorija":"ev_uzlade","id":"node/13752239232","nosaukums":"Elektroauto uzlādes stacija","adrese":"Kārļa Ulmaņa gatve 119, Rīga"}},{"type":"Feature","geometry":{"type":"Point","coordinates":[24.175227,56.95033]},"properties":{"kategorija":"ev_uzlade","id":"node/13784477288","nosaukums":"Elektroauto uzlāde: Ignitis ON","adrese":"Lapsu iela 6, Rīga","operator":"Ignitis ON"}},{"type":"Feature","geometry":{"type":"Point","coordinates":[26.033581,57.628712]},"properties":{"kategorija":"ev_uzlade","id":"node/13786518524","nosaukums":"Elektroauto uzlāde: Skeleti","adrese":"","operator":"Skeleti"}},{"type":"Feature","geometry":{"type":"Point","coordinates":[24.17362,56.974665]},"properties":{"kategorija":"ev_uzlade","id":"node/13875153161","nosaukums":"Elektroauto uzlāde: Virši","adrese":"Brīvības gatve 250, Rīga","operator":"Virši"}},{"type":"Feature","geometry":{"type":"Point","coordinates":[24.172205,56.974632]},"properties":{"kategorija":"ev_uzlade","id":"node/13875153162","nosaukums":"Elektroauto uzlāde: Eksportpadome","adrese":"Brīvības gatve 246, Rīga","operator":"Eksportpadome"}},{"type":"Feature","geometry":{"type":"Point","coordinates":[25.427394,57.531987]},"properties":{"kategorija":"ev_uzlade","id":"node/13897780508","nosaukums":"Elektroauto uzlāde: Ignitis ON","adrese":"Stacijas iela 8, Valmiera","operator":"Ignitis ON","brand":"Ignitis ON","capacity":"2","fee":"yes","access":"yes"}},{"type":"Feature","geometry":{"type":"Point","coordinates":[25.424245,57.533611]},"properties":{"kategorija":"ev_uzlade","id":"node/13897780567","nosaukums":"Elektroauto uzlāde: Elektrum Drive","adrese":"Fabrikas iela 2, Valmiera","name":"Elektrum Drive","operator":"Elektrum","brand":"Elektrum Drive","capacity":"2","fee":"yes","access":"yes"}},{"type":"Feature","geometry":{"type":"Point","coordinates":[24.520509,56.606094]},"properties":{"kategorija":"ev_uzlade","id":"node/13916647290","nosaukums":"Elektroauto uzlāde: CSDD","adrese":"Rīgas iela 26B, Vecumnieki","operator":"CSDD","capacity":"2","socket:type2":"1","socket:type2_combo":"1","socket:chademo":"1","socket:type2:output":"43 kW","socket:type2_combo:output":"50 kW","socket:chademo:output":"50 kW"}},{"type":"Feature","geometry":{"type":"Point","coordinates":[27.162727,55.896933]},"properties":{"kategorija":"ev_uzlade","id":"node/13930484402","nosaukums":"Elektroauto uzlādes stacija","adrese":"Rīgas iela 28, Krāslava","opening_hours":"24/7"}},{"type":"Feature","geometry":{"type":"Point","coordinates":[24.136864,56.971494]},"properties":{"kategorija":"ev_uzlade","id":"node/13974946103","nosaukums":"Elektroauto uzlādes stacija","adrese":""}},{"type":"Feature","geometry":{"type":"Point","coordinates":[25.408174,57.536805]},"properties":{"kategorija":"ev_uzlade","id":"node/13988803141","nosaukums":"Elektroauto uzlāde: Ignitis ON","adrese":"Rīgas iela 46, Valmiera","operator":"Ignitis ON","brand":"Ignitis ON","capacity":"2","fee":"yes","access":"yes"}},{"type":"Feature","geometry":{"type":"Point","coordinates":[24.253032,56.95687]},"properties":{"kategorija":"ev_uzlade","id":"node/13991753716","nosaukums":"Elektroauto uzlāde: Elektrum","adrese":"Biķernieku iela 160, Rīga","operator":"Elektrum","capacity":"22"}},{"type":"Feature","geometry":{"type":"Point","coordinates":[24.253356,56.956814]},"properties":{"kategorija":"ev_uzlade","id":"node/13991753717","nosaukums":"Elektroauto uzlāde: Elektrum","adrese":"Biķernieku iela 160, Rīga","operator":"Elektrum","capacity":"150"}},{"type":"Feature","geometry":{"type":"Point","coordinates":[24.253332,56.956762]},"properties":{"kategorija":"ev_uzlade","id":"node/13991753718","nosaukums":"Elektroauto uzlāde: Elektrum","adrese":"Biķernieku iela 160, Rīga","operator":"Elektrum","capacity":"150"}},{"type":"Feature","geometry":{"type":"Point","coordinates":[24.136264,56.97021]},"properties":{"kategorija":"ev_uzlade","id":"node/14014912109","nosaukums":"Elektroauto uzlādes stacija","adrese":""}},{"type":"Feature","geometry":{"type":"Point","coordinates":[25.276176,57.308927]},"properties":{"kategorija":"ev_uzlade","id":"node/14027305120","nosaukums":"Elektroauto uzlāde: Ignitis","adrese":"Piebalgas iela 14, Cēsis","operator":"Ignitis","brand":"Ignitis ON","fee":"yes","access":"yes"}},{"type":"Feature","geometry":{"type":"Point","coordinates":[24.135989,56.974747]},"properties":{"kategorija":"ev_uzlade","id":"node/14063260271","nosaukums":"Elektroauto uzlādes stacija","adrese":"Krišjāņa Valdemāra iela 112, Rīga"}},{"type":"Feature","geometry":{"type":"Point","coordinates":[24.136,56.974796]},"properties":{"kategorija":"ev_uzlade","id":"node/14063260272","nosaukums":"Elektroauto uzlādes stacija","adrese":"Krišjāņa Valdemāra iela 112, Rīga"}},{"type":"Feature","geometry":{"type":"Point","coordinates":[24.159005,56.956873]},"properties":{"kategorija":"ev_uzlade","id":"node/14070701783","nosaukums":"Elektroauto uzlādes stacija","adrese":"Augšiela 1, Rīga"}},{"type":"Feature","geometry":{"type":"Point","coordinates":[24.182238,56.958944]},"properties":{"kategorija":"ev_uzlade","id":"node/14073189245","nosaukums":"Elektroauto uzlādes stacija","adrese":"Stirnu iela 27, Rīga"}},{"type":"Feature","geometry":{"type":"Point","coordinates":[23.770228,56.965573]},"properties":{"kategorija":"ev_uzlade","id":"node/14083645408","nosaukums":"Elektroauto uzlāde: Elektrum","adrese":"","operator":"Elektrum","capacity":"3"}},{"type":"Feature","geometry":{"type":"Point","coordinates":[23.621002,56.947099]},"properties":{"kategorija":"ev_uzlade","id":"node/14092603778","nosaukums":"Elektroauto uzlādes stacija","adrese":"Ventspils šoseja 30A, Jūrmala","capacity":"2"}},{"type":"Feature","geometry":{"type":"Point","coordinates":[23.621116,56.947116]},"properties":{"kategorija":"ev_uzlade","id":"node/14092603779","nosaukums":"Elektroauto uzlādes stacija","adrese":"Ventspils šoseja 30A, Jūrmala","capacity":"2"}},{"type":"Feature","geometry":{"type":"Point","coordinates":[23.01964,57.381138]},"properties":{"kategorija":"ev_uzlade","id":"node/14099646900","nosaukums":"Elektroauto uzlāde: Ignitis ON","adrese":"","name":"Ignitis ON","operator":"Ignitis ON","network":"Ignitis ON","capacity":"2","fee":"yes","socket:type2_combo":"2","socket:type2_combo:output":"50"}},{"type":"Feature","geometry":{"type":"Point","coordinates":[24.320848,57.070657]},"properties":{"kategorija":"ev_uzlade","id":"node/14109138597","nosaukums":"Elektroauto uzlāde: Ignitis","adrese":"Rīgas gatve 5A, Ādaži","operator":"Ignitis"}},{"type":"Feature","geometry":{"type":"Point","coordinates":[21.978332,56.972653]},"properties":{"kategorija":"ev_uzlade","id":"node/14137290375","nosaukums":"Elektroauto uzlāde: Ignitis","adrese":"","operator":"Ignitis"}},{"type":"Feature","geometry":{"type":"Point","coordinates":[24.136011,56.974836]},"properties":{"kategorija":"ev_uzlade","id":"node/14138795284","nosaukums":"Elektroauto uzlādes stacija","adrese":"Krišjāņa Valdemāra iela 112, Rīga"}},{"type":"Feature","geometry":{"type":"Point","coordinates":[24.164777,56.962512]},"properties":{"kategorija":"ev_uzlade","id":"node/14140392048","nosaukums":"Elektroauto uzlāde: Enefit","adrese":"Braslas iela 20, Rīga","brand":"Enefit"}},{"type":"Feature","geometry":{"type":"Point","coordinates":[24.122714,56.947208]},"properties":{"kategorija":"ev_uzlade","id":"node/14151336192","nosaukums":"Elektroauto uzlādes stacija","adrese":"Satekles iela 2B, Rīga","capacity":"4","fee":"no","access":"yes","motorcar":"no"}},{"type":"Feature","geometry":{"type":"Point","coordinates":[24.181521,56.966234]},"properties":{"kategorija":"ev_uzlade","id":"node/14177530628","nosaukums":"Elektroauto uzlāde: Ignitis ON","adrese":"Burtnieku iela 39, Rīga","operator":"Ignitis ON"}},{"type":"Feature","geometry":{"type":"Point","coordinates":[21.969998,56.972408]},"properties":{"kategorija":"ev_uzlade","id":"node/14184541158","nosaukums":"Elektroauto uzlādes stacija","adrese":"Kaļķu iela 14, Kuldīga"}},{"type":"Feature","geometry":{"type":"Point","coordinates":[24.118827,56.947105]},"properties":{"kategorija":"ev_uzlade","id":"node/14216137318","nosaukums":"Elektroauto uzlāde: Bolt","adrese":"Stacijas laukums 4, Rīga","operator":"Bolt","motorcar":"no"}},{"type":"Feature","geometry":{"type":"Point","coordinates":[23.279688,56.627865]},"properties":{"kategorija":"ev_uzlade","id":"node/14249459446","nosaukums":"Elektroauto uzlāde: Enefit","adrese":"Muldavas iela 3A, Dobele","brand":"Enefit","capacity":"4"}},{"type":"Feature","geometry":{"type":"Point","coordinates":[23.789168,56.972009]},"properties":{"kategorija":"ev_uzlade","id":"node/2463187068","nosaukums":"Elektroauto uzlāde: Latvenergo DC (Non Operational)  CCS/SAE, CHAdeMO","adrese":"Jomas iela 4, Jūrmala","name":"Latvenergo DC (Non Operational)  CCS/SAE, CHAdeMO","operator":"Elektrum","capacity":"2"}},{"type":"Feature","geometry":{"type":"Point","coordinates":[23.373088,56.487403]},"properties":{"kategorija":"ev_uzlade","id":"node/5318343259","nosaukums":"Elektroauto uzlādes stacija","adrese":""}},{"type":"Feature","geometry":{"type":"Point","coordinates":[24.601325,56.814593]},"properties":{"kategorija":"ev_uzlade","id":"node/5318343260","nosaukums":"Elektroauto uzlādes stacija","adrese":"Brīvības iela 7, Ogre"}},{"type":"Feature","geometry":{"type":"Point","coordinates":[24.357612,57.751725]},"properties":{"kategorija":"ev_uzlade","id":"node/5484536878","nosaukums":"Elektroauto uzlāde: CSDD Electric Charger Station","adrese":"","name":"CSDD Electric Charger Station","operator":"CSDD","capacity":"3","access":"yes"}},{"type":"Feature","geometry":{"type":"Point","coordinates":[27.184274,55.888037]},"properties":{"kategorija":"ev_uzlade","id":"node/5720950159","nosaukums":"Elektroauto uzlāde: Virši Krāslava","adrese":"Rīgas iela 165A, Krāslava","name":"Virši Krāslava","operator":"Virši","brand":"Virši","opening_hours":"24/7","capacity":"2","motorcar":"yes"}},{"type":"Feature","geometry":{"type":"Point","coordinates":[21.065461,56.346082]},"properties":{"kategorija":"ev_uzlade","id":"node/5797574734","nosaukums":"Elektroauto uzlāde: e-mobi","adrese":"Nīca","name":"e-mobi","operator":"CSDD","opening_hours":"24/7","capacity":"2","fee":"yes","access":"yes"}},{"type":"Feature","geometry":{"type":"Point","coordinates":[22.969862,56.664125]},"properties":{"kategorija":"ev_uzlade","id":"node/5816404564","nosaukums":"Elektroauto uzlāde: CSSD","adrese":"Biksti","operator":"CSSD","socket:type2":"1","socket:type2_combo":"1","socket:chademo":"1","motorcar":"yes"}},{"type":"Feature","geometry":{"type":"Point","coordinates":[24.164693,56.976497]},"properties":{"kategorija":"ev_uzlade","id":"node/5890727157","nosaukums":"Elektroauto uzlādes stacija","adrese":"Gustava Zemgala gatve 76, Rīga","capacity":"8"}},{"type":"Feature","geometry":{"type":"Point","coordinates":[24.72224,57.509434]},"properties":{"kategorija":"ev_uzlade","id":"node/5910138890","nosaukums":"Elektroauto uzlāde: CSDD","adrese":"Stacijas iela 7, Limbaži","operator":"CSDD","capacity":"4"}},{"type":"Feature","geometry":{"type":"Point","coordinates":[25.03437,57.182793]},"properties":{"kategorija":"ev_uzlade","id":"node/5916532504","nosaukums":"Elektroauto uzlāde: CSDD","adrese":"Nītaures iela 8, Augšlīgatne","operator":"CSDD","capacity":"3","access":"yes"}},{"type":"Feature","geometry":{"type":"Point","coordinates":[24.038107,56.931925]},"properties":{"kategorija":"ev_uzlade","id":"node/5981179008","nosaukums":"Elektroauto uzlāde: SIA \"EMI Electronics\"","adrese":"Jaunmoku iela 13, Rīga","operator":"SIA \"EMI Electronics\"","brand":"Eleport","capacity":"2"}},{"type":"Feature","geometry":{"type":"Point","coordinates":[21.965962,56.966771]},"properties":{"kategorija":"ev_uzlade","id":"node/6048297015","nosaukums":"Elektroauto uzlāde: e-mobi","adrese":"Dzirnavu iela 9, Kuldīga","name":"e-mobi","opening_hours":"24/7","fee":"yes"}},{"type":"Feature","geometry":{"type":"Point","coordinates":[26.376075,57.456032]},"properties":{"kategorija":"ev_uzlade","id":"node/6187742886","nosaukums":"Elektroauto uzlādes stacija","adrese":"Vireši"}},{"type":"Feature","geometry":{"type":"Point","coordinates":[25.901988,57.423985]},"properties":{"kategorija":"ev_uzlade","id":"node/6291414996","nosaukums":"Elektroauto uzlādes stacija","adrese":""}},{"type":"Feature","geometry":{"type":"Point","coordinates":[21.161383,56.160154]},"properties":{"kategorija":"ev_uzlade","id":"node/6399647728","nosaukums":"Elektroauto uzlāde: e-mobi","adrese":"Rucava","name":"e-mobi","operator":"CSDD","opening_hours":"24/7","fee":"yes","access":"yes"}},{"type":"Feature","geometry":{"type":"Point","coordinates":[23.286255,56.625475]},"properties":{"kategorija":"ev_uzlade","id":"node/6415815404","nosaukums":"Elektroauto uzlāde: e-mobi","adrese":"Jāņa Čakstes iela 2, Dobele","name":"e-mobi","operator":"CSDD","network":"E-mobi","opening_hours":"24/7","capacity":"2","fee":"yes","authentication:app":"yes","socket:type2":"1","socket:type2_combo":"1","socket:chademo":"1","socket:type2:output":"43 kW","socket:type2_combo:output":"50 kW","socket:chademo:output":"50 kW","motorcar":"yes"}},{"type":"Feature","geometry":{"type":"Point","coordinates":[23.987836,56.799715]},"properties":{"kategorija":"ev_uzlade","id":"node/6583959106","nosaukums":"Elektroauto uzlāde: CSDD","adrese":"Meža iela 2, Jaunolaine","operator":"CSDD","capacity":"3","access":"yes"}},{"type":"Feature","geometry":{"type":"Point","coordinates":[24.106084,56.961328]},"properties":{"kategorija":"ev_uzlade","id":"node/6584127305","nosaukums":"Elektroauto uzlāde: Elektrum","adrese":"Pulkveža Brieža iela 12, Rīga","operator":"Elektrum","capacity":"2","fee":"yes","access":"yes"}},{"type":"Feature","geometry":{"type":"Point","coordinates":[24.001153,56.939121]},"properties":{"kategorija":"ev_uzlade","id":"node/6616182550","nosaukums":"Elektroauto uzlāde: CSDD","adrese":"Kārļa Ulmaņa gatve 122, Rīga","operator":"CSDD","capacity":"1","fee":"yes","access":"yes"}},{"type":"Feature","geometry":{"type":"Point","coordinates":[23.586537,56.842343]},"properties":{"kategorija":"ev_uzlade","id":"node/6679956258","nosaukums":"Elektroauto uzlāde: e-mobi","adrese":"Rīgas iela 3, Tīreļi","name":"e-mobi","operator":"CSDD","opening_hours":"24/7","capacity":"2","fee":"yes","access":"yes"}},{"type":"Feature","geometry":{"type":"Point","coordinates":[24.17471,56.925871]},"properties":{"kategorija":"ev_uzlade","id":"node/6697062218","nosaukums":"Elektroauto uzlāde: Akropole","adrese":"Latgales iela 257, Rīga","name":"Akropole","capacity":"4"}},{"type":"Feature","geometry":{"type":"Point","coordinates":[24.192417,56.905487]},"properties":{"kategorija":"ev_uzlade","id":"node/6697062219","nosaukums":"Elektroauto uzlāde: Dole","adrese":"Latgales iela 357, Rīga","name":"Dole","operator":"lgvnetwork.lv","capacity":"1","fee":"no"}},{"type":"Feature","geometry":{"type":"Point","coordinates":[24.150831,56.931835]},"properties":{"kategorija":"ev_uzlade","id":"node/6697080469","nosaukums":"Elektroauto uzlāde: Mollers Krasta","adrese":"Krasta iela 54, Rīga","name":"Mollers Krasta","operator":"Mollers Krasta","brand":"Elektrum Drive","capacity":"2","fee":"yes","authentication:app":"yes"}},{"type":"Feature","geometry":{"type":"Point","coordinates":[23.789218,56.971945]},"properties":{"kategorija":"ev_uzlade","id":"node/6697080470","nosaukums":"Elektroauto uzlāde: Latvenergo Energoefiktivitātes centrs","adrese":"Jomas iela 4, Jūrmala","name":"Latvenergo Energoefiktivitātes centrs","operator":"Elektrum","capacity":"1"}},{"type":"Feature","geometry":{"type":"Point","coordinates":[23.900835,56.997576]},"properties":{"kategorija":"ev_uzlade","id":"node/6697097830","nosaukums":"Elektroauto uzlāde: Grill Bar 36","adrese":"","name":"Grill Bar 36","operator":"Restaurant 36. līnija","capacity":"1","fee":"yes"}},{"type":"Feature","geometry":{"type":"Point","coordinates":[24.230628,56.95567]},"properties":{"kategorija":"ev_uzlade","id":"node/6697097831","nosaukums":"Elektroauto uzlāde: SIA Energolukss","adrese":"Ulbrokas iela 46 k-1, Rīga","operator":"SIA Energolukss","capacity":"1"}},{"type":"Feature","geometry":{"type":"Point","coordinates":[24.23273,56.966167]},"properties":{"kategorija":"ev_uzlade","id":"node/6697097832","nosaukums":"Elektroauto uzlāde: Bikernieku trase","adrese":"Sergeja Eizenšteina iela 16, Rīga","name":"Bikernieku trase","operator":"CSDD","capacity":"2","fee":"no","access":"customers"}},{"type":"Feature","geometry":{"type":"Point","coordinates":[24.292299,57.005316]},"properties":{"kategorija":"ev_uzlade","id":"node/6697106658","nosaukums":"Elektroauto uzlāde: Berģi","adrese":"","name":"Berģi","operator":"CSDD","capacity":"1","access":"customers"}},{"type":"Feature","geometry":{"type":"Point","coordinates":[24.181887,56.938333]},"properties":{"kategorija":"ev_uzlade","id":"node/6697107374","nosaukums":"Elektroauto uzlāde: Inchcape","adrese":"","operator":"Inchcape","capacity":"2"}},{"type":"Feature","geometry":{"type":"Point","coordinates":[24.254945,56.95327]},"properties":{"kategorija":"ev_uzlade","id":"node/6771162460","nosaukums":"Elektroauto uzlāde: IKEA Type2","adrese":"Biķeru iela 2, Ulbroka","name":"IKEA Type2","capacity":"8","fee":"no","access":"customers"}},{"type":"Feature","geometry":{"type":"Point","coordinates":[24.093594,56.941254]},"properties":{"kategorija":"ev_uzlade","id":"node/6783211514","nosaukums":"Elektroauto uzlāde: Elektrum 50kW DC / 22kW AC","adrese":"Uzvaras bulvāris 7, Rīga","name":"Elektrum 50kW DC / 22kW AC","operator":"Elektrum","capacity":"3","fee":"yes","socket:type2":"2","socket:type2_combo":"1","socket:chademo":"1","socket:type2:output":"22kW"}},{"type":"Feature","geometry":{"type":"Point","coordinates":[24.702465,56.739705]},"properties":{"kategorija":"ev_uzlade","id":"node/7043248627","nosaukums":"Elektroauto uzlāde: Energy Museum 2x230V","adrese":"Ķeguma prospekts 7/9, Ķegums","name":"Energy Museum 2x230V","operator":"Elektrum","fee":"no","access":"yes"}},{"type":"Feature","geometry":{"type":"Point","coordinates":[24.232399,56.9888]},"properties":{"kategorija":"ev_uzlade","id":"node/7051223135","nosaukums":"Elektroauto uzlāde: Type 2 AC 2x22kW","adrese":"Brīvības gatve 401, Rīga","name":"Type 2 AC 2x22kW","operator":"e-motion.lv","brand":"Eleport","capacity":"2","fee":"yes"}},{"type":"Feature","geometry":{"type":"Point","coordinates":[24.112947,56.915221]},"properties":{"kategorija":"ev_uzlade","id":"node/7059999965","nosaukums":"Elektroauto uzlāde: CSDD Charging Station","adrese":"Bauskas iela 86, Rīga","name":"CSDD Charging Station","operator":"CSDD","capacity":"2","fee":"yes","socket:type2":"1","socket:type2_combo":"1","socket:chademo":"1","socket:type2:output":"43kW"}},{"type":"Feature","geometry":{"type":"Point","coordinates":[26.219939,56.853469]},"properties":{"kategorija":"ev_uzlade","id":"node/7083064592","nosaukums":"Elektroauto uzlāde: e-mobi","adrese":"","operator":"e-mobi","capacity":"2","fee":"yes"}},{"type":"Feature","geometry":{"type":"Point","coordinates":[24.424777,57.40492]},"properties":{"kategorija":"ev_uzlade","id":"node/7140875518","nosaukums":"Elektroauto uzlāde: CSDD","adrese":"","operator":"CSDD","capacity":"2"}},{"type":"Feature","geometry":{"type":"Point","coordinates":[24.162311,56.993348]},"properties":{"kategorija":"ev_uzlade","id":"node/7175533114","nosaukums":"Elektroauto uzlādes stacija","adrese":"Ķelnes iela 1, Rīga","capacity":"2","socket:type2":"2"}},{"type":"Feature","geometry":{"type":"Point","coordinates":[26.735278,56.074853]},"properties":{"kategorija":"ev_uzlade","id":"node/7596360071","nosaukums":"Elektroauto uzlāde: ŠPOĢI","adrese":"Šosejas iela 3, Špoģi","name":"ŠPOĢI","capacity":"50"}},{"type":"Feature","geometry":{"type":"Point","coordinates":[21.335415,56.579562]},"properties":{"kategorija":"ev_uzlade","id":"node/7599975507","nosaukums":"Elektroauto uzlāde: e-mobi","adrese":"Parka iela 2A, Lieģi","name":"e-mobi","fee":"yes"}},{"type":"Feature","geometry":{"type":"Point","coordinates":[21.047559,56.531726]},"properties":{"kategorija":"ev_uzlade","id":"node/7600021548","nosaukums":"Elektroauto uzlāde: e-mobi","adrese":"Satiksmes iela 11, Liepāja","name":"e-mobi","operator":"Ceļu satiksmes drošības direkcija","brand":"e-mobi","opening_hours":"24/7","fee":"yes"}},{"type":"Feature","geometry":{"type":"Point","coordinates":[22.014193,56.674685]},"properties":{"kategorija":"ev_uzlade","id":"node/7600024340","nosaukums":"Elektroauto uzlāde: e-mobi","adrese":"Liepājas iela 13A, Skrunda","name":"e-mobi","fee":"yes"}},{"type":"Feature","geometry":{"type":"Point","coordinates":[21.738254,56.605026]},"properties":{"kategorija":"ev_uzlade","id":"node/7600938307","nosaukums":"Elektroauto uzlāde: e-mobi","adrese":"","name":"e-mobi","opening_hours":"24/7","fee":"yes"}},{"type":"Feature","geometry":{"type":"Point","coordinates":[22.493763,56.667661]},"properties":{"kategorija":"ev_uzlade","id":"node/7600953495","nosaukums":"Elektroauto uzlāde: e-mobi","adrese":"Tirgus iela 1, Saldus","name":"e-mobi","operator":"e-mobi","brand":"e-mobi","opening_hours":"24/7","fee":"yes","access":"yes"}},{"type":"Feature","geometry":{"type":"Point","coordinates":[21.562009,57.39421]},"properties":{"kategorija":"ev_uzlade","id":"node/7603794000","nosaukums":"Elektroauto uzlāde: e-mobi","adrese":"Platā iela 10, Ventspils","name":"e-mobi","opening_hours":"24/7","capacity":"2","fee":"yes"}},{"type":"Feature","geometry":{"type":"Point","coordinates":[22.019472,57.274346]},"properties":{"kategorija":"ev_uzlade","id":"node/7613437900","nosaukums":"Elektroauto uzlāde: e-mobi","adrese":"Ugāle","name":"e-mobi","opening_hours":"24/7","fee":"yes"}},{"type":"Feature","geometry":{"type":"Point","coordinates":[22.586547,57.247765]},"properties":{"kategorija":"ev_uzlade","id":"node/7613437926","nosaukums":"Elektroauto uzlāde: e-mobi","adrese":"Kareivju iela 12, Talsi","name":"e-mobi","opening_hours":"24/7","fee":"yes"}},{"type":"Feature","geometry":{"type":"Point","coordinates":[22.577014,57.193606]},"properties":{"kategorija":"ev_uzlade","id":"node/7613437927","nosaukums":"Elektroauto uzlāde: e-mobi","adrese":"Mācītājmuiža","name":"e-mobi","fee":"yes"}},{"type":"Feature","geometry":{"type":"Point","coordinates":[24.185672,56.405424]},"properties":{"kategorija":"ev_uzlade","id":"node/7613512942","nosaukums":"Elektroauto uzlāde: e-mobi","adrese":"Pionieru iela 2, Bauska","name":"e-mobi","opening_hours":"24/7","capacity":"2","fee":"yes"}},{"type":"Feature","geometry":{"type":"Point","coordinates":[22.780709,57.03287]},"properties":{"kategorija":"ev_uzlade","id":"node/7613547361","nosaukums":"Elektroauto uzlāde: e-mobi","adrese":"Kūrorta iela 3A, Kandava","name":"e-mobi","opening_hours":"24/7","fee":"yes"}},{"type":"Feature","geometry":{"type":"Point","coordinates":[23.118442,56.950085]},"properties":{"kategorija":"ev_uzlade","id":"node/7613547362","nosaukums":"Elektroauto uzlāde: e-mobi","adrese":"Kuldīgas iela 67, Tukums","name":"e-mobi","opening_hours":"24/7","fee":"yes"}},{"type":"Feature","geometry":{"type":"Point","coordinates":[23.682081,56.416821]},"properties":{"kategorija":"ev_uzlade","id":"node/7613564049","nosaukums":"Elektroauto uzlāde: e-mobi","adrese":"Lietuvas iela 28, Eleja","name":"e-mobi","opening_hours":"24/7","fee":"yes"}},{"type":"Feature","geometry":{"type":"Point","coordinates":[24.191566,56.592919]},"properties":{"kategorija":"ev_uzlade","id":"node/7613586551","nosaukums":"Elektroauto uzlāde: Fitek AS","adrese":"Rīgas iela 2B, Iecava","name":"Fitek AS","opening_hours":"24/7","capacity":"1","fee":"yes"}},{"type":"Feature","geometry":{"type":"Point","coordinates":[23.809475,56.657168]},"properties":{"kategorija":"ev_uzlade","id":"node/7617665914","nosaukums":"Elektroauto uzlāde: e-mobi","adrese":"","name":"e-mobi","opening_hours":"24/7","fee":"yes"}},{"type":"Feature","geometry":{"type":"Point","coordinates":[23.587101,56.930471]},"properties":{"kategorija":"ev_uzlade","id":"node/7617699313","nosaukums":"Elektroauto uzlāde: e-mobi","adrese":"Ventspils šoseja 70, Jūrmala","name":"e-mobi","opening_hours":"24/7","capacity":"2","fee":"yes"}},{"type":"Feature","geometry":{"type":"Point","coordinates":[24.148745,56.880824]},"properties":{"kategorija":"ev_uzlade","id":"node/7670538782","nosaukums":"Elektroauto uzlādes stacija","adrese":"Uzvaras prospekts 1A, Baloži","capacity":"1","fee":"no","access":"yes","socket:type2":"1"}},{"type":"Feature","geometry":{"type":"Point","coordinates":[24.118918,56.877278]},"properties":{"kategorija":"ev_uzlade","id":"node/7670661263","nosaukums":"Elektroauto uzlādes stacija","adrese":"Skolas iela 4, Baloži","capacity":"2","fee":"yes","access":"yes","socket:type2":"1","socket:type2_combo":"1","socket:chademo":"1"}},{"type":"Feature","geometry":{"type":"Point","coordinates":[24.813652,56.718276]},"properties":{"kategorija":"ev_uzlade","id":"node/7682132886","nosaukums":"Elektroauto uzlādes stacija","adrese":"Lāčplēša laukums 4, Lielvārde"}},{"type":"Feature","geometry":{"type":"Point","coordinates":[26.72681,56.295147]},"properties":{"kategorija":"ev_uzlade","id":"node/7814292272","nosaukums":"Elektroauto uzlāde: PREIĻI","adrese":"Tirgus laukums 11, Preiļi","name":"PREIĻI","operator":"CSDD - Ceļu Satiksmes Drošības Direkcija","capacity":"50"}},{"type":"Feature","geometry":{"type":"Point","coordinates":[26.504675,55.88146]},"properties":{"kategorija":"ev_uzlade","id":"node/7814292273","nosaukums":"Elektroauto uzlāde: DAUGAVPILS","adrese":"Kraujas iela 3, Daugavpils","name":"DAUGAVPILS","operator":"CSDD - Ceļu Satiksmes Drošības Direkcija","capacity":"50"}},{"type":"Feature","geometry":{"type":"Point","coordinates":[27.331428,56.505917]},"properties":{"kategorija":"ev_uzlade","id":"node/7814327143","nosaukums":"Elektroauto uzlāde: CSDD","adrese":"","operator":"CSDD","capacity":"3","access":"yes"}},{"type":"Feature","geometry":{"type":"Point","coordinates":[24.10785,56.947281]},"properties":{"kategorija":"ev_uzlade","id":"node/7843182858","nosaukums":"Elektroauto uzlāde: EV charging type 2","adrese":"","name":"EV charging type 2","capacity":"2"}},{"type":"Feature","geometry":{"type":"Point","coordinates":[22.350087,57.504983]},"properties":{"kategorija":"ev_uzlade","id":"node/7938039340","nosaukums":"Elektroauto uzlāde: CSDD","adrese":"","operator":"CSDD","capacity":"2","access":"yes"}},{"type":"Feature","geometry":{"type":"Point","coordinates":[22.584915,57.74291]},"properties":{"kategorija":"ev_uzlade","id":"node/8018939839","nosaukums":"Elektroauto uzlādes stacija","adrese":""}},{"type":"Feature","geometry":{"type":"Point","coordinates":[27.260195,56.358118]},"properties":{"kategorija":"ev_uzlade","id":"node/8270507617","nosaukums":"Elektroauto uzlāde: Lūznavas muiža","adrese":"Pils iela 6, Lūznava","operator":"Lūznavas muiža","capacity":"1","fee":"no","access":"permissive"}},{"type":"Feature","geometry":{"type":"Point","coordinates":[24.086011,56.911983]},"properties":{"kategorija":"ev_uzlade","id":"node/8281723226","nosaukums":"Elektroauto uzlāde: KRASO SIA","adrese":"Vienības gatve 93, Rīga","operator":"KRASO SIA","capacity":"2"}},{"type":"Feature","geometry":{"type":"Point","coordinates":[25.436376,56.645203]},"properties":{"kategorija":"ev_uzlade","id":"node/8331243198","nosaukums":"Elektroauto uzlāde: CSDD","adrese":"1905. gada iela 14A, Koknese","operator":"CSDD"}},{"type":"Feature","geometry":{"type":"Point","coordinates":[22.560762,56.92302]},"properties":{"kategorija":"ev_uzlade","id":"node/8519086682","nosaukums":"Elektroauto uzlādes stacija","adrese":"Draudzības iela 2A, Vāne","socket:chademo":"1"}},{"type":"Feature","geometry":{"type":"Point","coordinates":[22.361347,57.506044]},"properties":{"kategorija":"ev_uzlade","id":"node/8634136602","nosaukums":"Elektroauto uzlādes stacija","adrese":"Parka iela 1, Dundaga"}},{"type":"Feature","geometry":{"type":"Point","coordinates":[26.521994,55.876373]},"properties":{"kategorija":"ev_uzlade","id":"node/8658074912","nosaukums":"Elektroauto uzlāde: e-mobi","adrese":"","name":"e-mobi","operator":"e-mobi","opening_hours":"24/7","capacity":"3","fee":"yes","access":"yes"}},{"type":"Feature","geometry":{"type":"Point","coordinates":[24.135536,56.934758]},"properties":{"kategorija":"ev_uzlade","id":"node/8894583793","nosaukums":"Elektroauto uzlādes stacija","adrese":"Krasta iela 5, Rīga","capacity":"1","fee":"no","access":"customers","socket:type2":"1"}},{"type":"Feature","geometry":{"type":"Point","coordinates":[25.630935,56.895908]},"properties":{"kategorija":"ev_uzlade","id":"node/9027947190","nosaukums":"Elektroauto uzlādes stacija","adrese":""}},{"type":"Feature","geometry":{"type":"Point","coordinates":[24.882237,57.765805]},"properties":{"kategorija":"ev_uzlade","id":"node/9061882456","nosaukums":"Elektroauto uzlāde: CSDD","adrese":"Rīgas iela 4, Aloja","operator":"CSDD","brand":"e-mobi","capacity":"3","fee":"yes","access":"yes"}},{"type":"Feature","geometry":{"type":"Point","coordinates":[21.584803,56.442992]},"properties":{"kategorija":"ev_uzlade","id":"node/9155642743","nosaukums":"Elektroauto uzlādes stacija","adrese":"","capacity":"2"}},{"type":"Feature","geometry":{"type":"Point","coordinates":[21.014668,56.519602]},"properties":{"kategorija":"ev_uzlade","id":"node/9160220620","nosaukums":"Elektroauto uzlāde: e-mobi","adrese":"Tirgus iela 22, Liepāja","name":"e-mobi","operator":"Ceļu satiksmes drošības direkcija","opening_hours":"24/7","capacity":"2","fee":"yes","access":"yes"}},{"type":"Feature","geometry":{"type":"Point","coordinates":[21.007502,56.503822]},"properties":{"kategorija":"ev_uzlade","id":"node/9160220621","nosaukums":"Elektroauto uzlāde: e-mobi","adrese":"Kuršu iela 12, Liepāja","name":"e-mobi","operator":"Ceļu satiksmes drošības direkcija","opening_hours":"24/7","fee":"yes","access":"yes"}},{"type":"Feature","geometry":{"type":"Point","coordinates":[21.009355,56.505591]},"properties":{"kategorija":"ev_uzlade","id":"node/9160220622","nosaukums":"Elektroauto uzlāde: elektrum","adrese":"","name":"elektrum","operator":"Elektrum","opening_hours":"24/7","fee":"yes"}},{"type":"Feature","geometry":{"type":"Point","coordinates":[21.017263,56.522949]},"properties":{"kategorija":"ev_uzlade","id":"node/9160220623","nosaukums":"Elektroauto uzlāde: elektrum","adrese":"Rīgas iela 56, Liepāja","name":"elektrum","operator":"Elektrum","opening_hours":"24/7","capacity":"3"}},{"type":"Feature","geometry":{"type":"Point","coordinates":[24.317452,57.069159]},"properties":{"kategorija":"ev_uzlade","id":"node/9174340321","nosaukums":"Elektroauto uzlāde: Ionity Ādaži","adrese":"Vidlauku iela 1, Stapriņi","name":"Ionity Ādaži","operator":"Ionity","network":"Ionity","brand":"Ionity","opening_hours":"24/7","capacity":"6","fee":"yes","access":"yes","socket:type2_combo":"6","socket:type2_combo:output":"350 kW"}},{"type":"Feature","geometry":{"type":"Point","coordinates":[24.172703,56.953021]},"properties":{"kategorija":"ev_uzlade","id":"node/9265129526","nosaukums":"Elektroauto uzlādes stacija","adrese":"Nīcgales iela 26A, Rīga"}},{"type":"Feature","geometry":{"type":"Point","coordinates":[24.172689,56.952985]},"properties":{"kategorija":"ev_uzlade","id":"node/9265129527","nosaukums":"Elektroauto uzlādes stacija","adrese":"Nīcgales iela 26A, Rīga"}},{"type":"Feature","geometry":{"type":"Point","coordinates":[24.172633,56.952973]},"properties":{"kategorija":"ev_uzlade","id":"node/9265129528","nosaukums":"Elektroauto uzlādes stacija","adrese":"Nīcgales iela 26A, Rīga"}},{"type":"Feature","geometry":{"type":"Point","coordinates":[24.159785,56.952905]},"properties":{"kategorija":"ev_uzlade","id":"node/9265129534","nosaukums":"Elektroauto uzlādes stacija","adrese":"Augšiela 1, Rīga","capacity":"2"}},{"type":"Feature","geometry":{"type":"Point","coordinates":[23.604488,56.96381]},"properties":{"kategorija":"ev_uzlade","id":"node/9423374848","nosaukums":"Elektroauto uzlāde: e-mobi","adrese":"Talsu šoseja 66, Jūrmala","name":"e-mobi"}},{"type":"Feature","geometry":{"type":"Point","coordinates":[23.725897,56.963115]},"properties":{"kategorija":"ev_uzlade","id":"node/9423378927","nosaukums":"Elektroauto uzlāde: e-mobi","adrese":"","name":"e-mobi","capacity":"3"}},{"type":"Feature","geometry":{"type":"Point","coordinates":[25.874231,56.501365]},"properties":{"kategorija":"ev_uzlade","id":"node/9600996914","nosaukums":"Elektroauto uzlādes stacija","adrese":"Rīgas iela 103B, Jēkabpils"}},{"type":"Feature","geometry":{"type":"Point","coordinates":[25.380958,57.523284]},"properties":{"kategorija":"ev_uzlade","id":"node/9609597791","nosaukums":"Elektroauto uzlāde: CSDD Electric Charging Station","adrese":"Eduarda Lācera iela 3, Valmiera","name":"CSDD Electric Charging Station","operator":"CSDD","capacity":"3","fee":"yes","access":"yes"}},{"type":"Feature","geometry":{"type":"Point","coordinates":[25.41927,57.539296]},"properties":{"kategorija":"ev_uzlade","id":"node/9609597792","nosaukums":"Elektroauto uzlāde: CSDD Electric Charging Station","adrese":"Kārļa Baumaņa iela 8A, Valmiera","name":"CSDD Electric Charging Station","operator":"CSDD","capacity":"3","access":"yes"}},{"type":"Feature","geometry":{"type":"Point","coordinates":[25.422678,57.547354]},"properties":{"kategorija":"ev_uzlade","id":"node/9609597793","nosaukums":"Elektroauto uzlāde: Elektrum Charging Station","adrese":"Raiņa iela 12B, Valmiera","name":"Elektrum Charging Station","operator":"Elektrum","capacity":"4","access":"yes"}},{"type":"Feature","geometry":{"type":"Point","coordinates":[25.322938,57.897671]},"properties":{"kategorija":"ev_uzlade","id":"node/9609707964","nosaukums":"Elektroauto uzlāde: CSDD Electric Charging Station","adrese":"Brīvības iela 12, Rūjiena","name":"CSDD Electric Charging Station","operator":"CSDD","capacity":"3","access":"yes"}},{"type":"Feature","geometry":{"type":"Point","coordinates":[24.882202,57.766246]},"properties":{"kategorija":"ev_uzlade","id":"node/9609707965","nosaukums":"Elektroauto uzlāde: CSDD","adrese":"Rīgas iela 2A, Aloja","operator":"CSDD","capacity":"3","access":"yes"}},{"type":"Feature","geometry":{"type":"Point","coordinates":[24.104059,56.965056]},"properties":{"kategorija":"ev_uzlade","id":"node/9712369858","nosaukums":"Elektroauto uzlāde: CSDD","adrese":"Pulkveža Brieža iela 33A, Rīga","operator":"CSDD","brand":"e-mobi","capacity":"2","fee":"yes","access":"yes"}},{"type":"Feature","geometry":{"type":"Point","coordinates":[25.280781,57.314637]},"properties":{"kategorija":"ev_uzlade","id":"node/9821998915","nosaukums":"Elektroauto uzlāde: e-mobi","adrese":"Uzvaras bulvāris 22, Cēsis","operator":"e-mobi","brand":"e-mobi","capacity":"3","fee":"yes","access":"yes"}},{"type":"Feature","geometry":{"type":"Point","coordinates":[26.509006,55.872151]},"properties":{"kategorija":"ev_uzlade","id":"node/9825697890","nosaukums":"Elektroauto uzlāde: CSDD Charging Station","adrese":"","name":"CSDD Charging Station","operator":"CSDD","capacity":"2","access":"yes"}},{"type":"Feature","geometry":{"type":"Point","coordinates":[26.559335,55.880488]},"properties":{"kategorija":"ev_uzlade","id":"node/9825731490","nosaukums":"Elektroauto uzlāde: CSDD Charging Station","adrese":"Valkas iela 3, Daugavpils","name":"CSDD Charging Station","operator":"CSDD","capacity":"2","access":"yes"}},{"type":"Feature","geometry":{"type":"Point","coordinates":[25.34044,57.520065]},"properties":{"kategorija":"ev_uzlade","id":"node/9886626037","nosaukums":"Elektroauto uzlādes stacija","adrese":"Alejas iela 8, Kocēni","capacity":"2","socket:type2":"2"}},{"type":"Feature","geometry":{"type":"Point","coordinates":[24.386103,57.621971]},"properties":{"kategorija":"ev_uzlade","id":"node/9914723023","nosaukums":"Elektroauto uzlāde: CSDD","adrese":"","operator":"CSDD","capacity":"3","access":"yes"}},{"type":"Feature","geometry":{"type":"Point","coordinates":[22.821209,57.497317]},"properties":{"kategorija":"ev_uzlade","id":"node/9927513617","nosaukums":"Elektroauto uzlāde: CSDD","adrese":"Selgas iela 70, Roja","operator":"CSDD","brand":"e-mobi","capacity":"2","fee":"yes","access":"yes","socket:type2":"1","socket:type2_combo":"1","socket:chademo":"1"}},{"type":"Feature","geometry":{"type":"Point","coordinates":[24.142081,56.966609]},"properties":{"kategorija":"ev_uzlade","id":"node/9969969766","nosaukums":"Elektroauto uzlādes stacija","adrese":"Cēsu iela 31, Rīga"}},{"type":"Feature","geometry":{"type":"Point","coordinates":[26.16376,56.375904]},"properties":{"kategorija":"ev_uzlade","id":"way/1161973537","nosaukums":"Elektroauto uzlāde: e-mobi","adrese":"","brand":"e-mobi","fee":"yes"}},{"type":"Feature","geometry":{"type":"Point","coordinates":[21.006617,56.485676]},"properties":{"kategorija":"ev_uzlade","id":"way/1185123020","nosaukums":"Elektroauto uzlāde: Ceļu satiksmes drošības direkcija","adrese":"","operator":"Ceļu satiksmes drošības direkcija","brand":"e-mobi","capacity":"2","fee":"yes","access":"yes"}},{"type":"Feature","geometry":{"type":"Point","coordinates":[24.0857,56.91122]},"properties":{"kategorija":"ev_uzlade","id":"way/1311600138","nosaukums":"Elektroauto uzlāde: Bolt","adrese":"","operator":"Bolt","access":"customers"}},{"type":"Feature","geometry":{"type":"Point","coordinates":[24.10447,56.924906]},"properties":{"kategorija":"ev_uzlade","id":"way/1342413563","nosaukums":"Elektroauto uzlāde: Ignitis","adrese":"","operator":"Ignitis","capacity":"10"}},{"type":"Feature","geometry":{"type":"Point","coordinates":[24.116336,56.941837]},"properties":{"kategorija":"ev_uzlade","id":"way/1352903109","nosaukums":"Elektroauto uzlādes stacija","adrese":""}},{"type":"Feature","geometry":{"type":"Point","coordinates":[24.178583,56.92736]},"properties":{"kategorija":"ev_uzlade","id":"way/1352903204","nosaukums":"Elektroauto uzlādes stacija","adrese":""}},{"type":"Feature","geometry":{"type":"Point","coordinates":[24.20472,56.898332]},"properties":{"kategorija":"ev_uzlade","id":"way/1354444612","nosaukums":"Elektroauto uzlādes stacija","adrese":""}},{"type":"Feature","geometry":{"type":"Point","coordinates":[24.202323,56.933749]},"properties":{"kategorija":"ev_uzlade","id":"way/1361196963","nosaukums":"Elektroauto uzlāde: Bolt","adrese":"","operator":"Bolt"}},{"type":"Feature","geometry":{"type":"Point","coordinates":[24.203571,56.937064]},"properties":{"kategorija":"ev_uzlade","id":"way/1361197096","nosaukums":"Elektroauto uzlāde: Bolt","adrese":"","operator":"Bolt"}},{"type":"Feature","geometry":{"type":"Point","coordinates":[24.20759,56.595008]},"properties":{"kategorija":"ev_uzlade","id":"way/1428506179","nosaukums":"Elektroauto uzlādes stacija","adrese":"","capacity":"4"}},{"type":"Feature","geometry":{"type":"Point","coordinates":[24.491055,56.832479]},"properties":{"kategorija":"ev_uzlade","id":"way/1461481289","nosaukums":"Elektroauto uzlāde: Ignitis ON","adrese":"","brand":"Ignitis ON","fee":"yes","motorcar":"yes"}},{"type":"Feature","geometry":{"type":"Point","coordinates":[24.039686,56.926112]},"properties":{"kategorija":"ev_uzlade","id":"way/1550984766","nosaukums":"Elektroauto uzlādes stacija","adrese":"","capacity":"6"}},{"type":"Feature","geometry":{"type":"Point","coordinates":[24.203077,56.983227]},"properties":{"kategorija":"ev_uzlade","id":"way/1552619281","nosaukums":"Elektroauto uzlāde: Bolt","adrese":"","operator":"Bolt","motorcar":"no"}},{"type":"Feature","geometry":{"type":"Point","coordinates":[24.202875,56.983176]},"properties":{"kategorija":"ev_uzlade","id":"way/1552619282","nosaukums":"Elektroauto uzlāde: Bolt","adrese":"","operator":"Bolt","motorcar":"no"}},{"type":"Feature","geometry":{"type":"Point","coordinates":[24.20498,56.98384]},"properties":{"kategorija":"ev_uzlade","id":"way/1552619283","nosaukums":"Elektroauto uzlāde: Bolt","adrese":"","operator":"Bolt","motorcar":"no"}},{"type":"Feature","geometry":{"type":"Point","coordinates":[24.11078,56.924712]},"properties":{"kategorija":"ev_uzlade","id":"way/1554385225","nosaukums":"Elektroauto uzlāde: Neste","adrese":"","operator":"Neste","capacity":"4"}},{"type":"Feature","geometry":{"type":"Point","coordinates":[24.086599,56.91001]},"properties":{"kategorija":"ev_uzlade","id":"way/1554386613","nosaukums":"Elektroauto uzlādes stacija","adrese":""}},{"type":"Feature","geometry":{"type":"Point","coordinates":[24.184594,56.978453]},"properties":{"kategorija":"ev_uzlade","id":"way/1554839033","nosaukums":"Elektroauto uzlāde: Bolt","adrese":"","operator":"Bolt","motorcar":"no"}},{"type":"Feature","geometry":{"type":"Point","coordinates":[27.338036,56.516131]},"properties":{"kategorija":"ev_uzlade","id":"way/1564972942","nosaukums":"Elektroauto uzlādes stacija","adrese":"","capacity":"3","motorcar":"yes"}}]}