{"type":"FeatureCollection","features":[{"type":"Feature","geometry":{"type":"Point","coordinates":[26.505557,55.878956]},"properties":{"kategorija":"degviela","id":"node/10018929478","adrese":"Cietokšņa iela 82, Daugavpils","name":"Viada","operator":"VIADA Baltija AS","brand":"Viada","opening_hours":"24/7","website":"https://www.viada.lv"}},{"type":"Feature","geometry":{"type":"Point","coordinates":[24.505191,56.842878]},"properties":{"kategorija":"degviela","id":"node/1002495734","adrese":"Smiltenāju iela 11, Ikšķile","name":"Šleins SIA","opening_hours":"Mo-Su 07:00-21:00"}},{"type":"Feature","geometry":{"type":"Point","coordinates":[24.013839,56.930408]},"properties":{"kategorija":"degviela","id":"node/10048134453","adrese":"Šampētera iela 180, Rīga","name":"Viada","brand":"Viada","opening_hours":"24/7"}},{"type":"Feature","geometry":{"type":"Point","coordinates":[25.419137,57.538074]},"properties":{"kategorija":"bankomats","id":"node/10054651601","adrese":"Rīgas iela 15, Valmiera","name":"Swedbank","operator":"Swedbank","brand":"Swedbank"}},{"type":"Feature","geometry":{"type":"Point","coordinates":[25.435247,57.526933]},"properties":{"kategorija":"bankomats","id":"node/10060752097","adrese":"Stacijas iela 29, Valmiera","name":"Luminor Bank","operator":"Luminor Bank","brand":"Luminor Bank"}},{"type":"Feature","geometry":{"type":"Point","coordinates":[23.322687,56.916253]},"properties":{"kategorija":"degviela","id":"node/10099082113","adrese":"","name":"Straujupīte","operator":"Straujupīte","brand":"Straujupīte"}},{"type":"Feature","geometry":{"type":"Point","coordinates":[24.103403,56.927342]},"properties":{"kategorija":"bankomats","id":"node/10139347102","adrese":"Mūkusalas iela 71, Rīga","name":"Luminor Bank","operator":"Luminor Bank","brand":"Luminor Bank"}},{"type":"Feature","geometry":{"type":"Point","coordinates":[24.103343,56.927352]},"properties":{"kategorija":"bankomats","id":"node/10139347103","adrese":"Mūkusalas iela 71, Rīga","name":"SEB","operator":"SEB","brand":"SEB"}},{"type":"Feature","geometry":{"type":"Point","coordinates":[24.103144,56.926346]},"properties":{"kategorija":"bankomats","id":"node/10139347106","adrese":"Mūkusalas iela 71, Rīga","operator":"Citadele"}},{"type":"Feature","geometry":{"type":"Point","coordinates":[24.133833,56.957158]},"properties":{"kategorija":"bankomats","id":"node/10148965019","adrese":"Matīsa iela 25, Rīga","operator":"Swedbank","opening_hours":"08:00-23:00"}},{"type":"Feature","geometry":{"type":"Point","coordinates":[26.636147,55.92951]},"properties":{"kategorija":"degviela","id":"node/10157783119","adrese":"Stropica","name":"Virši-A","brand":"Virši","opening_hours":"24/7"}},{"type":"Feature","geometry":{"type":"Point","coordinates":[24.173276,56.917359]},"properties":{"kategorija":"bankomats","id":"node/10176143239","adrese":"Latgales iela 250E, Rīga","operator":"Citadele"}},{"type":"Feature","geometry":{"type":"Point","coordinates":[24.244543,56.989521]},"properties":{"kategorija":"bankomats","id":"node/1019350800","adrese":"Juglas iela 2C, Rīga","name":"SEB","operator":"SEB","brand":"SEB","opening_hours":"24/7"}},{"type":"Feature","geometry":{"type":"Point","coordinates":[24.379953,57.873897]},"properties":{"kategorija":"degviela","id":"node/10200187290","adrese":"Ainaži","name":"LN"}},{"type":"Feature","geometry":{"type":"Point","coordinates":[24.236631,56.96835]},"properties":{"kategorija":"bankomats","id":"node/10232935108","adrese":"Gaiļezera iela 8, Rīga","operator":"Luminor Bank","brand":"Luminor Bank","opening_hours":"08:00-23:00"}},{"type":"Feature","geometry":{"type":"Point","coordinates":[24.23887,56.959309]},"properties":{"kategorija":"bankomats","id":"node/10232935109","adrese":"Hipokrāta iela 28, Rīga","operator":"Luminor Bank","brand":"Luminor Bank","opening_hours":"08:00-22:00"}},{"type":"Feature","geometry":{"type":"Point","coordinates":[24.036899,56.960644]},"properties":{"kategorija":"bankomats","id":"node/10244214595","adrese":"Slokas iela 115, Rīga","operator":"Luminor Bank","brand":"Luminor Bank","opening_hours":"Mo-Su 08:00-23:00"}},{"type":"Feature","geometry":{"type":"Point","coordinates":[27.329673,56.501896]},"properties":{"kategorija":"bankomats","id":"node/10245171328","adrese":"Galdnieku iela 8, Rēzekne","operator":"Luminor Bank","brand":"Luminor Bank","opening_hours":"08:00-22:00"}},{"type":"Feature","geometry":{"type":"Point","coordinates":[27.347578,56.518101]},"properties":{"kategorija":"bankomats","id":"node/10245171329","adrese":"Stacijas iela 20A, Rēzekne","operator":"Luminor","opening_hours":"Mo-Su 08:00-22:00"}},{"type":"Feature","geometry":{"type":"Point","coordinates":[27.340077,56.523492]},"properties":{"kategorija":"bankomats","id":"node/10245171330","adrese":"Atbrīvošanas aleja 141A, Rēzekne","operator":"Swedbank","brand":"Swedbank","opening_hours":"08:00-22:00"}},{"type":"Feature","geometry":{"type":"Point","coordinates":[25.393134,57.532369]},"properties":{"kategorija":"bankomats","id":"node/10251414140","adrese":"Rīgas iela 74, Valmiera","operator":"Luminor Bank","brand":"Luminor Bank","opening_hours":"08:00-22:00"}},{"type":"Feature","geometry":{"type":"Point","coordinates":[25.426165,57.534514]},"properties":{"kategorija":"bankomats","id":"node/10251414141","adrese":"Stacijas iela 1, Valmiera","name":"Luminor Valmieras autoosta","operator":"Luminor Bank","brand":"Luminor Bank","opening_hours":"24/7"}},{"type":"Feature","geometry":{"type":"Point","coordinates":[25.399363,57.540629]},"properties":{"kategorija":"bankomats","id":"node/10251414142","adrese":"Matīšu šoseja 6, Valmiera","operator":"Luminor Bank","brand":"Luminor Bank","opening_hours":"Mo-Fr 08:00-20:00; Sa 08:00-19:00; Su 09:00-18:00"}},{"type":"Feature","geometry":{"type":"Point","coordinates":[21.010751,56.507718]},"properties":{"kategorija":"bankomats","id":"node/10251414143","adrese":"Lielā iela 13, Liepāja","operator":"Luminor Bank","brand":"Luminor Bank","opening_hours":"24/7"}},{"type":"Feature","geometry":{"type":"Point","coordinates":[21.018074,56.515145]},"properties":{"kategorija":"bankomats","id":"node/10251414144","adrese":"Jaunā ostmala 3/5, Liepāja","operator":"Luminor Bank","brand":"Luminor Bank","opening_hours":"08:00-22:00"}},{"type":"Feature","geometry":{"type":"Point","coordinates":[21.013578,56.534257]},"properties":{"kategorija":"bankomats","id":"node/10251414145","adrese":"Ziemeļu iela 10, Liepāja","operator":"Luminor Bank","brand":"Luminor Bank","opening_hours":"24/7"}},{"type":"Feature","geometry":{"type":"Point","coordinates":[21.017194,56.485996]},"properties":{"kategorija":"bankomats","id":"node/10251414146","adrese":"Ganību iela 175/177, Liepāja","operator":"Luminor Bank","brand":"Luminor Bank","opening_hours":"08.00-22.00"}},{"type":"Feature","geometry":{"type":"Point","coordinates":[23.153436,56.971951]},"properties":{"kategorija":"bankomats","id":"node/10251463086","adrese":"Kurzemes iela 36, Tukums","name":"Luminor Tukuma Maxima XX","operator":"Luminor Bank","brand":"Luminor Bank","opening_hours":"08:00-22:00"}},{"type":"Feature","geometry":{"type":"Point","coordinates":[23.732042,56.640736]},"properties":{"kategorija":"bankomats","id":"node/10251463087","adrese":"Stacijas iela 1, Jelgava","name":"Luminor ATM Jelgavas dzelzceļa stacija","operator":"Luminor Bank","brand":"Luminor Bank","opening_hours":"24/7"}},{"type":"Feature","geometry":{"type":"Point","coordinates":[23.706847,56.651141]},"properties":{"kategorija":"bankomats","id":"node/10251463088","adrese":"Dobeles šoseja 7, Jelgava","operator":"Luminor Bank","brand":"Luminor Bank","opening_hours":"08:00-22:00"}},{"type":"Feature","geometry":{"type":"Point","coordinates":[23.723869,56.650823]},"properties":{"kategorija":"bankomats","id":"node/10251463089","adrese":"Driksas iela 4, Jelgava","operator":"Luminor Bank","brand":"Luminor Bank","opening_hours":"08:00-22:00"}},{"type":"Feature","geometry":{"type":"Point","coordinates":[23.74626,56.66156]},"properties":{"kategorija":"bankomats","id":"node/10251463090","adrese":"Rīgas iela 11A, Jelgava","operator":"Luminor Bank","brand":"Luminor Bank","opening_hours":"08:00-22:00"}},{"type":"Feature","geometry":{"type":"Point","coordinates":[26.174263,56.355565]},"properties":{"kategorija":"bankomats","id":"node/10251463091","adrese":"Domes iela 4A, Līvāni","operator":"Luminor Bank","brand":"Luminor Bank","opening_hours":"08:00-20:00"}},{"type":"Feature","geometry":{"type":"Point","coordinates":[24.130819,56.966273]},"properties":{"kategorija":"bankomats","id":"node/10259150324","adrese":"Krišjāņa Valdemāra iela 62A, Rīga","operator":"Swedbank","brand":"Swedbank","opening_hours":"Mo-Su 08:00-22:00"}},{"type":"Feature","geometry":{"type":"Point","coordinates":[21.006189,56.510819]},"properties":{"kategorija":"bankomats","id":"node/10292794541","adrese":"Jūras iela 25/29, Liepāja","operator":"Swedbank","brand":"Swedbank","opening_hours":"Mo-Fr 07:30-22:00; Sa-Su 08:00-22:00"}},{"type":"Feature","geometry":{"type":"Point","coordinates":[21.017329,56.511605]},"properties":{"kategorija":"bankomats","id":"node/10292794542","adrese":"Kārļa Zāles laukums 8, Liepāja","operator":"SEB","brand":"SEB","opening_hours":"08:00-22:00"}},{"type":"Feature","geometry":{"type":"Point","coordinates":[24.174595,56.950962]},"properties":{"kategorija":"degviela","id":"node/1035682785","adrese":"Augusta Deglava iela 51A, Rīga","name":"Neste","operator":"Neste","brand":"Neste","opening_hours":"24/7"}},{"type":"Feature","geometry":{"type":"Point","coordinates":[26.751807,57.172115]},"properties":{"kategorija":"bankomats","id":"node/10538978622","adrese":"Brīvības iela 56, Gulbene","operator":"Swedbank","brand":"Swedbank","opening_hours":"Mo-Su 08:00-21:00"}},{"type":"Feature","geometry":{"type":"Point","coordinates":[24.18921,56.957747]},"properties":{"kategorija":"degviela","id":"node/1055364535","adrese":"Gunāra Astras iela 7, Rīga","name":"Viada","brand":"Viada","opening_hours":"24/7","website":"https://www.viada.lv"}},{"type":"Feature","geometry":{"type":"Point","coordinates":[24.814603,56.718115]},"properties":{"kategorija":"bankomats","id":"node/10563476663","adrese":"Lāčplēša iela 14, Lielvārde","operator":"Swedbank","brand":"Swedbank"}},{"type":"Feature","geometry":{"type":"Point","coordinates":[24.289332,57.003135]},"properties":{"kategorija":"bankomats","id":"node/10683738497","adrese":"Berģi","operator":"Swedbank","brand":"Swedbank"}},{"type":"Feature","geometry":{"type":"Point","coordinates":[24.137037,56.974378]},"properties":{"kategorija":"bankomats","id":"node/10705360184","adrese":"Krišjāņa Valdemāra iela 112, Rīga","operator":"Luminor"}},{"type":"Feature","geometry":{"type":"Point","coordinates":[21.569436,57.390367]},"properties":{"kategorija":"bankomats","id":"node/10709433939","adrese":"Aleksandra iela 16, Ventspils","operator":"Swedbank","brand":"Swedbank","opening_hours":"08:00-22:00"}},{"type":"Feature","geometry":{"type":"Point","coordinates":[21.565791,57.394294]},"properties":{"kategorija":"bankomats","id":"node/10713181400","adrese":"Kuldīgas iela 17, Ventspils","operator":"Luminor"}},{"type":"Feature","geometry":{"type":"Point","coordinates":[21.579359,57.387818]},"properties":{"kategorija":"bankomats","id":"node/10727897526","adrese":"Lielais prospekts 3/5, Ventspils","operator":"Citadele"}},{"type":"Feature","geometry":{"type":"Point","coordinates":[21.579445,57.387812]},"properties":{"kategorija":"bankomats","id":"node/10727897527","adrese":"Lielais prospekts 3/5, Ventspils","operator":"Luminor"}},{"type":"Feature","geometry":{"type":"Point","coordinates":[21.579406,57.387815]},"properties":{"kategorija":"bankomats","id":"node/10727897528","adrese":"Lielais prospekts 3/5, Ventspils","operator":"Swedbank","brand":"Swedbank"}},{"type":"Feature","geometry":{"type":"Point","coordinates":[25.429976,57.53112]},"properties":{"kategorija":"bankomats","id":"node/1074160871","adrese":"Stacijas iela 11, Valmiera","operator":"Latvijas krājbanka"}},{"type":"Feature","geometry":{"type":"Point","coordinates":[25.429962,57.531115]},"properties":{"kategorija":"bankomats","id":"node/1074160900","adrese":"Stacijas iela 11, Valmiera","name":"SEB","operator":"SEB","brand":"SEB","opening_hours":"24/7"}},{"type":"Feature","geometry":{"type":"Point","coordinates":[25.423669,57.538534]},"properties":{"kategorija":"bankomats","id":"node/1074183283","adrese":"Rīgas iela 4, Valmiera","name":"Luminor","operator":"Luminor Bank","brand":"Luminor Bank","opening_hours":"08:00-22:00"}},{"type":"Feature","geometry":{"type":"Point","coordinates":[25.423737,57.538596]},"properties":{"kategorija":"bankomats","id":"node/1074183296","adrese":"Rīgas iela 4, Valmiera","name":"SEB","operator":"SEB","brand":"SEB","opening_hours":"Mo-Su 08:00-22:00"}},{"type":"Feature","geometry":{"type":"Point","coordinates":[24.166996,56.989691]},"properties":{"kategorija":"bankomats","id":"node/10761268134","adrese":"Rusova iela 1, Rīga","operator":"Luminor"}},{"type":"Feature","geometry":{"type":"Point","coordinates":[25.419512,57.546962]},"properties":{"kategorija":"bankomats","id":"node/1077370107","adrese":"Rubenes iela 51, Valmiera","name":"Swedbank","operator":"Swedbank","brand":"Swedbank","opening_hours":"24/7"}},{"type":"Feature","geometry":{"type":"Point","coordinates":[24.117561,56.949275]},"properties":{"kategorija":"bankomats","id":"node/10774910050","adrese":"Raiņa bulvāris 25, Rīga","operator":"Citadele","opening_hours":"24/7"}},{"type":"Feature","geometry":{"type":"Point","coordinates":[24.070686,56.936948]},"properties":{"kategorija":"bankomats","id":"node/10786669298","adrese":"Pilsoņu iela 1 k-1, Rīga","operator":"Citadele"}},{"type":"Feature","geometry":{"type":"Point","coordinates":[24.239734,56.956481]},"properties":{"kategorija":"bankomats","id":"node/10797019668","adrese":"Biķernieku iela 143, Rīga","name":"Swedbank","operator":"Swedbank","brand":"Swedbank"}},{"type":"Feature","geometry":{"type":"Point","coordinates":[24.239835,56.956857]},"properties":{"kategorija":"bankomats","id":"node/10797019671","adrese":"Biķernieku iela 143, Rīga","operator":"Luminor"}},{"type":"Feature","geometry":{"type":"Point","coordinates":[21.189104,56.887178]},"properties":{"kategorija":"bankomats","id":"node/10815064330","adrese":"Dzintaru iela 69, Pāvilosta","operator":"Swedbank"}},{"type":"Feature","geometry":{"type":"Point","coordinates":[24.106502,56.923047]},"properties":{"kategorija":"bankomats","id":"node/10841782643","adrese":"Mūkusalas iela 73, Rīga","operator":"Luminor"}},{"type":"Feature","geometry":{"type":"Point","coordinates":[24.106502,56.923068]},"properties":{"kategorija":"bankomats","id":"node/10841782654","adrese":"Mūkusalas iela 73, Rīga","operator":"Swedbank"}},{"type":"Feature","geometry":{"type":"Point","coordinates":[24.167191,56.989887]},"properties":{"kategorija":"bankomats","id":"node/10857889069","adrese":"Rusova iela 1, Rīga","operator":"Swedbank","brand":"Swedbank"}},{"type":"Feature","geometry":{"type":"Point","coordinates":[25.434254,56.644602]},"properties":{"kategorija":"bankomats","id":"node/10913805925","adrese":"1905. gada iela 8A, Koknese","operator":"Swedbank","brand":"Swedbank"}},{"type":"Feature","geometry":{"type":"Point","coordinates":[24.037678,56.960679]},"properties":{"kategorija":"bankomats","id":"node/10943450808","adrese":"Slokas iela 115, Rīga","operator":"Swedbank","brand":"Swedbank"}},{"type":"Feature","geometry":{"type":"Point","coordinates":[26.72327,56.294589]},"properties":{"kategorija":"bankomats","id":"node/10963394000","adrese":"Brīvības iela 2, Preiļi","operator":"Swedbank","brand":"Swedbank","opening_hours":"24/7"}},{"type":"Feature","geometry":{"type":"Point","coordinates":[26.725798,56.294822]},"properties":{"kategorija":"bankomats","id":"node/10963394001","adrese":"Rēzeknes iela 4A, Preiļi","name":"Swedbank","operator":"Swedbank","brand":"Swedbank","opening_hours":"Mo-Su 08:00-22:00","phone":"+371 674 44444","website":"https://www.swedbank.lv/"}},{"type":"Feature","geometry":{"type":"Point","coordinates":[26.721408,56.280273]},"properties":{"kategorija":"bankomats","id":"node/10963394002","adrese":"Daugavpils iela 66A, Preiļi","operator":"Swedbank","brand":"Swedbank","opening_hours":"Mo-Su 08:00-21:00"}},{"type":"Feature","geometry":{"type":"Point","coordinates":[24.059709,56.968759]},"properties":{"kategorija":"bankomats","id":"node/1096845024","adrese":"Lidoņu iela 27 k-1, Rīga","name":"SEB","operator":"SEB","brand":"SEB","opening_hours":"24/7"}},{"type":"Feature","geometry":{"type":"Point","coordinates":[24.106782,56.947775]},"properties":{"kategorija":"bankomats","id":"node/10970612405","adrese":"Rātslaukums 9, Rīga","operator":"Ciadele"}},{"type":"Feature","geometry":{"type":"Point","coordinates":[25.741532,56.161581]},"properties":{"kategorija":"bankomats","id":"node/10989839923","adrese":"Skolas iela 5, Aknīste","operator":"Swedbank","brand":"Swedbank"}},{"type":"Feature","geometry":{"type":"Point","coordinates":[25.416975,57.542095]},"properties":{"kategorija":"bankomats","id":"node/11023277859","adrese":"Georga Apiņa iela 10A, Valmiera","operator":"Luminor Bank","brand":"Luminor Bank"}},{"type":"Feature","geometry":{"type":"Point","coordinates":[25.416988,57.542082]},"properties":{"kategorija":"bankomats","id":"node/11023277860","adrese":"Georga Apiņa iela 10A, Valmiera","operator":"Swedbank","brand":"Swedbank"}},{"type":"Feature","geometry":{"type":"Point","coordinates":[24.180849,56.970482]},"properties":{"kategorija":"bankomats","id":"node/11025475012","adrese":"Biķernieku iela 16A, Rīga","operator":"Swedbank","brand":"Swedbank"}},{"type":"Feature","geometry":{"type":"Point","coordinates":[24.180789,56.970491]},"properties":{"kategorija":"bankomats","id":"node/11025475013","adrese":"Biķernieku iela 16A, Rīga","operator":"Luminor"}},{"type":"Feature","geometry":{"type":"Point","coordinates":[26.694325,57.539081]},"properties":{"kategorija":"bankomats","id":"node/11028130061","adrese":"","operator":"Swedbank","brand":"Swedbank"}},{"type":"Feature","geometry":{"type":"Point","coordinates":[21.032608,56.539123]},"properties":{"kategorija":"degviela","id":"node/11041850492","adrese":"Pulvera iela 10B, Liepāja","name":"Neste","operator":"Neste","brand":"Neste"}},{"type":"Feature","geometry":{"type":"Point","coordinates":[25.878174,56.495463]},"properties":{"kategorija":"bankomats","id":"node/11045320619","adrese":"Vienības iela 7, Jēkabpils","operator":"Luminor Bank","brand":"Luminor Bank"}},{"type":"Feature","geometry":{"type":"Point","coordinates":[27.329693,56.505115]},"properties":{"kategorija":"bankomats","id":"node/11060657148","adrese":"Atbrīvošanas aleja 81, Rēzekne","operator":"SEB","opening_hours":"Mo-Su 06:00-23:00"}},{"type":"Feature","geometry":{"type":"Point","coordinates":[27.329313,56.50175]},"properties":{"kategorija":"bankomats","id":"node/11061260398","adrese":"Galdnieku iela 8, Rēzekne","operator":"Citadele","opening_hours":"24/7"}},{"type":"Feature","geometry":{"type":"Point","coordinates":[24.037749,56.954016]},"properties":{"kategorija":"bankomats","id":"node/11081503308","adrese":"Kurzemes prospekts 1A, Rīga","operator":"Swedbank"}},{"type":"Feature","geometry":{"type":"Point","coordinates":[24.02889,56.416061]},"properties":{"kategorija":"bankomats","id":"node/11091802439","adrese":"Pilsrundāle","operator":"Swedbank","brand":"Swedbank"}},{"type":"Feature","geometry":{"type":"Point","coordinates":[25.443412,57.555198]},"properties":{"kategorija":"degviela","id":"node/11096525835","adrese":"Valmiermuiža","name":"Straujupīte"}},{"type":"Feature","geometry":{"type":"Point","coordinates":[23.79993,56.972882]},"properties":{"kategorija":"bankomats","id":"node/11104110941","adrese":"Jomas iela 37, Jūrmala","operator":"SEB","brand":"SEB"}},{"type":"Feature","geometry":{"type":"Point","coordinates":[24.977575,57.362506]},"properties":{"kategorija":"bankomats","id":"node/11124987824","adrese":"Plācis","operator":"Swedbank","brand":"Swedbank"}},{"type":"Feature","geometry":{"type":"Point","coordinates":[25.90611,57.421049]},"properties":{"kategorija":"bankomats","id":"node/11126876884","adrese":"Atmodas iela 4, Smiltene","operator":"Swedbank","brand":"Swedbank"}},{"type":"Feature","geometry":{"type":"Point","coordinates":[23.612829,56.95352]},"properties":{"kategorija":"bankomats","id":"node/11126876885","adrese":"Raiņa iela 74, Jūrmala","operator":"Swedbank","brand":"Swedbank"}},{"type":"Feature","geometry":{"type":"Point","coordinates":[26.093239,56.544008]},"properties":{"kategorija":"bankomats","id":"node/11126876886","adrese":"Kūkas","operator":"Swedbank","brand":"Swedbank"}},{"type":"Feature","geometry":{"type":"Point","coordinates":[21.099817,56.552754]},"properties":{"kategorija":"bankomats","id":"node/11126876887","adrese":"Slimnīcas iela 25, Liepāja","operator":"Swedbank","brand":"Swedbank"}},{"type":"Feature","geometry":{"type":"Point","coordinates":[27.164404,56.346768]},"properties":{"kategorija":"bankomats","id":"node/11126876888","adrese":"1. maija iela 72, Malta","operator":"Swedbank","brand":"Swedbank"}},{"type":"Feature","geometry":{"type":"Point","coordinates":[24.130009,56.995529]},"properties":{"kategorija":"bankomats","id":"node/11133771857","adrese":"Tilta iela 32, Rīga","name":"Luminor Bank","operator":"Luminor","brand":"Luminor Bank"}},{"type":"Feature","geometry":{"type":"Point","coordinates":[25.451042,57.883406]},"properties":{"kategorija":"bankomats","id":"node/11137698244","adrese":"Naukšēni","operator":"Swedbank","brand":"Swedbank","opening_hours":"Mo-Su 08:00-22:00"}},{"type":"Feature","geometry":{"type":"Point","coordinates":[24.188839,56.406045]},"properties":{"kategorija":"bankomats","id":"node/11152750408","adrese":"Pionieru iela 2, Bauska","operator":"SEB","brand":"SEB"}},{"type":"Feature","geometry":{"type":"Point","coordinates":[21.567076,57.395277]},"properties":{"kategorija":"bankomats","id":"node/11155994119","adrese":"Baznīcas iela 2, Ventspils"}},{"type":"Feature","geometry":{"type":"Point","coordinates":[24.3352,56.854452]},"properties":{"kategorija":"bankomats","id":"node/11162809671","adrese":"Skolas iela 4D, Salaspils","operator":"Swedbank","brand":"Swedbank"}},{"type":"Feature","geometry":{"type":"Point","coordinates":[25.258887,56.610138]},"properties":{"kategorija":"bankomats","id":"node/11178315012","adrese":"Gaismas iela 35, Aizkraukle","operator":"Citadele"}},{"type":"Feature","geometry":{"type":"Point","coordinates":[25.25895,56.610152]},"properties":{"kategorija":"bankomats","id":"node/11178315013","adrese":"Gaismas iela 35, Aizkraukle","operator":"Luminor Bank","brand":"Luminor Bank"}},{"type":"Feature","geometry":{"type":"Point","coordinates":[24.872026,57.156557]},"properties":{"kategorija":"bankomats","id":"node/11207362387","adrese":"Dārza iela 28, Sigulda","operator":"Swedbank","opening_hours":"24/7"}},{"type":"Feature","geometry":{"type":"Point","coordinates":[26.692387,57.539421]},"properties":{"kategorija":"degviela","id":"node/11281758661","adrese":"Dzirnavu iela 1B, Ape","name":"Circle K","brand":"Circle K"}},{"type":"Feature","geometry":{"type":"Point","coordinates":[25.8593,56.49056]},"properties":{"kategorija":"bankomats","id":"node/11303474797","adrese":"Nākotnes iela 2, Jēkabpils","operator":"Luminor Bank","brand":"Luminor Bank","opening_hours":"24/7"}},{"type":"Feature","geometry":{"type":"Point","coordinates":[24.114867,56.944979]},"properties":{"kategorija":"bankomats","id":"node/11385520407","adrese":"Prāgas iela 1, Rīga","operator":"Luminor"}},{"type":"Feature","geometry":{"type":"Point","coordinates":[24.127856,56.954183]},"properties":{"kategorija":"bankomats","id":"node/11385525159","adrese":"Krišjāņa Barona iela 46, Rīga","operator":"Citadele"}},{"type":"Feature","geometry":{"type":"Point","coordinates":[24.156616,56.937616]},"properties":{"kategorija":"bankomats","id":"node/11389609552","adrese":"Valērijas Seiles iela 6, Rīga","name":"Swedbank","operator":"Swedbank","brand":"Swedbank"}},{"type":"Feature","geometry":{"type":"Point","coordinates":[24.17443,56.925448]},"properties":{"kategorija":"bankomats","id":"node/11389609553","adrese":"Latgales iela 257, Rīga","name":"Swedbank","operator":"Swedbank","brand":"Swedbank"}},{"type":"Feature","geometry":{"type":"Point","coordinates":[24.17481,56.924989]},"properties":{"kategorija":"bankomats","id":"node/11389609555","adrese":"Latgales iela 257, Rīga","name":"Citadele","operator":"Citadele"}},{"type":"Feature","geometry":{"type":"Point","coordinates":[24.175741,56.922765]},"properties":{"kategorija":"bankomats","id":"node/11389609556","adrese":"Latgales iela 257, Rīga","name":"Citadele","operator":"Citadele"}},{"type":"Feature","geometry":{"type":"Point","coordinates":[24.179027,56.927638]},"properties":{"kategorija":"bankomats","id":"node/11389609557","adrese":"Mazā Rencēnu iela 1, Rīga","name":"Citadele","operator":"Citadele"}},{"type":"Feature","geometry":{"type":"Point","coordinates":[24.174109,56.92371]},"properties":{"kategorija":"bankomats","id":"node/11389801674","adrese":"Latgales iela 257, Rīga","name":"Swedbank","operator":"Swedbank","brand":"Swedbank"}},{"type":"Feature","geometry":{"type":"Point","coordinates":[24.175797,56.922734]},"properties":{"kategorija":"bankomats","id":"node/11389801675","adrese":"Latgales iela 257, Rīga","name":"SEB","operator":"SEB","brand":"SEB"}},{"type":"Feature","geometry":{"type":"Point","coordinates":[24.175694,56.9228]},"properties":{"kategorija":"bankomats","id":"node/11389801676","adrese":"Latgales iela 257, Rīga","name":"Swedbank","operator":"Swedbank","brand":"Swedbank"}},{"type":"Feature","geometry":{"type":"Point","coordinates":[24.17565,56.922837]},"properties":{"kategorija":"bankomats","id":"node/11389801677","adrese":"Latgales iela 257, Rīga","name":"Luminor","operator":"Luminor"}},{"type":"Feature","geometry":{"type":"Point","coordinates":[24.174859,56.92501]},"properties":{"kategorija":"bankomats","id":"node/11392260100","adrese":"Latgales iela 257, Rīga","name":"SEB","operator":"SEB","brand":"SEB"}},{"type":"Feature","geometry":{"type":"Point","coordinates":[24.1749,56.92498]},"properties":{"kategorija":"bankomats","id":"node/11392260101","adrese":"Latgales iela 257, Rīga","name":"Luminor","operator":"Luminor"}},{"type":"Feature","geometry":{"type":"Point","coordinates":[24.204985,56.981749]},"properties":{"kategorija":"bankomats","id":"node/11421528321","adrese":"Brīvības gatve 372, Rīga","operator":"Swedbank"}},{"type":"Feature","geometry":{"type":"Point","coordinates":[24.204994,56.981752]},"properties":{"kategorija":"bankomats","id":"node/11421528322","adrese":"Brīvības gatve 372, Rīga","operator":"Swedbank"}},{"type":"Feature","geometry":{"type":"Point","coordinates":[24.205004,56.981754]},"properties":{"kategorija":"bankomats","id":"node/11421528323","adrese":"Brīvības gatve 372, Rīga","operator":"Luminor"}},{"type":"Feature","geometry":{"type":"Point","coordinates":[24.13993,57.025766]},"properties":{"kategorija":"bankomats","id":"node/11423175149","adrese":"Mīlgrāvja iela 14, Rīga","operator":"Luminor"}},{"type":"Feature","geometry":{"type":"Point","coordinates":[24.139934,57.025782]},"properties":{"kategorija":"bankomats","id":"node/11423175150","adrese":"Mīlgrāvja iela 14, Rīga","operator":"Citadele"}},{"type":"Feature","geometry":{"type":"Point","coordinates":[26.7584,56.611084]},"properties":{"kategorija":"bankomats","id":"node/11480456591","adrese":"Pils iela 7D, Varakļāni","operator":"Swedbank","brand":"Swedbank"}},{"type":"Feature","geometry":{"type":"Point","coordinates":[24.336832,56.854653]},"properties":{"kategorija":"bankomats","id":"node/11531724262","adrese":"Skolas iela 4E, Salaspils","operator":"Citadele","opening_hours":"Mo-Su 09:00-22:00"}},{"type":"Feature","geometry":{"type":"Point","coordinates":[24.120812,56.954564]},"properties":{"kategorija":"bankomats","id":"node/11557820225","adrese":"Dzirnavu iela 67, Rīga","operator":"Swedbank","brand":"Swedbank"}},{"type":"Feature","geometry":{"type":"Point","coordinates":[24.191689,56.905553]},"properties":{"kategorija":"bankomats","id":"node/11638167104","adrese":"Latgales iela 357, Rīga","operator":"Luminor"}},{"type":"Feature","geometry":{"type":"Point","coordinates":[24.357827,57.090804]},"properties":{"kategorija":"bankomats","id":"node/11663495053","adrese":"Mežavēju iela 1, Kadaga","operator":"Euronet","opening_hours":"24/7"}},{"type":"Feature","geometry":{"type":"Point","coordinates":[27.03976,57.428997]},"properties":{"kategorija":"bankomats","id":"node/11681080215","adrese":"Pils iela 9B, Alūksne","operator":"Swedbank","brand":"Swedbank"}},{"type":"Feature","geometry":{"type":"Point","coordinates":[24.071635,56.935655]},"properties":{"kategorija":"bankomats","id":"node/11703974434","adrese":"Nometņu iela 64, Rīga","operator":"Citadele bank","brand":"Citadele bank"}},{"type":"Feature","geometry":{"type":"Point","coordinates":[24.255053,56.950959]},"properties":{"kategorija":"bankomats","id":"node/11704568053","adrese":"Biķeru iela 4, Ulbroka","operator":"Luminor"}},{"type":"Feature","geometry":{"type":"Point","coordinates":[24.255083,56.950966]},"properties":{"kategorija":"bankomats","id":"node/11704568054","adrese":"Biķeru iela 4, Ulbroka","operator":"Citadele"}},{"type":"Feature","geometry":{"type":"Point","coordinates":[24.363127,56.276967]},"properties":{"kategorija":"degviela","id":"node/11733515169","adrese":""}},{"type":"Feature","geometry":{"type":"Point","coordinates":[26.604594,55.895234]},"properties":{"kategorija":"degviela","id":"node/11823048265","adrese":"18. novembra iela 335D, Daugavpils","name":"Viada","operator":"Viada","brand":"Viada","website":"https://www.viada.lv"}},{"type":"Feature","geometry":{"type":"Point","coordinates":[21.960829,56.968358]},"properties":{"kategorija":"bankomats","id":"node/11868500103","adrese":"Liepājas iela 44, Kuldīga","operator":"Swedbank"}},{"type":"Feature","geometry":{"type":"Point","coordinates":[24.07303,56.93182]},"properties":{"kategorija":"bankomats","id":"node/11895202834","adrese":"Mārupes iela 10A, Rīga","operator":"Citadele"}},{"type":"Feature","geometry":{"type":"Point","coordinates":[24.073058,56.931823]},"properties":{"kategorija":"bankomats","id":"node/11895202835","adrese":"Mārupes iela 10A, Rīga","operator":"Swedbank"}},{"type":"Feature","geometry":{"type":"Point","coordinates":[24.205223,56.98242]},"properties":{"kategorija":"bankomats","id":"node/11949576117","adrese":"Brīvības gatve 372, Rīga","operator":"SEB"}},{"type":"Feature","geometry":{"type":"Point","coordinates":[23.704987,56.63693]},"properties":{"kategorija":"bankomats","id":"node/11951762779","adrese":"Rūpniecības iela 77A, Jelgava","operator":"Swedbank","brand":"Swedbank"}},{"type":"Feature","geometry":{"type":"Point","coordinates":[24.193996,56.596211]},"properties":{"kategorija":"bankomats","id":"node/11958026541","adrese":"Rīgas iela 14, Iecava","operator":"Swedbank","brand":"Swedbank"}},{"type":"Feature","geometry":{"type":"Point","coordinates":[24.844398,57.143152]},"properties":{"kategorija":"bankomats","id":"node/11964774591","adrese":"Strēlnieku iela 2, Sigulda","operator":"Luminor"}},{"type":"Feature","geometry":{"type":"Point","coordinates":[24.090757,57.036495]},"properties":{"kategorija":"bankomats","id":"node/1199449895","adrese":"Baltāsbaznīcas iela 42, Rīga","name":"Swedbank","operator":"Swedbank","brand":"Swedbank"}},{"type":"Feature","geometry":{"type":"Point","coordinates":[23.617375,56.960219]},"properties":{"kategorija":"bankomats","id":"node/12046370972","adrese":"Talsu šoseja 25, Jūrmala","operator":"Swedbank"}},{"type":"Feature","geometry":{"type":"Point","coordinates":[22.578965,57.236414]},"properties":{"kategorija":"degviela","id":"node/12057386871","adrese":"Egļu iela 2, Talsi","name":"Kurzemes sēklas"}},{"type":"Feature","geometry":{"type":"Point","coordinates":[22.583983,57.743202]},"properties":{"kategorija":"degviela","id":"node/1206244960","adrese":"Kolka","operator":"DUS Lateva"}},{"type":"Feature","geometry":{"type":"Point","coordinates":[25.03514,57.183152]},"properties":{"kategorija":"bankomats","id":"node/12093328246","adrese":"Nītaures iela 5, Augšlīgatne","name":"Swedbank Augšlīgatne","operator":"Swedbank","brand":"Swedbank"}},{"type":"Feature","geometry":{"type":"Point","coordinates":[21.546557,57.3858]},"properties":{"kategorija":"bankomats","id":"node/12101914966","adrese":"J. Poruka iela 16, Ventspils","operator":"Swedbank","brand":"Swedbank"}},{"type":"Feature","geometry":{"type":"Point","coordinates":[23.979634,56.921807]},"properties":{"kategorija":"bankomats","id":"node/12113825873","adrese":"Lidosta \"Rīga\"","operator":"Luminor"}},{"type":"Feature","geometry":{"type":"Point","coordinates":[23.979665,56.922062]},"properties":{"kategorija":"bankomats","id":"node/12113836686","adrese":"Lidosta \"Rīga\"","operator":"Citadele bank","brand":"Citadele bank"}},{"type":"Feature","geometry":{"type":"Point","coordinates":[23.979269,56.922085]},"properties":{"kategorija":"bankomats","id":"node/12113871071","adrese":"Lidosta \"Rīga\"","operator":"Luminor Bank","brand":"Luminor Bank"}},{"type":"Feature","geometry":{"type":"Point","coordinates":[27.13029,57.001728]},"properties":{"kategorija":"bankomats","id":"node/12114471660","adrese":"Kurmenes iela 34, Rugāji","operator":"Swedbank","brand":"Swedbank"}},{"type":"Feature","geometry":{"type":"Point","coordinates":[25.357557,57.518953]},"properties":{"kategorija":"degviela","id":"node/12143806450","adrese":"Brandeļi","name":"Virši Valmiera 2","brand":"Virši","opening_hours":"24/7","website":"https://www.virsi.lv/"}},{"type":"Feature","geometry":{"type":"Point","coordinates":[25.273768,57.313077]},"properties":{"kategorija":"bankomats","id":"node/12164923103","adrese":"Pils iela 4, Cēsis","operator":"SEB","brand":"SEB"}},{"type":"Feature","geometry":{"type":"Point","coordinates":[24.08583,56.91155]},"properties":{"kategorija":"bankomats","id":"node/1218741782","adrese":"Vienības gatve 95, Rīga","operator":"Luminor","opening_hours":"24/7"}},{"type":"Feature","geometry":{"type":"Point","coordinates":[24.195888,56.941693]},"properties":{"kategorija":"bankomats","id":"node/12293751114","adrese":"Ilūkstes iela 24A, Rīga","operator":"Luminor"}},{"type":"Feature","geometry":{"type":"Point","coordinates":[24.206196,56.940913]},"properties":{"kategorija":"bankomats","id":"node/12293777387","adrese":"Andreja Saharova iela 20A, Rīga","operator":"Citadele"}},{"type":"Feature","geometry":{"type":"Point","coordinates":[24.174624,56.959243]},"properties":{"kategorija":"bankomats","id":"node/12293891334","adrese":"Nīcgales iela 2, Rīga","operator":"Swedbank"}},{"type":"Feature","geometry":{"type":"Point","coordinates":[24.108733,56.921382]},"properties":{"kategorija":"degviela","id":"node/1229496097","adrese":"Mūkusalas iela 75A, Rīga","brand":"Pro gāze"}},{"type":"Feature","geometry":{"type":"Point","coordinates":[25.866658,56.51488]},"properties":{"kategorija":"degviela","id":"node/12347144103","adrese":"Varoņu iela 6, Jēkabpils","name":"Viada","operator":"\"RusLatNafta\", SIA, Degvielas uzpildes stacija","brand":"Viada","opening_hours":"24/7","phone":"+371 65230650"}},{"type":"Feature","geometry":{"type":"Point","coordinates":[25.868619,56.513528]},"properties":{"kategorija":"degviela","id":"node/12347144106","adrese":"Varoņu iela 10, Jēkabpils","name":"Virši","brand":"Virši"}},{"type":"Feature","geometry":{"type":"Point","coordinates":[24.132892,56.941251]},"properties":{"kategorija":"bankomats","id":"node/12361458025","adrese":"Firsa Sadovņikova iela 14, Rīga","operator":"Swedbank","brand":"Swedbank"}},{"type":"Feature","geometry":{"type":"Point","coordinates":[21.013827,56.508012]},"properties":{"kategorija":"bankomats","id":"node/12385744574","adrese":"Andreja Pumpura iela 5, Liepāja","operator":"Swedbank","brand":"Swedbank"}},{"type":"Feature","geometry":{"type":"Point","coordinates":[24.120758,56.951149]},"properties":{"kategorija":"bankomats","id":"node/12423213971","adrese":"","operator":"Euronet","brand":"Euronet"}},{"type":"Feature","geometry":{"type":"Point","coordinates":[27.344124,56.526249]},"properties":{"kategorija":"degviela","id":"node/12495901996","adrese":"Atbrīvošanas aleja 174A, Rēzekne","name":"Viada","brand":"Viada"}},{"type":"Feature","geometry":{"type":"Point","coordinates":[24.204714,56.898209]},"properties":{"kategorija":"bankomats","id":"node/12533903525","adrese":"Latgales iela 400, Rīga","operator":"Swedbank","brand":"Swedbank"}},{"type":"Feature","geometry":{"type":"Point","coordinates":[24.204683,56.898222]},"properties":{"kategorija":"bankomats","id":"node/12533903526","adrese":"Latgales iela 400, Rīga","operator":"Swedbank","brand":"Swedbank"}},{"type":"Feature","geometry":{"type":"Point","coordinates":[24.177573,56.914844]},"properties":{"kategorija":"bankomats","id":"node/12609686919","adrese":"Prūšu iela 2, Rīga","operator":"Swedbank","brand":"Swedbank"}},{"type":"Feature","geometry":{"type":"Point","coordinates":[24.094691,56.902899]},"properties":{"kategorija":"bankomats","id":"node/12620280806","adrese":"Dižozolu iela 2, Rīga","operator":"Swedbank","brand":"Swedbank"}},{"type":"Feature","geometry":{"type":"Point","coordinates":[24.191067,56.592771]},"properties":{"kategorija":"degviela","id":"node/12625675004","adrese":"Rīgas iela 2B, Iecava","name":"Virši Iecava","operator":"Virši","brand":"Virši","website":"https://www.virsi.lv/"}},{"type":"Feature","geometry":{"type":"Point","coordinates":[26.520211,55.888008]},"properties":{"kategorija":"degviela","id":"node/12718556339","adrese":"Kārklu iela 22, Daugavpils","brand":"Virši-A"}},{"type":"Feature","geometry":{"type":"Point","coordinates":[24.546714,57.092512]},"properties":{"kategorija":"bankomats","id":"node/1272147435","adrese":"Gaujas iela 10, Vangaži","name":"Swedbank","operator":"Swedbank","brand":"Swedbank","opening_hours":"24/7"}},{"type":"Feature","geometry":{"type":"Point","coordinates":[24.058981,57.026719]},"properties":{"kategorija":"bankomats","id":"node/1275812057","adrese":"Finiera iela 6, Rīga","name":"SEB","operator":"SEB","brand":"SEB"}},{"type":"Feature","geometry":{"type":"Point","coordinates":[24.048745,57.033367]},"properties":{"kategorija":"bankomats","id":"node/1275813267","adrese":"Gobas iela 15B, Rīga","name":"Luminor Bank","operator":"Luminor Bank","brand":"Luminor Bank"}},{"type":"Feature","geometry":{"type":"Point","coordinates":[25.609257,57.331855]},"properties":{"kategorija":"bankomats","id":"node/12775860222","adrese":"Valmieras iela 1A, Rauna","operator":"Swedbank","brand":"Swedbank","opening_hours":"24/7"}},{"type":"Feature","geometry":{"type":"Point","coordinates":[24.13202,56.986972]},"properties":{"kategorija":"bankomats","id":"node/12844150295","adrese":"Duntes iela 19A, Rīga","operator":"Luminor Bank","brand":"Luminor Bank"}},{"type":"Feature","geometry":{"type":"Point","coordinates":[24.132115,56.986914]},"properties":{"kategorija":"bankomats","id":"node/12844150296","adrese":"Duntes iela 19A, Rīga","operator":"SEB","brand":"SEB"}},{"type":"Feature","geometry":{"type":"Point","coordinates":[24.125717,56.995026]},"properties":{"kategorija":"bankomats","id":"node/12862471228","adrese":"Tilta iela 1, Rīga","operator":"Swedbank","brand":"Swedbank"}},{"type":"Feature","geometry":{"type":"Point","coordinates":[24.062636,56.942301]},"properties":{"kategorija":"bankomats","id":"node/1294724272","adrese":"Kalnciema iela 41, Rīga","name":"SEB","operator":"SEB","brand":"SEB","opening_hours":"24/7"}},{"type":"Feature","geometry":{"type":"Point","coordinates":[23.280303,56.625045]},"properties":{"kategorija":"bankomats","id":"node/1296804022","adrese":"Brīvības iela 12, Dobele","operator":"SEB","opening_hours":"24/7"}},{"type":"Feature","geometry":{"type":"Point","coordinates":[23.298078,56.627856]},"properties":{"kategorija":"degviela","id":"node/1296804106","adrese":"Brīvības iela 60, Dobele","name":"Virši Dobele","brand":"Virši"}},{"type":"Feature","geometry":{"type":"Point","coordinates":[24.113985,56.947584]},"properties":{"kategorija":"bankomats","id":"node/12973960045","adrese":"Aspazijas bulvāris 32, Rīga","operator":"Global ATM Network"}},{"type":"Feature","geometry":{"type":"Point","coordinates":[24.166211,56.991947]},"properties":{"kategorija":"bankomats","id":"node/12994509062","adrese":"Ķīšezera iela 6, Rīga","operator":"Citadele"}},{"type":"Feature","geometry":{"type":"Point","coordinates":[25.281151,57.317103]},"properties":{"kategorija":"bankomats","id":"node/13008742109","adrese":"Valmieras iela 17A, Cēsis","operator":"Citadele"}},{"type":"Feature","geometry":{"type":"Point","coordinates":[21.605291,57.400058]},"properties":{"kategorija":"bankomats","id":"node/13049574935","adrese":"Tārgales iela 63, Ventspils","operator":"Swedbank"}},{"type":"Feature","geometry":{"type":"Point","coordinates":[23.978971,56.921213]},"properties":{"kategorija":"bankomats","id":"node/13055845799","adrese":"Lidosta \"Rīga\"","operator":"Euronet","brand":"Euronet"}},{"type":"Feature","geometry":{"type":"Point","coordinates":[23.979458,56.921672]},"properties":{"kategorija":"bankomats","id":"node/13055845800","adrese":"Lidosta \"Rīga\"","operator":"Luminor Bank","brand":"Luminor Bank"}},{"type":"Feature","geometry":{"type":"Point","coordinates":[23.979416,56.921674]},"properties":{"kategorija":"bankomats","id":"node/13055847201","adrese":"Lidosta \"Rīga\"","operator":"Euronet","brand":"Euronet"}},{"type":"Feature","geometry":{"type":"Point","coordinates":[27.182125,55.89527]},"properties":{"kategorija":"degviela","id":"node/130689745","adrese":"Latgales iela 18, Krāslava","name":"Ingrida","opening_hours":"24/7"}},{"type":"Feature","geometry":{"type":"Point","coordinates":[27.191274,55.900463]},"properties":{"kategorija":"degviela","id":"node/130690255","adrese":"Indras iela 30A, Krāslava","name":"Varpa","opening_hours":"24/7"}},{"type":"Feature","geometry":{"type":"Point","coordinates":[27.179536,55.905769]},"properties":{"kategorija":"degviela","id":"node/130691030","adrese":"Vasarnieku iela 6, Krāslava","name":"Viada","operator":"VIADA Baltija AS","brand":"Viada","website":"https://www.viada.lv"}},{"type":"Feature","geometry":{"type":"Point","coordinates":[24.232865,56.831729]},"properties":{"kategorija":"bankomats","id":"node/13078448189","adrese":"Rīgas iela 22A, Ķekava","operator":"Citadele bank","brand":"Citadele bank"}},{"type":"Feature","geometry":{"type":"Point","coordinates":[21.957711,56.973479]},"properties":{"kategorija":"bankomats","id":"node/13083938741","adrese":"Gravas iela 1, Kuldīga","operator":"SEB","brand":"SEB"}},{"type":"Feature","geometry":{"type":"Point","coordinates":[24.715885,57.512796]},"properties":{"kategorija":"bankomats","id":"node/13098072614","adrese":"Rīgas iela 8, Limbaži","operator":"Citadele bank","brand":"Citadele bank"}},{"type":"Feature","geometry":{"type":"Point","coordinates":[24.207065,56.594954]},"properties":{"kategorija":"bankomats","id":"node/13112481759","adrese":"Edvarta Virzas iela 2, Iecava","operator":"Swedbank","brand":"Swedbank"}},{"type":"Feature","geometry":{"type":"Point","coordinates":[24.746196,57.835805]},"properties":{"kategorija":"bankomats","id":"node/13134734801","adrese":"Lielā iela 6, Staicele","operator":"Swedbank","brand":"Swedbank"}},{"type":"Feature","geometry":{"type":"Point","coordinates":[22.495358,56.666691]},"properties":{"kategorija":"degviela","id":"node/1315410789","adrese":"Jelgavas iela 3, Saldus","name":"Neste Saldus II","operator":"NESTE LATVIJA","brand":"Neste","opening_hours":"24/7","website":"https://www.neste.lv/"}},{"type":"Feature","geometry":{"type":"Point","coordinates":[24.082242,56.908391]},"properties":{"kategorija":"bankomats","id":"node/13202857903","adrese":"Vienības gatve 113, Rīga","name":"Swedbankas kases automāts","operator":"Swedbank","brand":"Swedbank"}},{"type":"Feature","geometry":{"type":"Point","coordinates":[21.017442,56.511606]},"properties":{"kategorija":"bankomats","id":"node/1326574267","adrese":"Kārļa Zāles laukums 8, Liepāja","name":"TC Ostmala Luminor","operator":"Luminor Bank","brand":"Luminor Bank","opening_hours":"08:00-22:00"}},{"type":"Feature","geometry":{"type":"Point","coordinates":[21.024535,56.495454]},"properties":{"kategorija":"degviela","id":"node/1326574462","adrese":"Lauku iela 59A, Liepāja","name":"Virāža A","operator":"Virāža A","website":"http://virazha-a.lv/"}},{"type":"Feature","geometry":{"type":"Point","coordinates":[23.157935,56.96769]},"properties":{"kategorija":"bankomats","id":"node/13266995017","adrese":"Pasta iela 14, Tukums","operator":"SEB","brand":"SEB"}},{"type":"Feature","geometry":{"type":"Point","coordinates":[24.118807,56.967684]},"properties":{"kategorija":"bankomats","id":"node/13275420692","adrese":"Skanstes iela 17, Rīga","operator":"Swedbank","brand":"Swedbank"}},{"type":"Feature","geometry":{"type":"Point","coordinates":[26.543315,55.855284]},"properties":{"kategorija":"degviela","id":"node/1327794885","adrese":"Silenes iela 1, Daugavpils"}},{"type":"Feature","geometry":{"type":"Point","coordinates":[24.848038,57.152983]},"properties":{"kategorija":"bankomats","id":"node/1331417305","adrese":"Vidus iela 1, Sigulda","name":"SEB","operator":"SEB","brand":"SEB","opening_hours":"24/7"}},{"type":"Feature","geometry":{"type":"Point","coordinates":[24.196997,56.597807]},"properties":{"kategorija":"bankomats","id":"node/13314954161","adrese":"Rīgas iela 27, Iecava","operator":"Swedbank","brand":"Swedbank","opening_hours":"07:00-22:00"}},{"type":"Feature","geometry":{"type":"Point","coordinates":[24.359951,57.759415]},"properties":{"kategorija":"degviela","id":"node/13378941644","adrese":"Viļņu iela 18, Salacgrīva","name":"Virši","brand":"Virši"}},{"type":"Feature","geometry":{"type":"Point","coordinates":[23.859078,56.974801]},"properties":{"kategorija":"bankomats","id":"node/13401321773","adrese":"Viestura iela 22, Jūrmala","operator":"SEB","brand":"SEB"}},{"type":"Feature","geometry":{"type":"Point","coordinates":[24.668324,57.515993]},"properties":{"kategorija":"degviela","id":"node/1340401003","adrese":"","name":"Nivals"}},{"type":"Feature","geometry":{"type":"Point","coordinates":[24.161922,56.974694]},"properties":{"kategorija":"bankomats","id":"node/13507164449","adrese":"Brīvības gatve 201, Rīga","operator":"Swedbank"}},{"type":"Feature","geometry":{"type":"Point","coordinates":[21.002823,56.536671]},"properties":{"kategorija":"bankomats","id":"node/1357903377","adrese":"Oskara Kalpaka iela 86, Liepāja","name":"Luminor Bank","operator":"Luminor Bank","brand":"Luminor Bank"}},{"type":"Feature","geometry":{"type":"Point","coordinates":[25.897186,57.425754]},"properties":{"kategorija":"bankomats","id":"node/13597546340","adrese":"Kalēju iela 7, Smiltene","operator":"Citadele","opening_hours":"08:00-22:00","phone":"22130437"}},{"type":"Feature","geometry":{"type":"Point","coordinates":[24.323237,57.076727]},"properties":{"kategorija":"bankomats","id":"node/13607326685","adrese":"Gaujas iela 8, Ādaži","operator":"Euronet","opening_hours":"24/7"}},{"type":"Feature","geometry":{"type":"Point","coordinates":[24.034972,56.961493]},"properties":{"kategorija":"degviela","id":"node/1364003805","adrese":"Kurzemes prospekts 15A, Rīga","name":"LPG Autogāze"}},{"type":"Feature","geometry":{"type":"Point","coordinates":[24.255031,56.950951]},"properties":{"kategorija":"bankomats","id":"node/13705454297","adrese":"Biķeru iela 4, Ulbroka","operator":"SEB","brand":"SEB"}},{"type":"Feature","geometry":{"type":"Point","coordinates":[23.999897,56.94926]},"properties":{"kategorija":"bankomats","id":"node/13707865354","adrese":"Zolitūdes iela 34, Rīga"}},{"type":"Feature","geometry":{"type":"Point","coordinates":[24.277447,57.129162]},"properties":{"kategorija":"bankomats","id":"node/13708226742","adrese":"Atpūtas iela 1, Carnikava","brand":"SEB"}},{"type":"Feature","geometry":{"type":"Point","coordinates":[24.277426,57.129104]},"properties":{"kategorija":"bankomats","id":"node/13708226756","adrese":"Atpūtas iela 1, Carnikava","brand":"Citadele"}},{"type":"Feature","geometry":{"type":"Point","coordinates":[24.114961,56.943719]},"properties":{"kategorija":"bankomats","id":"node/13722891146","adrese":"Centrāltirgus iela 3 k-2, Rīga","operator":"Citadele bank","brand":"Citadele bank"}},{"type":"Feature","geometry":{"type":"Point","coordinates":[25.399343,57.540661]},"properties":{"kategorija":"bankomats","id":"node/13893701468","adrese":"Matīšu šoseja 6, Valmiera","operator":"SEB","brand":"SEB"}},{"type":"Feature","geometry":{"type":"Point","coordinates":[22.5837,57.243298]},"properties":{"kategorija":"bankomats","id":"node/1390456954","adrese":"","operator":"Swedbank"}},{"type":"Feature","geometry":{"type":"Point","coordinates":[22.586421,57.244838]},"properties":{"kategorija":"bankomats","id":"node/1390457076","adrese":"Lielā iela 2, Talsi","operator":"Swedbank"}},{"type":"Feature","geometry":{"type":"Point","coordinates":[27.187356,55.897379]},"properties":{"kategorija":"degviela","id":"node/139336725","adrese":"Sporta iela 14, Krāslava","name":"Latvijas Propāna Gāze","opening_hours":"07:00-20:00","website":"https://www.lpg.lv"}},{"type":"Feature","geometry":{"type":"Point","coordinates":[27.180117,55.906071]},"properties":{"kategorija":"degviela","id":"node/139338027","adrese":"Vasarnieku iela 11, Krāslava","name":"IVI"}},{"type":"Feature","geometry":{"type":"Point","coordinates":[24.285398,57.002359]},"properties":{"kategorija":"degviela","id":"node/13936757391","adrese":"Berģi","name":"Latvijas propāna gāze","brand":"Latvijas propāna gāze"}},{"type":"Feature","geometry":{"type":"Point","coordinates":[21.959208,56.967112]},"properties":{"kategorija":"bankomats","id":"node/13954039119","adrese":"Sūru iela 2, Kuldīga","operator":"SEB"}},{"type":"Feature","geometry":{"type":"Point","coordinates":[21.959271,56.967109]},"properties":{"kategorija":"bankomats","id":"node/13954039120","adrese":"Sūru iela 2, Kuldīga","operator":"Swedbank"}},{"type":"Feature","geometry":{"type":"Point","coordinates":[21.004212,56.49173]},"properties":{"kategorija":"bankomats","id":"node/1395891542","adrese":"Klaipēdas iela 62, Liepāja","operator":"SEB","brand":"SEB","opening_hours":"Mo-Su 08:00-22:00"}},{"type":"Feature","geometry":{"type":"Point","coordinates":[27.038955,57.429684]},"properties":{"kategorija":"degviela","id":"node/1398956615","adrese":"Pils iela 9C, Alūksne","name":"Neste","operator":"Neste","brand":"Independent","opening_hours":"24/7","website":"https://www.neste.lv/"}},{"type":"Feature","geometry":{"type":"Point","coordinates":[25.740092,56.16298]},"properties":{"kategorija":"bankomats","id":"node/14000362603","adrese":"Skolas iela 12, Aknīste","operator":"Swedbank","brand":"Swedbank","opening_hours":"08:00-22:00"}},{"type":"Feature","geometry":{"type":"Point","coordinates":[24.723511,56.510634]},"properties":{"kategorija":"bankomats","id":"node/14000367630","adrese":"Valle","operator":"Swedbank","brand":"Swedbank","opening_hours":"Mo-Sa 08:00-22:00; Su 08:00-20:00"}},{"type":"Feature","geometry":{"type":"Point","coordinates":[22.584781,57.238771]},"properties":{"kategorija":"bankomats","id":"node/14017218252","adrese":"Rīgas iela 8, Talsi","operator":"Swedbank","brand":"Swedbank"}},{"type":"Feature","geometry":{"type":"Point","coordinates":[22.584476,57.239106]},"properties":{"kategorija":"bankomats","id":"node/14017241241","adrese":"Rīgas iela 8, Talsi","operator":"Luminor"}},{"type":"Feature","geometry":{"type":"Point","coordinates":[21.010231,56.504455]},"properties":{"kategorija":"bankomats","id":"node/14017280840","adrese":"Kuršu iela 7/9, Liepāja","operator":"Luminor Bank","brand":"Luminor Bank"}},{"type":"Feature","geometry":{"type":"Point","coordinates":[21.140317,56.536203]},"properties":{"kategorija":"degviela","id":"node/14022401453","adrese":"","brand":"Viada"}},{"type":"Feature","geometry":{"type":"Point","coordinates":[24.41735,57.272267]},"properties":{"kategorija":"bankomats","id":"node/14039715446","adrese":"Ainažu iela 30, Saulkrasti","operator":"Luminor Bank","brand":"Luminor Bank"}},{"type":"Feature","geometry":{"type":"Point","coordinates":[24.261987,56.995248]},"properties":{"kategorija":"degviela","id":"node/1405578753","adrese":"Brīvības gatve 438E, Rīga","name":"\"LPG\""}},{"type":"Feature","geometry":{"type":"Point","coordinates":[26.56572,55.88415]},"properties":{"kategorija":"degviela","id":"node/1410181687","adrese":"18. novembra iela 203A, Daugavpils","brand":"Ingrida","opening_hours":"24/7"}},{"type":"Feature","geometry":{"type":"Point","coordinates":[26.344569,56.145007]},"properties":{"kategorija":"degviela","id":"node/1410182857","adrese":"Nīcgales muiža"}},{"type":"Feature","geometry":{"type":"Point","coordinates":[21.064099,56.345417]},"properties":{"kategorija":"bankomats","id":"node/1415660008","adrese":"Bārtas iela 11, Nīca","name":"Swedbank","operator":"Swedbank","brand":"Swedbank"}},{"type":"Feature","geometry":{"type":"Point","coordinates":[26.517771,55.871976]},"properties":{"kategorija":"bankomats","id":"node/1416151271","adrese":"Rīgas iela 9, Daugavpils","name":"Luminor Bank","operator":"Luminor Bank","brand":"Luminor Bank","opening_hours":"Mo-Su 08:00-23:00"}},{"type":"Feature","geometry":{"type":"Point","coordinates":[26.559189,55.881102]},"properties":{"kategorija":"bankomats","id":"node/1416151389","adrese":"Strādnieku iela 103, Daugavpils","name":"SEB","operator":"SEB","brand":"SEB","opening_hours":"24/7"}},{"type":"Feature","geometry":{"type":"Point","coordinates":[27.737655,56.529748]},"properties":{"kategorija":"degviela","id":"node/1416448089","adrese":"Latgales iela 255, Ludza","name":"Latvijas nafta","operator":"Latvijas nafta","brand":"Latvijas nafta"}},{"type":"Feature","geometry":{"type":"Point","coordinates":[23.284165,56.619768]},"properties":{"kategorija":"bankomats","id":"node/14180665544","adrese":"Zaļā iela 19, Dobele","name":"Swedbank","operator":"Swedbank","brand":"Swedbank","opening_hours":"24/7"}},{"type":"Feature","geometry":{"type":"Point","coordinates":[27.007177,56.131493]},"properties":{"kategorija":"bankomats","id":"node/1419852140","adrese":"Somersētas iela 33, Aglona","name":"SEB","operator":"SEB","brand":"SEB","opening_hours":"24/7"}},{"type":"Feature","geometry":{"type":"Point","coordinates":[24.599921,56.815892]},"properties":{"kategorija":"bankomats","id":"node/1419918942","adrese":"Skolas iela 2A, Ogre","operator":"SEB","brand":"SEB","opening_hours":"24/7"}},{"type":"Feature","geometry":{"type":"Point","coordinates":[24.119312,56.946738]},"properties":{"kategorija":"bankomats","id":"node/14216360971","adrese":"Stacijas laukums 2, Rīga","name":"Citadele","operator":"Citadele"}},{"type":"Feature","geometry":{"type":"Point","coordinates":[24.117739,57.0339]},"properties":{"kategorija":"degviela","id":"node/1440683839","adrese":"Emmas iela 45, Rīga","name":"Viada","operator":"VIADA Baltija AS","brand":"Viada","website":"https://www.viada.lv"}},{"type":"Feature","geometry":{"type":"Point","coordinates":[24.108802,57.031853]},"properties":{"kategorija":"bankomats","id":"node/1441027186","adrese":"","operator":"Citadele"}},{"type":"Feature","geometry":{"type":"Point","coordinates":[24.089118,56.949017]},"properties":{"kategorija":"bankomats","id":"node/1446570775","adrese":"Balasta dambis 15, Rīga","name":"Swedbank","operator":"Swedbank","brand":"Swedbank","opening_hours":"Mo-Fr 08:30-17:00"}},{"type":"Feature","geometry":{"type":"Point","coordinates":[21.959993,56.969106]},"properties":{"kategorija":"bankomats","id":"node/1455901921","adrese":"","operator":"Swedbank"}},{"type":"Feature","geometry":{"type":"Point","coordinates":[23.673741,56.652746]},"properties":{"kategorija":"degviela","id":"node/1482239117","adrese":"Dobeles šoseja 61, Jelgava","name":"Latvijas Propāna Gāze","operator":"Latvijas Propāna Gāze","brand":"Latvijas Propāna Gāze"}},{"type":"Feature","geometry":{"type":"Point","coordinates":[24.137173,56.974362]},"properties":{"kategorija":"bankomats","id":"node/1490837842","adrese":"Krišjāņa Valdemāra iela 112, Rīga","name":"Swedbank","operator":"Swedbank","brand":"Swedbank"}},{"type":"Feature","geometry":{"type":"Point","coordinates":[24.360639,57.743534]},"properties":{"kategorija":"degviela","id":"node/1558659954","adrese":"Vidzemes iela 29, Salacgrīva","name":"Viada","operator":"VIADA Baltija AS","brand":"Viada"}},{"type":"Feature","geometry":{"type":"Point","coordinates":[22.349416,57.506746]},"properties":{"kategorija":"bankomats","id":"node/1567054956","adrese":"Talsu iela 20, Dundaga","operator":"Swedbank"}},{"type":"Feature","geometry":{"type":"Point","coordinates":[24.100599,56.952595]},"properties":{"kategorija":"degviela","id":"node/1588926696","adrese":"Muitas iela 4, Rīga","name":"Circle K","brand":"Circle K","opening_hours":"24/7","website":"https://www.circlek.lv"}},{"type":"Feature","geometry":{"type":"Point","coordinates":[21.695121,57.397714]},"properties":{"kategorija":"degviela","id":"node/1593822700","adrese":"","name":"Kool Platene","brand":"Kool"}},{"type":"Feature","geometry":{"type":"Point","coordinates":[21.599635,57.407703]},"properties":{"kategorija":"bankomats","id":"node/1602196293","adrese":"Celtnieku iela 17, Ventspils","name":"Maxima X","operator":"Luminor Bank","brand":"Luminor Bank"}},{"type":"Feature","geometry":{"type":"Point","coordinates":[21.569512,57.390348]},"properties":{"kategorija":"bankomats","id":"node/1602196294","adrese":"Aleksandra iela 16, Ventspils","name":"Veikals \"Maxima X\"","operator":"Luminor Bank","brand":"Luminor Bank","opening_hours":"24/7"}},{"type":"Feature","geometry":{"type":"Point","coordinates":[21.562547,57.390031]},"properties":{"kategorija":"bankomats","id":"node/1602196299","adrese":"Ganību iela 22/24, Ventspils","operator":"Luminor"}},{"type":"Feature","geometry":{"type":"Point","coordinates":[21.589986,57.402785]},"properties":{"kategorija":"bankomats","id":"node/1602196308","adrese":"Lidotāju iela 21, Ventspils","name":"Veikals \"top\"","operator":"Luminor Bank","brand":"Luminor Bank","opening_hours":"24/7"}},{"type":"Feature","geometry":{"type":"Point","coordinates":[24.135636,56.981021]},"properties":{"kategorija":"degviela","id":"node/1603682405","adrese":"Duntes iela 13, Rīga","name":"LPG","operator":"Gāze auto","brand":"LPG"}},{"type":"Feature","geometry":{"type":"Point","coordinates":[24.215903,56.938395]},"properties":{"kategorija":"degviela","id":"node/1655515832","adrese":"Brāļu Kaudzīšu iela 29, Rīga","name":"Viada","operator":"AS “VIADA Baltija\"","brand":"Viada","opening_hours":"06:30-22:00","phone":"+371 67 301 509","website":"https://www.viada.lv"}},{"type":"Feature","geometry":{"type":"Point","coordinates":[24.006342,56.934427]},"properties":{"kategorija":"degviela","id":"node/1666785020","adrese":"Kārļa Ulmaņa gatve 110, Rīga","name":"Circle K","brand":"Circle K","phone":"+371 25488901","website":"https://www.circlek.lv/lv_LV/pg1334073174978/st1/Stacijut%C4%ABkls.html?stationid=63001&countryid=lv"}},{"type":"Feature","geometry":{"type":"Point","coordinates":[24.120888,56.946842]},"properties":{"kategorija":"bankomats","id":"node/1677145839","adrese":"Stacijas laukums 2, Rīga","name":"SEB","operator":"SEB","brand":"SEB","opening_hours":"Mo-Su 08:00-22:00"}},{"type":"Feature","geometry":{"type":"Point","coordinates":[24.120952,56.946848]},"properties":{"kategorija":"bankomats","id":"node/1677145840","adrese":"Stacijas laukums 2, Rīga","name":"Swedbank","operator":"Swedbank","brand":"Swedbank"}},{"type":"Feature","geometry":{"type":"Point","coordinates":[24.134236,56.971092]},"properties":{"kategorija":"bankomats","id":"node/1692074492","adrese":"Krišjāņa Valdemāra iela 104, Rīga","operator":"Rietumu Banka"}},{"type":"Feature","geometry":{"type":"Point","coordinates":[24.004017,56.93369]},"properties":{"kategorija":"degviela","id":"node/1692696452","adrese":"Kārļa Ulmaņa gatve 117, Rīga","name":"Circle K","operator":"Circle K","brand":"Circle K","phone":"+371 25488905","website":"https://www.circlek.lv/lv_LV/pg1334073174978/st1/Stacijut%C4%ABkls.html?stationid=63005&countryid=lv"}},{"type":"Feature","geometry":{"type":"Point","coordinates":[24.870074,57.148833]},"properties":{"kategorija":"degviela","id":"node/1700398534","adrese":"Strēlnieku iela 66, Sigulda","name":"Sezams","opening_hours":"Mo-Sa 07:00-19:00; Su 09:00-18:00"}},{"type":"Feature","geometry":{"type":"Point","coordinates":[24.179709,56.922499]},"properties":{"kategorija":"degviela","id":"node/1700757724","adrese":"","name":"Eko gāze"}},{"type":"Feature","geometry":{"type":"Point","coordinates":[24.174762,56.959624]},"properties":{"kategorija":"bankomats","id":"node/1704210667","adrese":"Nīcgales iela 2, Rīga","name":"Swedbank","operator":"Swedbank","brand":"Swedbank","opening_hours":"24/7"}},{"type":"Feature","geometry":{"type":"Point","coordinates":[26.517958,55.881719]},"properties":{"kategorija":"degviela","id":"node/1704258911","adrese":"Stacijas iela 66, Daugavpils","name":"Viada","operator":"VIADA Baltija AS","brand":"Viada"}},{"type":"Feature","geometry":{"type":"Point","coordinates":[26.399569,57.517249]},"properties":{"kategorija":"bankomats","id":"node/1707697872","adrese":"Gaujiena","name":"Swedbank","operator":"Swedbank","brand":"Swedbank","opening_hours":"24/7"}},{"type":"Feature","geometry":{"type":"Point","coordinates":[24.125833,56.947764]},"properties":{"kategorija":"degviela","id":"node/1714412615","adrese":"Dzirnavu iela 127, Rīga","name":"Neste A24","operator":"Neste","brand":"Neste","opening_hours":"24/7"}},{"type":"Feature","geometry":{"type":"Point","coordinates":[25.875601,56.501294]},"properties":{"kategorija":"bankomats","id":"node/1714715420","adrese":"Rīgas iela 103A, Jēkabpils","operator":"SEB","brand":"SEB","opening_hours":"24/7"}},{"type":"Feature","geometry":{"type":"Point","coordinates":[25.874415,56.49354]},"properties":{"kategorija":"bankomats","id":"node/1714715427","adrese":"Vienības iela 1A, Jēkabpils","operator":"Luminor Bank","brand":"Luminor Bank","opening_hours":"08:00-22:00"}},{"type":"Feature","geometry":{"type":"Point","coordinates":[25.874803,56.501677]},"properties":{"kategorija":"bankomats","id":"node/1714715432","adrese":"Rīgas iela 126, Jēkabpils","operator":"Swedbank","brand":"Swedbank"}},{"type":"Feature","geometry":{"type":"Point","coordinates":[25.871073,56.495016]},"properties":{"kategorija":"bankomats","id":"node/1714715440","adrese":"Brīvības iela 108, Jēkabpils","operator":"Luminor Bank","brand":"Luminor Bank","opening_hours":"Mo-Su 08:00-22:00"}},{"type":"Feature","geometry":{"type":"Point","coordinates":[25.878157,56.495416]},"properties":{"kategorija":"bankomats","id":"node/1714715443","adrese":"Vienības iela 7, Jēkabpils","name":"Swedbank","operator":"Swedbank","brand":"Swedbank","phone":"+371 674 44444","website":"https://www.swedbank.lv/"}},{"type":"Feature","geometry":{"type":"Point","coordinates":[24.854118,57.143738]},"properties":{"kategorija":"degviela","id":"node/1722114597","adrese":"Ventas iela 16A, Sigulda"}},{"type":"Feature","geometry":{"type":"Point","coordinates":[24.121042,56.951297]},"properties":{"kategorija":"bankomats","id":"node/1730523218","adrese":"Krišjāņa Barona iela 3, Rīga","name":"Luminor","operator":"Luminor Bank","brand":"Luminor Bank","opening_hours":"24/7"}},{"type":"Feature","geometry":{"type":"Point","coordinates":[24.850337,57.156958]},"properties":{"kategorija":"bankomats","id":"node/1735127546","adrese":"","name":"SEB","operator":"SEB","brand":"SEB","opening_hours":"24/7"}},{"type":"Feature","geometry":{"type":"Point","coordinates":[24.038062,56.929352]},"properties":{"kategorija":"bankomats","id":"node/1735687127","adrese":"Jaunmoku iela 21, Rīga","operator":"SEB","opening_hours":"Mo-Su 08:00-23:00"}},{"type":"Feature","geometry":{"type":"Point","coordinates":[24.847931,57.153035]},"properties":{"kategorija":"bankomats","id":"node/1736004491","adrese":"Vidus iela 1, Sigulda","operator":"Luminor","opening_hours":"Mo-Su 08:00-22:00"}},{"type":"Feature","geometry":{"type":"Point","coordinates":[24.029534,56.964379]},"properties":{"kategorija":"bankomats","id":"node/1748257978","adrese":"Kurzemes prospekts 59A, Rīga","name":"Swedbank","operator":"Swedbank","brand":"Swedbank"}},{"type":"Feature","geometry":{"type":"Point","coordinates":[24.184166,56.914559]},"properties":{"kategorija":"bankomats","id":"node/1769391924","adrese":"Rušonu iela 17A, Rīga","operator":"Luminor"}},{"type":"Feature","geometry":{"type":"Point","coordinates":[24.071605,56.935647]},"properties":{"kategorija":"bankomats","id":"node/1769514681","adrese":"Nometņu iela 64, Rīga","name":"Swedbank","operator":"Swedbank","brand":"Swedbank"}},{"type":"Feature","geometry":{"type":"Point","coordinates":[24.109073,57.031927]},"properties":{"kategorija":"bankomats","id":"node/1770518004","adrese":"","name":"SEB","operator":"SEB","brand":"SEB","opening_hours":"24/7"}},{"type":"Feature","geometry":{"type":"Point","coordinates":[24.097546,57.036207]},"properties":{"kategorija":"bankomats","id":"node/1770518056","adrese":"Augusta Dombrovska iela 74, Rīga","operator":"Luminor Bank","opening_hours":"00-24"}},{"type":"Feature","geometry":{"type":"Point","coordinates":[22.495448,56.666841]},"properties":{"kategorija":"bankomats","id":"node/1773397370","adrese":"Jelgavas iela 3, Saldus"}},{"type":"Feature","geometry":{"type":"Point","coordinates":[22.493697,56.666293]},"properties":{"kategorija":"bankomats","id":"node/1773397380","adrese":"Striķu iela 2, Saldus","name":"Swedbank","operator":"Swedbank","brand":"Swedbank"}},{"type":"Feature","geometry":{"type":"Point","coordinates":[24.174756,56.959562]},"properties":{"kategorija":"bankomats","id":"node/1775232530","adrese":"Nīcgales iela 2, Rīga","name":"SEB","operator":"SEB","brand":"SEB","opening_hours":"Mo-Su 08:00-24:00"}},{"type":"Feature","geometry":{"type":"Point","coordinates":[24.52063,56.606633]},"properties":{"kategorija":"bankomats","id":"node/1787030772","adrese":"Rīgas iela 24B, Vecumnieki","operator":"Swedbank","brand":"Swedbank"}},{"type":"Feature","geometry":{"type":"Point","coordinates":[23.791224,56.688937]},"properties":{"kategorija":"bankomats","id":"node/1809856138","adrese":"Meliorācijas iela 2, Ozolnieki","name":"Swedbank","operator":"Swedbank","brand":"Swedbank"}},{"type":"Feature","geometry":{"type":"Point","coordinates":[23.707953,56.650848]},"properties":{"kategorija":"degviela","id":"node/181297440","adrese":"Lielā iela 40, Jelgava","name":"Astarte","operator":"Astarte nafta","brand":"Astarte"}},{"type":"Feature","geometry":{"type":"Point","coordinates":[24.109112,56.951158]},"properties":{"kategorija":"bankomats","id":"node/1817322303","adrese":"Vaļņu iela 2, Rīga","operator":"Luminor Bank","brand":"Luminor Bank"}},{"type":"Feature","geometry":{"type":"Point","coordinates":[24.341329,56.973948]},"properties":{"kategorija":"degviela","id":"node/1834875711","adrese":"Sunīši","name":"Viada","brand":"Viada"}},{"type":"Feature","geometry":{"type":"Point","coordinates":[27.522009,56.091121]},"properties":{"kategorija":"degviela","id":"node/185555364","adrese":"Daugavpils iela 18, Dagda","name":"Latvijas Nafta 63. Degvielas Uzpildes Stacija","operator":"Latvijas nafta"}},{"type":"Feature","geometry":{"type":"Point","coordinates":[24.120167,56.944873]},"properties":{"kategorija":"bankomats","id":"node/1875792632","adrese":"","name":"SEB","operator":"SEB","brand":"SEB","opening_hours":"24/7"}},{"type":"Feature","geometry":{"type":"Point","coordinates":[23.615277,56.960901]},"properties":{"kategorija":"bankomats","id":"node/1882512539","adrese":"Talsu šoseja 29, Jūrmala","operator":"Luminor Bank","brand":"Luminor Bank"}},{"type":"Feature","geometry":{"type":"Point","coordinates":[26.547108,55.875697]},"properties":{"kategorija":"degviela","id":"node/1889511240","adrese":"18. novembra iela 119, Daugavpils","name":"Viada","operator":"AS \"VIADA Baltija\"","brand":"Viada","opening_hours":"24/7","website":"https://www.viada.lv"}},{"type":"Feature","geometry":{"type":"Point","coordinates":[26.572607,55.866476]},"properties":{"kategorija":"degviela","id":"node/1889513772","adrese":"Jelgavas iela 2G, Daugavpils","name":"Latvijas Propāna Gāze","operator":"LPG","brand":"Latvijas Propāna Gāze","opening_hours":"24/7","website":"https://www.lpg.lv"}},{"type":"Feature","geometry":{"type":"Point","coordinates":[26.50182,55.865156]},"properties":{"kategorija":"degviela","id":"node/1889516192","adrese":"Dostojevska iela 6, Daugavpils","name":"Neste Daugavpils II","operator":"Neste Oil","brand":"Neste","opening_hours":"24/7","website":"https://www.neste.lv"}},{"type":"Feature","geometry":{"type":"Point","coordinates":[22.494606,56.663926]},"properties":{"kategorija":"bankomats","id":"node/1911384674","adrese":"Rīgas iela 9, Saldus"}},{"type":"Feature","geometry":{"type":"Point","coordinates":[22.491929,56.663214]},"properties":{"kategorija":"bankomats","id":"node/1911384714","adrese":"Rīgas iela 1, Saldus","name":"Swedbank","operator":"Swedbank","brand":"Swedbank"}},{"type":"Feature","geometry":{"type":"Point","coordinates":[24.186073,56.978922]},"properties":{"kategorija":"bankomats","id":"node/1912244907","adrese":"Brīvības gatve 310, Rīga","name":"SEB","operator":"SEB","brand":"SEB","opening_hours":"24/7"}},{"type":"Feature","geometry":{"type":"Point","coordinates":[24.210632,56.89749]},"properties":{"kategorija":"degviela","id":"node/1926548923","adrese":"Latgales iela 427B, Rīga","name":"Neste","brand":"Neste"}},{"type":"Feature","geometry":{"type":"Point","coordinates":[24.179571,56.968333]},"properties":{"kategorija":"bankomats","id":"node/1930510190","adrese":"","name":"Swedbank","operator":"Swedbank","brand":"Swedbank","opening_hours":"24/7"}},{"type":"Feature","geometry":{"type":"Point","coordinates":[27.720746,56.544458]},"properties":{"kategorija":"bankomats","id":"node/1937184062","adrese":"Stacijas iela 30, Ludza","name":"Luminor ATM TC Centrs","operator":"Luminor Bank","brand":"Luminor Bank","opening_hours":"08:00-20:00","atm":"yes"}},{"type":"Feature","geometry":{"type":"Point","coordinates":[27.725536,56.546657]},"properties":{"kategorija":"bankomats","id":"node/1937256452","adrese":"Kr. Barona iela 20A, Ludza","operator":"SEB","opening_hours":"24/7"}},{"type":"Feature","geometry":{"type":"Point","coordinates":[26.581246,55.864842]},"properties":{"kategorija":"degviela","id":"node/1942498573","adrese":"Nometņu iela 99D, Daugavpils","name":"Viada","brand":"Viada","opening_hours":"Mo-Sa 07:00-22:00; Su 07:00-20:00"}},{"type":"Feature","geometry":{"type":"Point","coordinates":[24.637472,56.96998]},"properties":{"kategorija":"degviela","id":"node/1950629626","adrese":"Ropaži","brand":"Gotika auto"}},{"type":"Feature","geometry":{"type":"Point","coordinates":[21.548952,57.3867]},"properties":{"kategorija":"bankomats","id":"node/1952779504","adrese":"J. Poruka iela 5, Ventspils","operator":"Swedbank","brand":"Swedbank"}},{"type":"Feature","geometry":{"type":"Point","coordinates":[27.682028,56.53595]},"properties":{"kategorija":"degviela","id":"node/1957966078","adrese":"","name":"Virši","brand":"Virši","opening_hours":"24/7"}},{"type":"Feature","geometry":{"type":"Point","coordinates":[23.288124,56.626084]},"properties":{"kategorija":"degviela","id":"node/1964893561","adrese":"Jāņa Čakstes iela 1, Dobele","name":"Circle K","phone":"+371 63724433"}},{"type":"Feature","geometry":{"type":"Point","coordinates":[24.097442,56.955496]},"properties":{"kategorija":"degviela","id":"node/1970049777","adrese":"Eksporta iela 1C, Rīga","name":"Circle K","brand":"Circle K","opening_hours":"24/7","website":"https://www.circlek.lv"}},{"type":"Feature","geometry":{"type":"Point","coordinates":[24.243534,56.967468]},"properties":{"kategorija":"bankomats","id":"node/1980919350","adrese":"Hipokrāta iela 2, Rīga","name":"Swedbank","operator":"Swedbank","brand":"Swedbank"}},{"type":"Feature","geometry":{"type":"Point","coordinates":[24.291795,57.005458]},"properties":{"kategorija":"degviela","id":"node/199962065","adrese":"Berģi","name":"Circle K","brand":"Circle K"}},{"type":"Feature","geometry":{"type":"Point","coordinates":[23.697417,56.64228]},"properties":{"kategorija":"degviela","id":"node/2014930325","adrese":"Dambja iela 25, Jelgava","name":"Astarte","operator":"Astarte","brand":"Astarte"}},{"type":"Feature","geometry":{"type":"Point","coordinates":[24.121086,56.987842]},"properties":{"kategorija":"degviela","id":"node/2019497158","adrese":"Ganību dambis 29C, Rīga","name":"Latvijas propāna gāze"}},{"type":"Feature","geometry":{"type":"Point","coordinates":[23.71198,56.637067]},"properties":{"kategorija":"degviela","id":"node/2024643308","adrese":"Rūpniecības iela 20D, Jelgava","name":"Viada 1","operator":"Viada","brand":"Viada"}},{"type":"Feature","geometry":{"type":"Point","coordinates":[23.70505,56.636978]},"properties":{"kategorija":"bankomats","id":"node/2024663698","adrese":"Rūpniecības iela 77A, Jelgava","operator":"Luminor Bank","brand":"Luminor Bank","opening_hours":"24/7"}},{"type":"Feature","geometry":{"type":"Point","coordinates":[27.051697,57.423757]},"properties":{"kategorija":"bankomats","id":"node/2039619060","adrese":"Pils iela 29, Alūksne","operator":"Banka Citadele"}},{"type":"Feature","geometry":{"type":"Point","coordinates":[24.181745,56.418216]},"properties":{"kategorija":"degviela","id":"node/2058290263","adrese":"Bauska","name":"Viada","brand":"Viada"}},{"type":"Feature","geometry":{"type":"Point","coordinates":[23.485897,56.695273]},"properties":{"kategorija":"degviela","id":"node/2073676377","adrese":"Līvbērze","name":"PitStop"}},{"type":"Feature","geometry":{"type":"Point","coordinates":[24.231267,56.887812]},"properties":{"kategorija":"degviela","id":"node/2087383303","adrese":"Mazjumpravas iela 80, Rīga","name":"Neste truck","operator":"Neste","brand":"Neste","opening_hours":"24/7"}},{"type":"Feature","geometry":{"type":"Point","coordinates":[24.713293,57.180485]},"properties":{"kategorija":"bankomats","id":"node/2096697009","adrese":"Tirgus iela 5, Ragana","operator":"SEB","opening_hours":"24/7"}},{"type":"Feature","geometry":{"type":"Point","coordinates":[24.860001,57.144608]},"properties":{"kategorija":"bankomats","id":"node/2096722318","adrese":"Vidzemes šoseja 16, Sigulda","operator":"SEB","brand":"SEB","opening_hours":"Mo-Su 09:00-22:00"}},{"type":"Feature","geometry":{"type":"Point","coordinates":[24.844425,57.143115]},"properties":{"kategorija":"bankomats","id":"node/2096722324","adrese":"Strēlnieku iela 2, Sigulda","operator":"SEB","brand":"SEB","opening_hours":"Mo-Su 08:00-23:00"}},{"type":"Feature","geometry":{"type":"Point","coordinates":[23.761593,56.668901]},"properties":{"kategorija":"degviela","id":"node/2109114964","adrese":"Rīgas iela 48A, Jelgava","name":"Virāža A"}},{"type":"Feature","geometry":{"type":"Point","coordinates":[24.075584,56.893277]},"properties":{"kategorija":"degviela","id":"node/2109302510","adrese":"","name":"Virši","operator":"Virši","brand":"Virši"}},{"type":"Feature","geometry":{"type":"Point","coordinates":[25.156312,56.846477]},"properties":{"kategorija":"bankomats","id":"node/2130639173","adrese":"Madliena","operator":"Swedbank"}},{"type":"Feature","geometry":{"type":"Point","coordinates":[24.226851,56.889657]},"properties":{"kategorija":"degviela","id":"node/2154753981","adrese":"Latgales iela 446B, Rīga","name":"KOOL"}},{"type":"Feature","geometry":{"type":"Point","coordinates":[24.137181,56.974387]},"properties":{"kategorija":"bankomats","id":"node/2159717588","adrese":"Krišjāņa Valdemāra iela 112, Rīga","name":"Citadele"}},{"type":"Feature","geometry":{"type":"Point","coordinates":[24.358595,57.864623]},"properties":{"kategorija":"bankomats","id":"node/2164983242","adrese":"Valdemāra iela 36, Ainaži","name":"Swedbank","operator":"Swedbank","brand":"Swedbank"}},{"type":"Feature","geometry":{"type":"Point","coordinates":[24.055472,56.905372]},"properties":{"kategorija":"bankomats","id":"node/2175264965","adrese":"Daugavas iela 29, Mārupe","name":"SEB","operator":"SEB","brand":"SEB","opening_hours":"24/7"}},{"type":"Feature","geometry":{"type":"Point","coordinates":[23.177043,56.957358]},"properties":{"kategorija":"degviela","id":"node/2185068057","adrese":"Zemgales iela 25, Tukums","name":"Viada","operator":"AS VIADA Baltija","opening_hours":"24/7","phone":"+37167301561","website":"https://www.viada.lv"}},{"type":"Feature","geometry":{"type":"Point","coordinates":[23.138176,56.962573]},"properties":{"kategorija":"degviela","id":"node/2185136637","adrese":"Lielā iela 38B, Tukums","name":"MC","website":"https://www.mc.lv/"}},{"type":"Feature","geometry":{"type":"Point","coordinates":[23.139484,56.971206]},"properties":{"kategorija":"degviela","id":"node/2188153784","adrese":"Kurzemes iela 55, Tukums","name":"Virši","brand":"Virši","opening_hours":"24/7","website":"https://www.virsi.lv"}},{"type":"Feature","geometry":{"type":"Point","coordinates":[24.085627,56.922243]},"properties":{"kategorija":"bankomats","id":"node/2188595392","adrese":"Vienības gatve 45 k-21, Rīga","name":"SEB","operator":"SEB","brand":"SEB"}},{"type":"Feature","geometry":{"type":"Point","coordinates":[24.037748,56.954006]},"properties":{"kategorija":"bankomats","id":"node/2228480149","adrese":"Kurzemes prospekts 1A, Rīga","name":"Swedbank","operator":"Swedbank","brand":"Swedbank","opening_hours":"08:00-23:00"}},{"type":"Feature","geometry":{"type":"Point","coordinates":[25.864371,56.490146]},"properties":{"kategorija":"bankomats","id":"node/2229514869","adrese":"","name":"Swedbank","operator":"Swedbank","brand":"Swedbank"}},{"type":"Feature","geometry":{"type":"Point","coordinates":[25.887895,56.493978]},"properties":{"kategorija":"bankomats","id":"node/2229514883","adrese":"Auseklīša iela 2, Jēkabpils"}},{"type":"Feature","geometry":{"type":"Point","coordinates":[25.856749,56.514296]},"properties":{"kategorija":"bankomats","id":"node/2229514888","adrese":"","operator":"SEB"}},{"type":"Feature","geometry":{"type":"Point","coordinates":[21.626087,56.70494]},"properties":{"kategorija":"degviela","id":"node/2264114397","adrese":"Kalvenes iela 75, Aizpute","name":"Virši Aizpute","operator":"Virši","brand":"Virši","phone":"+371 80 700 070","website":"https://www.virsi.lv/"}},{"type":"Feature","geometry":{"type":"Point","coordinates":[24.127144,56.954016]},"properties":{"kategorija":"bankomats","id":"node/2271627207","adrese":"Krišjāņa Barona iela 46, Rīga","name":"Swedbank","operator":"Swedbank","brand":"Swedbank","opening_hours":"24/7"}},{"type":"Feature","geometry":{"type":"Point","coordinates":[24.127982,56.954158]},"properties":{"kategorija":"bankomats","id":"node/2271627208","adrese":"Krišjāņa Barona iela 46, Rīga","name":"SEB","operator":"SEB","brand":"SEB","opening_hours":"Mo-Su 08:00-23:00"}},{"type":"Feature","geometry":{"type":"Point","coordinates":[24.39782,56.742662]},"properties":{"kategorija":"bankomats","id":"node/2272676682","adrese":"Rīgas iela 79 k-1, Baldone","operator":"Swedbank","opening_hours":"24/7"}},{"type":"Feature","geometry":{"type":"Point","coordinates":[24.392091,56.742452]},"properties":{"kategorija":"bankomats","id":"node/2272676698","adrese":"Rīgas iela 67, Baldone","operator":"SEB","opening_hours":"24/7"}},{"type":"Feature","geometry":{"type":"Point","coordinates":[22.471466,56.682655]},"properties":{"kategorija":"degviela","id":"node/2278539891","adrese":"Apvedceļš 11, Saldus"}},{"type":"Feature","geometry":{"type":"Point","coordinates":[24.360026,57.755829]},"properties":{"kategorija":"bankomats","id":"node/2281122170","adrese":"Bocmaņa laukums 5, Salacgrīva","name":"Swedbank","operator":"Swedbank","brand":"Swedbank","opening_hours":"24/7"}},{"type":"Feature","geometry":{"type":"Point","coordinates":[23.05364,56.481962]},"properties":{"kategorija":"degviela","id":"node/2287712268","adrese":"Jelgavas iela 1B, Bēne","name":"Gotika auto","website":"https://www.gotikaauto.lv/"}},{"type":"Feature","geometry":{"type":"Point","coordinates":[24.200331,56.932242]},"properties":{"kategorija":"bankomats","id":"node/2308078181","adrese":"Lubānas iela 117A, Rīga","operator":"Luminor Bank","brand":"Luminor Bank","opening_hours":"24/7"}},{"type":"Feature","geometry":{"type":"Point","coordinates":[24.20622,56.94097]},"properties":{"kategorija":"bankomats","id":"node/2314260745","adrese":"Andreja Saharova iela 20A, Rīga","operator":"Luminor Bank","brand":"Luminor Bank","opening_hours":"08:00-23:00"}},{"type":"Feature","geometry":{"type":"Point","coordinates":[24.028661,57.040155]},"properties":{"kategorija":"bankomats","id":"node/2316091315","adrese":"Parādes iela 5B, Rīga"}},{"type":"Feature","geometry":{"type":"Point","coordinates":[25.324524,57.897362]},"properties":{"kategorija":"bankomats","id":"node/2319770703","adrese":"Brīvības iela 8, Rūjiena","name":"SEB","operator":"SEB","brand":"SEB","opening_hours":"24/7"}},{"type":"Feature","geometry":{"type":"Point","coordinates":[24.229812,56.824468]},"properties":{"kategorija":"bankomats","id":"node/2323914087","adrese":"Gaismas iela 17C, Ķekava","name":"Swedbank","operator":"Swedbank","brand":"Swedbank"}},{"type":"Feature","geometry":{"type":"Point","coordinates":[21.419527,56.590216]},"properties":{"kategorija":"degviela","id":"node/2339200555","adrese":"","name":"Kings"}},{"type":"Feature","geometry":{"type":"Point","coordinates":[25.310121,56.210937]},"properties":{"kategorija":"degviela","id":"node/2361382003","adrese":"Rūpniecības iela 5, Nereta","name":"stārastāni","opening_hours":"24/7"}},{"type":"Feature","geometry":{"type":"Point","coordinates":[25.307668,56.20419]},"properties":{"kategorija":"bankomats","id":"node/2361723344","adrese":"Raiņa iela 6, Nereta","operator":"Swedbank","opening_hours":"Mo-Su 08:00-21:00"}},{"type":"Feature","geometry":{"type":"Point","coordinates":[25.761374,56.155611]},"properties":{"kategorija":"degviela","id":"node/2363297945","adrese":"Augšzemes iela 60, Aknīste","name":"Astarte","phone":"+371 6 526 6205"}},{"type":"Feature","geometry":{"type":"Point","coordinates":[24.55491,56.953817]},"properties":{"kategorija":"degviela","id":"node/2368293246","adrese":"Bajārkrogs","name":"Straujupīte","opening_hours":"24/7"}},{"type":"Feature","geometry":{"type":"Point","coordinates":[23.742808,56.657165]},"properties":{"kategorija":"bankomats","id":"node/2370467943","adrese":"Brīvības bulvāris 1, Jelgava","operator":"Citadele"}},{"type":"Feature","geometry":{"type":"Point","coordinates":[26.560975,55.893265]},"properties":{"kategorija":"bankomats","id":"node/2370467949","adrese":"Inženieru iela 1, Daugavpils","operator":"Citadele"}},{"type":"Feature","geometry":{"type":"Point","coordinates":[24.158122,56.983221]},"properties":{"kategorija":"bankomats","id":"node/2370467970","adrese":"Čiekurkalna 1. līnija 1 k-1, Rīga","operator":"Citadele","opening_hours":"24/7"}},{"type":"Feature","geometry":{"type":"Point","coordinates":[25.417004,57.542068]},"properties":{"kategorija":"bankomats","id":"node/2370467973","adrese":"Georga Apiņa iela 10A, Valmiera","operator":"Citadele"}},{"type":"Feature","geometry":{"type":"Point","coordinates":[24.196614,56.405924]},"properties":{"kategorija":"bankomats","id":"node/2370467982","adrese":"Zaļā iela 10, Bauska","operator":"Citadele"}},{"type":"Feature","geometry":{"type":"Point","coordinates":[26.559357,55.880939]},"properties":{"kategorija":"bankomats","id":"node/2370467985","adrese":"Strādnieku iela 103, Daugavpils","operator":"Citadele"}},{"type":"Feature","geometry":{"type":"Point","coordinates":[27.33308,56.509603]},"properties":{"kategorija":"bankomats","id":"node/2370467999","adrese":"Atbrīvošanas aleja 112, Rēzekne","operator":"Citadele"}},{"type":"Feature","geometry":{"type":"Point","coordinates":[25.871867,56.501786]},"properties":{"kategorija":"bankomats","id":"node/2370468007","adrese":"Rīgas iela 115, Jēkabpils","operator":"Citadele"}},{"type":"Feature","geometry":{"type":"Point","coordinates":[24.037024,56.960579]},"properties":{"kategorija":"bankomats","id":"node/2370468010","adrese":"Slokas iela 115, Rīga","operator":"Citadele","opening_hours":"24/7"}},{"type":"Feature","geometry":{"type":"Point","coordinates":[23.746072,56.661636]},"properties":{"kategorija":"bankomats","id":"node/2370468014","adrese":"Rīgas iela 11A, Jelgava","operator":"Citadele"}},{"type":"Feature","geometry":{"type":"Point","coordinates":[24.017744,56.928238]},"properties":{"kategorija":"bankomats","id":"node/2370468017","adrese":"Kārļa Ulmaņa gatve 127, Mārupe","operator":"Citadele","opening_hours":"24/7"}},{"type":"Feature","geometry":{"type":"Point","coordinates":[27.366568,56.903862]},"properties":{"kategorija":"bankomats","id":"node/2370468020","adrese":"Raiņa iela 12A, Tilža","operator":"Citadele"}},{"type":"Feature","geometry":{"type":"Point","coordinates":[21.010893,56.507673]},"properties":{"kategorija":"bankomats","id":"node/2370468024","adrese":"Lielā iela 13, Liepāja","operator":"Citadele"}},{"type":"Feature","geometry":{"type":"Point","coordinates":[25.276615,57.313104]},"properties":{"kategorija":"bankomats","id":"node/2370468027","adrese":"Raunas iela 13, Cēsis","operator":"Citadele","opening_hours":"24/7"}},{"type":"Feature","geometry":{"type":"Point","coordinates":[23.283229,56.624734]},"properties":{"kategorija":"bankomats","id":"node/2370468036","adrese":"Baznīcas iela 14, Dobele","operator":"Swedbank","brand":"Swedbank","opening_hours":"24/7"}},{"type":"Feature","geometry":{"type":"Point","coordinates":[27.340821,56.524236]},"properties":{"kategorija":"bankomats","id":"node/2370468039","adrese":"Atbrīvošanas aleja 143B, Rēzekne","operator":"Citadele"}},{"type":"Feature","geometry":{"type":"Point","coordinates":[25.867938,56.496701]},"properties":{"kategorija":"bankomats","id":"node/2370468042","adrese":"Brīvības iela 145, Jēkabpils","operator":"Citadele"}},{"type":"Feature","geometry":{"type":"Point","coordinates":[24.002631,56.963051]},"properties":{"kategorija":"bankomats","id":"node/2370468045","adrese":"Slokas iela 146, Rīga","operator":"Citadele","opening_hours":"24/7"}},{"type":"Feature","geometry":{"type":"Point","coordinates":[24.113053,56.947707]},"properties":{"kategorija":"bankomats","id":"node/2370468051","adrese":"Audēju iela 16, Rīga","operator":"Citadele"}},{"type":"Feature","geometry":{"type":"Point","coordinates":[21.546566,57.385807]},"properties":{"kategorija":"bankomats","id":"node/2370468054","adrese":"J. Poruka iela 16, Ventspils","operator":"Citadele"}},{"type":"Feature","geometry":{"type":"Point","coordinates":[21.017204,56.486047]},"properties":{"kategorija":"bankomats","id":"node/2370468063","adrese":"Ganību iela 175/177, Liepāja","operator":"Citadele"}},{"type":"Feature","geometry":{"type":"Point","coordinates":[22.578318,57.247916]},"properties":{"kategorija":"bankomats","id":"node/2370468068","adrese":"Dundagas iela 18, Talsi","operator":"Citadele"}},{"type":"Feature","geometry":{"type":"Point","coordinates":[24.159757,57.000789]},"properties":{"kategorija":"bankomats","id":"node/2370468071","adrese":"Kokneses prospekts 18, Rīga","operator":"Citadele","opening_hours":"24/7"}},{"type":"Feature","geometry":{"type":"Point","coordinates":[24.13199,56.986998]},"properties":{"kategorija":"bankomats","id":"node/2370468074","adrese":"Duntes iela 19A, Rīga","operator":"Citadele"}},{"type":"Feature","geometry":{"type":"Point","coordinates":[24.207714,56.942696]},"properties":{"kategorija":"bankomats","id":"node/2370468077","adrese":"Pļavnieku iela 1A, Rīga","operator":"Citadele","opening_hours":"24/7"}},{"type":"Feature","geometry":{"type":"Point","coordinates":[24.097643,56.955654]},"properties":{"kategorija":"bankomats","id":"node/2370468083","adrese":"Eksporta iela 1C, Rīga","operator":"Citadele"}},{"type":"Feature","geometry":{"type":"Point","coordinates":[24.174606,56.959585]},"properties":{"kategorija":"bankomats","id":"node/2370468090","adrese":"Nīcgales iela 2, Rīga","name":"Citadele","operator":"Citadele"}},{"type":"Feature","geometry":{"type":"Point","coordinates":[24.188317,56.405867]},"properties":{"kategorija":"bankomats","id":"node/2370468091","adrese":"Pionieru iela 2, Bauska","operator":"Citadele"}},{"type":"Feature","geometry":{"type":"Point","coordinates":[24.120866,56.946913]},"properties":{"kategorija":"bankomats","id":"node/2370468092","adrese":"Stacijas laukums 2, Rīga","operator":"Citadele"}},{"type":"Feature","geometry":{"type":"Point","coordinates":[24.122121,56.947304]},"properties":{"kategorija":"bankomats","id":"node/2370468093","adrese":"Satekles iela 2B, Rīga","operator":"Citadele"}},{"type":"Feature","geometry":{"type":"Point","coordinates":[24.844409,57.143124]},"properties":{"kategorija":"bankomats","id":"node/2370468094","adrese":"Strēlnieku iela 2, Sigulda","operator":"Citadele","opening_hours":"Mo-Su 08:00-23:00"}},{"type":"Feature","geometry":{"type":"Point","coordinates":[27.329044,56.499752]},"properties":{"kategorija":"bankomats","id":"node/2370468096","adrese":"Latgales iela 18, Rēzekne","operator":"Citadele"}},{"type":"Feature","geometry":{"type":"Point","coordinates":[24.150212,56.948106]},"properties":{"kategorija":"bankomats","id":"node/2370468097","adrese":"Vagonu iela 20A, Rīga","operator":"Citadele","opening_hours":"24/7"}},{"type":"Feature","geometry":{"type":"Point","coordinates":[26.591658,55.898697]},"properties":{"kategorija":"bankomats","id":"node/2370468098","adrese":"Vasarnīcu iela 20, Daugavpils","operator":"Citadele"}},{"type":"Feature","geometry":{"type":"Point","coordinates":[24.202536,56.938145]},"properties":{"kategorija":"bankomats","id":"node/2370468101","adrese":"Andreja Saharova iela 21, Rīga","operator":"Citadele","opening_hours":"24/7"}},{"type":"Feature","geometry":{"type":"Point","coordinates":[24.095243,56.942123]},"properties":{"kategorija":"bankomats","id":"node/2370468103","adrese":"Kuģu iela 20, Rīga","operator":"Citadele","opening_hours":"24/7"}},{"type":"Feature","geometry":{"type":"Point","coordinates":[24.065056,56.945256]},"properties":{"kategorija":"bankomats","id":"node/2370468104","adrese":"Melnsila iela 22, Rīga","operator":"Citadele","opening_hours":"24/7"}},{"type":"Feature","geometry":{"type":"Point","coordinates":[23.858799,56.974864]},"properties":{"kategorija":"bankomats","id":"node/2370468105","adrese":"Viestura iela 22, Jūrmala","name":"Swedbank","operator":"Swedbank","brand":"Swedbank","phone":"+371 674 44444","website":"https://www.swedbank.lv/"}},{"type":"Feature","geometry":{"type":"Point","coordinates":[24.110312,57.031887]},"properties":{"kategorija":"bankomats","id":"node/2370468108","adrese":"Melīdas iela 9, Rīga","operator":"Citadele"}},{"type":"Feature","geometry":{"type":"Point","coordinates":[24.05993,56.968772]},"properties":{"kategorija":"bankomats","id":"node/2370468117","adrese":"Lidoņu iela 27 k-1, Rīga","operator":"Citadele","opening_hours":"08:00-22:00"}},{"type":"Feature","geometry":{"type":"Point","coordinates":[23.167205,56.970309]},"properties":{"kategorija":"bankomats","id":"node/2370468128","adrese":"Meža iela 28, Tukums","operator":"Citadele"}},{"type":"Feature","geometry":{"type":"Point","coordinates":[27.161894,55.897118]},"properties":{"kategorija":"bankomats","id":"node/2370468131","adrese":"Rīgas iela 28, Krāslava","operator":"Citadele"}},{"type":"Feature","geometry":{"type":"Point","coordinates":[24.035234,56.928721]},"properties":{"kategorija":"bankomats","id":"node/2370468134","adrese":"Lielirbes iela 29, Rīga","operator":"Citadele"}},{"type":"Feature","geometry":{"type":"Point","coordinates":[24.037242,56.929376]},"properties":{"kategorija":"bankomats","id":"node/2370468137","adrese":"Jaunmoku iela 21, Rīga","operator":"Citadele"}},{"type":"Feature","geometry":{"type":"Point","coordinates":[24.232126,56.969119]},"properties":{"kategorija":"bankomats","id":"node/2370468139","adrese":"Sergeja Eizenšteina iela 29, Rīga","operator":"Citadele"}},{"type":"Feature","geometry":{"type":"Point","coordinates":[23.615562,56.960873]},"properties":{"kategorija":"bankomats","id":"node/2370468148","adrese":"Talsu šoseja 29, Jūrmala","operator":"Citadele"}},{"type":"Feature","geometry":{"type":"Point","coordinates":[24.10042,56.953484]},"properties":{"kategorija":"bankomats","id":"node/2370468154","adrese":"Republikas laukums 2A, Rīga","operator":"Citadele","opening_hours":"24/7"}},{"type":"Feature","geometry":{"type":"Point","coordinates":[22.492256,56.665417]},"properties":{"kategorija":"bankomats","id":"node/2370468157","adrese":"Lielā iela 2B, Saldus","operator":"Citadele"}},{"type":"Feature","geometry":{"type":"Point","coordinates":[24.164776,56.966678]},"properties":{"kategorija":"bankomats","id":"node/2370468160","adrese":"Ieriķu iela 3, Rīga","operator":"Citadele"}},{"type":"Feature","geometry":{"type":"Point","coordinates":[24.595413,56.821699]},"properties":{"kategorija":"bankomats","id":"node/2370468163","adrese":"Mālkalnes prospekts 3, Ogre","operator":"Citadele","opening_hours":"24/7"}},{"type":"Feature","geometry":{"type":"Point","coordinates":[24.130046,56.995502]},"properties":{"kategorija":"bankomats","id":"node/2370468166","adrese":"Tilta iela 32, Rīga","operator":"Citadele","opening_hours":"08:00-22:00"}},{"type":"Feature","geometry":{"type":"Point","coordinates":[26.518507,55.871567]},"properties":{"kategorija":"bankomats","id":"node/2370468185","adrese":"","operator":"Citadele"}},{"type":"Feature","geometry":{"type":"Point","coordinates":[23.699549,56.656548]},"properties":{"kategorija":"bankomats","id":"node/2370468193","adrese":"Satiksmes iela 35, Jelgava","operator":"Citadele"}},{"type":"Feature","geometry":{"type":"Point","coordinates":[24.191798,56.905598]},"properties":{"kategorija":"bankomats","id":"node/2370468202","adrese":"Latgales iela 357, Rīga","operator":"Citadele"}},{"type":"Feature","geometry":{"type":"Point","coordinates":[24.095001,56.959045]},"properties":{"kategorija":"bankomats","id":"node/2370468215","adrese":"Eksporta iela 3A, Rīga","operator":"Citadele","opening_hours":"24/7"}},{"type":"Feature","geometry":{"type":"Point","coordinates":[23.726382,56.650562]},"properties":{"kategorija":"bankomats","id":"node/2370468218","adrese":"Katoļu iela 7, Jelgava","operator":"Citadele"}},{"type":"Feature","geometry":{"type":"Point","coordinates":[25.423386,57.53867]},"properties":{"kategorija":"bankomats","id":"node/2370468221","adrese":"Rīgas iela 4, Valmiera","operator":"Citadele"}},{"type":"Feature","geometry":{"type":"Point","coordinates":[24.355145,57.766346]},"properties":{"kategorija":"bankomats","id":"node/2370468226","adrese":"Pērnavas iela 31, Salacgrīva","operator":"Citadele"}},{"type":"Feature","geometry":{"type":"Point","coordinates":[24.239852,56.989709]},"properties":{"kategorija":"bankomats","id":"node/2370468232","adrese":"Brīvības gatve 409, Rīga","operator":"Citadele","opening_hours":"24/7"}},{"type":"Feature","geometry":{"type":"Point","coordinates":[24.012839,56.96063]},"properties":{"kategorija":"bankomats","id":"node/2370468235","adrese":"Anniņmuižas bulvāris 40A, Rīga","operator":"Citadele","opening_hours":"Mo-Su 08:00-23:00"}},{"type":"Feature","geometry":{"type":"Point","coordinates":[27.341902,56.508976]},"properties":{"kategorija":"bankomats","id":"node/2370468238","adrese":"18. novembra iela 41, Rēzekne","operator":"Citadele"}},{"type":"Feature","geometry":{"type":"Point","coordinates":[27.724743,56.546555]},"properties":{"kategorija":"bankomats","id":"node/2370468241","adrese":"","operator":"Citadele"}},{"type":"Feature","geometry":{"type":"Point","coordinates":[24.182003,56.966293]},"properties":{"kategorija":"bankomats","id":"node/2370468244","adrese":"Ieriķu iela 41B, Rīga","operator":"Citadele","opening_hours":"24/7"}},{"type":"Feature","geometry":{"type":"Point","coordinates":[24.133837,56.966882]},"properties":{"kategorija":"bankomats","id":"node/2370468253","adrese":"Miera iela 45 k-1, Rīga","operator":"Citadele","opening_hours":"08:00-20:00"}},{"type":"Feature","geometry":{"type":"Point","coordinates":[26.75713,57.173072]},"properties":{"kategorija":"bankomats","id":"node/2370468266","adrese":"Rīgas iela 47, Gulbene","operator":"Citadele","opening_hours":"24/7"}},{"type":"Feature","geometry":{"type":"Point","coordinates":[24.33516,56.854394]},"properties":{"kategorija":"bankomats","id":"node/2370468271","adrese":"Skolas iela 4D, Salaspils","operator":"Citadele","opening_hours":"24/7"}},{"type":"Feature","geometry":{"type":"Point","coordinates":[24.082664,56.949509]},"properties":{"kategorija":"bankomats","id":"node/2370468277","adrese":"Āzenes iela 5, Rīga","operator":"Citadele","opening_hours":"08:00-22:00"}},{"type":"Feature","geometry":{"type":"Point","coordinates":[27.67528,56.786983]},"properties":{"kategorija":"bankomats","id":"node/2370468283","adrese":"Vienības iela 53, Kārsava","operator":"Citadele"}},{"type":"Feature","geometry":{"type":"Point","coordinates":[24.094737,56.90283]},"properties":{"kategorija":"bankomats","id":"node/2370468286","adrese":"Dižozolu iela 2, Rīga","name":"Citadele","operator":"Citadele","opening_hours":"Mo-Su 08:00-22:00"}},{"type":"Feature","geometry":{"type":"Point","coordinates":[24.070926,56.935099]},"properties":{"kategorija":"bankomats","id":"node/2370468288","adrese":"Mārupes iela 1A, Rīga","operator":"Luminor Bank","brand":"Luminor Bank","opening_hours":"24/7"}},{"type":"Feature","geometry":{"type":"Point","coordinates":[24.194191,56.977745]},"properties":{"kategorija":"bankomats","id":"node/2370468294","adrese":"Dzērbenes iela 14, Rīga","operator":"Citadele"}},{"type":"Feature","geometry":{"type":"Point","coordinates":[26.221222,56.851822]},"properties":{"kategorija":"bankomats","id":"node/2370468297","adrese":"Saules iela 6, Madona","operator":"Citadele"}},{"type":"Feature","geometry":{"type":"Point","coordinates":[21.584471,57.401966]},"properties":{"kategorija":"bankomats","id":"node/2370468301","adrese":"","operator":"Citadele"}},{"type":"Feature","geometry":{"type":"Point","coordinates":[26.520395,55.875241]},"properties":{"kategorija":"bankomats","id":"node/2370468304","adrese":"Cietokšņa iela 60, Daugavpils","operator":"Citadele","opening_hours":"24/7"}},{"type":"Feature","geometry":{"type":"Point","coordinates":[21.004212,56.491777]},"properties":{"kategorija":"bankomats","id":"node/2370468310","adrese":"Klaipēdas iela 62, Liepāja","operator":"Citadele"}},{"type":"Feature","geometry":{"type":"Point","coordinates":[27.26893,57.132328]},"properties":{"kategorija":"bankomats","id":"node/2370468317","adrese":"Brīvības iela 63/65, Balvi","operator":"Citadele"}},{"type":"Feature","geometry":{"type":"Point","coordinates":[24.187345,56.950216]},"properties":{"kategorija":"bankomats","id":"node/2370468320","adrese":"Augusta Deglava iela 67, Rīga","name":"Citadele","operator":"Citadele"}},{"type":"Feature","geometry":{"type":"Point","coordinates":[24.120687,56.954651]},"properties":{"kategorija":"bankomats","id":"node/2370468323","adrese":"Dzirnavu iela 67, Rīga","operator":"Citadele"}},{"type":"Feature","geometry":{"type":"Point","coordinates":[24.108156,56.921715]},"properties":{"kategorija":"bankomats","id":"node/2370468333","adrese":"Mūkusalas iela 75, Rīga","operator":"Citadele","opening_hours":"24/7"}},{"type":"Feature","geometry":{"type":"Point","coordinates":[24.11712,56.946163]},"properties":{"kategorija":"bankomats","id":"node/2370468335","adrese":"13. janvāra iela 8, Rīga","operator":"Citadele"}},{"type":"Feature","geometry":{"type":"Point","coordinates":[24.716139,57.512672]},"properties":{"kategorija":"bankomats","id":"node/2370468337","adrese":"","operator":"Citadele"}},{"type":"Feature","geometry":{"type":"Point","coordinates":[24.195189,56.407131]},"properties":{"kategorija":"bankomats","id":"node/2370468338","adrese":"","operator":"Citadele"}},{"type":"Feature","geometry":{"type":"Point","coordinates":[24.113585,56.915039]},"properties":{"kategorija":"bankomats","id":"node/2370468339","adrese":"Bauskas iela 86, Rīga","operator":"Citadele","opening_hours":"24/7"}},{"type":"Feature","geometry":{"type":"Point","coordinates":[24.129322,56.959659]},"properties":{"kategorija":"bankomats","id":"node/2370468355","adrese":"Brīvības iela 90, Rīga","operator":"Citadele","opening_hours":"24/7"}},{"type":"Feature","geometry":{"type":"Point","coordinates":[21.027489,56.52456]},"properties":{"kategorija":"bankomats","id":"node/2370468372","adrese":"Brīvības iela 93, Liepāja","operator":"Citadele"}},{"type":"Feature","geometry":{"type":"Point","coordinates":[21.017704,56.515049]},"properties":{"kategorija":"bankomats","id":"node/2370468376","adrese":"Jaunā ostmala 3/5, Liepāja","operator":"Citadele"}},{"type":"Feature","geometry":{"type":"Point","coordinates":[24.139153,56.895912]},"properties":{"kategorija":"bankomats","id":"node/2370468381","adrese":"Krustkalni","operator":"Citadele"}},{"type":"Feature","geometry":{"type":"Point","coordinates":[23.979466,56.921582]},"properties":{"kategorija":"bankomats","id":"node/2370468385","adrese":"Lidosta \"Rīga\"","operator":"Citadele","brand":"Citadele"}},{"type":"Feature","geometry":{"type":"Point","coordinates":[27.042251,57.413848]},"properties":{"kategorija":"degviela","id":"node/2405049925","adrese":"Gulbenes iela 1C, Alūksne","name":"Viada","brand":"Viada"}},{"type":"Feature","geometry":{"type":"Point","coordinates":[26.48332,55.914378]},"properties":{"kategorija":"degviela","id":"node/2417779392","adrese":"Vizbuļu iela 8A, Daugavpils","name":"Viada","operator":"VIADA Baltija AS","brand":"Viada"}},{"type":"Feature","geometry":{"type":"Point","coordinates":[24.164398,56.966602]},"properties":{"kategorija":"bankomats","id":"node/2422098286","adrese":"Ieriķu iela 3, Rīga","name":"Luminor Bank","operator":"Luminor Bank","brand":"Luminor Bank"}},{"type":"Feature","geometry":{"type":"Point","coordinates":[23.945989,56.879471]},"properties":{"kategorija":"bankomats","id":"node/2423194035","adrese":"Mazcenu aleja 5A, Jaunmārupe","name":"Swedbank","operator":"Swedbank","brand":"Swedbank"}},{"type":"Feature","geometry":{"type":"Point","coordinates":[24.122072,56.947308]},"properties":{"kategorija":"bankomats","id":"node/2423195009","adrese":"Satekles iela 2B, Rīga","name":"Luminor Bank","operator":"Luminor Bank","brand":"Luminor Bank"}},{"type":"Feature","geometry":{"type":"Point","coordinates":[25.118668,56.627857]},"properties":{"kategorija":"degviela","id":"node/2441080606","adrese":"Zemkopības institūts","name":"Virši","brand":"Virši","opening_hours":"24/7"}},{"type":"Feature","geometry":{"type":"Point","coordinates":[23.941093,56.789129]},"properties":{"kategorija":"bankomats","id":"node/2441954878","adrese":"Zeiferta iela 6, Olaine","name":"SEB","operator":"SEB","brand":"SEB"}},{"type":"Feature","geometry":{"type":"Point","coordinates":[24.138596,56.933783]},"properties":{"kategorija":"degviela","id":"node/2466707044","adrese":"","name":"marine fuel"}},{"type":"Feature","geometry":{"type":"Point","coordinates":[28.111635,56.382281]},"properties":{"kategorija":"degviela","id":"node/2473191228","adrese":"Lauku šķērsiela 7, Zilupe"}},{"type":"Feature","geometry":{"type":"Point","coordinates":[21.168377,56.535196]},"properties":{"kategorija":"bankomats","id":"node/2476843434","adrese":"","operator":"Swedbank","brand":"Swedbank"}},{"type":"Feature","geometry":{"type":"Point","coordinates":[23.91,56.944153]},"properties":{"kategorija":"bankomats","id":"node/2483517444","adrese":"Rīgas iela 5, Piņķi","name":"Swedbank","operator":"Swedbank","brand":"Swedbank"}},{"type":"Feature","geometry":{"type":"Point","coordinates":[24.039337,56.92624]},"properties":{"kategorija":"degviela","id":"node/251468803","adrese":"Upesgrīvas iela 1, Mārupe","name":"Neste","brand":"Neste","opening_hours":"Mo-Su,PH 06:00-24:00"}},{"type":"Feature","geometry":{"type":"Point","coordinates":[24.049714,56.927278]},"properties":{"kategorija":"degviela","id":"node/251468948","adrese":"Kārļa Ulmaņa gatve 67, Rīga","name":"Viada","operator":"VIADA Baltija AS","brand":"Viada","website":"https://www.viada.lv"}},{"type":"Feature","geometry":{"type":"Point","coordinates":[24.254394,56.957026]},"properties":{"kategorija":"bankomats","id":"node/2569484561","adrese":"Biķernieku iela 160, Rīga","name":"SEB","operator":"SEB","brand":"SEB","opening_hours":"Mo-Su 08:00-22:00"}},{"type":"Feature","geometry":{"type":"Point","coordinates":[24.25441,56.957047]},"properties":{"kategorija":"bankomats","id":"node/2569484564","adrese":"Biķernieku iela 160, Rīga","name":"Swedbank","operator":"Swedbank","brand":"Swedbank"}},{"type":"Feature","geometry":{"type":"Point","coordinates":[26.924001,56.54798]},"properties":{"kategorija":"bankomats","id":"node/2600592304","adrese":"Brīvības iela 13, Viļāni","operator":"Swedbank"}},{"type":"Feature","geometry":{"type":"Point","coordinates":[24.034087,56.931021]},"properties":{"kategorija":"degviela","id":"node/260354672","adrese":"Lielirbes iela 30, Rīga","name":"Neste","brand":"Neste","opening_hours":"24/7"}},{"type":"Feature","geometry":{"type":"Point","coordinates":[21.021543,56.483009]},"properties":{"kategorija":"bankomats","id":"node/2624631122","adrese":"Mirdzas Ķempes iela 9, Liepāja","name":"SEB","operator":"SEB","brand":"SEB"}},{"type":"Feature","geometry":{"type":"Point","coordinates":[21.5813,57.387375]},"properties":{"kategorija":"degviela","id":"node/265709380","adrese":"Lāčplēša iela 4, Ventspils","name":"Straujupīte","brand":"Straujupīte","opening_hours":"24/7","website":"https://straujupite.lv"}},{"type":"Feature","geometry":{"type":"Point","coordinates":[24.116106,56.944216]},"properties":{"kategorija":"bankomats","id":"node/2661199982","adrese":"Centrāltirgus iela 3 k-1, Rīga","name":"Luminor Bank","operator":"Luminor Bank","brand":"Luminor Bank","website":"www.dnb.lv"}},{"type":"Feature","geometry":{"type":"Point","coordinates":[25.715274,56.632379]},"properties":{"kategorija":"degviela","id":"node/266487279","adrese":"","name":"Viada","brand":"Viada"}},{"type":"Feature","geometry":{"type":"Point","coordinates":[23.981659,56.953153]},"properties":{"kategorija":"degviela","id":"node/266644053","adrese":"Jūrmalas gatve 144, Rīga","name":"Straujupīte"}},{"type":"Feature","geometry":{"type":"Point","coordinates":[23.991801,56.921453]},"properties":{"kategorija":"degviela","id":"node/267939111","adrese":"Dzirnieku iela 1, Lidosta \"Rīga\"","name":"Viada, Lidosta","brand":"Viada"}},{"type":"Feature","geometry":{"type":"Point","coordinates":[25.853673,56.516742]},"properties":{"kategorija":"degviela","id":"node/272057004","adrese":"Rīgas iela 243, Jēkabpils"}},{"type":"Feature","geometry":{"type":"Point","coordinates":[26.075751,56.806334]},"properties":{"kategorija":"degviela","id":"node/272408698","adrese":"Sauleskalna iela 2, Sauleskalns","name":"KOOL Sauleskalns","operator":"KOOL","brand":"KOOL"}},{"type":"Feature","geometry":{"type":"Point","coordinates":[27.039805,57.429]},"properties":{"kategorija":"bankomats","id":"node/2739041784","adrese":"Pils iela 9B, Alūksne","operator":"SEB","brand":"SEB","opening_hours":"Mo-Su 08:00-22:00"}},{"type":"Feature","geometry":{"type":"Point","coordinates":[24.202548,56.938175]},"properties":{"kategorija":"bankomats","id":"node/2750991753","adrese":"Andreja Saharova iela 21, Rīga","operator":"Luminor Bank","opening_hours":"24/7"}},{"type":"Feature","geometry":{"type":"Point","coordinates":[24.141742,56.966587]},"properties":{"kategorija":"bankomats","id":"node/2786904177","adrese":"Cēsu iela 31, Rīga","operator":"Danske Bank"}},{"type":"Feature","geometry":{"type":"Point","coordinates":[26.224723,56.857002]},"properties":{"kategorija":"bankomats","id":"node/2802062458","adrese":"Saules iela 39B, Madona","name":"SEB","operator":"SEB","brand":"SEB","opening_hours":"24/7"}},{"type":"Feature","geometry":{"type":"Point","coordinates":[21.487004,56.360088]},"properties":{"kategorija":"degviela","id":"node/281098847","adrese":"Kalēti","name":"King"}},{"type":"Feature","geometry":{"type":"Point","coordinates":[21.564325,57.392089]},"properties":{"kategorija":"bankomats","id":"node/282258636","adrese":"Kuldīgas iela 25A, Ventspils","name":"Swedbank"}},{"type":"Feature","geometry":{"type":"Point","coordinates":[21.546528,57.385705]},"properties":{"kategorija":"bankomats","id":"node/282258637","adrese":"J. Poruka iela 16, Ventspils","name":"Swedbank","operator":"Swedbank","brand":"Swedbank","opening_hours":"24/7"}},{"type":"Feature","geometry":{"type":"Point","coordinates":[26.545038,55.874447]},"properties":{"kategorija":"degviela","id":"node/283639209","adrese":"Ventspils iela 28, Daugavpils","name":"Circle K","operator":"Circle K","brand":"Circle K"}},{"type":"Feature","geometry":{"type":"Point","coordinates":[24.187155,56.949939]},"properties":{"kategorija":"bankomats","id":"node/2837730150","adrese":"Augusta Deglava iela 67, Rīga","name":"SEB","operator":"SEB","brand":"SEB","opening_hours":"Mo-Su 08:00-22:00"}},{"type":"Feature","geometry":{"type":"Point","coordinates":[24.187164,56.949909]},"properties":{"kategorija":"bankomats","id":"node/2837730151","adrese":"Augusta Deglava iela 67, Rīga","name":"Luminor","operator":"Luminor Bank","brand":"Luminor Bank"}},{"type":"Feature","geometry":{"type":"Point","coordinates":[24.082964,56.949554]},"properties":{"kategorija":"bankomats","id":"node/2916036958","adrese":"Āzenes iela 5, Rīga","name":"SEB","operator":"SEB","brand":"SEB","opening_hours":"Mo-Su 09:00-22:00"}},{"type":"Feature","geometry":{"type":"Point","coordinates":[24.178724,56.915193]},"properties":{"kategorija":"bankomats","id":"node/2917872592","adrese":"Prūšu iela 2B, Rīga","name":"Swedbank","operator":"Swedbank","brand":"Swedbank"}},{"type":"Feature","geometry":{"type":"Point","coordinates":[24.163574,56.966495]},"properties":{"kategorija":"bankomats","id":"node/2917884778","adrese":"Ieriķu iela 3, Rīga","operator":"Luminor Bank","brand":"Luminor Bank"}},{"type":"Feature","geometry":{"type":"Point","coordinates":[24.185791,56.948732]},"properties":{"kategorija":"degviela","id":"node/292822242","adrese":"Jenotu iela 19, Rīga","name":"Staujupīte"}},{"type":"Feature","geometry":{"type":"Point","coordinates":[23.621097,56.960504]},"properties":{"kategorija":"degviela","id":"node/293161136","adrese":"Brikšķu iela 2, Jūrmala","name":"Viada","operator":"VIADA Baltija AS","brand":"Viada","website":"https://www.viada.lv"}},{"type":"Feature","geometry":{"type":"Point","coordinates":[24.186075,56.958466]},"properties":{"kategorija":"bankomats","id":"node/2931803464","adrese":"Stirnu iela 26, Rīga","name":"SEB","operator":"SEB","brand":"SEB","opening_hours":"Mo-Su 08:00-23:00"}},{"type":"Feature","geometry":{"type":"Point","coordinates":[23.917938,56.95483]},"properties":{"kategorija":"degviela","id":"node/293405759","adrese":"Piņķi","name":"Latvijas nafta"}},{"type":"Feature","geometry":{"type":"Point","coordinates":[24.137035,56.974351]},"properties":{"kategorija":"bankomats","id":"node/2935166664","adrese":"Krišjāņa Valdemāra iela 112, Rīga","name":"SEB","operator":"SEB","brand":"SEB","opening_hours":"Mo-Su 08:00-23:00"}},{"type":"Feature","geometry":{"type":"Point","coordinates":[24.172055,56.944731]},"properties":{"kategorija":"bankomats","id":"node/2936712196","adrese":"Nīcgales iela 46A, Rīga","name":"SEB","operator":"SEB","brand":"SEB","opening_hours":"Mo-Su 08:00-22:00"}},{"type":"Feature","geometry":{"type":"Point","coordinates":[24.171849,56.945069]},"properties":{"kategorija":"bankomats","id":"node/2936712200","adrese":"Nīcgales iela 46A, Rīga","operator":"Luminor Bank","brand":"Luminor Bank","opening_hours":"Mo-Sa 08:00-22:00; Su 09:00-22:00"}},{"type":"Feature","geometry":{"type":"Point","coordinates":[24.187161,56.948552]},"properties":{"kategorija":"bankomats","id":"node/293849269","adrese":"Augusta Deglava iela 100, Rīga","name":"SEB","operator":"SEB","brand":"SEB","opening_hours":"24/7"}},{"type":"Feature","geometry":{"type":"Point","coordinates":[24.340196,56.969664]},"properties":{"kategorija":"degviela","id":"node/293876120","adrese":"Amatnieki","name":"Virši","brand":"Virši","website":"https://www.virsi.lv"}},{"type":"Feature","geometry":{"type":"Point","coordinates":[24.1486,56.96727]},"properties":{"kategorija":"bankomats","id":"node/293887925","adrese":"Brīvības iela 188, Rīga","name":"Swedbank","operator":"Swedbank","brand":"Swedbank"}},{"type":"Feature","geometry":{"type":"Point","coordinates":[24.253498,56.978198]},"properties":{"kategorija":"bankomats","id":"node/293897645","adrese":"Juglas iela 45, Rīga","name":"Swedbank","operator":"Swedbank","brand":"Swedbank","opening_hours":"24/7"}},{"type":"Feature","geometry":{"type":"Point","coordinates":[21.57073,57.395047]},"properties":{"kategorija":"bankomats","id":"node/294192812","adrese":"Kuldīgas iela 3, Ventspils","operator":"SEB","brand":"SEB"}},{"type":"Feature","geometry":{"type":"Point","coordinates":[24.355395,56.743452]},"properties":{"kategorija":"degviela","id":"node/294935736","adrese":"Rīgas iela 2, Baldone","name":"Virši Baldone","brand":"Virši"}},{"type":"Feature","geometry":{"type":"Point","coordinates":[24.704066,57.126967]},"properties":{"kategorija":"degviela","id":"node/298801996","adrese":"","name":"Virši","operator":"Virši","brand":"Virši","opening_hours":"24/7","phone":"+371 679 779 21","website":"https://www.virsi.lv/"}},{"type":"Feature","geometry":{"type":"Point","coordinates":[24.857171,57.145098]},"properties":{"kategorija":"degviela","id":"node/298816044","adrese":"Vidzemes šoseja 12, Sigulda","name":"Circle K automāts","opening_hours":"24/7"}},{"type":"Feature","geometry":{"type":"Point","coordinates":[25.042331,57.377287]},"properties":{"kategorija":"degviela","id":"node/300567945","adrese":"Stalbe","name":"Latvijas nafta"}},{"type":"Feature","geometry":{"type":"Point","coordinates":[25.055782,57.860577]},"properties":{"kategorija":"bankomats","id":"node/300678888","adrese":"","name":"Swedbank","operator":"Swedbank","brand":"Swedbank"}},{"type":"Feature","geometry":{"type":"Point","coordinates":[28.153177,56.35612]},"properties":{"kategorija":"degviela","id":"node/3036769749","adrese":"Lomoši"}},{"type":"Feature","geometry":{"type":"Point","coordinates":[24.060477,56.951499]},"properties":{"kategorija":"degviela","id":"node/304083348","adrese":"Jūrmalas gatve 4, Rīga","name":"Circle K","brand":"Circle K","opening_hours":"Mo-Su 06:00-23:00","phone":"+371 27060276","website":"https://www.circlek.lv"}},{"type":"Feature","geometry":{"type":"Point","coordinates":[24.233824,56.95826]},"properties":{"kategorija":"bankomats","id":"node/304876828","adrese":"Biķernieku iela 121A, Rīga","name":"Rietumu banka"}},{"type":"Feature","geometry":{"type":"Point","coordinates":[25.65076,56.599459]},"properties":{"kategorija":"degviela","id":"node/305692237","adrese":"Stukmaņi","name":"Astarte"}},{"type":"Feature","geometry":{"type":"Point","coordinates":[25.392847,57.512853]},"properties":{"kategorija":"degviela","id":"node/308921921","adrese":"","name":"Gāze"}},{"type":"Feature","geometry":{"type":"Point","coordinates":[23.615645,56.960855]},"properties":{"kategorija":"bankomats","id":"node/317035500","adrese":"Talsu šoseja 29, Jūrmala","name":"Swedbank","operator":"Swedbank","brand":"Swedbank"}},{"type":"Feature","geometry":{"type":"Point","coordinates":[24.012846,56.960616]},"properties":{"kategorija":"bankomats","id":"node/3178339629","adrese":"Anniņmuižas bulvāris 40A, Rīga","name":"Luminor","operator":"Luminor Bank","brand":"Luminor Bank","opening_hours":"Mo-Su 08:00-23:00"}},{"type":"Feature","geometry":{"type":"Point","coordinates":[24.092905,56.902839]},"properties":{"kategorija":"bankomats","id":"node/3192201287","adrese":"Valdeķu iela 51A, Rīga","operator":"Luminor","opening_hours":"24/7"}},{"type":"Feature","geometry":{"type":"Point","coordinates":[24.094694,56.902913]},"properties":{"kategorija":"bankomats","id":"node/3192201288","adrese":"Dižozolu iela 2, Rīga","name":"SEB","operator":"SEB","brand":"SEB","opening_hours":"24/7"}},{"type":"Feature","geometry":{"type":"Point","coordinates":[24.115347,56.980017]},"properties":{"kategorija":"degviela","id":"node/321488589","adrese":"Rankas iela 2, Rīga","name":"Neste","operator":"Neste","brand":"Neste","opening_hours":"24/7"}},{"type":"Feature","geometry":{"type":"Point","coordinates":[24.133531,56.956842]},"properties":{"kategorija":"bankomats","id":"node/3251632292","adrese":"Matīsa iela 24, Rīga","operator":"Citadele","opening_hours":"24/7"}},{"type":"Feature","geometry":{"type":"Point","coordinates":[24.146081,56.963972]},"properties":{"kategorija":"bankomats","id":"node/3289427221","adrese":"Krišjāņa Barona iela 117, Rīga","name":"SEB","operator":"SEB","brand":"SEB","opening_hours":"24/7"}},{"type":"Feature","geometry":{"type":"Point","coordinates":[24.129349,56.959323]},"properties":{"kategorija":"bankomats","id":"node/3291990625","adrese":"Brīvības iela 90, Rīga","operator":"SEB","opening_hours":"24/7"}},{"type":"Feature","geometry":{"type":"Point","coordinates":[24.113002,56.947693]},"properties":{"kategorija":"bankomats","id":"node/3318410386","adrese":"Audēju iela 16, Rīga","name":"SEB","operator":"SEB","brand":"SEB","opening_hours":"Mo-Su 08:00-22:00"}},{"type":"Feature","geometry":{"type":"Point","coordinates":[24.110698,56.949946]},"properties":{"kategorija":"bankomats","id":"node/3318410388","adrese":"Vaļņu iela 11, Rīga","name":"SEB","operator":"SEB","brand":"SEB","opening_hours":"24/7"}},{"type":"Feature","geometry":{"type":"Point","coordinates":[24.186037,56.978912]},"properties":{"kategorija":"bankomats","id":"node/3331546373","adrese":"Brīvības gatve 310, Rīga","operator":"Citadele","brand":"Citadele","opening_hours":"24/7"}},{"type":"Feature","geometry":{"type":"Point","coordinates":[24.336678,56.854626]},"properties":{"kategorija":"bankomats","id":"node/3331665920","adrese":"Skolas iela 4E, Salaspils","name":"SEB","operator":"SEB","brand":"SEB","opening_hours":"Mo-Su 08:00-22:00"}},{"type":"Feature","geometry":{"type":"Point","coordinates":[24.336886,56.85467]},"properties":{"kategorija":"bankomats","id":"node/3331665923","adrese":"Skolas iela 4E, Salaspils","name":"Swedbank","operator":"Swedbank","brand":"Swedbank","opening_hours":"Mo-Su 08:00-22:00"}},{"type":"Feature","geometry":{"type":"Point","coordinates":[24.202084,56.933159]},"properties":{"kategorija":"bankomats","id":"node/3354101302","adrese":"Andreja Saharova iela 2, Rīga","name":"SEB","operator":"SEB","brand":"SEB","opening_hours":"Mo-Su 08:00-22:00"}},{"type":"Feature","geometry":{"type":"Point","coordinates":[25.898156,57.427943]},"properties":{"kategorija":"degviela","id":"node/33702046","adrese":"Stacijas iela 2, Smiltene","name":"Virši A","brand":"Virši"}},{"type":"Feature","geometry":{"type":"Point","coordinates":[24.087309,56.916855]},"properties":{"kategorija":"degviela","id":"node/339851476","adrese":"Vienības gatve 77, Rīga","name":"Neste","operator":"Neste","brand":"Neste","opening_hours":"24/7"}},{"type":"Feature","geometry":{"type":"Point","coordinates":[24.188378,56.406669]},"properties":{"kategorija":"degviela","id":"node/342859364","adrese":"Pionieru iela 2, Bauska","name":"Neste","brand":"Neste"}},{"type":"Feature","geometry":{"type":"Point","coordinates":[24.177231,56.399317]},"properties":{"kategorija":"degviela","id":"node/343235996","adrese":"Elejas iela 1, Bauska","name":"Neste","brand":"Neste"}},{"type":"Feature","geometry":{"type":"Point","coordinates":[25.807824,57.064324]},"properties":{"kategorija":"bankomats","id":"node/3450970681","adrese":"Vecpiebalga","operator":"SEB","opening_hours":"24/7"}},{"type":"Feature","geometry":{"type":"Point","coordinates":[24.114382,56.945125]},"properties":{"kategorija":"bankomats","id":"node/3502592480","adrese":"Prāgas iela 1, Rīga","name":"SEB","operator":"SEB","brand":"SEB","opening_hours":"24/7"}},{"type":"Feature","geometry":{"type":"Point","coordinates":[24.129284,56.959651]},"properties":{"kategorija":"bankomats","id":"node/3525961464","adrese":"Brīvības iela 90, Rīga","operator":"Luminor","brand":"Luminor Bank","opening_hours":"24/7"}},{"type":"Feature","geometry":{"type":"Point","coordinates":[24.331514,56.314428]},"properties":{"kategorija":"degviela","id":"node/353809240","adrese":"","name":"Virši","brand":"Virši","opening_hours":"24/7","website":"http://www.virsia.lv"}},{"type":"Feature","geometry":{"type":"Point","coordinates":[24.208252,56.604622]},"properties":{"kategorija":"degviela","id":"node/353811719","adrese":"Iecava","name":"Neste","operator":"Neste Oyj","brand":"Neste","phone":"+371 80 00 90 06"}},{"type":"Feature","geometry":{"type":"Point","coordinates":[22.473407,56.680936]},"properties":{"kategorija":"degviela","id":"node/3623043672","adrese":"Kuldīgas iela 84A, Saldus","name":"Latvijas Propāna Gāze","opening_hours":"24/7"}},{"type":"Feature","geometry":{"type":"Point","coordinates":[21.855682,56.417953]},"properties":{"kategorija":"bankomats","id":"node/3623367888","adrese":"Raiņa iela 4, Vaiņode","name":"Swedbank bankomāts","operator":"Swedbank","brand":"Swedbank"}},{"type":"Feature","geometry":{"type":"Point","coordinates":[22.489943,56.668293]},"properties":{"kategorija":"bankomats","id":"node/3623758692","adrese":"Brīvības iela 30, Saldus","name":"Swedbank","operator":"Swedbank","brand":"Swedbank"}},{"type":"Feature","geometry":{"type":"Point","coordinates":[22.494283,56.666481]},"properties":{"kategorija":"bankomats","id":"node/3658236561","adrese":"Jelgavas iela 1, Saldus","name":"Swedbank","operator":"Swedbank","brand":"Swedbank"}},{"type":"Feature","geometry":{"type":"Point","coordinates":[26.746119,57.175237]},"properties":{"kategorija":"degviela","id":"node/367181741","adrese":"Brīvības iela 68, Gulbene","name":"Neste","brand":"Neste","opening_hours":"24/7"}},{"type":"Feature","geometry":{"type":"Point","coordinates":[23.721054,56.656439]},"properties":{"kategorija":"bankomats","id":"node/3674012225","adrese":"","name":"Swedbank","operator":"Swedbank","brand":"Swedbank"}},{"type":"Feature","geometry":{"type":"Point","coordinates":[23.707805,56.636425]},"properties":{"kategorija":"degviela","id":"node/368399843","adrese":"Rūpniecības iela 75A, Jelgava","name":"Virši Jelgava 3","operator":"Virši","brand":"Virši","website":"https://www.virsi.lv/"}},{"type":"Feature","geometry":{"type":"Point","coordinates":[24.243891,56.96733]},"properties":{"kategorija":"bankomats","id":"node/3695530829","adrese":"Hipokrāta iela 2, Rīga","name":"SEB","operator":"SEB","brand":"SEB","opening_hours":"Mo-Su 07:00-20:00"}},{"type":"Feature","geometry":{"type":"Point","coordinates":[24.121343,56.954826]},"properties":{"kategorija":"bankomats","id":"node/3716528267","adrese":"Dzirnavu iela 67, Rīga","name":"SEB","operator":"SEB","brand":"SEB","opening_hours":"Mo-Su 08:00-23:00"}},{"type":"Feature","geometry":{"type":"Point","coordinates":[24.133921,56.957006]},"properties":{"kategorija":"bankomats","id":"node/3718137707","adrese":"Matīsa iela 25, Rīga","name":"SEB","operator":"SEB","brand":"SEB","opening_hours":"24/7"}},{"type":"Feature","geometry":{"type":"Point","coordinates":[24.133891,56.957021]},"properties":{"kategorija":"bankomats","id":"node/3718137708","adrese":"Matīsa iela 25, Rīga","operator":"Luminor","opening_hours":"24/7"}},{"type":"Feature","geometry":{"type":"Point","coordinates":[24.216546,56.941036]},"properties":{"kategorija":"bankomats","id":"node/3731941421","adrese":"Ulbrokas iela 4, Rīga","operator":"Swedbank","opening_hours":"24/7"}},{"type":"Feature","geometry":{"type":"Point","coordinates":[25.904409,57.424166]},"properties":{"kategorija":"bankomats","id":"node/3741676814","adrese":"Baznīcas laukums 2, Smiltene","name":"Swedbank","operator":"Swedbank","brand":"Swedbank"}},{"type":"Feature","geometry":{"type":"Point","coordinates":[24.184287,56.978994]},"properties":{"kategorija":"bankomats","id":"node/3758808530","adrese":"Brīvības gatve 265, Rīga","brand":"Luminor","opening_hours":"24/7"}},{"type":"Feature","geometry":{"type":"Point","coordinates":[21.00341,56.53368]},"properties":{"kategorija":"bankomats","id":"node/3763414992","adrese":"Oskara Kalpaka iela 74, Liepāja","name":"Swedbank","operator":"Swedbank","brand":"Swedbank"}},{"type":"Feature","geometry":{"type":"Point","coordinates":[21.012169,56.535002]},"properties":{"kategorija":"bankomats","id":"node/3763418822","adrese":"Ziemeļu iela 13, Liepāja","name":"SEB","operator":"SEB","brand":"SEB"}},{"type":"Feature","geometry":{"type":"Point","coordinates":[21.562285,57.392995]},"properties":{"kategorija":"bankomats","id":"node/3773227581","adrese":"Lielā Dzirnavu iela 4, Ventspils","operator":"Luminor"}},{"type":"Feature","geometry":{"type":"Point","coordinates":[24.037127,56.960601]},"properties":{"kategorija":"bankomats","id":"node/3776171343","adrese":"Slokas iela 115, Rīga","name":"SEB","operator":"SEB","brand":"SEB","opening_hours":"Mo-Su 08:00-22:00"}},{"type":"Feature","geometry":{"type":"Point","coordinates":[24.035414,56.961729]},"properties":{"kategorija":"degviela","id":"node/3776173476","adrese":"Kurzemes prospekts 15A, Rīga","name":"Neste","brand":"Neste"}},{"type":"Feature","geometry":{"type":"Point","coordinates":[23.77009,56.96739]},"properties":{"kategorija":"bankomats","id":"node/3778242557","adrese":"Strēlnieku prospekts 1, Jūrmala","name":"Swedbank","operator":"Swedbank","brand":"Swedbank","opening_hours":"Mo-Su 08:00-22:00"}},{"type":"Feature","geometry":{"type":"Point","coordinates":[23.798135,56.972423]},"properties":{"kategorija":"bankomats","id":"node/3778462334","adrese":"Jomas iela 36, Jūrmala","name":"Luminor","operator":"Luminor"}},{"type":"Feature","geometry":{"type":"Point","coordinates":[24.317651,57.079052]},"properties":{"kategorija":"degviela","id":"node/389640635","adrese":"Rīgas gatve 45, Ādaži","name":"Virši","brand":"Virši"}},{"type":"Feature","geometry":{"type":"Point","coordinates":[27.05126,57.420991]},"properties":{"kategorija":"bankomats","id":"node/4027714131","adrese":"Tirgotāju iela 13, Alūksne","operator":"SEB","opening_hours":"24/7"}},{"type":"Feature","geometry":{"type":"Point","coordinates":[24.633805,56.973206]},"properties":{"kategorija":"bankomats","id":"node/403404655","adrese":"Ropaži","name":"Swedbank","operator":"Swedbank","brand":"Swedbank"}},{"type":"Feature","geometry":{"type":"Point","coordinates":[21.012229,56.463766]},"properties":{"kategorija":"degviela","id":"node/4044224233","adrese":"Grīnvalti","name":"Latvijas Nafta","brand":"Latvijas Nafta","opening_hours":"24/7","phone":"+371 63407116","website":"http://www.latvijasnafta.lv"}},{"type":"Feature","geometry":{"type":"Point","coordinates":[23.725327,56.64823]},"properties":{"kategorija":"bankomats","id":"node/4056515216","adrese":"Pasta iela 47, Jelgava","name":"Swedbank","operator":"Swedbank","brand":"Swedbank","opening_hours":"24/7"}},{"type":"Feature","geometry":{"type":"Point","coordinates":[25.903922,57.424043]},"properties":{"kategorija":"bankomats","id":"node/4084970533","adrese":"Baznīcas laukums 2, Smiltene","name":"SEB","operator":"SEB","brand":"SEB","opening_hours":"Mo-Su 08:00-22:00"}},{"type":"Feature","geometry":{"type":"Point","coordinates":[25.325649,57.896992]},"properties":{"kategorija":"bankomats","id":"node/4100227890","adrese":"","name":"Swedbank","operator":"Swedbank","brand":"Swedbank"}},{"type":"Feature","geometry":{"type":"Point","coordinates":[23.586835,56.842324]},"properties":{"kategorija":"degviela","id":"node/410619902","adrese":"Rīgas iela 3, Tīreļi","name":"Astarte Nafta","website":"https://astarte.lv"}},{"type":"Feature","geometry":{"type":"Point","coordinates":[26.526089,55.900422]},"properties":{"kategorija":"bankomats","id":"node/4110211245","adrese":"Raipoles iela 11A, Daugavpils","operator":"Luminor Bank","brand":"Luminor Bank","opening_hours":"24/7"}},{"type":"Feature","geometry":{"type":"Point","coordinates":[24.576126,56.817807]},"properties":{"kategorija":"bankomats","id":"node/4113470517","adrese":"Rīgas iela 33, Ogre","operator":"Luminor"}},{"type":"Feature","geometry":{"type":"Point","coordinates":[24.125301,56.958432]},"properties":{"kategorija":"bankomats","id":"node/4119166290","adrese":"Brīvības iela 78, Rīga","operator":"SEB","opening_hours":"24/7"}},{"type":"Feature","geometry":{"type":"Point","coordinates":[24.003267,56.947977]},"properties":{"kategorija":"bankomats","id":"node/4132111950","adrese":"Ruses iela 5, Rīga","name":"SEB","operator":"SEB","brand":"SEB","opening_hours":"24/7"}},{"type":"Feature","geometry":{"type":"Point","coordinates":[26.521515,55.873976]},"properties":{"kategorija":"bankomats","id":"node/4138956613","adrese":"","name":"Swedbank","operator":"Swedbank","brand":"Swedbank","opening_hours":"24/7"}},{"type":"Feature","geometry":{"type":"Point","coordinates":[24.194143,56.947553]},"properties":{"kategorija":"bankomats","id":"node/4141286092","adrese":"Augusta Deglava iela 110, Rīga","name":"SEB","operator":"SEB","brand":"SEB","opening_hours":"Mo-Su 08:00-22:00"}},{"type":"Feature","geometry":{"type":"Point","coordinates":[24.336259,56.854617]},"properties":{"kategorija":"bankomats","id":"node/4144300043","adrese":"Skolas iela 4E, Salaspils","operator":"Luminor","brand":"Luminor Bank","opening_hours":"24/7"}},{"type":"Feature","geometry":{"type":"Point","coordinates":[23.771411,56.963211]},"properties":{"kategorija":"degviela","id":"node/4146397916","adrese":"Slokas iela 46, Jūrmala","name":"LPG","operator":"Latvijas Propāna gāze","opening_hours":"8:00-20:00"}},{"type":"Feature","geometry":{"type":"Point","coordinates":[24.317329,57.080538]},"properties":{"kategorija":"bankomats","id":"node/4156871189","adrese":"Rīgas gatve 51, Ādaži","name":"SEB","operator":"SEB","brand":"SEB","opening_hours":"Mo-Su 08:00-22:00"}},{"type":"Feature","geometry":{"type":"Point","coordinates":[24.185978,56.958394]},"properties":{"kategorija":"bankomats","id":"node/4158340794","adrese":"Stirnu iela 26, Rīga","operator":"Luminor","brand":"Luminor Bank","opening_hours":"Mo-Su 08:00-23:00"}},{"type":"Feature","geometry":{"type":"Point","coordinates":[21.607118,56.718855]},"properties":{"kategorija":"bankomats","id":"node/4162831391","adrese":"Zvaigžņu iela 2, Aizpute","operator":"Swedbank","brand":"Swedbank","opening_hours":"24/7"}},{"type":"Feature","geometry":{"type":"Point","coordinates":[21.606738,56.71874]},"properties":{"kategorija":"bankomats","id":"node/4162841889","adrese":"Zvaigžņu iela 2, Aizpute","name":"SEB","operator":"SEB","brand":"SEB","opening_hours":"Mo-Su 06:00-23:00"}},{"type":"Feature","geometry":{"type":"Point","coordinates":[24.065037,56.94531]},"properties":{"kategorija":"bankomats","id":"node/4166997989","adrese":"Melnsila iela 22, Rīga","operator":"Luminor"}},{"type":"Feature","geometry":{"type":"Point","coordinates":[24.187335,56.950182]},"properties":{"kategorija":"bankomats","id":"node/4168181399","adrese":"Augusta Deglava iela 67, Rīga","name":"Citadele"}},{"type":"Feature","geometry":{"type":"Point","coordinates":[24.187363,56.950257]},"properties":{"kategorija":"bankomats","id":"node/4168181418","adrese":"Augusta Deglava iela 67, Rīga","name":"Swedbank","operator":"Swedbank","brand":"Swedbank"}},{"type":"Feature","geometry":{"type":"Point","coordinates":[25.693268,56.610616]},"properties":{"kategorija":"degviela","id":"node/417021448","adrese":"Rīgas iela 31, Pļaviņas","name":"Virši","operator":"SIA “Virši-A”","brand":"Virši"}},{"type":"Feature","geometry":{"type":"Point","coordinates":[25.852094,56.518055]},"properties":{"kategorija":"degviela","id":"node/417078525","adrese":"Rīgas iela 247, Jēkabpils","name":"Neste","brand":"Neste"}},{"type":"Feature","geometry":{"type":"Point","coordinates":[25.930414,56.513134]},"properties":{"kategorija":"degviela","id":"node/417161545","adrese":"Zīlānu iela 145, Zīlāni","name":"Virši-A","brand":"Virši"}},{"type":"Feature","geometry":{"type":"Point","coordinates":[26.933769,56.564769]},"properties":{"kategorija":"degviela","id":"node/417640845","adrese":"Rīgas iela 52, Viļāni","name":"Viada","operator":"VIADA Baltija AS","brand":"Viada"}},{"type":"Feature","geometry":{"type":"Point","coordinates":[27.320503,56.51923]},"properties":{"kategorija":"degviela","id":"node/417997614","adrese":"Rīgas iela 47A, Rēzekne","name":"Kool","opening_hours":"Mo-Su 06:00-22:00","website":"http://kool.lv"}},{"type":"Feature","geometry":{"type":"Point","coordinates":[27.329934,56.498719]},"properties":{"kategorija":"degviela","id":"node/418065678","adrese":"Daugavpils iela 3, Rēzekne","name":"Viada"}},{"type":"Feature","geometry":{"type":"Point","coordinates":[27.330141,56.498669]},"properties":{"kategorija":"degviela","id":"node/418065679","adrese":"Daugavpils iela 3, Rēzekne","name":"Viada","operator":"VIADA Baltija AS","brand":"Viada"}},{"type":"Feature","geometry":{"type":"Point","coordinates":[27.341085,56.524251]},"properties":{"kategorija":"degviela","id":"node/418397456","adrese":"Atbrīvošanas aleja 143B, Rēzekne","name":"Circle K"}},{"type":"Feature","geometry":{"type":"Point","coordinates":[26.610638,56.731785]},"properties":{"kategorija":"degviela","id":"node/418851106","adrese":"Brīvības iela 30, Barkava"}},{"type":"Feature","geometry":{"type":"Point","coordinates":[24.232913,56.831732]},"properties":{"kategorija":"bankomats","id":"node/420039057","adrese":"Rīgas iela 22A, Ķekava","name":"Luminor Bank","operator":"Luminor Bank","brand":"Luminor Bank"}},{"type":"Feature","geometry":{"type":"Point","coordinates":[26.524815,55.871151]},"properties":{"kategorija":"bankomats","id":"node/4209509999","adrese":"Viestura iela 10, Daugavpils","operator":"Luminor","opening_hours":"24/7"}},{"type":"Feature","geometry":{"type":"Point","coordinates":[26.525067,55.871138]},"properties":{"kategorija":"bankomats","id":"node/4209521691","adrese":"Viestura iela 10, Daugavpils","name":"Swedbank","operator":"Swedbank","brand":"Swedbank","opening_hours":"24/7"}},{"type":"Feature","geometry":{"type":"Point","coordinates":[26.518362,55.873501]},"properties":{"kategorija":"bankomats","id":"node/4209521692","adrese":"Cietokšņa iela 60, Daugavpils","operator":"Citadele","opening_hours":"Mo-Su 08:00-22:00"}},{"type":"Feature","geometry":{"type":"Point","coordinates":[26.518298,55.873565]},"properties":{"kategorija":"bankomats","id":"node/4209531691","adrese":"Cietokšņa iela 60, Daugavpils","name":"SEB","operator":"SEB","brand":"SEB","opening_hours":"Mo-Su 08:00-22:00"}},{"type":"Feature","geometry":{"type":"Point","coordinates":[26.518136,55.873518]},"properties":{"kategorija":"bankomats","id":"node/4209531692","adrese":"Cietokšņa iela 60, Daugavpils","name":"Luminor Bank","operator":"Luminor Bank","brand":"Luminor Bank","opening_hours":"Mo-Su 08:00-22:00"}},{"type":"Feature","geometry":{"type":"Point","coordinates":[26.51783,55.871652]},"properties":{"kategorija":"bankomats","id":"node/4209559353","adrese":"Rīgas iela 9, Daugavpils","name":"Swedbank","operator":"Swedbank","brand":"Swedbank","opening_hours":"Mo-Su 08:00-22:00"}},{"type":"Feature","geometry":{"type":"Point","coordinates":[26.518272,55.87187]},"properties":{"kategorija":"bankomats","id":"node/4209578629","adrese":"Rīgas iela 9, Daugavpils","name":"SEB","operator":"SEB","brand":"SEB","opening_hours":"Mo-Su 08:00-22:00"}},{"type":"Feature","geometry":{"type":"Point","coordinates":[25.28111,57.317088]},"properties":{"kategorija":"bankomats","id":"node/4210655812","adrese":"Valmieras iela 17A, Cēsis","name":"Luminor","operator":"Luminor"}},{"type":"Feature","geometry":{"type":"Point","coordinates":[24.168585,56.964516]},"properties":{"kategorija":"degviela","id":"node/4213836127","adrese":"Gustava Zemgala gatve 13, Rīga","name":"Latvijas Propāna Gāze","brand":"Latvijas Propāna Gāze","opening_hours":"24/7"}},{"type":"Feature","geometry":{"type":"Point","coordinates":[24.124707,56.952108]},"properties":{"kategorija":"bankomats","id":"node/4233580492","adrese":"Pērses iela 2, Rīga","name":"Luminor Bank","operator":"Luminor Bank","brand":"Luminor Bank","opening_hours":"24/7"}},{"type":"Feature","geometry":{"type":"Point","coordinates":[24.584718,56.816769]},"properties":{"kategorija":"bankomats","id":"node/4235771197","adrese":"Rīgas iela 23, Ogre","operator":"Citadele"}},{"type":"Feature","geometry":{"type":"Point","coordinates":[23.157954,56.967684]},"properties":{"kategorija":"bankomats","id":"node/4252703002","adrese":"Pasta iela 14, Tukums","operator":"Swedbank","brand":"Swedbank"}},{"type":"Feature","geometry":{"type":"Point","coordinates":[23.76022,56.667864]},"properties":{"kategorija":"bankomats","id":"node/4266216391","adrese":"Rīgas iela 48, Jelgava","operator":"Luminor Bank","brand":"Luminor Bank","opening_hours":"08:00-22:00"}},{"type":"Feature","geometry":{"type":"Point","coordinates":[23.761077,56.66799]},"properties":{"kategorija":"bankomats","id":"node/4266222590","adrese":"Rīgas iela 48, Jelgava","name":"Swedbank","operator":"Swedbank","brand":"Swedbank"}},{"type":"Feature","geometry":{"type":"Point","coordinates":[24.037749,56.953982]},"properties":{"kategorija":"bankomats","id":"node/4267748683","adrese":"Kurzemes prospekts 1A, Rīga","name":"SEB","operator":"SEB","opening_hours":"08:00-23:00"}},{"type":"Feature","geometry":{"type":"Point","coordinates":[24.037751,56.953994]},"properties":{"kategorija":"bankomats","id":"node/4267748685","adrese":"Kurzemes prospekts 1A, Rīga","name":"Luminor","operator":"Luminor Bank","brand":"Luminor Bank","opening_hours":"08:00-23:00"}},{"type":"Feature","geometry":{"type":"Point","coordinates":[24.167231,56.963285]},"properties":{"kategorija":"bankomats","id":"node/4280465497","adrese":"Dzelzavas iela 6A, Rīga","operator":"Swedbank","brand":"Swedbank"}},{"type":"Feature","geometry":{"type":"Point","coordinates":[23.287113,56.626118]},"properties":{"kategorija":"bankomats","id":"node/4293263191","adrese":"Brīvības iela 30, Dobele","operator":"Citadele"}},{"type":"Feature","geometry":{"type":"Point","coordinates":[23.286952,56.626455]},"properties":{"kategorija":"bankomats","id":"node/4293264591","adrese":"Brīvības iela 30, Dobele","operator":"SEB","opening_hours":"Mo-Su 08:00-22:00"}},{"type":"Feature","geometry":{"type":"Point","coordinates":[24.167423,56.973232]},"properties":{"kategorija":"bankomats","id":"node/429346411","adrese":"Brīvības gatve 232, Rīga","operator":"SEB","opening_hours":"24/7"}},{"type":"Feature","geometry":{"type":"Point","coordinates":[24.109577,56.737505]},"properties":{"kategorija":"degviela","id":"node/429801110","adrese":"Mellupi","name":"Viada","operator":"VIADA Baltija AS","brand":"Viada","opening_hours":"24/7"}},{"type":"Feature","geometry":{"type":"Point","coordinates":[22.351335,57.510069]},"properties":{"kategorija":"bankomats","id":"node/429992090","adrese":"Talsu iela 1, Dundaga","operator":"SEB","opening_hours":"24/7"}},{"type":"Feature","geometry":{"type":"Point","coordinates":[24.114664,56.944953]},"properties":{"kategorija":"bankomats","id":"node/4307295141","adrese":"Prāgas iela 1, Rīga","operator":"Citadele","opening_hours":"05:00-24:00"}},{"type":"Feature","geometry":{"type":"Point","coordinates":[21.017186,56.524236]},"properties":{"kategorija":"bankomats","id":"node/4307308900","adrese":"Rīgas iela 71, Liepāja","name":"Luminor Bank","operator":"Luminor Bank","brand":"Luminor Bank"}},{"type":"Feature","geometry":{"type":"Point","coordinates":[24.163546,56.966573]},"properties":{"kategorija":"bankomats","id":"node/4318830089","adrese":"Ieriķu iela 3, Rīga","name":"Swedbank","operator":"Swedbank","brand":"Swedbank"}},{"type":"Feature","geometry":{"type":"Point","coordinates":[22.35196,57.503286]},"properties":{"kategorija":"degviela","id":"node/432463918","adrese":"Talsu iela 21, Dundaga","name":"Viada","operator":"VIADA Baltija AS","brand":"Viada"}},{"type":"Feature","geometry":{"type":"Point","coordinates":[24.054673,56.904529]},"properties":{"kategorija":"bankomats","id":"node/4326745180","adrese":"Daugavas iela 31, Mārupe","operator":"Citadele"}},{"type":"Feature","geometry":{"type":"Point","coordinates":[24.119381,56.946738]},"properties":{"kategorija":"bankomats","id":"node/4329696387","adrese":"Stacijas laukums 2, Rīga","name":"SEB","operator":"SEB","brand":"SEB","opening_hours":"24/7"}},{"type":"Feature","geometry":{"type":"Point","coordinates":[24.119341,56.946738]},"properties":{"kategorija":"bankomats","id":"node/4329699762","adrese":"Stacijas laukums 2, Rīga","name":"Swedbank","operator":"Swedbank","brand":"Swedbank"}},{"type":"Feature","geometry":{"type":"Point","coordinates":[24.11928,56.946738]},"properties":{"kategorija":"bankomats","id":"node/4329700766","adrese":"Stacijas laukums 2, Rīga","name":"Swedbank","operator":"Swedbank","brand":"Swedbank"}},{"type":"Feature","geometry":{"type":"Point","coordinates":[24.163277,56.966401]},"properties":{"kategorija":"bankomats","id":"node/4341303918","adrese":"Ieriķu iela 3, Rīga","name":"SEB","operator":"SEB","brand":"SEB","opening_hours":"Mo-Su 10:00-22:00"}},{"type":"Feature","geometry":{"type":"Point","coordinates":[24.24479,56.989526]},"properties":{"kategorija":"bankomats","id":"node/4347073598","adrese":"Juglas krastmala 2, Rīga","name":"Swedbank","operator":"Swedbank","brand":"Swedbank","opening_hours":"Mo-Su 08:00-23:00"}},{"type":"Feature","geometry":{"type":"Point","coordinates":[24.244829,56.989522]},"properties":{"kategorija":"bankomats","id":"node/4347154193","adrese":"Juglas krastmala 2, Rīga","operator":"Luminor","opening_hours":"Mo-Su 08:00-23:00"}},{"type":"Feature","geometry":{"type":"Point","coordinates":[24.105954,56.965503]},"properties":{"kategorija":"bankomats","id":"node/4348441492","adrese":"Pulkveža Brieža iela 33A, Rīga","name":"SEB","operator":"SEB","brand":"SEB","opening_hours":"Mo-Su 08:00-23:00"}},{"type":"Feature","geometry":{"type":"Point","coordinates":[24.105944,56.965448]},"properties":{"kategorija":"bankomats","id":"node/4348465191","adrese":"Pulkveža Brieža iela 33A, Rīga","operator":"Luminor"}},{"type":"Feature","geometry":{"type":"Point","coordinates":[26.044643,56.973407]},"properties":{"kategorija":"degviela","id":"node/435424872","adrese":"","name":"Virši-A","brand":"Virši"}},{"type":"Feature","geometry":{"type":"Point","coordinates":[26.196696,56.713869]},"properties":{"kategorija":"degviela","id":"node/435682141","adrese":"Ļaudona","name":"DUS Aibe"}},{"type":"Feature","geometry":{"type":"Point","coordinates":[24.721645,57.513095]},"properties":{"kategorija":"bankomats","id":"node/4358899795","adrese":"Cēsu iela 23, Limbaži","operator":"Luminor Bank","brand":"Luminor Bank"}},{"type":"Feature","geometry":{"type":"Point","coordinates":[26.175011,56.355011]},"properties":{"kategorija":"bankomats","id":"node/436631311","adrese":"Rīgas iela 89, Līvāni","name":"SEB","operator":"SEB","brand":"SEB","opening_hours":"Mo-Su 08:00-22:00"}},{"type":"Feature","geometry":{"type":"Point","coordinates":[24.029169,57.04074]},"properties":{"kategorija":"bankomats","id":"node/4366519271","adrese":"Parādes iela 8, Rīga","name":"Swedbank","operator":"Swedbank","brand":"Swedbank"}},{"type":"Feature","geometry":{"type":"Point","coordinates":[25.878148,56.495396]},"properties":{"kategorija":"bankomats","id":"node/4367639789","adrese":"Vienības iela 7, Jēkabpils","operator":"Citadele"}},{"type":"Feature","geometry":{"type":"Point","coordinates":[24.115589,56.957329]},"properties":{"kategorija":"bankomats","id":"node/4375290918","adrese":"Dzirnavu iela 43, Rīga","operator":"Citadele","opening_hours":"24/7"}},{"type":"Feature","geometry":{"type":"Point","coordinates":[24.414565,57.266566]},"properties":{"kategorija":"bankomats","id":"node/439390948","adrese":"Ainažu iela 20, Saulkrasti","name":"Swedbank","operator":"Swedbank","brand":"Swedbank"}},{"type":"Feature","geometry":{"type":"Point","coordinates":[24.117973,56.954915]},"properties":{"kategorija":"bankomats","id":"node/4395618693","adrese":"Elizabetes iela 55, Rīga","operator":"Swedbank","brand":"Swedbank","opening_hours":"24/7"}},{"type":"Feature","geometry":{"type":"Point","coordinates":[24.185973,56.948788]},"properties":{"kategorija":"degviela","id":"node/4410132192","adrese":"Jenotu iela 19, Rīga","name":"Straujupīte","opening_hours":"24/7"}},{"type":"Feature","geometry":{"type":"Point","coordinates":[25.424411,57.534055]},"properties":{"kategorija":"bankomats","id":"node/4432616093","adrese":"Fabrikas iela 2, Valmiera","name":"Swedbank","operator":"Swedbank","brand":"Swedbank","opening_hours":"24/7"}},{"type":"Feature","geometry":{"type":"Point","coordinates":[25.311418,57.328204]},"properties":{"kategorija":"degviela","id":"node/443974096","adrese":""}},{"type":"Feature","geometry":{"type":"Point","coordinates":[24.238801,56.959314]},"properties":{"kategorija":"bankomats","id":"node/444735629","adrese":"Hipokrāta iela 28, Rīga","operator":"Swedbank","brand":"Swedbank"}},{"type":"Feature","geometry":{"type":"Point","coordinates":[27.354573,56.526683]},"properties":{"kategorija":"bankomats","id":"node/4449789140","adrese":"Maskavas iela 16, Rēzekne","operator":"SEB","opening_hours":"24/7"}},{"type":"Feature","geometry":{"type":"Point","coordinates":[27.335737,56.514018]},"properties":{"kategorija":"bankomats","id":"node/4449789141","adrese":"Kr. Valdemāra iela 16A, Rēzekne","operator":"Swedbank","brand":"Swedbank"}},{"type":"Feature","geometry":{"type":"Point","coordinates":[27.686499,56.782222]},"properties":{"kategorija":"bankomats","id":"node/445038754","adrese":"Vienības iela 97, Kārsava","name":"Swedbank","operator":"Swedbank","brand":"Swedbank"}},{"type":"Feature","geometry":{"type":"Point","coordinates":[27.674936,56.787063]},"properties":{"kategorija":"bankomats","id":"node/445045000","adrese":"Vienības iela 53, Kārsava","operator":"GE Money Bank"}},{"type":"Feature","geometry":{"type":"Point","coordinates":[22.582599,57.243288]},"properties":{"kategorija":"degviela","id":"node/445385533","adrese":"Dundagas iela 1, Talsi","name":"Neste","brand":"Neste","opening_hours":"24/7"}},{"type":"Feature","geometry":{"type":"Point","coordinates":[24.117998,56.949494]},"properties":{"kategorija":"bankomats","id":"node/445460310","adrese":"Krišjāņa Barona iela 4, Rīga","name":"SEB","operator":"SEB","brand":"SEB","opening_hours":"24/7"}},{"type":"Feature","geometry":{"type":"Point","coordinates":[27.253025,57.139364]},"properties":{"kategorija":"degviela","id":"node/445828407","adrese":"Vidzemes iela 6, Balvi","name":"Ziemeļu nafta"}},{"type":"Feature","geometry":{"type":"Point","coordinates":[27.24625,57.141714]},"properties":{"kategorija":"degviela","id":"node/445828423","adrese":"Stacijas iela 32, Balvi","name":"KOOL Balvi","operator":"KOOL","brand":"KOOL"}},{"type":"Feature","geometry":{"type":"Point","coordinates":[27.245088,57.141455]},"properties":{"kategorija":"degviela","id":"node/445828425","adrese":"Stacijas iela 13, Balvi","name":"Viada","brand":"Viada","opening_hours":"24/7","phone":"+37167301550","website":"https://www.viada.lv/"}},{"type":"Feature","geometry":{"type":"Point","coordinates":[24.173946,56.934596]},"properties":{"kategorija":"bankomats","id":"node/4474922216","adrese":"Rēzeknes iela 3, Rīga","operator":"Swedbank","brand":"Swedbank","opening_hours":"Mo-Sa 09:00-21:00; Su 10:00-20:00"}},{"type":"Feature","geometry":{"type":"Point","coordinates":[24.175653,56.959304]},"properties":{"kategorija":"bankomats","id":"node/449106684","adrese":"Nīcgales iela 2A, Rīga","name":"Luminor bakomāts","operator":"Luminor Bank","brand":"Luminor Bank","opening_hours":"Mo-Fr 10:00-20:00, Sa 10:00-19:00, Su 10:00-17:00"}},{"type":"Feature","geometry":{"type":"Point","coordinates":[27.184362,55.887886]},"properties":{"kategorija":"degviela","id":"node/4501314789","adrese":"Rīgas iela 165A, Krāslava","name":"Virši Krāslava","operator":"Virši","brand":"Virši","opening_hours":"24/7","website":"https://www.virsi.lv/"}},{"type":"Feature","geometry":{"type":"Point","coordinates":[26.756815,57.173049]},"properties":{"kategorija":"bankomats","id":"node/4521168197","adrese":"Rīgas iela 47, Gulbene","operator":"Swedbank","brand":"Swedbank","opening_hours":"24/7"}},{"type":"Feature","geometry":{"type":"Point","coordinates":[22.476952,56.68317]},"properties":{"kategorija":"degviela","id":"node/452376128","adrese":"Apvedceļš 5, Saldus","name":"Neste Saldus I","operator":"SIA NESTE LATVIJA","brand":"Neste","opening_hours":"24/7","website":"https://www.neste.lv"}},{"type":"Feature","geometry":{"type":"Point","coordinates":[25.39499,57.547166]},"properties":{"kategorija":"degviela","id":"node/4553996636","adrese":"Patversmes iela 12, Valmiera","name":"Virši","brand":"Virši"}},{"type":"Feature","geometry":{"type":"Point","coordinates":[24.497063,56.837929]},"properties":{"kategorija":"bankomats","id":"node/457497898","adrese":"Skolas iela 4A, Ikšķile","name":"Swedbank","operator":"Swedbank","brand":"Swedbank"}},{"type":"Feature","geometry":{"type":"Point","coordinates":[21.97079,56.968501]},"properties":{"kategorija":"bankomats","id":"node/459529584","adrese":"","operator":"SEB","opening_hours":"24/7"}},{"type":"Feature","geometry":{"type":"Point","coordinates":[25.65317,56.905312]},"properties":{"kategorija":"degviela","id":"node/459798903","adrese":"Piebalgas iela 79, Ērgļi","name":"Viada","operator":"Viada","brand":"Viada","opening_hours":"24/7"}},{"type":"Feature","geometry":{"type":"Point","coordinates":[26.542472,55.879772]},"properties":{"kategorija":"degviela","id":"node/460016743","adrese":"Smilšu iela 32, Daugavpils","name":"Neste","operator":"Neste","brand":"Neste"}},{"type":"Feature","geometry":{"type":"Point","coordinates":[25.869412,56.495417]},"properties":{"kategorija":"bankomats","id":"node/4633493004","adrese":"","name":"Swedbank","operator":"Swedbank","brand":"Swedbank"}},{"type":"Feature","geometry":{"type":"Point","coordinates":[24.11687,56.965416]},"properties":{"kategorija":"degviela","id":"node/463757440","adrese":"Skanstes iela 7, Rīga","name":"Neste","operator":"Neste","brand":"Neste","opening_hours":"24/7"}},{"type":"Feature","geometry":{"type":"Point","coordinates":[24.146864,56.889287]},"properties":{"kategorija":"degviela","id":"node/4693683473","adrese":"Krustkalni","name":"Virši","brand":"Virši","opening_hours":"24/7","website":"http://www.virsia.lv"}},{"type":"Feature","geometry":{"type":"Point","coordinates":[23.228579,57.162397]},"properties":{"kategorija":"bankomats","id":"node/4705748487","adrese":"Jūras iela 62, Engure","name":"Swedbank","operator":"Swedbank","brand":"Swedbank","opening_hours":"24/7"}},{"type":"Feature","geometry":{"type":"Point","coordinates":[26.018076,57.78739]},"properties":{"kategorija":"degviela","id":"node/471562101","adrese":"Rūjienas iela 7, Valka","name":"Virši","brand":"Virši"}},{"type":"Feature","geometry":{"type":"Point","coordinates":[25.987148,57.759171]},"properties":{"kategorija":"degviela","id":"node/471562108","adrese":"Rīgas iela 80, Valka","name":"Virši","brand":"Virši"}},{"type":"Feature","geometry":{"type":"Point","coordinates":[26.011309,57.767544]},"properties":{"kategorija":"degviela","id":"node/471562126","adrese":"Vienības gatve 2, Valka","name":"Latvijas Propāna Gāze","opening_hours":"24/7","website":"https://www.lpg.lv"}},{"type":"Feature","geometry":{"type":"Point","coordinates":[27.171069,55.897448]},"properties":{"kategorija":"bankomats","id":"node/471622871","adrese":"Baznīcas iela 1, Krāslava","operator":"SEB","opening_hours":"24/7"}},{"type":"Feature","geometry":{"type":"Point","coordinates":[24.595493,56.821762]},"properties":{"kategorija":"bankomats","id":"node/472630004","adrese":"Mālkalnes prospekts 3, Ogre","name":"SEB","operator":"SEB","brand":"SEB","opening_hours":"24/7"}},{"type":"Feature","geometry":{"type":"Point","coordinates":[26.507005,55.878579]},"properties":{"kategorija":"degviela","id":"node/473143130","adrese":"Cietokšņa iela 80, Daugavpils","name":"Intergaz","operator":"InterGAZ"}},{"type":"Feature","geometry":{"type":"Point","coordinates":[24.60291,56.825475]},"properties":{"kategorija":"bankomats","id":"node/473481265","adrese":"Mednieku iela 21/23, Ogre","name":"Swedbank","operator":"Swedbank","brand":"Swedbank"}},{"type":"Feature","geometry":{"type":"Point","coordinates":[26.517066,55.871022]},"properties":{"kategorija":"bankomats","id":"node/474748337","adrese":"Rīgas iela 22A, Daugavpils","name":"Swedbank","operator":"Swedbank","brand":"Swedbank","opening_hours":"24/7"}},{"type":"Feature","geometry":{"type":"Point","coordinates":[26.520413,55.875295]},"properties":{"kategorija":"bankomats","id":"node/474748362","adrese":"Cietokšņa iela 60, Daugavpils","name":"Swedbank","operator":"Swedbank","brand":"Swedbank"}},{"type":"Feature","geometry":{"type":"Point","coordinates":[24.120366,56.952148]},"properties":{"kategorija":"bankomats","id":"node/476268567","adrese":"","name":"Swedbank","operator":"Swedbank","brand":"Swedbank","opening_hours":"24/7"}},{"type":"Feature","geometry":{"type":"Point","coordinates":[24.089302,56.94909]},"properties":{"kategorija":"bankomats","id":"node/476270199","adrese":"Balasta dambis 15, Rīga","name":"Swedbank","operator":"Swedbank","brand":"Swedbank","opening_hours":"24/7"}},{"type":"Feature","geometry":{"type":"Point","coordinates":[24.082975,56.949531]},"properties":{"kategorija":"bankomats","id":"node/476270527","adrese":"Āzenes iela 5, Rīga","name":"Swedbank","operator":"Swedbank","brand":"Swedbank","opening_hours":"08:00-22:00"}},{"type":"Feature","geometry":{"type":"Point","coordinates":[24.117083,56.946157]},"properties":{"kategorija":"bankomats","id":"node/476292699","adrese":"13. janvāra iela 8, Rīga","name":"SEB","operator":"SEB","brand":"SEB","opening_hours":"Mo-Su 09:00-22:00"}},{"type":"Feature","geometry":{"type":"Point","coordinates":[24.120888,56.946854]},"properties":{"kategorija":"bankomats","id":"node/476292702","adrese":"Stacijas laukums 2, Rīga","name":"Luminor","operator":"Luminor"}},{"type":"Feature","geometry":{"type":"Point","coordinates":[24.130023,56.995518]},"properties":{"kategorija":"bankomats","id":"node/4769735558","adrese":"Tilta iela 32, Rīga","name":"Swedbank","operator":"Swedbank","brand":"Swedbank"}},{"type":"Feature","geometry":{"type":"Point","coordinates":[24.110677,56.924907]},"properties":{"kategorija":"degviela","id":"node/478932958","adrese":"Lucavsalas iela 1, Rīga","name":"Neste","operator":"Neste","brand":"Neste","opening_hours":"PH,Mo-Su 00:00-24:00"}},{"type":"Feature","geometry":{"type":"Point","coordinates":[27.347546,56.534941]},"properties":{"kategorija":"degviela","id":"node/4791765321","adrese":"","name":"Neste","opening_hours":"24/7"}},{"type":"Feature","geometry":{"type":"Point","coordinates":[24.60457,56.81703]},"properties":{"kategorija":"bankomats","id":"node/479364206","adrese":"Brīvības iela 15A, Ogre","operator":"SEB","brand":"SEB"}},{"type":"Feature","geometry":{"type":"Point","coordinates":[24.07255,56.945251]},"properties":{"kategorija":"bankomats","id":"node/479369461","adrese":"","name":"Swedbank","operator":"Swedbank","brand":"Swedbank","opening_hours":"24/7"}},{"type":"Feature","geometry":{"type":"Point","coordinates":[24.114884,56.944985]},"properties":{"kategorija":"bankomats","id":"node/479371493","adrese":"Prāgas iela 1, Rīga","name":"Swedbank","operator":"Swedbank","brand":"Swedbank","opening_hours":"05:00-24:00"}},{"type":"Feature","geometry":{"type":"Point","coordinates":[24.132417,56.950024]},"properties":{"kategorija":"bankomats","id":"node/479382407","adrese":"","name":"Swedbank","operator":"Swedbank","brand":"Swedbank","opening_hours":"24/7","phone":"+371 674 44444","website":"https://www.swedbank.lv/"}},{"type":"Feature","geometry":{"type":"Point","coordinates":[24.145894,56.957726]},"properties":{"kategorija":"bankomats","id":"node/479390701","adrese":"Tallinas iela 76, Rīga","name":"Swedbank","operator":"Swedbank","brand":"Swedbank","opening_hours":"24/7"}},{"type":"Feature","geometry":{"type":"Point","coordinates":[24.133214,56.957353]},"properties":{"kategorija":"bankomats","id":"node/479392879","adrese":"Matīsa iela 23, Rīga","operator":"Swedbank","brand":"Swedbank","opening_hours":"07:00-22:00"}},{"type":"Feature","geometry":{"type":"Point","coordinates":[24.133067,56.954673]},"properties":{"kategorija":"bankomats","id":"node/479397426","adrese":"Aleksandra Čaka iela 55, Rīga","operator":"Swedbank","brand":"Swedbank","opening_hours":"Mo-Su 08:00-22:00"}},{"type":"Feature","geometry":{"type":"Point","coordinates":[24.231931,56.832043]},"properties":{"kategorija":"bankomats","id":"node/4799886821","adrese":"Rīgas iela 22A, Ķekava","name":"Swedbank","operator":"Swedbank","brand":"Swedbank"}},{"type":"Feature","geometry":{"type":"Point","coordinates":[24.12176,56.964362]},"properties":{"kategorija":"bankomats","id":"node/4826756026","adrese":"Vesetas iela 7, Rīga"}},{"type":"Feature","geometry":{"type":"Point","coordinates":[25.326043,57.896837]},"properties":{"kategorija":"bankomats","id":"node/483616506","adrese":"Rīgas iela 2, Rūjiena","name":"Swedbank","operator":"Swedbank","brand":"Swedbank"}},{"type":"Feature","geometry":{"type":"Point","coordinates":[25.423841,57.538463]},"properties":{"kategorija":"bankomats","id":"node/483616518","adrese":"Rīgas iela 4, Valmiera","name":"Swedbank","operator":"Swedbank","brand":"Swedbank"}},{"type":"Feature","geometry":{"type":"Point","coordinates":[25.429945,57.531108]},"properties":{"kategorija":"bankomats","id":"node/483616520","adrese":"Stacijas iela 11, Valmiera","name":"Swedbank","operator":"Swedbank","brand":"Swedbank"}},{"type":"Feature","geometry":{"type":"Point","coordinates":[24.687015,57.097945]},"properties":{"kategorija":"bankomats","id":"node/483616545","adrese":"Atmodas iela 4, Inčukalns","name":"Swedbank","operator":"Swedbank","brand":"Swedbank"}},{"type":"Feature","geometry":{"type":"Point","coordinates":[25.288624,57.320184]},"properties":{"kategorija":"bankomats","id":"node/483616556","adrese":"Valmieras iela 27, Cēsis","name":"Swedbank","operator":"Swedbank"}},{"type":"Feature","geometry":{"type":"Point","coordinates":[25.292608,57.314794]},"properties":{"kategorija":"bankomats","id":"node/483616558","adrese":"Jāņa Poruka iela 19, Cēsis","name":"Swedbank","operator":"Swedbank","brand":"Swedbank","opening_hours":"Mo-Su 08:00-22:00"}},{"type":"Feature","geometry":{"type":"Point","coordinates":[24.844672,57.14223]},"properties":{"kategorija":"bankomats","id":"node/483616560","adrese":"Ventas iela 1, Sigulda","name":"Swedbank","operator":"Swedbank","brand":"Swedbank","opening_hours":"24/7"}},{"type":"Feature","geometry":{"type":"Point","coordinates":[25.340087,57.520015]},"properties":{"kategorija":"bankomats","id":"node/483616575","adrese":"Alejas iela 8, Kocēni","name":"Swedbank","operator":"Swedbank","brand":"Swedbank"}},{"type":"Feature","geometry":{"type":"Point","coordinates":[25.384633,57.518941]},"properties":{"kategorija":"bankomats","id":"node/483616577","adrese":"Jumaras iela 195, Valmiera","name":"Swedbank","operator":"Swedbank","brand":"Swedbank"}},{"type":"Feature","geometry":{"type":"Point","coordinates":[24.132072,56.986944]},"properties":{"kategorija":"bankomats","id":"node/483616581","adrese":"Duntes iela 19A, Rīga","operator":"Swedbank"}},{"type":"Feature","geometry":{"type":"Point","coordinates":[25.419188,57.389343]},"properties":{"kategorija":"bankomats","id":"node/483616592","adrese":"Rūpnīcas iela 1, Liepa","name":"Swedbank","operator":"Swedbank"}},{"type":"Feature","geometry":{"type":"Point","coordinates":[25.277928,57.314361]},"properties":{"kategorija":"bankomats","id":"node/483616595","adrese":"Uzvaras bulvāris 10, Cēsis","name":"Swedbank","operator":"Swedbank","brand":"Swedbank","opening_hours":"24/7"}},{"type":"Feature","geometry":{"type":"Point","coordinates":[24.105947,56.96548]},"properties":{"kategorija":"bankomats","id":"node/483616601","adrese":"Pulkveža Brieža iela 33A, Rīga","name":"Swedbank","operator":"Swedbank","brand":"Swedbank"}},{"type":"Feature","geometry":{"type":"Point","coordinates":[24.121565,56.968359]},"properties":{"kategorija":"bankomats","id":"node/483616613","adrese":"Skanstes iela 21, Rīga","operator":"Swedbank"}},{"type":"Feature","geometry":{"type":"Point","coordinates":[24.245197,56.989762]},"properties":{"kategorija":"bankomats","id":"node/483616617","adrese":"Juglas iela 2C, Rīga","name":"Swedbank","operator":"Swedbank","brand":"Swedbank","opening_hours":"24/7"}},{"type":"Feature","geometry":{"type":"Point","coordinates":[24.000704,56.940002]},"properties":{"kategorija":"bankomats","id":"node/483616624","adrese":"Kārļa Ulmaņa gatve 122, Rīga","name":"Swedbank","operator":"Swedbank","brand":"Swedbank"}},{"type":"Feature","geometry":{"type":"Point","coordinates":[24.079471,56.955021]},"properties":{"kategorija":"bankomats","id":"node/483616633","adrese":"Ķīpsalas iela 8, Rīga","name":"Swedbank","operator":"Swedbank","brand":"Swedbank"}},{"type":"Feature","geometry":{"type":"Point","coordinates":[24.232101,56.969148]},"properties":{"kategorija":"bankomats","id":"node/483616637","adrese":"Sergeja Eizenšteina iela 29, Rīga","name":"Swedbank","operator":"Swedbank","brand":"Swedbank"}},{"type":"Feature","geometry":{"type":"Point","coordinates":[24.103025,56.926613]},"properties":{"kategorija":"bankomats","id":"node/483616642","adrese":"Mūkusalas iela 71, Rīga","operator":"Swedbank","brand":"Swedbank","opening_hours":"Mo-Sa 10:00-21:00; Su 10:00-20:00","phone":"+371 67446200","atm":"yes"}},{"type":"Feature","geometry":{"type":"Point","coordinates":[24.194042,56.947562]},"properties":{"kategorija":"bankomats","id":"node/483616651","adrese":"Augusta Deglava iela 110, Rīga","name":"Swedbank","operator":"Swedbank","brand":"Swedbank","opening_hours":"Mo-Su 08:00-23:00"}},{"type":"Feature","geometry":{"type":"Point","coordinates":[24.202348,56.933233]},"properties":{"kategorija":"bankomats","id":"node/483616657","adrese":"Andreja Saharova iela 2, Rīga","name":"Swedbank","operator":"Swedbank","brand":"Swedbank"}},{"type":"Feature","geometry":{"type":"Point","coordinates":[24.037589,56.929375]},"properties":{"kategorija":"bankomats","id":"node/483616659","adrese":"Jaunmoku iela 21, Rīga","operator":"Swedbank"}},{"type":"Feature","geometry":{"type":"Point","coordinates":[24.161413,56.966386]},"properties":{"kategorija":"bankomats","id":"node/483616669","adrese":"Ieriķu iela 3, Rīga","name":"Swedbank","operator":"Swedbank","brand":"Swedbank"}},{"type":"Feature","geometry":{"type":"Point","coordinates":[24.16354,56.966594]},"properties":{"kategorija":"bankomats","id":"node/483616671","adrese":"Ieriķu iela 3, Rīga","name":"Swedbank","operator":"Swedbank","brand":"Swedbank"}},{"type":"Feature","geometry":{"type":"Point","coordinates":[24.039136,56.926128]},"properties":{"kategorija":"bankomats","id":"node/483616673","adrese":"Upesgrīvas iela 1, Mārupe","name":"Swedbank","operator":"Swedbank"}},{"type":"Feature","geometry":{"type":"Point","coordinates":[24.186135,56.958519]},"properties":{"kategorija":"bankomats","id":"node/483616676","adrese":"Stirnu iela 26, Rīga","operator":"Swedbank","brand":"Swedbank","opening_hours":"Mo-Su 08:00-23:00"}},{"type":"Feature","geometry":{"type":"Point","coordinates":[24.130546,56.98791]},"properties":{"kategorija":"bankomats","id":"node/483616682","adrese":"Dambja iela 10, Rīga","operator":"Swedbank"}},{"type":"Feature","geometry":{"type":"Point","coordinates":[24.202314,56.982931]},"properties":{"kategorija":"bankomats","id":"node/483616684","adrese":"Brīvības gatve 372, Rīga","operator":"Swedbank","brand":"Swedbank"}},{"type":"Feature","geometry":{"type":"Point","coordinates":[24.04839,57.034]},"properties":{"kategorija":"bankomats","id":"node/4837055041","adrese":"Gobas iela 13, Rīga","name":"Swedbank","operator":"Swedbank","brand":"Swedbank"}},{"type":"Feature","geometry":{"type":"Point","coordinates":[23.699518,56.656484]},"properties":{"kategorija":"bankomats","id":"node/484148698","adrese":"Satiksmes iela 35, Jelgava","name":"Swedbank","operator":"Swedbank","brand":"Swedbank"}},{"type":"Feature","geometry":{"type":"Point","coordinates":[23.720492,56.65036]},"properties":{"kategorija":"bankomats","id":"node/484153430","adrese":"Mātera iela 23/25, Jelgava","name":"Swedbank","operator":"Swedbank","brand":"Swedbank"}},{"type":"Feature","geometry":{"type":"Point","coordinates":[23.723943,56.650823]},"properties":{"kategorija":"bankomats","id":"node/484153431","adrese":"Driksas iela 4, Jelgava","name":"Swedbank","operator":"Swedbank","brand":"Swedbank"}},{"type":"Feature","geometry":{"type":"Point","coordinates":[23.726611,56.647628]},"properties":{"kategorija":"bankomats","id":"node/484153435","adrese":"Katoļu iela 18, Jelgava","name":"Swedbank","operator":"Swedbank","brand":"Swedbank"}},{"type":"Feature","geometry":{"type":"Point","coordinates":[23.759198,56.668552]},"properties":{"kategorija":"bankomats","id":"node/484153439","adrese":"Rīgas iela 53B, Jelgava","name":"Swedbank","operator":"Swedbank","brand":"Swedbank"}},{"type":"Feature","geometry":{"type":"Point","coordinates":[24.112949,56.947681]},"properties":{"kategorija":"bankomats","id":"node/484153944","adrese":"Audēju iela 16, Rīga","name":"Swedbank","operator":"Swedbank","brand":"Swedbank"}},{"type":"Feature","geometry":{"type":"Point","coordinates":[24.105679,56.958697]},"properties":{"kategorija":"bankomats","id":"node/484154087","adrese":"Strēlnieku iela 1, Rīga","name":"Swedbank","operator":"Swedbank","brand":"Swedbank","opening_hours":"24/7"}},{"type":"Feature","geometry":{"type":"Point","coordinates":[24.173029,56.944898]},"properties":{"kategorija":"bankomats","id":"node/484160010","adrese":"Nīcgales iela 53, Rīga","name":"Swedbank","operator":"Swedbank","brand":"Swedbank","opening_hours":"24/7"}},{"type":"Feature","geometry":{"type":"Point","coordinates":[24.052307,56.955325]},"properties":{"kategorija":"bankomats","id":"node/484161368","adrese":"Dzirciema iela 31A, Rīga","name":"Swedbank","operator":"Swedbank","brand":"Swedbank"}},{"type":"Feature","geometry":{"type":"Point","coordinates":[24.060008,56.968814]},"properties":{"kategorija":"bankomats","id":"node/484161801","adrese":"Lidoņu iela 27 k-1, Rīga","name":"Swedbank","operator":"Swedbank","brand":"Swedbank","opening_hours":"24/7"}},{"type":"Feature","geometry":{"type":"Point","coordinates":[24.022272,56.962307]},"properties":{"kategorija":"bankomats","id":"node/484162675","adrese":"Kleistu iela 9, Rīga","name":"Swedbank","operator":"Swedbank","brand":"Swedbank","opening_hours":"24/7"}},{"type":"Feature","geometry":{"type":"Point","coordinates":[24.037779,56.960689]},"properties":{"kategorija":"bankomats","id":"node/484163556","adrese":"Slokas iela 115, Rīga","operator":"Swedbank","brand":"Swedbank"}},{"type":"Feature","geometry":{"type":"Point","coordinates":[24.009408,56.965933]},"properties":{"kategorija":"bankomats","id":"node/484164277","adrese":"Dammes iela 46, Rīga","name":"Swedbank","operator":"Swedbank","brand":"Swedbank"}},{"type":"Feature","geometry":{"type":"Point","coordinates":[24.210799,56.897529]},"properties":{"kategorija":"bankomats","id":"node/484167539","adrese":"Latgales iela 427B, Rīga","operator":"Swedbank"}},{"type":"Feature","geometry":{"type":"Point","coordinates":[24.191627,56.905514]},"properties":{"kategorija":"bankomats","id":"node/484167864","adrese":"Latgales iela 357, Rīga","name":"Swedbank","operator":"Swedbank","brand":"Swedbank"}},{"type":"Feature","geometry":{"type":"Point","coordinates":[24.126047,56.940694]},"properties":{"kategorija":"bankomats","id":"node/484168350","adrese":"Elijas iela 17, Rīga","name":"Swedbank","operator":"Swedbank","brand":"Swedbank"}},{"type":"Feature","geometry":{"type":"Point","coordinates":[24.202831,56.938991]},"properties":{"kategorija":"bankomats","id":"node/484172298","adrese":"Andreja Saharova iela 23A, Rīga","name":"Swedbank","operator":"Swedbank","brand":"Swedbank"}},{"type":"Feature","geometry":{"type":"Point","coordinates":[24.206232,56.941009]},"properties":{"kategorija":"bankomats","id":"node/484172906","adrese":"Andreja Saharova iela 20A, Rīga","name":"Swedbank","operator":"Swedbank","brand":"Swedbank"}},{"type":"Feature","geometry":{"type":"Point","coordinates":[24.17249,56.95108]},"properties":{"kategorija":"bankomats","id":"node/484172907","adrese":"Augusta Deglava iela 45, Rīga","name":"Swedbank","operator":"Swedbank","brand":"Swedbank","opening_hours":"24/7"}},{"type":"Feature","geometry":{"type":"Point","coordinates":[24.184166,56.978766]},"properties":{"kategorija":"bankomats","id":"node/484175567","adrese":"Brīvības gatve 263, Rīga","operator":"Swedbank","opening_hours":"24/7"}},{"type":"Feature","geometry":{"type":"Point","coordinates":[24.108986,57.031809]},"properties":{"kategorija":"bankomats","id":"node/484176426","adrese":"Augusta Dombrovska iela 23, Rīga","name":"Swedbank","operator":"Swedbank","brand":"Swedbank","opening_hours":"Mo-Su 08:00-23:00","phone":"+371 674 44444","website":"https://www.swedbank.lv/"}},{"type":"Feature","geometry":{"type":"Point","coordinates":[24.087115,56.910128]},"properties":{"kategorija":"bankomats","id":"node/484177662","adrese":"Vienības gatve 144, Rīga","name":"Swedbank","operator":"Swedbank","brand":"Swedbank","opening_hours":"24/7","website":"https://www.swedbank.lv/"}},{"type":"Feature","geometry":{"type":"Point","coordinates":[24.14585,56.911319]},"properties":{"kategorija":"bankomats","id":"node/484177663","adrese":"Bauskas iela 180, Rīga","name":"Swedbank","operator":"Swedbank","brand":"Swedbank"}},{"type":"Feature","geometry":{"type":"Point","coordinates":[24.181705,56.938738]},"properties":{"kategorija":"degviela","id":"node/484795371","adrese":"Dārzciema iela 62, Rīga","name":"Viada","operator":"Viada Baltija","brand":"Viada","opening_hours":"24/7"}},{"type":"Feature","geometry":{"type":"Point","coordinates":[24.161883,56.974753]},"properties":{"kategorija":"bankomats","id":"node/4849374411","adrese":"Brīvības gatve 201, Rīga","operator":"Citadele","brand":"Citadele","opening_hours":"Mo-Su 10:00-22:00"}},{"type":"Feature","geometry":{"type":"Point","coordinates":[24.116996,56.946134]},"properties":{"kategorija":"bankomats","id":"node/485656712","adrese":"13. janvāra iela 8, Rīga","name":"Luminor Bank","operator":"Luminor Bank","brand":"Luminor Bank"}},{"type":"Feature","geometry":{"type":"Point","coordinates":[24.117043,56.946148]},"properties":{"kategorija":"bankomats","id":"node/485656713","adrese":"13. janvāra iela 8, Rīga","name":"Swedbank","operator":"Swedbank","brand":"Swedbank"}},{"type":"Feature","geometry":{"type":"Point","coordinates":[24.195554,56.408064]},"properties":{"kategorija":"bankomats","id":"node/486876886","adrese":"Slimnīcas iela 7, Bauska","name":"Swedbank","operator":"Swedbank","brand":"Swedbank"}},{"type":"Feature","geometry":{"type":"Point","coordinates":[26.517663,55.873663]},"properties":{"kategorija":"bankomats","id":"node/486878636","adrese":"Cietokšņa iela 60, Daugavpils","name":"Swedbank","operator":"Swedbank","brand":"Swedbank"}},{"type":"Feature","geometry":{"type":"Point","coordinates":[26.560014,55.891682]},"properties":{"kategorija":"bankomats","id":"node/486900084","adrese":"Arhitektu iela 3, Daugavpils","name":"Swedbank","operator":"Swedbank","brand":"Swedbank"}},{"type":"Feature","geometry":{"type":"Point","coordinates":[26.546143,55.894189]},"properties":{"kategorija":"bankomats","id":"node/486901403","adrese":"Šaurā iela 31, Daugavpils","name":"Swedbank","operator":"Swedbank","brand":"Swedbank"}},{"type":"Feature","geometry":{"type":"Point","coordinates":[26.526375,55.900428]},"properties":{"kategorija":"bankomats","id":"node/486901560","adrese":"Raipoles iela 11A, Daugavpils","name":"Swedbank","operator":"Swedbank","brand":"Swedbank"}},{"type":"Feature","geometry":{"type":"Point","coordinates":[24.144653,56.968279]},"properties":{"kategorija":"degviela","id":"node/489756804","adrese":"Senču iela 2B, Rīga","name":"Neste","brand":"Neste","opening_hours":"24/7"}},{"type":"Feature","geometry":{"type":"Point","coordinates":[21.017384,56.511607]},"properties":{"kategorija":"bankomats","id":"node/489933977","adrese":"Kārļa Zāles laukums 8, Liepāja","name":"Swedbank","operator":"Swedbank","brand":"Swedbank","opening_hours":"Mo-Su 08:00-22:00"}},{"type":"Feature","geometry":{"type":"Point","coordinates":[24.11881,56.875148]},"properties":{"kategorija":"bankomats","id":"node/489965203","adrese":"Rīgas iela 14, Baloži","name":"Swedbank","operator":"Swedbank","brand":"Swedbank"}},{"type":"Feature","geometry":{"type":"Point","coordinates":[24.276185,57.128716]},"properties":{"kategorija":"bankomats","id":"node/489971487","adrese":"Rīgas iela 14A, Carnikava","name":"Swedbank","operator":"Swedbank","brand":"Swedbank"}},{"type":"Feature","geometry":{"type":"Point","coordinates":[23.161346,56.965931]},"properties":{"kategorija":"bankomats","id":"node/490019040","adrese":"Pils iela 15A, Tukums","name":"Swedbank","operator":"Swedbank"}},{"type":"Feature","geometry":{"type":"Point","coordinates":[23.165071,56.97047]},"properties":{"kategorija":"bankomats","id":"node/490023167","adrese":"Kurzemes iela 2A, Tukums","name":"Swedbank","operator":"Swedbank","brand":"Swedbank"}},{"type":"Feature","geometry":{"type":"Point","coordinates":[23.162825,56.969992]},"properties":{"kategorija":"bankomats","id":"node/490023178","adrese":"Meža iela 22, Tukums","name":"Swedbank","operator":"Swedbank","brand":"Swedbank","opening_hours":"24/7","phone":"+371 674 44444","website":"https://www.swedbank.lv/"}},{"type":"Feature","geometry":{"type":"Point","coordinates":[21.165574,56.53547]},"properties":{"kategorija":"bankomats","id":"node/4906282622","adrese":"Lielā iela 29, Grobiņa","name":"Luminor Bank","operator":"Luminor Bank","brand":"Luminor Bank","opening_hours":"07:30-22:00"}},{"type":"Feature","geometry":{"type":"Point","coordinates":[25.734004,56.618002]},"properties":{"kategorija":"bankomats","id":"node/4920205422","adrese":"Daugavas iela 85, Pļaviņas","operator":"Swedbank","brand":"Swedbank","opening_hours":"Mo-Su 08:00-22:00"}},{"type":"Feature","geometry":{"type":"Point","coordinates":[24.230228,56.426597]},"properties":{"kategorija":"degviela","id":"node/493703220","adrese":"","name":"Straujupīte Bauska","brand":"Straujupīte"}},{"type":"Feature","geometry":{"type":"Point","coordinates":[25.872719,56.502208]},"properties":{"kategorija":"bankomats","id":"node/4938403422","adrese":"Rīgas iela 150A, Jēkabpils","operator":"my","opening_hours":"24/7"}},{"type":"Feature","geometry":{"type":"Point","coordinates":[25.872835,56.502208]},"properties":{"kategorija":"bankomats","id":"node/4938407521","adrese":"Rīgas iela 150A, Jēkabpils","operator":"mycar"}},{"type":"Feature","geometry":{"type":"Point","coordinates":[27.022886,57.431065]},"properties":{"kategorija":"degviela","id":"node/493916616","adrese":"Rīgas iela 11, Alūksne","name":"Virši-A","brand":"Virši"}},{"type":"Feature","geometry":{"type":"Point","coordinates":[25.916639,57.420453]},"properties":{"kategorija":"degviela","id":"node/493916742","adrese":"Dārza iela 36, Smiltene","name":"Circle K","brand":"Circle K","opening_hours":"24/7"}},{"type":"Feature","geometry":{"type":"Point","coordinates":[24.193849,56.903196]},"properties":{"kategorija":"degviela","id":"node/493916819","adrese":"Latgales iela 324, Rīga","name":"Circle K automāts","brand":"Circle K","opening_hours":"24/7"}},{"type":"Feature","geometry":{"type":"Point","coordinates":[27.34351,56.528041]},"properties":{"kategorija":"bankomats","id":"node/5004525884","adrese":"Atbrīvošanas aleja 155, Rēzekne"}},{"type":"Feature","geometry":{"type":"Point","coordinates":[26.527353,55.901485]},"properties":{"kategorija":"bankomats","id":"node/5033039621","adrese":"Aveņu iela 26, Daugavpils","operator":"SEB","brand":"SEB","opening_hours":"Mo-Su 08:00-22:00"}},{"type":"Feature","geometry":{"type":"Point","coordinates":[21.021644,56.483005]},"properties":{"kategorija":"bankomats","id":"node/5044570328","adrese":"Mirdzas Ķempes iela 9, Liepāja","name":"SEB","operator":"SEB","brand":"SEB","opening_hours":"Mo-Su 08:00-22:00"}},{"type":"Feature","geometry":{"type":"Point","coordinates":[24.202325,56.982918]},"properties":{"kategorija":"bankomats","id":"node/5057698044","adrese":"Brīvības gatve 372, Rīga","operator":"Citadele"}},{"type":"Feature","geometry":{"type":"Point","coordinates":[24.202335,56.982906]},"properties":{"kategorija":"bankomats","id":"node/5057698045","adrese":"Brīvības gatve 372, Rīga","operator":"Luminor","brand":"Luminor Bank"}},{"type":"Feature","geometry":{"type":"Point","coordinates":[26.740864,57.171852]},"properties":{"kategorija":"degviela","id":"node/511159147","adrese":"Baložu iela 19, Gulbene","name":"Viada","brand":"Viada","opening_hours":"06:00-22:00","phone":"+37167301551","website":"https://www.viada.lv/"}},{"type":"Feature","geometry":{"type":"Point","coordinates":[24.95592,57.010183]},"properties":{"kategorija":"bankomats","id":"node/5124073575","adrese":"Nākotnes iela 5, Mālpils","operator":"Swedbank"}},{"type":"Feature","geometry":{"type":"Point","coordinates":[22.578409,57.24784]},"properties":{"kategorija":"bankomats","id":"node/519661183","adrese":"Dundagas iela 18, Talsi","operator":"SEB","opening_hours":"Mo-Su 08:00-22:00"}},{"type":"Feature","geometry":{"type":"Point","coordinates":[24.319643,57.071677]},"properties":{"kategorija":"bankomats","id":"node/5198246930","adrese":"Rīgas gatve 5, Ādaži","operator":"Citadele"}},{"type":"Feature","geometry":{"type":"Point","coordinates":[24.319734,57.071391]},"properties":{"kategorija":"bankomats","id":"node/5198292739","adrese":"Rīgas gatve 5, Ādaži","operator":"Luminor","opening_hours":"Mo-Su 08:00-23:00"}},{"type":"Feature","geometry":{"type":"Point","coordinates":[23.937454,56.784351]},"properties":{"kategorija":"bankomats","id":"node/5207094921","adrese":"Zemgales iela 31, Olaine","operator":"Luminor Bank","brand":"Luminor Bank","opening_hours":"24/7"}},{"type":"Feature","geometry":{"type":"Point","coordinates":[21.567287,57.382235]},"properties":{"kategorija":"degviela","id":"node/5226493483","adrese":"Inženieru iela 2, Ventspils","name":"Viada","brand":"Viada","opening_hours":"24/7","website":"https://www.viada.lv"}},{"type":"Feature","geometry":{"type":"Point","coordinates":[21.585252,57.384472]},"properties":{"kategorija":"degviela","id":"node/5226508098","adrese":"Durbes iela 29, Ventspils","name":"Latvijas nafta","opening_hours":"24/7"}},{"type":"Feature","geometry":{"type":"Point","coordinates":[25.430867,57.543959]},"properties":{"kategorija":"bankomats","id":"node/522794145","adrese":"Tērbatas iela 18, Valmiera","name":"SEB","operator":"SEB","brand":"SEB","opening_hours":"24/7"}},{"type":"Feature","geometry":{"type":"Point","coordinates":[21.592118,57.396316]},"properties":{"kategorija":"degviela","id":"node/5229989019","adrese":"Kurzemes iela 2, Ventspils","name":"Neste"}},{"type":"Feature","geometry":{"type":"Point","coordinates":[24.135384,57.021278]},"properties":{"kategorija":"bankomats","id":"node/5238947671","adrese":"Mīlgrāvja iela 2, Rīga","name":"Swedbank","operator":"Swedbank","brand":"Swedbank"}},{"type":"Feature","geometry":{"type":"Point","coordinates":[23.15229,56.9672]},"properties":{"kategorija":"bankomats","id":"node/5257573551","adrese":"Talsu iela 4, Tukums","operator":"Swedbank"}},{"type":"Feature","geometry":{"type":"Point","coordinates":[25.821646,57.808057]},"properties":{"kategorija":"degviela","id":"node/5263276915","adrese":"Ērģeme","name":"DUS"}},{"type":"Feature","geometry":{"type":"Point","coordinates":[21.021284,56.51722]},"properties":{"kategorija":"degviela","id":"node/5273453721","adrese":"Zemnieku iela 24, Liepāja","name":"Virši-A","operator":"Virši-A","brand":"Virši","opening_hours":"24/7","phone":"+371 63451440","website":"http://www.virsia.lv"}},{"type":"Feature","geometry":{"type":"Point","coordinates":[24.355066,56.854907]},"properties":{"kategorija":"degviela","id":"node/5338068134","adrese":"Līvzemes iela 23 k-2, Salaspils","operator":"SIA \"Salaspils mehānisko pakalpojumu centrs\"","opening_hours":"08:00-19:00"}},{"type":"Feature","geometry":{"type":"Point","coordinates":[24.721209,57.509444]},"properties":{"kategorija":"bankomats","id":"node/5357229026","adrese":"Stacijas iela 22, Limbaži","name":"SEB","operator":"SEB","brand":"SEB","opening_hours":"24/7"}},{"type":"Feature","geometry":{"type":"Point","coordinates":[27.35319,56.515543]},"properties":{"kategorija":"degviela","id":"node/5437807021","adrese":"Jupatovkas iela 4, Rēzekne","name":"Latvijas nafta"}},{"type":"Feature","geometry":{"type":"Point","coordinates":[23.283315,56.616409]},"properties":{"kategorija":"bankomats","id":"node/5503405770","adrese":"Krasta iela 7, Dobele","operator":"SEB","brand":"SEB","opening_hours":"24/7"}},{"type":"Feature","geometry":{"type":"Point","coordinates":[24.164771,56.966952]},"properties":{"kategorija":"bankomats","id":"node/5538031531","adrese":"Ieriķu iela 3, Rīga","name":"SEB","operator":"SEB","brand":"SEB"}},{"type":"Feature","geometry":{"type":"Point","coordinates":[24.204009,56.937328]},"properties":{"kategorija":"bankomats","id":"node/554174899","adrese":"Andreja Saharova iela 14, Rīga","name":"SEB","operator":"SEB","brand":"SEB","opening_hours":"24/7"}},{"type":"Feature","geometry":{"type":"Point","coordinates":[24.172601,56.920127]},"properties":{"kategorija":"bankomats","id":"node/5553819522","adrese":"Latgales iela 267, Rīga","name":"Swedbank","operator":"Swedbank","brand":"Swedbank","opening_hours":"Mo-Su 08:00-22:00"}},{"type":"Feature","geometry":{"type":"Point","coordinates":[21.589229,56.719394]},"properties":{"kategorija":"degviela","id":"node/5699339297","adrese":"Liepājas iela 30A, Aizpute","name":"KINGS","opening_hours":"Mo-Su 00:00-24:00"}},{"type":"Feature","geometry":{"type":"Point","coordinates":[24.088294,56.920088]},"properties":{"kategorija":"bankomats","id":"node/5723053191","adrese":"Vienības gatve 49A, Rīga","name":"SEB","operator":"SEB","brand":"SEB","opening_hours":"24/7"}},{"type":"Feature","geometry":{"type":"Point","coordinates":[24.36782,56.860575]},"properties":{"kategorija":"bankomats","id":"node/5749219065","adrese":"Dienvidu iela 7, Salaspils","name":"SEB","operator":"SEB","brand":"SEB","opening_hours":"Mo-Su 08:00-22:00"}},{"type":"Feature","geometry":{"type":"Point","coordinates":[21.028548,56.552572]},"properties":{"kategorija":"degviela","id":"node/5764544978","adrese":"Ģenerāļa Baloža iela 33B, Liepāja","name":"Kings"}},{"type":"Feature","geometry":{"type":"Point","coordinates":[24.325729,56.854179]},"properties":{"kategorija":"degviela","id":"node/5782840855","adrese":"Zviedru iela 1A, Salaspils","name":"Virši-A","brand":"Virši","opening_hours":"24/7"}},{"type":"Feature","geometry":{"type":"Point","coordinates":[24.186246,56.958587]},"properties":{"kategorija":"bankomats","id":"node/5784932353","adrese":"Stirnu iela 26, Rīga","operator":"Citadele","opening_hours":"Mo-Su 08:00-23:00"}},{"type":"Feature","geometry":{"type":"Point","coordinates":[24.187372,56.950291]},"properties":{"kategorija":"bankomats","id":"node/5802044856","adrese":"Augusta Deglava iela 67, Rīga","name":"Swedbank","operator":"Swedbank","brand":"Swedbank"}},{"type":"Feature","geometry":{"type":"Point","coordinates":[26.517223,55.871004]},"properties":{"kategorija":"bankomats","id":"node/5827761085","adrese":"Rīgas iela 22A, Daugavpils","name":"Swedbank","operator":"Swedbank","brand":"Swedbank","opening_hours":"24/7"}},{"type":"Feature","geometry":{"type":"Point","coordinates":[26.520698,55.87538]},"properties":{"kategorija":"bankomats","id":"node/5829004593","adrese":"Cietokšņa iela 60, Daugavpils","operator":"Luminor"}},{"type":"Feature","geometry":{"type":"Point","coordinates":[26.520731,55.875386]},"properties":{"kategorija":"bankomats","id":"node/5829004594","adrese":"Cietokšņa iela 60, Daugavpils","operator":"Swedbank"}},{"type":"Feature","geometry":{"type":"Point","coordinates":[26.513443,55.878124]},"properties":{"kategorija":"bankomats","id":"node/5829047786","adrese":"Cietokšņa iela 72A, Daugavpils","operator":"Citadele","opening_hours":"Mo-Su 08:00-23:00"}},{"type":"Feature","geometry":{"type":"Point","coordinates":[26.51346,55.878087]},"properties":{"kategorija":"bankomats","id":"node/5829065085","adrese":"Cietokšņa iela 72A, Daugavpils","operator":"Luminor","opening_hours":"Mo-Su 08:00-23:00"}},{"type":"Feature","geometry":{"type":"Point","coordinates":[26.282238,55.965577]},"properties":{"kategorija":"degviela","id":"node/5851056585","adrese":"","name":"Viada","operator":"VIADA Baltija AS","brand":"Viada","opening_hours":"24/7"}},{"type":"Feature","geometry":{"type":"Point","coordinates":[23.722776,56.651314]},"properties":{"kategorija":"bankomats","id":"node/5874023541","adrese":"Pasta iela 37, Jelgava","name":"SEB","operator":"SEB","brand":"SEB","opening_hours":"24/7"}},{"type":"Feature","geometry":{"type":"Point","coordinates":[24.714398,57.508365]},"properties":{"kategorija":"bankomats","id":"node/5907961896","adrese":"Rīgas iela 23A, Limbaži","name":"SEB","operator":"SEB","brand":"SEB","opening_hours":"24/7"}},{"type":"Feature","geometry":{"type":"Point","coordinates":[24.714747,57.508288]},"properties":{"kategorija":"bankomats","id":"node/5907965150","adrese":"Rīgas iela 23A, Limbaži","operator":"Luminor"}},{"type":"Feature","geometry":{"type":"Point","coordinates":[25.827725,56.50102]},"properties":{"kategorija":"degviela","id":"node/5910263326","adrese":"Brīvības iela 292A, Jēkabpils","operator":"Akurāteri","opening_hours":"24/7"}},{"type":"Feature","geometry":{"type":"Point","coordinates":[23.961976,56.881025]},"properties":{"kategorija":"degviela","id":"node/5917943448","adrese":"","name":"Virši-A","brand":"Virši","opening_hours":"24/7","website":"http://www.virsia.lv"}},{"type":"Feature","geometry":{"type":"Point","coordinates":[24.592427,56.819686]},"properties":{"kategorija":"bankomats","id":"node/5924647678","adrese":"Vidus prospekts 1, Ogre","name":"Swedbank","operator":"Swedbank","brand":"Swedbank"}},{"type":"Feature","geometry":{"type":"Point","coordinates":[24.602216,56.825266]},"properties":{"kategorija":"bankomats","id":"node/5947136765","adrese":"Mednieku iela 21/23, Ogre","name":"Luminor Bankomāts","operator":"Luminor"}},{"type":"Feature","geometry":{"type":"Point","coordinates":[24.16559,56.975673]},"properties":{"kategorija":"bankomats","id":"node/5979667589","adrese":"Gustava Zemgala gatve 74, Rīga","operator":"Luminor"}},{"type":"Feature","geometry":{"type":"Point","coordinates":[24.036391,56.97391]},"properties":{"kategorija":"degviela","id":"node/5984145875","adrese":"Buļļu iela 72A, Rīga","name":"Viada","brand":"Viada","opening_hours":"24/7"}},{"type":"Feature","geometry":{"type":"Point","coordinates":[23.994256,56.946373]},"properties":{"kategorija":"degviela","id":"node/5991398291","adrese":"Kārļa Ulmaņa gatve 146, Rīga","name":"Metro","brand":"METRO","opening_hours":"24/7"}},{"type":"Feature","geometry":{"type":"Point","coordinates":[23.682613,56.416576]},"properties":{"kategorija":"degviela","id":"node/6001636337","adrese":"Lietuvas iela 28, Eleja","name":"Virši Eleja","operator":"Virši","brand":"Virši","phone":"+371 80 700 070","website":"https://www.virsi.lv"}},{"type":"Feature","geometry":{"type":"Point","coordinates":[21.991435,56.953278]},"properties":{"kategorija":"degviela","id":"node/6048787573","adrese":"Graudu iela 19, Kuldīga","name":"Neste Truck","brand":"Neste","opening_hours":"24/7"}},{"type":"Feature","geometry":{"type":"Point","coordinates":[21.615366,57.394147]},"properties":{"kategorija":"degviela","id":"node/60575236","adrese":"Robežu iela 1, Ventspils","name":"Virši-A","brand":"Virši","opening_hours":"24/7"}},{"type":"Feature","geometry":{"type":"Point","coordinates":[24.105574,56.950175]},"properties":{"kategorija":"bankomats","id":"node/6071349091","adrese":"","operator":"BluOr Bank"}},{"type":"Feature","geometry":{"type":"Point","coordinates":[24.106401,56.950404]},"properties":{"kategorija":"bankomats","id":"node/6071353685","adrese":"Smilšu iela 6, Rīga","operator":"BluOr Bank","opening_hours":"24/7"}},{"type":"Feature","geometry":{"type":"Point","coordinates":[26.030455,57.790799]},"properties":{"kategorija":"degviela","id":"node/6090596509","adrese":"Rūjienas iela 31, Valka","name":"KOOL Valka","operator":"SIA “KOOL Latvija”","brand":"KOOL"}},{"type":"Feature","geometry":{"type":"Point","coordinates":[23.770071,56.967398]},"properties":{"kategorija":"bankomats","id":"node/6152690517","adrese":"Strēlnieku prospekts 1, Jūrmala","operator":"Luminor"}},{"type":"Feature","geometry":{"type":"Point","coordinates":[24.107314,56.948013]},"properties":{"kategorija":"bankomats","id":"node/618689504","adrese":"","operator":"Luminor Bank","brand":"Luminor Bank","opening_hours":"24/7"}},{"type":"Feature","geometry":{"type":"Point","coordinates":[25.089127,56.617523]},"properties":{"kategorija":"bankomats","id":"node/6221132286","adrese":"Jelgavas iela 44, Jaunjelgava","operator":"Swedbank"}},{"type":"Feature","geometry":{"type":"Point","coordinates":[24.146789,56.908988]},"properties":{"kategorija":"bankomats","id":"node/625563619","adrese":"Meistaru iela 1, Valdlauči","name":"SEB","operator":"SEB","brand":"SEB","opening_hours":"24/7"}},{"type":"Feature","geometry":{"type":"Point","coordinates":[25.621635,57.332021]},"properties":{"kategorija":"degviela","id":"node/6300882959","adrese":"Smiltenes iela 17, Rauna"}},{"type":"Feature","geometry":{"type":"Point","coordinates":[21.018163,56.487106]},"properties":{"kategorija":"degviela","id":"node/6326942489","adrese":"Airītes iela 6, Liepāja","name":"Latvijas Propāna Gāze","operator":"Latvijas Propāna Gāze","brand":"Latvijas Propāna Gāze","opening_hours":"24/7"}},{"type":"Feature","geometry":{"type":"Point","coordinates":[21.057954,56.544841]},"properties":{"kategorija":"degviela","id":"node/6326959444","adrese":"Grīzupes iela 3, Liepāja","name":"Latvijas Propāna Gāze","operator":"Latvijas Propāna Gāze","brand":"Latvijas Propāna Gāze","opening_hours":"24/7"}},{"type":"Feature","geometry":{"type":"Point","coordinates":[26.224381,56.854291]},"properties":{"kategorija":"bankomats","id":"node/6356906598","adrese":"Saules iela 16, Madona","operator":"Swedbank"}},{"type":"Feature","geometry":{"type":"Point","coordinates":[24.136917,56.947584]},"properties":{"kategorija":"bankomats","id":"node/6413661864","adrese":"Kurbada iela 8, Rīga","operator":"Luminor","opening_hours":"24/7"}},{"type":"Feature","geometry":{"type":"Point","coordinates":[24.139525,56.895819]},"properties":{"kategorija":"bankomats","id":"node/6445655185","adrese":"Krustkalni","operator":"Luminor"}},{"type":"Feature","geometry":{"type":"Point","coordinates":[24.646762,57.153662]},"properties":{"kategorija":"bankomats","id":"node/6483689985","adrese":"Loja","operator":"Swedbank","opening_hours":"Mo-Th 08:00-21:00; Fr-Sa 08:00-22:00; Su 09:00-21:00"}},{"type":"Feature","geometry":{"type":"Point","coordinates":[23.936523,56.784513]},"properties":{"kategorija":"bankomats","id":"node/6499883097","adrese":"Veselības iela 1, Olaine","name":"Swedbank","operator":"Swedbank","brand":"Swedbank"}},{"type":"Feature","geometry":{"type":"Point","coordinates":[23.984902,56.80188]},"properties":{"kategorija":"bankomats","id":"node/6499883099","adrese":"Baznīcas iela 10, Jaunolaine","name":"Swedbank","operator":"Swedbank","brand":"Swedbank"}},{"type":"Feature","geometry":{"type":"Point","coordinates":[23.943273,56.785933]},"properties":{"kategorija":"bankomats","id":"node/6499990461","adrese":"Stacijas iela 8, Olaine","name":"Swedbank","operator":"Swedbank","brand":"Swedbank"}},{"type":"Feature","geometry":{"type":"Point","coordinates":[24.415183,57.045039]},"properties":{"kategorija":"bankomats","id":"node/6518837286","adrese":"Vidzemes šoseja 13, Garkalne","name":"Swedbank","operator":"Swedbank","brand":"Swedbank","opening_hours":"Mo-Su 08:00-22:00"}},{"type":"Feature","geometry":{"type":"Point","coordinates":[21.584673,57.401907]},"properties":{"kategorija":"bankomats","id":"node/6567014585","adrese":"Talsu iela 6, Ventspils","operator":"SEB","opening_hours":"Mo-Su 08:00-23:00"}},{"type":"Feature","geometry":{"type":"Point","coordinates":[24.011984,56.944501]},"properties":{"kategorija":"bankomats","id":"node/6590474314","adrese":"Imantas 15. līnija 7, Rīga","name":"Swedbank","operator":"Swedbank","brand":"Swedbank","opening_hours":"Mo-Su 08:00-22:00","phone":"+371 674 44444","website":"https://www.swedbank.lv/"}},{"type":"Feature","geometry":{"type":"Point","coordinates":[25.492894,57.279144]},"properties":{"kategorija":"degviela","id":"node/6683627978","adrese":"Bērzkrogs","name":"Neste","brand":"Neste"}},{"type":"Feature","geometry":{"type":"Point","coordinates":[21.991217,56.953622]},"properties":{"kategorija":"degviela","id":"node/6696007474","adrese":"Graudu iela 19, Kuldīga","name":"Latvijas Propāna Gāze","opening_hours":"24/7"}},{"type":"Feature","geometry":{"type":"Point","coordinates":[21.630812,57.39678]},"properties":{"kategorija":"degviela","id":"node/6696056988","adrese":"Kurzemes iela 40, Ventspils","name":"Latvijas Propāna Gāze","opening_hours":"08:00-20:00"}},{"type":"Feature","geometry":{"type":"Point","coordinates":[22.589085,57.233981]},"properties":{"kategorija":"degviela","id":"node/6696722177","adrese":"Stendes iela 8, Talsi","name":"Latvijas Propāna Gāze","opening_hours":"24/7","website":"https://www.lpg.lv"}},{"type":"Feature","geometry":{"type":"Point","coordinates":[25.236152,56.613355]},"properties":{"kategorija":"degviela","id":"node/6698080236","adrese":"Jaunceltnes iela 1, Aizkraukle","name":"Latvijas Propāna Gāze","opening_hours":"Mo-Fr 07:00-19:00; Sa-Su 08:00-17:00","website":"https://www.lpg.lv"}},{"type":"Feature","geometry":{"type":"Point","coordinates":[24.204863,56.603076]},"properties":{"kategorija":"degviela","id":"node/6698098927","adrese":"Rīgas iela 55, Iecava","name":"Latvijas Propāna Gāze","opening_hours":"24/7","website":"https://www.lpg.lv"}},{"type":"Feature","geometry":{"type":"Point","coordinates":[24.198905,56.403285]},"properties":{"kategorija":"degviela","id":"node/6698128876","adrese":"Upmalas iela 6, Bauska","name":"Latvijas Propāna Gāze","opening_hours":"08:00-20:00","website":"https://www.lpg.lv"}},{"type":"Feature","geometry":{"type":"Point","coordinates":[26.708627,56.298469]},"properties":{"kategorija":"degviela","id":"node/6698150172","adrese":"Rīgas iela 5, Preiļi","name":"Latvijas Propāna Gāze","opening_hours":"24/7","website":"https://www.lpg.lv"}},{"type":"Feature","geometry":{"type":"Point","coordinates":[26.502068,55.865361]},"properties":{"kategorija":"degviela","id":"node/6698238254","adrese":"Dostojevska iela 6, Daugavpils","name":"Latvijas Propāna Gāze","opening_hours":"24/7","website":"https://www.lpg.lv"}},{"type":"Feature","geometry":{"type":"Point","coordinates":[26.755856,57.163982]},"properties":{"kategorija":"degviela","id":"node/6698857783","adrese":"Brīvības iela 19, Gulbene","name":"Latvijas Propāna Gāze","opening_hours":"24/7","website":"https://www.lpg.lv/"}},{"type":"Feature","geometry":{"type":"Point","coordinates":[25.279161,57.315563]},"properties":{"kategorija":"degviela","id":"node/6698903968","adrese":"Valmieras iela 4, Cēsis","name":"Latvijas propāna gāze","opening_hours":"24/7","website":"https://www.lpg.lv"}},{"type":"Feature","geometry":{"type":"Point","coordinates":[21.011323,56.50522]},"properties":{"kategorija":"bankomats","id":"node/6715426276","adrese":"Kuršu laukums 11, Liepāja","name":"Swedbank","operator":"Swedbank","brand":"Swedbank","opening_hours":"24/7"}},{"type":"Feature","geometry":{"type":"Point","coordinates":[24.319237,57.075326]},"properties":{"kategorija":"bankomats","id":"node/6717976789","adrese":"Rīgas gatve 21, Ādaži","operator":"Luminor","opening_hours":"24/7"}},{"type":"Feature","geometry":{"type":"Point","coordinates":[24.319093,57.075343]},"properties":{"kategorija":"bankomats","id":"node/6717979485","adrese":"Rīgas gatve 21, Ādaži","name":"Swedbank","operator":"Swedbank","brand":"Swedbank","opening_hours":"08:00-22:00"}},{"type":"Feature","geometry":{"type":"Point","coordinates":[24.073698,56.97372]},"properties":{"kategorija":"degviela","id":"node/6728287816","adrese":"Daugavgrīvas iela 136A, Rīga","name":"Virši","operator":"Virši-A","brand":"Virši"}},{"type":"Feature","geometry":{"type":"Point","coordinates":[24.033934,56.946222]},"properties":{"kategorija":"degviela","id":"node/6736665825","adrese":"Jūrkalnes iela 6, Rīga","name":"Latvijas Nafta"}},{"type":"Feature","geometry":{"type":"Point","coordinates":[25.557501,56.345293]},"properties":{"kategorija":"bankomats","id":"node/6738957847","adrese":"Smilšu iela 2, Viesīte","operator":"SEB bank"}},{"type":"Feature","geometry":{"type":"Point","coordinates":[23.636787,56.947215]},"properties":{"kategorija":"degviela","id":"node/6744775863","adrese":"Jūrkalnes iela 6B, Jūrmala","name":"Pro gāze auto"}},{"type":"Feature","geometry":{"type":"Point","coordinates":[24.102494,56.968742]},"properties":{"kategorija":"degviela","id":"node/6757893935","adrese":"Katrīnas dambis 4, Rīga","operator":"Rīgas Satiksme"}},{"type":"Feature","geometry":{"type":"Point","coordinates":[24.018565,56.959679]},"properties":{"kategorija":"degviela","id":"node/6783925802","adrese":"Anniņmuižas bulvāris 25A, Rīga","name":"Circle K","brand":"Circle K","opening_hours":"24/7"}},{"type":"Feature","geometry":{"type":"Point","coordinates":[24.054536,56.951857]},"properties":{"kategorija":"degviela","id":"node/6783933079","adrese":"Jūrmalas gatve 5A, Rīga","name":"Circle K","brand":"Circle K","opening_hours":"24/7"}},{"type":"Feature","geometry":{"type":"Point","coordinates":[24.114033,56.943459]},"properties":{"kategorija":"bankomats","id":"node/6786106583","adrese":"Centrāltirgus iela 3 k-3, Rīga","name":"Swedbank","operator":"Swedbank","brand":"Swedbank"}},{"type":"Feature","geometry":{"type":"Point","coordinates":[24.052487,56.958507]},"properties":{"kategorija":"degviela","id":"node/6788869344","adrese":"Dzirciema iela 40, Rīga","name":"Circle K","brand":"Circle K"}},{"type":"Feature","geometry":{"type":"Point","coordinates":[24.414322,56.821737]},"properties":{"kategorija":"degviela","id":"node/6788869345","adrese":"Daugmale","name":"Circle K","brand":"Circle K","opening_hours":"24/7"}},{"type":"Feature","geometry":{"type":"Point","coordinates":[24.562841,56.860149]},"properties":{"kategorija":"degviela","id":"node/6795848010","adrese":"","name":"Neste","brand":"Neste"}},{"type":"Feature","geometry":{"type":"Point","coordinates":[22.619649,56.961233]},"properties":{"kategorija":"degviela","id":"node/683269206","adrese":"","name":"Pūces","operator":"Aiva-29"}},{"type":"Feature","geometry":{"type":"Point","coordinates":[27.002914,56.135444]},"properties":{"kategorija":"degviela","id":"node/683434892","adrese":"Somersētas iela 11A, Aglona","name":"Virši-A","brand":"Virši","opening_hours":"7:00-22:00"}},{"type":"Feature","geometry":{"type":"Point","coordinates":[22.780518,57.033915]},"properties":{"kategorija":"bankomats","id":"node/683478451","adrese":"Kūrorta iela 1, Kandava","name":"SEB","operator":"SEB","brand":"SEB"}},{"type":"Feature","geometry":{"type":"Point","coordinates":[22.781494,57.035912]},"properties":{"kategorija":"bankomats","id":"node/683478459","adrese":"Abavas iela 4B, Kandava","name":"Swedbank","operator":"Swedbank","brand":"Swedbank"}},{"type":"Feature","geometry":{"type":"Point","coordinates":[24.13063,56.966832]},"properties":{"kategorija":"bankomats","id":"node/6841896009","adrese":"Krišjāņa Valdemāra iela 62, Rīga","operator":"Luminor"}},{"type":"Feature","geometry":{"type":"Point","coordinates":[23.858692,56.974656]},"properties":{"kategorija":"bankomats","id":"node/686906627","adrese":"Viestura iela 22, Jūrmala","name":"SEB","operator":"SEB","brand":"SEB","opening_hours":"24/7"}},{"type":"Feature","geometry":{"type":"Point","coordinates":[24.184437,56.979184]},"properties":{"kategorija":"degviela","id":"node/6920377311","adrese":"Brīvības gatve 265, Rīga","name":"Circle K","brand":"Circle K","opening_hours":"24/7"}},{"type":"Feature","geometry":{"type":"Point","coordinates":[24.155864,56.939383]},"properties":{"kategorija":"bankomats","id":"node/696573035","adrese":"Lauvas iela 2, Rīga","operator":"Citadele"}},{"type":"Feature","geometry":{"type":"Point","coordinates":[27.334233,56.509644]},"properties":{"kategorija":"bankomats","id":"node/7037149985","adrese":"18. novembra iela 16, Rēzekne","operator":"Swedbank","opening_hours":"24/7"}},{"type":"Feature","geometry":{"type":"Point","coordinates":[24.011632,56.959021]},"properties":{"kategorija":"degviela","id":"node/7091922483","adrese":"Anniņmuižas bulvāris 75, Rīga","name":"Viada","brand":"Viada","opening_hours":"24/7"}},{"type":"Feature","geometry":{"type":"Point","coordinates":[24.012826,56.960643]},"properties":{"kategorija":"bankomats","id":"node/7113113522","adrese":"Anniņmuižas bulvāris 40A, Rīga","name":"Swedbank","operator":"Swedbank","brand":"Swedbank","opening_hours":"Mo-Fr 07:00-23:00; Sa,Su 08:00-23:00","phone":"+371 674 44444","website":"https://www.swedbank.lv/"}},{"type":"Feature","geometry":{"type":"Point","coordinates":[24.142844,56.965551]},"properties":{"kategorija":"bankomats","id":"node/722731963","adrese":"","name":"Swedbank","operator":"Swedbank","brand":"Swedbank","opening_hours":"24/7"}},{"type":"Feature","geometry":{"type":"Point","coordinates":[25.275583,57.31392]},"properties":{"kategorija":"bankomats","id":"node/727614773","adrese":"Vienības laukums 2, Cēsis","operator":"Luminor","brand":"Luminor Bank","opening_hours":"24/7"}},{"type":"Feature","geometry":{"type":"Point","coordinates":[24.16714,56.930738]},"properties":{"kategorija":"bankomats","id":"node/7280000865","adrese":"Zilupes iela 7, Rīga","name":"Swedbank","operator":"Swedbank","brand":"Swedbank"}},{"type":"Feature","geometry":{"type":"Point","coordinates":[22.58725,57.244821]},"properties":{"kategorija":"bankomats","id":"node/7299154239","adrese":"Lielā iela 4, Talsi","operator":"Citadele"}},{"type":"Feature","geometry":{"type":"Point","coordinates":[26.759537,57.172753]},"properties":{"kategorija":"bankomats","id":"node/7352031585","adrese":"Ozolu iela 2A, Gulbene","name":"SEB","operator":"SEB","brand":"SEB","opening_hours":"24/7"}},{"type":"Feature","geometry":{"type":"Point","coordinates":[24.006699,56.954035]},"properties":{"kategorija":"bankomats","id":"node/7403217007","adrese":"Jūrmalas gatve 85, Rīga","name":"Swedbank","operator":"Swedbank","brand":"Swedbank","phone":"+371 674 44444","website":"https://www.swedbank.lv/"}},{"type":"Feature","geometry":{"type":"Point","coordinates":[22.013999,56.674053]},"properties":{"kategorija":"bankomats","id":"node/7424808628","adrese":"Ventas iela 16, Skrunda","name":"SEB","operator":"SEB","opening_hours":"Mo-Su 08:00-22:00"}},{"type":"Feature","geometry":{"type":"Point","coordinates":[23.106556,57.348312]},"properties":{"kategorija":"degviela","id":"node/7453603214","adrese":"Lielā iela 81, Mērsrags"}},{"type":"Feature","geometry":{"type":"Point","coordinates":[22.889368,57.449874]},"properties":{"kategorija":"degviela","id":"node/7453751775","adrese":"Kaltene","name":"Lateva"}},{"type":"Feature","geometry":{"type":"Point","coordinates":[25.120838,56.649668]},"properties":{"kategorija":"bankomats","id":"node/7475307818","adrese":"Daugavas iela 97, Skrīveri","name":"Swedbank","operator":"Swedbank","brand":"Swedbank"}},{"type":"Feature","geometry":{"type":"Point","coordinates":[25.277461,57.309785]},"properties":{"kategorija":"bankomats","id":"node/7481822298","adrese":"Raiņa iela 26/28, Cēsis","operator":"SEB","opening_hours":"24/7"}},{"type":"Feature","geometry":{"type":"Point","coordinates":[24.138818,57.029537]},"properties":{"kategorija":"degviela","id":"node/7506018346","adrese":"Mīlgrāvja iela 16B, Rīga","name":"Pro Gāze Auto","opening_hours":"24/7"}},{"type":"Feature","geometry":{"type":"Point","coordinates":[26.707902,56.905658]},"properties":{"kategorija":"degviela","id":"node/7528951585","adrese":"Stacijas iela 16, Lubāna","name":"KOOL Lubāna","operator":"KOOL","brand":"KOOL"}},{"type":"Feature","geometry":{"type":"Point","coordinates":[21.563394,56.975055]},"properties":{"kategorija":"degviela","id":"node/7529214022","adrese":"Ceļinieku iela 1, Alsunga"}},{"type":"Feature","geometry":{"type":"Point","coordinates":[24.192452,56.955904]},"properties":{"kategorija":"bankomats","id":"node/756566208","adrese":"Dzelzavas iela 74, Rīga","name":"Luminor","operator":"Luminor Bank","brand":"Luminor Bank"}},{"type":"Feature","geometry":{"type":"Point","coordinates":[24.065097,56.945253]},"properties":{"kategorija":"bankomats","id":"node/7591438620","adrese":"Melnsila iela 22, Rīga","name":"Swedbank","operator":"Swedbank","brand":"Swedbank"}},{"type":"Feature","geometry":{"type":"Point","coordinates":[25.428992,57.729882]},"properties":{"kategorija":"bankomats","id":"node/7602574306","adrese":"Valmieras iela 13, Rencēni","operator":"Swedbank","brand":"Swedbank","opening_hours":"9-17"}},{"type":"Feature","geometry":{"type":"Point","coordinates":[22.019649,57.274452]},"properties":{"kategorija":"degviela","id":"node/7613437894","adrese":"Ugāle","name":"Virši Ugāle","brand":"Virši","opening_hours":"Mo-Su 06:00-23:00","website":"https://www.virsi.lv"}},{"type":"Feature","geometry":{"type":"Point","coordinates":[24.844541,57.143477]},"properties":{"kategorija":"bankomats","id":"node/7619292572","adrese":"Strēlnieku iela 2, Sigulda","operator":"Swedbank","brand":"Swedbank"}},{"type":"Feature","geometry":{"type":"Point","coordinates":[24.359582,56.947644]},"properties":{"kategorija":"bankomats","id":"node/7619895955","adrese":"Rīgas iela 19, Līči","name":"Swedbank","operator":"Swedbank","brand":"Swedbank"}},{"type":"Feature","geometry":{"type":"Point","coordinates":[24.29199,56.939616]},"properties":{"kategorija":"bankomats","id":"node/7622278720","adrese":"Peldu iela 2, Ulbroka","name":"SEB","operator":"SEB","brand":"SEB","opening_hours":"24/7"}},{"type":"Feature","geometry":{"type":"Point","coordinates":[24.429575,57.387885]},"properties":{"kategorija":"degviela","id":"node/7653215897","adrese":"","name":"Viada","brand":"Viada"}},{"type":"Feature","geometry":{"type":"Point","coordinates":[24.022821,56.945461]},"properties":{"kategorija":"bankomats","id":"node/771377250","adrese":"Aleksandra Bieziņa iela 8, Rīga","name":"Swedbank","operator":"Swedbank","brand":"Swedbank","opening_hours":"Mo-Su 08:00-22:00","phone":"+371 674 44444","website":"https://www.swedbank.lv/"}},{"type":"Feature","geometry":{"type":"Point","coordinates":[24.173628,57.043834]},"properties":{"kategorija":"bankomats","id":"node/7765695099","adrese":"Jaunciema gatve 174, Rīga","name":"Swedbank","operator":"Swedbank","brand":"Swedbank"}},{"type":"Feature","geometry":{"type":"Point","coordinates":[24.035309,56.928726]},"properties":{"kategorija":"bankomats","id":"node/7773731554","adrese":"Lielirbes iela 29, Rīga","operator":"SEB"}},{"type":"Feature","geometry":{"type":"Point","coordinates":[24.035155,56.928726]},"properties":{"kategorija":"bankomats","id":"node/7773731555","adrese":"Lielirbes iela 29, Rīga","operator":"Swedbank"}},{"type":"Feature","geometry":{"type":"Point","coordinates":[26.551129,55.877165]},"properties":{"kategorija":"bankomats","id":"node/7787603152","adrese":"18. novembra iela 136, Daugavpils","operator":"Luminor"}},{"type":"Feature","geometry":{"type":"Point","coordinates":[26.534084,55.874179]},"properties":{"kategorija":"degviela","id":"node/7792275721","adrese":"Varšavas iela 17A, Daugavpils","name":"Ingrīda"}},{"type":"Feature","geometry":{"type":"Point","coordinates":[26.527286,55.901475]},"properties":{"kategorija":"bankomats","id":"node/787875337","adrese":"Aveņu iela 26, Daugavpils","operator":"Citadele"}},{"type":"Feature","geometry":{"type":"Point","coordinates":[27.314306,56.488745]},"properties":{"kategorija":"degviela","id":"node/7984699354","adrese":"Tēviņi","name":"Viada","brand":"Viada"}},{"type":"Feature","geometry":{"type":"Point","coordinates":[22.470907,56.682496]},"properties":{"kategorija":"bankomats","id":"node/8010734694","adrese":"Apvedceļš 11, Saldus","operator":"Luminor"}},{"type":"Feature","geometry":{"type":"Point","coordinates":[24.178973,56.927645]},"properties":{"kategorija":"bankomats","id":"node/8013100373","adrese":"Mazā Rencēnu iela 1, Rīga","name":"Swedbank","operator":"Swedbank","brand":"Swedbank"}},{"type":"Feature","geometry":{"type":"Point","coordinates":[26.231521,56.85919]},"properties":{"kategorija":"degviela","id":"node/804380669","adrese":"Rūpniecības iela 49A, Madona","name":"Laja"}},{"type":"Feature","geometry":{"type":"Point","coordinates":[21.003793,56.491988]},"properties":{"kategorija":"bankomats","id":"node/8066987451","adrese":"Klaipēdas iela 62, Liepāja","operator":"Luminor Bank","brand":"Luminor Bank","opening_hours":"08:00-22:00"}},{"type":"Feature","geometry":{"type":"Point","coordinates":[21.003751,56.49203]},"properties":{"kategorija":"bankomats","id":"node/8066987452","adrese":"Klaipēdas iela 62, Liepāja","operator":"Swedbank","brand":"Swedbank"}},{"type":"Feature","geometry":{"type":"Point","coordinates":[25.29263,57.314841]},"properties":{"kategorija":"bankomats","id":"node/810519636","adrese":"Jāņa Poruka iela 19, Cēsis","name":"Luminor","operator":"Luminor Bank","brand":"Luminor Bank","opening_hours":"Mo-Su 08:00-22:00"}},{"type":"Feature","geometry":{"type":"Point","coordinates":[27.347357,56.518779]},"properties":{"kategorija":"degviela","id":"node/8107174418","adrese":"Stacijas iela 13B, Rēzekne","name":"Virši","operator":"Virši","brand":"Virši","website":"https://www.virsi.lv"}},{"type":"Feature","geometry":{"type":"Point","coordinates":[25.664085,57.15945]},"properties":{"kategorija":"bankomats","id":"node/8125287420","adrese":"Taurene","name":"Swedbank","operator":"Swedbank","brand":"Swedbank","opening_hours":"24/7"}},{"type":"Feature","geometry":{"type":"Point","coordinates":[22.893998,56.460186]},"properties":{"kategorija":"degviela","id":"node/818760847","adrese":"Raiņa iela 30, Auce"}},{"type":"Feature","geometry":{"type":"Point","coordinates":[23.941109,56.788915]},"properties":{"kategorija":"bankomats","id":"node/820793277","adrese":"Zeiferta iela 6, Olaine","name":"SEB","operator":"SEB","brand":"SEB","opening_hours":"24/7"}},{"type":"Feature","geometry":{"type":"Point","coordinates":[24.069095,56.932449]},"properties":{"kategorija":"bankomats","id":"node/8260037339","adrese":"","name":"SEB","operator":"SEB","brand":"SEB","opening_hours":"24/7"}},{"type":"Feature","geometry":{"type":"Point","coordinates":[25.164372,57.702917]},"properties":{"kategorija":"degviela","id":"node/835740054","adrese":""}},{"type":"Feature","geometry":{"type":"Point","coordinates":[24.076827,56.889301]},"properties":{"kategorija":"degviela","id":"node/8370261117","adrese":"Tīraines iela 5D, Rīga","name":"Kool"}},{"type":"Feature","geometry":{"type":"Point","coordinates":[26.552998,55.889341]},"properties":{"kategorija":"bankomats","id":"node/8373476565","adrese":"Smilšu iela 98A, Daugavpils","name":"Swedbank","operator":"Swedbank","brand":"Swedbank"}},{"type":"Feature","geometry":{"type":"Point","coordinates":[24.070861,56.936441]},"properties":{"kategorija":"bankomats","id":"node/8421296069","adrese":"Nometņu iela 61, Rīga","name":"SEB","operator":"SEB","brand":"SEB","opening_hours":"Mo-Su 06:00-23:00"}},{"type":"Feature","geometry":{"type":"Point","coordinates":[24.070588,56.93699]},"properties":{"kategorija":"bankomats","id":"node/8421296075","adrese":"Pilsoņu iela 1 k-1, Rīga","name":"Swedbank","operator":"Swedbank","brand":"Swedbank"}},{"type":"Feature","geometry":{"type":"Point","coordinates":[24.070722,56.936913]},"properties":{"kategorija":"bankomats","id":"node/8421296076","adrese":"Pilsoņu iela 1 k-1, Rīga","name":"SEB","operator":"SEB","brand":"SEB","opening_hours":"24/7"}},{"type":"Feature","geometry":{"type":"Point","coordinates":[24.05504,56.904434]},"properties":{"kategorija":"bankomats","id":"node/8437067309","adrese":"Daugavas iela 31, Mārupe","name":"Swedbank","operator":"Swedbank","brand":"Swedbank"}},{"type":"Feature","geometry":{"type":"Point","coordinates":[23.611984,56.800278]},"properties":{"kategorija":"bankomats","id":"node/8448359164","adrese":"","name":"Swedbank","operator":"Swedbank","brand":"Swedbank","opening_hours":"Mo-Su 08:00-21:00"}},{"type":"Feature","geometry":{"type":"Point","coordinates":[24.584521,56.816768]},"properties":{"kategorija":"bankomats","id":"node/849056430","adrese":"Rīgas iela 23, Ogre","name":"Swedbank","operator":"Swedbank","brand":"Swedbank"}},{"type":"Feature","geometry":{"type":"Point","coordinates":[24.585448,56.816666]},"properties":{"kategorija":"bankomats","id":"node/849056472","adrese":"Rīgas iela 23, Ogre","name":"SEB","operator":"SEB","brand":"SEB","opening_hours":"Mo-Su 08:00-22:00"}},{"type":"Feature","geometry":{"type":"Point","coordinates":[24.600945,56.812614]},"properties":{"kategorija":"degviela","id":"node/8592898370","adrese":"Rīgas iela 11A, Ogre","name":"Neste A24","operator":"Neste","brand":"Neste","opening_hours":"24/7"}},{"type":"Feature","geometry":{"type":"Point","coordinates":[25.453717,57.518982]},"properties":{"kategorija":"degviela","id":"node/860246279","adrese":"Cempu iela 12, Valmiera","name":"Latvijas Propāna Gāze","operator":"Latvijas Propāna gāze","brand":"Latvijas Propāna Gāze","opening_hours":"24/7"}},{"type":"Feature","geometry":{"type":"Point","coordinates":[24.291772,57.006049]},"properties":{"kategorija":"degviela","id":"node/860282319","adrese":"","name":"Latvijas Propāna gāze","operator":"Latvijas Propāna gāze","opening_hours":"24/7"}},{"type":"Feature","geometry":{"type":"Point","coordinates":[26.296198,55.977243]},"properties":{"kategorija":"bankomats","id":"node/8615559618","adrese":"Pilskalnes iela 2A, Ilūkste","operator":"Swedbank","opening_hours":"24/7"}},{"type":"Feature","geometry":{"type":"Point","coordinates":[22.502171,57.349352]},"properties":{"kategorija":"degviela","id":"node/8671607164","adrese":"Vecpūņas","name":"Savi"}},{"type":"Feature","geometry":{"type":"Point","coordinates":[23.909427,56.944367]},"properties":{"kategorija":"bankomats","id":"node/8684402146","adrese":"Rīgas iela 8, Piņķi","operator":"Luminor","opening_hours":"24/7"}},{"type":"Feature","geometry":{"type":"Point","coordinates":[27.336316,56.514565]},"properties":{"kategorija":"bankomats","id":"node/8693082929","adrese":"Atbrīvošanas aleja 138, Rēzekne","operator":"SEB","brand":"SEB","opening_hours":"Mo-Su 08:00-22:00"}},{"type":"Feature","geometry":{"type":"Point","coordinates":[27.336333,56.514804]},"properties":{"kategorija":"bankomats","id":"node/8704573243","adrese":"Atbrīvošanas aleja 138, Rēzekne","operator":"Luminor"}},{"type":"Feature","geometry":{"type":"Point","coordinates":[24.037501,56.929601]},"properties":{"kategorija":"bankomats","id":"node/8709526358","adrese":"Jaunmoku iela 21, Rīga","operator":"SEB","opening_hours":"Mo-Su 08:00-23:00"}},{"type":"Feature","geometry":{"type":"Point","coordinates":[24.054619,57.02666]},"properties":{"kategorija":"bankomats","id":"node/8709526359","adrese":"Finiera iela 6, Rīga","name":"SEB","operator":"SEB","brand":"SEB","opening_hours":"24/7"}},{"type":"Feature","geometry":{"type":"Point","coordinates":[23.907473,56.955984]},"properties":{"kategorija":"bankomats","id":"node/8709526360","adrese":"Jaunā iela 12 k-17, Piņķi","name":"SEB","operator":"SEB","brand":"SEB","opening_hours":"Mo-Su 08:00-22:00"}},{"type":"Feature","geometry":{"type":"Point","coordinates":[21.0136,56.5343]},"properties":{"kategorija":"bankomats","id":"node/8709526361","adrese":"Ziemeļu iela 10, Liepāja","name":"SEB","operator":"SEB","brand":"SEB","opening_hours":"Mo-Su 08:00-22:00"}},{"type":"Feature","geometry":{"type":"Point","coordinates":[24.231931,56.832006]},"properties":{"kategorija":"bankomats","id":"node/8709526362","adrese":"Rīgas iela 22A, Ķekava","name":"SEB","operator":"SEB","brand":"SEB","opening_hours":"Mo-Su 08:00-22:00"}},{"type":"Feature","geometry":{"type":"Point","coordinates":[22.783644,57.033631]},"properties":{"kategorija":"bankomats","id":"node/8709526363","adrese":"Lielā iela 1, Kandava","name":"SEB","operator":"SEB","brand":"SEB","opening_hours":"Mo-Su 08:00-22:00"}},{"type":"Feature","geometry":{"type":"Point","coordinates":[25.857516,56.515729]},"properties":{"kategorija":"bankomats","id":"node/8709526364","adrese":"Rīgas iela 218H, Jēkabpils","operator":"SEB","brand":"SEB","opening_hours":"24/7"}},{"type":"Feature","geometry":{"type":"Point","coordinates":[28.120129,56.389169]},"properties":{"kategorija":"bankomats","id":"node/8709526365","adrese":"Brīvības iela 32, Zilupe","name":"SEB","operator":"SEB","brand":"SEB","opening_hours":"24/7"}},{"type":"Feature","geometry":{"type":"Point","coordinates":[24.65898,57.124897]},"properties":{"kategorija":"bankomats","id":"node/8709526366","adrese":"Krustiņi","name":"SEB","operator":"SEB","brand":"SEB","opening_hours":"24/7"}},{"type":"Feature","geometry":{"type":"Point","coordinates":[26.922394,56.549895]},"properties":{"kategorija":"bankomats","id":"node/8709526367","adrese":"Brīvības iela 2, Viļāni","operator":"SEB","opening_hours":"24/7"}},{"type":"Feature","geometry":{"type":"Point","coordinates":[21.546548,57.385794]},"properties":{"kategorija":"bankomats","id":"node/8709526368","adrese":"J. Poruka iela 16, Ventspils","operator":"SEB","brand":"SEB","opening_hours":"Mo-Su 08:00-23:00"}},{"type":"Feature","geometry":{"type":"Point","coordinates":[27.671083,57.184216]},"properties":{"kategorija":"bankomats","id":"node/8709526369","adrese":"Balvu iela 5, Viļaka","operator":"SEB","brand":"SEB","opening_hours":"Mo-Su 09:00-23:00"}},{"type":"Feature","geometry":{"type":"Point","coordinates":[21.579376,57.387852]},"properties":{"kategorija":"bankomats","id":"node/8709526371","adrese":"Lielais prospekts 3/5, Ventspils","name":"SEB","operator":"SEB","brand":"SEB","opening_hours":"Mo-Su 08:00-22:00"}},{"type":"Feature","geometry":{"type":"Point","coordinates":[26.752417,56.609675]},"properties":{"kategorija":"bankomats","id":"node/8709526372","adrese":"Rīgas iela 13, Varakļāni","name":"SEB","operator":"SEB","brand":"SEB","opening_hours":"24/7"}},{"type":"Feature","geometry":{"type":"Point","coordinates":[26.019855,57.773812]},"properties":{"kategorija":"bankomats","id":"node/8709526373","adrese":"Rīgas iela 17, Valka","operator":"SEB","opening_hours":"24/7"}},{"type":"Feature","geometry":{"type":"Point","coordinates":[26.01629,57.771572]},"properties":{"kategorija":"bankomats","id":"node/8709526374","adrese":"Rīgas iela 25, Valka","operator":"SEB","opening_hours":"24/7"}},{"type":"Feature","geometry":{"type":"Point","coordinates":[23.116001,56.9528]},"properties":{"kategorija":"bankomats","id":"node/8709526375","adrese":"Eksporta iela 6, Tukums","name":"SEB","operator":"SEB","brand":"SEB","opening_hours":"24/7"}},{"type":"Feature","geometry":{"type":"Point","coordinates":[23.179812,56.957671]},"properties":{"kategorija":"bankomats","id":"node/8709526376","adrese":"Alīnes iela 1A, Tukums","operator":"SEB","opening_hours":"24/7"}},{"type":"Feature","geometry":{"type":"Point","coordinates":[23.153402,56.972001]},"properties":{"kategorija":"bankomats","id":"node/8709526377","adrese":"Kurzemes iela 36, Tukums","name":"SEB","operator":"SEB","brand":"SEB","opening_hours":"Mo-Su 08:00-22:00"}},{"type":"Feature","geometry":{"type":"Point","coordinates":[22.590167,57.24426]},"properties":{"kategorija":"bankomats","id":"node/8709526378","adrese":"Lielā iela 17, Talsi","operator":"SEB","opening_hours":"24/7"}},{"type":"Feature","geometry":{"type":"Point","coordinates":[25.900322,57.426119]},"properties":{"kategorija":"bankomats","id":"node/8709526380","adrese":"Daugavas iela 1A, Smiltene","name":"SEB","operator":"SEB","brand":"SEB","opening_hours":"24/7"}},{"type":"Feature","geometry":{"type":"Point","coordinates":[25.684913,57.627254]},"properties":{"kategorija":"bankomats","id":"node/8709526381","adrese":"Rīgas iela 7, Strenči","name":"SEB","operator":"SEB","brand":"SEB","opening_hours":"Mo-Fr 00:00-24:00"}},{"type":"Feature","geometry":{"type":"Point","coordinates":[25.908431,57.423958]},"properties":{"kategorija":"bankomats","id":"node/8709526382","adrese":"Dārza iela 11, Smiltene","name":"SEB","operator":"SEB","brand":"SEB","opening_hours":"24/7"}},{"type":"Feature","geometry":{"type":"Point","coordinates":[22.494373,56.666371]},"properties":{"kategorija":"bankomats","id":"node/8709526384","adrese":"Jelgavas iela 1, Saldus","name":"SEB","operator":"SEB","brand":"SEB","opening_hours":"24/7"}},{"type":"Feature","geometry":{"type":"Point","coordinates":[22.495016,56.666659]},"properties":{"kategorija":"bankomats","id":"node/8709526386","adrese":"Jelgavas iela 1, Saldus","name":"SEB","operator":"SEB","brand":"SEB","opening_hours":"24/7"}},{"type":"Feature","geometry":{"type":"Point","coordinates":[22.489982,56.668316]},"properties":{"kategorija":"bankomats","id":"node/8709526387","adrese":"Brīvības iela 30, Saldus","name":"SEB","operator":"SEB","brand":"SEB","opening_hours":"Mo-Su 08:00-22:00"}},{"type":"Feature","geometry":{"type":"Point","coordinates":[24.35721,57.75103]},"properties":{"kategorija":"bankomats","id":"node/8709526388","adrese":"Rīgas iela 13, Salacgrīva","name":"SEB","operator":"SEB","brand":"SEB","opening_hours":"Mo-Su 09:00-22:00"}},{"type":"Feature","geometry":{"type":"Point","coordinates":[24.191916,56.905663]},"properties":{"kategorija":"bankomats","id":"node/8709526389","adrese":"Latgales iela 357, Rīga","name":"SEB","operator":"SEB","brand":"SEB","opening_hours":"Mo-Su 09:00-22:00"}},{"type":"Feature","geometry":{"type":"Point","coordinates":[24.006155,56.954027]},"properties":{"kategorija":"bankomats","id":"node/8709526390","adrese":"Jūrmalas gatve 85, Rīga","name":"SEB","operator":"SEB","brand":"SEB","opening_hours":"08:00-22:00"}},{"type":"Feature","geometry":{"type":"Point","coordinates":[24.039369,56.931324]},"properties":{"kategorija":"bankomats","id":"node/8709526391","adrese":"Jaunmoku iela 13, Rīga","name":"SEB","operator":"SEB","brand":"SEB","opening_hours":"Mo-Sa 10:00-21:00;Su 10:00-20:00"}},{"type":"Feature","geometry":{"type":"Point","coordinates":[24.205018,56.981759]},"properties":{"kategorija":"bankomats","id":"node/8709526394","adrese":"Brīvības gatve 372, Rīga","name":"SEB","operator":"SEB","brand":"SEB","opening_hours":"Mo-Su 10:00-22:00"}},{"type":"Feature","geometry":{"type":"Point","coordinates":[24.1033,56.9262]},"properties":{"kategorija":"bankomats","id":"node/8709526395","adrese":"Mūkusalas iela 71, Rīga","name":"SEB","operator":"SEB","brand":"SEB","opening_hours":"Mo-Su 09:00-22:00"}},{"type":"Feature","geometry":{"type":"Point","coordinates":[24.119437,56.96448]},"properties":{"kategorija":"bankomats","id":"node/8709526397","adrese":"Grostonas iela 1, Rīga","name":"SEB","operator":"SEB","brand":"SEB","opening_hours":"Mo-Su 08:00-23:00"}},{"type":"Feature","geometry":{"type":"Point","coordinates":[23.9964,56.9595]},"properties":{"kategorija":"bankomats","id":"node/8709526399","adrese":"Kurzemes prospekts 141, Rīga","name":"SEB","operator":"SEB","brand":"SEB","opening_hours":"Mo-Su 08:00-22:00"}},{"type":"Feature","geometry":{"type":"Point","coordinates":[24.123239,56.998526]},"properties":{"kategorija":"bankomats","id":"node/8709526400","adrese":"Sarkandaugavas iela 9, Rīga","name":"SEB","operator":"SEB","brand":"SEB","opening_hours":"Mo-Su 08:00-22:00"}},{"type":"Feature","geometry":{"type":"Point","coordinates":[24.054464,56.953219]},"properties":{"kategorija":"bankomats","id":"node/8709526401","adrese":"Dzirciema iela 16, Rīga","name":"SEB","operator":"SEB","brand":"SEB","opening_hours":"24/7"}},{"type":"Feature","geometry":{"type":"Point","coordinates":[24.118425,56.915632]},"properties":{"kategorija":"bankomats","id":"node/8709526402","adrese":"Mūkusalas iela 95, Rīga","name":"SEB","operator":"SEB","brand":"SEB","opening_hours":"24/7"}},{"type":"Feature","geometry":{"type":"Point","coordinates":[24.078579,56.896608]},"properties":{"kategorija":"bankomats","id":"node/8709526403","adrese":"Vienības gatve 194A, Rīga","name":"SEB","operator":"SEB","brand":"SEB","opening_hours":"Mo-Su 08:00-22:00"}},{"type":"Feature","geometry":{"type":"Point","coordinates":[24.13261,56.986836]},"properties":{"kategorija":"bankomats","id":"node/8709526404","adrese":"Duntes iela 19A, Rīga","operator":"SEB","opening_hours":"Mo-Su 09:00-22:00"}},{"type":"Feature","geometry":{"type":"Point","coordinates":[24.103092,56.903434]},"properties":{"kategorija":"bankomats","id":"node/8709526405","adrese":"Līvciema iela 46, Rīga","operator":"SEB","opening_hours":"Mo-Su 08:00-22:00"}},{"type":"Feature","geometry":{"type":"Point","coordinates":[25.358819,57.313401]},"properties":{"kategorija":"bankomats","id":"node/8709526407","adrese":"Cēsu prospekts 44, Priekuļi","name":"SEB","operator":"SEB","brand":"SEB","opening_hours":"24/7"}},{"type":"Feature","geometry":{"type":"Point","coordinates":[26.723498,56.293901]},"properties":{"kategorija":"bankomats","id":"node/8709526408","adrese":"Tirgus laukums 4, Preiļi","operator":"SEB","brand":"SEB","opening_hours":"Mo-Su 06:00-22:00"}},{"type":"Feature","geometry":{"type":"Point","coordinates":[23.788201,56.6919]},"properties":{"kategorija":"bankomats","id":"node/8709526409","adrese":"Skolas iela 1B, Ozolnieki","operator":"SEB","opening_hours":"Mo-Fr 07:30-22:00;Sa 08:00-22:00;Su 09:00-21:00"}},{"type":"Feature","geometry":{"type":"Point","coordinates":[26.709374,56.299396]},"properties":{"kategorija":"bankomats","id":"node/8709526410","adrese":"Rīgas iela 4D, Preiļi","operator":"SEB","opening_hours":"Mo-Su 08:00-22:00"}},{"type":"Feature","geometry":{"type":"Point","coordinates":[23.12216,57.33643]},"properties":{"kategorija":"bankomats","id":"node/8709526411","adrese":"Zvejnieku iela 3C, Mērsrags","name":"SEB","operator":"SEB","brand":"SEB","opening_hours":"24/7"}},{"type":"Feature","geometry":{"type":"Point","coordinates":[26.220377,56.851771]},"properties":{"kategorija":"bankomats","id":"node/8709526412","adrese":"","operator":"SEB","opening_hours":"24/7"}},{"type":"Feature","geometry":{"type":"Point","coordinates":[26.231328,56.860109]},"properties":{"kategorija":"bankomats","id":"node/8709526413","adrese":"Rūpniecības iela 49, Madona","name":"SEB","operator":"SEB","brand":"SEB","opening_hours":"Mo,We-Su 08:00-22:00;Tu 08:00-23:00"}},{"type":"Feature","geometry":{"type":"Point","coordinates":[27.720807,56.544612]},"properties":{"kategorija":"bankomats","id":"node/8709526414","adrese":"Stacijas iela 30, Ludza","name":"SEB","operator":"SEB","brand":"SEB","opening_hours":"24/7"}},{"type":"Feature","geometry":{"type":"Point","coordinates":[24.715652,57.512775]},"properties":{"kategorija":"bankomats","id":"node/8709526415","adrese":"Rīgas iela 8, Limbaži","name":"SEB","operator":"SEB","brand":"SEB","opening_hours":"Mo-Su 09:00-20:00"}},{"type":"Feature","geometry":{"type":"Point","coordinates":[21.01728,56.511143]},"properties":{"kategorija":"bankomats","id":"node/8709526416","adrese":"Kārļa Zāles laukums 8, Liepāja","name":"SEB","operator":"SEB","brand":"SEB","opening_hours":"Mo-Su 09:00-22:00"}},{"type":"Feature","geometry":{"type":"Point","coordinates":[21.010237,56.504436]},"properties":{"kategorija":"bankomats","id":"node/8709548618","adrese":"Kuršu iela 7/9, Liepāja","name":"SEB","operator":"SEB","brand":"SEB","opening_hours":"Mo-Su 09:00-20:00"}},{"type":"Feature","geometry":{"type":"Point","coordinates":[21.005082,56.487185]},"properties":{"kategorija":"bankomats","id":"node/8709548619","adrese":"Klaipēdas iela 104C, Liepāja","name":"SEB","operator":"SEB","brand":"SEB","opening_hours":"Mo-Su 08:00-22:00"}},{"type":"Feature","geometry":{"type":"Point","coordinates":[21.010808,56.507658]},"properties":{"kategorija":"bankomats","id":"node/8709548620","adrese":"Lielā iela 13, Liepāja","name":"SEB","operator":"SEB","brand":"SEB","opening_hours":"Mo-Su 08:00-22:00"}},{"type":"Feature","geometry":{"type":"Point","coordinates":[24.809397,56.717027]},"properties":{"kategorija":"bankomats","id":"node/8709548621","adrese":"Lāčplēša iela 23B, Lielvārde","name":"SEB","operator":"SEB","brand":"SEB","opening_hours":"Mo-Su 08:00-22:00"}},{"type":"Feature","geometry":{"type":"Point","coordinates":[21.017881,56.51459]},"properties":{"kategorija":"bankomats","id":"node/8709548622","adrese":"Jaunā ostmala 3/5, Liepāja","name":"SEB","operator":"SEB","brand":"SEB","opening_hours":"Mo-Su 10:00-22:00"}},{"type":"Feature","geometry":{"type":"Point","coordinates":[24.719391,56.744912]},"properties":{"kategorija":"bankomats","id":"node/8709548623","adrese":"Ķeguma prospekts 1A, Ķegums","name":"SEB","operator":"SEB","brand":"SEB","opening_hours":"24/7"}},{"type":"Feature","geometry":{"type":"Point","coordinates":[21.960908,56.968429]},"properties":{"kategorija":"bankomats","id":"node/8709548625","adrese":"Liepājas iela 44, Kuldīga","operator":"SEB","opening_hours":"Mo-Su 08:00-21:00"}},{"type":"Feature","geometry":{"type":"Point","coordinates":[27.167806,55.896383]},"properties":{"kategorija":"bankomats","id":"node/8709548626","adrese":"Brīvības iela 17, Krāslava","operator":"SEB","opening_hours":"Mo-Su 06:00-23:00"}},{"type":"Feature","geometry":{"type":"Point","coordinates":[27.163594,55.896103]},"properties":{"kategorija":"bankomats","id":"node/8709548627","adrese":"Rīgas iela 32A, Krāslava","operator":"SEB","opening_hours":"24/7"}},{"type":"Feature","geometry":{"type":"Point","coordinates":[23.615348,56.960886]},"properties":{"kategorija":"bankomats","id":"node/8709548628","adrese":"Talsu šoseja 29, Jūrmala","name":"SEB","operator":"SEB","brand":"SEB","opening_hours":"Mo-Su 08:00-22:00"}},{"type":"Feature","geometry":{"type":"Point","coordinates":[25.878164,56.495435]},"properties":{"kategorija":"bankomats","id":"node/8709548629","adrese":"Vienības iela 7, Jēkabpils","name":"SEB banka","operator":"SEB","brand":"SEB","opening_hours":"24/7"}},{"type":"Feature","geometry":{"type":"Point","coordinates":[25.866875,56.49721]},"properties":{"kategorija":"bankomats","id":"node/8709548630","adrese":"Pasta iela 16A, Jēkabpils","name":"SEB","operator":"SEB","brand":"SEB","opening_hours":"24/7"}},{"type":"Feature","geometry":{"type":"Point","coordinates":[25.838232,56.499143]},"properties":{"kategorija":"bankomats","id":"node/8709548631","adrese":"Brīvības iela 301A, Jēkabpils","name":"SEB","operator":"SEB","brand":"SEB","opening_hours":"24/7"}},{"type":"Feature","geometry":{"type":"Point","coordinates":[25.866457,56.497846]},"properties":{"kategorija":"bankomats","id":"node/8709548632","adrese":"Vecpilsētas laukums 3B, Jēkabpils","name":"SEB","operator":"SEB","brand":"SEB","opening_hours":"24/7"}},{"type":"Feature","geometry":{"type":"Point","coordinates":[23.704428,56.65095]},"properties":{"kategorija":"bankomats","id":"node/8709548633","adrese":"Lielā iela 49, Jelgava","name":"SEB","operator":"SEB","brand":"SEB","opening_hours":"24/7"}},{"type":"Feature","geometry":{"type":"Point","coordinates":[23.746155,56.661588]},"properties":{"kategorija":"bankomats","id":"node/8709548634","adrese":"Rīgas iela 11A, Jelgava","name":"SEB","operator":"SEB","brand":"SEB","opening_hours":"Mo-Su 08:00-23:00"}},{"type":"Feature","geometry":{"type":"Point","coordinates":[23.75809,56.668329]},"properties":{"kategorija":"bankomats","id":"node/8709548635","adrese":"Pērnavas iela 4, Jelgava","name":"SEB","operator":"SEB","brand":"SEB","opening_hours":"24/7"}},{"type":"Feature","geometry":{"type":"Point","coordinates":[25.969899,56.688736]},"properties":{"kategorija":"bankomats","id":"node/8709548636","adrese":"Vesetas iela 5, Jaunkalsnava","operator":"SEB","opening_hours":"24/7"}},{"type":"Feature","geometry":{"type":"Point","coordinates":[24.197001,56.597783]},"properties":{"kategorija":"bankomats","id":"node/8709548637","adrese":"Rīgas iela 27, Iecava","name":"SEB","operator":"SEB","brand":"SEB","opening_hours":"24/7"}},{"type":"Feature","geometry":{"type":"Point","coordinates":[24.497892,56.83713]},"properties":{"kategorija":"bankomats","id":"node/8709548638","adrese":"Melioratoru iela 1A, Ikšķile","operator":"SEB","brand":"SEB","opening_hours":"24/7"}},{"type":"Feature","geometry":{"type":"Point","coordinates":[26.765742,57.1682]},"properties":{"kategorija":"bankomats","id":"node/8709548639","adrese":"Blaumaņa iela 24, Gulbene","name":"SEB","operator":"SEB","brand":"SEB","opening_hours":"Mo-Su 10:00-22:00"}},{"type":"Feature","geometry":{"type":"Point","coordinates":[24.287132,57.002448]},"properties":{"kategorija":"bankomats","id":"node/8709548640","adrese":"Berģi","name":"SEB","operator":"SEB","brand":"SEB","opening_hours":"Mo-Fr 08:00-21:00;Sa 08:00-20:00;Su 09:00-18:00"}},{"type":"Feature","geometry":{"type":"Point","coordinates":[24.254299,56.95427]},"properties":{"kategorija":"bankomats","id":"node/8709548641","adrese":"Biķeru iela 2, Ulbroka","name":"SEB","operator":"SEB","brand":"SEB","opening_hours":"Mo-Su 10:00-21:00"}},{"type":"Feature","geometry":{"type":"Point","coordinates":[26.561017,55.893276]},"properties":{"kategorija":"bankomats","id":"node/8709548642","adrese":"Inženieru iela 1, Daugavpils","name":"SEB","operator":"SEB","brand":"SEB","opening_hours":"24/7"}},{"type":"Feature","geometry":{"type":"Point","coordinates":[27.536773,56.094956]},"properties":{"kategorija":"bankomats","id":"node/8709548643","adrese":"Alejas iela 4, Dagda","operator":"SEB","brand":"SEB","opening_hours":"Mo-Fr 06:00-23:00;Sa 06:00-18:00"}},{"type":"Feature","geometry":{"type":"Point","coordinates":[26.509806,55.884501]},"properties":{"kategorija":"bankomats","id":"node/8709548644","adrese":"Stacijas iela 129K, Daugavpils","operator":"SEB","opening_hours":"Mo-Fr 08:00-20:00; Sa 08:00-19:00; Su 09:00-18:00"}},{"type":"Feature","geometry":{"type":"Point","coordinates":[25.2635,57.3124]},"properties":{"kategorija":"bankomats","id":"node/8709548645","adrese":"Bērzaines iela 6, Cēsis","name":"SEB","operator":"SEB","brand":"SEB","opening_hours":"24/7"}},{"type":"Feature","geometry":{"type":"Point","coordinates":[25.302793,57.296838]},"properties":{"kategorija":"bankomats","id":"node/8709548646","adrese":"","name":"SEB","operator":"SEB","brand":"SEB","opening_hours":"24/7"}},{"type":"Feature","geometry":{"type":"Point","coordinates":[25.278452,57.313426]},"properties":{"kategorija":"bankomats","id":"node/8709548647","adrese":"Raunas iela 8, Cēsis","name":"SEB","operator":"SEB","brand":"SEB","opening_hours":"24/7"}},{"type":"Feature","geometry":{"type":"Point","coordinates":[26.309499,56.968302]},"properties":{"kategorija":"bankomats","id":"node/8709548648","adrese":"Pils iela 1A, Cesvaine","name":"SEB","operator":"SEB","brand":"SEB","opening_hours":"24/7"}},{"type":"Feature","geometry":{"type":"Point","coordinates":[24.1884,56.4058]},"properties":{"kategorija":"bankomats","id":"node/8709548649","adrese":"Pionieru iela 2, Bauska","name":"SEB","operator":"SEB","brand":"SEB","opening_hours":"Mo-Su 08:00-22:00"}},{"type":"Feature","geometry":{"type":"Point","coordinates":[24.194781,56.407534]},"properties":{"kategorija":"bankomats","id":"node/8709548651","adrese":"Slimnīcas iela 8, Bauska","name":"SEB","operator":"SEB","brand":"SEB","opening_hours":"24/7"}},{"type":"Feature","geometry":{"type":"Point","coordinates":[27.263968,57.132111]},"properties":{"kategorija":"bankomats","id":"node/8709548652","adrese":"Partizānu iela 8, Balvi","operator":"SEB","brand":"SEB","opening_hours":"Mo-Su 08:00-22:00"}},{"type":"Feature","geometry":{"type":"Point","coordinates":[22.894339,56.464518]},"properties":{"kategorija":"bankomats","id":"node/8709548653","adrese":"Aspazijas laukums 3, Auce","operator":"SEB","brand":"SEB","opening_hours":"Mo-Su 08:00-22:00"}},{"type":"Feature","geometry":{"type":"Point","coordinates":[25.262587,56.606734]},"properties":{"kategorija":"bankomats","id":"node/8709548654","adrese":"Druvas iela 2, Aizkraukle","name":"SEB","operator":"SEB","brand":"SEB","opening_hours":"24/7"}},{"type":"Feature","geometry":{"type":"Point","coordinates":[27.049657,57.423716]},"properties":{"kategorija":"bankomats","id":"node/8709548655","adrese":"Lielā Ezera iela 2A, Alūksne","name":"SEB","operator":"SEB","brand":"SEB","opening_hours":"24/7"}},{"type":"Feature","geometry":{"type":"Point","coordinates":[25.258319,56.610259]},"properties":{"kategorija":"bankomats","id":"node/8709548656","adrese":"Gaismas iela 35, Aizkraukle","name":"SEB","operator":"SEB","brand":"SEB","opening_hours":"Mo-Su 08:00-22:00"}},{"type":"Feature","geometry":{"type":"Point","coordinates":[21.56989,56.979326]},"properties":{"kategorija":"bankomats","id":"node/8709548657","adrese":"Alsunga","operator":"SEB","opening_hours":"24/7"}},{"type":"Feature","geometry":{"type":"Point","coordinates":[24.319756,57.071521]},"properties":{"kategorija":"bankomats","id":"node/874389154","adrese":"Rīgas gatve 5, Ādaži","name":"SEB","operator":"SEB","brand":"SEB","opening_hours":"Mo-Su 08:00-22:00"}},{"type":"Feature","geometry":{"type":"Point","coordinates":[24.137954,56.940766]},"properties":{"kategorija":"degviela","id":"node/8773860824","adrese":"Katoļu iela 4, Rīga","name":"Neste","brand":"Neste","opening_hours":"24/7"}},{"type":"Feature","geometry":{"type":"Point","coordinates":[27.269617,57.132212]},"properties":{"kategorija":"bankomats","id":"node/8788433988","adrese":"Brīvības iela 63/65, Balvi","operator":"SEB","brand":"SEB","opening_hours":"24/7"}},{"type":"Feature","geometry":{"type":"Point","coordinates":[23.72901,56.652926]},"properties":{"kategorija":"bankomats","id":"node/8788446309","adrese":"Lielā iela 1, Jelgava","name":"SEB","operator":"SEB","brand":"SEB","opening_hours":"24/7"}},{"type":"Feature","geometry":{"type":"Point","coordinates":[22.571184,57.04636]},"properties":{"kategorija":"bankomats","id":"node/8825210419","adrese":"Ventspils iela 9, Sabile","operator":"Swedbank","opening_hours":"Mo-Su 08:00-22:00"}},{"type":"Feature","geometry":{"type":"Point","coordinates":[22.172113,57.246801]},"properties":{"kategorija":"degviela","id":"node/883069874","adrese":"","name":"Kool Usma","brand":"Kool","opening_hours":"24/7"}},{"type":"Feature","geometry":{"type":"Point","coordinates":[24.31976,57.07151]},"properties":{"kategorija":"bankomats","id":"node/8832546165","adrese":"Rīgas gatve 5, Ādaži","name":"Swedbank","operator":"Swedbank","brand":"Swedbank","opening_hours":"Mo-Su 08:00-23:00"}},{"type":"Feature","geometry":{"type":"Point","coordinates":[24.124643,56.950269]},"properties":{"kategorija":"bankomats","id":"node/886438724","adrese":"Marijas iela 14, Rīga","name":"SEB","operator":"SEB","brand":"SEB","opening_hours":"24/7"}},{"type":"Feature","geometry":{"type":"Point","coordinates":[24.105887,56.946291]},"properties":{"kategorija":"bankomats","id":"node/886748864","adrese":"","name":"Luminor","operator":"Luminor Bank","brand":"Luminor Bank"}},{"type":"Feature","geometry":{"type":"Point","coordinates":[24.054922,56.953593]},"properties":{"kategorija":"bankomats","id":"node/8875066231","adrese":"Dzirciema iela 16, Rīga","name":"SEB","operator":"SEB","brand":"SEB"}},{"type":"Feature","geometry":{"type":"Point","coordinates":[21.01722,56.48615]},"properties":{"kategorija":"bankomats","id":"node/889434415","adrese":"Ganību iela 175/177, Liepāja","name":"Swedbank","operator":"Swedbank","brand":"Swedbank"}},{"type":"Feature","geometry":{"type":"Point","coordinates":[21.009464,56.506742]},"properties":{"kategorija":"bankomats","id":"node/889434422","adrese":"Tirgoņu iela 18, Liepāja","name":"Swedbank","operator":"Swedbank","brand":"Swedbank","opening_hours":"24/7"}},{"type":"Feature","geometry":{"type":"Point","coordinates":[21.069026,56.535869]},"properties":{"kategorija":"degviela","id":"node/890849761","adrese":"Brīvības iela 174, Liepāja","name":"Latvijas Nafta","brand":"Latvijas Nafta","opening_hours":"24/7","phone":"+371 63481715","website":"http://www.latvijasnafta.lv"}},{"type":"Feature","geometry":{"type":"Point","coordinates":[21.564386,57.392439]},"properties":{"kategorija":"bankomats","id":"node/890854427","adrese":"Kuldīgas iela 23, Ventspils","operator":"SEB"}},{"type":"Feature","geometry":{"type":"Point","coordinates":[24.664708,57.516976]},"properties":{"kategorija":"degviela","id":"node/8910676968","adrese":"","name":"Gotika"}},{"type":"Feature","geometry":{"type":"Point","coordinates":[24.217599,56.943786]},"properties":{"kategorija":"bankomats","id":"node/892139500","adrese":"Ulbrokas iela 22A, Rīga","name":"Luminor Bank","operator":"Luminor Bank","brand":"Luminor Bank"}},{"type":"Feature","geometry":{"type":"Point","coordinates":[25.823589,56.531858]},"properties":{"kategorija":"degviela","id":"node/893459232","adrese":"","operator":"Latvijas Nafta"}},{"type":"Feature","geometry":{"type":"Point","coordinates":[24.174137,56.960674]},"properties":{"kategorija":"degviela","id":"node/8972891038","adrese":"Dzelzavas iela 36, Rīga","name":"KOOL","operator":"SIA “KOOL Latvija”","brand":"KOOL","opening_hours":"24/7","website":"https://www.kool.lv/"}},{"type":"Feature","geometry":{"type":"Point","coordinates":[25.419624,57.538139]},"properties":{"kategorija":"bankomats","id":"node/899030442","adrese":"Rīgas iela 13, Valmiera","operator":"Luminor Bank","brand":"Luminor Bank"}},{"type":"Feature","geometry":{"type":"Point","coordinates":[25.411352,57.537333]},"properties":{"kategorija":"bankomats","id":"node/899030510","adrese":"Rīgas iela 40, Valmiera","name":"SEB","operator":"SEB","brand":"SEB","opening_hours":"24/7"}},{"type":"Feature","geometry":{"type":"Point","coordinates":[25.41713,57.537847]},"properties":{"kategorija":"bankomats","id":"node/899030837","adrese":"Rīgas iela 19, Valmiera","operator":"Luminor Bank","brand":"Luminor Bank"}},{"type":"Feature","geometry":{"type":"Point","coordinates":[22.756644,57.047773]},"properties":{"kategorija":"degviela","id":"node/900927591","adrese":"","brand":"DDUS","opening_hours":"16:00-22:00"}},{"type":"Feature","geometry":{"type":"Point","coordinates":[27.643842,56.945957]},"properties":{"kategorija":"bankomats","id":"node/9009717928","adrese":"Kārsavas iela 4, Baltinava","name":"Swedbank","operator":"Swedbank","brand":"Swedbank"}},{"type":"Feature","geometry":{"type":"Point","coordinates":[24.883992,57.766846]},"properties":{"kategorija":"bankomats","id":"node/9061885867","adrese":"Jūras iela 12, Aloja","name":"Swedbank","operator":"Swedbank"}},{"type":"Feature","geometry":{"type":"Point","coordinates":[23.797766,56.975448]},"properties":{"kategorija":"bankomats","id":"node/9079142800","adrese":"Jūras iela 23/25, Jūrmala","operator":"Citadele"}},{"type":"Feature","geometry":{"type":"Point","coordinates":[23.99962,56.9493]},"properties":{"kategorija":"bankomats","id":"node/908083934","adrese":"Zolitūdes iela 34, Rīga","operator":"Luminor","opening_hours":"24/7"}},{"type":"Feature","geometry":{"type":"Point","coordinates":[24.034611,56.978064]},"properties":{"kategorija":"degviela","id":"node/908083956","adrese":"","name":"Latvijas nafta"}},{"type":"Feature","geometry":{"type":"Point","coordinates":[23.999795,56.938472]},"properties":{"kategorija":"degviela","id":"node/9114837782","adrese":"Kārļa Ulmaņa gatve 135, Rīga","name":"Viada","brand":"Viada","opening_hours":"24/7"}},{"type":"Feature","geometry":{"type":"Point","coordinates":[24.001595,56.939142]},"properties":{"kategorija":"degviela","id":"node/9114837794","adrese":"Valgales iela 1, Rīga","name":"Viada","brand":"Viada","opening_hours":"24/7","website":"https://www.viada.lv"}},{"type":"Feature","geometry":{"type":"Point","coordinates":[22.233329,56.868053]},"properties":{"kategorija":"degviela","id":"node/9133144866","adrese":"Vārme"}},{"type":"Feature","geometry":{"type":"Point","coordinates":[24.233699,56.958387]},"properties":{"kategorija":"degviela","id":"node/9161075763","adrese":"Biķernieku iela 121A, Rīga","name":"Circle K","brand":"Circle K"}},{"type":"Feature","geometry":{"type":"Point","coordinates":[25.170587,57.208705]},"properties":{"kategorija":"degviela","id":"node/9178333391","adrese":"Ieriķi","name":"Dzirnas"}},{"type":"Feature","geometry":{"type":"Point","coordinates":[24.168148,56.97403]},"properties":{"kategorija":"degviela","id":"node/9178972939","adrese":"Brīvības gatve 203, Rīga","name":"Circle K","brand":"Circle K","opening_hours":"24/7"}},{"type":"Feature","geometry":{"type":"Point","coordinates":[26.522169,55.878679]},"properties":{"kategorija":"degviela","id":"node/9190133483","adrese":"Stacijas iela 48B, Daugavpils","name":"Ingrida"}},{"type":"Feature","geometry":{"type":"Point","coordinates":[24.096282,56.933822]},"properties":{"kategorija":"degviela","id":"node/9197797444","adrese":"Vienības gatve 6, Rīga","name":"Ūdeņraža uzpildes stacija","operator":"Rīgas satiksme","brand":"H2Nodes","opening_hours":"24/7","website":"https://www.rigassatiksme.lv/lv/pakalpojumi/udenraza-uzpildes-stacija/"}},{"type":"Feature","geometry":{"type":"Point","coordinates":[21.872138,56.422094]},"properties":{"kategorija":"degviela","id":"node/9207762945","adrese":"Brīvības iela 45A, Vaiņode","name":"Kings"}},{"type":"Feature","geometry":{"type":"Point","coordinates":[24.048013,56.937432]},"properties":{"kategorija":"degviela","id":"node/9219858712","adrese":"Kalnciema iela 88, Rīga","name":"Circle K","brand":"Circle K","opening_hours":"24/7"}},{"type":"Feature","geometry":{"type":"Point","coordinates":[22.535461,57.144796]},"properties":{"kategorija":"degviela","id":"node/9219858713","adrese":"Stacijas iela 2, Stende","name":"MC Stende"}},{"type":"Feature","geometry":{"type":"Point","coordinates":[24.914956,56.642687]},"properties":{"kategorija":"degviela","id":"node/9219901378","adrese":"Dzelmes","brand":"Virši"}},{"type":"Feature","geometry":{"type":"Point","coordinates":[21.16625,56.15993]},"properties":{"kategorija":"bankomats","id":"node/9225025930","adrese":"Rucava","operator":"Swedbank"}},{"type":"Feature","geometry":{"type":"Point","coordinates":[21.5852,56.447354]},"properties":{"kategorija":"bankomats","id":"node/9225025931","adrese":"Galvenā iela 1, Priekule","operator":"Swedbank"}},{"type":"Feature","geometry":{"type":"Point","coordinates":[21.336045,56.579168]},"properties":{"kategorija":"bankomats","id":"node/9225025932","adrese":"Parka iela 2, Lieģi","name":"Swedbank","operator":"Swedbank","brand":"Swedbank"}},{"type":"Feature","geometry":{"type":"Point","coordinates":[21.016442,56.553269]},"properties":{"kategorija":"bankomats","id":"node/9225025933","adrese":"Pulkveža Brieža iela 14, Liepāja","operator":"Swedbank"}},{"type":"Feature","geometry":{"type":"Point","coordinates":[22.022445,57.280558]},"properties":{"kategorija":"bankomats","id":"node/9225025934","adrese":"Ugāle","name":"Swedbank","operator":"Swedbank","brand":"Swedbank"}},{"type":"Feature","geometry":{"type":"Point","coordinates":[22.590156,57.372625]},"properties":{"kategorija":"bankomats","id":"node/9225025935","adrese":"Lielā iela 17A, Valdemārpils","name":"Swedbank","operator":"Swedbank","brand":"Swedbank"}},{"type":"Feature","geometry":{"type":"Point","coordinates":[22.802672,57.505184]},"properties":{"kategorija":"bankomats","id":"node/9225025936","adrese":"Selgas iela 4, Roja","name":"Swedbank","operator":"Swedbank","brand":"Swedbank"}},{"type":"Feature","geometry":{"type":"Point","coordinates":[22.534611,57.145728]},"properties":{"kategorija":"bankomats","id":"node/9225025937","adrese":"Brīvības iela 20, Stende","name":"Swedbank","operator":"Swedbank","brand":"Swedbank"}},{"type":"Feature","geometry":{"type":"Point","coordinates":[23.014055,56.731325]},"properties":{"kategorija":"bankomats","id":"node/9225025938","adrese":"Jaunpils","name":"Swedbank","operator":"Swedbank","brand":"Swedbank"}},{"type":"Feature","geometry":{"type":"Point","coordinates":[23.067657,56.482508]},"properties":{"kategorija":"bankomats","id":"node/9225025939","adrese":"Stacijas iela 10, Bēne","name":"Swedbank","operator":"Swedbank","brand":"Swedbank"}},{"type":"Feature","geometry":{"type":"Point","coordinates":[23.341284,56.510783]},"properties":{"kategorija":"bankomats","id":"node/9225025940","adrese":"Kroņauce","name":"Swedbank","operator":"Swedbank","brand":"Swedbank"}},{"type":"Feature","geometry":{"type":"Point","coordinates":[23.68271,56.416549]},"properties":{"kategorija":"bankomats","id":"node/9225025941","adrese":"Lietuvas iela 28, Eleja","name":"Swedbank","operator":"Swedbank","brand":"Swedbank"}},{"type":"Feature","geometry":{"type":"Point","coordinates":[21.175375,56.887896]},"properties":{"kategorija":"degviela","id":"node/9228416797","adrese":"","name":"Circle K","brand":"Circle K"}},{"type":"Feature","geometry":{"type":"Point","coordinates":[24.416106,57.271351]},"properties":{"kategorija":"bankomats","id":"node/9237450446","adrese":"Ainažu iela 28A, Saulkrasti","operator":"Luminor"}},{"type":"Feature","geometry":{"type":"Point","coordinates":[24.416133,57.271371]},"properties":{"kategorija":"bankomats","id":"node/9237450447","adrese":"Ainažu iela 28A, Saulkrasti","name":"SEB","operator":"SEB","brand":"SEB","opening_hours":"24/7"}},{"type":"Feature","geometry":{"type":"Point","coordinates":[24.055432,56.948414]},"properties":{"kategorija":"bankomats","id":"node/927242232","adrese":"Vīlipa iela 12, Rīga","name":"SEB","operator":"SEB","brand":"SEB"}},{"type":"Feature","geometry":{"type":"Point","coordinates":[24.279856,56.365154]},"properties":{"kategorija":"degviela","id":"node/9273406128","adrese":"Ceraukste","name":"Circle K","operator":"Circle K","brand":"Circle K"}},{"type":"Feature","geometry":{"type":"Point","coordinates":[23.58792,56.930542]},"properties":{"kategorija":"degviela","id":"node/9297764511","adrese":"Ventspils šoseja 70 k-2, Jūrmala","name":"Circle K","brand":"Circle K","opening_hours":"24/7"}},{"type":"Feature","geometry":{"type":"Point","coordinates":[26.405187,57.139491]},"properties":{"kategorija":"degviela","id":"node/9328331415","adrese":"Tirza","name":"Virši Tirza, DUS","operator":"Virši","brand":"Virši"}},{"type":"Feature","geometry":{"type":"Point","coordinates":[24.007916,56.954149]},"properties":{"kategorija":"bankomats","id":"node/9365816217","adrese":"","name":"Swedbank","operator":"Swedbank","brand":"Swedbank","opening_hours":"24/7","phone":"+371 674 44444","website":"https://www.swedbank.lv/"}},{"type":"Feature","geometry":{"type":"Point","coordinates":[24.03775,56.953968]},"properties":{"kategorija":"bankomats","id":"node/9388145670","adrese":"Kurzemes prospekts 1A, Rīga","operator":"Citadele","opening_hours":"Mo-Su 08:00-23:00"}},{"type":"Feature","geometry":{"type":"Point","coordinates":[26.520946,55.894648]},"properties":{"kategorija":"degviela","id":"node/9437534629","adrese":"Vidzemes iela 1D, Daugavpils","name":"DUS \"Daugavpils 2\"","operator":"AS \"VIADA Baltija\"","opening_hours":"24/7"}},{"type":"Feature","geometry":{"type":"Point","coordinates":[23.98706,56.949594]},"properties":{"kategorija":"degviela","id":"node/9558909390","adrese":"Kārļa Ulmaņa gatve 162, Rīga","name":"Virši","brand":"Virši","opening_hours":"24/7","website":"https://www.virsi.lv/"}},{"type":"Feature","geometry":{"type":"Point","coordinates":[26.524146,55.876259]},"properties":{"kategorija":"degviela","id":"node/9702810088","adrese":"Stacijas iela 97A, Daugavpils","name":"Circle K","brand":"Circle K"}},{"type":"Feature","geometry":{"type":"Point","coordinates":[24.121278,56.875354]},"properties":{"kategorija":"bankomats","id":"node/971040196","adrese":"Rīgas iela 23, Baloži","name":"SEB","operator":"SEB","brand":"SEB"}},{"type":"Feature","geometry":{"type":"Point","coordinates":[27.354249,56.483636]},"properties":{"kategorija":"degviela","id":"node/9820126481","adrese":""}},{"type":"Feature","geometry":{"type":"Point","coordinates":[24.896823,56.662751]},"properties":{"kategorija":"degviela","id":"node/9848019452","adrese":"","name":"Circle K","brand":"Circle K"}},{"type":"Feature","geometry":{"type":"Point","coordinates":[24.012859,56.960599]},"properties":{"kategorija":"bankomats","id":"node/9868843672","adrese":"Anniņmuižas bulvāris 40A, Rīga","name":"SEB","operator":"SEB","brand":"SEB"}},{"type":"Feature","geometry":{"type":"Point","coordinates":[24.16176,56.926015]},"properties":{"kategorija":"degviela","id":"node/9868843673","adrese":"Krasta iela 78, Rīga","name":"Viada","operator":"VIADA Baltija AS","brand":"Viada","opening_hours":"24/7"}},{"type":"Feature","geometry":{"type":"Point","coordinates":[24.116992,56.958412]},"properties":{"kategorija":"bankomats","id":"node/9874782791","adrese":"Krišjāņa Valdemāra iela 37, Rīga","operator":"Swedbank","brand":"Swedbank","opening_hours":"24/7"}},{"type":"Feature","geometry":{"type":"Point","coordinates":[23.090865,56.67286]},"properties":{"kategorija":"degviela","id":"node/9886923426","adrese":"Annenieki","name":"Neste Annenieki","brand":"Neste"}},{"type":"Feature","geometry":{"type":"Point","coordinates":[24.09617,56.91025]},"properties":{"kategorija":"degviela","id":"node/9890487700","adrese":"Valdeķu iela 34, Rīga","name":"Viada","brand":"Viada","opening_hours":"24/7"}},{"type":"Feature","geometry":{"type":"Point","coordinates":[24.847922,57.153054]},"properties":{"kategorija":"bankomats","id":"node/9899497467","adrese":"Vidus iela 1, Sigulda","name":"Swedbank","operator":"Swedbank","brand":"Swedbank","opening_hours":"Mo-Su 08:00-22:00"}},{"type":"Feature","geometry":{"type":"Point","coordinates":[22.821313,57.497406]},"properties":{"kategorija":"degviela","id":"node/9927543500","adrese":"Selgas iela 70, Roja","name":"Virši Roja","brand":"Virši"}},{"type":"Feature","geometry":{"type":"Point","coordinates":[26.708627,56.299127]},"properties":{"kategorija":"degviela","id":"node/9982106335","adrese":"Rīgas iela 4A, Preiļi","name":"Ingrid A","brand":"Ingrid A"}},{"type":"Feature","geometry":{"type":"Point","coordinates":[24.255002,56.950947]},"properties":{"kategorija":"bankomats","id":"node/9983053790","adrese":"Biķeru iela 4, Ulbroka","name":"Swedbank","operator":"Swedbank","brand":"Swedbank"}},{"type":"Feature","geometry":{"type":"Point","coordinates":[24.360759,57.743548]},"properties":{"kategorija":"degviela","id":"relation/21367481","adrese":"Vidzemes iela 29, Salacgrīva"}},{"type":"Feature","geometry":{"type":"Point","coordinates":[23.202588,56.932995]},"properties":{"kategorija":"degviela","id":"way/1023547511","adrese":"","name":"Virši","brand":"Virši"}},{"type":"Feature","geometry":{"type":"Point","coordinates":[24.034618,56.951831]},"properties":{"kategorija":"degviela","id":"way/102902631","adrese":"Jūrmalas gatve 46B, Rīga","name":"Neste","brand":"Neste","opening_hours":"24/7"}},{"type":"Feature","geometry":{"type":"Point","coordinates":[23.679513,56.399413]},"properties":{"kategorija":"degviela","id":"way/1030178561","adrese":""}},{"type":"Feature","geometry":{"type":"Point","coordinates":[25.560504,56.337942]},"properties":{"kategorija":"degviela","id":"way/1042628311","adrese":"","brand":"Astarte"}},{"type":"Feature","geometry":{"type":"Point","coordinates":[24.078434,56.926777]},"properties":{"kategorija":"degviela","id":"way/104836796","adrese":"Mārupes iela 57, Rīga","name":"Virši","operator":"AS \"Virši-A\"","brand":"Virši","opening_hours":"24/7","phone":"+37162603868"}},{"type":"Feature","geometry":{"type":"Point","coordinates":[23.633902,56.954813]},"properties":{"kategorija":"degviela","id":"way/105110116","adrese":"Staiceles iela 3, Jūrmala","name":"Gotika auto","opening_hours":"Mo-Su 00:00-24:00"}},{"type":"Feature","geometry":{"type":"Point","coordinates":[23.634988,56.956603]},"properties":{"kategorija":"degviela","id":"way/105127508","adrese":"Talsu šoseja 1, Jūrmala","name":"Latvijas nafta","operator":"Latvijas Nafta"}},{"type":"Feature","geometry":{"type":"Point","coordinates":[23.604096,56.964008]},"properties":{"kategorija":"degviela","id":"way/105131783","adrese":"","name":"Neste","brand":"Neste"}},{"type":"Feature","geometry":{"type":"Point","coordinates":[24.181995,56.978252]},"properties":{"kategorija":"degviela","id":"way/105136147","adrese":"Brīvības gatve 255, Rīga","name":"Neste","brand":"Neste","opening_hours":"24/7"}},{"type":"Feature","geometry":{"type":"Point","coordinates":[24.167862,56.964536]},"properties":{"kategorija":"degviela","id":"way/105658640","adrese":"Dzelzavas iela 5, Rīga","name":"Neste A24","operator":"Neste","brand":"Neste","opening_hours":"24/7"}},{"type":"Feature","geometry":{"type":"Point","coordinates":[26.742157,56.282348]},"properties":{"kategorija":"degviela","id":"way/1066979734","adrese":"Jaunsaimnieki","brand":"Astarte"}},{"type":"Feature","geometry":{"type":"Point","coordinates":[24.316727,57.069064]},"properties":{"kategorija":"degviela","id":"way/1069436964","adrese":"Vidlauku iela 1, Stapriņi","name":"Circle K","brand":"Circle K","opening_hours":"24/7","phone":"+371 25488959","website":"https://www.circlek.lv/station/circle-k-adazi"}},{"type":"Feature","geometry":{"type":"Point","coordinates":[23.201588,56.933876]},"properties":{"kategorija":"degviela","id":"way/1069437769","adrese":"","name":"Neste","brand":"Neste"}},{"type":"Feature","geometry":{"type":"Point","coordinates":[26.718978,56.276186]},"properties":{"kategorija":"degviela","id":"way/1074122443","adrese":"Jaunsaimnieki","name":"Virši","operator":"Virši-A","brand":"Virši"}},{"type":"Feature","geometry":{"type":"Point","coordinates":[24.145864,56.933514]},"properties":{"kategorija":"degviela","id":"way/1076155258","adrese":"Krasta iela 50, Rīga","name":"Viada","brand":"Viada"}},{"type":"Feature","geometry":{"type":"Point","coordinates":[24.021458,56.941142]},"properties":{"kategorija":"degviela","id":"way/1085968711","adrese":"","name":"Viada","brand":"Viada"}},{"type":"Feature","geometry":{"type":"Point","coordinates":[24.200018,56.397402]},"properties":{"kategorija":"degviela","id":"way/1090223108","adrese":"","name":"Bērzkalni"}},{"type":"Feature","geometry":{"type":"Point","coordinates":[23.997025,56.957456]},"properties":{"kategorija":"degviela","id":"way/1095619525","adrese":"","name":"Euro Gas"}},{"type":"Feature","geometry":{"type":"Point","coordinates":[24.241609,56.773393]},"properties":{"kategorija":"degviela","id":"way/1100580542","adrese":"","name":"Virši","brand":"Virši"}},{"type":"Feature","geometry":{"type":"Point","coordinates":[24.187138,56.925096]},"properties":{"kategorija":"degviela","id":"way/1106958284","adrese":"Krustpils iela 6A, Rīga","name":"Straujupīte","brand":"Straujupīte","opening_hours":"24/7"}},{"type":"Feature","geometry":{"type":"Point","coordinates":[24.215373,56.952624]},"properties":{"kategorija":"degviela","id":"way/1108471790","adrese":"Dzelzavas iela 116, Rīga","operator":"SIA “KOOL Latvija”","brand":"KOOL","opening_hours":"24/7","website":"https://www.kool.lv/"}},{"type":"Feature","geometry":{"type":"Point","coordinates":[24.728003,57.512559]},"properties":{"kategorija":"degviela","id":"way/1119221771","adrese":"Cēsu iela 30, Limbaži","name":"Circle K","brand":"Circle K","opening_hours":"24/7","website":"https://www.circlek.lv/"}},{"type":"Feature","geometry":{"type":"Point","coordinates":[24.06243,56.928624]},"properties":{"kategorija":"degviela","id":"way/1119706630","adrese":"Krūzes iela 53, Rīga","name":"Viada","brand":"Viada"}},{"type":"Feature","geometry":{"type":"Point","coordinates":[24.270672,56.99783]},"properties":{"kategorija":"degviela","id":"way/1130752931","adrese":"","name":"Viada","opening_hours":"24/7","phone":"+371 67301593","website":"https://www.viada.lv/dus"}},{"type":"Feature","geometry":{"type":"Point","coordinates":[22.567527,57.232609]},"properties":{"kategorija":"degviela","id":"way/1132801185","adrese":"","name":"Lateva"}},{"type":"Feature","geometry":{"type":"Point","coordinates":[21.991799,56.95821]},"properties":{"kategorija":"degviela","id":"way/1148146222","adrese":"Ganību iela 22, Kuldīga"}},{"type":"Feature","geometry":{"type":"Point","coordinates":[24.071631,56.957549]},"properties":{"kategorija":"degviela","id":"way/1156050589","adrese":"Ūdens iela 29, Rīga","name":"Straujupīte","opening_hours":"24/7"}},{"type":"Feature","geometry":{"type":"Point","coordinates":[26.2274,56.860421]},"properties":{"kategorija":"degviela","id":"way/1160756085","adrese":""}},{"type":"Feature","geometry":{"type":"Point","coordinates":[26.180354,56.342223]},"properties":{"kategorija":"degviela","id":"way/1161973534","adrese":"","name":"Neste","brand":"Neste"}},{"type":"Feature","geometry":{"type":"Point","coordinates":[24.843148,57.142852]},"properties":{"kategorija":"degviela","id":"way/1163105884","adrese":"","name":"Circle K","brand":"Circle K"}},{"type":"Feature","geometry":{"type":"Point","coordinates":[24.068695,56.959026]},"properties":{"kategorija":"degviela","id":"way/117031664","adrese":"Buļļu iela 2A, Rīga","name":"Pro Gāze auto","opening_hours":"07:00-23:00"}},{"type":"Feature","geometry":{"type":"Point","coordinates":[23.754078,56.628261]},"properties":{"kategorija":"degviela","id":"way/1178260890","adrese":"Miera iela 18, Jelgava","name":"Neste","brand":"Neste"}},{"type":"Feature","geometry":{"type":"Point","coordinates":[23.690756,56.651977]},"properties":{"kategorija":"degviela","id":"way/1181332167","adrese":"Atmodas iela 21B, Jelgava","name":"Neste A24","operator":"Neste Oil","brand":"Neste","opening_hours":"24/7"}},{"type":"Feature","geometry":{"type":"Point","coordinates":[21.05417,56.544977]},"properties":{"kategorija":"degviela","id":"way/1185448160","adrese":"Cukura iela 29, Liepāja","name":"Virši","operator":"Virši","brand":"Virši"}},{"type":"Feature","geometry":{"type":"Point","coordinates":[24.255405,56.976466]},"properties":{"kategorija":"degviela","id":"way/1192166024","adrese":"Juglas iela 16C, Rīga","name":"Viada","brand":"Viada","opening_hours":"24/7"}},{"type":"Feature","geometry":{"type":"Point","coordinates":[23.969704,56.795243]},"properties":{"kategorija":"degviela","id":"way/1207110418","adrese":"Jaunolaine","name":"Virši Olaine 2","operator":"Virši","brand":"Virši"}},{"type":"Feature","geometry":{"type":"Point","coordinates":[21.014172,56.515775]},"properties":{"kategorija":"degviela","id":"way/121221739","adrese":"Raiņa iela 2, Liepāja","name":"Neste Liepāja","operator":"Neste","brand":"Neste","website":"https://www.neste.lv/"}},{"type":"Feature","geometry":{"type":"Point","coordinates":[21.018607,56.511829]},"properties":{"kategorija":"degviela","id":"way/121221740","adrese":"Kārļa Zāles laukums 7, Liepāja","name":"Neste Liepāja II","brand":"Neste"}},{"type":"Feature","geometry":{"type":"Point","coordinates":[21.012831,56.534274]},"properties":{"kategorija":"degviela","id":"way/121256609","adrese":"Krūmu iela 56, Liepāja","name":"Viada \"Liepāja 1\"","brand":"Viada","phone":"+371 67301510","website":"https://www.viada.lv/"}},{"type":"Feature","geometry":{"type":"Point","coordinates":[24.201571,56.947559]},"properties":{"kategorija":"degviela","id":"way/121481135","adrese":"","name":"Kool"}},{"type":"Feature","geometry":{"type":"Point","coordinates":[21.00617,56.520221]},"properties":{"kategorija":"degviela","id":"way/121535918","adrese":"","name":"Viada Liepāja 4","brand":"Viada","opening_hours":"24/7","phone":"+371 67301559"}},{"type":"Feature","geometry":{"type":"Point","coordinates":[23.772061,56.675547]},"properties":{"kategorija":"degviela","id":"way/1216262739","adrese":"","name":"VIADA 3","operator":"Viada","brand":"Viada"}},{"type":"Feature","geometry":{"type":"Point","coordinates":[26.229442,56.859245]},"properties":{"kategorija":"degviela","id":"way/1233656522","adrese":"Cesvaines iela 10, Madona","name":"Circle K","operator":"Circle K","brand":"Circle K"}},{"type":"Feature","geometry":{"type":"Point","coordinates":[26.228965,56.860724]},"properties":{"kategorija":"degviela","id":"way/1234412910","adrese":"","name":"LPG Autogāze"}},{"type":"Feature","geometry":{"type":"Point","coordinates":[26.227284,56.860406]},"properties":{"kategorija":"degviela","id":"way/1234412919","adrese":"Rūpniecības iela 47A, Madona","name":"Neste","brand":"Neste"}},{"type":"Feature","geometry":{"type":"Point","coordinates":[26.205937,56.85889]},"properties":{"kategorija":"degviela","id":"way/1234456866","adrese":"Rūpniecības iela 19, Madona","name":"Viada","operator":"Viada","brand":"Viada"}},{"type":"Feature","geometry":{"type":"Point","coordinates":[24.877921,57.150293]},"properties":{"kategorija":"degviela","id":"way/1235479397","adrese":"Nītaures iela 22, Sigulda","name":"Virši","brand":"Virši"}},{"type":"Feature","geometry":{"type":"Point","coordinates":[23.724112,56.624246]},"properties":{"kategorija":"degviela","id":"way/1236854043","adrese":"Lietuvas šoseja 72, Jelgava","name":"Viada","brand":"Viada","opening_hours":"06:00-22:00","phone":"+37167301536","website":"https://www.viada.lv/"}},{"type":"Feature","geometry":{"type":"Point","coordinates":[23.724259,56.625762]},"properties":{"kategorija":"degviela","id":"way/1236854059","adrese":"Lietuvas šoseja 70, Jelgava","name":"Virši Jelgava","operator":"Virši A","brand":"Virši"}},{"type":"Feature","geometry":{"type":"Point","coordinates":[23.974703,56.795734]},"properties":{"kategorija":"degviela","id":"way/1242438404","adrese":"Jaunolaine","name":"Virši Olaine","operator":"Virši","brand":"Virši"}},{"type":"Feature","geometry":{"type":"Point","coordinates":[24.563825,56.857989]},"properties":{"kategorija":"degviela","id":"way/1248831971","adrese":"","name":"Circle K","brand":"Circle K","opening_hours":"24/7","phone":"+371 682 077 77","website":"https://www.circlek.lv/"}},{"type":"Feature","geometry":{"type":"Point","coordinates":[24.128728,56.947405]},"properties":{"kategorija":"degviela","id":"way/1252548089","adrese":"Satekles iela 2, Rīga","name":"Virši","operator":"AS \"Virši-A\"","brand":"Virši","opening_hours":"24/7","phone":"+37126553083","website":"https://www.virsi.lv"}},{"type":"Feature","geometry":{"type":"Point","coordinates":[26.228965,56.861091]},"properties":{"kategorija":"degviela","id":"way/125335691","adrese":"Saules iela 46, Madona","name":"KOOL Madona","operator":"KOOL","brand":"KOOL"}},{"type":"Feature","geometry":{"type":"Point","coordinates":[26.231249,56.85908]},"properties":{"kategorija":"degviela","id":"way/125347564","adrese":"","name":"Virši","brand":"Virši"}},{"type":"Feature","geometry":{"type":"Point","coordinates":[21.590316,56.433898]},"properties":{"kategorija":"degviela","id":"way/1254898427","adrese":"","name":"Kings"}},{"type":"Feature","geometry":{"type":"Point","coordinates":[27.24283,56.59013]},"properties":{"kategorija":"degviela","id":"way/1254899032","adrese":"Audriņi","name":"Viada"}},{"type":"Feature","geometry":{"type":"Point","coordinates":[24.182733,56.983609]},"properties":{"kategorija":"degviela","id":"way/1255217288","adrese":"Viskaļu iela 2A, Rīga","name":"Virši","brand":"Virši","opening_hours":"24/7","phone":"+371 26 221 527","website":"https://www.virsi.lv/"}},{"type":"Feature","geometry":{"type":"Point","coordinates":[24.322967,56.856657]},"properties":{"kategorija":"degviela","id":"way/1255604455","adrese":"Nometņu iela 3, Salaspils","name":"Latvijas gāze","website":"https://lg.lv/"}},{"type":"Feature","geometry":{"type":"Point","coordinates":[24.843612,57.14207]},"properties":{"kategorija":"degviela","id":"way/1255606820","adrese":"Vidzemes šoseja 4, Sigulda","name":"Neste","operator":"Neste","brand":"Neste"}},{"type":"Feature","geometry":{"type":"Point","coordinates":[25.224913,56.574079]},"properties":{"kategorija":"degviela","id":"way/1257261997","adrese":"","name":"Virši","brand":"Virši"}},{"type":"Feature","geometry":{"type":"Point","coordinates":[25.156845,57.205496]},"properties":{"kategorija":"degviela","id":"way/1261746119","adrese":"Ieriķi"}},{"type":"Feature","geometry":{"type":"Point","coordinates":[24.182529,56.933197]},"properties":{"kategorija":"degviela","id":"way/1271682153","adrese":"Dārzciema iela 127, Rīga","name":"KOOL","operator":"SIA “KOOL Latvija”","brand":"KOOL","opening_hours":"24/7","website":"https://www.kool.lv/"}},{"type":"Feature","geometry":{"type":"Point","coordinates":[24.239255,56.95836]},"properties":{"kategorija":"degviela","id":"way/127168352","adrese":"Vecā Biķernieku iela 1, Rīga","name":"Viada","operator":"VIADA Baltija AS","brand":"Viada"}},{"type":"Feature","geometry":{"type":"Point","coordinates":[24.173515,56.993683]},"properties":{"kategorija":"degviela","id":"way/1271928176","adrese":"Ķīšezera iela 31, Rīga","name":"Viada","brand":"Viada","opening_hours":"24/7","phone":"+371 67 301 514"}},{"type":"Feature","geometry":{"type":"Point","coordinates":[23.947057,56.791594]},"properties":{"kategorija":"degviela","id":"way/1281153010","adrese":"Zemgales iela 1A, Olaine","name":"Neste","operator":"Neste","brand":"Neste","opening_hours":"24/7"}},{"type":"Feature","geometry":{"type":"Point","coordinates":[23.95965,56.958113]},"properties":{"kategorija":"degviela","id":"way/1285117014","adrese":"Spilve","name":"Virši Babīte","operator":"Virši","brand":"Virši"}},{"type":"Feature","geometry":{"type":"Point","coordinates":[24.965769,57.012307]},"properties":{"kategorija":"degviela","id":"way/1285122283","adrese":"Skulmes iela 5, Mālpils","name":"Virši","brand":"Virši"}},{"type":"Feature","geometry":{"type":"Point","coordinates":[25.877729,56.4947]},"properties":{"kategorija":"degviela","id":"way/1287594282","adrese":"","name":"Viada","operator":"\"Viada Zemgale\"","brand":"Viada","opening_hours":"24/7"}},{"type":"Feature","geometry":{"type":"Point","coordinates":[24.202889,56.932196]},"properties":{"kategorija":"degviela","id":"way/1287950054","adrese":"Lubānas iela 119A, Rīga","name":"Circle K","brand":"Circle K"}},{"type":"Feature","geometry":{"type":"Point","coordinates":[24.287027,57.004427]},"properties":{"kategorija":"degviela","id":"way/1290297135","adrese":"Brīvības gatve 481, Berģi","name":"Virši Berģi","brand":"Virši","opening_hours":"24/7","website":"https://www.virsi.lv/"}},{"type":"Feature","geometry":{"type":"Point","coordinates":[26.728129,56.048287]},"properties":{"kategorija":"degviela","id":"way/129369995","adrese":"Catlakši","operator":"RNS D"}},{"type":"Feature","geometry":{"type":"Point","coordinates":[24.25143,56.943113]},"properties":{"kategorija":"degviela","id":"way/129453614","adrese":"","name":"Ekogāze"}},{"type":"Feature","geometry":{"type":"Point","coordinates":[24.380366,56.943948]},"properties":{"kategorija":"degviela","id":"way/1294774058","adrese":"","name":"Circle K \"Apvedceļš\"","operator":"Circle K","brand":"Circle K","opening_hours":"24/7"}},{"type":"Feature","geometry":{"type":"Point","coordinates":[24.340422,56.919075]},"properties":{"kategorija":"degviela","id":"way/1294868090","adrese":"Saurieši","name":"Virši","brand":"Virši","opening_hours":"PH,Mo-Su 00:00-24:00"}},{"type":"Feature","geometry":{"type":"Point","coordinates":[24.199539,56.931022]},"properties":{"kategorija":"degviela","id":"way/1296633069","adrese":"Katlakalna iela 16, Rīga","name":"Circle K","brand":"Circle K","opening_hours":"24/7"}},{"type":"Feature","geometry":{"type":"Point","coordinates":[24.36051,56.847561]},"properties":{"kategorija":"degviela","id":"way/1296733278","adrese":"Līvzemes iela 40, Salaspils","name":"Virši","brand":"Virši"}},{"type":"Feature","geometry":{"type":"Point","coordinates":[23.447235,56.622389]},"properties":{"kategorija":"degviela","id":"way/1304459000","adrese":"Nākotne","name":"Virši Nākotne","brand":"Virši"}},{"type":"Feature","geometry":{"type":"Point","coordinates":[24.155551,56.941799]},"properties":{"kategorija":"degviela","id":"way/1304805071","adrese":"Lauvas iela 10, Rīga","name":"Virši","brand":"Virši","opening_hours":"24/7"}},{"type":"Feature","geometry":{"type":"Point","coordinates":[24.715569,57.179101]},"properties":{"kategorija":"degviela","id":"way/1305375338","adrese":"Ragana","name":"Circle K","operator":"Circle K","brand":"Circle K","opening_hours":"24/7"}},{"type":"Feature","geometry":{"type":"Point","coordinates":[23.761692,56.670719]},"properties":{"kategorija":"degviela","id":"way/130994161","adrese":"","name":"Neste A24","operator":"Neste Oil","brand":"Neste","opening_hours":"24/7"}},{"type":"Feature","geometry":{"type":"Point","coordinates":[24.19238,56.984904]},"properties":{"kategorija":"degviela","id":"way/131673304","adrese":"Krustabaznīcas iela 10, Rīga","name":"Gotika","brand":"Gotika"}},{"type":"Feature","geometry":{"type":"Point","coordinates":[24.116412,56.99788]},"properties":{"kategorija":"degviela","id":"way/1319632935","adrese":"","name":"Virši","brand":"Virši"}},{"type":"Feature","geometry":{"type":"Point","coordinates":[24.781923,57.133962]},"properties":{"kategorija":"degviela","id":"way/132257418","adrese":"","name":"Neste","brand":"Neste"}},{"type":"Feature","geometry":{"type":"Point","coordinates":[24.217048,56.912422]},"properties":{"kategorija":"degviela","id":"way/1322913891","adrese":"Granīta iela 7A, Rīga","name":"Viada","brand":"Viada"}},{"type":"Feature","geometry":{"type":"Point","coordinates":[24.223256,56.891121]},"properties":{"kategorija":"degviela","id":"way/1322944905","adrese":"Strengu iela 2, Rīga","name":"KOOL Olerex","website":"https://www.gotikaauto.lv/"}},{"type":"Feature","geometry":{"type":"Point","coordinates":[24.173636,56.974907]},"properties":{"kategorija":"degviela","id":"way/132303325","adrese":"Brīvības gatve 250, Rīga","name":"Virši","brand":"Virši","opening_hours":"24/7"}},{"type":"Feature","geometry":{"type":"Point","coordinates":[24.868504,56.801473]},"properties":{"kategorija":"degviela","id":"way/1324134043","adrese":"","name":"Viada","brand":"Viada"}},{"type":"Feature","geometry":{"type":"Point","coordinates":[23.727638,56.636272]},"properties":{"kategorija":"degviela","id":"way/1329395745","adrese":"Lietuvas šoseja 2B, Jelgava","name":"VIADA 2","operator":"Viada","brand":"Viada"}},{"type":"Feature","geometry":{"type":"Point","coordinates":[23.730171,56.647551]},"properties":{"kategorija":"degviela","id":"way/133125131","adrese":"Akadēmijas iela 20, Jelgava","name":"Circle K Jelgava 1","operator":"Circle K","brand":"Circle K"}},{"type":"Feature","geometry":{"type":"Point","coordinates":[24.15048,56.964317]},"properties":{"kategorija":"degviela","id":"way/133336388","adrese":"Pērnavas iela 7, Rīga","name":"Circle K","brand":"Circle K","opening_hours":"24/7"}},{"type":"Feature","geometry":{"type":"Point","coordinates":[22.021113,56.672753]},"properties":{"kategorija":"degviela","id":"way/1333704005","adrese":"Ventas iela 3, Skrunda"}},{"type":"Feature","geometry":{"type":"Point","coordinates":[24.219939,56.986542]},"properties":{"kategorija":"degviela","id":"way/133875440","adrese":"Brīvības gatve 386, Rīga","name":"Neste","operator":"Neste","brand":"Neste","opening_hours":"24/7"}},{"type":"Feature","geometry":{"type":"Point","coordinates":[24.203039,56.81036]},"properties":{"kategorija":"degviela","id":"way/1343709936","adrese":"Ķekava","name":"Virši Apvedceļš","brand":"Virši"}},{"type":"Feature","geometry":{"type":"Point","coordinates":[26.737257,57.182683]},"properties":{"kategorija":"degviela","id":"way/1345996967","adrese":"","name":"Virši-A","brand":"Virši"}},{"type":"Feature","geometry":{"type":"Point","coordinates":[26.179708,56.339413]},"properties":{"kategorija":"degviela","id":"way/1349614541","adrese":"","name":"Latvijas Nafta","brand":"Latvijas Nafta"}},{"type":"Feature","geometry":{"type":"Point","coordinates":[24.108227,56.921831]},"properties":{"kategorija":"degviela","id":"way/1351651222","adrese":"Mūkusalas iela 75, Rīga","name":"Circle K","operator":"Circle K","brand":"Circle K"}},{"type":"Feature","geometry":{"type":"Point","coordinates":[24.15662,56.928549]},"properties":{"kategorija":"degviela","id":"way/1353771527","adrese":"Krasta iela 70, Rīga","name":"Circle K","brand":"Circle K"}},{"type":"Feature","geometry":{"type":"Point","coordinates":[24.152385,56.929533]},"properties":{"kategorija":"degviela","id":"way/1353771528","adrese":"Krasta iela 93, Rīga","name":"Circle K","brand":"Circle K","website":"https://www.circlek.lv/"}},{"type":"Feature","geometry":{"type":"Point","coordinates":[24.095395,56.91152]},"properties":{"kategorija":"degviela","id":"way/1354278826","adrese":"","name":"Virši","brand":"Virši"}},{"type":"Feature","geometry":{"type":"Point","coordinates":[24.188227,56.923617]},"properties":{"kategorija":"degviela","id":"way/1356980855","adrese":"Jāņavārtu iela 21, Rīga","name":"Circle K","brand":"Circle K"}},{"type":"Feature","geometry":{"type":"Point","coordinates":[24.134286,56.971202]},"properties":{"kategorija":"degviela","id":"way/135805295","adrese":"","name":"Circle K","brand":"Circle K","opening_hours":"24/7"}},{"type":"Feature","geometry":{"type":"Point","coordinates":[24.241907,56.772932]},"properties":{"kategorija":"degviela","id":"way/1361901551","adrese":"","name":"Virši","brand":"Virši","opening_hours":"24/7"}},{"type":"Feature","geometry":{"type":"Point","coordinates":[25.773272,56.405871]},"properties":{"kategorija":"degviela","id":"way/1365540878","adrese":"Birži","name":"Astarte"}},{"type":"Feature","geometry":{"type":"Point","coordinates":[24.136781,56.947536]},"properties":{"kategorija":"degviela","id":"way/1367934265","adrese":"Kurbada iela 8, Rīga","name":"Circle K","brand":"Circle K"}},{"type":"Feature","geometry":{"type":"Point","coordinates":[24.217829,56.893297]},"properties":{"kategorija":"degviela","id":"way/137268510","adrese":"Latgales iela 440, Rīga","name":"Viada","brand":"Viada"}},{"type":"Feature","geometry":{"type":"Point","coordinates":[23.809907,56.657507]},"properties":{"kategorija":"degviela","id":"way/1380616679","adrese":"","name":"Virši Brankstūri","operator":"Virši","brand":"Virši","website":"https://www.virsi.lv/"}},{"type":"Feature","geometry":{"type":"Point","coordinates":[24.122092,56.993485]},"properties":{"kategorija":"degviela","id":"way/139932687","adrese":"Tvaika iela 2A, Rīga","name":"Circle K","brand":"Circle K","opening_hours":"24/7"}},{"type":"Feature","geometry":{"type":"Point","coordinates":[25.250276,56.611569]},"properties":{"kategorija":"degviela","id":"way/140143776","adrese":""}},{"type":"Feature","geometry":{"type":"Point","coordinates":[24.824247,57.138055]},"properties":{"kategorija":"degviela","id":"way/1414403422","adrese":"Sigulda","name":"Viada","brand":"Viada"}},{"type":"Feature","geometry":{"type":"Point","coordinates":[24.118947,56.916451]},"properties":{"kategorija":"degviela","id":"way/1419111941","adrese":"Mūkusalas iela 78, Rīga","name":"Viada","brand":"Viada"}},{"type":"Feature","geometry":{"type":"Point","coordinates":[24.192474,56.981464]},"properties":{"kategorija":"degviela","id":"way/142028451","adrese":"Brīvības gatve 297, Rīga","name":"Virši","brand":"Virši-A","opening_hours":"24/7"}},{"type":"Feature","geometry":{"type":"Point","coordinates":[24.231064,56.959097]},"properties":{"kategorija":"degviela","id":"way/1421982418","adrese":"Biķernieku iela 115A, Rīga","name":"Neste","operator":"Neste","brand":"Neste","opening_hours":"24/7"}},{"type":"Feature","geometry":{"type":"Point","coordinates":[24.082392,56.90657]},"properties":{"kategorija":"degviela","id":"way/1421983244","adrese":"","name":"KOOL","opening_hours":"24/7"}},{"type":"Feature","geometry":{"type":"Point","coordinates":[24.083739,56.90591]},"properties":{"kategorija":"degviela","id":"way/1442878137","adrese":"Vienības gatve 162A, Rīga","name":"Viada","operator":"Viada","brand":"Viada"}},{"type":"Feature","geometry":{"type":"Point","coordinates":[24.314153,57.089696]},"properties":{"kategorija":"degviela","id":"way/144460225","adrese":"Rīgas gatve 65, Ādaži","name":"Viada","operator":"Viada","brand":"Viada"}},{"type":"Feature","geometry":{"type":"Point","coordinates":[23.734698,56.630445]},"properties":{"kategorija":"degviela","id":"way/1447531856","adrese":"","name":"Circle K Jelgava 4","operator":"Circle K","brand":"Circle K"}},{"type":"Feature","geometry":{"type":"Point","coordinates":[24.222808,56.935608]},"properties":{"kategorija":"degviela","id":"way/1450119136","adrese":"Lubānas iela 102A, Rīga","name":"Virši","operator":"Virši","brand":"Virši","opening_hours":"24/7","phone":"+371 20 249 134"}},{"type":"Feature","geometry":{"type":"Point","coordinates":[25.97379,57.387642]},"properties":{"kategorija":"degviela","id":"way/1451022981","adrese":"","name":"KOOL Smiltene","operator":"KOOL","brand":"KOOL"}},{"type":"Feature","geometry":{"type":"Point","coordinates":[24.869661,57.148558]},"properties":{"kategorija":"degviela","id":"way/1451026147","adrese":"Vidzemes šoseja 69, Sigulda","name":"KOOL Sigulda","operator":"KOOL","brand":"KOOL"}},{"type":"Feature","geometry":{"type":"Point","coordinates":[25.671698,57.625592]},"properties":{"kategorija":"degviela","id":"way/1451028360","adrese":"","name":"KOOL Strenči","operator":"KOOL","brand":"KOOL","website":"https://kool.lv"}},{"type":"Feature","geometry":{"type":"Point","coordinates":[24.86909,57.758082]},"properties":{"kategorija":"degviela","id":"way/1451028582","adrese":"","name":"KOOL Aloja","operator":"KOOL","brand":"KOOL"}},{"type":"Feature","geometry":{"type":"Point","coordinates":[25.323271,57.898132]},"properties":{"kategorija":"degviela","id":"way/1451028666","adrese":"Ganību iela 11, Rūjiena","name":"KOOL Rūjiena","operator":"KOOL","brand":"KOOL"}},{"type":"Feature","geometry":{"type":"Point","coordinates":[25.665188,57.160655]},"properties":{"kategorija":"degviela","id":"way/1451076593","adrese":"","name":"KOOL Taurene","operator":"KOOL","brand":"KOOL"}},{"type":"Feature","geometry":{"type":"Point","coordinates":[25.6491,56.899077]},"properties":{"kategorija":"degviela","id":"way/1451077614","adrese":"","name":"KOOL Ērgļi","operator":"KOOL","brand":"KOOL","opening_hours":"24/7"}},{"type":"Feature","geometry":{"type":"Point","coordinates":[26.750979,57.181741]},"properties":{"kategorija":"degviela","id":"way/1451081567","adrese":"","name":"KOOL Gulbene","operator":"KOOL","brand":"KOOL"}},{"type":"Feature","geometry":{"type":"Point","coordinates":[24.179837,56.922649]},"properties":{"kategorija":"degviela","id":"way/145485483","adrese":"Salaspils iela 4A, Rīga","name":"Viada","operator":"Lukoil","brand":"Viada"}},{"type":"Feature","geometry":{"type":"Point","coordinates":[24.183996,56.957486]},"properties":{"kategorija":"degviela","id":"way/1455886376","adrese":"Dzelzavas iela 60, Rīga","name":"Neste","operator":"Neste","brand":"Neste","opening_hours":"24/7"}},{"type":"Feature","geometry":{"type":"Point","coordinates":[26.545621,55.894684]},"properties":{"kategorija":"degviela","id":"way/1456236682","adrese":"","name":"Viada","operator":"VIADA Baltija AS","brand":"Viada","opening_hours":"24/7","website":"https://www.viada.lv"}},{"type":"Feature","geometry":{"type":"Point","coordinates":[21.985662,56.957236]},"properties":{"kategorija":"degviela","id":"way/1456890955","adrese":"Zirņu iela 20, Kuldīga","name":"Virši","brand":"Virši"}},{"type":"Feature","geometry":{"type":"Point","coordinates":[26.324624,56.954763]},"properties":{"kategorija":"degviela","id":"way/1456952910","adrese":"Stacijas iela 22, Cesvaine","name":"RNS-D"}},{"type":"Feature","geometry":{"type":"Point","coordinates":[25.235919,56.6151]},"properties":{"kategorija":"degviela","id":"way/1469730037","adrese":"","name":"Virši-A","brand":"Virši"}},{"type":"Feature","geometry":{"type":"Point","coordinates":[24.135664,56.981695]},"properties":{"kategorija":"degviela","id":"way/147156838","adrese":"Duntes iela 15, Rīga","name":"Circle K","operator":"Circle K","brand":"Circle K"}},{"type":"Feature","geometry":{"type":"Point","coordinates":[24.562515,56.860094]},"properties":{"kategorija":"degviela","id":"way/1475219692","adrese":"","name":"Neste","brand":"Neste"}},{"type":"Feature","geometry":{"type":"Point","coordinates":[24.826866,56.716494]},"properties":{"kategorija":"degviela","id":"way/1487120155","adrese":"Laimdotas iela 23, Lielvārde","name":"KOOL"}},{"type":"Feature","geometry":{"type":"Point","coordinates":[24.353565,57.849724]},"properties":{"kategorija":"degviela","id":"way/148771702","adrese":"","name":"Neste","operator":"Neste Oil","brand":"Neste"}},{"type":"Feature","geometry":{"type":"Point","coordinates":[23.91838,56.955611]},"properties":{"kategorija":"degviela","id":"way/1492430904","adrese":"Piņķi","name":"KOOL Jūrmalas šoseja","operator":"SIA “KOOL Latvija”","brand":"KOOL","opening_hours":"24/7","website":"https://www.kool.lv/"}},{"type":"Feature","geometry":{"type":"Point","coordinates":[24.153582,56.950465]},"properties":{"kategorija":"degviela","id":"way/149509745","adrese":"Pērnavas iela 78, Rīga","name":"Virši","brand":"Virši","opening_hours":"24/7"}},{"type":"Feature","geometry":{"type":"Point","coordinates":[23.123548,56.962605]},"properties":{"kategorija":"degviela","id":"way/1500238302","adrese":"Kandavas iela 17A, Tukums","name":"Latvijas Propāna Gāze","opening_hours":"07:00-20:00"}},{"type":"Feature","geometry":{"type":"Point","coordinates":[24.127566,56.909811]},"properties":{"kategorija":"degviela","id":"way/1501552433","adrese":"Ziepniekkalna iela 20, Rīga","name":"Viada","brand":"Viada"}},{"type":"Feature","geometry":{"type":"Point","coordinates":[24.117865,56.988446]},"properties":{"kategorija":"degviela","id":"way/151543275","adrese":"Uriekstes iela 3A, Rīga","name":"DUS Latvijas Nafta","operator":"EAST-WEST TRANSIT SIA","brand":"Latvijas Nafta"}},{"type":"Feature","geometry":{"type":"Point","coordinates":[24.186712,56.950492]},"properties":{"kategorija":"degviela","id":"way/151676253","adrese":"Gunāra Astras iela 10, Rīga","name":"Circle K","brand":"Circle K","opening_hours":"24/7","phone":"+371 25488995","website":"https://www.circlek.lv/lv_LV/pg1334073174978/st1/Stacijut%C4%ABkls.html?stationid=63095&countryid=lv"}},{"type":"Feature","geometry":{"type":"Point","coordinates":[24.242262,56.883032]},"properties":{"kategorija":"degviela","id":"way/152286279","adrese":"Latgales iela 450K, Rīga","name":"Virši-A","brand":"Virši"}},{"type":"Feature","geometry":{"type":"Point","coordinates":[24.25714,56.877898]},"properties":{"kategorija":"degviela","id":"way/152286401","adrese":""}},{"type":"Feature","geometry":{"type":"Point","coordinates":[24.182989,56.940126]},"properties":{"kategorija":"degviela","id":"way/152292411","adrese":"Dārzciema iela 69, Rīga","name":"Viada","operator":"Viada Baltija","brand":"Viada","opening_hours":"24/7"}},{"type":"Feature","geometry":{"type":"Point","coordinates":[24.334129,56.851425]},"properties":{"kategorija":"degviela","id":"way/153012926","adrese":"Zviedru iela 1C, Salaspils","name":"Neste","brand":"Neste","opening_hours":"24/7"}},{"type":"Feature","geometry":{"type":"Point","coordinates":[24.322083,56.856512]},"properties":{"kategorija":"degviela","id":"way/153090207","adrese":"Nometņu iela 1, Salaspils","name":"Circle K","brand":"Circle K","opening_hours":"24/7","phone":"20 488 960","website":"https://www.circlek.lv/"}},{"type":"Feature","geometry":{"type":"Point","coordinates":[24.175728,56.934919]},"properties":{"kategorija":"degviela","id":"way/153130828","adrese":"Piedrujas iela 24, Rīga","name":"Latvijas propāna gāze"}},{"type":"Feature","geometry":{"type":"Point","coordinates":[24.237573,56.913443]},"properties":{"kategorija":"degviela","id":"way/153131223","adrese":"Granīta iela 13A, Rumbula","name":"Virši","brand":"Virši"}},{"type":"Feature","geometry":{"type":"Point","coordinates":[24.229622,56.942836]},"properties":{"kategorija":"degviela","id":"way/153135163","adrese":"Augusta Deglava iela 164C, Rīga","name":"Circle K","brand":"Circle K"}},{"type":"Feature","geometry":{"type":"Point","coordinates":[24.246866,56.810062]},"properties":{"kategorija":"degviela","id":"way/153918648","adrese":"","name":"Viada","brand":"Viada"}},{"type":"Feature","geometry":{"type":"Point","coordinates":[24.246142,56.821519]},"properties":{"kategorija":"degviela","id":"way/153918652","adrese":"Rīgas iela 107, Ķekava","name":"Circle K","brand":"Circle K"}},{"type":"Feature","geometry":{"type":"Point","coordinates":[24.169334,56.96297]},"properties":{"kategorija":"degviela","id":"way/154081163","adrese":"Dzelzavas iela 14, Rīga","name":"Circle K","operator":"Circle K","brand":"Circle K","opening_hours":"24/7"}},{"type":"Feature","geometry":{"type":"Point","coordinates":[22.49401,56.685828]},"properties":{"kategorija":"degviela","id":"way/1545851287","adrese":"","name":"Priede"}},{"type":"Feature","geometry":{"type":"Point","coordinates":[23.959832,56.565229]},"properties":{"kategorija":"degviela","id":"way/1548062871","adrese":"","name":"Gotika auto","operator":"SIA \"Gotika auto\""}},{"type":"Feature","geometry":{"type":"Point","coordinates":[25.882583,56.487316]},"properties":{"kategorija":"degviela","id":"way/1551244514","adrese":"Neretas iela 28, Jēkabpils","name":"Intergaz","operator":"InterGAZ"}},{"type":"Feature","geometry":{"type":"Point","coordinates":[22.816986,57.067151]},"properties":{"kategorija":"degviela","id":"way/1553764884","adrese":"","name":"Circle K","operator":"Circle K","brand":"Circle K"}},{"type":"Feature","geometry":{"type":"Point","coordinates":[23.245725,56.741512]},"properties":{"kategorija":"degviela","id":"way/1553955870","adrese":"Pienava","name":"Pienava"}},{"type":"Feature","geometry":{"type":"Point","coordinates":[22.569069,56.683276]},"properties":{"kategorija":"degviela","id":"way/1553956086","adrese":"Brocēni","name":"Viada Broceni","brand":"Viada","phone":"+37167301537","website":"https://www.viada.lv/"}},{"type":"Feature","geometry":{"type":"Point","coordinates":[23.391751,56.476914]},"properties":{"kategorija":"degviela","id":"way/1553956793","adrese":"Tērvete","name":"Virši Tērvete","brand":"Virši","website":"https://www.virsi.lv/"}},{"type":"Feature","geometry":{"type":"Point","coordinates":[24.017583,56.928253]},"properties":{"kategorija":"degviela","id":"way/1554270014","adrese":"Kārļa Ulmaņa gatve 127, Mārupe","name":"Circle K","operator":"Circle K","brand":"Circle K","phone":"+371 25488970","website":"https://www.circlek.lv/lv_LV/pg1334073174978/st1/Stacijut%C4%ABkls.html?stationid=63070&countryid=lv"}},{"type":"Feature","geometry":{"type":"Point","coordinates":[23.933035,56.883551]},"properties":{"kategorija":"degviela","id":"way/1554280718","adrese":"Mazcenu aleja 20B, Jaunmārupe","name":"KOOL","operator":"SIA “KOOL Latvija”","brand":"KOOL"}},{"type":"Feature","geometry":{"type":"Point","coordinates":[24.106483,56.929385]},"properties":{"kategorija":"degviela","id":"way/1554557352","adrese":"Mūkusalas iela 59, Rīga","name":"Viada","operator":"Viada","brand":"Viada"}},{"type":"Feature","geometry":{"type":"Point","coordinates":[24.073186,56.950485]},"properties":{"kategorija":"degviela","id":"way/1554558764","adrese":"Daugavgrīvas iela 29, Rīga","name":"Straujupīte","operator":"Straujupīte"}},{"type":"Feature","geometry":{"type":"Point","coordinates":[22.564982,56.685487]},"properties":{"kategorija":"degviela","id":"way/1554561012","adrese":"Liepnieku iela 1, Brocēni","name":"Virši","brand":"Virši"}},{"type":"Feature","geometry":{"type":"Point","coordinates":[23.763301,56.966749]},"properties":{"kategorija":"degviela","id":"way/1556612150","adrese":"Dubultu prospekts 42A, Jūrmala","name":"Circle K","operator":"Circle K","brand":"Circle K","opening_hours":"24/7"}},{"type":"Feature","geometry":{"type":"Point","coordinates":[23.916856,56.934464]},"properties":{"kategorija":"degviela","id":"way/1556614443","adrese":"Piņķi","name":"KOOL Piņķi","operator":"SIA “KOOL Latvija”","brand":"KOOL","opening_hours":"24/7","website":"https://www.kool.lv/"}},{"type":"Feature","geometry":{"type":"Point","coordinates":[24.12298,56.912433]},"properties":{"kategorija":"degviela","id":"way/1558762050","adrese":"","name":"Circle K","brand":"Circle K"}},{"type":"Feature","geometry":{"type":"Point","coordinates":[23.857467,56.975201]},"properties":{"kategorija":"degviela","id":"way/156611760","adrese":"Viestura iela 21, Jūrmala","name":"Neste","brand":"Neste"}},{"type":"Feature","geometry":{"type":"Point","coordinates":[24.051954,56.92818]},"properties":{"kategorija":"degviela","id":"way/157034702","adrese":"","name":"Neste"}},{"type":"Feature","geometry":{"type":"Point","coordinates":[24.258767,56.94371]},"properties":{"kategorija":"degviela","id":"way/161368431","adrese":"Kuršu iela 1, Ulbroka","name":"Circle K","brand":"Circle K"}},{"type":"Feature","geometry":{"type":"Point","coordinates":[24.183549,56.982084]},"properties":{"kategorija":"degviela","id":"way/161794232","adrese":"Džutas iela 16, Rīga","name":"Viada","brand":"Viada","opening_hours":"24/7","website":"https://www.viada.lv"}},{"type":"Feature","geometry":{"type":"Point","coordinates":[26.129488,56.89962]},"properties":{"kategorija":"degviela","id":"way/165397658","adrese":""}},{"type":"Feature","geometry":{"type":"Point","coordinates":[24.631238,56.794438]},"properties":{"kategorija":"degviela","id":"way/167777388","adrese":"Daugavpils iela 55, Ogre"}},{"type":"Feature","geometry":{"type":"Point","coordinates":[27.339634,56.519516]},"properties":{"kategorija":"degviela","id":"way/170036555","adrese":"","name":"LPG","brand":"Latvijas Propāna Gāze","opening_hours":"24/7","website":"https://www.lpg.lv"}},{"type":"Feature","geometry":{"type":"Point","coordinates":[27.337272,56.516434]},"properties":{"kategorija":"degviela","id":"way/170040936","adrese":"Atbrīvošanas aleja 146, Rēzekne","name":"Neste","brand":"Neste Latvija","opening_hours":"24/7"}},{"type":"Feature","geometry":{"type":"Point","coordinates":[27.34707,56.535604]},"properties":{"kategorija":"degviela","id":"way/170042259","adrese":"","name":"LPG","brand":"Latvijas Propāna Gāze"}},{"type":"Feature","geometry":{"type":"Point","coordinates":[24.12284,56.912475]},"properties":{"kategorija":"degviela","id":"way/175868384","adrese":"","name":"Circle K","brand":"Circle K","opening_hours":"24/7"}},{"type":"Feature","geometry":{"type":"Point","coordinates":[23.522345,56.992266]},"properties":{"kategorija":"degviela","id":"way/176255914","adrese":"Lapmežciems","name":"Mc"}},{"type":"Feature","geometry":{"type":"Point","coordinates":[23.168542,56.970269]},"properties":{"kategorija":"degviela","id":"way/176865500","adrese":"Meža iela 30, Tukums","name":"Circle K","brand":"Circle K","opening_hours":"24/7","website":"https://www.circlek.lv"}},{"type":"Feature","geometry":{"type":"Point","coordinates":[23.157533,56.970605]},"properties":{"kategorija":"degviela","id":"way/176865571","adrese":"Kurzemes iela 7A, Tukums","name":"Neste","operator":"Neste","brand":"Neste","opening_hours":"24/7"}},{"type":"Feature","geometry":{"type":"Point","coordinates":[21.027051,56.521457]},"properties":{"kategorija":"degviela","id":"way/177032995","adrese":"Zemnieku iela 58, Liepāja","name":"Viada","operator":"VIADA Baltija","brand":"Viada","opening_hours":"24/7","website":"https://www.viada.lv/"}},{"type":"Feature","geometry":{"type":"Point","coordinates":[21.136277,56.587114]},"properties":{"kategorija":"degviela","id":"way/177033031","adrese":"Kapsēde","name":"Kings"}},{"type":"Feature","geometry":{"type":"Point","coordinates":[21.055825,56.534458]},"properties":{"kategorija":"degviela","id":"way/177033033","adrese":"Cukura iela 3, Liepāja","name":"Circle K","operator":"Circle K","brand":"Circle K","opening_hours":"24/7","website":"https://www.circlek.lv"}},{"type":"Feature","geometry":{"type":"Point","coordinates":[23.805989,56.665521]},"properties":{"kategorija":"degviela","id":"way/179749313","adrese":""}},{"type":"Feature","geometry":{"type":"Point","coordinates":[26.179648,56.339137]},"properties":{"kategorija":"degviela","id":"way/180324711","adrese":"Rīgas iela 1, Līvāni","name":"Latvijas Nafta","operator":"Latvijas Nafta","brand":"Latvijas Nafta"}},{"type":"Feature","geometry":{"type":"Point","coordinates":[25.712652,57.54554]},"properties":{"kategorija":"degviela","id":"way/180803540","adrese":"Trikāta"}},{"type":"Feature","geometry":{"type":"Point","coordinates":[24.10282,56.974204]},"properties":{"kategorija":"degviela","id":"way/181836562","adrese":"Katrīnas dambis 35, Rīga","name":"Virši","operator":"Virši-A","brand":"Virši"}},{"type":"Feature","geometry":{"type":"Point","coordinates":[24.719405,56.744955]},"properties":{"kategorija":"degviela","id":"way/184328974","adrese":"Ķeguma prospekts 1A, Ķegums","name":"Astarte"}},{"type":"Feature","geometry":{"type":"Point","coordinates":[24.722254,56.510795]},"properties":{"kategorija":"degviela","id":"way/184805884","adrese":"Rīgas iela 2, Valle","name":"Virši","brand":"Virši"}},{"type":"Feature","geometry":{"type":"Point","coordinates":[26.163622,56.376149]},"properties":{"kategorija":"degviela","id":"way/185302541","adrese":"","name":"Virši","brand":"Virši"}},{"type":"Feature","geometry":{"type":"Point","coordinates":[22.791233,56.924077]},"properties":{"kategorija":"degviela","id":"way/187990784","adrese":"Zemīte","name":"Gotika auto","website":"https://www.gotikaauto.lv/"}},{"type":"Feature","geometry":{"type":"Point","coordinates":[24.130516,56.988036]},"properties":{"kategorija":"degviela","id":"way/191364231","adrese":"","name":"Neste","brand":"Neste","opening_hours":"24/7"}},{"type":"Feature","geometry":{"type":"Point","coordinates":[23.69784,56.655654]},"properties":{"kategorija":"degviela","id":"way/196306321","adrese":"Satiksmes iela 29, Jelgava","name":"Circle K","operator":"Circle K","brand":"Circle K","opening_hours":"07:00-22:00"}},{"type":"Feature","geometry":{"type":"Point","coordinates":[27.257803,57.138734]},"properties":{"kategorija":"degviela","id":"way/197907765","adrese":"Krasta iela 3, Balvi","name":"Virši-A","brand":"Virši"}},{"type":"Feature","geometry":{"type":"Point","coordinates":[25.878042,56.494666]},"properties":{"kategorija":"degviela","id":"way/200480401","adrese":"Vienības iela 3, Jēkabpils","name":"Viada","operator":"\"Viada Zemgale\"","brand":"Viada","opening_hours":"24/7"}},{"type":"Feature","geometry":{"type":"Point","coordinates":[23.703836,56.637422]},"properties":{"kategorija":"degviela","id":"way/200957385","adrese":"","name":"Zemgales gāze","operator":"Zemgales gāze","brand":"Zemgales gāze"}},{"type":"Feature","geometry":{"type":"Point","coordinates":[25.155365,56.848184]},"properties":{"kategorija":"degviela","id":"way/203243914","adrese":"","name":"Madliena","operator":"SIA Madliena 2"}},{"type":"Feature","geometry":{"type":"Point","coordinates":[24.312633,57.099371]},"properties":{"kategorija":"degviela","id":"way/203414397","adrese":"Ādaži","brand":"Straujupīte"}},{"type":"Feature","geometry":{"type":"Point","coordinates":[24.0847,56.909534]},"properties":{"kategorija":"degviela","id":"way/208829778","adrese":"Vienības gatve 105, Rīga","name":"Circle K","operator":"Circle K","brand":"Circle K","opening_hours":"Mo-Su,PH 00:00-00:00"}},{"type":"Feature","geometry":{"type":"Point","coordinates":[24.154713,57.052741]},"properties":{"kategorija":"degviela","id":"way/210669136","adrese":"","name":"KOOL","operator":"KOOL","brand":"KOOL","opening_hours":"Mo-Su 05:00-24:00"}},{"type":"Feature","geometry":{"type":"Point","coordinates":[23.118864,56.950447]},"properties":{"kategorija":"degviela","id":"way/211888951","adrese":"Kuldīgas iela 69, Tukums","name":"Virši Tukums 2","brand":"Virši","website":"https://www.virsi.lv/"}},{"type":"Feature","geometry":{"type":"Point","coordinates":[24.202848,56.934875]},"properties":{"kategorija":"degviela","id":"way/220965927","adrese":"Andreja Saharova iela 10, Rīga","name":"Viada","brand":"Viada","website":"https://www.viada.lv"}},{"type":"Feature","geometry":{"type":"Point","coordinates":[24.095339,56.911352]},"properties":{"kategorija":"degviela","id":"way/221429174","adrese":"Valdeķu iela 35, Rīga","name":"Virši","brand":"Virši","opening_hours":"24/7"}},{"type":"Feature","geometry":{"type":"Point","coordinates":[24.320188,57.0705]},"properties":{"kategorija":"degviela","id":"way/224255416","adrese":"Rīgas gatve 5A, Ādaži","name":"Neste","operator":"Neste","brand":"Neste","opening_hours":"24/7"}},{"type":"Feature","geometry":{"type":"Point","coordinates":[26.011091,57.167637]},"properties":{"kategorija":"degviela","id":"way/226115295","adrese":""}},{"type":"Feature","geometry":{"type":"Point","coordinates":[22.78116,57.035191]},"properties":{"kategorija":"degviela","id":"way/226345105","adrese":"Abavas iela 4, Kandava","name":"Virši","brand":"Virši"}},{"type":"Feature","geometry":{"type":"Point","coordinates":[24.127649,56.910003]},"properties":{"kategorija":"degviela","id":"way/227623100","adrese":"Ziepniekkalna iela 20, Rīga","name":"Viada","brand":"Viada"}},{"type":"Feature","geometry":{"type":"Point","coordinates":[25.19384,57.07169]},"properties":{"kategorija":"degviela","id":"way/228248250","adrese":"Nītaure","name":"Pūķis"}},{"type":"Feature","geometry":{"type":"Point","coordinates":[24.154523,56.930025]},"properties":{"kategorija":"degviela","id":"way/229715560","adrese":"Krasta iela 68, Rīga","name":"Neste A24","operator":"Neste","brand":"Neste"}},{"type":"Feature","geometry":{"type":"Point","coordinates":[24.62309,57.113164]},"properties":{"kategorija":"degviela","id":"way/231852846","adrese":"","name":"KOOL Inčukalna","operator":"KOOL","brand":"KOOL"}},{"type":"Feature","geometry":{"type":"Point","coordinates":[21.056776,56.533663]},"properties":{"kategorija":"degviela","id":"way/231940986","adrese":"Cukura iela 1A, Liepāja","name":"Gotika Auto","opening_hours":"24/7","website":"https://gotikaauto.lv"}},{"type":"Feature","geometry":{"type":"Point","coordinates":[21.14346,56.536257]},"properties":{"kategorija":"degviela","id":"way/235350262","adrese":"","name":"VIADA \"Grobiņa\"","brand":"Viada","opening_hours":"24/7","phone":"+371 67301513","website":"https://www.viada.lv"}},{"type":"Feature","geometry":{"type":"Point","coordinates":[21.989912,56.958717]},"properties":{"kategorija":"degviela","id":"way/236622027","adrese":"Ganību iela 31, Kuldīga","name":"Rietumu Nafta"}},{"type":"Feature","geometry":{"type":"Point","coordinates":[21.951483,56.9768]},"properties":{"kategorija":"degviela","id":"way/236625097","adrese":"Lapegļu iela 1, Kuldīga"}},{"type":"Feature","geometry":{"type":"Point","coordinates":[21.986075,56.958767]},"properties":{"kategorija":"degviela","id":"way/236625808","adrese":"Graudu iela 9, Kuldīga","name":"Viada","brand":"Viada"}},{"type":"Feature","geometry":{"type":"Point","coordinates":[21.991796,56.958259]},"properties":{"kategorija":"degviela","id":"way/238434527","adrese":"","name":"Circle K Kuldīga","brand":"Circle K","opening_hours":"24/7","website":"https://www.circlek.lv"}},{"type":"Feature","geometry":{"type":"Point","coordinates":[21.957636,56.966531]},"properties":{"kategorija":"degviela","id":"way/238818579","adrese":"","name":"Neste","website":"https://www.neste.lv"}},{"type":"Feature","geometry":{"type":"Point","coordinates":[25.003813,56.368628]},"properties":{"kategorija":"degviela","id":"way/241893194","adrese":"","name":"Virši-A","phone":"65175344"}},{"type":"Feature","geometry":{"type":"Point","coordinates":[22.906044,57.039013]},"properties":{"kategorija":"degviela","id":"way/245122517","adrese":"","name":"Virši veikals","brand":"Virši"}},{"type":"Feature","geometry":{"type":"Point","coordinates":[23.040333,56.843243]},"properties":{"kategorija":"degviela","id":"way/246126919","adrese":"","name":"Gotika auto","website":"https://www.gotikaauto.lv/"}},{"type":"Feature","geometry":{"type":"Point","coordinates":[23.272054,56.615873]},"properties":{"kategorija":"degviela","id":"way/248351247","adrese":"","name":"Oktans","brand":"Oktans"}},{"type":"Feature","geometry":{"type":"Point","coordinates":[21.585574,57.38524]},"properties":{"kategorija":"degviela","id":"way/27263499","adrese":"Rūpniecības iela 4, Ventspils","name":"Circle K","brand":"Circle K","opening_hours":"24/7","website":"https://www.circlek.lv"}},{"type":"Feature","geometry":{"type":"Point","coordinates":[25.8077,57.064199]},"properties":{"kategorija":"degviela","id":"way/288230491","adrese":"","name":"Viada","brand":"Viada","phone":"+371 67301515"}},{"type":"Feature","geometry":{"type":"Point","coordinates":[22.473152,56.645904]},"properties":{"kategorija":"degviela","id":"way/292151346","adrese":""}},{"type":"Feature","geometry":{"type":"Point","coordinates":[24.145623,56.966243]},"properties":{"kategorija":"degviela","id":"way/301440745","adrese":"Brīvības iela 176A, Rīga","name":"Circle K","brand":"Circle K","opening_hours":"24/7"}},{"type":"Feature","geometry":{"type":"Point","coordinates":[23.987508,56.948358]},"properties":{"kategorija":"degviela","id":"way/30420025","adrese":"Ciema iela 3, Rīga","operator":"Ekogāze"}},{"type":"Feature","geometry":{"type":"Point","coordinates":[21.015306,56.48534]},"properties":{"kategorija":"degviela","id":"way/305596110","adrese":"Ganību iela 180, Liepāja","name":"Viada","operator":"VIADA Baltija","brand":"Viada","opening_hours":"24/7","phone":"+371 67301558","website":"https://www.viada.lv/"}},{"type":"Feature","geometry":{"type":"Point","coordinates":[21.006347,56.523413]},"properties":{"kategorija":"degviela","id":"way/305598482","adrese":"Flotes iela 9, Liepāja","name":"Latvijas Nafta","brand":"Latvijas Nafta","opening_hours":"Mo-Su 06:00-22:00","phone":"+371 63422520","website":"http://www.latvijasnafta.lv"}},{"type":"Feature","geometry":{"type":"Point","coordinates":[22.854107,56.647165]},"properties":{"kategorija":"degviela","id":"way/308584034","adrese":"","name":"KOOL Mazblīdene","opening_hours":"24/7"}},{"type":"Feature","geometry":{"type":"Point","coordinates":[24.068943,56.95387]},"properties":{"kategorija":"degviela","id":"way/308892116","adrese":"Kuldīgas iela 1, Rīga","name":"Neste A24","operator":"Neste","brand":"Neste","opening_hours":"24/7"}},{"type":"Feature","geometry":{"type":"Point","coordinates":[24.196776,56.405983]},"properties":{"kategorija":"degviela","id":"way/31716157","adrese":"Zaļā iela 10, Bauska","name":"Circle K","brand":"Circle K","opening_hours":"24/7"}},{"type":"Feature","geometry":{"type":"Point","coordinates":[24.046788,57.02935]},"properties":{"kategorija":"degviela","id":"way/33342506","adrese":"Gaigalas iela 19A, Rīga","name":"Viada","brand":"Viada","opening_hours":"00:00-24:00"}},{"type":"Feature","geometry":{"type":"Point","coordinates":[23.220322,57.171225]},"properties":{"kategorija":"degviela","id":"way/337109056","adrese":"Jūras iela 116, Engure"}},{"type":"Feature","geometry":{"type":"Point","coordinates":[22.353908,57.499434]},"properties":{"kategorija":"degviela","id":"way/338320577","adrese":"Talsu iela 23, Dundaga","name":"MC"}},{"type":"Feature","geometry":{"type":"Point","coordinates":[24.233797,56.831351]},"properties":{"kategorija":"degviela","id":"way/34563772","adrese":"Rīgas iela 24, Ķekava","name":"Neste","brand":"Neste","opening_hours":"24/7"}},{"type":"Feature","geometry":{"type":"Point","coordinates":[24.184238,56.930858]},"properties":{"kategorija":"degviela","id":"way/348514705","adrese":"","name":"Neste","brand":"Neste","opening_hours":"24/7"}},{"type":"Feature","geometry":{"type":"Point","coordinates":[24.184778,56.930275]},"properties":{"kategorija":"degviela","id":"way/348514706","adrese":"","name":"Latvijas Nafta","brand":"Latvijas Nafta","opening_hours":"24/7"}},{"type":"Feature","geometry":{"type":"Point","coordinates":[26.706002,56.298201]},"properties":{"kategorija":"degviela","id":"way/349322228","adrese":"Rīgas iela 8, Preiļi","brand":"Viada"}},{"type":"Feature","geometry":{"type":"Point","coordinates":[21.060186,56.346851]},"properties":{"kategorija":"degviela","id":"way/352093275","adrese":"Nīca","name":"VIADA \"Nīca\"","operator":"VIADA Baltija","brand":"Viada","opening_hours":"Mo-Su 06:00-22:00","phone":"+371 67301521"}},{"type":"Feature","geometry":{"type":"Point","coordinates":[25.224904,56.574045]},"properties":{"kategorija":"degviela","id":"way/371646944","adrese":"","name":"Virši","operator":"Virši-A","brand":"Virši","opening_hours":"24/7"}},{"type":"Feature","geometry":{"type":"Point","coordinates":[22.589374,57.234291]},"properties":{"kategorija":"degviela","id":"way/376810071","adrese":"","name":"Talsu autotransports","opening_hours":"24/7"}},{"type":"Feature","geometry":{"type":"Point","coordinates":[21.981565,56.668235]},"properties":{"kategorija":"degviela","id":"way/37948808","adrese":"","name":"Latvijas nafta"}},{"type":"Feature","geometry":{"type":"Point","coordinates":[24.421064,57.22944]},"properties":{"kategorija":"degviela","id":"way/38316134","adrese":"","name":"Circle K","brand":"Circle K"}},{"type":"Feature","geometry":{"type":"Point","coordinates":[24.194832,56.420336]},"properties":{"kategorija":"degviela","id":"way/38874965","adrese":"","name":"Aksion","operator":"Aksion"}},{"type":"Feature","geometry":{"type":"Point","coordinates":[24.390636,57.22548]},"properties":{"kategorija":"degviela","id":"way/390794513","adrese":"","name":"Viada","brand":"Viada"}},{"type":"Feature","geometry":{"type":"Point","coordinates":[24.089623,56.938395]},"properties":{"kategorija":"degviela","id":"way/390795462","adrese":"Uzvaras bulvāris 16, Rīga","name":"Virši","operator":"Virši","brand":"Virši","opening_hours":"24/7"}},{"type":"Feature","geometry":{"type":"Point","coordinates":[22.584024,57.233181]},"properties":{"kategorija":"degviela","id":"way/391707193","adrese":"","name":"Circle K","brand":"Circle K"}},{"type":"Feature","geometry":{"type":"Point","coordinates":[25.898802,57.428312]},"properties":{"kategorija":"degviela","id":"way/399919548","adrese":"Stacijas iela 1A, Smiltene","name":"Gāzes uzpilde"}},{"type":"Feature","geometry":{"type":"Point","coordinates":[24.600106,56.81713]},"properties":{"kategorija":"degviela","id":"way/40102204","adrese":"Upes prospekts 17, Ogre","name":"Žiguļi STM","operator":"SIA \"Žiguļi STM\"","opening_hours":"24/7","phone":"+371 650 459 88"}},{"type":"Feature","geometry":{"type":"Point","coordinates":[24.599345,56.825021]},"properties":{"kategorija":"degviela","id":"way/40492092","adrese":"Mežezera iela 1, Aizupes","name":"Viada","operator":"VIADA Baltija AS","brand":"Viada","opening_hours":"24/7","phone":"+371 67301585","website":"https://www.viada.lv"}},{"type":"Feature","geometry":{"type":"Point","coordinates":[24.587436,56.816205]},"properties":{"kategorija":"degviela","id":"way/41873479","adrese":"Rīgas iela 19, Ogre","name":"Circle K","operator":"Circle K","brand":"Circle K","opening_hours":"24/7","phone":"+371 254 889 53","website":"https://www.circlek.lv/lv_LV/pg1334073174978/st1/Stacijut%C4%ABkls.html?stationid=63053&countryid=lv;https://www.circlek.lv"}},{"type":"Feature","geometry":{"type":"Point","coordinates":[22.578668,57.263779]},"properties":{"kategorija":"degviela","id":"way/422844475","adrese":"","name":"Latvijas nafta","opening_hours":"24/7","website":"http://www.lnafta.lv/"}},{"type":"Feature","geometry":{"type":"Point","coordinates":[24.630021,57.113651]},"properties":{"kategorija":"degviela","id":"way/437140466","adrese":"","name":"Totāls","operator":"Oskars","opening_hours":"24/7","phone":"+371 28658888","website":"https://www.facebook.com/dustotals/"}},{"type":"Feature","geometry":{"type":"Point","coordinates":[24.137868,57.02401]},"properties":{"kategorija":"degviela","id":"way/44042209","adrese":"Mīlgrāvja iela 10, Rīga","name":"Circle K","brand":"Circle K"}},{"type":"Feature","geometry":{"type":"Point","coordinates":[24.729413,57.512291]},"properties":{"kategorija":"degviela","id":"way/475425084","adrese":"Cēsu iela 32, Limbaži","name":"Viada Limbaži","brand":"Viada","opening_hours":"24/7","website":"https://www.viada.lv/"}},{"type":"Feature","geometry":{"type":"Point","coordinates":[22.905755,57.039145]},"properties":{"kategorija":"degviela","id":"way/492950990","adrese":"Daigones iela 13A, Pūre","name":"Virši-A","brand":"Virši","opening_hours":"24/7","website":"https://www.virsi.lv"}},{"type":"Feature","geometry":{"type":"Point","coordinates":[27.173478,56.352589]},"properties":{"kategorija":"degviela","id":"way/501249177","adrese":"Mostovaja","name":"Viada","operator":"VIADA Baltija AS","brand":"Viada","opening_hours":"06:00-22:00","phone":"+37164634000","website":"https://www.viada.lv/"}},{"type":"Feature","geometry":{"type":"Point","coordinates":[25.393215,57.531774]},"properties":{"kategorija":"degviela","id":"way/518492431","adrese":"Rīgas iela 76, Valmiera","name":"Neste","brand":"Neste"}},{"type":"Feature","geometry":{"type":"Point","coordinates":[25.392646,57.530523]},"properties":{"kategorija":"degviela","id":"way/518498222","adrese":"","name":"Circle K","brand":"Circle K"}},{"type":"Feature","geometry":{"type":"Point","coordinates":[25.856107,56.516201]},"properties":{"kategorija":"degviela","id":"way/530664906","adrese":"Rīgas iela 218G, Jēkabpils","name":"Circle K","opening_hours":"24/7"}},{"type":"Feature","geometry":{"type":"Point","coordinates":[25.874302,56.509954]},"properties":{"kategorija":"degviela","id":"way/530820221","adrese":"Latgales iela 42, Jēkabpils","name":"Viada","operator":"VIADA Baltija AS","brand":"Viada","website":"https://www.viada.lv"}},{"type":"Feature","geometry":{"type":"Point","coordinates":[24.189078,56.906349]},"properties":{"kategorija":"degviela","id":"way/534093801","adrese":"","name":"Circle K","brand":"Circle K"}},{"type":"Feature","geometry":{"type":"Point","coordinates":[25.49131,57.279796]},"properties":{"kategorija":"degviela","id":"way/537078090","adrese":"Bērzkrogs","name":"Circle K","opening_hours":"24/7","phone":"+371 64177207"}},{"type":"Feature","geometry":{"type":"Point","coordinates":[24.362114,57.757009]},"properties":{"kategorija":"degviela","id":"way/542993941","adrese":"Viļņu iela 4, Salacgrīva","name":"Circle K","brand":"Circle K"}},{"type":"Feature","geometry":{"type":"Point","coordinates":[25.43504,57.526948]},"properties":{"kategorija":"degviela","id":"way/542993942","adrese":"Stacijas iela 29, Valmiera","name":"Circle K","brand":"Circle K"}},{"type":"Feature","geometry":{"type":"Point","coordinates":[25.300381,57.29834]},"properties":{"kategorija":"degviela","id":"way/542993943","adrese":"","name":"Circle K"}},{"type":"Feature","geometry":{"type":"Point","coordinates":[21.018055,56.515768]},"properties":{"kategorija":"degviela","id":"way/542993946","adrese":"Esperanto iela 2/8, Liepāja","name":"Circle K","brand":"Circle K","opening_hours":"24/7"}},{"type":"Feature","geometry":{"type":"Point","coordinates":[26.742684,57.17763]},"properties":{"kategorija":"degviela","id":"way/547126934","adrese":"","name":"Circle K","brand":"Circle K"}},{"type":"Feature","geometry":{"type":"Point","coordinates":[24.185287,56.950722]},"properties":{"kategorija":"degviela","id":"way/547126935","adrese":"Gunāra Astras iela 17, Rīga","name":"Circle K","operator":"Circle K","brand":"Circle K","opening_hours":"24/7","phone":"+371 25488911","website":"https://www.circlek.lv/lv_LV/pg1334073174978/st1/Stacijut%C4%ABkls.html?stationid=63011&countryid=lv"}},{"type":"Feature","geometry":{"type":"Point","coordinates":[22.471258,56.682511]},"properties":{"kategorija":"degviela","id":"way/547126938","adrese":"","name":"Circle K","operator":"Circle K","brand":"Circle K","opening_hours":"24/7","phone":"+371 25448964","website":"https://www.circlek.lv"}},{"type":"Feature","geometry":{"type":"Point","coordinates":[22.590841,57.053064]},"properties":{"kategorija":"degviela","id":"way/548248032","adrese":""}},{"type":"Feature","geometry":{"type":"Point","coordinates":[25.87575,56.493301]},"properties":{"kategorija":"degviela","id":"way/585672583","adrese":"Vienības iela 1E, Jēkabpils","name":"Neste","brand":"Neste","opening_hours":"24/7"}},{"type":"Feature","geometry":{"type":"Point","coordinates":[25.88492,56.494334]},"properties":{"kategorija":"degviela","id":"way/585672601","adrese":"Kļavu iela 4, Jēkabpils","name":"Astarte"}},{"type":"Feature","geometry":{"type":"Point","coordinates":[27.696711,56.779568]},"properties":{"kategorija":"degviela","id":"way/593733065","adrese":"Malnavas fermas","name":"Virši-A","operator":"Virši-A","brand":"Virši"}},{"type":"Feature","geometry":{"type":"Point","coordinates":[24.951229,57.351368]},"properties":{"kategorija":"degviela","id":"way/598401890","adrese":"","name":"Viada","operator":"VIADA Baltija AS","brand":"Viada"}},{"type":"Feature","geometry":{"type":"Point","coordinates":[24.419682,57.226824]},"properties":{"kategorija":"degviela","id":"way/642849154","adrese":"","name":"Circle K"}},{"type":"Feature","geometry":{"type":"Point","coordinates":[24.781995,56.721608]},"properties":{"kategorija":"degviela","id":"way/646094992","adrese":"Lāčplēša iela 60, Lielvārde","name":"Straujupīte"}},{"type":"Feature","geometry":{"type":"Point","coordinates":[22.893694,56.460208]},"properties":{"kategorija":"degviela","id":"way/654849331","adrese":"Raiņa iela 30, Auce","name":"Virši Auce","operator":"Virši","brand":"Virši"}},{"type":"Feature","geometry":{"type":"Point","coordinates":[25.384809,57.529528]},"properties":{"kategorija":"degviela","id":"way/671111270","adrese":"","name":"Latvijas Propāna Gāze","brand":"Latvijas Propāna Gāze","opening_hours":"24/7","website":"https://www.lpg.lv"}},{"type":"Feature","geometry":{"type":"Point","coordinates":[25.278817,57.315655]},"properties":{"kategorija":"degviela","id":"way/67219233","adrese":"","name":"Neste Cēsis I","operator":"SIA \"Neste Latvija\"","brand":"Neste","opening_hours":"24/7","website":"https://www.neste.lv"}},{"type":"Feature","geometry":{"type":"Point","coordinates":[27.688208,56.775062]},"properties":{"kategorija":"degviela","id":"way/673048949","adrese":"","name":"Viada","brand":"Viada"}},{"type":"Feature","geometry":{"type":"Point","coordinates":[24.562907,56.819121]},"properties":{"kategorija":"degviela","id":"way/67531733","adrese":"Rīgas iela 116, Ogre","name":"Viada","opening_hours":"24/7"}},{"type":"Feature","geometry":{"type":"Point","coordinates":[25.305327,57.296666]},"properties":{"kategorija":"degviela","id":"way/67729886","adrese":"","name":"Virši","operator":"Virši","brand":"Virši","opening_hours":"24/7"}},{"type":"Feature","geometry":{"type":"Point","coordinates":[25.284429,57.307762]},"properties":{"kategorija":"degviela","id":"way/67730028","adrese":"Lapsu iela 36, Cēsis","name":"KOOL Cēsis","operator":"KOOL","brand":"KOOL"}},{"type":"Feature","geometry":{"type":"Point","coordinates":[24.934915,56.9287]},"properties":{"kategorija":"degviela","id":"way/686473080","adrese":"","name":"Viada","operator":"VIADA Baltija AS","brand":"Viada"}},{"type":"Feature","geometry":{"type":"Point","coordinates":[25.04814,57.877629]},"properties":{"kategorija":"degviela","id":"way/692814769","adrese":"","name":"Lauksalaca"}},{"type":"Feature","geometry":{"type":"Point","coordinates":[25.450048,57.52188]},"properties":{"kategorija":"degviela","id":"way/694301499","adrese":"","name":"KOOL Valmiera 2","operator":"KOOL","brand":"KOOL"}},{"type":"Feature","geometry":{"type":"Point","coordinates":[25.428789,57.531705]},"properties":{"kategorija":"degviela","id":"way/69635610","adrese":"Mazā Stacijas iela 14, Valmiera","name":"Neste","brand":"Neste","opening_hours":"24/7","website":"https://www.neste.lv/"}},{"type":"Feature","geometry":{"type":"Point","coordinates":[25.280027,57.311985]},"properties":{"kategorija":"degviela","id":"way/69974853","adrese":"Raiņa iela 32, Cēsis","name":"Virši-A","brand":"Virši","opening_hours":"24/7"}},{"type":"Feature","geometry":{"type":"Point","coordinates":[24.129812,56.988596]},"properties":{"kategorija":"degviela","id":"way/700604211","adrese":"","name":"Viada","brand":"Viada","website":"https://www.viada.lv"}},{"type":"Feature","geometry":{"type":"Point","coordinates":[25.291796,57.320033]},"properties":{"kategorija":"degviela","id":"way/70086070","adrese":"Valmieras iela 12, Cēsis","name":"Viada","operator":"Viada","brand":"Viada"}},{"type":"Feature","geometry":{"type":"Point","coordinates":[24.587995,56.816143]},"properties":{"kategorija":"degviela","id":"way/71358196","adrese":"","opening_hours":"24/7"}},{"type":"Feature","geometry":{"type":"Point","coordinates":[24.514776,56.611004]},"properties":{"kategorija":"degviela","id":"way/718428884","adrese":"Rīgas iela 1, Vecumnieki","name":"Neste Vecumnieki","brand":"Neste","opening_hours":"24/7","website":"https://www.neste.lv"}},{"type":"Feature","geometry":{"type":"Point","coordinates":[24.514741,56.610853]},"properties":{"kategorija":"degviela","id":"way/718428886","adrese":"","name":"Latvijas propāna gāze","opening_hours":"24/7","website":"https://www.lpg.lv"}},{"type":"Feature","geometry":{"type":"Point","coordinates":[23.727327,56.635874]},"properties":{"kategorija":"degviela","id":"way/719365987","adrese":"","name":"KOOL Jelgava1","operator":"SIA “KOOL Latvija”","brand":"KOOL","opening_hours":"24/7","website":"https://www.kool.lv/"}},{"type":"Feature","geometry":{"type":"Point","coordinates":[25.029851,57.181622]},"properties":{"kategorija":"degviela","id":"way/719365990","adrese":"Augšlīgatne","name":"KOOL Līgatne","operator":"SIA “KOOL Latvija”","brand":"KOOL","opening_hours":"24/7","website":"https://www.kool.lv/"}},{"type":"Feature","geometry":{"type":"Point","coordinates":[24.367642,56.91262]},"properties":{"kategorija":"degviela","id":"way/719365995","adrese":"","name":"KOOL Saurieši","operator":"SIA “KOOL Latvija”","brand":"KOOL","opening_hours":"24/7","website":"https://www.kool.lv/"}},{"type":"Feature","geometry":{"type":"Point","coordinates":[24.312624,57.09422]},"properties":{"kategorija":"degviela","id":"way/719442954","adrese":"Rīgas gatve 69, Ādaži","name":"KOOL Ādaži","operator":"SIA “KOOL Latvija”","brand":"KOOL","opening_hours":"24/7","website":"https://www.kool.lv/"}},{"type":"Feature","geometry":{"type":"Point","coordinates":[25.38638,57.529282]},"properties":{"kategorija":"degviela","id":"way/719442957","adrese":"Rīgas iela 90, Valmiera","name":"KOOL Valmiera","operator":"KOOL","brand":"KOOL","opening_hours":"24/7","website":"https://www.kool.lv/"}},{"type":"Feature","geometry":{"type":"Point","coordinates":[24.039175,56.925656]},"properties":{"kategorija":"degviela","id":"way/766101668","adrese":"Upesgrīvas iela 3, Mārupe","name":"ES gāze"}},{"type":"Feature","geometry":{"type":"Point","coordinates":[21.392176,57.012223]},"properties":{"kategorija":"degviela","id":"way/808297110","adrese":"Jūrkalne","name":"Virši","opening_hours":"24/7","phone":"+371 63630034","website":"https://www.virsi.lv/"}},{"type":"Feature","geometry":{"type":"Point","coordinates":[25.486381,56.720503]},"properties":{"kategorija":"degviela","id":"way/818829665","adrese":"Vecbebri","name":"Virši","brand":"Virši"}},{"type":"Feature","geometry":{"type":"Point","coordinates":[24.714214,57.179655]},"properties":{"kategorija":"degviela","id":"way/82845947","adrese":"Tirgus iela 4, Ragana","name":"Virši","brand":"Virši","opening_hours":"24/7"}},{"type":"Feature","geometry":{"type":"Point","coordinates":[25.245427,56.598758]},"properties":{"kategorija":"degviela","id":"way/835511623","adrese":"Gaismas iela 1, Aizkraukle","name":"Virši-A","operator":"Virši-A","brand":"Virši"}},{"type":"Feature","geometry":{"type":"Point","coordinates":[21.690887,57.021277]},"properties":{"kategorija":"degviela","id":"way/839278624","adrese":"Dārza iela 7, Ēdole","name":"Virši","brand":"Virši"}},{"type":"Feature","geometry":{"type":"Point","coordinates":[25.460471,57.508308]},"properties":{"kategorija":"degviela","id":"way/85698941","adrese":"","name":"Viada","operator":"VIADA Baltija AS","brand":"Viada","website":"https://www.viada.lv"}},{"type":"Feature","geometry":{"type":"Point","coordinates":[24.023752,56.928604]},"properties":{"kategorija":"degviela","id":"way/866029569","adrese":"","name":"LPG autogāze","opening_hours":"24/7"}},{"type":"Feature","geometry":{"type":"Point","coordinates":[24.246937,56.882383]},"properties":{"kategorija":"degviela","id":"way/87173141","adrese":"Latgales iela 481, Rumbula","name":"Viada","brand":"Viada"}},{"type":"Feature","geometry":{"type":"Point","coordinates":[24.24351,56.989347]},"properties":{"kategorija":"degviela","id":"way/87647874","adrese":"","name":"Circle K","brand":"Circle K"}},{"type":"Feature","geometry":{"type":"Point","coordinates":[21.017219,56.487302]},"properties":{"kategorija":"degviela","id":"way/88813438","adrese":"Ganību iela 171, Liepāja","name":"Circle K Liepāja 2","brand":"Circle K","opening_hours":"Mo-Su 06:00-24:00","phone":"+371 25488939"}},{"type":"Feature","geometry":{"type":"Point","coordinates":[26.753376,56.602174]},"properties":{"kategorija":"degviela","id":"way/891302008","adrese":"","name":"Latvijas nafta"}},{"type":"Feature","geometry":{"type":"Point","coordinates":[24.086933,56.910209]},"properties":{"kategorija":"degviela","id":"way/89390863","adrese":"","name":"Neste A24","operator":"Neste","brand":"Neste","opening_hours":"PH,Mo-Su 00:00-24:00"}},{"type":"Feature","geometry":{"type":"Point","coordinates":[25.435984,56.645354]},"properties":{"kategorija":"degviela","id":"way/896084470","adrese":"","name":"Astarte"}},{"type":"Feature","geometry":{"type":"Point","coordinates":[24.13895,56.934204]},"properties":{"kategorija":"degviela","id":"way/90279661","adrese":"Krasta iela 47, Rīga","name":"Circle K","brand":"Circle K"}},{"type":"Feature","geometry":{"type":"Point","coordinates":[25.304385,57.312366]},"properties":{"kategorija":"degviela","id":"way/903867512","adrese":"Jāņa Poruka iela 49, Cēsis","name":"Neste Cēsis 2","operator":"Aleta","brand":"Neste","opening_hours":"24/7"}},{"type":"Feature","geometry":{"type":"Point","coordinates":[25.264477,57.295236]},"properties":{"kategorija":"degviela","id":"way/905226220","adrese":"","name":"Virši","brand":"Virši"}},{"type":"Feature","geometry":{"type":"Point","coordinates":[25.880102,56.485605]},"properties":{"kategorija":"degviela","id":"way/906131184","adrese":"Jāņa Akuratera iela 13, Jēkabpils","name":"Virši-A","brand":"Virši"}},{"type":"Feature","geometry":{"type":"Point","coordinates":[24.17544,56.915901]},"properties":{"kategorija":"degviela","id":"way/90988189","adrese":"Latgales iela 293A, Rīga","name":"Viada","operator":"Viada","brand":"Viada"}},{"type":"Feature","geometry":{"type":"Point","coordinates":[25.340151,57.513339]},"properties":{"kategorija":"degviela","id":"way/91660137","adrese":"Kocēni","name":"KOOL Kocēni","operator":"SIA “KOOL Latvija”","brand":"KOOL"}},{"type":"Feature","geometry":{"type":"Point","coordinates":[24.285768,57.002329]},"properties":{"kategorija":"degviela","id":"way/91892365","adrese":"Berģi","name":"Kool"}},{"type":"Feature","geometry":{"type":"Point","coordinates":[25.442846,57.555389]},"properties":{"kategorija":"degviela","id":"way/91969921","adrese":"","name":"Neste","brand":"Neste","opening_hours":"24/7"}},{"type":"Feature","geometry":{"type":"Point","coordinates":[22.585472,57.374971]},"properties":{"kategorija":"degviela","id":"way/921747825","adrese":""}},{"type":"Feature","geometry":{"type":"Point","coordinates":[25.884868,56.48738]},"properties":{"kategorija":"degviela","id":"way/930449699","adrese":"Brīvības iela 23, Jēkabpils","name":"Viada","operator":"VIADA Baltija AS","brand":"Viada","website":"https://www.viada.lv"}},{"type":"Feature","geometry":{"type":"Point","coordinates":[27.70181,56.538941]},"properties":{"kategorija":"degviela","id":"way/938162986","adrese":"","name":"Viada","operator":"VIADA Baltija AS","brand":"Viada","website":"https://www.viada.lv"}},{"type":"Feature","geometry":{"type":"Point","coordinates":[21.565162,57.368838]},"properties":{"kategorija":"degviela","id":"way/94458495","adrese":"Kuldīgas iela 158, Ventspils","name":"Hav"}},{"type":"Feature","geometry":{"type":"Point","coordinates":[21.582755,57.387407]},"properties":{"kategorija":"degviela","id":"way/94469555","adrese":"Lāčplēša iela 1, Ventspils","name":"Neste","operator":"Neste","brand":"Neste","opening_hours":"24/7","website":"https://www.neste.lv"}},{"type":"Feature","geometry":{"type":"Point","coordinates":[21.614623,57.397051]},"properties":{"kategorija":"degviela","id":"way/94475615","adrese":"","name":"Viada","brand":"Viada","opening_hours":"24/7","website":"https://www.viada.lv"}},{"type":"Feature","geometry":{"type":"Point","coordinates":[27.018502,57.431862]},"properties":{"kategorija":"degviela","id":"way/958436334","adrese":"","name":"KOOL Alūksne","operator":"KOOL","brand":"KOOL"}},{"type":"Feature","geometry":{"type":"Point","coordinates":[24.241023,56.942178]},"properties":{"kategorija":"degviela","id":"way/967486210","adrese":"Lubānas iela 150B, Dreiliņi","name":"Viada"}},{"type":"Feature","geometry":{"type":"Point","coordinates":[23.724323,56.962212]},"properties":{"kategorija":"degviela","id":"way/97771256","adrese":"","name":"1-2-3","operator":"SIA Circle K Latvia","opening_hours":"24/7"}},{"type":"Feature","geometry":{"type":"Point","coordinates":[23.742811,56.657289]},"properties":{"kategorija":"degviela","id":"way/993342640","adrese":"Brīvības bulvāris 1, Jelgava","name":"Circle K Jelgava 2","brand":"Circle K"}}]}