{"type":"FeatureCollection","features":[{"type":"Feature","geometry":{"type":"Point","coordinates":[26.055227,57.180357]},"properties":{"vieta":"Jaunpiebalga, Jaunpiebalgas pagasts, Cēsu novads","iela":"Gaujas iela","nr":"2a","veids":"Kultūras nams","komentars":null}},{"type":"Feature","geometry":{"type":"Point","coordinates":[26.054085,57.180624]},"properties":{"vieta":"Jaunpiebalga, Jaunpiebalgas pagasts, Cēsu novads","iela":"Gaujas iela","nr":"4","veids":"Pagasta pārvaldes ēka","komentars":null}},{"type":"Feature","geometry":{"type":"Point","coordinates":[26.035116,57.180883]},"properties":{"vieta":"Jaunpiebalga, Jaunpiebalgas pagasts, Cēsu novads","iela":"Brāļu Kaudzīšu iela","nr":"10","veids":"Mūzikas un mākslas skola","komentars":null}},{"type":"Feature","geometry":{"type":"Point","coordinates":[25.663020,57.162009]},"properties":{"vieta":"Taurene, Taurenes pagasts, Cēsu novads","iela":"\"Senkrasti\"","nr":"Nav","veids":"Muzejs","komentars":null}},{"type":"Feature","geometry":{"type":"Point","coordinates":[25.662745,57.161980]},"properties":{"vieta":"Taurene, Taurenes pagasts, Cēsu novads","iela":"\"Pagrabi\"","nr":"Nav","veids":"Telpas kultūras pasākumiem","komentars":null}},{"type":"Feature","geometry":{"type":"Point","coordinates":[25.662722,57.161333]},"properties":{"vieta":"Taurene, Taurenes pagasts, Cēsu novads","iela":"\"Nēķina muiža\"","nr":"Nav","veids":"Kultūras nams","komentars":null}},{"type":"Feature","geometry":{"type":"Point","coordinates":[25.597648,57.150383]},"properties":{"vieta":"Taurenes pagasts, Cēsu novads","iela":"\"Lībieši\"","nr":"Nav","veids":"Daudzdzīvokļu dzīvojamā māja","komentars":null}},{"type":"Feature","geometry":{"type":"Point","coordinates":[26.031506,57.163751]},"properties":{"vieta":"Jaunpiebalgas pagasts, Cēsu novads","iela":"\"Dzelzceļa ēka 58.km\"","nr":"Nav","veids":"Dzīvojamā māja","komentars":null}},{"type":"Feature","geometry":{"type":"Point","coordinates":[26.019331,57.167284]},"properties":{"vieta":"Jaunpiebalga, Jaunpiebalgas pagasts, Cēsu novads","iela":"Gaujas iela","nr":"41","veids":"Skola","komentars":null}},{"type":"Feature","geometry":{"type":"Point","coordinates":[25.325449,57.273780]},"properties":{"vieta":"Krīvi, Vaives pagasts, Cēsu novads","iela":"\"Līvu skola\"","nr":"Nav","veids":"Pirmsskolas izglītības iestāde","komentars":null}},{"type":"Feature","geometry":{"type":"Point","coordinates":[25.368995,57.255820]},"properties":{"vieta":"Vaive, Vaives pagasts, Cēsu novads","iela":"\"Kaķukrogs\"","nr":"Nav","veids":"Kultūras nams","komentars":null}},{"type":"Feature","geometry":{"type":"Point","coordinates":[25.415053,57.212730]},"properties":{"vieta":"Rāmuļi, Vaives pagasts, Cēsu novads","iela":"\"Rāmuļu Skola\"","nr":"Nav","veids":"Skola","komentars":null}},{"type":"Feature","geometry":{"type":"Point","coordinates":[25.326267,57.898242]},"properties":{"vieta":"Rūjiena, Valmieras novads","iela":"Raiņa iela","nr":"3","veids":"Biroju ēkas","komentars":null}},{"type":"Feature","geometry":{"type":"Point","coordinates":[26.665445,56.553945]},"properties":{"vieta":"Stirniene, Varaksļānu pagasts, Varakļānu novads","iela":"Muiža","nr":"3","veids":"Pagasta pārvalde","komentars":null}},{"type":"Feature","geometry":{"type":"Point","coordinates":[25.809897,57.059189]},"properties":{"vieta":"Vecpiebalga, Vecpiebalgas pagasts, Cēsu novads","iela":"Gaismas iela","nr":"1","veids":"Ēkas plašizklaides pasākumiem","komentars":null}},{"type":"Feature","geometry":{"type":"Point","coordinates":[25.809723,57.058435]},"properties":{"vieta":"Vecpiebalga, Vecpiebalgas pagasts, Cēsu novads","iela":"Gaismas iela","nr":"1A","veids":"Ārstniecības vai veselības aprūpes iestāžu ēkas","komentars":null}},{"type":"Feature","geometry":{"type":"Point","coordinates":[26.212412,56.852957]},"properties":{"vieta":"Madona","iela":"Skolas iela","nr":"10","veids":"Skola","komentars":null}},{"type":"Feature","geometry":{"type":"Point","coordinates":[26.747323,56.799737]},"properties":{"vieta":"Degumnieki, Ošupes pagasts, Madonas novads","iela":"Skolas iela","nr":"4","veids":"Biroju ēka","komentars":null}},{"type":"Feature","geometry":{"type":"Point","coordinates":[26.127173,56.897354]},"properties":{"vieta":"Kusa, Aronas pagasts, Madonas novads","iela":"Skolas iela","nr":"3","veids":"Skola","komentars":null}},{"type":"Feature","geometry":{"type":"Point","coordinates":[26.132715,56.896527]},"properties":{"vieta":"Kusa, Aronas pagasts, Madonas novads","iela":"Melioratoru iela","nr":"1","veids":"Dienesta viesnīca","komentars":null}},{"type":"Feature","geometry":{"type":"Point","coordinates":[24.713442,57.513112]},"properties":{"vieta":"Limbaži","iela":"Parka iela","nr":"5","veids":"Pirmsskolas izglītības iestāde","komentars":null}},{"type":"Feature","geometry":{"type":"Point","coordinates":[25.274173,57.312104]},"properties":{"vieta":"Cēsis","iela":"Rīgas iela","nr":"7","veids":"Vairumtirdzniecības un mazumtirdzniecības ēka","komentars":null}},{"type":"Feature","geometry":{"type":"Point","coordinates":[26.722638,56.903142]},"properties":{"vieta":"Lubāna, Madonas novads","iela":"Oskara Kalpaka iela","nr":"2","veids":"Biroju ēka","komentars":null}},{"type":"Feature","geometry":{"type":"Point","coordinates":[26.721526,56.902823]},"properties":{"vieta":"Lubāna, Madonas novads","iela":"Oskara Kalpaka iela","nr":"4","veids":"Biroju ēka","komentars":null}},{"type":"Feature","geometry":{"type":"Point","coordinates":[26.267004,57.458112]},"properties":{"vieta":"Grundzāle, Grundzāles pagasts, Smiltenes novads","iela":"Tilta iela","nr":"5","veids":"Administratīvā ēka","komentars":null}},{"type":"Feature","geometry":{"type":"Point","coordinates":[26.168115,57.318666]},"properties":{"vieta":"Variņi, Variņu pagasts, Smiltenes novads","iela":"Oktobra iela","nr":"15","veids":"Skola","komentars":null}},{"type":"Feature","geometry":{"type":"Point","coordinates":[26.168038,57.318616]},"properties":{"vieta":"Variņi, Variņu pagasts, Smiltenes novads","iela":"Oktobra iela","nr":"13","veids":"Tautas nams","komentars":null}},{"type":"Feature","geometry":{"type":"Point","coordinates":[26.026851,56.802505]},"properties":{"vieta":"Bērzaune, Bērzaunes pagasts, Madonas novads","iela":"Bērzaunes pamatskola","nr":"Nav","veids":"Skola","komentars":null}},{"type":"Feature","geometry":{"type":"Point","coordinates":[26.196910,56.703840]},"properties":{"vieta":"Ļaudona, Ļaudonas pagasts, Madonas novads","iela":"Skolas iela","nr":"2","veids":"Skola","komentars":null}},{"type":"Feature","geometry":{"type":"Point","coordinates":[26.321721,56.676945]},"properties":{"vieta":"Mētriena, Mētrienas pagasts, Madonas novads","iela":"Centra iela","nr":"5","veids":"Biroju ēka","komentars":null}},{"type":"Feature","geometry":{"type":"Point","coordinates":[26.318285,56.674215]},"properties":{"vieta":"Mētriena, Mētrienas pagasts, Madonas novads","iela":"Tautas iela","nr":"1","veids":"Ēka plašizklaides pasākumiem","komentars":null}},{"type":"Feature","geometry":{"type":"Point","coordinates":[27.049399,57.426160]},"properties":{"vieta":"Alūksne","iela":"Brūža iela","nr":"7","veids":"Ēka plašizklaides pasākumiem","komentars":null}},{"type":"Feature","geometry":{"type":"Point","coordinates":[27.054131,57.418072]},"properties":{"vieta":"Alūksne","iela":"Uzvaras iela","nr":"1","veids":"Biroja telpas","komentars":null}},{"type":"Feature","geometry":{"type":"Point","coordinates":[25.278635,57.244967]},"properties":{"vieta":"Drabeši, Drabešu pagasts, Cēsu novads","iela":"\"Drabešu skola\"","nr":"Nav","veids":"Skola","komentars":null}},{"type":"Feature","geometry":{"type":"Point","coordinates":[25.645978,56.902216]},"properties":{"vieta":"Ērgļi, Ērgļu pagasts, Madonas novads","iela":"Oškalna iela","nr":"6","veids":"Skola","komentars":null}},{"type":"Feature","geometry":{"type":"Point","coordinates":[25.418427,57.387817]},"properties":{"vieta":"Liepa, Liepas pagasts, Cēsu novads","iela":"Rūpnīcas iela","nr":"8","veids":"Muzejs un bibliotēka","komentars":null}},{"type":"Feature","geometry":{"type":"Point","coordinates":[25.329657,57.352690]},"properties":{"vieta":"Jāņmuiža, Priekuļu pagasts, Cēsu novads","iela":"Sporta iela","nr":"3","veids":"Pirmsskolas izglītības iestāde","komentars":null}},{"type":"Feature","geometry":{"type":"Point","coordinates":[25.341727,57.316635]},"properties":{"vieta":"Priekuļi, Priekuļu pagasts, Cēsu novads","iela":"Selekcijas iela","nr":"6A","veids":"Kultūras nams","komentars":null}},{"type":"Feature","geometry":{"type":"Point","coordinates":[25.361619,57.313361]},"properties":{"vieta":"Priekuļi, Priekuļu pagasts, Cēsu novads","iela":"Cēsu prospekts","nr":"46","veids":"Skola","komentars":null}},{"type":"Feature","geometry":{"type":"Point","coordinates":[25.357354,57.310423]},"properties":{"vieta":"Priekuļi, Priekuļu pagasts, Cēsu novads","iela":"Raiņa iela","nr":"8","veids":"Administratīvā ēka","komentars":null}},{"type":"Feature","geometry":{"type":"Point","coordinates":[26.017655,57.783254]},"properties":{"vieta":"Valka","iela":"Voldemāra Roberta Zāmuela iela","nr":"3A","veids":"Daudzdzīvokļu māja","komentars":null}},{"type":"Feature","geometry":{"type":"Point","coordinates":[26.180184,57.205153]},"properties":{"vieta":"Ranka, Rankas pagasts, Gulbenes novads","iela":"Skolas iela","nr":"7","veids":"Dienesta viesnīca","komentars":null}},{"type":"Feature","geometry":{"type":"Point","coordinates":[25.394661,57.530727]},"properties":{"vieta":"Valmiera","iela":"Ausekļa iela","nr":"25B","veids":"Viesnīca","komentars":null}},{"type":"Feature","geometry":{"type":"Point","coordinates":[24.716381,57.511675]},"properties":{"vieta":"Limbaži","iela":"Rīgas iela","nr":"9","veids":"Kultūras nams","komentars":null}},{"type":"Feature","geometry":{"type":"Point","coordinates":[24.713618,57.515210]},"properties":{"vieta":"Limbaži","iela":"Burtnieku iela","nr":"7","veids":"Muzejs","komentars":null}},{"type":"Feature","geometry":{"type":"Point","coordinates":[25.276442,57.313247]},"properties":{"vieta":"Cēsis","iela":"Raunas iela","nr":"12","veids":"Koncertzāle","komentars":null}},{"type":"Feature","geometry":{"type":"Point","coordinates":[26.219452,56.854534]},"properties":{"vieta":"Madona","iela":"Valdemāra bulvāris","nr":"2A","veids":"Skola","komentars":null}},{"type":"Feature","geometry":{"type":"Point","coordinates":[25.432627,57.550362]},"properties":{"vieta":"Valmiera","iela":"Viestura aleja","nr":"3","veids":"Mācību darbnīca","komentars":null}},{"type":"Feature","geometry":{"type":"Point","coordinates":[26.872031,57.528065]},"properties":{"vieta":"Jaunlaicene, Jaunlaicenes pagasts, Alūksnes novads","iela":"\"Līgotņi\"","nr":"Nav","veids":"Tautas nams","komentars":null}},{"type":"Feature","geometry":{"type":"Point","coordinates":[25.784748,57.753828]},"properties":{"vieta":"Turna, Ērģemes pagasts, Valkas novads","iela":"\"Valžkalni\"","nr":"Nav","veids":"Tautas nams","komentars":null}},{"type":"Feature","geometry":{"type":"Point","coordinates":[25.613775,57.816780]},"properties":{"vieta":"Kārķi, Kārķu pagasts, Valkas novads","iela":"\"Ausmas\"","nr":"Nav","veids":"Administrātīvā ēka","komentars":null}},{"type":"Feature","geometry":{"type":"Point","coordinates":[26.189416,56.840537]},"properties":{"vieta":"Lazdonas pagasts, Madonas novads","iela":"\"Biatlonā trase\"","nr":"Nav","veids":"Pazemes eja, noliktava ","komentars":null}},{"type":"Feature","geometry":{"type":"Point","coordinates":[26.425100,56.979870]},"properties":{"vieta":"Aizpurve, Dzelzavas pagasts, Madonas novads","iela":"Bērzu iela","nr":"21","veids":"Dzīvojamā māja","komentars":null}},{"type":"Feature","geometry":{"type":"Point","coordinates":[25.033690,57.183517]},"properties":{"vieta":"Augšlīgatne, Līgatnes pagasts, Cēsu novads","iela":"Nītaures iela","nr":"4","veids":"Sabiedriska ēka- biroju ēka/kultūras nams","komentars":null}},{"type":"Feature","geometry":{"type":"Point","coordinates":[25.067914,57.255815]},"properties":{"vieta":"Līgatnes pagasts, Cēsu novads","iela":"\"Skaļupes\"","nr":"Nav","veids":"Ārstniecības vai veselības aprūpes iestāžu ēka","komentars":null}},{"type":"Feature","geometry":{"type":"Point","coordinates":[25.069466,57.255969]},"properties":{"vieta":"Līgatnes pagasts, Cēsu novads","iela":"\"Skaļupes\"","nr":"Nav","veids":"Neklasificēta būve","komentars":null}},{"type":"Feature","geometry":{"type":"Point","coordinates":[24.699184,57.421490]},"properties":{"vieta":"Lādezers, Limbažu pagasts, Limbažu novads","iela":"Skolas iela","nr":"1","veids":"Skola","komentars":null}},{"type":"Feature","geometry":{"type":"Point","coordinates":[25.386798,57.542935]},"properties":{"vieta":"Valmiera","iela":"Purva iela","nr":"12","veids":"Profesionālās izglītības centrs","komentars":null}},{"type":"Feature","geometry":{"type":"Point","coordinates":[26.219858,56.853042]},"properties":{"vieta":"Madona","iela":"Blaumaņa iela","nr":"3","veids":"Biroju ēka","komentars":null}},{"type":"Feature","geometry":{"type":"Point","coordinates":[25.393481,57.530732]},"properties":{"vieta":"Valmiera","iela":"Ausekļa iela","nr":"25 A","veids":"Dienesta viesnīca","komentars":null}},{"type":"Feature","geometry":{"type":"Point","coordinates":[25.423037,57.540682]},"properties":{"vieta":"Valmiera","iela":"Raiņa iela","nr":"3","veids":"Skola","komentars":null}},{"type":"Feature","geometry":{"type":"Point","coordinates":[25.955202,57.764347]},"properties":{"vieta":"Lugaži, Valkas pagasts, Valkas novads","iela":"\"Lugažu muiža\"","nr":"Nav","veids":"Tautas nams","komentars":null}},{"type":"Feature","geometry":{"type":"Point","coordinates":[25.270283,57.319332]},"properties":{"vieta":"Cēsis","iela":"Noras iela","nr":"15","veids":"Bērnudārzs","komentars":null}},{"type":"Feature","geometry":{"type":"Point","coordinates":[26.555644,56.667483]},"properties":{"vieta":"Murmastiene, Murmastienes pagasts, Varakļānu novads","iela":"Jaunatnes iela","nr":"14","veids":"Administratīvā ēka","komentars":null}},{"type":"Feature","geometry":{"type":"Point","coordinates":[26.555676,56.667509]},"properties":{"vieta":"Murmastiene, Murmastienes pagasts, Varakļānu novads","iela":"Jaunatnes iela","nr":"14","veids":"Pagrabs","komentars":null}},{"type":"Feature","geometry":{"type":"Point","coordinates":[26.552872,56.662837]},"properties":{"vieta":"Murmastienes pagasts, Varakļānu novads","iela":"\"Bērzi\"","nr":"1","veids":"Daudzdzīvokļu māja","komentars":null}},{"type":"Feature","geometry":{"type":"Point","coordinates":[25.278621,57.313128]},"properties":{"vieta":"Cesis","iela":"Raunas iela","nr":"7","veids":"Skola","komentars":null}},{"type":"Feature","geometry":{"type":"Point","coordinates":[25.334381,57.522771]},"properties":{"vieta":"Kocēni, Kocēnu pagasts, Valmieras novads","iela":"Alejas iela","nr":"2","veids":"Skola","komentars":null}},{"type":"Feature","geometry":{"type":"Point","coordinates":[24.847599,57.596221]},"properties":{"vieta":"Pociems, Katvaru pagasts, Limbažu novads","iela":"Liepu iela","nr":"8","veids":"Kultūras nams","komentars":null}},{"type":"Feature","geometry":{"type":"Point","coordinates":[26.304260,56.826639]},"properties":{"vieta":"Prauliena, Parulienas pagasts, Madonas novads","iela":"Kalna iela","nr":"2","veids":"Administratīvā ēka","komentars":null}},{"type":"Feature","geometry":{"type":"Point","coordinates":[26.391326,56.759527]},"properties":{"vieta":"Saikava, Praulienas pagasts, Madonas novads","iela":"\"Saikavas tautas nams\"","nr":"Nav","veids":"Kulturas nams","komentars":null}},{"type":"Feature","geometry":{"type":"Point","coordinates":[25.285701,57.429781]},"properties":{"vieta":"Vaidava, Vaidavas pagasts, Valmieras novads","iela":"Skolas iela","nr":"1A","veids":"Kultūras nams","komentars":null}},{"type":"Feature","geometry":{"type":"Point","coordinates":[25.288007,57.429674]},"properties":{"vieta":"Vaidava, Vaidavas pagasts, Valmieras novads","iela":"Nākotnes iela","nr":"1","veids":"Skola","komentars":null}},{"type":"Feature","geometry":{"type":"Point","coordinates":[27.232002,57.336415]},"properties":{"vieta":"Mālupe, Mālupes pagasts, Alūksnes novads","iela":"\"Austriņi\"","nr":"Nav","veids":"Saietu nams","komentars":null}},{"type":"Feature","geometry":{"type":"Point","coordinates":[25.270630,57.306308]},"properties":{"vieta":"Cēsis","iela":"Ķiršu iela","nr":"4","veids":"Daudzdzīvokļu māja","komentars":null}},{"type":"Feature","geometry":{"type":"Point","coordinates":[25.277421,57.302999]},"properties":{"vieta":"Cēsis","iela":"Caunas iela","nr":"7","veids":"Daudzdzīvokļu māja","komentars":null}},{"type":"Feature","geometry":{"type":"Point","coordinates":[25.278161,57.303092]},"properties":{"vieta":"Cēsis","iela":"Caunas iela","nr":"7A","veids":"Daudzdzīvokļu māja","komentars":null}},{"type":"Feature","geometry":{"type":"Point","coordinates":[25.266913,57.312758]},"properties":{"vieta":"Cēsis","iela":"Palasta iela","nr":"14","veids":"Pirmsskolas izglītības iestāde","komentars":null}},{"type":"Feature","geometry":{"type":"Point","coordinates":[25.267739,57.313116]},"properties":{"vieta":"Cēsis","iela":"Palasta iela","nr":"14","veids":"Pirmsskolas izglītības iestāde","komentars":null}},{"type":"Feature","geometry":{"type":"Point","coordinates":[26.018540,57.774020]},"properties":{"vieta":"Valka","iela":"Emīla Dārziņa iela","nr":"8","veids":"Kultūras nams","komentars":null}},{"type":"Feature","geometry":{"type":"Point","coordinates":[25.271684,57.313229]},"properties":{"vieta":"Cēsis","iela":"Pils laukums","nr":"9","veids":"Muzejs","komentars":null}},{"type":"Feature","geometry":{"type":"Point","coordinates":[26.752632,56.609493]},"properties":{"vieta":"Varakļāni","iela":"Rīgas iela","nr":"13","veids":"Pagarabs","komentars":null}},{"type":"Feature","geometry":{"type":"Point","coordinates":[26.741933,56.607042]},"properties":{"vieta":"Varakļāni","iela":"Rīgas iela","nr":"36","veids":"Sociālā māja","komentars":null}},{"type":"Feature","geometry":{"type":"Point","coordinates":[24.947668,57.347204]},"properties":{"vieta":"Straupe, Straupes pagasts, Cēsu novads","iela":"\"Lielstraupes pils\"","nr":"Nav","veids":"Ārstniecības iestāde","komentars":null}},{"type":"Feature","geometry":{"type":"Point","coordinates":[24.951529,57.354599]},"properties":{"vieta":"Straupe, Straupes pagasts, Cēsu novads","iela":"\"Mazstraupes pils\"","nr":"Nav","veids":"Skola","komentars":null}},{"type":"Feature","geometry":{"type":"Point","coordinates":[25.246036,57.279745]},"properties":{"vieta":"Līvi, Drabešu pagasts","iela":"Parka iela","nr":"1","veids":"Pirmsskolas izglītības iestāde","komentars":null}},{"type":"Feature","geometry":{"type":"Point","coordinates":[26.218530,56.854521]},"properties":{"vieta":"Madona","iela":"Valdemāra bulvāris","nr":"3","veids":"Skola","komentars":null}},{"type":"Feature","geometry":{"type":"Point","coordinates":[25.704856,56.799595]},"properties":{"vieta":"Sausnēja, Sausnējas pagasts, Madonas novads","iela":"\"Rīti\"","nr":"Nav","veids":"Skola","komentars":null}},{"type":"Feature","geometry":{"type":"Point","coordinates":[26.292203,56.909505]},"properties":{"vieta":"Sarkaņu pagasts, Madonas novads","iela":"\"Airītes\"","nr":"Nav","veids":"Dzīvojamā māja","komentars":null}},{"type":"Feature","geometry":{"type":"Point","coordinates":[26.265463,56.888657]},"properties":{"vieta":"Sarkaņu pagasts, Madonas novads","iela":"\"Mazie Bākšāni\"","nr":"Nav","veids":"Šķūnis","komentars":null}},{"type":"Feature","geometry":{"type":"Point","coordinates":[26.269584,56.921534]},"properties":{"vieta":"Sarkaņu pagasts, Madonas novads","iela":"\"Iebuļas\"","nr":"Nav","veids":"Dzīvojamā māja","komentars":null}},{"type":"Feature","geometry":{"type":"Point","coordinates":[26.291611,56.925337]},"properties":{"vieta":"Biksēre, Sarkaņu pagasts, Madonas novads","iela":"\"Kalnagravas 1\"","nr":"Nav","veids":"Saimniecības ēka","komentars":null}},{"type":"Feature","geometry":{"type":"Point","coordinates":[26.306775,56.922639]},"properties":{"vieta":"Biksēre, Sarkaņu pagasts, Madonas novads","iela":"\"Biksēre\"","nr":"Nav","veids":"Administratīvā ēka","komentars":null}},{"type":"Feature","geometry":{"type":"Point","coordinates":[25.340064,57.520098]},"properties":{"vieta":"Kocēni, Kocēnu pagasts, Valmieras novads","iela":"Alejas iela","nr":"8","veids":"Biroja ēka","komentars":null}},{"type":"Feature","geometry":{"type":"Point","coordinates":[25.272705,57.313561]},"properties":{"vieta":"Cēsis","iela":"Pils iela","nr":"12","veids":"Biroja ēka","komentars":null}},{"type":"Feature","geometry":{"type":"Point","coordinates":[25.272711,57.313588]},"properties":{"vieta":"Cēsis","iela":"Pils iela","nr":"12","veids":"Palīgbūve","komentars":null}},{"type":"Feature","geometry":{"type":"Point","coordinates":[24.879141,57.766893]},"properties":{"vieta":"Aloja, Limbažu novads","iela":"Jūras iela","nr":"13","veids":"Kultūras nams, administratīvā ēka","komentars":null}},{"type":"Feature","geometry":{"type":"Point","coordinates":[24.883204,57.766579]},"properties":{"vieta":"Aloja, Limbažu novads","iela":"Jūras iela","nr":"14","veids":"Bibliotēka","komentars":null}},{"type":"Feature","geometry":{"type":"Point","coordinates":[24.876583,57.764841]},"properties":{"vieta":"Aloja, Limbažu novads","iela":"Ausekļa iela","nr":"1","veids":"Skola","komentars":null}},{"type":"Feature","geometry":{"type":"Point","coordinates":[25.268347,57.305189]},"properties":{"vieta":"Cēsis","iela":"Zirņu iela","nr":"23","veids":"Pirmsskolas izglītības iestāde","komentars":null}},{"type":"Feature","geometry":{"type":"Point","coordinates":[25.830496,57.020829]},"properties":{"vieta":"Ineši, Inešu pagasts, Cēsu novads","iela":"\"Zemnieki\"","nr":"Nav","veids":"Skola","komentars":null}},{"type":"Feature","geometry":{"type":"Point","coordinates":[25.666229,57.196093]},"properties":{"vieta":"Dzērbene, Dzērbenes pagasts, Cēsu novads","iela":"\"Dzērbenes pils\"","nr":"Nav","veids":"Kultūras objekts","komentars":null}},{"type":"Feature","geometry":{"type":"Point","coordinates":[26.019334,57.772870]},"properties":{"vieta":"Valka","iela":"Semināra iela","nr":"25","veids":"Mūzikas skola","komentars":null}},{"type":"Feature","geometry":{"type":"Point","coordinates":[26.020376,57.784502]},"properties":{"vieta":"Valka","iela":"Ausekļa iela","nr":"44","veids":"Pirmsskolas izglītības iestāde","komentars":null}},{"type":"Feature","geometry":{"type":"Point","coordinates":[25.854300,57.231718]},"properties":{"vieta":"Drusti, Drustu pagasts, Smiltenes novads","iela":"Palsas iela","nr":"20","veids":"Pagasta pārvaldes ēka","komentars":null}},{"type":"Feature","geometry":{"type":"Point","coordinates":[25.911447,57.196450]},"properties":{"vieta":"Drustu pagasts, Smiltenes novads","iela":"\"Grantskalns\"","nr":"Nav","veids":"Dzīvojamā māja","komentars":null}},{"type":"Feature","geometry":{"type":"Point","coordinates":[25.893497,57.215798]},"properties":{"vieta":"Drustu pagasts, Smiltenes novads","iela":"\"Palejas\"","nr":"Nav","veids":"Dzīvojamā māja","komentars":null}},{"type":"Feature","geometry":{"type":"Point","coordinates":[25.941080,57.229956]},"properties":{"vieta":"Drustu pagasts, Smiltenes novads","iela":"\"Gatartas pansionāts\"","nr":"Nav","veids":"Noliktava","komentars":null}},{"type":"Feature","geometry":{"type":"Point","coordinates":[25.941601,57.229953]},"properties":{"vieta":"Drustu pagasts, Smiltenes novads","iela":"\"Gatartas pansionāts\"","nr":"Nav","veids":"Pansionāts","komentars":null}},{"type":"Feature","geometry":{"type":"Point","coordinates":[25.941477,57.230493]},"properties":{"vieta":"Drustu pagasts, Smiltenes novads","iela":"\"Sprīdīši\"","nr":"Nav","veids":"Dzīvojamā māja","komentars":null}},{"type":"Feature","geometry":{"type":"Point","coordinates":[25.844908,57.165402]},"properties":{"vieta":"Melnbārži, Zosēnu pagasts, Cēsu novads","iela":"Annas iela","nr":"4","veids":"Kultūras nams","komentars":null}},{"type":"Feature","geometry":{"type":"Point","coordinates":[25.321847,57.174040]},"properties":{"vieta":"Ģikši, Amatas pagasts, Cēsu novads","iela":"Kastaņu iela","nr":"2","veids":"pagrabs","komentars":null}},{"type":"Feature","geometry":{"type":"Point","coordinates":[25.324073,57.172501]},"properties":{"vieta":"Ģikši, Amatas pagasts, Cēsu novads","iela":"Egļu iela","nr":"1","veids":"Tautas nams","komentars":null}},{"type":"Feature","geometry":{"type":"Point","coordinates":[26.208997,56.851178]},"properties":{"vieta":"Madona","iela":"Parka iela","nr":"4","veids":"Sociālā ēka","komentars":null}},{"type":"Feature","geometry":{"type":"Point","coordinates":[26.577649,57.020750]},"properties":{"vieta":"Līgo pagasts, Gulbenes novads","iela":"\"Jaunstukmaņi\"","nr":"Nav","veids":"Pašizklaides pasākumu būve","komentars":null}},{"type":"Feature","geometry":{"type":"Point","coordinates":[26.575702,57.030035]},"properties":{"vieta":"Līgo, Līgo pagasts, Gulbenes novads","iela":"\"Siltais\"","nr":"Nav","veids":"Sociālais centrs","komentars":null}},{"type":"Feature","geometry":{"type":"Point","coordinates":[25.232535,57.302289]},"properties":{"vieta":"Cēsis","iela":"Kovārņu iela","nr":"20","veids":"pansionāts","komentars":null}},{"type":"Feature","geometry":{"type":"Point","coordinates":[25.580482,57.420876]},"properties":{"vieta":"Mārsēni, Mārsēnu pagasts, Cēsu novads","iela":"\"Tautas nams\"","nr":"Nav","veids":"Ēka plašizklaides pasākumiem","komentars":null}},{"type":"Feature","geometry":{"type":"Point","coordinates":[25.072841,57.597748]},"properties":{"vieta":"Dikļi, Dikļu pagasts, Valmieras novads","iela":"\"Dikļu skola\"","nr":"Nav","veids":"Skola","komentars":null}},{"type":"Feature","geometry":{"type":"Point","coordinates":[26.306515,56.969346]},"properties":{"vieta":"Cesvaine, Cesvaines pagasts, Madonas novads","iela":"Augusta Saulieša iela","nr":"1","veids":"Internāts","komentars":null}},{"type":"Feature","geometry":{"type":"Point","coordinates":[26.308767,56.970786]},"properties":{"vieta":"Cesvaine, Cesvaines pagasts, Madonas novads","iela":"Augusta Saulieša iela","nr":"9","veids":"Internāts","komentars":null}},{"type":"Feature","geometry":{"type":"Point","coordinates":[26.313418,56.968257]},"properties":{"vieta":"Cesvaine, Cesvaines pagasts, Madonas novads","iela":"Pils iela","nr":"3","veids":"Noliktava","komentars":null}},{"type":"Feature","geometry":{"type":"Point","coordinates":[26.312905,56.968070]},"properties":{"vieta":"Cesvaine, Cesvaines pagasts, Madonas novads","iela":"Pils iela","nr":"4","veids":"Mākslas skola","komentars":null}},{"type":"Feature","geometry":{"type":"Point","coordinates":[26.304393,56.966431]},"properties":{"vieta":"Cesvaine, Cesvaines pagasts, Madonas novads","iela":"Celtnieku iela","nr":"1","veids":"Pirmsskolas izglītības iestāde","komentars":null}},{"type":"Feature","geometry":{"type":"Point","coordinates":[26.767775,57.166757]},"properties":{"vieta":"Gulbene","iela":"Nākotnes iela","nr":"4","veids":"Pirmsskolas izglītības iestāde","komentars":null}},{"type":"Feature","geometry":{"type":"Point","coordinates":[26.517556,57.074770]},"properties":{"vieta":"Jaungulbenes pagasts, Gulbenes novads","iela":"\"Aduliena\"","nr":"Nav","veids":"Skola","komentars":null}},{"type":"Feature","geometry":{"type":"Point","coordinates":[26.666231,57.200014]},"properties":{"vieta":"Ozolkalns, Beļavas pagasts, Gulbenes novads","iela":"\"Blomīte\"","nr":"Nav","veids":"Sporta zāle","komentars":null}},{"type":"Feature","geometry":{"type":"Point","coordinates":[26.296611,57.115619]},"properties":{"vieta":"Druviena, Druvienas pagasts, Gulbenes novads","iela":"\"Pamatskola\"","nr":"Nav","veids":"Druvienas muiža","komentars":null}},{"type":"Feature","geometry":{"type":"Point","coordinates":[26.555826,57.167837]},"properties":{"vieta":"Galgauska, Galgauskas pagasts, Gulbenes novads","iela":"Skolas iela","nr":"1","veids":"Izglītības iestādes ēka","komentars":null}},{"type":"Feature","geometry":{"type":"Point","coordinates":[26.762994,57.172601]},"properties":{"vieta":"Gulbene","iela":"O.Kalpaka iela","nr":"60A","veids":"Bibliotēka","komentars":null}},{"type":"Feature","geometry":{"type":"Point","coordinates":[26.760729,57.161915]},"properties":{"vieta":"Gulbene","iela":"Pils iela","nr":"3","veids":"Muzejs","komentars":null}},{"type":"Feature","geometry":{"type":"Point","coordinates":[26.763605,57.160591]},"properties":{"vieta":"Gulbene","iela":"Parka iela","nr":"10","veids":"Pils","komentars":null}},{"type":"Feature","geometry":{"type":"Point","coordinates":[26.594740,57.059400]},"properties":{"vieta":"Jaungulbene, Jaugulbenes pagasts, Gulbenes novads","iela":"\"Jaungulbenes Alejas\"","nr":"Nav","veids":"Sociālās aprūpes centrs","komentars":null}},{"type":"Feature","geometry":{"type":"Point","coordinates":[26.632250,57.077384]},"properties":{"vieta":"Gulbītis, Jaugulbenes pagasts, Gulbenes novads","iela":"\"Gulbīša pamatskola\"","nr":"Nav","veids":"Skola","komentars":null}},{"type":"Feature","geometry":{"type":"Point","coordinates":[26.578649,57.280230]},"properties":{"vieta":"Lejaciems, Lejasciema pagasts, Gulbenes novads","iela":"Rīgas iela","nr":"11","veids":"Pirmsskolas izglītības iestāde","komentars":null}},{"type":"Feature","geometry":{"type":"Point","coordinates":[26.575599,57.279099]},"properties":{"vieta":"Lejaciems, Lejasciema pagasts, Gulbenes novads","iela":"Rīgas iela","nr":"18","veids":"Muzejs-bibliotēka","komentars":null}},{"type":"Feature","geometry":{"type":"Point","coordinates":[27.029326,57.190993]},"properties":{"vieta":"Litene, Litenes pagasts, Gulbenes novads","iela":"Skolas iela","nr":"2","veids":"Skola","komentars":null}},{"type":"Feature","geometry":{"type":"Point","coordinates":[26.369244,57.192197]},"properties":{"vieta":"Lizums, Lizuma pagats, Gulbenes novads","iela":"\"Klintis\"","nr":"Nav","veids":"Kultūras nams","komentars":null}},{"type":"Feature","geometry":{"type":"Point","coordinates":[26.734197,57.134547]},"properties":{"vieta":"Stāķi, Stradu pagasts, Gulbenes novads","iela":"Stāķi","nr":"11","veids":"Dzīvokļu māja","komentars":null}},{"type":"Feature","geometry":{"type":"Point","coordinates":[25.609089,57.332373]},"properties":{"vieta":"Rauna, Raunas pagasts, Smiltenes novads","iela":"Valmieras iela","nr":"1","veids":"Jauniešu centrs","komentars":null}},{"type":"Feature","geometry":{"type":"Point","coordinates":[26.840620,56.476350]},"properties":{"vieta":"Galēni, Galēnu pagasts, Preiļu novads","iela":"Skolas iela","nr":"11","veids":"Skola","komentars":null}},{"type":"Feature","geometry":{"type":"Point","coordinates":[27.000570,56.152010]},"properties":{"vieta":"Aglona, Aglonas pagasts, Preiļu novads","iela":"Daugavpils iela","nr":"6","veids":"Skola","komentars":null}},{"type":"Feature","geometry":{"type":"Point","coordinates":[26.724396,56.297587]},"properties":{"vieta":"Preiļi","iela":"Kooperatīvā  iela 6","nr":"6","veids":"Skola","komentars":null}},{"type":"Feature","geometry":{"type":"Point","coordinates":[26.720360,56.295070]},"properties":{"vieta":"Preiļi","iela":"Celtnieku iela","nr":"10A","veids":"Pirmsskolas izglītības iestāde","komentars":null}},{"type":"Feature","geometry":{"type":"Point","coordinates":[26.725244,56.289750]},"properties":{"vieta":"Preiļi","iela":"Raiņa bulvāris","nr":"28","veids":"Kultūras nams","komentars":null}},{"type":"Feature","geometry":{"type":"Point","coordinates":[26.722000,56.284030]},"properties":{"vieta":"Preiļi","iela":"A. Paulāna iela","nr":"2","veids":"Skola","komentars":null}},{"type":"Feature","geometry":{"type":"Point","coordinates":[26.724351,56.149083]},"properties":{"vieta":"Pelēči, Pelēču pagasts, Preiļu novads","iela":"Liepu iela","nr":"6","veids":"Administratīvā ēka","komentars":null}},{"type":"Feature","geometry":{"type":"Point","coordinates":[26.696030,56.298670]},"properties":{"vieta":"Līči, Preiļu pagasts, Preiļu novads","iela":"Jaunatnes iela","nr":"1","veids":"Sociālo pakalpojumu centrs","komentars":null}},{"type":"Feature","geometry":{"type":"Point","coordinates":[26.794890,56.337630]},"properties":{"vieta":"Riebiņi, Riebiņu pagasts, Preiļu novads","iela":"Saules iela","nr":"8A","veids":"Kultūras nams","komentars":null}},{"type":"Feature","geometry":{"type":"Point","coordinates":[27.026380,56.249820]},"properties":{"vieta":"Gailīši,  Rušonas pagasts, Preiļu novads","iela":"\"Gaiļmuiža\"","nr":"Nav","veids":"Sociālās aprūpes centrs","komentars":null}},{"type":"Feature","geometry":{"type":"Point","coordinates":[26.408930,56.217620]},"properties":{"vieta":"Rimicāni, Rožkalnu pagasts, Preiļu novads","iela":"Saules iela","nr":"16","veids":"Kultūras nams","komentars":null}},{"type":"Feature","geometry":{"type":"Point","coordinates":[27.342194,56.516067]},"properties":{"vieta":"Rēzekne","iela":"Lubānas iela","nr":"49","veids":"Skola","komentars":null}},{"type":"Feature","geometry":{"type":"Point","coordinates":[27.345526,56.523085]},"properties":{"vieta":"Rēzekne","iela":"Kosmonautu iela","nr":"6","veids":"Skola","komentars":null}},{"type":"Feature","geometry":{"type":"Point","coordinates":[27.345347,56.522567]},"properties":{"vieta":"Rēzekne","iela":"Kosmonautu iela","nr":"6","veids":"Skola","komentars":null}},{"type":"Feature","geometry":{"type":"Point","coordinates":[27.331480,56.515284]},"properties":{"vieta":"Rēzekne","iela":"Kr.Valdemāra iela","nr":"3A","veids":"Pirmsskolas izglītības iestāde","komentars":null}},{"type":"Feature","geometry":{"type":"Point","coordinates":[27.324304,56.495041]},"properties":{"vieta":"Rēzekne","iela":"F.Varslavāna iela","nr":"5","veids":"Skola","komentars":null}},{"type":"Feature","geometry":{"type":"Point","coordinates":[27.324322,56.495485]},"properties":{"vieta":"Rēzekne","iela":"F.Varslavāna iela","nr":"5","veids":"Skola","komentars":null}},{"type":"Feature","geometry":{"type":"Point","coordinates":[27.327627,56.505241]},"properties":{"vieta":"Rēzekne","iela":"Brāļu Skrindu iela","nr":"3","veids":"Kultūras nams","komentars":null}},{"type":"Feature","geometry":{"type":"Point","coordinates":[27.338704,56.509374]},"properties":{"vieta":"Rēzekne","iela":"18.novembra iela","nr":"39","veids":"Sporta ēka","komentars":null}},{"type":"Feature","geometry":{"type":"Point","coordinates":[27.339827,56.507968]},"properties":{"vieta":"Rēzekne","iela":"Nikodema Rancāna iela","nr":"51A","veids":"Pareizticīgo izglītības centrs","komentars":null}},{"type":"Feature","geometry":{"type":"Point","coordinates":[27.329708,56.507008]},"properties":{"vieta":"Rēzekne","iela":"Atbrīvošanas aleja","nr":"93","veids":"Administratīvā ēka (valstspilsētas dome)","komentars":null}},{"type":"Feature","geometry":{"type":"Point","coordinates":[27.322644,56.502804]},"properties":{"vieta":"Rēzekne","iela":"Viļānu iela","nr":"2","veids":"Skola","komentars":null}},{"type":"Feature","geometry":{"type":"Point","coordinates":[27.322640,56.502626]},"properties":{"vieta":"Rēzekne","iela":"Viļānu iela","nr":"2","veids":"Skola","komentars":null}},{"type":"Feature","geometry":{"type":"Point","coordinates":[27.330365,56.507955]},"properties":{"vieta":"Rēzekne","iela":"Atbrīvošanas aleja","nr":"97","veids":"Teātris","komentars":null}},{"type":"Feature","geometry":{"type":"Point","coordinates":[27.162416,56.348086]},"properties":{"vieta":"Malta, Maltas pagasts, Rēzeknes novads","iela":"Brīvības iela","nr":"6","veids":"Administratīvā ēka","komentars":null}},{"type":"Feature","geometry":{"type":"Point","coordinates":[27.197986,56.649937]},"properties":{"vieta":"Dricāni, Dricānu pagasts, Rēzeknes novads","iela":"\"Dricānu vidusskola\"","nr":"Nav","veids":"Skola","komentars":null}},{"type":"Feature","geometry":{"type":"Point","coordinates":[27.198483,56.649609]},"properties":{"vieta":"Dricāni, Dricānu pagasts, Rēzeknes novads","iela":"\"Dricānu vidusskola\"","nr":"Nav","veids":"Skola","komentars":null}},{"type":"Feature","geometry":{"type":"Point","coordinates":[27.276841,56.662383]},"properties":{"vieta":"Piļcine, Dricānu pagasts, Rēzeknes novads","iela":"\"Pilcenes skola\"","nr":"Nav","veids":"Sociālās aprūpes centrs","komentars":null}},{"type":"Feature","geometry":{"type":"Point","coordinates":[27.243072,56.587514]},"properties":{"vieta":"Audriņi, Audriņu pagasts, Rēzeknes novads","iela":"Liepu aleja","nr":"1","veids":"Pagasta ēka","komentars":null}},{"type":"Feature","geometry":{"type":"Point","coordinates":[27.246801,56.590490]},"properties":{"vieta":"Audriņi, Audriņu pagasts, Rēzeknes novads","iela":"Piemiņas iela","nr":"9A ","veids":"Kultūras nams","komentars":null}},{"type":"Feature","geometry":{"type":"Point","coordinates":[26.923937,56.550952]},"properties":{"vieta":"Viļāni, Rēzeknes novads","iela":"Kultūras laukums","nr":"2","veids":"Muzejs","komentars":null}},{"type":"Feature","geometry":{"type":"Point","coordinates":[27.262923,56.359462]},"properties":{"vieta":"Lūznava, Lūznavas pagasts, Rēzeknes novads","iela":"Pils iela","nr":"1","veids":"Pirmsskolas izglītības iestāde","komentars":null}},{"type":"Feature","geometry":{"type":"Point","coordinates":[27.263039,56.359444]},"properties":{"vieta":"Lūznava, Lūznavas pagasts, Rēzeknes novads","iela":"Pils iela","nr":"1B","veids":"Smēde","komentars":null}},{"type":"Feature","geometry":{"type":"Point","coordinates":[27.515985,56.629435]},"properties":{"vieta":"Bērzgale, Bērzgales pagasts, Rēzeknes novads","iela":"Rītupes iela","nr":"25","veids":"Skola","komentars":null}},{"type":"Feature","geometry":{"type":"Point","coordinates":[27.416123,56.710434]},"properties":{"vieta":"Rogovka, Nautrēnu pagasts, Rēzeknes novads","iela":"\"Vālodzīte\"","nr":"Nav","veids":"Noliktava","komentars":null}},{"type":"Feature","geometry":{"type":"Point","coordinates":[27.065583,56.735472]},"properties":{"vieta":"Gaigalava, Gaigalavas pagasts, Rēzeknes novads","iela":"Skolas iela","nr":"5","veids":"Skola","komentars":null}},{"type":"Feature","geometry":{"type":"Point","coordinates":[26.464716,55.714424]},"properties":{"vieta":"Zemgale, Demenes pagasts, Augšdaugavas novads","iela":"\"Zemgale 16\"","nr":"Nav","veids":"skola","komentars":null}},{"type":"Feature","geometry":{"type":"Point","coordinates":[26.301205,55.975740]},"properties":{"vieta":"Ilūkste, Augšdaugavas novads","iela":"Brīvības iela","nr":"12","veids":"Kulturas un makslas centrs","komentars":null}},{"type":"Feature","geometry":{"type":"Point","coordinates":[26.877682,55.823622]},"properties":{"vieta":"Saliena, Salienas pagasts, Augšdaugavas novads","iela":"Centrāles iela","nr":"22","veids":"Kultūras nams","komentars":null}},{"type":"Feature","geometry":{"type":"Point","coordinates":[26.785735,55.750204]},"properties":{"vieta":"Silene, Skrudalienas pagasts, Augšdaugavas novads","iela":"Skaista iela","nr":"9","veids":"Administratīvā ēka","komentars":null}},{"type":"Feature","geometry":{"type":"Point","coordinates":[26.646888,55.903315]},"properties":{"vieta":"Krauja, Naujenes pagasts, Augšdaugavas novads","iela":"Daugavas iela","nr":"2","veids":"Saimniecības ēka","komentars":null}},{"type":"Feature","geometry":{"type":"Point","coordinates":[26.646804,55.903140]},"properties":{"vieta":"Krauja, Naujenes pagasts, Augšdaugavas novads","iela":"Daugavas iela","nr":"2","veids":"Bērnu nama dzīvojamais korpuss","komentars":null}},{"type":"Feature","geometry":{"type":"Point","coordinates":[26.648757,55.902683]},"properties":{"vieta":"Krauja, Naujenes pagasts, Augšdaugavas novads","iela":"Daugavas iela","nr":"4A","veids":"Bērnu nama dzīvojamais korpuss","komentars":null}},{"type":"Feature","geometry":{"type":"Point","coordinates":[26.657429,55.912072]},"properties":{"vieta":"Krauja, Naujenes pagasts, Augšdaugavas novads","iela":"Alejas iela","nr":"2","veids":"pirmsskolas izglītības iestāde","komentars":null}},{"type":"Feature","geometry":{"type":"Point","coordinates":[26.359293,55.790472]},"properties":{"vieta":"Medumi, Medumu pagasts, Augšdaugavas novads","iela":"Ilgas iela","nr":"15","veids":"skola","komentars":null}},{"type":"Feature","geometry":{"type":"Point","coordinates":[26.611290,55.896606]},"properties":{"vieta":"Vecstropi, Naujenes pagasts, Augšdaugavas novads","iela":"18.novembra iela","nr":"392","veids":"Sociālās aprūpes centrs","komentars":null}},{"type":"Feature","geometry":{"type":"Point","coordinates":[26.380882,55.903661]},"properties":{"vieta":"Augšdaugavas novads, Sventes pagasts, Svente","iela":"Daugavpils iela","nr":"1A","veids":"Izglītības iestāde","komentars":null}},{"type":"Feature","geometry":{"type":"Point","coordinates":[26.377223,55.904305]},"properties":{"vieta":"Augšdaugavas novads, Sventes pagasts, Svente","iela":"Alejas iela","nr":"13","veids":"Tautas nams- pūbliska būve","komentars":null}},{"type":"Feature","geometry":{"type":"Point","coordinates":[26.287899,55.983344]},"properties":{"vieta":"Ilūkste, Augšdaugavas novads","iela":"Raiņa iela","nr":"49","veids":"skola","komentars":null}},{"type":"Feature","geometry":{"type":"Point","coordinates":[26.302883,55.976224]},"properties":{"vieta":"Ilūkste, Augšdaugavas novads","iela":"Brīvības iela","nr":"17","veids":"Dzīvojamā māja","komentars":null}},{"type":"Feature","geometry":{"type":"Point","coordinates":[26.734473,56.074311]},"properties":{"vieta":"Špoģi, Višķu pagasts, Augšdaugavas novads","iela":"Šosejas iela","nr":"3","veids":"skola","komentars":null}},{"type":"Feature","geometry":{"type":"Point","coordinates":[26.289091,55.980384]},"properties":{"vieta":"Ilūkste, Augšdaugavas novads","iela":"Jēkabpils iela","nr":"10A","veids":"Pirmsskolas izglītības iestāde","komentars":null}},{"type":"Feature","geometry":{"type":"Point","coordinates":[26.131495,56.068327]},"properties":{"vieta":"Bebrene, Bebrenes pagasts, Augšdaugavas novads","iela":"\"Bebrenes muiža\"","nr":"Nav","veids":"skola","komentars":null}},{"type":"Feature","geometry":{"type":"Point","coordinates":[26.127973,56.070918]},"properties":{"vieta":"Bebrene, Bebrenes pagasts, Augšdaugavas novads","iela":"\"Tehnikums\"","nr":"Nav","veids":"skola","komentars":null}},{"type":"Feature","geometry":{"type":"Point","coordinates":[26.128576,56.071357]},"properties":{"vieta":"Bebrene, Bebrenes pagasts, Augšdaugavas novads","iela":"\"Tehnikums\"","nr":"Nav","veids":"Tehnikuma dienesta viesnīca","komentars":null}},{"type":"Feature","geometry":{"type":"Point","coordinates":[26.716714,55.931552]},"properties":{"vieta":"Naujene, Naujenes pagasts, Augšdaugavas novads","iela":"Skolas iela","nr":"1","veids":"Šķūnis","komentars":null}},{"type":"Feature","geometry":{"type":"Point","coordinates":[26.464286,56.027996]},"properties":{"vieta":"Vabole, Vaboles pagasts, Augšdaugavas novads","iela":"\"Vidusskola\"","nr":"Nav","veids":"skola","komentars":null}},{"type":"Feature","geometry":{"type":"Point","coordinates":[25.905574,56.008575]},"properties":{"vieta":"Subate, Augšdaugavas novads","iela":"1.maija","nr":"8","veids":"Dzīvojamā māja","komentars":null}},{"type":"Feature","geometry":{"type":"Point","coordinates":[25.905958,56.008189]},"properties":{"vieta":"Subate, Augšdaugavas novads","iela":"1.maija","nr":"10","veids":"Dzīvojamā māja","komentars":null}},{"type":"Feature","geometry":{"type":"Point","coordinates":[26.457068,55.815772]},"properties":{"vieta":" Birkineļi, Kalkūnes pagasts, Augšdaugavas novads","iela":"\"Raiņa mājas\"","nr":"Nav","veids":"Muzejs","komentars":null}},{"type":"Feature","geometry":{"type":"Point","coordinates":[26.309546,55.973060]},"properties":{"vieta":"Ilūkste, Augšdaugavas novads","iela":"Patversmes iela","nr":"11","veids":"Kulta ēka","komentars":null}},{"type":"Feature","geometry":{"type":"Point","coordinates":[26.287114,55.977631]},"properties":{"vieta":"Ilūkste, Augšdaugavas novads","iela":"Kastāņu iela","nr":"38a","veids":"Dažādu sociālo grupu kopdzīvojamās māja","komentars":null}},{"type":"Feature","geometry":{"type":"Point","coordinates":[26.289926,55.981506]},"properties":{"vieta":"Ilūkste, Augšdaugavas novads","iela":"Raiņa iela","nr":"35","veids":"Dažādu sociālo grupu kopdzīvojamās māja","komentars":null}},{"type":"Feature","geometry":{"type":"Point","coordinates":[26.290085,55.981743]},"properties":{"vieta":"Ilūkste, Augšdaugavas novads","iela":"Raiņa iela","nr":"35","veids":"Veselības aprūpes iestāžu ēka","komentars":null}},{"type":"Feature","geometry":{"type":"Point","coordinates":[26.399521,55.983157]},"properties":{"vieta":"Līksna, Līksnas pagasts, Augšdaugavas novads ","iela":"Daugavas iela","nr":"10A","veids":"biroju ēka","komentars":null}},{"type":"Feature","geometry":{"type":"Point","coordinates":[26.517784,55.875195]},"properties":{"vieta":"Daugavpils","iela":"Kandavas iela","nr":"17A","veids":"Sporta skola","komentars":null}},{"type":"Feature","geometry":{"type":"Point","coordinates":[26.586466,55.868305]},"properties":{"vieta":"Daugavpils","iela":"Gaismas iela","nr":"9","veids":"skola","komentars":null}},{"type":"Feature","geometry":{"type":"Point","coordinates":[26.514513,55.874908]},"properties":{"vieta":"Daugavpils","iela":"Cietokšņa iela","nr":"61","veids":"Sporta ēkas (Boksa zāle)","komentars":null}},{"type":"Feature","geometry":{"type":"Point","coordinates":[26.502507,55.864404]},"properties":{"vieta":"Daugavpils","iela":"Komunālā iela","nr":"2","veids":"Skola","komentars":null}},{"type":"Feature","geometry":{"type":"Point","coordinates":[26.580779,55.911891]},"properties":{"vieta":"Daugavpils","iela":"Turaidas iela","nr":"36","veids":"Sociālas aprūpes objekts","komentars":null}},{"type":"Feature","geometry":{"type":"Point","coordinates":[26.533143,55.868932]},"properties":{"vieta":"Daugavpils","iela":"18.novembra iela","nr":"47","veids":"Skola","komentars":null}},{"type":"Feature","geometry":{"type":"Point","coordinates":[26.531813,55.870257]},"properties":{"vieta":"Daugavpils","iela":"Raiņa iela","nr":"30","veids":"Skola","komentars":null}},{"type":"Feature","geometry":{"type":"Point","coordinates":[26.531178,55.871784]},"properties":{"vieta":"Daugavpils","iela":"Stacijas iela","nr":"45","veids":"pirmsskolas izglītības iestāde","komentars":null}},{"type":"Feature","geometry":{"type":"Point","coordinates":[26.563865,55.877505]},"properties":{"vieta":"Daugavpils","iela":"Lielā Dārza iela","nr":"60/62","veids":"Lauksaimniecības nedzīvojamās ēkas","komentars":null}},{"type":"Feature","geometry":{"type":"Point","coordinates":[26.562889,55.877216]},"properties":{"vieta":"Daugavpils","iela":"Lielā Dārza iela","nr":"60/62","veids":"Ārstniecības vai veselības aprūpes iestāžu ēkas","komentars":null}},{"type":"Feature","geometry":{"type":"Point","coordinates":[26.564207,55.876226]},"properties":{"vieta":"Daugavpils","iela":"Lielā Dārza iela","nr":"60/62","veids":"Biroju ēkas","komentars":null}},{"type":"Feature","geometry":{"type":"Point","coordinates":[26.564560,55.876725]},"properties":{"vieta":"Daugavpils","iela":"Lielā Dārza iela","nr":"60/62","veids":"Dažādu sociālo grupu kopdzīvojamās mājas","komentars":null}},{"type":"Feature","geometry":{"type":"Point","coordinates":[26.563079,55.876400]},"properties":{"vieta":"Daugavpils","iela":"Lielā Dārza iela","nr":"60/62","veids":"Dažādu sociālo grupu kopdzīvojamās mājas","komentars":null}},{"type":"Feature","geometry":{"type":"Point","coordinates":[26.536203,55.873611]},"properties":{"vieta":"Daugavpils","iela":"Miera iela","nr":"3/5","veids":"dienesta viesnīca","komentars":null}},{"type":"Feature","geometry":{"type":"Point","coordinates":[26.535300,55.873161]},"properties":{"vieta":"Daugavpils","iela":"Varšavas iela","nr":"18","veids":"aministratīvā ēka","komentars":null}},{"type":"Feature","geometry":{"type":"Point","coordinates":[26.530828,55.904320]},"properties":{"vieta":"Daugavpils","iela":"Aveņu iela","nr":"40","veids":"Skola","komentars":null}},{"type":"Feature","geometry":{"type":"Point","coordinates":[26.512235,55.873523]},"properties":{"vieta":"Daugavpils","iela":"Vienības iela","nr":"30","veids":"Publiska būve","komentars":null}},{"type":"Feature","geometry":{"type":"Point","coordinates":[26.526150,55.905165]},"properties":{"vieta":"Daugavpils","iela":"Stāvā iela","nr":"23","veids":"Izglītības iestāde","komentars":null}},{"type":"Feature","geometry":{"type":"Point","coordinates":[26.526012,55.867762]},"properties":{"vieta":"Daugavpils","iela":"Mihoelsa iela","nr":"4","veids":"pirmsskolas izglītības iestāde","komentars":null}},{"type":"Feature","geometry":{"type":"Point","coordinates":[26.552757,55.878982]},"properties":{"vieta":"Daugavpils","iela":"18.novembra iela","nr":"161","veids":"bibliotēka","komentars":null}},{"type":"Feature","geometry":{"type":"Point","coordinates":[26.509923,55.868483]},"properties":{"vieta":"Daugavpils","iela":"Rīgas iela","nr":"2","veids":"Biroju ēkas","komentars":null}},{"type":"Feature","geometry":{"type":"Point","coordinates":[26.172209,56.353923]},"properties":{"vieta":"Līvāni","iela":"Zaļā iela","nr":"43","veids":"Skola","komentars":null}},{"type":"Feature","geometry":{"type":"Point","coordinates":[26.171380,56.360089]},"properties":{"vieta":"Līvāni","iela":"Rīgas iela","nr":"113/117","veids":"Skola","komentars":null}},{"type":"Feature","geometry":{"type":"Point","coordinates":[26.178254,56.343402]},"properties":{"vieta":"Līvāni","iela":"Rīgas iela","nr":"13","veids":"pirmskolas izglītības iestāde","komentars":null}},{"type":"Feature","geometry":{"type":"Point","coordinates":[26.163514,56.355446]},"properties":{"vieta":"Līvāni","iela":"Domes iela","nr":"1","veids":"Muzejs","komentars":null}},{"type":"Feature","geometry":{"type":"Point","coordinates":[26.175808,56.350631]},"properties":{"vieta":"Līvāni","iela":"Raiņa iela","nr":"4","veids":"Mūzikas skola","komentars":null}},{"type":"Feature","geometry":{"type":"Point","coordinates":[26.173669,56.354576]},"properties":{"vieta":"Līvāni","iela":"Zaļā iela","nr":"44","veids":"Ārstniecības vai veselības aprūpes iestāžu ēkas","komentars":null}},{"type":"Feature","geometry":{"type":"Point","coordinates":[26.172703,56.359045]},"properties":{"vieta":"Līvāni","iela":"Rīgas iela","nr":"105","veids":"Kultūras Centrs","komentars":null}},{"type":"Feature","geometry":{"type":"Point","coordinates":[26.400782,56.416940]},"properties":{"vieta":"Lūzenieki, Rudzātu pagasts, Līvānu novads","iela":"\"Skola\"","nr":"Nav","veids":"Izglītības iestāde","komentars":null}},{"type":"Feature","geometry":{"type":"Point","coordinates":[26.526549,56.311014]},"properties":{"vieta":"Sutri, Sutru pagasts, Līvānu novads","iela":"Uzvaras iela","nr":"5","veids":"Administratīvā ēka","komentars":null}},{"type":"Feature","geometry":{"type":"Point","coordinates":[27.735065,56.522360]},"properties":{"vieta":"Martiši, Isnaudas pagasts, Ludzas novads","iela":"\"Vecparks\"","nr":"Nav","veids":"Adminstrācijas ēka","komentars":null}},{"type":"Feature","geometry":{"type":"Point","coordinates":[27.727062,56.542091]},"properties":{"vieta":"Ludza","iela":"Latgales iela","nr":"156","veids":"pirmsskolas izglītības iestāde","komentars":null}},{"type":"Feature","geometry":{"type":"Point","coordinates":[28.124067,56.387608]},"properties":{"vieta":"Zilupe, Ludzas novads","iela":"Domes iela","nr":"2","veids":"Pirmsskolas izglītības iestāde","komentars":null}},{"type":"Feature","geometry":{"type":"Point","coordinates":[27.986308,56.335857]},"properties":{"vieta":"Lauderi, Lauderu pagasts, Ludzas novads","iela":"Bērzu iela","nr":"6","veids":"Pašcaldība","komentars":null}},{"type":"Feature","geometry":{"type":"Point","coordinates":[27.673074,56.787554]},"properties":{"vieta":"Kārsava, Ludzas novads","iela":"Vienības iela","nr":"49c","veids":"Kultūras nams","komentars":null}},{"type":"Feature","geometry":{"type":"Point","coordinates":[27.674968,56.786851]},"properties":{"vieta":"Kārsava, Ludzas novads","iela":"Vienības iela","nr":"53","veids":"Administratīvā ēka","komentars":null}},{"type":"Feature","geometry":{"type":"Point","coordinates":[27.161164,55.896669]},"properties":{"vieta":"Krāslava","iela":"Rīgas iela","nr":"51","veids":"Administratīva ēka","komentars":null}},{"type":"Feature","geometry":{"type":"Point","coordinates":[27.532714,56.094716]},"properties":{"vieta":"Dagda, Krāslavas novads","iela":"Alejas iela","nr":"15A","veids":"Pirmsskolas izglītības iestāde","komentars":null}},{"type":"Feature","geometry":{"type":"Point","coordinates":[27.533572,56.091541]},"properties":{"vieta":"Dagda, Krāslavas novads","iela":"Brīvības iela","nr":"3A","veids":"Dienesta viesnīca","komentars":null}},{"type":"Feature","geometry":{"type":"Point","coordinates":[27.524784,56.095335]},"properties":{"vieta":"Dagda, Krāslavas novads","iela":"Brīvības iela","nr":"29","veids":"Veselības un sociālo pakalpojumu centrs","komentars":null}},{"type":"Feature","geometry":{"type":"Point","coordinates":[27.396436,56.189547]},"properties":{"vieta":"Andrupene, Andrupenes pagasts, Krāslavas novads","iela":"Skolas iela","nr":"3","veids":"Pirmsskolas izglītības iestāde","komentars":null}},{"type":"Feature","geometry":{"type":"Point","coordinates":[27.035935,55.859238]},"properties":{"vieta":"Kaplava, Kaplavas pagasts, Krāslavas novads","iela":"Kaplavas iela","nr":"3","veids":"Administratīva ēka","komentars":null}},{"type":"Feature","geometry":{"type":"Point","coordinates":[27.289349,55.829374]},"properties":{"vieta":"Varnaviči, Kaplavas pagasts, Krāslavas novads","iela":"Ausekļa iela","nr":"1","veids":"Bijušā Skola","komentars":null}},{"type":"Feature","geometry":{"type":"Point","coordinates":[27.660752,56.183735]},"properties":{"vieta":"Ezernieki, Ezernieku pagasts, Krāslavas novads","iela":"\"Zāles\"","nr":"Nav","veids":"Doktorāts","komentars":null}},{"type":"Feature","geometry":{"type":"Point","coordinates":[27.750933,56.127516]},"properties":{"vieta":"Svarinci, Svariņu pagasts, Krāslavas novads","iela":"Skolas iela","nr":"13","veids":"Tautas nams","komentars":null}},{"type":"Feature","geometry":{"type":"Point","coordinates":[27.553641,56.168527]},"properties":{"vieta":"Andzeļi, Andzeļu pagasts, Krāslavas novads","iela":"\"Ausekļi\"","nr":"Nav","veids":"Ēkas plašizklaides pasākumiem","komentars":null}},{"type":"Feature","geometry":{"type":"Point","coordinates":[27.523096,56.105032]},"properties":{"vieta":"Dagda, Krāslavas novads","iela":"Pasta iela","nr":"33A","veids":"Biroja ēka","komentars":null}},{"type":"Feature","geometry":{"type":"Point","coordinates":[21.253266,56.263233]},"properties":{"vieta":"Sikšņi, Dunikas pagasts, Dienvidkurzemes novads","iela":"\"Līvas\"","nr":"Nav","veids":"Ārstniecības vai veselības aprūpes iestāžu ēkas","komentars":null}},{"type":"Feature","geometry":{"type":"Point","coordinates":[21.965476,56.966552]},"properties":{"vieta":"Kuldīga","iela":"Mucenieku iela","nr":"6","veids":"Skola","komentars":null}},{"type":"Feature","geometry":{"type":"Point","coordinates":[21.963555,56.969055]},"properties":{"vieta":"Kuldīga","iela":"Kalpaku iela","nr":"1","veids":"Skola būvniecībā","komentars":null}},{"type":"Feature","geometry":{"type":"Point","coordinates":[21.950401,56.971412]},"properties":{"vieta":"Kuldīga","iela":"Parka iela","nr":"22","veids":"Pirmsskolas izglītības iestāde","komentars":null}},{"type":"Feature","geometry":{"type":"Point","coordinates":[22.506801,56.665805]},"properties":{"vieta":"Saldus","iela":"Kalnsētas iela","nr":"13","veids":"skola","komentars":null}},{"type":"Feature","geometry":{"type":"Point","coordinates":[22.403707,56.512300]},"properties":{"vieta":"Kursīši, Kursīšu pagasts, Saldus novads","iela":"Kalna iela","nr":"7","veids":"pirmsskolas izglītības iestāde","komentars":null}},{"type":"Feature","geometry":{"type":"Point","coordinates":[21.879102,56.747086]},"properties":{"vieta":"Laidi, Laidu pagasts, Kuldīgas novads","iela":"\"Laidu skola\"","nr":"Nav","veids":"Muiža","komentars":null}},{"type":"Feature","geometry":{"type":"Point","coordinates":[21.371613,56.587300]},"properties":{"vieta":"Durbe, Dienvidkurzemes novads","iela":"Skolas iela","nr":"5A","veids":"Skola","komentars":null}},{"type":"Feature","geometry":{"type":"Point","coordinates":[21.603146,56.719234]},"properties":{"vieta":"Aizpute, Dienvidkurzemes novads","iela":"Atmodas iela","nr":"16","veids":"kultūras nams","komentars":null}},{"type":"Feature","geometry":{"type":"Point","coordinates":[22.489220,56.665814]},"properties":{"vieta":"Saldus","iela":"Avotu iela","nr":"12","veids":"administratīvā ēka","komentars":null}},{"type":"Feature","geometry":{"type":"Point","coordinates":[21.601764,56.721401]},"properties":{"vieta":"Aizpute, Dienvidkurzemes novads","iela":"Katoļu iela","nr":"1","veids":"Ārstniecības vai veselības aprūpes iestāžu ēkas","komentars":null}},{"type":"Feature","geometry":{"type":"Point","coordinates":[21.604394,56.718444]},"properties":{"vieta":"Aizpute, Dienvidkurzemes novads","iela":"Atmodas iela","nr":"24","veids":"Vairumtirdzniecības un mazumtirdzniecības ēkas","komentars":null}},{"type":"Feature","geometry":{"type":"Point","coordinates":[21.962680,56.969056]},"properties":{"vieta":"Kuldīga","iela":"Kalpaka iela","nr":"4","veids":"Publisks objekts","komentars":null}},{"type":"Feature","geometry":{"type":"Point","coordinates":[21.966114,56.970229]},"properties":{"vieta":"Kuldīga","iela":"Pētera iela","nr":"10","veids":"Skola","komentars":null}},{"type":"Feature","geometry":{"type":"Point","coordinates":[22.562242,56.682809]},"properties":{"vieta":"Brocēni, Saldus novads","iela":"Ezera iela","nr":"6","veids":"skola","komentars":null}},{"type":"Feature","geometry":{"type":"Point","coordinates":[22.526733,56.806866]},"properties":{"vieta":"Satiķi, Gaiķu pagasts, Saldus novads","iela":"\"Tautas nams\"","nr":"Nav","veids":"Ēkas plašizklaides pasākumiem","komentars":null}},{"type":"Feature","geometry":{"type":"Point","coordinates":[22.380281,56.855365]},"properties":{"vieta":"Šķēde, Šķēdes pagasts, Saldus novads","iela":"Skolas iela","nr":"11","veids":"virszemes sakņu pagrabs","komentars":null}},{"type":"Feature","geometry":{"type":"Point","coordinates":[22.450067,56.694376]},"properties":{"vieta":"Druva, Saldus pagasts, Saldus novads","iela":"Dārza iela","nr":"1","veids":"Pirmsskolas izglītības iestāde","komentars":null}},{"type":"Feature","geometry":{"type":"Point","coordinates":[22.506515,56.665732]},"properties":{"vieta":"Saldus","iela":"Kalnsētas iela","nr":"13","veids":"Noliktava","komentars":null}},{"type":"Feature","geometry":{"type":"Point","coordinates":[22.090852,56.485666]},"properties":{"vieta":"Nīgrande, Nīgrandes pagasts, Saldus novads","iela":"Ventas iela","nr":"1","veids":"skolas darbnīca","komentars":null}},{"type":"Feature","geometry":{"type":"Point","coordinates":[22.093046,56.486045]},"properties":{"vieta":"Nīgrande, Nīgrandes pagasts, Saldus novads","iela":"Burtnieku iela","nr":"2","veids":"Pirmsskolas izglītības iestāde","komentars":null}},{"type":"Feature","geometry":{"type":"Point","coordinates":[22.563523,56.682878]},"properties":{"vieta":"Brocēni, Saldus novads","iela":"Skolas iela","nr":"1","veids":"skola","komentars":null}},{"type":"Feature","geometry":{"type":"Point","coordinates":[22.512534,56.598244]},"properties":{"vieta":"Striķi, Zvārdes pagasts, Saldus novads","iela":"\"Striķi\"","nr":"Nav","veids":"kultūras nams","komentars":null}},{"type":"Feature","geometry":{"type":"Point","coordinates":[22.022121,57.516099]},"properties":{"vieta":"Ance, Ances pagasts, Ventspils novads","iela":"\"Skola\"","nr":"Nav","veids":"Skola","komentars":null}},{"type":"Feature","geometry":{"type":"Point","coordinates":[22.022745,57.514476]},"properties":{"vieta":"Ance, Ances pagasts, Ventspils novads","iela":"\"Ances muiža\"","nr":"Nav","veids":"Sabiedriskais centrs","komentars":null}},{"type":"Feature","geometry":{"type":"Point","coordinates":[22.018871,57.511774]},"properties":{"vieta":"Ance, Ances pagasts, Ventspils novads","iela":"\"Ausmas\"","nr":"Nav","veids":"Kultūras centrs","komentars":null}},{"type":"Feature","geometry":{"type":"Point","coordinates":[22.013429,56.675090]},"properties":{"vieta":"Skrunda, Kuldīgas novads","iela":"Liepājas iela","nr":"6","veids":"Dzīvojamā māja","komentars":null}},{"type":"Feature","geometry":{"type":"Point","coordinates":[22.019608,56.677038]},"properties":{"vieta":"Skrunda, Kuldīgas novads","iela":"Kalēju iela","nr":"6","veids":"Ārstniecības vai veselības aprūpes iestāžu ēkas","komentars":null}},{"type":"Feature","geometry":{"type":"Point","coordinates":[22.015780,56.676284]},"properties":{"vieta":"Skrunda, Kuldīgas novads","iela":"Lielā iela","nr":"1A","veids":"Kultūras nams","komentars":null}},{"type":"Feature","geometry":{"type":"Point","coordinates":[21.174924,56.716430]},"properties":{"vieta":"Vērgale, Vērgales pagasts, Dienvidkurzemes novads","iela":"\"Vērgales stacija\"","nr":"Nav","veids":"Trīs vai vairāku dzīvokļu mājas","komentars":null}},{"type":"Feature","geometry":{"type":"Point","coordinates":[21.197562,56.698501]},"properties":{"vieta":"Vērgale, Vērgales pagasts, Dienvidkurzemes novads","iela":"\"Pagastmāja\"","nr":"Nav","veids":"Kultūras nams - pagastmāja ","komentars":null}},{"type":"Feature","geometry":{"type":"Point","coordinates":[22.795112,56.650063]},"properties":{"vieta":"Blīdene, Saldus novads","iela":"\"Ievas\"","nr":"Nav","veids":"biroju ēka","komentars":null}},{"type":"Feature","geometry":{"type":"Point","coordinates":[22.212265,56.542093]},"properties":{"vieta":"Pampāļi, Pampāļu pagasts, Saldus novads","iela":"Rūpniecības iela","nr":"1A","veids":"administratīvā ēka","komentars":null}},{"type":"Feature","geometry":{"type":"Point","coordinates":[22.539025,57.148413]},"properties":{"vieta":"Stende, Talsu novads","iela":"Dumpīšu iela","nr":"3A","veids":"Administratīva ēka","komentars":null}},{"type":"Feature","geometry":{"type":"Point","coordinates":[22.586376,57.247717]},"properties":{"vieta":"Talsi","iela":"Kareivju iela","nr":"12","veids":"sporta ēka","komentars":null}},{"type":"Feature","geometry":{"type":"Point","coordinates":[22.466400,56.649875]},"properties":{"vieta":"Mežvidi, Novadnieku pagasts, Saldus novads","iela":"\"Mežvidi\"","nr":"Nav","veids":"Administratīva ēka","komentars":null}},{"type":"Feature","geometry":{"type":"Point","coordinates":[22.773989,57.309841]},"properties":{"vieta":"Vandzene, Vandzenes pagasts, Talsu novads","iela":"\"Tautas nams\"","nr":"Nav","veids":"Tautas nams","komentars":null}},{"type":"Feature","geometry":{"type":"Point","coordinates":[21.671720,57.222571]},"properties":{"vieta":"Piltene, Ventspils novads","iela":"Lielā iela","nr":"2A","veids":"Administratīvā ēka","komentars":null}},{"type":"Feature","geometry":{"type":"Point","coordinates":[22.360613,56.406126]},"properties":{"vieta":"Ezere, Saldus novads","iela":"Centra iela","nr":"4","veids":"Biroju ēka","komentars":null}},{"type":"Feature","geometry":{"type":"Point","coordinates":[21.896671,56.570575]},"properties":{"vieta":"Dzelda, Nīkrāces pagasts, Kuldīgas novads","iela":"Dīķu iela","nr":"1","veids":"sociālo grupu kopdzīvojamās māja","komentars":null}},{"type":"Feature","geometry":{"type":"Point","coordinates":[21.888619,56.642781]},"properties":{"vieta":"Rudbārži, Rudbāržu pagasts, Kuldīgas novads","iela":"Centra iela","nr":"4","veids":"Biroju ēka","komentars":null}},{"type":"Feature","geometry":{"type":"Point","coordinates":[22.491953,56.665449]},"properties":{"vieta":"Saldus","iela":"Lielā iela","nr":"3B","veids":"Izglītības iestāde","komentars":null}},{"type":"Feature","geometry":{"type":"Point","coordinates":[23.124212,57.332682]},"properties":{"vieta":"Mērsrags, Mērsraga pagasts, Talsu novads","iela":"Lielā iela","nr":"25","veids":"tautas nams pašizklaides pasākumiem","komentars":null}},{"type":"Feature","geometry":{"type":"Point","coordinates":[22.055178,57.270832]},"properties":{"vieta":"Ugāle, Ventspils novads","iela":"\"Slimnīca\"","nr":"Nav","veids":"Ārstniecības iestāde","komentars":null}},{"type":"Feature","geometry":{"type":"Point","coordinates":[21.996335,57.279834]},"properties":{"vieta":"Ugāle, Ventspils novads","iela":"\"Kraujas kapi\"","nr":"Nav","veids":"Kapliča","komentars":null}},{"type":"Feature","geometry":{"type":"Point","coordinates":[22.292341,57.069259]},"properties":{"vieta":"Renda, Rendas pagasts, Kuldīgas novads","iela":"\"Vīgneri\"","nr":"Nav","veids":"Kultūras nams, pagasta pārvalde","komentars":null}},{"type":"Feature","geometry":{"type":"Point","coordinates":[22.490670,56.669558]},"properties":{"vieta":"Saldus","iela":"Kuldīgas iela","nr":"3","veids":"skola","komentars":null}},{"type":"Feature","geometry":{"type":"Point","coordinates":[22.491172,56.671706]},"properties":{"vieta":"Saldus","iela":"Slimnīcas iela","nr":"3","veids":"slimnīca","komentars":null}},{"type":"Feature","geometry":{"type":"Point","coordinates":[22.567900,56.679808]},"properties":{"vieta":"Brocēni, Saldus novads","iela":"Lielcieceres iela","nr":"10","veids":"kultūras nams","komentars":null}},{"type":"Feature","geometry":{"type":"Point","coordinates":[21.953748,56.966562]},"properties":{"vieta":"Kuldīga","iela":"Rātskunga iela","nr":"2","veids":"Daudzdzīvokļu dzīvojamā māja","komentars":null}},{"type":"Feature","geometry":{"type":"Point","coordinates":[22.603310,57.423458]},"properties":{"vieta":"Anuži, Lubes pagasts, Talsu novads","iela":"\"Sniedzes\"","nr":"Nav","veids":"adminstratīvā ēka","komentars":null}},{"type":"Feature","geometry":{"type":"Point","coordinates":[22.519990,57.224557]},"properties":{"vieta":"Pastende, Ģibuļu pagasts, Talsu novads","iela":"Skolas iela","nr":"2","veids":"Adminstratīvā ēka","komentars":null}},{"type":"Feature","geometry":{"type":"Point","coordinates":[22.526772,57.222954]},"properties":{"vieta":"Pastende, Ģibuļu pagasts, Talsu novads","iela":"Ozolu iela ","nr":"2","veids":"Pirmsskolas izglītības iestāde","komentars":null}},{"type":"Feature","geometry":{"type":"Point","coordinates":[21.393369,57.007348]},"properties":{"vieta":"Jūrkalne, Ventspils novads","iela":"\"Saulgoži\"","nr":"Nav","veids":"Noliktava","komentars":null}},{"type":"Feature","geometry":{"type":"Point","coordinates":[22.022490,57.274218]},"properties":{"vieta":"Ugāle, Ventspils novads","iela":"\"Bērnudārzs\"","nr":"Nav","veids":"Pirmsskolas izglītības iestāde","komentars":null}},{"type":"Feature","geometry":{"type":"Point","coordinates":[23.610667,56.800827]},"properties":{"vieta":"Kalnciems, Kalnciema pagasts Jelgavas novads","iela":"Lielupes iela","nr":"21","veids":"Skola","komentars":null}},{"type":"Feature","geometry":{"type":"Point","coordinates":[23.960338,56.571617]},"properties":{"vieta":"Staļģene, Jaunsvirlaukas pagasts, Jelgavas novads","iela":"Skolas iela","nr":"4","veids":"Izglītības centrs","komentars":null}},{"type":"Feature","geometry":{"type":"Point","coordinates":[22.897484,56.457768]},"properties":{"vieta":"Auce, Dobeles novads","iela":"Jura Mātera iela","nr":"11","veids":"Skola","komentars":null}},{"type":"Feature","geometry":{"type":"Point","coordinates":[24.531641,56.597948]},"properties":{"vieta":"Vecumnieki, Vecumnieku pagasts, Bauskas novads","iela":"Rīgas iela","nr":"29a","veids":"Pašvaldības biroja telpas","komentars":null}},{"type":"Feature","geometry":{"type":"Point","coordinates":[23.506747,56.528536]},"properties":{"vieta":"Zaļenieki, Zaļenieku pagasts, Jelgavas novads ","iela":"Baznīcas iela","nr":"2","veids":"dienesta viesnīca","komentars":null}},{"type":"Feature","geometry":{"type":"Point","coordinates":[23.508852,56.531429]},"properties":{"vieta":"Zaļenieki, Zaļenieku pagasts, Jelgavas novads ","iela":"Jelgavas iela","nr":"7","veids":"Mācību ēka - katlu māja","komentars":null}},{"type":"Feature","geometry":{"type":"Point","coordinates":[23.508578,56.529453]},"properties":{"vieta":"Zaļenieki, Zaļenieku pagasts, Jelgavas novads ","iela":"Jelgavas iela","nr":"7","veids":"Mācību laboratorija","komentars":null}},{"type":"Feature","geometry":{"type":"Point","coordinates":[23.509372,56.526707]},"properties":{"vieta":"Zaļenieki, Zaļenieku pagasts, Jelgavas novads ","iela":"Centra iela","nr":"3","veids":"skola","komentars":null}},{"type":"Feature","geometry":{"type":"Point","coordinates":[25.219156,56.616129]},"properties":{"vieta":"Aizkraukles pagasts, Aizkraukles novads","iela":"Kalna iela","nr":"6","veids":"Izglītības iestāde","komentars":null}},{"type":"Feature","geometry":{"type":"Point","coordinates":[23.219214,57.162213]},"properties":{"vieta":"Engure, Engures pagasts, Tukuma novads","iela":"Skolas iela","nr":"9","veids":"Skolas internāts","komentars":null}},{"type":"Feature","geometry":{"type":"Point","coordinates":[25.082016,56.617743]},"properties":{"vieta":"Jaunjelgava, Aizkraukles novads","iela":"Lāčplēša iela","nr":"11","veids":"Administratīvā ēka","komentars":null}},{"type":"Feature","geometry":{"type":"Point","coordinates":[25.306789,56.205378]},"properties":{"vieta":"Nereta, Neretas pagasts, Aizkraukles novads","iela":"Rīgas iela","nr":"1","veids":"Administratīvā ēka","komentars":null}},{"type":"Feature","geometry":{"type":"Point","coordinates":[23.543188,56.419606]},"properties":{"vieta":"Vilce, Vilces pagasts, Jelgavas novads","iela":"Madaru iela","nr":"2","veids":"Sākumskola","komentars":null}},{"type":"Feature","geometry":{"type":"Point","coordinates":[23.819472,56.425312]},"properties":{"vieta":"Sesava, Sesavas pagasts, Jelgavas novads","iela":"Skolas iela","nr":"1","veids":"Skola","komentars":null}},{"type":"Feature","geometry":{"type":"Point","coordinates":[23.756527,56.521529]},"properties":{"vieta":"Lielvircava, Platones pagasts Jelgavas novads","iela":"Lielvircavas iela","nr":"4","veids":"Skola","komentars":null}},{"type":"Feature","geometry":{"type":"Point","coordinates":[23.542211,56.420784]},"properties":{"vieta":"Vilce, Vilces pagasts, Jelgavas novads","iela":"Skolas iela","nr":"6","veids":"Skola","komentars":null}},{"type":"Feature","geometry":{"type":"Point","coordinates":[23.540880,56.422695]},"properties":{"vieta":"Vilce, Vilces pagasts, Jelgavas novads","iela":"Tautas nama iela","nr":"6","veids":"Noliktava","komentars":null}},{"type":"Feature","geometry":{"type":"Point","coordinates":[23.692942,56.540155]},"properties":{"vieta":"Platone, Platones pagasts, Jelgavas novads","iela":"Atspulgu iela","nr":"4","veids":"Biroju ēkas","komentars":null}},{"type":"Feature","geometry":{"type":"Point","coordinates":[23.756923,56.521872]},"properties":{"vieta":"Lielvircava, Platones pagasts Jelgavas novads","iela":"Lielvircavas iela","nr":"4A","veids":"Skola","komentars":null}},{"type":"Feature","geometry":{"type":"Point","coordinates":[23.659836,56.452263]},"properties":{"vieta":"Lielplatone, Lielplatones pagasts, Jelgavas novads","iela":"Alejas iela","nr":"7","veids":"skola","komentars":null}},{"type":"Feature","geometry":{"type":"Point","coordinates":[23.659382,56.452761]},"properties":{"vieta":"Lielplatone, Lielplatones pagasts, Jelgavas novads","iela":"Alejas iela","nr":"9","veids":"Muzejs","komentars":null}},{"type":"Feature","geometry":{"type":"Point","coordinates":[23.697335,56.419143]},"properties":{"vieta":"Eleja, Elejas pagasts, jelgavas novads","iela":"Parka iela","nr":"11","veids":"skola","komentars":null}},{"type":"Feature","geometry":{"type":"Point","coordinates":[23.560153,56.585952]},"properties":{"vieta":"Glūdas pagasts, Jelgavas novads","iela":"\"Kažmeru kapi\"","nr":"Nav","veids":"Kapliča","komentars":null}},{"type":"Feature","geometry":{"type":"Point","coordinates":[23.440899,56.618723]},"properties":{"vieta":"Nākotne, Glūdas pagasts, Jelgavas novads","iela":"Skola iela","nr":"3","veids":"Skola","komentars":null}},{"type":"Feature","geometry":{"type":"Point","coordinates":[23.599395,56.533253]},"properties":{"vieta":"Jēkabnieki, Svētes pagasts, Jelgavas novads","iela":"Straumes iela","nr":"3","veids":"Biroju ēka","komentars":null}},{"type":"Feature","geometry":{"type":"Point","coordinates":[23.599336,56.533520]},"properties":{"vieta":"Jēkabnieki, Svētes pagasts, Jelgavas novads","iela":"Straumes iela","nr":"5","veids":"Ēkas plašizklaides pasākumiem","komentars":null}},{"type":"Feature","geometry":{"type":"Point","coordinates":[23.773721,56.558150]},"properties":{"vieta":"Vircava, Vircavas pagasts, Jelgavas novads","iela":"Jelgavas iela","nr":"1","veids":"Ēkas plašizklaides pasākumiem","komentars":null}},{"type":"Feature","geometry":{"type":"Point","coordinates":[22.771797,57.038603]},"properties":{"vieta":"Kandava, Tukuma novads","iela":"Talsu iela","nr":"18A","veids":"Internātskolas mācību klases","komentars":null}},{"type":"Feature","geometry":{"type":"Point","coordinates":[25.423387,56.643880]},"properties":{"vieta":"Koknese, Aizkraukles novads","iela":"Parka iela","nr":"27A","veids":"Sporta ēka","komentars":null}},{"type":"Feature","geometry":{"type":"Point","coordinates":[25.424441,56.644270]},"properties":{"vieta":"Koknese, Aizkraukles novads","iela":"Parka iela","nr":"27","veids":"Skola","komentars":null}},{"type":"Feature","geometry":{"type":"Point","coordinates":[25.446145,56.643992]},"properties":{"vieta":"Koknese, Aizkraukles novads","iela":"Melioratoru iela","nr":"1","veids":"Biroju ēka","komentars":null}},{"type":"Feature","geometry":{"type":"Point","coordinates":[25.438732,56.650407]},"properties":{"vieta":"Koknese, Aizkraukles novads","iela":"Hanzas iela","nr":"2","veids":"Kultūras nams","komentars":null}},{"type":"Feature","geometry":{"type":"Point","coordinates":[25.431045,56.644715]},"properties":{"vieta":"Koknese, Aizkraukles novads","iela":"Lāčplēša iela","nr":"7","veids":"Pirmsskolas izglītības iestāde","komentars":null}},{"type":"Feature","geometry":{"type":"Point","coordinates":[25.217274,56.480610]},"properties":{"vieta":"Daudzese, Daudzeses pagasts, Aizkraukles novads","iela":"\"Skola\"","nr":"Nav","veids":"Skola","komentars":null}},{"type":"Feature","geometry":{"type":"Point","coordinates":[22.768301,57.036484]},"properties":{"vieta":"Kandava, Tukuma novads","iela":"Skolas iela","nr":"10","veids":"Vidusskola","komentars":null}},{"type":"Feature","geometry":{"type":"Point","coordinates":[22.885409,56.473922]},"properties":{"vieta":"Vecauce, Vecauces pagasts, Dobeles novads","iela":"Lielauces iela","nr":"21","veids":"Pirmsskolas izglītības iestāde","komentars":null}},{"type":"Feature","geometry":{"type":"Point","coordinates":[23.839722,56.637270]},"properties":{"vieta":"Tetele, Cenas pagasts, Jelgavas novads","iela":"Skolas iela","nr":"10","veids":"Pamatskola","komentars":null}},{"type":"Feature","geometry":{"type":"Point","coordinates":[23.983196,56.566359]},"properties":{"vieta":"Emburga, Salgales pagasts, Jelgavas novads","iela":"Draudzības iela","nr":"3","veids":"Administratīvā ēka","komentars":null}},{"type":"Feature","geometry":{"type":"Point","coordinates":[23.811605,56.648544]},"properties":{"vieta":"Āne, Cenu pagasts, Jelgavas novads","iela":"Jaunatnes iela","nr":"4","veids":"Pirmsskolas izglītības iestāde","komentars":null}},{"type":"Feature","geometry":{"type":"Point","coordinates":[23.788375,56.690690]},"properties":{"vieta":"Ozolnieki, Ozolnieku pagasts, Jelgavas novads","iela":"Meliorācijas iela","nr":"10","veids":"Pirmsskolas izglītības iestāde","komentars":null}},{"type":"Feature","geometry":{"type":"Point","coordinates":[23.287620,56.613982]},"properties":{"vieta":"Dobele","iela":"Dainu iela","nr":"8","veids":"Skola","komentars":null}},{"type":"Feature","geometry":{"type":"Point","coordinates":[23.279364,56.625324]},"properties":{"vieta":"Dobele","iela":"Brīvības iela","nr":"11A","veids":"Dienas centrs","komentars":null}},{"type":"Feature","geometry":{"type":"Point","coordinates":[23.945308,56.638424]},"properties":{"vieta":"Garoza, Salgales pagasts, Jelgavas novads","iela":"\"Garozas pamatskola\"","nr":"Nav","veids":"Skolas saimniecības ēka","komentars":null}},{"type":"Feature","geometry":{"type":"Point","coordinates":[23.286654,56.618762]},"properties":{"vieta":"Dobele","iela":"Zaļā iela","nr":"29","veids":"Pirmsskolas izglītības iestāde","komentars":null}},{"type":"Feature","geometry":{"type":"Point","coordinates":[23.036890,56.667889]},"properties":{"vieta":"Kaķenieki, Annenieku pagasts, Dobeles novads","iela":"Skolas iela","nr":"2","veids":"Sporta komplekss","komentars":null}},{"type":"Feature","geometry":{"type":"Point","coordinates":[23.097652,56.680084]},"properties":{"vieta":"Annenieki, Annenieku pagasts, Dobeles novads","iela":"\"Bērzupes\"","nr":"Nav","veids":"Skola","komentars":null}},{"type":"Feature","geometry":{"type":"Point","coordinates":[23.098134,56.680039]},"properties":{"vieta":"Annenieki, Annenieku pagasts, Dobeles novads","iela":"\"Bērzupītes\"","nr":"Nav","veids":"Skola","komentars":null}},{"type":"Feature","geometry":{"type":"Point","coordinates":[25.858954,56.493867]},"properties":{"vieta":"Jēkabpils","iela":"Jaunā iela","nr":"44","veids":"skola","komentars":null}},{"type":"Feature","geometry":{"type":"Point","coordinates":[25.866872,56.503975]},"properties":{"vieta":"Jēkabpils","iela":"Rīgas iela","nr":"192","veids":"Skola","komentars":null}},{"type":"Feature","geometry":{"type":"Point","coordinates":[24.260596,56.319509]},"properties":{"vieta":"Uzvara, Gailīšu pagasts, Bauskas novads","iela":"Sporta iela","nr":"3","veids":"Skola","komentars":null}},{"type":"Feature","geometry":{"type":"Point","coordinates":[24.258440,56.317974]},"properties":{"vieta":"Uzvara, Gailīšu pagasts, Bauskas novads","iela":"Kamardes iela","nr":"1","veids":"Pirmsskolas izglītības iestāde","komentars":null}},{"type":"Feature","geometry":{"type":"Point","coordinates":[24.255904,56.314219]},"properties":{"vieta":"Uzvara, Gailīšu pagasts, Bauskas novads","iela":"Bauskas iela","nr":"2","veids":"administratīvā ēka","komentars":null}},{"type":"Feature","geometry":{"type":"Point","coordinates":[23.063545,56.485823]},"properties":{"vieta":"Bēne, Bēnes pagasts, Dobeles novads","iela":"Centrālais laukums","nr":"3","veids":"Administrācijas ēka","komentars":null}},{"type":"Feature","geometry":{"type":"Point","coordinates":[23.063749,56.485924]},"properties":{"vieta":"Bēne, Bēnes pagasts, Dobeles novads","iela":"Centrālais laukums","nr":"3","veids":"Administrācijas ēka","komentars":null}},{"type":"Feature","geometry":{"type":"Point","coordinates":[23.071871,56.483234]},"properties":{"vieta":"Bēne, Bēnes pagasts, Dobeles novads","iela":"Jelgavas iela","nr":"27","veids":"Skola","komentars":null}},{"type":"Feature","geometry":{"type":"Point","coordinates":[23.159579,56.969996]},"properties":{"vieta":"Tukums","iela":"Kurzemes iela","nr":"5","veids":"Pirmsskolas izglītības iestāde","komentars":null}},{"type":"Feature","geometry":{"type":"Point","coordinates":[25.121230,56.646961]},"properties":{"vieta":"Skrīveri, Skrīveru pagasts, Aizkraukles novads","iela":"Stacijas laukums","nr":"1","veids":"Skola","komentars":null}},{"type":"Feature","geometry":{"type":"Point","coordinates":[25.117950,56.647282]},"properties":{"vieta":"Skrīveri, Skrīveru pagasts, Aizkraukles novads","iela":"Daugavas iela","nr":"85","veids":"Skola","komentars":null}},{"type":"Feature","geometry":{"type":"Point","coordinates":[23.158687,56.974601]},"properties":{"vieta":"Tukums","iela":"Celtnieku iela","nr":"3","veids":"Daudzdzīvokļu ēka","komentars":null}},{"type":"Feature","geometry":{"type":"Point","coordinates":[23.152417,56.967448]},"properties":{"vieta":"Tukums","iela":"Talsu iela","nr":"4","veids":"Biroju ēka","komentars":null}},{"type":"Feature","geometry":{"type":"Point","coordinates":[23.156995,56.969342]},"properties":{"vieta":"Tukums","iela":"Raudas iela","nr":"12a","veids":"Biroju ēka","komentars":null}},{"type":"Feature","geometry":{"type":"Point","coordinates":[22.736418,56.835794]},"properties":{"vieta":"Zante pagasts, Tukuma novads","iela":"Skolas iela","nr":"6","veids":"Kultūras nams","komentars":null}},{"type":"Feature","geometry":{"type":"Point","coordinates":[22.732064,56.835995]},"properties":{"vieta":"Zante, Zantes pagasts, Tukuma novads","iela":"Skolas iela","nr":"14","veids":"Skola","komentars":null}},{"type":"Feature","geometry":{"type":"Point","coordinates":[24.611139,56.550672]},"properties":{"vieta":"Vecumnieki, Vecumnieku pagasts, Bauskas novads","iela":"\"Jaunklīvi\"","nr":"Nav","veids":"Dzīvojamā ēka","komentars":null}},{"type":"Feature","geometry":{"type":"Point","coordinates":[25.124763,56.657326]},"properties":{"vieta":"Skrīveri, Skrīveru pagasts, Aizkraukles novads","iela":"Sprīdīša iela","nr":"1","veids":"Pirmsskolas izglītības iestāde","komentars":null}},{"type":"Feature","geometry":{"type":"Point","coordinates":[25.117377,56.647141]},"properties":{"vieta":"Skrīveri, Skrīveru pagasts, Aizkraukles novads","iela":"Daugavas iela","nr":"85A","veids":"Aprūpes centrs","komentars":null}},{"type":"Feature","geometry":{"type":"Point","coordinates":[25.252270,56.598711]},"properties":{"vieta":"Aizkraukle","iela":"Draudzības krastmala","nr":"5","veids":"Skola","komentars":null}},{"type":"Feature","geometry":{"type":"Point","coordinates":[25.477937,56.723407]},"properties":{"vieta":"Vecbebri, Bebru pagasts, Aizkraukles novads","iela":"\"Dienesta viesnīca\"","nr":"Nav","veids":"Dienesta viesnīca","komentars":null}},{"type":"Feature","geometry":{"type":"Point","coordinates":[25.311767,56.200419]},"properties":{"vieta":"Nereta, Neretas pagasts, Aizkraukles novads","iela":"Dzirnavu iela","nr":"4","veids":"skola","komentars":null}},{"type":"Feature","geometry":{"type":"Point","coordinates":[25.308220,56.203831]},"properties":{"vieta":"Nereta, Neretas pagasts, Aizkraukles novads","iela":"Pētera Lodziņa iela","nr":"1","veids":"kultūras nams un bibliotēka","komentars":null}},{"type":"Feature","geometry":{"type":"Point","coordinates":[24.204550,56.592453]},"properties":{"vieta":"Iecava, Bauskas novads","iela":"Grāfa laukums","nr":"7","veids":"Skola","komentars":null}},{"type":"Feature","geometry":{"type":"Point","coordinates":[24.206390,56.595962]},"properties":{"vieta":"Iecava, Bauskas novads","iela":"Dzirnavu iela","nr":"1","veids":"Ārstniecības vai veselības aprūpes iestāžu ēkas","komentars":null}},{"type":"Feature","geometry":{"type":"Point","coordinates":[24.198753,56.602193]},"properties":{"vieta":"Iecava, Bauskas novads","iela":"Zemgales iela","nr":"9A","veids":"Pirmsskolas izglītības iestāde","komentars":null}},{"type":"Feature","geometry":{"type":"Point","coordinates":[23.286405,56.615493]},"properties":{"vieta":"Dobele","iela":"Puķu iela","nr":"8","veids":"Pirmsskolas izglītības iestāde","komentars":null}},{"type":"Feature","geometry":{"type":"Point","coordinates":[23.360544,56.449946]},"properties":{"vieta":"Zelmeņi, Tērvetes pagasts, Dobeles novads","iela":"\"Zelmeņi\"","nr":"Nav","veids":"Pagstmāja","komentars":null}},{"type":"Feature","geometry":{"type":"Point","coordinates":[23.321132,56.474771]},"properties":{"vieta":"Tērvetes pagasts, Dobeles novads","iela":"\"Mežmalieši\"","nr":"Nav","veids":"Ēdnīca","komentars":null}},{"type":"Feature","geometry":{"type":"Point","coordinates":[23.322424,56.474747]},"properties":{"vieta":"Tērvetes pagasts, Dobeles novads","iela":"\"Mežmalieši\"","nr":"Nav","veids":"Pansionāts","komentars":null}},{"type":"Feature","geometry":{"type":"Point","coordinates":[23.342567,56.951910]},"properties":{"vieta":"Smārde, Smārdes pagasts, Tukuma novads","iela":"Bišu iela","nr":"2","veids":"Pirmsskolas izglītības iestāde","komentars":null}},{"type":"Feature","geometry":{"type":"Point","coordinates":[23.338189,56.945634]},"properties":{"vieta":"Smārde, Smārdes pagasts, Tukuma novads","iela":"Jaunā iela","nr":"9","veids":"Administratīvā ēka","komentars":null}},{"type":"Feature","geometry":{"type":"Point","coordinates":[23.491652,56.690526]},"properties":{"vieta":"Līvbērze, Līvbērzes pagasts, Jelgavas novads","iela":"Jelgavas iela","nr":"17","veids":"Kultūras nams","komentars":null}},{"type":"Feature","geometry":{"type":"Point","coordinates":[23.156074,56.968694]},"properties":{"vieta":"Tukums","iela":"Raudas iela","nr":"6","veids":"Skola","komentars":null}},{"type":"Feature","geometry":{"type":"Point","coordinates":[22.988619,56.877618]},"properties":{"vieta":"Irlava, Irlavas pagasts, Tukuma novads","iela":"\"Mežrozītes\"","nr":"Nav","veids":"Sociālā māja","komentars":null}},{"type":"Feature","geometry":{"type":"Point","coordinates":[23.300868,56.852064]},"properties":{"vieta":"Slampe, Slampes pagasts, Tukuma novads","iela":"\"Zemagles vidusskola\"","nr":"Nav","veids":"Vidusskola","komentars":null}},{"type":"Feature","geometry":{"type":"Point","coordinates":[23.193967,56.966772]},"properties":{"vieta":"Tukums, Tukuma novads","iela":"Mazā parka iela","nr":"7 k-2","veids":"Dzīvojamā ēka","komentars":null}},{"type":"Feature","geometry":{"type":"Point","coordinates":[23.226841,57.162452]},"properties":{"vieta":"Engure, Engures pagasts, Tukuma novads","iela":"Jūras iela","nr":"85","veids":"Kūltūras nams un pašvaldības administratīvā ēka","komentars":null}},{"type":"Feature","geometry":{"type":"Point","coordinates":[22.773821,57.039761]},"properties":{"vieta":"Kandava, Tukuma novads","iela":"Ķiršu iela","nr":"85","veids":"Sociālā māja","komentars":null}},{"type":"Feature","geometry":{"type":"Point","coordinates":[25.110451,56.638327]},"properties":{"vieta":"Skrīveri, Skrīveru pagasts, Aizkraukles novads","iela":"Daugavas iela","nr":"37","veids":"noliktava","komentars":null}},{"type":"Feature","geometry":{"type":"Point","coordinates":[25.069662,56.622411]},"properties":{"vieta":"Skrīveru pagasts, Aizkraukles novads","iela":"\"Sapņi\"","nr":"Nav","veids":"Sociālo pakalpojumu centrs","komentars":null}},{"type":"Feature","geometry":{"type":"Point","coordinates":[25.875877,56.490807]},"properties":{"vieta":"Jēkabpils","iela":"Meža iela","nr":"12","veids":"Pirsmskolas izglītības iestāde","komentars":null}},{"type":"Feature","geometry":{"type":"Point","coordinates":[23.220127,57.163379]},"properties":{"vieta":"Engure, Engures pagasts, Tukuma novads","iela":"Skolas iela","nr":"10","veids":"Pirsmskolas izglītības iestāde","komentars":null}},{"type":"Feature","geometry":{"type":"Point","coordinates":[25.557683,56.345450]},"properties":{"vieta":"Viesīte, Jēkabpils novads","iela":"Smilšu iela","nr":"2","veids":"Kūltūras nams","komentars":null}},{"type":"Feature","geometry":{"type":"Point","coordinates":[25.563966,56.342177]},"properties":{"vieta":"Viesīte, Jēkabpils novads","iela":"Pavasara iela","nr":"6A","veids":"Pirmskolas izglītības iestāde","komentars":null}},{"type":"Feature","geometry":{"type":"Point","coordinates":[25.553679,56.348120]},"properties":{"vieta":"Viesīte, Jēkabpils novads","iela":"Brīvības iela","nr":"8","veids":"Administratīva ēka","komentars":null}},{"type":"Feature","geometry":{"type":"Point","coordinates":[25.553590,56.348019]},"properties":{"vieta":"Viesīte, Jēkabpils novads","iela":"Brīvības iela","nr":"10","veids":"Administratīvā ēka","komentars":null}},{"type":"Feature","geometry":{"type":"Point","coordinates":[25.558319,56.343283]},"properties":{"vieta":"Viesīte, Jēkabpils novads","iela":"Raiņa iela","nr":"35","veids":"Dzīvojamā māja","komentars":null}},{"type":"Feature","geometry":{"type":"Point","coordinates":[23.086073,56.936265]},"properties":{"vieta":"Tume, Tumes pagasts, Tukuma novads","iela":"Skolas iela","nr":"1 C","veids":"Skolas sporta komplekss","komentars":null}},{"type":"Feature","geometry":{"type":"Point","coordinates":[23.021507,56.730514]},"properties":{"vieta":"Jaunpils, Jaunpils pagasts, Tukuma novads","iela":"\"Jaunpils pils\"","nr":"Nav","veids":"Muzejs, viesnīca","komentars":null}},{"type":"Feature","geometry":{"type":"Point","coordinates":[23.023176,56.730635]},"properties":{"vieta":"Jaunpils, Jaunpils pagasts, Tukuma novads","iela":"\"Ērģelnieki\"","nr":"Nav","veids":"Sociālā dienesta ēka, sporta nams, dome","komentars":null}},{"type":"Feature","geometry":{"type":"Point","coordinates":[25.255988,56.601018]},"properties":{"vieta":"Aizkraukle","iela":"Lāčplēša iela","nr":"3","veids":"Bibliotēka","komentars":null}},{"type":"Feature","geometry":{"type":"Point","coordinates":[22.775626,57.033541]},"properties":{"vieta":"Kandava, Tukuma novads","iela":"Zīļu iela","nr":"2","veids":"Ražošana, šūšanas darbnica","komentars":null}},{"type":"Feature","geometry":{"type":"Point","coordinates":[25.595025,56.793443]},"properties":{"vieta":"Irši, Iršu pagasts, Aizkraukles novads","iela":"\"Pērses pamatskola\"","nr":"Nav","veids":"Skola","komentars":null}},{"type":"Feature","geometry":{"type":"Point","coordinates":[25.593739,56.792383]},"properties":{"vieta":"Irši, Iršu pagasts, Aizkraukles novads","iela":"\"Silavas\"","nr":"Nav","veids":"Daudzdzīvokļu ēka","komentars":null}},{"type":"Feature","geometry":{"type":"Point","coordinates":[22.960110,57.098512]},"properties":{"vieta":"Lamiņi, Pūres pagasts, Tukuma novads","iela":"\"Lamiņu Muiža\"","nr":"Nav","veids":"Skolas mācību korpuss, mājturības kabineti","komentars":null}},{"type":"Feature","geometry":{"type":"Point","coordinates":[25.253166,56.601599]},"properties":{"vieta":"Aizkraukle","iela":"Lāčplēša iela","nr":"1","veids":"Biroju ēka","komentars":null}},{"type":"Feature","geometry":{"type":"Point","coordinates":[25.254105,56.600507]},"properties":{"vieta":"Aizkraukle","iela":"Lāčplēša iela","nr":"4","veids":"Biroju ēka","komentars":null}},{"type":"Feature","geometry":{"type":"Point","coordinates":[24.082133,56.502031]},"properties":{"vieta":"Strēlnieki, Mežotnes pagasts, Bauskas novads","iela":"Parka iela","nr":"1","veids":"Daudzfunkcionālais centrs","komentars":null}},{"type":"Feature","geometry":{"type":"Point","coordinates":[23.148876,56.967220]},"properties":{"vieta":"Tukums","iela":"Tidaholmas","nr":"3","veids":"Administratīvā ēka","komentars":null}},{"type":"Feature","geometry":{"type":"Point","coordinates":[23.148678,56.964275]},"properties":{"vieta":"Tukums","iela":"Lielā iela","nr":"18","veids":"Skola","komentars":null}},{"type":"Feature","geometry":{"type":"Point","coordinates":[23.164992,56.972471]},"properties":{"vieta":"Tukums","iela":"Spartaka iela","nr":"18","veids":"Pirmsskolas izglītības iestāde","komentars":null}},{"type":"Feature","geometry":{"type":"Point","coordinates":[23.151929,56.964289]},"properties":{"vieta":"Tukums","iela":"Lielā iela","nr":"9","veids":"Skola","komentars":null}},{"type":"Feature","geometry":{"type":"Point","coordinates":[25.889622,56.494190]},"properties":{"vieta":"Jēkabpils","iela":"Dūmu iela","nr":"1","veids":"pirmskolas izglītības iestāde","komentars":null}},{"type":"Feature","geometry":{"type":"Point","coordinates":[25.841324,56.498080]},"properties":{"vieta":"Jēkabpils","iela":"Andreja Pormaļa","nr":"106","veids":"Viesnīca","komentars":null}},{"type":"Feature","geometry":{"type":"Point","coordinates":[25.860906,56.491980]},"properties":{"vieta":"Jēkabpils","iela":"Jaunā iela","nr":"39I","veids":"Sociālais pakalpojumu centrs","komentars":null}},{"type":"Feature","geometry":{"type":"Point","coordinates":[25.872220,56.502430]},"properties":{"vieta":"Jēkabpils","iela":"Rīgas iela","nr":"150","veids":"administratīvā ēka","komentars":null}},{"type":"Feature","geometry":{"type":"Point","coordinates":[25.509095,56.208703]},"properties":{"vieta":"Cīruļi, Rites pagasts, Jēkabpils novads","iela":"\"Rites pamatskola\"","nr":"Nav","veids":"Pirmskolas izglītības iestāde","komentars":null}},{"type":"Feature","geometry":{"type":"Point","coordinates":[25.507745,56.208080]},"properties":{"vieta":"Cīruļi, Rites pagasts, Jēkabpils novads","iela":"\"Pagasta māja\"","nr":"Nav","veids":"administratīvā ēka","komentars":null}},{"type":"Feature","geometry":{"type":"Point","coordinates":[25.736457,56.163354]},"properties":{"vieta":"Aknīste, Jēkabpils novads","iela":"Skolas iela","nr":"19","veids":"Skola","komentars":null}},{"type":"Feature","geometry":{"type":"Point","coordinates":[23.279237,56.625696]},"properties":{"vieta":"Dobele","iela":"Uzvaras iela","nr":"4","veids":"Biroju ēka","komentars":null}},{"type":"Feature","geometry":{"type":"Point","coordinates":[22.971472,56.694163]},"properties":{"vieta":"Bikstu pagasts, Dobeles novads","iela":"\"Alejas\"","nr":"Nav","veids":"Skola","komentars":null}},{"type":"Feature","geometry":{"type":"Point","coordinates":[24.205131,56.593170]},"properties":{"vieta":"Iecava, Bauskas novads","iela":"Grāfa laukums","nr":"1","veids":"skola","komentars":null}},{"type":"Feature","geometry":{"type":"Point","coordinates":[25.249978,56.600229]},"properties":{"vieta":"Aizkraukle","iela":"Skolas iela","nr":"3","veids":"Mūzikas skola","komentars":null}},{"type":"Feature","geometry":{"type":"Point","coordinates":[23.143073,56.974725]},"properties":{"vieta":"Tukums","iela":"Smilšu iela","nr":"46","veids":"Pirmsskolas izglītības iestāde","komentars":null}},{"type":"Feature","geometry":{"type":"Point","coordinates":[23.142080,56.973626]},"properties":{"vieta":"Tukums","iela":"M.Smilšu iela","nr":"14","veids":"Pirmsskolas izglītības iestāde","komentars":null}},{"type":"Feature","geometry":{"type":"Point","coordinates":[25.241116,56.506115]},"properties":{"vieta":"Daudzeva, Daudzeses pagasts, Aizkraukles novads","iela":"\"Pagastmāja\"","nr":"Nav","veids":"Pagasta pārvalde","komentars":null}},{"type":"Feature","geometry":{"type":"Point","coordinates":[25.480082,56.528459]},"properties":{"vieta":"Staburaga pagasts, Aizkraukles novads","iela":"\"Vīgantes pamatskola\"","nr":"Nav","veids":"Aprūpes ēka","komentars":null}},{"type":"Feature","geometry":{"type":"Point","coordinates":[23.390648,56.737715]},"properties":{"vieta":"Jaunbērze, Jaunbērzes pagasts, Dobeles novads","iela":"Ceriņu iela","nr":"2","veids":"Kultūras nams","komentars":null}},{"type":"Feature","geometry":{"type":"Point","coordinates":[23.388562,56.736708]},"properties":{"vieta":"Jaunbērze, Jaunbērzes pagasts, Dobeles novads","iela":"Ceriņu iela","nr":"9","veids":"Šķūnis","komentars":null}},{"type":"Feature","geometry":{"type":"Point","coordinates":[22.895430,56.523282]},"properties":{"vieta":"Lielauce, Lielauces pagasts, Dobeles novads","iela":"\"Ezerkrasti\"","nr":"Nav","veids":"Sociālā dzīvojamā māja","komentars":null}},{"type":"Feature","geometry":{"type":"Point","coordinates":[22.896203,56.523459]},"properties":{"vieta":"Lielauce, Lielauces pagasts, Dobeles novads","iela":"\"Ezerkrasti\"","nr":"Nav","veids":"Tautas nams","komentars":null}},{"type":"Feature","geometry":{"type":"Point","coordinates":[25.082997,56.611271]},"properties":{"vieta":"Jaunjelgava, Aizkraukles novads","iela":"Uzvaras iela","nr":"1","veids":"Skola","komentars":null}},{"type":"Feature","geometry":{"type":"Point","coordinates":[25.487831,56.456823]},"properties":{"vieta":"Sunākste, Sunākstes pagasts, Aizkraukles novads","iela":"\"Skola\"","nr":"Nav","veids":"Izglītības iestāde","komentars":null}},{"type":"Feature","geometry":{"type":"Point","coordinates":[25.018476,56.368105]},"properties":{"vieta":"Ērberģe, Mazzalves pagasts, Aizkraukles novads","iela":"Liepu iela","nr":"3","veids":"Biroja ēka, Aptieka","komentars":null}},{"type":"Feature","geometry":{"type":"Point","coordinates":[25.017006,56.364858]},"properties":{"vieta":"Ērberģe, Mazzalves pagasts, Aizkraukles novads","iela":"Skolas iela","nr":"1","veids":"Skola","komentars":null}},{"type":"Feature","geometry":{"type":"Point","coordinates":[25.879038,56.489884]},"properties":{"vieta":"Jēkabpils","iela":"Brīvības iela","nr":"45","veids":"administratīvā ēka","komentars":null}},{"type":"Feature","geometry":{"type":"Point","coordinates":[25.858906,56.511044]},"properties":{"vieta":"Jēkabpils","iela":"Rīgas iela","nr":"216B","veids":"Muzejs","komentars":null}},{"type":"Feature","geometry":{"type":"Point","coordinates":[25.861264,56.499679]},"properties":{"vieta":"Jēkabpils","iela":"Brīvības iela","nr":"203","veids":"Mūzikas skola","komentars":null}},{"type":"Feature","geometry":{"type":"Point","coordinates":[25.978860,56.293190]},"properties":{"vieta":"Zasa, Zasas pagasts, Jēkabpils novads","iela":"\"Zasas vidusskola\u0027\u0027","nr":"Nav","veids":"skola","komentars":null}},{"type":"Feature","geometry":{"type":"Point","coordinates":[25.884012,56.117459]},"properties":{"vieta":"Asare, Asares pagasts, Jēkabpils novads","iela":"\"Augļu klēts\"","nr":"Nav","veids":"Administratīvā ēka","komentars":null}},{"type":"Feature","geometry":{"type":"Point","coordinates":[25.949289,56.618265]},"properties":{"vieta":"Antūži, Variešu pagasts, Jēkabpils novads","iela":"\"Mežmalas\"","nr":"Nav","veids":"Internāts","komentars":null}},{"type":"Feature","geometry":{"type":"Point","coordinates":[25.948666,56.618433]},"properties":{"vieta":"Antūži, Variešu pagasts, Jēkabpils novads","iela":"\"Mežmalas\"","nr":"Nav","veids":"skola","komentars":null}},{"type":"Feature","geometry":{"type":"Point","coordinates":[23.311929,56.658803]},"properties":{"vieta":"Lejasstrazdi, Dobeles pagasts, Dobeles novads","iela":"\"Lejasstrazdi\"","nr":"Nav","veids":"Bērnu nams","komentars":null}},{"type":"Feature","geometry":{"type":"Point","coordinates":[23.281528,56.620729]},"properties":{"vieta":"Dobele","iela":"Upes iela","nr":"5","veids":"Pirmsskolas izglītības iestāde","komentars":null}},{"type":"Feature","geometry":{"type":"Point","coordinates":[23.272744,56.622836]},"properties":{"vieta":"Dobele","iela":"Brīvības iela","nr":"2C","veids":"Muzejs","komentars":null}},{"type":"Feature","geometry":{"type":"Point","coordinates":[23.275073,56.623223]},"properties":{"vieta":"Dobele","iela":"Brīvības iela","nr":"2","veids":"Dzīvojamā māja","komentars":null}},{"type":"Feature","geometry":{"type":"Point","coordinates":[23.280625,56.626351]},"properties":{"vieta":"Dobele","iela":"Brīvības iela","nr":"17","veids":"Biroju ēka","komentars":null}},{"type":"Feature","geometry":{"type":"Point","coordinates":[25.560381,56.350694]},"properties":{"vieta":"Birži, Salas pagasts, Jēkabpils novads","iela":"Biržu iela","nr":"11","veids":"Tautas nams","komentars":null}},{"type":"Feature","geometry":{"type":"Point","coordinates":[25.774273,56.411165]},"properties":{"vieta":"Birži, Salas pagasts, Jēkabpils novads","iela":"Podvāzes iela","nr":"2","veids":"skola","komentars":null}},{"type":"Feature","geometry":{"type":"Point","coordinates":[25.762634,56.507300]},"properties":{"vieta":"Sala, Salas pagasts, Jēkabpils novads","iela":"Skolas iela","nr":"2","veids":"Tautas nams","komentars":null}},{"type":"Feature","geometry":{"type":"Point","coordinates":[25.578797,56.217605]},"properties":{"vieta":"Elkšņi, Elkšņu pagasts, Jēkabpils novads","iela":"\"Pagastmāja\"","nr":"Nav","veids":"Pagastmāja","komentars":null}},{"type":"Feature","geometry":{"type":"Point","coordinates":[23.253129,56.400144]},"properties":{"vieta":"Bukaiši, Bukaišu pagasts, Dobeles novads","iela":"\"Rotas\"","nr":"Nav","veids":"Biroja ēka","komentars":null}},{"type":"Feature","geometry":{"type":"Point","coordinates":[23.293906,56.564904]},"properties":{"vieta":"Auri, Auru pagasts, Dobeles novads","iela":"Skolas iela","nr":"10A","veids":"Pirmsskolas izglītības iestāde","komentars":null}},{"type":"Feature","geometry":{"type":"Point","coordinates":[23.339407,56.511065]},"properties":{"vieta":"Kroņauce, Tērvetes pagasts, Dobeles novads","iela":"\"Sprīdītis\"","nr":"Nav","veids":"Pirmsskolas izglītības iestāde","komentars":null}},{"type":"Feature","geometry":{"type":"Point","coordinates":[25.304347,56.205825]},"properties":{"vieta":"Nereta, Neretas pagasts, Aizkraukles novads","iela":"Rīgas iela","nr":"6","veids":"Sociālās aprūpes centrs","komentars":null}},{"type":"Feature","geometry":{"type":"Point","coordinates":[25.247946,56.326165]},"properties":{"vieta":"Zalve, Zalves pagasts, Aizkraukles novads","iela":"\"Zalves pamatskola\"","nr":"Nav","veids":"Muzejs","komentars":null}},{"type":"Feature","geometry":{"type":"Point","coordinates":[23.198806,56.535648]},"properties":{"vieta":"Naudīte,  Naudītes pagasts, Dobeles novads","iela":"\"Naudītes skola\"","nr":"Nav","veids":"Skola","komentars":null}},{"type":"Feature","geometry":{"type":"Point","coordinates":[25.479956,56.457689]},"properties":{"vieta":"Sunākste, Sunākstes pagasts, Aizkraukles novads","iela":"\"Saulrieši\"","nr":"Nav","veids":"Saieta nams","komentars":null}},{"type":"Feature","geometry":{"type":"Point","coordinates":[25.810119,56.099355]},"properties":{"vieta":"Gārsene, Gārsenes pagasts, Jēkabpils novads","iela":"\"Labieši\"","nr":"Nav","veids":"Muzejs","komentars":null}},{"type":"Feature","geometry":{"type":"Point","coordinates":[25.738990,56.164409]},"properties":{"vieta":"Aknīste, Jēkabpils novads","iela":"Skolas iela","nr":"16A","veids":"izglītības iestāde","komentars":null}},{"type":"Feature","geometry":{"type":"Point","coordinates":[24.168947,56.466201]},"properties":{"vieta":"Code, Codes pagasts, Bauskas novads","iela":"Lielā iela","nr":"2","veids":"administratīvā ēka","komentars":null}},{"type":"Feature","geometry":{"type":"Point","coordinates":[25.975478,56.523915]},"properties":{"vieta":"Jaunā muiža, Kūku pagasts, Jēkabpils novads","iela":"\"Pansionāts Jaunā Muiža\"","nr":"Nav","veids":"Pansionāts","komentars":null}},{"type":"Feature","geometry":{"type":"Point","coordinates":[25.942854,56.514026]},"properties":{"vieta":"Zīlāni, Kūku pagasts, Jēkabpils novads","iela":"Laukezere iela","nr":"4","veids":"Administratīvā ēka","komentars":null}},{"type":"Feature","geometry":{"type":"Point","coordinates":[25.864418,56.507131]},"properties":{"vieta":"Jēkabpils","iela":"Rīgas iela","nr":"212","veids":"Kūltūras nams","komentars":null}},{"type":"Feature","geometry":{"type":"Point","coordinates":[25.888335,56.486937]},"properties":{"vieta":"Jēkabpils","iela":"Kaļķu iela","nr":"1","veids":"Dzīvojamā ēka","komentars":null}},{"type":"Feature","geometry":{"type":"Point","coordinates":[25.992075,56.131035]},"properties":{"vieta":"Rubeņi, Rubenes pagasts, Jēkabpils novads","iela":"\"Rubeņu skola\"","nr":"Nav","veids":"Skola","komentars":null}},{"type":"Feature","geometry":{"type":"Point","coordinates":[25.885549,56.118264]},"properties":{"vieta":"Asare, Asares pagasts, Jēkabpils novads","iela":"\"Vecmuiža\"","nr":"Nav","veids":"Administratīvā ēka","komentars":null}},{"type":"Feature","geometry":{"type":"Point","coordinates":[25.977305,56.292440]},"properties":{"vieta":"Zasa, Zasas pagasts, Jēkabpils novads","iela":"\"Skolas internāts\"","nr":"Nav","veids":"skolas internāts","komentars":null}},{"type":"Feature","geometry":{"type":"Point","coordinates":[25.989878,56.284256]},"properties":{"vieta":"Zasas pagasts, Jēkabpils novads","iela":"\"Virši\"","nr":"Nav","veids":"dzīvojamā māja","komentars":null}},{"type":"Feature","geometry":{"type":"Point","coordinates":[25.920584,56.512598]},"properties":{"vieta":"Jēkabpils","iela":"Lielā iela","nr":"22A","veids":"dzīvojamā māja","komentars":null}},{"type":"Feature","geometry":{"type":"Point","coordinates":[26.379561,56.559260]},"properties":{"vieta":"Atašiene, Atašienes pagasts, Jēkabpils novads","iela":"\"Ezerzeme\"","nr":"Nav","veids":"skola","komentars":null}},{"type":"Feature","geometry":{"type":"Point","coordinates":[25.853134,56.341186]},"properties":{"vieta":"Vidsala, Kalna pagasts, Jēkabpils novads","iela":"\"Atvari\"","nr":"Nav","veids":"administrācijas ēka","komentars":null}},{"type":"Feature","geometry":{"type":"Point","coordinates":[25.770316,56.308616]},"properties":{"vieta":"Dubulti, Kalna pagasts, Jēkabpils novads","iela":"\"Zītari\"","nr":"Nav","veids":"tautas nams","komentars":null}},{"type":"Feature","geometry":{"type":"Point","coordinates":[25.865555,56.497781]},"properties":{"vieta":"Jēkabpils","iela":"Vecpilsētas laukums","nr":"3","veids":"tautas nams","komentars":null}},{"type":"Feature","geometry":{"type":"Point","coordinates":[26.179299,56.258201]},"properties":{"vieta":"Sudrabkalns, Dunavas pagasts, Jēkabpils novads","iela":"\u0027\u0027Alkšņi\u0027\u0027","nr":"Nav","veids":"dzīvojamā māja","komentars":null}},{"type":"Feature","geometry":{"type":"Point","coordinates":[26.179336,56.258361]},"properties":{"vieta":"Sudrabkalns, Dunavas pagasts, Jēkabpils novads","iela":"\u0027\u0027Alkšņi\u0027\u0027","nr":"Nav","veids":"dzīvojamā māja","komentars":null}},{"type":"Feature","geometry":{"type":"Point","coordinates":[26.179406,56.258507]},"properties":{"vieta":"Sudrabkalns, Dunavas pagasts, Jēkabpils novads","iela":"\u0027\u0027Alkšņi\u0027\u0027","nr":"Nav","veids":"dzīvojamā māja","komentars":null}},{"type":"Feature","geometry":{"type":"Point","coordinates":[25.763294,56.506163]},"properties":{"vieta":"Sala, Salas pagasts, Jēkabpils novads","iela":"Kalna iela","nr":"3","veids":"Pirmsskolas izglītības iestāde","komentars":null}},{"type":"Feature","geometry":{"type":"Point","coordinates":[25.763583,56.505734]},"properties":{"vieta":"Sala, Salas pagasts, Jēkabpils novads","iela":"Kalna iela","nr":"3","veids":"Pirmsskolas izglītības iestāde","komentars":null}},{"type":"Feature","geometry":{"type":"Point","coordinates":[23.862167,56.981475]},"properties":{"vieta":"Jūrmala","iela":"Aizputes iela","nr":"1A","veids":"Skola","komentars":null}},{"type":"Feature","geometry":{"type":"Point","coordinates":[24.112301,56.952674]},"properties":{"vieta":"Rīga","iela":"Raiņa bulvāris","nr":"8","veids":"Skola","komentars":null}},{"type":"Feature","geometry":{"type":"Point","coordinates":[24.124261,56.999245]},"properties":{"vieta":"Rīga","iela":"Sarkandaugavas iela","nr":"22","veids":"Skola","komentars":null}},{"type":"Feature","geometry":{"type":"Point","coordinates":[23.610792,56.952773]},"properties":{"vieta":"Jūrmala","iela":"Raiņa iela","nr":"53","veids":"Skola","komentars":null}},{"type":"Feature","geometry":{"type":"Point","coordinates":[23.611109,56.953217]},"properties":{"vieta":"Jūrmala","iela":"Raiņa iela","nr":"55","veids":"Skola","komentars":null}},{"type":"Feature","geometry":{"type":"Point","coordinates":[24.607859,56.820150]},"properties":{"vieta":"Ogre","iela":"Brīvības iela","nr":"50","veids":"Skola","komentars":null}},{"type":"Feature","geometry":{"type":"Point","coordinates":[24.347842,56.857983]},"properties":{"vieta":"Salaspils","iela":"Rīgas iela","nr":"30","veids":"Administratīvā ēka","komentars":null}},{"type":"Feature","geometry":{"type":"Point","coordinates":[24.179671,56.969765]},"properties":{"vieta":"Rīga","iela":"Biķernieku iela","nr":"47A","veids":"Pirmsskolas izglītības iestāde","komentars":null}},{"type":"Feature","geometry":{"type":"Point","coordinates":[24.143166,56.962520]},"properties":{"vieta":"Rīga","iela":"Krišjāņa Barona iela","nr":"99","veids":"bērnu un jauniešu centrs","komentars":null}},{"type":"Feature","geometry":{"type":"Point","coordinates":[24.324761,57.074800]},"properties":{"vieta":"Ādaži","iela":"Pirmā iela","nr":"26a","veids":"Pirmsskolas izglītības iestāde","komentars":null}},{"type":"Feature","geometry":{"type":"Point","coordinates":[24.633276,56.973011]},"properties":{"vieta":"Ropaži","iela":"Rīgas iela","nr":"6","veids":"Skola","komentars":null}},{"type":"Feature","geometry":{"type":"Point","coordinates":[24.638831,56.975255]},"properties":{"vieta":"Ropaži","iela":"Sporta iela","nr":"1","veids":"Biroja ēka","komentars":null}},{"type":"Feature","geometry":{"type":"Point","coordinates":[24.356502,56.920938]},"properties":{"vieta":"Saurieši, Stopiņu pagasts, Ropažu novads","iela":"Līdumnieku iela","nr":"10","veids":"Pamatskola","komentars":null}},{"type":"Feature","geometry":{"type":"Point","coordinates":[24.377680,56.922300]},"properties":{"vieta":"Upeslejas, Stopiņu pagasts, Ropažu novads","iela":"Zahārija Stopija iela","nr":"10","veids":"Veikals, Biroja ēka","komentars":null}},{"type":"Feature","geometry":{"type":"Point","coordinates":[23.806139,56.968938]},"properties":{"vieta":"Jūrmala","iela":"Straumes iela","nr":"1A","veids":"Administratīvā ēka","komentars":null}},{"type":"Feature","geometry":{"type":"Point","coordinates":[23.804067,56.970236]},"properties":{"vieta":"Jūrmala","iela":"Rīgas iela","nr":"3","veids":"Skola","komentars":null}},{"type":"Feature","geometry":{"type":"Point","coordinates":[23.814764,56.962259]},"properties":{"vieta":"Jūrmala","iela":"Plūdu iela","nr":"4A","veids":"Pirmsskolas izglītības iestāde","komentars":null}},{"type":"Feature","geometry":{"type":"Point","coordinates":[23.866338,56.979665]},"properties":{"vieta":"Jūrmala","iela":"Rēzeknes pulka iela","nr":"28","veids":"Pirmskolas izglītības iestāde","komentars":null}},{"type":"Feature","geometry":{"type":"Point","coordinates":[24.648000,57.154920]},"properties":{"vieta":"Loja, Sējas pagasts, Saulkrastu novads","iela":"\"Bitīte\"","nr":"nav","veids":"Pirmskolas izglītības iestāde","komentars":null}},{"type":"Feature","geometry":{"type":"Point","coordinates":[24.208447,56.901745]},"properties":{"vieta":"Rīga","iela":"Ikšķiles iela","nr":"6","veids":"Skola","komentars":null}},{"type":"Feature","geometry":{"type":"Point","coordinates":[24.092584,56.924833]},"properties":{"vieta":"Rīga","iela":"Jelgavas iela","nr":"86A","veids":"skola","komentars":null}},{"type":"Feature","geometry":{"type":"Point","coordinates":[24.610101,56.817080]},"properties":{"vieta":"Ogre","iela":"Zinību iela","nr":"3","veids":"Skola","komentars":null}},{"type":"Feature","geometry":{"type":"Point","coordinates":[24.610553,56.817146]},"properties":{"vieta":"Ogre","iela":"Zinibu iela","nr":"3","veids":"Skola","komentars":null}},{"type":"Feature","geometry":{"type":"Point","coordinates":[23.766328,56.965790]},"properties":{"vieta":"Jūrmala","iela":"Kļavu iela","nr":"29/31","veids":"Pirmsskolas izglītības iestāde","komentars":null}},{"type":"Feature","geometry":{"type":"Point","coordinates":[23.618856,56.942003]},"properties":{"vieta":"Jūrmala","iela":"Dzirnavu iela","nr":"59","veids":"Pamatskola","komentars":null}},{"type":"Feature","geometry":{"type":"Point","coordinates":[23.619040,56.949996]},"properties":{"vieta":"Jūrmala","iela":"Tērbatas iela","nr":"1","veids":"Pirmsskolas izglītības iestāde","komentars":null}},{"type":"Feature","geometry":{"type":"Point","coordinates":[23.617619,56.957873]},"properties":{"vieta":"Jūrmala","iela":"Tērbatas iela","nr":"42","veids":"Pirmsskolas izglītības iestāde","komentars":null}},{"type":"Feature","geometry":{"type":"Point","coordinates":[23.606846,56.956822]},"properties":{"vieta":"Jūrmala","iela":"Lēdurgas iela","nr":"27","veids":"Pirmsskolas izglītības iestāde","komentars":null}},{"type":"Feature","geometry":{"type":"Point","coordinates":[24.051476,56.949575]},"properties":{"vieta":"Rīga","iela":"Kandavas iela","nr":"4 k-1","veids":"Skola","komentars":null}},{"type":"Feature","geometry":{"type":"Point","coordinates":[24.111281,56.916071]},"properties":{"vieta":"Rīga","iela":"Bauskas iela","nr":"88","veids":"Skola","komentars":null}},{"type":"Feature","geometry":{"type":"Point","coordinates":[24.101970,57.031474]},"properties":{"vieta":"Rīga","iela":"Skuju iela","nr":"11","veids":"Skola","komentars":null}},{"type":"Feature","geometry":{"type":"Point","coordinates":[24.128655,56.948916]},"properties":{"vieta":"Rīga","iela":"Visvalža iela","nr":"2","veids":"Skola","komentars":null}},{"type":"Feature","geometry":{"type":"Point","coordinates":[24.131305,56.947912]},"properties":{"vieta":"Rīga","iela":"Visvalža iela","nr":"9","veids":"Skola","komentars":null}},{"type":"Feature","geometry":{"type":"Point","coordinates":[24.237350,56.825497]},"properties":{"vieta":"Ķekava","iela":"Nākotnes iela","nr":"3","veids":"Skola","komentars":null}},{"type":"Feature","geometry":{"type":"Point","coordinates":[24.416470,57.273860]},"properties":{"vieta":"Saulkrasti","iela":"Ainažu iela","nr":"34","veids":"Ārstniecības vai veselības aprūpes iestāžu ēkas","komentars":null}},{"type":"Feature","geometry":{"type":"Point","coordinates":[24.859000,56.524900]},"properties":{"vieta":"Valdlauči, Ķekavas pagasts, Ķekavas novads","iela":"Jaunatnes iela","nr":"2","veids":"Pirmsskolas izglītības iestāde","komentars":null}},{"type":"Feature","geometry":{"type":"Point","coordinates":[24.119523,56.877079]},"properties":{"vieta":"Baloži, Ķekavas novads ","iela":"Jaunatnes iela","nr":"3","veids":"Pirmsskolas izglītības iestāde","komentars":null}},{"type":"Feature","geometry":{"type":"Point","coordinates":[24.119818,56.877343]},"properties":{"vieta":"Baloži, Ķekavas novads ","iela":"Jaunatnes iela","nr":"3","veids":"Pirmsskolas izglītības iestāde","komentars":null}},{"type":"Feature","geometry":{"type":"Point","coordinates":[24.230724,56.824489]},"properties":{"vieta":"Ķekava","iela":"Gaismas iela","nr":"15","veids":"Ambulance","komentars":null}},{"type":"Feature","geometry":{"type":"Point","coordinates":[24.330529,56.855493]},"properties":{"vieta":"Salaspils","iela":"Enerģētiķu iela","nr":"9","veids":"bibliotēka","komentars":null}},{"type":"Feature","geometry":{"type":"Point","coordinates":[24.052574,57.033503]},"properties":{"vieta":"Rīga","iela":"Stūrmaņu iela","nr":"23","veids":"Skola","komentars":null}},{"type":"Feature","geometry":{"type":"Point","coordinates":[24.215376,56.946250]},"properties":{"vieta":"Rīga","iela":"Ulbrokas iela","nr":"13 k-3","veids":"Daudzdzīvokļu dzīvojama māja","komentars":null}},{"type":"Feature","geometry":{"type":"Point","coordinates":[24.215232,56.983028]},"properties":{"vieta":"Rīga","iela":"Ineses Jaunzemes iela","nr":"4","veids":"Pirmsskolas izglītības iestāde","komentars":null}},{"type":"Feature","geometry":{"type":"Point","coordinates":[24.237433,56.965383]},"properties":{"vieta":"Rīga","iela":"Hipokrāta iela","nr":"25","veids":"Pirmsskolas izglītības iestāde","komentars":null}},{"type":"Feature","geometry":{"type":"Point","coordinates":[24.853124,57.156169]},"properties":{"vieta":"Sigulda","iela":"Pils iela","nr":"10","veids":"Kultūras  centrs","komentars":null}},{"type":"Feature","geometry":{"type":"Point","coordinates":[24.116452,56.877531]},"properties":{"vieta":"Baloži, Ķekavas novads ","iela":"Skolas iela","nr":"6","veids":"Skola","komentars":null}},{"type":"Feature","geometry":{"type":"Point","coordinates":[24.116961,56.877050]},"properties":{"vieta":"Baloži, Ķekavas novads ","iela":"Skolas iela","nr":"6","veids":"Skola","komentars":null}},{"type":"Feature","geometry":{"type":"Point","coordinates":[24.235230,56.945910]},"properties":{"vieta":"Rīga","iela":"Dzilnas iela","nr":"22","veids":"Daudzdzīvokļu dzīvojamā māja","komentars":null}},{"type":"Feature","geometry":{"type":"Point","coordinates":[24.235187,56.945589]},"properties":{"vieta":"Rīga","iela":"Dzilnas iela","nr":"24","veids":"Daudzdzīvokļu dzīvojamā māja","komentars":null}},{"type":"Feature","geometry":{"type":"Point","coordinates":[24.723899,56.740397]},"properties":{"vieta":"Ķegums, Ogres novads","iela":"Lāčplēša iela","nr":"1","veids":"Biroja ēka","komentars":null}},{"type":"Feature","geometry":{"type":"Point","coordinates":[24.755934,56.631294]},"properties":{"vieta":"Birzgale, Birzgales pagasts, Ogres novads ","iela":"Nākotnes iela","nr":"2A","veids":"Administratīvā ēka","komentars":null}},{"type":"Feature","geometry":{"type":"Point","coordinates":[24.971182,56.675928]},"properties":{"vieta":"Jumprava, Jumpravas pagasts, Ogres novads","iela":"Daugavas iela","nr":"6","veids":"Administratīvā ēka","komentars":null}},{"type":"Feature","geometry":{"type":"Point","coordinates":[23.931455,56.781218]},"properties":{"vieta":"Olaine","iela":"Zemgales iela","nr":"39","veids":"Pirmsskolas izglītības iestāde","komentars":null}},{"type":"Feature","geometry":{"type":"Point","coordinates":[23.812170,56.977679]},"properties":{"vieta":"Jūrmala","iela":"Turaidas iela","nr":"1","veids":"Koncertzāle","komentars":null}},{"type":"Feature","geometry":{"type":"Point","coordinates":[24.608564,56.820453]},"properties":{"vieta":"Ogre","iela":"Zvaigžņu iela","nr":"4","veids":"Pašvaldība","komentars":null}},{"type":"Feature","geometry":{"type":"Point","coordinates":[24.589826,56.818481]},"properties":{"vieta":"Ogre","iela":"Jaunogres prospekts","nr":"2","veids":"Sporta centrs","komentars":null}},{"type":"Feature","geometry":{"type":"Point","coordinates":[24.604214,56.815847]},"properties":{"vieta":"Ogre","iela":"Brīvibas iela","nr":"18","veids":"kafejnīca","komentars":null}},{"type":"Feature","geometry":{"type":"Point","coordinates":[23.930630,56.779527]},"properties":{"vieta":"Olaine","iela":"Stacijas iela","nr":"38A","veids":"Kultūras centrs","komentars":null}},{"type":"Feature","geometry":{"type":"Point","coordinates":[23.781077,56.971601]},"properties":{"vieta":"Jūrmala","iela":"Zigfrīda Meierovica prospekts","nr":"20","veids":"Muzejs","komentars":null}},{"type":"Feature","geometry":{"type":"Point","coordinates":[24.350007,56.858906]},"properties":{"vieta":"Salaspils","iela":"Līvzemes iela","nr":"7","veids":"Kultūras nams","komentars":null}},{"type":"Feature","geometry":{"type":"Point","coordinates":[24.892182,57.149103]},"properties":{"vieta":"Sigulda","iela":"Zinātnes iela","nr":"7","veids":"Kultūras nams","komentars":null}},{"type":"Feature","geometry":{"type":"Point","coordinates":[24.416514,56.820676]},"properties":{"vieta":"Daugmale, Daugmales pagasts, Ķekavas novads ","iela":"\"Adatiņas\"","nr":"Nav","veids":"Ārstniecības vai veselības aprūpes iestāžu ēkas","komentars":null}},{"type":"Feature","geometry":{"type":"Point","coordinates":[24.719382,56.743089]},"properties":{"vieta":"Ķegums, Ogres novads","iela":"Liepu aleja","nr":"1B","veids":"Dienas centrs","komentars":null}},{"type":"Feature","geometry":{"type":"Point","coordinates":[23.697722,56.935620]},"properties":{"vieta":"Spuņciems, Salas pagasts, Mārupes novads","iela":"\"Vietvalži\"","nr":"Nav","veids":"Kultūrizglītības centra filiāle","komentars":null}},{"type":"Feature","geometry":{"type":"Point","coordinates":[24.640714,56.753340]},"properties":{"vieta":"Tome, Tomes pagasts, Ogres novads","iela":"\"Tomes pamatskola\"","nr":"Nav","veids":"Muzejs/Biblotēka","komentars":null}},{"type":"Feature","geometry":{"type":"Point","coordinates":[24.429157,56.765936]},"properties":{"vieta":"Baldones pagasts, Ķekavas novads","iela":"\"Mercendarbes muiža\"","nr":"Nav","veids":"Pagrabs","komentars":null}},{"type":"Feature","geometry":{"type":"Point","coordinates":[24.534340,56.818921]},"properties":{"vieta":"Ikšķile, Ogres novads ","iela":"Rīgas iela","nr":"175","veids":"Pagrabs","komentars":null}},{"type":"Feature","geometry":{"type":"Point","coordinates":[24.533138,56.818956]},"properties":{"vieta":"Ikšķile, Ogres novads ","iela":"Rīgas iela","nr":"175","veids":"Pagrabs","komentars":null}},{"type":"Feature","geometry":{"type":"Point","coordinates":[24.504401,56.838395]},"properties":{"vieta":"Ikšķile, Ogres novads ","iela":"Daugavs prospekts","nr":"34","veids":"Biroju ēkas","komentars":null}},{"type":"Feature","geometry":{"type":"Point","coordinates":[24.565898,56.866980]},"properties":{"vieta":"Tīnūži, Tīnūžu pagasts, Ogres novads","iela":"\"Kalnliepas\"","nr":"Nav","veids":"Skola","komentars":null}},{"type":"Feature","geometry":{"type":"Point","coordinates":[24.543566,56.880236]},"properties":{"vieta":"Ceplīši, Tīnūžu pagasts, Ogres novads","iela":"Priežu iela","nr":"1","veids":"Lauksaimniecības nedzīvojamās ēkas","komentars":null}},{"type":"Feature","geometry":{"type":"Point","coordinates":[24.607770,56.819094]},"properties":{"vieta":"Ogre","iela":"Brīvības iela","nr":"48","veids":"Administratīvā ēka","komentars":null}},{"type":"Feature","geometry":{"type":"Point","coordinates":[24.606827,56.818856]},"properties":{"vieta":"Ogre","iela":"Brīvības iela","nr":"44","veids":"Pilsonības un migrācijas lietu pārvalde","komentars":null}},{"type":"Feature","geometry":{"type":"Point","coordinates":[24.756488,56.630542]},"properties":{"vieta":"Birzgale, Birzgales pagasts, Ogres novads ","iela":"Skolas iela","nr":"2","veids":"Tautas nams","komentars":null}},{"type":"Feature","geometry":{"type":"Point","coordinates":[24.644200,56.754406]},"properties":{"vieta":"Tome, Tomes pagasts, Ogres novads","iela":"\"Tomes tautas nams\"","nr":"Nav","veids":"Tautas nams","komentars":null}},{"type":"Feature","geometry":{"type":"Point","coordinates":[24.927417,56.904252]},"properties":{"vieta":"Suntaži, Suntažu pagasts, Ogres novads","iela":"\"Tautas nams\"","nr":"0","veids":"Tautas nams","komentars":null}},{"type":"Feature","geometry":{"type":"Point","coordinates":[24.924671,56.907084]},"properties":{"vieta":"Suntaži, Suntažu pagasts, Ogres novads","iela":"\"Rūpnieki\"","nr":"Nav","veids":"Dzīvojamā māja","komentars":null}},{"type":"Feature","geometry":{"type":"Point","coordinates":[24.718073,56.743006]},"properties":{"vieta":"Ķegums, Ogres novads","iela":"Ķeguma prospekts","nr":"4","veids":"Tautas nams","komentars":null}},{"type":"Feature","geometry":{"type":"Point","coordinates":[24.569905,56.868108]},"properties":{"vieta":"Tīnūži, Tīnūžu pagasts, Ogres novads","iela":"\"Kraujas\"","nr":"Nav","veids":"Tautas nams","komentars":null}},{"type":"Feature","geometry":{"type":"Point","coordinates":[24.844155,57.156129]},"properties":{"vieta":"Sigulda","iela":"Lakstīgalas iela","nr":"13","veids":"Slimnīca","komentars":null}},{"type":"Feature","geometry":{"type":"Point","coordinates":[24.281708,56.943143]},"properties":{"vieta":"Ulbroka, Stopiņu pagasts, Ropažu novads ","iela":"Institūta iela","nr":"12","veids":"Dzīvojamā ēka","komentars":null}},{"type":"Feature","geometry":{"type":"Point","coordinates":[24.335309,56.982294]},"properties":{"vieta":"Upesciems, Garkalnes pagasts, Ropažu novads","iela":"Skolas iela","nr":"8","veids":"Skola","komentars":null}},{"type":"Feature","geometry":{"type":"Point","coordinates":[24.340425,56.981315]},"properties":{"vieta":"Upesciems, Garkalnes pagasts, Ropažu novads","iela":"Skolas iela","nr":"14","veids":"Skola","komentars":null}},{"type":"Feature","geometry":{"type":"Point","coordinates":[24.647209,56.778895]},"properties":{"vieta":"Ciemupe, Ogresgala pagasts, Ogres novads","iela":"Liepu gatve","nr":"12","veids":"Tautas nams","komentars":null}},{"type":"Feature","geometry":{"type":"Point","coordinates":[24.810798,56.715503]},"properties":{"vieta":"Lielvārde, Ogres novads","iela":"Raiņa iela","nr":"5","veids":"Doktorāts","komentars":null}},{"type":"Feature","geometry":{"type":"Point","coordinates":[24.645420,57.153689]},"properties":{"vieta":"Loja, Sējas pagasts, Saulkrastu novads","iela":"\"Sējas kultūras nams\"","nr":"1","veids":"Kultūras nams","komentars":null}},{"type":"Feature","geometry":{"type":"Point","coordinates":[24.728958,56.806982]},"properties":{"vieta":"Ogresgals, Ogresgala pagasts, Ogres novads","iela":"Bumbieru iela","nr":"9","veids":"Tautas nams","komentars":null}},{"type":"Feature","geometry":{"type":"Point","coordinates":[24.625956,56.816461]},"properties":{"vieta":"Ogre","iela":"Suntažu iela","nr":"2","veids":"Skola","komentars":null}},{"type":"Feature","geometry":{"type":"Point","coordinates":[24.547035,57.093238]},"properties":{"vieta":"Vangaži, Ropažu novads","iela":"Gaujas iela","nr":"12","veids":"Kultūras nams","komentars":null}},{"type":"Feature","geometry":{"type":"Point","coordinates":[24.823973,56.795309]},"properties":{"vieta":"Rembate, Rembates pagasts, Ogres novads ","iela":"\"Senliepas\"","nr":"Nav","veids":"Sociālās aprūpes centrs","komentars":null}},{"type":"Feature","geometry":{"type":"Point","coordinates":[24.599204,56.823617]},"properties":{"vieta":"Ogre","iela":"Mālkalnes prospekts","nr":"34","veids":"Daudzdzīvokļu dzīvojamā māja","komentars":null}},{"type":"Feature","geometry":{"type":"Point","coordinates":[23.927031,56.778937]},"properties":{"vieta":"Olaine","iela":"Parka iela","nr":"5","veids":"Pirmsskolas izglītības iestāde","komentars":null}},{"type":"Feature","geometry":{"type":"Point","coordinates":[24.278306,57.128600]},"properties":{"vieta":"Carnikava, Carnikavas pagasts, Ādažu novads","iela":"Stacijas iela","nr":"7","veids":"Administratīvā ēka","komentars":null}},{"type":"Feature","geometry":{"type":"Point","coordinates":[24.246602,56.964544]},"properties":{"vieta":"Rīga","iela":"Hipokrāta iela","nr":"2","veids":"Medicīnas ekspertīzes centrs","komentars":null}},{"type":"Feature","geometry":{"type":"Point","coordinates":[24.197513,56.976810]},"properties":{"vieta":"Rīga","iela":"Linezera iela","nr":"3 k-1","veids":"Medicīnas iestāde","komentars":null}},{"type":"Feature","geometry":{"type":"Point","coordinates":[24.197626,56.976912]},"properties":{"vieta":"Rīga","iela":"Linezera iela","nr":"3 k-2","veids":"Medicīnas iestāde","komentars":null}},{"type":"Feature","geometry":{"type":"Point","coordinates":[24.197690,56.977132]},"properties":{"vieta":"Rīga","iela":"Linezera iela","nr":"3 k-3","veids":"Medicīnas iestāde","komentars":null}},{"type":"Feature","geometry":{"type":"Point","coordinates":[24.199246,56.976871]},"properties":{"vieta":"Rīga","iela":"Linezera iela","nr":"3 k-11","veids":"Medicīnas iestāde","komentars":null}},{"type":"Feature","geometry":{"type":"Point","coordinates":[24.138844,56.981243]},"properties":{"vieta":"Rīga","iela":"Duntes iela","nr":"16 k-4","veids":"Garāžas","komentars":null}},{"type":"Feature","geometry":{"type":"Point","coordinates":[23.773124,56.954874]},"properties":{"vieta":"Jūrmala","iela":"Slokas iela","nr":"61","veids":"Skola","komentars":null}},{"type":"Feature","geometry":{"type":"Point","coordinates":[23.773608,56.955484]},"properties":{"vieta":"Jūrmala","iela":"Slokas iela","nr":"61 k-2","veids":"Skola","komentars":null}},{"type":"Feature","geometry":{"type":"Point","coordinates":[23.772471,56.955002]},"properties":{"vieta":"Jūrmala","iela":"Slokas iela","nr":"61 k-3","veids":"Skola","komentars":null}},{"type":"Feature","geometry":{"type":"Point","coordinates":[24.121136,56.958957]},"properties":{"vieta":"Rīga","iela":"Skolas iela ","nr":"28","veids":"Administratīva ēka","komentars":null}},{"type":"Feature","geometry":{"type":"Point","coordinates":[24.123810,56.942130]},"properties":{"vieta":"Rīga","iela":"Jēzusbaznīcas iela ","nr":"11","veids":"Administratīva ēka","komentars":null}},{"type":"Feature","geometry":{"type":"Point","coordinates":[23.285208,56.619017]},"properties":{"vieta":"Dobele","iela":"Zaļā iela","nr":"27","veids":"Administratīva ēka","komentars":null}},{"type":"Feature","geometry":{"type":"Point","coordinates":[23.724336,56.642009]},"properties":{"vieta":"Jelgava","iela":"Mātera iela","nr":"57","veids":"Administratīva ēka","komentars":null}},{"type":"Feature","geometry":{"type":"Point","coordinates":[23.724429,56.649608]},"properties":{"vieta":"Jelgava","iela":"Pasta iela","nr":"43","veids":"Administratīva ēka","komentars":null}},{"type":"Feature","geometry":{"type":"Point","coordinates":[25.115891,56.641268]},"properties":{"vieta":"Skrīveri, Skrīveru pagasts, Aizkraukles novads","iela":"Daugavas iela","nr":"58","veids":"Muzejs","komentars":null}},{"type":"Feature","geometry":{"type":"Point","coordinates":[24.110074,56.949877]},"properties":{"vieta":"Rīga","iela":"Kaļķu iela ","nr":"11A","veids":"Hostelis","komentars":null}},{"type":"Feature","geometry":{"type":"Point","coordinates":[24.067402,56.958418]},"properties":{"vieta":"Rīga","iela":"Pulka iela","nr":"8","veids":"Muzejs","komentars":null}},{"type":"Feature","geometry":{"type":"Point","coordinates":[26.936513,57.445055]},"properties":{"vieta":"Alsviķi,Alsviķu pagasts, Alūksnes novads","iela":"\"Alsviķu profesionālā skola\"","nr":"Nav","veids":"Skola","komentars":null}},{"type":"Feature","geometry":{"type":"Point","coordinates":[24.178938,56.937498]},"properties":{"vieta":"Rīga","iela":"Piedrujas iela","nr":"17","veids":"Patvertne","komentars":null}},{"type":"Feature","geometry":{"type":"Point","coordinates":[25.445798,57.527786]},"properties":{"vieta":"Valmiera","iela":"Vadu iela","nr":"3","veids":"Dienesta viesnīca","komentars":null}},{"type":"Feature","geometry":{"type":"Point","coordinates":[24.104380,56.953077]},"properties":{"vieta":"Rīga","iela":"Krišjāņa Valdemāra iela","nr":"1C","veids":"Skola","komentars":null}},{"type":"Feature","geometry":{"type":"Point","coordinates":[24.656583,56.820219]},"properties":{"vieta":"Ogre","iela":"Brīvības iela","nr":"129B","veids":"Administratīva ēka","komentars":null}},{"type":"Feature","geometry":{"type":"Point","coordinates":[24.121677,56.956247]},"properties":{"vieta":"Rīga","iela":"Brīvības iela","nr":"58","veids":"Administratīva ēka","komentars":null}},{"type":"Feature","geometry":{"type":"Point","coordinates":[26.519277,55.867465]},"properties":{"vieta":"Daugavpils","iela":"Krišjāņa Valdemāra iela","nr":"13","veids":"Administratīvā ēka (pašvaldības īpašums)","komentars":null}},{"type":"Feature","geometry":{"type":"Point","coordinates":[25.073272,57.597594]},"properties":{"vieta":"Dikļi, Valmieras novads","iela":"\"Dikļu skola\"","nr":"Nav","veids":"Skola","komentars":null}},{"type":"Feature","geometry":{"type":"Point","coordinates":[25.152597,57.694949]},"properties":{"vieta":"Matīši, Valmieras novads","iela":"Skolas iela","nr":"22","veids":"Skola","komentars":null}},{"type":"Feature","geometry":{"type":"Point","coordinates":[25.449432,57.494082]},"properties":{"vieta":"Valmieras novads, Kauguru pagasts","iela":"“Kauguru skola”","nr":"Nav","veids":"Skola","komentars":null}},{"type":"Feature","geometry":{"type":"Point","coordinates":[25.288259,57.432352]},"properties":{"vieta":"Valmieras novads, Vaidavas pagasts, Vaidava","iela":"Skolas iela","nr":"5","veids":"Šķūnis","komentars":null}},{"type":"Feature","geometry":{"type":"Point","coordinates":[25.287351,57.432528]},"properties":{"vieta":"Valmieras novads, Vaidavas pagasts, Vaidava","iela":"Skolas iela","nr":"5","veids":"Skola","komentars":null}},{"type":"Feature","geometry":{"type":"Point","coordinates":[25.330656,57.898976]},"properties":{"vieta":"Rūjiena","iela":"Dārza iela","nr":"8","veids":"Pirmsskolas izglītības iestāde","komentars":null}},{"type":"Feature","geometry":{"type":"Point","coordinates":[25.581332,57.692717]},"properties":{"vieta":"Ēvele, Ēveles pagasts, Valmieras novads","iela":"\"Ēveles skola\"","nr":"Nav","veids":"Pamatskola","komentars":null}},{"type":"Feature","geometry":{"type":"Point","coordinates":[24.216726,56.946168]},"properties":{"vieta":"Rīga","iela":"Ulbrokas iela","nr":"13 K-1","veids":"Daudzdzīvokļu dzīvojamā māja","komentars":null}},{"type":"Feature","geometry":{"type":"Point","coordinates":[24.233213,56.945916]},"properties":{"vieta":"Rīga","iela":"Dzilnas iela","nr":"16","veids":"Daudzdzīvokļu dzīvojamā māja","komentars":null}},{"type":"Feature","geometry":{"type":"Point","coordinates":[24.234994,56.946510]},"properties":{"vieta":"Rīga","iela":"Dzilnas iela","nr":"17","veids":"Daudzdzīvokļu dzīvojamā māja","komentars":null}},{"type":"Feature","geometry":{"type":"Point","coordinates":[24.233223,56.945671]},"properties":{"vieta":"Rīga","iela":"Dzilnas iela","nr":"18","veids":"Daudzdzīvokļu dzīvojamā māja","komentars":null}},{"type":"Feature","geometry":{"type":"Point","coordinates":[24.234136,56.947730]},"properties":{"vieta":"Rīga","iela":"Dzilnas iela","nr":"15","veids":"Daudzdzīvokļu dzīvojamā māja","komentars":null}},{"type":"Feature","geometry":{"type":"Point","coordinates":[24.232827,56.945995]},"properties":{"vieta":"Rīga","iela":"Dzilnas iela","nr":"14","veids":"Daudzdzīvokļu dzīvojamā māja","komentars":null}},{"type":"Feature","geometry":{"type":"Point","coordinates":[24.054808,56.956590]},"properties":{"vieta":"Rīga","iela":"Dzirciema iela","nr":"24","veids":"Daudzdzīvokļu dzīvojamā māja","komentars":null}},{"type":"Feature","geometry":{"type":"Point","coordinates":[22.351086,57.508114]},"properties":{"vieta":"Dundaga, Dundagas pagasts, Talsu novads","iela":"Talsu iela","nr":"7","veids":"pirmskola","komentars":null}},{"type":"Feature","geometry":{"type":"Point","coordinates":[22.125471,56.443785]},"properties":{"vieta":"Kalni, Nīgrandes pagasts, Saldus novads","iela":"Kalnu iela","nr":"2","veids":"Kulūras nams","komentars":null}},{"type":"Feature","geometry":{"type":"Point","coordinates":[22.590977,57.374876]},"properties":{"vieta":"Valdemārpils, Talsu novads","iela":"Raiņa iela","nr":"16","veids":"Biroja ēka","komentars":null}},{"type":"Feature","geometry":{"type":"Point","coordinates":[22.526124,57.449797]},"properties":{"vieta":"Tiņģere, Īves pagasts, Talsu novads","iela":"\"Pils\"","nr":"Nav","veids":"Administratīvā ēka","komentars":null}},{"type":"Feature","geometry":{"type":"Point","coordinates":[24.186071,56.410138]},"properties":{"vieta":"Bauska","iela":"Rātslaukums","nr":"4","veids":"Biroju ēka","komentars":null}},{"type":"Feature","geometry":{"type":"Point","coordinates":[24.199263,56.412688]},"properties":{"vieta":"Bauska","iela":"Biržu iela","nr":"8A","veids":"Administratīva ēka","komentars":null}},{"type":"Feature","geometry":{"type":"Point","coordinates":[25.086987,56.611721]},"properties":{"vieta":"Jaunjelgava, Aizkraukles novads","iela":"Smilšu iela","nr":"2","veids":"Pirmskolas izglītības iestāde","komentars":null}},{"type":"Feature","geometry":{"type":"Point","coordinates":[25.481715,56.458934]},"properties":{"vieta":"Sunākste, Sunākstes pagasts, Aizkraules novads","iela":"\"Ārguļi\"","nr":"Nav","veids":"Jauniešu centrs","komentars":null}},{"type":"Feature","geometry":{"type":"Point","coordinates":[23.003591,56.869713]},"properties":{"vieta":"Irlava, Irlavas pagasts, Tukuma novads","iela":"\"Irlavas skola\"","nr":"Nav","veids":"Skola","komentars":null}},{"type":"Feature","geometry":{"type":"Point","coordinates":[25.657989,57.155231]},"properties":{"vieta":"Taurene, Taurenes pagasts, Cēsu novads","iela":"Krasta iela","nr":"2","veids":"Pirmsskolas izglītības iestāde","komentars":null}},{"type":"Feature","geometry":{"type":"Point","coordinates":[24.107451,56.952968]},"properties":{"vieta":"Rīga","iela":"Zigfrīda Annas Meierovica bulvāris","nr":"1 k-5","veids":"Biroju ēka","komentars":null}},{"type":"Feature","geometry":{"type":"Point","coordinates":[25.750827,57.650404]},"properties":{"vieta":"Seda, Valmieras novads","iela":"Skolas laukums","nr":"2","veids":"Skola","komentars":null}},{"type":"Feature","geometry":{"type":"Point","coordinates":[25.426764,57.539122]},"properties":{"vieta":"Valmiera","iela":"Lāčplēša iela","nr":"2","veids":"Administratīvā ēka","komentars":null}},{"type":"Feature","geometry":{"type":"Point","coordinates":[25.408703,57.532681]},"properties":{"vieta":"Valmiera","iela":"Pāvila Rozīša iela","nr":"40","veids":"Skola","komentars":null}},{"type":"Feature","geometry":{"type":"Point","coordinates":[25.418101,57.535711]},"properties":{"vieta":"Valmiera","iela":"Pāvila Rozīša iela","nr":"5","veids":"Skola","komentars":null}},{"type":"Feature","geometry":{"type":"Point","coordinates":[25.422073,57.547912]},"properties":{"vieta":"Valmiera","iela":"Raiņa iela","nr":"14","veids":"Administratīvā ēka","komentars":null}},{"type":"Feature","geometry":{"type":"Point","coordinates":[25.489815,57.475093]},"properties":{"vieta":"Mūrmuiža, Kauguru pagasts, Valmieras novads","iela":"“Pagastmāja”","nr":"Nav","veids":"Administratīvā ēka","komentars":null}},{"type":"Feature","geometry":{"type":"Point","coordinates":[25.865622,57.537977]},"properties":{"vieta":"Plāņi,  Plāņu pagasts, Valmieras novads","iela":"Skolas iela","nr":"2","veids":"Biroju ēka","komentars":null}},{"type":"Feature","geometry":{"type":"Point","coordinates":[25.567071,57.698359]},"properties":{"vieta":"Ēvele, Ēveles pagasts, Valmieras novads","iela":"\"Ēveles klubs\"","nr":"Nav","veids":"Tautas nams","komentars":null}},{"type":"Feature","geometry":{"type":"Point","coordinates":[25.685016,57.627164]},"properties":{"vieta":"Strenči, Valmieras novads","iela":"Rīgas iela","nr":"7","veids":"Administratīvā ēka","komentars":null}},{"type":"Feature","geometry":{"type":"Point","coordinates":[24.390047,56.739337]},"properties":{"vieta":"Baldone, Ķekavas novads ","iela":"Pārupes iela ","nr":"3","veids":"Biroja ēka","komentars":null}},{"type":"Feature","geometry":{"type":"Point","coordinates":[24.190890,56.909560]},"properties":{"vieta":"Rīga","iela":"Aglonas iela","nr":"57","veids":"Skola","komentars":null}},{"type":"Feature","geometry":{"type":"Point","coordinates":[24.090142,57.035841]},"properties":{"vieta":"Rīga","iela":"Baltāsbaznīcas iela","nr":"29","veids":"Bērnudārzs","komentars":null}},{"type":"Feature","geometry":{"type":"Point","coordinates":[24.099916,57.037674]},"properties":{"vieta":"Rīga","iela":"Baltāsbaznīcas iela","nr":"14","veids":"Skola","komentars":null}},{"type":"Feature","geometry":{"type":"Point","coordinates":[24.087321,56.927619]},"properties":{"vieta":"Rīga","iela":"Biešu iela","nr":"6","veids":"Sociālās aprūpes centrs","komentars":null}},{"type":"Feature","geometry":{"type":"Point","coordinates":[24.084320,56.903168]},"properties":{"vieta":"Rīga","iela":"Bruknas iela","nr":"3","veids":"pirmsskolas izglītības iestāde","komentars":null}},{"type":"Feature","geometry":{"type":"Point","coordinates":[24.116382,56.944521]},"properties":{"vieta":"Rīga","iela":"Centrāltirgus iela","nr":"1","veids":"Tirdzniecības objekts","komentars":null}},{"type":"Feature","geometry":{"type":"Point","coordinates":[24.116194,56.944208]},"properties":{"vieta":"Rīga","iela":"Centrāltirgus iela","nr":"3 k-1","veids":"Tirdzniecības objekts","komentars":null}},{"type":"Feature","geometry":{"type":"Point","coordinates":[24.115195,56.943816]},"properties":{"vieta":"Rīga","iela":"Centrāltirgus iela","nr":"3 k-2","veids":"Tirdzniecības objekts","komentars":null}},{"type":"Feature","geometry":{"type":"Point","coordinates":[24.114424,56.943576]},"properties":{"vieta":"Rīga","iela":"Centrāltirgus iela","nr":"3 k-3","veids":"Tirdzniecības objekts","komentars":null}},{"type":"Feature","geometry":{"type":"Point","coordinates":[24.113651,56.943325]},"properties":{"vieta":"Rīga","iela":"Centrāltirgus iela","nr":"3 k-4","veids":"Tirdzniecības objekts","komentars":null}},{"type":"Feature","geometry":{"type":"Point","coordinates":[24.241523,56.987349]},"properties":{"vieta":"Rīga","iela":"Juglas iela","nr":"1B","veids":"Pirmsskolas izglītības iestāde","komentars":null}},{"type":"Feature","geometry":{"type":"Point","coordinates":[24.172217,56.913934]},"properties":{"vieta":"Rīga","iela":"Kaņiera iela","nr":"13","veids":"Poliklīnika","komentars":null}},{"type":"Feature","geometry":{"type":"Point","coordinates":[24.073094,56.941296]},"properties":{"vieta":"Rīga","iela":"Lavīzes iela","nr":"2B","veids":"Skola","komentars":null}},{"type":"Feature","geometry":{"type":"Point","coordinates":[24.062610,56.971980]},"properties":{"vieta":"Rīga","iela":"Lidoņu iela","nr":"10A","veids":"Pirmsskola","komentars":null}},{"type":"Feature","geometry":{"type":"Point","coordinates":[24.191407,56.911806]},"properties":{"vieta":"Rīga","iela":"Prūšu iela","nr":"32","veids":"Skola","komentars":null}},{"type":"Feature","geometry":{"type":"Point","coordinates":[24.075218,56.935792]},"properties":{"vieta":"Rīga","iela":"Zeļļu iela","nr":"4","veids":"skola","komentars":null}},{"type":"Feature","geometry":{"type":"Point","coordinates":[24.050760,56.961900]},"properties":{"vieta":"Rīga","iela":"Iļģuciema iela","nr":"4","veids":"Bērnudārzs","komentars":""}},{"type":"Feature","geometry":{"type":"Point","coordinates":[24.011880,56.966380]},"properties":{"vieta":"Rīga","iela":"Dammes iela","nr":"42","veids":"Pirmsskolas izglītības iestāde","komentars":""}},{"type":"Feature","geometry":{"type":"Point","coordinates":[24.028620,56.961720]},"properties":{"vieta":"Rīga","iela":"Slokas iela","nr":"126","veids":"Pirmskolas izglītības iestāde","komentars":""}},{"type":"Feature","geometry":{"type":"Point","coordinates":[24.021000,56.964170]},"properties":{"vieta":"Rīga","iela":"Slokas iela","nr":"130","veids":"Pirmskolas izglītības iestāde","komentars":""}},{"type":"Feature","geometry":{"type":"Point","coordinates":[24.087850,56.925630]},"properties":{"vieta":"Rīga","iela":"Altonavas iela","nr":"6","veids":"Rīgas bērnu un jauniešu centrs \"Altona\"","komentars":""}},{"type":"Feature","geometry":{"type":"Point","coordinates":[24.850010,57.165180]},"properties":{"vieta":"Sigulda","iela":"Pils iela","nr":"16","veids":"Muzejs","komentars":""}},{"type":"Feature","geometry":{"type":"Point","coordinates":[24.849960,57.164820]},"properties":{"vieta":"Sigulda","iela":"Pils iela","nr":"16","veids":"Muzejs","komentars":""}},{"type":"Feature","geometry":{"type":"Point","coordinates":[24.698350,57.182550]},"properties":{"vieta":"Ragana, Krimuldas pagasts, Siguldas novads","iela":"Skolas iela","nr":"11","veids":"Skola","komentars":""}},{"type":"Feature","geometry":{"type":"Point","coordinates":[24.701410,57.179970]},"properties":{"vieta":"Ragana, Krimuldas pagasts, Siguldas novads","iela":"Parka iela","nr":"1","veids":"Tautas nams","komentars":""}},{"type":"Feature","geometry":{"type":"Point","coordinates":[23.722660,56.651550]},"properties":{"vieta":"Jelgava","iela":"Lielā iela","nr":"11","veids":"Biroju ēka (Dome)","komentars":""}},{"type":"Feature","geometry":{"type":"Point","coordinates":[23.712700,56.654470]},"properties":{"vieta":"Jelgava","iela":"Pulkveža Brieža iela","nr":"23A","veids":"Pirmsskolas izglītības iestāde","komentars":""}},{"type":"Feature","geometry":{"type":"Point","coordinates":[23.721520,56.644220]},"properties":{"vieta":"Jelgava","iela":"Mātera iela","nr":"44","veids":"Skola","komentars":""}},{"type":"Feature","geometry":{"type":"Point","coordinates":[23.710980,56.644010]},"properties":{"vieta":"Jelgava","iela":"Tērvetes iela","nr":"6","veids":"Bērnudārzs","komentars":""}},{"type":"Feature","geometry":{"type":"Point","coordinates":[23.723810,56.655130]},"properties":{"vieta":"Jelgava","iela":"Uzvaras iela","nr":"10","veids":"Skola","komentars":""}},{"type":"Feature","geometry":{"type":"Point","coordinates":[23.723290,56.641130]},"properties":{"vieta":"Jelgava","iela":"Stacijas iela","nr":"13","veids":"Sociālo lietu pārvalde, sarkanais krusts","komentars":""}},{"type":"Feature","geometry":{"type":"Point","coordinates":[23.727430,56.642370]},"properties":{"vieta":"Jelgava","iela":"Pasta iela","nr":"44","veids":"Triju vai vairāku dzīvokļu mājas (daudzdzīvokļu māja)","komentars":""}},{"type":"Feature","geometry":{"type":"Point","coordinates":[23.715560,56.640200]},"properties":{"vieta":"Jelgava","iela":"Zirgu iela","nr":"47A","veids":"Daudzfunkcionāls sociālo pakalpojumu centrs","komentars":""}},{"type":"Feature","geometry":{"type":"Point","coordinates":[23.710340,56.647940]},"properties":{"vieta":"Jelgava","iela":"Mazais ceļš","nr":"2","veids":"Skola","komentars":""}},{"type":"Feature","geometry":{"type":"Point","coordinates":[23.715190,56.647410]},"properties":{"vieta":"Jelgava","iela":"Pulkveža Oskara Kalpaka iela","nr":"9","veids":"Dažādu sociālo grupu kopdzīvojamās mājas","komentars":""}},{"type":"Feature","geometry":{"type":"Point","coordinates":[23.698160,56.658370]},"properties":{"vieta":"Jelgava","iela":"Ganību iela","nr":"66","veids":"Pirmsskolas izglītības iestāde","komentars":""}},{"type":"Feature","geometry":{"type":"Point","coordinates":[23.698020,56.648560]},"properties":{"vieta":"Jelgava","iela":"Aspazijas iela","nr":"18","veids":"Pirmsskolas izglītības iestāde","komentars":""}},{"type":"Feature","geometry":{"type":"Point","coordinates":[23.716760,56.648050]},"properties":{"vieta":"Jelgava","iela":"Svētes iela","nr":"33","veids":"Noliktava sētniekam","komentars":""}},{"type":"Feature","geometry":{"type":"Point","coordinates":[26.354224,57.425943]},"properties":{"vieta":"Vidaga, Virešu pagasts, Smiltenes novads","iela":"\"Gaismas\"","nr":"Nav","veids":"Bērnudārzs","komentars":null}},{"type":"Feature","geometry":{"type":"Point","coordinates":[25.908666,57.427529]},"properties":{"vieta":"Kalnmuiža, Smiltenes pagasts, Smiltenes novads","iela":"\"Kalnamuiža 2\"","nr":"Nav","veids":"Pašvaldības ēka","komentars":null}},{"type":"Feature","geometry":{"type":"Point","coordinates":[25.603204,57.336295]},"properties":{"vieta":"Rauna, Raunas pagasts, Smiltenes novads","iela":"Kalna iela","nr":"4","veids":"Bērnudārzs","komentars":null}},{"type":"Feature","geometry":{"type":"Point","coordinates":[25.617764,57.329028]},"properties":{"vieta":"Rauna, Raunas pagasts, Smiltenes novads","iela":"Dīķa iela","nr":"6","veids":"Kultūras nams","komentars":null}},{"type":"Feature","geometry":{"type":"Point","coordinates":[26.402014,57.511362]},"properties":{"vieta":"Gaujiena, Gaujienas pagasts, Smiltenes novads","iela":"\"Rīti\"","nr":"Nav","veids":"Dzīvojamā māja","komentars":null}},{"type":"Feature","geometry":{"type":"Point","coordinates":[26.399392,57.514610]},"properties":{"vieta":"Gaujiena, Gaujienas pagasts, Smiltenes novads","iela":"\"Kolonas\"","nr":"Nav","veids":"Vairāk dzīvokļu ēka","komentars":null}},{"type":"Feature","geometry":{"type":"Point","coordinates":[26.398346,57.513881]},"properties":{"vieta":"Gaujiena, Gaujienas pagasts, Smiltenes novads","iela":"\"Muižkungi\"","nr":"Nav","veids":"Skolas viesnīca","komentars":null}},{"type":"Feature","geometry":{"type":"Point","coordinates":[26.397470,57.514182]},"properties":{"vieta":"Gaujiena, Gaujienas pagasts, Smiltenes novads","iela":"\"Vidusskola\"","nr":"Nav","veids":"Lauksaimniecības neapdzīvotas ēkas.","komentars":null}},{"type":"Feature","geometry":{"type":"Point","coordinates":[26.396958,57.518325]},"properties":{"vieta":"Gaujiena, Gaujienas pagasts, Smiltenes novads","iela":"\"Rubeņi\"","nr":"Nav","veids":"Ārsta prakse.","komentars":null}},{"type":"Feature","geometry":{"type":"Point","coordinates":[26.185465,57.388361]},"properties":{"vieta":"Palsmane, Palsmanes pagasts, Smiltenes novads","iela":"\"Speciālā internātskola\"","nr":"Nav","veids":"Skola","komentars":null}},{"type":"Feature","geometry":{"type":"Point","coordinates":[25.779751,57.437153]},"properties":{"vieta":"Blome, Blomes pagasts, Smiltenes novads","iela":"Cēsu iela","nr":"9","veids":"Pagasta ēka","komentars":null}},{"type":"Feature","geometry":{"type":"Point","coordinates":[25.779746,57.436252]},"properties":{"vieta":"Blome, Blomes pagasts, Smiltenes novads","iela":"Dzirnavu iela","nr":"1","veids":"Kultūras nams","komentars":null}},{"type":"Feature","geometry":{"type":"Point","coordinates":[26.093011,57.445011]},"properties":{"vieta":"Mēri, Bilskas pagasts, Smiltenes novads","iela":"\"Mēru muiža\"","nr":"Nav","veids":"Muiža","komentars":null}},{"type":"Feature","geometry":{"type":"Point","coordinates":[25.903946,57.418828]},"properties":{"vieta":"Smiltene","iela":"Galdnieku iela","nr":"10","veids":"Krīzes centrs","komentars":null}},{"type":"Feature","geometry":{"type":"Point","coordinates":[25.887563,57.419230]},"properties":{"vieta":"Smiltene","iela":"Rīgas iela","nr":"16C","veids":"Skola","komentars":null}},{"type":"Feature","geometry":{"type":"Point","coordinates":[25.914387,57.425575]},"properties":{"vieta":"Smiltene","iela":"Dakteru iela","nr":"14B","veids":"Multifunkcionālais centrs","komentars":null}},{"type":"Feature","geometry":{"type":"Point","coordinates":[25.890640,57.422310]},"properties":{"vieta":"Smiltene","iela":"Rīgas iela","nr":"8A","veids":"Bērnudārzs","komentars":null}},{"type":"Feature","geometry":{"type":"Point","coordinates":[25.905713,57.426173]},"properties":{"vieta":"Smiltene","iela":"Pils iela","nr":"3","veids":"Skola","komentars":null}},{"type":"Feature","geometry":{"type":"Point","coordinates":[25.902952,57.422914]},"properties":{"vieta":"Smiltene","iela":"Gaujas iela","nr":"1","veids":"Kultūras centrs","komentars":null}},{"type":"Feature","geometry":{"type":"Point","coordinates":[27.038810,57.423600]},"properties":{"vieta":"Alūksne","iela":"Glika iela","nr":"10","veids":"Skola","komentars":null}},{"type":"Feature","geometry":{"type":"Point","coordinates":[26.978082,57.488044]},"properties":{"vieta":"Mārtiņkalns, Ziemera pagasts, Alūksnes novads","iela":"\"Līksmes\"","nr":"Nav","veids":"Tautas nams","komentars":null}},{"type":"Feature","geometry":{"type":"Point","coordinates":[23.942473,56.788191]},"properties":{"vieta":"Olaine","iela":"Zeiferta iela","nr":"4","veids":"Skola","komentars":null}},{"type":"Feature","geometry":{"type":"Point","coordinates":[23.933112,56.785215]},"properties":{"vieta":"Olaine","iela":"Veselības iela","nr":"7","veids":"Pirmskolas izglītības iestāde","komentars":null}},{"type":"Feature","geometry":{"type":"Point","coordinates":[23.936611,56.783724]},"properties":{"vieta":"Olaine","iela":"Zemgales iela","nr":"33","veids":"Biroju ēka","komentars":null}},{"type":"Feature","geometry":{"type":"Point","coordinates":[21.959638,56.968858]},"properties":{"vieta":"Kuldīga","iela":"Pilsētas laukums","nr":"2","veids":"Administrācijas ēka","komentars":null}},{"type":"Feature","geometry":{"type":"Point","coordinates":[23.934473,56.782721]},"properties":{"vieta":"Olaine","iela":"Skolas iela","nr":"1","veids":"Skola","komentars":null}},{"type":"Feature","geometry":{"type":"Point","coordinates":[24.149140,56.880734]},"properties":{"vieta":"Baloži, Ķekavas novads ","iela":"Uzvaras prospekts","nr":"1a","veids":"Administrācijas ēka","komentars":null}},{"type":"Feature","geometry":{"type":"Point","coordinates":[25.610445,57.331679]},"properties":{"vieta":"Rauna, Raunas pagasts, Smiltenes novads","iela":"Vidzemes iela","nr":"2","veids":"Pašvaldības ēka","komentars":null}},{"type":"Feature","geometry":{"type":"Point","coordinates":[26.186045,57.386426]},"properties":{"vieta":"Palsmane, Palsmanes pagasts, Smiltenes novads","iela":"\"Palsmanes pils\"","nr":"Nav","veids":"Pils","komentars":null}},{"type":"Feature","geometry":{"type":"Point","coordinates":[25.913779,57.425412]},"properties":{"vieta":"Smiltene","iela":"Dakteru iela","nr":"14A","veids":"Multifunkcionālais centrs","komentars":null}},{"type":"Feature","geometry":{"type":"Point","coordinates":[27.339617,56.511871]},"properties":{"vieta":"Rēzekne","iela":"Raiņa iela","nr":"29A","veids":"Sabiedriskā tualete","komentars":null}},{"type":"Feature","geometry":{"type":"Point","coordinates":[27.330447,56.504888]},"properties":{"vieta":"Rēzekne","iela":"Atbrīvošanas aleja","nr":"92","veids":"Dienesta viesnīca","komentars":null}},{"type":"Feature","geometry":{"type":"Point","coordinates":[24.196564,56.949933]},"properties":{"vieta":"Rīga","iela":"Zentas Mauriņas iela","nr":"1","veids":"Rīgas Pašvaldības policijas Vidzemes pārvalde","komentars":null}},{"type":"Feature","geometry":{"type":"Point","coordinates":[24.053488,56.957756]},"properties":{"vieta":"Rīga","iela":"Dzirciema iela","nr":"28","veids":"Dzimtsarakstu nodaļa","komentars":null}},{"type":"Feature","geometry":{"type":"Point","coordinates":[24.161548,56.964535]},"properties":{"vieta":"Rīga","iela":"Ieriķu iela","nr":"2B","veids":"Sociālā dzīvojamā māja","komentars":null}},{"type":"Feature","geometry":{"type":"Point","coordinates":[24.019327,56.951561]},"properties":{"vieta":"Rīga","iela":"Imantas 8.līnija","nr":"1 k-1","veids":"Veselības centrs","komentars":null}},{"type":"Feature","geometry":{"type":"Point","coordinates":[24.018042,56.950743]},"properties":{"vieta":"Rīga","iela":"Imantas 8.līnija","nr":"1 k-2","veids":"Rīgas sociālais dienests","komentars":null}},{"type":"Feature","geometry":{"type":"Point","coordinates":[24.018275,56.950954]},"properties":{"vieta":"Rīga","iela":"Imantas 8.līnija ","nr":"1 k-3","veids":"Komerctelpas","komentars":null}},{"type":"Feature","geometry":{"type":"Point","coordinates":[24.172407,56.931533]},"properties":{"vieta":"Rīga","iela":"Lubānas iela","nr":"48","veids":"Sociālā māja","komentars":null}},{"type":"Feature","geometry":{"type":"Point","coordinates":[24.110705,56.914341]},"properties":{"vieta":"Rīga","iela":"Ziepju iela","nr":"13","veids":"Sociālā māja","komentars":null}},{"type":"Feature","geometry":{"type":"Point","coordinates":[24.229997,56.824339]},"properties":{"vieta":"Ķekava","iela":"Gaismas iela","nr":"17","veids":"Kultūras nams","komentars":null}},{"type":"Feature","geometry":{"type":"Point","coordinates":[24.230558,56.822890]},"properties":{"vieta":"Ķekava","iela":"Gaismas iela","nr":"19 k-9","veids":"Dienesta viesnīca","komentars":null}},{"type":"Feature","geometry":{"type":"Point","coordinates":[24.236754,56.828417]},"properties":{"vieta":"Ķekava","iela":"Skolas iela","nr":"2B","veids":"jauniešu centrs","komentars":null}},{"type":"Feature","geometry":{"type":"Point","coordinates":[24.369550,56.745979]},"properties":{"vieta":"Baldone, Ķekavas novads","iela":"Mežvidu iela","nr":"17","veids":"Noliktava","komentars":null}},{"type":"Feature","geometry":{"type":"Point","coordinates":[24.147941,56.907643]},"properties":{"vieta":"Valdlauči, Ķekavas pagasts, Ķekavas novads","iela":"Meistaru iela","nr":"43","veids":"Dažādu sociālo grupu kopdzīvojamās mājas","komentars":null}},{"type":"Feature","geometry":{"type":"Point","coordinates":[27.244081,57.138659]},"properties":{"vieta":"Balvi","iela":"Vidzemes iela","nr":"26","veids":"Skola","komentars":null}},{"type":"Feature","geometry":{"type":"Point","coordinates":[27.257468,57.139621]},"properties":{"vieta":"Balvi","iela":"Vidzemes iela","nr":"2B","veids":"Sociālā aprūpe","komentars":null}},{"type":"Feature","geometry":{"type":"Point","coordinates":[27.268584,57.132911]},"properties":{"vieta":"Balvi","iela":"Brīvības iela","nr":"61","veids":"Kultūras nams","komentars":null}},{"type":"Feature","geometry":{"type":"Point","coordinates":[27.257105,57.130852]},"properties":{"vieta":"Balvi","iela":"Brīvības iela","nr":"46","veids":"Muzejs","komentars":null}},{"type":"Feature","geometry":{"type":"Point","coordinates":[27.257562,57.132084]},"properties":{"vieta":"Balvi","iela":"Brīvības iela","nr":"47","veids":"Skola","komentars":null}},{"type":"Feature","geometry":{"type":"Point","coordinates":[27.263993,57.130473]},"properties":{"vieta":"Balvi","iela":"Teātra iela","nr":"2","veids":"Mākslas skola","komentars":null}},{"type":"Feature","geometry":{"type":"Point","coordinates":[27.686120,57.183350]},"properties":{"vieta":"Viļaka, Balvu novads","iela":"Pils iela","nr":"11A","veids":"Skola","komentars":null}},{"type":"Feature","geometry":{"type":"Point","coordinates":[27.686270,57.183000]},"properties":{"vieta":"Viļaka, Balvu novads","iela":"Pils iela","nr":"11","veids":"Skola","komentars":null}},{"type":"Feature","geometry":{"type":"Point","coordinates":[27.268402,57.131611]},"properties":{"vieta":"Balvi","iela":"Bērzpils iela","nr":"1A","veids":"Administratīvā ēka","komentars":null}},{"type":"Feature","geometry":{"type":"Point","coordinates":[27.675909,57.182687]},"properties":{"vieta":"Viļaka, Balvu novads","iela":"Abrenes iela","nr":"26","veids":"Viļakas pakalpojumu centrs","komentars":null}},{"type":"Feature","geometry":{"type":"Point","coordinates":[27.593282,56.961604]},"properties":{"vieta":"Grūšļeva, Briežuciems, Balvu novads","iela":"\"Gaismas\"","nr":"Nav","veids":"Pagasta pārvalde","komentars":null}},{"type":"Feature","geometry":{"type":"Point","coordinates":[27.204237,57.157601]},"properties":{"vieta":"Kubuli, Kubulu pagasts, Balvu novads","iela":"Balvu iela","nr":"15","veids":"Administratīva ēka","komentars":null}},{"type":"Feature","geometry":{"type":"Point","coordinates":[24.101782,56.915911]},"properties":{"vieta":"Rīga","iela":"Skaistkalnes iela","nr":"7","veids":"Skola","komentars":null}},{"type":"Feature","geometry":{"type":"Point","coordinates":[24.015594,56.965519]},"properties":{"vieta":"Rīga","iela":"Dammes iela","nr":"20","veids":"Skola","komentars":null}},{"type":"Feature","geometry":{"type":"Point","coordinates":[24.193703,56.909427]},"properties":{"vieta":"Rīga","iela":"Bultu iela","nr":"5","veids":"Skola","komentars":null}},{"type":"Feature","geometry":{"type":"Point","coordinates":[24.024490,56.962280]},"properties":{"vieta":"Rīga","iela":"Kleistu iela","nr":"14","veids":"Skola","komentars":null}},{"type":"Feature","geometry":{"type":"Point","coordinates":[24.214871,56.946918]},"properties":{"vieta":"Rīga","iela":"Ulbrokas iela","nr":"13k-4","veids":"Daudzdzīvokļu dzīvojamā māja","komentars":null}},{"type":"Feature","geometry":{"type":"Point","coordinates":[24.234065,56.945695]},"properties":{"vieta":"Rīga","iela":"Dzilnas iela","nr":"20","veids":"Pirmsskolas izglītības iestāde","komentars":null}},{"type":"Feature","geometry":{"type":"Point","coordinates":[24.121340,56.961326]},"properties":{"vieta":"Rīga","iela":"Krišjāņa Valdemāra iela","nr":"65","veids":"Skola","komentars":null}},{"type":"Feature","geometry":{"type":"Point","coordinates":[24.100000,56.967408]},"properties":{"vieta":"Rīga","iela":"Katrīnas iela","nr":"5A","veids":"Pirmsskolas izglītības iestāde","komentars":null}},{"type":"Feature","geometry":{"type":"Point","coordinates":[24.216556,56.946704]},"properties":{"vieta":"Rīga","iela":"Ulbrokas iela","nr":"13 k-2","veids":"Daudzdzīvokļu dzīvojamā mājā.","komentars":null}},{"type":"Feature","geometry":{"type":"Point","coordinates":[24.214147,56.946654]},"properties":{"vieta":"Rīga","iela":"Ulbrokas iela","nr":"13 k-5","veids":"Daudzdzīvokļu dzīvojamā māja","komentars":null}},{"type":"Feature","geometry":{"type":"Point","coordinates":[24.191910,56.909810]},"properties":{"vieta":"Rīga","iela":"Aglonas iela","nr":"57 k-1","veids":"Skola","komentars":null}},{"type":"Feature","geometry":{"type":"Point","coordinates":[24.107205,56.947622]},"properties":{"vieta":"Rīga","iela":"Kungu iela","nr":"3","veids":"Mākslas galerija","komentars":null}},{"type":"Feature","geometry":{"type":"Point","coordinates":[24.053833,56.969081]},"properties":{"vieta":"Rīga","iela":"Garā iela","nr":"31","veids":"Bērnudārzs","komentars":null}},{"type":"Feature","geometry":{"type":"Point","coordinates":[24.126058,56.955311]},"properties":{"vieta":"Rīga","iela":"Ģertrūdes iela","nr":"28","veids":"Skola","komentars":null}},{"type":"Feature","geometry":{"type":"Point","coordinates":[24.085752,56.903250]},"properties":{"vieta":"Rīga","iela":"Bruknas iela","nr":"5","veids":"skola","komentars":null}},{"type":"Feature","geometry":{"type":"Point","coordinates":[24.235954,56.945931]},"properties":{"vieta":"Rīga","iela":"Dzilnas iela","nr":"26","veids":"Daudzdzīvokļu dzīvojamā māja","komentars":null}},{"type":"Feature","geometry":{"type":"Point","coordinates":[24.236427,56.945176]},"properties":{"vieta":"Rīga","iela":"Ēvalda Valtera iela","nr":"3","veids":"Daudzdzīvokļu dzīvojamā māja","komentars":null}},{"type":"Feature","geometry":{"type":"Point","coordinates":[24.230401,56.973988]},"properties":{"vieta":"Rīga","iela":"Malienas iela","nr":"3A","veids":"slimnīca","komentars":null}},{"type":"Feature","geometry":{"type":"Point","coordinates":[24.036908,56.938960]},"properties":{"vieta":"Rīga","iela":"Zalves iela","nr":"46","veids":"daudzdzīvokļu dzīvojamā māja","komentars":null}},{"type":"Feature","geometry":{"type":"Point","coordinates":[24.101254,57.030012]},"properties":{"vieta":"Rīga","iela":"Vecmīlgrāvja iela","nr":"17","veids":"Daudzdzīvokļu ēka","komentars":null}},{"type":"Feature","geometry":{"type":"Point","coordinates":[24.129226,56.993521]},"properties":{"vieta":"Rīga","iela":"Patversmes iela","nr":"13","veids":"Darbnīcas noliktava","komentars":null}},{"type":"Feature","geometry":{"type":"Point","coordinates":[24.173532,56.983212]},"properties":{"vieta":"Rīga","iela":"Čiekurkalna 1.līnija","nr":"64","veids":"Publiskā bibliotēka","komentars":null}},{"type":"Feature","geometry":{"type":"Point","coordinates":[24.176938,56.975770]},"properties":{"vieta":"Rīga","iela":"Brīvības gatve","nr":"266","veids":"biroju ēka","komentars":null}},{"type":"Feature","geometry":{"type":"Point","coordinates":[24.251600,56.983516]},"properties":{"vieta":"Rīga","iela":"Braila iela","nr":"24","veids":"Internātvidusskola","komentars":null}},{"type":"Feature","geometry":{"type":"Point","coordinates":[24.251042,56.983516]},"properties":{"vieta":"Rīga","iela":"Braila iela","nr":"26","veids":"Internātvidusskola","komentars":null}},{"type":"Feature","geometry":{"type":"Point","coordinates":[24.075684,56.930889]},"properties":{"vieta":"Rīga","iela":"Cieceres iela","nr":"3","veids":"Pirmskolas izglītības iestāde","komentars":null}},{"type":"Feature","geometry":{"type":"Point","coordinates":[24.082993,56.901125]},"properties":{"vieta":"Rīga","iela":"Īslīces iela","nr":"10","veids":"Pirmskolas izglītības iestāde","komentars":null}},{"type":"Feature","geometry":{"type":"Point","coordinates":[24.083739,56.902226]},"properties":{"vieta":"Rīga","iela":"Īslīces iela","nr":"4","veids":"Pirmskolas izglītības iestāde","komentars":null}},{"type":"Feature","geometry":{"type":"Point","coordinates":[24.134991,56.951789]},"properties":{"vieta":"Rīga","iela":"Avotu iela","nr":"31 k-2","veids":"Birojs (Rīgas Sociālais dienests)","komentars":null}},{"type":"Feature","geometry":{"type":"Point","coordinates":[24.053436,56.968664]},"properties":{"vieta":"Rīga","iela":"Garā iela","nr":"24","veids":"Bērnudārzs","komentars":null}},{"type":"Feature","geometry":{"type":"Point","coordinates":[24.063875,56.967179]},"properties":{"vieta":"Rīga","iela":"Riekstu iela","nr":"14","veids":"Bērnudārzs","komentars":null}},{"type":"Feature","geometry":{"type":"Point","coordinates":[24.164200,56.934886]},"properties":{"vieta":"Rīga","iela":"Mazā Lubānas iela","nr":"8","veids":"Sociālā aprūpes dienesta ēka","komentars":null}},{"type":"Feature","geometry":{"type":"Point","coordinates":[24.015103,56.967742]},"properties":{"vieta":"Rīga","iela":"Kurzemes prospekts","nr":"86c","veids":"Pirmsskolas izglītības iestāde","komentars":null}},{"type":"Feature","geometry":{"type":"Point","coordinates":[24.104510,56.953815]},"properties":{"vieta":"Rīga","iela":"Kronvalda bulvāris","nr":"2","veids":"Ēkas plašizklaides pasākumiem","komentars":null}},{"type":"Feature","geometry":{"type":"Point","coordinates":[24.209240,56.900892]},"properties":{"vieta":"Rīga","iela":"Ikšķiles iela","nr":"8","veids":"Bērnudārzs","komentars":null}},{"type":"Feature","geometry":{"type":"Point","coordinates":[24.028620,56.955213]},"properties":{"vieta":"Rīga","iela":"Vecumnieku iela","nr":"7","veids":"Pirmsskolas izglītības iestāde","komentars":null}},{"type":"Feature","geometry":{"type":"Point","coordinates":[24.057000,56.971160]},"properties":{"vieta":"Rīga","iela":"Dzirciema iela","nr":"109","veids":"Skola","komentars":null}},{"type":"Feature","geometry":{"type":"Point","coordinates":[24.134991,56.951789]},"properties":{"vieta":"Rīga","iela":"Avotu iela","nr":"31 k-2","veids":"Birojs (Rīgas Sociālais dienests)","komentars":null}},{"type":"Feature","geometry":{"type":"Point","coordinates":[24.108637,56.952694]},"properties":{"vieta":"Rīga","iela":"Zigfrīda Annas Meierovica bulvāris","nr":"1 k-2","veids":"Biroju ēka","komentars":null}},{"type":"Feature","geometry":{"type":"Point","coordinates":[25.633926,56.557979]},"properties":{"vieta":"Sēlija, Sēlpils pagasts, Jēkabpils novads","iela":"Pētera Barisona iela","nr":"6","veids":"Kūltūras nams","komentars":null}},{"type":"Feature","geometry":{"type":"Point","coordinates":[27.159307,56.349413]},"properties":{"vieta":"Malta, Maltas pagasts, Rēzeknes novads","iela":"Parka iela","nr":"20","veids":"Bērnu un jauniešu centrs","komentars":null}},{"type":"Feature","geometry":{"type":"Point","coordinates":[27.164556,56.350206]},"properties":{"vieta":"Malta, Maltas pagasts, Rēzeknes novads","iela":"Skolas iela","nr":"25","veids":"Pirmsskolas izglītības iestāde","komentars":null}},{"type":"Feature","geometry":{"type":"Point","coordinates":[26.900852,56.518885]},"properties":{"vieta":"Radopole, Viļānu pagasts, Rēzeknes novads","iela":"Jaunatnes iela","nr":"2","veids":"Pirmsskolas izglītības iestāde","komentars":null}},{"type":"Feature","geometry":{"type":"Point","coordinates":[27.325425,56.491671]},"properties":{"vieta":"Pleikšņi, Ozolaines pagasts, Rēzeknes novads","iela":"\"Pazeme\"","nr":"Nav","veids":"Neklasificēta būve","komentars":null}},{"type":"Feature","geometry":{"type":"Point","coordinates":[26.583275,55.905761]},"properties":{"vieta":"Daugavpils","iela":"Vaiņodes iela","nr":"4","veids":"Skola","komentars":null}},{"type":"Feature","geometry":{"type":"Point","coordinates":[26.549112,55.880210]},"properties":{"vieta":"Daugavpils","iela":"Tukuma iela","nr":"47A","veids":"pirmsskolas izglītības iestāde","komentars":null}},{"type":"Feature","geometry":{"type":"Point","coordinates":[26.547094,55.893368]},"properties":{"vieta":"Daugavpils","iela":"Šaurā iela","nr":"26","veids":"Ģimenes atbalsta centrs","komentars":null}},{"type":"Feature","geometry":{"type":"Point","coordinates":[26.216910,56.857700]},"properties":{"vieta":"Madona","iela":"Gaujas iela","nr":"13","veids":"Sporta halle (šautuve)","komentars":null}},{"type":"Feature","geometry":{"type":"Point","coordinates":[27.882179,56.549405]},"properties":{"vieta":"Cibla, Ciblas pagasts, Ludzas novads","iela":"Muižas iela","nr":"1","veids":"Kultūras nams","komentars":null}},{"type":"Feature","geometry":{"type":"Point","coordinates":[27.720098,56.543784]},"properties":{"vieta":"Ludza","iela":"Stacijas iela","nr":"41","veids":"Kultūras nams","komentars":null}}]}