{"type":"FeatureCollection","features":[{"type":"Feature","geometry":{"type":"Point","coordinates":[25.153131,56.848673]},"properties":{"kategorija":"soc_pakalpojumi","id":"1","nosaukums":"Vispārējā tipa pansionāts \"Madliena\"","adrese":"\"Pansionāts\", Madliena, Madlienas pag., Ogres nov., LV-5045","pakalpojums":"ilgstošās sociālās aprūpes un sociālās rehabilitācijas institūcija","pakalpojuma_forma":"ar izmitināšanu","izmitinasana":"izmitināšana","planotais_klientu_skaits":82,"klienti":"pilngadīgas personas (abu dzimumu)","klientu_grupas":["invalīdi ar fiziska rakstura traucējumiem","pensijas vecuma personas"],"juridiskais_statuss":"Pašvaldības iestāde","vzd_kods":"104350281","majaslapa":"https://www.pansionats.lv"}},{"type":"Feature","geometry":{"type":"Point","coordinates":[24.148955,56.963496]},"properties":{"kategorija":"soc_pakalpojumi","id":"1001","nosaukums":"Biedrības \"Rīgas aktīvo senioru alianse\" struktūrvienības Kopienas centrs \"Grīziņkalns\", Dienas centrs Ukraiņu civiliedzīvotājiem","adrese":"Aleksandra Čaka iela 139, Rīga, LV-1012","pakalpojums":"cits: dienas centrs","pakalpojuma_forma":"bez izmitināšanas","planotais_klientu_skaits":50,"klienti":"pilngadīgas personas (abu dzimumu)","klientu_grupas":["citi"],"juridiskais_statuss":"Biedrības struktūrvienība","vzd_kods":"101108956","majaslapa":"https://www.biedribarasa.lv"}},{"type":"Feature","geometry":{"type":"Point","coordinates":[24.847979,57.156323]},"properties":{"kategorija":"soc_pakalpojumi","id":"1002","nosaukums":"Biedrības \"Cerību spārni\" Daudzfunkcionālais sociālo pakalpojumu centrs “Sigulda”","adrese":"Lakstīgalas iela 9, Sigulda, Siguldas nov., LV-2150","pakalpojums":"specializētās darbnīcas","pakalpojuma_forma":"bez izmitināšanas","planotais_klientu_skaits":20,"klienti":"pilngadīgas personas (abu dzimumu)","klientu_grupas":["personas ar garīga rakstura traucējumiem"],"juridiskais_statuss":"Biedrības struktūrvienība","vzd_kods":"101288534","majaslapa":"https://www.ceribusparni.lv"}},{"type":"Feature","geometry":{"type":"Point","coordinates":[24.244364,56.96762]},"properties":{"kategorija":"soc_pakalpojumi","id":"1003","nosaukums":"SIA \"Rīgas Austrumu klīniskā universitātes slimnīca\" Rehabilitācijas klīnikas Sociālais dienests","adrese":"Hipokrāta iela 2, Rīga, LV-1079","pakalpojums":"Sociālā darba pakalpojums","pakalpojuma_forma":"ar izmitināšanu","izmitinasana":"izmitināšana","klienti":"visu vecumu un dzimumu personas","klientu_grupas":["citi"],"juridiskais_statuss":"Biedrības struktūrvienība","vzd_kods":"101834018","majaslapa":"https://www.aslimnica.lv"}},{"type":"Feature","geometry":{"type":"Point","coordinates":[24.18484,56.977671]},"properties":{"kategorija":"soc_pakalpojumi","id":"1004","nosaukums":"Latvijas SOS Bērnu ciematu asociācijas Rīgas SOS Ģimeņu atbalsta centrs","adrese":"Zemitāna laukums 5, Rīga, LV-1006","pakalpojums":"cits: Sociālā darba pakalpojums Latvijas SOS Bērnu ciemata asociācijā","pakalpojuma_forma":"bez izmitināšanas","planotais_klientu_skaits":170,"klienti":"visu vecumu un dzimumu personas","klientu_grupas":["citi"],"juridiskais_statuss":"Biedrības struktūrvienība","vzd_kods":"102006803","majaslapa":"https://www.sosbernuciemati.lv"}},{"type":"Feature","geometry":{"type":"Point","coordinates":[24.254105,56.960024]},"properties":{"kategorija":"soc_pakalpojumi","id":"1005","nosaukums":"Valsts SIA \"Bērnu klīniskā universitātes slimnīca\" struktūrvienība Sociālais dienests","adrese":"Juglas iela 20, Rīga, LV-2130","pakalpojums":"Sociālās rehabilitācijas institūcija","pakalpojuma_forma":"bez izmitināšanas","planotais_klientu_skaits":100,"klienti":"bērni (abu dzimumu)","klientu_grupas":["citi"],"juridiskais_statuss":"Valsts SIA struktūrvienība","vzd_kods":"101838773","majaslapa":"https://www.bkus.lv"}},{"type":"Feature","geometry":{"type":"Point","coordinates":[24.254105,56.960024]},"properties":{"kategorija":"soc_pakalpojumi","id":"1006","nosaukums":"Valsts SIA \"Bērnu klīniskā universitātes slimnīca\" struktūrvienība Sociālais dienests","adrese":"Juglas iela 20, Rīga, LV-2130","pakalpojums":"atelpas brīdis","pakalpojuma_forma":"ar izmitināšanu","izmitinasana":"izmitināšana","planotais_klientu_skaits":100,"klienti":"bērni (abu dzimumu)","klientu_grupas":["citi"],"juridiskais_statuss":"Valsts SIA struktūrvienība","vzd_kods":"101838773","majaslapa":"https://www.bkus.lv"}},{"type":"Feature","geometry":{"type":"Point","coordinates":[21.591237,57.405764]},"properties":{"kategorija":"soc_pakalpojumi","id":"1008","nosaukums":"Biedrības \"Latvijas Sarkanais Krusts\" Kurzemes komitejas Dienas centrs \"Ventiņmāja\"","adrese":"Talsu iela 39, Ventspils, LV-3602","pakalpojums":"Dienas aprūpes centrs","pakalpojuma_forma":"bez izmitināšanas","planotais_klientu_skaits":10,"klienti":"pilngadīgas personas (abu dzimumu)","klientu_grupas":["personas ar garīga rakstura traucējumiem"],"juridiskais_statuss":"Biedrības struktūrvienība","vzd_kods":"101660672","majaslapa":"https://www.redcross-kurzeme.lv/"}},{"type":"Feature","geometry":{"type":"Point","coordinates":[25.385004,57.518104]},"properties":{"kategorija":"soc_pakalpojumi","id":"1012","nosaukums":"SIA \"Vidzemes slimnīca\" Hronisko pacientu aprūpes nodaļa","adrese":"Jumaras iela 195, Valmiera, Valmieras nov., LV-4201","pakalpojums":"citi: īslaicīgā sociālā aprūpe","pakalpojuma_forma":"ar izmitināšanu","izmitinasana":"izmitināšana","planotais_klientu_skaits":2,"klienti":"pilngadīgas personas (abu dzimumu)","klientu_grupas":["citi"],"juridiskais_statuss":"SIA struktūrvienība","vzd_kods":"101020353","majaslapa":"https://www.vidzemesslimnica.lv"}},{"type":"Feature","geometry":{"type":"Point","coordinates":[25.433125,57.525555]},"properties":{"kategorija":"soc_pakalpojumi","id":"1020","nosaukums":"Valmieras pilsētas pašvaldības pansionāts \"Valmiera\"","adrese":"Kauguru iela 3, Valmiera, Valmieras nov., LV-4201","pakalpojums":"ilgstošās sociālās aprūpes un sociālās rehabilitācijas institūcija","pakalpojuma_forma":"ar izmitināšanu","izmitinasana":"izmitināšana","planotais_klientu_skaits":47,"klienti":"pilngadīgas personas (abu dzimumu)","klientu_grupas":["citi","pensijas vecuma personas"],"juridiskais_statuss":"Pašvaldības iestāde","vzd_kods":"101174211","majaslapa":"https://www.valmierasnovads.lv"}},{"type":"Feature","geometry":{"type":"Point","coordinates":[27.714476,56.776213]},"properties":{"kategorija":"soc_pakalpojumi","id":"1025","nosaukums":"Ludzas novada pansionāts \"Mūsmājas\"","adrese":"Liepu iela 2, Malnava, Malnavas pag., Ludzas nov., LV-5750","pakalpojums":"ilgstoša sociālā aprūpe un sociālā rehabilitācija","pakalpojuma_forma":"ar izmitināšanu","izmitinasana":"izmitināšana","planotais_klientu_skaits":30,"klienti":"pilngadīgas personas (abu dzimumu)","klientu_grupas":["personas ar invaliditāti ar fiziska rakstura traucējumiem","pensijas vecuma personas"],"juridiskais_statuss":"Pašvaldības iestāde","vzd_kods":"105554475"}},{"type":"Feature","geometry":{"type":"Point","coordinates":[23.689303,56.639091]},"properties":{"kategorija":"soc_pakalpojumi","id":"1027","nosaukums":"Latvijas SOS Bērnu ciematu asociācijas Jelgavas SOS Jauniešu māja","adrese":"Niedru iela 5, Jelgava, LV-3001","pakalpojums":"ilgstošās sociālās aprūpes un sociālās rehabilitācijas institūcija","pakalpojuma_forma":"ar izmitināšanu un bez izmitināšanas","izmitinasana":"izmitināšana","planotais_klientu_skaits":12,"klienti":"visu vecumu un dzimumu personas","klientu_grupas":["bērni bāreņi un bez vecāku gādības palikušie bērni"],"juridiskais_statuss":"Biedrības struktūrvienība","vzd_kods":"101774302","majaslapa":"https://www.sosbernuciemati.lv"}},{"type":"Feature","geometry":{"type":"Point","coordinates":[24.339098,56.854784]},"properties":{"kategorija":"soc_pakalpojumi","id":"1029","nosaukums":"Sabiedrības ar ierobežotu atbildību \"Salaspils veselības centrs\" nodaļa \"Aprūpe mājās\"","adrese":"Lauku iela 8, Salaspils, Salaspils nov., LV-2121","pakalpojums":"aprūpe mājās","pakalpojuma_forma":"bez izmitināšanas","planotais_klientu_skaits":80,"klienti":"visu vecumu un dzimumu personas","klientu_grupas":["pensijas vecuma personas","citi"],"juridiskais_statuss":"SIA struktūrvienība","vzd_kods":"101274862","majaslapa":"https://www.salaspilsvc.lv"}},{"type":"Feature","geometry":{"type":"Point","coordinates":[24.168798,56.973578]},"properties":{"kategorija":"soc_pakalpojumi","id":"103","nosaukums":"Nodibinājuma \"Fonds Kopā\" Dienas aprūpes un rehabilitācijas centrs personām ar garīga rakstura traucējumiem","adrese":"Brīvības gatve 234 - 77, Rīga, LV-1039","pakalpojums":"dienas aprūpes centrs","pakalpojuma_forma":"bez izmitināšanas","planotais_klientu_skaits":21,"klienti":"pilngadīgas personas (abu dzimumu)","klientu_grupas":["personas ar garīga rakstura traucējumiem"],"juridiskais_statuss":"Nodibinājums","vzd_kods":"118966705","majaslapa":"https://www.fondskopa.lv"}},{"type":"Feature","geometry":{"type":"Point","coordinates":[24.017876,56.950825]},"properties":{"kategorija":"soc_pakalpojumi","id":"1034","nosaukums":"Biedrība \"Latvijas Kustība par neatkarīgu dzīvi\"","adrese":"Imantas 8. līnija 1 k-3, Rīga, LV-1083","pakalpojums":"Dienas aprūpes centrs","pakalpojuma_forma":"bez izmitināšanas","planotais_klientu_skaits":18,"klienti":"pilngadīgas personas (abu dzimumu)","klientu_grupas":["personas ar garīga rakstura traucējumiem","citi"],"juridiskais_statuss":"Biedrība","vzd_kods":"106322934","majaslapa":"https://www.lkndz.lv"}},{"type":"Feature","geometry":{"type":"Point","coordinates":[24.230004,56.973907]},"properties":{"kategorija":"soc_pakalpojumi","id":"104","nosaukums":"Rīgas sociālās aprūpes centrs \"Mežciems\"","adrese":"Malienas iela 3A, Rīga, LV-1079","pakalpojums":"ilgstošās sociālās aprūpes un sociālās rehabilitācijas institūcija","pakalpojuma_forma":"ar izmitināšanu","izmitinasana":"izmitināšana","planotais_klientu_skaits":200,"klienti":"pilngadīgas personas (abu dzimumu)","klientu_grupas":["pensijas vecuma personas","invalīdi ar fiziska rakstura traucējumiem"],"juridiskais_statuss":"Pašvaldības iestāde","vzd_kods":"102999704","majaslapa":"https://www.mezciems.lv"}},{"type":"Feature","geometry":{"type":"Point","coordinates":[24.017876,56.950825]},"properties":{"kategorija":"soc_pakalpojumi","id":"1040","nosaukums":"Biedrība \"Latvijas Kustība par neatkarīgu dzīvi\"","adrese":"Imantas 8. līnija 1 k-3, Rīga, LV-1083","pakalpojums":"Grupu dzīvoklis","pakalpojuma_forma":"ar izmitināšanu","izmitinasana":"izmitināšana","planotais_klientu_skaits":14,"klienti":"pilngadīgas personas (abu dzimumu)","klientu_grupas":["personas ar garīga rakstura traucējumiem"],"juridiskais_statuss":"Biedrība","vzd_kods":"106322934","majaslapa":"https://www.lkndz.lv"}},{"type":"Feature","geometry":{"type":"Point","coordinates":[24.136718,56.943527]},"properties":{"kategorija":"soc_pakalpojumi","id":"1041","nosaukums":"Nodibinājuma “Nova vita” sociāli karitatīvais rehabilitācijas centrs “Betlēmes žēlsirdības māja”","adrese":"Katoļu iela 14, Rīga, LV-1003","pakalpojums":"sociālā rehabilitācija","pakalpojuma_forma":"ar izmitināšanu","izmitinasana":"izmitināšana","planotais_klientu_skaits":15,"klienti":"pilngadīgas personas (abu dzimumu)","klientu_grupas":["personas, kas atkarīgas no psihoaktīvām vielām","personas, kas atgriezušās no ieslodzījuma vietas vai ilgstošas bezpajumtniecības"],"juridiskais_statuss":"Nodibinājums","vzd_kods":"101842306","majaslapa":"https://www.novavita.lv"}},{"type":"Feature","geometry":{"type":"Point","coordinates":[24.127325,56.958254]},"properties":{"kategorija":"soc_pakalpojumi","id":"1043","nosaukums":"Reliģiskās organizācijas Pestīšanas armijas dienas aprūpes centrs bērniem \"Patvērums\"","adrese":"Bruņinieku iela 10A, Rīga, LV-1001","pakalpojums":"dienas aprūpes centrs","pakalpojuma_forma":"bez izmitināšanas","planotais_klientu_skaits":35,"klienti":"bērni (abu dzimumu)","klientu_grupas":["citi"],"juridiskais_statuss":"Reliģiskas organizācijas struktūrvienība","vzd_kods":"101822903","majaslapa":"https://wwwpestisanasarmija.lv"}},{"type":"Feature","geometry":{"type":"Point","coordinates":[24.017876,56.950825]},"properties":{"kategorija":"soc_pakalpojumi","id":"1045","nosaukums":"Nodibinājuma \"Latvijas Evaņģēliski luteriskās Baznīcas Diakonijas centrs\" struktūrvienība Dienas centrs \"Mēs\"\"","adrese":"Imantas 8. līnija 1 k-3 - 1, Rīga, LV-1083","pakalpojums":"citi: dienas centrs","pakalpojuma_forma":"bez izmitināšanas","planotais_klientu_skaits":75,"klienti":"pilngadīgas personas (abu dzimumu)","klientu_grupas":["invalīdi ar fiziska rakstura traucējumiem","citi","pensijas vecuma personas"],"juridiskais_statuss":"Nodibinājuma struktūrvienība","vzd_kods":"118892081","majaslapa":"https://www.diakonija.lv"}},{"type":"Feature","geometry":{"type":"Point","coordinates":[24.145721,56.941429]},"properties":{"kategorija":"soc_pakalpojumi","id":"1048","nosaukums":"Biedrības \"Rīgas pilsētas \"Rūpju bērns\"\" Dienas aprūpes centrs personām ar garīga rakstura traucējumiem \"Cerību skola\"","adrese":"Ludzas iela 43, Rīga, LV-1003","pakalpojums":"Dienas aprūpes centrs","pakalpojuma_forma":"bez izmitināšanas","planotais_klientu_skaits":12,"klienti":"pilngadīgas personas (abu dzimumu)","klientu_grupas":["personas ar garīga rakstura traucējumiem"],"juridiskais_statuss":"Biedrības struktūrvienība","vzd_kods":"101935172","majaslapa":"https://facebook.com/rupjuberns"}},{"type":"Feature","geometry":{"type":"Point","coordinates":[24.100084,56.918129]},"properties":{"kategorija":"soc_pakalpojumi","id":"105","nosaukums":"Biedrības \"Latvijas Samariešu apvienība\" Sociālās aprūpes centrs \"Pārdaugava\"","adrese":"Garozes iela 15, Rīga, LV-1004","pakalpojums":"ilgstoša sociālā aprūpe un sociālā rehabilitācija","pakalpojuma_forma":"ar izmitināšanu","izmitinasana":"izmitināšana","planotais_klientu_skaits":58,"klienti":"pilngadīgas personas (abu dzimumu)","klientu_grupas":["pensijas vecuma personas","personas ar invaliditāti ar fiziska rakstura traucējumiem"],"juridiskais_statuss":"Biedrības struktūrvienība","vzd_kods":"101831953","majaslapa":"https://www.samariesi.lv"}},{"type":"Feature","geometry":{"type":"Point","coordinates":[22.631431,57.26994]},"properties":{"kategorija":"soc_pakalpojumi","id":"1050","nosaukums":"Biedrības \"Latvijas Sarkanais Krusts\" Kurzemes komitejas dienas aprūpes centrs","adrese":"\"Skola\", Laidzes pag., Talsu nov., LV-3280","pakalpojums":"Dienas aprūpes centrs","pakalpojuma_forma":"bez izmitināšanas","planotais_klientu_skaits":20,"klienti":"pilngadīgas personas (abu dzimumu)","klientu_grupas":["personas ar garīga rakstura traucējumiem"],"juridiskais_statuss":"Biedrības struktūrvienība","vzd_kods":"104878826","majaslapa":"https://www.redcross-kurzeme.lv/"}},{"type":"Feature","geometry":{"type":"Point","coordinates":[23.715212,56.648696]},"properties":{"kategorija":"soc_pakalpojumi","id":"1051","nosaukums":"Biedrības \"Latvijas Samariešu apvienība\" Zemgales aprūpes dienests","adrese":"Svētes iela 26 - 8, Jelgava, LV-3001","pakalpojums":"aprūpe mājās","pakalpojuma_forma":"bez izmitināšanas","planotais_klientu_skaits":250,"klienti":"visu vecumu un dzimumu personas","klientu_grupas":["personas ar invaliditāti ar fiziska rakstura traucējumiem","pensijas vecuma personas","personas ar garīga rakstura traucējumiem"],"juridiskais_statuss":"Biedrības struktūrvienība","vzd_kods":"116560241","majaslapa":"https://www.samariesi.lv"}},{"type":"Feature","geometry":{"type":"Point","coordinates":[24.181261,56.966888]},"properties":{"kategorija":"soc_pakalpojumi","id":"1056","nosaukums":"Biedrības \"Latvijas Sarkanais Krusts\" Krīzes centrs \"Burtnieks\"","adrese":"Burtnieku iela 37, Rīga, LV-1084","pakalpojums":"Krīzes centrs","pakalpojuma_forma":"ar izmitināšanu","izmitinasana":"izmitināšana","planotais_klientu_skaits":51,"klienti":"visu vecumu un dzimumu personas","klientu_grupas":["krīzes situācijā nonākušas personas"],"juridiskais_statuss":"Biedrības struktūrvienība","vzd_kods":"101823431","majaslapa":"https://www.redcross.lv"}},{"type":"Feature","geometry":{"type":"Point","coordinates":[24.136307,56.945915]},"properties":{"kategorija":"soc_pakalpojumi","id":"1058","nosaukums":"Biedrības \"Latvijas Samariešu apvienība\" Ģimenes asistenti","adrese":"Katoļu iela 22, Rīga, LV-1003","pakalpojums":"cits: ģimenes asistenta pakalpojums","pakalpojuma_forma":"bez izmitināšanas","planotais_klientu_skaits":50,"klienti":"pilngadīgas personas (abu dzimumu)","klientu_grupas":["citi","personas ar garīga rakstura traucējumiem"],"juridiskais_statuss":"Biedrības struktūrvienība","vzd_kods":"101842330","majaslapa":"https://www.samariesi.lv"}},{"type":"Feature","geometry":{"type":"Point","coordinates":[24.200789,56.395746]},"properties":{"kategorija":"soc_pakalpojumi","id":"1061","nosaukums":"Latvijas SOS Bērnu ciematu asociācijas Bauskas SOS Ģimeņu atbalsta centrs","adrese":"Rudzu iela 14 k-13, Bauska, Bauskas nov., LV-3901","pakalpojums":"cits: Sociālā darba pakalpojums Latvijas SOS Bērnu ciemata asociācijā","pakalpojuma_forma":"bez izmitināšanas","planotais_klientu_skaits":60,"klienti":"visu vecumu un dzimumu personas","klientu_grupas":["personas ar garīga rakstura traucējumiem","citi"],"juridiskais_statuss":"Biedrības struktūrvienība","vzd_kods":"106873086","majaslapa":"https://www.sosbernuciemati.lv"}},{"type":"Feature","geometry":{"type":"Point","coordinates":[25.595144,57.322568]},"properties":{"kategorija":"soc_pakalpojumi","id":"1068","nosaukums":"Nodibinājums \"Raunas evaņģēliski luteriskās draudzes diakonijas centrs\" struktūrvienība \"Pansija Rauna\"","adrese":"Miera iela 8, Rauna, Raunas pag., Smiltenes nov., LV-4131","pakalpojums":"ilgstošās sociālās aprūpes un sociālās rehabilitācijas institūcija","pakalpojuma_forma":"ar izmitināšanu","izmitinasana":"izmitināšana","planotais_klientu_skaits":62,"klienti":"pilngadīgas personas (abu dzimumu)","klientu_grupas":["personas ar garīga rakstura traucējumiem","invalīdi ar fiziska rakstura traucējumiem","pensijas vecuma personas"],"juridiskais_statuss":"Nodibinājuma struktūrvienība","vzd_kods":"101593984","majaslapa":"https://www.pansijarauna.lv"}},{"type":"Feature","geometry":{"type":"Point","coordinates":[25.433629,57.381607]},"properties":{"kategorija":"soc_pakalpojumi","id":"1069","nosaukums":"Biedrības “cerību centrs” jauno māmiņu un grūtnieču atbalsta centrs “Madaras”","adrese":"\"Madaras\", Liepa, Liepas pag., Cēsu nov., LV-4128","pakalpojums":"Sociālās rehabilitācijas institūcija","pakalpojuma_forma":"ar izmitināšanu","izmitinasana":"izmitināšana","planotais_klientu_skaits":8,"klienti":"visu vecumu un dzimumu personas","klientu_grupas":["citi"],"juridiskais_statuss":"Biedrības struktūrvienība","vzd_kods":"106353614","majaslapa":"https://www.ceribucentrs.lv"}},{"type":"Feature","geometry":{"type":"Point","coordinates":[21.093176,56.72773]},"properties":{"kategorija":"soc_pakalpojumi","id":"1070","nosaukums":"Liepājas Neredzīgo biedrības sociālās rehabilitācijas un izziņas centrs lauku vidē cilvēkiem ar invaliditāti “Dvēseles veldzes dārzs”","adrese":"\"Laivenieki\", Ziemupe, Vērgales pag., Dienvidkurzemes nov., LV-3463","pakalpojums":"Sociālās rehabilitācijas institūcija","pakalpojuma_forma":"ar izmitināšanu un bez izmitināšanas","izmitinasana":"izmitināšana","planotais_klientu_skaits":70,"klienti":"pilngadīgas personas (abu dzimumu)","klientu_grupas":["citi"],"juridiskais_statuss":"Biedrības struktūrvienība","vzd_kods":"104072566","majaslapa":"https://www.redzigaismu.lv"}},{"type":"Feature","geometry":{"type":"Point","coordinates":[24.308926,56.977192]},"properties":{"kategorija":"soc_pakalpojumi","id":"1073","nosaukums":"Valsts sociālās aprūpes centrs \"Rīga\" filiāle \"Ezerkrasti\"","adrese":"Berģu iela 160, Rīga, LV-1024","pakalpojums":"ilgstoša sociālā aprūpe un sociālā rehabilitācija","pakalpojuma_forma":"ar izmitināšanu","izmitinasana":"izmitināšana","planotais_klientu_skaits":130,"klienti":"pilngadīgas personas (abu dzimumu)","klientu_grupas":["personas ar garīga rakstura traucējumiem"],"juridiskais_statuss":"Valsts pārvaldes iestādes struktūrvienība","vzd_kods":"101863651","majaslapa":"https://www.vsacriga.gov.lv"}},{"type":"Feature","geometry":{"type":"Point","coordinates":[27.679217,56.784742]},"properties":{"kategorija":"soc_pakalpojumi","id":"1074","nosaukums":"Sabiedrības ar ierobežotu atbildību \"Kārsavas slimnīca\" Sociālās aprūpes nodaļa","adrese":"Vienības iela 52, Kārsava, Ludzas nov., LV-5717","pakalpojums":"ilgstošās sociālās aprūpes un sociālās rehabilitācijas institūcija","pakalpojuma_forma":"ar izmitināšanu","izmitinasana":"izmitināšana","planotais_klientu_skaits":30,"klienti":"pilngadīgas personas (abu dzimumu)","klientu_grupas":["pensijas vecuma personas","invalīdi ar fiziska rakstura traucējumiem"],"juridiskais_statuss":"SIA struktūrvienība","vzd_kods":"101425865","majaslapa":"https://www.karsavasslimnica.lv"}},{"type":"Feature","geometry":{"type":"Point","coordinates":[24.053764,56.941027]},"properties":{"kategorija":"soc_pakalpojumi","id":"1078","nosaukums":"Biedrības “Dzintarkrasta serviss” dienas aprūpes centrs “Liepa”","adrese":"Valentīna iela 16, Rīga, LV-1083","pakalpojums":"Dienas aprūpes centrs","pakalpojuma_forma":"bez izmitināšanas","planotais_klientu_skaits":20,"klienti":"pilngadīgas personas (abu dzimumu)","klientu_grupas":["pensijas vecuma personas"],"juridiskais_statuss":"Biedrība","vzd_kods":"106005383"}},{"type":"Feature","geometry":{"type":"Point","coordinates":[24.077039,56.936158]},"properties":{"kategorija":"soc_pakalpojumi","id":"1082","nosaukums":"Biedrības \"Latvijas Samariešu apvienība\" Rīgas aprūpes dienests","adrese":"Eduarda Smiļģa iela 46, Rīga, LV-1002","pakalpojums":"aprūpe mājās","pakalpojuma_forma":"bez izmitināšanas","planotais_klientu_skaits":1000,"klienti":"visu vecumu un dzimumu personas","klientu_grupas":["personas ar invaliditāti ar fiziska rakstura traucējumiem","personas ar garīga rakstura traucējumiem","pensijas vecuma personas"],"juridiskais_statuss":"Biedrības struktūrvienība","vzd_kods":"101119341","majaslapa":"https://www.samariesi.lv"}},{"type":"Feature","geometry":{"type":"Point","coordinates":[24.188103,56.910877]},"properties":{"kategorija":"soc_pakalpojumi","id":"1083","nosaukums":"Biedrības \"Latvijas Samariešu apvienība\" Rīgas aprūpes dienests","adrese":"Aglonas iela 35 k-3, Rīga, LV-1057","pakalpojums":"aprūpe mājās","pakalpojuma_forma":"bez izmitināšanas","planotais_klientu_skaits":1000,"klienti":"visu vecumu un dzimumu personas","klientu_grupas":["pensijas vecuma personas","personas ar garīga rakstura traucējumiem","personas ar invaliditāti ar fiziska rakstura traucējumiem"],"juridiskais_statuss":"Biedrības struktūrvienība","vzd_kods":"101812798","majaslapa":"https://www.samariesi.lv"}},{"type":"Feature","geometry":{"type":"Point","coordinates":[24.847979,57.156323]},"properties":{"kategorija":"soc_pakalpojumi","id":"1084","nosaukums":"Biedrības \"Cerību spārni\" Daudzfunkcionālais sociālo pakalpojumu centrs “Sigulda”","adrese":"Lakstīgalas iela 9, Sigulda, Siguldas nov., LV-2150","pakalpojums":"cits: ģimenes asistents","pakalpojuma_forma":"bez izmitināšanas","planotais_klientu_skaits":10,"klienti":"pilngadīgas personas (abu dzimumu)","klientu_grupas":["personas ar garīga rakstura traucējumiem","citi"],"juridiskais_statuss":"Biedrības struktūrvienība","vzd_kods":"101288534","majaslapa":"https://www.ceribusparni.lv"}},{"type":"Feature","geometry":{"type":"Point","coordinates":[24.103224,56.950744]},"properties":{"kategorija":"soc_pakalpojumi","id":"1085","nosaukums":"Biedrība \"Svētās Ģimenes Māja\"","adrese":"Klostera iela 5, Rīga, LV-1050","pakalpojums":"cits: dienas centrs","pakalpojuma_forma":"bez izmitināšanas","planotais_klientu_skaits":200,"klienti":"pilngadīgas personas (abu dzimumu)","klientu_grupas":["personas ar garīga rakstura traucējumiem","personas ar invaliditāti ar fiziska rakstura traucējumiem","citi","pensijas vecuma personas"],"juridiskais_statuss":"Biedrība","vzd_kods":"101913581","majaslapa":"https://www.svgimenesmaja.lv"}},{"type":"Feature","geometry":{"type":"Point","coordinates":[24.159767,56.931728]},"properties":{"kategorija":"soc_pakalpojumi","id":"1086","nosaukums":"Biedrības „Rīgas pilsētas „Rūpju bērns”” Grupu dzīvokļi personām ar garīga rakstura traucējumiem „Cerību dore\"","adrese":"Latgales iela 180B, Rīga, LV-1019","pakalpojums":"grupu māja (dzīvoklis)","pakalpojuma_forma":"ar izmitināšanu","izmitinasana":"izmitināšana","planotais_klientu_skaits":16,"klienti":"pilngadīgas personas (abu dzimumu)","klientu_grupas":["personas ar garīga rakstura traucējumiem"],"juridiskais_statuss":"Biedrības struktūrvienība","vzd_kods":"106932361","majaslapa":"https://www.rupjuberns.lv"}},{"type":"Feature","geometry":{"type":"Point","coordinates":[22.600704,57.242436]},"properties":{"kategorija":"soc_pakalpojumi","id":"1089","nosaukums":"Nodibinājums \"Ģimeņu un bērnu attīstības centrs \"Brīnumiņš\"\"","adrese":"Saules iela 7, Talsi, Talsu nov., LV-3201","pakalpojums":"dienas aprūpes centrs","pakalpojuma_forma":"bez izmitināšanas","planotais_klientu_skaits":80,"klienti":"visu vecumu un dzimumu personas","klientu_grupas":["citi","personas ar garīga rakstura traucējumiem","personas ar invaliditāti ar fiziska rakstura traucējumiem"],"juridiskais_statuss":"Nodibinājums","vzd_kods":"102089935","majaslapa":"https://www.brinumins.lv"}},{"type":"Feature","geometry":{"type":"Point","coordinates":[24.059183,56.958408]},"properties":{"kategorija":"soc_pakalpojumi","id":"1094","nosaukums":"Fonds \"Rehabilitācijas centrs Poga\"","adrese":"Sēlpils iela 2C, Rīga, LV-1007","pakalpojums":"sociālā rehabilitācija","pakalpojuma_forma":"bez izmitināšanas","planotais_klientu_skaits":100,"klienti":"visu vecumu un dzimumu personas","klientu_grupas":["citi","personas ar invaliditāti ar fiziska rakstura traucējumiem"],"juridiskais_statuss":"Nodibinājums","vzd_kods":"105949742","majaslapa":"https://centrspoga.lv"}},{"type":"Feature","geometry":{"type":"Point","coordinates":[26.722113,56.291254]},"properties":{"kategorija":"soc_pakalpojumi","id":"1100","nosaukums":"Biedrība \"Ģimeņu atbalsta centrs \"Puķuzirnis\"\"","adrese":"Daugavpils iela 34, Preiļi, Preiļu nov., LV-5301","pakalpojums":"Sociālās rehabilitācijas institūcija","pakalpojuma_forma":"bez izmitināšanas","planotais_klientu_skaits":20,"klienti":"visu vecumu un dzimumu personas","klientu_grupas":["citi"],"juridiskais_statuss":"Biedrība","vzd_kods":"101330177","majaslapa":"https://www.pukuzirnis.lv"}},{"type":"Feature","geometry":{"type":"Point","coordinates":[27.111266,56.991383]},"properties":{"kategorija":"soc_pakalpojumi","id":"1102","nosaukums":"Latgales Reģionālais atbalsta centrs \"Rasas pērles\"","adrese":"\"Varavīksne\", Rugāju pag., Balvu nov., LV-4570","pakalpojums":"Sociālās rehabilitācijas institūcija","pakalpojuma_forma":"bez izmitināšanas","planotais_klientu_skaits":6,"klienti":"pilngadīgas personas (abu dzimumu)","klientu_grupas":["citi"],"juridiskais_statuss":"Nodibinājums","vzd_kods":"105749824","majaslapa":"https://www.rasasperles.lv"}},{"type":"Feature","geometry":{"type":"Point","coordinates":[25.209938,57.557119]},"properties":{"kategorija":"soc_pakalpojumi","id":"1104","nosaukums":"Biedrība „REACH” Senioru nams „Zilaiskalns”","adrese":"Kultūras iela 9A, Zilaiskalns, Zilākalna pag., Valmieras nov., LV-4222","pakalpojums":"ilgstošās sociālās aprūpes un sociālās rehabilitācijas institūcija","pakalpojuma_forma":"ar izmitināšanu","izmitinasana":"izmitināšana","planotais_klientu_skaits":33,"klienti":"pilngadīgas personas (abu dzimumu)","klientu_grupas":["invalīdi ar fiziska rakstura traucējumiem","pensijas vecuma personas"],"juridiskais_statuss":"Biedrības struktūrvienība","vzd_kods":"105970180"}},{"type":"Feature","geometry":{"type":"Point","coordinates":[22.465406,57.084125]},"properties":{"kategorija":"soc_pakalpojumi","id":"111","nosaukums":"Valsts sociālās aprūpes centra \"Kurzeme\" filiāle \"Veģi\"","adrese":"\"Aprūpes centrs\", Veģi, Abavas pag., Talsu nov., LV-3294","pakalpojums":"ilgstoša sociālā aprūpe un sociālā rehabilitācija","pakalpojuma_forma":"ar izmitināšanu","izmitinasana":"izmitināšana","planotais_klientu_skaits":150,"klienti":"pilngadīgas personas (abu dzimumu)","klientu_grupas":["personas ar garīga rakstura traucējumiem"],"juridiskais_statuss":"Valsts pārvaldes iestādes struktūrvienība","vzd_kods":"104872848","majaslapa":"https://www.vsackurzeme.gov.lv"}},{"type":"Feature","geometry":{"type":"Point","coordinates":[26.099751,56.765731]},"properties":{"kategorija":"soc_pakalpojumi","id":"1110","nosaukums":"Madonas novada pašvaldības Mārcienas Sociālās aprūpes centrs","adrese":"Meža iela 24, Mārciena, Mārcienas pag., Madonas nov., LV-4852","pakalpojums":"ilgstošās sociālās aprūpes un sociālās rehabilitācijas institūcija","pakalpojuma_forma":"ar izmitināšanu","izmitinasana":"izmitināšana","planotais_klientu_skaits":61,"klienti":"pilngadīgas personas (abu dzimumu)","klientu_grupas":["krīzes situācijā nonākušas personas","invalīdi ar fiziska rakstura traucējumiem","pensijas vecuma personas"],"juridiskais_statuss":"Pašvaldības iestādes struktūrvienība","vzd_kods":"104462270"}},{"type":"Feature","geometry":{"type":"Point","coordinates":[21.953685,56.962716]},"properties":{"kategorija":"soc_pakalpojumi","id":"1111","nosaukums":"SIA \"Kuldīgas slimnīca\" ilgstošās sociālās aprūpes nodaļa \"Kuldīga\"","adrese":"Aizputes iela 22C, Kuldīga, Kuldīgas nov., LV-3301","pakalpojums":"ilgstoša sociālā aprūpe un sociālā rehabilitācija","pakalpojuma_forma":"ar izmitināšanu","izmitinasana":"izmitināšana","planotais_klientu_skaits":52,"klienti":"pilngadīgas personas (abu dzimumu)","klientu_grupas":["pensijas vecuma personas","personas ar invaliditāti ar fiziska rakstura traucējumiem"],"juridiskais_statuss":"SIA struktūrvienība","vzd_kods":"106611027","majaslapa":"https://www.kuldigasslimnica.lv"}},{"type":"Feature","geometry":{"type":"Point","coordinates":[21.014628,56.500685]},"properties":{"kategorija":"soc_pakalpojumi","id":"1112","nosaukums":"Biedrības \"Dižvanagi\" Rehabilitācijas un Sociālo inovāciju centrs (Kurzeme)","adrese":"Ezera iela 53/55, Liepāja, LV-3411","pakalpojums":"atelpas brīdis","pakalpojuma_forma":"ar izmitināšanu","izmitinasana":"izmitināšana","planotais_klientu_skaits":8,"klienti":"visu vecumu un dzimumu personas","klientu_grupas":["citi"],"juridiskais_statuss":"Biedrības struktūrvienība","vzd_kods":"102406078","majaslapa":"https://www.dizvanagi.lv"}},{"type":"Feature","geometry":{"type":"Point","coordinates":[21.992157,56.951335]},"properties":{"kategorija":"soc_pakalpojumi","id":"1113","nosaukums":"Biedrības \"Latvijas Sarkanais Krusts\" sociālās aprūpes centrs \"Venta\"","adrese":"Graudu iela 21, Kuldīga, Kuldīgas nov., LV-3301","pakalpojums":"ilgstošās sociālās aprūpes un sociālās rehabilitācijas institūcija","pakalpojuma_forma":"ar izmitināšanu","izmitinasana":"izmitināšana","planotais_klientu_skaits":50,"klienti":"pilngadīgas personas (abu dzimumu)","klientu_grupas":["pensijas vecuma personas","invalīdi ar fiziska rakstura traucējumiem","personas ar garīga rakstura traucējumiem"],"juridiskais_statuss":"Biedrības struktūrvienība","vzd_kods":"101471035","majaslapa":"https://www.redcross-kurzeme.lv"}},{"type":"Feature","geometry":{"type":"Point","coordinates":[22.887061,56.455042]},"properties":{"kategorija":"soc_pakalpojumi","id":"1115","nosaukums":"SIA \"MILUR\"Sociālās aprūpes un sociālās rehabilitācijas centrs \"Auce\"","adrese":"Tehnikas iela 12, Auce, Dobeles nov., LV-3708","pakalpojums":"ilgstošās sociālās aprūpes un sociālās rehabilitācijas institūcija","pakalpojuma_forma":"ar izmitināšanu","izmitinasana":"izmitināšana","planotais_klientu_skaits":52,"klienti":"pilngadīgas personas (abu dzimumu)","klientu_grupas":["personas ar garīga rakstura traucējumiem","invalīdi ar fiziska rakstura traucējumiem","pensijas vecuma personas"],"juridiskais_statuss":"SIA struktūrvienība","vzd_kods":"102269390"}},{"type":"Feature","geometry":{"type":"Point","coordinates":[27.085292,56.442028]},"properties":{"kategorija":"soc_pakalpojumi","id":"1117","nosaukums":"Rēzeknes novada pašvaldības Daudzfunkcionālo pakalpojumu centrs \"Vecružina\" \"Atelpas brīdis\"","adrese":"Ezera iela 23A, Vecružina, Silmalas pag., Rēzeknes nov., LV-4636","pakalpojums":"atelpas brīdis","pakalpojuma_forma":"ar izmitināšanu un bez izmitināšanas","izmitinasana":"izmitināšana","planotais_klientu_skaits":6,"klienti":"bērni (abu dzimumu)","klientu_grupas":["personas ar invaliditāti ar fiziska rakstura traucējumiem"],"juridiskais_statuss":"Pašvaldības iestāde","vzd_kods":"106812131","majaslapa":"https://rezeknesnovads.lv/pasvaldiba/socialas-dienests/sociala-atbalsta-iestades/"}},{"type":"Feature","geometry":{"type":"Point","coordinates":[25.903808,57.418914]},"properties":{"kategorija":"soc_pakalpojumi","id":"1118","nosaukums":"Smiltenes novada Bērnu un ģimenes atbalsta centrs","adrese":"Galdnieku iela 10, Smiltene, Smiltenes nov., LV-4729","pakalpojums":"ilgstoša sociālā aprūpe un sociālā rehabilitācija","pakalpojuma_forma":"ar izmitināšanu","izmitinasana":"izmitināšana","planotais_klientu_skaits":6,"klienti":"bērni (abu dzimumu)","klientu_grupas":["bērni bāreņi un bez vecāku gādības palikušie bērni"],"juridiskais_statuss":"Pašvaldības iestādes struktūrvienība","vzd_kods":"101192760"}},{"type":"Feature","geometry":{"type":"Point","coordinates":[24.172361,56.965319]},"properties":{"kategorija":"soc_pakalpojumi","id":"1121","nosaukums":"Biedrības \"Latvijas Samariešu apvienība\" pansija \"Pārsla\"","adrese":"Ieriķu iela 28, Rīga, LV-1084","pakalpojums":"pansija","pakalpojuma_forma":"ar izmitināšanu","izmitinasana":"izmitināšana","planotais_klientu_skaits":20,"klienti":"pilngadīgas personas (abu dzimumu)","klientu_grupas":["citi"],"juridiskais_statuss":"Biedrības struktūrvienība","vzd_kods":"101894918","majaslapa":"https://www.samariesi.lv"}},{"type":"Feature","geometry":{"type":"Point","coordinates":[24.054142,56.956509]},"properties":{"kategorija":"soc_pakalpojumi","id":"1122","nosaukums":"Rīgas Sociālā dienesta Sociālā darba nodaļas Kopienas centrs \"Ābeļzieds\"","adrese":"Dzirciema iela 24, Rīga, LV-1007","pakalpojums":"citi: Kopienas centrs","pakalpojuma_forma":"bez izmitināšanas","planotais_klientu_skaits":200,"klienti":"visu vecumu un dzimumu personas","klientu_grupas":["pensijas vecuma personas","citi"],"juridiskais_statuss":"Pašvaldības iestādes struktūrvienība","vzd_kods":"101827287","majaslapa":"https://www.ld.riga.lv"}},{"type":"Feature","geometry":{"type":"Point","coordinates":[25.755984,57.648617]},"properties":{"kategorija":"soc_pakalpojumi","id":"1124","nosaukums":"Biedrības \"Latvijas Sarkanais Krusts\" sociālās aprūpes un rehabilitācijas centrs \"Seda\"","adrese":"Parka iela 23, Seda, Valmieras nov., LV-4728","pakalpojums":"ilgstošās sociālās aprūpes un sociālās rehabilitācijas institūcija","pakalpojuma_forma":"ar izmitināšanu","izmitinasana":"izmitināšana","planotais_klientu_skaits":55,"klienti":"pilngadīgas personas (abu dzimumu)","klientu_grupas":["invalīdi ar fiziska rakstura traucējumiem","pensijas vecuma personas","personas ar garīga rakstura traucējumiem"],"juridiskais_statuss":"Biedrības struktūrvienība","vzd_kods":"101189297","majaslapa":"https://www.redcross.lv"}},{"type":"Feature","geometry":{"type":"Point","coordinates":[24.206777,56.602184]},"properties":{"kategorija":"soc_pakalpojumi","id":"1125","nosaukums":"Latvijas SOS Bērnu ciematu asociācijas Īslīces SOS Bērnu ciemats","adrese":"Dzirnavu iela 19, Iecava, Bauskas nov., LV-3913","pakalpojums":"ilgstošās sociālās aprūpes un sociālās rehabilitācijas institūcija","pakalpojuma_forma":"ar izmitināšanu","izmitinasana":"izmitināšana","planotais_klientu_skaits":12,"klienti":"visu vecumu un dzimumu personas","klientu_grupas":["citi","bērni bāreņi un bez vecāku gādības palikušie bērni"],"juridiskais_statuss":"Biedrības struktūrvienība","vzd_kods":"104376691","majaslapa":"https://www.sosbernuciemati.lv"}},{"type":"Feature","geometry":{"type":"Point","coordinates":[23.947457,56.919379]},"properties":{"kategorija":"soc_pakalpojumi","id":"1126","nosaukums":"Mārupes novada Sociālā dienesta Dienas centrs \"Skulte\"","adrese":"Skultes iela 31, Skulte, Mārupes pag., Mārupes nov., LV-2108","pakalpojums":"Dienas centrs","pakalpojuma_forma":"bez izmitināšanas","planotais_klientu_skaits":100,"klienti":"visu vecumu un dzimumu personas","klientu_grupas":["invalīdi ar fiziska rakstura traucējumiem","pensijas vecuma personas","citi","personas ar garīga rakstura traucējumiem","krīzes situācijā nonākušas personas"],"juridiskais_statuss":"Pašvaldības iestādes struktūrvienība","vzd_kods":"104764464","majaslapa":"https://www.marupe.lv"}},{"type":"Feature","geometry":{"type":"Point","coordinates":[26.761085,57.073587]},"properties":{"kategorija":"soc_pakalpojumi","id":"1127","nosaukums":"Gulbenes novada sociālās aprūpes centra \"Siltais\" struktūrvienība \"Dzērves\"","adrese":"\"Dzērves\", Daukstes, Daukstu pag., Gulbenes nov., LV-4429","pakalpojums":"ilgstošās sociālās aprūpes un sociālās rehabilitācijas institūcija","pakalpojuma_forma":"ar izmitināšanu","izmitinasana":"izmitināšana","planotais_klientu_skaits":30,"klienti":"pilngadīgas personas (abu dzimumu)","klientu_grupas":["personas ar garīga rakstura traucējumiem","invalīdi ar fiziska rakstura traucējumiem","pensijas vecuma personas"],"juridiskais_statuss":"Pašvaldības iestādes struktūrvienība","vzd_kods":"104001963"}},{"type":"Feature","geometry":{"type":"Point","coordinates":[22.016688,56.677296]},"properties":{"kategorija":"soc_pakalpojumi","id":"1129","nosaukums":"Biedrības \"Latvijas Samariešu apvienība\" Kurzemes aprūpes dienesta Skrundas-Dienvidkurzemes novada birojs","adrese":"Kuldīgas iela 6, Skrunda, Kuldīgas nov., LV-3326","pakalpojums":"aprūpe mājās","pakalpojuma_forma":"bez izmitināšanas","planotais_klientu_skaits":100,"klienti":"visu vecumu un dzimumu personas","klientu_grupas":["personas ar invaliditāti ar fiziska rakstura traucējumiem","personas ar garīga rakstura traucējumiem","pensijas vecuma personas"],"juridiskais_statuss":"Biedrības struktūrvienība","vzd_kods":"101480944","majaslapa":"https://www.samariesi.lv"}},{"type":"Feature","geometry":{"type":"Point","coordinates":[24.231491,56.822992]},"properties":{"kategorija":"soc_pakalpojumi","id":"113","nosaukums":"Pašvaldības aģentūras \"Ķekavas novada veselības un sociālās aprūpes centrs\"","adrese":"Gaismas iela 19 k-8, Ķekava, Ķekavas nov., LV-2123","pakalpojums":"ilgstoša sociālā aprūpe un sociālā rehabilitācija","pakalpojuma_forma":"ar izmitināšanu","izmitinasana":"izmitināšana","planotais_klientu_skaits":65,"klienti":"pilngadīgas personas (abu dzimumu)","klientu_grupas":["pensijas vecuma personas","citi","personas ar invaliditāti ar fiziska rakstura traucējumiem"],"juridiskais_statuss":"Pašvaldības aģentūra","vzd_kods":"102127746","majaslapa":"https://www.aprupe.kekava.lv"}},{"type":"Feature","geometry":{"type":"Point","coordinates":[23.159716,56.965398]},"properties":{"kategorija":"soc_pakalpojumi","id":"1131","nosaukums":"Biedrības \"Latvijas Samariešu apvienība\" dienesta \"Samariešu atbalsts mājās\" Kurzemes nodaļa","adrese":"Pils iela 13, Tukums, Tukuma nov., LV-3101","pakalpojums":"aprūpe mājās","pakalpojuma_forma":"bez izmitināšanas","planotais_klientu_skaits":200,"klienti":"visu vecumu un dzimumu personas","klientu_grupas":["pensijas vecuma personas","personas ar garīga rakstura traucējumiem","personas ar invaliditāti ar fiziska rakstura traucējumiem"],"juridiskais_statuss":"Biedrības struktūrvienība","vzd_kods":"101213635","majaslapa":"https://www.samariesi.lv"}},{"type":"Feature","geometry":{"type":"Point","coordinates":[25.294379,57.321657]},"properties":{"kategorija":"soc_pakalpojumi","id":"1132","nosaukums":"Biedrības \"Latvijas Samariešu apvienība\" Vidzemes aprūpes dienesta Cēsu, Siguldas-Valmieras birojs","adrese":"Valmieras iela 20A, Cēsis, Cēsu nov., LV-4101","pakalpojums":"aprūpe mājās","pakalpojuma_forma":"bez izmitināšanas","planotais_klientu_skaits":300,"klienti":"visu vecumu un dzimumu personas","klientu_grupas":["personas ar invaliditāti ar fiziska rakstura traucējumiem","pensijas vecuma personas","personas ar garīga rakstura traucējumiem"],"juridiskais_statuss":"Biedrības struktūrvienība","vzd_kods":"102295961","majaslapa":"https://www.samariesi.lv"}},{"type":"Feature","geometry":{"type":"Point","coordinates":[26.756185,57.171835]},"properties":{"kategorija":"soc_pakalpojumi","id":"1133","nosaukums":"Biedrības \"Latvijas Samariešu apvienība\" Vidzemes aprūpes dienesta Balvu, Gulbenes, Smiltenes birojs","adrese":"Ābeļu iela 8, Gulbene, Gulbenes nov., LV-4401","pakalpojums":"aprūpe mājās","pakalpojuma_forma":"bez izmitināšanas","planotais_klientu_skaits":150,"klienti":"visu vecumu un dzimumu personas","klientu_grupas":["pensijas vecuma personas","personas ar invaliditāti ar fiziska rakstura traucējumiem","personas ar garīga rakstura traucējumiem"],"juridiskais_statuss":"Biedrības struktūrvienība","vzd_kods":"102666742","majaslapa":"https://www.samariesi.lv"}},{"type":"Feature","geometry":{"type":"Point","coordinates":[26.20998,56.851003]},"properties":{"kategorija":"soc_pakalpojumi","id":"1135","nosaukums":"Biedrības \"Latvijas Samariešu apvienība\" Vidzemes aprūpes dienesta Madonas birojs","adrese":"Parka iela 6, Madona, Madonas nov., LV-4801","pakalpojums":"aprūpe mājās","pakalpojuma_forma":"bez izmitināšanas","planotais_klientu_skaits":350,"klienti":"visu vecumu un dzimumu personas","klientu_grupas":["personas ar invaliditāti ar fiziska rakstura traucējumiem","pensijas vecuma personas","personas ar garīga rakstura traucējumiem"],"juridiskais_statuss":"Biedrības struktūrvienība","vzd_kods":"101393414","majaslapa":"https://www.samariesi.lv"}},{"type":"Feature","geometry":{"type":"Point","coordinates":[25.8666,56.5039]},"properties":{"kategorija":"soc_pakalpojumi","id":"1139","nosaukums":"Dienas centrs “Kopā būt”","adrese":"Rīgas iela 192, Jēkabpils, Jēkabpils nov., LV-5202","pakalpojums":"dienas centrs","pakalpojuma_forma":"bez izmitināšanas","planotais_klientu_skaits":30,"klienti":"pilngadīgas personas (abu dzimumu)","klientu_grupas":["pensijas vecuma personas","krīzes situācijā nonākušas personas","citi"],"juridiskais_statuss":"Biedrības struktūrvienība","vzd_kods":"105153171","majaslapa":"https://www.vidusdaugavasnvo.lv"}},{"type":"Feature","geometry":{"type":"Point","coordinates":[24.164059,56.930417]},"properties":{"kategorija":"soc_pakalpojumi","id":"1140","nosaukums":"Biedrības \"Latvijas Samariešu apvienība\" īslaicīgās uzturēšanās mītne \"Austra\"","adrese":"Dzērvju iela 1, Rīga, LV-1019","pakalpojums":"cits: īslaicīgās uzturēšanās mītne","pakalpojuma_forma":"ar izmitināšanu","izmitinasana":"izmitināšana","planotais_klientu_skaits":36,"klienti":"visu vecumu un dzimumu personas","klientu_grupas":["krīzes situācijā nonākušas personas"],"juridiskais_statuss":"Biedrības struktūrvienība","vzd_kods":"101878815","majaslapa":"https://www.samariesi.lv"}},{"type":"Feature","geometry":{"type":"Point","coordinates":[21.00207,56.510283]},"properties":{"kategorija":"soc_pakalpojumi","id":"1141","nosaukums":"biedrība \"Centrs MARTA\" Liepājas filiāle","adrese":"Kūrmājas prospekts 11, Liepāja, LV-3401","pakalpojums":"Sociālās rehabilitācijas institūcija","pakalpojuma_forma":"bez izmitināšanas","planotais_klientu_skaits":90,"klienti":"visu vecumu un dzimumu personas","klientu_grupas":["cilvēku tirdzniecības upuri","krīzes situācijā nonākušas personas","personas, kas cietušas no prettiesiskām darbībām (tai skaitā vardarbībā cietušas personas)"],"juridiskais_statuss":"Biedrības struktūrvienība","vzd_kods":"101696714","majaslapa":"https://www.martaliepaja.lv"}},{"type":"Feature","geometry":{"type":"Point","coordinates":[24.050141,57.030693]},"properties":{"kategorija":"soc_pakalpojumi","id":"1142","nosaukums":"Biedrība \"Latvijas Sarkanais Krusts\" Krīzes centrs \"Burtnieks\" apakšvienība \"Individuālās sociālas rehabilitācijas programmas bez un ar izmitināšanu\"","adrese":"Mežrozīšu iela 43 - 45, Rīga, LV-1016","pakalpojums":"cits: Individuālās sociālās rehabilitācijas programmas pakalpojums","pakalpojuma_forma":"ar izmitināšanu un bez izmitināšanas","izmitinasana":"izmitināšana","planotais_klientu_skaits":28,"klienti":"visu vecumu un dzimumu personas","klientu_grupas":["personas ar garīga rakstura traucējumiem"],"juridiskais_statuss":"Biedrības struktūrvienība","vzd_kods":"119378070","majaslapa":"https://www.redcross.lv"}},{"type":"Feature","geometry":{"type":"Point","coordinates":[24.076603,56.930669]},"properties":{"kategorija":"soc_pakalpojumi","id":"1143","nosaukums":"Biedrības \"Latvijas Samariešu apvienība\" Jauniešu sociālās rehabilitācijas un atbalsta nodaļa","adrese":"Cieceres iela 1, Rīga, LV-1002","pakalpojums":"cits: Sociālā rehabilitācija dzīvesvietā","pakalpojuma_forma":"bez izmitināšanas","planotais_klientu_skaits":50,"klienti":"visu vecumu un dzimumu personas","klientu_grupas":["citi"],"juridiskais_statuss":"Biedrības struktūrvienība","vzd_kods":"104608013","majaslapa":"https://www.samariesi.lv"}},{"type":"Feature","geometry":{"type":"Point","coordinates":[24.716871,57.51533]},"properties":{"kategorija":"soc_pakalpojumi","id":"1146","nosaukums":"Pašvaldības sabiedrības ar ierobežotu atbildību \"Limbažu slimnīca\"","adrese":"Klostera iela 3, Limbaži, Limbažu nov., LV-4001","pakalpojums":"ilgstoša sociālā aprūpe un sociālā rehabilitācija","pakalpojuma_forma":"ar izmitināšanu","izmitinasana":"izmitināšana","planotais_klientu_skaits":12,"klienti":"pilngadīgas personas (abu dzimumu)","klientu_grupas":["citi"],"juridiskais_statuss":"SIA struktūrvienība","vzd_kods":"102188596","majaslapa":"https://www.limbazuslimnica.lv"}},{"type":"Feature","geometry":{"type":"Point","coordinates":[24.088404,57.0352]},"properties":{"kategorija":"soc_pakalpojumi","id":"1147","nosaukums":"Biedrības \"Svētā Jāņa Palīdzība\" dienas aprūpes centrs personām ar demenci \"Ozolaine\"","adrese":"Zandartu iela 2A, Rīga, LV-1015","pakalpojums":"dienas aprūpes centrs","pakalpojuma_forma":"bez izmitināšanas","planotais_klientu_skaits":25,"klienti":"pilngadīgas personas (abu dzimumu)","klientu_grupas":["citi","pensijas vecuma personas"],"juridiskais_statuss":"Biedrības struktūrvienība","vzd_kods":"106426450","majaslapa":"https://www.svjp.lv"}},{"type":"Feature","geometry":{"type":"Point","coordinates":[26.289131,56.058618]},"properties":{"kategorija":"soc_pakalpojumi","id":"1149","nosaukums":"SIA \"Veselības centrs Ilūkste\" pansija \"Mūsmājas \"Dižkoks\"\"","adrese":"\"Mūsmājas Dižkoks\", Dviete, Dvietes pag., Augšdaugavas nov., LV-5441","pakalpojums":"pansija","pakalpojuma_forma":"ar izmitināšanu","izmitinasana":"izmitināšana","planotais_klientu_skaits":24,"klienti":"pilngadīgas personas (abu dzimumu)","klientu_grupas":["personas ar invaliditāti ar fiziska rakstura traucējumiem","pensijas vecuma personas"],"juridiskais_statuss":"Pašvaldības SIA","vzd_kods":"103583072","majaslapa":"https://www.veselibascentrsilukste.lv"}},{"type":"Feature","geometry":{"type":"Point","coordinates":[26.608683,56.726339]},"properties":{"kategorija":"soc_pakalpojumi","id":"115","nosaukums":"Barkavas pansionāts","adrese":"Brīvības iela 9, Barkava, Barkavas pag., Madonas nov., LV-4834","pakalpojums":"ilgstošās sociālās aprūpes un sociālās rehabilitācijas institūcija","pakalpojuma_forma":"ar izmitināšanu","izmitinasana":"izmitināšana","planotais_klientu_skaits":40,"klienti":"pilngadīgas personas (abu dzimumu)","klientu_grupas":["pensijas vecuma personas","invalīdi ar fiziska rakstura traucējumiem"],"juridiskais_statuss":"Pašvaldības iestāde","vzd_kods":"101405458"}},{"type":"Feature","geometry":{"type":"Point","coordinates":[24.017876,56.950825]},"properties":{"kategorija":"soc_pakalpojumi","id":"1151","nosaukums":"Biedrība \"Latvijas Kustība par neatkarīgu dzīvi\"","adrese":"Imantas 8. līnija 1 k-3, Rīga, LV-1083","pakalpojums":"cits: Atbalstītās dzīves pakalpojums - individuālās sociālās rehabilitācijas programma","pakalpojuma_forma":"bez izmitināšanas","planotais_klientu_skaits":1,"klienti":"pilngadīgas personas (abu dzimumu)","klientu_grupas":["personas ar garīga rakstura traucējumiem"],"juridiskais_statuss":"Biedrība","vzd_kods":"106322934","majaslapa":"https://www.lkndz.lv"}},{"type":"Feature","geometry":{"type":"Point","coordinates":[26.563816,55.894295]},"properties":{"kategorija":"soc_pakalpojumi","id":"1152","nosaukums":"Daugavpils valstspilsētas pašvaldības iestādes \"Sociālais dienests\" Dienas aprūpes centrs personām ar garīga rakstura traucējumiem specializētā darbnīca","adrese":"Arhitektu iela 21, Daugavpils, LV-5410","pakalpojums":"specializētās darbnīcas","pakalpojuma_forma":"bez izmitināšanas","planotais_klientu_skaits":18,"klienti":"pilngadīgas personas (abu dzimumu)","klientu_grupas":["personas ar garīga rakstura traucējumiem"],"juridiskais_statuss":"Pašvaldības iestādes struktūrvienība","vzd_kods":"102529440","majaslapa":"https://www.socd.lv"}},{"type":"Feature","geometry":{"type":"Point","coordinates":[25.565068,56.343396]},"properties":{"kategorija":"soc_pakalpojumi","id":"1154","nosaukums":"Latvijas Cistiskās fibrozes biedrības Atbalsta centrs \"Viesītei\"","adrese":"Smilšu iela 31 - 25, Viesīte, Jēkabpils nov., LV-5237","pakalpojums":"sociālā rehabilitācija","pakalpojuma_forma":"bez izmitināšanas","planotais_klientu_skaits":40,"klienti":"visu vecumu un dzimumu personas","klientu_grupas":["personas ar garīga rakstura traucējumiem","personas ar invaliditāti ar fiziska rakstura traucējumiem"],"juridiskais_statuss":"Biedrības struktūrvienība","vzd_kods":"110412235","majaslapa":"https://www.cistiskafibroze.lv"}},{"type":"Feature","geometry":{"type":"Point","coordinates":[21.392803,57.007186]},"properties":{"kategorija":"soc_pakalpojumi","id":"1156","nosaukums":"Nodibinājums \"Fonds \"Cilvēks Cilvēkam\"","adrese":"\"Saulgoži\", Jūrkalne, Jūrkalnes pag., Ventspils nov., LV-3626","pakalpojums":"ilgstoša sociālā aprūpe un sociālā rehabilitācija","pakalpojuma_forma":"ar izmitināšanu","izmitinasana":"izmitināšana","planotais_klientu_skaits":24,"klienti":"pilngadīgas personas (abu dzimumu)","klientu_grupas":["personas ar dzirdes invaliditāti","pensijas vecuma personas","personas ar redzes invaliditāti","personas ar invaliditāti ar fiziska rakstura traucējumiem"],"juridiskais_statuss":"Nodibinājums","vzd_kods":"103110670","majaslapa":"https://www.pansionats.com"}},{"type":"Feature","geometry":{"type":"Point","coordinates":[24.181261,56.966888]},"properties":{"kategorija":"soc_pakalpojumi","id":"1158","nosaukums":"Biedrība \"Latvijas Sarkanais Krusts\" Īslaicīgās Uzturēšanas mītne \"Burtnieks\"","adrese":"Burtnieku iela 37, Rīga, LV-1084","pakalpojums":"cits: Īslaicīgās uzturēšanas mītne","pakalpojuma_forma":"ar izmitināšanu","izmitinasana":"izmitināšana","planotais_klientu_skaits":40,"klienti":"pilngadīgas personas (abu dzimumu)","klientu_grupas":["citi","krīzes situācijā nonākušas personas"],"juridiskais_statuss":"Biedrības struktūrvienība","vzd_kods":"101823431","majaslapa":"https://www.redcross.lv"}},{"type":"Feature","geometry":{"type":"Point","coordinates":[25.259338,57.312422]},"properties":{"kategorija":"soc_pakalpojumi","id":"1159","nosaukums":"Biedrība \"Brīnummāja\"","adrese":"Bērzaines iela 16/18, Cēsis, Cēsu nov., LV-4101","pakalpojums":"sociālā rehabilitācija","pakalpojuma_forma":"bez izmitināšanas","planotais_klientu_skaits":110,"klienti":"visu vecumu un dzimumu personas","klientu_grupas":["krīzes situācijā nonākušas personas","personas ar dzirdes invaliditāti","personas ar garīga rakstura traucējumiem","personas, kas atkarīgas no psihoaktīvām vielām","citi","personas ar redzes invaliditāti","bērni bāreņi un bez vecāku gādības palikušie bērni","personas ar invaliditāti ar fiziska rakstura traucējumiem","personas, kas cietušas no prettiesiskām darbībām (tai skaitā vardarbībā cietušas personas)"],"juridiskais_statuss":"Biedrība","vzd_kods":"102959927","majaslapa":"https://www.brinummaja.lv"}},{"type":"Feature","geometry":{"type":"Point","coordinates":[23.834571,56.904501]},"properties":{"kategorija":"soc_pakalpojumi","id":"1162","nosaukums":"Sabiedrība ar ierobežotu atbildību \"Senior Group Latvia\"","adrese":"Briežu iela 3, Lapsas, Babītes pag., Mārupes nov., LV-2107","pakalpojums":"ilgstoša sociālā aprūpe un sociālā rehabilitācija","pakalpojuma_forma":"ar izmitināšanu","izmitinasana":"izmitināšana","planotais_klientu_skaits":14,"klienti":"pilngadīgas personas (abu dzimumu)","klientu_grupas":["pensijas vecuma personas"],"juridiskais_statuss":"SIA","vzd_kods":"105020288","majaslapa":"https://www.seniorgroup.eu"}},{"type":"Feature","geometry":{"type":"Point","coordinates":[21.016572,56.523613]},"properties":{"kategorija":"soc_pakalpojumi","id":"1165","nosaukums":"Biedrības \"House of Hope\" struktūrvienība \"Karostas Kids Sociālā atbalsta centrs\"","adrese":"Rīgas iela 67, Liepāja, LV-3401","pakalpojums":"dienas centrs","pakalpojuma_forma":"bez izmitināšanas","planotais_klientu_skaits":50,"klienti":"visu vecumu un dzimumu personas","klientu_grupas":["citi"],"juridiskais_statuss":"Biedrības struktūrvienība","vzd_kods":"101700374","majaslapa":"https://www.houseofhopelv.com"}},{"type":"Feature","geometry":{"type":"Point","coordinates":[26.519326,55.867536]},"properties":{"kategorija":"soc_pakalpojumi","id":"1166","nosaukums":"Daugavpils valstspilsētas pašvaldības iestāde \"Sociālais dienests\"","adrese":"Krišjāņa Valdemāra iela 13, Daugavpils, LV-5401","pakalpojums":"cits: Ģimenes asistents","pakalpojuma_forma":"bez izmitināšanas","planotais_klientu_skaits":15,"klienti":"visu vecumu un dzimumu personas","klientu_grupas":["citi"],"juridiskais_statuss":"Pašvaldības iestāde","vzd_kods":"101799897","majaslapa":"https://www.soclp.lv"}},{"type":"Feature","geometry":{"type":"Point","coordinates":[21.018373,56.506875]},"properties":{"kategorija":"soc_pakalpojumi","id":"117","nosaukums":"Valsts sociālās aprūpes centra \"Kurzeme\" filiāle \"Liepāja\"","adrese":"Apšu iela 3A, Liepāja, LV-3401","pakalpojums":"ilgstoša sociālā aprūpe un sociālā rehabilitācija","pakalpojuma_forma":"ar izmitināšanu","izmitinasana":"izmitināšana","planotais_klientu_skaits":80,"klienti":"visu vecumu un dzimumu personas","klientu_grupas":["bērni bāreņi un bez vecāku gādības palikušie bērni","citi","personas ar garīga rakstura traucējumiem"],"juridiskais_statuss":"Valsts pārvaldes iestādes struktūrvienība","vzd_kods":"101690004","majaslapa":"https://www.vsackurzeme.gov.lv"}},{"type":"Feature","geometry":{"type":"Point","coordinates":[27.33735,56.499287]},"properties":{"kategorija":"soc_pakalpojumi","id":"1173","nosaukums":"Rēzeknes valstspilsētas pašvaldības pārvaldes \"Sociālais dienests\" Patversme","adrese":"Bukmuižas iela 3, Rēzekne, LV-4601","pakalpojums":"patversme","pakalpojuma_forma":"ar izmitināšanu","izmitinasana":"izmitināšana","planotais_klientu_skaits":40,"klienti":"pilngadīgas personas (abu dzimumu)","klientu_grupas":["personas, kas atgriezušās no ieslodzījuma vietas vai ilgstošas bezpajumtniecības","krīzes situācijā nonākušas personas"],"juridiskais_statuss":"Pašvaldības iestādes struktūrvienība","vzd_kods":"101668211","majaslapa":"https://www.sdrezekne.lv www.rezekne.lv"}},{"type":"Feature","geometry":{"type":"Point","coordinates":[24.074397,56.931353]},"properties":{"kategorija":"soc_pakalpojumi","id":"1176","nosaukums":"Biedrība \"Nepaliec viens\" struktūrvienība Daudzfunkcionālais centrs \"Solis augšup\"","adrese":"Mārupes iela 14A, Rīga, LV-1002","pakalpojums":"sociālā rehabilitācija","pakalpojuma_forma":"bez izmitināšanas","planotais_klientu_skaits":160,"klienti":"visu vecumu un dzimumu personas","klientu_grupas":["citi"],"juridiskais_statuss":"Biedrības struktūrvienība","vzd_kods":"106603140","majaslapa":"https://www.solis.lv"}},{"type":"Feature","geometry":{"type":"Point","coordinates":[24.131945,56.939069]},"properties":{"kategorija":"soc_pakalpojumi","id":"1177","nosaukums":"Svētā Lūkas atbalsta biedrība","adrese":"Bārddziņu iela 2, Rīga, LV-1003","pakalpojums":"sociālā rehabilitācija","pakalpojuma_forma":"bez izmitināšanas","planotais_klientu_skaits":20,"klienti":"pilngadīgas personas (abu dzimumu)","klientu_grupas":["personas, kas atgriezušās no ieslodzījuma vietas vai ilgstošas bezpajumtniecības","citi"],"juridiskais_statuss":"Biedrība","vzd_kods":"101819070","majaslapa":"https://www.facebook.lv/SaintLukeGroup"}},{"type":"Feature","geometry":{"type":"Point","coordinates":[25.959659,56.518808]},"properties":{"kategorija":"soc_pakalpojumi","id":"118","nosaukums":"Jēkabpils novada pašvaldības aģentūra \"Jaunāmuiža\"","adrese":"\"Jaunā Muiža\", Kūku pag., Jēkabpils nov., LV-5222","pakalpojums":"ilgstoša sociālā aprūpe un sociālā rehabilitācija","pakalpojuma_forma":"ar izmitināšanu","izmitinasana":"izmitināšana","planotais_klientu_skaits":275,"klienti":"pilngadīgas personas (abu dzimumu)","klientu_grupas":["personas ar invaliditāti ar fiziska rakstura traucējumiem","pensijas vecuma personas"],"juridiskais_statuss":"Pašvaldības aģentūra","vzd_kods":"103493951","majaslapa":"https://www.jaunamuiza.lv"}},{"type":"Feature","geometry":{"type":"Point","coordinates":[27.160694,55.901445]},"properties":{"kategorija":"soc_pakalpojumi","id":"1181","nosaukums":"Krāslavas bērnu sociālās rehabilitācijas centrs \"Mūsmājas\"","adrese":"Pils iela 5, Krāslava, Krāslavas nov., LV-5601","pakalpojums":"sociālā rehabilitācija","pakalpojuma_forma":"bez izmitināšanas","planotais_klientu_skaits":24,"klienti":"visu vecumu un dzimumu personas","klientu_grupas":["personas, kas cietušas no prettiesiskām darbībām (tai skaitā vardarbībā cietušas personas)","krīzes situācijā nonākušas personas","cilvēku tirdzniecības upuri","personas ar garīga rakstura traucējumiem","personas, kas atkarīgas no psihoaktīvām vielām","personas ar invaliditāti ar fiziska rakstura traucējumiem","bērni bāreņi un bez vecāku gādības palikušie bērni"],"juridiskais_statuss":"Pašvaldības iestāde","vzd_kods":"101490143","majaslapa":"https://www.kraslava.lv"}},{"type":"Feature","geometry":{"type":"Point","coordinates":[24.188296,56.993639]},"properties":{"kategorija":"soc_pakalpojumi","id":"1186","nosaukums":"Nodibinājums \"Palīdzēsim.lv\"","adrese":"Viskaļu iela 36A, Rīga, LV-1006","pakalpojums":"dienas aprūpes centrs","pakalpojuma_forma":"bez izmitināšanas","planotais_klientu_skaits":80,"klienti":"visu vecumu un dzimumu personas","klientu_grupas":["bērni bāreņi un bez vecāku gādības palikušie bērni","personas ar garīga rakstura traucējumiem","personas ar dzirdes invaliditāti","citi","personas ar redzes invaliditāti","personas ar invaliditāti ar fiziska rakstura traucējumiem"],"juridiskais_statuss":"Nodibinājums","vzd_kods":"106691973","majaslapa":"https://www.palidzesim.lv"}},{"type":"Feature","geometry":{"type":"Point","coordinates":[24.59845,56.818881]},"properties":{"kategorija":"soc_pakalpojumi","id":"1194","nosaukums":"Biedrības \"Latvijas Samariešu apvienība\" Vidzemes aprūpes dienesta Ogres, Ropažu birojs","adrese":"Upes prospekts 16, Ogre, Ogres nov., LV-5001","pakalpojums":"aprūpe mājās","pakalpojuma_forma":"bez izmitināšanas","planotais_klientu_skaits":150,"klienti":"visu vecumu un dzimumu personas","klientu_grupas":["pensijas vecuma personas","personas ar invaliditāti ar fiziska rakstura traucējumiem","personas ar garīga rakstura traucējumiem"],"juridiskais_statuss":"Biedrības struktūrvienība","vzd_kods":"101367630","majaslapa":"https://www.samariesi.lv"}},{"type":"Feature","geometry":{"type":"Point","coordinates":[24.172222,56.914014]},"properties":{"kategorija":"soc_pakalpojumi","id":"1197","nosaukums":"SIA \"Rīgas veselības centrs\"","adrese":"Kaņiera iela 13, Rīga, LV-1063","pakalpojums":"sociālā rehabilitācija","pakalpojuma_forma":"bez izmitināšanas","planotais_klientu_skaits":10,"klienti":"visu vecumu un dzimumu personas","klientu_grupas":["personas ar dzirdes invaliditāti","personas ar garīga rakstura traucējumiem","personas ar invaliditāti ar fiziska rakstura traucējumiem","personas ar redzes invaliditāti"],"juridiskais_statuss":"SIA","vzd_kods":"101841587","majaslapa":"https://www.rigasveseliba.lv"}},{"type":"Feature","geometry":{"type":"Point","coordinates":[24.019267,56.951164]},"properties":{"kategorija":"soc_pakalpojumi","id":"1198","nosaukums":"SIA \"Rīgas veselības centrs\"","adrese":"Imantas 8. līnija 1 k-1 - 1, Rīga, LV-1083","pakalpojums":"sociālā rehabilitācija","pakalpojuma_forma":"bez izmitināšanas","planotais_klientu_skaits":10,"klienti":"visu vecumu un dzimumu personas","klientu_grupas":["personas ar garīga rakstura traucējumiem","personas ar dzirdes invaliditāti","personas ar invaliditāti ar fiziska rakstura traucējumiem","personas ar redzes invaliditāti"],"juridiskais_statuss":"SIA","vzd_kods":"118893397","majaslapa":"https://www.rigasveseliba.lv"}},{"type":"Feature","geometry":{"type":"Point","coordinates":[24.08977,56.902446]},"properties":{"kategorija":"soc_pakalpojumi","id":"1199","nosaukums":"SIA \"Rīgas veselības centrs\"","adrese":"Spulgas iela 24, Rīga, LV-1058","pakalpojums":"sociālā rehabilitācija","pakalpojuma_forma":"bez izmitināšanas","planotais_klientu_skaits":10,"klienti":"visu vecumu un dzimumu personas","klientu_grupas":["personas ar invaliditāti ar fiziska rakstura traucējumiem","personas ar garīga rakstura traucējumiem","personas ar dzirdes invaliditāti","personas ar redzes invaliditāti"],"juridiskais_statuss":"SIA","vzd_kods":"102014683","majaslapa":"https://www.rigasveseliba.lv"}},{"type":"Feature","geometry":{"type":"Point","coordinates":[24.9267,57.177977]},"properties":{"kategorija":"soc_pakalpojumi","id":"1201","nosaukums":"Biedrības \"Cerību spārni\" Grupu māja “Cerību māja”","adrese":"\"Kārkli\", Siguldas pag., Siguldas nov., LV-2150","pakalpojums":"grupu māja (dzīvoklis)","pakalpojuma_forma":"ar izmitināšanu","izmitinasana":"izmitināšana","planotais_klientu_skaits":14,"klienti":"pilngadīgas personas (abu dzimumu)","klientu_grupas":["personas ar garīga rakstura traucējumiem"],"juridiskais_statuss":"Biedrības struktūrvienība","vzd_kods":"101106294","majaslapa":"https://www.ceribusparni.lv"}},{"type":"Feature","geometry":{"type":"Point","coordinates":[21.001656,56.521047]},"properties":{"kategorija":"soc_pakalpojumi","id":"1203","nosaukums":"Biedrība \"Latvijas Portidžas mācībsistēmas asociācija\"","adrese":"Atslēdznieku iela 29, Liepāja, LV-3401","pakalpojums":"sociālā rehabilitācija","pakalpojuma_forma":"bez izmitināšanas","planotais_klientu_skaits":20,"klienti":"bērni, kuri uzturas kopā ar vecākiem, tuviniekiem, aizbildņiem","klientu_grupas":["personas ar garīga rakstura traucējumiem"],"juridiskais_statuss":"Biedrības struktūrvienība","vzd_kods":"103794210","majaslapa":"https://Facebook :\"Portidžas agrīnā korekcija\""}},{"type":"Feature","geometry":{"type":"Point","coordinates":[22.596768,56.385941]},"properties":{"kategorija":"soc_pakalpojumi","id":"1206","nosaukums":"Biedrības “Latvijas Sarkanais Krusts” sociālās aprūpes centrs „Ruba”","adrese":"\"Internātskola\", Rubas pag., Saldus nov., LV-3894","pakalpojums":"ilgstoša sociālā aprūpe un sociālā rehabilitācija","pakalpojuma_forma":"ar izmitināšanu","izmitinasana":"izmitināšana","planotais_klientu_skaits":140,"klienti":"pilngadīgas personas (abu dzimumu)","klientu_grupas":["pensijas vecuma personas","personas ar invaliditāti ar fiziska rakstura traucējumiem","personas ar garīga rakstura traucējumiem"],"juridiskais_statuss":"Biedrības struktūrvienība","vzd_kods":"103523023","majaslapa":"https://www.redcross.lv"}},{"type":"Feature","geometry":{"type":"Point","coordinates":[21.562694,57.394828]},"properties":{"kategorija":"soc_pakalpojumi","id":"121","nosaukums":"Bērnu sociālās aprūpes centrs \"Namiņš\"","adrese":"Skroderu iela 13, Ventspils, LV-3601","pakalpojums":"ilgstoša sociālā aprūpe un sociālā rehabilitācija","pakalpojuma_forma":"ar izmitināšanu","izmitinasana":"izmitināšana","planotais_klientu_skaits":12,"klienti":"bērni (abu dzimumu)","klientu_grupas":["bērni bāreņi un bez vecāku gādības palikušie bērni"],"juridiskais_statuss":"Pašvaldības iestādes struktūrvienība","vzd_kods":"101659573","majaslapa":"https://labklajiba.ventspils.lv"}},{"type":"Feature","geometry":{"type":"Point","coordinates":[21.56958,57.356429]},"properties":{"kategorija":"soc_pakalpojumi","id":"122","nosaukums":"Ventspils Sociālās aprūpes nams \"Selga\"","adrese":"Pērkoņu iela 21, Ventspils, LV-3601","pakalpojums":"ilgstošās sociālās aprūpes un sociālās rehabilitācijas institūcija","pakalpojuma_forma":"ar izmitināšanu","izmitinasana":"izmitināšana","planotais_klientu_skaits":140,"klienti":"pilngadīgas personas (abu dzimumu)","klientu_grupas":["citi","invalīdi ar fiziska rakstura traucējumiem","pensijas vecuma personas"],"juridiskais_statuss":"Pašvaldības iestādes struktūrvienība","vzd_kods":"105542114","majaslapa":"https://labklajiba.ventspils.lv"}},{"type":"Feature","geometry":{"type":"Point","coordinates":[24.125021,56.959548]},"properties":{"kategorija":"soc_pakalpojumi","id":"1221","nosaukums":"SIA \"Aprūpes centrs \"AGATE\"\"","adrese":"Bruņinieku iela 8 - 5A, Rīga, LV-1010","pakalpojums":"dienas aprūpes centrs","pakalpojuma_forma":"bez izmitināšanas","planotais_klientu_skaits":30,"klienti":"pilngadīgas personas (abu dzimumu)","klientu_grupas":["krīzes situācijā nonākušas personas","pensijas vecuma personas","citi"],"juridiskais_statuss":"SIA","vzd_kods":"118168958","majaslapa":"https://www.dacagate.lv"}},{"type":"Feature","geometry":{"type":"Point","coordinates":[21.966124,56.964431]},"properties":{"kategorija":"soc_pakalpojumi","id":"1224","nosaukums":"Biedrības \"Latvijas Samariešu apvienība\" Senioru Dienas aprūpes centrs \"Pūces\"","adrese":"Dzirnavu iela 18, Kuldīga, Kuldīgas nov., LV-3301","pakalpojums":"dienas aprūpes centrs","pakalpojuma_forma":"bez izmitināšanas","planotais_klientu_skaits":20,"klienti":"pilngadīgas personas (abu dzimumu)","klientu_grupas":["pensijas vecuma personas"],"juridiskais_statuss":"Biedrības struktūrvienība","vzd_kods":"101470306","majaslapa":"https://www.samariesi.lv"}},{"type":"Feature","geometry":{"type":"Point","coordinates":[27.342405,56.509838]},"properties":{"kategorija":"soc_pakalpojumi","id":"1225","nosaukums":"Rēzeknes valstspilsētas pašvaldības pārvalde \"Sociālais dienests\"","adrese":"Zemnieku iela 16A, Rēzekne, LV-4601","pakalpojums":"dienas centrs","pakalpojuma_forma":"bez izmitināšanas","planotais_klientu_skaits":256,"klienti":"pilngadīgas personas (abu dzimumu)","klientu_grupas":["personas ar invaliditāti ar fiziska rakstura traucējumiem","pensijas vecuma personas"],"juridiskais_statuss":"Pašvaldības iestāde","vzd_kods":"101687795","majaslapa":"https://www.sdrezekne.lv"}},{"type":"Feature","geometry":{"type":"Point","coordinates":[24.122355,56.958213]},"properties":{"kategorija":"soc_pakalpojumi","id":"1228","nosaukums":"Senior Latvia SIA","adrese":"Baznīcas iela 24 - 1, Rīga, LV-1010","pakalpojums":"aprūpe mājās","pakalpojuma_forma":"bez izmitināšanas","planotais_klientu_skaits":500,"klienti":"visu vecumu un dzimumu personas","klientu_grupas":["personas ar garīga rakstura traucējumiem","personas ar dzirdes invaliditāti","personas ar invaliditāti ar fiziska rakstura traucējumiem","pensijas vecuma personas","personas ar onkoloģiskām slimībām un viņu ģimenes locekļi","personas ar redzes invaliditāti"],"juridiskais_statuss":"SIA","vzd_kods":"111896512","majaslapa":"https://www.seniorgroup.eu"}},{"type":"Feature","geometry":{"type":"Point","coordinates":[24.154601,56.934884]},"properties":{"kategorija":"soc_pakalpojumi","id":"1229","nosaukums":"Rīgas pilsētas \"Rūpju bērns\"","adrese":"Balvu iela 11, Rīga, LV-1003","pakalpojums":"cits: Individuālās sociālās rehabilitācijas pakalpojums","pakalpojuma_forma":"bez izmitināšanas","planotais_klientu_skaits":30,"klienti":"visu vecumu un dzimumu personas","klientu_grupas":["personas ar garīga rakstura traucējumiem"],"juridiskais_statuss":"Biedrība","vzd_kods":"101818993","majaslapa":"https://www.rupjuberns.lv"}},{"type":"Feature","geometry":{"type":"Point","coordinates":[26.72699,56.291619]},"properties":{"kategorija":"soc_pakalpojumi","id":"1230","nosaukums":"Sabiedrība ar ierobežotu atbildību \"Preiļu slimnīca\"","adrese":"Raiņa bulvāris 13, Preiļi, Preiļu nov., LV-5301","pakalpojums":"aprūpe mājās","pakalpojuma_forma":"bez izmitināšanas","planotais_klientu_skaits":160,"klienti":"visu vecumu un dzimumu personas","klientu_grupas":["personas ar invaliditāti ar fiziska rakstura traucējumiem","pensijas vecuma personas"],"juridiskais_statuss":"SIA","vzd_kods":"101332855","majaslapa":"https://www.preilimed.lv"}},{"type":"Feature","geometry":{"type":"Point","coordinates":[21.966124,56.964431]},"properties":{"kategorija":"soc_pakalpojumi","id":"1232","nosaukums":"Biedrības \"Latvijas Samariešu apvienība\" Kurzemes aprūpes dienesta Kuldīgas - Ventspils novada birojs","adrese":"Dzirnavu iela 18, Kuldīga, Kuldīgas nov., LV-3301","pakalpojums":"aprūpe mājās","pakalpojuma_forma":"bez izmitināšanas","planotais_klientu_skaits":320,"klienti":"pilngadīgas personas (abu dzimumu)","klientu_grupas":["personas ar invaliditāti ar fiziska rakstura traucējumiem","pensijas vecuma personas","personas ar garīga rakstura traucējumiem"],"juridiskais_statuss":"Biedrības struktūrvienība","vzd_kods":"101470306","majaslapa":"https://www.samariesi.lv"}},{"type":"Feature","geometry":{"type":"Point","coordinates":[24.033939,56.960232]},"properties":{"kategorija":"soc_pakalpojumi","id":"1233","nosaukums":"Biedrības \"Latvijas Sarkanais Krusts\" ģimenes asistentu pakalpojums","adrese":"Slokas iela 161, Rīga, LV-1067","pakalpojums":"cits: Ģimenes asistenta pakalpojums.","pakalpojuma_forma":"bez izmitināšanas","planotais_klientu_skaits":100,"klienti":"visu vecumu un dzimumu personas","klientu_grupas":["citi"],"juridiskais_statuss":"Biedrība","vzd_kods":"101136663","majaslapa":"https://www.redcross.lv"}},{"type":"Feature","geometry":{"type":"Point","coordinates":[25.460618,57.664081]},"properties":{"kategorija":"soc_pakalpojumi","id":"1234","nosaukums":"CAMPHILL NODIBINĀJUMS \"ROŽKALNI\"","adrese":"\"Rožkalni\", Rencēnu pag., Valmieras nov., LV-4232","pakalpojums":"specializētās darbnīcas","pakalpojuma_forma":"bez izmitināšanas","planotais_klientu_skaits":12,"klienti":"pilngadīgas personas (abu dzimumu)","klientu_grupas":["personas ar garīga rakstura traucējumiem"],"juridiskais_statuss":"Nodibinājums","vzd_kods":"103544393","majaslapa":"https://www.camphillrozkalni.lv"}},{"type":"Feature","geometry":{"type":"Point","coordinates":[26.594647,57.059442]},"properties":{"kategorija":"soc_pakalpojumi","id":"1235","nosaukums":"Gulbenes novada sociālās aprūpes centrs \"Jaungulbenes Alejas\"","adrese":"\"Jaungulbenes Alejas\", Jaungulbene, Jaungulbenes pag., Gulbenes nov., LV-4420","pakalpojums":"ilgstoša sociālā aprūpe un sociālā rehabilitācija","pakalpojuma_forma":"ar izmitināšanu","izmitinasana":"izmitināšana","planotais_klientu_skaits":99,"klienti":"pilngadīgas personas (abu dzimumu)","klientu_grupas":["pensijas vecuma personas","personas ar invaliditāti ar fiziska rakstura traucējumiem"],"juridiskais_statuss":"Pašvaldības iestāde","vzd_kods":"104125700"}},{"type":"Feature","geometry":{"type":"Point","coordinates":[20.99701,56.49997]},"properties":{"kategorija":"soc_pakalpojumi","id":"1236","nosaukums":"Valsts sabiedrība ar ierobežotu atbildību \"Piejūras slimnīca\"","adrese":"Jūrmalas iela 2, Liepāja, LV-3401","pakalpojums":"krīzes tālrunis vai uzticības tālrunis","pakalpojuma_forma":"bez izmitināšanas","planotais_klientu_skaits":100,"klienti":"visu vecumu un dzimumu personas","klientu_grupas":["personas ar garīga rakstura traucējumiem","citi"],"juridiskais_statuss":"Valsts SIA","vzd_kods":"101694960","majaslapa":"https://www.piejurasslimnica.lv"}},{"type":"Feature","geometry":{"type":"Point","coordinates":[27.237502,57.340337]},"properties":{"kategorija":"soc_pakalpojumi","id":"1238","nosaukums":"Alūksnes novada Sociālo lietu pārvaldes Sociālās aprūpes centrs \"Pīlādži\"","adrese":"\"Saules\", Mālupe, Mālupes pag., Alūksnes nov., LV-4358","pakalpojums":"ilgstoša sociālā aprūpe un sociālā rehabilitācija","pakalpojuma_forma":"ar izmitināšanu","izmitinasana":"izmitināšana","planotais_klientu_skaits":59,"klienti":"pilngadīgas personas (abu dzimumu)","klientu_grupas":["pensijas vecuma personas","personas ar invaliditāti ar fiziska rakstura traucējumiem"],"juridiskais_statuss":"Pašvaldības iestādes struktūrvienība","vzd_kods":"106801922"}},{"type":"Feature","geometry":{"type":"Point","coordinates":[23.697445,56.419156]},"properties":{"kategorija":"soc_pakalpojumi","id":"1239","nosaukums":"Jelgavas novada Sociālās aprūpes un rehabilitācijas centrs \"Eleja\" Pilngadīgo personu nodaļa","adrese":"Parka iela 11, Eleja, Elejas pag., Jelgavas nov., LV-3023","pakalpojums":"ilgstoša sociālā aprūpe un sociālā rehabilitācija","pakalpojuma_forma":"ar izmitināšanu","izmitinasana":"izmitināšana","planotais_klientu_skaits":30,"klienti":"pilngadīgas personas (abu dzimumu)","klientu_grupas":["pensijas vecuma personas"],"juridiskais_statuss":"Pašvaldības iestāde","vzd_kods":"101537950","majaslapa":"https://www.jelgavasnovads.lv"}},{"type":"Feature","geometry":{"type":"Point","coordinates":[25.439359,57.525311]},"properties":{"kategorija":"soc_pakalpojumi","id":"1249","nosaukums":"Biedrības \"Latvijas Samariešu apvienība\" Sociālo pakalpojumu centra \"Vanags\" Valmieras Grupu dzīvoklis","adrese":"Ūdens iela 2C - 6, Valmiera, Valmieras nov., LV-4201","pakalpojums":"grupu māja (dzīvoklis)","pakalpojuma_forma":"ar izmitināšanu","izmitinasana":"izmitināšana","planotais_klientu_skaits":16,"klienti":"pilngadīgas personas (abu dzimumu)","klientu_grupas":["personas ar garīga rakstura traucējumiem"],"juridiskais_statuss":"Biedrības struktūrvienība","vzd_kods":"114783733","majaslapa":"https://www.samariesi.lv"}},{"type":"Feature","geometry":{"type":"Point","coordinates":[21.020174,56.49825]},"properties":{"kategorija":"soc_pakalpojumi","id":"125","nosaukums":"Liepājas valstspilsētas pašvaldības iestāde \"Liepājas Sociālais dienests\" Bērnu atbalsta centrs \"Dzintari\"","adrese":"Salmu iela 53, Liepāja, LV-3411","pakalpojums":"ilgstoša sociālā aprūpe un sociālā rehabilitācija","pakalpojuma_forma":"ar izmitināšanu","izmitinasana":"izmitināšana","planotais_klientu_skaits":8,"klienti":"bērni (abu dzimumu)","klientu_grupas":["bērni bāreņi un bez vecāku gādības palikušie bērni"],"juridiskais_statuss":"Pašvaldības iestādes struktūrvienība","vzd_kods":"102438684","majaslapa":"https://www.liepaja.lv/bernu-atbalsta-centrs-dzintari/"}},{"type":"Feature","geometry":{"type":"Point","coordinates":[23.999301,56.950804]},"properties":{"kategorija":"soc_pakalpojumi","id":"1251","nosaukums":"Biedrība \"Dzintarkrasta serviss\" sociālās aprūpes centrs \"Liepa\"","adrese":"Akāciju iela 5, Rīga, LV-1069","pakalpojums":"ilgstoša sociālā aprūpe un sociālā rehabilitācija","pakalpojuma_forma":"ar izmitināšanu","izmitinasana":"izmitināšana","planotais_klientu_skaits":20,"klienti":"pilngadīgas personas (abu dzimumu)","klientu_grupas":["personas ar invaliditāti ar fiziska rakstura traucējumiem","pensijas vecuma personas"],"juridiskais_statuss":"Biedrība","vzd_kods":"106365227","majaslapa":"https://www.pansionatsliepa.lv"}},{"type":"Feature","geometry":{"type":"Point","coordinates":[23.834714,56.904779]},"properties":{"kategorija":"soc_pakalpojumi","id":"1252","nosaukums":"Sabiedrība ar ierobežotu atbildību \"Senior Group Latvia\" struktūrvienība \"Senior Babīte\"","adrese":"Briežu iela 1, Lapsas, Babītes pag., Mārupes nov., LV-2107","pakalpojums":"ilgstoša sociālā aprūpe un sociālā rehabilitācija","pakalpojuma_forma":"ar izmitināšanu","izmitinasana":"izmitināšana","planotais_klientu_skaits":14,"klienti":"pilngadīgas personas (abu dzimumu)","klientu_grupas":["pensijas vecuma personas"],"juridiskais_statuss":"SIA struktūrvienība","vzd_kods":"105020271","majaslapa":"https://www.seniorgroup.eu"}},{"type":"Feature","geometry":{"type":"Point","coordinates":[26.756599,56.062492]},"properties":{"kategorija":"soc_pakalpojumi","id":"1254","nosaukums":"Augšdaugavas novada Sociālā dienesta struktūrvienība Dienas aprūpes centrs","adrese":"\"Rūpes\", Višķu tehnikums, Višķu pag., Augšdaugavas nov., LV-5481","pakalpojums":"dienas aprūpes centrs","pakalpojuma_forma":"bez izmitināšanas","planotais_klientu_skaits":20,"klienti":"pilngadīgas personas (abu dzimumu)","klientu_grupas":["personas ar invaliditāti ar fiziska rakstura traucējumiem","pensijas vecuma personas","personas ar garīga rakstura traucējumiem"],"juridiskais_statuss":"Pašvaldības iestādes struktūrvienība","vzd_kods":"104778273","majaslapa":"https://www.augsdaugavasnovads.lv"}},{"type":"Feature","geometry":{"type":"Point","coordinates":[24.129207,56.956125]},"properties":{"kategorija":"soc_pakalpojumi","id":"1257","nosaukums":"Biedrības „Latvijas SOS Bērnu ciematu asociācija” SOS Ģimeņu atbalsta centrs “AIRI vecākiem”","adrese":"Stabu iela 33A, Rīga, LV-1011","pakalpojums":"sociālā rehabilitācija","pakalpojuma_forma":"bez izmitināšanas","planotais_klientu_skaits":96,"klienti":"visu vecumu un dzimumu personas","klientu_grupas":["bērni bāreņi un bez vecāku gādības palikušie bērni","citi"],"juridiskais_statuss":"Biedrības struktūrvienība","vzd_kods":"104592261","majaslapa":"https://www.sosbernuciemati.lv"}},{"type":"Feature","geometry":{"type":"Point","coordinates":[24.181261,56.966888]},"properties":{"kategorija":"soc_pakalpojumi","id":"1261","nosaukums":"Nodibinājums \"Latvijas Bērnu atbalsta fonds\"","adrese":"Burtnieku iela 37, Rīga, LV-1084","pakalpojums":"sociālā rehabilitācija","pakalpojuma_forma":"bez izmitināšanas","planotais_klientu_skaits":72,"klienti":"visu vecumu un dzimumu personas","klientu_grupas":["citi"],"juridiskais_statuss":"Nodibinājums","vzd_kods":"101823431","majaslapa":"https://www.lbaf.lv"}},{"type":"Feature","geometry":{"type":"Point","coordinates":[24.050782,56.946182]},"properties":{"kategorija":"soc_pakalpojumi","id":"1262","nosaukums":"Latvijas Nedzirdīgo savienība","adrese":"Elvīras iela 19 k-2, Rīga, LV-1083","pakalpojums":"dienas centrs","pakalpojuma_forma":"bez izmitināšanas","planotais_klientu_skaits":10,"klienti":"visu vecumu un dzimumu personas","klientu_grupas":["personas ar dzirdes invaliditāti"],"juridiskais_statuss":"Biedrības struktūrvienība","vzd_kods":"106596926","majaslapa":"https://www.lns.lv"}},{"type":"Feature","geometry":{"type":"Point","coordinates":[26.01052,57.78492]},"properties":{"kategorija":"soc_pakalpojumi","id":"1263","nosaukums":"Biedrība \"Latvijas Sarkanais Krusts\" Vidzemes komiteja sociālās aprūpes centrs \"Valka\"","adrese":"Rūjienas iela 3E, Valka, Valkas nov., LV-4701","pakalpojums":"ilgstoša sociālā aprūpe un sociālā rehabilitācija","pakalpojuma_forma":"ar izmitināšanu","izmitinasana":"izmitināšana","planotais_klientu_skaits":85,"klienti":"pilngadīgas personas (abu dzimumu)","klientu_grupas":["pensijas vecuma personas","krīzes situācijā nonākušas personas"],"juridiskais_statuss":"Biedrība","vzd_kods":"105274225","majaslapa":"https://www.redcross.lv"}},{"type":"Feature","geometry":{"type":"Point","coordinates":[24.193295,56.407773]},"properties":{"kategorija":"soc_pakalpojumi","id":"1264","nosaukums":"Latvijas Sarkanais Krusts, Birojs Aprūpe mājās Bauska","adrese":"Dārza iela 12B, Bauska, Bauskas nov., LV-3901","pakalpojums":"aprūpe mājās","pakalpojuma_forma":"bez izmitināšanas","planotais_klientu_skaits":95,"klienti":"visu vecumu un dzimumu personas","klientu_grupas":["pensijas vecuma personas"],"juridiskais_statuss":"Biedrība","vzd_kods":"101099001","majaslapa":"https://www.redcross.lv"}},{"type":"Feature","geometry":{"type":"Point","coordinates":[24.202577,56.396161]},"properties":{"kategorija":"soc_pakalpojumi","id":"1265","nosaukums":"Latvijas SOS - bērnu ciematu asociācija","adrese":"Rudzu iela 14 k-9, Bauska, Bauskas nov., LV-3901","pakalpojums":"sociālā rehabilitācija","pakalpojuma_forma":"ar izmitināšanu","izmitinasana":"izmitināšana","planotais_klientu_skaits":8,"klienti":"pilngadīgas personas (abu dzimumu)","klientu_grupas":["citi"],"juridiskais_statuss":"Biedrība","vzd_kods":"101155931","majaslapa":"https://www.sosbernuciemati.lv"}},{"type":"Feature","geometry":{"type":"Point","coordinates":[25.397966,57.542367]},"properties":{"kategorija":"soc_pakalpojumi","id":"1266","nosaukums":"Latvijas SOS Bērnu ciematu asociācijas Valmieras SOS Bērnu ciemats","adrese":"Ganību iela 3, Valmiera, Valmieras nov., LV-4201","pakalpojums":"sociālā rehabilitācija","pakalpojuma_forma":"ar izmitināšanu","izmitinasana":"izmitināšana","planotais_klientu_skaits":8,"klienti":"pilngadīgas personas (abu dzimumu)","klientu_grupas":["citi"],"juridiskais_statuss":"Biedrības struktūrvienība","vzd_kods":"105972738","majaslapa":"https://www.sosbernuciemati.lv"}},{"type":"Feature","geometry":{"type":"Point","coordinates":[24.110013,56.958211]},"properties":{"kategorija":"soc_pakalpojumi","id":"1268","nosaukums":"\"Resiliences centrs\"","adrese":"Elizabetes iela 31 - 13, Rīga, LV-1010","pakalpojums":"sociālā rehabilitācija","pakalpojuma_forma":"bez izmitināšanas","planotais_klientu_skaits":65,"klienti":"visu vecumu un dzimumu personas","klientu_grupas":["bērni bāreņi un bez vecāku gādības palikušie bērni","citi","personas ar garīga rakstura traucējumiem"],"juridiskais_statuss":"Biedrība","vzd_kods":"111634912","majaslapa":"https://resilience.lv/"}},{"type":"Feature","geometry":{"type":"Point","coordinates":[24.154601,56.934884]},"properties":{"kategorija":"soc_pakalpojumi","id":"1269","nosaukums":"Sabiedrība ar ierobežotu atbildību \"RB Ģimenes asistentu serviss\"","adrese":"Balvu iela 11, Rīga, LV-1003","pakalpojums":"cits: Ģimenes asistentu pakalpojums","pakalpojuma_forma":"bez izmitināšanas","planotais_klientu_skaits":30,"klienti":"pilngadīgas personas (abu dzimumu)","klientu_grupas":["personas ar garīga rakstura traucējumiem"],"juridiskais_statuss":"SIA","vzd_kods":"101818993"}},{"type":"Feature","geometry":{"type":"Point","coordinates":[21.016563,56.515176]},"properties":{"kategorija":"soc_pakalpojumi","id":"1272","nosaukums":"\"Sociālā atbalsta un izglītības fonds\" struktūrvienība Kurzemes ģimeņu atbalsta centrs \"Liepāja\"","adrese":"Brīvības iela 9, Liepāja, LV-3401","pakalpojums":"cits: Ģimenes asistenta pakalpojums.","pakalpojuma_forma":"bez izmitināšanas","planotais_klientu_skaits":80,"klienti":"visu vecumu un dzimumu personas","klientu_grupas":["personas ar garīga rakstura traucējumiem","citi"],"juridiskais_statuss":"Nodibinājums","vzd_kods":"102398941","majaslapa":"https://www.atbalstafonds.lv"}},{"type":"Feature","geometry":{"type":"Point","coordinates":[21.016563,56.515176]},"properties":{"kategorija":"soc_pakalpojumi","id":"1273","nosaukums":"\"Sociālā atbalsta un izglītības fonds\" struktūrvienība Kurzemes ģimeņu atbalsta centrs \"Liepāja\"","adrese":"Brīvības iela 9, Liepāja, LV-3401","pakalpojums":"sociālā rehabilitācija","pakalpojuma_forma":"bez izmitināšanas","planotais_klientu_skaits":90,"klienti":"visu vecumu un dzimumu personas","klientu_grupas":["personas ar garīga rakstura traucējumiem","krīzes situācijā nonākušas personas","citi","bērni bāreņi un bez vecāku gādības palikušie bērni"],"juridiskais_statuss":"Nodibinājums","vzd_kods":"102398941","majaslapa":"https://www.atbalstafonds.lv"}},{"type":"Feature","geometry":{"type":"Point","coordinates":[24.08304,56.929694]},"properties":{"kategorija":"soc_pakalpojumi","id":"1274","nosaukums":"Nodibinājums \"CARITAS LATVIJA\"","adrese":"Ojāra Vācieša iela 6 k-1, Rīga, LV-1004","pakalpojums":"sociālā rehabilitācija","pakalpojuma_forma":"bez izmitināšanas","planotais_klientu_skaits":70,"klienti":"visu vecumu un dzimumu personas","klientu_grupas":["personas ar garīga rakstura traucējumiem","personas ar invaliditāti ar fiziska rakstura traucējumiem","personas ar redzes invaliditāti","personas ar dzirdes invaliditāti"],"juridiskais_statuss":"Nodibinājums","vzd_kods":"106615485","majaslapa":"https://www.caritas.lv"}},{"type":"Feature","geometry":{"type":"Point","coordinates":[24.130601,57.021476]},"properties":{"kategorija":"soc_pakalpojumi","id":"1277","nosaukums":"\"Sociālo pakalpojumu attīstības centrs\"","adrese":"Ezera iela 21 - 33, Rīga, LV-1034","pakalpojums":"sociālā rehabilitācija","pakalpojuma_forma":"bez izmitināšanas","planotais_klientu_skaits":20,"klienti":"visu vecumu un dzimumu personas","klientu_grupas":["personas ar garīga rakstura traucējumiem"],"juridiskais_statuss":"Biedrība","vzd_kods":"119132243","majaslapa":"https://www.krize.lv"}},{"type":"Feature","geometry":{"type":"Point","coordinates":[24.156743,56.970428]},"properties":{"kategorija":"soc_pakalpojumi","id":"1278","nosaukums":"\"Sociālā atbalsta un izglītības fonds\" struktūrvienība Ģimeņu atbalsta centrs \"Dūja\"","adrese":"Brīvības gatve 195 - 28, Rīga, LV-1039","pakalpojums":"sociālā rehabilitācija","pakalpojuma_forma":"bez izmitināšanas","planotais_klientu_skaits":100,"klienti":"visu vecumu un dzimumu personas","klientu_grupas":["personas ar garīga rakstura traucējumiem","bērni bāreņi un bez vecāku gādības palikušie bērni","citi","krīzes situācijā nonākušas personas"],"juridiskais_statuss":"Struktūrvienība","vzd_kods":"119244650","majaslapa":"https://www.atbalstafonds.lv"}},{"type":"Feature","geometry":{"type":"Point","coordinates":[24.156743,56.970428]},"properties":{"kategorija":"soc_pakalpojumi","id":"1279","nosaukums":"\"Sociālā atbalsta un izglītības fonds\" struktūrvienība Ģimeņu atbalsta centrs \"Dūja\"","adrese":"Brīvības gatve 195 - 28, Rīga, LV-1039","pakalpojums":"cits: Ģimenes asistents","pakalpojuma_forma":"bez izmitināšanas","planotais_klientu_skaits":60,"klienti":"visu vecumu un dzimumu personas","klientu_grupas":["personas ar garīga rakstura traucējumiem","krīzes situācijā nonākušas personas","citi"],"juridiskais_statuss":"Struktūrvienība","vzd_kods":"119244650","majaslapa":"https://www.atbalstafonds.lv"}},{"type":"Feature","geometry":{"type":"Point","coordinates":[23.149058,56.967266]},"properties":{"kategorija":"soc_pakalpojumi","id":"1280","nosaukums":"Biedrība \"Palēciens Tev\"","adrese":"Tidaholmas iela 1, Tukums, Tukuma nov., LV-3101","pakalpojums":"sociālā rehabilitācija","pakalpojuma_forma":"bez izmitināšanas","planotais_klientu_skaits":20,"klienti":"visu vecumu un dzimumu personas","klientu_grupas":["bērni bāreņi un bez vecāku gādības palikušie bērni","citi"],"juridiskais_statuss":"Biedrība","vzd_kods":"101219277","majaslapa":"https://---"}},{"type":"Feature","geometry":{"type":"Point","coordinates":[24.113262,56.957242]},"properties":{"kategorija":"soc_pakalpojumi","id":"1281","nosaukums":"Autisma centrs","adrese":"Jeruzalemes iela 2/4, Rīga, LV-1010","pakalpojums":"sociālā rehabilitācija","pakalpojuma_forma":"bez izmitināšanas","planotais_klientu_skaits":500,"klienti":"visu vecumu un dzimumu personas","klientu_grupas":["citi"],"juridiskais_statuss":"Biedrība","vzd_kods":"101838644","majaslapa":"https://autismacentrs.lv/"}},{"type":"Feature","geometry":{"type":"Point","coordinates":[26.289131,56.058618]},"properties":{"kategorija":"soc_pakalpojumi","id":"1283","nosaukums":"Sabiedrība ar ierobežotu atbildību \"Veselības centrs Ilūkste\" ilgstošas sociālās aprūpes un sociālās rehabilitācijas nodaļa \"Mūsmājas \"Dižkoks\"\"","adrese":"\"Mūsmājas Dižkoks\", Dviete, Dvietes pag., Augšdaugavas nov., LV-5441","pakalpojums":"ilgstoša sociālā aprūpe un sociālā rehabilitācija","pakalpojuma_forma":"ar izmitināšanu","izmitinasana":"izmitināšana","planotais_klientu_skaits":25,"klienti":"pilngadīgas personas (abu dzimumu)","klientu_grupas":["citi","personas ar invaliditāti ar fiziska rakstura traucējumiem","personas ar redzes invaliditāti","pensijas vecuma personas"],"juridiskais_statuss":"Pašvaldības SIA","vzd_kods":"103583072","majaslapa":"https://www.veselibascentrsilukste.lv"}},{"type":"Feature","geometry":{"type":"Point","coordinates":[24.190981,56.946572]},"properties":{"kategorija":"soc_pakalpojumi","id":"1284","nosaukums":"Valsts sociālās aprūpes centrs \"Rīga\" filiāle \"Pļavnieki\"","adrese":"Zebiekstes iela 12, Rīga, LV-1082","pakalpojums":"atelpas brīdis","pakalpojuma_forma":"ar izmitināšanu","izmitinasana":"izmitināšana","planotais_klientu_skaits":1,"klienti":"bērni (abu dzimumu)","klientu_grupas":["personas ar garīga rakstura traucējumiem"],"juridiskais_statuss":"Valsts pārvaldes iestādes struktūrvienība","vzd_kods":"102028468","majaslapa":"https://www.vsacriga.gov.lv"}},{"type":"Feature","geometry":{"type":"Point","coordinates":[23.685743,56.418982]},"properties":{"kategorija":"soc_pakalpojumi","id":"1286","nosaukums":"Jelgavas novada Sociālās aprūpes un rehabilitācijas centrs \"Eleja\" ģimeniskai videi pietuvināta bērnu ilgstošas sociālās aprūpes un sociālās rehabilitācijas institūcijas pakalpojums","adrese":"Lietuvas iela 19, Eleja, Elejas pag., Jelgavas nov., LV-3023","pakalpojums":"ilgstoša sociālā aprūpe un sociālā rehabilitācija","pakalpojuma_forma":"ar izmitināšanu","izmitinasana":"izmitināšana","planotais_klientu_skaits":8,"klienti":"bērni (abu dzimumu)","klientu_grupas":["bērni bāreņi un bez vecāku gādības palikušie bērni"],"juridiskais_statuss":"Pašvaldības iestāde","vzd_kods":"101537758"}},{"type":"Feature","geometry":{"type":"Point","coordinates":[23.606413,56.800313]},"properties":{"kategorija":"soc_pakalpojumi","id":"1287","nosaukums":"Jelgavas novada Sociālās aprūpes un rehabilitācijas centrs \"Eleja\" ģimeniskai videi pietuvināta bērnu ilgstošas sociālās aprūpes un sociālās rehabilitācijas institūcijas pakalpojums","adrese":"Draudzības iela 12A - 87, Kalnciems, Kalnciema pag., Jelgavas nov., LV-3016","pakalpojums":"ilgstoša sociālā aprūpe un sociālā rehabilitācija","pakalpojuma_forma":"ar izmitināšanu","izmitinasana":"izmitināšana","planotais_klientu_skaits":4,"klienti":"bērni (abu dzimumu)","klientu_grupas":["bērni bāreņi un bez vecāku gādības palikušie bērni"],"juridiskais_statuss":"Pašvaldības iestāde","vzd_kods":"110538845"}},{"type":"Feature","geometry":{"type":"Point","coordinates":[26.558586,55.883359]},"properties":{"kategorija":"soc_pakalpojumi","id":"1288","nosaukums":"LSK Dienvidlatgales komiteja Sociālo pakalpojumu centrs \"Rīta vēsma\"","adrese":"18. novembra iela 197V, Daugavpils, LV-5417","pakalpojums":"sociālā rehabilitācija","pakalpojuma_forma":"bez izmitināšanas","planotais_klientu_skaits":75,"klienti":"bērni (abu dzimumu)","klientu_grupas":["citi"],"juridiskais_statuss":"Biedrība","vzd_kods":"103883190","majaslapa":"https://www.redcross.lv"}},{"type":"Feature","geometry":{"type":"Point","coordinates":[25.889777,56.492499]},"properties":{"kategorija":"soc_pakalpojumi","id":"1289","nosaukums":"DOMUS atbalsta centrs","adrese":"Bebru iela 2 - 7, Jēkabpils, Jēkabpils nov., LV-5201","pakalpojums":"sociālā rehabilitācija","pakalpojuma_forma":"bez izmitināšanas","planotais_klientu_skaits":50,"klienti":"visu vecumu un dzimumu personas","klientu_grupas":["personas ar redzes invaliditāti","personas ar dzirdes invaliditāti","personas, kas cietušas no prettiesiskām darbībām (tai skaitā vardarbībā cietušas personas)","citi","personas ar garīga rakstura traucējumiem","personas ar onkoloģiskām slimībām un viņu ģimenes locekļi","pensijas vecuma personas","krīzes situācijā nonākušas personas","personas ar invaliditāti ar fiziska rakstura traucējumiem"],"juridiskais_statuss":"Biedrība","vzd_kods":"110360953","majaslapa":"https://www.domusatbalsts.lv"}},{"type":"Feature","geometry":{"type":"Point","coordinates":[24.376938,56.927851]},"properties":{"kategorija":"soc_pakalpojumi","id":"1290","nosaukums":"SIA Kondratjev un KO Aprupes Centrs Julija","adrese":"\"Tuberkulozes un plaušu slimību valsts centrs\", Upeslejas, Stopiņu pag., Ropažu nov., LV-2118","pakalpojums":"ilgstoša sociālā aprūpe un sociālā rehabilitācija","pakalpojuma_forma":"ar izmitināšanu","izmitinasana":"izmitināšana","planotais_klientu_skaits":57,"klienti":"pilngadīgas personas (abu dzimumu)","klientu_grupas":["personas ar garīga rakstura traucējumiem","pensijas vecuma personas"],"juridiskais_statuss":"Struktūrvienība","vzd_kods":"102784286","majaslapa":"https://www.privataispansionats.lv"}},{"type":"Feature","geometry":{"type":"Point","coordinates":[23.999301,56.950804]},"properties":{"kategorija":"soc_pakalpojumi","id":"1294","nosaukums":"SIA \"Senioru nams\" Sociālās aprūpes centrs \"Liepa\"","adrese":"Akāciju iela 5, Rīga, LV-1069","pakalpojums":"ilgstoša sociālā aprūpe un sociālā rehabilitācija","pakalpojuma_forma":"ar izmitināšanu","izmitinasana":"izmitināšana","planotais_klientu_skaits":118,"klienti":"pilngadīgas personas (abu dzimumu)","klientu_grupas":["personas ar invaliditāti ar fiziska rakstura traucējumiem","personas ar redzes invaliditāti","krīzes situācijā nonākušas personas","pensijas vecuma personas","personas ar dzirdes invaliditāti"],"juridiskais_statuss":"SIA","vzd_kods":"106365227","majaslapa":"https://www.pansionatsliepa.lv"}},{"type":"Feature","geometry":{"type":"Point","coordinates":[22.600704,57.242436]},"properties":{"kategorija":"soc_pakalpojumi","id":"1296","nosaukums":"Nodibinājums: Ģimeņu un bērnu attīstības centrs \"Brīnumiņš\"","adrese":"Saules iela 7, Talsi, Talsu nov., LV-3201","pakalpojums":"sociālā rehabilitācija","pakalpojuma_forma":"bez izmitināšanas","planotais_klientu_skaits":150,"klienti":"visu vecumu un dzimumu personas","klientu_grupas":["personas ar invaliditāti ar fiziska rakstura traucējumiem","bērni bāreņi un bez vecāku gādības palikušie bērni","paliatīvā aprūpē esošie bērni un viņu ģimenes locekļi","personas ar dzirdes invaliditāti","personas ar redzes invaliditāti","personas ar onkoloģiskām slimībām un viņu ģimenes locekļi","personas ar garīga rakstura traucējumiem"],"juridiskais_statuss":"Nodibinājums","vzd_kods":"102089935","majaslapa":"https://www.brinumins.lv"}},{"type":"Feature","geometry":{"type":"Point","coordinates":[24.095948,56.942417]},"properties":{"kategorija":"soc_pakalpojumi","id":"1299","nosaukums":"Resursu centrs cilvēkiem ar garīgiem traucējumiem „ZELDA”","adrese":"Kuģu iela 11 - 12, Rīga, LV-1048","pakalpojums":"cits: Atbalsta personas pakalpojums lēmumu pieņemšanā","pakalpojuma_forma":"bez izmitināšanas","planotais_klientu_skaits":299,"klienti":"pilngadīgas personas (abu dzimumu)","klientu_grupas":["personas ar garīga rakstura traucējumiem"],"juridiskais_statuss":"Biedrība","vzd_kods":"119003037","majaslapa":"http://www.zelda.org.lv"}},{"type":"Feature","geometry":{"type":"Point","coordinates":[26.562374,55.87748]},"properties":{"kategorija":"soc_pakalpojumi","id":"1300","nosaukums":"Valsts sabiedrība ar ierobežotu atbildību \"Daugavpils psihoneiroloģiskā slimnīca\"","adrese":"Lielā Dārza iela 60/62, Daugavpils, LV-5417","pakalpojums":"dienas centrs","pakalpojuma_forma":"bez izmitināšanas","planotais_klientu_skaits":20,"klienti":"pilngadīgas personas (abu dzimumu)","klientu_grupas":["personas ar garīga rakstura traucējumiem"],"juridiskais_statuss":"Valsts SIA","vzd_kods":"101800791","majaslapa":"https://www.dpns.gov.lv"}},{"type":"Feature","geometry":{"type":"Point","coordinates":[27.847407,56.497145]},"properties":{"kategorija":"soc_pakalpojumi","id":"1302","nosaukums":"Ludzas novada sociālās aprūpes centrs \"Ludza\"","adrese":"\"Ābelīte\", Istalsna, Isnaudas pag., Ludzas nov., LV-5716","pakalpojums":"ilgstoša sociālā aprūpe un sociālā rehabilitācija","pakalpojuma_forma":"ar izmitināšanu","izmitinasana":"izmitināšana","planotais_klientu_skaits":57,"klienti":"pilngadīgas personas (abu dzimumu)","klientu_grupas":["pensijas vecuma personas","personas ar invaliditāti ar fiziska rakstura traucējumiem"],"juridiskais_statuss":"Pašvaldības iestāde","vzd_kods":"103711634"}},{"type":"Feature","geometry":{"type":"Point","coordinates":[24.847979,57.156323]},"properties":{"kategorija":"soc_pakalpojumi","id":"1307","nosaukums":"Biedrības \"Cerību spārni\" Daudzfunkcionālais sociālo pakalpojumu centrs “Sigulda”","adrese":"Lakstīgalas iela 9, Sigulda, Siguldas nov., LV-2150","pakalpojums":"cits: Individuālais sociālās rehabilitācijas pakalpojums","pakalpojuma_forma":"bez izmitināšanas","planotais_klientu_skaits":10,"klienti":"pilngadīgas personas (abu dzimumu)","klientu_grupas":["personas ar garīga rakstura traucējumiem"],"juridiskais_statuss":"Biedrības struktūrvienība","vzd_kods":"101288534","majaslapa":"https://www.ceribusparni.lv"}},{"type":"Feature","geometry":{"type":"Point","coordinates":[24.130601,57.021476]},"properties":{"kategorija":"soc_pakalpojumi","id":"1313","nosaukums":"Sociālo pakalpojumu attīstības centra Krīzes centrs \"Mīlgrāvis\"","adrese":"Ezera iela 21 - 33, Rīga, LV-1034","pakalpojums":"krīzes centrs","pakalpojuma_forma":"ar izmitināšanu","izmitinasana":"izmitināšana","planotais_klientu_skaits":17,"klienti":"visu vecumu un dzimumu personas","klientu_grupas":["krīzes situācijā nonākušas personas","personas, kas cietušas no prettiesiskām darbībām (tai skaitā vardarbībā cietušas personas)"],"juridiskais_statuss":"Biedrība","vzd_kods":"119132243","majaslapa":"https://www.krize.lv"}},{"type":"Feature","geometry":{"type":"Point","coordinates":[24.130601,57.021476]},"properties":{"kategorija":"soc_pakalpojumi","id":"1314","nosaukums":"\"Sociālo pakalpojumu attīstības centrs\"","adrese":"Ezera iela 21 - 33, Rīga, LV-1034","pakalpojums":"sociālā rehabilitācija","pakalpojuma_forma":"bez izmitināšanas","planotais_klientu_skaits":6,"klienti":"visu vecumu un dzimumu personas","klientu_grupas":["citi","personas, kas cietušas no prettiesiskām darbībām (tai skaitā vardarbībā cietušas personas)"],"juridiskais_statuss":"Biedrība","vzd_kods":"119132243","majaslapa":"https://www.krize.lv"}},{"type":"Feature","geometry":{"type":"Point","coordinates":[25.697689,57.627703]},"properties":{"kategorija":"soc_pakalpojumi","id":"1316","nosaukums":"VSIA \"Strenču psihoneiroloģiskā slimnīca\"","adrese":"Valkas iela 11, Strenči, Valmieras nov., LV-4730","pakalpojums":"cits: sociālā darba pakalpojums","pakalpojuma_forma":"bez izmitināšanas","planotais_klientu_skaits":300,"klienti":"pilngadīgas personas (abu dzimumu)","klientu_grupas":["citi"],"juridiskais_statuss":"Valsts SIA","vzd_kods":"102678523","majaslapa":"https://www.strencupns.lv"}},{"type":"Feature","geometry":{"type":"Point","coordinates":[24.174495,56.422803]},"properties":{"kategorija":"soc_pakalpojumi","id":"1317","nosaukums":"LSK Sociālās aprūpes centrs Derpele","adrese":"\"Derpele\", Codes pag., Bauskas nov., LV-3901","pakalpojums":"ilgstoša sociālā aprūpe un sociālā rehabilitācija","pakalpojuma_forma":"ar izmitināšanu","izmitinasana":"izmitināšana","planotais_klientu_skaits":46,"klienti":"pilngadīgas personas (abu dzimumu)","klientu_grupas":["pensijas vecuma personas","personas ar invaliditāti ar fiziska rakstura traucējumiem"],"juridiskais_statuss":"Biedrība","vzd_kods":"103602240","majaslapa":"https://www.redcross.lv"}},{"type":"Feature","geometry":{"type":"Point","coordinates":[24.100252,56.508198]},"properties":{"kategorija":"soc_pakalpojumi","id":"1319","nosaukums":"LSK Sociālās aprūpes centrs Derpele","adrese":"Skolas iela 2, Garoza, Mežotnes pag., Bauskas nov., LV-3926","pakalpojums":"ilgstoša sociālā aprūpe un sociālā rehabilitācija","pakalpojuma_forma":"ar izmitināšanu","izmitinasana":"izmitināšana","planotais_klientu_skaits":120,"klienti":"pilngadīgas personas (abu dzimumu)","klientu_grupas":["personas ar invaliditāti ar fiziska rakstura traucējumiem","pensijas vecuma personas"],"juridiskais_statuss":"Biedrība","vzd_kods":"101146022","majaslapa":"https://www.redcross.lv"}},{"type":"Feature","geometry":{"type":"Point","coordinates":[23.833937,56.905497]},"properties":{"kategorija":"soc_pakalpojumi","id":"1324","nosaukums":"SIA Senior Service struktūrvienība 'Sirds Osta Babīte'","adrese":"Lapsu iela 9, Lapsas, Babītes pag., Mārupes nov., LV-2107","pakalpojums":"ilgstoša sociālā aprūpe un sociālā rehabilitācija","pakalpojuma_forma":"ar izmitināšanu","izmitinasana":"izmitināšana","planotais_klientu_skaits":14,"klienti":"pilngadīgas personas (abu dzimumu)","klientu_grupas":["personas ar invaliditāti ar fiziska rakstura traucējumiem","pensijas vecuma personas"],"juridiskais_statuss":"SIA struktūrvienība","vzd_kods":"105020191","majaslapa":"https://sirdsosta.lv"}},{"type":"Feature","geometry":{"type":"Point","coordinates":[23.834605,56.905476]},"properties":{"kategorija":"soc_pakalpojumi","id":"1325","nosaukums":"SIA Senior Service struktūrvienība 'Sirds Osta Babīte'","adrese":"Lapsu iela 11, Lapsas, Babītes pag., Mārupes nov., LV-2107","pakalpojums":"ilgstoša sociālā aprūpe un sociālā rehabilitācija","pakalpojuma_forma":"ar izmitināšanu","izmitinasana":"izmitināšana","planotais_klientu_skaits":14,"klienti":"pilngadīgas personas (abu dzimumu)","klientu_grupas":["personas ar invaliditāti ar fiziska rakstura traucējumiem","pensijas vecuma personas"],"juridiskais_statuss":"SIA struktūrvienība","vzd_kods":"105020206","majaslapa":"https://sirdsosta.lv"}},{"type":"Feature","geometry":{"type":"Point","coordinates":[23.835514,56.905447]},"properties":{"kategorija":"soc_pakalpojumi","id":"1326","nosaukums":"SIA Senior Service struktūrvienība 'Sirds Osta Babīte'","adrese":"Lapsu iela 13, Lapsas, Babītes pag., Mārupes nov., LV-2107","pakalpojums":"ilgstoša sociālā aprūpe un sociālā rehabilitācija","pakalpojuma_forma":"ar izmitināšanu","izmitinasana":"izmitināšana","planotais_klientu_skaits":14,"klienti":"pilngadīgas personas (abu dzimumu)","klientu_grupas":["pensijas vecuma personas","personas ar invaliditāti ar fiziska rakstura traucējumiem"],"juridiskais_statuss":"SIA struktūrvienība","vzd_kods":"105020118","majaslapa":"https://sirdsosta.lv"}},{"type":"Feature","geometry":{"type":"Point","coordinates":[24.183954,56.952142]},"properties":{"kategorija":"soc_pakalpojumi","id":"1327","nosaukums":"Sabiedrība ar ierobežotu atbildību \"MENTAMED\"","adrese":"Stirnu iela 8, Rīga, LV-1082","pakalpojums":"aprūpe mājās","pakalpojuma_forma":"bez izmitināšanas","planotais_klientu_skaits":30,"klienti":"visu vecumu un dzimumu personas","klientu_grupas":["personas ar invaliditāti ar fiziska rakstura traucējumiem","pensijas vecuma personas"],"juridiskais_statuss":"SIA","vzd_kods":"101999452","majaslapa":"https://www.mentamed.lv"}},{"type":"Feature","geometry":{"type":"Point","coordinates":[22.801731,56.462575]},"properties":{"kategorija":"soc_pakalpojumi","id":"1328","nosaukums":"Sabiedrība ar ierobežotu atbildību \"Līgotnes LM\"","adrese":"\"Līgotnes\", Ķevele, Vītiņu pag., Dobeles nov., LV-3721","pakalpojums":"ilgstoša sociālā aprūpe un sociālā rehabilitācija","pakalpojuma_forma":"ar izmitināšanu","izmitinasana":"izmitināšana","planotais_klientu_skaits":20,"klienti":"pilngadīgas personas (abu dzimumu)","klientu_grupas":["personas ar invaliditāti ar fiziska rakstura traucējumiem","pensijas vecuma personas"],"juridiskais_statuss":"SIA","vzd_kods":"105623126","majaslapa":"https://www.ligotnes.mozello.lv"}},{"type":"Feature","geometry":{"type":"Point","coordinates":[23.615031,56.799601]},"properties":{"kategorija":"soc_pakalpojumi","id":"1329","nosaukums":"Jelgavas novada Daudzfunkcionālais sociālo pakalpojumu centrs \"LAIPA\"","adrese":"Draudzības iela 3 - 1, Kalnciems, Kalnciema pag., Jelgavas nov., LV-3016","pakalpojums":"specializētās darbnīcas","pakalpojuma_forma":"bez izmitināšanas","planotais_klientu_skaits":6,"klienti":"pilngadīgas personas (abu dzimumu)","klientu_grupas":["personas ar garīga rakstura traucējumiem"],"juridiskais_statuss":"Pašvaldības iestāde","vzd_kods":"117055063","majaslapa":"https://www.jelgavasnovads.lv/lv/strukturvieniba/daudzfunkcionalais-socialo-pakalpojumu-centrs-laipa"}},{"type":"Feature","geometry":{"type":"Point","coordinates":[24.164059,56.930417]},"properties":{"kategorija":"soc_pakalpojumi","id":"133","nosaukums":"Biedrības \"Latvijas Samariešu apvienība\" struktūrvienība \"Grupu dzīvoklis Dzērves\"","adrese":"Dzērvju iela 1, Rīga, LV-1019","pakalpojums":"grupu māja (dzīvoklis)","pakalpojuma_forma":"ar izmitināšanu","izmitinasana":"izmitināšana","planotais_klientu_skaits":27,"klienti":"pilngadīgas personas (abu dzimumu)","klientu_grupas":["personas ar garīga rakstura traucējumiem"],"juridiskais_statuss":"Biedrības struktūrvienība","vzd_kods":"101878815","majaslapa":"https://www.samariesi.lv"}},{"type":"Feature","geometry":{"type":"Point","coordinates":[23.615031,56.799601]},"properties":{"kategorija":"soc_pakalpojumi","id":"1330","nosaukums":"Jelgavas novada Daudzfunkcionālais sociālo pakalpojumu centrs \"LAIPA\"","adrese":"Draudzības iela 3 - 1, Kalnciems, Kalnciema pag., Jelgavas nov., LV-3016","pakalpojums":"dienas aprūpes centrs","pakalpojuma_forma":"bez izmitināšanas","planotais_klientu_skaits":12,"klienti":"pilngadīgas personas (abu dzimumu)","klientu_grupas":["personas ar garīga rakstura traucējumiem"],"juridiskais_statuss":"Pašvaldības iestāde","vzd_kods":"117055063","majaslapa":"https://www.jelgavasnovads.lv/lv/strukturvieniba/daudzfunkcionalais-socialo-pakalpojumu-centrs-laipa"}},{"type":"Feature","geometry":{"type":"Point","coordinates":[23.615031,56.799601]},"properties":{"kategorija":"soc_pakalpojumi","id":"1331","nosaukums":"Jelgavas novada Daudzfunkcionālais sociālo pakalpojumu centrs \"LAIPA\"","adrese":"Draudzības iela 3 - 1, Kalnciems, Kalnciema pag., Jelgavas nov., LV-3016","pakalpojums":"grupu māja (dzīvoklis)","pakalpojuma_forma":"ar izmitināšanu","izmitinasana":"izmitināšana","planotais_klientu_skaits":16,"klienti":"pilngadīgas personas (abu dzimumu)","klientu_grupas":["personas ar garīga rakstura traucējumiem"],"juridiskais_statuss":"Pašvaldības iestāde","vzd_kods":"117055063","majaslapa":"https://www.jelgavasnovads.lv/lv/strukturvieniba/daudzfunkcionalais-socialo-pakalpojumu-centrs-laipa"}},{"type":"Feature","geometry":{"type":"Point","coordinates":[24.112743,56.947444]},"properties":{"kategorija":"soc_pakalpojumi","id":"1332","nosaukums":"Nodibinājums \"HOSPISS LV\"","adrese":"Audēju iela 14 - 1, Rīga, LV-1050","pakalpojums":"aprūpe mājās","pakalpojuma_forma":"bez izmitināšanas","planotais_klientu_skaits":10,"klienti":"pilngadīgas personas (abu dzimumu)","klientu_grupas":["citi","personas ar invaliditāti ar fiziska rakstura traucējumiem","personas ar onkoloģiskām slimībām un viņu ģimenes locekļi"],"juridiskais_statuss":"Nodibinājums","vzd_kods":"117462491","majaslapa":"https://www.hospiss.lv"}},{"type":"Feature","geometry":{"type":"Point","coordinates":[24.120161,56.999438]},"properties":{"kategorija":"soc_pakalpojumi","id":"1335","nosaukums":"SIA \"V.E.L.G.\" Struktūrvienības \"Patversme\", Sofijas iela 8, Rīga","adrese":"Sofijas iela 8, Rīga, LV-1005","pakalpojums":"patversme","pakalpojuma_forma":"ar izmitināšanu","izmitinasana":"izmitināšana","planotais_klientu_skaits":80,"klienti":"pilngadīgas personas (abu dzimumu)","klientu_grupas":["personas, kas atgriezušās no ieslodzījuma vietas vai ilgstošas bezpajumtniecības","krīzes situācijā nonākušas personas"],"juridiskais_statuss":"SIA struktūrvienība","vzd_kods":"101995373","majaslapa":"https://www.velg.lv"}},{"type":"Feature","geometry":{"type":"Point","coordinates":[22.588585,57.377646]},"properties":{"kategorija":"soc_pakalpojumi","id":"1337","nosaukums":"Nodibinājums \"Talsu sieviešu un bērnu krīžu centrs\"","adrese":"\"Zibeņi\", Ārlavas pag., Talsu nov., LV-3260","pakalpojums":"krīzes centrs","pakalpojuma_forma":"ar izmitināšanu un bez izmitināšanas","izmitinasana":"izmitināšana","planotais_klientu_skaits":15,"klienti":"visu vecumu un dzimumu personas","klientu_grupas":["cilvēku tirdzniecības upuri","personas, kas cietušas no prettiesiskām darbībām (tai skaitā vardarbībā cietušas personas)","krīzes situācijā nonākušas personas"],"juridiskais_statuss":"Nodibinājums","vzd_kods":"106225610","majaslapa":"https://www.krizucentrs.lv"}},{"type":"Feature","geometry":{"type":"Point","coordinates":[27.711205,56.541978]},"properties":{"kategorija":"soc_pakalpojumi","id":"1338","nosaukums":"Ludzas novada Sociālā dienesta Daudzfunkcionālais Sociālo pakalpojumu centrs","adrese":"18. novembra iela 17A, Ludza, Ludzas nov., LV-5701","pakalpojums":"dienas aprūpes centrs","pakalpojuma_forma":"bez izmitināšanas","planotais_klientu_skaits":20,"klienti":"bērni (abu dzimumu)","klientu_grupas":["personas ar invaliditāti ar fiziska rakstura traucējumiem","personas ar garīga rakstura traucējumiem"],"juridiskais_statuss":"Pašvaldības iestādes struktūrvienība","vzd_kods":"101409063","majaslapa":"https://www.ludzasnovads.lv"}},{"type":"Feature","geometry":{"type":"Point","coordinates":[27.711205,56.541978]},"properties":{"kategorija":"soc_pakalpojumi","id":"1339","nosaukums":"Ludzas novada Sociālā dienesta Daudzfunkcionālais sociālo pakalpojumu centrs","adrese":"18. novembra iela 17A, Ludza, Ludzas nov., LV-5701","pakalpojums":"dienas aprūpes centrs","pakalpojuma_forma":"bez izmitināšanas","planotais_klientu_skaits":30,"klienti":"pilngadīgas personas (abu dzimumu)","klientu_grupas":["personas ar garīga rakstura traucējumiem"],"juridiskais_statuss":"Pašvaldības iestādes struktūrvienība","vzd_kods":"101409063","majaslapa":"https://www.ludzasnovads.lv"}},{"type":"Feature","geometry":{"type":"Point","coordinates":[27.711205,56.541978]},"properties":{"kategorija":"soc_pakalpojumi","id":"1340","nosaukums":"Ludzas novada Sociālā dienesta Daudzfunkcionālais Sociālo pakalpojumu centrs","adrese":"18. novembra iela 17A, Ludza, Ludzas nov., LV-5701","pakalpojums":"specializētās darbnīcas","pakalpojuma_forma":"bez izmitināšanas","planotais_klientu_skaits":20,"klienti":"pilngadīgas personas (abu dzimumu)","klientu_grupas":["personas ar garīga rakstura traucējumiem"],"juridiskais_statuss":"Pašvaldības iestādes struktūrvienība","vzd_kods":"101409063","majaslapa":"https://www.ludzasnovads.lv"}},{"type":"Feature","geometry":{"type":"Point","coordinates":[27.711205,56.541978]},"properties":{"kategorija":"soc_pakalpojumi","id":"1341","nosaukums":"Ludzas novada Sociālā dienesta Daudzfunkcionālais Sociālo pakalpojumu centrs","adrese":"18. novembra iela 17A, Ludza, Ludzas nov., LV-5701","pakalpojums":"sociālā rehabilitācija","pakalpojuma_forma":"bez izmitināšanas","planotais_klientu_skaits":30,"klienti":"bērni (abu dzimumu)","klientu_grupas":["personas ar invaliditāti ar fiziska rakstura traucējumiem","personas ar garīga rakstura traucējumiem"],"juridiskais_statuss":"Pašvaldības iestādes struktūrvienība","vzd_kods":"101409063","majaslapa":"https://www.ludzasnovads.lv"}},{"type":"Feature","geometry":{"type":"Point","coordinates":[24.236291,56.938481]},"properties":{"kategorija":"soc_pakalpojumi","id":"1342","nosaukums":"SIA “J un M’’ pansionāts “Sofija”","adrese":"Mazā Būmaņu iela 10, Dreiliņi, Stopiņu pag., Ropažu nov., LV-2130","pakalpojums":"ilgstoša sociālā aprūpe un sociālā rehabilitācija","pakalpojuma_forma":"ar izmitināšanu","izmitinasana":"izmitināšana","planotais_klientu_skaits":10,"klienti":"pilngadīgas personas (sievietes)","klientu_grupas":["pensijas vecuma personas"],"juridiskais_statuss":"SIA","vzd_kods":"105213801","majaslapa":"http://aprupe-sofija.lv/"}},{"type":"Feature","geometry":{"type":"Point","coordinates":[24.598831,56.814881]},"properties":{"kategorija":"soc_pakalpojumi","id":"1344","nosaukums":"Nodibinājums “FONDS CERĪBA ĢIMENEI” struktūrvienība Dienas centrs “Tabita”","adrese":"Grīvas prospekts 4A, Ogre, Ogres nov., LV-5001","pakalpojums":"dienas centrs","pakalpojuma_forma":"bez izmitināšanas","planotais_klientu_skaits":50,"klienti":"visu vecumu un dzimumu personas","klientu_grupas":["citi"],"juridiskais_statuss":"Nodibinājuma struktūrvienība","vzd_kods":"104370367"}},{"type":"Feature","geometry":{"type":"Point","coordinates":[24.050141,57.030693]},"properties":{"kategorija":"soc_pakalpojumi","id":"1348","nosaukums":"Rīgas Bērnu, jauniešu un ģimeņu sociālā atbalsta centrs struktūrvienība ,,Imanta\"","adrese":"Mežrozīšu iela 43, Rīga, LV-1016","pakalpojums":"ilgstoša sociālā aprūpe un sociālā rehabilitācija","pakalpojuma_forma":"ar izmitināšanu","izmitinasana":"izmitināšana","planotais_klientu_skaits":16,"klienti":"bērni (abu dzimumu)","klientu_grupas":["bērni bāreņi un bez vecāku gādības palikušie bērni"],"juridiskais_statuss":"Pašvaldības iestādes struktūrvienība","vzd_kods":"106249576"}},{"type":"Feature","geometry":{"type":"Point","coordinates":[24.047428,57.033931]},"properties":{"kategorija":"soc_pakalpojumi","id":"1350","nosaukums":"SIA \"Aprūpes grupa\" Ģimenes tipa māja \"Gobas apartamenti\"","adrese":"Gobas iela 10A, Rīga, LV-1016","pakalpojums":"ilgstoša sociālā aprūpe un sociālā rehabilitācija","pakalpojuma_forma":"ar izmitināšanu","izmitinasana":"izmitināšana","planotais_klientu_skaits":47,"klienti":"pilngadīgas personas (abu dzimumu)","klientu_grupas":["pensijas vecuma personas","personas ar invaliditāti ar fiziska rakstura traucējumiem","personas ar garīga rakstura traucējumiem"],"juridiskais_statuss":"SIA","vzd_kods":"105660830","majaslapa":"https://aprupe.group"}},{"type":"Feature","geometry":{"type":"Point","coordinates":[24.135051,56.987943]},"properties":{"kategorija":"soc_pakalpojumi","id":"1351","nosaukums":"Biedrība \"Svētā Jāņa Palīdzība\" dienas aprūpes centrs \"Duntes Ozoli\"","adrese":"Pededzes iela 4, Rīga, LV-1005","pakalpojums":"dienas aprūpes centrs","pakalpojuma_forma":"bez izmitināšanas","planotais_klientu_skaits":25,"klienti":"pilngadīgas personas (abu dzimumu)","klientu_grupas":["personas ar garīga rakstura traucējumiem","citi"],"juridiskais_statuss":"Biedrības struktūrvienība","vzd_kods":"101963997","majaslapa":"https://www.svjp.lv"}},{"type":"Feature","geometry":{"type":"Point","coordinates":[27.319867,56.505092]},"properties":{"kategorija":"soc_pakalpojumi","id":"1354","nosaukums":"Biedrība “Centrs MARTA” Rēzeknes filiāle","adrese":"Viļānu iela 10, Rēzekne, LV-4601","pakalpojums":"sociālā rehabilitācija","pakalpojuma_forma":"bez izmitināšanas","planotais_klientu_skaits":50,"klienti":"visu vecumu un dzimumu personas","klientu_grupas":["cilvēku tirdzniecības upuri","personas, kas cietušas no prettiesiskām darbībām (tai skaitā vardarbībā cietušas personas)","krīzes situācijā nonākušas personas"],"juridiskais_statuss":"Biedrības struktūrvienība","vzd_kods":"101686898","majaslapa":"https://www.marta.lv"}},{"type":"Feature","geometry":{"type":"Point","coordinates":[22.482283,56.662278]},"properties":{"kategorija":"soc_pakalpojumi","id":"1358","nosaukums":"Saldus novada pašvaldības aģentūras \"Sociālais dienests\" struktūrvienība Specializētās darbnīcas","adrese":"Skrundas iela 5, Saldus, Saldus nov., LV-3801","pakalpojums":"specializētās darbnīcas","pakalpojuma_forma":"bez izmitināšanas","planotais_klientu_skaits":16,"klienti":"pilngadīgas personas (abu dzimumu)","klientu_grupas":["personas ar garīga rakstura traucējumiem"],"juridiskais_statuss":"Pašvaldības aģentūras struktūrvienība","vzd_kods":"101261565","majaslapa":"https://www.saldus.lv"}},{"type":"Feature","geometry":{"type":"Point","coordinates":[22.213251,56.53888]},"properties":{"kategorija":"soc_pakalpojumi","id":"1359","nosaukums":"Saldus novada pašvaldības aģentūras \"Sociālais dienests\" struktūrvienība Grupu dzīvoklis","adrese":"Ozolu iela 6 - 13, Pampāļi, Pampāļu pag., Saldus nov., LV-3882","pakalpojums":"grupu māja (dzīvoklis)","pakalpojuma_forma":"ar izmitināšanu","izmitinasana":"izmitināšana","planotais_klientu_skaits":4,"klienti":"pilngadīgas personas (abu dzimumu)","klientu_grupas":["personas ar garīga rakstura traucējumiem"],"juridiskais_statuss":"Pašvaldības aģentūras struktūrvienība","vzd_kods":"114641584","majaslapa":"https://www.saldus.lv"}},{"type":"Feature","geometry":{"type":"Point","coordinates":[22.354483,56.406479]},"properties":{"kategorija":"soc_pakalpojumi","id":"1360","nosaukums":"Saldus novada pašvaldības aģentūras \"Sociālais dienests\" struktūrvienība Grupu dzīvoklis","adrese":"Parka iela 5 - 13, Ezere, Ezeres pag., Saldus nov., LV-3891","pakalpojums":"grupu māja (dzīvoklis)","pakalpojuma_forma":"ar izmitināšanu","izmitinasana":"izmitināšana","planotais_klientu_skaits":4,"klienti":"pilngadīgas personas (abu dzimumu)","klientu_grupas":["personas ar garīga rakstura traucējumiem"],"juridiskais_statuss":"Pašvaldības aģentūras struktūrvienība","vzd_kods":"114790152","majaslapa":"https://www.saldus.lv"}},{"type":"Feature","geometry":{"type":"Point","coordinates":[24.59507,56.821955]},"properties":{"kategorija":"soc_pakalpojumi","id":"1361","nosaukums":"Sabiedrība ar ierobežotu atbildību \"LENIS L\"","adrese":"Mālkalnes prospekts 3, Ogre, Ogres nov., LV-5001","pakalpojums":"aprūpe mājās","pakalpojuma_forma":"bez izmitināšanas","planotais_klientu_skaits":20,"klienti":"visu vecumu un dzimumu personas","klientu_grupas":["citi"],"juridiskais_statuss":"SIA","vzd_kods":"101360505","majaslapa":"https://www.ovc.lv"}},{"type":"Feature","geometry":{"type":"Point","coordinates":[24.137176,56.95695]},"properties":{"kategorija":"soc_pakalpojumi","id":"1362","nosaukums":"SIA \"Bērnu un pusaudžu resursu centrs\"","adrese":"Aleksandra Čaka iela 83/85 - 31/32, Rīga, LV-1011","pakalpojums":"sociālā rehabilitācija","pakalpojuma_forma":"bez izmitināšanas","planotais_klientu_skaits":26,"klienti":"bērni (abu dzimumu)","klientu_grupas":["personas, kas atkarīgas no psihoaktīvām vielām"],"juridiskais_statuss":"SIA","vzd_kods":"111994075","majaslapa":"https://www.pusaudzucentrs.lv"}},{"type":"Feature","geometry":{"type":"Point","coordinates":[21.000747,56.504831]},"properties":{"kategorija":"soc_pakalpojumi","id":"1363","nosaukums":"SIA \"Bērnu un pusaudžu resursu centrs\"","adrese":"Krišjāņa Barona iela 8 - 2N, Liepāja, LV-3401","pakalpojums":"sociālā rehabilitācija","pakalpojuma_forma":"bez izmitināšanas","planotais_klientu_skaits":20,"klienti":"bērni (abu dzimumu)","klientu_grupas":["personas, kas atkarīgas no psihoaktīvām vielām"],"juridiskais_statuss":"SIA struktūrvienība","vzd_kods":"118070088","majaslapa":"https://www.pusaudzucentrs.lv"}},{"type":"Feature","geometry":{"type":"Point","coordinates":[24.059929,56.965155]},"properties":{"kategorija":"soc_pakalpojumi","id":"1365","nosaukums":"Sabiedrība ar ierobežotu atbildību \"MOŽUMS-1\"","adrese":"Buļļu iela 7, Rīga, LV-1055","pakalpojums":"aprūpe mājās","pakalpojuma_forma":"bez izmitināšanas","planotais_klientu_skaits":50,"klienti":"pilngadīgas personas (abu dzimumu)","klientu_grupas":["citi","pensijas vecuma personas"],"juridiskais_statuss":"SIA","vzd_kods":"101868523","majaslapa":"https://www.mfd.lv"}},{"type":"Feature","geometry":{"type":"Point","coordinates":[23.285049,56.622024]},"properties":{"kategorija":"soc_pakalpojumi","id":"1367","nosaukums":"Sabiedrība ar ierobežotu atbildību \"Dare Audeamus\"","adrese":"Krišjāņa Barona iela 3, Dobele, Dobeles nov., LV-3701","pakalpojums":"specializētās darbnīcas","pakalpojuma_forma":"bez izmitināšanas","planotais_klientu_skaits":17,"klienti":"pilngadīgas personas (abu dzimumu)","klientu_grupas":["personas ar garīga rakstura traucējumiem","personas ar invaliditāti ar fiziska rakstura traucējumiem","citi"],"juridiskais_statuss":"SIA","vzd_kods":"101554950","majaslapa":"https://nav"}},{"type":"Feature","geometry":{"type":"Point","coordinates":[25.361724,57.879046]},"properties":{"kategorija":"soc_pakalpojumi","id":"1369","nosaukums":"Valsts sociālās aprūpes centrs \"Zemgale\" filiāle \"Rūja\"","adrese":"\"Rūja\", Jeri, Jeru pag., Valmieras nov., LV-4234","pakalpojums":"ilgstoša sociālā aprūpe un sociālā rehabilitācija","pakalpojuma_forma":"ar izmitināšanu","izmitinasana":"izmitināšana","planotais_klientu_skaits":245,"klienti":"pilngadīgas personas (abu dzimumu)","klientu_grupas":["personas ar garīga rakstura traucējumiem","personas ar invaliditāti ar fiziska rakstura traucējumiem"],"juridiskais_statuss":"Valsts pārvaldes iestādes filiāle","vzd_kods":"101013188","majaslapa":"https://vsaczemgale.gov.lv"}},{"type":"Feature","geometry":{"type":"Point","coordinates":[23.523924,56.43387]},"properties":{"kategorija":"soc_pakalpojumi","id":"1370","nosaukums":"Valsts sociālās aprūpes centrs \"Zemgale\" filiāle \"Ziedkalne\"","adrese":"\"Ziedkalnes 3\", Vilces pag., Jelgavas nov., LV-3026","pakalpojums":"ilgstoša sociālā aprūpe un sociālā rehabilitācija","pakalpojuma_forma":"ar izmitināšanu","izmitinasana":"izmitināšana","planotais_klientu_skaits":136,"klienti":"pilngadīgas personas (abu dzimumu)","klientu_grupas":["personas ar invaliditāti ar fiziska rakstura traucējumiem","personas ar garīga rakstura traucējumiem"],"juridiskais_statuss":"Valsts pārvaldes iestādes filiāle","vzd_kods":"102751914","majaslapa":"https://vsaczemgale.gov.lv"}},{"type":"Feature","geometry":{"type":"Point","coordinates":[22.971652,56.936075]},"properties":{"kategorija":"soc_pakalpojumi","id":"1371","nosaukums":"Valsts sociālās aprūpes centrs \"Zemgale\" filiāle \"Ķīši\"","adrese":"\"Ķīši\", Jaunsātu pag., Tukuma nov., LV-3128","pakalpojums":"ilgstoša sociālā aprūpe un sociālā rehabilitācija","pakalpojuma_forma":"ar izmitināšanu","izmitinasana":"izmitināšana","planotais_klientu_skaits":80,"klienti":"pilngadīgas personas (abu dzimumu)","klientu_grupas":["personas ar invaliditāti ar fiziska rakstura traucējumiem","personas ar garīga rakstura traucējumiem"],"juridiskais_statuss":"Valsts pārvaldes iestādes filiāle","vzd_kods":"104979601","majaslapa":"https://vsaczemgale.gov.lv"}},{"type":"Feature","geometry":{"type":"Point","coordinates":[25.361724,57.879046]},"properties":{"kategorija":"soc_pakalpojumi","id":"1372","nosaukums":"Valsts sociālās aprūpes centrs \"Zemgale\" filiāle \"Rūja\" pusceļu māja","adrese":"\"Rūja\", Jeri, Jeru pag., Valmieras nov., LV-4234","pakalpojums":"pusceļa māja","pakalpojuma_forma":"ar izmitināšanu","izmitinasana":"izmitināšana","planotais_klientu_skaits":3,"klienti":"pilngadīgas personas (abu dzimumu)","klientu_grupas":["personas ar invaliditāti ar fiziska rakstura traucējumiem","personas ar garīga rakstura traucējumiem"],"juridiskais_statuss":"Valsts pārvaldes iestādes struktūrvienība","vzd_kods":"101013188","majaslapa":"https://vsaczemgale.gov.lv"}},{"type":"Feature","geometry":{"type":"Point","coordinates":[23.71826,56.68779]},"properties":{"kategorija":"soc_pakalpojumi","id":"1374","nosaukums":"Valsts sociālās aprūpes centrs \"Zemgale\" filiāle \"Jelgava\" pusceļa māja","adrese":"Kalnciema ceļš 109, Jelgava, LV-3002","pakalpojums":"pusceļa māja","pakalpojuma_forma":"ar izmitināšanu","izmitinasana":"izmitināšana","planotais_klientu_skaits":5,"klienti":"pilngadīgas personas (abu dzimumu)","klientu_grupas":["personas ar invaliditāti ar fiziska rakstura traucējumiem","personas ar garīga rakstura traucējumiem"],"juridiskais_statuss":"Valsts pārvaldes iestādes struktūrvienība","vzd_kods":"101766022","majaslapa":"https://vsaczemgale.gov.lv"}},{"type":"Feature","geometry":{"type":"Point","coordinates":[23.240933,56.644276]},"properties":{"kategorija":"soc_pakalpojumi","id":"1375","nosaukums":"Valsts sociālās aprūpes centrs \"Zemgale\" filiāle \"Lielbērze\"","adrese":"\"Lielbērze\", Lielbērze, Auru pag., Dobeles nov., LV-3701","pakalpojums":"ilgstoša sociālā aprūpe un sociālā rehabilitācija","pakalpojuma_forma":"ar izmitināšanu","izmitinasana":"izmitināšana","planotais_klientu_skaits":135,"klienti":"pilngadīgas personas (abu dzimumu)","klientu_grupas":["personas ar invaliditāti ar fiziska rakstura traucējumiem","personas ar garīga rakstura traucējumiem"],"juridiskais_statuss":"Valsts pārvaldes iestādes filiāle","vzd_kods":"104466011","majaslapa":"https://vsaczemgale.gov.lv"}},{"type":"Feature","geometry":{"type":"Point","coordinates":[24.218614,56.580317]},"properties":{"kategorija":"soc_pakalpojumi","id":"1376","nosaukums":"Valsts sociālās aprūpes centrs \"Zemgale\" filiāle \"Iecava\"","adrese":"\"Smiltaiņi\", Iecava, Bauskas nov., LV-3913","pakalpojums":"ilgstoša sociālā aprūpe un sociālā rehabilitācija","pakalpojuma_forma":"ar izmitināšanu","izmitinasana":"izmitināšana","planotais_klientu_skaits":93,"klienti":"pilngadīgas personas (abu dzimumu)","klientu_grupas":["personas ar invaliditāti ar fiziska rakstura traucējumiem","personas ar garīga rakstura traucējumiem"],"juridiskais_statuss":"Valsts pārvaldes iestāde","vzd_kods":"104297482","majaslapa":"https://vsaczemgale.gov.lv"}},{"type":"Feature","geometry":{"type":"Point","coordinates":[25.980046,57.759663]},"properties":{"kategorija":"soc_pakalpojumi","id":"1377","nosaukums":"Valsts sociālās aprūpes centrs \"Zemgale\" filiāle \"Valka\"","adrese":"Indrānu iela 5, Valka, Valkas nov., LV-4701","pakalpojums":"ilgstoša sociālā aprūpe un sociālā rehabilitācija","pakalpojuma_forma":"ar izmitināšanu","izmitinasana":"izmitināšana","planotais_klientu_skaits":80,"klienti":"pilngadīgas personas (abu dzimumu)","klientu_grupas":["personas ar invaliditāti ar fiziska rakstura traucējumiem","personas ar garīga rakstura traucējumiem"],"juridiskais_statuss":"Valsts pārvaldes iestādes filiāle","vzd_kods":"102869617","majaslapa":"https://vsaczemgale.gov.lv"}},{"type":"Feature","geometry":{"type":"Point","coordinates":[23.71826,56.68779]},"properties":{"kategorija":"soc_pakalpojumi","id":"1378","nosaukums":"Valsts sociālās aprūpes centrs \"Zemgale\" filiāle \"Jelgava\"","adrese":"Kalnciema ceļš 109, Jelgava, LV-3002","pakalpojums":"ilgstoša sociālā aprūpe un sociālā rehabilitācija","pakalpojuma_forma":"ar izmitināšanu","izmitinasana":"izmitināšana","planotais_klientu_skaits":190,"klienti":"pilngadīgas personas (abu dzimumu)","klientu_grupas":["personas ar garīga rakstura traucējumiem","personas ar invaliditāti ar fiziska rakstura traucējumiem"],"juridiskais_statuss":"Valsts pārvaldes iestāde","vzd_kods":"101766022","majaslapa":"https://vsaczemgale.gov.lv"}},{"type":"Feature","geometry":{"type":"Point","coordinates":[24.623623,56.980457]},"properties":{"kategorija":"soc_pakalpojumi","id":"1379","nosaukums":"Valsts sociālās aprūpes centrs \"Zemgale\" filiāle \"Ropaži\"","adrese":"\"Juglaskrasti\", Ropaži, Ropažu pag., Ropažu nov., LV-2135","pakalpojums":"ilgstoša sociālā aprūpe un sociālā rehabilitācija","pakalpojuma_forma":"ar izmitināšanu","izmitinasana":"izmitināšana","planotais_klientu_skaits":268,"klienti":"pilngadīgas personas (abu dzimumu)","klientu_grupas":["personas ar garīga rakstura traucējumiem","personas ar invaliditāti ar fiziska rakstura traucējumiem"],"juridiskais_statuss":"Valsts pārvaldes iestādes filiāle","vzd_kods":"104857015","majaslapa":"https://vsaczemgale.gov.lv"}},{"type":"Feature","geometry":{"type":"Point","coordinates":[24.138127,56.964103]},"properties":{"kategorija":"soc_pakalpojumi","id":"138","nosaukums":"Biedrības „Svētā Jāņa Palīdzība” Aprūpe mājās nodaļa","adrese":"Cēsu iela 8, Rīga, LV-1012","pakalpojums":"Aprūpe mājās","pakalpojuma_forma":"bez izmitināšanas","planotais_klientu_skaits":850,"klienti":"visu vecumu un dzimumu personas","klientu_grupas":["citi","pensijas vecuma personas","invalīdi ar fiziska rakstura traucējumiem"],"juridiskais_statuss":"Biedrības struktūrvienība","vzd_kods":"101823665","majaslapa":"https://www.svjp.lv"}},{"type":"Feature","geometry":{"type":"Point","coordinates":[24.623623,56.980457]},"properties":{"kategorija":"soc_pakalpojumi","id":"1380","nosaukums":"Valsts sociālās aprūpes centrs \"Zemgale\" filiāle \"Ropaži\" pusceļa māja","adrese":"\"Juglaskrasti\", Ropaži, Ropažu pag., Ropažu nov., LV-2135","pakalpojums":"pusceļa māja","pakalpojuma_forma":"ar izmitināšanu","izmitinasana":"izmitināšana","planotais_klientu_skaits":6,"klienti":"pilngadīgas personas (abu dzimumu)","klientu_grupas":["personas ar garīga rakstura traucējumiem","personas ar invaliditāti ar fiziska rakstura traucējumiem"],"juridiskais_statuss":"Valsts pārvaldes iestādes struktūrvienība","vzd_kods":"104857015","majaslapa":"https://vsaczemgale.gov.lv"}},{"type":"Feature","geometry":{"type":"Point","coordinates":[24.064646,56.951159]},"properties":{"kategorija":"soc_pakalpojumi","id":"1382","nosaukums":"SIA \"ABA Baltija\"","adrese":"Slokas iela 42A - 2, Rīga, LV-1007","pakalpojums":"sociālā rehabilitācija","pakalpojuma_forma":"bez izmitināšanas","planotais_klientu_skaits":100,"klienti":"visu vecumu un dzimumu personas","klientu_grupas":["citi","personas ar garīga rakstura traucējumiem"],"juridiskais_statuss":"SIA","vzd_kods":"119283707","majaslapa":"https://www.abaterapijariga.lv/"}},{"type":"Feature","geometry":{"type":"Point","coordinates":[22.395129,56.71765]},"properties":{"kategorija":"soc_pakalpojumi","id":"1383","nosaukums":"Saldus novada pašvaldības aģentūras \"Sociālais dienests\" struktūrvienība \"Sociālais nams\"","adrese":"Melioratoru iela 9, Namiķi, Lutriņu pag., Saldus nov., LV-3861","pakalpojums":"grupu māja (dzīvoklis)","pakalpojuma_forma":"ar izmitināšanu","izmitinasana":"izmitināšana","planotais_klientu_skaits":16,"klienti":"pilngadīgas personas (abu dzimumu)","klientu_grupas":["personas ar garīga rakstura traucējumiem"],"juridiskais_statuss":"Pašvaldības aģentūras struktūrvienība","vzd_kods":"103244990","majaslapa":"https://www.saldus.lv"}},{"type":"Feature","geometry":{"type":"Point","coordinates":[24.050141,57.030693]},"properties":{"kategorija":"soc_pakalpojumi","id":"1384","nosaukums":"SIA \"Rīgas veselības centrs\"","adrese":"Mežrozīšu iela 43 - 1, Rīga, LV-1016","pakalpojums":"sociālā rehabilitācija","pakalpojuma_forma":"bez izmitināšanas","planotais_klientu_skaits":10,"klienti":"visu vecumu un dzimumu personas","klientu_grupas":["personas ar garīga rakstura traucējumiem","personas ar redzes invaliditāti","personas ar dzirdes invaliditāti","personas ar invaliditāti ar fiziska rakstura traucējumiem"],"juridiskais_statuss":"SIA","vzd_kods":"119377630","majaslapa":"https://www.rigasveseliba.lv"}},{"type":"Feature","geometry":{"type":"Point","coordinates":[22.482283,56.662278]},"properties":{"kategorija":"soc_pakalpojumi","id":"1388","nosaukums":"Saldus novada pašvaldības aģentūras \"Sociālais dienests\" struktūrvienība Daudzfunkcionālais centrs \"Jumis\"","adrese":"Skrundas iela 5, Saldus, Saldus nov., LV-3801","pakalpojums":"sociālā rehabilitācija","pakalpojuma_forma":"bez izmitināšanas","planotais_klientu_skaits":100,"klienti":"visu vecumu un dzimumu personas","klientu_grupas":["citi"],"juridiskais_statuss":"Pašvaldības aģentūras struktūrvienība","vzd_kods":"101261565","majaslapa":"https://socialais.saldus.lv"}},{"type":"Feature","geometry":{"type":"Point","coordinates":[22.482283,56.662278]},"properties":{"kategorija":"soc_pakalpojumi","id":"1389","nosaukums":"Saldus novada pašvaldības aģentūras \"Sociālais dienests\" DFC \"Jumis\" \"Dienas centrs\"","adrese":"Skrundas iela 5, Saldus, Saldus nov., LV-3801","pakalpojums":"dienas centrs","pakalpojuma_forma":"bez izmitināšanas","planotais_klientu_skaits":45,"klienti":"visu vecumu un dzimumu personas","klientu_grupas":["citi"],"juridiskais_statuss":"Pašvaldības aģentūras struktūrvienība","vzd_kods":"101261565","majaslapa":"https://socialais.saldus.lv"}},{"type":"Feature","geometry":{"type":"Point","coordinates":[24.858353,57.157467]},"properties":{"kategorija":"soc_pakalpojumi","id":"139","nosaukums":"Biedrība \"Aicinājums Tev\" Dienas aprūpes centrs \"Saulespuķes\"","adrese":"Ata Kronvalda iela 4, Sigulda, Siguldas nov., LV-2150","pakalpojums":"dienas aprūpes centrs","pakalpojuma_forma":"bez izmitināšanas","planotais_klientu_skaits":15,"klienti":"pilngadīgas personas (abu dzimumu)","klientu_grupas":["personas ar invaliditāti ar fiziska rakstura traucējumiem","personas ar garīga rakstura traucējumiem"],"juridiskais_statuss":"Biedrības struktūrvienība","vzd_kods":"105556655","majaslapa":"https://www.aicinajumstev.lv"}},{"type":"Feature","geometry":{"type":"Point","coordinates":[23.943262,56.787078]},"properties":{"kategorija":"soc_pakalpojumi","id":"1390","nosaukums":"Sabiedrība ar ierobežotu atbildību \"Atbalsta centrs \"Citāds Es\"\"","adrese":"Zeiferta iela 2, Olaine, Olaines nov., LV-2114","pakalpojums":"cits: Sociālais darbs kopienā","pakalpojuma_forma":"bez izmitināšanas","planotais_klientu_skaits":8,"klienti":"visu vecumu un dzimumu personas","klientu_grupas":["citi"],"juridiskais_statuss":"SIA","vzd_kods":"102109004","majaslapa":"https://acce.mozello.lv/sakums/"}},{"type":"Feature","geometry":{"type":"Point","coordinates":[21.604105,56.368056]},"properties":{"kategorija":"soc_pakalpojumi","id":"1393","nosaukums":"SIA Studiums ilglaicīgas sociālās aprūpes un rehabilitacijas centrs \"Laimas\"","adrese":"Skolas iela 4, Gramzda, Gramzdas pag., Dienvidkurzemes nov., LV-3486","pakalpojums":"ilgstoša sociālā aprūpe un sociālā rehabilitācija","pakalpojuma_forma":"ar izmitināšanu","izmitinasana":"izmitināšana","planotais_klientu_skaits":49,"klienti":"pilngadīgas personas (abu dzimumu)","klientu_grupas":["personas ar invaliditāti ar fiziska rakstura traucējumiem","personas ar dzirdes invaliditāti","personas ar redzes invaliditāti","pensijas vecuma personas"],"juridiskais_statuss":"SIA struktūrvienība","vzd_kods":"103793081","majaslapa":"https://studiums.lv/"}},{"type":"Feature","geometry":{"type":"Point","coordinates":[24.091662,57.036637]},"properties":{"kategorija":"soc_pakalpojumi","id":"1396","nosaukums":"SIA Senior Service struktūrvienība 'Sirds Osta Vecmīlgrāvis'","adrese":"Baltāsbaznīcas iela 40, Rīga, LV-1015","pakalpojums":"ilgstoša sociālā aprūpe un sociālā rehabilitācija","pakalpojuma_forma":"ar izmitināšanu","izmitinasana":"izmitināšana","planotais_klientu_skaits":32,"klienti":"pilngadīgas personas (abu dzimumu)","klientu_grupas":["personas ar dzirdes invaliditāti","pensijas vecuma personas","personas ar redzes invaliditāti","personas ar invaliditāti ar fiziska rakstura traucējumiem"],"juridiskais_statuss":"SIA struktūrvienība","vzd_kods":"101860381","majaslapa":"https://sirdsosta.lv"}},{"type":"Feature","geometry":{"type":"Point","coordinates":[26.01052,57.78492]},"properties":{"kategorija":"soc_pakalpojumi","id":"1397","nosaukums":"Biedrības Latvijas Sarkanais Krusts Vidzemes komitejas dienas aprūpes centrs \"Valka\"","adrese":"Rūjienas iela 3E, Valka, Valkas nov., LV-4701","pakalpojums":"dienas aprūpes centrs","pakalpojuma_forma":"bez izmitināšanas","planotais_klientu_skaits":24,"klienti":"pilngadīgas personas (abu dzimumu)","klientu_grupas":["personas ar garīga rakstura traucējumiem"],"juridiskais_statuss":"Biedrība","vzd_kods":"105274225","majaslapa":"https://www.redcross.lv"}},{"type":"Feature","geometry":{"type":"Point","coordinates":[24.17635,57.088534]},"properties":{"kategorija":"soc_pakalpojumi","id":"1398","nosaukums":"SIA \"SENIOR MANAGEMENT\" struktūrvienība ilgstošas sociālās aprūpes un sociālās rehabilitācijas centrs “Priedāji”","adrese":"\"Priedāji\", Kalngale, Carnikavas pag., Ādažu nov., LV-2163","pakalpojums":"ilgstoša sociālā aprūpe un sociālā rehabilitācija","pakalpojuma_forma":"ar izmitināšanu","izmitinasana":"izmitināšana","planotais_klientu_skaits":32,"klienti":"pilngadīgas personas (abu dzimumu)","klientu_grupas":["pensijas vecuma personas","personas ar invaliditāti ar fiziska rakstura traucējumiem"],"juridiskais_statuss":"SIA struktūrvienība","vzd_kods":"106881710","majaslapa":"https://seniorurezidences.lv"}},{"type":"Feature","geometry":{"type":"Point","coordinates":[24.200646,56.98181]},"properties":{"kategorija":"soc_pakalpojumi","id":"14","nosaukums":"Valsts sociālās aprūpes centrs \"Rīga\" filiāle \"Teika\"","adrese":"Stāmerienas iela 4, Rīga, LV-1006","pakalpojums":"ilgstoša sociālā aprūpe un sociālā rehabilitācija","pakalpojuma_forma":"ar izmitināšanu","izmitinasana":"izmitināšana","planotais_klientu_skaits":36,"klienti":"bērni (abu dzimumu)","klientu_grupas":["personas ar garīga rakstura traucējumiem"],"juridiskais_statuss":"Valsts pārvaldes iestādes struktūrvienība","vzd_kods":"101997176","majaslapa":"https://www.vsacriga.gov.lv"}},{"type":"Feature","geometry":{"type":"Point","coordinates":[26.689773,56.299517]},"properties":{"kategorija":"soc_pakalpojumi","id":"1405","nosaukums":"Preiļu novada Labklājības pārvaldes Grupu dzīvokļi","adrese":"Jaunatnes iela 1, Līči, Preiļu pag., Preiļu nov., LV-5301","pakalpojums":"grupu māja (dzīvoklis)","pakalpojuma_forma":"ar izmitināšanu","izmitinasana":"izmitināšana","planotais_klientu_skaits":16,"klienti":"pilngadīgas personas (abu dzimumu)","klientu_grupas":["personas ar garīga rakstura traucējumiem"],"juridiskais_statuss":"Pašvaldības iestādes struktūrvienība","vzd_kods":"102596936","majaslapa":"https://www.preili.lv"}},{"type":"Feature","geometry":{"type":"Point","coordinates":[26.562374,55.87748]},"properties":{"kategorija":"soc_pakalpojumi","id":"1408","nosaukums":"Valsts sabiedrība ar ierobežotu atbildību \"Daugavpils psihoneiroloģiskā slimnīca\"","adrese":"Lielā Dārza iela 60/62, Daugavpils, LV-5417","pakalpojums":"dienas aprūpes centrs","pakalpojuma_forma":"bez izmitināšanas","planotais_klientu_skaits":20,"klienti":"visu vecumu un dzimumu personas","klientu_grupas":["personas ar garīga rakstura traucējumiem"],"juridiskais_statuss":"VSIA","vzd_kods":"101800791","majaslapa":"https://www.dpns.gov.lv"}},{"type":"Feature","geometry":{"type":"Point","coordinates":[26.558436,55.879419]},"properties":{"kategorija":"soc_pakalpojumi","id":"141","nosaukums":"Daugavpils valstspilsētas pašvaldības iestādes \"Sociālais dienests\" Dienas centrs \"Saskarsme\"","adrese":"Liepājas iela 4, Daugavpils, LV-5417","pakalpojums":"Dienas centrs","pakalpojuma_forma":"bez izmitināšanas","planotais_klientu_skaits":300,"klienti":"visu vecumu un dzimumu personas","klientu_grupas":["pensijas vecuma personas","personas ar redzes invaliditāti","personas ar invaliditāti ar fiziska rakstura traucējumiem"],"juridiskais_statuss":"Pašvaldības iestādes struktūrvienība","vzd_kods":"101800863","majaslapa":"https://www.socd.lv"}},{"type":"Feature","geometry":{"type":"Point","coordinates":[26.551829,56.09642]},"properties":{"kategorija":"soc_pakalpojumi","id":"1412","nosaukums":"Augšdaugavas novada Sociālā dienesta Krīzes centrs","adrese":"Lielā iela 43, Kalupe, Kalupes pag., Augšdaugavas nov., LV-5450","pakalpojums":"krīzes centrs","pakalpojuma_forma":"ar izmitināšanu","izmitinasana":"izmitināšana","planotais_klientu_skaits":30,"klienti":"visu vecumu un dzimumu personas","klientu_grupas":["personas, kas atgriezušās no ieslodzījuma vietas vai ilgstošas bezpajumtniecības","krīzes situācijā nonākušas personas"],"juridiskais_statuss":"Pašvaldības iestādes struktūrvienība","vzd_kods":"103779046","majaslapa":"https://www.augsdaugavasnovads.lv"}},{"type":"Feature","geometry":{"type":"Point","coordinates":[24.114552,56.951748]},"properties":{"kategorija":"soc_pakalpojumi","id":"1416","nosaukums":"SIA Hospiss Māja","adrese":"Raiņa bulvāris 11, Rīga, LV-1050","pakalpojums":"aprūpe mājās","pakalpojuma_forma":"bez izmitināšanas","planotais_klientu_skaits":100,"klienti":"pilngadīgas personas (abu dzimumu)","klientu_grupas":["personas ar onkoloģiskām slimībām un viņu ģimenes locekļi","citi","personas ar garīga rakstura traucējumiem"],"juridiskais_statuss":"SIA","vzd_kods":"101973782","majaslapa":"https://hospiss.lv/"}},{"type":"Feature","geometry":{"type":"Point","coordinates":[26.519536,55.867106]},"properties":{"kategorija":"soc_pakalpojumi","id":"142","nosaukums":"Daugavpils valstspilsētas pašvaldības iestādes \"Sociālais dienests\" Aprūpes mājās birojs","adrese":"Vienības iela 8, Daugavpils, LV-5401","pakalpojums":"aprūpe mājās","pakalpojuma_forma":"bez izmitināšanas","planotais_klientu_skaits":320,"klienti":"visu vecumu un dzimumu personas","klientu_grupas":["personas ar invaliditāti ar fiziska rakstura traucējumiem","pensijas vecuma personas","personas ar redzes invaliditāti"],"juridiskais_statuss":"Pašvaldības iestādes struktūrvienība","vzd_kods":"102587340","majaslapa":"https://www.socd.lv"}},{"type":"Feature","geometry":{"type":"Point","coordinates":[23.834929,56.905012]},"properties":{"kategorija":"soc_pakalpojumi","id":"1425","nosaukums":"SIA Senior Service struktūrvienība 'Sirds Osta Babīte'","adrese":"Lapsu iela 6, Lapsas, Babītes pag., Mārupes nov., LV-2107","pakalpojums":"ilgstoša sociālā aprūpe un sociālā rehabilitācija","pakalpojuma_forma":"ar izmitināšanu","izmitinasana":"izmitināšana","planotais_klientu_skaits":14,"klienti":"pilngadīgas personas (abu dzimumu)","klientu_grupas":["personas ar invaliditāti ar fiziska rakstura traucējumiem","pensijas vecuma personas"],"juridiskais_statuss":"SIA struktūrvienība","vzd_kods":"105020247","majaslapa":"https://sirdsosta.lv"}},{"type":"Feature","geometry":{"type":"Point","coordinates":[26.005471,57.777302]},"properties":{"kategorija":"soc_pakalpojumi","id":"1427","nosaukums":"Biedrības \"Latvijas Sarkanais Krusts\" Vidzemes komitejas Grupu dzīvokļi","adrese":"Tālavas iela 33, Valka, Valkas nov., LV-4701","pakalpojums":"grupu māja (dzīvoklis)","pakalpojuma_forma":"ar izmitināšanu","izmitinasana":"izmitināšana","planotais_klientu_skaits":16,"klienti":"pilngadīgas personas (abu dzimumu)","klientu_grupas":["personas ar garīga rakstura traucējumiem"],"juridiskais_statuss":"Biedrība","vzd_kods":"102064816","majaslapa":"https://www.redcross.lv"}},{"type":"Feature","geometry":{"type":"Point","coordinates":[24.065071,56.939894]},"properties":{"kategorija":"soc_pakalpojumi","id":"1428","nosaukums":"SIA \"Dzīvības poga\"","adrese":"Ernestīnes iela 24, Rīga, LV-1083","pakalpojums":"aprūpe mājās","pakalpojuma_forma":"bez izmitināšanas","planotais_klientu_skaits":250,"klienti":"pilngadīgas personas (abu dzimumu)","klientu_grupas":["personas ar invaliditāti ar fiziska rakstura traucējumiem","pensijas vecuma personas","personas ar redzes invaliditāti","personas ar garīga rakstura traucējumiem","personas ar onkoloģiskām slimībām un viņu ģimenes locekļi","personas ar dzirdes invaliditāti"],"juridiskais_statuss":"SIA","vzd_kods":"101886687","majaslapa":"https://dzivibaspoga.lv/"}},{"type":"Feature","geometry":{"type":"Point","coordinates":[26.547125,55.890394]},"properties":{"kategorija":"soc_pakalpojumi","id":"143","nosaukums":"Daugavpils valstspilsētas pašvaldības iestāde \"Sociālais dienests\" Naktspatversme","adrese":"Šaurā iela 23, Daugavpils, LV-5410","pakalpojums":"naktspatversme","pakalpojuma_forma":"ar izmitināšanu","izmitinasana":"izmitināšana","planotais_klientu_skaits":30,"klienti":"pilngadīgas personas (abu dzimumu)","klientu_grupas":["krīzes situācijā nonākušas personas","citi"],"juridiskais_statuss":"Pašvaldības iestādes struktūrvienība","vzd_kods":"101797258","majaslapa":"https://www.socd.lv"}},{"type":"Feature","geometry":{"type":"Point","coordinates":[25.228488,57.194087]},"properties":{"kategorija":"soc_pakalpojumi","id":"1430","nosaukums":"Biedrības \"Cerību spārni\" Sociālās rehabilitācijas iestāde \"Spāre\"","adrese":"\"Spāres muiža 5\", Spāre, Amatas pag., Cēsu nov., LV-4139","pakalpojums":"sociālā rehabilitācija","pakalpojuma_forma":"bez izmitināšanas","planotais_klientu_skaits":18,"klienti":"visu vecumu un dzimumu personas","klientu_grupas":["personas ar invaliditāti ar fiziska rakstura traucējumiem"],"juridiskais_statuss":"Biedrības struktūrvienība","vzd_kods":"106769464","majaslapa":"https://www.ceribusparni.lv"}},{"type":"Feature","geometry":{"type":"Point","coordinates":[25.226478,57.194634]},"properties":{"kategorija":"soc_pakalpojumi","id":"1431","nosaukums":"Biedrības \"Cerību spārni\" Grupu māja \"Spāre\"","adrese":"\"Spāres muiža 34\", Amatas pag., Cēsu nov., LV-4139","pakalpojums":"grupu māja (dzīvoklis)","pakalpojuma_forma":"ar izmitināšanu","izmitinasana":"izmitināšana","planotais_klientu_skaits":10,"klienti":"pilngadīgas personas (abu dzimumu)","klientu_grupas":["personas ar garīga rakstura traucējumiem"],"juridiskais_statuss":"Biedrības struktūrvienība","vzd_kods":"106560570","majaslapa":"https://www.ceribusparni.lv"}},{"type":"Feature","geometry":{"type":"Point","coordinates":[25.230729,57.194552]},"properties":{"kategorija":"soc_pakalpojumi","id":"1432","nosaukums":"Biedrības \"Cerību spārni\" Dienas aprūpes centrs \"Spāre\"","adrese":"\"Spāres muiža 21\", Spāre, Amatas pag., Cēsu nov., LV-4139","pakalpojums":"dienas aprūpes centrs","pakalpojuma_forma":"bez izmitināšanas","planotais_klientu_skaits":12,"klienti":"pilngadīgas personas (abu dzimumu)","klientu_grupas":["personas ar garīga rakstura traucējumiem","personas ar invaliditāti ar fiziska rakstura traucējumiem"],"juridiskais_statuss":"Biedrības struktūrvienība","vzd_kods":"106805657","majaslapa":"https://www.ceribusparni.lv"}},{"type":"Feature","geometry":{"type":"Point","coordinates":[25.230729,57.194552]},"properties":{"kategorija":"soc_pakalpojumi","id":"1433","nosaukums":"Biedrības \"Cerību spārni\" Dienas aprūpes centrs \"Spāre\"","adrese":"\"Spāres muiža 21\", Spāre, Amatas pag., Cēsu nov., LV-4139","pakalpojums":"specializētās darbnīcas","pakalpojuma_forma":"bez izmitināšanas","planotais_klientu_skaits":8,"klienti":"pilngadīgas personas (abu dzimumu)","klientu_grupas":["personas ar garīga rakstura traucējumiem"],"juridiskais_statuss":"Biedrības struktūrvienība","vzd_kods":"106805657","majaslapa":"https://www.ceribusparni.lv"}},{"type":"Feature","geometry":{"type":"Point","coordinates":[26.359306,56.333025]},"properties":{"kategorija":"soc_pakalpojumi","id":"1436","nosaukums":"Sociālās aprūpes centrs \"Rožlejas\"","adrese":"Draudzības laukums 1, Rožupe, Rožupes pag., Līvānu nov., LV-5327","pakalpojums":"ilgstoša sociālā aprūpe un sociālā rehabilitācija","pakalpojuma_forma":"ar izmitināšanu","izmitinasana":"izmitināšana","planotais_klientu_skaits":37,"klienti":"pilngadīgas personas (abu dzimumu)","klientu_grupas":["pensijas vecuma personas","personas ar invaliditāti ar fiziska rakstura traucējumiem"],"juridiskais_statuss":"Pašvaldības iestāde","vzd_kods":"103166888","majaslapa":"https://www.livani.lv"}},{"type":"Feature","geometry":{"type":"Point","coordinates":[23.496616,56.94222]},"properties":{"kategorija":"soc_pakalpojumi","id":"1437","nosaukums":"Jūrmalas sociālo pakalpojumu centrs \"Kauguri\" struktūrvienība \"Krīzes centrs\"","adrese":"Sēravotu iela 9 k-2, Jūrmala, LV-2012","pakalpojums":"krīzes centrs","pakalpojuma_forma":"ar izmitināšanu","izmitinasana":"izmitināšana","planotais_klientu_skaits":8,"klienti":"bērni (abu dzimumu)","klientu_grupas":["krīzes situācijā nonākušas personas","bērni bāreņi un bez vecāku gādības palikušie bērni","personas, kas cietušas no prettiesiskām darbībām (tai skaitā vardarbībā cietušas personas)"],"juridiskais_statuss":"Pašvaldības iestādes struktūrvienība","vzd_kods":"106376891","majaslapa":"https://www.jurmala.lv"}},{"type":"Feature","geometry":{"type":"Point","coordinates":[23.606904,56.960062]},"properties":{"kategorija":"soc_pakalpojumi","id":"1438","nosaukums":"Jūrmalas sociālo pakalpojumu centrs \"Kauguri\" struktūrvienība \"Dienas centrs bērniem\"","adrese":"Nometņu iela 2A - 118, Jūrmala, LV-2016","pakalpojums":"dienas centrs","pakalpojuma_forma":"bez izmitināšanas","planotais_klientu_skaits":18,"klienti":"bērni (abu dzimumu)","klientu_grupas":["citi"],"juridiskais_statuss":"Pašvaldības iestādes struktūrvienība","vzd_kods":"117570135","majaslapa":"https://www.jurmala.lv"}},{"type":"Feature","geometry":{"type":"Point","coordinates":[23.602715,56.960009]},"properties":{"kategorija":"soc_pakalpojumi","id":"1439","nosaukums":"Jūrmalas sociālo pakalpojumu centrs \"Kauguri\" struktūrvienība \"Dienas centrs pensijas vecuma personām un personām ar invaliditāti\"","adrese":"Skolas iela 44 - 61, Jūrmala, LV-2016","pakalpojums":"dienas centrs","pakalpojuma_forma":"bez izmitināšanas","planotais_klientu_skaits":300,"klienti":"pilngadīgas personas (abu dzimumu)","klientu_grupas":["personas ar invaliditāti ar fiziska rakstura traucējumiem","pensijas vecuma personas"],"juridiskais_statuss":"Pašvaldības iestādes struktūrvienība","vzd_kods":"118952703","majaslapa":"https://www.jurmala.lv"}},{"type":"Feature","geometry":{"type":"Point","coordinates":[24.808184,57.521195]},"properties":{"kategorija":"soc_pakalpojumi","id":"144","nosaukums":"Sociālās aprūpes centrs - pansionāts \"Pērle\"","adrese":"Ulda Sproģa iela 9, Umurga, Umurgas pag., Limbažu nov., LV-4004","pakalpojums":"ilgstošās sociālās aprūpes un sociālās rehabilitācijas institūcija","pakalpojuma_forma":"ar izmitināšanu","izmitinasana":"izmitināšana","planotais_klientu_skaits":39,"klienti":"pilngadīgas personas (abu dzimumu)","klientu_grupas":["pensijas vecuma personas","citi"],"juridiskais_statuss":"Pašvaldības iestādes struktūrvienība","vzd_kods":"102681265"}},{"type":"Feature","geometry":{"type":"Point","coordinates":[23.602715,56.960009]},"properties":{"kategorija":"soc_pakalpojumi","id":"1440","nosaukums":"Jūrmalas sociālo pakalpojumu centrs \"Kauguri\" struktūrvienība \"Dienas aprūpes centrs bērniem ar funkcionāliem traucējumiem\"","adrese":"Skolas iela 44 - 61, Jūrmala, LV-2016","pakalpojums":"dienas aprūpes centrs","pakalpojuma_forma":"bez izmitināšanas","planotais_klientu_skaits":50,"klienti":"bērni (abu dzimumu)","klientu_grupas":["personas ar garīga rakstura traucējumiem","personas ar redzes invaliditāti","personas ar invaliditāti ar fiziska rakstura traucējumiem","personas ar onkoloģiskām slimībām un viņu ģimenes locekļi"],"juridiskais_statuss":"Pašvaldības iestādes struktūrvienība","vzd_kods":"118952703","majaslapa":"https://www.jurmala.lv"}},{"type":"Feature","geometry":{"type":"Point","coordinates":[24.170569,56.970594]},"properties":{"kategorija":"soc_pakalpojumi","id":"1444","nosaukums":"SIA \"CareLat\"","adrese":"Raunas iela 10, Rīga, LV-1039","pakalpojums":"sociālā rehabilitācija","pakalpojuma_forma":"bez izmitināšanas","planotais_klientu_skaits":30,"klienti":"visu vecumu un dzimumu personas","klientu_grupas":["citi"],"juridiskais_statuss":"SIA","vzd_kods":"101975046","majaslapa":"https://www.carelat.lv"}},{"type":"Feature","geometry":{"type":"Point","coordinates":[25.325821,57.889603]},"properties":{"kategorija":"soc_pakalpojumi","id":"1449","nosaukums":"SIA “Senioru māja” sociālās aprūpes un rehabilitācijas centrs “Rūjienas senioru māja”","adrese":"Valdemāra iela 26, Rūjiena, Valmieras nov., LV-4240","pakalpojums":"ilgstoša sociālā aprūpe un sociālā rehabilitācija","pakalpojuma_forma":"ar izmitināšanu","izmitinasana":"izmitināšana","planotais_klientu_skaits":100,"klienti":"pilngadīgas personas (abu dzimumu)","klientu_grupas":["pensijas vecuma personas","personas ar invaliditāti ar fiziska rakstura traucējumiem"],"juridiskais_statuss":"SIA","vzd_kods":"101036785","majaslapa":"https://www.rujienasseniorumaja.lv"}},{"type":"Feature","geometry":{"type":"Point","coordinates":[27.053611,57.418172]},"properties":{"kategorija":"soc_pakalpojumi","id":"1450","nosaukums":"Alūksnes novada Sociālo lietu pārvaldes dienas aprūpes centrs bērniem\"Saules Zaķi\"","adrese":"Uzvaras iela 1, Alūksne, Alūksnes nov., LV-4301","pakalpojums":"dienas aprūpes centrs","pakalpojuma_forma":"bez izmitināšanas","planotais_klientu_skaits":8,"klienti":"bērni (abu dzimumu)","klientu_grupas":["personas ar invaliditāti ar fiziska rakstura traucējumiem","personas ar garīga rakstura traucējumiem"],"juridiskais_statuss":"Pašvaldības iestādes struktūrvienība","vzd_kods":"102339172","majaslapa":"https://www.aluksne.lv"}},{"type":"Feature","geometry":{"type":"Point","coordinates":[27.053611,57.418172]},"properties":{"kategorija":"soc_pakalpojumi","id":"1451","nosaukums":"Alūksnes novada Sociālo lietu pārvaldes struktūrvienība \"Specializētās darbnīcas\"","adrese":"Uzvaras iela 1, Alūksne, Alūksnes nov., LV-4301","pakalpojums":"specializētās darbnīcas","pakalpojuma_forma":"bez izmitināšanas","planotais_klientu_skaits":10,"klienti":"pilngadīgas personas (abu dzimumu)","klientu_grupas":["personas ar invaliditāti ar fiziska rakstura traucējumiem","personas ar garīga rakstura traucējumiem"],"juridiskais_statuss":"Pašvaldības iestādes struktūrvienība","vzd_kods":"102339172","majaslapa":"https://www.aluksne.lv"}},{"type":"Feature","geometry":{"type":"Point","coordinates":[27.319867,56.505092]},"properties":{"kategorija":"soc_pakalpojumi","id":"1452","nosaukums":"Rēzeknes valstspilsētas pašvaldības pārvaldes \"Sociālais dienests\" Daudzfunkcionālais sociālo pakalpojumu centrs","adrese":"Viļānu iela 10, Rēzekne, LV-4601","pakalpojums":"dienas aprūpes centrs","pakalpojuma_forma":"bez izmitināšanas","planotais_klientu_skaits":43,"klienti":"pilngadīgas personas (abu dzimumu)","klientu_grupas":["personas ar garīga rakstura traucējumiem"],"juridiskais_statuss":"Pašvaldības iestādes struktūrvienība","vzd_kods":"101686898","majaslapa":"https://www.sdrezekne.lv"}},{"type":"Feature","geometry":{"type":"Point","coordinates":[27.319867,56.505092]},"properties":{"kategorija":"soc_pakalpojumi","id":"1453","nosaukums":"Rēzeknes valstspilsētas pašvaldības pārvaldes \"Sociālais dienests\" Daudzfunkcionālo sociālo pakalpojumu centrs","adrese":"Viļānu iela 10, Rēzekne, LV-4601","pakalpojums":"specializētās darbnīcas","pakalpojuma_forma":"bez izmitināšanas","planotais_klientu_skaits":36,"klienti":"pilngadīgas personas (abu dzimumu)","klientu_grupas":["personas ar garīga rakstura traucējumiem"],"juridiskais_statuss":"Pašvaldības iestādes struktūrvienība","vzd_kods":"101686898","majaslapa":"https://www.sdrezekne.lv"}},{"type":"Feature","geometry":{"type":"Point","coordinates":[27.336501,56.507036]},"properties":{"kategorija":"soc_pakalpojumi","id":"1454","nosaukums":"Rēzeknes valstspilsētas pašvaldības pārvaldes \"Sociālais dienests\"","adrese":"Raiņa iela 9B, Rēzekne, LV-4601","pakalpojums":"dienas centrs","pakalpojuma_forma":"bez izmitināšanas","planotais_klientu_skaits":60,"klienti":"bērni (abu dzimumu)","klientu_grupas":["krīzes situācijā nonākušas personas","bērni bāreņi un bez vecāku gādības palikušie bērni","personas, kas cietušas no prettiesiskām darbībām (tai skaitā vardarbībā cietušas personas)","citi"],"juridiskais_statuss":"Pašvaldības iestāde","vzd_kods":"101682095","majaslapa":"https://www.sdrezekne.lv"}},{"type":"Feature","geometry":{"type":"Point","coordinates":[24.334626,56.854102]},"properties":{"kategorija":"soc_pakalpojumi","id":"1455","nosaukums":"Salaspils novada Sociālā dienesta struktūrvienība \"Sociālo pakalpojumu centrs\"","adrese":"Skolas iela 7, Salaspils, Salaspils nov., LV-2121","pakalpojums":"atelpas brīdis","pakalpojuma_forma":"ar izmitināšanu","izmitinasana":"izmitināšana","planotais_klientu_skaits":2,"klienti":"pilngadīgas personas (abu dzimumu)","klientu_grupas":["personas ar garīga rakstura traucējumiem"],"juridiskais_statuss":"Pašvaldības iestādes struktūrvienība","vzd_kods":"101277337","majaslapa":"https://www.salaspilssd.lv"}},{"type":"Feature","geometry":{"type":"Point","coordinates":[24.334626,56.854102]},"properties":{"kategorija":"soc_pakalpojumi","id":"1456","nosaukums":"Salaspils novada Sociālā dienesta struktūrvienība \"Sociālo pakalpojumu centrs\"","adrese":"Skolas iela 7, Salaspils, Salaspils nov., LV-2121","pakalpojums":"grupu māja (dzīvoklis)","pakalpojuma_forma":"ar izmitināšanu","izmitinasana":"izmitināšana","planotais_klientu_skaits":6,"klienti":"pilngadīgas personas (abu dzimumu)","klientu_grupas":["personas ar garīga rakstura traucējumiem"],"juridiskais_statuss":"Pašvaldības iestādes struktūrvienība","vzd_kods":"101277337","majaslapa":"https://www.salaspilssd.lv"}},{"type":"Feature","geometry":{"type":"Point","coordinates":[26.712456,55.8131]},"properties":{"kategorija":"soc_pakalpojumi","id":"1459","nosaukums":"Augšdaugavas novada Sociālais dienests","adrese":"Miera iela 12, Skrudaliena, Skrudalienas pag., Augšdaugavas nov., LV-5470","pakalpojums":"dienas aprūpes centrs","pakalpojuma_forma":"bez izmitināšanas","planotais_klientu_skaits":15,"klienti":"pilngadīgas personas (abu dzimumu)","klientu_grupas":["personas ar garīga rakstura traucējumiem","pensijas vecuma personas","personas ar invaliditāti ar fiziska rakstura traucējumiem"],"juridiskais_statuss":"Struktūrvienība","vzd_kods":"103813790"}},{"type":"Feature","geometry":{"type":"Point","coordinates":[24.110574,56.914113]},"properties":{"kategorija":"soc_pakalpojumi","id":"146","nosaukums":"Biedrības \"Latvijas Samariešu apvienība\" Rīgas aprūpes dienests","adrese":"Ziepju iela 13, Rīga, LV-1004","pakalpojums":"aprūpe mājās","pakalpojuma_forma":"bez izmitināšanas","planotais_klientu_skaits":1100,"klienti":"visu vecumu un dzimumu personas","klientu_grupas":["personas ar garīga rakstura traucējumiem","citi","pensijas vecuma personas","personas ar invaliditāti ar fiziska rakstura traucējumiem"],"juridiskais_statuss":"Biedrība","vzd_kods":"103357024","majaslapa":"https://www.samariesi.lv"}},{"type":"Feature","geometry":{"type":"Point","coordinates":[24.334626,56.854102]},"properties":{"kategorija":"soc_pakalpojumi","id":"1460","nosaukums":"Salaspils novada Sociālā dienesta struktūrvienība \"Sociālo pakalpojumu centrs\"","adrese":"Skolas iela 7, Salaspils, Salaspils nov., LV-2121","pakalpojums":"sociālā rehabilitācija","pakalpojuma_forma":"bez izmitināšanas","planotais_klientu_skaits":10,"klienti":"bērni (abu dzimumu)","klientu_grupas":["citi"],"juridiskais_statuss":"Pašvaldības iestādes struktūrvienība","vzd_kods":"101277337","majaslapa":"https://www.salaspilssd.lv"}},{"type":"Feature","geometry":{"type":"Point","coordinates":[27.274843,57.152242]},"properties":{"kategorija":"soc_pakalpojumi","id":"1461","nosaukums":"SIA \"ATBALSTA MĀJA BRĪVUPES\"","adrese":"\"Brīvupes\", Tutinava, Kubulu pag., Balvu nov., LV-4501","pakalpojums":"sociālā rehabilitācija","pakalpojuma_forma":"bez izmitināšanas","planotais_klientu_skaits":15,"klienti":"visu vecumu un dzimumu personas","klientu_grupas":["personas ar garīga rakstura traucējumiem","personas ar dzirdes invaliditāti","personas ar invaliditāti ar fiziska rakstura traucējumiem","bērni bāreņi un bez vecāku gādības palikušie bērni","personas ar redzes invaliditāti"],"juridiskais_statuss":"SIA","vzd_kods":"104605940"}},{"type":"Feature","geometry":{"type":"Point","coordinates":[24.136307,56.945915]},"properties":{"kategorija":"soc_pakalpojumi","id":"1462","nosaukums":"Biedrības \"Latvijas Samariešu apvienība\" Ģimenes tipa sociālās aprūpes centrs \"SenRīga\"","adrese":"Katoļu iela 22, Rīga, LV-1003","pakalpojums":"ilgstoša sociālā aprūpe un sociālā rehabilitācija","pakalpojuma_forma":"ar izmitināšanu","izmitinasana":"izmitināšana","planotais_klientu_skaits":100,"klienti":"pilngadīgas personas (abu dzimumu)","klientu_grupas":["personas ar invaliditāti ar fiziska rakstura traucējumiem","pensijas vecuma personas"],"juridiskais_statuss":"Biedrības struktūrvienība","vzd_kods":"101842330","majaslapa":"https://www.samariesi.lv"}},{"type":"Feature","geometry":{"type":"Point","coordinates":[24.136562,56.94618]},"properties":{"kategorija":"soc_pakalpojumi","id":"1463","nosaukums":"Biedrības \"Latvijas Samariešu apvienība\" Dienas aprūpes centrs \"Žubītes\"","adrese":"Katoļu iela 24, Rīga, LV-1003","pakalpojums":"dienas aprūpes centrs","pakalpojuma_forma":"bez izmitināšanas","planotais_klientu_skaits":20,"klienti":"pilngadīgas personas (abu dzimumu)","klientu_grupas":["personas ar garīga rakstura traucējumiem","personas ar invaliditāti ar fiziska rakstura traucējumiem","pensijas vecuma personas"],"juridiskais_statuss":"Biedrības struktūrvienība","vzd_kods":"104596814","majaslapa":"https://www.samariesi.lv"}},{"type":"Feature","geometry":{"type":"Point","coordinates":[24.334626,56.854102]},"properties":{"kategorija":"soc_pakalpojumi","id":"1464","nosaukums":"Salaspils novada Sociālā dienesta struktūrvienība \"Sociālo pakalpojumu centrs\"","adrese":"Skolas iela 7, Salaspils, Salaspils nov., LV-2121","pakalpojums":"dienas aprūpes centrs","pakalpojuma_forma":"bez izmitināšanas","planotais_klientu_skaits":25,"klienti":"visu vecumu un dzimumu personas","klientu_grupas":["personas ar garīga rakstura traucējumiem"],"juridiskais_statuss":"Pašvaldības iestādes struktūrvienība","vzd_kods":"101277337","majaslapa":"https://www.salaspilssd.lv"}},{"type":"Feature","geometry":{"type":"Point","coordinates":[25.903632,57.418789]},"properties":{"kategorija":"soc_pakalpojumi","id":"1465","nosaukums":"Nodibinājuma \"Sociālā atbalsta un izglītības fonds\" struktūrvienība \"Vidzemes ģimeņu atbalsta centrs SMILTENE\"\"","adrese":"Galdnieku iela 10B, Smiltene, Smiltenes nov., LV-4729","pakalpojums":"cits: Ģimenes asistenta pakalpojums","pakalpojuma_forma":"bez izmitināšanas","planotais_klientu_skaits":100,"klienti":"visu vecumu un dzimumu personas","klientu_grupas":["personas ar invaliditāti ar fiziska rakstura traucējumiem","personas, kas cietušas no prettiesiskām darbībām (tai skaitā vardarbībā cietušas personas)","personas ar garīga rakstura traucējumiem","citi","krīzes situācijā nonākušas personas","bērni bāreņi un bez vecāku gādības palikušie bērni"],"juridiskais_statuss":"Nodibinājuma struktūrvienība","vzd_kods":"106712333","majaslapa":"https://www.atbalstafonds.lv"}},{"type":"Feature","geometry":{"type":"Point","coordinates":[25.868813,56.496894]},"properties":{"kategorija":"soc_pakalpojumi","id":"1466","nosaukums":"Biedrības \"Cerību sala\" struktūrvienība Dienas aprūpes centrs \"Cerība\"","adrese":"Brīvības iela 126, Jēkabpils, Jēkabpils nov., LV-5201","pakalpojums":"dienas aprūpes centrs","pakalpojuma_forma":"bez izmitināšanas","planotais_klientu_skaits":20,"klienti":"pilngadīgas personas (abu dzimumu)","klientu_grupas":["personas ar garīga rakstura traucējumiem","personas ar invaliditāti ar fiziska rakstura traucējumiem"],"juridiskais_statuss":"Biedrība","vzd_kods":"104178711"}},{"type":"Feature","geometry":{"type":"Point","coordinates":[27.342405,56.509838]},"properties":{"kategorija":"soc_pakalpojumi","id":"1468","nosaukums":"Rēzeknes valstspilsētas pašvaldības pārvalde \"Sociālais dienests\"","adrese":"Zemnieku iela 16A, Rēzekne, LV-4601","pakalpojums":"dienas aprūpes centrs","pakalpojuma_forma":"bez izmitināšanas","planotais_klientu_skaits":59,"klienti":"bērni (abu dzimumu)","klientu_grupas":["citi"],"juridiskais_statuss":"Pašvaldības iestāde","vzd_kods":"101687795","majaslapa":"https://www.sdrezekne.lv"}},{"type":"Feature","geometry":{"type":"Point","coordinates":[27.342405,56.509838]},"properties":{"kategorija":"soc_pakalpojumi","id":"1469","nosaukums":"Rēzeknes valstspilsētas pašvaldības pārvalde \"Sociālais dienests\"","adrese":"Zemnieku iela 16A, Rēzekne, LV-4601","pakalpojums":"sociālā rehabilitācija","pakalpojuma_forma":"bez izmitināšanas","planotais_klientu_skaits":64,"klienti":"bērni (abu dzimumu)","klientu_grupas":["citi"],"juridiskais_statuss":"Pašvaldības iestāde","vzd_kods":"101687795","majaslapa":"https://www.sdrezekne.lv"}},{"type":"Feature","geometry":{"type":"Point","coordinates":[24.165597,56.997022]},"properties":{"kategorija":"soc_pakalpojumi","id":"1472","nosaukums":"Rīgas Bērnu, jauniešu un ģimeņu sociālā atbalsta centrs struktūrvienība Ģimenes atbalsta centrs","adrese":"Sudrabu Edžus iela 11, Rīga, LV-1014","pakalpojums":"krīzes centrs","pakalpojuma_forma":"ar izmitināšanu un bez izmitināšanas","izmitinasana":"izmitināšana","planotais_klientu_skaits":16,"klienti":"bērni, kuri uzturas kopā ar vecākiem, tuviniekiem, aizbildņiem","klientu_grupas":["krīzes situācijā nonākušas personas"],"juridiskais_statuss":"Pašvaldības iestādes struktūrvienība","vzd_kods":"102001948"}},{"type":"Feature","geometry":{"type":"Point","coordinates":[24.136307,56.945915]},"properties":{"kategorija":"soc_pakalpojumi","id":"1473","nosaukums":"Biedrības \"Latvijas Samariešu apvienība\" Rīgas aprūpes dienests","adrese":"Katoļu iela 22, Rīga, LV-1003","pakalpojums":"aprūpe mājās","pakalpojuma_forma":"bez izmitināšanas","planotais_klientu_skaits":200,"klienti":"visu vecumu un dzimumu personas","klientu_grupas":["personas ar dzirdes invaliditāti","personas ar redzes invaliditāti","personas ar invaliditāti ar fiziska rakstura traucējumiem","pensijas vecuma personas"],"juridiskais_statuss":"Biedrības struktūrvienība","vzd_kods":"101842330","majaslapa":"https://www.samariesi.lv"}},{"type":"Feature","geometry":{"type":"Point","coordinates":[25.639496,56.893393]},"properties":{"kategorija":"soc_pakalpojumi","id":"1474","nosaukums":"Ērgļu sociālās aprūpes centrs","adrese":"Parka iela 4, Ērgļi, Ērgļu pag., Madonas nov., LV-4840","pakalpojums":"ilgstoša sociālā aprūpe un sociālā rehabilitācija","pakalpojuma_forma":"ar izmitināšanu","izmitinasana":"izmitināšana","planotais_klientu_skaits":46,"klienti":"pilngadīgas personas (abu dzimumu)","klientu_grupas":["pensijas vecuma personas","personas ar invaliditāti ar fiziska rakstura traucējumiem"],"juridiskais_statuss":"Pašvaldības iestāde","vzd_kods":"102172043"}},{"type":"Feature","geometry":{"type":"Point","coordinates":[25.611586,56.817383]},"properties":{"kategorija":"soc_pakalpojumi","id":"1475","nosaukums":"Ērgļu sociālās aprūpes centrs","adrese":"\"Kastaņas\", Sausnējas pag., Madonas nov., LV-4841","pakalpojums":"ilgstoša sociālā aprūpe un sociālā rehabilitācija","pakalpojuma_forma":"ar izmitināšanu","izmitinasana":"izmitināšana","planotais_klientu_skaits":46,"klienti":"pilngadīgas personas (abu dzimumu)","klientu_grupas":["pensijas vecuma personas"],"juridiskais_statuss":"Pašvaldības iestāde","vzd_kods":"104052230"}},{"type":"Feature","geometry":{"type":"Point","coordinates":[27.078915,56.922927]},"properties":{"kategorija":"soc_pakalpojumi","id":"1477","nosaukums":"Balvu novada Sociālās pārvaldes Dienas aprūpes centrs","adrese":"Skolas iela 1, Benislava, Lazdukalna pag., Balvu nov., LV-4577","pakalpojums":"dienas aprūpes centrs","pakalpojuma_forma":"bez izmitināšanas","planotais_klientu_skaits":8,"klienti":"bērni (abu dzimumu)","klientu_grupas":["citi"],"juridiskais_statuss":"Pašvaldības struktūrvienība","vzd_kods":"106044335","majaslapa":"https://www.balvi.lv"}},{"type":"Feature","geometry":{"type":"Point","coordinates":[24.111811,57.032774]},"properties":{"kategorija":"soc_pakalpojumi","id":"1480","nosaukums":"Akciju sabiedrība ''Latvijas Jūras medicīnas centrs''","adrese":"Vecmīlgrāvja 5. līnija 26, Rīga, LV-1015","pakalpojums":"citi: Sociālā darba pakalpojums","pakalpojuma_forma":"ar izmitināšanu","izmitinasana":"izmitināšana","planotais_klientu_skaits":30,"klienti":"pilngadīgas personas (abu dzimumu)","klientu_grupas":["personas ar onkoloģiskām slimībām un viņu ģimenes locekļi","personas ar invaliditāti ar fiziska rakstura traucējumiem","pensijas vecuma personas","citi","personas ar redzes invaliditāti","personas ar dzirdes invaliditāti"],"juridiskais_statuss":"Akciju sabiedrība","vzd_kods":"102019450","majaslapa":"https://www.ljmc.lv"}},{"type":"Feature","geometry":{"type":"Point","coordinates":[26.005438,57.769062]},"properties":{"kategorija":"soc_pakalpojumi","id":"1481","nosaukums":"Latvijas SOS Bērnu ciematu asociācijas Valmieras SOS Bērnu ciemats","adrese":"Cimzes iela 2, Valka, Valkas nov., LV-4701","pakalpojums":"ilgstoša sociālā aprūpe un sociālā rehabilitācija","pakalpojuma_forma":"ar izmitināšanu","izmitinasana":"izmitināšana","planotais_klientu_skaits":8,"klienti":"bērni (abu dzimumu)","klientu_grupas":["bērni bāreņi un bez vecāku gādības palikušie bērni"],"juridiskais_statuss":"Biedrības struktūrvienība","vzd_kods":"102063172","majaslapa":"https://www.sosbernuciemati.lv"}},{"type":"Feature","geometry":{"type":"Point","coordinates":[24.782017,56.755428]},"properties":{"kategorija":"soc_pakalpojumi","id":"1482","nosaukums":"SIA Senior Service struktūrvienība 'Sirds Osta Ogre'","adrese":"Lielvārdes iela 2, Rembate, Rembates pag., Ogres nov., LV-5016","pakalpojums":"ilgstoša sociālā aprūpe un sociālā rehabilitācija","pakalpojuma_forma":"ar izmitināšanu","izmitinasana":"izmitināšana","planotais_klientu_skaits":42,"klienti":"pilngadīgas personas (abu dzimumu)","klientu_grupas":["pensijas vecuma personas","personas ar invaliditāti ar fiziska rakstura traucējumiem"],"juridiskais_statuss":"SIA struktūrvienība","vzd_kods":"104330171","majaslapa":"https://sirdsosta.lv"}},{"type":"Feature","geometry":{"type":"Point","coordinates":[23.149058,56.967266]},"properties":{"kategorija":"soc_pakalpojumi","id":"1484","nosaukums":"Tukuma novada pašvaldības iestāde \"Tukuma novada sociālais dienests\"","adrese":"Tidaholmas iela 1, Tukums, Tukuma nov., LV-3101","pakalpojums":"sociālais, tai skaitā pašvaldības sociālais dienests","pakalpojuma_forma":"bez izmitināšanas","planotais_klientu_skaits":800,"klienti":"visu vecumu un dzimumu personas","klientu_grupas":["citi"],"juridiskais_statuss":"Pašvaldības iestāde","vzd_kods":"101219277","majaslapa":"https://tnsd.lv"}},{"type":"Feature","geometry":{"type":"Point","coordinates":[26.430978,57.139988]},"properties":{"kategorija":"soc_pakalpojumi","id":"1485","nosaukums":"Gulbenes novada sociālā dienesta struktūrvienība Grupu māja","adrese":"\"Doktorāts\", Tirza, Tirzas pag., Gulbenes nov., LV-4424","pakalpojums":"grupu māja (dzīvoklis)","pakalpojuma_forma":"ar izmitināšanu","izmitinasana":"izmitināšana","planotais_klientu_skaits":16,"klienti":"pilngadīgas personas (abu dzimumu)","klientu_grupas":["personas ar garīga rakstura traucējumiem"],"juridiskais_statuss":"Pašvaldības iestādes struktūrvienība","vzd_kods":"103983550"}},{"type":"Feature","geometry":{"type":"Point","coordinates":[25.268351,57.298947]},"properties":{"kategorija":"soc_pakalpojumi","id":"1486","nosaukums":"Biedrības \"Rīgas pilsētas \"Rūpju bērns\"\" Atbalsta centrs \"Pērle\"","adrese":"Rīgas iela 90, Cēsis, Cēsu nov., LV-4101","pakalpojums":"dienas aprūpes centrs","pakalpojuma_forma":"bez izmitināšanas","planotais_klientu_skaits":28,"klienti":"pilngadīgas personas (abu dzimumu)","klientu_grupas":["personas ar garīga rakstura traucējumiem"],"juridiskais_statuss":"Biedrības struktūrvienība","vzd_kods":"105679577","majaslapa":"https://www.rupjuberns.lv"}},{"type":"Feature","geometry":{"type":"Point","coordinates":[25.268351,57.298947]},"properties":{"kategorija":"soc_pakalpojumi","id":"1487","nosaukums":"Biedrības \"Rīgas pilsētas \"Rūpju bērns\"\" Atbalsta centrs \"Pērle\"","adrese":"Rīgas iela 90, Cēsis, Cēsu nov., LV-4101","pakalpojums":"specializētās darbnīcas","pakalpojuma_forma":"bez izmitināšanas","planotais_klientu_skaits":28,"klienti":"pilngadīgas personas (abu dzimumu)","klientu_grupas":["personas ar garīga rakstura traucējumiem"],"juridiskais_statuss":"Biedrības struktūrvienība","vzd_kods":"105679577","majaslapa":"https://www.rupjuberns.lv"}},{"type":"Feature","geometry":{"type":"Point","coordinates":[25.733822,56.617334]},"properties":{"kategorija":"soc_pakalpojumi","id":"1488","nosaukums":"Sociālās aprūpes centrs \"Pļaviņas\"","adrese":"Daugavas iela 54, Pļaviņas, Aizkraukles nov., LV-5120","pakalpojums":"dienas aprūpes centrs","pakalpojuma_forma":"bez izmitināšanas","planotais_klientu_skaits":10,"klienti":"pilngadīgas personas (abu dzimumu)","klientu_grupas":["personas ar invaliditāti ar fiziska rakstura traucējumiem","pensijas vecuma personas"],"juridiskais_statuss":"Pašvaldības iestādes struktūrvienība","vzd_kods":"101634671"}},{"type":"Feature","geometry":{"type":"Point","coordinates":[24.716657,57.514382]},"properties":{"kategorija":"soc_pakalpojumi","id":"149","nosaukums":"Limbažu novada Sociālā dienesta Sociālās aprūpes un sociālās rehabilitācijas nodaļa","adrese":"Klostera iela 2, Limbaži, Limbažu nov., LV-4001","pakalpojums":"Aprūpe mājās","pakalpojuma_forma":"bez izmitināšanas","planotais_klientu_skaits":50,"klienti":"visu vecumu un dzimumu personas","klientu_grupas":["pensijas vecuma personas","personas ar garīga rakstura traucējumiem","citi","personas ar invaliditāti ar fiziska rakstura traucējumiem","personas ar dzirdes invaliditāti","personas ar redzes invaliditāti"],"juridiskais_statuss":"Pašvaldības iestādes struktūrvienība","vzd_kods":"102188588"}},{"type":"Feature","geometry":{"type":"Point","coordinates":[22.340804,57.529295]},"properties":{"kategorija":"soc_pakalpojumi","id":"15","nosaukums":"Valsts sociālās aprūpes centra \"Kurzeme\" filiāle \"Dundaga\"","adrese":"Vīdales iela 17, Dundaga, Dundagas pag., Talsu nov., LV-3270","pakalpojums":"ilgstoša sociālā aprūpe un sociālā rehabilitācija","pakalpojuma_forma":"ar izmitināšanu","izmitinasana":"izmitināšana","planotais_klientu_skaits":78,"klienti":"pilngadīgas personas (abu dzimumu)","klientu_grupas":["personas ar garīga rakstura traucējumiem"],"juridiskais_statuss":"Valsts pārvaldes iestādes struktūrvienība","vzd_kods":"102094367","majaslapa":"https://www.vsackurzeme.gov.lv"}},{"type":"Feature","geometry":{"type":"Point","coordinates":[24.716657,57.514382]},"properties":{"kategorija":"soc_pakalpojumi","id":"150","nosaukums":"Limbažu novada Sociālā dienesta Sociālās aprūpes un sociālās rehabilitācijas nodaļa","adrese":"Klostera iela 2, Limbaži, Limbažu nov., LV-4001","pakalpojums":"Dienas aprūpes centrs","pakalpojuma_forma":"bez izmitināšanas","planotais_klientu_skaits":25,"klienti":"pilngadīgas personas (abu dzimumu)","klientu_grupas":["invalīdi ar fiziska rakstura traucējumiem","personas ar garīga rakstura traucējumiem","dzirdes invalīdi","redzes invalīdi","pensijas vecuma personas"],"juridiskais_statuss":"Pašvaldības iestādes struktūrvienība","vzd_kods":"102188588"}},{"type":"Feature","geometry":{"type":"Point","coordinates":[22.68609,56.740567]},"properties":{"kategorija":"soc_pakalpojumi","id":"1500","nosaukums":"Biedrības \"Latvijas Sarkanais Krusts\" Kurzemes komitejas sociālās aprūpes centrs \"Atpūtas\"","adrese":"\"Atpūtas\", Remte, Remtes pag., Saldus nov., LV-3871","pakalpojums":"ilgstoša sociālā aprūpe un sociālā rehabilitācija","pakalpojuma_forma":"ar izmitināšanu","izmitinasana":"izmitināšana","planotais_klientu_skaits":54,"klienti":"pilngadīgas personas (abu dzimumu)","klientu_grupas":["personas ar invaliditāti ar fiziska rakstura traucējumiem","pensijas vecuma personas","personas ar garīga rakstura traucējumiem"],"juridiskais_statuss":"Biedrības struktūrvienība","vzd_kods":"104525102","majaslapa":"https://www.redcross-kurzeme.lv/"}},{"type":"Feature","geometry":{"type":"Point","coordinates":[26.60602,55.893629]},"properties":{"kategorija":"soc_pakalpojumi","id":"1501","nosaukums":"Daugavpils valstspilsētas pašvaldības iestāde \"Sociālais dienests\" Grupu dzīvokļi","adrese":"18. novembra iela 354V, Daugavpils, LV-5413","pakalpojums":"grupu māja (dzīvoklis)","pakalpojuma_forma":"ar izmitināšanu","izmitinasana":"izmitināšana","planotais_klientu_skaits":12,"klienti":"pilngadīgas personas (abu dzimumu)","klientu_grupas":["personas ar garīga rakstura traucējumiem"],"juridiskais_statuss":"Pašvaldības iestāde","vzd_kods":"104546431","majaslapa":"https://www.socd.lv"}},{"type":"Feature","geometry":{"type":"Point","coordinates":[26.219714,56.853026]},"properties":{"kategorija":"soc_pakalpojumi","id":"1502","nosaukums":"Madonas novada Sociālais dienests","adrese":"Blaumaņa iela 3, Madona, Madonas nov., LV-4801","pakalpojums":"sociālais, tai skaitā pašvaldības sociālais dienests","pakalpojuma_forma":"bez izmitināšanas","planotais_klientu_skaits":4354,"klienti":"visu vecumu un dzimumu personas","klientu_grupas":["personas ar dzirdes invaliditāti","personas, kas atgriezušās no ieslodzījuma vietas vai ilgstošas bezpajumtniecības","personas ar garīga rakstura traucējumiem","krīzes situācijā nonākušas personas","bērni bāreņi un bez vecāku gādības palikušie bērni","personas, kas atkarīgas no psihoaktīvām vielām","paliatīvā aprūpē esošie bērni un viņu ģimenes locekļi","personas ar redzes invaliditāti","personas ar onkoloģiskām slimībām un viņu ģimenes locekļi","personas, kas cietušas no prettiesiskām darbībām (tai skaitā vardarbībā cietušas personas)","cilvēku tirdzniecības upuri","pensijas vecuma personas","personas ar invaliditāti ar fiziska rakstura traucējumiem"],"juridiskais_statuss":"Pašvaldības iestāde","vzd_kods":"102663255","majaslapa":"https://www.madona.lv"}},{"type":"Feature","geometry":{"type":"Point","coordinates":[26.7501,57.161957]},"properties":{"kategorija":"soc_pakalpojumi","id":"1503","nosaukums":"Gulbenes novada sociālā dienesta struktūrvienība Dienas aprūpes centrs","adrese":"Dzirnavu iela 7A, Gulbene, Gulbenes nov., LV-4401","pakalpojums":"dienas aprūpes centrs","pakalpojuma_forma":"bez izmitināšanas","planotais_klientu_skaits":20,"klienti":"pilngadīgas personas (abu dzimumu)","klientu_grupas":["personas ar garīga rakstura traucējumiem"],"juridiskais_statuss":"Pašvaldības iestādes struktūrvienība","vzd_kods":"105288565"}},{"type":"Feature","geometry":{"type":"Point","coordinates":[26.7501,57.161957]},"properties":{"kategorija":"soc_pakalpojumi","id":"1504","nosaukums":"Gulbenes novada sociālā dienesta struktūrvienība Specializētās darbnīcas","adrese":"Dzirnavu iela 7A, Gulbene, Gulbenes nov., LV-4401","pakalpojums":"specializētās darbnīcas","pakalpojuma_forma":"bez izmitināšanas","planotais_klientu_skaits":18,"klienti":"pilngadīgas personas (abu dzimumu)","klientu_grupas":["personas ar garīga rakstura traucējumiem"],"juridiskais_statuss":"Pašvaldības iestādes struktūrvienība","vzd_kods":"105288565"}},{"type":"Feature","geometry":{"type":"Point","coordinates":[25.268351,57.298947]},"properties":{"kategorija":"soc_pakalpojumi","id":"1505","nosaukums":"Biedrības \"Rīgas pilsētas \"Rūpju bērns\"\" Atbalsta centrs \"Pērle\"","adrese":"Rīgas iela 90, Cēsis, Cēsu nov., LV-4101","pakalpojums":"sociālā rehabilitācija","pakalpojuma_forma":"bez izmitināšanas","planotais_klientu_skaits":40,"klienti":"visu vecumu un dzimumu personas","klientu_grupas":["personas ar invaliditāti ar fiziska rakstura traucējumiem","citi","personas ar garīga rakstura traucējumiem"],"juridiskais_statuss":"Biedrība","vzd_kods":"105679577","majaslapa":"https://www.rupjuberns.lv"}},{"type":"Feature","geometry":{"type":"Point","coordinates":[24.416675,57.273598]},"properties":{"kategorija":"soc_pakalpojumi","id":"1506","nosaukums":"Pašvaldības aģentūra “Saulkrastu veselības un sociālās aprūpes centrs” Sociālās aprūpes nodaļa","adrese":"Ainažu iela 34, Saulkrasti, Saulkrastu nov., LV-2160","pakalpojums":"ilgstoša sociālā aprūpe un sociālā rehabilitācija","pakalpojuma_forma":"ar izmitināšanu","izmitinasana":"izmitināšana","planotais_klientu_skaits":32,"klienti":"pilngadīgas personas (abu dzimumu)","klientu_grupas":["pensijas vecuma personas"],"juridiskais_statuss":"Pašvaldības aģentūra","vzd_kods":"102110400","majaslapa":"https://www.saulkrastuvsc.lv"}},{"type":"Feature","geometry":{"type":"Point","coordinates":[25.860615,56.491778]},"properties":{"kategorija":"soc_pakalpojumi","id":"1512","nosaukums":"Jēkabpils novada Sociālais dienests","adrese":"Jaunā iela 39I, Jēkabpils, Jēkabpils nov., LV-5201","pakalpojums":"sociālais, tai skaitā pašvaldības sociālais dienests","pakalpojuma_forma":"bez izmitināšanas","planotais_klientu_skaits":3100,"klienti":"pilngadīgas personas (abu dzimumu)","klientu_grupas":["paliatīvā aprūpē esošie bērni un viņu ģimenes locekļi","personas ar garīga rakstura traucējumiem","personas ar onkoloģiskām slimībām un viņu ģimenes locekļi","personas ar dzirdes invaliditāti","krīzes situācijā nonākušas personas","personas ar redzes invaliditāti","personas, kas atgriezušās no ieslodzījuma vietas vai ilgstošas bezpajumtniecības","personas, kas cietušas no prettiesiskām darbībām (tai skaitā vardarbībā cietušas personas)","pensijas vecuma personas","personas ar invaliditāti ar fiziska rakstura traucējumiem","cilvēku tirdzniecības upuri","bēgļi un personas, kas ieguvušas alternatīvo statusu"],"juridiskais_statuss":"Pašvaldības iestāde","vzd_kods":"105799581"}},{"type":"Feature","geometry":{"type":"Point","coordinates":[22.582085,57.041705]},"properties":{"kategorija":"soc_pakalpojumi","id":"1513","nosaukums":"SIA \"Senioru nams\" sociālās aprūpes centrs \"Senlejas\"","adrese":"Rīgas iela 43, Sabile, Talsu nov., LV-3294","pakalpojums":"ilgstoša sociālā aprūpe un sociālā rehabilitācija","pakalpojuma_forma":"ar izmitināšanu","izmitinasana":"izmitināšana","planotais_klientu_skaits":83,"klienti":"pilngadīgas personas (abu dzimumu)","klientu_grupas":["personas ar invaliditāti ar fiziska rakstura traucējumiem","bēgļi un personas, kas ieguvušas alternatīvo statusu","personas, kas atgriezušās no ieslodzījuma vietas vai ilgstošas bezpajumtniecības","personas ar garīga rakstura traucējumiem","pensijas vecuma personas"],"juridiskais_statuss":"SIA","vzd_kods":"102090866"}},{"type":"Feature","geometry":{"type":"Point","coordinates":[24.126168,56.940612]},"properties":{"kategorija":"soc_pakalpojumi","id":"1514","nosaukums":"SIA \"Paskaties RZ\"","adrese":"Elijas iela 17, Rīga, LV-1050","pakalpojums":"sociālā rehabilitācija","pakalpojuma_forma":"bez izmitināšanas","planotais_klientu_skaits":70,"klienti":"visu vecumu un dzimumu personas","klientu_grupas":["citi"],"juridiskais_statuss":"SIA","vzd_kods":"101829627","majaslapa":"https://www.pa-skaties.lv"}},{"type":"Feature","geometry":{"type":"Point","coordinates":[23.160181,56.967975]},"properties":{"kategorija":"soc_pakalpojumi","id":"1515","nosaukums":"Tukuma novada pašvaldības iestādes „Tukuma novada sociālais dienests” Dienas aprūpes centrs \"Saime\"","adrese":"Dārzniecības iela 2A, Tukums, Tukuma nov., LV-3101","pakalpojums":"dienas aprūpes centrs","pakalpojuma_forma":"bez izmitināšanas","planotais_klientu_skaits":60,"klienti":"pilngadīgas personas (abu dzimumu)","klientu_grupas":["personas ar redzes invaliditāti","personas ar garīga rakstura traucējumiem","personas ar dzirdes invaliditāti","personas ar invaliditāti ar fiziska rakstura traucējumiem"],"juridiskais_statuss":"Pašvaldības iestādes struktūrvienība","vzd_kods":"106366550","majaslapa":"https://www.tukums.lv"}},{"type":"Feature","geometry":{"type":"Point","coordinates":[23.160181,56.967975]},"properties":{"kategorija":"soc_pakalpojumi","id":"1516","nosaukums":"Tukuma novada pašvaldības iestādes \"Tukuma novada sociālais dienests\" dienas aprūpes centrs \"Saimīte\"","adrese":"Dārzniecības iela 2A, Tukums, Tukuma nov., LV-3101","pakalpojums":"dienas aprūpes centrs","pakalpojuma_forma":"bez izmitināšanas","planotais_klientu_skaits":12,"klienti":"bērni (abu dzimumu)","klientu_grupas":["citi"],"juridiskais_statuss":"Pašvaldības iestādes struktūrvienība","vzd_kods":"106366550","majaslapa":"https://www.tukums.lv"}},{"type":"Feature","geometry":{"type":"Point","coordinates":[22.988794,56.877604]},"properties":{"kategorija":"soc_pakalpojumi","id":"1518","nosaukums":"Tukuma novada pašvaldības iestāde \"Tukuma novada sociālais dienests\" Grupu dzīvoklis \"Mežrozītes\"","adrese":"\"Mežrozītes\", Irlava, Irlavas pag., Tukuma nov., LV-3137","pakalpojums":"grupu māja (dzīvoklis)","pakalpojuma_forma":"ar izmitināšanu","izmitinasana":"izmitināšana","planotais_klientu_skaits":16,"klienti":"pilngadīgas personas (abu dzimumu)","klientu_grupas":["personas ar garīga rakstura traucējumiem"],"juridiskais_statuss":"Pašvaldības iestādes struktūrvienība","vzd_kods":"105748148","majaslapa":"https://www.tukums.lv"}},{"type":"Feature","geometry":{"type":"Point","coordinates":[23.149871,56.965457]},"properties":{"kategorija":"soc_pakalpojumi","id":"1519","nosaukums":"Tukuma novada pašvaldības iestādes \"Tukuma novada sociālais dienests\" Tukuma patversme","adrese":"Dārza iela 11/13, Tukums, Tukuma nov., LV-3101","pakalpojums":"patversme","pakalpojuma_forma":"ar izmitināšanu","izmitinasana":"izmitināšana","planotais_klientu_skaits":30,"klienti":"pilngadīgas personas (abu dzimumu)","klientu_grupas":["citi"],"juridiskais_statuss":"Pašvaldības iestādes struktūrvienība","vzd_kods":"102075146","majaslapa":"https://www.tukums.lv"}},{"type":"Feature","geometry":{"type":"Point","coordinates":[27.126078,56.164385]},"properties":{"kategorija":"soc_pakalpojumi","id":"152","nosaukums":"Valsts sociālās aprūpes centrs \"Latgale\" filiāle \"Krastiņi\"","adrese":"\"Pansionāts \"Krastiņi\"\", Geraņimova, Kastuļinas pag., Krāslavas nov., LV-5685","pakalpojums":"ilgstošās sociālās aprūpes un sociālās rehabilitācijas institūcija","pakalpojuma_forma":"ar izmitināšanu","izmitinasana":"izmitināšana","planotais_klientu_skaits":95,"klienti":"pilngadīgas personas (abu dzimumu)","klientu_grupas":["personas ar garīga rakstura traucējumiem"],"juridiskais_statuss":"Valsts pārvaldes iestādes struktūrvienība","vzd_kods":"101167101","majaslapa":"https://www.vsaclatgale.gov.lv"}},{"type":"Feature","geometry":{"type":"Point","coordinates":[25.426662,57.538981]},"properties":{"kategorija":"soc_pakalpojumi","id":"1520","nosaukums":"Valmieras novada Sociālo lietu pārvalde","adrese":"Lāčplēša iela 2, Valmiera, Valmieras nov., LV-4201","pakalpojums":"sociālais, tai skaitā pašvaldības sociālais dienests","pakalpojuma_forma":"bez izmitināšanas","planotais_klientu_skaits":450,"klienti":"visu vecumu un dzimumu personas","klientu_grupas":["personas, kas atkarīgas no psihoaktīvām vielām","krīzes situācijā nonākušas personas","pensijas vecuma personas","personas ar garīga rakstura traucējumiem","personas ar onkoloģiskām slimībām un viņu ģimenes locekļi","personas ar dzirdes invaliditāti","bērni bāreņi un bez vecāku gādības palikušie bērni","personas ar invaliditāti ar fiziska rakstura traucējumiem","personas, kas cietušas no prettiesiskām darbībām (tai skaitā vardarbībā cietušas personas)","personas ar redzes invaliditāti","paliatīvā aprūpē esošie bērni un viņu ģimenes locekļi","personas, kas atgriezušās no ieslodzījuma vietas vai ilgstošas bezpajumtniecības","bēgļi un personas, kas ieguvušas alternatīvo statusu","cilvēku tirdzniecības upuri"],"juridiskais_statuss":"Pašvaldības iestāde","vzd_kods":"101023213","majaslapa":"https://slp@valmierasnovads.lv"}},{"type":"Feature","geometry":{"type":"Point","coordinates":[27.23547,56.693482]},"properties":{"kategorija":"soc_pakalpojumi","id":"1521","nosaukums":"Rēzeknes novada sociālās aprūpes centra struktūrvienība \"Strūžāni\"","adrese":"Slimnīcas iela 2, Strūžāni, Stružānu pag., Rēzeknes nov., LV-4643","pakalpojums":"ilgstoša sociālā aprūpe un sociālā rehabilitācija","pakalpojuma_forma":"ar izmitināšanu","izmitinasana":"izmitināšana","planotais_klientu_skaits":29,"klienti":"pilngadīgas personas (abu dzimumu)","klientu_grupas":["personas ar redzes invaliditāti","personas ar dzirdes invaliditāti","personas ar invaliditāti ar fiziska rakstura traucējumiem","personas ar garīga rakstura traucējumiem","pensijas vecuma personas"],"juridiskais_statuss":"Pašvaldības iestāde","vzd_kods":"101327853","majaslapa":"https://rezeknesnovads.lv/pasvaldiba/socialas-dienests/sociala-atbalsta-iestades/vsac-malta/"}},{"type":"Feature","geometry":{"type":"Point","coordinates":[21.169583,56.535081]},"properties":{"kategorija":"soc_pakalpojumi","id":"1525","nosaukums":"Dienvidkurzemes novada Sociālais dienests","adrese":"Lielā iela 76, Grobiņa, Dienvidkurzemes nov., LV-3430","pakalpojums":"sociālais, tai skaitā pašvaldības sociālais dienests","pakalpojuma_forma":"bez izmitināšanas","planotais_klientu_skaits":200,"klienti":"visu vecumu un dzimumu personas","klientu_grupas":["personas ar onkoloģiskām slimībām un viņu ģimenes locekļi","personas ar redzes invaliditāti","personas ar invaliditāti ar fiziska rakstura traucējumiem","bēgļi un personas, kas ieguvušas alternatīvo statusu","paliatīvā aprūpē esošie bērni un viņu ģimenes locekļi","krīzes situācijā nonākušas personas","personas, kas atgriezušās no ieslodzījuma vietas vai ilgstošas bezpajumtniecības","personas, kas atkarīgas no psihoaktīvām vielām","personas, kas cietušas no prettiesiskām darbībām (tai skaitā vardarbībā cietušas personas)","bērni bāreņi un bez vecāku gādības palikušie bērni","cilvēku tirdzniecības upuri","personas ar dzirdes invaliditāti","personas ar garīga rakstura traucējumiem","pensijas vecuma personas"],"juridiskais_statuss":"Pašvaldības iestāde","vzd_kods":"101456850"}},{"type":"Feature","geometry":{"type":"Point","coordinates":[25.513158,57.122231]},"properties":{"kategorija":"soc_pakalpojumi","id":"1526","nosaukums":"SARC Sērmūkši","adrese":"\"Sērmūkšu muiža\", Sērmūkši, Skujenes pag., Cēsu nov., LV-4143","pakalpojums":"ilgstoša sociālā aprūpe un sociālā rehabilitācija","pakalpojuma_forma":"ar izmitināšanu","izmitinasana":"izmitināšana","planotais_klientu_skaits":86,"klienti":"pilngadīgas personas (abu dzimumu)","klientu_grupas":["pensijas vecuma personas","personas ar invaliditāti ar fiziska rakstura traucējumiem"],"juridiskais_statuss":"SIA struktūrvienība","vzd_kods":"104047011","majaslapa":"https://www.labakaritdiena.lv"}},{"type":"Feature","geometry":{"type":"Point","coordinates":[25.03657,57.862434]},"properties":{"kategorija":"soc_pakalpojumi","id":"1527","nosaukums":"Biedrības \"Latvijas Samariešu apvienība\" Atbalsta centra \"LAIVA\" Mazsalacas Dienas aprūpes centrs","adrese":"Parka iela 31, Mazsalaca, Valmieras nov., LV-4215","pakalpojums":"dienas aprūpes centrs","pakalpojuma_forma":"bez izmitināšanas","planotais_klientu_skaits":11,"klienti":"pilngadīgas personas (abu dzimumu)","klientu_grupas":["personas ar garīga rakstura traucējumiem"],"juridiskais_statuss":"Biedrības struktūrvienība","vzd_kods":"101180947","majaslapa":"https://www.samariesi.lv"}},{"type":"Feature","geometry":{"type":"Point","coordinates":[25.03657,57.862434]},"properties":{"kategorija":"soc_pakalpojumi","id":"1528","nosaukums":"Biedrības \"Latvijas Samariešu apvienība\" Atbalsta centra \"LAIVA\" Sociālās rehabilitācijas centrs","adrese":"Parka iela 31, Mazsalaca, Valmieras nov., LV-4215","pakalpojums":"sociālā rehabilitācija","pakalpojuma_forma":"bez izmitināšanas","planotais_klientu_skaits":44,"klienti":"visu vecumu un dzimumu personas","klientu_grupas":["citi","personas ar garīga rakstura traucējumiem"],"juridiskais_statuss":"Biedrības struktūrvienība","vzd_kods":"101180947","majaslapa":"https://www.samariesi.lv"}},{"type":"Feature","geometry":{"type":"Point","coordinates":[25.268351,57.298947]},"properties":{"kategorija":"soc_pakalpojumi","id":"1530","nosaukums":"Biedrības \"Rīgas pilsētas \"Rūpju bērns\"\" Atbalsta centrs \"Pērle\"","adrese":"Rīgas iela 90, Cēsis, Cēsu nov., LV-4101","pakalpojums":"dienas aprūpes centrs","pakalpojuma_forma":"bez izmitināšanas","planotais_klientu_skaits":10,"klienti":"bērni (abu dzimumu)","klientu_grupas":["citi"],"juridiskais_statuss":"Biedrība","vzd_kods":"105679577","majaslapa":"https://www.rupjuberns.lv"}},{"type":"Feature","geometry":{"type":"Point","coordinates":[24.050141,57.030693]},"properties":{"kategorija":"soc_pakalpojumi","id":"1531","nosaukums":"Nodibinājums \"Latvijas Evaņģēliski luteriskās Baznīcas Diakonijas centrs\" Daudzfunkcionālais sociālo pakalpojumu centrs \"Dzīvības aka\"","adrese":"Mežrozīšu iela 43, Rīga, LV-1016","pakalpojums":"dienas aprūpes centrs","pakalpojuma_forma":"bez izmitināšanas","planotais_klientu_skaits":55,"klienti":"bērni (abu dzimumu)","klientu_grupas":["citi"],"juridiskais_statuss":"Nodibinājuma struktūrvienība","vzd_kods":"106249576","majaslapa":"https://www.diakonija.lv/dzivibas-aka"}},{"type":"Feature","geometry":{"type":"Point","coordinates":[24.050141,57.030693]},"properties":{"kategorija":"soc_pakalpojumi","id":"1532","nosaukums":"Nodibinājums \"Latvijas Evaņģēliski luteriskās Baznīcas Diakonijas centrs\" Daudzfunkcionālais sociālo pakalpojumu centrs \"Dzīvības aka\"","adrese":"Mežrozīšu iela 43, Rīga, LV-1016","pakalpojums":"dienas centrs","pakalpojuma_forma":"bez izmitināšanas","planotais_klientu_skaits":50,"klienti":"pilngadīgas personas (abu dzimumu)","klientu_grupas":["pensijas vecuma personas","citi"],"juridiskais_statuss":"Nodibinājuma struktūrvienība","vzd_kods":"106249576","majaslapa":"https://www.diakonija.lv/dzivibas-aka"}},{"type":"Feature","geometry":{"type":"Point","coordinates":[23.633202,56.95044]},"properties":{"kategorija":"soc_pakalpojumi","id":"1533","nosaukums":"Jūrmalas sociālo pakalpojumu centrs \"Kauguri\" struktūrvienība \"Bērnu un jauniešu māja\"","adrese":"Ventspils šoseja 20A k-1, Jūrmala, LV-2011","pakalpojums":"ilgstoša sociālā aprūpe un sociālā rehabilitācija","pakalpojuma_forma":"ar izmitināšanu","izmitinasana":"izmitināšana","planotais_klientu_skaits":16,"klienti":"bērni (abu dzimumu)","klientu_grupas":["bērni bāreņi un bez vecāku gādības palikušie bērni"],"juridiskais_statuss":"Pašvaldības iestādes struktūrvienība","vzd_kods":"106427026","majaslapa":"https://www.jurmala.lv"}},{"type":"Feature","geometry":{"type":"Point","coordinates":[22.024529,57.274053]},"properties":{"kategorija":"soc_pakalpojumi","id":"1534","nosaukums":"Ventspils novada Sociālais dienests","adrese":"Rūpnīcas iela 6 - 14, Ugāle, Ugāles pag., Ventspils nov., LV-3615","pakalpojums":"grupu māja (dzīvoklis)","pakalpojuma_forma":"ar izmitināšanu","izmitinasana":"izmitināšana","planotais_klientu_skaits":8,"klienti":"pilngadīgas personas (abu dzimumu)","klientu_grupas":["personas ar garīga rakstura traucējumiem"],"juridiskais_statuss":"Pašvaldības iestādes struktūrvienība","vzd_kods":"116868647","majaslapa":"https://www.ventspilsnovads.lv"}},{"type":"Feature","geometry":{"type":"Point","coordinates":[26.689773,56.299517]},"properties":{"kategorija":"soc_pakalpojumi","id":"1536","nosaukums":"Preiļu novada Labklājības pārvaldes Sociālais dienests","adrese":"Jaunatnes iela 1, Līči, Preiļu pag., Preiļu nov., LV-5301","pakalpojums":"sociālā rehabilitācija","pakalpojuma_forma":"bez izmitināšanas","planotais_klientu_skaits":15,"klienti":"visu vecumu un dzimumu personas","klientu_grupas":["citi"],"juridiskais_statuss":"Pašvaldības iestādes struktūrvienība","vzd_kods":"102596936","majaslapa":"https://www.preili.lv"}},{"type":"Feature","geometry":{"type":"Point","coordinates":[26.287183,55.977501]},"properties":{"kategorija":"soc_pakalpojumi","id":"1537","nosaukums":"Augšdaugavas novada Sociālā dienesta Ilūkstes dienas aprūpes centrs personām ar garīga rakstura traucējumiem “Fēnikss”","adrese":"Kastaņu iela 38A, Ilūkste, Augšdaugavas nov., LV-5447","pakalpojums":"dienas aprūpes centrs","pakalpojuma_forma":"bez izmitināšanas","planotais_klientu_skaits":14,"klienti":"pilngadīgas personas (abu dzimumu)","klientu_grupas":["personas ar garīga rakstura traucējumiem"],"juridiskais_statuss":"Pašvaldības struktūrvienība","vzd_kods":"106074544","majaslapa":"https://www.augsdaugavasnovads.lv"}},{"type":"Feature","geometry":{"type":"Point","coordinates":[26.287183,55.977501]},"properties":{"kategorija":"soc_pakalpojumi","id":"1538","nosaukums":"Augšdaugavas novada Sociālā dienesta Specializētās darbnīcas personām ar funkcionāliem traucējumiem","adrese":"Kastaņu iela 38A, Ilūkste, Augšdaugavas nov., LV-5447","pakalpojums":"specializētās darbnīcas","pakalpojuma_forma":"bez izmitināšanas","planotais_klientu_skaits":8,"klienti":"pilngadīgas personas (abu dzimumu)","klientu_grupas":["personas ar invaliditāti ar fiziska rakstura traucējumiem","personas ar garīga rakstura traucējumiem"],"juridiskais_statuss":"Pašvaldības struktūrvienība","vzd_kods":"106074544","majaslapa":"https://www.augsdaugavasnovads.lv"}},{"type":"Feature","geometry":{"type":"Point","coordinates":[26.245868,55.942528]},"properties":{"kategorija":"soc_pakalpojumi","id":"1539","nosaukums":"Augšdaugavas novada Sociālā dienesta Grupu dzīvokļi \"Pašuliene\"","adrese":"\"4\", Pašuliene, Šēderes pag., Augšdaugavas nov., LV-5474","pakalpojums":"grupu māja (dzīvoklis)","pakalpojuma_forma":"ar izmitināšanu","izmitinasana":"izmitināšana","planotais_klientu_skaits":16,"klienti":"pilngadīgas personas (abu dzimumu)","klientu_grupas":["personas ar garīga rakstura traucējumiem"],"juridiskais_statuss":"Pašvaldības struktūrvienība","vzd_kods":"104866877","majaslapa":"https://www.augsdaugavasnovads.lv"}},{"type":"Feature","geometry":{"type":"Point","coordinates":[26.309953,56.96974]},"properties":{"kategorija":"soc_pakalpojumi","id":"1540","nosaukums":"Cesvaines un Dzelzavas Sociālās aprūpes centrs, struktūrvienība sociālās aprūpes nodaļa \"Cesvaine\"","adrese":"Augusta Saulieša iela 14, Cesvaine, Madonas nov., LV-4871","pakalpojums":"ilgstoša sociālā aprūpe un sociālā rehabilitācija","pakalpojuma_forma":"ar izmitināšanu","izmitinasana":"izmitināšana","planotais_klientu_skaits":20,"klienti":"pilngadīgas personas (abu dzimumu)","klientu_grupas":["personas ar invaliditāti ar fiziska rakstura traucējumiem"],"juridiskais_statuss":"Pašvaldības iestādes struktūrvienība","vzd_kods":"101396581"}},{"type":"Feature","geometry":{"type":"Point","coordinates":[25.908591,57.423948]},"properties":{"kategorija":"soc_pakalpojumi","id":"1541","nosaukums":"Smiltenes novada Sociālais dienests","adrese":"Dārza iela 11, Smiltene, Smiltenes nov., LV-4729","pakalpojums":"sociālais, tai skaitā pašvaldības sociālais dienests","pakalpojuma_forma":"bez izmitināšanas","planotais_klientu_skaits":1630,"klienti":"visu vecumu un dzimumu personas","klientu_grupas":["personas ar redzes invaliditāti","krīzes situācijā nonākušas personas","pensijas vecuma personas","cilvēku tirdzniecības upuri","personas ar onkoloģiskām slimībām un viņu ģimenes locekļi","bēgļi un personas, kas ieguvušas alternatīvo statusu","personas, kas atgriezušās no ieslodzījuma vietas vai ilgstošas bezpajumtniecības","personas ar garīga rakstura traucējumiem","personas, kas atkarīgas no psihoaktīvām vielām","paliatīvā aprūpē esošie bērni un viņu ģimenes locekļi","bērni bāreņi un bez vecāku gādības palikušie bērni","personas ar dzirdes invaliditāti","personas, kas cietušas no prettiesiskām darbībām (tai skaitā vardarbībā cietušas personas)","citi","personas ar invaliditāti ar fiziska rakstura traucējumiem"],"juridiskais_statuss":"Pašvaldības iestāde","vzd_kods":"101191590"}},{"type":"Feature","geometry":{"type":"Point","coordinates":[25.908591,57.423948]},"properties":{"kategorija":"soc_pakalpojumi","id":"1542","nosaukums":"Sociālās palīdzības un sociālo pakalpojumu nodaļa","adrese":"Dārza iela 11, Smiltene, Smiltenes nov., LV-4729","pakalpojums":"aprūpe mājās","pakalpojuma_forma":"bez izmitināšanas","planotais_klientu_skaits":50,"klienti":"pilngadīgas personas (abu dzimumu)","klientu_grupas":["personas ar dzirdes invaliditāti","personas ar onkoloģiskām slimībām un viņu ģimenes locekļi","personas ar garīga rakstura traucējumiem","personas ar redzes invaliditāti","paliatīvā aprūpē esošie bērni un viņu ģimenes locekļi","personas ar invaliditāti ar fiziska rakstura traucējumiem","pensijas vecuma personas"],"juridiskais_statuss":"Pašvaldības iestādes struktūrvienība","vzd_kods":"101191590"}},{"type":"Feature","geometry":{"type":"Point","coordinates":[23.281963,56.62727]},"properties":{"kategorija":"soc_pakalpojumi","id":"1543","nosaukums":"Dobeles novada Sociālais dienests","adrese":"Edgara Francmaņa iela 6, Dobele, Dobeles nov., LV-3701","pakalpojums":"sociālais, tai skaitā pašvaldības sociālais dienests","pakalpojuma_forma":"bez izmitināšanas","planotais_klientu_skaits":1075,"klienti":"visu vecumu un dzimumu personas","klientu_grupas":["personas, kas atgriezušās no ieslodzījuma vietas vai ilgstošas bezpajumtniecības","bēgļi un personas, kas ieguvušas alternatīvo statusu","personas ar invaliditāti ar fiziska rakstura traucējumiem","krīzes situācijā nonākušas personas","cilvēku tirdzniecības upuri","pensijas vecuma personas","personas ar onkoloģiskām slimībām un viņu ģimenes locekļi","bērni bāreņi un bez vecāku gādības palikušie bērni","personas ar dzirdes invaliditāti","personas ar redzes invaliditāti","personas, kas cietušas no prettiesiskām darbībām (tai skaitā vardarbībā cietušas personas)","personas, kas atkarīgas no psihoaktīvām vielām","paliatīvā aprūpē esošie bērni un viņu ģimenes locekļi","personas ar garīga rakstura traucējumiem"],"juridiskais_statuss":"Pašvaldības iestāde","vzd_kods":"102755577"}},{"type":"Feature","geometry":{"type":"Point","coordinates":[27.262818,57.126015]},"properties":{"kategorija":"soc_pakalpojumi","id":"1544","nosaukums":"Balvu novada Sociālā pārvalde","adrese":"Raiņa iela 52, Balvi, Balvu nov., LV-4501","pakalpojums":"aprūpe mājās","pakalpojuma_forma":"bez izmitināšanas","planotais_klientu_skaits":30,"klienti":"visu vecumu un dzimumu personas","klientu_grupas":["citi","personas ar garīga rakstura traucējumiem"],"juridiskais_statuss":"Pašvaldības iestāde","vzd_kods":"101609471","majaslapa":"https://www.balvi.lv"}},{"type":"Feature","geometry":{"type":"Point","coordinates":[25.418551,57.544526]},"properties":{"kategorija":"soc_pakalpojumi","id":"1546","nosaukums":"Latvijas SOS Bērnu ciematu asociācijas Valmieras SOS Bērnu ciemats","adrese":"Rubenes iela 36 - 36, Valmiera, Valmieras nov., LV-4201","pakalpojums":"ilgstoša sociālā aprūpe un sociālā rehabilitācija","pakalpojuma_forma":"ar izmitināšanu","izmitinasana":"izmitināšana","planotais_klientu_skaits":4,"klienti":"bērni (abu dzimumu)","klientu_grupas":["bērni bāreņi un bez vecāku gādības palikušie bērni"],"juridiskais_statuss":"Biedrības struktūrvienība","vzd_kods":"114467352","majaslapa":"https://www.sosbernuciemati.lv"}},{"type":"Feature","geometry":{"type":"Point","coordinates":[21.072436,56.542726]},"properties":{"kategorija":"soc_pakalpojumi","id":"1547","nosaukums":"SIA \"Magnum Social & Medical Care\" centrs “RŪRE”","adrese":"Labraga iela 11, Liepāja, LV-3414","pakalpojums":"ilgstoša sociālā aprūpe un sociālā rehabilitācija","pakalpojuma_forma":"ar izmitināšanu","izmitinasana":"izmitināšana","planotais_klientu_skaits":163,"klienti":"pilngadīgas personas (abu dzimumu)","klientu_grupas":["personas ar invaliditāti ar fiziska rakstura traucējumiem","pensijas vecuma personas","personas ar onkoloģiskām slimībām un viņu ģimenes locekļi"],"juridiskais_statuss":"SIA","vzd_kods":"101696884","majaslapa":"https://www.rure.lv"}},{"type":"Feature","geometry":{"type":"Point","coordinates":[24.159767,56.931728]},"properties":{"kategorija":"soc_pakalpojumi","id":"1548","nosaukums":"Biedrības \"Rīgas pilsētas \"Rūpju bērns\"\" Atelpas brīža pakalpojums","adrese":"Latgales iela 180B, Rīga, LV-1019","pakalpojums":"atelpas brīdis","pakalpojuma_forma":"ar izmitināšanu","izmitinasana":"izmitināšana","planotais_klientu_skaits":2,"klienti":"pilngadīgas personas (abu dzimumu)","klientu_grupas":["personas ar garīga rakstura traucējumiem"],"juridiskais_statuss":"Biedrība","vzd_kods":"106932361","majaslapa":"https://www.rupjuberns.lv"}},{"type":"Feature","geometry":{"type":"Point","coordinates":[21.392803,57.007186]},"properties":{"kategorija":"soc_pakalpojumi","id":"1549","nosaukums":"Sabiedrība ar ierobežotu atbildību \"Sociālā aprūpe\"","adrese":"\"Saulgoži\", Jūrkalne, Jūrkalnes pag., Ventspils nov., LV-3626","pakalpojums":"ilgstoša sociālā aprūpe un sociālā rehabilitācija","pakalpojuma_forma":"ar izmitināšanu","izmitinasana":"izmitināšana","planotais_klientu_skaits":46,"klienti":"pilngadīgas personas (abu dzimumu)","klientu_grupas":["pensijas vecuma personas"],"juridiskais_statuss":"SIA","vzd_kods":"103110670","majaslapa":"https://www.pansionats.com"}},{"type":"Feature","geometry":{"type":"Point","coordinates":[24.389457,56.741529]},"properties":{"kategorija":"soc_pakalpojumi","id":"1550","nosaukums":"Pašvaldības aģentūras Ķekavas novada veselības un sociālās aprūpes centrs Sociālās aprūpes centrs Baldone","adrese":"Iecavas iela 4, Baldone, Ķekavas nov., LV-2125","pakalpojums":"ilgstoša sociālā aprūpe un sociālā rehabilitācija","pakalpojuma_forma":"ar izmitināšanu","izmitinasana":"izmitināšana","planotais_klientu_skaits":30,"klienti":"pilngadīgas personas (abu dzimumu)","klientu_grupas":["personas ar invaliditāti ar fiziska rakstura traucējumiem"],"juridiskais_statuss":"Pašvaldības aģentūra","vzd_kods":"105246977","majaslapa":"https://aprupe.kekava.lv/"}},{"type":"Feature","geometry":{"type":"Point","coordinates":[22.896212,56.523434]},"properties":{"kategorija":"soc_pakalpojumi","id":"1551","nosaukums":"Dobeles novada Sociālais dienesta struktūrvienība \"Lielauces pansija\"","adrese":"\"Ezerkrasti\", Lielauce, Lielauces pag., Dobeles nov., LV-3723","pakalpojums":"pansija","pakalpojuma_forma":"ar izmitināšanu","izmitinasana":"izmitināšana","planotais_klientu_skaits":21,"klienti":"pilngadīgas personas (abu dzimumu)","klientu_grupas":["personas ar redzes invaliditāti","personas ar invaliditāti ar fiziska rakstura traucējumiem","pensijas vecuma personas","personas ar dzirdes invaliditāti"],"juridiskais_statuss":"Pašvaldības iestādes struktūrvienība","vzd_kods":"106237231"}},{"type":"Feature","geometry":{"type":"Point","coordinates":[24.129549,56.949217]},"properties":{"kategorija":"soc_pakalpojumi","id":"1552","nosaukums":"Terapijas centrs Skaņas un mūzika","adrese":"Ernesta Birznieka-Upīša iela 20A - 3, Rīga, LV-1050","pakalpojums":"sociālā rehabilitācija","pakalpojuma_forma":"bez izmitināšanas","planotais_klientu_skaits":60,"klienti":"visu vecumu un dzimumu personas","klientu_grupas":["bēgļi un personas, kas ieguvušas alternatīvo statusu","bērni bāreņi un bez vecāku gādības palikušie bērni","citi","krīzes situācijā nonākušas personas","personas ar garīga rakstura traucējumiem","personas ar invaliditāti ar fiziska rakstura traucējumiem"],"juridiskais_statuss":"SIA","vzd_kods":"117837046","majaslapa":"https://www.skanasunmuzika.lv"}},{"type":"Feature","geometry":{"type":"Point","coordinates":[25.573769,57.417144]},"properties":{"kategorija":"soc_pakalpojumi","id":"1553","nosaukums":"SARC Mārsnēni","adrese":"\"Gaismas\", Mārsnēni, Mārsnēnu pag., Cēsu nov., LV-4129","pakalpojums":"ilgstoša sociālā aprūpe un sociālā rehabilitācija","pakalpojuma_forma":"ar izmitināšanu","izmitinasana":"izmitināšana","planotais_klientu_skaits":60,"klienti":"pilngadīgas personas (abu dzimumu)","klientu_grupas":["personas ar invaliditāti ar fiziska rakstura traucējumiem","pensijas vecuma personas"],"juridiskais_statuss":"SIA struktūrvienība","vzd_kods":"104068293","majaslapa":"https://www.labakaritdiena.lv"}},{"type":"Feature","geometry":{"type":"Point","coordinates":[24.416543,56.820696]},"properties":{"kategorija":"soc_pakalpojumi","id":"1554","nosaukums":"Pašvaldības aģentūras \"Ķekavas novada veselības un sociālās aprūpes centrs\" Dienas centrs \"Adatiņas\"","adrese":"\"Adatiņas\", Daugmale, Daugmales pag., Ķekavas nov., LV-2124","pakalpojums":"dienas centrs","pakalpojuma_forma":"bez izmitināšanas","planotais_klientu_skaits":15,"klienti":"visu vecumu un dzimumu personas","klientu_grupas":["citi","pensijas vecuma personas"],"juridiskais_statuss":"Pašvaldības aģentūra","vzd_kods":"103720908","majaslapa":"https://aprupe.kekava.lv/"}},{"type":"Feature","geometry":{"type":"Point","coordinates":[25.84019,56.500511]},"properties":{"kategorija":"soc_pakalpojumi","id":"1555","nosaukums":"Jēkabpils novada Sociālā dienesta struktūrvienība Grupu māja SAKA","adrese":"Brīvības iela 286A, Jēkabpils, Jēkabpils nov., LV-5201","pakalpojums":"grupu māja (dzīvoklis)","pakalpojuma_forma":"ar izmitināšanu","izmitinasana":"izmitināšana","planotais_klientu_skaits":16,"klienti":"pilngadīgas personas (abu dzimumu)","klientu_grupas":["personas ar garīga rakstura traucējumiem"],"juridiskais_statuss":"Pašvaldības iestādes struktūrvienība","vzd_kods":"101506338"}},{"type":"Feature","geometry":{"type":"Point","coordinates":[24.59845,56.818881]},"properties":{"kategorija":"soc_pakalpojumi","id":"1556","nosaukums":"Ogres novada Sociālais dienests","adrese":"Upes prospekts 16, Ogre, Ogres nov., LV-5001","pakalpojums":"sociālais, tai skaitā pašvaldības sociālais dienests","pakalpojuma_forma":"bez izmitināšanas","planotais_klientu_skaits":1260,"klienti":"visu vecumu un dzimumu personas","klientu_grupas":["personas ar onkoloģiskām slimībām un viņu ģimenes locekļi","bēgļi un personas, kas ieguvušas alternatīvo statusu","personas ar redzes invaliditāti","pensijas vecuma personas","paliatīvā aprūpē esošie bērni un viņu ģimenes locekļi","personas, kas cietušas no prettiesiskām darbībām (tai skaitā vardarbībā cietušas personas)","bērni bāreņi un bez vecāku gādības palikušie bērni","personas ar dzirdes invaliditāti","cilvēku tirdzniecības upuri","personas, kas atgriezušās no ieslodzījuma vietas vai ilgstošas bezpajumtniecības","citi","krīzes situācijā nonākušas personas","personas ar invaliditāti ar fiziska rakstura traucējumiem","personas, kas atkarīgas no psihoaktīvām vielām","personas ar garīga rakstura traucējumiem"],"juridiskais_statuss":"Pašvaldības iestāde","vzd_kods":"101367630","majaslapa":"https://www.ogresnovads.lv"}},{"type":"Feature","geometry":{"type":"Point","coordinates":[24.516416,56.602743]},"properties":{"kategorija":"soc_pakalpojumi","id":"1557","nosaukums":"Bauskas novada pašvaldības iestāde “Bauskas novada Sociālais dienests”, Daudzfunkcionālais sociālo pakalpojumu centrs \"Sarkanā skola\"","adrese":"Bauskas iela 4, Vecumnieki, Vecumnieku pag., Bauskas nov., LV-3933","pakalpojums":"dienas aprūpes centrs","pakalpojuma_forma":"bez izmitināšanas","planotais_klientu_skaits":27,"klienti":"bērni (abu dzimumu)","klientu_grupas":["citi"],"juridiskais_statuss":"Pašvaldības iestādes struktūrvienība","vzd_kods":"102322688"}},{"type":"Feature","geometry":{"type":"Point","coordinates":[24.516416,56.602743]},"properties":{"kategorija":"soc_pakalpojumi","id":"1558","nosaukums":"Bauskas novada pašvaldības iestāde “Bauskas novada Sociālais dienests”, Daudzfunkcionālais sociālo pakalpojumu centrs \"Sarkanā skola\"","adrese":"Bauskas iela 4, Vecumnieki, Vecumnieku pag., Bauskas nov., LV-3933","pakalpojums":"dienas aprūpes centrs","pakalpojuma_forma":"bez izmitināšanas","planotais_klientu_skaits":14,"klienti":"pilngadīgas personas (abu dzimumu)","klientu_grupas":["personas ar garīga rakstura traucējumiem"],"juridiskais_statuss":"Pašvaldības iestādes struktūrvienība","vzd_kods":"102322688"}},{"type":"Feature","geometry":{"type":"Point","coordinates":[25.254246,56.599817]},"properties":{"kategorija":"soc_pakalpojumi","id":"1559","nosaukums":"Aizkraukles novada Sociālais dienests","adrese":"Daugavas iela 1, Aizkraukle, Aizkraukles nov., LV-5101","pakalpojums":"sociālais, tai skaitā pašvaldības sociālais dienests","pakalpojuma_forma":"bez izmitināšanas","planotais_klientu_skaits":600,"klienti":"visu vecumu un dzimumu personas","klientu_grupas":["citi"],"juridiskais_statuss":"Pašvaldības iestāde","vzd_kods":"101629805","majaslapa":"https://www.aizkraukle.lv/lv/aizkraukles-novada-socialais-dienests"}},{"type":"Feature","geometry":{"type":"Point","coordinates":[25.460618,57.664081]},"properties":{"kategorija":"soc_pakalpojumi","id":"156","nosaukums":"Camphill nodibinājums \"Rožkalni\"","adrese":"\"Rožkalni\", Rencēnu pag., Valmieras nov., LV-4232","pakalpojums":"grupu māja (dzīvoklis)","pakalpojuma_forma":"ar izmitināšanu","izmitinasana":"izmitināšana","planotais_klientu_skaits":12,"klienti":"pilngadīgas personas (abu dzimumu)","klientu_grupas":["personas ar garīga rakstura traucējumiem"],"juridiskais_statuss":"Nodibinājums","vzd_kods":"103544393","majaslapa":"https://www.camphillrozkalni.lv"}},{"type":"Feature","geometry":{"type":"Point","coordinates":[23.691635,56.646906]},"properties":{"kategorija":"soc_pakalpojumi","id":"1560","nosaukums":"SIA “Barboleta”","adrese":"Atmodas iela 9, Jelgava, LV-3001","pakalpojums":"psihosociālā rehabilitācija","pakalpojuma_forma":"bez izmitināšanas","planotais_klientu_skaits":15,"klienti":"visu vecumu un dzimumu personas","klientu_grupas":["personas ar garīga rakstura traucējumiem"],"juridiskais_statuss":"SIA struktūrvienība","vzd_kods":"101169170","majaslapa":"https://www.barboleta.lv"}},{"type":"Feature","geometry":{"type":"Point","coordinates":[21.590314,56.446712]},"properties":{"kategorija":"soc_pakalpojumi","id":"1561","nosaukums":"Dienvidkurzemes novada pašvaldības iestādes “Dienvidkurzemes novada Sociālais dienests” struktūrvienība Priekules sociālā atbalsta centrs","adrese":"Ķieģeļu iela 7, Priekule, Dienvidkurzemes nov., LV-3434","pakalpojums":"dienas aprūpes centrs","pakalpojuma_forma":"bez izmitināšanas","planotais_klientu_skaits":10,"klienti":"pilngadīgas personas (abu dzimumu)","klientu_grupas":["personas ar garīga rakstura traucējumiem"],"juridiskais_statuss":"Pašvaldības iestādes struktūrvienība","vzd_kods":"102211514"}},{"type":"Feature","geometry":{"type":"Point","coordinates":[21.590314,56.446712]},"properties":{"kategorija":"soc_pakalpojumi","id":"1562","nosaukums":"Dienvidkurzemes novada pašvaldības iestādes “Dienvidkurzemes novada Sociālais dienests” struktūrvienība Priekules sociālā atbalsta centrs","adrese":"Ķieģeļu iela 7, Priekule, Dienvidkurzemes nov., LV-3434","pakalpojums":"specializētās darbnīcas","pakalpojuma_forma":"bez izmitināšanas","planotais_klientu_skaits":10,"klienti":"pilngadīgas personas (abu dzimumu)","klientu_grupas":["personas ar garīga rakstura traucējumiem"],"juridiskais_statuss":"Pašvaldības iestādes struktūrvienība","vzd_kods":"102211514"}},{"type":"Feature","geometry":{"type":"Point","coordinates":[27.319867,56.505092]},"properties":{"kategorija":"soc_pakalpojumi","id":"1563","nosaukums":"Rēzeknes valstspilsētas pašvaldības pārvalde \"Sociālais dienests\"","adrese":"Viļānu iela 10, Rēzekne, LV-4601","pakalpojums":"krīzes centrs","pakalpojuma_forma":"ar izmitināšanu","izmitinasana":"izmitināšana","planotais_klientu_skaits":25,"klienti":"visu vecumu un dzimumu personas","klientu_grupas":["krīzes situācijā nonākušas personas","personas, kas cietušas no prettiesiskām darbībām (tai skaitā vardarbībā cietušas personas)"],"juridiskais_statuss":"Pašvaldības iestāde","vzd_kods":"101686898","majaslapa":"https://www.sdrezekne.lv"}},{"type":"Feature","geometry":{"type":"Point","coordinates":[21.040574,56.555928]},"properties":{"kategorija":"soc_pakalpojumi","id":"1564","nosaukums":"Liepājas valstspilsētas pašvaldības iestāde \"Liepājas Sociālais dienests\" Bērnu atbalsta centrs \"Dzintari\"","adrese":"Viršu iela 9/11, Liepāja, LV-3402","pakalpojums":"ilgstoša sociālā aprūpe un sociālā rehabilitācija","pakalpojuma_forma":"ar izmitināšanu","izmitinasana":"izmitināšana","planotais_klientu_skaits":12,"klienti":"bērni (abu dzimumu)","klientu_grupas":["krīzes situācijā nonākušas personas","bērni bāreņi un bez vecāku gādības palikušie bērni","personas, kas cietušas no prettiesiskām darbībām (tai skaitā vardarbībā cietušas personas)"],"juridiskais_statuss":"Pašvaldības iestādes struktūrvienība","vzd_kods":"102449543","majaslapa":"https://www.liepaja.lv/bernu-atbalsta-centrs-dzintari/"}},{"type":"Feature","geometry":{"type":"Point","coordinates":[24.59845,56.818881]},"properties":{"kategorija":"soc_pakalpojumi","id":"1567","nosaukums":"Ogres novada Sociālā dienesta Specializētās darbnīcas","adrese":"Upes prospekts 16, Ogre, Ogres nov., LV-5001","pakalpojums":"specializētās darbnīcas","pakalpojuma_forma":"bez izmitināšanas","planotais_klientu_skaits":24,"klienti":"pilngadīgas personas (abu dzimumu)","klientu_grupas":["personas ar garīga rakstura traucējumiem"],"juridiskais_statuss":"Pašvaldības iestādes struktūrvienība","vzd_kods":"101367630","majaslapa":"https://www.ogresnovads.lv"}},{"type":"Feature","geometry":{"type":"Point","coordinates":[24.59845,56.818881]},"properties":{"kategorija":"soc_pakalpojumi","id":"1568","nosaukums":"Ogres novada Sociālais dienests dienas centrs \"Saime\"","adrese":"Upes prospekts 16, Ogre, Ogres nov., LV-5001","pakalpojums":"dienas aprūpes centrs","pakalpojuma_forma":"bez izmitināšanas","planotais_klientu_skaits":47,"klienti":"pilngadīgas personas (abu dzimumu)","klientu_grupas":["personas ar garīga rakstura traucējumiem"],"juridiskais_statuss":"Pašvaldības iestādes struktūrvienība","vzd_kods":"101367630","majaslapa":"https://www.ogresnovads.lv"}},{"type":"Feature","geometry":{"type":"Point","coordinates":[24.59845,56.818881]},"properties":{"kategorija":"soc_pakalpojumi","id":"1569","nosaukums":"Ogres novada Sociālais dienests Ģimenes atbalsta dienas centrs","adrese":"Upes prospekts 16, Ogre, Ogres nov., LV-5001","pakalpojums":"dienas centrs","pakalpojuma_forma":"bez izmitināšanas","planotais_klientu_skaits":30,"klienti":"bērni (abu dzimumu)","klientu_grupas":["citi"],"juridiskais_statuss":"Pašvaldības iestādes struktūrvienība","vzd_kods":"101367630","majaslapa":"https://www.ogresnovads.lv"}},{"type":"Feature","geometry":{"type":"Point","coordinates":[24.504324,56.838429]},"properties":{"kategorija":"soc_pakalpojumi","id":"1570","nosaukums":"Ogres novada Sociālais dienests Ģimenes atbalsta dienas centrs","adrese":"Daugavas prospekts 34, Ikšķile, Ogres nov., LV-5052","pakalpojums":"sociālā rehabilitācija","pakalpojuma_forma":"bez izmitināšanas","planotais_klientu_skaits":20,"klienti":"visu vecumu un dzimumu personas","klientu_grupas":["citi"],"juridiskais_statuss":"Pašvaldības iestādes struktūrvienība","vzd_kods":"101370397","majaslapa":"https://www.ogresnovads.lv"}},{"type":"Feature","geometry":{"type":"Point","coordinates":[24.809336,56.721011]},"properties":{"kategorija":"soc_pakalpojumi","id":"1571","nosaukums":"Ogres novada Sociālais dienests Sociālais dienas aprūpes centrs","adrese":"Ausekļa iela 3, Lielvārde, Ogres nov., LV-5070","pakalpojums":"dienas aprūpes centrs","pakalpojuma_forma":"bez izmitināšanas","planotais_klientu_skaits":35,"klienti":"visu vecumu un dzimumu personas","klientu_grupas":["pensijas vecuma personas","personas ar garīga rakstura traucējumiem","citi"],"juridiskais_statuss":"Pašvaldības iestādes struktūrvienība","vzd_kods":"102157690","majaslapa":"https://www.ogresnovads.lv"}},{"type":"Feature","geometry":{"type":"Point","coordinates":[24.810205,56.715683]},"properties":{"kategorija":"soc_pakalpojumi","id":"1572","nosaukums":"Ogres novada Sociālais dienests Sociālā dienas aprūpes centra Sociālās rehabilitācijas pakalpojums","adrese":"Raiņa iela 5, Lielvārde, Ogres nov., LV-5070","pakalpojums":"sociālā rehabilitācija","pakalpojuma_forma":"bez izmitināšanas","planotais_klientu_skaits":6,"klienti":"bērni (abu dzimumu)","klientu_grupas":["citi"],"juridiskais_statuss":"Pašvaldības iestādes struktūrvienība","vzd_kods":"101383612","majaslapa":"https://www.ogresnovads.lv"}},{"type":"Feature","geometry":{"type":"Point","coordinates":[24.087636,56.927356]},"properties":{"kategorija":"soc_pakalpojumi","id":"1573","nosaukums":"Sabiedrība ar ierobežotu atbildību \"Dzīves oāze\"","adrese":"Biešu iela 6 - 49, Rīga, LV-1004","pakalpojums":"cits: Ģimenes asistenta pakalpojums","pakalpojuma_forma":"bez izmitināšanas","planotais_klientu_skaits":50,"klienti":"pilngadīgas personas (abu dzimumu)","klientu_grupas":["citi","personas ar garīga rakstura traucējumiem"],"juridiskais_statuss":"SIA","vzd_kods":"117742932","majaslapa":"https://dzivesoaze.lv"}},{"type":"Feature","geometry":{"type":"Point","coordinates":[25.593551,56.792973]},"properties":{"kategorija":"soc_pakalpojumi","id":"1574","nosaukums":"Biedrības \"Latvijas Sarkanais Krusts\" Zemgales komitejas Ģimenes atbalsta centrs \"Dzeguzīte\"\"","adrese":"\"Dzeguzīte\", Irši, Iršu pag., Aizkraukles nov., LV-5108","pakalpojums":"ilgstoša sociālā aprūpe un sociālā rehabilitācija","pakalpojuma_forma":"ar izmitināšanu","izmitinasana":"izmitināšana","planotais_klientu_skaits":50,"klienti":"pilngadīgas personas (abu dzimumu)","klientu_grupas":["personas ar invaliditāti ar fiziska rakstura traucējumiem","pensijas vecuma personas"],"juridiskais_statuss":"Biedrība","vzd_kods":"104808325","majaslapa":"https://www.redcross.lv"}},{"type":"Feature","geometry":{"type":"Point","coordinates":[24.082201,56.929556]},"properties":{"kategorija":"soc_pakalpojumi","id":"1575","nosaukums":"Nodibinājums \"Caritas Latvija\"","adrese":"Ojāra Vācieša iela 6 k-4, Rīga, LV-1004","pakalpojums":"sociālā rehabilitācija","pakalpojuma_forma":"bez izmitināšanas","planotais_klientu_skaits":50,"klienti":"visu vecumu un dzimumu personas","klientu_grupas":["krīzes situācijā nonākušas personas"],"juridiskais_statuss":"Nodibinājums","vzd_kods":"106615516","majaslapa":"https://www.caritas.lv"}},{"type":"Feature","geometry":{"type":"Point","coordinates":[25.351398,57.310383]},"properties":{"kategorija":"soc_pakalpojumi","id":"1576","nosaukums":"Cēsu novada Sociālais dienests Dienas aprūpes centrs","adrese":"Cēsu prospekts 1, Priekuļi, Priekuļu pag., Cēsu nov., LV-4126","pakalpojums":"dienas aprūpes centrs","pakalpojuma_forma":"bez izmitināšanas","planotais_klientu_skaits":15,"klienti":"pilngadīgas personas (abu dzimumu)","klientu_grupas":["personas ar garīga rakstura traucējumiem"],"juridiskais_statuss":"Pašvaldības iestāde","vzd_kods":"102302360"}},{"type":"Feature","geometry":{"type":"Point","coordinates":[26.718586,56.898905]},"properties":{"kategorija":"soc_pakalpojumi","id":"1577","nosaukums":"Madonas novada Lubānas apvienības pārvalde Lubānas Sociālās aprūpes centrs","adrese":"Oskara Kalpaka iela 12, Lubāna, Madonas nov., LV-4830","pakalpojums":"ilgstoša sociālā aprūpe un sociālā rehabilitācija","pakalpojuma_forma":"ar izmitināšanu","izmitinasana":"izmitināšana","planotais_klientu_skaits":40,"klienti":"pilngadīgas personas (abu dzimumu)","klientu_grupas":["pensijas vecuma personas","personas ar invaliditāti ar fiziska rakstura traucējumiem"],"juridiskais_statuss":"Pašvaldības iestāde","vzd_kods":"101400297"}},{"type":"Feature","geometry":{"type":"Point","coordinates":[21.006666,56.512947]},"properties":{"kategorija":"soc_pakalpojumi","id":"1578","nosaukums":"Biedrība \"Attīstības platforma YOu+\"","adrese":"Kuģinieku iela 2, Liepāja, LV-3401","pakalpojums":"sociālā rehabilitācija","pakalpojuma_forma":"bez izmitināšanas","planotais_klientu_skaits":30,"klienti":"visu vecumu un dzimumu personas","klientu_grupas":["citi"],"juridiskais_statuss":"Biedrība","vzd_kods":"101696160","majaslapa":"https://www.youpluss.lv"}},{"type":"Feature","geometry":{"type":"Point","coordinates":[25.259338,57.312422]},"properties":{"kategorija":"soc_pakalpojumi","id":"1579","nosaukums":"Cēsu novada Sociālais dienests","adrese":"Bērzaines iela 16/18, Cēsis, Cēsu nov., LV-4101","pakalpojums":"sociālais, tai skaitā pašvaldības sociālais dienests","pakalpojuma_forma":"bez izmitināšanas","planotais_klientu_skaits":500,"klienti":"visu vecumu un dzimumu personas","klientu_grupas":["personas ar garīga rakstura traucējumiem","bēgļi un personas, kas ieguvušas alternatīvo statusu","pensijas vecuma personas","personas, kas cietušas no prettiesiskām darbībām (tai skaitā vardarbībā cietušas personas)","krīzes situācijā nonākušas personas","personas, kas atkarīgas no psihoaktīvām vielām","bērni bāreņi un bez vecāku gādības palikušie bērni","personas, kas atgriezušās no ieslodzījuma vietas vai ilgstošas bezpajumtniecības","personas ar invaliditāti ar fiziska rakstura traucējumiem","cilvēku tirdzniecības upuri"],"juridiskais_statuss":"Pašvaldības iestāde","vzd_kods":"102959927"}},{"type":"Feature","geometry":{"type":"Point","coordinates":[26.574686,57.030732]},"properties":{"kategorija":"soc_pakalpojumi","id":"158","nosaukums":"Gulbenes novada sociālās aprūpes centrs “Siltais”","adrese":"\"Siltais\", Līgo pag., Gulbenes nov., LV-4421","pakalpojums":"ilgstošās sociālās aprūpes un sociālās rehabilitācijas institūcija","pakalpojuma_forma":"ar izmitināšanu","izmitinasana":"izmitināšana","planotais_klientu_skaits":47,"klienti":"pilngadīgas personas (abu dzimumu)","klientu_grupas":["pensijas vecuma personas","invalīdi ar fiziska rakstura traucējumiem"],"juridiskais_statuss":"Pašvaldības iestāde","vzd_kods":"103981563"}},{"type":"Feature","geometry":{"type":"Point","coordinates":[25.351398,57.310383]},"properties":{"kategorija":"soc_pakalpojumi","id":"1580","nosaukums":"Cēsu novada Sociālais dienests Specializētās darbnīcas","adrese":"Cēsu prospekts 1, Priekuļi, Priekuļu pag., Cēsu nov., LV-4126","pakalpojums":"specializētās darbnīcas","pakalpojuma_forma":"bez izmitināšanas","planotais_klientu_skaits":10,"klienti":"pilngadīgas personas (abu dzimumu)","klientu_grupas":["personas ar garīga rakstura traucējumiem"],"juridiskais_statuss":"Pašvaldības iestāde","vzd_kods":"102302360"}},{"type":"Feature","geometry":{"type":"Point","coordinates":[25.480076,56.528409]},"properties":{"kategorija":"soc_pakalpojumi","id":"1581","nosaukums":"Grupu māja/dzīvokļi \"Vīgante\"","adrese":"\"Vīgantes pamatskola\", Staburaga pag., Aizkraukles nov., LV-5128","pakalpojums":"grupu māja (dzīvoklis)","pakalpojuma_forma":"ar izmitināšanu","izmitinasana":"izmitināšana","planotais_klientu_skaits":13,"klienti":"pilngadīgas personas (abu dzimumu)","klientu_grupas":["personas ar garīga rakstura traucējumiem"],"juridiskais_statuss":"Pašvaldības iestādes struktūrvienība","vzd_kods":"103562643"}},{"type":"Feature","geometry":{"type":"Point","coordinates":[25.480076,56.528409]},"properties":{"kategorija":"soc_pakalpojumi","id":"1582","nosaukums":"Pansija \"Vīgante\"","adrese":"\"Vīgantes pamatskola\", Staburaga pag., Aizkraukles nov., LV-5128","pakalpojums":"pansija","pakalpojuma_forma":"ar izmitināšanu","izmitinasana":"izmitināšana","planotais_klientu_skaits":10,"klienti":"pilngadīgas personas (abu dzimumu)","klientu_grupas":["pensijas vecuma personas","personas ar invaliditāti ar fiziska rakstura traucējumiem"],"juridiskais_statuss":"Pašvaldības iestādes struktūrvienība","vzd_kods":"103562643"}},{"type":"Feature","geometry":{"type":"Point","coordinates":[25.860615,56.491778]},"properties":{"kategorija":"soc_pakalpojumi","id":"1583","nosaukums":"Jēkabpils novada Sociālā dienesta struktūrvienība Daudzfunkcionālais sociālo pakalpojumu centrs ROSME","adrese":"Jaunā iela 39I, Jēkabpils, Jēkabpils nov., LV-5201","pakalpojums":"dienas aprūpes centrs","pakalpojuma_forma":"bez izmitināšanas","planotais_klientu_skaits":30,"klienti":"pilngadīgas personas (abu dzimumu)","klientu_grupas":["personas ar garīga rakstura traucējumiem"],"juridiskais_statuss":"Pašvaldības iestādes struktūrvienība","vzd_kods":"105799581"}},{"type":"Feature","geometry":{"type":"Point","coordinates":[25.049603,57.861795]},"properties":{"kategorija":"soc_pakalpojumi","id":"1584","nosaukums":"Sabiedrība ar ierobežotu atbildību ''Mazsalacas slimnīca''","adrese":"Parka iela 14, Mazsalaca, Valmieras nov., LV-4215","pakalpojums":"ilgstoša sociālā aprūpe un sociālā rehabilitācija","pakalpojuma_forma":"ar izmitināšanu","izmitinasana":"izmitināšana","planotais_klientu_skaits":24,"klienti":"pilngadīgas personas (abu dzimumu)","klientu_grupas":["citi"],"juridiskais_statuss":"Pašvaldības SIA","vzd_kods":"102057538","majaslapa":"https://nav"}},{"type":"Feature","geometry":{"type":"Point","coordinates":[24.325076,57.077718]},"properties":{"kategorija":"soc_pakalpojumi","id":"1585","nosaukums":"Ādažu novada Sociālais dienests","adrese":"Gaujas iela 13/15, Ādaži, Ādažu nov., LV-2164","pakalpojums":"sociālais, tai skaitā pašvaldības sociālais dienests","pakalpojuma_forma":"bez izmitināšanas","planotais_klientu_skaits":300,"klienti":"visu vecumu un dzimumu personas","klientu_grupas":["personas ar onkoloģiskām slimībām un viņu ģimenes locekļi","paliatīvā aprūpē esošie bērni un viņu ģimenes locekļi","krīzes situācijā nonākušas personas","personas, kas atgriezušās no ieslodzījuma vietas vai ilgstošas bezpajumtniecības","personas ar redzes invaliditāti","personas ar dzirdes invaliditāti","personas, kas atkarīgas no psihoaktīvām vielām","personas ar invaliditāti ar fiziska rakstura traucējumiem","bēgļi un personas, kas ieguvušas alternatīvo statusu","bērni bāreņi un bez vecāku gādības palikušie bērni","personas ar garīga rakstura traucējumiem","cilvēku tirdzniecības upuri","personas, kas cietušas no prettiesiskām darbībām (tai skaitā vardarbībā cietušas personas)","pensijas vecuma personas"],"juridiskais_statuss":"Pašvaldības iestāde","vzd_kods":"101297728","majaslapa":"https://www.adazunovads.lv"}},{"type":"Feature","geometry":{"type":"Point","coordinates":[25.770196,56.740619]},"properties":{"kategorija":"soc_pakalpojumi","id":"1586","nosaukums":"Vietalvas grupu dzīvoklis","adrese":"Aveņu iela 2 - 2, Vietalva, Vietalvas pag., Aizkraukles nov., LV-5109","pakalpojums":"grupu māja (dzīvoklis)","pakalpojuma_forma":"ar izmitināšanu","izmitinasana":"izmitināšana","planotais_klientu_skaits":4,"klienti":"pilngadīgas personas (abu dzimumu)","klientu_grupas":["personas ar garīga rakstura traucējumiem"],"juridiskais_statuss":"Pašvaldības iestādes struktūrvienība","vzd_kods":"117352465"}},{"type":"Feature","geometry":{"type":"Point","coordinates":[24.34873,57.068023]},"properties":{"kategorija":"soc_pakalpojumi","id":"1587","nosaukums":"SIA Senior Service struktūrvienība 'Sirds Osta Ādaži'","adrese":"Kroņu iela 1, Ādaži, Ādažu nov., LV-2164","pakalpojums":"ilgstoša sociālā aprūpe un sociālā rehabilitācija","pakalpojuma_forma":"ar izmitināšanu","izmitinasana":"izmitināšana","planotais_klientu_skaits":28,"klienti":"pilngadīgas personas (abu dzimumu)","klientu_grupas":["pensijas vecuma personas","personas ar invaliditāti ar fiziska rakstura traucējumiem"],"juridiskais_statuss":"SIA struktūrvienība","vzd_kods":"105518994","majaslapa":"https://sirdsosta.lv"}},{"type":"Feature","geometry":{"type":"Point","coordinates":[26.570322,56.244558]},"properties":{"kategorija":"soc_pakalpojumi","id":"1589","nosaukums":"Preiļu novada Labklājības pārvaldes Sociālās aprūpes centrs \"Vārkava\"","adrese":"Skolas iela 1, Vārkava, Vārkavas pag., Preiļu nov., LV-5337","pakalpojums":"ilgstoša sociālā aprūpe un sociālā rehabilitācija","pakalpojuma_forma":"ar izmitināšanu","izmitinasana":"izmitināšana","planotais_klientu_skaits":43,"klienti":"pilngadīgas personas (abu dzimumu)","klientu_grupas":["personas ar invaliditāti ar fiziska rakstura traucējumiem","pensijas vecuma personas"],"juridiskais_statuss":"Pašvaldības iestādes struktūrvienība","vzd_kods":"105932382","majaslapa":"https://www.preili.lv"}},{"type":"Feature","geometry":{"type":"Point","coordinates":[26.860411,56.284357]},"properties":{"kategorija":"soc_pakalpojumi","id":"1590","nosaukums":"Preiļu novada Labklājības pārvaldes Sociālās aprūpes centrs \"Rušona\"","adrese":"\"Gailīšu Īpašumi 1\", Gaiļmuiža, Rušonas pag., Preiļu nov., LV-5329","pakalpojums":"ilgstoša sociālā aprūpe un sociālā rehabilitācija","pakalpojuma_forma":"ar izmitināšanu","izmitinasana":"izmitināšana","planotais_klientu_skaits":28,"klienti":"pilngadīgas personas (abu dzimumu)","klientu_grupas":["pensijas vecuma personas","personas ar invaliditāti ar fiziska rakstura traucējumiem"],"juridiskais_statuss":"Pašvaldības iestādes struktūrvienība","vzd_kods":"106440822","majaslapa":"https://www.preili.lv"}},{"type":"Feature","geometry":{"type":"Point","coordinates":[26.209901,56.851376]},"properties":{"kategorija":"soc_pakalpojumi","id":"1591","nosaukums":"Biedrība bērniem, jauniešiem un pieaugušajiem ar dažādiem funkcionāliem traucējumiem \"Mēs saviem bērniem\"","adrese":"Parka iela 4, Madona, Madonas nov., LV-4801","pakalpojums":"sociālā rehabilitācija","pakalpojuma_forma":"bez izmitināšanas","planotais_klientu_skaits":55,"klienti":"visu vecumu un dzimumu personas","klientu_grupas":["personas ar invaliditāti ar fiziska rakstura traucējumiem","personas ar dzirdes invaliditāti","personas ar garīga rakstura traucējumiem","krīzes situācijā nonākušas personas","personas ar redzes invaliditāti"],"juridiskais_statuss":"Biedrība","vzd_kods":"102598312"}},{"type":"Feature","geometry":{"type":"Point","coordinates":[24.287112,56.942618]},"properties":{"kategorija":"soc_pakalpojumi","id":"1592","nosaukums":"Ropažu novada Sociālais dienests","adrese":"Acones iela 4, Ulbroka, Stopiņu pag., Ropažu nov., LV-2130","pakalpojums":"sociālais, tai skaitā pašvaldības sociālais dienests","pakalpojuma_forma":"bez izmitināšanas","planotais_klientu_skaits":1900,"klienti":"visu vecumu un dzimumu personas","klientu_grupas":["personas ar invaliditāti ar fiziska rakstura traucējumiem","personas, kas cietušas no prettiesiskām darbībām (tai skaitā vardarbībā cietušas personas)","cilvēku tirdzniecības upuri","bēgļi un personas, kas ieguvušas alternatīvo statusu","personas ar onkoloģiskām slimībām un viņu ģimenes locekļi","personas ar garīga rakstura traucējumiem","pensijas vecuma personas","bērni bāreņi un bez vecāku gādības palikušie bērni","personas ar dzirdes invaliditāti","personas ar redzes invaliditāti","personas, kas atkarīgas no psihoaktīvām vielām","paliatīvā aprūpē esošie bērni un viņu ģimenes locekļi","citi","krīzes situācijā nonākušas personas","personas, kas atgriezušās no ieslodzījuma vietas vai ilgstošas bezpajumtniecības"],"juridiskais_statuss":"Pašvaldības iestāde","vzd_kods":"106854396","majaslapa":"https://www.ropazi.lv"}},{"type":"Feature","geometry":{"type":"Point","coordinates":[24.324962,57.078434]},"properties":{"kategorija":"soc_pakalpojumi","id":"1593","nosaukums":"Ādažu novada sociālā dienesta Dienas aprūpes un rehabilitācijas centrs \"Ādažu Ūdensroze\"","adrese":"Attekas iela 39, Ādaži, Ādažu nov., LV-2164","pakalpojums":"dienas aprūpes centrs","pakalpojuma_forma":"bez izmitināšanas","planotais_klientu_skaits":50,"klienti":"pilngadīgas personas (abu dzimumu)","klientu_grupas":["personas ar garīga rakstura traucējumiem"],"juridiskais_statuss":"Pašvaldības iestādes struktūrvienība","vzd_kods":"105636230"}},{"type":"Feature","geometry":{"type":"Point","coordinates":[24.324962,57.078434]},"properties":{"kategorija":"soc_pakalpojumi","id":"1594","nosaukums":"Ādažu novada sociālā dienesta Dienas aprūpes un rehabilitācijas centrs \"Ādažu Ūdensroze\"","adrese":"Attekas iela 39, Ādaži, Ādažu nov., LV-2164","pakalpojums":"sociālā rehabilitācija","pakalpojuma_forma":"bez izmitināšanas","planotais_klientu_skaits":70,"klienti":"visu vecumu un dzimumu personas","klientu_grupas":["personas ar redzes invaliditāti","citi"],"juridiskais_statuss":"Pašvaldības iestādes struktūrvienība","vzd_kods":"105636230"}},{"type":"Feature","geometry":{"type":"Point","coordinates":[23.160331,56.973744]},"properties":{"kategorija":"soc_pakalpojumi","id":"1596","nosaukums":"Tukuma novada pašvaldības iestāde \"Tukuma novada sociālais dienests\" Atbalsta dzīvokļi","adrese":"Celtnieku iela 10 - 15, Tukums, Tukuma nov., LV-3101","pakalpojums":"sociālā rehabilitācija","pakalpojuma_forma":"ar izmitināšanu","izmitinasana":"izmitināšana","planotais_klientu_skaits":20,"klienti":"visu vecumu un dzimumu personas","klientu_grupas":["krīzes situācijā nonākušas personas"],"juridiskais_statuss":"Pašvaldības iestādes struktūrvienība","vzd_kods":"110630741","majaslapa":"https://www.tukums.lv"}},{"type":"Feature","geometry":{"type":"Point","coordinates":[23.626556,56.420665]},"properties":{"kategorija":"soc_pakalpojumi","id":"1597","nosaukums":"Jelgavas novada Dienas aprūes centrs \"UPE\"","adrese":"\"Lielplatones skola\", Lielplatones pag., Jelgavas nov., LV-3022","pakalpojums":"dienas aprūpes centrs","pakalpojuma_forma":"bez izmitināšanas","planotais_klientu_skaits":12,"klienti":"pilngadīgas personas (abu dzimumu)","klientu_grupas":["personas ar garīga rakstura traucējumiem"],"juridiskais_statuss":"Pašvaldības iestāde","vzd_kods":"104816260"}},{"type":"Feature","geometry":{"type":"Point","coordinates":[25.397644,56.558792]},"properties":{"kategorija":"soc_pakalpojumi","id":"1598","nosaukums":"Seces dienas centrs bērniem un ģimenēm","adrese":"\"Sprīdīši\" - 1, Sece, Seces pag., Aizkraukles nov., LV-5124","pakalpojums":"dienas centrs","pakalpojuma_forma":"bez izmitināšanas","planotais_klientu_skaits":40,"klienti":"visu vecumu un dzimumu personas","klientu_grupas":["citi"],"juridiskais_statuss":"Pašvaldības iestādes struktūrvienība","vzd_kods":"118177411"}},{"type":"Feature","geometry":{"type":"Point","coordinates":[24.159216,56.971223]},"properties":{"kategorija":"soc_pakalpojumi","id":"1599","nosaukums":"SIA \"Bērnu attīstības centrs ABC\"","adrese":"Brīvības gatve 197A, Rīga, LV-1039","pakalpojums":"sociālā rehabilitācija","pakalpojuma_forma":"bez izmitināšanas","planotais_klientu_skaits":60,"klienti":"visu vecumu un dzimumu personas","klientu_grupas":["citi"],"juridiskais_statuss":"SIA","vzd_kods":"101867023"}},{"type":"Feature","geometry":{"type":"Point","coordinates":[27.679508,56.536601]},"properties":{"kategorija":"soc_pakalpojumi","id":"16","nosaukums":"Ludzas novada sociālās aprūpes centrs \"Ludza\"","adrese":"\"Pansionāts\", Garbari, Cirmas pag., Ludzas nov., LV-5735","pakalpojums":"ilgstošās sociālās aprūpes un sociālās rehabilitācijas institūcija","pakalpojuma_forma":"ar izmitināšanu","izmitinasana":"izmitināšana","planotais_klientu_skaits":37,"klienti":"pilngadīgas personas (abu dzimumu)","klientu_grupas":["pensijas vecuma personas","invalīdi ar fiziska rakstura traucējumiem"],"juridiskais_statuss":"Pašvaldības iestāde","vzd_kods":"105887148"}},{"type":"Feature","geometry":{"type":"Point","coordinates":[24.201112,56.395935]},"properties":{"kategorija":"soc_pakalpojumi","id":"160","nosaukums":"Latvijas SOS bērnu ciematu asociācijas Īslīces SOS bērnu ciemats","adrese":"Rudzu iela 14, Bauska, Bauskas nov., LV-3901","pakalpojums":"ilgstošās sociālās aprūpes un sociālās rehabilitācijas institūcija","pakalpojuma_forma":"ar izmitināšanu","izmitinasana":"izmitināšana","planotais_klientu_skaits":60,"klienti":"bērni (abu dzimumu)","klientu_grupas":["bērni bāreņi un bez vecāku gādības palikušie bērni"],"juridiskais_statuss":"Biedrība","vzd_kods":"102943528","majaslapa":"https://www.sosbernuciemati.lv"}},{"type":"Feature","geometry":{"type":"Point","coordinates":[25.852252,56.516988]},"properties":{"kategorija":"soc_pakalpojumi","id":"1600","nosaukums":"Jēkabpils novada Sociālā dienesta struktūrvienība Ģimenes atbalsta centrs","adrese":"Rīgas iela 237, Jēkabpils, Jēkabpils nov., LV-5202","pakalpojums":"krīzes centrs","pakalpojuma_forma":"ar izmitināšanu","izmitinasana":"izmitināšana","planotais_klientu_skaits":20,"klienti":"visu vecumu un dzimumu personas","klientu_grupas":["krīzes situācijā nonākušas personas"],"juridiskais_statuss":"Pašvaldības iestādes struktūrvienība","vzd_kods":"101522311"}},{"type":"Feature","geometry":{"type":"Point","coordinates":[23.80914,56.646626]},"properties":{"kategorija":"soc_pakalpojumi","id":"1601","nosaukums":"Jelgavas novada Daudzfunkcionālais sociālo pakalpojumu centrs \"Zīle\"","adrese":"Celtnieku iela 12, Āne, Cenu pag., Jelgavas nov., LV-3043","pakalpojums":"dienas aprūpes centrs","pakalpojuma_forma":"bez izmitināšanas","planotais_klientu_skaits":8,"klienti":"pilngadīgas personas (abu dzimumu)","klientu_grupas":["personas ar garīga rakstura traucējumiem"],"juridiskais_statuss":"Pašvaldības iestāde","vzd_kods":"101536981"}},{"type":"Feature","geometry":{"type":"Point","coordinates":[23.80914,56.646626]},"properties":{"kategorija":"soc_pakalpojumi","id":"1602","nosaukums":"Jelgavas novada Daudzfunkcionālais sociālo pakalpojumu centrs \"Zīle\"","adrese":"Celtnieku iela 12, Āne, Cenu pag., Jelgavas nov., LV-3043","pakalpojums":"sociālā rehabilitācija","pakalpojuma_forma":"bez izmitināšanas","planotais_klientu_skaits":10,"klienti":"bērni (abu dzimumu)","klientu_grupas":["citi"],"juridiskais_statuss":"Pašvaldības iestāde","vzd_kods":"101536981"}},{"type":"Feature","geometry":{"type":"Point","coordinates":[24.061603,56.969088]},"properties":{"kategorija":"soc_pakalpojumi","id":"1603","nosaukums":"Nodibinājums \"Latvijas Bērnu atbalsta fonds\" Multifunkcionālais centrs “Domino”","adrese":"Cementa iela 12, Rīga, LV-1055","pakalpojums":"sociālā rehabilitācija","pakalpojuma_forma":"bez izmitināšanas","planotais_klientu_skaits":66,"klienti":"visu vecumu un dzimumu personas","klientu_grupas":["citi"],"juridiskais_statuss":"Nodibinājums","vzd_kods":"103329952","majaslapa":"https://www.lbaf.lv"}},{"type":"Feature","geometry":{"type":"Point","coordinates":[23.27918,56.625173]},"properties":{"kategorija":"soc_pakalpojumi","id":"1604","nosaukums":"Dobeles novada Sociālā dienesta struktūrvienība Dienas aprūpes centrs personām ar garīga rakstura traucējumiem \"Solis\"","adrese":"Brīvības iela 11, Dobele, Dobeles nov., LV-3701","pakalpojums":"dienas aprūpes centrs","pakalpojuma_forma":"bez izmitināšanas","planotais_klientu_skaits":35,"klienti":"pilngadīgas personas (abu dzimumu)","klientu_grupas":["personas ar garīga rakstura traucējumiem"],"juridiskais_statuss":"Pašvaldības iestādes struktūrvienība","vzd_kods":"101552352"}},{"type":"Feature","geometry":{"type":"Point","coordinates":[23.27918,56.625173]},"properties":{"kategorija":"soc_pakalpojumi","id":"1605","nosaukums":"Dobeles novada Sociālā dienesta struktūrvienība Dienas centrs pensijas vecuma cilvēkiem \"Stariņš\"","adrese":"Brīvības iela 11, Dobele, Dobeles nov., LV-3701","pakalpojums":"dienas centrs","pakalpojuma_forma":"bez izmitināšanas","planotais_klientu_skaits":40,"klienti":"pilngadīgas personas (abu dzimumu)","klientu_grupas":["pensijas vecuma personas"],"juridiskais_statuss":"Pašvaldības iestādes struktūrvienība","vzd_kods":"101552352"}},{"type":"Feature","geometry":{"type":"Point","coordinates":[23.281963,56.62727]},"properties":{"kategorija":"soc_pakalpojumi","id":"1606","nosaukums":"Dobeles novada Sociālais dienesta struktūrvienība \"Aprūpes mājas birojs\"","adrese":"Edgara Francmaņa iela 6, Dobele, Dobeles nov., LV-3701","pakalpojums":"aprūpe mājās","pakalpojuma_forma":"bez izmitināšanas","planotais_klientu_skaits":55,"klienti":"visu vecumu un dzimumu personas","klientu_grupas":["personas ar garīga rakstura traucējumiem","personas ar redzes invaliditāti","personas ar invaliditāti ar fiziska rakstura traucējumiem","pensijas vecuma personas","personas ar dzirdes invaliditāti"],"juridiskais_statuss":"Pašvaldības iestādes struktūrvienība","vzd_kods":"102755577"}},{"type":"Feature","geometry":{"type":"Point","coordinates":[25.855451,56.278719]},"properties":{"kategorija":"soc_pakalpojumi","id":"1607","nosaukums":"Jēkabpils novada Sociālā dienesta struktūrvienība Pansija \"Mežvijas\"","adrese":"\"Mežvijas\", Mežgale, Leimaņu pag., Jēkabpils nov., LV-5223","pakalpojums":"pansija","pakalpojuma_forma":"ar izmitināšanu","izmitinasana":"izmitināšana","planotais_klientu_skaits":27,"klienti":"pilngadīgas personas (abu dzimumu)","klientu_grupas":["citi"],"juridiskais_statuss":"Pašvaldības iestādes struktūrvienība","vzd_kods":"103771915"}},{"type":"Feature","geometry":{"type":"Point","coordinates":[27.340549,56.525506]},"properties":{"kategorija":"soc_pakalpojumi","id":"1608","nosaukums":"Rēzeknes valstspilsētas pašvaldības pārvaldes \"Sociālais dienests\" Daudzfunkcionālais sociālo pakalpojumu centrs","adrese":"Atbrīvošanas aleja 147A, Rēzekne, LV-4604","pakalpojums":"grupu māja (dzīvoklis)","pakalpojuma_forma":"ar izmitināšanu","izmitinasana":"izmitināšana","planotais_klientu_skaits":16,"klienti":"pilngadīgas personas (abu dzimumu)","klientu_grupas":["personas ar garīga rakstura traucējumiem"],"juridiskais_statuss":"Pašvaldības iestādes struktūrvienība","vzd_kods":"105906236","majaslapa":"https://www.sdrezekne.lv"}},{"type":"Feature","geometry":{"type":"Point","coordinates":[27.341657,56.526206]},"properties":{"kategorija":"soc_pakalpojumi","id":"1609","nosaukums":"Rēzeknes valstspilsētas pašvaldības pārvaldes \"Sociālais dienests\" Daudzfunkcionālais sociālo pakalpojumu centrs","adrese":"Atbrīvošanas aleja 151 - 3A, Rēzekne, LV-4604","pakalpojums":"grupu māja (dzīvoklis)","pakalpojuma_forma":"ar izmitināšanu","izmitinasana":"izmitināšana","planotais_klientu_skaits":2,"klienti":"pilngadīgas personas (abu dzimumu)","klientu_grupas":["personas ar garīga rakstura traucējumiem"],"juridiskais_statuss":"Pašvaldības iestādes struktūrvienība","vzd_kods":"119174957","majaslapa":"https://www.sdrezekne.lv"}},{"type":"Feature","geometry":{"type":"Point","coordinates":[23.27918,56.625173]},"properties":{"kategorija":"soc_pakalpojumi","id":"1610","nosaukums":"Dobeles novada Sociālā dienesta struktūrvienība \"Atbalsta centrs ģimenēm\"","adrese":"Brīvības iela 11, Dobele, Dobeles nov., LV-3701","pakalpojums":"krīzes centrs","pakalpojuma_forma":"ar izmitināšanu","izmitinasana":"izmitināšana","planotais_klientu_skaits":10,"klienti":"visu vecumu un dzimumu personas","klientu_grupas":["krīzes situācijā nonākušas personas"],"juridiskais_statuss":"Pašvaldības iestādes struktūrvienība","vzd_kods":"101552352"}},{"type":"Feature","geometry":{"type":"Point","coordinates":[23.27918,56.625173]},"properties":{"kategorija":"soc_pakalpojumi","id":"1611","nosaukums":"Dobeles novada Sociālā dienesta struktūrvienība \"Atbalsta centrs ģimenēm\"","adrese":"Brīvības iela 11, Dobele, Dobeles nov., LV-3701","pakalpojums":"sociālā rehabilitācija","pakalpojuma_forma":"ar izmitināšanu","izmitinasana":"izmitināšana","planotais_klientu_skaits":15,"klienti":"visu vecumu un dzimumu personas","klientu_grupas":["personas, kas cietušas no prettiesiskām darbībām (tai skaitā vardarbībā cietušas personas)"],"juridiskais_statuss":"Pašvaldības iestādes struktūrvienība","vzd_kods":"101552352"}},{"type":"Feature","geometry":{"type":"Point","coordinates":[26.58109,55.911932]},"properties":{"kategorija":"soc_pakalpojumi","id":"1612","nosaukums":"Daugavpils valstspilsētas pašvaldības iestāde \"Daudzfunkcionālais sociālo pakalpojumu centrs \"Priedīte\"\"","adrese":"Turaidas iela 36, Daugavpils, LV-5417","pakalpojums":"sociālā rehabilitācija","pakalpojuma_forma":"bez izmitināšanas","planotais_klientu_skaits":20,"klienti":"bērni (abu dzimumu)","klientu_grupas":["citi"],"juridiskais_statuss":"Pašvaldības iestāde","vzd_kods":"101809164"}},{"type":"Feature","geometry":{"type":"Point","coordinates":[25.775761,56.612124]},"properties":{"kategorija":"soc_pakalpojumi","id":"1613","nosaukums":"Pļaviņu dienas aprūpes centrs bērniem ar funkcionāliem traucējumiem","adrese":"Lielā iela 37, Pļaviņas, Aizkraukles nov., LV-5120","pakalpojums":"dienas aprūpes centrs","pakalpojuma_forma":"bez izmitināšanas","planotais_klientu_skaits":10,"klienti":"bērni (abu dzimumu)","klientu_grupas":["citi"],"juridiskais_statuss":"Pašvaldības iestādes struktūrvienība","vzd_kods":"102345408"}},{"type":"Feature","geometry":{"type":"Point","coordinates":[25.775761,56.612124]},"properties":{"kategorija":"soc_pakalpojumi","id":"1614","nosaukums":"Pļaviņu dienas aprūpes centrs pilngadīgām personām ar garīga rakstura traucējumiem","adrese":"Lielā iela 37, Pļaviņas, Aizkraukles nov., LV-5120","pakalpojums":"dienas aprūpes centrs","pakalpojuma_forma":"bez izmitināšanas","planotais_klientu_skaits":12,"klienti":"pilngadīgas personas (abu dzimumu)","klientu_grupas":["personas ar garīga rakstura traucējumiem"],"juridiskais_statuss":"Pašvaldības iestādes struktūrvienība","vzd_kods":"102345408"}},{"type":"Feature","geometry":{"type":"Point","coordinates":[25.278639,57.303246]},"properties":{"kategorija":"soc_pakalpojumi","id":"1615","nosaukums":"Biedrības \"Cerību spārni\" Grupu māja “Cēsis”","adrese":"Caunas iela 8, Cēsis, Cēsu nov., LV-4101","pakalpojums":"grupu māja (dzīvoklis)","pakalpojuma_forma":"ar izmitināšanu","izmitinasana":"izmitināšana","planotais_klientu_skaits":16,"klienti":"pilngadīgas personas (abu dzimumu)","klientu_grupas":["personas ar garīga rakstura traucējumiem"],"juridiskais_statuss":"Biedrības struktūrvienība","vzd_kods":"101579483","majaslapa":"https://www.ceribusparni.lv"}},{"type":"Feature","geometry":{"type":"Point","coordinates":[25.243785,56.504677]},"properties":{"kategorija":"soc_pakalpojumi","id":"1617","nosaukums":"Daudzevas dienas centrs bērniem un ģimenēm","adrese":"\"Pirts\", Daudzeva, Daudzeses pag., Aizkraukles nov., LV-5111","pakalpojums":"dienas centrs","pakalpojuma_forma":"bez izmitināšanas","planotais_klientu_skaits":45,"klienti":"visu vecumu un dzimumu personas","klientu_grupas":["personas ar invaliditāti ar fiziska rakstura traucējumiem","citi","pensijas vecuma personas"],"juridiskais_statuss":"Pašvaldības iestādes struktūrvienība","vzd_kods":"106947043"}},{"type":"Feature","geometry":{"type":"Point","coordinates":[24.12534,56.9545]},"properties":{"kategorija":"soc_pakalpojumi","id":"1618","nosaukums":"Baltijas Sociālais Palīdzības fonds","adrese":"Lāčplēša iela 27 - 9, Rīga, LV-1011","pakalpojums":"dienas centrs","pakalpojuma_forma":"bez izmitināšanas","planotais_klientu_skaits":10,"klienti":"bērni (abu dzimumu)","klientu_grupas":["bērni bāreņi un bez vecāku gādības palikušie bērni","personas ar dzirdes invaliditāti","personas ar invaliditāti ar fiziska rakstura traucējumiem","personas ar garīga rakstura traucējumiem","personas ar redzes invaliditāti"],"juridiskais_statuss":"Nodibinājums","vzd_kods":"113002704","majaslapa":"https://bspf.lv"}},{"type":"Feature","geometry":{"type":"Point","coordinates":[24.12534,56.9545]},"properties":{"kategorija":"soc_pakalpojumi","id":"1619","nosaukums":"Baltijas Sociālais Palīdzības fonds","adrese":"Lāčplēša iela 27 - 9, Rīga, LV-1011","pakalpojums":"dienas centrs","pakalpojuma_forma":"bez izmitināšanas","planotais_klientu_skaits":30,"klienti":"pilngadīgas personas (abu dzimumu)","klientu_grupas":["personas ar garīga rakstura traucējumiem","bēgļi un personas, kas ieguvušas alternatīvo statusu","personas ar dzirdes invaliditāti","personas ar redzes invaliditāti","personas ar invaliditāti ar fiziska rakstura traucējumiem","krīzes situācijā nonākušas personas","citi"],"juridiskais_statuss":"Nodibinājums","vzd_kods":"113002704","majaslapa":"https://bspf.lv"}},{"type":"Feature","geometry":{"type":"Point","coordinates":[24.716475,57.513918]},"properties":{"kategorija":"soc_pakalpojumi","id":"1620","nosaukums":"Limbažu novada Sociālais dienests","adrese":"Cēsu iela 7, Limbaži, Limbažu nov., LV-4001","pakalpojums":"grupu māja (dzīvoklis)","pakalpojuma_forma":"ar izmitināšanu","izmitinasana":"izmitināšana","planotais_klientu_skaits":13,"klienti":"pilngadīgas personas (abu dzimumu)","klientu_grupas":["personas ar garīga rakstura traucējumiem"],"juridiskais_statuss":"Struktūrvienība","vzd_kods":"102187674"}},{"type":"Feature","geometry":{"type":"Point","coordinates":[24.829385,57.101499]},"properties":{"kategorija":"soc_pakalpojumi","id":"1621","nosaukums":"Siguldas novada pašvaldības Sociālās aprūpes centra struktūrvienība \"Sociālās aprūpes māja \"Gaismiņas\"\"","adrese":"\"Gaismiņas\", Stīveri, Allažu pag., Siguldas nov., LV-2154","pakalpojums":"ilgstoša sociālā aprūpe un sociālā rehabilitācija","pakalpojuma_forma":"ar izmitināšanu","izmitinasana":"izmitināšana","planotais_klientu_skaits":30,"klienti":"pilngadīgas personas (abu dzimumu)","klientu_grupas":["pensijas vecuma personas","personas ar invaliditāti ar fiziska rakstura traucējumiem"],"juridiskais_statuss":"Pašvaldības iestādes struktūrvienība","vzd_kods":"104128626","majaslapa":"https://www.sigulda.lv"}},{"type":"Feature","geometry":{"type":"Point","coordinates":[24.939489,57.009766]},"properties":{"kategorija":"soc_pakalpojumi","id":"1622","nosaukums":"Siguldas novada pašvaldības Sociālās aprūpes centra struktūrvienība \"Sociālās aprūpes māja \"Mālpils\"\"","adrese":"Garkalnes iela 8, Mālpils, Mālpils pag., Siguldas nov., LV-2152","pakalpojums":"ilgstoša sociālā aprūpe un sociālā rehabilitācija","pakalpojuma_forma":"ar izmitināšanu","izmitinasana":"izmitināšana","planotais_klientu_skaits":33,"klienti":"pilngadīgas personas (abu dzimumu)","klientu_grupas":["pensijas vecuma personas","personas ar invaliditāti ar fiziska rakstura traucējumiem"],"juridiskais_statuss":"Pašvaldības iestādes struktūrvienība","vzd_kods":"103853680","majaslapa":"https://www.sigulda.lv"}},{"type":"Feature","geometry":{"type":"Point","coordinates":[24.705785,57.130453]},"properties":{"kategorija":"soc_pakalpojumi","id":"1623","nosaukums":"Siguldas novada pašvaldības Sociālā aprūpes centra struktūrvienība \"Sociālā aprūpes māja \"Gauja\"\"\"","adrese":"Gaujaslīču iela 5, Gauja, Inčukalna pag., Siguldas nov., LV-2140","pakalpojums":"ilgstoša sociālā aprūpe un sociālā rehabilitācija","pakalpojuma_forma":"ar izmitināšanu","izmitinasana":"izmitināšana","planotais_klientu_skaits":65,"klienti":"pilngadīgas personas (abu dzimumu)","klientu_grupas":["personas ar invaliditāti ar fiziska rakstura traucējumiem","pensijas vecuma personas"],"juridiskais_statuss":"Pašvaldības iestādes struktūrvienība","vzd_kods":"104826585","majaslapa":"https://www.sigulda.lv"}},{"type":"Feature","geometry":{"type":"Point","coordinates":[24.77176,57.273672]},"properties":{"kategorija":"soc_pakalpojumi","id":"1624","nosaukums":"Siguldas novada pašvaldības Sociālās aprūpes centra struktūrvienība \"Sociālās aprūpes māja \"Pēterupe\"","adrese":"\"Pēterupe\", Lode, Lēdurgas pag., Siguldas nov., LV-4012","pakalpojums":"ilgstoša sociālā aprūpe un sociālā rehabilitācija","pakalpojuma_forma":"ar izmitināšanu","izmitinasana":"izmitināšana","planotais_klientu_skaits":21,"klienti":"pilngadīgas personas (abu dzimumu)","klientu_grupas":["pensijas vecuma personas","personas ar invaliditāti ar fiziska rakstura traucējumiem"],"juridiskais_statuss":"Pašvaldības iestādes struktūrvienība","vzd_kods":"102715726","majaslapa":"https://www.sigulda.lv"}},{"type":"Feature","geometry":{"type":"Point","coordinates":[24.205255,56.593269]},"properties":{"kategorija":"soc_pakalpojumi","id":"1626","nosaukums":"Bauskas novada Sociālais dienests , dienas centrs \"Iecavnīca\"","adrese":"Grāfa laukums 1, Iecava, Bauskas nov., LV-3913","pakalpojums":"dienas centrs","pakalpojuma_forma":"bez izmitināšanas","planotais_klientu_skaits":50,"klienti":"visu vecumu un dzimumu personas","klientu_grupas":["personas ar garīga rakstura traucējumiem","cilvēku tirdzniecības upuri","personas ar redzes invaliditāti","personas, kas atkarīgas no psihoaktīvām vielām","personas ar invaliditāti ar fiziska rakstura traucējumiem","personas ar onkoloģiskām slimībām un viņu ģimenes locekļi","pensijas vecuma personas","krīzes situācijā nonākušas personas","bērni bāreņi un bez vecāku gādības palikušie bērni","personas, kas atgriezušās no ieslodzījuma vietas vai ilgstošas bezpajumtniecības","bēgļi un personas, kas ieguvušas alternatīvo statusu","personas, kas cietušas no prettiesiskām darbībām (tai skaitā vardarbībā cietušas personas)","personas ar dzirdes invaliditāti"],"juridiskais_statuss":"Pašvaldības iestādes struktūrvienība","vzd_kods":"104664303","majaslapa":"https://www.bauskasnovads.lv"}},{"type":"Feature","geometry":{"type":"Point","coordinates":[24.206253,56.596001]},"properties":{"kategorija":"soc_pakalpojumi","id":"1627","nosaukums":"Bauskas novada Sociālais dienests Iecavas struktūrvienība aprūpe mājās","adrese":"Dzirnavu iela 1, Iecava, Bauskas nov., LV-3913","pakalpojums":"aprūpe mājās","pakalpojuma_forma":"bez izmitināšanas","planotais_klientu_skaits":38,"klienti":"pilngadīgas personas (abu dzimumu)","klientu_grupas":["pensijas vecuma personas","personas ar dzirdes invaliditāti","personas ar redzes invaliditāti","personas ar invaliditāti ar fiziska rakstura traucējumiem"],"juridiskais_statuss":"Pašvaldības iestādes struktūrvienība","vzd_kods":"101601674","majaslapa":"https://www.bauska.lv"}},{"type":"Feature","geometry":{"type":"Point","coordinates":[25.855818,56.498474]},"properties":{"kategorija":"soc_pakalpojumi","id":"1628","nosaukums":"Jēkabpils novada Sociālā dienesta struktūrvienība Nakts patversme","adrese":"Zaļā iela 9, Jēkabpils, Jēkabpils nov., LV-5201","pakalpojums":"naktspatversme","pakalpojuma_forma":"ar izmitināšanu","izmitinasana":"izmitināšana","planotais_klientu_skaits":10,"klienti":"pilngadīgas personas (abu dzimumu)","klientu_grupas":["citi"],"juridiskais_statuss":"Pašvaldības iestādes struktūrvienība","vzd_kods":"104176958"}},{"type":"Feature","geometry":{"type":"Point","coordinates":[26.365101,56.135644]},"properties":{"kategorija":"soc_pakalpojumi","id":"1629","nosaukums":"Augšdaugavas novada Sociālais dienests","adrese":"Skolas iela 15, Nīcgale, Nīcgales pag., Augšdaugavas nov., LV-5463","pakalpojums":"specializētās darbnīcas","pakalpojuma_forma":"bez izmitināšanas","planotais_klientu_skaits":20,"klienti":"pilngadīgas personas (abu dzimumu)","klientu_grupas":["personas ar garīga rakstura traucējumiem"],"juridiskais_statuss":"Struktūrvienība","vzd_kods":"102285694","majaslapa":"https://www.augsdaugavasnovads.lv"}},{"type":"Feature","geometry":{"type":"Point","coordinates":[26.365101,56.135644]},"properties":{"kategorija":"soc_pakalpojumi","id":"1630","nosaukums":"Augšdaugavas novada Sociālais dienests","adrese":"Skolas iela 15, Nīcgale, Nīcgales pag., Augšdaugavas nov., LV-5463","pakalpojums":"grupu māja (dzīvoklis)","pakalpojuma_forma":"ar izmitināšanu","izmitinasana":"izmitināšana","planotais_klientu_skaits":16,"klienti":"pilngadīgas personas (abu dzimumu)","klientu_grupas":["personas ar garīga rakstura traucējumiem"],"juridiskais_statuss":"Struktūrvienība","vzd_kods":"102285694","majaslapa":"https://www.augsdaugavasnovads.lv"}},{"type":"Feature","geometry":{"type":"Point","coordinates":[21.318219,56.701658]},"properties":{"kategorija":"soc_pakalpojumi","id":"1631","nosaukums":"SIA MEM@M, Sociālais aprūpes centrs \"CITAS MĀJAS\"","adrese":"\"Dunalkas skola\", Dunalkas pag., Dienvidkurzemes nov., LV-3452","pakalpojums":"ilgstoša sociālā aprūpe un sociālā rehabilitācija","pakalpojuma_forma":"ar izmitināšanu un bez izmitināšanas","izmitinasana":"izmitināšana","planotais_klientu_skaits":13,"klienti":"pilngadīgas personas (abu dzimumu)","klientu_grupas":["personas ar invaliditāti ar fiziska rakstura traucējumiem","pensijas vecuma personas","personas ar garīga rakstura traucējumiem"],"juridiskais_statuss":"SIA","vzd_kods":"104187118"}},{"type":"Feature","geometry":{"type":"Point","coordinates":[24.950471,57.005347]},"properties":{"kategorija":"soc_pakalpojumi","id":"1632","nosaukums":"Biedrības \"Cerību spārni\" Grupu māja “Mālpils”","adrese":"Pils iela 12 - 2, Mālpils, Mālpils pag., Siguldas nov., LV-2152","pakalpojums":"grupu māja (dzīvoklis)","pakalpojuma_forma":"ar izmitināšanu","izmitinasana":"izmitināšana","planotais_klientu_skaits":8,"klienti":"pilngadīgas personas (abu dzimumu)","klientu_grupas":["personas ar garīga rakstura traucējumiem"],"juridiskais_statuss":"Biedrības struktūrvienība","vzd_kods":"119373793","majaslapa":"https://www.ceribusparni.lv"}},{"type":"Feature","geometry":{"type":"Point","coordinates":[24.948993,57.004912]},"properties":{"kategorija":"soc_pakalpojumi","id":"1633","nosaukums":"Biedrības \"Cerību spārni\" Dienas aprūpes centrs “Mālpils”","adrese":"Pils iela 7, Mālpils, Mālpils pag., Siguldas nov., LV-2152","pakalpojums":"dienas aprūpes centrs","pakalpojuma_forma":"bez izmitināšanas","planotais_klientu_skaits":16,"klienti":"pilngadīgas personas (abu dzimumu)","klientu_grupas":["personas ar garīga rakstura traucējumiem"],"juridiskais_statuss":"Biedrības struktūrvienība","vzd_kods":"103856581","majaslapa":"https://www.ceribusparni.lv"}},{"type":"Feature","geometry":{"type":"Point","coordinates":[25.117304,56.647182]},"properties":{"kategorija":"soc_pakalpojumi","id":"1634","nosaukums":"Skrīveru dienas aprūpes centrs","adrese":"Daugavas iela 85A, Skrīveri, Skrīveru pag., Aizkraukles nov., LV-5125","pakalpojums":"dienas aprūpes centrs","pakalpojuma_forma":"bez izmitināšanas","planotais_klientu_skaits":59,"klienti":"visu vecumu un dzimumu personas","klientu_grupas":["personas ar garīga rakstura traucējumiem","personas ar invaliditāti ar fiziska rakstura traucējumiem","pensijas vecuma personas"],"juridiskais_statuss":"Pašvaldības iestādes struktūrvienība","vzd_kods":"102357463"}},{"type":"Feature","geometry":{"type":"Point","coordinates":[22.895892,56.465858]},"properties":{"kategorija":"soc_pakalpojumi","id":"1635","nosaukums":"Dobeles novada Sociālā dienesta struktūrvienība \"Baltā māja\"","adrese":"Miera iela 16, Auce, Dobeles nov., LV-3708","pakalpojums":"dienas centrs","pakalpojuma_forma":"bez izmitināšanas","planotais_klientu_skaits":45,"klienti":"visu vecumu un dzimumu personas","klientu_grupas":["citi"],"juridiskais_statuss":"Pašvaldības iestādes struktūrvienība","vzd_kods":"104816068"}},{"type":"Feature","geometry":{"type":"Point","coordinates":[23.067834,56.482156]},"properties":{"kategorija":"soc_pakalpojumi","id":"1636","nosaukums":"Dobeles novada Sociālā dienesta struktūrvienība Dienas aprūpes centrs \"Bēne\"","adrese":"Stacijas iela 8, Bēne, Bēnes pag., Dobeles nov., LV-3711","pakalpojums":"dienas aprūpes centrs","pakalpojuma_forma":"bez izmitināšanas","planotais_klientu_skaits":20,"klienti":"bērni (abu dzimumu)","klientu_grupas":["personas ar dzirdes invaliditāti","personas ar invaliditāti ar fiziska rakstura traucējumiem","personas ar garīga rakstura traucējumiem","personas ar redzes invaliditāti"],"juridiskais_statuss":"Pašvaldības iestādes struktūrvienība","vzd_kods":"102272805"}},{"type":"Feature","geometry":{"type":"Point","coordinates":[24.164059,56.930417]},"properties":{"kategorija":"soc_pakalpojumi","id":"1637","nosaukums":"Biedrības \"Latvijas Samariešu apvienība\" Sociālās rehabilitācijas centrs īstermiņa uzturēšanās mītne\" Austra\"","adrese":"Dzērvju iela 1 - 1, Rīga, LV-1019","pakalpojums":"sociālā rehabilitācija","pakalpojuma_forma":"bez izmitināšanas","planotais_klientu_skaits":100,"klienti":"pilngadīgas personas (abu dzimumu)","klientu_grupas":["krīzes situācijā nonākušas personas","personas, kas atkarīgas no psihoaktīvām vielām","personas, kas atgriezušās no ieslodzījuma vietas vai ilgstošas bezpajumtniecības","personas ar garīga rakstura traucējumiem"],"juridiskais_statuss":"Biedrības struktūrvienība","vzd_kods":"119298534","majaslapa":"https://www.samariesi.lv"}},{"type":"Feature","geometry":{"type":"Point","coordinates":[23.312837,56.659257]},"properties":{"kategorija":"soc_pakalpojumi","id":"1638","nosaukums":"Dobeles novada Sociālā dienesta struktūrvienība \"Ģimenes atbalsta centrs \"Lejasstrazdi\"\"","adrese":"\"Namiņš\", Lejasstrazdi, Dobeles pag., Dobeles nov., LV-3722","pakalpojums":"ilgstoša sociālā aprūpe un sociālā rehabilitācija","pakalpojuma_forma":"ar izmitināšanu","izmitinasana":"izmitināšana","planotais_klientu_skaits":24,"klienti":"bērni (abu dzimumu)","klientu_grupas":["bērni bāreņi un bez vecāku gādības palikušie bērni"],"juridiskais_statuss":"Pašvaldības iestādes struktūrvienība","vzd_kods":"102826883"}},{"type":"Feature","geometry":{"type":"Point","coordinates":[23.267956,56.63729]},"properties":{"kategorija":"soc_pakalpojumi","id":"1639","nosaukums":"Dobeles novada Sociālā dienesta struktūrvienība \"Grupu dzīvokļi\"","adrese":"Uzvaras iela 50, Dobele, Dobeles nov., LV-3701","pakalpojums":"grupu māja (dzīvoklis)","pakalpojuma_forma":"ar izmitināšanu","izmitinasana":"izmitināšana","planotais_klientu_skaits":16,"klienti":"pilngadīgas personas (abu dzimumu)","klientu_grupas":["personas ar garīga rakstura traucējumiem"],"juridiskais_statuss":"Pašvaldības iestādes struktūrvienība","vzd_kods":"103435617"}},{"type":"Feature","geometry":{"type":"Point","coordinates":[24.074919,56.928292]},"properties":{"kategorija":"soc_pakalpojumi","id":"164","nosaukums":"Biedrība \"Labā cerība\"","adrese":"Gardenes iela 3 - 11, Rīga, LV-1002","pakalpojums":"Sociālās rehabilitācijas institūcija","pakalpojuma_forma":"ar izmitināšanu","izmitinasana":"izmitināšana","planotais_klientu_skaits":10,"klienti":"pilngadīgas personas (sievietes)","klientu_grupas":["citi","personas, kas cietušas no prettiesiskām darbībām (tai skaitā vardarbībā cietušas personas)","personas, kas atkarīgas no psihoaktīvām vielām","pensijas vecuma personas","krīzes situācijā nonākušas personas","invalīdi ar fiziska rakstura traucējumiem","personas, kas atgriezušās no ieslodzījuma vietas"],"juridiskais_statuss":"Biedrība","vzd_kods":"112896918"}},{"type":"Feature","geometry":{"type":"Point","coordinates":[23.312837,56.659257]},"properties":{"kategorija":"soc_pakalpojumi","id":"1640","nosaukums":"Dobeles novada Sociālā dienesta struktūrvienība \"Atelpas brīdis\"","adrese":"\"Namiņš\", Lejasstrazdi, Dobeles pag., Dobeles nov., LV-3722","pakalpojums":"atelpas brīdis","pakalpojuma_forma":"ar izmitināšanu","izmitinasana":"izmitināšana","planotais_klientu_skaits":8,"klienti":"visu vecumu un dzimumu personas","klientu_grupas":["personas ar garīga rakstura traucējumiem","personas ar invaliditāti ar fiziska rakstura traucējumiem","personas ar redzes invaliditāti","personas ar dzirdes invaliditāti"],"juridiskais_statuss":"Pašvaldības iestādes struktūrvienība","vzd_kods":"102826883"}},{"type":"Feature","geometry":{"type":"Point","coordinates":[24.950471,57.005347]},"properties":{"kategorija":"soc_pakalpojumi","id":"1641","nosaukums":"Biedrības \"Cerību spārni\" Grupu māja “Mālpils”","adrese":"Pils iela 12 - 2, Mālpils, Mālpils pag., Siguldas nov., LV-2152","pakalpojums":"atelpas brīdis","pakalpojuma_forma":"ar izmitināšanu un bez izmitināšanas","izmitinasana":"izmitināšana","planotais_klientu_skaits":2,"klienti":"visu vecumu un dzimumu personas","klientu_grupas":["personas ar invaliditāti ar fiziska rakstura traucējumiem","personas ar garīga rakstura traucējumiem"],"juridiskais_statuss":"Biedrības struktūrvienība","vzd_kods":"119373793","majaslapa":"https://www.ceribusparni.lv"}},{"type":"Feature","geometry":{"type":"Point","coordinates":[24.686903,57.097363]},"properties":{"kategorija":"soc_pakalpojumi","id":"1642","nosaukums":"Biedrības \"Cerību spārni\" Fizioterapijas kabinets","adrese":"Atmodas iela 1 - 2, Inčukalns, Inčukalna pag., Siguldas nov., LV-2141","pakalpojums":"sociālā rehabilitācija","pakalpojuma_forma":"bez izmitināšanas","planotais_klientu_skaits":30,"klienti":"visu vecumu un dzimumu personas","klientu_grupas":["personas ar garīga rakstura traucējumiem","personas ar invaliditāti ar fiziska rakstura traucējumiem"],"juridiskais_statuss":"Biedrības struktūrvienība","vzd_kods":"117841577","majaslapa":"https://www.ceribusparni.lv"}},{"type":"Feature","geometry":{"type":"Point","coordinates":[22.990644,56.736493]},"properties":{"kategorija":"soc_pakalpojumi","id":"1643","nosaukums":"Tukuma novada pašvaldības iestāde \"Tukuma novada sociālais dienests\" Grupu māja \"Lodes\"","adrese":"\"Lodes\", Jaunpils pag., Tukuma nov., LV-3145","pakalpojums":"grupu māja (dzīvoklis)","pakalpojuma_forma":"ar izmitināšanu","izmitinasana":"izmitināšana","planotais_klientu_skaits":10,"klienti":"pilngadīgas personas (abu dzimumu)","klientu_grupas":["personas ar garīga rakstura traucējumiem"],"juridiskais_statuss":"Pašvaldības iestādes struktūrvienība","vzd_kods":"103035001","majaslapa":"https://www.tukums.lv"}},{"type":"Feature","geometry":{"type":"Point","coordinates":[23.156352,56.969047]},"properties":{"kategorija":"soc_pakalpojumi","id":"1644","nosaukums":"Tukuma novada pašvaldības iestādes \"Tukuma novada sociālais dienests\" Rehabilitācijas nodaļas centrs \"Avotiņš\"","adrese":"Raudas iela 8, Tukums, Tukuma nov., LV-3101","pakalpojums":"sociālā rehabilitācija","pakalpojuma_forma":"bez izmitināšanas","planotais_klientu_skaits":60,"klienti":"visu vecumu un dzimumu personas","klientu_grupas":["citi"],"juridiskais_statuss":"Pašvaldības iestādes struktūrvienība","vzd_kods":"101215093","majaslapa":"https://www.tukums.lv"}},{"type":"Feature","geometry":{"type":"Point","coordinates":[24.016996,56.93168]},"properties":{"kategorija":"soc_pakalpojumi","id":"1645","nosaukums":"SIA Adoro Šampēteris rezidence ''Adoro Šampēteris''","adrese":"Zolitūdes iela 68A, Rīga, LV-1046","pakalpojums":"ilgstoša sociālā aprūpe un sociālā rehabilitācija","pakalpojuma_forma":"ar izmitināšanu","izmitinasana":"izmitināšana","planotais_klientu_skaits":87,"klienti":"pilngadīgas personas (abu dzimumu)","klientu_grupas":["personas ar invaliditāti ar fiziska rakstura traucējumiem","pensijas vecuma personas"],"juridiskais_statuss":"SIA","vzd_kods":"106570926","majaslapa":"https://www.adoro.lv"}},{"type":"Feature","geometry":{"type":"Point","coordinates":[21.832959,56.696412]},"properties":{"kategorija":"soc_pakalpojumi","id":"1646","nosaukums":"SIA \"Kuldīgas slimnīca\" ilgstošās sociālās aprūpes nodaļa \"Valtaiķi\"","adrese":"\"Aprūpes nams \"Valtaiķi\"\", Rudbāržu pag., Kuldīgas nov., LV-3330","pakalpojums":"ilgstoša sociālā aprūpe un sociālā rehabilitācija","pakalpojuma_forma":"ar izmitināšanu","izmitinasana":"izmitināšana","planotais_klientu_skaits":45,"klienti":"pilngadīgas personas (abu dzimumu)","klientu_grupas":["pensijas vecuma personas","personas ar invaliditāti ar fiziska rakstura traucējumiem"],"juridiskais_statuss":"SIA struktūrvienība","vzd_kods":"104792331","majaslapa":"https://www.kuldigasslimnica.lv"}},{"type":"Feature","geometry":{"type":"Point","coordinates":[22.017174,56.676394]},"properties":{"kategorija":"soc_pakalpojumi","id":"1647","nosaukums":"SIA \"Kuldīgas slimnīca\" ilgstošās sociālās aprūpes nodaļa \"Skrunda\"","adrese":"Kuldīgas iela 2, Skrunda, Kuldīgas nov., LV-3326","pakalpojums":"ilgstoša sociālā aprūpe un sociālā rehabilitācija","pakalpojuma_forma":"ar izmitināšanu","izmitinasana":"izmitināšana","planotais_klientu_skaits":23,"klienti":"pilngadīgas personas (abu dzimumu)","klientu_grupas":["pensijas vecuma personas","personas ar invaliditāti ar fiziska rakstura traucējumiem"],"juridiskais_statuss":"SIA struktūrvienība","vzd_kods":"103754683","majaslapa":"https://www.kuldigasslimnica.lv"}},{"type":"Feature","geometry":{"type":"Point","coordinates":[24.174341,56.967469]},"properties":{"kategorija":"soc_pakalpojumi","id":"1648","nosaukums":"Nodibinājums \"Latvijas Evaņģēliski luteriskās Baznīcas Diakonijas centrs\" struktūrvienība Daudzfunkcionālais sociālo pakalpojumu dienas centrs \"Paaudzes\"","adrese":"Ūnijas iela 49, Rīga, LV-1039","pakalpojums":"dienas aprūpes centrs","pakalpojuma_forma":"bez izmitināšanas","planotais_klientu_skaits":50,"klienti":"bērni (abu dzimumu)","klientu_grupas":["citi"],"juridiskais_statuss":"Nodibinājuma struktūrvienība","vzd_kods":"102011540","majaslapa":"https://www.diakonija.lv"}},{"type":"Feature","geometry":{"type":"Point","coordinates":[24.11527,56.9521]},"properties":{"kategorija":"soc_pakalpojumi","id":"1649","nosaukums":"SIA Hospiss Māja","adrese":"Brīvības bulvāris 32, Rīga, LV-1050","pakalpojums":"atelpas brīdis","pakalpojuma_forma":"ar izmitināšanu","izmitinasana":"izmitināšana","planotais_klientu_skaits":6,"klienti":"pilngadīgas personas (abu dzimumu)","klientu_grupas":["personas ar invaliditāti ar fiziska rakstura traucējumiem","citi","personas ar onkoloģiskām slimībām un viņu ģimenes locekļi"],"juridiskais_statuss":"SIA","vzd_kods":"101822366","majaslapa":"http://hospiss.lv"}},{"type":"Feature","geometry":{"type":"Point","coordinates":[26.192727,56.70402]},"properties":{"kategorija":"soc_pakalpojumi","id":"165","nosaukums":"Madonas novada Ļaudonas pagasta pārvaldes Ļaudonas pansionāts","adrese":"Avotu iela 3, Ļaudona, Ļaudonas pag., Madonas nov., LV-4862","pakalpojums":"ilgstošās sociālās aprūpes un sociālās rehabilitācijas institūcija","pakalpojuma_forma":"ar izmitināšanu","izmitinasana":"izmitināšana","planotais_klientu_skaits":30,"klienti":"pilngadīgas personas (abu dzimumu)","klientu_grupas":["pensijas vecuma personas","invalīdi ar fiziska rakstura traucējumiem"],"juridiskais_statuss":"Pašvaldības iestādes struktūrvienība","vzd_kods":"102175073"}},{"type":"Feature","geometry":{"type":"Point","coordinates":[25.047092,57.861112]},"properties":{"kategorija":"soc_pakalpojumi","id":"1650","nosaukums":"Biedrības \"Latvijas Samariešu apvienība\" Atbalsta centra \"LAIVA\" Mazsalacas grupu dzīvoklis","adrese":"Parka iela 9, Mazsalaca, Valmieras nov., LV-4215","pakalpojums":"grupu māja (dzīvoklis)","pakalpojuma_forma":"ar izmitināšanu","izmitinasana":"izmitināšana","planotais_klientu_skaits":13,"klienti":"pilngadīgas personas (abu dzimumu)","klientu_grupas":["personas ar garīga rakstura traucējumiem"],"juridiskais_statuss":"Biedrības struktūrvienība","vzd_kods":"102057570","majaslapa":"https://www.samariesi.lv"}},{"type":"Feature","geometry":{"type":"Point","coordinates":[25.268351,57.298947]},"properties":{"kategorija":"soc_pakalpojumi","id":"1651","nosaukums":"Biedrības \"Rīgas pilsētas \"Rūpju bērns\"\" Atbalsta centrs \"Pērle\"","adrese":"Rīgas iela 90, Cēsis, Cēsu nov., LV-4101","pakalpojums":"atelpas brīdis","pakalpojuma_forma":"ar izmitināšanu","izmitinasana":"izmitināšana","planotais_klientu_skaits":5,"klienti":"bērni (abu dzimumu)","klientu_grupas":["personas ar garīga rakstura traucējumiem","citi"],"juridiskais_statuss":"Biedrība","vzd_kods":"105679577","majaslapa":"https://www.rupjuberns.lv"}},{"type":"Feature","geometry":{"type":"Point","coordinates":[24.113262,56.957242]},"properties":{"kategorija":"soc_pakalpojumi","id":"1652","nosaukums":"Psiholoģiskās diagnostikas un terapijas centrs \"ASpektrs\"","adrese":"Jeruzalemes iela 2/4 - 15, Rīga, LV-1010","pakalpojums":"sociālā rehabilitācija","pakalpojuma_forma":"bez izmitināšanas","planotais_klientu_skaits":300,"klienti":"visu vecumu un dzimumu personas","klientu_grupas":["citi"],"juridiskais_statuss":"SIA","vzd_kods":"111571750"}},{"type":"Feature","geometry":{"type":"Point","coordinates":[25.860615,56.491778]},"properties":{"kategorija":"soc_pakalpojumi","id":"1653","nosaukums":"Jēkabpils novada Sociālā dienesta struktūrvienība Aprūpes mājās birojs","adrese":"Jaunā iela 39I, Jēkabpils, Jēkabpils nov., LV-5201","pakalpojums":"aprūpe mājās","pakalpojuma_forma":"bez izmitināšanas","planotais_klientu_skaits":30,"klienti":"bērni (abu dzimumu)","klientu_grupas":["pensijas vecuma personas"],"juridiskais_statuss":"Pašvaldības iestādes struktūrvienība","vzd_kods":"105799581"}},{"type":"Feature","geometry":{"type":"Point","coordinates":[26.974297,56.105214]},"properties":{"kategorija":"soc_pakalpojumi","id":"1654","nosaukums":"Preiļu novada Labklājības pārvaldes Sociālās aprūpes centrs \"Aglona\"","adrese":"\"Salenieku pansionāts\", Salenieki, Aglonas pag., Preiļu nov., LV-5304","pakalpojums":"ilgstoša sociālā aprūpe un sociālā rehabilitācija","pakalpojuma_forma":"ar izmitināšanu","izmitinasana":"izmitināšana","planotais_klientu_skaits":49,"klienti":"pilngadīgas personas (abu dzimumu)","klientu_grupas":["personas ar invaliditāti ar fiziska rakstura traucējumiem","pensijas vecuma personas"],"juridiskais_statuss":"Pašvaldības iestādes struktūrvienība","vzd_kods":"105876127","majaslapa":"https://www.preili.lv"}},{"type":"Feature","geometry":{"type":"Point","coordinates":[23.297579,56.849601]},"properties":{"kategorija":"soc_pakalpojumi","id":"1655","nosaukums":"Tukuma novada pašvaldības iestādes „Tukuma novada sociālais dienests” Dienas aprūpes centrs \"Saulespuķe\"","adrese":"\"Rīti\", Slampe, Slampes pag., Tukuma nov., LV-3119","pakalpojums":"dienas aprūpes centrs","pakalpojuma_forma":"bez izmitināšanas","planotais_klientu_skaits":12,"klienti":"pilngadīgas personas (abu dzimumu)","klientu_grupas":["personas ar garīga rakstura traucējumiem"],"juridiskais_statuss":"Pašvaldības iestādes struktūrvienība","vzd_kods":"102920365","majaslapa":"https://www.tukums.lv"}},{"type":"Feature","geometry":{"type":"Point","coordinates":[23.297579,56.849601]},"properties":{"kategorija":"soc_pakalpojumi","id":"1656","nosaukums":"Tukuma novada pašvaldības iestādes „Tukuma novada sociālais dienests” Dienas aprūpes centrs \"Rīti\"","adrese":"\"Rīti\", Slampe, Slampes pag., Tukuma nov., LV-3119","pakalpojums":"dienas aprūpes centrs","pakalpojuma_forma":"bez izmitināšanas","planotais_klientu_skaits":12,"klienti":"pilngadīgas personas (abu dzimumu)","klientu_grupas":["personas ar invaliditāti ar fiziska rakstura traucējumiem","pensijas vecuma personas"],"juridiskais_statuss":"Pašvaldības iestādes struktūrvienība","vzd_kods":"102920365","majaslapa":"https://www.tukums.lv"}},{"type":"Feature","geometry":{"type":"Point","coordinates":[24.716475,57.513918]},"properties":{"kategorija":"soc_pakalpojumi","id":"1658","nosaukums":"Limbažu novada Sociālais dienests","adrese":"Cēsu iela 7, Limbaži, Limbažu nov., LV-4001","pakalpojums":"atelpas brīdis","pakalpojuma_forma":"ar izmitināšanu","izmitinasana":"izmitināšana","planotais_klientu_skaits":2,"klienti":"pilngadīgas personas (abu dzimumu)","klientu_grupas":["personas ar garīga rakstura traucējumiem"],"juridiskais_statuss":"Pašvaldības iestādes struktūrvienība","vzd_kods":"102187674"}},{"type":"Feature","geometry":{"type":"Point","coordinates":[24.125736,56.395149]},"properties":{"kategorija":"soc_pakalpojumi","id":"1659","nosaukums":"Bauskas novada Sociālais dienests, aprūpe mājās","adrese":"Saulaines iela 3, Saulaine, Rundāles pag., Bauskas nov., LV-3901","pakalpojums":"aprūpe mājās","pakalpojuma_forma":"bez izmitināšanas","planotais_klientu_skaits":15,"klienti":"visu vecumu un dzimumu personas","klientu_grupas":["personas ar garīga rakstura traucējumiem","krīzes situācijā nonākušas personas","personas ar dzirdes invaliditāti","personas ar redzes invaliditāti","personas ar invaliditāti ar fiziska rakstura traucējumiem","pensijas vecuma personas"],"juridiskais_statuss":"Pašvaldības iestādes struktūrvienība","vzd_kods":"104839890","majaslapa":"https://www.bauskasnovads.lv"}},{"type":"Feature","geometry":{"type":"Point","coordinates":[23.186859,57.008449]},"properties":{"kategorija":"soc_pakalpojumi","id":"166","nosaukums":"Tukuma novada pašvaldības sociālās aprūpes centrs \"Rauda\"","adrese":"\"Aprūpes Centrs\", Rauda, Smārdes pag., Tukuma nov., LV-3101","pakalpojums":"ilgstoša sociālā aprūpe un sociālā rehabilitācija","pakalpojuma_forma":"ar izmitināšanu","izmitinasana":"izmitināšana","planotais_klientu_skaits":290,"klienti":"pilngadīgas personas (abu dzimumu)","klientu_grupas":["personas ar invaliditāti ar fiziska rakstura traucējumiem","pensijas vecuma personas"],"juridiskais_statuss":"Pašvaldības iestāde","vzd_kods":"104858396","majaslapa":"https://www.sacrauda.lv"}},{"type":"Feature","geometry":{"type":"Point","coordinates":[27.141686,57.014537]},"properties":{"kategorija":"soc_pakalpojumi","id":"1660","nosaukums":"Rugāju Sociālās Aprūpes centrs ,,Rugāji''","adrese":"Kurmenes iela 8, Rugāji, Rugāju pag., Balvu nov., LV-4570","pakalpojums":"ilgstoša sociālā aprūpe un sociālā rehabilitācija","pakalpojuma_forma":"ar izmitināšanu","izmitinasana":"izmitināšana","planotais_klientu_skaits":36,"klienti":"pilngadīgas personas (abu dzimumu)","klientu_grupas":["pensijas vecuma personas","personas ar invaliditāti ar fiziska rakstura traucējumiem"],"juridiskais_statuss":"Pašvaldības iestāde","vzd_kods":"105637972"}},{"type":"Feature","geometry":{"type":"Point","coordinates":[24.046838,57.030747]},"properties":{"kategorija":"soc_pakalpojumi","id":"1661","nosaukums":"Valsts sociālās aprūpes centrs \"Rīga\" filiāle \"Rīga\"","adrese":"Mežrozīšu iela 22 - 1, Rīga, LV-1016","pakalpojums":"ilgstoša sociālā aprūpe un sociālā rehabilitācija","pakalpojuma_forma":"ar izmitināšanu","izmitinasana":"izmitināšana","planotais_klientu_skaits":3,"klienti":"bērni (abu dzimumu)","klientu_grupas":["personas ar garīga rakstura traucējumiem"],"juridiskais_statuss":"Struktūrvienība","vzd_kods":"118976660","majaslapa":"https://www.vsacriga.gov.lv"}},{"type":"Feature","geometry":{"type":"Point","coordinates":[25.432412,57.528166]},"properties":{"kategorija":"soc_pakalpojumi","id":"1662","nosaukums":"Bierība \"Kristīgais žēlsirdības centrs\" struktūvienība kristīgais dienas centrs","adrese":"Stacijas iela 26 - 1, Valmiera, Valmieras nov., LV-4201","pakalpojums":"dienas aprūpes centrs","pakalpojuma_forma":"bez izmitināšanas","planotais_klientu_skaits":40,"klienti":"visu vecumu un dzimumu personas","klientu_grupas":["krīzes situācijā nonākušas personas","personas ar garīga rakstura traucējumiem","personas ar dzirdes invaliditāti","personas ar onkoloģiskām slimībām un viņu ģimenes locekļi","pensijas vecuma personas","personas ar invaliditāti ar fiziska rakstura traucējumiem","bēgļi un personas, kas ieguvušas alternatīvo statusu","personas ar redzes invaliditāti"],"juridiskais_statuss":"Biedrība","vzd_kods":"118747752","majaslapa":"https://kzc.lv"}},{"type":"Feature","geometry":{"type":"Point","coordinates":[26.054269,56.980811]},"properties":{"kategorija":"soc_pakalpojumi","id":"1663","nosaukums":"Madonas novada Sociālās aprūpes un rehabilitācijas centrs \"Ozoli\"","adrese":"Ozolu iela 1, Ozoli, Liezēres pag., Madonas nov., LV-4884","pakalpojums":"ilgstoša sociālā aprūpe un sociālā rehabilitācija","pakalpojuma_forma":"ar izmitināšanu","izmitinasana":"izmitināšana","planotais_klientu_skaits":6,"klienti":"bērni (abu dzimumu)","klientu_grupas":["bērni bāreņi un bez vecāku gādības palikušie bērni"],"juridiskais_statuss":"Pašvaldības iestāde","vzd_kods":"106663374"}},{"type":"Feature","geometry":{"type":"Point","coordinates":[26.053126,56.983776]},"properties":{"kategorija":"soc_pakalpojumi","id":"1664","nosaukums":"Madonas novada Sociālās aprūpes un rehibilitācijas centrs \"Ozoli\"","adrese":"Zaļā iela 3, Ozoli, Liezēres pag., Madonas nov., LV-4884","pakalpojums":"ilgstoša sociālā aprūpe un sociālā rehabilitācija","pakalpojuma_forma":"ar izmitināšanu","izmitinasana":"izmitināšana","planotais_klientu_skaits":8,"klienti":"bērni (abu dzimumu)","klientu_grupas":["bērni bāreņi un bez vecāku gādības palikušie bērni"],"juridiskais_statuss":"Pašvaldības iestāde","vzd_kods":"101407203"}},{"type":"Feature","geometry":{"type":"Point","coordinates":[25.16695,56.27608]},"properties":{"kategorija":"soc_pakalpojumi","id":"1665","nosaukums":"Sproģu grupu dzīvoklis","adrese":"\"Sproģu skola\", Sproģi, Zalves pag., Aizkraukles nov., LV-5112","pakalpojums":"grupu māja (dzīvoklis)","pakalpojuma_forma":"ar izmitināšanu","izmitinasana":"izmitināšana","planotais_klientu_skaits":16,"klienti":"pilngadīgas personas (abu dzimumu)","klientu_grupas":["personas ar garīga rakstura traucējumiem"],"juridiskais_statuss":"Pašvaldības iestādes struktūrvienība","vzd_kods":"106021718","majaslapa":"https://www.aizkraukle.lv/lv/strukturvieniba/sprogu-grupu-dzivoklis"}},{"type":"Feature","geometry":{"type":"Point","coordinates":[25.325821,57.889603]},"properties":{"kategorija":"soc_pakalpojumi","id":"1666","nosaukums":"Biedrības \"Latvijas Samariešu apvienība\" Atbalsta centra \"Laiva\" Rūjienas grupu dzīvoklis","adrese":"Valdemāra iela 26, Rūjiena, Valmieras nov., LV-4240","pakalpojums":"grupu māja (dzīvoklis)","pakalpojuma_forma":"ar izmitināšanu","izmitinasana":"izmitināšana","planotais_klientu_skaits":16,"klienti":"pilngadīgas personas (abu dzimumu)","klientu_grupas":["personas ar garīga rakstura traucējumiem"],"juridiskais_statuss":"Biedrības struktūrvienība","vzd_kods":"101036785","majaslapa":"https://www.samariesi.lv"}},{"type":"Feature","geometry":{"type":"Point","coordinates":[25.325821,57.889603]},"properties":{"kategorija":"soc_pakalpojumi","id":"1667","nosaukums":"Biedrības \"Latvijas Samariešu apvienība\" Atbalsta centra \"Laiva\" Rūjienas dienas aprūpes centrs","adrese":"Valdemāra iela 26, Rūjiena, Valmieras nov., LV-4240","pakalpojums":"dienas aprūpes centrs","pakalpojuma_forma":"bez izmitināšanas","planotais_klientu_skaits":24,"klienti":"pilngadīgas personas (abu dzimumu)","klientu_grupas":["personas ar garīga rakstura traucējumiem"],"juridiskais_statuss":"Biedrības struktūrvienība","vzd_kods":"101036785","majaslapa":"https://www.samariesi.lv"}},{"type":"Feature","geometry":{"type":"Point","coordinates":[25.277399,57.311188]},"properties":{"kategorija":"soc_pakalpojumi","id":"1668","nosaukums":"SARC ESĪBA","adrese":"Krišjāņa Valdemāra iela 11, Cēsis, Cēsu nov., LV-4101","pakalpojums":"ilgstoša sociālā aprūpe un sociālā rehabilitācija","pakalpojuma_forma":"ar izmitināšanu","izmitinasana":"izmitināšana","planotais_klientu_skaits":41,"klienti":"pilngadīgas personas (abu dzimumu)","klientu_grupas":["personas ar dzirdes invaliditāti","personas ar invaliditāti ar fiziska rakstura traucējumiem","personas ar redzes invaliditāti","pensijas vecuma personas"],"juridiskais_statuss":"SIA struktūrvienība","vzd_kods":"102293355","majaslapa":"https://www.labakaritdiena.lv"}},{"type":"Feature","geometry":{"type":"Point","coordinates":[26.209901,56.851376]},"properties":{"kategorija":"soc_pakalpojumi","id":"1669","nosaukums":"Biedrība bērniem, jauniešiem un pieaugušajiem ar dažādiem funkcionāliem traucējumiem \"Mēs saviem bērniem\"","adrese":"Parka iela 4, Madona, Madonas nov., LV-4801","pakalpojums":"atelpas brīdis","pakalpojuma_forma":"ar izmitināšanu","izmitinasana":"izmitināšana","planotais_klientu_skaits":5,"klienti":"bērni (abu dzimumu)","klientu_grupas":["personas ar garīga rakstura traucējumiem","personas ar redzes invaliditāti","personas ar invaliditāti ar fiziska rakstura traucējumiem","personas ar dzirdes invaliditāti"],"juridiskais_statuss":"Biedrība","vzd_kods":"102598312"}},{"type":"Feature","geometry":{"type":"Point","coordinates":[26.209901,56.851376]},"properties":{"kategorija":"soc_pakalpojumi","id":"1670","nosaukums":"Biedrība bērniem, jauniešiem un pieaugušajiem ar dažādiem funkcionāliem traucējumiem \"Mēs saviem bērniem\"","adrese":"Parka iela 4, Madona, Madonas nov., LV-4801","pakalpojums":"dienas aprūpes centrs","pakalpojuma_forma":"bez izmitināšanas","planotais_klientu_skaits":13,"klienti":"bērni (abu dzimumu)","klientu_grupas":["personas ar redzes invaliditāti","personas ar dzirdes invaliditāti","personas ar garīga rakstura traucējumiem","personas ar invaliditāti ar fiziska rakstura traucējumiem"],"juridiskais_statuss":"Biedrības struktūrvienība","vzd_kods":"102598312"}},{"type":"Feature","geometry":{"type":"Point","coordinates":[24.08304,56.929694]},"properties":{"kategorija":"soc_pakalpojumi","id":"1674","nosaukums":"SIA \"Caritas misija\"","adrese":"Ojāra Vācieša iela 6 k-1, Rīga, LV-1004","pakalpojums":"aprūpe mājās","pakalpojuma_forma":"bez izmitināšanas","planotais_klientu_skaits":200,"klienti":"visu vecumu un dzimumu personas","klientu_grupas":["personas ar invaliditāti ar fiziska rakstura traucējumiem","personas ar garīga rakstura traucējumiem","personas ar dzirdes invaliditāti","citi","personas ar redzes invaliditāti"],"juridiskais_statuss":"SIA","vzd_kods":"106615485","majaslapa":"https://caritas.lv"}},{"type":"Feature","geometry":{"type":"Point","coordinates":[26.926677,56.565684]},"properties":{"kategorija":"soc_pakalpojumi","id":"1675","nosaukums":"Rēzeknes novada veselības un sociālās aprūpes centrs","adrese":"Rīgas iela 57A, Viļāni, Rēzeknes nov., LV-4650","pakalpojums":"ilgstoša sociālā aprūpe un sociālā rehabilitācija","pakalpojuma_forma":"ar izmitināšanu","izmitinasana":"izmitināšana","planotais_klientu_skaits":40,"klienti":"pilngadīgas personas (abu dzimumu)","klientu_grupas":["personas ar invaliditāti ar fiziska rakstura traucējumiem","personas ar garīga rakstura traucējumiem","citi","personas ar redzes invaliditāti","pensijas vecuma personas","personas ar dzirdes invaliditāti"],"juridiskais_statuss":"Pašvaldības iestāde","vzd_kods":"103127235"}},{"type":"Feature","geometry":{"type":"Point","coordinates":[24.108399,56.959922]},"properties":{"kategorija":"soc_pakalpojumi","id":"1676","nosaukums":"Biedrība \"Latvijas Autisma apvienība\"","adrese":"Strēlnieku iela 9 - 14, Rīga, LV-1010","pakalpojums":"sociālā rehabilitācija","pakalpojuma_forma":"bez izmitināšanas","planotais_klientu_skaits":50,"klienti":"visu vecumu un dzimumu personas","klientu_grupas":["citi"],"juridiskais_statuss":"Biedrība","vzd_kods":"113191574","majaslapa":"https://www.autisms.lv/"}},{"type":"Feature","geometry":{"type":"Point","coordinates":[24.125736,56.395149]},"properties":{"kategorija":"soc_pakalpojumi","id":"1677","nosaukums":"Bauskas novada Sociālais dienests, dienas aprūpes centrs personām ar garīga rakstura traucējumiem","adrese":"Saulaines iela 3, Saulaine, Rundāles pag., Bauskas nov., LV-3901","pakalpojums":"dienas aprūpes centrs","pakalpojuma_forma":"bez izmitināšanas","planotais_klientu_skaits":8,"klienti":"pilngadīgas personas (abu dzimumu)","klientu_grupas":["personas ar garīga rakstura traucējumiem"],"juridiskais_statuss":"Pašvaldības iestādes struktūrvienība","vzd_kods":"104839890","majaslapa":"https://www.bauskasnovads.lv"}},{"type":"Feature","geometry":{"type":"Point","coordinates":[24.125736,56.395149]},"properties":{"kategorija":"soc_pakalpojumi","id":"1678","nosaukums":"Bauskas novada Sociālais dienests, Dienas aprūpes centrs bērniem ar funkcionāliem traucējumiem","adrese":"Saulaines iela 3, Saulaine, Rundāles pag., Bauskas nov., LV-3901","pakalpojums":"dienas aprūpes centrs","pakalpojuma_forma":"bez izmitināšanas","planotais_klientu_skaits":12,"klienti":"bērni (abu dzimumu)","klientu_grupas":["citi"],"juridiskais_statuss":"Pašvaldības iestādes struktūrvienība","vzd_kods":"104839890","majaslapa":"https://www.bauskasnovads.lv"}},{"type":"Feature","geometry":{"type":"Point","coordinates":[25.173249,56.27402]},"properties":{"kategorija":"soc_pakalpojumi","id":"1679","nosaukums":"Sproģu dienas aprūpes centrs pilngadīgām personām ar invaliditāti ar garīga rakstura traucējumiem","adrese":"\"Bērnudārzs 2\", Sproģi, Zalves pag., Aizkraukles nov., LV-5112","pakalpojums":"dienas aprūpes centrs","pakalpojuma_forma":"bez izmitināšanas","planotais_klientu_skaits":10,"klienti":"pilngadīgas personas (abu dzimumu)","klientu_grupas":["personas ar garīga rakstura traucējumiem","personas ar invaliditāti ar fiziska rakstura traucējumiem"],"juridiskais_statuss":"Pašvaldības iestādes struktūrvienība","vzd_kods":"106322292"}},{"type":"Feature","geometry":{"type":"Point","coordinates":[25.16695,56.27608]},"properties":{"kategorija":"soc_pakalpojumi","id":"1680","nosaukums":"Sporģu dienas aprūpes centrs bērniem ar funkcionāliem traucējumiem","adrese":"\"Sproģu skola\", Sproģi, Zalves pag., Aizkraukles nov., LV-5112","pakalpojums":"dienas aprūpes centrs","pakalpojuma_forma":"bez izmitināšanas","planotais_klientu_skaits":3,"klienti":"bērni (abu dzimumu)","klientu_grupas":["personas ar invaliditāti ar fiziska rakstura traucējumiem"],"juridiskais_statuss":"Pašvaldības iestādes struktūrvienība","vzd_kods":"106021718"}},{"type":"Feature","geometry":{"type":"Point","coordinates":[26.734026,57.134557]},"properties":{"kategorija":"soc_pakalpojumi","id":"1681","nosaukums":"Gulbenes novada sociālā dienesta struktūrvienība ''Ģimenes atbalsta centrs ''Saule''''","adrese":"\"Stāķi 11\", Stāķi, Stradu pag., Gulbenes nov., LV-4417","pakalpojums":"ilgstoša sociālā aprūpe un sociālā rehabilitācija","pakalpojuma_forma":"ar izmitināšanu","izmitinasana":"izmitināšana","planotais_klientu_skaits":16,"klienti":"bērni (abu dzimumu)","klientu_grupas":["bērni bāreņi un bez vecāku gādības palikušie bērni"],"juridiskais_statuss":"Pašvaldības iestādes struktūrvienība","vzd_kods":"104472345","majaslapa":"https://www.gulbene.lv/lv/strukturvieniba/gulbenes-novada-socialais-dienests"}},{"type":"Feature","geometry":{"type":"Point","coordinates":[24.194127,56.980367]},"properties":{"kategorija":"soc_pakalpojumi","id":"1682","nosaukums":"\"DVĒSELES MIERS\" , SIA","adrese":"Kuršu iela 26A, Rīga, LV-1006","pakalpojums":"psihosociālā rehabilitācija","pakalpojuma_forma":"bez izmitināšanas","planotais_klientu_skaits":8,"klienti":"pilngadīgas personas (abu dzimumu)","klientu_grupas":["personas ar onkoloģiskām slimībām un viņu ģimenes locekļi"],"juridiskais_statuss":"SIA","vzd_kods":"106861996","majaslapa":"https://dveselesmiers.lv/"}},{"type":"Feature","geometry":{"type":"Point","coordinates":[21.602541,56.72109]},"properties":{"kategorija":"soc_pakalpojumi","id":"1684","nosaukums":"Dienvidkurzemes novada pašvaldības iestādes \"Dienvidkurzemes novada Sociālais dienests\" struktūrvienība \"Aizputes daudzfunkcionālais sociālo pakalpojumu centrs\"","adrese":"Pasta iela 2, Aizpute, Dienvidkurzemes nov., LV-3456","pakalpojums":"dienas aprūpes centrs","pakalpojuma_forma":"bez izmitināšanas","planotais_klientu_skaits":35,"klienti":"visu vecumu un dzimumu personas","klientu_grupas":["personas ar invaliditāti ar fiziska rakstura traucējumiem","personas ar garīga rakstura traucējumiem","citi"],"juridiskais_statuss":"Pašvaldības iestādes struktūrvienība","vzd_kods":"101451905"}},{"type":"Feature","geometry":{"type":"Point","coordinates":[24.114552,56.951748]},"properties":{"kategorija":"soc_pakalpojumi","id":"1685","nosaukums":"SIA Hospiss Māja","adrese":"Raiņa bulvāris 11, Rīga, LV-1050","pakalpojums":"krīzes centrs","pakalpojuma_forma":"bez izmitināšanas","planotais_klientu_skaits":10,"klienti":"pilngadīgas personas (abu dzimumu)","klientu_grupas":["personas ar dzirdes invaliditāti","personas ar invaliditāti ar fiziska rakstura traucējumiem","krīzes situācijā nonākušas personas","pensijas vecuma personas","personas ar redzes invaliditāti","personas ar onkoloģiskām slimībām un viņu ģimenes locekļi"],"juridiskais_statuss":"SIA","vzd_kods":"101973782","majaslapa":"https://hospiss.lv/ru/"}},{"type":"Feature","geometry":{"type":"Point","coordinates":[21.896757,56.570641]},"properties":{"kategorija":"soc_pakalpojumi","id":"1686","nosaukums":"Biedrības \"Latvijas Samariešu apvienība\" Dzeldas grupu dzīvoklis","adrese":"Dīķu iela 1, Dzelda, Nīkrāces pag., Kuldīgas nov., LV-3320","pakalpojums":"grupu māja (dzīvoklis)","pakalpojuma_forma":"ar izmitināšanu","izmitinasana":"izmitināšana","planotais_klientu_skaits":16,"klienti":"pilngadīgas personas (abu dzimumu)","klientu_grupas":["personas ar garīga rakstura traucējumiem"],"juridiskais_statuss":"Biedrības struktūrvienība","vzd_kods":"102962757","majaslapa":"https://www.samariesi.lv"}},{"type":"Feature","geometry":{"type":"Point","coordinates":[26.011049,57.785696]},"properties":{"kategorija":"soc_pakalpojumi","id":"1687","nosaukums":"SARC ZIEMEĻBLĀZMA","adrese":"Rūjienas iela 3, Valka, Valkas nov., LV-4701","pakalpojums":"ilgstoša sociālā aprūpe un sociālā rehabilitācija","pakalpojuma_forma":"ar izmitināšanu","izmitinasana":"izmitināšana","planotais_klientu_skaits":183,"klienti":"pilngadīgas personas (abu dzimumu)","klientu_grupas":["krīzes situācijā nonākušas personas","personas ar invaliditāti ar fiziska rakstura traucējumiem","personas ar redzes invaliditāti","citi","pensijas vecuma personas","personas ar garīga rakstura traucējumiem","personas ar dzirdes invaliditāti"],"juridiskais_statuss":"SIA struktūrvienība","vzd_kods":"101186812","majaslapa":"https://www.labakaritdiena.lv"}},{"type":"Feature","geometry":{"type":"Point","coordinates":[23.908186,56.942965]},"properties":{"kategorija":"soc_pakalpojumi","id":"1688","nosaukums":"Mārupes novada Sociālā dienesta Daudzfunkcionālais sociālo pakalpojumu centrs \"Piņķi\"","adrese":"Centra iela 3, Piņķi, Babītes pag., Mārupes nov., LV-2107","pakalpojums":"dienas centrs","pakalpojuma_forma":"bez izmitināšanas","planotais_klientu_skaits":60,"klienti":"visu vecumu un dzimumu personas","klientu_grupas":["citi","bēgļi un personas, kas ieguvušas alternatīvo statusu","krīzes situācijā nonākušas personas","personas ar invaliditāti ar fiziska rakstura traucējumiem","pensijas vecuma personas"],"juridiskais_statuss":"Pašvaldības iestādes struktūrvienība","vzd_kods":"101299643"}},{"type":"Feature","geometry":{"type":"Point","coordinates":[23.947101,56.956388]},"properties":{"kategorija":"soc_pakalpojumi","id":"1689","nosaukums":"Mārupes novada Sociālā dienesta Daudzfunkcionālais sociālo pakalpojumu centrs \"Babīte\"","adrese":"Liepu aleja 17, Babīte, Babītes pag., Mārupes nov., LV-2101","pakalpojums":"dienas centrs","pakalpojuma_forma":"bez izmitināšanas","planotais_klientu_skaits":45,"klienti":"visu vecumu un dzimumu personas","klientu_grupas":["personas ar invaliditāti ar fiziska rakstura traucējumiem","citi","personas ar garīga rakstura traucējumiem","personas, kas atgriezušās no ieslodzījuma vietas vai ilgstošas bezpajumtniecības","pensijas vecuma personas","bēgļi un personas, kas ieguvušas alternatīvo statusu","bērni bāreņi un bez vecāku gādības palikušie bērni","krīzes situācijā nonākušas personas"],"juridiskais_statuss":"Pašvaldības iestādes struktūrvienība","vzd_kods":"102118142"}},{"type":"Feature","geometry":{"type":"Point","coordinates":[23.769391,56.692131]},"properties":{"kategorija":"soc_pakalpojumi","id":"169","nosaukums":"Sociālās aprūpes centrs \"Zemgale\"","adrese":"Skolas iela 9, Ozolnieki, Ozolnieku pag., Jelgavas nov., LV-3018","pakalpojums":"ilgstoša sociālā aprūpe un sociālā rehabilitācija","pakalpojuma_forma":"ar izmitināšanu","izmitinasana":"izmitināšana","planotais_klientu_skaits":290,"klienti":"pilngadīgas personas (abu dzimumu)","klientu_grupas":["pensijas vecuma personas","personas ar garīga rakstura traucējumiem","personas ar invaliditāti ar fiziska rakstura traucējumiem"],"juridiskais_statuss":"Pašvaldības iestāde","vzd_kods":"101539255","majaslapa":"https://www.saczemgale.lv"}},{"type":"Feature","geometry":{"type":"Point","coordinates":[25.860615,56.491778]},"properties":{"kategorija":"soc_pakalpojumi","id":"1690","nosaukums":"Jēkabpils novada Sociālā dienesta struktūrvienība Daudzfunkcionālais sociālo pakalpojumu centrs ROSME","adrese":"Jaunā iela 39I, Jēkabpils, Jēkabpils nov., LV-5201","pakalpojums":"sociālā rehabilitācija","pakalpojuma_forma":"bez izmitināšanas","planotais_klientu_skaits":20,"klienti":"bērni (abu dzimumu)","klientu_grupas":["personas ar invaliditāti ar fiziska rakstura traucējumiem"],"juridiskais_statuss":"Pašvaldības iestādes struktūrvienība","vzd_kods":"105799581"}},{"type":"Feature","geometry":{"type":"Point","coordinates":[25.860615,56.491778]},"properties":{"kategorija":"soc_pakalpojumi","id":"1691","nosaukums":"Jēkabpils novada Sociālā dienesta struktūrvienība Daudzfunkcionālo sociālo pakalpojumu centrs ROSME","adrese":"Jaunā iela 39I, Jēkabpils, Jēkabpils nov., LV-5201","pakalpojums":"specializētās darbnīcas","pakalpojuma_forma":"bez izmitināšanas","planotais_klientu_skaits":15,"klienti":"pilngadīgas personas (abu dzimumu)","klientu_grupas":["personas ar garīga rakstura traucējumiem"],"juridiskais_statuss":"Pašvaldības iestādes struktūrvienība","vzd_kods":"105799581"}},{"type":"Feature","geometry":{"type":"Point","coordinates":[21.16109,56.161119]},"properties":{"kategorija":"soc_pakalpojumi","id":"1693","nosaukums":"Dienvidkurzemes novada pašvaldības iestādes “Dienvidkurzemes novada Sociālais dienests” struktūrvienība Grupu dzīvokļi “Sudrabi” Rucavā","adrese":"\"Sudrabi\", Rucava, Rucavas pag., Dienvidkurzemes nov., LV-3477","pakalpojums":"grupu māja (dzīvoklis)","pakalpojuma_forma":"ar izmitināšanu","izmitinasana":"izmitināšana","planotais_klientu_skaits":11,"klienti":"pilngadīgas personas (abu dzimumu)","klientu_grupas":["personas ar garīga rakstura traucējumiem"],"juridiskais_statuss":"Pašvaldības iestādes struktūrvienība","vzd_kods":"105844332"}},{"type":"Feature","geometry":{"type":"Point","coordinates":[27.085292,56.442028]},"properties":{"kategorija":"soc_pakalpojumi","id":"1694","nosaukums":"Rēzeknes novada pašvaldības Daudzfunkcionālais sociālo pakalpojumu centrs \"Vecružina\"","adrese":"Ezera iela 23A, Vecružina, Silmalas pag., Rēzeknes nov., LV-4636","pakalpojums":"dienas aprūpes centrs","pakalpojuma_forma":"bez izmitināšanas","planotais_klientu_skaits":20,"klienti":"bērni (abu dzimumu)","klientu_grupas":["personas ar invaliditāti ar fiziska rakstura traucējumiem"],"juridiskais_statuss":"Pašvaldības iestāde","vzd_kods":"106812131","majaslapa":"https://rezeknesnovads.lv/pasvaldiba/socialas-dienests/sociala-atbalsta-iestades/"}},{"type":"Feature","geometry":{"type":"Point","coordinates":[27.532534,56.693962]},"properties":{"kategorija":"soc_pakalpojumi","id":"1696","nosaukums":"Ludzas novada Sociālā dienesta Kārsavas mobilā aprūpes grupa","adrese":"\"Aprūpes centrs\", Mežvidi, Mežvidu pag., Ludzas nov., LV-5725","pakalpojums":"aprūpe mājās","pakalpojuma_forma":"bez izmitināšanas","planotais_klientu_skaits":25,"klienti":"pilngadīgas personas (abu dzimumu)","klientu_grupas":["pensijas vecuma personas","personas ar invaliditāti ar fiziska rakstura traucējumiem"],"juridiskais_statuss":"Pašvaldības iestādes struktūrvienība","vzd_kods":"106420126"}},{"type":"Feature","geometry":{"type":"Point","coordinates":[27.677581,56.784806]},"properties":{"kategorija":"soc_pakalpojumi","id":"1697","nosaukums":"Ludzas novada Sociālā dienesta Daudzfunkcionālais sociālo pakalpojumu centrs Kārsavā","adrese":"Teātra iela 10, Kārsava, Ludzas nov., LV-5717","pakalpojums":"sociālā rehabilitācija","pakalpojuma_forma":"bez izmitināšanas","planotais_klientu_skaits":15,"klienti":"bērni (abu dzimumu)","klientu_grupas":["citi"],"juridiskais_statuss":"Pašvaldības iestādes struktūrvienība","vzd_kods":"101424822","majaslapa":"https://ludzasnovads.lv/"}},{"type":"Feature","geometry":{"type":"Point","coordinates":[27.677581,56.784806]},"properties":{"kategorija":"soc_pakalpojumi","id":"1698","nosaukums":"Ludzas novada Sociālā dienesta Daudzfunkcionālais sociālo pakalpojumu centrs Kārsavā","adrese":"Teātra iela 10, Kārsava, Ludzas nov., LV-5717","pakalpojums":"dienas aprūpes centrs","pakalpojuma_forma":"bez izmitināšanas","planotais_klientu_skaits":14,"klienti":"bērni (abu dzimumu)","klientu_grupas":["citi"],"juridiskais_statuss":"Pašvaldības iestādes struktūrvienība","vzd_kods":"101424822","majaslapa":"https://ludzasnovads.lv/"}},{"type":"Feature","geometry":{"type":"Point","coordinates":[27.677581,56.784806]},"properties":{"kategorija":"soc_pakalpojumi","id":"1699","nosaukums":"Ludzas novada Sociālā dienesta Daudzfunkcionālais sociālo pakalpojumu centrs Kārsavā","adrese":"Teātra iela 10, Kārsava, Ludzas nov., LV-5717","pakalpojums":"dienas aprūpes centrs","pakalpojuma_forma":"bez izmitināšanas","planotais_klientu_skaits":16,"klienti":"pilngadīgas personas (abu dzimumu)","klientu_grupas":["personas ar garīga rakstura traucējumiem"],"juridiskais_statuss":"Pašvaldības iestādes struktūrvienība","vzd_kods":"101424822","majaslapa":"https://ludzasnovads.lv/"}},{"type":"Feature","geometry":{"type":"Point","coordinates":[25.733822,56.617334]},"properties":{"kategorija":"soc_pakalpojumi","id":"17","nosaukums":"Sociālās aprūpes centrs „Pļaviņas”","adrese":"Daugavas iela 54, Pļaviņas, Aizkraukles nov., LV-5120","pakalpojums":"ilgstošās sociālās aprūpes un sociālās rehabilitācijas institūcija","pakalpojuma_forma":"ar izmitināšanu","izmitinasana":"izmitināšana","planotais_klientu_skaits":63,"klienti":"pilngadīgas personas (abu dzimumu)","klientu_grupas":["invalīdi ar fiziska rakstura traucējumiem","pensijas vecuma personas"],"juridiskais_statuss":"Pašvaldības iestāde","vzd_kods":"101634671"}},{"type":"Feature","geometry":{"type":"Point","coordinates":[23.607435,56.802355]},"properties":{"kategorija":"soc_pakalpojumi","id":"170","nosaukums":"Jelgavas novada sociālās aprūpes un rehabilitācijas centrs \"Kalnciems\"","adrese":"Lielupes iela 27, Kalnciems, Kalnciema pag., Jelgavas nov., LV-3016","pakalpojums":"ilgstoša sociālā aprūpe un sociālā rehabilitācija","pakalpojuma_forma":"ar izmitināšanu","izmitinasana":"izmitināšana","planotais_klientu_skaits":40,"klienti":"pilngadīgas personas (abu dzimumu)","klientu_grupas":["pensijas vecuma personas","personas ar invaliditāti ar fiziska rakstura traucējumiem"],"juridiskais_statuss":"Pašvaldības iestāde","vzd_kods":"101536522","majaslapa":"https://www.jelgavasnovads.lv"}},{"type":"Feature","geometry":{"type":"Point","coordinates":[27.677581,56.784806]},"properties":{"kategorija":"soc_pakalpojumi","id":"1700","nosaukums":"Ludzas novada Sociālā dienesta Daudzfunkcionālais sociālo pakalpojumu centrs Kārsavā","adrese":"Teātra iela 10, Kārsava, Ludzas nov., LV-5717","pakalpojums":"specializētās darbnīcas","pakalpojuma_forma":"bez izmitināšanas","planotais_klientu_skaits":12,"klienti":"pilngadīgas personas (abu dzimumu)","klientu_grupas":["personas ar garīga rakstura traucējumiem"],"juridiskais_statuss":"Pašvaldības iestādes struktūrvienība","vzd_kods":"101424822","majaslapa":"https://ludzasnovads.lv/"}},{"type":"Feature","geometry":{"type":"Point","coordinates":[24.116213,56.958121]},"properties":{"kategorija":"soc_pakalpojumi","id":"1702","nosaukums":"Fonds \"Uniting Care\"","adrese":"Krišjāņa Valdemāra iela 33 - 27, Rīga, LV-1010","pakalpojums":"aprūpe mājās","pakalpojuma_forma":"bez izmitināšanas","planotais_klientu_skaits":65,"klienti":"pilngadīgas personas (abu dzimumu)","klientu_grupas":["personas ar invaliditāti ar fiziska rakstura traucējumiem","citi","pensijas vecuma personas"],"juridiskais_statuss":"Nodibinājums","vzd_kods":"113045448"}},{"type":"Feature","geometry":{"type":"Point","coordinates":[24.837982,57.14552]},"properties":{"kategorija":"soc_pakalpojumi","id":"1703","nosaukums":"Biedrības \"Cerību spārni\" Grupu māja “Sigulda”","adrese":"Saules iela 6B, Sigulda, Siguldas nov., LV-2150","pakalpojums":"atelpas brīdis","pakalpojuma_forma":"ar izmitināšanu un bez izmitināšanas","izmitinasana":"izmitināšana","planotais_klientu_skaits":2,"klienti":"visu vecumu un dzimumu personas","klientu_grupas":["personas ar invaliditāti ar fiziska rakstura traucējumiem","personas ar garīga rakstura traucējumiem"],"juridiskais_statuss":"Biedrības struktūrvienība","vzd_kods":"105564646","majaslapa":"https://www.ceribusparni.lv"}},{"type":"Feature","geometry":{"type":"Point","coordinates":[24.837982,57.14552]},"properties":{"kategorija":"soc_pakalpojumi","id":"1704","nosaukums":"Biedrības \"Cerību spārni\" Grupu māja “Sigulda”","adrese":"Saules iela 6B, Sigulda, Siguldas nov., LV-2150","pakalpojums":"grupu māja (dzīvoklis)","pakalpojuma_forma":"ar izmitināšanu","izmitinasana":"izmitināšana","planotais_klientu_skaits":16,"klienti":"pilngadīgas personas (abu dzimumu)","klientu_grupas":["personas ar garīga rakstura traucējumiem"],"juridiskais_statuss":"Biedrības struktūrvienība","vzd_kods":"105564646","majaslapa":"https://www.ceribusparni.lv"}},{"type":"Feature","geometry":{"type":"Point","coordinates":[21.169583,56.535081]},"properties":{"kategorija":"soc_pakalpojumi","id":"1705","nosaukums":"Dienvidkurzemes novada pašvaldības iestāde \"Dienvidkurzemes novada Sociālais dienests\"","adrese":"Lielā iela 76, Grobiņa, Dienvidkurzemes nov., LV-3430","pakalpojums":"aprūpe mājās","pakalpojuma_forma":"bez izmitināšanas","planotais_klientu_skaits":120,"klienti":"visu vecumu un dzimumu personas","klientu_grupas":["personas ar redzes invaliditāti","pensijas vecuma personas","citi","personas ar garīga rakstura traucējumiem","personas ar dzirdes invaliditāti","personas ar invaliditāti ar fiziska rakstura traucējumiem"],"juridiskais_statuss":"Pašvaldības iestāde","vzd_kods":"101456850"}},{"type":"Feature","geometry":{"type":"Point","coordinates":[27.160694,55.901445]},"properties":{"kategorija":"soc_pakalpojumi","id":"1707","nosaukums":"Krāslavas bērnu sociālās rehabilitācijas centrs \"Mūsmājas\"","adrese":"Pils iela 5, Krāslava, Krāslavas nov., LV-5601","pakalpojums":"dienas aprūpes centrs","pakalpojuma_forma":"bez izmitināšanas","planotais_klientu_skaits":8,"klienti":"bērni (abu dzimumu)","klientu_grupas":["personas ar dzirdes invaliditāti","citi","personas ar redzes invaliditāti","personas ar invaliditāti ar fiziska rakstura traucējumiem"],"juridiskais_statuss":"Pašvaldības iestāde","vzd_kods":"101490143","majaslapa":"https://www.kraslava.lv"}},{"type":"Feature","geometry":{"type":"Point","coordinates":[22.584418,57.234979]},"properties":{"kategorija":"soc_pakalpojumi","id":"1708","nosaukums":"Biedrība Atbalsta un izaugsmes centrs \"Alendum\"","adrese":"Miera iela 35, Talsi, Talsu nov., LV-3201","pakalpojums":"sociālā rehabilitācija","pakalpojuma_forma":"bez izmitināšanas","planotais_klientu_skaits":30,"klienti":"visu vecumu un dzimumu personas","klientu_grupas":["personas ar garīga rakstura traucējumiem","personas ar invaliditāti ar fiziska rakstura traucējumiem","personas ar dzirdes invaliditāti","personas ar redzes invaliditāti","bērni bāreņi un bez vecāku gādības palikušie bērni"],"juridiskais_statuss":"Biedrība","vzd_kods":"101238063"}},{"type":"Feature","geometry":{"type":"Point","coordinates":[26.221852,56.852852]},"properties":{"kategorija":"soc_pakalpojumi","id":"1709","nosaukums":"SIA \"ABA-ABC\"","adrese":"Saules iela 19, Madona, Madonas nov., LV-4801","pakalpojums":"sociālā rehabilitācija","pakalpojuma_forma":"bez izmitināšanas","planotais_klientu_skaits":48,"klienti":"visu vecumu un dzimumu personas","klientu_grupas":["citi"],"juridiskais_statuss":"SIA","vzd_kods":"101394826"}},{"type":"Feature","geometry":{"type":"Point","coordinates":[24.154654,56.947742]},"properties":{"kategorija":"soc_pakalpojumi","id":"1710","nosaukums":"Biedrības “Latvijas Samariešu apvienība” struktūrvienība \"Paliatīvās aprūpes mobilā komanda\"","adrese":"Pērnavas iela 87, Rīga, LV-1009","pakalpojums":"aprūpe mājās","pakalpojuma_forma":"bez izmitināšanas","planotais_klientu_skaits":250,"klienti":"pilngadīgas personas (abu dzimumu)","klientu_grupas":["personas ar onkoloģiskām slimībām un viņu ģimenes locekļi","personas ar invaliditāti ar fiziska rakstura traucējumiem","citi","pensijas vecuma personas"],"juridiskais_statuss":"Biedrības struktūrvienība","vzd_kods":"106779596","majaslapa":"https://www.samariesi.lv"}},{"type":"Feature","geometry":{"type":"Point","coordinates":[27.085292,56.442028]},"properties":{"kategorija":"soc_pakalpojumi","id":"1711","nosaukums":"Rēzeknes novada pašvaldības Daudzfunkcionālais sociālo pakalpojumu centrs \"Vecružina\"","adrese":"Ezera iela 23A, Vecružina, Silmalas pag., Rēzeknes nov., LV-4636","pakalpojums":"sociālā rehabilitācija","pakalpojuma_forma":"bez izmitināšanas","planotais_klientu_skaits":47,"klienti":"bērni (abu dzimumu)","klientu_grupas":["citi"],"juridiskais_statuss":"Pašvaldības iestāde","vzd_kods":"106812131","majaslapa":"https://rezeknesnovads.lv/pasvaldiba/socialas-dienests/sociala-atbalsta-iestades/"}},{"type":"Feature","geometry":{"type":"Point","coordinates":[21.86737,56.429616]},"properties":{"kategorija":"soc_pakalpojumi","id":"1712","nosaukums":"Dienvidkurzemes sociālā dienesta struktūrvienības Sociālā atbalsta centrs \"Vaiņode\"","adrese":"Raiņa iela 41, Vaiņode, Vaiņodes pag., Dienvidkurzemes nov., LV-3435","pakalpojums":"ilgstoša sociālā aprūpe un sociālā rehabilitācija","pakalpojuma_forma":"ar izmitināšanu","izmitinasana":"izmitināšana","planotais_klientu_skaits":33,"klienti":"pilngadīgas personas (abu dzimumu)","klientu_grupas":["personas ar invaliditāti ar fiziska rakstura traucējumiem","pensijas vecuma personas"],"juridiskais_statuss":"Pašvaldības iestādes struktūrvienība","vzd_kods":"103837947"}},{"type":"Feature","geometry":{"type":"Point","coordinates":[25.479513,56.723239]},"properties":{"kategorija":"soc_pakalpojumi","id":"1713","nosaukums":"Biedrības \"Latvijas Sarkanais Krusts\" Zemgales komitejas Sociālās aprūpes centrs \"Vecbebri\"","adrese":"\"Vecbebru tehnikums\", Vecbebri, Bebru pag., Aizkraukles nov., LV-5135","pakalpojums":"ilgstoša sociālā aprūpe un sociālā rehabilitācija","pakalpojuma_forma":"ar izmitināšanu","izmitinasana":"izmitināšana","planotais_klientu_skaits":149,"klienti":"pilngadīgas personas (abu dzimumu)","klientu_grupas":["personas ar invaliditāti ar fiziska rakstura traucējumiem","pensijas vecuma personas"],"juridiskais_statuss":"Biedrības struktūrvienība","vzd_kods":"103213956","majaslapa":"https://www.redcross.lv/"}},{"type":"Feature","geometry":{"type":"Point","coordinates":[23.494125,56.94492]},"properties":{"kategorija":"soc_pakalpojumi","id":"1714","nosaukums":"SIA Senior Service struktūrvienība 'Sirds Osta Jūrmala'","adrese":"Bišu iela 18, Jūrmala, LV-2012","pakalpojums":"ilgstoša sociālā aprūpe un sociālā rehabilitācija","pakalpojuma_forma":"ar izmitināšanu","izmitinasana":"izmitināšana","planotais_klientu_skaits":32,"klienti":"pilngadīgas personas (abu dzimumu)","klientu_grupas":["personas ar dzirdes invaliditāti","personas ar garīga rakstura traucējumiem","personas ar redzes invaliditāti","personas ar invaliditāti ar fiziska rakstura traucējumiem","pensijas vecuma personas","personas ar onkoloģiskām slimībām un viņu ģimenes locekļi"],"juridiskais_statuss":"SIA struktūrvienība","vzd_kods":"103246053","majaslapa":"https://sirdsosta.lv"}},{"type":"Feature","geometry":{"type":"Point","coordinates":[26.590507,55.89242]},"properties":{"kategorija":"soc_pakalpojumi","id":"1716","nosaukums":"Sabiedrība ar ierobežotu atbildību \"Daugavpils reģionālā slimnīca\"","adrese":"18. novembra iela 311, Daugavpils, LV-5413","pakalpojums":"cits: Sociālā darba pakalpojums ārstniecības iestādē","pakalpojuma_forma":"bez izmitināšanas","planotais_klientu_skaits":35,"klienti":"pilngadīgas personas (abu dzimumu)","klientu_grupas":["citi"],"juridiskais_statuss":"SIA","vzd_kods":"101793291"}},{"type":"Feature","geometry":{"type":"Point","coordinates":[22.990644,56.736493]},"properties":{"kategorija":"soc_pakalpojumi","id":"1717","nosaukums":"Tukuma novada pašvaldības iestādes \"Tukuma novada sociālais dienests\" Atelpas brīdis","adrese":"\"Lodes\", Jaunpils pag., Tukuma nov., LV-3145","pakalpojums":"atelpas brīdis","pakalpojuma_forma":"ar izmitināšanu","izmitinasana":"izmitināšana","planotais_klientu_skaits":2,"klienti":"pilngadīgas personas (abu dzimumu)","klientu_grupas":["personas ar garīga rakstura traucējumiem","personas ar invaliditāti ar fiziska rakstura traucējumiem"],"juridiskais_statuss":"Pašvaldības iestādes struktūrvienība","vzd_kods":"103035001","majaslapa":"https://www.tukums.lv"}},{"type":"Feature","geometry":{"type":"Point","coordinates":[21.009554,56.51758]},"properties":{"kategorija":"soc_pakalpojumi","id":"1718","nosaukums":"Liepājas valstspilsētas pašvaldības iestāde \"Liepājas Sociālais dienests\" Specializētās darbnīcas","adrese":"Teodora Breikša iela 16/20, Liepāja, LV-3401","pakalpojums":"specializētās darbnīcas","pakalpojuma_forma":"bez izmitināšanas","planotais_klientu_skaits":20,"klienti":"pilngadīgas personas (abu dzimumu)","klientu_grupas":["personas ar garīga rakstura traucējumiem"],"juridiskais_statuss":"Pašvaldības iestādes struktūrvienība","vzd_kods":"104273822","majaslapa":"https://www.liepaja.lv/specializetas-darbnicas/"}},{"type":"Feature","geometry":{"type":"Point","coordinates":[24.389457,56.741529]},"properties":{"kategorija":"soc_pakalpojumi","id":"1719","nosaukums":"Pašvaldības aģentūras \"Ķekavas novada veselības un sociālās aprūpes centrs\"","adrese":"Iecavas iela 4, Baldone, Ķekavas nov., LV-2125","pakalpojums":"dienas centrs","pakalpojuma_forma":"bez izmitināšanas","planotais_klientu_skaits":10,"klienti":"pilngadīgas personas (abu dzimumu)","klientu_grupas":["personas ar invaliditāti ar fiziska rakstura traucējumiem","pensijas vecuma personas"],"juridiskais_statuss":"Pašvaldības aģentūra","vzd_kods":"105246977","majaslapa":"https://aprupe.kekava.lv/"}},{"type":"Feature","geometry":{"type":"Point","coordinates":[24.076164,56.931238]},"properties":{"kategorija":"soc_pakalpojumi","id":"1720","nosaukums":"Nodibinājums \"Centrs Dardedze\"","adrese":"Cieceres iela 3A, Rīga, LV-1002","pakalpojums":"sociālā rehabilitācija","pakalpojuma_forma":"bez izmitināšanas","planotais_klientu_skaits":25,"klienti":"pilngadīgas personas (abu dzimumu)","klientu_grupas":["citi"],"juridiskais_statuss":"Nodibinājums","vzd_kods":"103357940","majaslapa":"https://centrsdardedze.lv"}},{"type":"Feature","geometry":{"type":"Point","coordinates":[24.076164,56.931238]},"properties":{"kategorija":"soc_pakalpojumi","id":"1721","nosaukums":"Nodibinājums \"Centrs Dardedze\"","adrese":"Cieceres iela 3A, Rīga, LV-1002","pakalpojums":"Sociālā rehabilitācija no prettiesiskām darbībām cietušiem bērniem viņu dzīvesvietā","pakalpojuma_forma":"bez izmitināšanas","planotais_klientu_skaits":20,"klienti":"bērni (abu dzimumu)","klientu_grupas":["personas, kas cietušas no prettiesiskām darbībām (tai skaitā vardarbībā cietušas personas)"],"juridiskais_statuss":"Nodibinājums","vzd_kods":"103357940","majaslapa":"https://centrsdardedze.lv"}},{"type":"Feature","geometry":{"type":"Point","coordinates":[27.276075,56.661618]},"properties":{"kategorija":"soc_pakalpojumi","id":"1722","nosaukums":"Rēzeknes nov. pašvaldības Sociālais dienests","adrese":"\"Pilcenes\", Piļcine, Dricānu pag., Rēzeknes nov., LV-4615","pakalpojums":"grupu māja (dzīvoklis)","pakalpojuma_forma":"ar izmitināšanu","izmitinasana":"izmitināšana","planotais_klientu_skaits":8,"klienti":"pilngadīgas personas (abu dzimumu)","klientu_grupas":["personas ar garīga rakstura traucējumiem"],"juridiskais_statuss":"Pašvaldības iestāde","vzd_kods":"103236901"}},{"type":"Feature","geometry":{"type":"Point","coordinates":[21.040574,56.555928]},"properties":{"kategorija":"soc_pakalpojumi","id":"1723","nosaukums":"Liepājas valstspilsētas pašvaldības iestāde \"Liepājas Sociālais dienests\" Grupu dzīvokļi","adrese":"Viršu iela 9/11 - 1, Liepāja, LV-3402","pakalpojums":"grupu māja (dzīvoklis)","pakalpojuma_forma":"ar izmitināšanu","izmitinasana":"izmitināšana","planotais_klientu_skaits":16,"klienti":"pilngadīgas personas (abu dzimumu)","klientu_grupas":["personas ar garīga rakstura traucējumiem"],"juridiskais_statuss":"Pašvaldības iestādes struktūrvienība","vzd_kods":"116517312","majaslapa":"https://www.liepaja.lv/grupu-dzivokli/"}},{"type":"Feature","geometry":{"type":"Point","coordinates":[24.383721,57.48567]},"properties":{"kategorija":"soc_pakalpojumi","id":"1724","nosaukums":"Sabiedrība ar ierobežotu atbildību Aprūpe dzīvesvietā","adrese":"Jūras iela 28, Tūja, Liepupes pag., Limbažu nov., LV-4022","pakalpojums":"aprūpe mājās","pakalpojuma_forma":"bez izmitināšanas","planotais_klientu_skaits":60,"klienti":"visu vecumu un dzimumu personas","klientu_grupas":["personas ar dzirdes invaliditāti","personas ar invaliditāti ar fiziska rakstura traucējumiem","personas ar garīga rakstura traucējumiem","personas ar redzes invaliditāti","pensijas vecuma personas","citi"],"juridiskais_statuss":"SIA","vzd_kods":"102196714","majaslapa":"https://www.aprupedzivesvieta.lv"}},{"type":"Feature","geometry":{"type":"Point","coordinates":[23.62302,56.943183]},"properties":{"kategorija":"soc_pakalpojumi","id":"1726","nosaukums":"Pašvaldības sabiedrība ar ierobežotu atbildību \"Veselības un sociālās aprūpes centrs-Sloka\"","adrese":"Dzirnavu iela 36/38, Jūrmala, LV-2011","pakalpojums":"aprūpe mājās","pakalpojuma_forma":"bez izmitināšanas","planotais_klientu_skaits":97,"klienti":"pilngadīgas personas (abu dzimumu)","klientu_grupas":["pensijas vecuma personas","personas ar invaliditāti ar fiziska rakstura traucējumiem"],"juridiskais_statuss":"Pašvaldības SIA","vzd_kods":"106186902","majaslapa":"https://www.vsacsloka.lv"}},{"type":"Feature","geometry":{"type":"Point","coordinates":[25.739468,56.16231]},"properties":{"kategorija":"soc_pakalpojumi","id":"1727","nosaukums":"Jēkabpils novada Sociālā dinesta struktūrvienība Grupu māja \"Aknīste\"","adrese":"Skolas iela 9A, Aknīste, Jēkabpils nov., LV-5208","pakalpojums":"grupu māja (dzīvoklis)","pakalpojuma_forma":"ar izmitināšanu","izmitinasana":"izmitināšana","planotais_klientu_skaits":5,"klienti":"pilngadīgas personas (abu dzimumu)","klientu_grupas":["personas ar garīga rakstura traucējumiem"],"juridiskais_statuss":"Pašvaldības iestādes struktūrvienība","vzd_kods":"106735770"}},{"type":"Feature","geometry":{"type":"Point","coordinates":[22.491364,56.671618]},"properties":{"kategorija":"soc_pakalpojumi","id":"1728","nosaukums":"Saldus novada pašvaldības aģentūras \"Sociālais dienests\"","adrese":"Slimnīcas iela 3, Saldus, Saldus nov., LV-3801","pakalpojums":"dienas aprūpes centrs","pakalpojuma_forma":"bez izmitināšanas","planotais_klientu_skaits":28,"klienti":"pilngadīgas personas (abu dzimumu)","klientu_grupas":["personas ar garīga rakstura traucējumiem"],"juridiskais_statuss":"Pašvaldības aģentūras struktūrvienība","vzd_kods":"101261725","majaslapa":"https://socialais.saldus.lv/"}},{"type":"Feature","geometry":{"type":"Point","coordinates":[23.61326,56.951423]},"properties":{"kategorija":"soc_pakalpojumi","id":"1729","nosaukums":"Pašvaldības sabiedrība ar ierobežotu atbildību \"Veselības un sociālās aprūpes centrs-Sloka\"","adrese":"Raiņa iela 62, Jūrmala, LV-2011","pakalpojums":"naktspatversme","pakalpojuma_forma":"ar izmitināšanu","izmitinasana":"izmitināšana","planotais_klientu_skaits":30,"klienti":"pilngadīgas personas (abu dzimumu)","klientu_grupas":["krīzes situācijā nonākušas personas"],"juridiskais_statuss":"Pašvaldības SIA","vzd_kods":"101735053","majaslapa":"https://www.vsacsloka.lv"}},{"type":"Feature","geometry":{"type":"Point","coordinates":[23.524967,56.951119]},"properties":{"kategorija":"soc_pakalpojumi","id":"1730","nosaukums":"Pašvaldības sabiedrība ar ierobežotu atbildību \"Veselības un sociālās aprūpes centrs-Sloka\"","adrese":"Dūņu ceļš 2, Jūrmala, LV-2012","pakalpojums":"grupu māja (dzīvoklis)","pakalpojuma_forma":"ar izmitināšanu","izmitinasana":"izmitināšana","planotais_klientu_skaits":16,"klienti":"pilngadīgas personas (abu dzimumu)","klientu_grupas":["personas ar garīga rakstura traucējumiem"],"juridiskais_statuss":"Pašvaldības SIA","vzd_kods":"103246568","majaslapa":"https://www.vsacsloka.lv"}},{"type":"Feature","geometry":{"type":"Point","coordinates":[23.524967,56.951119]},"properties":{"kategorija":"soc_pakalpojumi","id":"1731","nosaukums":"Pašvaldības sabiedrība ar ierobežotu atbildību \"Veselības un sociālās aprūpes centrs-Sloka\"","adrese":"Dūņu ceļš 2, Jūrmala, LV-2012","pakalpojums":"dienas aprūpes centrs","pakalpojuma_forma":"bez izmitināšanas","planotais_klientu_skaits":35,"klienti":"pilngadīgas personas (abu dzimumu)","klientu_grupas":["personas ar garīga rakstura traucējumiem"],"juridiskais_statuss":"Pašvaldības SIA","vzd_kods":"103246568","majaslapa":"https://www.vsacsloka.lv"}},{"type":"Feature","geometry":{"type":"Point","coordinates":[23.524967,56.951119]},"properties":{"kategorija":"soc_pakalpojumi","id":"1732","nosaukums":"Pašvaldības sabiedrība ar ierobežotu atbildību \"Veselības un sociālās aprūpes centrs-Sloka\"","adrese":"Dūņu ceļš 2, Jūrmala, LV-2012","pakalpojums":"specializētās darbnīcas","pakalpojuma_forma":"bez izmitināšanas","planotais_klientu_skaits":8,"klienti":"pilngadīgas personas (abu dzimumu)","klientu_grupas":["personas ar garīga rakstura traucējumiem"],"juridiskais_statuss":"Pašvaldības SIA","vzd_kods":"103246568","majaslapa":"https://www.vsacsloka.lv"}},{"type":"Feature","geometry":{"type":"Point","coordinates":[26.275015,56.986299]},"properties":{"kategorija":"soc_pakalpojumi","id":"1733","nosaukums":"Nodibinājuma \"CARITAS LATVIJA\" struktūrvienība \"Grašu bērnu ciemats\"","adrese":"\"Grašu Pils\", Cesvaines pag., Madonas nov., LV-4871","pakalpojums":"sociālā rehabilitācija","pakalpojuma_forma":"ar izmitināšanu","izmitinasana":"izmitināšana","planotais_klientu_skaits":8,"klienti":"pilngadīgas personas (abu dzimumu)","klientu_grupas":["citi"],"juridiskais_statuss":"Nodibinājums","vzd_kods":"103427425","majaslapa":"https://www.grasufonds.lv"}},{"type":"Feature","geometry":{"type":"Point","coordinates":[26.275015,56.986299]},"properties":{"kategorija":"soc_pakalpojumi","id":"1734","nosaukums":"Nodibinājuma \"CARITAS LATVIJA\" struktūrvienība \"Grašu bērnu ciemats\"","adrese":"\"Grašu Pils\", Cesvaines pag., Madonas nov., LV-4871","pakalpojums":"ilgstoša sociālā aprūpe un sociālā rehabilitācija","pakalpojuma_forma":"ar izmitināšanu","izmitinasana":"izmitināšana","planotais_klientu_skaits":35,"klienti":"bērni (abu dzimumu)","klientu_grupas":["bērni bāreņi un bez vecāku gādības palikušie bērni"],"juridiskais_statuss":"Nodibinājums","vzd_kods":"103427425","majaslapa":"https://www.grasufonds.lv"}},{"type":"Feature","geometry":{"type":"Point","coordinates":[24.141501,56.967359]},"properties":{"kategorija":"soc_pakalpojumi","id":"1735","nosaukums":"SIA ABAistaba","adrese":"Cēsu iela 31 k-3, Rīga, LV-1012","pakalpojums":"sociālā rehabilitācija","pakalpojuma_forma":"bez izmitināšanas","planotais_klientu_skaits":150,"klienti":"visu vecumu un dzimumu personas","klientu_grupas":["personas ar garīga rakstura traucējumiem","citi"],"juridiskais_statuss":"SIA","vzd_kods":"105769516","majaslapa":"https://www.abaistaba.lv"}},{"type":"Feature","geometry":{"type":"Point","coordinates":[23.80914,56.646626]},"properties":{"kategorija":"soc_pakalpojumi","id":"1736","nosaukums":"Jelgavas novada Sociālais dienests","adrese":"Celtnieku iela 12, Āne, Cenu pag., Jelgavas nov., LV-3043","pakalpojums":"sociālais, tai skaitā pašvaldības sociālais dienests","pakalpojuma_forma":"bez izmitināšanas","planotais_klientu_skaits":1100,"klienti":"visu vecumu un dzimumu personas","klientu_grupas":["personas ar redzes invaliditāti","personas ar dzirdes invaliditāti","pensijas vecuma personas","personas, kas atkarīgas no psihoaktīvām vielām","cilvēku tirdzniecības upuri","personas ar garīga rakstura traucējumiem","krīzes situācijā nonākušas personas","bērni bāreņi un bez vecāku gādības palikušie bērni","personas ar invaliditāti ar fiziska rakstura traucējumiem","personas, kas atgriezušās no ieslodzījuma vietas vai ilgstošas bezpajumtniecības","personas ar onkoloģiskām slimībām un viņu ģimenes locekļi","bēgļi un personas, kas ieguvušas alternatīvo statusu","paliatīvā aprūpē esošie bērni un viņu ģimenes locekļi","personas, kas cietušas no prettiesiskām darbībām (tai skaitā vardarbībā cietušas personas)"],"juridiskais_statuss":"Pašvaldības iestāde","vzd_kods":"101536981","majaslapa":"https://www.jelgavasnovads.lv"}},{"type":"Feature","geometry":{"type":"Point","coordinates":[23.940036,56.789192]},"properties":{"kategorija":"soc_pakalpojumi","id":"1737","nosaukums":"P/A \" Olaines sociālais dienests\"","adrese":"Zeiferta iela 6B, Olaine, Olaines nov., LV-2114","pakalpojums":"sociālā rehabilitācija","pakalpojuma_forma":"bez izmitināšanas","planotais_klientu_skaits":40,"klienti":"bērni (abu dzimumu)","klientu_grupas":["personas ar redzes invaliditāti","personas ar invaliditāti ar fiziska rakstura traucējumiem","personas ar dzirdes invaliditāti","personas ar garīga rakstura traucējumiem"],"juridiskais_statuss":"Pašvaldības aģentūra","vzd_kods":"104702733"}},{"type":"Feature","geometry":{"type":"Point","coordinates":[23.940036,56.789192]},"properties":{"kategorija":"soc_pakalpojumi","id":"1738","nosaukums":"P/A \" Olaines sociālais dienests\"","adrese":"Zeiferta iela 6B, Olaine, Olaines nov., LV-2114","pakalpojums":"dienas aprūpes centrs","pakalpojuma_forma":"bez izmitināšanas","planotais_klientu_skaits":16,"klienti":"pilngadīgas personas (abu dzimumu)","klientu_grupas":["personas ar garīga rakstura traucējumiem"],"juridiskais_statuss":"Pašvaldības aģentūra","vzd_kods":"104702733"}},{"type":"Feature","geometry":{"type":"Point","coordinates":[27.163886,55.900624]},"properties":{"kategorija":"soc_pakalpojumi","id":"1739","nosaukums":"Krāslavas novada pašvaldības iestāde \"Sociālais dienests\" DAC \"Krāslava\"","adrese":"Grāfu Plāteru iela 6, Krāslava, Krāslavas nov., LV-5601","pakalpojums":"dienas aprūpes centrs","pakalpojuma_forma":"bez izmitināšanas","planotais_klientu_skaits":10,"klienti":"pilngadīgas personas (abu dzimumu)","klientu_grupas":["personas ar garīga rakstura traucējumiem"],"juridiskais_statuss":"Pašvaldības iestādes struktūrvienība","vzd_kods":"102601042"}},{"type":"Feature","geometry":{"type":"Point","coordinates":[23.940544,56.789627]},"properties":{"kategorija":"soc_pakalpojumi","id":"174","nosaukums":"Olaines novada pašvaldības aģentūras \"Olaines sociālais dienests\" struktūrvienības Sociālās aprūpes nodaļa Sociālās aprūpes centrs","adrese":"Zeiferta iela 8, Olaine, Olaines nov., LV-2114","pakalpojums":"ilgstošās sociālās aprūpes un sociālās rehabilitācijas institūcija","pakalpojuma_forma":"ar izmitināšanu","izmitinasana":"izmitināšana","planotais_klientu_skaits":45,"klienti":"pilngadīgas personas (abu dzimumu)","klientu_grupas":["pensijas vecuma personas","invalīdi ar fiziska rakstura traucējumiem"],"juridiskais_statuss":"Pašvaldības iestādes struktūrvienība","vzd_kods":"101273282","majaslapa":"https://www.olaine.lv"}},{"type":"Feature","geometry":{"type":"Point","coordinates":[26.645765,55.742836]},"properties":{"kategorija":"soc_pakalpojumi","id":"1740","nosaukums":"Demenes \"Sociālā atbalsta centrs\" pansija \"Paspārne\"","adrese":"Upes iela 4, Kumbuļi, Demenes pag., Augšdaugavas nov., LV-5442","pakalpojums":"pansija","pakalpojuma_forma":"ar izmitināšanu","izmitinasana":"izmitināšana","planotais_klientu_skaits":34,"klienti":"pilngadīgas personas (abu dzimumu)","klientu_grupas":["pensijas vecuma personas","personas ar invaliditāti ar fiziska rakstura traucējumiem"],"juridiskais_statuss":"Biedrības struktūrvienība","vzd_kods":"106199332"}},{"type":"Feature","geometry":{"type":"Point","coordinates":[21.016572,56.523613]},"properties":{"kategorija":"soc_pakalpojumi","id":"1741","nosaukums":"Biedrības „House of Hope” struktūrvienība „Karostas Kids Sociālā atbalsta centrs”","adrese":"Rīgas iela 67, Liepāja, LV-3401","pakalpojums":"sociālā rehabilitācija","pakalpojuma_forma":"bez izmitināšanas","planotais_klientu_skaits":50,"klienti":"visu vecumu un dzimumu personas","klientu_grupas":["bērni bāreņi un bez vecāku gādības palikušie bērni","krīzes situācijā nonākušas personas","personas, kas cietušas no prettiesiskām darbībām (tai skaitā vardarbībā cietušas personas)","citi"],"juridiskais_statuss":"Biedrības struktūrvienība","vzd_kods":"101700374","majaslapa":"https://www.houseofhopelv.com"}},{"type":"Feature","geometry":{"type":"Point","coordinates":[22.600988,57.244522]},"properties":{"kategorija":"soc_pakalpojumi","id":"1742","nosaukums":"Nodibinājums: Ģimeņu un bērnu attīstības centrs \"Brīnumiņš\"","adrese":"Kārļa Mīlenbaha iela 20, Talsi, Talsu nov., LV-3201","pakalpojums":"dienas aprūpes centrs","pakalpojuma_forma":"bez izmitināšanas","planotais_klientu_skaits":15,"klienti":"pilngadīgas personas (abu dzimumu)","klientu_grupas":["personas ar garīga rakstura traucējumiem","personas ar invaliditāti ar fiziska rakstura traucējumiem"],"juridiskais_statuss":"Nodibinājums","vzd_kods":"102088170","majaslapa":"https://www.brinumins.lv"}},{"type":"Feature","geometry":{"type":"Point","coordinates":[21.897974,56.57009]},"properties":{"kategorija":"soc_pakalpojumi","id":"1743","nosaukums":"Biedrības \"Latvijas Samariešu apvienība\" Dzeldas Dienas aprūpes centrs","adrese":"Torņa iela 6, Dzelda, Nīkrāces pag., Kuldīgas nov., LV-3320","pakalpojums":"dienas aprūpes centrs","pakalpojuma_forma":"bez izmitināšanas","planotais_klientu_skaits":10,"klienti":"pilngadīgas personas (abu dzimumu)","klientu_grupas":["citi","personas ar garīga rakstura traucējumiem"],"juridiskais_statuss":"Biedrības struktūrvienība","vzd_kods":"102967001","majaslapa":"https://www.samariesi.lv"}},{"type":"Feature","geometry":{"type":"Point","coordinates":[21.897974,56.57009]},"properties":{"kategorija":"soc_pakalpojumi","id":"1744","nosaukums":"Biedrības \"Latvijas Samariešu apvienība\" Dzeldas Specializētās darbnīcas","adrese":"Torņa iela 6, Dzelda, Nīkrāces pag., Kuldīgas nov., LV-3320","pakalpojums":"specializētās darbnīcas","pakalpojuma_forma":"bez izmitināšanas","planotais_klientu_skaits":14,"klienti":"pilngadīgas personas (abu dzimumu)","klientu_grupas":["personas ar garīga rakstura traucējumiem","citi"],"juridiskais_statuss":"Biedrības struktūrvienība","vzd_kods":"102967001","majaslapa":"https://www.samariesi.lv"}},{"type":"Feature","geometry":{"type":"Point","coordinates":[27.053611,57.418172]},"properties":{"kategorija":"soc_pakalpojumi","id":"1745","nosaukums":"Alūksnes novada Sociālo lietu pārvaldes Sociālās rehabilitācijas centrs","adrese":"Uzvaras iela 1, Alūksne, Alūksnes nov., LV-4301","pakalpojums":"sociālā rehabilitācija","pakalpojuma_forma":"bez izmitināšanas","planotais_klientu_skaits":40,"klienti":"visu vecumu un dzimumu personas","klientu_grupas":["personas ar garīga rakstura traucējumiem","personas ar invaliditāti ar fiziska rakstura traucējumiem"],"juridiskais_statuss":"Struktūrvienība","vzd_kods":"102339172"}},{"type":"Feature","geometry":{"type":"Point","coordinates":[24.876892,57.764587]},"properties":{"kategorija":"soc_pakalpojumi","id":"1746","nosaukums":"Limbažu novada Sociālā dienesta sociālās rehabilitācijas centrs","adrese":"Ausekļa iela 1, Aloja, Limbažu nov., LV-4064","pakalpojums":"sociālā rehabilitācija","pakalpojuma_forma":"bez izmitināšanas","planotais_klientu_skaits":24,"klienti":"visu vecumu un dzimumu personas","klientu_grupas":["personas ar garīga rakstura traucējumiem","personas ar invaliditāti ar fiziska rakstura traucējumiem"],"juridiskais_statuss":"Struktūrvienība","vzd_kods":"101438463"}},{"type":"Feature","geometry":{"type":"Point","coordinates":[24.106548,56.945916]},"properties":{"kategorija":"soc_pakalpojumi","id":"1747","nosaukums":"Nodibinājums \"Amos\"","adrese":"11. novembra krastmala 29, Rīga, LV-1050","pakalpojums":"aprūpe mājās","pakalpojuma_forma":"bez izmitināšanas","planotais_klientu_skaits":20,"klienti":"pilngadīgas personas (abu dzimumu)","klientu_grupas":["citi","personas ar onkoloģiskām slimībām un viņu ģimenes locekļi","personas ar invaliditāti ar fiziska rakstura traucējumiem"],"juridiskais_statuss":"Nodibinājums","vzd_kods":"101812476","majaslapa":"http://amosplus.lv"}},{"type":"Feature","geometry":{"type":"Point","coordinates":[24.504489,57.773124]},"properties":{"kategorija":"soc_pakalpojumi","id":"1748","nosaukums":"Pašvaldības iestāde Veco ļaužu mītne \"Sprīdīši\"","adrese":"\"Mazsprīdīši\", Salacgrīvas pag., Limbažu nov., LV-4054","pakalpojums":"ilgstoša sociālā aprūpe un sociālā rehabilitācija","pakalpojuma_forma":"ar izmitināšanu","izmitinasana":"izmitināšana","planotais_klientu_skaits":18,"klienti":"pilngadīgas personas (abu dzimumu)","klientu_grupas":["pensijas vecuma personas","personas ar invaliditāti ar fiziska rakstura traucējumiem"],"juridiskais_statuss":"Pašvaldības iestāde","vzd_kods":"103861663"}},{"type":"Feature","geometry":{"type":"Point","coordinates":[24.174873,56.966311]},"properties":{"kategorija":"soc_pakalpojumi","id":"175","nosaukums":"Sabiedrība ar ierobežotu atbildību \"Aprūpes birojs\" Aprūpes nodaļa","adrese":"Ūnijas iela 40, Rīga, LV-1084","pakalpojums":"Aprūpe mājās","pakalpojuma_forma":"bez izmitināšanas","planotais_klientu_skaits":405,"klienti":"visu vecumu un dzimumu personas","klientu_grupas":["redzes invalīdi","invalīdi ar fiziska rakstura traucējumiem","pensijas vecuma personas","personas ar garīga rakstura traucējumiem"],"juridiskais_statuss":"SIA","vzd_kods":"102011493","majaslapa":"https://www.aprupes-birojs.lv"}},{"type":"Feature","geometry":{"type":"Point","coordinates":[24.217102,56.404288]},"properties":{"kategorija":"soc_pakalpojumi","id":"1751","nosaukums":"Latvijas SOS Bērnu ciematu asociācijas Īslīces SOS Bērnu ciemats","adrese":"Zaļā iela 33, Bauska, Bauskas nov., LV-3901","pakalpojums":"ilgstoša sociālā aprūpe un sociālā rehabilitācija","pakalpojuma_forma":"ar izmitināšanu","izmitinasana":"izmitināšana","planotais_klientu_skaits":8,"klienti":"bērni (abu dzimumu)","klientu_grupas":["bērni bāreņi un bez vecāku gādības palikušie bērni"],"juridiskais_statuss":"Biedrības struktūrvienība","vzd_kods":"102312798","majaslapa":"https://www.sosbernuciemati.lv"}},{"type":"Feature","geometry":{"type":"Point","coordinates":[26.607087,55.893432]},"properties":{"kategorija":"soc_pakalpojumi","id":"1752","nosaukums":"Daugavpils valstspilsētas pašvaldības iestādes \"Sociālais dienests\" Daugavpils sociālās aprūpes centrs","adrese":"18. novembra iela 354A, Daugavpils, LV-5413","pakalpojums":"ilgstoša sociālā aprūpe un sociālā rehabilitācija","pakalpojuma_forma":"ar izmitināšanu","izmitinasana":"izmitināšana","planotais_klientu_skaits":190,"klienti":"pilngadīgas personas (abu dzimumu)","klientu_grupas":["personas ar garīga rakstura traucējumiem","pensijas vecuma personas","personas ar invaliditāti ar fiziska rakstura traucējumiem","citi"],"juridiskais_statuss":"Pašvaldības iestādes struktūrvienība","vzd_kods":"102524070","majaslapa":"https://www.socd.lv"}},{"type":"Feature","geometry":{"type":"Point","coordinates":[21.072436,56.542726]},"properties":{"kategorija":"soc_pakalpojumi","id":"1755","nosaukums":"Sabiedrība ar ierobežotu atbildību \"Magnum Social & Medical Care\" centrs “RŪRE”","adrese":"Labraga iela 11, Liepāja, LV-3414","pakalpojums":"aprūpe mājās","pakalpojuma_forma":"bez izmitināšanas","planotais_klientu_skaits":30,"klienti":"pilngadīgas personas (abu dzimumu)","klientu_grupas":["personas ar garīga rakstura traucējumiem","personas ar invaliditāti ar fiziska rakstura traucējumiem","pensijas vecuma personas","personas ar dzirdes invaliditāti","personas ar onkoloģiskām slimībām un viņu ģimenes locekļi","personas ar redzes invaliditāti"],"juridiskais_statuss":"SIA","vzd_kods":"101696884","majaslapa":"https://www.rure.lv"}},{"type":"Feature","geometry":{"type":"Point","coordinates":[24.973546,56.674585]},"properties":{"kategorija":"soc_pakalpojumi","id":"1756","nosaukums":"Ogres novada Sociālā dienesta Specializētās darbnīcas Jumpravā","adrese":"Ceriņu iela 2A, Jumprava, Jumpravas pag., Ogres nov., LV-5022","pakalpojums":"specializētās darbnīcas","pakalpojuma_forma":"bez izmitināšanas","planotais_klientu_skaits":15,"klienti":"pilngadīgas personas (abu dzimumu)","klientu_grupas":["personas ar garīga rakstura traucējumiem"],"juridiskais_statuss":"Struktūrvienība","vzd_kods":"101386788","majaslapa":"https://www.ogresnovads.lv"}},{"type":"Feature","geometry":{"type":"Point","coordinates":[22.773909,57.039687]},"properties":{"kategorija":"soc_pakalpojumi","id":"1757","nosaukums":"Tukuma novada pašvaldības iestādes \"Tukuma novada sociālais dienests\" Kandavas pansija","adrese":"Ķiršu iela 10, Kandava, Tukuma nov., LV-3120","pakalpojums":"pansija","pakalpojuma_forma":"ar izmitināšanu","izmitinasana":"izmitināšana","planotais_klientu_skaits":18,"klienti":"pilngadīgas personas (abu dzimumu)","klientu_grupas":["pensijas vecuma personas","personas ar invaliditāti ar fiziska rakstura traucējumiem","personas ar garīga rakstura traucējumiem"],"juridiskais_statuss":"Pašvaldības iestādes struktūrvienība","vzd_kods":"102659511","majaslapa":"https://www.tnsd.lv"}},{"type":"Feature","geometry":{"type":"Point","coordinates":[23.160181,56.967975]},"properties":{"kategorija":"soc_pakalpojumi","id":"1758","nosaukums":"Tukuma novada pašvaldības iestādes \"Tukuma novada sociālais dienests\" bērnu un jauniešu centrs \"Sapņi\"","adrese":"Dārzniecības iela 2A - 44, Tukums, Tukuma nov., LV-3101","pakalpojums":"ilgstoša sociālā aprūpe un sociālā rehabilitācija","pakalpojuma_forma":"ar izmitināšanu","izmitinasana":"izmitināšana","planotais_klientu_skaits":16,"klienti":"bērni (abu dzimumu)","klientu_grupas":["bērni bāreņi un bez vecāku gādības palikušie bērni"],"juridiskais_statuss":"Pašvaldības iestādes struktūrvienība","vzd_kods":"118969413","majaslapa":"https://www.tukums.lv"}},{"type":"Feature","geometry":{"type":"Point","coordinates":[25.325821,57.889603]},"properties":{"kategorija":"soc_pakalpojumi","id":"1759","nosaukums":"SIA \"Senioru māja\"","adrese":"Valdemāra iela 26, Rūjiena, Valmieras nov., LV-4240","pakalpojums":"aprūpe mājās","pakalpojuma_forma":"bez izmitināšanas","planotais_klientu_skaits":50,"klienti":"pilngadīgas personas (abu dzimumu)","klientu_grupas":["personas ar onkoloģiskām slimībām un viņu ģimenes locekļi","personas ar garīga rakstura traucējumiem","personas ar invaliditāti ar fiziska rakstura traucējumiem","pensijas vecuma personas"],"juridiskais_statuss":"SIA","vzd_kods":"101036785","majaslapa":"https://www.rujienasseniorumaja.lv"}},{"type":"Feature","geometry":{"type":"Point","coordinates":[24.135211,56.951575]},"properties":{"kategorija":"soc_pakalpojumi","id":"1760","nosaukums":"Biedrības “Resiliences centrs” Kopienas centrs “Resiliences avots”","adrese":"Avotu iela 31 k-1, Rīga, LV-1009","pakalpojums":"cits: Sociālais darbs kopienā","pakalpojuma_forma":"bez izmitināšanas","planotais_klientu_skaits":50,"klienti":"visu vecumu un dzimumu personas","klientu_grupas":["citi"],"juridiskais_statuss":"Biedrība","vzd_kods":"105444215","majaslapa":"https://resilience.lv"}},{"type":"Feature","geometry":{"type":"Point","coordinates":[25.860615,56.491778]},"properties":{"kategorija":"soc_pakalpojumi","id":"1761","nosaukums":"Daudzfunkcionālais sociālo pakalpojumu centrs \"Rosme\"","adrese":"Jaunā iela 39I, Jēkabpils, Jēkabpils nov., LV-5201","pakalpojums":"dienas aprūpes centrs","pakalpojuma_forma":"bez izmitināšanas","planotais_klientu_skaits":25,"klienti":"bērni (abu dzimumu)","klientu_grupas":["citi"],"juridiskais_statuss":"Pašvaldības iestādes struktūrvienība","vzd_kods":"105799581"}},{"type":"Feature","geometry":{"type":"Point","coordinates":[27.080279,56.924465]},"properties":{"kategorija":"soc_pakalpojumi","id":"1762","nosaukums":"Biedrība \"Neatkarība Balt.\"","adrese":"Bērzu iela 4, Benislava, Lazdukalna pag., Balvu nov., LV-4577","pakalpojums":"sociālā rehabilitācija","pakalpojuma_forma":"ar izmitināšanu","izmitinasana":"izmitināšana","planotais_klientu_skaits":20,"klienti":"pilngadīgas personas (abu dzimumu)","klientu_grupas":["personas, kas atkarīgas no psihoaktīvām vielām"],"juridiskais_statuss":"Biedrība","vzd_kods":"105911430","majaslapa":"http://www.neatkariba-balt.lv/lv; facebook"}},{"type":"Feature","geometry":{"type":"Point","coordinates":[24.08304,56.929694]},"properties":{"kategorija":"soc_pakalpojumi","id":"1763","nosaukums":"Nodibinājums \"CARITAS LATVIJA\"","adrese":"Ojāra Vācieša iela 6 k-1, Rīga, LV-1004","pakalpojums":"dienas aprūpes centrs","pakalpojuma_forma":"bez izmitināšanas","planotais_klientu_skaits":30,"klienti":"visu vecumu un dzimumu personas","klientu_grupas":["personas ar redzes invaliditāti","personas ar invaliditāti ar fiziska rakstura traucējumiem","personas ar garīga rakstura traucējumiem","personas ar dzirdes invaliditāti"],"juridiskais_statuss":"Nodibinājums","vzd_kods":"106615485","majaslapa":"https://www.caritas.lv"}},{"type":"Feature","geometry":{"type":"Point","coordinates":[24.08304,56.929694]},"properties":{"kategorija":"soc_pakalpojumi","id":"1764","nosaukums":"Nodibinājums \"CARITAS LATVIJA\"","adrese":"Ojāra Vācieša iela 6 k-1, Rīga, LV-1004","pakalpojums":"aprūpe mājās","pakalpojuma_forma":"bez izmitināšanas","planotais_klientu_skaits":70,"klienti":"visu vecumu un dzimumu personas","klientu_grupas":["personas ar redzes invaliditāti","personas ar garīga rakstura traucējumiem","personas ar invaliditāti ar fiziska rakstura traucējumiem","personas ar dzirdes invaliditāti"],"juridiskais_statuss":"Nodibinājums","vzd_kods":"106615485","majaslapa":"https://www.caritas.lv"}},{"type":"Feature","geometry":{"type":"Point","coordinates":[26.051587,56.980516]},"properties":{"kategorija":"soc_pakalpojumi","id":"1765","nosaukums":"Madonas novada Sociālās aprūpes un rehabilitācijas centrs \"Ozoli\"","adrese":"Jaunatnes iela 1, Ozoli, Liezēres pag., Madonas nov., LV-4884","pakalpojums":"grupu māja (dzīvoklis)","pakalpojuma_forma":"ar izmitināšanu","izmitinasana":"izmitināšana","planotais_klientu_skaits":14,"klienti":"pilngadīgas personas (abu dzimumu)","klientu_grupas":["personas ar garīga rakstura traucējumiem"],"juridiskais_statuss":"Pašvaldības iestāde","vzd_kods":"104618852"}},{"type":"Feature","geometry":{"type":"Point","coordinates":[25.570856,56.342227]},"properties":{"kategorija":"soc_pakalpojumi","id":"1766","nosaukums":"Jēkabpils novada Sociālais dienesta struktūrvienība Dienas centrs","adrese":"Smilšu iela 39K, Viesīte, Jēkabpils nov., LV-5237","pakalpojums":"dienas centrs","pakalpojuma_forma":"bez izmitināšanas","planotais_klientu_skaits":25,"klienti":"visu vecumu un dzimumu personas","klientu_grupas":["citi","pensijas vecuma personas"],"juridiskais_statuss":"Pašvaldības iestādes struktūrvienība","vzd_kods":"106760175"}},{"type":"Feature","geometry":{"type":"Point","coordinates":[22.584418,57.234979]},"properties":{"kategorija":"soc_pakalpojumi","id":"1767","nosaukums":"Atbalsta un izaugsmes centrs \"Alendum\"","adrese":"Miera iela 35, Talsi, Talsu nov., LV-3201","pakalpojums":"cits: Sociālās rehabilitācijas pakalpojums no vardarbības cietušām un vardarbību veikušām pilngadīgām personām.","pakalpojuma_forma":"bez izmitināšanas","planotais_klientu_skaits":50,"klienti":"pilngadīgas personas (abu dzimumu)","klientu_grupas":["citi"],"juridiskais_statuss":"Biedrība","vzd_kods":"101238063"}},{"type":"Feature","geometry":{"type":"Point","coordinates":[24.353844,57.069256]},"properties":{"kategorija":"soc_pakalpojumi","id":"1768","nosaukums":"Biedrības \"Latvijas Samariešu apvienība\" Vidzemes aprūpes dienesta Ādažu, Saulkrastu birojs","adrese":"Krastupes iela 2, Ādaži, Ādažu nov., LV-2164","pakalpojums":"aprūpe mājās","pakalpojuma_forma":"bez izmitināšanas","planotais_klientu_skaits":200,"klienti":"visu vecumu un dzimumu personas","klientu_grupas":["pensijas vecuma personas","personas ar invaliditāti ar fiziska rakstura traucējumiem"],"juridiskais_statuss":"Biedrības struktūrvienība","vzd_kods":"102710581","majaslapa":"https://www.samariesi.lv"}},{"type":"Feature","geometry":{"type":"Point","coordinates":[22.491364,56.671618]},"properties":{"kategorija":"soc_pakalpojumi","id":"1770","nosaukums":"Biedrības \"Latvijas Samariešu apvienība\" Kurzemes aprūpes dienesta Saldus birojs","adrese":"Slimnīcas iela 3, Saldus, Saldus nov., LV-3801","pakalpojums":"aprūpe mājās","pakalpojuma_forma":"bez izmitināšanas","planotais_klientu_skaits":100,"klienti":"visu vecumu un dzimumu personas","klientu_grupas":["personas ar invaliditāti ar fiziska rakstura traucējumiem","personas ar garīga rakstura traucējumiem","pensijas vecuma personas"],"juridiskais_statuss":"Biedrības struktūrvienība","vzd_kods":"101261725","majaslapa":"https://www.samariesi.lv"}},{"type":"Feature","geometry":{"type":"Point","coordinates":[23.158561,56.974529]},"properties":{"kategorija":"soc_pakalpojumi","id":"1771","nosaukums":"Tukuma novada pašvaldības iestāde \"Tukuma novada sociālais dienests\" Grupu dzīvokļi Celtnieku ielā 3","adrese":"Celtnieku iela 3 - 9, Tukums, Tukuma nov., LV-3101","pakalpojums":"grupu māja (dzīvoklis)","pakalpojuma_forma":"ar izmitināšanu","izmitinasana":"izmitināšana","planotais_klientu_skaits":3,"klienti":"pilngadīgas personas (abu dzimumu)","klientu_grupas":["personas ar garīga rakstura traucējumiem"],"juridiskais_statuss":"Pašvaldības iestādes struktūrvienība","vzd_kods":"110612282","majaslapa":"https://www.tnsd.lv"}},{"type":"Feature","geometry":{"type":"Point","coordinates":[25.889777,56.492499]},"properties":{"kategorija":"soc_pakalpojumi","id":"1772","nosaukums":"Sabiedrība ar ierobežotu atbildību \"DOMUS ATBALSTS\"","adrese":"Bebru iela 2 - 7, Jēkabpils, Jēkabpils nov., LV-5201","pakalpojums":"Sociālā rehabilitācija no prettiesiskām darbībām cietušiem bērniem viņu dzīvesvietā","pakalpojuma_forma":"bez izmitināšanas","planotais_klientu_skaits":10,"klienti":"bērni (abu dzimumu)","klientu_grupas":["personas, kas cietušas no prettiesiskām darbībām (tai skaitā vardarbībā cietušas personas)","krīzes situācijā nonākušas personas","bērni bāreņi un bez vecāku gādības palikušie bērni"],"juridiskais_statuss":"SIA","vzd_kods":"110360953","majaslapa":"https://www.domusatbalsts.lv"}},{"type":"Feature","geometry":{"type":"Point","coordinates":[25.769614,56.405792]},"properties":{"kategorija":"soc_pakalpojumi","id":"1773","nosaukums":"Jēkabpils novada Sociālā dienesta struktūrvienība Dienas aprūpesd centrs \"Birži\"","adrese":"Biržu iela 12, Birži, Salas pag., Jēkabpils nov., LV-5214","pakalpojums":"dienas aprūpes centrs","pakalpojuma_forma":"bez izmitināšanas","planotais_klientu_skaits":20,"klienti":"pilngadīgas personas (abu dzimumu)","klientu_grupas":["personas ar garīga rakstura traucējumiem"],"juridiskais_statuss":"Pašvaldības iestādes struktūrvienība","vzd_kods":"104295165"}},{"type":"Feature","geometry":{"type":"Point","coordinates":[23.731331,56.645469]},"properties":{"kategorija":"soc_pakalpojumi","id":"1774","nosaukums":"SIA \"Iespēja izaugsmei\"","adrese":"Zemgales prospekts 3, Jelgava, LV-3001","pakalpojums":"sociālā rehabilitācija","pakalpojuma_forma":"bez izmitināšanas","planotais_klientu_skaits":80,"klienti":"visu vecumu un dzimumu personas","klientu_grupas":["citi"],"juridiskais_statuss":"SIA","vzd_kods":"101791946","majaslapa":"https://www.iespejaizaugsmei.id.lv"}},{"type":"Feature","geometry":{"type":"Point","coordinates":[21.01403,56.481577]},"properties":{"kategorija":"soc_pakalpojumi","id":"1775","nosaukums":"Liepājas Neredzīgo biedrība","adrese":"Ganību iela 197/205, Liepāja, LV-3407","pakalpojums":"dienas aprūpes centrs","pakalpojuma_forma":"bez izmitināšanas","planotais_klientu_skaits":45,"klienti":"visu vecumu un dzimumu personas","klientu_grupas":["personas ar dzirdes invaliditāti","personas ar redzes invaliditāti","personas ar invaliditāti ar fiziska rakstura traucējumiem","personas ar garīga rakstura traucējumiem","pensijas vecuma personas"],"juridiskais_statuss":"Biedrība","vzd_kods":"104131946","majaslapa":"https://www.redzigaismu.lv"}},{"type":"Feature","geometry":{"type":"Point","coordinates":[24.136307,56.945915]},"properties":{"kategorija":"soc_pakalpojumi","id":"1776","nosaukums":"Biedrības \"Latvijas Samariešu apvienība\" Individuālā sociālā rehabilitācija \"Mājoklis vispirms\"","adrese":"Katoļu iela 22, Rīga, LV-1003","pakalpojums":"cits: Individuālā sociālā rehabilitācija","pakalpojuma_forma":"bez izmitināšanas","planotais_klientu_skaits":25,"klienti":"pilngadīgas personas (abu dzimumu)","klientu_grupas":["personas, kas atgriezušās no ieslodzījuma vietas vai ilgstošas bezpajumtniecības","personas ar garīga rakstura traucējumiem","krīzes situācijā nonākušas personas"],"juridiskais_statuss":"Biedrības struktūrvienība","vzd_kods":"101842330","majaslapa":"https://www.samariesi.lv"}},{"type":"Feature","geometry":{"type":"Point","coordinates":[24.231491,56.822992]},"properties":{"kategorija":"soc_pakalpojumi","id":"1777","nosaukums":"Sabiedrība ar ierobežotu atbildību \"BeATUS\"","adrese":"Gaismas iela 19 k-8, Ķekava, Ķekavas nov., LV-2123","pakalpojums":"sociālā rehabilitācija","pakalpojuma_forma":"bez izmitināšanas","planotais_klientu_skaits":100,"klienti":"bērni, kuri uzturas kopā ar vecākiem, tuviniekiem, aizbildņiem","klientu_grupas":["personas ar garīga rakstura traucējumiem"],"juridiskais_statuss":"Privātuzņemējs","vzd_kods":"102127746","majaslapa":"https://www.therapygrains.com/"}},{"type":"Feature","geometry":{"type":"Point","coordinates":[24.231491,56.822992]},"properties":{"kategorija":"soc_pakalpojumi","id":"1779","nosaukums":"Pašvaldības aģentūra \"Ķekavas novada veselības un sociālās aprūpes centrs\"","adrese":"Gaismas iela 19 k-8, Ķekava, Ķekavas nov., LV-2123","pakalpojums":"sociālā rehabilitācija","pakalpojuma_forma":"bez izmitināšanas","planotais_klientu_skaits":80,"klienti":"bērni (abu dzimumu)","klientu_grupas":["personas ar invaliditāti ar fiziska rakstura traucējumiem"],"juridiskais_statuss":"Pašvaldības aģentūra","vzd_kods":"102127746","majaslapa":"https://aprupe.kekava.lv/"}},{"type":"Feature","geometry":{"type":"Point","coordinates":[24.130643,56.951377]},"properties":{"kategorija":"soc_pakalpojumi","id":"178","nosaukums":"Biedrība \"Atbalsta grupa personām ar garīgās veselības traucējumiem un to piederīgajiem \"Gaismas stars\"\"","adrese":"Lāčplēša iela 60, Rīga, LV-1011","pakalpojums":"dienas aprūpes centrs","pakalpojuma_forma":"bez izmitināšanas","planotais_klientu_skaits":27,"klienti":"pilngadīgas personas (abu dzimumu)","klientu_grupas":["personas ar garīga rakstura traucējumiem"],"juridiskais_statuss":"Biedrība","vzd_kods":"101118821","majaslapa":"https://www.gaismasstars.lv"}},{"type":"Feature","geometry":{"type":"Point","coordinates":[24.325076,57.077718]},"properties":{"kategorija":"soc_pakalpojumi","id":"1780","nosaukums":"Ādažu novada Sociālais dienests","adrese":"Gaujas iela 13/15, Ādaži, Ādažu nov., LV-2164","pakalpojums":"aprūpe mājās","pakalpojuma_forma":"bez izmitināšanas","planotais_klientu_skaits":100,"klienti":"bērni (abu dzimumu)","klientu_grupas":["personas ar invaliditāti ar fiziska rakstura traucējumiem","citi"],"juridiskais_statuss":"Pašvaldības iestāde","vzd_kods":"101297728","majaslapa":"https://www.adazunovads.lv"}},{"type":"Feature","geometry":{"type":"Point","coordinates":[23.715392,56.64731]},"properties":{"kategorija":"soc_pakalpojumi","id":"1781","nosaukums":"Jelgavas valstspilsētas pašvaldības iestādes \"Jelgavas sociālo lietu pārvalde\" Rehabilitācijas nodaļa","adrese":"Pulkveža Oskara Kalpaka iela 9, Jelgava, LV-3001","pakalpojums":"aprūpe mājās","pakalpojuma_forma":"bez izmitināšanas","planotais_klientu_skaits":45,"klienti":"bērni (abu dzimumu)","klientu_grupas":["personas ar invaliditāti ar fiziska rakstura traucējumiem"],"juridiskais_statuss":"Pašvaldības iestāde","vzd_kods":"101777814"}},{"type":"Feature","geometry":{"type":"Point","coordinates":[26.513067,55.879497]},"properties":{"kategorija":"soc_pakalpojumi","id":"1782","nosaukums":"SIA \"Magnum Social & Medical Care\" centrs “RŪRE”","adrese":"Balvu iela 1, Daugavpils, LV-5401","pakalpojums":"aprūpe mājās","pakalpojuma_forma":"bez izmitināšanas","planotais_klientu_skaits":250,"klienti":"pilngadīgas personas (abu dzimumu)","klientu_grupas":["citi"],"juridiskais_statuss":"SIA","vzd_kods":"101795318","majaslapa":"https://www.rure.lv"}},{"type":"Feature","geometry":{"type":"Point","coordinates":[21.025369,56.523898]},"properties":{"kategorija":"soc_pakalpojumi","id":"1783","nosaukums":"AS \"Veselības centru apvienība\"","adrese":"Brīvības iela 95, Liepāja, LV-3401","pakalpojums":"ilgstoša sociālā aprūpe un sociālā rehabilitācija","pakalpojuma_forma":"ar izmitināšanu","izmitinasana":"izmitināšana","planotais_klientu_skaits":24,"klienti":"pilngadīgas personas (abu dzimumu)","klientu_grupas":["personas ar onkoloģiskām slimībām un viņu ģimenes locekļi","pensijas vecuma personas"],"juridiskais_statuss":"Akciju sabiedrība","vzd_kods":"101691408","majaslapa":"https://www.vca.lv"}},{"type":"Feature","geometry":{"type":"Point","coordinates":[24.252991,56.987194]},"properties":{"kategorija":"soc_pakalpojumi","id":"1784","nosaukums":"Latvijas Neredzīgo biedrība","adrese":"Braila iela 3, Rīga, LV-1024","pakalpojums":"sociālā rehabilitācija","pakalpojuma_forma":"bez izmitināšanas","planotais_klientu_skaits":300,"klienti":"visu vecumu un dzimumu personas","klientu_grupas":["personas ar redzes invaliditāti"],"juridiskais_statuss":"Biedrība","vzd_kods":"106672471","majaslapa":"https://www.lnbiedriba.lv/"}},{"type":"Feature","geometry":{"type":"Point","coordinates":[21.01403,56.481577]},"properties":{"kategorija":"soc_pakalpojumi","id":"1785","nosaukums":"Liepājas Neredzīgo biedrība","adrese":"Ganību iela 197/205, Liepāja, LV-3407","pakalpojums":"dienas centrs","pakalpojuma_forma":"bez izmitināšanas","planotais_klientu_skaits":8,"klienti":"visu vecumu un dzimumu personas","klientu_grupas":["personas ar invaliditāti ar fiziska rakstura traucējumiem","personas ar garīga rakstura traucējumiem","pensijas vecuma personas","personas ar redzes invaliditāti","personas ar dzirdes invaliditāti"],"juridiskais_statuss":"Biedrība","vzd_kods":"104131946","majaslapa":"https://www.redzigaismu.lv"}},{"type":"Feature","geometry":{"type":"Point","coordinates":[23.269449,56.622029]},"properties":{"kategorija":"soc_pakalpojumi","id":"1786","nosaukums":"Dobeles novada Sociālais dienesta struktūrvienība \"Grupu dzīvokļi/Specializētās darbnīcas\"","adrese":"Ādama iela 2, Dobele, Dobeles nov., LV-3701","pakalpojums":"grupu māja (dzīvoklis)","pakalpojuma_forma":"ar izmitināšanu","izmitinasana":"izmitināšana","planotais_klientu_skaits":10,"klienti":"pilngadīgas personas (abu dzimumu)","klientu_grupas":["personas ar garīga rakstura traucējumiem"],"juridiskais_statuss":"Pašvaldības iestādes struktūrvienība","vzd_kods":"101550814"}},{"type":"Feature","geometry":{"type":"Point","coordinates":[23.269449,56.622029]},"properties":{"kategorija":"soc_pakalpojumi","id":"1787","nosaukums":"Dobeles novada Sociālā dienesta struktūrvienība \"Grupu dzīvokļi/Specializētās darbnīcas\"\"","adrese":"Ādama iela 2, Dobele, Dobeles nov., LV-3701","pakalpojums":"specializētās darbnīcas","pakalpojuma_forma":"bez izmitināšanas","planotais_klientu_skaits":16,"klienti":"pilngadīgas personas (abu dzimumu)","klientu_grupas":["personas ar redzes invaliditāti","personas ar dzirdes invaliditāti","personas ar invaliditāti ar fiziska rakstura traucējumiem","personas ar garīga rakstura traucējumiem"],"juridiskais_statuss":"Pašvaldības iestādes struktūrvienība","vzd_kods":"101550814"}},{"type":"Feature","geometry":{"type":"Point","coordinates":[25.254246,56.599817]},"properties":{"kategorija":"soc_pakalpojumi","id":"1788","nosaukums":"Aizkraukles novada Sociālais dienests","adrese":"Daugavas iela 1, Aizkraukle, Aizkraukles nov., LV-5101","pakalpojums":"aprūpe mājās","pakalpojuma_forma":"bez izmitināšanas","planotais_klientu_skaits":16,"klienti":"bērni (abu dzimumu)","klientu_grupas":["personas ar invaliditāti ar fiziska rakstura traucējumiem","paliatīvā aprūpē esošie bērni un viņu ģimenes locekļi","personas ar garīga rakstura traucējumiem"],"juridiskais_statuss":"Pašvaldības iestāde","vzd_kods":"101629805"}},{"type":"Feature","geometry":{"type":"Point","coordinates":[27.330315,56.507577]},"properties":{"kategorija":"soc_pakalpojumi","id":"1789","nosaukums":"Rēzeknes novada pašvaldības Sociālais dienests","adrese":"Atbrīvošanas aleja 95A, Rēzekne, LV-4601","pakalpojums":"aprūpe mājās","pakalpojuma_forma":"bez izmitināšanas","planotais_klientu_skaits":50,"klienti":"visu vecumu un dzimumu personas","klientu_grupas":["citi","personas ar invaliditāti ar fiziska rakstura traucējumiem","pensijas vecuma personas"],"juridiskais_statuss":"Pašvaldības iestāde","vzd_kods":"106521633"}},{"type":"Feature","geometry":{"type":"Point","coordinates":[24.338556,56.933679]},"properties":{"kategorija":"soc_pakalpojumi","id":"1791","nosaukums":"SIA VIENI-OTRI","adrese":"Nākotnes iela 6 - 2, Dzidriņas, Stopiņu pag., Ropažu nov., LV-2130","pakalpojums":"pansija","pakalpojuma_forma":"ar izmitināšanu","izmitinasana":"izmitināšana","planotais_klientu_skaits":12,"klienti":"pilngadīgas personas (abu dzimumu)","klientu_grupas":["pensijas vecuma personas"],"juridiskais_statuss":"SIA","vzd_kods":"119434115","majaslapa":"https://www.pansijadzidrinas.lv/"}},{"type":"Feature","geometry":{"type":"Point","coordinates":[25.403415,57.533915]},"properties":{"kategorija":"soc_pakalpojumi","id":"1792","nosaukums":"Biedrības \"Latvijas Samariešu apvienība\" Atbalsta centra \"SOLIS\" Sociālās rehabilitācijas centrs","adrese":"Rīgas iela 53A, Valmiera, Valmieras nov., LV-4201","pakalpojums":"sociālā rehabilitācija","pakalpojuma_forma":"bez izmitināšanas","planotais_klientu_skaits":200,"klienti":"visu vecumu un dzimumu personas","klientu_grupas":["personas ar garīga rakstura traucējumiem","personas ar invaliditāti ar fiziska rakstura traucējumiem","citi"],"juridiskais_statuss":"Biedrības struktūrvienība","vzd_kods":"106819956","majaslapa":"https://www.samariesi.lv"}},{"type":"Feature","geometry":{"type":"Point","coordinates":[25.403415,57.533915]},"properties":{"kategorija":"soc_pakalpojumi","id":"1793","nosaukums":"Biedrības \"Latvijas Samariešu apvienība\" Atbalsta centra \"SOLIS\" Dienas aprūpes centrs bērniem","adrese":"Rīgas iela 53A, Valmiera, Valmieras nov., LV-4201","pakalpojums":"dienas aprūpes centrs","pakalpojuma_forma":"bez izmitināšanas","planotais_klientu_skaits":20,"klienti":"bērni (abu dzimumu)","klientu_grupas":["personas ar garīga rakstura traucējumiem","personas ar invaliditāti ar fiziska rakstura traucējumiem","citi"],"juridiskais_statuss":"Biedrības struktūrvienība","vzd_kods":"106819956","majaslapa":"https://www.samariesi.lv"}},{"type":"Feature","geometry":{"type":"Point","coordinates":[25.403415,57.533915]},"properties":{"kategorija":"soc_pakalpojumi","id":"1794","nosaukums":"Biedrības \"Latvijas Samariešu apvienība\" Atbalsta centra \"SOLIS\" Specializētās darbnīcas","adrese":"Rīgas iela 53A, Valmiera, Valmieras nov., LV-4201","pakalpojums":"specializētās darbnīcas","pakalpojuma_forma":"bez izmitināšanas","planotais_klientu_skaits":20,"klienti":"pilngadīgas personas (abu dzimumu)","klientu_grupas":["personas ar garīga rakstura traucējumiem"],"juridiskais_statuss":"Biedrības struktūrvienība","vzd_kods":"106819956","majaslapa":"https://www.samariesi.lv"}},{"type":"Feature","geometry":{"type":"Point","coordinates":[25.403415,57.533915]},"properties":{"kategorija":"soc_pakalpojumi","id":"1795","nosaukums":"Biedrības \"Latvijas Samariešu apvienība\" Atbalsta centra \"SOLIS\" Dienas aprūpes centrs pilngadīgām personām","adrese":"Rīgas iela 53A, Valmiera, Valmieras nov., LV-4201","pakalpojums":"dienas aprūpes centrs","pakalpojuma_forma":"bez izmitināšanas","planotais_klientu_skaits":40,"klienti":"pilngadīgas personas (abu dzimumu)","klientu_grupas":["personas ar garīga rakstura traucējumiem"],"juridiskais_statuss":"Biedrības struktūrvienība","vzd_kods":"106819956","majaslapa":"https://www.samariesi.lv"}},{"type":"Feature","geometry":{"type":"Point","coordinates":[25.914373,57.425488]},"properties":{"kategorija":"soc_pakalpojumi","id":"1796","nosaukums":"Biedrības \"Cerību spārni\" Grupu māja “Smiltene”","adrese":"Dakteru iela 14B, Smiltene, Smiltenes nov., LV-4729","pakalpojums":"grupu māja (dzīvoklis)","pakalpojuma_forma":"ar izmitināšanu","izmitinasana":"izmitināšana","planotais_klientu_skaits":16,"klienti":"pilngadīgas personas (abu dzimumu)","klientu_grupas":["personas ar garīga rakstura traucējumiem"],"juridiskais_statuss":"Biedrības struktūrvienība","vzd_kods":"106761884","majaslapa":"https://www.ceribusparni.lv"}},{"type":"Feature","geometry":{"type":"Point","coordinates":[25.913779,57.425415]},"properties":{"kategorija":"soc_pakalpojumi","id":"1797","nosaukums":"Biedrības \"Cerību spārni\" Daudzfunkcionālais sociālo pakalpojumu centrs “Īve”","adrese":"Dakteru iela 14A, Smiltene, Smiltenes nov., LV-4729","pakalpojums":"specializētās darbnīcas","pakalpojuma_forma":"bez izmitināšanas","planotais_klientu_skaits":24,"klienti":"pilngadīgas personas (abu dzimumu)","klientu_grupas":["personas ar garīga rakstura traucējumiem"],"juridiskais_statuss":"Biedrības struktūrvienība","vzd_kods":"106761876","majaslapa":"https://www.ceribusparni.lv"}},{"type":"Feature","geometry":{"type":"Point","coordinates":[25.913779,57.425415]},"properties":{"kategorija":"soc_pakalpojumi","id":"1798","nosaukums":"Biedrības \"Cerību spārni\" Daudzfunkcionālais sociālo pakalpojumu centrs “Īve”","adrese":"Dakteru iela 14A, Smiltene, Smiltenes nov., LV-4729","pakalpojums":"dienas aprūpes centrs","pakalpojuma_forma":"bez izmitināšanas","planotais_klientu_skaits":34,"klienti":"pilngadīgas personas (abu dzimumu)","klientu_grupas":["personas ar garīga rakstura traucējumiem"],"juridiskais_statuss":"Biedrības struktūrvienība","vzd_kods":"106761876","majaslapa":"https://www.ceribusparni.lv"}},{"type":"Feature","geometry":{"type":"Point","coordinates":[25.913779,57.425415]},"properties":{"kategorija":"soc_pakalpojumi","id":"1799","nosaukums":"Biedrības \"Cerību spārni\" Daudzfunkcionālais sociālo pakalpojumu centrs “Īve”","adrese":"Dakteru iela 14A, Smiltene, Smiltenes nov., LV-4729","pakalpojums":"sociālā rehabilitācija","pakalpojuma_forma":"bez izmitināšanas","planotais_klientu_skaits":80,"klienti":"visu vecumu un dzimumu personas","klientu_grupas":["personas ar garīga rakstura traucējumiem","personas ar invaliditāti ar fiziska rakstura traucējumiem","citi"],"juridiskais_statuss":"Biedrības struktūrvienība","vzd_kods":"106761876","majaslapa":"https://www.ceribusparni.lv"}},{"type":"Feature","geometry":{"type":"Point","coordinates":[24.089739,56.919179]},"properties":{"kategorija":"soc_pakalpojumi","id":"18","nosaukums":"Sabiedrība ar ierobežotu atbildību \"Atsaucība\"","adrese":"Telts iela 1, Rīga, LV-1004","pakalpojums":"ilgstoša sociālā aprūpe un sociālā rehabilitācija","pakalpojuma_forma":"ar izmitināšanu","izmitinasana":"izmitināšana","planotais_klientu_skaits":260,"klienti":"pilngadīgas personas (abu dzimumu)","klientu_grupas":["pensijas vecuma personas","invalīdi ar fiziska rakstura traucējumiem","personas ar garīga rakstura traucējumiem"],"juridiskais_statuss":"SIA","vzd_kods":"102006932","majaslapa":"https://www.atsauciba.lv"}},{"type":"Feature","geometry":{"type":"Point","coordinates":[25.913779,57.425415]},"properties":{"kategorija":"soc_pakalpojumi","id":"1800","nosaukums":"Biedrības \"Cerību spārni\" Daudzfunkcionālais sociālo pakalpojumu centrs “Īve”","adrese":"Dakteru iela 14A, Smiltene, Smiltenes nov., LV-4729","pakalpojums":"dienas aprūpes centrs","pakalpojuma_forma":"bez izmitināšanas","planotais_klientu_skaits":15,"klienti":"bērni (abu dzimumu)","klientu_grupas":["citi"],"juridiskais_statuss":"Biedrības struktūrvienība","vzd_kods":"106761876","majaslapa":"https://www.ceribusparni.lv"}},{"type":"Feature","geometry":{"type":"Point","coordinates":[24.627321,56.816567]},"properties":{"kategorija":"soc_pakalpojumi","id":"1802","nosaukums":"Ogres novada Sociālā dienesta Atelpas brīdis","adrese":"Poruka iela 1, Ogre, Ogres nov., LV-5001","pakalpojums":"atelpas brīdis","pakalpojuma_forma":"ar izmitināšanu","izmitinasana":"izmitināšana","planotais_klientu_skaits":3,"klienti":"pilngadīgas personas (abu dzimumu)","klientu_grupas":["personas ar garīga rakstura traucējumiem"],"juridiskais_statuss":"Pašvaldības iestādes struktūrvienība","vzd_kods":"106984370"}},{"type":"Feature","geometry":{"type":"Point","coordinates":[24.627321,56.816567]},"properties":{"kategorija":"soc_pakalpojumi","id":"1803","nosaukums":"Ogres novada Sociālā dienesta Grupu dzīvokļi","adrese":"Poruka iela 1, Ogre, Ogres nov., LV-5001","pakalpojums":"grupu māja (dzīvoklis)","pakalpojuma_forma":"ar izmitināšanu","izmitinasana":"izmitināšana","planotais_klientu_skaits":10,"klienti":"pilngadīgas personas (abu dzimumu)","klientu_grupas":["personas ar garīga rakstura traucējumiem"],"juridiskais_statuss":"Pašvaldības iestādes struktūrvienība","vzd_kods":"106984370"}},{"type":"Feature","geometry":{"type":"Point","coordinates":[24.626062,56.816375]},"properties":{"kategorija":"soc_pakalpojumi","id":"1804","nosaukums":"Ogres novada Sociālā dienesta Dienas aprūpes centrs bērniem ar funkcionāliem traucējumiem","adrese":"Suntažu iela 2, Ogre, Ogres nov., LV-5001","pakalpojums":"dienas aprūpes centrs","pakalpojuma_forma":"bez izmitināšanas","planotais_klientu_skaits":14,"klienti":"bērni (abu dzimumu)","klientu_grupas":["citi"],"juridiskais_statuss":"Pašvaldības iestādes struktūrvienība","vzd_kods":"101367108","majaslapa":"https://www.ogresnovads.lv"}},{"type":"Feature","geometry":{"type":"Point","coordinates":[24.626062,56.816375]},"properties":{"kategorija":"soc_pakalpojumi","id":"1805","nosaukums":"Ogres novada Sociālā dienesta Sociālās rehabilitācijas pakalpojumu centrs Ogrē","adrese":"Suntažu iela 2, Ogre, Ogres nov., LV-5001","pakalpojums":"sociālā rehabilitācija","pakalpojuma_forma":"bez izmitināšanas","planotais_klientu_skaits":80,"klienti":"bērni (abu dzimumu)","klientu_grupas":["citi"],"juridiskais_statuss":"Pašvaldības iestādes struktūrvienība","vzd_kods":"101367108","majaslapa":"https://www.ogresnovads.lv"}},{"type":"Feature","geometry":{"type":"Point","coordinates":[24.289466,57.132773]},"properties":{"kategorija":"soc_pakalpojumi","id":"1808","nosaukums":"Ādažu novada Sociālais dienests","adrese":"Garā iela 20, Carnikava, Ādažu nov., LV-2163","pakalpojums":"specializētās darbnīcas","pakalpojuma_forma":"bez izmitināšanas","planotais_klientu_skaits":16,"klienti":"pilngadīgas personas (abu dzimumu)","klientu_grupas":["personas ar garīga rakstura traucējumiem"],"juridiskais_statuss":"Pašvaldības iestādes struktūrvienība","vzd_kods":"104537318"}},{"type":"Feature","geometry":{"type":"Point","coordinates":[22.587376,57.246969]},"properties":{"kategorija":"soc_pakalpojumi","id":"1809","nosaukums":"Talsu novada sociālais dienests","adrese":"Kareivju iela 7, Talsi, Talsu nov., LV-3201","pakalpojums":"aprūpe mājās","pakalpojuma_forma":"bez izmitināšanas","planotais_klientu_skaits":50,"klienti":"bērni, kuri uzturas kopā ar vecākiem, tuviniekiem, aizbildņiem","klientu_grupas":["citi"],"juridiskais_statuss":"Pašvaldības iestāde","vzd_kods":"101234714","majaslapa":"https://www.talsunovads.lv/lv/pakalpojumi/socialie-pakalpojumi"}},{"type":"Feature","geometry":{"type":"Point","coordinates":[23.715703,56.640233]},"properties":{"kategorija":"soc_pakalpojumi","id":"1810","nosaukums":"Jelgavas valstspilsētas pašvaldības iestādes \"Jelgavas sociālo lietu pārvalde\"","adrese":"Zirgu iela 47A, Jelgava, LV-3001","pakalpojums":"atelpas brīdis","pakalpojuma_forma":"ar izmitināšanu","izmitinasana":"izmitināšana","planotais_klientu_skaits":10,"klienti":"bērni (abu dzimumu)","klientu_grupas":["personas ar invaliditāti ar fiziska rakstura traucējumiem"],"juridiskais_statuss":"Pašvaldības iestādes struktūrvienība","vzd_kods":"102609635","majaslapa":"https://www.jelgava.lv/pakalpojumi/socialie-pakalpojumi/dienas-aprupes-centra-pakalpojums/"}},{"type":"Feature","geometry":{"type":"Point","coordinates":[21.062803,56.542096]},"properties":{"kategorija":"soc_pakalpojumi","id":"1811","nosaukums":"Liepājas valstspilsētas pašvaldības iestāde \"Liepājas Sociālais dienests\" Bērnu atbalsta centrs \"Dzintari\"","adrese":"Kuldīgas iela 20, Liepāja, LV-3414","pakalpojums":"ilgstoša sociālā aprūpe un sociālā rehabilitācija","pakalpojuma_forma":"ar izmitināšanu","izmitinasana":"izmitināšana","planotais_klientu_skaits":8,"klienti":"bērni (abu dzimumu)","klientu_grupas":["citi","bērni bāreņi un bez vecāku gādības palikušie bērni"],"juridiskais_statuss":"Pašvaldības iestādes struktūrvienība","vzd_kods":"102418228","majaslapa":"https://www.liepaja.lv/bernu-atbalsta-centrs-dzintari/"}},{"type":"Feature","geometry":{"type":"Point","coordinates":[24.194279,56.408156]},"properties":{"kategorija":"soc_pakalpojumi","id":"1812","nosaukums":"Biedrības \"Cerību spārni\" Grupu māja “Bauska”","adrese":"Slimnīcas iela 4, Bauska, Bauskas nov., LV-3901","pakalpojums":"grupu māja (dzīvoklis)","pakalpojuma_forma":"ar izmitināšanu","izmitinasana":"izmitināšana","planotais_klientu_skaits":16,"klienti":"pilngadīgas personas (abu dzimumu)","klientu_grupas":["personas ar garīga rakstura traucējumiem"],"juridiskais_statuss":"Biedrības struktūrvienība","vzd_kods":"101099268","majaslapa":"https://www.ceribusparni.lv"}},{"type":"Feature","geometry":{"type":"Point","coordinates":[24.194279,56.408156]},"properties":{"kategorija":"soc_pakalpojumi","id":"1813","nosaukums":"Biedrības \"Cerību spārni\" Grupu māja “Bauska”","adrese":"Slimnīcas iela 4, Bauska, Bauskas nov., LV-3901","pakalpojums":"atelpas brīdis","pakalpojuma_forma":"ar izmitināšanu","izmitinasana":"izmitināšana","planotais_klientu_skaits":4,"klienti":"visu vecumu un dzimumu personas","klientu_grupas":["personas ar garīga rakstura traucējumiem"],"juridiskais_statuss":"Biedrības struktūrvienība","vzd_kods":"101099268","majaslapa":"https://www.ceribusparni.lv"}},{"type":"Feature","geometry":{"type":"Point","coordinates":[21.093176,56.72773]},"properties":{"kategorija":"soc_pakalpojumi","id":"1814","nosaukums":"Liepājas Neredzīgo biedrības sociālās rehabilitācijas un izziņas centrs lauku vidē cilvēkiem ar invaliditāti “Dvēseles veldzes dārzs”","adrese":"\"Laivenieki\", Ziemupe, Vērgales pag., Dienvidkurzemes nov., LV-3463","pakalpojums":"dienas centrs","pakalpojuma_forma":"bez izmitināšanas","planotais_klientu_skaits":18,"klienti":"visu vecumu un dzimumu personas","klientu_grupas":["personas ar invaliditāti ar fiziska rakstura traucējumiem","pensijas vecuma personas","personas ar dzirdes invaliditāti","personas ar garīga rakstura traucējumiem","personas ar redzes invaliditāti","personas ar onkoloģiskām slimībām un viņu ģimenes locekļi"],"juridiskais_statuss":"Biedrība","vzd_kods":"104072566","majaslapa":"https://www.redzigaismu.lv"}},{"type":"Feature","geometry":{"type":"Point","coordinates":[21.966354,56.96397]},"properties":{"kategorija":"soc_pakalpojumi","id":"1815","nosaukums":"Biedrības \"Latvijas Samariešu apvienība\" Kuldīgas grupu dzīvoklis","adrese":"Mazā Dzirnavu iela 12, Kuldīga, Kuldīgas nov., LV-3301","pakalpojums":"grupu māja (dzīvoklis)","pakalpojuma_forma":"ar izmitināšanu","izmitinasana":"izmitināšana","planotais_klientu_skaits":12,"klienti":"pilngadīgas personas (abu dzimumu)","klientu_grupas":["personas ar garīga rakstura traucējumiem"],"juridiskais_statuss":"Biedrības struktūrvienība","vzd_kods":"103892585","majaslapa":"https://www.samariesi.lv"}},{"type":"Feature","geometry":{"type":"Point","coordinates":[24.119851,56.95952]},"properties":{"kategorija":"soc_pakalpojumi","id":"1816","nosaukums":"Nodibinājums Invalīdu un viņu draugu apvienība \"APEIRONS\"","adrese":"Krišjāņa Valdemāra iela 38 k-1, Rīga, LV-1010","pakalpojums":"sociālā rehabilitācija","pakalpojuma_forma":"bez izmitināšanas","planotais_klientu_skaits":100,"klienti":"pilngadīgas personas (abu dzimumu)","klientu_grupas":["personas ar garīga rakstura traucējumiem","personas ar dzirdes invaliditāti","personas ar invaliditāti ar fiziska rakstura traucējumiem","personas ar redzes invaliditāti"],"juridiskais_statuss":"Nodibinājums","vzd_kods":"105491168","majaslapa":"https://www.apeirons.lv"}},{"type":"Feature","geometry":{"type":"Point","coordinates":[24.197536,56.407403]},"properties":{"kategorija":"soc_pakalpojumi","id":"1817","nosaukums":"Biedrība \"Laiks Jauniešiem\"","adrese":"Slimnīcas iela 9, Bauska, Bauskas nov., LV-3901","pakalpojums":"sociālā rehabilitācija","pakalpojuma_forma":"bez izmitināšanas","planotais_klientu_skaits":30,"klienti":"visu vecumu un dzimumu personas","klientu_grupas":["citi","personas ar invaliditāti ar fiziska rakstura traucējumiem","bērni bāreņi un bez vecāku gādības palikušie bērni","personas ar garīga rakstura traucējumiem","krīzes situācijā nonākušas personas","personas, kas atkarīgas no psihoaktīvām vielām"],"juridiskais_statuss":"Biedrība","vzd_kods":"101102904","majaslapa":"https://www.laiksjauniesiem.lv"}},{"type":"Feature","geometry":{"type":"Point","coordinates":[21.966271,56.966523]},"properties":{"kategorija":"soc_pakalpojumi","id":"1818","nosaukums":"Kuldīgas novada pašvaldības aģentūras \"Sociālais dienests\"","adrese":"Dzirnavu iela 9, Kuldīga, Kuldīgas nov., LV-3301","pakalpojums":"aprūpe mājās","pakalpojuma_forma":"bez izmitināšanas","planotais_klientu_skaits":30,"klienti":"bērni (abu dzimumu)","klientu_grupas":["personas ar invaliditāti ar fiziska rakstura traucējumiem"],"juridiskais_statuss":"Pašvaldības aģentūra","vzd_kods":"102221654","majaslapa":"https://socialais.kuldiga.lv/"}},{"type":"Feature","geometry":{"type":"Point","coordinates":[21.967331,56.96822]},"properties":{"kategorija":"soc_pakalpojumi","id":"1819","nosaukums":"Kuldīgas novada pašvaldības aģentūras \"Sociālais dienests\"","adrese":"Liepājas iela 14, Kuldīga, Kuldīgas nov., LV-3301","pakalpojums":"specializētās darbnīcas","pakalpojuma_forma":"bez izmitināšanas","planotais_klientu_skaits":15,"klienti":"pilngadīgas personas (abu dzimumu)","klientu_grupas":["personas ar garīga rakstura traucējumiem"],"juridiskais_statuss":"Pašvaldības aģentūras struktūrvienība","vzd_kods":"102222840","majaslapa":"https://socialais.kuldiga.lv/"}},{"type":"Feature","geometry":{"type":"Point","coordinates":[21.967331,56.96822]},"properties":{"kategorija":"soc_pakalpojumi","id":"1820","nosaukums":"Kuldīgas novada pašvaldības aģentūras \"Sociālais dienests\"","adrese":"Liepājas iela 14, Kuldīga, Kuldīgas nov., LV-3301","pakalpojums":"dienas aprūpes centrs","pakalpojuma_forma":"bez izmitināšanas","planotais_klientu_skaits":15,"klienti":"bērni (abu dzimumu)","klientu_grupas":["citi"],"juridiskais_statuss":"Pašvaldības aģentūras struktūrvienība","vzd_kods":"102222840","majaslapa":"https://socialais.kuldiga.lv/"}},{"type":"Feature","geometry":{"type":"Point","coordinates":[21.967331,56.96822]},"properties":{"kategorija":"soc_pakalpojumi","id":"1821","nosaukums":"Kuldīgas novada pašvaldības aģentūra \"SOCIĀLAIS DIENESTS\"","adrese":"Liepājas iela 14, Kuldīga, Kuldīgas nov., LV-3301","pakalpojums":"dienas aprūpes centrs","pakalpojuma_forma":"bez izmitināšanas","planotais_klientu_skaits":31,"klienti":"pilngadīgas personas (abu dzimumu)","klientu_grupas":["personas ar garīga rakstura traucējumiem"],"juridiskais_statuss":"Pašvaldības aģentūras struktūrvienība","vzd_kods":"102222840","majaslapa":"https://socialais.kuldiga.lv/"}},{"type":"Feature","geometry":{"type":"Point","coordinates":[24.090712,56.916603]},"properties":{"kategorija":"soc_pakalpojumi","id":"1822","nosaukums":"SIA \"Rīgas 2. slimnīca\"","adrese":"Ģimnastikas iela 1, Rīga, LV-1004","pakalpojums":"cits: Sociālā darba pakalpojums ārstniecības iestādē","pakalpojuma_forma":"bez izmitināšanas","planotais_klientu_skaits":25,"klienti":"pilngadīgas personas (abu dzimumu)","klientu_grupas":["citi"],"juridiskais_statuss":"SIA","vzd_kods":"101835198","majaslapa":"https://www.slimnica.lv"}},{"type":"Feature","geometry":{"type":"Point","coordinates":[23.747352,56.653637]},"properties":{"kategorija":"soc_pakalpojumi","id":"1823","nosaukums":"Radošo domu un darba centrs \"Svētelis\"","adrese":"Pļavu iela 2, Jelgava, LV-3002","pakalpojums":"specializētās darbnīcas","pakalpojuma_forma":"bez izmitināšanas","planotais_klientu_skaits":8,"klienti":"pilngadīgas personas (abu dzimumu)","klientu_grupas":["personas ar invaliditāti ar fiziska rakstura traucējumiem","personas ar dzirdes invaliditāti","personas ar garīga rakstura traucējumiem","personas ar redzes invaliditāti"],"juridiskais_statuss":"Biedrība","vzd_kods":"101776121"}},{"type":"Feature","geometry":{"type":"Point","coordinates":[23.156352,56.969047]},"properties":{"kategorija":"soc_pakalpojumi","id":"1824","nosaukums":"Tukuma novada pašvaldības iestāde \"Tukuma novada sociālais dienests\" Rehabilitācijas nodaļas centrs \"Avotiņš\"","adrese":"Raudas iela 8, Tukums, Tukuma nov., LV-3101","pakalpojums":"aprūpe mājās","pakalpojuma_forma":"bez izmitināšanas","planotais_klientu_skaits":40,"klienti":"visu vecumu un dzimumu personas","klientu_grupas":["citi"],"juridiskais_statuss":"Pašvaldības iestādes struktūrvienība","vzd_kods":"101215093","majaslapa":"https://www.tukums.lv"}},{"type":"Feature","geometry":{"type":"Point","coordinates":[25.285008,57.430326]},"properties":{"kategorija":"soc_pakalpojumi","id":"1825","nosaukums":"Fonds \"Iespēju tilts\" Atbalsta centra \"ATSPULGS\" Specializētās darbnīcas pilngadīgām personām","adrese":"Skolas iela 1, Vaidava, Vaidavas pag., Valmieras nov., LV-4228","pakalpojums":"specializētās darbnīcas","pakalpojuma_forma":"bez izmitināšanas","planotais_klientu_skaits":10,"klienti":"pilngadīgas personas (abu dzimumu)","klientu_grupas":["personas ar garīga rakstura traucējumiem"],"juridiskais_statuss":"Nodibinājuma struktūrvienība","vzd_kods":"101044591","majaslapa":"https://www.fondsiespejutilts.lv"}},{"type":"Feature","geometry":{"type":"Point","coordinates":[25.285008,57.430326]},"properties":{"kategorija":"soc_pakalpojumi","id":"1826","nosaukums":"Fonds \"Iespēju tilts\" Atbalsta centra \"ATSPULGS\" Dienas aprūpes centrs pilngadīgām personām","adrese":"Skolas iela 1, Vaidava, Vaidavas pag., Valmieras nov., LV-4228","pakalpojums":"dienas aprūpes centrs","pakalpojuma_forma":"bez izmitināšanas","planotais_klientu_skaits":16,"klienti":"pilngadīgas personas (abu dzimumu)","klientu_grupas":["personas ar garīga rakstura traucējumiem"],"juridiskais_statuss":"Nodibinājuma struktūrvienība","vzd_kods":"101044591","majaslapa":"https://www.fondsiespejutilts.lv"}},{"type":"Feature","geometry":{"type":"Point","coordinates":[25.285008,57.430326]},"properties":{"kategorija":"soc_pakalpojumi","id":"1827","nosaukums":"Fonds \"Iespēju tilts\" Atbalsta centra \"ATSPULGS\" Sociālās rehabilitācijas centrs","adrese":"Skolas iela 1, Vaidava, Vaidavas pag., Valmieras nov., LV-4228","pakalpojums":"sociālā rehabilitācija","pakalpojuma_forma":"bez izmitināšanas","planotais_klientu_skaits":70,"klienti":"visu vecumu un dzimumu personas","klientu_grupas":["citi","personas ar garīga rakstura traucējumiem","personas ar invaliditāti ar fiziska rakstura traucējumiem"],"juridiskais_statuss":"Nodibinājuma struktūrvienība","vzd_kods":"101044591","majaslapa":"https://www.fondsiespejutilts.lv"}},{"type":"Feature","geometry":{"type":"Point","coordinates":[25.255865,57.315527]},"properties":{"kategorija":"soc_pakalpojumi","id":"1828","nosaukums":"Cēsu klīnika SIA","adrese":"Slimnīcas iela 9, Cēsis, Cēsu nov., LV-4101","pakalpojums":"atelpas brīdis","pakalpojuma_forma":"ar izmitināšanu","izmitinasana":"izmitināšana","planotais_klientu_skaits":11,"klienti":"pilngadīgas personas (abu dzimumu)","klientu_grupas":["personas ar invaliditāti ar fiziska rakstura traucējumiem"],"juridiskais_statuss":"SIA","vzd_kods":"101579241","majaslapa":"https://www.cesuklinika.lv"}},{"type":"Feature","geometry":{"type":"Point","coordinates":[25.288652,57.428981]},"properties":{"kategorija":"soc_pakalpojumi","id":"1829","nosaukums":"Fonds \"Iespēju tilts\" Atbalsta centra \"ATSPULGS\" Vaidavas grupu dzīvoklis","adrese":"Nākotnes iela 1, Vaidava, Vaidavas pag., Valmieras nov., LV-4228","pakalpojums":"grupu māja (dzīvoklis)","pakalpojuma_forma":"ar izmitināšanu","izmitinasana":"izmitināšana","planotais_klientu_skaits":16,"klienti":"pilngadīgas personas (abu dzimumu)","klientu_grupas":["personas ar garīga rakstura traucējumiem"],"juridiskais_statuss":"Nodibinājuma struktūrvienība","vzd_kods":"101182926","majaslapa":"https://www.fondsiespejutilts.lv"}},{"type":"Feature","geometry":{"type":"Point","coordinates":[26.547239,55.893371]},"properties":{"kategorija":"soc_pakalpojumi","id":"183","nosaukums":"Daugavpils valstspilsētas pašvaldības iestādes \"Sociālais dienests\" Krīzes centrs","adrese":"Šaurā iela 26, Daugavpils, LV-5410","pakalpojums":"krīzes centrs","pakalpojuma_forma":"ar izmitināšanu un bez izmitināšanas","izmitinasana":"izmitināšana","planotais_klientu_skaits":20,"klienti":"visu vecumu un dzimumu personas","klientu_grupas":["krīzes situācijā nonākušas personas","personas, kas cietušas no prettiesiskām darbībām (tai skaitā vardarbībā cietušas personas)"],"juridiskais_statuss":"Pašvaldības iestādes struktūrvienība","vzd_kods":"102538884","majaslapa":"https://www.socd.lv"}},{"type":"Feature","geometry":{"type":"Point","coordinates":[26.096316,56.763852]},"properties":{"kategorija":"soc_pakalpojumi","id":"1830","nosaukums":"Biedrības \"Latvijas Samariešu apvienība\" struktūrvienība Mārcienas grupu dzīvoklis","adrese":"Meža iela 5, Mārciena, Mārcienas pag., Madonas nov., LV-4852","pakalpojums":"grupu māja (dzīvoklis)","pakalpojuma_forma":"ar izmitināšanu","izmitinasana":"izmitināšana","planotais_klientu_skaits":16,"klienti":"pilngadīgas personas (abu dzimumu)","klientu_grupas":["personas ar garīga rakstura traucējumiem"],"juridiskais_statuss":"Biedrības struktūrvienība","vzd_kods":"102598730","majaslapa":"https://www.samariesi.lv"}},{"type":"Feature","geometry":{"type":"Point","coordinates":[26.100475,56.765323]},"properties":{"kategorija":"soc_pakalpojumi","id":"1831","nosaukums":"Biedrības \"Latvijas Samariešu apvienība\" Mārcienas Specializētās darbnīcas","adrese":"Meža iela 23, Mārciena, Mārcienas pag., Madonas nov., LV-4852","pakalpojums":"specializētās darbnīcas","pakalpojuma_forma":"bez izmitināšanas","planotais_klientu_skaits":24,"klienti":"pilngadīgas personas (abu dzimumu)","klientu_grupas":["personas ar garīga rakstura traucējumiem"],"juridiskais_statuss":"Biedrības struktūrvienība","vzd_kods":"104462262","majaslapa":"https://www.samariesi.lv"}},{"type":"Feature","geometry":{"type":"Point","coordinates":[25.259338,57.312422]},"properties":{"kategorija":"soc_pakalpojumi","id":"1832","nosaukums":"Cēsu novada Sociālais dienests, aprūpe mājās bērniem","adrese":"Bērzaines iela 16/18, Cēsis, Cēsu nov., LV-4101","pakalpojums":"aprūpe mājās","pakalpojuma_forma":"bez izmitināšanas","planotais_klientu_skaits":35,"klienti":"bērni (abu dzimumu)","klientu_grupas":["citi"],"juridiskais_statuss":"Pašvaldības iestāde","vzd_kods":"102959927","majaslapa":"https://www.cesis.lv/lv/atbalsts/"}},{"type":"Feature","geometry":{"type":"Point","coordinates":[24.126415,56.951775]},"properties":{"kategorija":"soc_pakalpojumi","id":"1833","nosaukums":"SIA Attīstības centra Asni","adrese":"Blaumaņa iela 29 - 3, Rīga, LV-1011","pakalpojums":"sociālā rehabilitācija","pakalpojuma_forma":"bez izmitināšanas","planotais_klientu_skaits":50,"klienti":"visu vecumu un dzimumu personas","klientu_grupas":["personas ar dzirdes invaliditāti","personas ar invaliditāti ar fiziska rakstura traucējumiem","citi","personas ar garīga rakstura traucējumiem"],"juridiskais_statuss":"SIA","vzd_kods":"111160251","majaslapa":"https://www.asni.lv"}},{"type":"Feature","geometry":{"type":"Point","coordinates":[26.72699,56.291619]},"properties":{"kategorija":"soc_pakalpojumi","id":"1836","nosaukums":"Sabiedrība ar ierobežotu atbildību \"Preiļu slimnīca\"","adrese":"Raiņa bulvāris 13, Preiļi, Preiļu nov., LV-5301","pakalpojums":"ilgstoša sociālā aprūpe un sociālā rehabilitācija","pakalpojuma_forma":"ar izmitināšanu","izmitinasana":"izmitināšana","planotais_klientu_skaits":46,"klienti":"pilngadīgas personas (abu dzimumu)","klientu_grupas":["personas ar invaliditāti ar fiziska rakstura traucējumiem","pensijas vecuma personas"],"juridiskais_statuss":"SIA","vzd_kods":"101332855","majaslapa":"https://www.preilimed.lv"}},{"type":"Feature","geometry":{"type":"Point","coordinates":[24.231491,56.822992]},"properties":{"kategorija":"soc_pakalpojumi","id":"1837","nosaukums":"Pašvaldības aģentūras \"Ķekavas novada veselības un sociālās aprūpes centrs\" Alternatīvo sociālo pakalpojumu nodaļa","adrese":"Gaismas iela 19 k-8, Ķekava, Ķekavas nov., LV-2123","pakalpojums":"grupu māja (dzīvoklis)","pakalpojuma_forma":"ar izmitināšanu","izmitinasana":"izmitināšana","planotais_klientu_skaits":10,"klienti":"pilngadīgas personas (abu dzimumu)","klientu_grupas":["personas ar garīga rakstura traucējumiem"],"juridiskais_statuss":"Pašvaldības aģentūras struktūrvienība","vzd_kods":"102127746","majaslapa":"https://aprupe.kekava.lv/"}},{"type":"Feature","geometry":{"type":"Point","coordinates":[25.733213,56.610619]},"properties":{"kategorija":"soc_pakalpojumi","id":"1838","nosaukums":"Jēkabpils novada Sociālā dienesta struktūrvienība Sociālās aprūpes centrs “Atelpa”","adrese":"\"Līkumi\", Sēlpils pag., Jēkabpils nov., LV-5232","pakalpojums":"atelpas brīdis","pakalpojuma_forma":"ar izmitināšanu","izmitinasana":"izmitināšana","planotais_klientu_skaits":24,"klienti":"visu vecumu un dzimumu personas","klientu_grupas":["citi"],"juridiskais_statuss":"Pašvaldības iestādes struktūrvienība","vzd_kods":"103653408"}},{"type":"Feature","geometry":{"type":"Point","coordinates":[23.15918,56.96532]},"properties":{"kategorija":"soc_pakalpojumi","id":"1839","nosaukums":"Biedrība \"Profesionālo audžuģimeņu apvienība \"Terēze\"\"","adrese":"Pils iela 11, Tukums, Tukuma nov., LV-3101","pakalpojums":"sociālā rehabilitācija","pakalpojuma_forma":"bez izmitināšanas","planotais_klientu_skaits":100,"klienti":"visu vecumu un dzimumu personas","klientu_grupas":["krīzes situācijā nonākušas personas","citi","bērni bāreņi un bez vecāku gādības palikušie bērni"],"juridiskais_statuss":"Biedrība","vzd_kods":"101213627","majaslapa":"https://www.facebook.com/PAATereze"}},{"type":"Feature","geometry":{"type":"Point","coordinates":[26.563816,55.894295]},"properties":{"kategorija":"soc_pakalpojumi","id":"184","nosaukums":"Daugavpils valstspilsētas pašvaldības iestāde \"Sociālais dienests\" Sociālo pakalpojumu nodaļas Dienas aprūpes centrs personām ar garīga rakstura traucējumiem","adrese":"Arhitektu iela 21, Daugavpils, LV-5410","pakalpojums":"dienas aprūpes centrs","pakalpojuma_forma":"bez izmitināšanas","planotais_klientu_skaits":46,"klienti":"pilngadīgas personas (abu dzimumu)","klientu_grupas":["personas ar garīga rakstura traucējumiem"],"juridiskais_statuss":"Pašvaldības iestādes struktūrvienība","vzd_kods":"102529440","majaslapa":"https://www.socd.lv"}},{"type":"Feature","geometry":{"type":"Point","coordinates":[23.29769,56.849202]},"properties":{"kategorija":"soc_pakalpojumi","id":"1841","nosaukums":"Tukuma novada pašvaldības iestāde \"Tukuma novada sociālais dienests\"","adrese":"\"Laipas\", Slampe, Slampes pag., Tukuma nov., LV-3119","pakalpojums":"grupu māja (dzīvoklis)","pakalpojuma_forma":"ar izmitināšanu","izmitinasana":"izmitināšana","planotais_klientu_skaits":7,"klienti":"pilngadīgas personas (abu dzimumu)","klientu_grupas":["personas ar garīga rakstura traucējumiem"],"juridiskais_statuss":"Pašvaldības iestādes struktūrvienība","vzd_kods":"107001187","majaslapa":"https://www.tnsd.lv"}},{"type":"Feature","geometry":{"type":"Point","coordinates":[20.996936,56.513669]},"properties":{"kategorija":"soc_pakalpojumi","id":"1842","nosaukums":"\"Patvērums ģimenei\"","adrese":"Roņu iela 1 - 30N, Liepāja, LV-3401","pakalpojums":"sociālā rehabilitācija","pakalpojuma_forma":"bez izmitināšanas","planotais_klientu_skaits":50,"klienti":"visu vecumu un dzimumu personas","klientu_grupas":["personas, kas cietušas no prettiesiskām darbībām (tai skaitā vardarbībā cietušas personas)","krīzes situācijā nonākušas personas","bērni bāreņi un bez vecāku gādības palikušie bērni","citi"],"juridiskais_statuss":"Biedrība","vzd_kods":"119232363"}},{"type":"Feature","geometry":{"type":"Point","coordinates":[24.163996,56.935341]},"properties":{"kategorija":"soc_pakalpojumi","id":"1843","nosaukums":"SIA Aprūpes grupa struktūrvienība Lastādija","adrese":"Mazā Lubānas iela 7, Rīga, LV-1019","pakalpojums":"ilgstoša sociālā aprūpe un sociālā rehabilitācija","pakalpojuma_forma":"ar izmitināšanu","izmitinasana":"izmitināšana","planotais_klientu_skaits":30,"klienti":"pilngadīgas personas (abu dzimumu)","klientu_grupas":["pensijas vecuma personas","personas ar garīga rakstura traucējumiem","personas ar invaliditāti ar fiziska rakstura traucējumiem"],"juridiskais_statuss":"SIA struktūrvienība","vzd_kods":"103422770"}},{"type":"Feature","geometry":{"type":"Point","coordinates":[22.493164,56.671581]},"properties":{"kategorija":"soc_pakalpojumi","id":"1844","nosaukums":"Saldus novada pašvaldības aģentūras \"Sociālais dienests\"","adrese":"Slimnīcas iela 3A, Saldus, Saldus nov., LV-3801","pakalpojums":"aprūpe mājās","pakalpojuma_forma":"bez izmitināšanas","planotais_klientu_skaits":10,"klienti":"bērni, kuri uzturas kopā ar vecākiem, tuviniekiem, aizbildņiem","klientu_grupas":["citi","personas ar garīga rakstura traucējumiem","personas ar invaliditāti ar fiziska rakstura traucējumiem"],"juridiskais_statuss":"Pašvaldības aģentūra","vzd_kods":"106624252","majaslapa":"https://socialais.saldus.lv/"}},{"type":"Feature","geometry":{"type":"Point","coordinates":[24.415472,57.263547]},"properties":{"kategorija":"soc_pakalpojumi","id":"1845","nosaukums":"Saulkrastu novada Sociālais dienests","adrese":"Ainažu iela 10 - 7, Saulkrasti, Saulkrastu nov., LV-2160","pakalpojums":"aprūpe mājās","pakalpojuma_forma":"bez izmitināšanas","planotais_klientu_skaits":90,"klienti":"visu vecumu un dzimumu personas","klientu_grupas":["personas ar garīga rakstura traucējumiem","personas ar invaliditāti ar fiziska rakstura traucējumiem","pensijas vecuma personas"],"juridiskais_statuss":"Pašvaldības iestāde","vzd_kods":"118533004"}},{"type":"Feature","geometry":{"type":"Point","coordinates":[25.42274,57.544583]},"properties":{"kategorija":"soc_pakalpojumi","id":"1846","nosaukums":"Nodibinājums \"Centrs Valdardze\"","adrese":"Raiņa iela 9F, Valmiera, Valmieras nov., LV-4201","pakalpojums":"aprūpe mājās","pakalpojuma_forma":"bez izmitināšanas","planotais_klientu_skaits":35,"klienti":"bērni (abu dzimumu)","klientu_grupas":["citi"],"juridiskais_statuss":"Nodibinājums","vzd_kods":"101029915"}},{"type":"Feature","geometry":{"type":"Point","coordinates":[26.927237,56.551809]},"properties":{"kategorija":"soc_pakalpojumi","id":"1847","nosaukums":"Rēzeknes novada Sociālā dienesta struktūrvienība Grupu māja \"Viļāni\"","adrese":"Liepu iela 2B, Viļāni, Rēzeknes nov., LV-4650","pakalpojums":"grupu māja (dzīvoklis)","pakalpojuma_forma":"ar izmitināšanu","izmitinasana":"izmitināšana","planotais_klientu_skaits":16,"klienti":"pilngadīgas personas (abu dzimumu)","klientu_grupas":["personas ar garīga rakstura traucējumiem"],"juridiskais_statuss":"Pašvaldības iestādes struktūrvienība","vzd_kods":"105424781"}},{"type":"Feature","geometry":{"type":"Point","coordinates":[26.927237,56.551809]},"properties":{"kategorija":"soc_pakalpojumi","id":"1848","nosaukums":"Rēzeknes novada Sociālā dienesta struktūrvienība Dienas aprūpes centrs \"Viļāni\"","adrese":"Liepu iela 2B, Viļāni, Rēzeknes nov., LV-4650","pakalpojums":"dienas aprūpes centrs","pakalpojuma_forma":"bez izmitināšanas","planotais_klientu_skaits":13,"klienti":"pilngadīgas personas (abu dzimumu)","klientu_grupas":["personas ar garīga rakstura traucējumiem"],"juridiskais_statuss":"Pašvaldības iestādes struktūrvienība","vzd_kods":"105424781"}},{"type":"Feature","geometry":{"type":"Point","coordinates":[23.991759,56.919515]},"properties":{"kategorija":"soc_pakalpojumi","id":"1849","nosaukums":"SIA \"Magnum Social & Medical Care\" centrs “RŪRE”","adrese":"Dzirnieku iela 16, Mārupe, Mārupes nov., LV-2167","pakalpojums":"aprūpe mājās","pakalpojuma_forma":"bez izmitināšanas","planotais_klientu_skaits":400,"klienti":"pilngadīgas personas (abu dzimumu)","klientu_grupas":["pensijas vecuma personas","personas ar onkoloģiskām slimībām un viņu ģimenes locekļi","personas ar dzirdes invaliditāti","personas ar garīga rakstura traucējumiem","personas ar redzes invaliditāti"],"juridiskais_statuss":"SIA","vzd_kods":"103665502","majaslapa":"https://www.rure.lv"}},{"type":"Feature","geometry":{"type":"Point","coordinates":[26.547125,55.890394]},"properties":{"kategorija":"soc_pakalpojumi","id":"185","nosaukums":"Daugavpils valstspilsētas pašvaldības iestādes \"Sociālais dienests\" Patversme","adrese":"Šaurā iela 23, Daugavpils, LV-5410","pakalpojums":"patversme","pakalpojuma_forma":"ar izmitināšanu","izmitinasana":"izmitināšana","planotais_klientu_skaits":110,"klienti":"pilngadīgas personas (abu dzimumu)","klientu_grupas":["krīzes situācijā nonākušas personas","citi"],"juridiskais_statuss":"Pašvaldības iestādes struktūrvienība","vzd_kods":"101797258","majaslapa":"https://www.socd.lv"}},{"type":"Feature","geometry":{"type":"Point","coordinates":[24.166589,56.926777]},"properties":{"kategorija":"soc_pakalpojumi","id":"1851","nosaukums":"Rīgas patversme","adrese":"Latgales iela 208, Rīga, LV-1019","pakalpojums":"patversme","pakalpojuma_forma":"ar izmitināšanu","izmitinasana":"izmitināšana","planotais_klientu_skaits":170,"klienti":"pilngadīgas personas (vīrieši)","klientu_grupas":["krīzes situācijā nonākušas personas"],"juridiskais_statuss":"Pašvaldības iestāde","vzd_kods":"101941625"}},{"type":"Feature","geometry":{"type":"Point","coordinates":[24.060653,56.956602]},"properties":{"kategorija":"soc_pakalpojumi","id":"1852","nosaukums":"Rīgas patversme","adrese":"Eiženijas iela 1E, Rīga, LV-1007","pakalpojums":"patversme","pakalpojuma_forma":"ar izmitināšanu","izmitinasana":"izmitināšana","planotais_klientu_skaits":90,"klienti":"pilngadīgas personas (sievietes)","klientu_grupas":["krīzes situācijā nonākušas personas"],"juridiskais_statuss":"Pašvaldības iestāde","vzd_kods":"106596838"}},{"type":"Feature","geometry":{"type":"Point","coordinates":[24.135927,56.946199]},"properties":{"kategorija":"soc_pakalpojumi","id":"1853","nosaukums":"Rīgas patversme","adrese":"Katoļu iela 57, Rīga, LV-1003","pakalpojums":"dienas centrs","pakalpojuma_forma":"bez izmitināšanas","planotais_klientu_skaits":100,"klienti":"pilngadīgas personas (abu dzimumu)","klientu_grupas":["krīzes situācijā nonākušas personas"],"juridiskais_statuss":"Pašvaldības iestāde","vzd_kods":"105569702"}},{"type":"Feature","geometry":{"type":"Point","coordinates":[23.686034,56.419466]},"properties":{"kategorija":"soc_pakalpojumi","id":"1854","nosaukums":"Jelgavas novada Sociālās aprūpes un rehabilitācijas centrs","adrese":"Lietuvas iela 19A, Eleja, Elejas pag., Jelgavas nov., LV-3023","pakalpojums":"ilgstoša sociālā aprūpe un sociālā rehabilitācija","pakalpojuma_forma":"ar izmitināšanu","izmitinasana":"izmitināšana","planotais_klientu_skaits":14,"klienti":"bērni (abu dzimumu)","klientu_grupas":["bērni bāreņi un bez vecāku gādības palikušie bērni"],"juridiskais_statuss":"Pašvaldības iestāde","vzd_kods":"106199373"}},{"type":"Feature","geometry":{"type":"Point","coordinates":[21.072436,56.542726]},"properties":{"kategorija":"soc_pakalpojumi","id":"1855","nosaukums":"SIA \"Magnum Social & Medical Care\" centrs “RŪRE” Dienas aprūpes centrs Liepāja","adrese":"Labraga iela 11, Liepāja, LV-3414","pakalpojums":"dienas aprūpes centrs","pakalpojuma_forma":"bez izmitināšanas","planotais_klientu_skaits":20,"klienti":"visu vecumu un dzimumu personas","klientu_grupas":["personas ar garīga rakstura traucējumiem"],"juridiskais_statuss":"SIA","vzd_kods":"101696884","majaslapa":"https://www.rure.lv"}},{"type":"Feature","geometry":{"type":"Point","coordinates":[23.940036,56.789192]},"properties":{"kategorija":"soc_pakalpojumi","id":"1856","nosaukums":"Olaines novada pašvaldības aģentūras \"Olaines sociālais dienests\" struktūrvienības Sociālo pakalpojumu nodaļa","adrese":"Zeiferta iela 6B, Olaine, Olaines nov., LV-2114","pakalpojums":"aprūpe mājās","pakalpojuma_forma":"bez izmitināšanas","planotais_klientu_skaits":30,"klienti":"bērni (abu dzimumu)","klientu_grupas":["citi"],"juridiskais_statuss":"Pašvaldības aģentūra","vzd_kods":"104702733"}},{"type":"Feature","geometry":{"type":"Point","coordinates":[23.524967,56.951119]},"properties":{"kategorija":"soc_pakalpojumi","id":"1857","nosaukums":"Pašvaldības sabiedrība ar ierobežotu atbildību \"Veselības un sociālās aprūpes centrs-Sloka\"","adrese":"Dūņu ceļš 2, Jūrmala, LV-2012","pakalpojums":"atelpas brīdis","pakalpojuma_forma":"ar izmitināšanu","izmitinasana":"izmitināšana","planotais_klientu_skaits":2,"klienti":"pilngadīgas personas (abu dzimumu)","klientu_grupas":["personas ar garīga rakstura traucējumiem"],"juridiskais_statuss":"Pašvaldības SIA","vzd_kods":"103246568","majaslapa":"https://www.vsacsloka.lv"}},{"type":"Feature","geometry":{"type":"Point","coordinates":[23.620205,56.944607]},"properties":{"kategorija":"soc_pakalpojumi","id":"1858","nosaukums":"Pašvaldības sabiedrība ar ierobežotu atbildību \"Veselības un sociālās aprūpes centrs-Sloka\"","adrese":"Hercoga Jēkaba iela 4, Jūrmala, LV-2011","pakalpojums":"grupu māja (dzīvoklis)","pakalpojuma_forma":"ar izmitināšanu","izmitinasana":"izmitināšana","planotais_klientu_skaits":9,"klienti":"pilngadīgas personas (abu dzimumu)","klientu_grupas":["personas ar garīga rakstura traucējumiem"],"juridiskais_statuss":"Pašvaldības SIA","vzd_kods":"102466133","majaslapa":"https://www.vsacsloka.lv"}},{"type":"Feature","geometry":{"type":"Point","coordinates":[24.069383,56.965835]},"properties":{"kategorija":"soc_pakalpojumi","id":"1860","nosaukums":"SIA \"CareLat\"","adrese":"Baltā iela 1B, Rīga, LV-1055","pakalpojums":"atelpas brīdis","pakalpojuma_forma":"bez izmitināšanas","planotais_klientu_skaits":30,"klienti":"visu vecumu un dzimumu personas","klientu_grupas":["personas ar dzirdes invaliditāti","personas ar garīga rakstura traucējumiem","bērni bāreņi un bez vecāku gādības palikušie bērni","personas ar onkoloģiskām slimībām un viņu ģimenes locekļi","personas ar redzes invaliditāti","personas ar invaliditāti ar fiziska rakstura traucējumiem","paliatīvā aprūpē esošie bērni un viņu ģimenes locekļi"],"juridiskais_statuss":"SIA","vzd_kods":"105807560"}},{"type":"Feature","geometry":{"type":"Point","coordinates":[24.180768,56.407502]},"properties":{"kategorija":"soc_pakalpojumi","id":"1861","nosaukums":"Biedrības \"Cerību spārni\" Daudzfunkcionālais sociālo pakalpojumu centrs “Bauska”","adrese":"Rūpniecības iela 9, Bauska, Bauskas nov., LV-3901","pakalpojums":"dienas aprūpes centrs","pakalpojuma_forma":"bez izmitināšanas","planotais_klientu_skaits":26,"klienti":"pilngadīgas personas (abu dzimumu)","klientu_grupas":["personas ar garīga rakstura traucējumiem"],"juridiskais_statuss":"Biedrības struktūrvienība","vzd_kods":"102311730","majaslapa":"https://www.ceribusparni.lv"}},{"type":"Feature","geometry":{"type":"Point","coordinates":[24.180768,56.407502]},"properties":{"kategorija":"soc_pakalpojumi","id":"1862","nosaukums":"Biedrības \"Cerību spārni\" Daudzfunkcionālais sociālo pakalpojumu centrs “Bauska”","adrese":"Rūpniecības iela 9, Bauska, Bauskas nov., LV-3901","pakalpojums":"specializētās darbnīcas","pakalpojuma_forma":"bez izmitināšanas","planotais_klientu_skaits":10,"klienti":"pilngadīgas personas (abu dzimumu)","klientu_grupas":["personas ar garīga rakstura traucējumiem"],"juridiskais_statuss":"Biedrības struktūrvienība","vzd_kods":"102311730","majaslapa":"https://www.ceribusparni.lv"}},{"type":"Feature","geometry":{"type":"Point","coordinates":[24.180768,56.407502]},"properties":{"kategorija":"soc_pakalpojumi","id":"1863","nosaukums":"Biedrības \"Cerību spārni\" Daudzfunkcionālais sociālo pakalpojumu centrs “Bauska”","adrese":"Rūpniecības iela 9, Bauska, Bauskas nov., LV-3901","pakalpojums":"sociālā rehabilitācija","pakalpojuma_forma":"bez izmitināšanas","planotais_klientu_skaits":25,"klienti":"visu vecumu un dzimumu personas","klientu_grupas":["citi"],"juridiskais_statuss":"Biedrības struktūrvienība","vzd_kods":"102311730","majaslapa":"https://www.ceribusparni.lv"}},{"type":"Feature","geometry":{"type":"Point","coordinates":[24.180768,56.407502]},"properties":{"kategorija":"soc_pakalpojumi","id":"1864","nosaukums":"Biedrības \"Cerību spārni\" Daudzfunkcionālais sociālo pakalpojumu centrs “Bauska”","adrese":"Rūpniecības iela 9, Bauska, Bauskas nov., LV-3901","pakalpojums":"dienas aprūpes centrs","pakalpojuma_forma":"bez izmitināšanas","planotais_klientu_skaits":12,"klienti":"bērni (abu dzimumu)","klientu_grupas":["citi"],"juridiskais_statuss":"Biedrības struktūrvienība","vzd_kods":"102311730","majaslapa":"https://www.ceribusparni.lv"}},{"type":"Feature","geometry":{"type":"Point","coordinates":[21.011033,56.517427]},"properties":{"kategorija":"soc_pakalpojumi","id":"1866","nosaukums":"Bērnu un ģimeņu atbalsta biedrība \"Miera osta\"","adrese":"Raiņa iela 27 - 1, Liepāja, LV-3401","pakalpojums":"sociālā rehabilitācija","pakalpojuma_forma":"bez izmitināšanas","planotais_klientu_skaits":30,"klienti":"visu vecumu un dzimumu personas","klientu_grupas":["bērni bāreņi un bez vecāku gādības palikušie bērni","bēgļi un personas, kas ieguvušas alternatīvo statusu","krīzes situācijā nonākušas personas"],"juridiskais_statuss":"Biedrība","vzd_kods":"110414528"}},{"type":"Feature","geometry":{"type":"Point","coordinates":[24.223432,56.601568]},"properties":{"kategorija":"soc_pakalpojumi","id":"1867","nosaukums":"Biedrības \"Cerību spārni\" Daudzfunkcionālais sociālo pakalpojumu centrs “Iecava”","adrese":"Baldones iela 65, Iecava, Bauskas nov., LV-3913","pakalpojums":"sociālā rehabilitācija","pakalpojuma_forma":"bez izmitināšanas","planotais_klientu_skaits":25,"klienti":"visu vecumu un dzimumu personas","klientu_grupas":["citi"],"juridiskais_statuss":"Biedrības struktūrvienība","vzd_kods":"102314012","majaslapa":"https://www.ceribusparni.lv"}},{"type":"Feature","geometry":{"type":"Point","coordinates":[24.223432,56.601568]},"properties":{"kategorija":"soc_pakalpojumi","id":"1868","nosaukums":"Biedrības \"Cerību spārni\" Daudzfunkcionālais sociālo pakalpojumu centrs “Iecava”","adrese":"Baldones iela 65, Iecava, Bauskas nov., LV-3913","pakalpojums":"dienas aprūpes centrs","pakalpojuma_forma":"bez izmitināšanas","planotais_klientu_skaits":25,"klienti":"pilngadīgas personas (abu dzimumu)","klientu_grupas":["personas ar garīga rakstura traucējumiem"],"juridiskais_statuss":"Biedrības struktūrvienība","vzd_kods":"102314012","majaslapa":"https://www.ceribusparni.lv"}},{"type":"Feature","geometry":{"type":"Point","coordinates":[24.050782,56.946182]},"properties":{"kategorija":"soc_pakalpojumi","id":"1869","nosaukums":"Latvijas Nedzirdīgo savienība","adrese":"Elvīras iela 19 k-2, Rīga, LV-1083","pakalpojums":"cits: Sociālais darbs kopienā","pakalpojuma_forma":"bez izmitināšanas","planotais_klientu_skaits":150,"klienti":"visu vecumu un dzimumu personas","klientu_grupas":["personas ar dzirdes invaliditāti"],"juridiskais_statuss":"Biedrības struktūrvienība","vzd_kods":"106596926","majaslapa":"https://www.lns.lv"}},{"type":"Feature","geometry":{"type":"Point","coordinates":[25.810881,57.100317]},"properties":{"kategorija":"soc_pakalpojumi","id":"187","nosaukums":"Nacionālais psihiskās veselības centrs, Valsts SIA, Ilgstošas sociālās aprūpes centrs \"Vecpiebalga\"","adrese":"\"Greiveri\", Vecpiebalgas pag., Cēsu nov., LV-4122","pakalpojums":"ilgstoša sociālā aprūpe un sociālā rehabilitācija","pakalpojuma_forma":"ar izmitināšanu","izmitinasana":"izmitināšana","planotais_klientu_skaits":74,"klienti":"pilngadīgas personas (abu dzimumu)","klientu_grupas":["personas ar garīga rakstura traucējumiem"],"juridiskais_statuss":"Valsts SIA","vzd_kods":"104156727","majaslapa":"https://www.npvc.lv"}},{"type":"Feature","geometry":{"type":"Point","coordinates":[24.138127,56.964103]},"properties":{"kategorija":"soc_pakalpojumi","id":"1870","nosaukums":"Biedrība \"Svētā Jāņa Palīdzība\"","adrese":"Cēsu iela 8, Rīga, LV-1012","pakalpojums":"cits: Ģimenes asistents","pakalpojuma_forma":"bez izmitināšanas","planotais_klientu_skaits":50,"klienti":"visu vecumu un dzimumu personas","klientu_grupas":["citi"],"juridiskais_statuss":"Biedrības struktūrvienība","vzd_kods":"101823665","majaslapa":"https://www.svjp.lv"}},{"type":"Feature","geometry":{"type":"Point","coordinates":[24.963147,57.73551]},"properties":{"kategorija":"soc_pakalpojumi","id":"1872","nosaukums":"Sabiedrība ar ierobežotu atbildību “Aprūpes nams “Urga””","adrese":"\"Urgas pansionāts\", Braslavas pag., Limbažu nov., LV-4068","pakalpojums":"ilgstoša sociālā aprūpe un sociālā rehabilitācija","pakalpojuma_forma":"ar izmitināšanu","izmitinasana":"izmitināšana","planotais_klientu_skaits":62,"klienti":"pilngadīgas personas (abu dzimumu)","klientu_grupas":["pensijas vecuma personas","personas ar invaliditāti ar fiziska rakstura traucējumiem"],"juridiskais_statuss":"Pašvaldības SIA","vzd_kods":"102749196","majaslapa":"https://www.aprupesnams.lv"}},{"type":"Feature","geometry":{"type":"Point","coordinates":[26.20998,56.851003]},"properties":{"kategorija":"soc_pakalpojumi","id":"1873","nosaukums":"Biedrība \"Latvijas Samariešu apvienība\" Madonas Dienas aprūpes centrs","adrese":"Parka iela 6, Madona, Madonas nov., LV-4801","pakalpojums":"dienas aprūpes centrs","pakalpojuma_forma":"bez izmitināšanas","planotais_klientu_skaits":20,"klienti":"pilngadīgas personas (abu dzimumu)","klientu_grupas":["personas ar garīga rakstura traucējumiem"],"juridiskais_statuss":"Biedrības struktūrvienība","vzd_kods":"101393414","majaslapa":"https://www.samariesi.lv"}},{"type":"Feature","geometry":{"type":"Point","coordinates":[26.20998,56.851003]},"properties":{"kategorija":"soc_pakalpojumi","id":"1874","nosaukums":"Biedrības \"Latvijas Samariešu apvienība\" Madonas Dienas centrs","adrese":"Parka iela 6, Madona, Madonas nov., LV-4801","pakalpojums":"dienas centrs","pakalpojuma_forma":"bez izmitināšanas","planotais_klientu_skaits":30,"klienti":"pilngadīgas personas (abu dzimumu)","klientu_grupas":["citi","pensijas vecuma personas"],"juridiskais_statuss":"Biedrības struktūrvienība","vzd_kods":"101393414","majaslapa":"https://www.samariesi.lv"}},{"type":"Feature","geometry":{"type":"Point","coordinates":[25.970087,56.686783]},"properties":{"kategorija":"soc_pakalpojumi","id":"1875","nosaukums":"Biedrības \"Latvijas Samariešu apvienība\" Kalsnavas dienas aprūpes centrs","adrese":"Vesetas iela 4, Jaunkalsnava, Kalsnavas pag., Madonas nov., LV-4860","pakalpojums":"dienas aprūpes centrs","pakalpojuma_forma":"bez izmitināšanas","planotais_klientu_skaits":8,"klienti":"pilngadīgas personas (abu dzimumu)","klientu_grupas":["personas ar garīga rakstura traucējumiem"],"juridiskais_statuss":"Biedrības struktūrvienība","vzd_kods":"101406878","majaslapa":"https://www.samariesi.lv"}},{"type":"Feature","geometry":{"type":"Point","coordinates":[26.742963,56.903877]},"properties":{"kategorija":"soc_pakalpojumi","id":"1876","nosaukums":"Biedrības \"Latvijas Samariešu apvienība\" Lubānas Dienas aprūpes centrs","adrese":"\"Eglāji 1\", Indrānu pag., Madonas nov., LV-4830","pakalpojums":"dienas aprūpes centrs","pakalpojuma_forma":"bez izmitināšanas","planotais_klientu_skaits":16,"klienti":"pilngadīgas personas (abu dzimumu)","klientu_grupas":["personas ar garīga rakstura traucējumiem"],"juridiskais_statuss":"Biedrības struktūrvienība","vzd_kods":"103801622","majaslapa":"https://www.samariesi.lv"}},{"type":"Feature","geometry":{"type":"Point","coordinates":[24.138127,56.964103]},"properties":{"kategorija":"soc_pakalpojumi","id":"1878","nosaukums":"Biedrība \"Svētā Jāņa Palīdzība\"","adrese":"Cēsu iela 8, Rīga, LV-1012","pakalpojums":"cits: Individuālā sociālā rehabilitācija","pakalpojuma_forma":"bez izmitināšanas","planotais_klientu_skaits":2,"klienti":"visu vecumu un dzimumu personas","klientu_grupas":["personas ar garīga rakstura traucējumiem"],"juridiskais_statuss":"Biedrība","vzd_kods":"101823665","majaslapa":"https://svjp.lv"}},{"type":"Feature","geometry":{"type":"Point","coordinates":[21.596716,57.390219]},"properties":{"kategorija":"soc_pakalpojumi","id":"1879","nosaukums":"Biedrības \"Latvijas Samariešu apvienība\" Kurzemes aprūpes dienesta Ventspils birojs","adrese":"Fabrikas iela 2A, Ventspils, LV-3601","pakalpojums":"aprūpe mājās","pakalpojuma_forma":"bez izmitināšanas","planotais_klientu_skaits":30,"klienti":"visu vecumu un dzimumu personas","klientu_grupas":["personas ar invaliditāti ar fiziska rakstura traucējumiem","pensijas vecuma personas"],"juridiskais_statuss":"Biedrības struktūrvienība","vzd_kods":"101646813","majaslapa":"https://www.samariesi.lv"}},{"type":"Feature","geometry":{"type":"Point","coordinates":[26.995077,57.188661]},"properties":{"kategorija":"soc_pakalpojumi","id":"188","nosaukums":"Valsts sociālās aprūpes centrs \"Latgale\" filiāle \"Litene\"","adrese":"\"Pansionāts\", Litene, Litenes pag., Gulbenes nov., LV-4405","pakalpojums":"ilgstoša sociālā aprūpe un sociālā rehabilitācija","pakalpojuma_forma":"ar izmitināšanu","izmitinasana":"izmitināšana","planotais_klientu_skaits":197,"klienti":"pilngadīgas personas (abu dzimumu)","klientu_grupas":["personas ar garīga rakstura traucējumiem"],"juridiskais_statuss":"Valsts pārvaldes iestādes struktūrvienība","vzd_kods":"104963934","majaslapa":"https://www.vsaclatgale.gov.lv"}},{"type":"Feature","geometry":{"type":"Point","coordinates":[24.176354,56.977862]},"properties":{"kategorija":"soc_pakalpojumi","id":"1881","nosaukums":"Rīgas Bērnu, jauniešu un ģimeņu sociālā atbalsta centrs struktūrvienība ,, Apīte\"","adrese":"Apes iela 8, Rīga, LV-1006","pakalpojums":"sociālā rehabilitācija","pakalpojuma_forma":"ar izmitināšanu","izmitinasana":"izmitināšana","planotais_klientu_skaits":5,"klienti":"pilngadīgas personas (abu dzimumu)","klientu_grupas":["citi"],"juridiskais_statuss":"Pašvaldības iestāde","vzd_kods":"101854425"}},{"type":"Feature","geometry":{"type":"Point","coordinates":[24.021872,56.950997]},"properties":{"kategorija":"soc_pakalpojumi","id":"1882","nosaukums":"Rīgas Bērnu, jauniešu un ģimeņu sociālā atbalsta centrs struktūrvienība ,, Jauniešu atbalsta centrs\"","adrese":"Imantas 7. līnija 4, Rīga, LV-1083","pakalpojums":"sociālā rehabilitācija","pakalpojuma_forma":"bez izmitināšanas","planotais_klientu_skaits":20,"klienti":"visu vecumu un dzimumu personas","klientu_grupas":["citi"],"juridiskais_statuss":"Pašvaldības iestāde","vzd_kods":"101836021"}},{"type":"Feature","geometry":{"type":"Point","coordinates":[24.701118,57.180581]},"properties":{"kategorija":"soc_pakalpojumi","id":"1883","nosaukums":"Biedrība \"Cerību spārni\" Daudzfunkcionālais sociālo pakalpojumu centrs \"Krimulda\"","adrese":"Skolas iela 3, Ragana, Krimuldas pag., Siguldas nov., LV-2144","pakalpojums":"sociālā rehabilitācija","pakalpojuma_forma":"bez izmitināšanas","planotais_klientu_skaits":15,"klienti":"visu vecumu un dzimumu personas","klientu_grupas":["citi"],"juridiskais_statuss":"Biedrības struktūrvienība","vzd_kods":"106999413","majaslapa":"https://www.ceribusparni.lv"}},{"type":"Feature","geometry":{"type":"Point","coordinates":[24.701118,57.180581]},"properties":{"kategorija":"soc_pakalpojumi","id":"1884","nosaukums":"Biedrība \"Cerību spārni\" Daudzfunkcionālais sociālo pakalpojumu centrs \"Krimulda\"","adrese":"Skolas iela 3, Ragana, Krimuldas pag., Siguldas nov., LV-2144","pakalpojums":"dienas aprūpes centrs","pakalpojuma_forma":"bez izmitināšanas","planotais_klientu_skaits":25,"klienti":"pilngadīgas personas (abu dzimumu)","klientu_grupas":["personas ar garīga rakstura traucējumiem"],"juridiskais_statuss":"Biedrības struktūrvienība","vzd_kods":"106999413","majaslapa":"https://www.ceribusparni.lv"}},{"type":"Feature","geometry":{"type":"Point","coordinates":[21.008632,56.508382]},"properties":{"kategorija":"soc_pakalpojumi","id":"1885","nosaukums":"SIA AG sociālie pakalpojumi","adrese":"Graudu iela 50, Liepāja, LV-3401","pakalpojums":"sociālā rehabilitācija","pakalpojuma_forma":"bez izmitināšanas","planotais_klientu_skaits":38,"klienti":"visu vecumu un dzimumu personas","klientu_grupas":["personas, kas cietušas no prettiesiskām darbībām (tai skaitā vardarbībā cietušas personas)","citi","personas ar garīga rakstura traucējumiem"],"juridiskais_statuss":"SIA","vzd_kods":"101693612"}},{"type":"Feature","geometry":{"type":"Point","coordinates":[26.756599,56.062492]},"properties":{"kategorija":"soc_pakalpojumi","id":"1886","nosaukums":"Augšdaugavas novada Sociālā dienesta struktūrvienība Višķu sociālās aprūpes centrs","adrese":"\"Rūpes\", Višķu tehnikums, Višķu pag., Augšdaugavas nov., LV-5481","pakalpojums":"ilgstoša sociālā aprūpe un sociālā rehabilitācija","pakalpojuma_forma":"ar izmitināšanu","izmitinasana":"izmitināšana","planotais_klientu_skaits":74,"klienti":"pilngadīgas personas (abu dzimumu)","klientu_grupas":["pensijas vecuma personas","personas ar invaliditāti ar fiziska rakstura traucējumiem"],"juridiskais_statuss":"Struktūrvienība","vzd_kods":"104778273","majaslapa":"https://www.augsdaugavasnovads.lv"}},{"type":"Feature","geometry":{"type":"Point","coordinates":[27.173693,55.887302]},"properties":{"kategorija":"soc_pakalpojumi","id":"1887","nosaukums":"Krāslavas novada pašvaldības iestāde \"Sociālais dienests\" Grupu māja pilngadīgām personām ar GRT","adrese":"Rīgas iela 159C, Krāslava, Krāslavas nov., LV-5601","pakalpojums":"grupu māja (dzīvoklis)","pakalpojuma_forma":"ar izmitināšanu","izmitinasana":"izmitināšana","planotais_klientu_skaits":8,"klienti":"pilngadīgas personas (abu dzimumu)","klientu_grupas":["personas ar garīga rakstura traucējumiem"],"juridiskais_statuss":"Pašvaldības iestādes struktūrvienība","vzd_kods":"106973060"}},{"type":"Feature","geometry":{"type":"Point","coordinates":[23.170786,56.974781]},"properties":{"kategorija":"soc_pakalpojumi","id":"1888","nosaukums":"Tukuma novada pašvaldības iestāde \"Tukuma novada sociālais dienests\" Specializētās darbnīcas \"Melnezers\"","adrese":"Melnezera iela 1, Tukums, Tukuma nov., LV-3101","pakalpojums":"specializētās darbnīcas","pakalpojuma_forma":"bez izmitināšanas","planotais_klientu_skaits":30,"klienti":"pilngadīgas personas (abu dzimumu)","klientu_grupas":["personas ar garīga rakstura traucējumiem"],"juridiskais_statuss":"Pašvaldības iestādes struktūrvienība","vzd_kods":"101211656"}},{"type":"Feature","geometry":{"type":"Point","coordinates":[26.927237,56.551809]},"properties":{"kategorija":"soc_pakalpojumi","id":"1889","nosaukums":"Rēzeknes novada Sociālā dienesta struktūrvienība Dienas aprūpes centrs \"\"Viļāni\"","adrese":"Liepu iela 2B, Viļāni, Rēzeknes nov., LV-4650","pakalpojums":"specializētās darbnīcas","pakalpojuma_forma":"bez izmitināšanas","planotais_klientu_skaits":10,"klienti":"pilngadīgas personas (abu dzimumu)","klientu_grupas":["personas ar garīga rakstura traucējumiem"],"juridiskais_statuss":"Pašvaldības iestādes struktūrvienība","vzd_kods":"105424781"}},{"type":"Feature","geometry":{"type":"Point","coordinates":[21.658964,56.734199]},"properties":{"kategorija":"soc_pakalpojumi","id":"189","nosaukums":"Sabiedrība ar ierobežotu atbildību \"Pansionāts Rokaiži\"","adrese":"\"Rokaižu pansionāts\", Rokaiži, Kazdangas pag., Dienvidkurzemes nov., LV-3456","pakalpojums":"ilgstošās sociālās aprūpes un sociālās rehabilitācijas institūcija","pakalpojuma_forma":"ar izmitināšanu","izmitinasana":"izmitināšana","planotais_klientu_skaits":118,"klienti":"pilngadīgas personas (abu dzimumu)","klientu_grupas":["invalīdi ar fiziska rakstura traucējumiem","pensijas vecuma personas"],"juridiskais_statuss":"Pašvaldības SIA","vzd_kods":"103628802"}},{"type":"Feature","geometry":{"type":"Point","coordinates":[24.0202,56.943567]},"properties":{"kategorija":"soc_pakalpojumi","id":"1890","nosaukums":"Biedrība \"Latvijas Kustība par neatkarīgu dzīvi\"","adrese":"Priedaines iela 11, Rīga, LV-1029","pakalpojums":"dienas aprūpes centrs","pakalpojuma_forma":"bez izmitināšanas","planotais_klientu_skaits":20,"klienti":"pilngadīgas personas (abu dzimumu)","klientu_grupas":["personas ar garīga rakstura traucējumiem"],"juridiskais_statuss":"Biedrība","vzd_kods":"106421755","majaslapa":"https://www.lkndz.lv"}},{"type":"Feature","geometry":{"type":"Point","coordinates":[24.0202,56.943567]},"properties":{"kategorija":"soc_pakalpojumi","id":"1891","nosaukums":"Biedrība \"Latvijas Kustība par neatkarīgu dzīvi\"","adrese":"Priedaines iela 11, Rīga, LV-1029","pakalpojums":"grupu māja (dzīvoklis)","pakalpojuma_forma":"ar izmitināšanu","izmitinasana":"izmitināšana","planotais_klientu_skaits":16,"klienti":"pilngadīgas personas (abu dzimumu)","klientu_grupas":["personas ar garīga rakstura traucējumiem"],"juridiskais_statuss":"Biedrība","vzd_kods":"106421755","majaslapa":"https://www.lkndz.lv"}},{"type":"Feature","geometry":{"type":"Point","coordinates":[26.647106,55.90317]},"properties":{"kategorija":"soc_pakalpojumi","id":"1892","nosaukums":"Augšdaugavas novada Sociālā dienesta struktūrvienība \"Sociālā atbalsta un aprūpes centrs \"Avots\"","adrese":"Daugavas iela 2, Krauja, Naujenes pag., Augšdaugavas nov., LV-5451","pakalpojums":"krīzes centrs","pakalpojuma_forma":"ar izmitināšanu","izmitinasana":"izmitināšana","planotais_klientu_skaits":10,"klienti":"bērni, kuri uzturas kopā ar vecākiem, tuviniekiem, aizbildņiem","klientu_grupas":["krīzes situācijā nonākušas personas"],"juridiskais_statuss":"Pašvaldības iestāde","vzd_kods":"101576373","majaslapa":"https://www.augsdaugavasnovads.lv"}},{"type":"Feature","geometry":{"type":"Point","coordinates":[26.647106,55.90317]},"properties":{"kategorija":"soc_pakalpojumi","id":"1893","nosaukums":"Augšdaugavas novada Sociālā dienesta struktūrvienība \"Sociālā atbalsta un aprūpes centrs \"Avots'\"","adrese":"Daugavas iela 2, Krauja, Naujenes pag., Augšdaugavas nov., LV-5451","pakalpojums":"ilgstoša sociālā aprūpe un sociālā rehabilitācija","pakalpojuma_forma":"ar izmitināšanu","izmitinasana":"izmitināšana","planotais_klientu_skaits":8,"klienti":"bērni (abu dzimumu)","klientu_grupas":["bērni bāreņi un bez vecāku gādības palikušie bērni"],"juridiskais_statuss":"Pašvaldības iestāde","vzd_kods":"101576373","majaslapa":"https://www.augsdaugavasnovads.lv"}},{"type":"Feature","geometry":{"type":"Point","coordinates":[21.672109,57.22271]},"properties":{"kategorija":"soc_pakalpojumi","id":"1894","nosaukums":"Ventspils novada Sociālais dienests","adrese":"Lielā iela 2A, Piltene, Ventspils nov., LV-3620","pakalpojums":"sociālais, tai skaitā pašvaldības sociālais dienests","pakalpojuma_forma":"bez izmitināšanas","planotais_klientu_skaits":629,"klienti":"visu vecumu un dzimumu personas","klientu_grupas":["citi","personas ar onkoloģiskām slimībām un viņu ģimenes locekļi","personas ar redzes invaliditāti","pensijas vecuma personas","paliatīvā aprūpē esošie bērni un viņu ģimenes locekļi","personas ar dzirdes invaliditāti","bērni bāreņi un bez vecāku gādības palikušie bērni","krīzes situācijā nonākušas personas","personas ar garīga rakstura traucējumiem","personas, kas atgriezušās no ieslodzījuma vietas vai ilgstošas bezpajumtniecības","personas ar invaliditāti ar fiziska rakstura traucējumiem","personas, kas cietušas no prettiesiskām darbībām (tai skaitā vardarbībā cietušas personas)"],"juridiskais_statuss":"Pašvaldības iestāde","vzd_kods":"101170036","majaslapa":"https://www.ventspilsnovads.lv"}},{"type":"Feature","geometry":{"type":"Point","coordinates":[23.941562,56.771629]},"properties":{"kategorija":"soc_pakalpojumi","id":"1895","nosaukums":"Nodibinājuma “Nova vita” sociāli karitatīvais rehabilitācijas centrs “Betlēmes žēlsirdības māja”","adrese":"\"Strēlnieki\", Olaines pag., Olaines nov., LV-2127","pakalpojums":"sociālā rehabilitācija","pakalpojuma_forma":"ar izmitināšanu","izmitinasana":"izmitināšana","planotais_klientu_skaits":17,"klienti":"pilngadīgas personas (abu dzimumu)","klientu_grupas":["personas, kas atkarīgas no psihoaktīvām vielām","personas, kas atgriezušās no ieslodzījuma vietas vai ilgstošas bezpajumtniecības"],"juridiskais_statuss":"Nodibinājums","vzd_kods":"106353501","majaslapa":"https://www.novavita.lv"}},{"type":"Feature","geometry":{"type":"Point","coordinates":[26.647106,55.90317]},"properties":{"kategorija":"soc_pakalpojumi","id":"1896","nosaukums":"Augšdaugavas novada Sociālā dienesta struktūrvienība \"Sociālā atbalsta un aprūpes centrs \"Avots\"\"","adrese":"Daugavas iela 2, Krauja, Naujenes pag., Augšdaugavas nov., LV-5451","pakalpojums":"jauniešu māja","pakalpojuma_forma":"ar izmitināšanu","izmitinasana":"izmitināšana","planotais_klientu_skaits":8,"klienti":"bērni (abu dzimumu)","klientu_grupas":["bērni bāreņi un bez vecāku gādības palikušie bērni"],"juridiskais_statuss":"Pašvaldības iestāde","vzd_kods":"101576373","majaslapa":"https://www.augsdaugavasnovads.lv"}},{"type":"Feature","geometry":{"type":"Point","coordinates":[26.647106,55.90317]},"properties":{"kategorija":"soc_pakalpojumi","id":"1897","nosaukums":"Augšdaugavas novada Sociālā dienesta struktūrvienība \"Sociālā atbalsta un aprūpes centrs \"Avots\"","adrese":"Daugavas iela 2, Krauja, Naujenes pag., Augšdaugavas nov., LV-5451","pakalpojums":"sociālā rehabilitācija","pakalpojuma_forma":"bez izmitināšanas","planotais_klientu_skaits":24,"klienti":"bērni (abu dzimumu)","klientu_grupas":["citi"],"juridiskais_statuss":"Pašvaldības iestāde","vzd_kods":"101576373","majaslapa":"https://www.augsdaugavasnovads.lv"}},{"type":"Feature","geometry":{"type":"Point","coordinates":[25.941604,57.230041]},"properties":{"kategorija":"soc_pakalpojumi","id":"1902","nosaukums":"SIA Gatartas pakalpojumu aģentūra","adrese":"\"Gatartas pansionāts\", Drustu pag., Smiltenes nov., LV-4132","pakalpojums":"ilgstoša sociālā aprūpe un sociālā rehabilitācija","pakalpojuma_forma":"ar izmitināšanu","izmitinasana":"izmitināšana","planotais_klientu_skaits":65,"klienti":"pilngadīgas personas (abu dzimumu)","klientu_grupas":["personas ar invaliditāti ar fiziska rakstura traucējumiem","pensijas vecuma personas"],"juridiskais_statuss":"Pašvaldības SIA","vzd_kods":"103879463"}},{"type":"Feature","geometry":{"type":"Point","coordinates":[23.955004,56.572654]},"properties":{"kategorija":"soc_pakalpojumi","id":"1903","nosaukums":"Jelgavas novada Sociālās aprūpes un rehabilitācijas centrs \"Eleja\"","adrese":"Svirlaukas iela 9, Staļģene, Jaunsvirlaukas pag., Jelgavas nov., LV-3031","pakalpojums":"ilgstoša sociālā aprūpe un sociālā rehabilitācija","pakalpojuma_forma":"ar izmitināšanu","izmitinasana":"izmitināšana","planotais_klientu_skaits":30,"klienti":"pilngadīgas personas (abu dzimumu)","klientu_grupas":["pensijas vecuma personas"],"juridiskais_statuss":"Pašvaldības iestāde","vzd_kods":"104444381"}},{"type":"Feature","geometry":{"type":"Point","coordinates":[24.12534,56.9545]},"properties":{"kategorija":"soc_pakalpojumi","id":"1907","nosaukums":"\"Mediācijas telpa\"","adrese":"Lāčplēša iela 27 - 1, Rīga, LV-1011","pakalpojums":"sociālā rehabilitācija","pakalpojuma_forma":"bez izmitināšanas","planotais_klientu_skaits":60,"klienti":"pilngadīgas personas (abu dzimumu)","klientu_grupas":["citi"],"juridiskais_statuss":"Biedrība","vzd_kods":"112207917","majaslapa":"http://mediacija.aikp.lv/"}},{"type":"Feature","geometry":{"type":"Point","coordinates":[24.170569,56.970594]},"properties":{"kategorija":"soc_pakalpojumi","id":"1908","nosaukums":"SIA \"CareLat\"","adrese":"Raunas iela 10, Rīga, LV-1039","pakalpojums":"dienas aprūpes centrs","pakalpojuma_forma":"bez izmitināšanas","planotais_klientu_skaits":30,"klienti":"bērni (abu dzimumu)","klientu_grupas":["bērni bāreņi un bez vecāku gādības palikušie bērni","personas ar garīga rakstura traucējumiem","personas ar redzes invaliditāti","citi","personas ar invaliditāti ar fiziska rakstura traucējumiem","personas ar dzirdes invaliditāti","paliatīvā aprūpē esošie bērni un viņu ģimenes locekļi"],"juridiskais_statuss":"SIA","vzd_kods":"101975046","majaslapa":"https://www.carelat.lv"}},{"type":"Feature","geometry":{"type":"Point","coordinates":[24.170569,56.970594]},"properties":{"kategorija":"soc_pakalpojumi","id":"1909","nosaukums":"SIA \"CareLat\"","adrese":"Raunas iela 10, Rīga, LV-1039","pakalpojums":"atelpas brīdis","pakalpojuma_forma":"ar izmitināšanu","izmitinasana":"izmitināšana","planotais_klientu_skaits":20,"klienti":"bērni (abu dzimumu)","klientu_grupas":["personas ar dzirdes invaliditāti","citi","paliatīvā aprūpē esošie bērni un viņu ģimenes locekļi","personas ar onkoloģiskām slimībām un viņu ģimenes locekļi","personas ar redzes invaliditāti","personas ar invaliditāti ar fiziska rakstura traucējumiem","personas ar garīga rakstura traucējumiem"],"juridiskais_statuss":"SIA","vzd_kods":"101975046","majaslapa":"https://www.carelat.lv"}},{"type":"Feature","geometry":{"type":"Point","coordinates":[26.562374,55.87748]},"properties":{"kategorija":"soc_pakalpojumi","id":"191","nosaukums":"Valsts sabiedrība ar ierobežotu atbildību \"Daugavpils psihoneiroloģiskā slimnīca\" Ilgstošas sociālās aprūpes un sociālās rehabilitācijas institūcija","adrese":"Lielā Dārza iela 60/62, Daugavpils, LV-5417","pakalpojums":"ilgstoša sociālā aprūpe un sociālā rehabilitācija","pakalpojuma_forma":"ar izmitināšanu","izmitinasana":"izmitināšana","planotais_klientu_skaits":177,"klienti":"pilngadīgas personas (abu dzimumu)","klientu_grupas":["personas ar garīga rakstura traucējumiem"],"juridiskais_statuss":"Valsts SIA","vzd_kods":"101800791","majaslapa":"https://www.dpns.gov.lv"}},{"type":"Feature","geometry":{"type":"Point","coordinates":[25.940522,57.2305]},"properties":{"kategorija":"soc_pakalpojumi","id":"1911","nosaukums":"SIA Gatartas pakalpojumu aģentūra","adrese":"\"Kārkli\", Drustu pag., Smiltenes nov., LV-4132","pakalpojums":"grupu māja (dzīvoklis)","pakalpojuma_forma":"ar izmitināšanu","izmitinasana":"izmitināšana","planotais_klientu_skaits":8,"klienti":"pilngadīgas personas (abu dzimumu)","klientu_grupas":["personas ar garīga rakstura traucējumiem"],"juridiskais_statuss":"Pašvaldības SIA struktūrvienība","vzd_kods":"106881140"}},{"type":"Feature","geometry":{"type":"Point","coordinates":[25.940522,57.2305]},"properties":{"kategorija":"soc_pakalpojumi","id":"1912","nosaukums":"SIA Gatartas pakalpojumu aģentūra","adrese":"\"Kārkli\", Drustu pag., Smiltenes nov., LV-4132","pakalpojums":"specializētās darbnīcas","pakalpojuma_forma":"bez izmitināšanas","planotais_klientu_skaits":11,"klienti":"pilngadīgas personas (abu dzimumu)","klientu_grupas":["personas ar garīga rakstura traucējumiem"],"juridiskais_statuss":"Pašvaldības SIA struktūrvienība","vzd_kods":"106881140"}},{"type":"Feature","geometry":{"type":"Point","coordinates":[23.722268,56.641228]},"properties":{"kategorija":"soc_pakalpojumi","id":"1913","nosaukums":"Biedrības \"Latvijas Samariešu apvienība\" Jelgavas Sociālo pakalpojumu centra TAKA Bērnu ilgstošas aprūpes centrs","adrese":"Stacijas iela 13 - 1, Jelgava, LV-3001","pakalpojums":"ilgstoša sociālā aprūpe un sociālā rehabilitācija","pakalpojuma_forma":"ar izmitināšanu","izmitinasana":"izmitināšana","planotais_klientu_skaits":8,"klienti":"bērni (abu dzimumu)","klientu_grupas":["bērni bāreņi un bez vecāku gādības palikušie bērni","krīzes situācijā nonākušas personas"],"juridiskais_statuss":"Biedrības struktūrvienība","vzd_kods":"116366342","majaslapa":"https://www.samariesi.lv"}},{"type":"Feature","geometry":{"type":"Point","coordinates":[23.722268,56.641228]},"properties":{"kategorija":"soc_pakalpojumi","id":"1914","nosaukums":"Biedrības \"Latvijas Samariešu apvienība\" Jelgavas Sociālo pakalpojumu centra TAKA Dienas aprūpes centrs \"Atbalsts\"","adrese":"Stacijas iela 13 - 1, Jelgava, LV-3001","pakalpojums":"dienas aprūpes centrs","pakalpojuma_forma":"bez izmitināšanas","planotais_klientu_skaits":35,"klienti":"pilngadīgas personas (abu dzimumu)","klientu_grupas":["personas ar garīga rakstura traucējumiem","personas ar invaliditāti ar fiziska rakstura traucējumiem"],"juridiskais_statuss":"Biedrības struktūrvienība","vzd_kods":"116366342","majaslapa":"https://www.samariesi.lv"}},{"type":"Feature","geometry":{"type":"Point","coordinates":[23.722268,56.641228]},"properties":{"kategorija":"soc_pakalpojumi","id":"1915","nosaukums":"Biedrības \"Latvijas Samariešu apvienība\" Jelgavas Sociālo pakalpojumu centra TAKA Specializētās darbnīcas","adrese":"Stacijas iela 13 - 1, Jelgava, LV-3001","pakalpojums":"specializētās darbnīcas","pakalpojuma_forma":"bez izmitināšanas","planotais_klientu_skaits":15,"klienti":"pilngadīgas personas (abu dzimumu)","klientu_grupas":["personas ar invaliditāti ar fiziska rakstura traucējumiem","personas ar garīga rakstura traucējumiem"],"juridiskais_statuss":"Biedrības struktūrvienība","vzd_kods":"116366342","majaslapa":"https://www.samariesi.lv"}},{"type":"Feature","geometry":{"type":"Point","coordinates":[23.722268,56.641228]},"properties":{"kategorija":"soc_pakalpojumi","id":"1916","nosaukums":"Biedrības \"Latvijas Samariešu apvienība\" Jelgavas Sociālo pakalpojumu centra TAKA Grupu dzīvoklis","adrese":"Stacijas iela 13 - 1, Jelgava, LV-3001","pakalpojums":"grupu māja (dzīvoklis)","pakalpojuma_forma":"ar izmitināšanu","izmitinasana":"izmitināšana","planotais_klientu_skaits":16,"klienti":"pilngadīgas personas (abu dzimumu)","klientu_grupas":["personas ar garīga rakstura traucējumiem"],"juridiskais_statuss":"Biedrības struktūrvienība","vzd_kods":"116366342","majaslapa":"https://www.samariesi.lv"}},{"type":"Feature","geometry":{"type":"Point","coordinates":[24.050782,56.946182]},"properties":{"kategorija":"soc_pakalpojumi","id":"1917","nosaukums":"Latvijas Nedzirdīgo savienība","adrese":"Elvīras iela 19 k-2, Rīga, LV-1083","pakalpojums":"sociālā rehabilitācija","pakalpojuma_forma":"bez izmitināšanas","planotais_klientu_skaits":450,"klienti":"pilngadīgas personas (abu dzimumu)","klientu_grupas":["personas ar dzirdes invaliditāti"],"juridiskais_statuss":"Biedrība","vzd_kods":"106596926","majaslapa":"https://www.lns.lv"}},{"type":"Feature","geometry":{"type":"Point","coordinates":[25.918057,56.004084]},"properties":{"kategorija":"soc_pakalpojumi","id":"1919","nosaukums":"Subates Romas Katoļu draudzes sociālās aprūpes iestāde \"Miera nams\"","adrese":"Jelgavas iela 6/8, Subate, Augšdaugavas nov., LV-5471","pakalpojums":"ilgstoša sociālā aprūpe un sociālā rehabilitācija","pakalpojuma_forma":"ar izmitināšanu","izmitinasana":"izmitināšana","planotais_klientu_skaits":44,"klienti":"pilngadīgas personas (abu dzimumu)","klientu_grupas":["personas ar invaliditāti ar fiziska rakstura traucējumiem","pensijas vecuma personas"],"juridiskais_statuss":"Reliģiskas organizācijas struktūrvienība","vzd_kods":"104866008"}},{"type":"Feature","geometry":{"type":"Point","coordinates":[24.335678,56.85701]},"properties":{"kategorija":"soc_pakalpojumi","id":"1920","nosaukums":"Sabiedrības ar ierobežotu atbildību \"Salaspils veselības un sociālās aprūpes centrs\" struktūrvienība Ilgstošas sociālās aprūpes un sociālās rehabilitācijas centrs","adrese":"Ceru iela 1 k-1, Salaspils, Salaspils nov., LV-2121","pakalpojums":"ilgstoša sociālā aprūpe un sociālā rehabilitācija","pakalpojuma_forma":"ar izmitināšanu","izmitinasana":"izmitināšana","planotais_klientu_skaits":88,"klienti":"pilngadīgas personas (abu dzimumu)","klientu_grupas":["pensijas vecuma personas","personas ar invaliditāti ar fiziska rakstura traucējumiem"],"juridiskais_statuss":"SIA struktūrvienība","vzd_kods":"105360552","majaslapa":"https://www.salaspilsvc.lv"}},{"type":"Feature","geometry":{"type":"Point","coordinates":[26.438384,55.919191]},"properties":{"kategorija":"soc_pakalpojumi","id":"1921","nosaukums":"Kairut SIA","adrese":"\"153\", Kooperators, Līksnas pag., Augšdaugavas nov., LV-5456","pakalpojums":"aprūpe mājās","pakalpojuma_forma":"bez izmitināšanas","planotais_klientu_skaits":10,"klienti":"pilngadīgas personas (abu dzimumu)","klientu_grupas":["pensijas vecuma personas","personas ar invaliditāti ar fiziska rakstura traucējumiem"],"juridiskais_statuss":"SIA","vzd_kods":"103992986"}},{"type":"Feature","geometry":{"type":"Point","coordinates":[24.120161,56.999438]},"properties":{"kategorija":"soc_pakalpojumi","id":"1922","nosaukums":"SIA \"V.E.L.G.\" struktūrvienība \"Nakts patversme\" Sofijas ielā 8, Rīgā","adrese":"Sofijas iela 8, Rīga, LV-1005","pakalpojums":"naktspatversme","pakalpojuma_forma":"ar izmitināšanu","izmitinasana":"izmitināšana","planotais_klientu_skaits":72,"klienti":"pilngadīgas personas (abu dzimumu)","klientu_grupas":["personas, kas atgriezušās no ieslodzījuma vietas vai ilgstošas bezpajumtniecības","citi","krīzes situācijā nonākušas personas"],"juridiskais_statuss":"Struktūrvienība","vzd_kods":"101995373","majaslapa":"https://www.velg.lv"}},{"type":"Feature","geometry":{"type":"Point","coordinates":[26.551829,56.09642]},"properties":{"kategorija":"soc_pakalpojumi","id":"1923","nosaukums":"Augšdaugavas novada Sociālo pakalpojumu centrs \"Pīlādzis\"","adrese":"Lielā iela 43, Kalupe, Kalupes pag., Augšdaugavas nov., LV-5450","pakalpojums":"ilgstoša sociālā aprūpe un sociālā rehabilitācija","pakalpojuma_forma":"ar izmitināšanu","izmitinasana":"izmitināšana","planotais_klientu_skaits":74,"klienti":"pilngadīgas personas (abu dzimumu)","klientu_grupas":["personas ar garīga rakstura traucējumiem"],"juridiskais_statuss":"Pašvaldības iestāde","vzd_kods":"103779046"}},{"type":"Feature","geometry":{"type":"Point","coordinates":[26.518212,55.878548]},"properties":{"kategorija":"soc_pakalpojumi","id":"1924","nosaukums":"HARMONIIA SIA","adrese":"Stadiona iela 12 - 16, Daugavpils, LV-5401","pakalpojums":"aprūpe mājās","pakalpojuma_forma":"bez izmitināšanas","planotais_klientu_skaits":25,"klienti":"pilngadīgas personas (abu dzimumu)","klientu_grupas":["personas ar invaliditāti ar fiziska rakstura traucējumiem","pensijas vecuma personas"],"juridiskais_statuss":"SIA","vzd_kods":"116262272"}},{"type":"Feature","geometry":{"type":"Point","coordinates":[24.046514,56.919893]},"properties":{"kategorija":"soc_pakalpojumi","id":"1925","nosaukums":"Biedrība \"Nepaliec viens\" struktūrvienība Daudzfunkcionālais centrs \"Atver durvis Betānijā\"\"","adrese":"Drustu iela 36A, Rīga, LV-1002","pakalpojums":"dienas aprūpes centrs","pakalpojuma_forma":"bez izmitināšanas","planotais_klientu_skaits":25,"klienti":"pilngadīgas personas (abu dzimumu)","klientu_grupas":["personas ar garīga rakstura traucējumiem","citi"],"juridiskais_statuss":"Biedrība","vzd_kods":"101826197","majaslapa":"https://FB - centrs Atver durvis Betānijā"}},{"type":"Feature","geometry":{"type":"Point","coordinates":[24.046514,56.919893]},"properties":{"kategorija":"soc_pakalpojumi","id":"1926","nosaukums":"Biedrība \"Nepaliec viens\" struktūrvienība Daudzfunkcionālais centrs \"Atver durvis Betānijā\"","adrese":"Drustu iela 36A, Rīga, LV-1002","pakalpojums":"sociālā rehabilitācija","pakalpojuma_forma":"bez izmitināšanas","planotais_klientu_skaits":200,"klienti":"visu vecumu un dzimumu personas","klientu_grupas":["citi"],"juridiskais_statuss":"Biedrība","vzd_kods":"101826197","majaslapa":"https://FB - centrs Atver durvis Betānijā"}},{"type":"Feature","geometry":{"type":"Point","coordinates":[24.098667,56.96549]},"properties":{"kategorija":"soc_pakalpojumi","id":"1928","nosaukums":"Kopīga pasaule visiem","adrese":"Katrīnas iela 2 - 3, Rīga, LV-1045","pakalpojums":"sociālā rehabilitācija","pakalpojuma_forma":"bez izmitināšanas","planotais_klientu_skaits":40,"klienti":"visu vecumu un dzimumu personas","klientu_grupas":["personas ar garīga rakstura traucējumiem"],"juridiskais_statuss":"Biedrība","vzd_kods":"113075800"}},{"type":"Feature","geometry":{"type":"Point","coordinates":[24.07379,56.931225]},"properties":{"kategorija":"soc_pakalpojumi","id":"1929","nosaukums":"Nodibinājums “Kristīgās alianses bāreņiem ģimeņu atbalsta centrs “Tilts””","adrese":"Mārupes iela 14, Rīga, LV-1002","pakalpojums":"sociālā rehabilitācija","pakalpojuma_forma":"bez izmitināšanas","planotais_klientu_skaits":10,"klienti":"visu vecumu un dzimumu personas","klientu_grupas":["citi","bērni bāreņi un bez vecāku gādības palikušie bērni"],"juridiskais_statuss":"Nodibinājums","vzd_kods":"101940117","majaslapa":"https://atbalstacentrs.lv/"}},{"type":"Feature","geometry":{"type":"Point","coordinates":[24.063666,56.933633]},"properties":{"kategorija":"soc_pakalpojumi","id":"193","nosaukums":"Biedrība \"Saule\", organizācija cilvēkiem ar intelektuālās attīstības traucējumiem","adrese":"Kolkasraga iela 18, Rīga, LV-1002","pakalpojums":"dienas aprūpes centrs","pakalpojuma_forma":"bez izmitināšanas","planotais_klientu_skaits":62,"klienti":"pilngadīgas personas (abu dzimumu)","klientu_grupas":["personas ar garīga rakstura traucējumiem"],"juridiskais_statuss":"Biedrība","vzd_kods":"102020486","majaslapa":"https://facebook.com/centrsSaule"}},{"type":"Feature","geometry":{"type":"Point","coordinates":[24.148206,56.966626]},"properties":{"kategorija":"soc_pakalpojumi","id":"1930","nosaukums":"Biedrības „Svētā Jāņa Palīdzība” dienas aprūpes centrs \"Rudzupuķe\"","adrese":"Pērnavas iela 1, Rīga, LV-1012","pakalpojums":"dienas aprūpes centrs","pakalpojuma_forma":"bez izmitināšanas","planotais_klientu_skaits":20,"klienti":"pilngadīgas personas (abu dzimumu)","klientu_grupas":["personas ar garīga rakstura traucējumiem"],"juridiskais_statuss":"Biedrības struktūrvienība","vzd_kods":"101112378","majaslapa":"https://www.svjp.lv"}},{"type":"Feature","geometry":{"type":"Point","coordinates":[27.343374,56.527969]},"properties":{"kategorija":"soc_pakalpojumi","id":"1931","nosaukums":"Biedrība \"Autisma atbalsta punkts Rēzeknē\"","adrese":"Atbrīvošanas aleja 155, Rēzekne, LV-4604","pakalpojums":"sociālā rehabilitācija","pakalpojuma_forma":"bez izmitināšanas","planotais_klientu_skaits":42,"klienti":"bērni (abu dzimumu)","klientu_grupas":["personas ar garīga rakstura traucējumiem"],"juridiskais_statuss":"Biedrība","vzd_kods":"102386324","majaslapa":"https://www.autismapunktsrezekne.lv"}},{"type":"Feature","geometry":{"type":"Point","coordinates":[25.285008,57.430326]},"properties":{"kategorija":"soc_pakalpojumi","id":"1932","nosaukums":"Fonds \"Iespēju tilts\" Dienas aprūpes centrs \"Niedres\" senioriem, tai skaitā ar demenci","adrese":"Skolas iela 1, Vaidava, Vaidavas pag., Valmieras nov., LV-4228","pakalpojums":"dienas aprūpes centrs","pakalpojuma_forma":"bez izmitināšanas","planotais_klientu_skaits":13,"klienti":"pilngadīgas personas (abu dzimumu)","klientu_grupas":["pensijas vecuma personas"],"juridiskais_statuss":"Nodibinājums","vzd_kods":"101044591","majaslapa":"https://www.fondsiespejutilts.lv"}},{"type":"Feature","geometry":{"type":"Point","coordinates":[24.122493,56.957252]},"properties":{"kategorija":"soc_pakalpojumi","id":"1933","nosaukums":"SIA \"Aprūpes centrs \"AGATE\"\" struktūrvienība \"Aprūpes un atbalsta centrs \"Artūrs\"\"","adrese":"Ģertrūdes iela 12 - 5, Rīga, LV-1010","pakalpojums":"dienas aprūpes centrs","pakalpojuma_forma":"bez izmitināšanas","planotais_klientu_skaits":50,"klienti":"pilngadīgas personas (abu dzimumu)","klientu_grupas":["krīzes situācijā nonākušas personas","citi","pensijas vecuma personas"],"juridiskais_statuss":"SIA struktūrvienība","vzd_kods":"118445253","majaslapa":"https://www.dacagate.lv"}},{"type":"Feature","geometry":{"type":"Point","coordinates":[23.72442,56.651648]},"properties":{"kategorija":"soc_pakalpojumi","id":"1934","nosaukums":"SIA Atbalsta un attīstības centrs KOPĀ","adrese":"Katoļu iela 2B, Jelgava, LV-3001","pakalpojums":"sociālā rehabilitācija","pakalpojuma_forma":"bez izmitināšanas","planotais_klientu_skaits":100,"klienti":"visu vecumu un dzimumu personas","klientu_grupas":["personas ar invaliditāti ar fiziska rakstura traucējumiem","personas ar dzirdes invaliditāti","personas, kas cietušas no prettiesiskām darbībām (tai skaitā vardarbībā cietušas personas)","krīzes situācijā nonākušas personas","personas ar garīga rakstura traucējumiem"],"juridiskais_statuss":"SIA","vzd_kods":"101100306","majaslapa":"https://www.centrskopa.lv"}},{"type":"Feature","geometry":{"type":"Point","coordinates":[26.541209,55.87041]},"properties":{"kategorija":"soc_pakalpojumi","id":"1935","nosaukums":"\"Sociālā atbalsta un izglītības fonds\" struktūrvienība \"Latgales ģimeņu atbalsta centrs \"Daugavpils\"","adrese":"Mazā Dārza iela 1 - 1, Daugavpils, LV-5404","pakalpojums":"sociālā rehabilitācija","pakalpojuma_forma":"bez izmitināšanas","planotais_klientu_skaits":250,"klienti":"visu vecumu un dzimumu personas","klientu_grupas":["citi","bērni bāreņi un bez vecāku gādības palikušie bērni","krīzes situācijā nonākušas personas","personas, kas atkarīgas no psihoaktīvām vielām","personas, kas cietušas no prettiesiskām darbībām (tai skaitā vardarbībā cietušas personas)"],"juridiskais_statuss":"Nodibinājums","vzd_kods":"111377466","majaslapa":"https://www.atbalstafonds.lv"}},{"type":"Feature","geometry":{"type":"Point","coordinates":[24.122355,56.958213]},"properties":{"kategorija":"soc_pakalpojumi","id":"1936","nosaukums":"Sabiedrība ar ierobežotu atbildību \"Senior Group Latvia\"","adrese":"Baznīcas iela 24 - 1, Rīga, LV-1010","pakalpojums":"aprūpe mājās","pakalpojuma_forma":"bez izmitināšanas","planotais_klientu_skaits":500,"klienti":"visu vecumu un dzimumu personas","klientu_grupas":["personas ar garīga rakstura traucējumiem","personas ar redzes invaliditāti","personas ar dzirdes invaliditāti","personas ar onkoloģiskām slimībām un viņu ģimenes locekļi","pensijas vecuma personas","personas ar invaliditāti ar fiziska rakstura traucējumiem"],"juridiskais_statuss":"SIA struktūrvienība","vzd_kods":"111896512","majaslapa":"https://www.mama-ok.eu"}},{"type":"Feature","geometry":{"type":"Point","coordinates":[23.494532,56.944833]},"properties":{"kategorija":"soc_pakalpojumi","id":"1937","nosaukums":"SIA Senior Service struktūrvienība 'Sirds Osta Jūrmala'","adrese":"Bišu iela 16A, Jūrmala, LV-2012","pakalpojums":"ilgstoša sociālā aprūpe un sociālā rehabilitācija","pakalpojuma_forma":"ar izmitināšanu","izmitinasana":"izmitināšana","planotais_klientu_skaits":24,"klienti":"pilngadīgas personas (abu dzimumu)","klientu_grupas":["personas ar onkoloģiskām slimībām un viņu ģimenes locekļi","personas ar redzes invaliditāti","personas ar dzirdes invaliditāti","pensijas vecuma personas","personas ar invaliditāti ar fiziska rakstura traucējumiem","personas ar garīga rakstura traucējumiem"],"juridiskais_statuss":"SIA","vzd_kods":"104627597","majaslapa":"https://sirdsosta.lv"}},{"type":"Feature","geometry":{"type":"Point","coordinates":[22.024529,57.274053]},"properties":{"kategorija":"soc_pakalpojumi","id":"1938","nosaukums":"Ventspils novada Sociālais dienests","adrese":"Rūpnīcas iela 6 - 12, Ugāle, Ugāles pag., Ventspils nov., LV-3615","pakalpojums":"specializētās darbnīcas","pakalpojuma_forma":"bez izmitināšanas","planotais_klientu_skaits":10,"klienti":"pilngadīgas personas (abu dzimumu)","klientu_grupas":["personas ar garīga rakstura traucējumiem"],"juridiskais_statuss":"Pašvaldības iestāde","vzd_kods":"116868622","majaslapa":"https://www.ventspilsnovads.lv"}},{"type":"Feature","geometry":{"type":"Point","coordinates":[25.304726,56.205709]},"properties":{"kategorija":"soc_pakalpojumi","id":"1940","nosaukums":"Aizkraukles novada pašvaldības sociālās aprūpes centrs \"NERETA\"","adrese":"Rīgas iela 6, Nereta, Neretas pag., Aizkraukles nov., LV-5118","pakalpojums":"ilgstoša sociālā aprūpe un sociālā rehabilitācija","pakalpojuma_forma":"ar izmitināšanu","izmitinasana":"izmitināšana","planotais_klientu_skaits":45,"klienti":"visu vecumu un dzimumu personas","klientu_grupas":["pensijas vecuma personas"],"juridiskais_statuss":"Pašvaldības iestāde","vzd_kods":"101640843"}},{"type":"Feature","geometry":{"type":"Point","coordinates":[24.087636,56.927356]},"properties":{"kategorija":"soc_pakalpojumi","id":"1941","nosaukums":"Nodibinājums \"Latvijas Evaņģēliski luteriskās Baznīcas Diakonijas centrs\"","adrese":"Biešu iela 6 - 1, Rīga, LV-1004","pakalpojums":"dienas aprūpes centrs","pakalpojuma_forma":"bez izmitināšanas","planotais_klientu_skaits":35,"klienti":"bērni (abu dzimumu)","klientu_grupas":["citi"],"juridiskais_statuss":"Nodibinājums","vzd_kods":"118172082","majaslapa":"https://www.diakonija.lv"}},{"type":"Feature","geometry":{"type":"Point","coordinates":[23.710944,56.652604]},"properties":{"kategorija":"soc_pakalpojumi","id":"1942","nosaukums":"Jelgavas Bērnu atbalsta fonds","adrese":"Dobeles iela 62A, Jelgava, LV-3001","pakalpojums":"sociālā rehabilitācija","pakalpojuma_forma":"bez izmitināšanas","planotais_klientu_skaits":100,"klienti":"visu vecumu un dzimumu personas","klientu_grupas":["paliatīvā aprūpē esošie bērni un viņu ģimenes locekļi","personas ar dzirdes invaliditāti","personas ar onkoloģiskām slimībām un viņu ģimenes locekļi","personas ar invaliditāti ar fiziska rakstura traucējumiem","personas ar garīga rakstura traucējumiem","personas ar redzes invaliditāti"],"juridiskais_statuss":"Nodibinājums","vzd_kods":"101166872","majaslapa":"https://jelgavasbaf.lv/"}},{"type":"Feature","geometry":{"type":"Point","coordinates":[24.088059,56.92198]},"properties":{"kategorija":"soc_pakalpojumi","id":"1943","nosaukums":"Nodibinājums \"Bērnu slimnīcas fonds\"","adrese":"Vienības gatve 45, Rīga, LV-1004","pakalpojums":"psihosociālā rehabilitācija","pakalpojuma_forma":"bez izmitināšanas","planotais_klientu_skaits":210,"klienti":"bērni (abu dzimumu)","klientu_grupas":["citi"],"juridiskais_statuss":"Nodibinājums","vzd_kods":"102021945","majaslapa":"https://www.bsf.lv"}},{"type":"Feature","geometry":{"type":"Point","coordinates":[24.166672,56.923955]},"properties":{"kategorija":"soc_pakalpojumi","id":"1944","nosaukums":"INDIVIDUĀLAIS SOCIĀLĀS REHABILITĀCIJAS PAKALPOJUMS \"CERĪBU KRASTS\"","adrese":"Krasta iela 86 - 5, Rīga, LV-1019","pakalpojums":"cits: Individuālā sociālā rehabilitācija","pakalpojuma_forma":"ar izmitināšanu","izmitinasana":"izmitināšana","planotais_klientu_skaits":5,"klienti":"pilngadīgas personas (abu dzimumu)","klientu_grupas":["personas ar garīga rakstura traucējumiem"],"juridiskais_statuss":"Biedrība","vzd_kods":"117751878","majaslapa":"https://www.rupjuberns.lv"}},{"type":"Feature","geometry":{"type":"Point","coordinates":[24.798516,57.861249]},"properties":{"kategorija":"soc_pakalpojumi","id":"1945","nosaukums":"Sabiedrība ar ierobežotu atbildību “Aprūpes nams “Urga””","adrese":"\"Veckabi\", Staiceles pag., Limbažu nov., LV-4043","pakalpojums":"ilgstoša sociālā aprūpe un sociālā rehabilitācija","pakalpojuma_forma":"ar izmitināšanu","izmitinasana":"izmitināšana","planotais_klientu_skaits":35,"klienti":"pilngadīgas personas (abu dzimumu)","klientu_grupas":["personas ar invaliditāti ar fiziska rakstura traucējumiem","personas ar garīga rakstura traucējumiem","pensijas vecuma personas"],"juridiskais_statuss":"Pašvaldības SIA struktūrvienība","vzd_kods":"104118920","majaslapa":"https://www.rcviki.lv"}},{"type":"Feature","geometry":{"type":"Point","coordinates":[24.882803,57.762584]},"properties":{"kategorija":"soc_pakalpojumi","id":"1946","nosaukums":"Sabiedrība ar ierobežotu atbildību “Aprūpes nams “Urga””","adrese":"Rīgas iela 10, Aloja, Limbažu nov., LV-4064","pakalpojums":"ilgstoša sociālā aprūpe un sociālā rehabilitācija","pakalpojuma_forma":"ar izmitināšanu","izmitinasana":"izmitināšana","planotais_klientu_skaits":40,"klienti":"pilngadīgas personas (abu dzimumu)","klientu_grupas":["krīzes situācijā nonākušas personas","personas ar invaliditāti ar fiziska rakstura traucējumiem","personas ar garīga rakstura traucējumiem","pensijas vecuma personas"],"juridiskais_statuss":"Pašvaldības SIA struktūrvienība","vzd_kods":"102191168","majaslapa":"https://www.aprupesnams.lv"}},{"type":"Feature","geometry":{"type":"Point","coordinates":[27.339313,56.506404]},"properties":{"kategorija":"soc_pakalpojumi","id":"1947","nosaukums":"SIA \"Magnum Social & Medical Care\" centrs “RŪRE”","adrese":"Raiņa iela 8, Rēzekne, LV-4601","pakalpojums":"aprūpe mājās","pakalpojuma_forma":"bez izmitināšanas","planotais_klientu_skaits":70,"klienti":"pilngadīgas personas (abu dzimumu)","klientu_grupas":["personas ar onkoloģiskām slimībām un viņu ģimenes locekļi","pensijas vecuma personas","personas ar invaliditāti ar fiziska rakstura traucējumiem"],"juridiskais_statuss":"SIA struktūrvienība","vzd_kods":"102390211"}},{"type":"Feature","geometry":{"type":"Point","coordinates":[24.516084,56.599146]},"properties":{"kategorija":"soc_pakalpojumi","id":"1948","nosaukums":"Biedrības Latvijas Sarkanais Krusts Zemgales komitejas sociālās aprūpes centrs \"\" ATVASARA\"","adrese":"\"Atvasaras\", Vecumnieki, Vecumnieku pag., Bauskas nov., LV-3933","pakalpojums":"ilgstoša sociālā aprūpe un sociālā rehabilitācija","pakalpojuma_forma":"ar izmitināšanu","izmitinasana":"izmitināšana","planotais_klientu_skaits":62,"klienti":"pilngadīgas personas (abu dzimumu)","klientu_grupas":["personas ar invaliditāti ar fiziska rakstura traucējumiem","pensijas vecuma personas"],"juridiskais_statuss":"Biedrības struktūrvienība","vzd_kods":"106035664","majaslapa":"https://www.redcross.lv"}},{"type":"Feature","geometry":{"type":"Point","coordinates":[24.181261,56.966888]},"properties":{"kategorija":"soc_pakalpojumi","id":"1949","nosaukums":"Nodibinājuma \"Latvijas Bērnu atbalsta fonds\" Multifunkcionālais centrs “Domino” Teika","adrese":"Burtnieku iela 37, Rīga, LV-1084","pakalpojums":"sociālā rehabilitācija","pakalpojuma_forma":"bez izmitināšanas","planotais_klientu_skaits":30,"klienti":"visu vecumu un dzimumu personas","klientu_grupas":["citi"],"juridiskais_statuss":"Nodibinājums","vzd_kods":"101823431","majaslapa":"https://www.lbaf.lv"}},{"type":"Feature","geometry":{"type":"Point","coordinates":[24.067073,56.880709]},"properties":{"kategorija":"soc_pakalpojumi","id":"1950","nosaukums":"Mārupes novada Sociālais dienests","adrese":"Viršu iela 4 - 4, Tīraine, Mārupes pag., Mārupes nov., LV-2167","pakalpojums":"dienas centrs","pakalpojuma_forma":"bez izmitināšanas","planotais_klientu_skaits":19,"klienti":"visu vecumu un dzimumu personas","klientu_grupas":["citi"],"juridiskais_statuss":"Pašvaldības iestādes struktūrvienība","vzd_kods":"118530827","majaslapa":"https://marupe.lv"}},{"type":"Feature","geometry":{"type":"Point","coordinates":[23.94742,56.878494]},"properties":{"kategorija":"soc_pakalpojumi","id":"1951","nosaukums":"Mārupes novada Sociālā dienesta Dienas centrs \"Švarcenieki\"","adrese":"Mazcenu aleja 4, Jaunmārupe, Mārupes pag., Mārupes nov., LV-2166","pakalpojums":"dienas centrs","pakalpojuma_forma":"bez izmitināšanas","planotais_klientu_skaits":60,"klienti":"visu vecumu un dzimumu personas","klientu_grupas":["citi"],"juridiskais_statuss":"Pašvaldības iestādes struktūrvienība","vzd_kods":"102130648","majaslapa":"https://marupe.lv"}},{"type":"Feature","geometry":{"type":"Point","coordinates":[24.059183,56.958408]},"properties":{"kategorija":"soc_pakalpojumi","id":"1952","nosaukums":"Fonds Ziedot.lv","adrese":"Sēlpils iela 2C, Rīga, LV-1007","pakalpojums":"psihosociālā rehabilitācija","pakalpojuma_forma":"bez izmitināšanas","planotais_klientu_skaits":15,"klienti":"bērni (abu dzimumu)","klientu_grupas":["citi","personas ar invaliditāti ar fiziska rakstura traucējumiem"],"juridiskais_statuss":"Nodibinājums","vzd_kods":"105949742","majaslapa":"https://ziedot.lv"}},{"type":"Feature","geometry":{"type":"Point","coordinates":[24.136307,56.945915]},"properties":{"kategorija":"soc_pakalpojumi","id":"1953","nosaukums":"Biedrības \"Latvijas Samariešu apvienība\" Individuālās sociālās rehabilitācijas programmas","adrese":"Katoļu iela 22, Rīga, LV-1003","pakalpojums":"cits: Individuālās sociālās rehabilitācijas programmas pakalpojums.","pakalpojuma_forma":"bez izmitināšanas","planotais_klientu_skaits":20,"klienti":"visu vecumu un dzimumu personas","klientu_grupas":["citi"],"juridiskais_statuss":"Biedrības struktūrvienība","vzd_kods":"101842330","majaslapa":"https://www.samariesi.lv"}},{"type":"Feature","geometry":{"type":"Point","coordinates":[21.004454,56.488792]},"properties":{"kategorija":"soc_pakalpojumi","id":"1954","nosaukums":"Biedrība \"Aizvējā\"","adrese":"Klaipēdas iela 94, Liepāja, LV-3416","pakalpojums":"aprūpe mājās","pakalpojuma_forma":"bez izmitināšanas","planotais_klientu_skaits":40,"klienti":"visu vecumu un dzimumu personas","klientu_grupas":["citi"],"juridiskais_statuss":"Biedrība","vzd_kods":"102415970"}},{"type":"Feature","geometry":{"type":"Point","coordinates":[21.004454,56.488792]},"properties":{"kategorija":"soc_pakalpojumi","id":"1955","nosaukums":"Biedrība \"Aizvējā\"","adrese":"Klaipēdas iela 94, Liepāja, LV-3416","pakalpojums":"sociālā rehabilitācija","pakalpojuma_forma":"bez izmitināšanas","planotais_klientu_skaits":40,"klienti":"visu vecumu un dzimumu personas","klientu_grupas":["citi"],"juridiskais_statuss":"Biedrība","vzd_kods":"102415970","majaslapa":"https://aizveja.lv"}},{"type":"Feature","geometry":{"type":"Point","coordinates":[24.057745,56.930784]},"properties":{"kategorija":"soc_pakalpojumi","id":"1956","nosaukums":"Biedrības \"Latvijas Samariešu apvienība\" Bērnu ilgstošas aprūpes centrs KRŪZE","adrese":"Krūzes iela 37, Rīga, LV-1002","pakalpojums":"ilgstoša sociālā aprūpe un sociālā rehabilitācija","pakalpojuma_forma":"ar izmitināšanu","izmitinasana":"izmitināšana","planotais_klientu_skaits":6,"klienti":"bērni (abu dzimumu)","klientu_grupas":["bērni bāreņi un bez vecāku gādības palikušie bērni"],"juridiskais_statuss":"Biedrības struktūrvienība","vzd_kods":"101918420","majaslapa":"https://www.samariesi.lv"}},{"type":"Feature","geometry":{"type":"Point","coordinates":[27.370557,56.561393]},"properties":{"kategorija":"soc_pakalpojumi","id":"1957","nosaukums":"Biedrības \"Latvijas Sarkanais Krusts\" Latgales komitejas sociālās aprūpes un rehabilitācijas centrs \"Adamova\"","adrese":"\"Adamovas muiža\", Adamova, Vērēmu pag., Rēzeknes nov., LV-4647","pakalpojums":"ilgstoša sociālā aprūpe un sociālā rehabilitācija","pakalpojuma_forma":"ar izmitināšanu","izmitinasana":"izmitināšana","planotais_klientu_skaits":103,"klienti":"pilngadīgas personas (abu dzimumu)","klientu_grupas":["personas ar invaliditāti ar fiziska rakstura traucējumiem","pensijas vecuma personas"],"juridiskais_statuss":"Biedrība","vzd_kods":"105882163","majaslapa":"https://www.redcross.lv"}},{"type":"Feature","geometry":{"type":"Point","coordinates":[24.192193,56.965585]},"properties":{"kategorija":"soc_pakalpojumi","id":"1959","nosaukums":"SIA \"IE67\"","adrese":"Ieriķu iela 67, Rīga, LV-1084","pakalpojums":"aprūpe mājās","pakalpojuma_forma":"bez izmitināšanas","planotais_klientu_skaits":50,"klienti":"pilngadīgas personas (abu dzimumu)","klientu_grupas":["personas ar garīga rakstura traucējumiem","pensijas vecuma personas"],"juridiskais_statuss":"SIA","vzd_kods":"101895157"}},{"type":"Feature","geometry":{"type":"Point","coordinates":[21.072436,56.542726]},"properties":{"kategorija":"soc_pakalpojumi","id":"1960","nosaukums":"Biedrība \"NMPD sporta klubs\"","adrese":"Labraga iela 11, Liepāja, LV-3414","pakalpojums":"aprūpe mājās","pakalpojuma_forma":"bez izmitināšanas","planotais_klientu_skaits":40,"klienti":"pilngadīgas personas (abu dzimumu)","klientu_grupas":["personas ar garīga rakstura traucējumiem","personas ar invaliditāti ar fiziska rakstura traucējumiem","pensijas vecuma personas"],"juridiskais_statuss":"Biedrība","vzd_kods":"101696884"}},{"type":"Feature","geometry":{"type":"Point","coordinates":[21.966271,56.966523]},"properties":{"kategorija":"soc_pakalpojumi","id":"1961","nosaukums":"Kuldīgas novada pašvaldības aģentūras \"Sociālais dienests\"","adrese":"Dzirnavu iela 9, Kuldīga, Kuldīgas nov., LV-3301","pakalpojums":"sociālais, tai skaitā pašvaldības sociālais dienests","pakalpojuma_forma":"bez izmitināšanas","planotais_klientu_skaits":1400,"klienti":"visu vecumu un dzimumu personas","klientu_grupas":["citi"],"juridiskais_statuss":"Pašvaldības aģentūra","vzd_kods":"102221654","majaslapa":"https://socialais.kuldiga.lv/"}},{"type":"Feature","geometry":{"type":"Point","coordinates":[26.647235,55.743659]},"properties":{"kategorija":"soc_pakalpojumi","id":"1962","nosaukums":"Sociālās aprūpes centrs “Senioru rezidence”","adrese":"Upes iela 6, Kumbuļi, Demenes pag., Augšdaugavas nov., LV-5442","pakalpojums":"ilgstoša sociālā aprūpe un sociālā rehabilitācija","pakalpojuma_forma":"ar izmitināšanu","izmitinasana":"izmitināšana","planotais_klientu_skaits":20,"klienti":"pilngadīgas personas (abu dzimumu)","klientu_grupas":["personas ar invaliditāti ar fiziska rakstura traucējumiem","pensijas vecuma personas"],"juridiskais_statuss":"SIA","vzd_kods":"103558596"}},{"type":"Feature","geometry":{"type":"Point","coordinates":[24.122493,56.957252]},"properties":{"kategorija":"soc_pakalpojumi","id":"1963","nosaukums":"SIA \"Aprūpes centrs \"AGATE\"\" struktūrvienība \"Aprūpes un atbalsta centrs \"AIVIS\"\"","adrese":"Ģertrūdes iela 12 - 6, Rīga, LV-1010","pakalpojums":"dienas aprūpes centrs","pakalpojuma_forma":"bez izmitināšanas","planotais_klientu_skaits":50,"klienti":"pilngadīgas personas (abu dzimumu)","klientu_grupas":["pensijas vecuma personas"],"juridiskais_statuss":"SIA struktūrvienība","vzd_kods":"118983102","majaslapa":"https://www.dacagate.lv"}},{"type":"Feature","geometry":{"type":"Point","coordinates":[24.138127,56.964103]},"properties":{"kategorija":"soc_pakalpojumi","id":"1964","nosaukums":"Biedrības “Svētā Jāņa Palīdzība” dienas aprūpes centra personām ar garīga rakstura traucējumiem “Saulessvece” nodaļa specializētās šūšanas, kartonāžas un rokdarbu darbnīcas","adrese":"Cēsu iela 8, Rīga, LV-1012","pakalpojums":"specializētās darbnīcas","pakalpojuma_forma":"bez izmitināšanas","planotais_klientu_skaits":20,"klienti":"pilngadīgas personas (abu dzimumu)","klientu_grupas":["personas ar garīga rakstura traucējumiem"],"juridiskais_statuss":"Biedrības struktūrvienība","vzd_kods":"101823665","majaslapa":"https://www.svjp.lv"}},{"type":"Feature","geometry":{"type":"Point","coordinates":[23.612588,56.941314]},"properties":{"kategorija":"soc_pakalpojumi","id":"1965","nosaukums":"Sabiedrība ar ierobežotu atbildību \"Senior Group Latvia\" struktūrvienība \"Senior Sloka\"","adrese":"Valkas iela 3, Jūrmala, LV-2011","pakalpojums":"ilgstoša sociālā aprūpe un sociālā rehabilitācija","pakalpojuma_forma":"ar izmitināšanu","izmitinasana":"izmitināšana","planotais_klientu_skaits":20,"klienti":"pilngadīgas personas (abu dzimumu)","klientu_grupas":["personas ar invaliditāti ar fiziska rakstura traucējumiem","pensijas vecuma personas"],"juridiskais_statuss":"SIA struktūrvienība","vzd_kods":"101744882","majaslapa":"https://www.seniorgroup.eu"}},{"type":"Feature","geometry":{"type":"Point","coordinates":[25.255865,57.315527]},"properties":{"kategorija":"soc_pakalpojumi","id":"1966","nosaukums":"Biedrības \"Latvijas Sarkanais Krusts\" Cēsu naktspatversme","adrese":"Slimnīcas iela 9, Cēsis, Cēsu nov., LV-4101","pakalpojums":"naktspatversme","pakalpojuma_forma":"ar izmitināšanu","izmitinasana":"izmitināšana","planotais_klientu_skaits":12,"klienti":"pilngadīgas personas (abu dzimumu)","klientu_grupas":["krīzes situācijā nonākušas personas"],"juridiskais_statuss":"Biedrības struktūrvienība","vzd_kods":"101579241","majaslapa":"https://www.redcross.lv"}},{"type":"Feature","geometry":{"type":"Point","coordinates":[23.936611,56.783781]},"properties":{"kategorija":"soc_pakalpojumi","id":"1967","nosaukums":"Olaines novada pašvaldības aģentūras \"Olaines sociālais dienests\"","adrese":"Zemgales iela 33, Olaine, Olaines nov., LV-2114","pakalpojums":"sociālais, tai skaitā pašvaldības sociālais dienests","pakalpojuma_forma":"bez izmitināšanas","planotais_klientu_skaits":200,"klienti":"visu vecumu un dzimumu personas","klientu_grupas":["personas, kas cietušas no prettiesiskām darbībām (tai skaitā vardarbībā cietušas personas)","personas ar redzes invaliditāti","personas ar garīga rakstura traucējumiem","personas, kas atkarīgas no psihoaktīvām vielām","pensijas vecuma personas","bērni bāreņi un bez vecāku gādības palikušie bērni","bēgļi un personas, kas ieguvušas alternatīvo statusu","personas ar invaliditāti ar fiziska rakstura traucējumiem","krīzes situācijā nonākušas personas","personas ar dzirdes invaliditāti"],"juridiskais_statuss":"Pašvaldības aģentūra","vzd_kods":"101273354"}},{"type":"Feature","geometry":{"type":"Point","coordinates":[24.188296,56.993639]},"properties":{"kategorija":"soc_pakalpojumi","id":"1968","nosaukums":"Nodibinājums \"Palīdzēsim.lv\"","adrese":"Viskaļu iela 36A, Rīga, LV-1006","pakalpojums":"sociālā rehabilitācija","pakalpojuma_forma":"bez izmitināšanas","planotais_klientu_skaits":250,"klienti":"visu vecumu un dzimumu personas","klientu_grupas":["personas ar invaliditāti ar fiziska rakstura traucējumiem","personas ar garīga rakstura traucējumiem","bērni bāreņi un bez vecāku gādības palikušie bērni","citi","personas ar dzirdes invaliditāti"],"juridiskais_statuss":"Nodibinājums","vzd_kods":"106691973","majaslapa":"https://www.palidzesim.lv"}},{"type":"Feature","geometry":{"type":"Point","coordinates":[24.181261,56.966888]},"properties":{"kategorija":"soc_pakalpojumi","id":"1969","nosaukums":"Nodibinājums \"Latvijas Bērnu atbalsta fonds\" Sociālās rehabilitācijas pakalpojums “Labirints”","adrese":"Burtnieku iela 37, Rīga, LV-1084","pakalpojums":"sociālā rehabilitācija","pakalpojuma_forma":"bez izmitināšanas","planotais_klientu_skaits":10,"klienti":"visu vecumu un dzimumu personas","klientu_grupas":["citi"],"juridiskais_statuss":"Nodibinājums","vzd_kods":"101823431","majaslapa":"https://www.lbaf.lv"}},{"type":"Feature","geometry":{"type":"Point","coordinates":[24.061603,56.969088]},"properties":{"kategorija":"soc_pakalpojumi","id":"1970","nosaukums":"Nodibinājums \"Latvijas Bērnu atbalsta fonds\" Multifunkcionālā centra “Domino” Sociālās rehabilitācijas pakalpojums “Labirints”","adrese":"Cementa iela 12, Rīga, LV-1055","pakalpojums":"sociālā rehabilitācija","pakalpojuma_forma":"bez izmitināšanas","planotais_klientu_skaits":10,"klienti":"visu vecumu un dzimumu personas","klientu_grupas":["citi"],"juridiskais_statuss":"Nodibinājums","vzd_kods":"103329952","majaslapa":"https://www.lbaf.lv"}},{"type":"Feature","geometry":{"type":"Point","coordinates":[25.494185,57.39899]},"properties":{"kategorija":"soc_pakalpojumi","id":"1971","nosaukums":"Nodibinājums \"Latvijas Bērnu atbalsta fonds\"","adrese":"\"Skangaļu muiža 1\", Liepas pag., Cēsu nov., LV-4128","pakalpojums":"sociālā rehabilitācija","pakalpojuma_forma":"ar izmitināšanu un bez izmitināšanas","izmitinasana":"izmitināšana","planotais_klientu_skaits":20,"klienti":"visu vecumu un dzimumu personas","klientu_grupas":["citi"],"juridiskais_statuss":"Nodibinājums","vzd_kods":"106279986","majaslapa":"https://www.lbaf.lv"}},{"type":"Feature","geometry":{"type":"Point","coordinates":[25.432188,56.644607]},"properties":{"kategorija":"soc_pakalpojumi","id":"1972","nosaukums":"Kokneses specializētās darbnīcas","adrese":"1905. gada iela 7, Koknese, Aizkraukles nov., LV-5113","pakalpojums":"specializētās darbnīcas","pakalpojuma_forma":"bez izmitināšanas","planotais_klientu_skaits":12,"klienti":"pilngadīgas personas (abu dzimumu)","klientu_grupas":["personas ar garīga rakstura traucējumiem"],"juridiskais_statuss":"Pašvaldības iestādes struktūrvienība","vzd_kods":"102348085"}},{"type":"Feature","geometry":{"type":"Point","coordinates":[27.276075,56.661618]},"properties":{"kategorija":"soc_pakalpojumi","id":"1973","nosaukums":"Rēzeknes novada veselības un sociālās aprūpes centrs","adrese":"\"Pilcenes\", Piļcine, Dricānu pag., Rēzeknes nov., LV-4615","pakalpojums":"ilgstoša sociālā aprūpe un sociālā rehabilitācija","pakalpojuma_forma":"ar izmitināšanu","izmitinasana":"izmitināšana","planotais_klientu_skaits":25,"klienti":"pilngadīgas personas (abu dzimumu)","klientu_grupas":["personas ar invaliditāti ar fiziska rakstura traucējumiem","personas ar dzirdes invaliditāti","personas ar garīga rakstura traucējumiem","pensijas vecuma personas","personas ar redzes invaliditāti"],"juridiskais_statuss":"Pašvaldības iestādes struktūrvienība","vzd_kods":"103236901"}},{"type":"Feature","geometry":{"type":"Point","coordinates":[27.23547,56.693482]},"properties":{"kategorija":"soc_pakalpojumi","id":"1974","nosaukums":"Rēzeknes novada veselības un sociālās aprūpes centrs","adrese":"Slimnīcas iela 2, Strūžāni, Stružānu pag., Rēzeknes nov., LV-4643","pakalpojums":"ilgstoša sociālā aprūpe un sociālā rehabilitācija","pakalpojuma_forma":"ar izmitināšanu","izmitinasana":"izmitināšana","planotais_klientu_skaits":29,"klienti":"pilngadīgas personas (abu dzimumu)","klientu_grupas":["personas ar dzirdes invaliditāti","personas ar redzes invaliditāti","pensijas vecuma personas","personas ar garīga rakstura traucējumiem","personas ar invaliditāti ar fiziska rakstura traucējumiem"],"juridiskais_statuss":"Pašvaldības iestādes struktūrvienība","vzd_kods":"101327853"}},{"type":"Feature","geometry":{"type":"Point","coordinates":[27.170974,56.339027]},"properties":{"kategorija":"soc_pakalpojumi","id":"1975","nosaukums":"Rēzeknes novada veselības un sociālās aprūpes centrs","adrese":"Klāras Kondrovas iela 2, Malta, Maltas pag., Rēzeknes nov., LV-4630","pakalpojums":"ilgstoša sociālā aprūpe un sociālā rehabilitācija","pakalpojuma_forma":"ar izmitināšanu","izmitinasana":"izmitināšana","planotais_klientu_skaits":40,"klienti":"pilngadīgas personas (abu dzimumu)","klientu_grupas":["personas ar invaliditāti ar fiziska rakstura traucējumiem","personas ar redzes invaliditāti","pensijas vecuma personas","personas ar garīga rakstura traucējumiem","personas ar dzirdes invaliditāti"],"juridiskais_statuss":"Pašvaldības iestādes struktūrvienība","vzd_kods":"102136714"}},{"type":"Feature","geometry":{"type":"Point","coordinates":[23.991759,56.919515]},"properties":{"kategorija":"soc_pakalpojumi","id":"1976","nosaukums":"SIA \"Sociālā aprūpe mājās\"","adrese":"Dzirnieku iela 16, Mārupe, Mārupes nov., LV-2167","pakalpojums":"aprūpe mājās","pakalpojuma_forma":"bez izmitināšanas","planotais_klientu_skaits":100,"klienti":"pilngadīgas personas (abu dzimumu)","klientu_grupas":["pensijas vecuma personas","personas ar redzes invaliditāti","personas ar dzirdes invaliditāti","personas ar onkoloģiskām slimībām un viņu ģimenes locekļi","personas ar invaliditāti ar fiziska rakstura traucējumiem","personas ar garīga rakstura traucējumiem"],"juridiskais_statuss":"SIA","vzd_kods":"103665502"}},{"type":"Feature","geometry":{"type":"Point","coordinates":[23.697445,56.419156]},"properties":{"kategorija":"soc_pakalpojumi","id":"1977","nosaukums":"Jelgavas novada Sociālās aprūpes un rehabilitācijas centrs","adrese":"Parka iela 11, Eleja, Elejas pag., Jelgavas nov., LV-3023","pakalpojums":"krīzes centrs","pakalpojuma_forma":"ar izmitināšanu","izmitinasana":"izmitināšana","planotais_klientu_skaits":8,"klienti":"visu vecumu un dzimumu personas","klientu_grupas":["krīzes situācijā nonākušas personas"],"juridiskais_statuss":"Pašvaldības iestāde","vzd_kods":"101537950"}},{"type":"Feature","geometry":{"type":"Point","coordinates":[24.283488,56.942694]},"properties":{"kategorija":"soc_pakalpojumi","id":"1979","nosaukums":"SIA Sistēmiskās psihoterapijas centrs","adrese":"Institūta iela 20, Ulbroka, Stopiņu pag., Ropažu nov., LV-2130","pakalpojums":"sociālā rehabilitācija","pakalpojuma_forma":"bez izmitināšanas","planotais_klientu_skaits":30,"klienti":"visu vecumu un dzimumu personas","klientu_grupas":["citi"],"juridiskais_statuss":"SIA struktūrvienība","vzd_kods":"101316238","majaslapa":"https://www.terapijascentrs.eu"}},{"type":"Feature","geometry":{"type":"Point","coordinates":[25.401836,57.543281]},"properties":{"kategorija":"soc_pakalpojumi","id":"1980","nosaukums":"SIA “Sirds un Rūpes” struktūrvienība \"Sirds Osta Valmiera\"","adrese":"Beātes iela 29A, Valmiera, Valmieras nov., LV-4201","pakalpojums":"ilgstoša sociālā aprūpe un sociālā rehabilitācija","pakalpojuma_forma":"ar izmitināšanu","izmitinasana":"izmitināšana","planotais_klientu_skaits":56,"klienti":"pilngadīgas personas (abu dzimumu)","klientu_grupas":["personas ar redzes invaliditāti","personas ar invaliditāti ar fiziska rakstura traucējumiem","personas ar dzirdes invaliditāti","personas ar garīga rakstura traucējumiem","personas ar onkoloģiskām slimībām un viņu ģimenes locekļi","pensijas vecuma personas"],"juridiskais_statuss":"SIA struktūrvienība","vzd_kods":"101048855","majaslapa":"https://sirdsosta.lv"}},{"type":"Feature","geometry":{"type":"Point","coordinates":[24.183954,56.952142]},"properties":{"kategorija":"soc_pakalpojumi","id":"1981","nosaukums":"Sabiedrība ar ierobežotu atbildību \"Mentamed\"","adrese":"Stirnu iela 8, Rīga, LV-1082","pakalpojums":"ilgstoša sociālā aprūpe un sociālā rehabilitācija","pakalpojuma_forma":"ar izmitināšanu","izmitinasana":"izmitināšana","planotais_klientu_skaits":19,"klienti":"pilngadīgas personas (abu dzimumu)","klientu_grupas":["citi"],"juridiskais_statuss":"SIA","vzd_kods":"101999452","majaslapa":"https://www.mentamed.lv"}},{"type":"Feature","geometry":{"type":"Point","coordinates":[21.004816,56.489852]},"properties":{"kategorija":"soc_pakalpojumi","id":"1982","nosaukums":"SIA ,,MENS,,","adrese":"Klaipēdas iela 74, Liepāja, LV-3416","pakalpojums":"sociālā rehabilitācija","pakalpojuma_forma":"bez izmitināšanas","planotais_klientu_skaits":30,"klienti":"visu vecumu un dzimumu personas","klientu_grupas":["personas ar onkoloģiskām slimībām un viņu ģimenes locekļi","personas ar invaliditāti ar fiziska rakstura traucējumiem","paliatīvā aprūpē esošie bērni un viņu ģimenes locekļi","personas ar garīga rakstura traucējumiem","bēgļi un personas, kas ieguvušas alternatīvo statusu","pensijas vecuma personas","personas ar redzes invaliditāti","personas, kas atkarīgas no psihoaktīvām vielām","citi","cilvēku tirdzniecības upuri","bērni bāreņi un bez vecāku gādības palikušie bērni","personas, kas cietušas no prettiesiskām darbībām (tai skaitā vardarbībā cietušas personas)","personas, kas atgriezušās no ieslodzījuma vietas vai ilgstošas bezpajumtniecības","krīzes situācijā nonākušas personas","personas ar dzirdes invaliditāti"],"juridiskais_statuss":"SIA","vzd_kods":"102415778"}},{"type":"Feature","geometry":{"type":"Point","coordinates":[26.175097,56.295995]},"properties":{"kategorija":"soc_pakalpojumi","id":"1983","nosaukums":"Biedrība \"Onkoloģisko pacientu atbalsta biedrība\"Dzīvības koks\"\"","adrese":"\"Dignājas muiža\", Dignājas pag., Jēkabpils nov., LV-5215","pakalpojums":"psihosociālā rehabilitācija","pakalpojuma_forma":"bez izmitināšanas","planotais_klientu_skaits":50,"klienti":"visu vecumu un dzimumu personas","klientu_grupas":["personas ar onkoloģiskām slimībām un viņu ģimenes locekļi"],"juridiskais_statuss":"Biedrība","vzd_kods":"103104015","majaslapa":"https://www.dzivibaskoks.lv"}},{"type":"Feature","geometry":{"type":"Point","coordinates":[26.762005,57.157087]},"properties":{"kategorija":"soc_pakalpojumi","id":"1984","nosaukums":"SIA \"Balvu un Gulbenes slimnīcu apvienība\"","adrese":"Upes iela 1, Gulbene, Gulbenes nov., LV-4401","pakalpojums":"atelpas brīdis","pakalpojuma_forma":"ar izmitināšanu","izmitinasana":"izmitināšana","planotais_klientu_skaits":20,"klienti":"pilngadīgas personas (abu dzimumu)","klientu_grupas":["personas ar dzirdes invaliditāti","personas ar invaliditāti ar fiziska rakstura traucējumiem","personas ar redzes invaliditāti","pensijas vecuma personas","personas ar onkoloģiskām slimībām un viņu ģimenes locekļi"],"juridiskais_statuss":"SIA","vzd_kods":"101548360","majaslapa":"https://slimnicuapvieniba.lv"}},{"type":"Feature","geometry":{"type":"Point","coordinates":[27.257331,57.139553]},"properties":{"kategorija":"soc_pakalpojumi","id":"1985","nosaukums":"Daudzfunkcionālais sociālo pakalpojumu centrs","adrese":"Vidzemes iela 2B, Balvi, Balvu nov., LV-4501","pakalpojums":"dienas aprūpes centrs","pakalpojuma_forma":"bez izmitināšanas","planotais_klientu_skaits":10,"klienti":"bērni (abu dzimumu)","klientu_grupas":["personas ar invaliditāti ar fiziska rakstura traucējumiem"],"juridiskais_statuss":"Pašvaldības iestāde","vzd_kods":"105890476"}},{"type":"Feature","geometry":{"type":"Point","coordinates":[27.257331,57.139553]},"properties":{"kategorija":"soc_pakalpojumi","id":"1986","nosaukums":"Daudzfunkcionālais sociālo pakalpojumu centrs","adrese":"Vidzemes iela 2B, Balvi, Balvu nov., LV-4501","pakalpojums":"sociālā rehabilitācija","pakalpojuma_forma":"bez izmitināšanas","planotais_klientu_skaits":20,"klienti":"bērni (abu dzimumu)","klientu_grupas":["personas ar invaliditāti ar fiziska rakstura traucējumiem"],"juridiskais_statuss":"Pašvaldības iestāde","vzd_kods":"105890476"}},{"type":"Feature","geometry":{"type":"Point","coordinates":[27.257331,57.139553]},"properties":{"kategorija":"soc_pakalpojumi","id":"1987","nosaukums":"Daudzfunkcionālais sociālo pakalpojumu centrs","adrese":"Vidzemes iela 2B, Balvi, Balvu nov., LV-4501","pakalpojums":"dienas aprūpes centrs","pakalpojuma_forma":"bez izmitināšanas","planotais_klientu_skaits":20,"klienti":"pilngadīgas personas (abu dzimumu)","klientu_grupas":["personas ar garīga rakstura traucējumiem"],"juridiskais_statuss":"Pašvaldības iestāde","vzd_kods":"105890476"}},{"type":"Feature","geometry":{"type":"Point","coordinates":[27.257331,57.139553]},"properties":{"kategorija":"soc_pakalpojumi","id":"1988","nosaukums":"Daudzfunkcionālais sociālo pakalpojumu centrs","adrese":"Vidzemes iela 2B, Balvi, Balvu nov., LV-4501","pakalpojums":"specializētās darbnīcas","pakalpojuma_forma":"bez izmitināšanas","planotais_klientu_skaits":16,"klienti":"pilngadīgas personas (abu dzimumu)","klientu_grupas":["personas ar garīga rakstura traucējumiem"],"juridiskais_statuss":"Pašvaldības iestāde","vzd_kods":"105890476"}},{"type":"Feature","geometry":{"type":"Point","coordinates":[25.229126,57.19412]},"properties":{"kategorija":"soc_pakalpojumi","id":"1989","nosaukums":"Biedrības \"Cerību spārni\" Grupu māja “Spāre 2”","adrese":"\"Spāres muiža 8\", Spāre, Amatas pag., Cēsu nov., LV-4139","pakalpojums":"grupu māja (dzīvoklis)","pakalpojuma_forma":"ar izmitināšanu","izmitinasana":"izmitināšana","planotais_klientu_skaits":16,"klienti":"pilngadīgas personas (abu dzimumu)","klientu_grupas":["personas ar garīga rakstura traucējumiem"],"juridiskais_statuss":"Biedrības struktūrvienība","vzd_kods":"106560513","majaslapa":"https://www.ceribusparni.lv"}},{"type":"Feature","geometry":{"type":"Point","coordinates":[27.078915,56.922927]},"properties":{"kategorija":"soc_pakalpojumi","id":"1991","nosaukums":"Daudzfunkcionālais sociālo pakalpojumu centrs","adrese":"Skolas iela 1, Benislava, Lazdukalna pag., Balvu nov., LV-4577","pakalpojums":"dienas aprūpes centrs","pakalpojuma_forma":"bez izmitināšanas","planotais_klientu_skaits":8,"klienti":"pilngadīgas personas (abu dzimumu)","klientu_grupas":["personas ar garīga rakstura traucējumiem"],"juridiskais_statuss":"Pašvaldības iestāde","vzd_kods":"106044335"}},{"type":"Feature","geometry":{"type":"Point","coordinates":[27.078915,56.922927]},"properties":{"kategorija":"soc_pakalpojumi","id":"1992","nosaukums":"Daudzfunkcionālais sociālo pakalpojumu centrs","adrese":"Skolas iela 1, Benislava, Lazdukalna pag., Balvu nov., LV-4577","pakalpojums":"dienas aprūpes centrs","pakalpojuma_forma":"bez izmitināšanas","planotais_klientu_skaits":8,"klienti":"bērni (abu dzimumu)","klientu_grupas":["personas ar invaliditāti ar fiziska rakstura traucējumiem"],"juridiskais_statuss":"Pašvaldības iestāde","vzd_kods":"106044335"}},{"type":"Feature","geometry":{"type":"Point","coordinates":[27.255784,57.141256]},"properties":{"kategorija":"soc_pakalpojumi","id":"1993","nosaukums":"Daudzfunkcionālais sociālo pakalpojumu centrs","adrese":"Liepu iela 2, Balvi, Balvu nov., LV-4501","pakalpojums":"grupu māja (dzīvoklis)","pakalpojuma_forma":"ar izmitināšanu","izmitinasana":"izmitināšana","planotais_klientu_skaits":16,"klienti":"pilngadīgas personas (abu dzimumu)","klientu_grupas":["personas ar garīga rakstura traucējumiem"],"juridiskais_statuss":"Pašvaldības iestāde","vzd_kods":"102326943"}},{"type":"Feature","geometry":{"type":"Point","coordinates":[27.677863,57.182482]},"properties":{"kategorija":"soc_pakalpojumi","id":"1994","nosaukums":"Daudzfunkcionālais sociālo pakalpojumu centrs","adrese":"Abrenes iela 9, Viļaka, Balvu nov., LV-4583","pakalpojums":"dienas aprūpes centrs","pakalpojuma_forma":"bez izmitināšanas","planotais_klientu_skaits":8,"klienti":"pilngadīgas personas (abu dzimumu)","klientu_grupas":["personas ar garīga rakstura traucējumiem"],"juridiskais_statuss":"Pašvaldības iestāde","vzd_kods":"101611410"}},{"type":"Feature","geometry":{"type":"Point","coordinates":[27.671434,57.183262]},"properties":{"kategorija":"soc_pakalpojumi","id":"1995","nosaukums":"Daudzfunkcionālais sociālo pakalpojumu centrs","adrese":"Tautas iela 6, Viļaka, Balvu nov., LV-4583","pakalpojums":"sociālā rehabilitācija","pakalpojuma_forma":"bez izmitināšanas","planotais_klientu_skaits":20,"klienti":"bērni (abu dzimumu)","klientu_grupas":["citi"],"juridiskais_statuss":"Pašvaldības iestāde","vzd_kods":"102329877"}},{"type":"Feature","geometry":{"type":"Point","coordinates":[27.667332,57.185111]},"properties":{"kategorija":"soc_pakalpojumi","id":"1996","nosaukums":"Daudzfunkcionālais sociālo pakalpojumu centrs","adrese":"Balvu iela 10, Viļaka, Balvu nov., LV-4583","pakalpojums":"grupu māja (dzīvoklis)","pakalpojuma_forma":"ar izmitināšanu","izmitinasana":"izmitināšana","planotais_klientu_skaits":8,"klienti":"pilngadīgas personas (abu dzimumu)","klientu_grupas":["personas ar garīga rakstura traucējumiem"],"juridiskais_statuss":"Pašvaldības iestāde","vzd_kods":"101611427"}},{"type":"Feature","geometry":{"type":"Point","coordinates":[24.249585,56.985744]},"properties":{"kategorija":"soc_pakalpojumi","id":"20","nosaukums":"Valsts sociālās aprūpes centrs \"Rīga\" filiāle \"Jugla\"","adrese":"Braila iela 2, Rīga, LV-1024","pakalpojums":"ilgstoša sociālā aprūpe un sociālā rehabilitācija","pakalpojuma_forma":"ar izmitināšanu","izmitinasana":"izmitināšana","planotais_klientu_skaits":170,"klienti":"pilngadīgas personas (abu dzimumu)","klientu_grupas":["personas ar redzes invaliditāti"],"juridiskais_statuss":"Valsts pārvaldes iestādes struktūrvienība","vzd_kods":"101961085","majaslapa":"https://www.vsacriga.gov.lv"}},{"type":"Feature","geometry":{"type":"Point","coordinates":[25.227936,57.19418]},"properties":{"kategorija":"soc_pakalpojumi","id":"2000","nosaukums":"Biedrība \"Cerību spārni\" Dienas aprūpes centrs “Spāre 2”","adrese":"\"Spāres sporta zāle\", Spāre, Amatas pag., Cēsu nov., LV-4139","pakalpojums":"dienas aprūpes centrs","pakalpojuma_forma":"bez izmitināšanas","planotais_klientu_skaits":16,"klienti":"pilngadīgas personas (abu dzimumu)","klientu_grupas":["personas ar garīga rakstura traucējumiem"],"juridiskais_statuss":"Biedrības struktūrvienība","vzd_kods":"104227455","majaslapa":"https://www.ceribusparni.lv"}},{"type":"Feature","geometry":{"type":"Point","coordinates":[24.047169,56.920382]},"properties":{"kategorija":"soc_pakalpojumi","id":"2001","nosaukums":"Latvijas SOS Bērnu ciematu asociācijas Rīgas SOS Jauniešu māja","adrese":"Drustu iela 23, Rīga, LV-1002","pakalpojums":"jauniešu māja","pakalpojuma_forma":"ar izmitināšanu","izmitinasana":"izmitināšana","planotais_klientu_skaits":8,"klienti":"bērni (abu dzimumu)","klientu_grupas":["bērni bāreņi un bez vecāku gādības palikušie bērni"],"juridiskais_statuss":"Biedrības struktūrvienība","vzd_kods":"101877653","majaslapa":"https://www.sosbernuciemati.lv"}},{"type":"Feature","geometry":{"type":"Point","coordinates":[24.094034,56.938954]},"properties":{"kategorija":"soc_pakalpojumi","id":"2002","nosaukums":"Nodibinājums \"Fonds PLECS\"","adrese":"Akmeņu iela 21A, Rīga, LV-1048","pakalpojums":"sociālā rehabilitācija","pakalpojuma_forma":"bez izmitināšanas","planotais_klientu_skaits":5,"klienti":"visu vecumu un dzimumu personas","klientu_grupas":["bērni bāreņi un bez vecāku gādības palikušie bērni","citi"],"juridiskais_statuss":"Nodibinājums","vzd_kods":"101813742","majaslapa":"https://www.plecs.lv"}},{"type":"Feature","geometry":{"type":"Point","coordinates":[23.160956,56.967159]},"properties":{"kategorija":"soc_pakalpojumi","id":"2003","nosaukums":"SIA \"Bērnu un pusaudžu resursu centrs\"","adrese":"Pasta iela 21, Tukums, Tukuma nov., LV-3101","pakalpojums":"sociālā rehabilitācija","pakalpojuma_forma":"bez izmitināšanas","planotais_klientu_skaits":4,"klienti":"bērni (abu dzimumu)","klientu_grupas":["personas, kas atkarīgas no psihoaktīvām vielām"],"juridiskais_statuss":"SIA struktūrvienība","vzd_kods":"102077158","majaslapa":"https://www.pusaudzucentrs.lv"}},{"type":"Feature","geometry":{"type":"Point","coordinates":[26.513766,55.871338]},"properties":{"kategorija":"soc_pakalpojumi","id":"2004","nosaukums":"SIA \"Bērnu un pusaudžu resursu centrs\"","adrese":"Parādes iela 11, Daugavpils, LV-5401","pakalpojums":"sociālā rehabilitācija","pakalpojuma_forma":"bez izmitināšanas","planotais_klientu_skaits":8,"klienti":"bērni (abu dzimumu)","klientu_grupas":["personas, kas atkarīgas no psihoaktīvām vielām"],"juridiskais_statuss":"SIA struktūrvienība","vzd_kods":"102561605","majaslapa":"https://www.pusaudzucentrs.lv"}},{"type":"Feature","geometry":{"type":"Point","coordinates":[27.329575,56.505026]},"properties":{"kategorija":"soc_pakalpojumi","id":"2005","nosaukums":"SIA \"Bērnu un pusaudžu resursu centrs\"","adrese":"Atbrīvošanas aleja 81, Rēzekne, LV-4601","pakalpojums":"sociālā rehabilitācija","pakalpojuma_forma":"bez izmitināšanas","planotais_klientu_skaits":8,"klienti":"bērni (abu dzimumu)","klientu_grupas":["personas, kas atkarīgas no psihoaktīvām vielām"],"juridiskais_statuss":"SIA struktūrvienība","vzd_kods":"103151281","majaslapa":"https://www.pusaudzucentrs.lv"}},{"type":"Feature","geometry":{"type":"Point","coordinates":[24.849439,57.153964]},"properties":{"kategorija":"soc_pakalpojumi","id":"2006","nosaukums":"SIA \"Bērnu un pusaudžu resursu centrs\"","adrese":"Krišjāņa Valdemāra iela 3A, Sigulda, Siguldas nov., LV-2150","pakalpojums":"sociālā rehabilitācija","pakalpojuma_forma":"bez izmitināšanas","planotais_klientu_skaits":4,"klienti":"bērni (abu dzimumu)","klientu_grupas":["personas, kas atkarīgas no psihoaktīvām vielām"],"juridiskais_statuss":"SIA struktūrvienība","vzd_kods":"105560413","majaslapa":"https://www.pusaudzucentrs.lv"}},{"type":"Feature","geometry":{"type":"Point","coordinates":[25.421964,57.54181]},"properties":{"kategorija":"soc_pakalpojumi","id":"2007","nosaukums":"SIA \"Bērnu un pusaudžu resursu centrs\"","adrese":"Beātes iela 12, Valmiera, Valmieras nov., LV-4201","pakalpojums":"sociālā rehabilitācija","pakalpojuma_forma":"bez izmitināšanas","planotais_klientu_skaits":10,"klienti":"bērni (abu dzimumu)","klientu_grupas":["personas, kas atkarīgas no psihoaktīvām vielām"],"juridiskais_statuss":"SIA struktūrvienība","vzd_kods":"102053692","majaslapa":"https://www.pusaudzucentrs.lv"}},{"type":"Feature","geometry":{"type":"Point","coordinates":[23.731395,56.644097]},"properties":{"kategorija":"soc_pakalpojumi","id":"2008","nosaukums":"SIA \"Bērnu un pusaudžu resursu centrs\"","adrese":"Zemgales prospekts 9, Jelgava, LV-3001","pakalpojums":"sociālā rehabilitācija","pakalpojuma_forma":"bez izmitināšanas","planotais_klientu_skaits":20,"klienti":"bērni (abu dzimumu)","klientu_grupas":["personas, kas atkarīgas no psihoaktīvām vielām"],"juridiskais_statuss":"SIA struktūrvienība","vzd_kods":"102514260","majaslapa":"https://www.pusaudzucentrs.lv"}},{"type":"Feature","geometry":{"type":"Point","coordinates":[21.562173,57.395417]},"properties":{"kategorija":"soc_pakalpojumi","id":"2009","nosaukums":"SIA \"Bērnu un pusaudžu resursu centrs\"","adrese":"Užavas iela 8, Ventspils, LV-3601","pakalpojums":"sociālā rehabilitācija","pakalpojuma_forma":"bez izmitināšanas","planotais_klientu_skaits":10,"klienti":"bērni (abu dzimumu)","klientu_grupas":["personas, kas atkarīgas no psihoaktīvām vielām"],"juridiskais_statuss":"SIA struktūrvienība","vzd_kods":"102383962","majaslapa":"https://www.pusaudzucentrs.lv"}},{"type":"Feature","geometry":{"type":"Point","coordinates":[23.715392,56.64731]},"properties":{"kategorija":"soc_pakalpojumi","id":"2010","nosaukums":"Biedrības \"Latvijas Sarkanais Krusts\" Jelgavas naktspatversme","adrese":"Pulkveža Oskara Kalpaka iela 9, Jelgava, LV-3001","pakalpojums":"naktspatversme","pakalpojuma_forma":"ar izmitināšanu","izmitinasana":"izmitināšana","planotais_klientu_skaits":35,"klienti":"pilngadīgas personas (abu dzimumu)","klientu_grupas":["citi","krīzes situācijā nonākušas personas"],"juridiskais_statuss":"Biedrība","vzd_kods":"101777814","majaslapa":"https://www.redcross.lv"}},{"type":"Feature","geometry":{"type":"Point","coordinates":[23.715392,56.64731]},"properties":{"kategorija":"soc_pakalpojumi","id":"2011","nosaukums":"Biedrības \"Latvijas Sarkanais Krusts\" Jelgavas grupu dzīvokļi","adrese":"Pulkveža Oskara Kalpaka iela 9, Jelgava, LV-3001","pakalpojums":"grupu māja (dzīvoklis)","pakalpojuma_forma":"ar izmitināšanu","izmitinasana":"izmitināšana","planotais_klientu_skaits":15,"klienti":"pilngadīgas personas (abu dzimumu)","klientu_grupas":["personas ar garīga rakstura traucējumiem"],"juridiskais_statuss":"Biedrība","vzd_kods":"101777814","majaslapa":"https://www.redcross.lv"}},{"type":"Feature","geometry":{"type":"Point","coordinates":[25.254246,56.603151]},"properties":{"kategorija":"soc_pakalpojumi","id":"2012","nosaukums":"INTEGRATĪVA PIEEJA Biedrība","adrese":"Bērzu iela 5, Aizkraukle, Aizkraukles nov., LV-5101","pakalpojums":"sociālā rehabilitācija","pakalpojuma_forma":"bez izmitināšanas","planotais_klientu_skaits":24,"klienti":"bērni (abu dzimumu)","klientu_grupas":["krīzes situācijā nonākušas personas"],"juridiskais_statuss":"Biedrība","vzd_kods":"101629741","majaslapa":"https://integritya.net"}},{"type":"Feature","geometry":{"type":"Point","coordinates":[23.715703,56.640233]},"properties":{"kategorija":"soc_pakalpojumi","id":"2013","nosaukums":"Biedrības \"Latvijas Samariešu apvienība\" Jelgavas Sociālo pakalpojumu centra “Saime” Dienas aprūpes centrs „Harmonija”","adrese":"Zirgu iela 47A, Jelgava, LV-3001","pakalpojums":"dienas centrs","pakalpojuma_forma":"bez izmitināšanas","planotais_klientu_skaits":15,"klienti":"visu vecumu un dzimumu personas","klientu_grupas":["personas ar garīga rakstura traucējumiem"],"juridiskais_statuss":"Biedrība","vzd_kods":"102609635","majaslapa":"https://www.samariesi.lv"}},{"type":"Feature","geometry":{"type":"Point","coordinates":[23.715703,56.640233]},"properties":{"kategorija":"soc_pakalpojumi","id":"2014","nosaukums":"Biedrības \"Latvijas Samariešu apvienība\" Jelgavas Sociālo pakalpojumu centra “Saime” Dienas aprūpes centrs „Integra”","adrese":"Zirgu iela 47A, Jelgava, LV-3001","pakalpojums":"dienas centrs","pakalpojuma_forma":"bez izmitināšanas","planotais_klientu_skaits":25,"klienti":"pilngadīgas personas (abu dzimumu)","klientu_grupas":["personas ar garīga rakstura traucējumiem"],"juridiskais_statuss":"Biedrība","vzd_kods":"102609635","majaslapa":"https://www.samariesi.lv"}},{"type":"Feature","geometry":{"type":"Point","coordinates":[23.715703,56.640233]},"properties":{"kategorija":"soc_pakalpojumi","id":"2015","nosaukums":"Biedrības \"Latvijas Samariešu apvienība\" Jelgavas sociālo pakalpojumu centra “Saime” Atelpas brīža pakalpojums","adrese":"Zirgu iela 47A, Jelgava, LV-3001","pakalpojums":"atelpas brīdis","pakalpojuma_forma":"ar izmitināšanu un bez izmitināšanas","izmitinasana":"izmitināšana","planotais_klientu_skaits":10,"klienti":"visu vecumu un dzimumu personas","klientu_grupas":["personas ar garīga rakstura traucējumiem","bērni bāreņi un bez vecāku gādības palikušie bērni"],"juridiskais_statuss":"Biedrība","vzd_kods":"102609635","majaslapa":"https://www.samariesi.lv"}},{"type":"Feature","geometry":{"type":"Point","coordinates":[24.129207,56.956125]},"properties":{"kategorija":"soc_pakalpojumi","id":"2016","nosaukums":"Latvijas SOS Bērnu ciematu asociācijas Sociālās rehabilitācijas programma","adrese":"Stabu iela 33A, Rīga, LV-1011","pakalpojums":"sociālā rehabilitācija","pakalpojuma_forma":"ar izmitināšanu","izmitinasana":"izmitināšana","planotais_klientu_skaits":6,"klienti":"bērni (abu dzimumu)","klientu_grupas":["bērni bāreņi un bez vecāku gādības palikušie bērni"],"juridiskais_statuss":"Biedrība","vzd_kods":"104592261","majaslapa":"https://www.sosbernuciemati.lv"}},{"type":"Feature","geometry":{"type":"Point","coordinates":[23.715703,56.640233]},"properties":{"kategorija":"soc_pakalpojumi","id":"2017","nosaukums":"Biedrības \"Latvijas Samariešu apvienība\" Jelgavas Sociālo pakalpojumu centra “Saime” Krīzes centrs","adrese":"Zirgu iela 47A, Jelgava, LV-3001","pakalpojums":"sociālā rehabilitācija","pakalpojuma_forma":"ar izmitināšanu","izmitinasana":"izmitināšana","planotais_klientu_skaits":20,"klienti":"visu vecumu un dzimumu personas","klientu_grupas":["krīzes situācijā nonākušas personas"],"juridiskais_statuss":"Biedrība","vzd_kods":"102609635","majaslapa":"https://www.samariesi.lv"}},{"type":"Feature","geometry":{"type":"Point","coordinates":[23.715703,56.640233]},"properties":{"kategorija":"soc_pakalpojumi","id":"2018","nosaukums":"Biedrības \"Latvijas Samariešu apvienība\" Jelgavas Sociālo pakalpojumu centra “Saime” Ģimeņu sociālās rehabilitācijas pakalpojumu centrs","adrese":"Zirgu iela 47A, Jelgava, LV-3001","pakalpojums":"sociālā rehabilitācija","pakalpojuma_forma":"bez izmitināšanas","planotais_klientu_skaits":30,"klienti":"visu vecumu un dzimumu personas","klientu_grupas":["citi"],"juridiskais_statuss":"Biedrība","vzd_kods":"102609635","majaslapa":"https://www.samariesi.lv"}},{"type":"Feature","geometry":{"type":"Point","coordinates":[25.068105,57.256023]},"properties":{"kategorija":"soc_pakalpojumi","id":"2019","nosaukums":"SIA \"Rehabilitācijas centrs \"Līgatne\"\" struktūrvienība \"Senioru māja\"","adrese":"\"Skaļupes\", Skaļupes, Līgatnes pag., Cēsu nov., LV-4108","pakalpojums":"ilgstoša sociālā aprūpe un sociālā rehabilitācija","pakalpojuma_forma":"ar izmitināšanu","izmitinasana":"izmitināšana","planotais_klientu_skaits":48,"klienti":"pilngadīgas personas (abu dzimumu)","klientu_grupas":["pensijas vecuma personas"],"juridiskais_statuss":"SIA","vzd_kods":"103160321","majaslapa":"https://www.rehcentrsligatne.lv"}},{"type":"Feature","geometry":{"type":"Point","coordinates":[23.692467,56.638022]},"properties":{"kategorija":"soc_pakalpojumi","id":"202","nosaukums":"Valsts sabiedrības ar ierobežotu atbildību \"Slimnīca \"Ģintermuiža\"\" Ilgstošas sociālās aprūpes un sociālās rehabilitācijas nodaļa","adrese":"Filozofu iela 69, Jelgava, LV-3008","pakalpojums":"ilgstoša sociālā aprūpe un sociālā rehabilitācija","pakalpojuma_forma":"ar izmitināšanu","izmitinasana":"izmitināšana","planotais_klientu_skaits":100,"klienti":"pilngadīgas personas (abu dzimumu)","klientu_grupas":["personas ar garīga rakstura traucējumiem"],"juridiskais_statuss":"Valsts SIA struktūrvienība","vzd_kods":"101159867","majaslapa":"https://www.gintermuiza.lv"}},{"type":"Feature","geometry":{"type":"Point","coordinates":[20.999376,56.505117]},"properties":{"kategorija":"soc_pakalpojumi","id":"2020","nosaukums":"Montesori Liepāja","adrese":"Dzintaru iela 8, Liepāja, LV-3401","pakalpojums":"sociālā rehabilitācija","pakalpojuma_forma":"bez izmitināšanas","planotais_klientu_skaits":50,"klienti":"visu vecumu un dzimumu personas","klientu_grupas":["citi","personas ar invaliditāti ar fiziska rakstura traucējumiem","personas ar garīga rakstura traucējumiem"],"juridiskais_statuss":"Biedrība","vzd_kods":"102404218","majaslapa":"https://www.montesoriliepaja.lv"}},{"type":"Feature","geometry":{"type":"Point","coordinates":[26.073532,57.16666]},"properties":{"kategorija":"soc_pakalpojumi","id":"2022","nosaukums":"SARC Senioru nams Piebalga","adrese":"\"Piebalgas pamatskola\", Jaunpiebalga, Jaunpiebalgas pag., Cēsu nov., LV-4125","pakalpojums":"ilgstoša sociālā aprūpe un sociālā rehabilitācija","pakalpojuma_forma":"ar izmitināšanu","izmitinasana":"izmitināšana","planotais_klientu_skaits":46,"klienti":"pilngadīgas personas (abu dzimumu)","klientu_grupas":["krīzes situācijā nonākušas personas","personas, kas atgriezušās no ieslodzījuma vietas vai ilgstošas bezpajumtniecības","personas ar garīga rakstura traucējumiem","pensijas vecuma personas","personas ar dzirdes invaliditāti","bēgļi un personas, kas ieguvušas alternatīvo statusu","personas, kas atkarīgas no psihoaktīvām vielām","personas ar invaliditāti ar fiziska rakstura traucējumiem"],"juridiskais_statuss":"SIA struktūrvienība","vzd_kods":"104761973"}},{"type":"Feature","geometry":{"type":"Point","coordinates":[21.207917,56.878923]},"properties":{"kategorija":"soc_pakalpojumi","id":"2023","nosaukums":"Nodibinājums \"Fonds \"Cilvēks Cilvēkam\"","adrese":"Cīruļu iela 6, Pāvilosta, Dienvidkurzemes nov., LV-3466","pakalpojums":"ilgstoša sociālā aprūpe un sociālā rehabilitācija","pakalpojuma_forma":"ar izmitināšanu","izmitinasana":"izmitināšana","planotais_klientu_skaits":44,"klienti":"pilngadīgas personas (abu dzimumu)","klientu_grupas":["pensijas vecuma personas","personas ar invaliditāti ar fiziska rakstura traucējumiem"],"juridiskais_statuss":"Nodibinājums","vzd_kods":"104418122","majaslapa":"https://www.pansionats.com"}},{"type":"Feature","geometry":{"type":"Point","coordinates":[26.547239,55.893371]},"properties":{"kategorija":"soc_pakalpojumi","id":"2024","nosaukums":"Daugavpils valstspilsētas pašvaldības iestādes \"Sociālais dienests\" Atelpas brīža pakalpojums","adrese":"Šaurā iela 26, Daugavpils, LV-5410","pakalpojums":"atelpas brīdis","pakalpojuma_forma":"ar izmitināšanu","izmitinasana":"izmitināšana","planotais_klientu_skaits":10,"klienti":"pilngadīgas personas (abu dzimumu)","klientu_grupas":["personas ar garīga rakstura traucējumiem","personas ar invaliditāti ar fiziska rakstura traucējumiem"],"juridiskais_statuss":"Pašvaldības iestāde","vzd_kods":"102538884","majaslapa":"https://www.socd.lv"}},{"type":"Feature","geometry":{"type":"Point","coordinates":[24.065071,56.939894]},"properties":{"kategorija":"soc_pakalpojumi","id":"2025","nosaukums":"Biedrība \"Aprūpe tavās mājās\"","adrese":"Ernestīnes iela 24 - 2, Rīga, LV-1083","pakalpojums":"aprūpe mājās","pakalpojuma_forma":"bez izmitināšanas","planotais_klientu_skaits":15,"klienti":"visu vecumu un dzimumu personas","klientu_grupas":["personas ar garīga rakstura traucējumiem","personas ar dzirdes invaliditāti","personas ar redzes invaliditāti","pensijas vecuma personas"],"juridiskais_statuss":"Biedrība","vzd_kods":"112727700","majaslapa":"https://nav"}},{"type":"Feature","geometry":{"type":"Point","coordinates":[25.03657,57.862434]},"properties":{"kategorija":"soc_pakalpojumi","id":"2026","nosaukums":"Biedrības \"Latvijas Samariešu apvienība\" struktūrvienības – Atbalsta centra “LAIVA” Mazsalacas specializētās darbnīcas","adrese":"Parka iela 31, Mazsalaca, Valmieras nov., LV-4215","pakalpojums":"specializētās darbnīcas","pakalpojuma_forma":"bez izmitināšanas","planotais_klientu_skaits":10,"klienti":"pilngadīgas personas (abu dzimumu)","klientu_grupas":["personas ar garīga rakstura traucējumiem"],"juridiskais_statuss":"Biedrība","vzd_kods":"101180947","majaslapa":"https://www.samariesi.lv"}},{"type":"Feature","geometry":{"type":"Point","coordinates":[25.448919,57.885725]},"properties":{"kategorija":"soc_pakalpojumi","id":"2027","nosaukums":"Biedrības \"Latvijas Samariešu apvienība\" Atbalsta centra “LAIVA” Naukšēnu grupu dzīvoklis","adrese":"\"Mazaldari\", Naukšēni, Naukšēnu pag., Valmieras nov., LV-4244","pakalpojums":"grupu māja (dzīvoklis)","pakalpojuma_forma":"ar izmitināšanu","izmitinasana":"izmitināšana","planotais_klientu_skaits":3,"klienti":"pilngadīgas personas (abu dzimumu)","klientu_grupas":["personas ar garīga rakstura traucējumiem"],"juridiskais_statuss":"Biedrība","vzd_kods":"104480465","majaslapa":"https://www.samariesi.lv"}},{"type":"Feature","geometry":{"type":"Point","coordinates":[25.03657,57.862434]},"properties":{"kategorija":"soc_pakalpojumi","id":"2028","nosaukums":"Biedrības \"Latvijas Samariešu apvienība\" Atbalsta centra “LAIVA” Mazsalacas Dienas aprūpes centrs bērniem","adrese":"Parka iela 31, Mazsalaca, Valmieras nov., LV-4215","pakalpojums":"dienas centrs","pakalpojuma_forma":"bez izmitināšanas","planotais_klientu_skaits":10,"klienti":"bērni (abu dzimumu)","klientu_grupas":["citi"],"juridiskais_statuss":"Biedrība","vzd_kods":"101180947","majaslapa":"https://www.samariesi.lv"}},{"type":"Feature","geometry":{"type":"Point","coordinates":[26.754201,56.610436]},"properties":{"kategorija":"soc_pakalpojumi","id":"2029","nosaukums":"Madonas novada Sociālā dienesta struktūrvienība Mobilā aprūpes grupa","adrese":"Rīgas iela 9, Varakļāni, Madonas nov., LV-4838","pakalpojums":"aprūpe mājās","pakalpojuma_forma":"bez izmitināšanas","planotais_klientu_skaits":39,"klienti":"pilngadīgas personas (abu dzimumu)","klientu_grupas":["personas ar onkoloģiskām slimībām un viņu ģimenes locekļi","pensijas vecuma personas","personas ar invaliditāti ar fiziska rakstura traucējumiem"],"juridiskais_statuss":"Pašvaldības iestādes struktūrvienība","vzd_kods":"101404384","majaslapa":"https://www.madona.lv"}},{"type":"Feature","geometry":{"type":"Point","coordinates":[21.570387,57.395426]},"properties":{"kategorija":"soc_pakalpojumi","id":"2030","nosaukums":"Nodibinājums \"Atbalsta centrs ģimenēm un bērniem ar īpašām vajadzībām \"Cimdiņš\"\"","adrese":"Kuldīgas iela 4, Ventspils, LV-3601","pakalpojums":"sociālā rehabilitācija","pakalpojuma_forma":"bez izmitināšanas","planotais_klientu_skaits":120,"klienti":"visu vecumu un dzimumu personas","klientu_grupas":["personas ar invaliditāti ar fiziska rakstura traucējumiem","personas ar garīga rakstura traucējumiem"],"juridiskais_statuss":"Nodibinājums","vzd_kods":"102371056","majaslapa":"https://www.facebook.com/aprupescentrs.cimdins.5"}},{"type":"Feature","geometry":{"type":"Point","coordinates":[24.159767,56.931728]},"properties":{"kategorija":"soc_pakalpojumi","id":"2031","nosaukums":"Biedrības \"Rīgas pilsētas \"Rūpju bērns\"\" specializētā darbnīca \"RB Radošā telpa\"","adrese":"Latgales iela 180B, Rīga, LV-1019","pakalpojums":"specializētās darbnīcas","pakalpojuma_forma":"bez izmitināšanas","planotais_klientu_skaits":14,"klienti":"pilngadīgas personas (abu dzimumu)","klientu_grupas":["personas ar garīga rakstura traucējumiem"],"juridiskais_statuss":"Biedrība","vzd_kods":"106932361","majaslapa":"https://www.rupjuberns.lv"}},{"type":"Feature","geometry":{"type":"Point","coordinates":[26.496437,55.885131]},"properties":{"kategorija":"soc_pakalpojumi","id":"2032","nosaukums":"Daugavpils valstspilsētas pašvaldības iestādes \"Sociālais dienests\" Daudzfunkcionālā sociālo pakalpojumu centra \"Priedīte\" Bērnu sociālās aprūpes centrs","adrese":"Komandanta iela 3, Daugavpils, LV-5401","pakalpojums":"ilgstoša sociālā aprūpe un sociālā rehabilitācija","pakalpojuma_forma":"ar izmitināšanu","izmitinasana":"izmitināšana","planotais_klientu_skaits":16,"klienti":"bērni (abu dzimumu)","klientu_grupas":["bērni bāreņi un bez vecāku gādības palikušie bērni"],"juridiskais_statuss":"Pašvaldības iestādes struktūrvienība","vzd_kods":"102531115","majaslapa":"https://www.socd.lv"}},{"type":"Feature","geometry":{"type":"Point","coordinates":[24.103224,56.950744]},"properties":{"kategorija":"soc_pakalpojumi","id":"2033","nosaukums":"Kopienas centrs \"Svētās Ģimenes Māja\"","adrese":"Klostera iela 5, Rīga, LV-1050","pakalpojums":"cits: Sociālais darbs ar kopienu","pakalpojuma_forma":"bez izmitināšanas","planotais_klientu_skaits":150,"klienti":"visu vecumu un dzimumu personas","klientu_grupas":["citi","pensijas vecuma personas"],"juridiskais_statuss":"Biedrība","vzd_kods":"101913581","majaslapa":"https://svgimenesmaja.lv"}},{"type":"Feature","geometry":{"type":"Point","coordinates":[26.58109,55.911932]},"properties":{"kategorija":"soc_pakalpojumi","id":"2034","nosaukums":"Daugavpils valstspilsētas pašvaldības iestādes \"Sociālais dienests\" Daudzfunkcionālā sociālo pakalpojumu centra \"Priedīte\" Dienas aprūpes centra pakalpojums pilngadīgām personām ar garīga rakstura traucējumiem","adrese":"Turaidas iela 36, Daugavpils, LV-5417","pakalpojums":"dienas aprūpes centrs","pakalpojuma_forma":"bez izmitināšanas","planotais_klientu_skaits":10,"klienti":"pilngadīgas personas (abu dzimumu)","klientu_grupas":["personas ar garīga rakstura traucējumiem"],"juridiskais_statuss":"Pašvaldības iestādes struktūrvienība","vzd_kods":"101809164","majaslapa":"https://www.socd.lv"}},{"type":"Feature","geometry":{"type":"Point","coordinates":[26.58109,55.911932]},"properties":{"kategorija":"soc_pakalpojumi","id":"2035","nosaukums":"Daugavpils valstspilsētas pašvaldības iestādes \"Sociālais dienests\" Daudzfunkcionālā sociālo pakalpojumu centra \"Priedīte\" dienas aprūpes centra pakalpojums bērniem ar funkcionāliem traucējumiem","adrese":"Turaidas iela 36, Daugavpils, LV-5417","pakalpojums":"dienas aprūpes centrs","pakalpojuma_forma":"bez izmitināšanas","planotais_klientu_skaits":30,"klienti":"bērni (abu dzimumu)","klientu_grupas":["personas ar invaliditāti ar fiziska rakstura traucējumiem"],"juridiskais_statuss":"Pašvaldības iestādes struktūrvienība","vzd_kods":"101809164","majaslapa":"https://www.socd.lv"}},{"type":"Feature","geometry":{"type":"Point","coordinates":[26.664797,56.554034]},"properties":{"kategorija":"soc_pakalpojumi","id":"2036","nosaukums":"Varakļānu Sociālās aprūpes centra “Varavīksne”","adrese":"\"Stirnienes muiža\", Varakļānu pag., Madonas nov., LV-4837","pakalpojums":"ilgstoša sociālā aprūpe un sociālā rehabilitācija","pakalpojuma_forma":"ar izmitināšanu","izmitinasana":"izmitināšana","planotais_klientu_skaits":45,"klienti":"pilngadīgas personas (abu dzimumu)","klientu_grupas":["personas ar invaliditāti ar fiziska rakstura traucējumiem","pensijas vecuma personas"],"juridiskais_statuss":"Pašvaldības iestāde","vzd_kods":"105202147"}},{"type":"Feature","geometry":{"type":"Point","coordinates":[26.58109,55.911932]},"properties":{"kategorija":"soc_pakalpojumi","id":"2037","nosaukums":"Daugavpils valstspilsētas pašvaldības iestādes \"Sociālais dienests\" Daudzfunkcionālā sociālo pakalpojumu centra \"Priedīte\" Atelpas brīža pakalpojums bērniem","adrese":"Turaidas iela 36, Daugavpils, LV-5417","pakalpojums":"atelpas brīdis","pakalpojuma_forma":"ar izmitināšanu","izmitinasana":"izmitināšana","planotais_klientu_skaits":6,"klienti":"bērni (abu dzimumu)","klientu_grupas":["personas ar invaliditāti ar fiziska rakstura traucējumiem"],"juridiskais_statuss":"Pašvaldības iestādes struktūrvienība","vzd_kods":"101809164","majaslapa":"https://www.socd.lv"}},{"type":"Feature","geometry":{"type":"Point","coordinates":[26.58109,55.911932]},"properties":{"kategorija":"soc_pakalpojumi","id":"2038","nosaukums":"Daugavpils valstspilsētas pašvaldības iestādes \"Sociālais dienests\" Daudzfunkcionālā sociālo pakalpojumu centra \"Priedīte\" Krīzes centrs bērniem","adrese":"Turaidas iela 36, Daugavpils, LV-5417","pakalpojums":"krīzes centrs","pakalpojuma_forma":"ar izmitināšanu","izmitinasana":"izmitināšana","planotais_klientu_skaits":10,"klienti":"bērni (abu dzimumu)","klientu_grupas":["krīzes situācijā nonākušas personas"],"juridiskais_statuss":"Pašvaldības iestādes struktūrvienība","vzd_kods":"101809164","majaslapa":"https://www.socd.lv"}},{"type":"Feature","geometry":{"type":"Point","coordinates":[24.11527,56.9521]},"properties":{"kategorija":"soc_pakalpojumi","id":"2039","nosaukums":"SIA Hospiss Māja","adrese":"Brīvības bulvāris 32 - 3, Rīga, LV-1050","pakalpojums":"dienas aprūpes centrs","pakalpojuma_forma":"bez izmitināšanas","planotais_klientu_skaits":15,"klienti":"pilngadīgas personas (abu dzimumu)","klientu_grupas":["personas ar onkoloģiskām slimībām un viņu ģimenes locekļi","paliatīvā aprūpē esošie bērni un viņu ģimenes locekļi","Pilngadīga persona, kura smagu funkcionālu traucējumu dēļ nespēj sevi aprūpēt","personas ar garīga rakstura traucējumiem","pensijas vecuma personas","personas ar invaliditāti ar fiziska rakstura traucējumiem"],"juridiskais_statuss":"SIA","vzd_kods":"119218328","majaslapa":"https://www.hospissmaja.lv"}},{"type":"Feature","geometry":{"type":"Point","coordinates":[24.126168,56.940612]},"properties":{"kategorija":"soc_pakalpojumi","id":"204","nosaukums":"Latvijas Portidžas mācībsistēmas asociācija","adrese":"Elijas iela 17, Rīga, LV-1050","pakalpojums":"sociālā rehabilitācija","pakalpojuma_forma":"bez izmitināšanas","planotais_klientu_skaits":100,"klienti":"bērni, kuri uzturas kopā ar vecākiem, tuviniekiem, aizbildņiem","klientu_grupas":["personas ar garīga rakstura traucējumiem","invalīdi ar fiziska rakstura traucējumiem"],"juridiskais_statuss":"Biedrība","vzd_kods":"101829627","majaslapa":"https://Facebook \"Portidžas agrīnā korekcija\""}},{"type":"Feature","geometry":{"type":"Point","coordinates":[26.58109,55.911932]},"properties":{"kategorija":"soc_pakalpojumi","id":"2040","nosaukums":"Daugavpils valstspilsētas pašvaldības iestādes \"Sociālais dienests\" Daudzfunkcionālā sociālo pakalpojumu centra \"Priedīte sociālās rehabilitācijas pakalpojumi bērniem ar funkcionāliem traucējumiem\"","adrese":"Turaidas iela 36, Daugavpils, LV-5417","pakalpojums":"sociālā rehabilitācija","pakalpojuma_forma":"bez izmitināšanas","planotais_klientu_skaits":20,"klienti":"bērni (abu dzimumu)","klientu_grupas":["personas ar invaliditāti ar fiziska rakstura traucējumiem"],"juridiskais_statuss":"Pašvaldības iestādes struktūrvienība","vzd_kods":"101809164","majaslapa":"https://www.socd.lv"}},{"type":"Feature","geometry":{"type":"Point","coordinates":[25.697689,57.627703]},"properties":{"kategorija":"soc_pakalpojumi","id":"2041","nosaukums":"SIA SP Labāka Rītdiena SARC\"STRENČI\"","adrese":"Valkas iela 11, Strenči, Valmieras nov., LV-4730","pakalpojums":"ilgstoša sociālā aprūpe un sociālā rehabilitācija","pakalpojuma_forma":"ar izmitināšanu","izmitinasana":"izmitināšana","planotais_klientu_skaits":61,"klienti":"pilngadīgas personas (abu dzimumu)","klientu_grupas":["personas, kas atkarīgas no psihoaktīvām vielām","personas ar garīga rakstura traucējumiem","Pilngadīga persona pēc ārstēšanās stacionārā","pensijas vecuma personas","personas ar redzes invaliditāti","personas ar invaliditāti ar fiziska rakstura traucējumiem","personas ar dzirdes invaliditāti","krīzes situācijā nonākušas personas","Pilngadīga persona, kura smagu funkcionālu traucējumu dēļ nespēj sevi aprūpēt"],"juridiskais_statuss":"SIA struktūrvienība","vzd_kods":"102678523"}},{"type":"Feature","geometry":{"type":"Point","coordinates":[24.177759,56.971895]},"properties":{"kategorija":"soc_pakalpojumi","id":"2043","nosaukums":"SIA \"CareLat\"","adrese":"Zālīša iela 4, Rīga, LV-1039","pakalpojums":"ilgstoša sociālā aprūpe un sociālā rehabilitācija","pakalpojuma_forma":"ar izmitināšanu","izmitinasana":"izmitināšana","planotais_klientu_skaits":8,"klienti":"bērni (abu dzimumu)","klientu_grupas":["bērni bāreņi un bez vecāku gādības palikušie bērni"],"juridiskais_statuss":"SIA","vzd_kods":"102026536","majaslapa":"https://www.carelat.lv"}},{"type":"Feature","geometry":{"type":"Point","coordinates":[24.119851,56.95952]},"properties":{"kategorija":"soc_pakalpojumi","id":"2044","nosaukums":"Nodibinājums Invalīdu un viņu draugu apvienība „Apeirons”","adrese":"Krišjāņa Valdemāra iela 38 k-1, Rīga, LV-1010","pakalpojums":"atelpas brīdis","pakalpojuma_forma":"bez izmitināšanas","planotais_klientu_skaits":100,"klienti":"bērni, kuri uzturas kopā ar vecākiem, tuviniekiem, aizbildņiem","klientu_grupas":["personas ar redzes invaliditāti","personas ar onkoloģiskām slimībām un viņu ģimenes locekļi","paliatīvā aprūpē esošie bērni un viņu ģimenes locekļi","personas ar invaliditāti ar fiziska rakstura traucējumiem","personas ar garīga rakstura traucējumiem","personas ar dzirdes invaliditāti"],"juridiskais_statuss":"Nodibinājums","vzd_kods":"105491168","majaslapa":"https://www.apeirons.lv"}},{"type":"Feature","geometry":{"type":"Point","coordinates":[24.129872,56.957832]},"properties":{"kategorija":"soc_pakalpojumi","id":"2045","nosaukums":"Biedrība \"Skalbes\" Struktūrvienība “Krīzes centrs “Skalbes”\"","adrese":"Tērbatas iela 59/61 - 69, Rīga, LV-1001","pakalpojums":"sociālā rehabilitācija","pakalpojuma_forma":"bez izmitināšanas","planotais_klientu_skaits":150,"klienti":"pilngadīgas personas (abu dzimumu)","klientu_grupas":["personas, kas cietušas no prettiesiskām darbībām (tai skaitā vardarbībā cietušas personas)"],"juridiskais_statuss":"Biedrība","vzd_kods":"118342876","majaslapa":"https://www.skalbes.lv"}},{"type":"Feature","geometry":{"type":"Point","coordinates":[26.525364,55.877743]},"properties":{"kategorija":"soc_pakalpojumi","id":"2046","nosaukums":"Sociālās rehabilitācijas centrs \"Smart School\"","adrese":"Muitas iela 1, Daugavpils, LV-5401","pakalpojums":"dienas centrs","pakalpojuma_forma":"bez izmitināšanas","planotais_klientu_skaits":30,"klienti":"visu vecumu un dzimumu personas","klientu_grupas":["personas ar dzirdes invaliditāti","personas ar garīga rakstura traucējumiem","bērni bāreņi un bez vecāku gādības palikušie bērni","personas ar redzes invaliditāti","personas ar invaliditāti ar fiziska rakstura traucējumiem","krīzes situācijā nonākušas personas"],"juridiskais_statuss":"Biedrība","vzd_kods":"101802600"}},{"type":"Feature","geometry":{"type":"Point","coordinates":[26.607087,55.893432]},"properties":{"kategorija":"soc_pakalpojumi","id":"2047","nosaukums":"Daugavpils valstspilsētas pašvaldības iestādes \"Sociālais dienests\" Daugavpils sociālās aprūpes centrs","adrese":"18. novembra iela 354A, Daugavpils, LV-5413","pakalpojums":"Islaicīga sociālā aprūpe un sociālā rehabilitācija","pakalpojuma_forma":"ar izmitināšanu","izmitinasana":"izmitināšana","planotais_klientu_skaits":5,"klienti":"pilngadīgas personas (abu dzimumu)","klientu_grupas":["Pilngadīga persona, kura smagu funkcionālu traucējumu dēļ nespēj sevi aprūpēt"],"juridiskais_statuss":"Pašvaldības iestādes struktūrvienība","vzd_kods":"102524070","majaslapa":"https://www.socd.lv"}},{"type":"Feature","geometry":{"type":"Point","coordinates":[23.615031,56.799601]},"properties":{"kategorija":"soc_pakalpojumi","id":"2048","nosaukums":"Jelgavas novada Daudzfunkcionālais sociālo pakalpojumu centrs \"LAIPA\"","adrese":"Draudzības iela 3, Kalnciems, Kalnciema pag., Jelgavas nov., LV-3016","pakalpojums":"sociālā rehabilitācija","pakalpojuma_forma":"bez izmitināšanas","planotais_klientu_skaits":20,"klienti":"visu vecumu un dzimumu personas","klientu_grupas":["personas ar garīga rakstura traucējumiem","personas ar invaliditāti ar fiziska rakstura traucējumiem","pensijas vecuma personas","personas ar redzes invaliditāti","krīzes situācijā nonākušas personas","bērni bāreņi un bez vecāku gādības palikušie bērni","personas ar dzirdes invaliditāti"],"juridiskais_statuss":"Pašvaldības iestāde","vzd_kods":"101536200","majaslapa":"https://www.jelgavasnovads.lv/lv/strukturvieniba/daudzfunkcionalais-socialo-pakalpojumu-centrs-laipa"}},{"type":"Feature","geometry":{"type":"Point","coordinates":[26.58109,55.911932]},"properties":{"kategorija":"soc_pakalpojumi","id":"2049","nosaukums":"Daugavpils valstspilsētas pašvaldības iestādes \"Sociālais dienests\" Daudzfunkcionālā sociālo pakalpojumu centra \"Priedīte\" Bērnu sociālās aprūpes centrs","adrese":"Turaidas iela 36, Daugavpils, LV-5417","pakalpojums":"ilgstoša sociālā aprūpe un sociālā rehabilitācija","pakalpojuma_forma":"ar izmitināšanu","izmitinasana":"izmitināšana","planotais_klientu_skaits":5,"klienti":"bērni (abu dzimumu)","klientu_grupas":["bērni bāreņi un bez vecāku gādības palikušie bērni"],"juridiskais_statuss":"Pašvaldības iestādes struktūrvienība","vzd_kods":"101809164","majaslapa":"https://www.socd.lv"}},{"type":"Feature","geometry":{"type":"Point","coordinates":[26.58109,55.911932]},"properties":{"kategorija":"soc_pakalpojumi","id":"2050","nosaukums":"Daugavpils valstspilsētas pašvaldības iestādes \"Sociālais dienests\" Daudzfunkcionālā sociālo pakalpojumu centra \"Priedīte\" Jauniešu māja","adrese":"Turaidas iela 36, Daugavpils, LV-5417","pakalpojums":"jauniešu māja","pakalpojuma_forma":"ar izmitināšanu","izmitinasana":"izmitināšana","planotais_klientu_skaits":4,"klienti":"bērni (abu dzimumu)","klientu_grupas":["bērni bāreņi un bez vecāku gādības palikušie bērni"],"juridiskais_statuss":"Pašvaldības iestādes struktūrvienība","vzd_kods":"101809164","majaslapa":"https://www.socd.lv"}},{"type":"Feature","geometry":{"type":"Point","coordinates":[22.259611,57.325647]},"properties":{"kategorija":"soc_pakalpojumi","id":"2051","nosaukums":"SAC \"Dižieres\"","adrese":"\"Dižieres\", Stikli, Puzes pag., Ventspils nov., LV-3613","pakalpojums":"ilgstoša sociālā aprūpe un sociālā rehabilitācija","pakalpojuma_forma":"ar izmitināšanu","izmitinasana":"izmitināšana","planotais_klientu_skaits":16,"klienti":"pilngadīgas personas (abu dzimumu)","klientu_grupas":["Pilngadīga persona, kura smagu funkcionālu traucējumu dēļ nespēj sevi aprūpēt","pensijas vecuma personas","Pilngadīga persona pēc ārstēšanās stacionārā","personas ar invaliditāti ar fiziska rakstura traucējumiem"],"juridiskais_statuss":"SIA struktūrvienība","vzd_kods":"102843746","majaslapa":"https://www.dizieres.lv"}},{"type":"Feature","geometry":{"type":"Point","coordinates":[24.181261,56.966888]},"properties":{"kategorija":"soc_pakalpojumi","id":"2052","nosaukums":"Biedrības \"Rīgas pilsētas \"Rūpju bērns\"\" grupu dzīvoklis \"Azotē\"","adrese":"Burtnieku iela 37, Rīga, LV-1084","pakalpojums":"grupu māja (dzīvoklis)","pakalpojuma_forma":"ar izmitināšanu","izmitinasana":"izmitināšana","planotais_klientu_skaits":8,"klienti":"pilngadīgas personas (abu dzimumu)","klientu_grupas":["personas ar garīga rakstura traucējumiem"],"juridiskais_statuss":"Biedrība","vzd_kods":"101823431","majaslapa":"https://www.rupjuberns.lv"}},{"type":"Feature","geometry":{"type":"Point","coordinates":[24.082201,56.929556]},"properties":{"kategorija":"soc_pakalpojumi","id":"2053","nosaukums":"CARITAS LATVIJA","adrese":"Ojāra Vācieša iela 6 k-4, Rīga, LV-1004","pakalpojums":"ilgstoša sociālā aprūpe un sociālā rehabilitācija","pakalpojuma_forma":"ar izmitināšanu","izmitinasana":"izmitināšana","planotais_klientu_skaits":6,"klienti":"bērni (abu dzimumu)","klientu_grupas":["bērni bāreņi un bez vecāku gādības palikušie bērni"],"juridiskais_statuss":"Nodibinājums","vzd_kods":"106615516","majaslapa":"https://www.caritas.lv"}},{"type":"Feature","geometry":{"type":"Point","coordinates":[24.050141,57.030693]},"properties":{"kategorija":"soc_pakalpojumi","id":"2054","nosaukums":"Nodibinājums \"Latvijas Evaņģēliski luteriskās Baznīcas Diakonijas centrs\" Daudzfunkcionālais sociālo pakalpojumu centrs \"Dzīvības aka\"","adrese":"Mežrozīšu iela 43 - 1, Rīga, LV-1016","pakalpojums":"cits: Kopienas centra pakalpojums","pakalpojuma_forma":"bez izmitināšanas","planotais_klientu_skaits":60,"klienti":"pilngadīgas personas (abu dzimumu)","klientu_grupas":["bēgļi un personas, kas ieguvušas alternatīvo statusu","pensijas vecuma personas","personas ar redzes invaliditāti","personas ar invaliditāti ar fiziska rakstura traucējumiem","personas ar dzirdes invaliditāti","krīzes situācijā nonākušas personas","personas, kas atgriezušās no ieslodzījuma vietas vai ilgstošas bezpajumtniecības"],"juridiskais_statuss":"Nodibinājuma struktūrvienība","vzd_kods":"119377630","majaslapa":"https://www.diakonija.lv/dzivibas-aka"}},{"type":"Feature","geometry":{"type":"Point","coordinates":[24.017876,56.950825]},"properties":{"kategorija":"soc_pakalpojumi","id":"2055","nosaukums":"Nodibinājums \"Latvijas Evaņģēliski luteriskās Baznīcas Diakonijas centrs\" struktūrvienība dienas centrs \"Mēs\"","adrese":"Imantas 8. līnija 1 k-3 - 1, Rīga, LV-1083","pakalpojums":"cits: Kopienas centra pakalpojums","pakalpojuma_forma":"bez izmitināšanas","planotais_klientu_skaits":50,"klienti":"pilngadīgas personas (abu dzimumu)","klientu_grupas":["personas ar redzes invaliditāti","pensijas vecuma personas","personas, kas atgriezušās no ieslodzījuma vietas vai ilgstošas bezpajumtniecības","personas ar invaliditāti ar fiziska rakstura traucējumiem","krīzes situācijā nonākušas personas","personas ar dzirdes invaliditāti","bēgļi un personas, kas ieguvušas alternatīvo statusu"],"juridiskais_statuss":"Nodibinājuma struktūrvienība","vzd_kods":"118892081","majaslapa":"https://www.diakonija.lv"}},{"type":"Feature","geometry":{"type":"Point","coordinates":[24.174341,56.967469]},"properties":{"kategorija":"soc_pakalpojumi","id":"2056","nosaukums":"Nodibinājums \"Latvijas Evaņģēliski luteriskās Baznīcas Diakonijas centrs\" struktūrvienība dienas centrs \"Paaudzes\"","adrese":"Ūnijas iela 49 - 1, Rīga, LV-1039","pakalpojums":"cits: Kopienas centra pakalpojums","pakalpojuma_forma":"bez izmitināšanas","planotais_klientu_skaits":50,"klienti":"pilngadīgas personas (abu dzimumu)","klientu_grupas":["pensijas vecuma personas","personas ar invaliditāti ar fiziska rakstura traucējumiem","personas ar redzes invaliditāti","krīzes situācijā nonākušas personas","personas ar dzirdes invaliditāti","bēgļi un personas, kas ieguvušas alternatīvo statusu"],"juridiskais_statuss":"Nodibinājuma struktūrvienība","vzd_kods":"118034590","majaslapa":"https://www.diakonija.lv"}},{"type":"Feature","geometry":{"type":"Point","coordinates":[24.050447,56.917197]},"properties":{"kategorija":"soc_pakalpojumi","id":"2057","nosaukums":"Biedrības \"Latvijas Samariešu apvienība\" Bērnu ilgstošās aprūpes centrs UPE","adrese":"Penkules iela 3A, Rīga, LV-1058","pakalpojums":"ilgstoša sociālā aprūpe un sociālā rehabilitācija","pakalpojuma_forma":"ar izmitināšanu","izmitinasana":"izmitināšana","planotais_klientu_skaits":7,"klienti":"bērni (abu dzimumu)","klientu_grupas":["bērni bāreņi un bez vecāku gādības palikušie bērni"],"juridiskais_statuss":"Biedrība","vzd_kods":"101964314","majaslapa":"https://www.samariesi.lv"}},{"type":"Feature","geometry":{"type":"Point","coordinates":[22.988226,56.877926]},"properties":{"kategorija":"soc_pakalpojumi","id":"2058","nosaukums":"SIA \"Irlavas Sarkanā Krusta slimnīca\" Pieaugušo ilgstošās sociālās aprūpes un sociālās rehabilitācijas nodaļa","adrese":"\"Irlavas Sarkanā krusta slimnīca \", Irlava, Irlavas pag., Tukuma nov., LV-3137","pakalpojums":"Islaicīga sociālā aprūpe un sociālā rehabilitācija","pakalpojuma_forma":"ar izmitināšanu","izmitinasana":"izmitināšana","planotais_klientu_skaits":6,"klienti":"pilngadīgas personas (abu dzimumu)","klientu_grupas":["krīzes situācijā nonākušas personas","personas ar onkoloģiskām slimībām un viņu ģimenes locekļi","Pilngadīga persona, kura smagu funkcionālu traucējumu dēļ nespēj sevi aprūpēt","pensijas vecuma personas","personas ar redzes invaliditāti","Pilngadīga persona pēc ārstēšanās stacionārā"],"juridiskais_statuss":"SIA","vzd_kods":"105343263","majaslapa":"https://irlavasslimnica.eu"}},{"type":"Feature","geometry":{"type":"Point","coordinates":[25.439359,57.525311]},"properties":{"kategorija":"soc_pakalpojumi","id":"2059","nosaukums":"Sociālais atbalsta centrs \"Gauja\" - nakts patversme","adrese":"Ūdens iela 2C, Valmiera, Valmieras nov., LV-4201","pakalpojums":"naktspatversme","pakalpojuma_forma":"ar izmitināšanu","izmitinasana":"izmitināšana","planotais_klientu_skaits":16,"klienti":"pilngadīgas personas (abu dzimumu)","klientu_grupas":["personas, kas atkarīgas no psihoaktīvām vielām","krīzes situācijā nonākušas personas","personas, kas atgriezušās no ieslodzījuma vietas vai ilgstošas bezpajumtniecības","personas ar invaliditāti ar fiziska rakstura traucējumiem","pensijas vecuma personas"],"juridiskais_statuss":"SIA struktūrvienība","vzd_kods":"102057056","majaslapa":"https://www.labakaritdiena.lv"}},{"type":"Feature","geometry":{"type":"Point","coordinates":[24.223432,56.601568]},"properties":{"kategorija":"soc_pakalpojumi","id":"2060","nosaukums":"Biedrības \"Cerību spārni\" Daudzfunkcionālais sociālo pakalpojumu centrs “Iecava”","adrese":"Baldones iela 65, Iecava, Bauskas nov., LV-3913","pakalpojums":"dienas aprūpes centrs","pakalpojuma_forma":"bez izmitināšanas","planotais_klientu_skaits":10,"klienti":"bērni (abu dzimumu)","klientu_grupas":["citi"],"juridiskais_statuss":"Biedrības struktūrvienība","vzd_kods":"102314012","majaslapa":"https://www.ceribusparni.lv"}},{"type":"Feature","geometry":{"type":"Point","coordinates":[24.166741,56.958376]},"properties":{"kategorija":"soc_pakalpojumi","id":"2061","nosaukums":"SIA \"CareLat\"","adrese":"Staiceles iela 2A, Rīga, LV-1035","pakalpojums":"ilgstoša sociālā aprūpe un sociālā rehabilitācija","pakalpojuma_forma":"ar izmitināšanu","izmitinasana":"izmitināšana","planotais_klientu_skaits":7,"klienti":"bērni (abu dzimumu)","klientu_grupas":["personas ar garīga rakstura traucējumiem","citi","personas ar redzes invaliditāti","bērni bāreņi un bez vecāku gādības palikušie bērni","personas ar dzirdes invaliditāti"],"juridiskais_statuss":"SIA","vzd_kods":"101997030","majaslapa":"https://www.carelat.lv"}},{"type":"Feature","geometry":{"type":"Point","coordinates":[24.170569,56.970594]},"properties":{"kategorija":"soc_pakalpojumi","id":"2062","nosaukums":"SIA \"CareLat\"","adrese":"Raunas iela 10, Rīga, LV-1039","pakalpojums":"aprūpe mājās","pakalpojuma_forma":"bez izmitināšanas","planotais_klientu_skaits":200,"klienti":"visu vecumu un dzimumu personas","klientu_grupas":["personas ar redzes invaliditāti","personas ar invaliditāti ar fiziska rakstura traucējumiem","citi","personas ar garīga rakstura traucējumiem","personas ar dzirdes invaliditāti","personas ar onkoloģiskām slimībām un viņu ģimenes locekļi","paliatīvā aprūpē esošie bērni un viņu ģimenes locekļi","Pilngadīga persona, kura smagu funkcionālu traucējumu dēļ nespēj sevi aprūpēt"],"juridiskais_statuss":"SIA","vzd_kods":"101975046","majaslapa":"https://www.carelat.lv"}},{"type":"Feature","geometry":{"type":"Point","coordinates":[24.416675,57.273598]},"properties":{"kategorija":"soc_pakalpojumi","id":"2063","nosaukums":"Saulkrastu novada Sociālā dienesta struktūrvienība Sociālās rehabilitācijas kabinets","adrese":"Ainažu iela 34, Saulkrasti, Saulkrastu nov., LV-2160","pakalpojums":"sociālā rehabilitācija","pakalpojuma_forma":"bez izmitināšanas","planotais_klientu_skaits":20,"klienti":"visu vecumu un dzimumu personas","klientu_grupas":["citi","personas ar garīga rakstura traucējumiem"],"juridiskais_statuss":"Pašvaldības iestādes struktūrvienība","vzd_kods":"102110400"}},{"type":"Feature","geometry":{"type":"Point","coordinates":[25.503915,57.279079]},"properties":{"kategorija":"soc_pakalpojumi","id":"2068","nosaukums":"Biedrības \"Dižvanagi\", Rehabilitācijas un Sociālo inovāciju centrs (Vidzeme)","adrese":"\"Vālodzes\", Bērzkrogs, Veselavas pag., Cēsu nov., LV-4116","pakalpojums":"sociālā rehabilitācija","pakalpojuma_forma":"bez izmitināšanas","planotais_klientu_skaits":60,"klienti":"visu vecumu un dzimumu personas","klientu_grupas":["personas ar invaliditāti ar fiziska rakstura traucējumiem","krīzes situācijā nonākušas personas","paliatīvā aprūpē esošie bērni un viņu ģimenes locekļi","personas ar garīga rakstura traucējumiem"],"juridiskais_statuss":"Biedrība","vzd_kods":"102987802","majaslapa":"https://www.dizvanagi.lv"}},{"type":"Feature","geometry":{"type":"Point","coordinates":[25.503915,57.279079]},"properties":{"kategorija":"soc_pakalpojumi","id":"2069","nosaukums":"Biedrības \"Dižvanagi\", Rehabilitācijas un Sociālo inovāciju centrs (Vidzeme)","adrese":"\"Vālodzes\", Bērzkrogs, Veselavas pag., Cēsu nov., LV-4116","pakalpojums":"atelpas brīdis","pakalpojuma_forma":"ar izmitināšanu","izmitinasana":"izmitināšana","planotais_klientu_skaits":8,"klienti":"pilngadīgas personas (abu dzimumu)","klientu_grupas":["paliatīvā aprūpē esošie bērni un viņu ģimenes locekļi","personas ar garīga rakstura traucējumiem","personas ar invaliditāti ar fiziska rakstura traucējumiem"],"juridiskais_statuss":"Biedrība","vzd_kods":"102987802","majaslapa":"https://www.dizvanagi.lv"}},{"type":"Feature","geometry":{"type":"Point","coordinates":[23.72879,56.648558]},"properties":{"kategorija":"soc_pakalpojumi","id":"2070","nosaukums":"Nodibinājums \"Caritas Latvija\"","adrese":"Raiņa iela 7A, Jelgava, LV-3001","pakalpojums":"sociālā rehabilitācija","pakalpojuma_forma":"bez izmitināšanas","planotais_klientu_skaits":50,"klienti":"visu vecumu un dzimumu personas","klientu_grupas":["paliatīvā aprūpē esošie bērni un viņu ģimenes locekļi","personas ar garīga rakstura traucējumiem","personas ar dzirdes invaliditāti","personas ar invaliditāti ar fiziska rakstura traucējumiem","personas ar redzes invaliditāti"],"juridiskais_statuss":"Nodibinājums","vzd_kods":"104769014","majaslapa":"https://www.caritas.lv"}},{"type":"Feature","geometry":{"type":"Point","coordinates":[25.418289,57.535191]},"properties":{"kategorija":"soc_pakalpojumi","id":"2071","nosaukums":"Biedrība \"Kopā varam!\"","adrese":"Pāvila Rozīša iela 5, Valmiera, Valmieras nov., LV-4201","pakalpojums":"sociālā rehabilitācija","pakalpojuma_forma":"bez izmitināšanas","planotais_klientu_skaits":50,"klienti":"visu vecumu un dzimumu personas","klientu_grupas":["personas ar redzes invaliditāti","personas ar invaliditāti ar fiziska rakstura traucējumiem","personas ar dzirdes invaliditāti"],"juridiskais_statuss":"Biedrība","vzd_kods":"105972754","majaslapa":"https://vgv.lv/biedriba-kopa-varam/"}},{"type":"Feature","geometry":{"type":"Point","coordinates":[24.858353,57.157467]},"properties":{"kategorija":"soc_pakalpojumi","id":"2072","nosaukums":"Biedrība \"Aicinājums Tev\"","adrese":"Ata Kronvalda iela 4, Sigulda, Siguldas nov., LV-2150","pakalpojums":"sociālā rehabilitācija","pakalpojuma_forma":"bez izmitināšanas","planotais_klientu_skaits":15,"klienti":"pilngadīgas personas (abu dzimumu)","klientu_grupas":["personas ar garīga rakstura traucējumiem","personas ar invaliditāti ar fiziska rakstura traucējumiem"],"juridiskais_statuss":"Biedrība","vzd_kods":"105556655"}},{"type":"Feature","geometry":{"type":"Point","coordinates":[24.383721,57.48567]},"properties":{"kategorija":"soc_pakalpojumi","id":"2076","nosaukums":"Sabiedrība ar ierobežotu atbildību Aprūpe dzīvesvietā","adrese":"Jūras iela 28, Tūja, Liepupes pag., Limbažu nov., LV-4022","pakalpojums":"cits: Ģimenes asistenta pakalpojums","pakalpojuma_forma":"bez izmitināšanas","planotais_klientu_skaits":40,"klienti":"pilngadīgas personas (abu dzimumu)","klientu_grupas":["citi","krīzes situācijā nonākušas personas","personas, kas atgriezušās no ieslodzījuma vietas vai ilgstošas bezpajumtniecības","personas ar garīga rakstura traucējumiem"],"juridiskais_statuss":"SIA","vzd_kods":"102196714","majaslapa":"https://www.aprupedzivesvieta.lv"}},{"type":"Feature","geometry":{"type":"Point","coordinates":[25.697689,57.627703]},"properties":{"kategorija":"soc_pakalpojumi","id":"2078","nosaukums":"SP Labāka Rītdiena \"Krīzes centrs\"","adrese":"Valkas iela 11, Strenči, Valmieras nov., LV-4730","pakalpojums":"krīzes centrs","pakalpojuma_forma":"ar izmitināšanu un bez izmitināšanas","izmitinasana":"izmitināšana","planotais_klientu_skaits":10,"klienti":"visu vecumu un dzimumu personas","klientu_grupas":["krīzes situācijā nonākušas personas"],"juridiskais_statuss":"SIA struktūrvienība","vzd_kods":"102678523"}},{"type":"Feature","geometry":{"type":"Point","coordinates":[24.108386,56.91422]},"properties":{"kategorija":"soc_pakalpojumi","id":"208","nosaukums":"„Rīgas pilsētas „Rūpju bērns”” Dienas aprūpes centrs personām ar garīga rakstura traucējumiem „Mēness māja”","adrese":"Putnu iela 6, Rīga, LV-1058","pakalpojums":"Dienas aprūpes centrs","pakalpojuma_forma":"bez izmitināšanas","planotais_klientu_skaits":15,"klienti":"pilngadīgas personas (abu dzimumu)","klientu_grupas":["personas ar garīga rakstura traucējumiem"],"juridiskais_statuss":"Biedrības struktūrvienība","vzd_kods":"101973411","majaslapa":"https://facebook.com/rupjuberns"}},{"type":"Feature","geometry":{"type":"Point","coordinates":[24.135702,56.909218]},"properties":{"kategorija":"soc_pakalpojumi","id":"2080","nosaukums":"Biedrības \"Latvijas Samariešu apvienība\" Ģimenes tipa sociālās aprūpes centrs \"Bišumuiža\"","adrese":"Ceraukstes iela 25, Rīga, LV-1004","pakalpojums":"ilgstoša sociālā aprūpe un sociālā rehabilitācija","pakalpojuma_forma":"ar izmitināšanu","izmitinasana":"izmitināšana","planotais_klientu_skaits":40,"klienti":"pilngadīgas personas (abu dzimumu)","klientu_grupas":["personas ar invaliditāti ar fiziska rakstura traucējumiem","Pilngadīga persona, kura smagu funkcionālu traucējumu dēļ nespēj sevi aprūpēt","personas ar garīga rakstura traucējumiem","personas ar onkoloģiskām slimībām un viņu ģimenes locekļi"],"juridiskais_statuss":"Biedrība","vzd_kods":"106572407","majaslapa":"https://www.samariesi.lv"}},{"type":"Feature","geometry":{"type":"Point","coordinates":[24.170569,56.970594]},"properties":{"kategorija":"soc_pakalpojumi","id":"2082","nosaukums":"SIA \"CareLat\"","adrese":"Raunas iela 10, Rīga, LV-1039","pakalpojums":"atelpas brīdis","pakalpojuma_forma":"ar izmitināšanu","izmitinasana":"izmitināšana","planotais_klientu_skaits":5,"klienti":"pilngadīgas personas (abu dzimumu)","klientu_grupas":["Pilngadīga persona, kura smagu funkcionālu traucējumu dēļ nespēj sevi aprūpēt","personas ar dzirdes invaliditāti","personas ar garīga rakstura traucējumiem","personas ar invaliditāti ar fiziska rakstura traucējumiem","personas ar redzes invaliditāti"],"juridiskais_statuss":"SIA","vzd_kods":"101975046","majaslapa":"https://www.carelat.lv"}},{"type":"Feature","geometry":{"type":"Point","coordinates":[26.525364,55.877743]},"properties":{"kategorija":"soc_pakalpojumi","id":"2083","nosaukums":"Biedrība “Latgales Autisma, sociālās rehabilitācijas un attīstības centrs VALENSIA”","adrese":"Muitas iela 1, Daugavpils, LV-5401","pakalpojums":"sociālā rehabilitācija","pakalpojuma_forma":"bez izmitināšanas","planotais_klientu_skaits":60,"klienti":"visu vecumu un dzimumu personas","klientu_grupas":["personas ar dzirdes invaliditāti","personas ar invaliditāti ar fiziska rakstura traucējumiem","personas ar garīga rakstura traucējumiem","personas ar redzes invaliditāti","Pilngadīga persona, kura smagu funkcionālu traucējumu dēļ nespēj sevi aprūpēt","bērni bāreņi un bez vecāku gādības palikušie bērni","krīzes situācijā nonākušas personas"],"juridiskais_statuss":"Biedrība","vzd_kods":"101802600","majaslapa":"https://latgalesautismacentrs.lv"}},{"type":"Feature","geometry":{"type":"Point","coordinates":[24.091553,57.036395]},"properties":{"kategorija":"soc_pakalpojumi","id":"2084","nosaukums":"SIA “Sirds un Rūpes” struktūrvienība \"Sirds Osta Vecmīlgrāvis\"","adrese":"Baltāsbaznīcas iela 40A, Rīga, LV-1015","pakalpojums":"ilgstoša sociālā aprūpe un sociālā rehabilitācija","pakalpojuma_forma":"ar izmitināšanu","izmitinasana":"izmitināšana","planotais_klientu_skaits":54,"klienti":"pilngadīgas personas (abu dzimumu)","klientu_grupas":["personas ar invaliditāti ar fiziska rakstura traucējumiem","Pilngadīga persona, kura smagu funkcionālu traucējumu dēļ nespēj sevi aprūpēt","Pilngadīga persona pēc ārstēšanās stacionārā","personas ar redzes invaliditāti","personas ar dzirdes invaliditāti","pensijas vecuma personas","personas ar garīga rakstura traucējumiem","personas ar onkoloģiskām slimībām un viņu ģimenes locekļi"],"juridiskais_statuss":"SIA struktūrvienība","vzd_kods":"107091201","majaslapa":"https://sirdsosta.lv"}},{"type":"Feature","geometry":{"type":"Point","coordinates":[24.119851,56.95952]},"properties":{"kategorija":"soc_pakalpojumi","id":"2085","nosaukums":"Nodibinājums Invalīdu un viņu draugu apvienība \"APEIRONS\"","adrese":"Krišjāņa Valdemāra iela 38 k-1, Rīga, LV-1010","pakalpojums":"aprūpe mājās","pakalpojuma_forma":"bez izmitināšanas","planotais_klientu_skaits":250,"klienti":"visu vecumu un dzimumu personas","klientu_grupas":["personas ar redzes invaliditāti","personas ar dzirdes invaliditāti","personas ar invaliditāti ar fiziska rakstura traucējumiem","personas ar onkoloģiskām slimībām un viņu ģimenes locekļi","paliatīvā aprūpē esošie bērni un viņu ģimenes locekļi","personas ar garīga rakstura traucējumiem","Pilngadīga persona, kura smagu funkcionālu traucējumu dēļ nespēj sevi aprūpēt"],"juridiskais_statuss":"Nodibinājums","vzd_kods":"105491168","majaslapa":"https://www.apeirons.lv"}},{"type":"Feature","geometry":{"type":"Point","coordinates":[21.004454,56.488792]},"properties":{"kategorija":"soc_pakalpojumi","id":"2087","nosaukums":"Biedrība \"Aizvējā\"","adrese":"Klaipēdas iela 94, Liepāja, LV-3416","pakalpojums":"atelpas brīdis","pakalpojuma_forma":"bez izmitināšanas","planotais_klientu_skaits":15,"klienti":"bērni (abu dzimumu)","klientu_grupas":["personas ar garīga rakstura traucējumiem"],"juridiskais_statuss":"Biedrība","vzd_kods":"102415970"}},{"type":"Feature","geometry":{"type":"Point","coordinates":[24.057094,56.888056]},"properties":{"kategorija":"soc_pakalpojumi","id":"2088","nosaukums":"Dienas aprūpes centrs \"Atstari\"","adrese":"Sauliešu iela 22, Tīraine, Mārupes pag., Mārupes nov., LV-2167","pakalpojums":"dienas aprūpes centrs","pakalpojuma_forma":"bez izmitināšanas","planotais_klientu_skaits":25,"klienti":"pilngadīgas personas (abu dzimumu)","klientu_grupas":["personas ar garīga rakstura traucējumiem","pensijas vecuma personas","personas ar invaliditāti ar fiziska rakstura traucējumiem"],"juridiskais_statuss":"SIA","vzd_kods":"106853948"}},{"type":"Feature","geometry":{"type":"Point","coordinates":[24.170879,56.978525]},"properties":{"kategorija":"soc_pakalpojumi","id":"2091","nosaukums":"Biedrība \"Rehabilitācijas centrs \"Mēs esam līdzās\"\"","adrese":"Lēdmanes iela 2, Rīga, LV-1039","pakalpojums":"dienas aprūpes centrs","pakalpojuma_forma":"bez izmitināšanas","planotais_klientu_skaits":40,"klienti":"visu vecumu un dzimumu personas","klientu_grupas":["paliatīvā aprūpē esošie bērni un viņu ģimenes locekļi","personas ar invaliditāti ar fiziska rakstura traucējumiem","personas ar garīga rakstura traucējumiem"],"juridiskais_statuss":"Biedrība","vzd_kods":"101924762","majaslapa":"https://www.mel.lv"}},{"type":"Feature","geometry":{"type":"Point","coordinates":[24.181261,56.966888]},"properties":{"kategorija":"soc_pakalpojumi","id":"2092","nosaukums":"Nodibinājums \"Latvijas Evaņģēliski luteriskās Baznīcas Diakonijas centrs\"","adrese":"Burtnieku iela 37, Rīga, LV-1084","pakalpojums":"Sociālais darbs kopienā","pakalpojuma_forma":"bez izmitināšanas","planotais_klientu_skaits":50,"klienti":"visu vecumu un dzimumu personas","klientu_grupas":["krīzes situācijā nonākušas personas","personas ar invaliditāti ar fiziska rakstura traucējumiem","citi","pensijas vecuma personas","bēgļi un personas, kas ieguvušas alternatīvo statusu","personas, kas atkarīgas no psihoaktīvām vielām","personas, kas atgriezušās no ieslodzījuma vietas vai ilgstošas bezpajumtniecības"],"juridiskais_statuss":"Nodibinājums","vzd_kods":"101823431"}},{"type":"Feature","geometry":{"type":"Point","coordinates":[25.439359,57.525311]},"properties":{"kategorija":"soc_pakalpojumi","id":"2093","nosaukums":"SIA SP Labāka Rītdiena struktūrvienība Aprūpe mājās","adrese":"Ūdens iela 2C, Valmiera, Valmieras nov., LV-4201","pakalpojums":"aprūpe mājās","pakalpojuma_forma":"bez izmitināšanas","planotais_klientu_skaits":250,"klienti":"pilngadīgas personas (abu dzimumu)","klientu_grupas":["personas ar garīga rakstura traucējumiem","Pilngadīga persona, kura smagu funkcionālu traucējumu dēļ nespēj sevi aprūpēt","pensijas vecuma personas","krīzes situācijā nonākušas personas","personas, kas atkarīgas no psihoaktīvām vielām","personas ar invaliditāti ar fiziska rakstura traucējumiem"],"juridiskais_statuss":"SIA struktūrvienība","vzd_kods":"102057056"}},{"type":"Feature","geometry":{"type":"Point","coordinates":[24.126168,56.940612]},"properties":{"kategorija":"soc_pakalpojumi","id":"2094","nosaukums":"Fonds Rūpes.lv","adrese":"Elijas iela 17 - 1, Rīga, LV-1050","pakalpojums":"sociālā rehabilitācija","pakalpojuma_forma":"bez izmitināšanas","planotais_klientu_skaits":50,"klienti":"pilngadīgas personas (abu dzimumu)","klientu_grupas":["personas, kas cietušas no prettiesiskām darbībām (tai skaitā vardarbībā cietušas personas)"],"juridiskais_statuss":"Nodibinājums","vzd_kods":"118099116","majaslapa":"https://rupes.lv/"}},{"type":"Feature","geometry":{"type":"Point","coordinates":[25.827232,56.349031]},"properties":{"kategorija":"soc_pakalpojumi","id":"2095","nosaukums":"Nodibinājums \"Mārtiņa Fonds\"","adrese":"\"Kalna Krūkliņi\" - 1, Kalna pag., Jēkabpils nov., LV-5220","pakalpojums":"ilgstoša sociālā aprūpe un sociālā rehabilitācija","pakalpojuma_forma":"ar izmitināšanu","izmitinasana":"izmitināšana","planotais_klientu_skaits":7,"klienti":"pilngadīgas personas (abu dzimumu)","klientu_grupas":["personas ar redzes invaliditāti","personas ar onkoloģiskām slimībām un viņu ģimenes locekļi","pensijas vecuma personas","Pilngadīga persona, kura smagu funkcionālu traucējumu dēļ nespēj sevi aprūpēt","personas ar invaliditāti ar fiziska rakstura traucējumiem","krīzes situācijā nonākušas personas","personas ar garīga rakstura traucējumiem","personas ar dzirdes invaliditāti","personas, kas atkarīgas no psihoaktīvām vielām"],"juridiskais_statuss":"Nodibinājums","vzd_kods":"118110681"}},{"type":"Feature","geometry":{"type":"Point","coordinates":[26.647106,55.90317]},"properties":{"kategorija":"soc_pakalpojumi","id":"2096","nosaukums":"Augšdaugavas novada Sociālais dienests","adrese":"Daugavas iela 2, Krauja, Naujenes pag., Augšdaugavas nov., LV-5451","pakalpojums":"ilgstoša sociālā aprūpe un sociālā rehabilitācija","pakalpojuma_forma":"ar izmitināšanu","izmitinasana":"izmitināšana","planotais_klientu_skaits":8,"klienti":"bērni (abu dzimumu)","klientu_grupas":["bērni bāreņi un bez vecāku gādības palikušie bērni"],"juridiskais_statuss":"Pašvaldības struktūrvienība","vzd_kods":"101576373","majaslapa":"https://www.augsdaugavasnovads.lv"}},{"type":"Feature","geometry":{"type":"Point","coordinates":[25.97542,56.524324]},"properties":{"kategorija":"soc_pakalpojumi","id":"2097","nosaukums":"Jēkabpils novada pašvaldības aģentūra \"Jaunāmuiža\"","adrese":"\"Pansionāts Jaunā Muiža\", Jaunā muiža, Kūku pag., Jēkabpils nov., LV-5222","pakalpojums":"Islaicīga sociālā aprūpe un sociālā rehabilitācija","pakalpojuma_forma":"ar izmitināšanu","izmitinasana":"izmitināšana","planotais_klientu_skaits":4,"klienti":"pilngadīgas personas (abu dzimumu)","klientu_grupas":["pensijas vecuma personas","Pilngadīga persona, kura smagu funkcionālu traucējumu dēļ nespēj sevi aprūpēt","Pilngadīga persona pēc ārstēšanās stacionārā","personas ar invaliditāti ar fiziska rakstura traucējumiem"],"juridiskais_statuss":"Pašvaldības aģentūra","vzd_kods":"104928748","majaslapa":"https://www.jaunamuiza.lv"}},{"type":"Feature","geometry":{"type":"Point","coordinates":[24.057094,56.888056]},"properties":{"kategorija":"soc_pakalpojumi","id":"2098","nosaukums":"Sociālās rehabilitācijas centrs \"Atstari\"","adrese":"Sauliešu iela 22, Tīraine, Mārupes pag., Mārupes nov., LV-2167","pakalpojums":"sociālā rehabilitācija","pakalpojuma_forma":"bez izmitināšanas","planotais_klientu_skaits":100,"klienti":"visu vecumu un dzimumu personas","klientu_grupas":["personas ar garīga rakstura traucējumiem","personas ar invaliditāti ar fiziska rakstura traucējumiem"],"juridiskais_statuss":"SIA","vzd_kods":"106853948","majaslapa":"https://www.atstari.lv"}},{"type":"Feature","geometry":{"type":"Point","coordinates":[24.032876,56.96035]},"properties":{"kategorija":"soc_pakalpojumi","id":"21","nosaukums":"Biedrības „Latvijas Sarkanais Krusts” struktūrvienība Birojs „Aprūpe mājās”","adrese":"Slokas iela 161 k-1, Rīga, LV-1067","pakalpojums":"Aprūpe mājās","pakalpojuma_forma":"bez izmitināšanas","planotais_klientu_skaits":2400,"klienti":"visu vecumu un dzimumu personas","klientu_grupas":["personas ar garīga rakstura traucējumiem","invalīdi ar fiziska rakstura traucējumiem","pensijas vecuma personas"],"juridiskais_statuss":"Biedrības struktūrvienība","vzd_kods":"106555222","majaslapa":"https://www.redcross.lv"}},{"type":"Feature","geometry":{"type":"Point","coordinates":[23.321796,56.475021]},"properties":{"kategorija":"soc_pakalpojumi","id":"214","nosaukums":"Sociālās aprūpes centrs \"Tērvete\"","adrese":"\"Mežmalieši\", Tērvetes pag., Dobeles nov., LV-3730","pakalpojums":"ilgstošās sociālās aprūpes un sociālās rehabilitācijas institūcija","pakalpojuma_forma":"ar izmitināšanu","izmitinasana":"izmitināšana","planotais_klientu_skaits":220,"klienti":"pilngadīgas personas (abu dzimumu)","klientu_grupas":["invalīdi ar fiziska rakstura traucējumiem","pensijas vecuma personas"],"juridiskais_statuss":"Pašvaldības iestāde","vzd_kods":"102814178","majaslapa":"https://www.sactervete.lv"}},{"type":"Feature","geometry":{"type":"Point","coordinates":[24.050575,56.946564]},"properties":{"kategorija":"soc_pakalpojumi","id":"218","nosaukums":"Sabiedrība ar ierobežotu atbildību \"LNS Rehabilitācijas centrs\"","adrese":"Elvīras iela 19 k-3, Rīga, LV-1083","pakalpojums":"sociālā rehabilitācija","pakalpojuma_forma":"bez izmitināšanas","planotais_klientu_skaits":750,"klienti":"visu vecumu un dzimumu personas","klientu_grupas":["dzirdes invalīdi"],"juridiskais_statuss":"SIA","vzd_kods":"106276031","majaslapa":"https://www.rc.lns.lv"}},{"type":"Feature","geometry":{"type":"Point","coordinates":[23.4991,56.944696]},"properties":{"kategorija":"soc_pakalpojumi","id":"22","nosaukums":"Sabiedrības ar ierobežotu atbildību \"Pansionāts Dzimtene\"","adrese":"Emīla Dārziņa iela 24, Jūrmala, LV-2012","pakalpojums":"ilgstoša sociālā aprūpe un sociālā rehabilitācija","pakalpojuma_forma":"ar izmitināšanu","izmitinasana":"izmitināšana","planotais_klientu_skaits":106,"klienti":"pilngadīgas personas (abu dzimumu)","klientu_grupas":["pensijas vecuma personas","personas, kas atgriezušās no ieslodzījuma vietas vai ilgstošas bezpajumtniecības","personas ar invaliditāti ar fiziska rakstura traucējumiem","personas, kas atkarīgas no psihoaktīvām vielām"],"juridiskais_statuss":"SIA","vzd_kods":"101714817"}},{"type":"Feature","geometry":{"type":"Point","coordinates":[23.692467,56.638022]},"properties":{"kategorija":"soc_pakalpojumi","id":"224","nosaukums":"Valsts sabiedrības ar ierobežotu atbildību \"Slimnīca \"Ģintermuiža\"\" No psihoaktīvām vielām atkarīgu pilngadīgu personu rehabilitācijas pakalpojums","adrese":"Filozofu iela 69, Jelgava, LV-3008","pakalpojums":"Sociālās rehabilitācijas institūcija","pakalpojuma_forma":"ar izmitināšanu un bez izmitināšanas","izmitinasana":"izmitināšana","planotais_klientu_skaits":12,"klienti":"pilngadīgas personas (abu dzimumu)","klientu_grupas":["personas, kas atkarīgas no psihoaktīvām vielām"],"juridiskais_statuss":"Valsts SIA struktūrvienība","vzd_kods":"101159867","majaslapa":"https://www.gintermuiza.lv"}},{"type":"Feature","geometry":{"type":"Point","coordinates":[22.38815,56.727451]},"properties":{"kategorija":"soc_pakalpojumi","id":"225","nosaukums":"Saldus novada pašvaldības aģentūras \"Sociālais dienests\" Sociālās aprūpes centrs \"Ābeles\"","adrese":"\"Ābeles\", Lutriņi, Lutriņu pag., Saldus nov., LV-3861","pakalpojums":"ilgstošās sociālās aprūpes un sociālās rehabilitācijas institūcija","pakalpojuma_forma":"ar izmitināšanu","izmitinasana":"izmitināšana","planotais_klientu_skaits":45,"klienti":"pilngadīgas personas (abu dzimumu)","klientu_grupas":["invalīdi ar fiziska rakstura traucējumiem","pensijas vecuma personas","personas ar garīga rakstura traucējumiem"],"juridiskais_statuss":"Pašvaldības iestādes struktūrvienība","vzd_kods":"103243667","majaslapa":"https://socialais.saldus.lv/"}},{"type":"Feature","geometry":{"type":"Point","coordinates":[26.591779,57.447038]},"properties":{"kategorija":"soc_pakalpojumi","id":"227","nosaukums":"Sociālās aprūpes centrs \"Trapene\"","adrese":"\"Bitītes\", Trapene, Trapenes pag., Smiltenes nov., LV-4348","pakalpojums":"ilgstoša sociālā aprūpe un sociālā rehabilitācija","pakalpojuma_forma":"ar izmitināšanu","izmitinasana":"izmitināšana","planotais_klientu_skaits":60,"klienti":"pilngadīgas personas (abu dzimumu)","klientu_grupas":["pensijas vecuma personas","personas ar invaliditāti ar fiziska rakstura traucējumiem"],"juridiskais_statuss":"Pašvaldības iestāde","vzd_kods":"103706673"}},{"type":"Feature","geometry":{"type":"Point","coordinates":[24.176354,56.977862]},"properties":{"kategorija":"soc_pakalpojumi","id":"23","nosaukums":"Rīgas Bērnu, jauniešu un ģimeņu sociālā atbalsta centrs struktūrvienība „Apīte”","adrese":"Apes iela 8, Rīga, LV-1006","pakalpojums":"ilgstoša sociālā aprūpe un sociālā rehabilitācija","pakalpojuma_forma":"ar izmitināšanu","izmitinasana":"izmitināšana","planotais_klientu_skaits":22,"klienti":"bērni (abu dzimumu)","klientu_grupas":["bērni bāreņi un bez vecāku gādības palikušie bērni"],"juridiskais_statuss":"Pašvaldības iestādes struktūrvienība","vzd_kods":"101854425"}},{"type":"Feature","geometry":{"type":"Point","coordinates":[26.547239,55.893371]},"properties":{"kategorija":"soc_pakalpojumi","id":"230","nosaukums":"Daugavpils valstspilsētas pašvaldības iestādes \"Sociālais dienests\" Grupu dzīvokļi","adrese":"Šaurā iela 26, Daugavpils, LV-5410","pakalpojums":"grupu māja (dzīvoklis)","pakalpojuma_forma":"ar izmitināšanu","izmitinasana":"izmitināšana","planotais_klientu_skaits":16,"klienti":"pilngadīgas personas (abu dzimumu)","klientu_grupas":["personas ar garīga rakstura traucējumiem"],"juridiskais_statuss":"Pašvaldības iestādes struktūrvienība","vzd_kods":"102538884","majaslapa":"https://www.socd.lv"}},{"type":"Feature","geometry":{"type":"Point","coordinates":[27.342405,56.509838]},"properties":{"kategorija":"soc_pakalpojumi","id":"231","nosaukums":"Rēzeknes valstspilsētas pašvaldības pārvaldes \"Sociālais dienests\" Aprūpes mājās birojs","adrese":"Zemnieku iela 16A, Rēzekne, LV-4601","pakalpojums":"aprūpe mājās","pakalpojuma_forma":"bez izmitināšanas","planotais_klientu_skaits":76,"klienti":"visu vecumu un dzimumu personas","klientu_grupas":["personas ar garīga rakstura traucējumiem","personas ar invaliditāti ar fiziska rakstura traucējumiem","pensijas vecuma personas","personas ar redzes invaliditāti"],"juridiskais_statuss":"Pašvaldības iestādes struktūrvienība","vzd_kods":"101687795","majaslapa":"https://www.sdrezekne.lv"}},{"type":"Feature","geometry":{"type":"Point","coordinates":[24.138127,56.964103]},"properties":{"kategorija":"soc_pakalpojumi","id":"233","nosaukums":"Biedrības „Svētā Jāņa Palīdzība” Dienas aprūpes centrs personām ar garīga rakstura traucējumiem „Saulessvece”","adrese":"Cēsu iela 8, Rīga, LV-1012","pakalpojums":"dienas aprūpes centrs","pakalpojuma_forma":"bez izmitināšanas","planotais_klientu_skaits":65,"klienti":"visu vecumu un dzimumu personas","klientu_grupas":["personas ar garīga rakstura traucējumiem"],"juridiskais_statuss":"Biedrības struktūrvienība","vzd_kods":"101823665","majaslapa":"https://www.svjp.lv"}},{"type":"Feature","geometry":{"type":"Point","coordinates":[21.591237,57.405764]},"properties":{"kategorija":"soc_pakalpojumi","id":"235","nosaukums":"Biedrība „Krīzes centrs ģimenēm ar bērniem \"Paspārne””","adrese":"Talsu iela 39, Ventspils, LV-3602","pakalpojums":"Krīzes centrs","pakalpojuma_forma":"ar izmitināšanu un bez izmitināšanas","izmitinasana":"izmitināšana","planotais_klientu_skaits":15,"klienti":"visu vecumu un dzimumu personas","klientu_grupas":["krīzes situācijā nonākušas personas","personas, kas cietušas no prettiesiskām darbībām (tai skaitā vardarbībā cietušas personas)"],"juridiskais_statuss":"Biedrība","vzd_kods":"101660672","majaslapa":"https://www.kc-pasparne.lv"}},{"type":"Feature","geometry":{"type":"Point","coordinates":[24.181261,56.966888]},"properties":{"kategorija":"soc_pakalpojumi","id":"240","nosaukums":"Biedrības „Rīgas pilsētas „Rūpju bērns”” Grupu dzīvokļi personām ar garīga rakstura traucējumiem “Šūpoles”","adrese":"Burtnieku iela 37, Rīga, LV-1084","pakalpojums":"grupu māja (dzīvoklis)","pakalpojuma_forma":"ar izmitināšanu","izmitinasana":"izmitināšana","planotais_klientu_skaits":13,"klienti":"pilngadīgas personas (abu dzimumu)","klientu_grupas":["personas ar garīga rakstura traucējumiem"],"juridiskais_statuss":"Biedrības struktūrvienība","vzd_kods":"101823431","majaslapa":"https://www.rupjuberns.lv"}},{"type":"Feature","geometry":{"type":"Point","coordinates":[21.001483,56.488737]},"properties":{"kategorija":"soc_pakalpojumi","id":"251","nosaukums":"Liepājas valstspilsētas pašvaldības iestāde \"Liepājas Sociālais dienests\" Birojs \"Aprūpe mājās\"","adrese":"Klaipēdas iela 96A, Liepāja, LV-3416","pakalpojums":"aprūpe mājās","pakalpojuma_forma":"bez izmitināšanas","planotais_klientu_skaits":300,"klienti":"visu vecumu un dzimumu personas","klientu_grupas":["personas ar garīga rakstura traucējumiem","personas ar invaliditāti ar fiziska rakstura traucējumiem","pensijas vecuma personas","personas ar dzirdes invaliditāti","personas ar redzes invaliditāti","citi"],"juridiskais_statuss":"Pašvaldības iestādes struktūrvienība","vzd_kods":"102416007","majaslapa":"https://www.liepaja.lv/aprupe-majas/"}},{"type":"Feature","geometry":{"type":"Point","coordinates":[21.065922,56.54482]},"properties":{"kategorija":"soc_pakalpojumi","id":"255","nosaukums":"Liepājas valstspilsētas pašvaldības iestāde \"Liepājas Sociālais dienests\" Grupu dzīvokļi","adrese":"Kuldīgas iela 34, Liepāja, LV-3414","pakalpojums":"grupu māja (dzīvoklis)","pakalpojuma_forma":"ar izmitināšanu","izmitinasana":"izmitināšana","planotais_klientu_skaits":16,"klienti":"pilngadīgas personas (abu dzimumu)","klientu_grupas":["personas ar garīga rakstura traucējumiem"],"juridiskais_statuss":"Pašvaldības iestādes struktūrvienība","vzd_kods":"101696193","majaslapa":"https://www.liepaja.lv/grupu-dzivokli/"}},{"type":"Feature","geometry":{"type":"Point","coordinates":[27.33735,56.499287]},"properties":{"kategorija":"soc_pakalpojumi","id":"259","nosaukums":"Rēzeknes valstspilsētas pašvaldības pārvaldes \"Sociālais dienests\" Patversme","adrese":"Bukmuižas iela 3, Rēzekne, LV-4601","pakalpojums":"naktspatversme","pakalpojuma_forma":"ar izmitināšanu","izmitinasana":"izmitināšana","planotais_klientu_skaits":10,"klienti":"pilngadīgas personas (abu dzimumu)","klientu_grupas":["citi","krīzes situācijā nonākušas personas"],"juridiskais_statuss":"Pašvaldības iestādes struktūrvienība","vzd_kods":"101668211","majaslapa":"https://www.sdrezekne.lv"}},{"type":"Feature","geometry":{"type":"Point","coordinates":[24.253222,56.985286]},"properties":{"kategorija":"soc_pakalpojumi","id":"26","nosaukums":"SIA \"LATVIJAS NEREDZĪGO BIEDRĪBAS REHABILITĀCIJAS CENTRS \" Rīgas filiāle","adrese":"Braila iela 10, Rīga, LV-1024","pakalpojums":"sociālā rehabilitācija","pakalpojuma_forma":"bez izmitināšanas","planotais_klientu_skaits":50,"klienti":"pilngadīgas personas (abu dzimumu)","klientu_grupas":["personas ar redzes invaliditāti"],"juridiskais_statuss":"SIA","vzd_kods":"105212623","majaslapa":"https://www.lnbrc.lv"}},{"type":"Feature","geometry":{"type":"Point","coordinates":[21.007246,56.523412]},"properties":{"kategorija":"soc_pakalpojumi","id":"261","nosaukums":"Liepājas valstspilsētas pašvaldības iestāde \"Liepājas Sociālais dienests\" Nakts patversme","adrese":"Flotes iela 7, Liepāja, LV-3405","pakalpojums":"naktspatversme","pakalpojuma_forma":"ar izmitināšanu","izmitinasana":"izmitināšana","planotais_klientu_skaits":60,"klienti":"pilngadīgas personas (abu dzimumu)","klientu_grupas":["citi","krīzes situācijā nonākušas personas"],"juridiskais_statuss":"Pašvaldības iestādes struktūrvienība","vzd_kods":"102406857","majaslapa":"https://www.liepaja.lv/nakts-patversmes/"}},{"type":"Feature","geometry":{"type":"Point","coordinates":[24.108386,56.91422]},"properties":{"kategorija":"soc_pakalpojumi","id":"271","nosaukums":"Biedrības \"Rīgas pilsētas \"Rūpju bērns\"\" Grupu māja personām ar garīga rakstura traucējumiem \"Mēness māja\"","adrese":"Putnu iela 6, Rīga, LV-1058","pakalpojums":"Grupu dzīvoklis","pakalpojuma_forma":"ar izmitināšanu","izmitinasana":"izmitināšana","planotais_klientu_skaits":14,"klienti":"pilngadīgas personas (abu dzimumu)","klientu_grupas":["personas ar garīga rakstura traucējumiem"],"juridiskais_statuss":"Biedrības struktūrvienība","vzd_kods":"101973411","majaslapa":"https://facebook.com/rupjuberns"}},{"type":"Feature","geometry":{"type":"Point","coordinates":[25.740041,56.162291]},"properties":{"kategorija":"soc_pakalpojumi","id":"274","nosaukums":"Sabiedrība ar ierobežotu atbildību \"Aknīstes veselības un sociālās aprūpes centrs\"","adrese":"Skolas iela 9, Aknīste, Jēkabpils nov., LV-5208","pakalpojums":"ilgstoša sociālā aprūpe un sociālā rehabilitācija","pakalpojuma_forma":"ar izmitināšanu","izmitinasana":"izmitināšana","planotais_klientu_skaits":51,"klienti":"pilngadīgas personas (abu dzimumu)","klientu_grupas":["pensijas vecuma personas"],"juridiskais_statuss":"SIA","vzd_kods":"101531320","majaslapa":"https://www.aknistesvsac.lv"}},{"type":"Feature","geometry":{"type":"Point","coordinates":[24.133116,56.949853]},"properties":{"kategorija":"soc_pakalpojumi","id":"282","nosaukums":"Biedrība \"Patvērums \"Drošā māja\"\"","adrese":"Lāčplēša iela 75 - 1B, Rīga, LV-1011","pakalpojums":"sociālā rehabilitācija","pakalpojuma_forma":"ar izmitināšanu un bez izmitināšanas","izmitinasana":"izmitināšana","planotais_klientu_skaits":30,"klienti":"visu vecumu un dzimumu personas","klientu_grupas":["krīzes situācijā nonākušas personas","cilvēku tirdzniecības upuri"],"juridiskais_statuss":"Biedrība","vzd_kods":"119230191","majaslapa":"https://www.patverums-dm.lv"}},{"type":"Feature","geometry":{"type":"Point","coordinates":[27.042151,57.433448]},"properties":{"kategorija":"soc_pakalpojumi","id":"286","nosaukums":"Alūksnes novada Sociālo lietu pārvaldes Sociālās aprūpes centrs \"Alūksne\"","adrese":"Ošu iela 5, Alūksne, Alūksnes nov., LV-4301","pakalpojums":"ilgstoša sociālā aprūpe un sociālā rehabilitācija","pakalpojuma_forma":"ar izmitināšanu","izmitinasana":"izmitināšana","planotais_klientu_skaits":66,"klienti":"pilngadīgas personas (abu dzimumu)","klientu_grupas":["personas ar invaliditāti ar fiziska rakstura traucējumiem","pensijas vecuma personas"],"juridiskais_statuss":"Pašvaldības iestādes struktūrvienība","vzd_kods":"101623361","majaslapa":"https://aluksne.lv/index.php/pasvaldiba/socialas-un-citas-iestades/aluksnes-novada-socialais-dienests/"}},{"type":"Feature","geometry":{"type":"Point","coordinates":[21.726146,56.327537]},"properties":{"kategorija":"soc_pakalpojumi","id":"29","nosaukums":"Valsts sociālās aprūpes centrs \"Kurzeme\" filiāle \"Aizvīķi\"","adrese":"\"Pansionāts \"Aizvīķi\"\", Aizvīķi, Gramzdas pag., Dienvidkurzemes nov., LV-3487","pakalpojums":"ilgstoša sociālā aprūpe un sociālā rehabilitācija","pakalpojuma_forma":"ar izmitināšanu","izmitinasana":"izmitināšana","planotais_klientu_skaits":80,"klienti":"pilngadīgas personas (abu dzimumu)","klientu_grupas":["personas ar garīga rakstura traucējumiem"],"juridiskais_statuss":"Valsts pārvaldes iestādes struktūrvienība","vzd_kods":"103793418","majaslapa":"https://www.vsackurzeme.gov.lv"}},{"type":"Feature","geometry":{"type":"Point","coordinates":[26.290213,55.981643]},"properties":{"kategorija":"soc_pakalpojumi","id":"290","nosaukums":"Sabiedrība ar ierobežotu atbildību \"Veselības centrs \"Ilūkste\"\"","adrese":"Raiņa iela 35, Ilūkste, Augšdaugavas nov., LV-5447","pakalpojums":"ilgstoša sociālā aprūpe un sociālā rehabilitācija","pakalpojuma_forma":"ar izmitināšanu","izmitinasana":"izmitināšana","planotais_klientu_skaits":78,"klienti":"pilngadīgas personas (abu dzimumu)","klientu_grupas":["personas ar garīga rakstura traucējumiem","pensijas vecuma personas","citi"],"juridiskais_statuss":"Pašvaldības SIA","vzd_kods":"101571106","majaslapa":"https://www.veselibascentrsilukste.lv"}},{"type":"Feature","geometry":{"type":"Point","coordinates":[25.379439,58.008025]},"properties":{"kategorija":"soc_pakalpojumi","id":"295","nosaukums":"Sociālās aprūpes centrs \"Lode\"","adrese":"\"Liepkalni\", Lode, Lodes pag., Valmieras nov., LV-4248","pakalpojums":"ilgstošās sociālās aprūpes un sociālās rehabilitācijas institūcija","pakalpojuma_forma":"ar izmitināšanu","izmitinasana":"izmitināšana","planotais_klientu_skaits":83,"klienti":"pilngadīgas personas (abu dzimumu)","klientu_grupas":["personas ar garīga rakstura traucējumiem","pensijas vecuma personas","invalīdi ar fiziska rakstura traucējumiem"],"juridiskais_statuss":"Pašvaldības iestāde","vzd_kods":"102901505","majaslapa":"https://www.valmierasnovads.lv"}},{"type":"Feature","geometry":{"type":"Point","coordinates":[21.009554,56.51758]},"properties":{"kategorija":"soc_pakalpojumi","id":"299","nosaukums":"Liepājas valstspilsētas pašvaldības iestāde \"Liepājas Sociālais dienests\" Dienas centrs personām ar garīgās attīstības traucējumiem","adrese":"Teodora Breikša iela 16/20, Liepāja, LV-3401","pakalpojums":"dienas aprūpes centrs","pakalpojuma_forma":"bez izmitināšanas","planotais_klientu_skaits":32,"klienti":"visu vecumu un dzimumu personas","klientu_grupas":["personas ar garīga rakstura traucējumiem"],"juridiskais_statuss":"Pašvaldības iestādes struktūrvienība","vzd_kods":"104273822","majaslapa":"https://www.liepaja.lv/dienas-centrs-personam-ar-garigas-attistibas-traucejumiem/"}},{"type":"Feature","geometry":{"type":"Point","coordinates":[24.159767,56.931728]},"properties":{"kategorija":"soc_pakalpojumi","id":"30","nosaukums":"Rīgas Bērnu, jauniešu un ģimeņu sociālā atbalsta centrs struktūrvienība \"Krīzes centrs\"","adrese":"Latgales iela 180B, Rīga, LV-1019","pakalpojums":"krīzes centrs","pakalpojuma_forma":"ar izmitināšanu un bez izmitināšanas","izmitinasana":"izmitināšana","planotais_klientu_skaits":30,"klienti":"visu vecumu un dzimumu personas","klientu_grupas":["krīzes situācijā nonākušas personas"],"juridiskais_statuss":"Pašvaldības iestādes struktūrvienība","vzd_kods":"106932361"}},{"type":"Feature","geometry":{"type":"Point","coordinates":[24.033921,57.04096]},"properties":{"kategorija":"soc_pakalpojumi","id":"306","nosaukums":"Nodibinājuma \" Fonds Kopā \" Grupu māja/dzīvokļis personām ar garīga rakstura traucējumiem","adrese":"Slimnīcas iela 2, Rīga, LV-1016","pakalpojums":"grupu māja (dzīvoklis)","pakalpojuma_forma":"ar izmitināšanu","izmitinasana":"izmitināšana","planotais_klientu_skaits":24,"klienti":"pilngadīgas personas (abu dzimumu)","klientu_grupas":["personas ar garīga rakstura traucējumiem"],"juridiskais_statuss":"Nodibinājums","vzd_kods":"101994041","majaslapa":"https://www.fondskopa.lv"}},{"type":"Feature","geometry":{"type":"Point","coordinates":[24.033921,57.04096]},"properties":{"kategorija":"soc_pakalpojumi","id":"307","nosaukums":"Nodibinājuma Fonds Kopā Specializētās darbnīcas personām ar garīga rakstura traucējumiem","adrese":"Slimnīcas iela 2, Rīga, LV-1016","pakalpojums":"specializētās darbnīcas","pakalpojuma_forma":"bez izmitināšanas","planotais_klientu_skaits":20,"klienti":"pilngadīgas personas (abu dzimumu)","klientu_grupas":["personas ar garīga rakstura traucējumiem"],"juridiskais_statuss":"Nodibinājums","vzd_kods":"101994041","majaslapa":"https://www.fondskopa.lv"}},{"type":"Feature","geometry":{"type":"Point","coordinates":[24.087636,56.927356]},"properties":{"kategorija":"soc_pakalpojumi","id":"309","nosaukums":"Centra \"Dzīves oāze\" Grupu dzīvoklis","adrese":"Biešu iela 6, Rīga, LV-1004","pakalpojums":"grupu māja (dzīvoklis)","pakalpojuma_forma":"ar izmitināšanu","izmitinasana":"izmitināšana","planotais_klientu_skaits":16,"klienti":"pilngadīgas personas (abu dzimumu)","klientu_grupas":["personas ar garīga rakstura traucējumiem"],"juridiskais_statuss":"Struktūrvienība","vzd_kods":"104576552","majaslapa":"https://www.dzivesoaze.lv"}},{"type":"Feature","geometry":{"type":"Point","coordinates":[25.397966,57.542367]},"properties":{"kategorija":"soc_pakalpojumi","id":"310","nosaukums":"Latvijas SOS Bērnu ciematu asociācijas Valmieras SOS Bērnu ciemats","adrese":"Ganību iela 3, Valmiera, Valmieras nov., LV-4201","pakalpojums":"ilgstoša sociālā aprūpe un sociālā rehabilitācija","pakalpojuma_forma":"ar izmitināšanu","izmitinasana":"izmitināšana","planotais_klientu_skaits":55,"klienti":"bērni (abu dzimumu)","klientu_grupas":["bērni bāreņi un bez vecāku gādības palikušie bērni"],"juridiskais_statuss":"Biedrības struktūrvienība","vzd_kods":"105972738","majaslapa":"https://www.sosbernuciemati.lv"}},{"type":"Feature","geometry":{"type":"Point","coordinates":[24.14935,56.939975]},"properties":{"kategorija":"soc_pakalpojumi","id":"312","nosaukums":"Nodibinājuma \"Latvijas Evaņģēliski luteriskās Baznīcas Diakonijas centrs\" Atbalsta centrs bērniem un ģimenēm \"Roku rokā\"","adrese":"Līksnas iela 13 - 1, Rīga, LV-1003","pakalpojums":"Dienas aprūpes centrs","pakalpojuma_forma":"bez izmitināšanas","planotais_klientu_skaits":39,"klienti":"bērni (abu dzimumu)","klientu_grupas":["citi","personas, kas cietušas no prettiesiskām darbībām (tai skaitā vardarbībā cietušas personas)","krīzes situācijā nonākušas personas"],"juridiskais_statuss":"Nodibinājuma struktūrvienība","vzd_kods":"112295448","majaslapa":"https://www.diakonija.lv"}},{"type":"Feature","geometry":{"type":"Point","coordinates":[24.154601,56.934884]},"properties":{"kategorija":"soc_pakalpojumi","id":"313","nosaukums":"Biedrības \"Rīgas pilsētas Rūpju bērns\" Dienas aprūpes centrs \"Cerību ligzda\"","adrese":"Balvu iela 11, Rīga, LV-1003","pakalpojums":"Dienas aprūpes centrs","pakalpojuma_forma":"bez izmitināšanas","planotais_klientu_skaits":48,"klienti":"pilngadīgas personas (abu dzimumu)","klientu_grupas":["personas ar garīga rakstura traucējumiem"],"juridiskais_statuss":"Biedrības struktūrvienība","vzd_kods":"101818993","majaslapa":"https://facebook.com/rupjuberns"}},{"type":"Feature","geometry":{"type":"Point","coordinates":[24.159767,56.931728]},"properties":{"kategorija":"soc_pakalpojumi","id":"314","nosaukums":"Biedrības \"Rīgas pilsētas \"Rūpju bērns\"\" Atbalsta centrs bērniem ar funkcionāliem traucējumiem un viņu ģimenēm \"Asniņš\"","adrese":"Latgales iela 180B, Rīga, LV-1019","pakalpojums":"dienas aprūpes centrs","pakalpojuma_forma":"bez izmitināšanas","planotais_klientu_skaits":50,"klienti":"bērni (abu dzimumu)","klientu_grupas":["personas ar garīga rakstura traucējumiem","personas ar invaliditāti ar fiziska rakstura traucējumiem"],"juridiskais_statuss":"Biedrības struktūrvienība","vzd_kods":"106932361","majaslapa":"https://www.rupjuberns.lv"}},{"type":"Feature","geometry":{"type":"Point","coordinates":[24.110574,56.914113]},"properties":{"kategorija":"soc_pakalpojumi","id":"317","nosaukums":"Nodibinājuma Latvijas evaņģēliski luteriskās baznīcas Diakonijas centrs Atbalsta centrs bērniem un ģimenēm Sirdsgaisma","adrese":"Ziepju iela 13, Rīga, LV-1004","pakalpojums":"dienas aprūpes centrs","pakalpojuma_forma":"bez izmitināšanas","planotais_klientu_skaits":32,"klienti":"bērni (abu dzimumu)","klientu_grupas":["citi"],"juridiskais_statuss":"Nodibinājuma struktūrvienība","vzd_kods":"103357024","majaslapa":"https://www.diakonija.lv"}},{"type":"Feature","geometry":{"type":"Point","coordinates":[21.223452,56.534084]},"properties":{"kategorija":"soc_pakalpojumi","id":"321","nosaukums":"Valsts sociālās aprūpes centra \"Kurzeme\" filiāles \"Iļģi\" Pusceļa māja","adrese":"\"Iļģi\", Grobiņas pag., Dienvidkurzemes nov., LV-3430","pakalpojums":"pusceļa māja","pakalpojuma_forma":"ar izmitināšanu","izmitinasana":"izmitināšana","planotais_klientu_skaits":11,"klienti":"pilngadīgas personas (abu dzimumu)","klientu_grupas":["personas ar garīga rakstura traucējumiem"],"juridiskais_statuss":"Valsts pārvaldes iestādes struktūrvienība","vzd_kods":"104179713","majaslapa":"https://www.vsackurzeme.gov.lv"}},{"type":"Feature","geometry":{"type":"Point","coordinates":[24.106952,57.028095]},"properties":{"kategorija":"soc_pakalpojumi","id":"324","nosaukums":"Rīgas Sociālā dienesta Dienas centrs \"Vecmīlgrāvis\"","adrese":"Emmas iela 3, Rīga, LV-1015","pakalpojums":"dienas centrs","pakalpojuma_forma":"bez izmitināšanas","planotais_klientu_skaits":144,"klienti":"visu vecumu un dzimumu personas","klientu_grupas":["invalīdi ar fiziska rakstura traucējumiem","pensijas vecuma personas"],"juridiskais_statuss":"Pašvaldības iestādes struktūrvienība","vzd_kods":"101830043","majaslapa":"https://www.ld.riga.lv"}},{"type":"Feature","geometry":{"type":"Point","coordinates":[24.023744,57.034663]},"properties":{"kategorija":"soc_pakalpojumi","id":"325","nosaukums":"Rīgas sociālās aprūpes centrs \"Stella maris\"","adrese":"Birzes iela 54, Rīga, LV-1016","pakalpojums":"ilgstoša sociālā aprūpe un sociālā rehabilitācija","pakalpojuma_forma":"ar izmitināšanu","izmitinasana":"izmitināšana","planotais_klientu_skaits":103,"klienti":"pilngadīgas personas (abu dzimumu)","klientu_grupas":["pensijas vecuma personas","personas ar invaliditāti ar fiziska rakstura traucējumiem"],"juridiskais_statuss":"Pašvaldības iestāde","vzd_kods":"101865727","majaslapa":"https://www.sacstellamaris.lv"}},{"type":"Feature","geometry":{"type":"Point","coordinates":[26.440849,57.005001]},"properties":{"kategorija":"soc_pakalpojumi","id":"327","nosaukums":"Cesvaines un Dzelzavas Sociālās aprūpes centrs","adrese":"\"Grāveri 1\", Dzelzavas pag., Madonas nov., LV-4873","pakalpojums":"ilgstoša sociālā aprūpe un sociālā rehabilitācija","pakalpojuma_forma":"ar izmitināšanu","izmitinasana":"izmitināšana","planotais_klientu_skaits":27,"klienti":"pilngadīgas personas (abu dzimumu)","klientu_grupas":["citi","pensijas vecuma personas"],"juridiskais_statuss":"Pašvaldības iestāde","vzd_kods":"105374915"}},{"type":"Feature","geometry":{"type":"Point","coordinates":[27.174831,55.886701]},"properties":{"kategorija":"soc_pakalpojumi","id":"338","nosaukums":"Krāslavas novada sociālās aprūpes centrs \"Priedes\"","adrese":"Rīgas iela 159, Krāslava, Krāslavas nov., LV-5601","pakalpojums":"ilgstoša sociālā aprūpe un sociālā rehabilitācija","pakalpojuma_forma":"ar izmitināšanu","izmitinasana":"izmitināšana","planotais_klientu_skaits":42,"klienti":"pilngadīgas personas (abu dzimumu)","klientu_grupas":["pensijas vecuma personas","personas ar invaliditāti ar fiziska rakstura traucējumiem"],"juridiskais_statuss":"Pašvaldības iestāde","vzd_kods":"101491707"}},{"type":"Feature","geometry":{"type":"Point","coordinates":[24.342635,56.851937]},"properties":{"kategorija":"soc_pakalpojumi","id":"339","nosaukums":"Salaspils novada Sociālais dienests","adrese":"Kalnu iela 2, Salaspils, Salaspils nov., LV-2121","pakalpojums":"sociālais, tai skaitā pašvaldības sociālais dienests","pakalpojuma_forma":"bez izmitināšanas","planotais_klientu_skaits":2970,"klienti":"visu vecumu un dzimumu personas","klientu_grupas":["citi"],"juridiskais_statuss":"Pašvaldības iestāde","vzd_kods":"103058953","majaslapa":"https://www.salaspilssd.lv"}},{"type":"Feature","geometry":{"type":"Point","coordinates":[26.011647,57.786286]},"properties":{"kategorija":"soc_pakalpojumi","id":"342","nosaukums":"Valkas novada Sociālā dienesta Sociālo pakalpojumu daļa","adrese":"Rūjienas iela 3D, Valka, Valkas nov., LV-4701","pakalpojums":"aprūpe mājās","pakalpojuma_forma":"bez izmitināšanas","planotais_klientu_skaits":30,"klienti":"visu vecumu un dzimumu personas","klientu_grupas":["personas ar invaliditāti ar fiziska rakstura traucējumiem","pensijas vecuma personas","personas ar garīga rakstura traucējumiem"],"juridiskais_statuss":"Pašvaldības iestādes struktūrvienība","vzd_kods":"104632695","majaslapa":"https://www.valka.lv/lv"}},{"type":"Feature","geometry":{"type":"Point","coordinates":[21.01263,56.504134]},"properties":{"kategorija":"soc_pakalpojumi","id":"351","nosaukums":"Liepājas valstspilsētas pašvaldības iestāde \"Liepājas Sociālais dienests\"","adrese":"Eduarda Veidenbauma iela 3, Liepāja, LV-3401","pakalpojums":"sociālais, tai skaitā pašvaldības sociālais dienests","pakalpojuma_forma":"bez izmitināšanas","planotais_klientu_skaits":890,"klienti":"visu vecumu un dzimumu personas","klientu_grupas":["citi"],"juridiskais_statuss":"Pašvaldības iestāde","vzd_kods":"101692596","majaslapa":"https://www.liepaja.lv/iestades/socialais-dienests/"}},{"type":"Feature","geometry":{"type":"Point","coordinates":[24.087636,56.927356]},"properties":{"kategorija":"soc_pakalpojumi","id":"352","nosaukums":"Sabiedrība ar ierobežotu atbildību \"Dzīves oāze\"","adrese":"Biešu iela 6, Rīga, LV-1004","pakalpojums":"dienas aprūpes centrs","pakalpojuma_forma":"bez izmitināšanas","planotais_klientu_skaits":26,"klienti":"pilngadīgas personas (abu dzimumu)","klientu_grupas":["personas ar garīga rakstura traucējumiem"],"juridiskais_statuss":"SIA","vzd_kods":"104576552","majaslapa":"https://www.dzivesoaze.lv"}},{"type":"Feature","geometry":{"type":"Point","coordinates":[24.174258,56.933643]},"properties":{"kategorija":"soc_pakalpojumi","id":"356","nosaukums":"Biedrības Rīgas pilsētas Rūpju bērns Dienas aprūpes centrs Cerību māja","adrese":"Rēzeknes iela 2A, Rīga, LV-1073","pakalpojums":"Dienas aprūpes centrs","pakalpojuma_forma":"bez izmitināšanas","planotais_klientu_skaits":24,"klienti":"pilngadīgas personas (abu dzimumu)","klientu_grupas":["personas ar garīga rakstura traucējumiem"],"juridiskais_statuss":"Biedrības struktūrvienība","vzd_kods":"104583381","majaslapa":"https://www.facebook.com/rupjuberns"}},{"type":"Feature","geometry":{"type":"Point","coordinates":[25.23273,57.302454]},"properties":{"kategorija":"soc_pakalpojumi","id":"36","nosaukums":"Cēsu pilsētas pansionāts","adrese":"Kovārņu iela 20, Cēsis, Cēsu nov., LV-4101","pakalpojums":"ilgstoša sociālā aprūpe un sociālā rehabilitācija","pakalpojuma_forma":"ar izmitināšanu","izmitinasana":"izmitināšana","planotais_klientu_skaits":132,"klienti":"pilngadīgas personas (abu dzimumu)","klientu_grupas":["personas ar invaliditāti ar fiziska rakstura traucējumiem","pensijas vecuma personas"],"juridiskais_statuss":"Pašvaldības iestāde","vzd_kods":"102625408","majaslapa":"https://www.cesunovads.lv"}},{"type":"Feature","geometry":{"type":"Point","coordinates":[22.6546,57.245852]},"properties":{"kategorija":"soc_pakalpojumi","id":"363","nosaukums":"Biedrības Latvijas Sarkanais Krusts Sociālās aprūpes centrs \"Stūrīši\"","adrese":"\"Stūrīši 8\", Stūrīši, Laidzes pag., Talsu nov., LV-3280","pakalpojums":"ilgstošās sociālās aprūpes un sociālās rehabilitācijas institūcija","pakalpojuma_forma":"ar izmitināšanu","izmitinasana":"izmitināšana","planotais_klientu_skaits":121,"klienti":"pilngadīgas personas (abu dzimumu)","klientu_grupas":["pensijas vecuma personas","personas ar garīga rakstura traucējumiem","invalīdi ar fiziska rakstura traucējumiem"],"juridiskais_statuss":"Biedrības struktūrvienība","vzd_kods":"104879104","majaslapa":"https://www.redcross.lv"}},{"type":"Feature","geometry":{"type":"Point","coordinates":[22.571919,57.04292]},"properties":{"kategorija":"soc_pakalpojumi","id":"364","nosaukums":"Sabiles aprūpes biedrība \"Kalme\"","adrese":"Krišjāņa Barona iela 6, Sabile, Talsu nov., LV-3294","pakalpojums":"ilgstoša sociālā aprūpe un sociālā rehabilitācija","pakalpojuma_forma":"ar izmitināšanu","izmitinasana":"izmitināšana","planotais_klientu_skaits":25,"klienti":"pilngadīgas personas (abu dzimumu)","klientu_grupas":["personas ar garīga rakstura traucējumiem","personas ar invaliditāti ar fiziska rakstura traucējumiem","pensijas vecuma personas"],"juridiskais_statuss":"Biedrība","vzd_kods":"101242617","majaslapa":"https://nav"}},{"type":"Feature","geometry":{"type":"Point","coordinates":[24.167866,56.932881]},"properties":{"kategorija":"soc_pakalpojumi","id":"365","nosaukums":"Biedrības \"Rīgas pilsētas \"Rūpju bērns\"\" Specializētā galdniecības darbnīca \"Skaida\" personām ar garīga rakstura traucējumiem","adrese":"Lubānas iela 39B, Rīga, LV-1019","pakalpojums":"Specializētās darbnīcas","pakalpojuma_forma":"bez izmitināšanas","planotais_klientu_skaits":10,"klienti":"pilngadīgas personas (abu dzimumu)","klientu_grupas":["personas ar garīga rakstura traucējumiem"],"juridiskais_statuss":"Biedrības struktūrvienība","vzd_kods":"105246173"}},{"type":"Feature","geometry":{"type":"Point","coordinates":[27.342405,56.509838]},"properties":{"kategorija":"soc_pakalpojumi","id":"372","nosaukums":"Rēzeknes valstspilsētas pašvaldības pārvalde \"Sociālais dienests\"","adrese":"Zemnieku iela 16A, Rēzekne, LV-4601","pakalpojums":"sociālais, tai skaitā pašvaldības sociālais dienests","pakalpojuma_forma":"bez izmitināšanas","planotais_klientu_skaits":2348,"klienti":"visu vecumu un dzimumu personas","klientu_grupas":["citi"],"juridiskais_statuss":"Pašvaldības iestāde","vzd_kods":"101687795","majaslapa":"https://www.sdrezekne.lv"}},{"type":"Feature","geometry":{"type":"Point","coordinates":[26.519536,55.867106]},"properties":{"kategorija":"soc_pakalpojumi","id":"378","nosaukums":"Daugavpils valstspilsētas pašvaldības iestāde \"Sociālais dienests\"","adrese":"Vienības iela 8, Daugavpils, LV-5401","pakalpojums":"sociālais, tai skaitā pašvaldības sociālais dienests","pakalpojuma_forma":"bez izmitināšanas","planotais_klientu_skaits":8174,"klienti":"visu vecumu un dzimumu personas","klientu_grupas":["citi"],"juridiskais_statuss":"Pašvaldības iestāde","vzd_kods":"102587340","majaslapa":"https://www.socd.lv"}},{"type":"Feature","geometry":{"type":"Point","coordinates":[23.62302,56.943183]},"properties":{"kategorija":"soc_pakalpojumi","id":"38","nosaukums":"Pašvaldības SIA \"Veselības un sociālās aprūpes centrs - Sloka\"","adrese":"Dzirnavu iela 36/38, Jūrmala, LV-2011","pakalpojums":"ilgstoša sociālā aprūpe un sociālā rehabilitācija","pakalpojuma_forma":"ar izmitināšanu","izmitinasana":"izmitināšana","planotais_klientu_skaits":98,"klienti":"pilngadīgas personas (abu dzimumu)","klientu_grupas":["personas ar invaliditāti ar fiziska rakstura traucējumiem","personas ar garīga rakstura traucējumiem","pensijas vecuma personas"],"juridiskais_statuss":"Pašvaldības SIA","vzd_kods":"106186902","majaslapa":"https://www.vsacsloka.lv"}},{"type":"Feature","geometry":{"type":"Point","coordinates":[24.360116,57.7496]},"properties":{"kategorija":"soc_pakalpojumi","id":"381","nosaukums":"SIA “Latprimussa” Ilgstošas sociālās aprūpes un rehabilitācijas centrs “Brīze”","adrese":"Valmieras iela 7, Salacgrīva, Limbažu nov., LV-4033","pakalpojums":"ilgstošās sociālās aprūpes un sociālās rehabilitācijas institūcija","pakalpojuma_forma":"ar izmitināšanu","izmitinasana":"izmitināšana","planotais_klientu_skaits":42,"klienti":"pilngadīgas personas (abu dzimumu)","klientu_grupas":["pensijas vecuma personas"],"juridiskais_statuss":"SIA","vzd_kods":"102681177","majaslapa":"https://www.brize.lv"}},{"type":"Feature","geometry":{"type":"Point","coordinates":[24.653667,57.882374]},"properties":{"kategorija":"soc_pakalpojumi","id":"382","nosaukums":"SIA “Latprimussa” Ilgstošas sociālās aprūpes un rehabilitācijas centrs “Brīze” struktūrvienība “Rozēni”","adrese":"\"Ceļinieki\", Staiceles pag., Limbažu nov., LV-4043","pakalpojums":"ilgstošās sociālās aprūpes un sociālās rehabilitācijas institūcija","pakalpojuma_forma":"ar izmitināšanu","izmitinasana":"izmitināšana","planotais_klientu_skaits":32,"klienti":"pilngadīgas personas (abu dzimumu)","klientu_grupas":["pensijas vecuma personas"],"juridiskais_statuss":"SIA struktūrvienība","vzd_kods":"104050942","majaslapa":"https://www.brize.lv"}},{"type":"Feature","geometry":{"type":"Point","coordinates":[24.116661,56.942559]},"properties":{"kategorija":"soc_pakalpojumi","id":"383","nosaukums":"Latvijas Sarkanā Krusta Sociālais centrs Gaiziņš","adrese":"Gaiziņa iela 7, Rīga, LV-1050","pakalpojums":"naktspatversme","pakalpojuma_forma":"ar izmitināšanu","izmitinasana":"izmitināšana","planotais_klientu_skaits":85,"klienti":"pilngadīgas personas (abu dzimumu)","klientu_grupas":["krīzes situācijā nonākušas personas"],"juridiskais_statuss":"Biedrības struktūrvienība","vzd_kods":"101831391","majaslapa":"https://www.redcross.lv"}},{"type":"Feature","geometry":{"type":"Point","coordinates":[27.083292,56.441815]},"properties":{"kategorija":"soc_pakalpojumi","id":"385","nosaukums":"Rēzeknes novada pašvaldības Daudzfunkcionālais sociālo pakalpojumu centrs \"Vecružina\"","adrese":"Parka iela 3 - 9, Vecružina, Silmalas pag., Rēzeknes nov., LV-4636","pakalpojums":"ilgstoša sociālā aprūpe un sociālā rehabilitācija","pakalpojuma_forma":"ar izmitināšanu","izmitinasana":"izmitināšana","planotais_klientu_skaits":15,"klienti":"bērni (abu dzimumu)","klientu_grupas":["bērni bāreņi un bez vecāku gādības palikušie bērni"],"juridiskais_statuss":"Pašvaldības iestāde","vzd_kods":"117530944","majaslapa":"https://rezeknesnovads.lv/pasvaldiba/socialas-dienests/sociala-atbalsta-iestades/"}},{"type":"Feature","geometry":{"type":"Point","coordinates":[24.199451,56.899522]},"properties":{"kategorija":"soc_pakalpojumi","id":"389","nosaukums":"Evaņģēlisko Kristiešu draudze Zilais Krusts","adrese":"Mazjumpravas iela 8, Rīga, LV-1063","pakalpojums":"naktspatversme","pakalpojuma_forma":"ar izmitināšanu","izmitinasana":"izmitināšana","planotais_klientu_skaits":80,"klienti":"pilngadīgas personas (vīrieši)","klientu_grupas":["personas, kas atgriezušās no ieslodzījuma vietas vai ilgstošas bezpajumtniecības","krīzes situācijā nonākušas personas"],"juridiskais_statuss":"Reliģiskā organizācija","vzd_kods":"101943612","majaslapa":"https://www.zilaiskrusts.lv"}},{"type":"Feature","geometry":{"type":"Point","coordinates":[23.607626,56.962233]},"properties":{"kategorija":"soc_pakalpojumi","id":"392","nosaukums":"Jūrmalas Labklājības pārvaldes Sociālais dienests","adrese":"Talsu šoseja 31 k-25, Jūrmala, LV-2016","pakalpojums":"sociālais, tai skaitā pašvaldības sociālais dienests","pakalpojuma_forma":"bez izmitināšanas","planotais_klientu_skaits":2220,"klienti":"visu vecumu un dzimumu personas","klientu_grupas":["citi"],"juridiskais_statuss":"Pašvaldības iestāde","vzd_kods":"103245558","majaslapa":"https://www.jurmala.lv"}},{"type":"Feature","geometry":{"type":"Point","coordinates":[23.715392,56.64731]},"properties":{"kategorija":"soc_pakalpojumi","id":"394","nosaukums":"Jelgavas valstspilsētas pašvaldības iestāde \"Jelgavas sociālo lietu pārvalde\"","adrese":"Pulkveža Oskara Kalpaka iela 9, Jelgava, LV-3001","pakalpojums":"sociālais, tai skaitā pašvaldības sociālais dienests","pakalpojuma_forma":"bez izmitināšanas","planotais_klientu_skaits":1500,"klienti":"pilngadīgas personas (abu dzimumu)","klientu_grupas":["citi"],"juridiskais_statuss":"Pašvaldības iestāde","vzd_kods":"101777814","majaslapa":"https://www.jslp.jelgava.lv"}},{"type":"Feature","geometry":{"type":"Point","coordinates":[24.116661,56.942559]},"properties":{"kategorija":"soc_pakalpojumi","id":"398","nosaukums":"Latvijas Sarkanā Krusta Sociālais centrs Gaiziņš","adrese":"Gaiziņa iela 7, Rīga, LV-1050","pakalpojums":"patversme","pakalpojuma_forma":"ar izmitināšanu","izmitinasana":"izmitināšana","planotais_klientu_skaits":40,"klienti":"pilngadīgas personas (abu dzimumu)","klientu_grupas":["krīzes situācijā nonākušas personas"],"juridiskais_statuss":"Biedrības struktūrvienība","vzd_kods":"101831391","majaslapa":"https://www.redcross.lv"}},{"type":"Feature","geometry":{"type":"Point","coordinates":[23.722463,56.934144]},"properties":{"kategorija":"soc_pakalpojumi","id":"4","nosaukums":"Biedrība \"Integrācija sabiedrībai\"","adrese":"\"Ratnieki\", Silmalas, Salas pag., Mārupes nov., LV-2105","pakalpojums":"Sociālās rehabilitācijas institūcija","pakalpojuma_forma":"ar izmitināšanu","izmitinasana":"izmitināšana","planotais_klientu_skaits":20,"klienti":"pilngadīgas personas (vīrieši)","klientu_grupas":["personas, kas atgriezušās no ieslodzījuma vietas","citi"],"juridiskais_statuss":"Biedrība","vzd_kods":"104515173","majaslapa":"https://www.srcratnieki.lv"}},{"type":"Feature","geometry":{"type":"Point","coordinates":[27.111266,56.991383]},"properties":{"kategorija":"soc_pakalpojumi","id":"402","nosaukums":"Nodibinājums \"Latgales Reģionālais atbalsta centrs \"Rasas pērles\"\"","adrese":"\"Varavīksne\", Rugāju pag., Balvu nov., LV-4570","pakalpojums":"Krīzes centrs","pakalpojuma_forma":"ar izmitināšanu un bez izmitināšanas","izmitinasana":"izmitināšana","planotais_klientu_skaits":25,"klienti":"visu vecumu un dzimumu personas","klientu_grupas":["krīzes situācijā nonākušas personas","personas, kas cietušas no prettiesiskām darbībām (tai skaitā vardarbībā cietušas personas)"],"juridiskais_statuss":"Nodibinājums","vzd_kods":"105749824","majaslapa":"https://www.rasasperles.lv"}},{"type":"Feature","geometry":{"type":"Point","coordinates":[24.304674,56.978772]},"properties":{"kategorija":"soc_pakalpojumi","id":"408","nosaukums":"Valsts sociālās aprūpes centrs \"Rīga\" filiāle \"Ezerkrasti\"","adrese":"Berģu iela 142, Rīga, LV-1024","pakalpojums":"ilgstoša sociālā aprūpe un sociālā rehabilitācija","pakalpojuma_forma":"ar izmitināšanu","izmitinasana":"izmitināšana","planotais_klientu_skaits":250,"klienti":"pilngadīgas personas (abu dzimumu)","klientu_grupas":["personas ar invaliditāti ar fiziska rakstura traucējumiem","pensijas vecuma personas","personas ar garīga rakstura traucējumiem"],"juridiskais_statuss":"Valsts pārvaldes iestādes struktūrvienība","vzd_kods":"102640863","majaslapa":"https://www.vsacriga.gov.lv"}},{"type":"Feature","geometry":{"type":"Point","coordinates":[25.403261,57.534476]},"properties":{"kategorija":"soc_pakalpojumi","id":"412","nosaukums":"Valmieras novada pašvaldības pansionāts \"Valmiera\"","adrese":"Rīgas iela 55, Valmiera, Valmieras nov., LV-4201","pakalpojums":"ilgstošās sociālās aprūpes un sociālās rehabilitācijas institūcija","pakalpojuma_forma":"ar izmitināšanu","izmitinasana":"izmitināšana","planotais_klientu_skaits":60,"klienti":"pilngadīgas personas (abu dzimumu)","klientu_grupas":["pensijas vecuma personas","invalīdi ar fiziska rakstura traucējumiem"],"juridiskais_statuss":"Pašvaldības iestāde","vzd_kods":"101030653","majaslapa":"https://www.valmierasnovads.lv"}},{"type":"Feature","geometry":{"type":"Point","coordinates":[27.364527,56.503096]},"properties":{"kategorija":"soc_pakalpojumi","id":"415","nosaukums":"Rēzeknes valstspilsētas pašvaldības pārvaldes \"Sociālais dienests\" Pensionāru sociālo pakalpojumu centrs","adrese":"Rēznas iela 41, Rēzekne, LV-4601","pakalpojums":"ilgstoša sociālā aprūpe un sociālā rehabilitācija","pakalpojuma_forma":"ar izmitināšanu","izmitinasana":"izmitināšana","planotais_klientu_skaits":185,"klienti":"pilngadīgas personas (abu dzimumu)","klientu_grupas":["personas ar invaliditāti ar fiziska rakstura traucējumiem","pensijas vecuma personas","citi"],"juridiskais_statuss":"Pašvaldības iestādes struktūrvienība","vzd_kods":"101682191","majaslapa":"https://www.sdrezekne.lv"}},{"type":"Feature","geometry":{"type":"Point","coordinates":[25.277399,57.311188]},"properties":{"kategorija":"soc_pakalpojumi","id":"419","nosaukums":"SIA \"LATVIJAS NEREDZĪGO BIEDRĪBAS REHABILITĀCIJAS CENTRS\" Cēsu filiāle","adrese":"Krišjāņa Valdemāra iela 11, Cēsis, Cēsu nov., LV-4101","pakalpojums":"Sociālās rehabilitācijas institūcija","pakalpojuma_forma":"bez izmitināšanas","planotais_klientu_skaits":30,"klienti":"visu vecumu un dzimumu personas","klientu_grupas":["redzes invalīdi"],"juridiskais_statuss":"SIA struktūrvienība","vzd_kods":"102293355","majaslapa":"https://www.lnbrc.lv"}},{"type":"Feature","geometry":{"type":"Point","coordinates":[22.760656,57.213542]},"properties":{"kategorija":"soc_pakalpojumi","id":"42","nosaukums":"Talsu novada pašvaldības iestāde pansionāts \"Lauciene\"","adrese":"\"Pansionāts\", Lauciene, Laucienes pag., Talsu nov., LV-3285","pakalpojums":"ilgstoša sociālā aprūpe un sociālā rehabilitācija","pakalpojuma_forma":"ar izmitināšanu","izmitinasana":"izmitināšana","planotais_klientu_skaits":200,"klienti":"pilngadīgas personas (abu dzimumu)","klientu_grupas":["pensijas vecuma personas","personas ar garīga rakstura traucējumiem","personas ar invaliditāti ar fiziska rakstura traucējumiem"],"juridiskais_statuss":"Pašvaldības iestāde","vzd_kods":"103176954","majaslapa":"https://www.pansionatslauciene.lv"}},{"type":"Feature","geometry":{"type":"Point","coordinates":[26.593884,55.889279]},"properties":{"kategorija":"soc_pakalpojumi","id":"420","nosaukums":"SIA \"LATVIJAS NEREDZĪGO BIEDRĪBAS REHABILITĀCIJAS CENTRS\" Daugavpils filiāle","adrese":"Čiekuru iela 5 - 2B, Daugavpils, LV-5413","pakalpojums":"sociālā rehabilitācija","pakalpojuma_forma":"bez izmitināšanas","planotais_klientu_skaits":20,"klienti":"visu vecumu un dzimumu personas","klientu_grupas":["personas ar redzes invaliditāti"],"juridiskais_statuss":"SIA struktūrvienība","vzd_kods":"118714634","majaslapa":"https://www.lnbrc.lv"}},{"type":"Feature","geometry":{"type":"Point","coordinates":[23.714325,56.647209]},"properties":{"kategorija":"soc_pakalpojumi","id":"421","nosaukums":"SIA \"LATVIJAS NEREDZĪGO BIEDRĪBAS REHABILITĀCIJAS CENTRS\" Jelgavas filiāle","adrese":"Pulkveža Oskara Kalpaka iela 16, Jelgava, LV-3001","pakalpojums":"Sociālās rehabilitācijas institūcija","pakalpojuma_forma":"bez izmitināšanas","planotais_klientu_skaits":10,"klienti":"visu vecumu un dzimumu personas","klientu_grupas":["redzes invalīdi"],"juridiskais_statuss":"SIA struktūrvienība","vzd_kods":"101777613","majaslapa":"https://www.lnbrc.lv"}},{"type":"Feature","geometry":{"type":"Point","coordinates":[23.615205,56.965014]},"properties":{"kategorija":"soc_pakalpojumi","id":"423","nosaukums":"SIA \"LATVIJAS NEREDZĪGO BIEDRĪBAS REHABILITĀCIJAS CENTRS\" Jūrmalas filiāle","adrese":"Kapteiņa Zolta iela 121, Jūrmala, LV-2016","pakalpojums":"Sociālās rehabilitācijas institūcija","pakalpojuma_forma":"bez izmitināšanas","planotais_klientu_skaits":20,"klienti":"visu vecumu un dzimumu personas","klientu_grupas":["redzes invalīdi"],"juridiskais_statuss":"SIA struktūrvienība","vzd_kods":"102470391","majaslapa":"https://www.lnbrc.lv"}},{"type":"Feature","geometry":{"type":"Point","coordinates":[21.01403,56.481577]},"properties":{"kategorija":"soc_pakalpojumi","id":"424","nosaukums":"SIA \"LATVIJAS NEREDZĪGO BIEDRĪBAS REHABILITĀCIJAS CENTRS\" Liepājas filiāle","adrese":"Ganību iela 197/205, Liepāja, LV-3407","pakalpojums":"Sociālās rehabilitācijas institūcija","pakalpojuma_forma":"bez izmitināšanas","planotais_klientu_skaits":50,"klienti":"visu vecumu un dzimumu personas","klientu_grupas":["redzes invalīdi"],"juridiskais_statuss":"SIA struktūrvienība","vzd_kods":"104131946","majaslapa":"https://www.lnbrc.lv"}},{"type":"Feature","geometry":{"type":"Point","coordinates":[27.337175,56.498154]},"properties":{"kategorija":"soc_pakalpojumi","id":"425","nosaukums":"SIA \"LATVIJAS NEREDZĪGO BIEDRĪBAS REHABILITĀCIJAS CENTRS\" Rēzeknes filiāle","adrese":"Bukmuižas iela 20, Rēzekne, LV-4601","pakalpojums":"Sociālās rehabilitācijas institūcija","pakalpojuma_forma":"bez izmitināšanas","planotais_klientu_skaits":30,"klienti":"visu vecumu un dzimumu personas","klientu_grupas":["redzes invalīdi"],"juridiskais_statuss":"SIA struktūrvienība","vzd_kods":"101668148","majaslapa":"https://www.lnbrc.lv"}},{"type":"Feature","geometry":{"type":"Point","coordinates":[21.57383,57.376446]},"properties":{"kategorija":"soc_pakalpojumi","id":"428","nosaukums":"SIA \"LATVIJAS NEREDZĪGO BIEDRĪBAS REHABILITĀCIJAS CENTRS\" Ventspils filiāle","adrese":"Baldones iela 16, Ventspils, LV-3601","pakalpojums":"Sociālās rehabilitācijas institūcija","pakalpojuma_forma":"bez izmitināšanas","planotais_klientu_skaits":20,"klienti":"visu vecumu un dzimumu personas","klientu_grupas":["redzes invalīdi"],"juridiskais_statuss":"SIA struktūrvienība","vzd_kods":"102363450","majaslapa":"https://www.lnbrc.lv"}},{"type":"Feature","geometry":{"type":"Point","coordinates":[24.050782,56.946182]},"properties":{"kategorija":"soc_pakalpojumi","id":"432","nosaukums":"\"LNS Surdotehniskās palīdzības centrs\"","adrese":"Elvīras iela 19 k-2, Rīga, LV-1083","pakalpojums":"Sociālās rehabilitācijas institūcija","pakalpojuma_forma":"bez izmitināšanas","planotais_klientu_skaits":100,"klienti":"pilngadīgas personas (abu dzimumu)","klientu_grupas":["dzirdes invalīdi","citi"],"juridiskais_statuss":"SIA","vzd_kods":"106596926","majaslapa":"http://surdocentrs.lv/"}},{"type":"Feature","geometry":{"type":"Point","coordinates":[27.722114,56.544052]},"properties":{"kategorija":"soc_pakalpojumi","id":"433","nosaukums":"Ludzas novada Sociālais dienests","adrese":"Raiņa iela 16A, Ludza, Ludzas nov., LV-5701","pakalpojums":"sociālais, tai skaitā pašvaldības sociālais dienests","pakalpojuma_forma":"bez izmitināšanas","planotais_klientu_skaits":1500,"klienti":"visu vecumu un dzimumu personas","klientu_grupas":["citi"],"juridiskais_statuss":"Pašvaldības iestāde","vzd_kods":"105730620","majaslapa":"https://www.ludzasnovads.lv"}},{"type":"Feature","geometry":{"type":"Point","coordinates":[24.069907,56.936236]},"properties":{"kategorija":"soc_pakalpojumi","id":"435","nosaukums":"SIA \"Pirmais patronāžas serviss\"","adrese":"Pilsoņu iela 1C, Rīga, LV-1002","pakalpojums":"aprūpe mājās","pakalpojuma_forma":"bez izmitināšanas","planotais_klientu_skaits":450,"klienti":"visu vecumu un dzimumu personas","klientu_grupas":["personas ar invaliditāti ar fiziska rakstura traucējumiem","pensijas vecuma personas","personas ar garīga rakstura traucējumiem"],"juridiskais_statuss":"SIA","vzd_kods":"103332436","majaslapa":"https://ppsserviss.lv/"}},{"type":"Feature","geometry":{"type":"Point","coordinates":[24.877888,57.157821]},"properties":{"kategorija":"soc_pakalpojumi","id":"436","nosaukums":"Sociālās aprūpes biedrība \"Saullēkts\"","adrese":"Dārza iela 47A, Sigulda, Siguldas nov., LV-2150","pakalpojums":"ilgstoša sociālā aprūpe un sociālā rehabilitācija","pakalpojuma_forma":"ar izmitināšanu","izmitinasana":"izmitināšana","planotais_klientu_skaits":47,"klienti":"pilngadīgas personas (abu dzimumu)","klientu_grupas":["personas ar invaliditāti ar fiziska rakstura traucējumiem","pensijas vecuma personas"],"juridiskais_statuss":"Biedrība","vzd_kods":"102112613","majaslapa":"https://www.saullekts.lv"}},{"type":"Feature","geometry":{"type":"Point","coordinates":[24.231491,56.822992]},"properties":{"kategorija":"soc_pakalpojumi","id":"438","nosaukums":"Ķekavas novada sociālais dienests","adrese":"Gaismas iela 19 k-8, Ķekava, Ķekavas nov., LV-2123","pakalpojums":"sociālais, tai skaitā pašvaldības sociālais dienests","pakalpojuma_forma":"bez izmitināšanas","planotais_klientu_skaits":635,"klienti":"visu vecumu un dzimumu personas","klientu_grupas":["citi"],"juridiskais_statuss":"Pašvaldības iestāde","vzd_kods":"102127746","majaslapa":"https://www.kekava.lv"}},{"type":"Feature","geometry":{"type":"Point","coordinates":[24.61841,56.821449]},"properties":{"kategorija":"soc_pakalpojumi","id":"439","nosaukums":"SIA \"Ogres rajona slimnīca\" Ilgstošas sociālās aprūpes institūcija","adrese":"Turkalnes iela 15, Ogre, Ogres nov., LV-5001","pakalpojums":"ilgstoša sociālā aprūpe un sociālā rehabilitācija","pakalpojuma_forma":"ar izmitināšanu","izmitinasana":"izmitināšana","planotais_klientu_skaits":100,"klienti":"pilngadīgas personas (abu dzimumu)","klientu_grupas":["personas ar invaliditāti ar fiziska rakstura traucējumiem","pensijas vecuma personas"],"juridiskais_statuss":"SIA struktūrvienība","vzd_kods":"102153771","majaslapa":"https://www.ogresslimnica.lv"}},{"type":"Feature","geometry":{"type":"Point","coordinates":[24.840789,57.063524]},"properties":{"kategorija":"soc_pakalpojumi","id":"44","nosaukums":"Nodibinājums \"Allažu bērnu un ģimenes atbalsta centrs\"","adrese":"Stārķu iela 4, Allaži, Allažu pag., Siguldas nov., LV-2154","pakalpojums":"Krīzes centrs","pakalpojuma_forma":"ar izmitināšanu","izmitinasana":"izmitināšana","planotais_klientu_skaits":20,"klienti":"bērni, kuri uzturas kopā ar vecākiem, tuviniekiem, aizbildņiem","klientu_grupas":["personas, kas cietušas no prettiesiskām darbībām (tai skaitā vardarbībā cietušas personas)","krīzes situācijā nonākušas personas"],"juridiskais_statuss":"Nodibinājums","vzd_kods":"104125202","majaslapa":"https://www.allazuatbalstacentrs.lv"}},{"type":"Feature","geometry":{"type":"Point","coordinates":[21.566756,57.393381]},"properties":{"kategorija":"soc_pakalpojumi","id":"440","nosaukums":"Ventspils valstspilsētas pašvaldības iestāde \"Ventspils Sociālais dienests\"","adrese":"Raiņa iela 10, Ventspils, LV-3601","pakalpojums":"sociālais, tai skaitā pašvaldības sociālais dienests","pakalpojuma_forma":"bez izmitināšanas","planotais_klientu_skaits":2200,"klienti":"visu vecumu un dzimumu personas","klientu_grupas":["citi"],"juridiskais_statuss":"Pašvaldības iestāde","vzd_kods":"101657102","majaslapa":"https://www.ventspils.lv; labklajiba.ventspils.lv; www.facebook.com/socdienestsventspils/"}},{"type":"Feature","geometry":{"type":"Point","coordinates":[26.509872,55.868455]},"properties":{"kategorija":"soc_pakalpojumi","id":"443","nosaukums":"Augšdaugavas novada Sociālais dienests","adrese":"Rīgas iela 2, Daugavpils, LV-5401","pakalpojums":"sociālais, tai skaitā pašvaldības sociālais dienests","pakalpojuma_forma":"bez izmitināšanas","planotais_klientu_skaits":782,"klienti":"visu vecumu un dzimumu personas","klientu_grupas":["citi"],"juridiskais_statuss":"Pašvaldības iestādes struktūrvienība","vzd_kods":"101805294","majaslapa":"https://www.augsdaugavasnovads.lv"}},{"type":"Feature","geometry":{"type":"Point","coordinates":[25.641119,56.893469]},"properties":{"kategorija":"soc_pakalpojumi","id":"445","nosaukums":"Ērgļu pašvaldības SIA \"Ērgļu slimnīca\" Sociālās aprūpes nodaļa","adrese":"Parka iela 7, Ērgļi, Ērgļu pag., Madonas nov., LV-4840","pakalpojums":"ilgstošās sociālās aprūpes un sociālās rehabilitācijas institūcija","pakalpojuma_forma":"ar izmitināšanu","izmitinasana":"izmitināšana","planotais_klientu_skaits":40,"klienti":"pilngadīgas personas (abu dzimumu)","klientu_grupas":["pensijas vecuma personas","invalīdi ar fiziska rakstura traucējumiem"],"juridiskais_statuss":"SIA","vzd_kods":"101406201"}},{"type":"Feature","geometry":{"type":"Point","coordinates":[24.075787,56.930898]},"properties":{"kategorija":"soc_pakalpojumi","id":"45","nosaukums":"Nodibinājums \"Centrs Dardedze\"","adrese":"Cieceres iela 3, Rīga, LV-1002","pakalpojums":"Krīzes centrs","pakalpojuma_forma":"bez izmitināšanas","planotais_klientu_skaits":60,"klienti":"visu vecumu un dzimumu personas","klientu_grupas":["krīzes situācijā nonākušas personas","personas, kas cietušas no prettiesiskām darbībām (tai skaitā vardarbībā cietušas personas)"],"juridiskais_statuss":"Nodibinājums","vzd_kods":"103357924","majaslapa":"https://www.centrsdardedze.lv"}},{"type":"Feature","geometry":{"type":"Point","coordinates":[22.738107,56.836031]},"properties":{"kategorija":"soc_pakalpojumi","id":"450","nosaukums":"Nodibinājums \"Zantes ģimenes atbalsta centrs\"","adrese":"Skolas iela 4, Zante, Zantes pag., Tukuma nov., LV-3134","pakalpojums":"krīzes centrs","pakalpojuma_forma":"ar izmitināšanu un bez izmitināšanas","izmitinasana":"izmitināšana","planotais_klientu_skaits":20,"klienti":"visu vecumu un dzimumu personas","klientu_grupas":["bērni bāreņi un bez vecāku gādības palikušie bērni","krīzes situācijā nonākušas personas","personas, kas cietušas no prettiesiskām darbībām (tai skaitā vardarbībā cietušas personas)"],"juridiskais_statuss":"Nodibinājums","vzd_kods":"102659704","majaslapa":"https://www.zanteberniem.lv"}},{"type":"Feature","geometry":{"type":"Point","coordinates":[27.525097,56.095265]},"properties":{"kategorija":"soc_pakalpojumi","id":"451","nosaukums":"Veselības un sociālās aprūpes centrs \"Dagda\"","adrese":"Brīvības iela 29, Dagda, Krāslavas nov., LV-5674","pakalpojums":"ilgstoša sociālā aprūpe un sociālā rehabilitācija","pakalpojuma_forma":"ar izmitināšanu","izmitinasana":"izmitināšana","planotais_klientu_skaits":75,"klienti":"pilngadīgas personas (abu dzimumu)","klientu_grupas":["personas ar redzes invaliditāti","personas ar garīga rakstura traucējumiem","pensijas vecuma personas","personas ar dzirdes invaliditāti","personas ar invaliditāti ar fiziska rakstura traucējumiem"],"juridiskais_statuss":"Pašvaldības iestāde","vzd_kods":"101497968","majaslapa":"https://www.dagdasvspc.lv"}},{"type":"Feature","geometry":{"type":"Point","coordinates":[21.007246,56.523412]},"properties":{"kategorija":"soc_pakalpojumi","id":"452","nosaukums":"Liepājas valstspilsētas pašvaldības iestāde \"Liepājas Sociālais dienests\" Atkarību profilakses centrs","adrese":"Flotes iela 7, Liepāja, LV-3405","pakalpojums":"cits: HIV/AIDS un atkarību profilakses pakalpojums","pakalpojuma_forma":"bez izmitināšanas","planotais_klientu_skaits":200,"klienti":"visu vecumu un dzimumu personas","klientu_grupas":["citi"],"juridiskais_statuss":"Pašvaldības iestādes struktūrvienība","vzd_kods":"102406857","majaslapa":"https://www.liepaja.lv/atkaribu-profilakses-centrs/"}},{"type":"Feature","geometry":{"type":"Point","coordinates":[21.60109,56.88639]},"properties":{"kategorija":"soc_pakalpojumi","id":"457","nosaukums":"Valsts sociālās aprūpes centrs \"Kurzeme\" filiāle \"Gudenieki\"","adrese":"\"Saulrieti\", Gudenieki, Gudenieku pag., Kuldīgas nov., LV-3312","pakalpojums":"ilgstoša sociālā aprūpe un sociālā rehabilitācija","pakalpojuma_forma":"ar izmitināšanu","izmitinasana":"izmitināšana","planotais_klientu_skaits":38,"klienti":"pilngadīgas personas (abu dzimumu)","klientu_grupas":["personas ar garīga rakstura traucējumiem"],"juridiskais_statuss":"Valsts pārvaldes iestādes struktūrvienība","vzd_kods":"102979588","majaslapa":"https://www.vsackurzeme.gov.lv"}},{"type":"Feature","geometry":{"type":"Point","coordinates":[21.223452,56.534084]},"properties":{"kategorija":"soc_pakalpojumi","id":"458","nosaukums":"Valsts sociālās aprūpes centrs \"Kurzeme\"","adrese":"\"Iļģi\", Grobiņas pag., Dienvidkurzemes nov., LV-3430","pakalpojums":"ilgstoša sociālā aprūpe un sociālā rehabilitācija","pakalpojuma_forma":"ar izmitināšanu","izmitinasana":"izmitināšana","planotais_klientu_skaits":696,"klienti":"visu vecumu un dzimumu personas","klientu_grupas":["personas ar garīga rakstura traucējumiem","bērni bāreņi un bez vecāku gādības palikušie bērni"],"juridiskais_statuss":"Valsts pārvaldes iestāde","vzd_kods":"104179713","majaslapa":"https://www.vsackurzeme.gov.lv"}},{"type":"Feature","geometry":{"type":"Point","coordinates":[24.188103,56.910877]},"properties":{"kategorija":"soc_pakalpojumi","id":"462","nosaukums":"Biedrība \"Labā cerība\"","adrese":"Aglonas iela 35 k-3, Rīga, LV-1057","pakalpojums":"Sociālās rehabilitācijas institūcija","pakalpojuma_forma":"ar izmitināšanu","izmitinasana":"izmitināšana","planotais_klientu_skaits":18,"klienti":"pilngadīgas personas (vīrieši)","klientu_grupas":["personas, kas cietušas no prettiesiskām darbībām (tai skaitā vardarbībā cietušas personas)","pensijas vecuma personas","personas, kas atkarīgas no psihoaktīvām vielām","citi","invalīdi ar fiziska rakstura traucējumiem","personas, kas atgriezušās no ieslodzījuma vietas","krīzes situācijā nonākušas personas"],"juridiskais_statuss":"Biedrība","vzd_kods":"101812798"}},{"type":"Feature","geometry":{"type":"Point","coordinates":[24.119534,56.957038]},"properties":{"kategorija":"soc_pakalpojumi","id":"465","nosaukums":"Rīgas Sociālais dienests","adrese":"Baznīcas iela 19/23, Rīga, LV-1010","pakalpojums":"sociālais, tai skaitā pašvaldības sociālais dienests","pakalpojuma_forma":"bez izmitināšanas","planotais_klientu_skaits":27528,"klienti":"visu vecumu un dzimumu personas","klientu_grupas":["citi"],"juridiskais_statuss":"Pašvaldības iestāde","vzd_kods":"104595982","majaslapa":"https://ld.riga.lv/pasvaldibas-iestades/rigas-socialais-dienests/"}},{"type":"Feature","geometry":{"type":"Point","coordinates":[26.755657,57.163696]},"properties":{"kategorija":"soc_pakalpojumi","id":"473","nosaukums":"Gulbenes novada sociālais dienests","adrese":"Dīķa iela 1, Gulbene, Gulbenes nov., LV-4401","pakalpojums":"Pašvaldības sociālais dienests","pakalpojuma_forma":"bez izmitināšanas","planotais_klientu_skaits":1200,"klienti":"visu vecumu un dzimumu personas","klientu_grupas":["citi"],"juridiskais_statuss":"Pašvaldības iestāde","vzd_kods":"101542454","majaslapa":"https://www.gulbene.lv"}},{"type":"Feature","geometry":{"type":"Point","coordinates":[24.972414,56.332937]},"properties":{"kategorija":"soc_pakalpojumi","id":"476","nosaukums":"Valsts sociālās aprūpes centrs \"Latgale\"","adrese":"\"Lielmēmele 1\", Mazzalves pag., Aizkraukles nov., LV-5133","pakalpojums":"ilgstoša sociālā aprūpe un sociālā rehabilitācija","pakalpojuma_forma":"ar izmitināšanu","izmitinasana":"izmitināšana","planotais_klientu_skaits":846,"klienti":"pilngadīgas personas (abu dzimumu)","klientu_grupas":["personas ar garīga rakstura traucējumiem"],"juridiskais_statuss":"Valsts pārvaldes iestāde","vzd_kods":"103266926","majaslapa":"https://www.vsaclatgale.gov.lv"}},{"type":"Feature","geometry":{"type":"Point","coordinates":[24.239614,56.962126]},"properties":{"kategorija":"soc_pakalpojumi","id":"48","nosaukums":"Rīgas sociālās aprūpes centrs \"Gaiļezers\"","adrese":"Hipokrāta iela 6, Rīga, LV-1079","pakalpojums":"ilgstoša sociālā aprūpe un sociālā rehabilitācija","pakalpojuma_forma":"ar izmitināšanu","izmitinasana":"izmitināšana","planotais_klientu_skaits":307,"klienti":"pilngadīgas personas (abu dzimumu)","klientu_grupas":["personas ar garīga rakstura traucējumiem","personas ar invaliditāti ar fiziska rakstura traucējumiem","pensijas vecuma personas"],"juridiskais_statuss":"Pašvaldības iestāde","vzd_kods":"101834122","majaslapa":"https://www.sacgailezers.lv"}},{"type":"Feature","geometry":{"type":"Point","coordinates":[27.053611,57.418172]},"properties":{"kategorija":"soc_pakalpojumi","id":"492","nosaukums":"Alūksnes novada Sociālo lietu pārvalde","adrese":"Uzvaras iela 1, Alūksne, Alūksnes nov., LV-4301","pakalpojums":"sociālais, tai skaitā pašvaldības sociālais dienests","pakalpojuma_forma":"bez izmitināšanas","planotais_klientu_skaits":724,"klienti":"visu vecumu un dzimumu personas","klientu_grupas":["citi"],"juridiskais_statuss":"Pašvaldības iestāde","vzd_kods":"102339172","majaslapa":"https://www.aluksne.lv"}},{"type":"Feature","geometry":{"type":"Point","coordinates":[24.415472,57.263547]},"properties":{"kategorija":"soc_pakalpojumi","id":"495","nosaukums":"Saulkrastu novada Sociālais dienests","adrese":"Ainažu iela 10 - 7, Saulkrasti, Saulkrastu nov., LV-2160","pakalpojums":"sociālais, tai skaitā pašvaldības sociālais dienests","pakalpojuma_forma":"bez izmitināšanas","planotais_klientu_skaits":203,"klienti":"visu vecumu un dzimumu personas","klientu_grupas":["citi"],"juridiskais_statuss":"Pašvaldības iestāde","vzd_kods":"118533004","majaslapa":"https://www.saulkrasti.lv"}},{"type":"Feature","geometry":{"type":"Point","coordinates":[24.847539,57.15136]},"properties":{"kategorija":"soc_pakalpojumi","id":"497","nosaukums":"Siguldas novada pašvaldības Sociālais dienests","adrese":"Rīgas iela 1, Sigulda, Siguldas nov., LV-2150","pakalpojums":"sociālais, tai skaitā pašvaldības sociālais dienests","pakalpojuma_forma":"bez izmitināšanas","planotais_klientu_skaits":1015,"klienti":"visu vecumu un dzimumu personas","klientu_grupas":["citi"],"juridiskais_statuss":"Pašvaldības iestāde","vzd_kods":"103729803","majaslapa":"https://www.sigulda.lv"}},{"type":"Feature","geometry":{"type":"Point","coordinates":[24.972414,56.332937]},"properties":{"kategorija":"soc_pakalpojumi","id":"5","nosaukums":"Valsts sociālās aprūpes centra \"Latgale\" filiāle \"Mēmele\"","adrese":"\"Lielmēmele 1\", Mazzalves pag., Aizkraukles nov., LV-5133","pakalpojums":"ilgstoša sociālā aprūpe un sociālā rehabilitācija","pakalpojuma_forma":"ar izmitināšanu","izmitinasana":"izmitināšana","planotais_klientu_skaits":181,"klienti":"pilngadīgas personas (abu dzimumu)","klientu_grupas":["personas ar garīga rakstura traucējumiem"],"juridiskais_statuss":"Valsts pārvaldes iestādes struktūrvienība","vzd_kods":"103266926","majaslapa":"https://www.vsaclatgale.gov.lv"}},{"type":"Feature","geometry":{"type":"Point","coordinates":[26.173725,56.354345]},"properties":{"kategorija":"soc_pakalpojumi","id":"500","nosaukums":"SIA \"Līvānu slimnīca\" Ilgstošas sociālās aprūpes un sociālās rehabilitācijas nodaļa","adrese":"Zaļā iela 44, Līvāni, Līvānu nov., LV-5316","pakalpojums":"ilgstoša sociālā aprūpe un sociālā rehabilitācija","pakalpojuma_forma":"ar izmitināšanu","izmitinasana":"izmitināšana","planotais_klientu_skaits":42,"klienti":"pilngadīgas personas (abu dzimumu)","klientu_grupas":["personas ar dzirdes invaliditāti","pensijas vecuma personas","personas ar invaliditāti ar fiziska rakstura traucējumiem"],"juridiskais_statuss":"SIA","vzd_kods":"103166533","majaslapa":"https://www.livanuslimnica.lv"}},{"type":"Feature","geometry":{"type":"Point","coordinates":[26.727352,56.293964]},"properties":{"kategorija":"soc_pakalpojumi","id":"503","nosaukums":"Preiļu novada Labklājības pārvaldes Sociālais dienests","adrese":"Aglonas iela 1A, Preiļi, Preiļu nov., LV-5301","pakalpojums":"sociālais, tai skaitā pašvaldības sociālais dienests","pakalpojuma_forma":"bez izmitināšanas","planotais_klientu_skaits":1300,"klienti":"visu vecumu un dzimumu personas","klientu_grupas":["citi"],"juridiskais_statuss":"Pašvaldības iestādes struktūrvienība","vzd_kods":"106382067","majaslapa":"https://www.preili.lv"}},{"type":"Feature","geometry":{"type":"Point","coordinates":[21.223452,56.534084]},"properties":{"kategorija":"soc_pakalpojumi","id":"51","nosaukums":"Valsts sociālās aprūpes centra \"Kurzeme\" filiāle \"Iļģi\"","adrese":"\"Iļģi\", Grobiņas pag., Dienvidkurzemes nov., LV-3430","pakalpojums":"ilgstoša sociālā aprūpe un sociālā rehabilitācija","pakalpojuma_forma":"ar izmitināšanu","izmitinasana":"izmitināšana","planotais_klientu_skaits":253,"klienti":"pilngadīgas personas (abu dzimumu)","klientu_grupas":["personas ar garīga rakstura traucējumiem"],"juridiskais_statuss":"Valsts pārvaldes iestādes struktūrvienība","vzd_kods":"104179713","majaslapa":"https://www.vsackurzeme.gov.lv"}},{"type":"Feature","geometry":{"type":"Point","coordinates":[28.109745,56.397113]},"properties":{"kategorija":"soc_pakalpojumi","id":"512","nosaukums":"SIA \"Zilupes sociālās aprūpes centrs\" Ilgstošas sociālās aprūpes nodaļa","adrese":"Priežu iela 9, Zilupe, Ludzas nov., LV-5751","pakalpojums":"ilgstoša sociālā aprūpe un sociālā rehabilitācija","pakalpojuma_forma":"ar izmitināšanu","izmitinasana":"izmitināšana","planotais_klientu_skaits":33,"klienti":"pilngadīgas personas (abu dzimumu)","klientu_grupas":["personas ar invaliditāti ar fiziska rakstura traucējumiem","pensijas vecuma personas"],"juridiskais_statuss":"SIA","vzd_kods":"101429928","majaslapa":"https://www.ludzasnovads.lv"}},{"type":"Feature","geometry":{"type":"Point","coordinates":[24.174113,56.955198]},"properties":{"kategorija":"soc_pakalpojumi","id":"518","nosaukums":"Biedrība \"Latvijas Bērniem ar Kustību Traucējumiem\"","adrese":"Varžu iela 8, Rīga, LV-1035","pakalpojums":"Sociālās rehabilitācijas institūcija","pakalpojuma_forma":"bez izmitināšanas","planotais_klientu_skaits":50,"klienti":"visu vecumu un dzimumu personas","klientu_grupas":["invalīdi ar fiziska rakstura traucējumiem","personas ar garīga rakstura traucējumiem"],"juridiskais_statuss":"Biedrība","vzd_kods":"106750888","majaslapa":"https://www.kustibutraucejumi.lv"}},{"type":"Feature","geometry":{"type":"Point","coordinates":[24.848077,57.594798]},"properties":{"kategorija":"soc_pakalpojumi","id":"519","nosaukums":"Sociālās aprūpes centrs - pansionāts \"Pērle\"","adrese":"Sporta iela 4, Pociems, Katvaru pag., Limbažu nov., LV-4061","pakalpojums":"ilgstošās sociālās aprūpes un sociālās rehabilitācijas institūcija","pakalpojuma_forma":"ar izmitināšanu","izmitinasana":"izmitināšana","planotais_klientu_skaits":21,"klienti":"pilngadīgas personas (abu dzimumu)","klientu_grupas":["krīzes situācijā nonākušas personas","pensijas vecuma personas","invalīdi ar fiziska rakstura traucējumiem"],"juridiskais_statuss":"Pašvaldības iestāde","vzd_kods":"102196152"}},{"type":"Feature","geometry":{"type":"Point","coordinates":[24.166803,56.997185]},"properties":{"kategorija":"soc_pakalpojumi","id":"52","nosaukums":"Rīgas Bērnu, jauniešu un gimeņu atbalsta centrs struktūrvienība „Ziemeļi”","adrese":"Sudrabu Edžus iela 11A, Rīga, LV-1014","pakalpojums":"ilgstoša sociālā aprūpe un sociālā rehabilitācija","pakalpojuma_forma":"ar izmitināšanu","izmitinasana":"izmitināšana","planotais_klientu_skaits":48,"klienti":"bērni (abu dzimumu)","klientu_grupas":["bērni bāreņi un bez vecāku gādības palikušie bērni"],"juridiskais_statuss":"Pašvaldības iestādes struktūrvienība","vzd_kods":"102001956"}},{"type":"Feature","geometry":{"type":"Point","coordinates":[26.175263,56.353712]},"properties":{"kategorija":"soc_pakalpojumi","id":"523","nosaukums":"Līvānu novada sociālais dienests","adrese":"Rīgas iela 77, Līvāni, Līvānu nov., LV-5316","pakalpojums":"sociālais, tai skaitā pašvaldības sociālais dienests","pakalpojuma_forma":"bez izmitināšanas","planotais_klientu_skaits":430,"klienti":"visu vecumu un dzimumu personas","klientu_grupas":["citi"],"juridiskais_statuss":"Pašvaldības iestāde","vzd_kods":"102142164"}},{"type":"Feature","geometry":{"type":"Point","coordinates":[24.055643,56.905256]},"properties":{"kategorija":"soc_pakalpojumi","id":"529","nosaukums":"Mārupes novada Sociālais dienests","adrese":"Daugavas iela 29, Mārupe, Mārupes nov., LV-2167","pakalpojums":"sociālais, tai skaitā pašvaldības sociālais dienests","pakalpojuma_forma":"bez izmitināšanas","planotais_klientu_skaits":6700,"klienti":"visu vecumu un dzimumu personas","klientu_grupas":["citi"],"juridiskais_statuss":"Pašvaldības iestāde","vzd_kods":"101311124","majaslapa":"https://www.marupe.lv"}},{"type":"Feature","geometry":{"type":"Point","coordinates":[27.262818,57.126015]},"properties":{"kategorija":"soc_pakalpojumi","id":"536","nosaukums":"Balvu novada Sociālā pārvalde","adrese":"Raiņa iela 52, Balvi, Balvu nov., LV-4501","pakalpojums":"sociālais, tai skaitā pašvaldības sociālais dienests","pakalpojuma_forma":"bez izmitināšanas","planotais_klientu_skaits":2300,"klienti":"visu vecumu un dzimumu personas","klientu_grupas":["citi"],"juridiskais_statuss":"Pašvaldības iestāde","vzd_kods":"101609471","majaslapa":"https://www.balvi.lv"}},{"type":"Feature","geometry":{"type":"Point","coordinates":[27.221518,57.131529]},"properties":{"kategorija":"soc_pakalpojumi","id":"54","nosaukums":"Balvu novada pašvaldības „Pansionāts „Balvi””","adrese":"Pansionāta apbraucamā iela 1, Celmene, Kubulu pag., Balvu nov., LV-4566","pakalpojums":"ilgstoša sociālā aprūpe un sociālā rehabilitācija","pakalpojuma_forma":"ar izmitināšanu","izmitinasana":"izmitināšana","planotais_klientu_skaits":254,"klienti":"pilngadīgas personas (abu dzimumu)","klientu_grupas":["pensijas vecuma personas","personas ar invaliditāti ar fiziska rakstura traucējumiem"],"juridiskais_statuss":"Pašvaldības iestāde","vzd_kods":"104667542","majaslapa":"https://www.pansionatsbalvi.lv"}},{"type":"Feature","geometry":{"type":"Point","coordinates":[24.716657,57.514382]},"properties":{"kategorija":"soc_pakalpojumi","id":"550","nosaukums":"Limbažu novada Sociālais dienests","adrese":"Klostera iela 2, Limbaži, Limbažu nov., LV-4001","pakalpojums":"sociālais, tai skaitā pašvaldības sociālais dienests","pakalpojuma_forma":"bez izmitināšanas","planotais_klientu_skaits":399,"klienti":"visu vecumu un dzimumu personas","klientu_grupas":["citi"],"juridiskais_statuss":"Pašvaldības iestāde","vzd_kods":"102188588"}},{"type":"Feature","geometry":{"type":"Point","coordinates":[27.053611,57.418172]},"properties":{"kategorija":"soc_pakalpojumi","id":"557","nosaukums":"Alūksnes novada Sociālo lietu pārvaldes struktūrvienība Dienas aprūpes centrs \"Saules stars\"","adrese":"Uzvaras iela 1, Alūksne, Alūksnes nov., LV-4301","pakalpojums":"dienas aprūpes centrs","pakalpojuma_forma":"bez izmitināšanas","planotais_klientu_skaits":20,"klienti":"pilngadīgas personas (abu dzimumu)","klientu_grupas":["personas ar redzes invaliditāti","personas ar dzirdes invaliditāti","personas ar invaliditāti ar fiziska rakstura traucējumiem","personas ar garīga rakstura traucējumiem"],"juridiskais_statuss":"Pašvaldības iestādes struktūrvienība","vzd_kods":"102339172","majaslapa":"https://www.aluksne.lv"}},{"type":"Feature","geometry":{"type":"Point","coordinates":[24.021872,56.950997]},"properties":{"kategorija":"soc_pakalpojumi","id":"56","nosaukums":"Rīgas Bērnu, jauniešu un ģimeņu sociālā atbalsta centrs struktūrvienība „Imanta”","adrese":"Imantas 7. līnija 4, Rīga, LV-1083","pakalpojums":"ilgstoša sociālā aprūpe un sociālā rehabilitācija","pakalpojuma_forma":"ar izmitināšanu","izmitinasana":"izmitināšana","planotais_klientu_skaits":35,"klienti":"bērni (abu dzimumu)","klientu_grupas":["bērni bāreņi un bez vecāku gādības palikušie bērni"],"juridiskais_statuss":"Pašvaldības iestādes struktūrvienība","vzd_kods":"101836021"}},{"type":"Feature","geometry":{"type":"Point","coordinates":[25.00761,56.774897]},"properties":{"kategorija":"soc_pakalpojumi","id":"563","nosaukums":"Evaņģēlisko kristiešu draudzes \"Zilais Krusts\"","adrese":"\"Druvas\", Lēdmane, Lēdmanes pag., Ogres nov., LV-5011","pakalpojums":"sociālā rehabilitācija","pakalpojuma_forma":"ar izmitināšanu","izmitinasana":"izmitināšana","planotais_klientu_skaits":15,"klienti":"pilngadīgas personas (vīrieši)","klientu_grupas":["citi","krīzes situācijā nonākušas personas","personas, kas atgriezušās no ieslodzījuma vietas vai ilgstošas bezpajumtniecības"],"juridiskais_statuss":"Reliģiskā organizācija","vzd_kods":"102714154","majaslapa":"https://www.zilaiskrusts.lv"}},{"type":"Feature","geometry":{"type":"Point","coordinates":[22.631431,57.26994]},"properties":{"kategorija":"soc_pakalpojumi","id":"568","nosaukums":"Biedrības \"Latvijas Sarkanais Krusts\" Kurzemes komitejas sociālās aprūpes centrs \"Laidze\"","adrese":"\"Skola\", Laidzes pag., Talsu nov., LV-3280","pakalpojums":"ilgstoša sociālā aprūpe un sociālā rehabilitācija","pakalpojuma_forma":"ar izmitināšanu","izmitinasana":"izmitināšana","planotais_klientu_skaits":41,"klienti":"pilngadīgas personas (abu dzimumu)","klientu_grupas":["personas ar garīga rakstura traucējumiem","personas ar invaliditāti ar fiziska rakstura traucējumiem","pensijas vecuma personas"],"juridiskais_statuss":"Biedrības struktūrvienība","vzd_kods":"104878826","majaslapa":"https://www.redcross-kurzeme.lv/"}},{"type":"Feature","geometry":{"type":"Point","coordinates":[25.903472,56.005454]},"properties":{"kategorija":"soc_pakalpojumi","id":"57","nosaukums":"Sabiedrība ar ierobežotu atbildību \"Veselības centrs Ilūkste\" sociālās aprūpes nodaļa Subate","adrese":"Sporta iela 20, Subate, Augšdaugavas nov., LV-5471","pakalpojums":"ilgstoša sociālā aprūpe un sociālā rehabilitācija","pakalpojuma_forma":"ar izmitināšanu","izmitinasana":"izmitināšana","planotais_klientu_skaits":46,"klienti":"pilngadīgas personas (abu dzimumu)","klientu_grupas":["personas ar garīga rakstura traucējumiem"],"juridiskais_statuss":"Pašvaldības SIA","vzd_kods":"101574650","majaslapa":"https://www.veselibascentrsilukste.lv"}},{"type":"Feature","geometry":{"type":"Point","coordinates":[27.160694,55.901445]},"properties":{"kategorija":"soc_pakalpojumi","id":"579","nosaukums":"Krāslavas bērnu sociālās rehabilitācijas centrs \"Mūsmājas\"","adrese":"Pils iela 5, Krāslava, Krāslavas nov., LV-5601","pakalpojums":"Krīzes centrs","pakalpojuma_forma":"ar izmitināšanu un bez izmitināšanas","izmitinasana":"izmitināšana","planotais_klientu_skaits":8,"klienti":"visu vecumu un dzimumu personas","klientu_grupas":["personas, kas cietušas no prettiesiskām darbībām (tai skaitā vardarbībā cietušas personas)","krīzes situācijā nonākušas personas"],"juridiskais_statuss":"Pašvaldības iestāde","vzd_kods":"101490143"}},{"type":"Feature","geometry":{"type":"Point","coordinates":[24.190981,56.946572]},"properties":{"kategorija":"soc_pakalpojumi","id":"58","nosaukums":"Valsts sociālās aprūpes centrs \"Rīga\" filiāle \"Pļavnieki\"","adrese":"Zebiekstes iela 12, Rīga, LV-1082","pakalpojums":"ilgstoša sociālā aprūpe un sociālā rehabilitācija","pakalpojuma_forma":"ar izmitināšanu","izmitinasana":"izmitināšana","planotais_klientu_skaits":42,"klienti":"bērni (abu dzimumu)","klientu_grupas":["personas ar garīga rakstura traucējumiem","bērni bāreņi un bez vecāku gādības palikušie bērni","personas ar invaliditāti ar fiziska rakstura traucējumiem"],"juridiskais_statuss":"Valsts pārvaldes iestādes struktūrvienība","vzd_kods":"102028468","majaslapa":"https://www.vsacriga.gov.lv"}},{"type":"Feature","geometry":{"type":"Point","coordinates":[21.008082,56.507561]},"properties":{"kategorija":"soc_pakalpojumi","id":"596","nosaukums":"Liepājas Diakonijas centra Dienas aprūpes centrs","adrese":"Friča Brīvzemnieka iela 54, Liepāja, LV-3401","pakalpojums":"Dienas aprūpes centrs","pakalpojuma_forma":"bez izmitināšanas","planotais_klientu_skaits":7,"klienti":"pilngadīgas personas (abu dzimumu)","klientu_grupas":["invalīdi ar fiziska rakstura traucējumiem","pensijas vecuma personas","citi"],"juridiskais_statuss":"Biedrības struktūrvienība","vzd_kods":"102407127","majaslapa":"https://www.kalpot.lv"}},{"type":"Feature","geometry":{"type":"Point","coordinates":[26.689773,56.299517]},"properties":{"kategorija":"soc_pakalpojumi","id":"605","nosaukums":"Preiļu novada Labklājības pārvaldes Krīzes centrs","adrese":"Jaunatnes iela 1, Līči, Preiļu pag., Preiļu nov., LV-5301","pakalpojums":"krīzes centrs","pakalpojuma_forma":"ar izmitināšanu","izmitinasana":"izmitināšana","planotais_klientu_skaits":5,"klienti":"visu vecumu un dzimumu personas","klientu_grupas":["bērni bāreņi un bez vecāku gādības palikušie bērni","krīzes situācijā nonākušas personas","personas, kas cietušas no prettiesiskām darbībām (tai skaitā vardarbībā cietušas personas)","personas ar garīga rakstura traucējumiem"],"juridiskais_statuss":"Pašvaldības iestādes struktūrvienība","vzd_kods":"102596936","majaslapa":"https://www.preili.lv"}},{"type":"Feature","geometry":{"type":"Point","coordinates":[24.036101,56.93559]},"properties":{"kategorija":"soc_pakalpojumi","id":"61","nosaukums":"Rīgas Bērnu, jauniešu un ģimeņu sociālā atbalsta centrs struktūrvienība „Vita”","adrese":"Kalnciema iela 131, Rīga, LV-1046","pakalpojums":"ilgstoša sociālā aprūpe un sociālā rehabilitācija","pakalpojuma_forma":"ar izmitināšanu","izmitinasana":"izmitināšana","planotais_klientu_skaits":24,"klienti":"bērni (abu dzimumu)","klientu_grupas":["bērni bāreņi un bez vecāku gādības palikušie bērni"],"juridiskais_statuss":"Pašvaldības iestādes struktūrvienība","vzd_kods":"101121555"}},{"type":"Feature","geometry":{"type":"Point","coordinates":[26.727352,56.293964]},"properties":{"kategorija":"soc_pakalpojumi","id":"626","nosaukums":"Preiļu novada Labklājības pārvaldes Aprūpes mājās birojs","adrese":"Aglonas iela 1A, Preiļi, Preiļu nov., LV-5301","pakalpojums":"aprūpe mājās","pakalpojuma_forma":"bez izmitināšanas","planotais_klientu_skaits":40,"klienti":"visu vecumu un dzimumu personas","klientu_grupas":["citi","personas ar invaliditāti ar fiziska rakstura traucējumiem","personas ar garīga rakstura traucējumiem","pensijas vecuma personas"],"juridiskais_statuss":"Pašvaldības iestādes struktūrvienība","vzd_kods":"106382067","majaslapa":"https://www.preili.lv"}},{"type":"Feature","geometry":{"type":"Point","coordinates":[25.067861,56.623659]},"properties":{"kategorija":"soc_pakalpojumi","id":"63","nosaukums":"Aģentūra „Sociālās aprūpes centrs „Ziedugravas””","adrese":"\"Ziedugravas\", Skrīveru pag., Aizkraukles nov., LV-5125","pakalpojums":"ilgstoša sociālā aprūpe un sociālā rehabilitācija","pakalpojuma_forma":"ar izmitināšanu","izmitinasana":"izmitināšana","planotais_klientu_skaits":130,"klienti":"pilngadīgas personas (abu dzimumu)","klientu_grupas":["personas ar invaliditāti ar fiziska rakstura traucējumiem","pensijas vecuma personas"],"juridiskais_statuss":"Pašvaldības aģentūra","vzd_kods":"103220422","majaslapa":"https://www.sacziedugravas.lv"}},{"type":"Feature","geometry":{"type":"Point","coordinates":[27.330315,56.507577]},"properties":{"kategorija":"soc_pakalpojumi","id":"633","nosaukums":"Rēzeknes novada Sociālais dienests","adrese":"Atbrīvošanas aleja 95A, Rēzekne, LV-4601","pakalpojums":"sociālais, tai skaitā pašvaldības sociālais dienests","pakalpojuma_forma":"bez izmitināšanas","planotais_klientu_skaits":1000,"klienti":"visu vecumu un dzimumu personas","klientu_grupas":["citi"],"juridiskais_statuss":"Pašvaldības iestāde","vzd_kods":"106521633","majaslapa":"https://www.rezeknesnovads.lv"}},{"type":"Feature","geometry":{"type":"Point","coordinates":[24.231491,56.822992]},"properties":{"kategorija":"soc_pakalpojumi","id":"634","nosaukums":"Pašvaldības aģentūras \"Ķekavas novada veselības un sociālās aprūpes centrs\" Aprūpes mājās birojs","adrese":"Gaismas iela 19 k-8, Ķekava, Ķekavas nov., LV-2123","pakalpojums":"aprūpe mājās","pakalpojuma_forma":"bez izmitināšanas","planotais_klientu_skaits":45,"klienti":"visu vecumu un dzimumu personas","klientu_grupas":["personas ar invaliditāti ar fiziska rakstura traucējumiem","personas ar redzes invaliditāti","personas ar dzirdes invaliditāti","pensijas vecuma personas","personas ar garīga rakstura traucējumiem"],"juridiskais_statuss":"Pašvaldības aģentūras struktūrvienība","vzd_kods":"102127746","majaslapa":"https://www.aprupe.kekava.lv"}},{"type":"Feature","geometry":{"type":"Point","coordinates":[24.231491,56.822992]},"properties":{"kategorija":"soc_pakalpojumi","id":"635","nosaukums":"Pašvaldības aģentūras \"Ķekavas novada veselības un sociālās aprūpes centrs\" dienas aprūpes centrs \"Gaismas iela\"","adrese":"Gaismas iela 19 k-8, Ķekava, Ķekavas nov., LV-2123","pakalpojums":"dienas aprūpes centrs","pakalpojuma_forma":"bez izmitināšanas","planotais_klientu_skaits":15,"klienti":"pilngadīgas personas (abu dzimumu)","klientu_grupas":["personas ar invaliditāti ar fiziska rakstura traucējumiem","personas ar redzes invaliditāti","personas ar dzirdes invaliditāti","personas ar garīga rakstura traucējumiem","pensijas vecuma personas"],"juridiskais_statuss":"Pašvaldības aģentūras struktūrvienība","vzd_kods":"102127746","majaslapa":"https://www.aprupe.kekava.lv"}},{"type":"Feature","geometry":{"type":"Point","coordinates":[22.587376,57.246969]},"properties":{"kategorija":"soc_pakalpojumi","id":"642","nosaukums":"Talsu novada sociālais dienests","adrese":"Kareivju iela 7, Talsi, Talsu nov., LV-3201","pakalpojums":"sociālais, tai skaitā pašvaldības sociālais dienests","pakalpojuma_forma":"bez izmitināšanas","planotais_klientu_skaits":2160,"klienti":"visu vecumu un dzimumu personas","klientu_grupas":["citi"],"juridiskais_statuss":"Pašvaldības iestāde","vzd_kods":"101234714","majaslapa":"https://www.talsunovads.lv/lv/sociala-joma"}},{"type":"Feature","geometry":{"type":"Point","coordinates":[22.603511,57.25376]},"properties":{"kategorija":"soc_pakalpojumi","id":"651","nosaukums":"Talsu novada sociālais dienesta Daudzfunkcionālais sociālo pakalpojumu centrs","adrese":"\"Zvirgzdu pansija\", Zvirgzdi, Laidzes pag., Talsu nov., LV-3201","pakalpojums":"Patversme","pakalpojuma_forma":"ar izmitināšanu","izmitinasana":"izmitināšana","planotais_klientu_skaits":60,"klienti":"pilngadīgas personas (abu dzimumu)","klientu_grupas":["personas, kas atgriezušās no ieslodzījuma vietas","krīzes situācijā nonākušas personas","citi"],"juridiskais_statuss":"Pašvaldības iestādes struktūrvienība","vzd_kods":"104879112","majaslapa":"https://www.talsunovads.lv/lv/pakalpojumi/socialie-pakalpojumi"}},{"type":"Feature","geometry":{"type":"Point","coordinates":[27.16491,55.901092]},"properties":{"kategorija":"soc_pakalpojumi","id":"66","nosaukums":"Krāslavas bērnu sociālās rehabilitācijas centrs \"Mūsmājas\"","adrese":"Grāfu Plāteru iela 10, Krāslava, Krāslavas nov., LV-5601","pakalpojums":"ilgstoša sociālā aprūpe un sociālā rehabilitācija","pakalpojuma_forma":"ar izmitināšanu","izmitinasana":"izmitināšana","planotais_klientu_skaits":8,"klienti":"bērni (abu dzimumu)","klientu_grupas":["bērni bāreņi un bez vecāku gādības palikušie bērni"],"juridiskais_statuss":"Pašvaldības iestāde","vzd_kods":"101486352"}},{"type":"Feature","geometry":{"type":"Point","coordinates":[26.769533,56.609596]},"properties":{"kategorija":"soc_pakalpojumi","id":"662","nosaukums":"SIA \"Varakļānu veselības aprūpes centrs\" Sociālās aprūpes nodaļa","adrese":"Pils iela 25A, Varakļāni, Madonas nov., LV-4838","pakalpojums":"ilgstošās sociālās aprūpes un sociālās rehabilitācijas institūcija","pakalpojuma_forma":"ar izmitināšanu","izmitinasana":"izmitināšana","planotais_klientu_skaits":40,"klienti":"pilngadīgas personas (abu dzimumu)","klientu_grupas":["citi","pensijas vecuma personas"],"juridiskais_statuss":"SIA","vzd_kods":"104579131"}},{"type":"Feature","geometry":{"type":"Point","coordinates":[26.023988,57.774045]},"properties":{"kategorija":"soc_pakalpojumi","id":"665","nosaukums":"Valkas novada Sociālais dienests","adrese":"Semināra iela 9, Valka, Valkas nov., LV-4701","pakalpojums":"sociālais, tai skaitā pašvaldības sociālais dienests","pakalpojuma_forma":"bez izmitināšanas","planotais_klientu_skaits":500,"klienti":"visu vecumu un dzimumu personas","klientu_grupas":["citi"],"juridiskais_statuss":"Pašvaldības iestāde","vzd_kods":"101187123","majaslapa":"https://www.valka.lv"}},{"type":"Feature","geometry":{"type":"Point","coordinates":[24.170879,56.978525]},"properties":{"kategorija":"soc_pakalpojumi","id":"67","nosaukums":"Biedrība \"Rehabilitācijas centrs \"Mēs esam līdzās\"\"","adrese":"Lēdmanes iela 2, Rīga, LV-1039","pakalpojums":"Sociālās rehabilitācijas institūcija","pakalpojuma_forma":"bez izmitināšanas","planotais_klientu_skaits":40,"klienti":"visu vecumu un dzimumu personas","klientu_grupas":["citi","personas ar garīga rakstura traucējumiem","invalīdi ar fiziska rakstura traucējumiem"],"juridiskais_statuss":"Biedrība","vzd_kods":"101924762","majaslapa":"https://www.mel.lv"}},{"type":"Feature","geometry":{"type":"Point","coordinates":[24.065071,56.939894]},"properties":{"kategorija":"soc_pakalpojumi","id":"68","nosaukums":"SIA \"MĀJAS APRŪPE\"","adrese":"Ernestīnes iela 24 - 2, Rīga, LV-1083","pakalpojums":"aprūpe mājās","pakalpojuma_forma":"bez izmitināšanas","planotais_klientu_skaits":500,"klienti":"visu vecumu un dzimumu personas","klientu_grupas":["personas ar redzes invaliditāti","pensijas vecuma personas","personas ar dzirdes invaliditāti","personas ar garīga rakstura traucējumiem","personas ar invaliditāti ar fiziska rakstura traucējumiem"],"juridiskais_statuss":"SIA","vzd_kods":"112727700","majaslapa":"https://www.majasaprupe.lv"}},{"type":"Feature","geometry":{"type":"Point","coordinates":[24.217708,56.943123]},"properties":{"kategorija":"soc_pakalpojumi","id":"680","nosaukums":"Rīgas Sociālā dienesta Sociālā darba nodaļas Dienas centrs \"Kamene\"","adrese":"Salnas iela 2, Rīga, LV-1021","pakalpojums":"dienas centrs","pakalpojuma_forma":"bez izmitināšanas","planotais_klientu_skaits":75,"klienti":"visu vecumu un dzimumu personas","klientu_grupas":["krīzes situācijā nonākušas personas","bērni bāreņi un bez vecāku gādības palikušie bērni","pensijas vecuma personas","citi"],"juridiskais_statuss":"Pašvaldības iestādes struktūrvienība","vzd_kods":"101984594","majaslapa":"http://www.ld.riga.lv/lv/Dienas_centri.html"}},{"type":"Feature","geometry":{"type":"Point","coordinates":[24.188103,56.910877]},"properties":{"kategorija":"soc_pakalpojumi","id":"683","nosaukums":"Rīgas Sociālā dienesta Sociālā darba nodaļas Dienas centrs \"Ķengarags\"","adrese":"Aglonas iela 35 k-3, Rīga, LV-1057","pakalpojums":"dienas centrs","pakalpojuma_forma":"bez izmitināšanas","planotais_klientu_skaits":212,"klienti":"pilngadīgas personas (abu dzimumu)","klientu_grupas":["citi","pensijas vecuma personas","krīzes situācijā nonākušas personas"],"juridiskais_statuss":"Pašvaldības iestādes struktūrvienība","vzd_kods":"101812798","majaslapa":"https://www.ld.riga.lv"}},{"type":"Feature","geometry":{"type":"Point","coordinates":[27.163886,55.900624]},"properties":{"kategorija":"soc_pakalpojumi","id":"684","nosaukums":"Krāslavas novada pašvaldības iestāde \"Sociālais dienests\"","adrese":"Grāfu Plāteru iela 6, Krāslava, Krāslavas nov., LV-5601","pakalpojums":"sociālais, tai skaitā pašvaldības sociālais dienests","pakalpojuma_forma":"bez izmitināšanas","planotais_klientu_skaits":1900,"klienti":"visu vecumu un dzimumu personas","klientu_grupas":["citi"],"juridiskais_statuss":"Pašvaldības iestāde","vzd_kods":"102601042","majaslapa":"https://www.kraslava.lv"}},{"type":"Feature","geometry":{"type":"Point","coordinates":[27.163886,55.900624]},"properties":{"kategorija":"soc_pakalpojumi","id":"685","nosaukums":"Krāslavas novada pašvaldības iestāde \"Sociālais dienests\"","adrese":"Grāfu Plāteru iela 6, Krāslava, Krāslavas nov., LV-5601","pakalpojums":"Aprūpe mājās","pakalpojuma_forma":"bez izmitināšanas","planotais_klientu_skaits":10,"klienti":"visu vecumu un dzimumu personas","klientu_grupas":["pensijas vecuma personas","redzes invalīdi","invalīdi ar fiziska rakstura traucējumiem"],"juridiskais_statuss":"Pašvaldības iestāde","vzd_kods":"102601042","majaslapa":"https://www.kraslava.lv"}},{"type":"Feature","geometry":{"type":"Point","coordinates":[24.180374,56.40732]},"properties":{"kategorija":"soc_pakalpojumi","id":"689","nosaukums":"Bauskas novada Sociālais dienests","adrese":"Rūpniecības iela 7, Bauska, Bauskas nov., LV-3901","pakalpojums":"sociālais, tai skaitā pašvaldības sociālais dienests","pakalpojuma_forma":"bez izmitināšanas","planotais_klientu_skaits":1000,"klienti":"visu vecumu un dzimumu personas","klientu_grupas":["citi"],"juridiskais_statuss":"Pašvaldības iestāde","vzd_kods":"102311722","majaslapa":"https://www.bauskasnovads.lv"}},{"type":"Feature","geometry":{"type":"Point","coordinates":[25.42274,57.544583]},"properties":{"kategorija":"soc_pakalpojumi","id":"69","nosaukums":"Nodibinājums \"Centrs Valdardze\"","adrese":"Raiņa iela 9F, Valmiera, Valmieras nov., LV-4201","pakalpojums":"Krīzes centrs","pakalpojuma_forma":"ar izmitināšanu un bez izmitināšanas","izmitinasana":"izmitināšana","planotais_klientu_skaits":30,"klienti":"visu vecumu un dzimumu personas","klientu_grupas":["krīzes situācijā nonākušas personas","personas, kas cietušas no prettiesiskām darbībām (tai skaitā vardarbībā cietušas personas)","invalīdi ar fiziska rakstura traucējumiem","personas ar garīga rakstura traucējumiem"],"juridiskais_statuss":"Nodibinājums","vzd_kods":"101029915","majaslapa":"https://www.valdardze.lv"}},{"type":"Feature","geometry":{"type":"Point","coordinates":[21.570387,57.395426]},"properties":{"kategorija":"soc_pakalpojumi","id":"692","nosaukums":"Nodibinājums \"Atbalsta centrs ģimenēm un bērniem ar īpašām vajadzībām \"Cimdiņš\"\"","adrese":"Kuldīgas iela 4, Ventspils, LV-3601","pakalpojums":"dienas aprūpes centrs","pakalpojuma_forma":"bez izmitināšanas","planotais_klientu_skaits":318,"klienti":"visu vecumu un dzimumu personas","klientu_grupas":["personas ar garīga rakstura traucējumiem","personas ar invaliditāti ar fiziska rakstura traucējumiem"],"juridiskais_statuss":"Nodibinājums","vzd_kods":"102371056","majaslapa":"https://www.facebook.com/aprupescentrs.cimdins.5"}},{"type":"Feature","geometry":{"type":"Point","coordinates":[26.48754,55.84835]},"properties":{"kategorija":"soc_pakalpojumi","id":"7","nosaukums":"Valsts sociālās aprūpes centrs \"Latgale\" filiāle \"Kalkūni\"","adrese":"Komunālā iela 104, Kalkūni, Kalkūnes pag., Augšdaugavas nov., LV-5449","pakalpojums":"ilgstoša sociālā aprūpe un sociālā rehabilitācija","pakalpojuma_forma":"ar izmitināšanu","izmitinasana":"izmitināšana","planotais_klientu_skaits":168,"klienti":"pilngadīgas personas (abu dzimumu)","klientu_grupas":["citi","personas ar garīga rakstura traucējumiem"],"juridiskais_statuss":"Valsts pārvaldes iestādes struktūrvienība","vzd_kods":"102279818","majaslapa":"https://www.vsaclatgale.gov.lv"}},{"type":"Feature","geometry":{"type":"Point","coordinates":[21.01403,56.481577]},"properties":{"kategorija":"soc_pakalpojumi","id":"705","nosaukums":"Liepājas Neredzīgo biedrība","adrese":"Ganību iela 197/205, Liepāja, LV-3407","pakalpojums":"citi: Asistentu pakalpojums","pakalpojuma_forma":"bez izmitināšanas","planotais_klientu_skaits":18,"klienti":"pilngadīgas personas (abu dzimumu)","klientu_grupas":["redzes invalīdi","invalīdi ar fiziska rakstura traucējumiem"],"juridiskais_statuss":"Biedrība","vzd_kods":"104131946","majaslapa":"https://www.redzigaismu.lv"}},{"type":"Feature","geometry":{"type":"Point","coordinates":[21.01263,56.504134]},"properties":{"kategorija":"soc_pakalpojumi","id":"706","nosaukums":"Liepājas valstspilsētas pašvaldības iestāde \"Liepājas Sociālais dienests\" Sociālo pakalpojumu daļa","adrese":"Eduarda Veidenbauma iela 3, Liepāja, LV-3401","pakalpojums":"cits: Asistentu pakalpojums","pakalpojuma_forma":"bez izmitināšanas","planotais_klientu_skaits":650,"klienti":"visu vecumu un dzimumu personas","klientu_grupas":["personas ar garīga rakstura traucējumiem","personas ar redzes invaliditāti","personas ar dzirdes invaliditāti","citi","personas ar invaliditāti ar fiziska rakstura traucējumiem"],"juridiskais_statuss":"Pašvaldības iestādes struktūrvienība","vzd_kods":"101692596","majaslapa":"https://www.liepaja.lv/asistenta-pakalpojums-personam-ar-invaliditati/"}},{"type":"Feature","geometry":{"type":"Point","coordinates":[27.722114,56.544052]},"properties":{"kategorija":"soc_pakalpojumi","id":"728","nosaukums":"Ludzas novada Sociālais dienests","adrese":"Raiņa iela 16A, Ludza, Ludzas nov., LV-5701","pakalpojums":"aprūpe mājās","pakalpojuma_forma":"bez izmitināšanas","planotais_klientu_skaits":220,"klienti":"visu vecumu un dzimumu personas","klientu_grupas":["personas ar redzes invaliditāti","personas ar garīga rakstura traucējumiem","pensijas vecuma personas","personas ar invaliditāti ar fiziska rakstura traucējumiem"],"juridiskais_statuss":"Pašvaldības iestāde","vzd_kods":"105730620","majaslapa":"https://www.ludzasnovads.lv"}},{"type":"Feature","geometry":{"type":"Point","coordinates":[24.160806,56.937171]},"properties":{"kategorija":"soc_pakalpojumi","id":"729","nosaukums":"Rīgas Sociālā dienesta Sociālā darba nodaļas Dienas centrs pilngadīgām personām \"Kastanis\"","adrese":"Aiviekstes iela 14, Rīga, LV-1019","pakalpojums":"dienas centrs","pakalpojuma_forma":"bez izmitināšanas","planotais_klientu_skaits":100,"klienti":"pilngadīgas personas (abu dzimumu)","klientu_grupas":["krīzes situācijā nonākušas personas","citi","personas ar garīga rakstura traucējumiem","dzirdes invalīdi","invalīdi ar fiziska rakstura traucējumiem","pensijas vecuma personas"],"juridiskais_statuss":"Pašvaldības iestādes struktūrvienība","vzd_kods":"103000693","majaslapa":"http://www.ld.riga.lv/lv/Dienas_centri.html"}},{"type":"Feature","geometry":{"type":"Point","coordinates":[23.754881,56.966592]},"properties":{"kategorija":"soc_pakalpojumi","id":"741","nosaukums":"Sociālās integrācijas valsts aģentūra","adrese":"Dubultu prospekts 59, Jūrmala, LV-2015","pakalpojums":"Profesionālās rehabilitācijas institūcija","pakalpojuma_forma":"ar izmitināšanu","izmitinasana":"izmitināšana","planotais_klientu_skaits":180,"klienti":"visu vecumu un dzimumu personas","klientu_grupas":["personas ar garīga rakstura traucējumiem","citi"],"juridiskais_statuss":"Valsts aģentūra","vzd_kods":"102461630","majaslapa":"https://www.siva.gov.lv"}},{"type":"Feature","geometry":{"type":"Point","coordinates":[23.772861,56.954807]},"properties":{"kategorija":"soc_pakalpojumi","id":"742","nosaukums":"Sociālās integrācijas valsts aģentūra","adrese":"Slokas iela 61, Jūrmala, LV-2015","pakalpojums":"Profesionālās rehabilitācijas institūcija","pakalpojuma_forma":"ar izmitināšanu un bez izmitināšanas","izmitinasana":"izmitināšana","planotais_klientu_skaits":400,"klienti":"visu vecumu un dzimumu personas","klientu_grupas":["personas ar redzes invaliditāti","personas ar dzirdes invaliditāti","citi","personas ar invaliditāti ar fiziska rakstura traucējumiem","personas ar garīga rakstura traucējumiem"],"juridiskais_statuss":"Valsts aģentūra","vzd_kods":"102484498","majaslapa":"https://www.siva.gov.lv"}},{"type":"Feature","geometry":{"type":"Point","coordinates":[23.770209,56.95503]},"properties":{"kategorija":"soc_pakalpojumi","id":"743","nosaukums":"Sociālās integrācijas valsts aģentūra","adrese":"Slokas iela 68, Jūrmala, LV-2015","pakalpojums":"Profesionālās rehabilitācijas institūcija","pakalpojuma_forma":"ar izmitināšanu un bez izmitināšanas","izmitinasana":"izmitināšana","planotais_klientu_skaits":300,"klienti":"visu vecumu un dzimumu personas","klientu_grupas":["personas ar dzirdes invaliditāti","personas ar redzes invaliditāti","citi","personas ar garīga rakstura traucējumiem","personas ar invaliditāti ar fiziska rakstura traucējumiem"],"juridiskais_statuss":"Valsts aģentūra","vzd_kods":"102484545","majaslapa":"https://www.siva.gov.lv"}},{"type":"Feature","geometry":{"type":"Point","coordinates":[21.001472,56.510155]},"properties":{"kategorija":"soc_pakalpojumi","id":"746","nosaukums":"Biedrības \"Dižvanagi\", Rehabilitācijas un Sociālo inovāciju centrs (Kurzeme)","adrese":"Kūrmājas prospekts 13, Liepāja, LV-3401","pakalpojums":"sociālā rehabilitācija","pakalpojuma_forma":"ar izmitināšanu un bez izmitināšanas","izmitinasana":"izmitināšana","planotais_klientu_skaits":80,"klienti":"visu vecumu un dzimumu personas","klientu_grupas":["citi","personas ar garīga rakstura traucējumiem"],"juridiskais_statuss":"Biedrības struktūrvienība","vzd_kods":"102419502","majaslapa":"https://www.dizvanagi.lv"}},{"type":"Feature","geometry":{"type":"Point","coordinates":[24.847979,57.156323]},"properties":{"kategorija":"soc_pakalpojumi","id":"749","nosaukums":"Biedrības \"Cerību spārni\" Daudzfunkcionālais sociālo pakalpojumu centrs “Sigulda”","adrese":"Lakstīgalas iela 9, Sigulda, Siguldas nov., LV-2150","pakalpojums":"sociālā rehabilitācija","pakalpojuma_forma":"bez izmitināšanas","planotais_klientu_skaits":35,"klienti":"visu vecumu un dzimumu personas","klientu_grupas":["citi","personas ar invaliditāti ar fiziska rakstura traucējumiem","personas ar garīga rakstura traucējumiem"],"juridiskais_statuss":"Biedrības struktūrvienība","vzd_kods":"101288534","majaslapa":"https://www.ceribusparni.lv"}},{"type":"Feature","geometry":{"type":"Point","coordinates":[24.060071,56.940037]},"properties":{"kategorija":"soc_pakalpojumi","id":"75","nosaukums":"Valsts sociālās aprūpes centrs \"Rīga\" filiāle \"Rīga\"","adrese":"Kapseļu iela 31, Rīga, LV-1083","pakalpojums":"ilgstoša sociālā aprūpe un sociālā rehabilitācija","pakalpojuma_forma":"ar izmitināšanu","izmitinasana":"izmitināšana","planotais_klientu_skaits":22,"klienti":"bērni (abu dzimumu)","klientu_grupas":["personas ar garīga rakstura traucējumiem"],"juridiskais_statuss":"Valsts pārvaldes iestādes struktūrvienība","vzd_kods":"101841675","majaslapa":"https://www.vsacriga.gov.lv"}},{"type":"Feature","geometry":{"type":"Point","coordinates":[24.847979,57.156323]},"properties":{"kategorija":"soc_pakalpojumi","id":"750","nosaukums":"Biedrība \"Cerību spārni\" Daudzfunkcionālais sociālo pakalpojumu centrs “Sigulda”","adrese":"Lakstīgalas iela 9, Sigulda, Siguldas nov., LV-2150","pakalpojums":"dienas aprūpes centrs","pakalpojuma_forma":"bez izmitināšanas","planotais_klientu_skaits":25,"klienti":"visu vecumu un dzimumu personas","klientu_grupas":["citi","personas ar garīga rakstura traucējumiem","personas ar invaliditāti ar fiziska rakstura traucējumiem"],"juridiskais_statuss":"Biedrības struktūrvienība","vzd_kods":"101288534","majaslapa":"https://www.ceribusparni.lv"}},{"type":"Feature","geometry":{"type":"Point","coordinates":[24.031743,57.04317]},"properties":{"kategorija":"soc_pakalpojumi","id":"752","nosaukums":"SIA \"V.E.L.G.\" struktūrvienība \"Naktspatversme\" Esplanādes ielā 1, Rīgā","adrese":"Esplanādes iela 1, Rīga, LV-1016","pakalpojums":"Nakts patversme","pakalpojuma_forma":"ar izmitināšanu","izmitinasana":"izmitināšana","planotais_klientu_skaits":80,"klienti":"pilngadīgas personas (abu dzimumu)","klientu_grupas":["krīzes situācijā nonākušas personas","personas, kas atgriezušās no ieslodzījuma vietas"],"juridiskais_statuss":"SIA struktūrvienība","vzd_kods":"101886951","majaslapa":"https://www.velg.lv"}},{"type":"Feature","geometry":{"type":"Point","coordinates":[27.564272,55.934598]},"properties":{"kategorija":"soc_pakalpojumi","id":"77","nosaukums":"Krāslavas novada sociālās aprūpes centrs \"Skuķi\"","adrese":"\"Skuķi\", Skuki, Robežnieku pag., Krāslavas nov., LV-5666","pakalpojums":"ilgstoša sociālā aprūpe un sociālā rehabilitācija","pakalpojuma_forma":"ar izmitināšanu","izmitinasana":"izmitināšana","planotais_klientu_skaits":42,"klienti":"pilngadīgas personas (abu dzimumu)","klientu_grupas":["pensijas vecuma personas","personas ar garīga rakstura traucējumiem","personas ar invaliditāti ar fiziska rakstura traucējumiem"],"juridiskais_statuss":"Pašvaldības iestāde","vzd_kods":"105228604"}},{"type":"Feature","geometry":{"type":"Point","coordinates":[24.858353,57.157467]},"properties":{"kategorija":"soc_pakalpojumi","id":"778","nosaukums":"Biedrība \"Aicinājums Tev\" Dienas nodarbinātības centrs","adrese":"Ata Kronvalda iela 4, Sigulda, Siguldas nov., LV-2150","pakalpojums":"Specializētās darbnīcas","pakalpojuma_forma":"bez izmitināšanas","planotais_klientu_skaits":12,"klienti":"pilngadīgas personas (abu dzimumu)","klientu_grupas":["redzes invalīdi","personas ar garīga rakstura traucējumiem","citi","invalīdi ar fiziska rakstura traucējumiem"],"juridiskais_statuss":"Biedrības struktūrvienība","vzd_kods":"105556655","majaslapa":"https://www.aicinajumstev.lv"}},{"type":"Feature","geometry":{"type":"Point","coordinates":[24.055643,56.905256]},"properties":{"kategorija":"soc_pakalpojumi","id":"780","nosaukums":"Mārupes novada Sociālais dienests","adrese":"Daugavas iela 29, Mārupe, Mārupes nov., LV-2167","pakalpojums":"Aprūpe mājās","pakalpojuma_forma":"bez izmitināšanas","planotais_klientu_skaits":20,"klienti":"visu vecumu un dzimumu personas","klientu_grupas":["personas ar garīga rakstura traucējumiem","invalīdi ar fiziska rakstura traucējumiem","pensijas vecuma personas"],"juridiskais_statuss":"Pašvaldības iestāde","vzd_kods":"101311124","majaslapa":"https://www.marupe.lv"}},{"type":"Feature","geometry":{"type":"Point","coordinates":[25.914539,57.425038]},"properties":{"kategorija":"soc_pakalpojumi","id":"783","nosaukums":"SIA \"Sarkanā Krusta Smiltenes slimnīca\"","adrese":"Dakteru iela 14, Smiltene, Smiltenes nov., LV-4729","pakalpojums":"ilgstošās sociālās aprūpes un sociālās rehabilitācijas institūcija","pakalpojuma_forma":"ar izmitināšanu","izmitinasana":"izmitināšana","planotais_klientu_skaits":69,"klienti":"pilngadīgas personas (abu dzimumu)","klientu_grupas":["invalīdi ar fiziska rakstura traucējumiem","pensijas vecuma personas"],"juridiskais_statuss":"SIA","vzd_kods":"101191131","majaslapa":"https://www.smiltenesslimnica.lv"}},{"type":"Feature","geometry":{"type":"Point","coordinates":[26.727352,56.293964]},"properties":{"kategorija":"soc_pakalpojumi","id":"798","nosaukums":"Preiļu novada Labklājības pārvaldes Dienas aprūpes centrs","adrese":"Aglonas iela 1A, Preiļi, Preiļu nov., LV-5301","pakalpojums":"dienas aprūpes centrs","pakalpojuma_forma":"bez izmitināšanas","planotais_klientu_skaits":20,"klienti":"visu vecumu un dzimumu personas","klientu_grupas":["citi","pensijas vecuma personas","personas, kas atkarīgas no psihoaktīvām vielām","personas ar invaliditāti ar fiziska rakstura traucējumiem","personas, kas atgriezušās no ieslodzījuma vietas vai ilgstošas bezpajumtniecības","personas ar garīga rakstura traucējumiem"],"juridiskais_statuss":"Pašvaldības iestādes struktūrvienība","vzd_kods":"106382067","majaslapa":"https://www.preili.lv"}},{"type":"Feature","geometry":{"type":"Point","coordinates":[24.045085,56.937551]},"properties":{"kategorija":"soc_pakalpojumi","id":"8","nosaukums":"Valsts sociālās aprūpes centrs \"Rīga\" filiāle \"Kalnciems\"","adrese":"Kalnciema iela 93, Rīga, LV-1046","pakalpojums":"ilgstoša sociālā aprūpe un sociālā rehabilitācija","pakalpojuma_forma":"ar izmitināšanu","izmitinasana":"izmitināšana","planotais_klientu_skaits":40,"klienti":"pilngadīgas personas (abu dzimumu)","klientu_grupas":["personas ar garīga rakstura traucējumiem"],"juridiskais_statuss":"Valsts pārvaldes iestādes struktūrvienība","vzd_kods":"101121354","majaslapa":"https://www.vsacriga.gov.lv"}},{"type":"Feature","geometry":{"type":"Point","coordinates":[21.966776,56.972067]},"properties":{"kategorija":"soc_pakalpojumi","id":"809","nosaukums":"Biedrības \"Kurzemes labklājības un mentālās pilnveides aģentūra\" Sociālās rehabilitācijas ģimeņu atbalsta centrs","adrese":"Ventspils iela 12, Kuldīga, Kuldīgas nov., LV-3301","pakalpojums":"Sociālās rehabilitācijas institūcija","pakalpojuma_forma":"bez izmitināšanas","planotais_klientu_skaits":5,"klienti":"visu vecumu un dzimumu personas","klientu_grupas":["personas, kas cietušas no prettiesiskām darbībām (tai skaitā vardarbībā cietušas personas)","pensijas vecuma personas","invalīdi ar fiziska rakstura traucējumiem","personas ar garīga rakstura traucējumiem","citi"],"juridiskais_statuss":"Biedrības struktūrvienība","vzd_kods":"102225001"}},{"type":"Feature","geometry":{"type":"Point","coordinates":[22.352291,57.509429]},"properties":{"kategorija":"soc_pakalpojumi","id":"81","nosaukums":"Sabiedrība ar ierobežotu atbildību \"Dundagas veselības centrs\"","adrese":"Pils iela 6, Dundaga, Dundagas pag., Talsu nov., LV-3270","pakalpojums":"ilgstoša sociālā aprūpe un sociālā rehabilitācija","pakalpojuma_forma":"ar izmitināšanu","izmitinasana":"izmitināšana","planotais_klientu_skaits":29,"klienti":"pilngadīgas personas (abu dzimumu)","klientu_grupas":["personas ar invaliditāti ar fiziska rakstura traucējumiem","personas ar garīga rakstura traucējumiem","pensijas vecuma personas"],"juridiskais_statuss":"Pašvaldības SIA","vzd_kods":"102093662"}},{"type":"Feature","geometry":{"type":"Point","coordinates":[25.827232,56.349031]},"properties":{"kategorija":"soc_pakalpojumi","id":"820","nosaukums":"Nodibinājums \"Mārtiņa Fonds\"","adrese":"\"Kalna Krūkliņi\", Kalna pag., Jēkabpils nov., LV-5220","pakalpojums":"sociālā rehabilitācija","pakalpojuma_forma":"ar izmitināšanu un bez izmitināšanas","izmitinasana":"izmitināšana","planotais_klientu_skaits":15,"klienti":"visu vecumu un dzimumu personas","klientu_grupas":["citi"],"juridiskais_statuss":"Nodibinājums","vzd_kods":"104865586","majaslapa":"https://www.martinafonds.lv"}},{"type":"Feature","geometry":{"type":"Point","coordinates":[24.131423,56.958679]},"properties":{"kategorija":"soc_pakalpojumi","id":"832","nosaukums":"Biedrība \"Skalbes\" Struktūrvienība “Krīzes centrs “Skalbes”\"","adrese":"Tērbatas iela 69, Rīga, LV-1001","pakalpojums":"cits: Diennakts krīzes tālrunis","pakalpojuma_forma":"bez izmitināšanas","planotais_klientu_skaits":1200,"klienti":"pilngadīgas personas (abu dzimumu)","klientu_grupas":["personas, kas atgriezušās no ieslodzījuma vietas vai ilgstošas bezpajumtniecības","personas, kas atkarīgas no psihoaktīvām vielām","personas ar dzirdes invaliditāti","krīzes situācijā nonākušas personas","personas ar invaliditāti ar fiziska rakstura traucējumiem","cilvēku tirdzniecības upuri","personas ar redzes invaliditāti","pensijas vecuma personas","personas, kas cietušas no prettiesiskām darbībām (tai skaitā vardarbībā cietušas personas)","personas ar garīga rakstura traucējumiem"],"juridiskais_statuss":"Biedrība","vzd_kods":"102617425","majaslapa":"https://www.skalbes.lv"}},{"type":"Feature","geometry":{"type":"Point","coordinates":[24.13482,56.940887]},"properties":{"kategorija":"soc_pakalpojumi","id":"847","nosaukums":"Bērnu paliatīvās aprūpes biedrība","adrese":"Firsa Sadovņikova iela 20, Rīga, LV-1003","pakalpojums":"psihosociālā rehabilitācija","pakalpojuma_forma":"bez izmitināšanas","planotais_klientu_skaits":350,"klienti":"visu vecumu un dzimumu personas","klientu_grupas":["citi"],"juridiskais_statuss":"Biedrība","vzd_kods":"101830822","majaslapa":"https://www.palliative.lv"}},{"type":"Feature","geometry":{"type":"Point","coordinates":[22.631431,57.26994]},"properties":{"kategorija":"soc_pakalpojumi","id":"851","nosaukums":"Biedrības \"Latvijas Sarkanais Krusts\" Kurzemes komitejas Birojs \"Aprūpe mājās\"","adrese":"\"Skola\", Laidzes pag., Talsu nov., LV-3280","pakalpojums":"Aprūpe mājās","pakalpojuma_forma":"bez izmitināšanas","planotais_klientu_skaits":40,"klienti":"pilngadīgas personas (abu dzimumu)","klientu_grupas":["invalīdi ar fiziska rakstura traucējumiem","personas ar garīga rakstura traucējumiem","pensijas vecuma personas"],"juridiskais_statuss":"Biedrības struktūrvienība","vzd_kods":"104878826","majaslapa":"https://www.redcross-kurzeme.lv/"}},{"type":"Feature","geometry":{"type":"Point","coordinates":[24.167054,57.005606]},"properties":{"kategorija":"soc_pakalpojumi","id":"880","nosaukums":"Rīgas Bērnu, jauniešu un ģimeņu sociālā atbalsta centrs struktūrvienība ,, Ezermala","adrese":"Ezermalas iela 36, Rīga, LV-1014","pakalpojums":"ilgstoša sociālā aprūpe un sociālā rehabilitācija","pakalpojuma_forma":"ar izmitināšanu","izmitinasana":"izmitināšana","planotais_klientu_skaits":6,"klienti":"bērni (abu dzimumu)","klientu_grupas":["citi"],"juridiskais_statuss":"Pašvaldības iestādes struktūrvienība","vzd_kods":"101830613"}},{"type":"Feature","geometry":{"type":"Point","coordinates":[23.940544,56.789627]},"properties":{"kategorija":"soc_pakalpojumi","id":"881","nosaukums":"Olaines novada pašvaldības aģentūras \"Olaines sociālais dienests\" struktūrvienība \"Sociālās aprūpes nodaļa\"","adrese":"Zeiferta iela 8, Olaine, Olaines nov., LV-2114","pakalpojums":"Aprūpe mājās","pakalpojuma_forma":"bez izmitināšanas","planotais_klientu_skaits":54,"klienti":"pilngadīgas personas (abu dzimumu)","klientu_grupas":["invalīdi ar fiziska rakstura traucējumiem","pensijas vecuma personas","citi"],"juridiskais_statuss":"Pašvaldības aģentūras struktūrvienība","vzd_kods":"101273282"}},{"type":"Feature","geometry":{"type":"Point","coordinates":[21.01403,56.481577]},"properties":{"kategorija":"soc_pakalpojumi","id":"89","nosaukums":"Liepājas Neredzīgo biedrība","adrese":"Ganību iela 197/205, Liepāja, LV-3407","pakalpojums":"sociālā rehabilitācija","pakalpojuma_forma":"bez izmitināšanas","planotais_klientu_skaits":12,"klienti":"pilngadīgas personas (abu dzimumu)","klientu_grupas":["personas ar redzes invaliditāti","personas ar invaliditāti ar fiziska rakstura traucējumiem"],"juridiskais_statuss":"Biedrība","vzd_kods":"104131946","majaslapa":"https://www.redzigaismu.lv"}},{"type":"Feature","geometry":{"type":"Point","coordinates":[27.613534,57.040517]},"properties":{"kategorija":"soc_pakalpojumi","id":"891","nosaukums":"Šķilbēnu sociālās aprūpes māja","adrese":"Rekovas iela 11, Rekova, Šķilbēnu pag., Balvu nov., LV-4587","pakalpojums":"ilgstoša sociālā aprūpe un sociālā rehabilitācija","pakalpojuma_forma":"ar izmitināšanu","izmitinasana":"izmitināšana","planotais_klientu_skaits":28,"klienti":"pilngadīgas personas (abu dzimumu)","klientu_grupas":["pensijas vecuma personas","personas ar invaliditāti ar fiziska rakstura traucējumiem"],"juridiskais_statuss":"Pašvaldības iestāde","vzd_kods":"104632051","majaslapa":"https://www.vilaka.lv"}},{"type":"Feature","geometry":{"type":"Point","coordinates":[21.583538,56.441558]},"properties":{"kategorija":"soc_pakalpojumi","id":"893","nosaukums":"SIA \"Priekules slimnīca\"","adrese":"Aizputes iela 5B, Priekule, Dienvidkurzemes nov., LV-3434","pakalpojums":"ilgstoša sociālā aprūpe un sociālā rehabilitācija","pakalpojuma_forma":"ar izmitināšanu","izmitinasana":"izmitināšana","planotais_klientu_skaits":83,"klienti":"pilngadīgas personas (abu dzimumu)","klientu_grupas":["personas ar invaliditāti ar fiziska rakstura traucējumiem","citi","pensijas vecuma personas"],"juridiskais_statuss":"SIA","vzd_kods":"106715982","majaslapa":"https://www.priekulesslimnica.lv"}},{"type":"Feature","geometry":{"type":"Point","coordinates":[26.174835,56.351152]},"properties":{"kategorija":"soc_pakalpojumi","id":"90","nosaukums":"Biedrība \"Baltā māja\"","adrese":"Zaļā iela 10 - 16, Līvāni, Līvānu nov., LV-5316","pakalpojums":"Dienas aprūpes centrs","pakalpojuma_forma":"bez izmitināšanas","planotais_klientu_skaits":15,"klienti":"visu vecumu un dzimumu personas","klientu_grupas":["citi","personas ar garīga rakstura traucējumiem"],"juridiskais_statuss":"Biedrība","vzd_kods":"114937323","majaslapa":"https://www.baltamaja.lv"}},{"type":"Feature","geometry":{"type":"Point","coordinates":[25.397966,57.542367]},"properties":{"kategorija":"soc_pakalpojumi","id":"909","nosaukums":"Latvijas SOS Bērnu ciematu asociācijas Valmieras SOS Ģimeņu atbalsta centrs","adrese":"Ganību iela 3, Valmiera, Valmieras nov., LV-4201","pakalpojums":"sociālā rehabilitācija","pakalpojuma_forma":"bez izmitināšanas","planotais_klientu_skaits":200,"klienti":"visu vecumu un dzimumu personas","klientu_grupas":["citi","personas ar dzirdes invaliditāti","personas ar redzes invaliditāti","personas ar invaliditāti ar fiziska rakstura traucējumiem","personas ar garīga rakstura traucējumiem"],"juridiskais_statuss":"Biedrības struktūrvienība","vzd_kods":"105972738","majaslapa":"https://www.sosbernuciemati.lv"}},{"type":"Feature","geometry":{"type":"Point","coordinates":[26.177003,56.35348]},"properties":{"kategorija":"soc_pakalpojumi","id":"91","nosaukums":"Biedrība \"Baltā māja\"","adrese":"Stacijas iela 2, Līvāni, Līvānu nov., LV-5316","pakalpojums":"Aprūpe mājās","pakalpojuma_forma":"bez izmitināšanas","planotais_klientu_skaits":45,"klienti":"visu vecumu un dzimumu personas","klientu_grupas":["invalīdi ar fiziska rakstura traucējumiem","redzes invalīdi","pensijas vecuma personas"],"juridiskais_statuss":"Biedrība","vzd_kods":"102142308","majaslapa":"https://www.baltamaja.lv"}},{"type":"Feature","geometry":{"type":"Point","coordinates":[24.092165,56.91952]},"properties":{"kategorija":"soc_pakalpojumi","id":"913","nosaukums":"Rīgas 3. pamatskolas Dienas aprūpes centrs \"Torņkalna Rūķi\"","adrese":"Telts iela 2A, Rīga, LV-1004","pakalpojums":"dienas aprūpes centrs","pakalpojuma_forma":"bez izmitināšanas","planotais_klientu_skaits":45,"klienti":"visu vecumu un dzimumu personas","klientu_grupas":["personas ar garīga rakstura traucējumiem"],"juridiskais_statuss":"Izglītības iestādes struktūrvienība","vzd_kods":"104582201","majaslapa":"https://r3ps.lv/dienas-centrs/"}},{"type":"Feature","geometry":{"type":"Point","coordinates":[24.032876,56.96035]},"properties":{"kategorija":"soc_pakalpojumi","id":"923","nosaukums":"Biedrības \"Latvijas Sarkanais Krusts\" Dienas aprūpes centrs \"Stropiņš\"","adrese":"Slokas iela 161 k-1, Rīga, LV-1067","pakalpojums":"dienas aprūpes centrs","pakalpojuma_forma":"bez izmitināšanas","planotais_klientu_skaits":26,"klienti":"bērni (abu dzimumu)","klientu_grupas":["citi"],"juridiskais_statuss":"Biedrības struktūrvienība","vzd_kods":"106555222","majaslapa":"https://www.redcross.lv"}},{"type":"Feature","geometry":{"type":"Point","coordinates":[24.253013,56.986855]},"properties":{"kategorija":"soc_pakalpojumi","id":"925","nosaukums":"Latvijas Neredzīgo biedrības Strazdumuižas dienas centrs","adrese":"Braila iela 5, Rīga, LV-1024","pakalpojums":"dienas centrs","pakalpojuma_forma":"bez izmitināšanas","planotais_klientu_skaits":400,"klienti":"pilngadīgas personas (abu dzimumu)","klientu_grupas":["redzes invalīdi"],"juridiskais_statuss":"Biedrības struktūrvienība","vzd_kods":"101961157","majaslapa":"https://www.lnbiedriba.lv"}},{"type":"Feature","geometry":{"type":"Point","coordinates":[24.199451,56.899522]},"properties":{"kategorija":"soc_pakalpojumi","id":"931","nosaukums":"Evaņģēlisko Kristiešu draudze Zilais Krusts","adrese":"Mazjumpravas iela 8, Rīga, LV-1063","pakalpojums":"patversme","pakalpojuma_forma":"ar izmitināšanu","izmitinasana":"izmitināšana","planotais_klientu_skaits":20,"klienti":"pilngadīgas personas (vīrieši)","klientu_grupas":["krīzes situācijā nonākušas personas","citi"],"juridiskais_statuss":"Reliģiskā organizācija","vzd_kods":"101943612","majaslapa":"https://www.zilaiskrusts.lv"}},{"type":"Feature","geometry":{"type":"Point","coordinates":[22.988226,56.877926]},"properties":{"kategorija":"soc_pakalpojumi","id":"933","nosaukums":"SIA \"Irlavas Sarkanā Krusta slimnīca\" Pieaugušo ilgstošās sociālās aprūpes un sociālās rehabilitācijas nodaļa","adrese":"\"Irlavas Sarkanā krusta slimnīca \", Irlava, Irlavas pag., Tukuma nov., LV-3137","pakalpojums":"ilgstoša sociālā aprūpe un sociālā rehabilitācija","pakalpojuma_forma":"ar izmitināšanu","izmitinasana":"izmitināšana","planotais_klientu_skaits":23,"klienti":"pilngadīgas personas (abu dzimumu)","klientu_grupas":["pensijas vecuma personas","personas ar invaliditāti ar fiziska rakstura traucējumiem"],"juridiskais_statuss":"SIA","vzd_kods":"105343263","majaslapa":"https://irlavasslimnica.eu"}},{"type":"Feature","geometry":{"type":"Point","coordinates":[24.138362,56.955337]},"properties":{"kategorija":"soc_pakalpojumi","id":"943","nosaukums":"Centrs MARTA","adrese":"Matīsa iela 49A - 11, Rīga, LV-1009","pakalpojums":"Sociālās rehabilitācijas institūcija","pakalpojuma_forma":"bez izmitināšanas","planotais_klientu_skaits":150,"klienti":"visu vecumu un dzimumu personas","klientu_grupas":["personas, kas cietušas no prettiesiskām darbībām (tai skaitā vardarbībā cietušas personas)","cilvēku tirdzniecības upuri","krīzes situācijā nonākušas personas"],"juridiskais_statuss":"Biedrība","vzd_kods":"112280901","majaslapa":"https://www.marta.lv"}},{"type":"Feature","geometry":{"type":"Point","coordinates":[22.348819,56.942147]},"properties":{"kategorija":"soc_pakalpojumi","id":"945","nosaukums":"Evaņģēlisko Kristiešu draudze Zilais Krusts","adrese":"\"Mācītājmāja\" - 1, Kabiles pag., Kuldīgas nov., LV-3314","pakalpojums":"Patversme","pakalpojuma_forma":"ar izmitināšanu","izmitinasana":"izmitināšana","planotais_klientu_skaits":20,"klienti":"pilngadīgas personas (abu dzimumu)","klientu_grupas":["krīzes situācijā nonākušas personas","citi"],"juridiskais_statuss":"Reliģiskā organizācija","vzd_kods":"119134376","majaslapa":"https://www.zilaiskrusts.lv"}},{"type":"Feature","geometry":{"type":"Point","coordinates":[23.749251,56.966331]},"properties":{"kategorija":"soc_pakalpojumi","id":"95","nosaukums":"Sociālās integrācijas valsts aģentūra","adrese":"Dubultu prospekts 71, Jūrmala, LV-2015","pakalpojums":"sociālā rehabilitācija","pakalpojuma_forma":"ar izmitināšanu","izmitinasana":"izmitināšana","planotais_klientu_skaits":3060,"klienti":"visu vecumu un dzimumu personas","klientu_grupas":["personas ar invaliditāti ar fiziska rakstura traucējumiem","personas ar garīga rakstura traucējumiem","pensijas vecuma personas","citi"],"juridiskais_statuss":"Valsts aģentūra","vzd_kods":"101711828","majaslapa":"https://www.siva.gov.lv"}},{"type":"Feature","geometry":{"type":"Point","coordinates":[24.054457,56.910855]},"properties":{"kategorija":"soc_pakalpojumi","id":"950","nosaukums":"SIA \"Mācību centrs MKB\"","adrese":"Kurmenes iela 23, Mārupe, Mārupes nov., LV-2167","pakalpojums":"Sociālās rehabilitācijas institūcija","pakalpojuma_forma":"bez izmitināšanas","planotais_klientu_skaits":50,"klienti":"visu vecumu un dzimumu personas","klientu_grupas":["personas ar garīga rakstura traucējumiem","krīzes situācijā nonākušas personas","pensijas vecuma personas","citi","invalīdi ar fiziska rakstura traucējumiem"],"juridiskais_statuss":"SIA","vzd_kods":"105946327"}},{"type":"Feature","geometry":{"type":"Point","coordinates":[24.136918,56.983294]},"properties":{"kategorija":"soc_pakalpojumi","id":"951","nosaukums":"Valsts SIA \"Traumatoloģijas un ortopēdijas slimnīca\"","adrese":"Duntes iela 22, Rīga, LV-1005","pakalpojums":"citi: Sociālā darba pakalpojums ārstniecības iestādēs","pakalpojuma_forma":"bez izmitināšanas","planotais_klientu_skaits":30,"klienti":"pilngadīgas personas (abu dzimumu)","klientu_grupas":["citi"],"juridiskais_statuss":"Valsts SIA","vzd_kods":"101826453","majaslapa":"https://www.tos.lv"}},{"type":"Feature","geometry":{"type":"Point","coordinates":[25.572906,56.34372]},"properties":{"kategorija":"soc_pakalpojumi","id":"955","nosaukums":"SIA \"Viesītes veselības un sociālās aprūpes centrs\"","adrese":"Smilšu iela 39, Viesīte, Jēkabpils nov., LV-5237","pakalpojums":"ilgstoša sociālā aprūpe un sociālā rehabilitācija","pakalpojuma_forma":"ar izmitināšanu","izmitinasana":"izmitināšana","planotais_klientu_skaits":60,"klienti":"pilngadīgas personas (abu dzimumu)","klientu_grupas":["personas ar invaliditāti ar fiziska rakstura traucējumiem","pensijas vecuma personas"],"juridiskais_statuss":"SIA","vzd_kods":"102241178","majaslapa":"https://www.vsac.lv"}},{"type":"Feature","geometry":{"type":"Point","coordinates":[26.562374,55.87748]},"properties":{"kategorija":"soc_pakalpojumi","id":"959","nosaukums":"Valsts SIA \"Daugavpils psihoneiroloģiskā slimnīca\" struktūrvienība Specializētās darbnīcas","adrese":"Lielā Dārza iela 60/62, Daugavpils, LV-5417","pakalpojums":"Specializētās darbnīcas","pakalpojuma_forma":"bez izmitināšanas","planotais_klientu_skaits":15,"klienti":"pilngadīgas personas (abu dzimumu)","klientu_grupas":["personas ar garīga rakstura traucējumiem"],"juridiskais_statuss":"Valsts SIA struktūrvienība","vzd_kods":"101800791","majaslapa":"https://www.dpns.gov.lv"}},{"type":"Feature","geometry":{"type":"Point","coordinates":[26.530002,56.099246]},"properties":{"kategorija":"soc_pakalpojumi","id":"96","nosaukums":"Valsts sociālās aprūpes centra \"Latgale\" filiāles \"Kalupe\" Pusceļa mājas nodaļa","adrese":"Lielā iela 1, Kalupe, Kalupes pag., Augšdaugavas nov., LV-5450","pakalpojums":"pusceļa māja","pakalpojuma_forma":"ar izmitināšanu","izmitinasana":"izmitināšana","planotais_klientu_skaits":21,"klienti":"pilngadīgas personas (abu dzimumu)","klientu_grupas":["personas ar garīga rakstura traucējumiem"],"juridiskais_statuss":"Valsts pārvaldes iestādes struktūrvienība","vzd_kods":"103778727","majaslapa":"https://www.vsaclatgale.gov.lv"}},{"type":"Feature","geometry":{"type":"Point","coordinates":[24.126819,56.962556]},"properties":{"kategorija":"soc_pakalpojumi","id":"961","nosaukums":"Sabiedrība ar ierobežotu atbildību \"Rīgas 1.slimnīca\" struktūrvienība Īslaicīgās sociālās aprūpes centrs","adrese":"Bruņinieku iela 5 k-17, Rīga, LV-1001","pakalpojums":"cits: Īslaicīgās sociālās aprūpes un sociālās rehabilitācijas institūcija","pakalpojuma_forma":"ar izmitināšanu","izmitinasana":"izmitināšana","planotais_klientu_skaits":110,"klienti":"pilngadīgas personas (abu dzimumu)","klientu_grupas":["citi"],"juridiskais_statuss":"SIA struktūrvienība","vzd_kods":"105546306","majaslapa":"https://www.1slimnica.lv"}},{"type":"Feature","geometry":{"type":"Point","coordinates":[24.254105,56.960024]},"properties":{"kategorija":"soc_pakalpojumi","id":"964","nosaukums":"Valsts SIA \"Bērnu klīniskā universitātes slimnīca\" struktūrvienība Sociālais dienests","adrese":"Juglas iela 20, Rīga, LV-2130","pakalpojums":"citi: Sociālā darba pakalpojums ārstniecības iestādē","pakalpojuma_forma":"bez izmitināšanas","planotais_klientu_skaits":100,"klienti":"bērni (abu dzimumu)","klientu_grupas":["citi"],"juridiskais_statuss":"Valsts SIA struktūrvienība","vzd_kods":"101838773","majaslapa":"https://www.bkus.lv"}},{"type":"Feature","geometry":{"type":"Point","coordinates":[24.088059,56.92198]},"properties":{"kategorija":"soc_pakalpojumi","id":"965","nosaukums":"Valsts SIA \"Bērnu klīniskā universitātes slimnīca\" struktūrvienība Sociālais dienests","adrese":"Vienības gatve 45, Rīga, LV-1004","pakalpojums":"citi: Sociālā darba pakalpojums ārstniecības iestādē","pakalpojuma_forma":"bez izmitināšanas","planotais_klientu_skaits":100,"klienti":"bērni (abu dzimumu)","klientu_grupas":["citi"],"juridiskais_statuss":"Valsts SIA struktūrvienība","vzd_kods":"102021945","majaslapa":"https://www.bkus.lv"}},{"type":"Feature","geometry":{"type":"Point","coordinates":[21.596716,57.390219]},"properties":{"kategorija":"soc_pakalpojumi","id":"968","nosaukums":"Biedrības \"Latvijas Samariešu apvienība\" Ventspils nodaļas Naktspatversme","adrese":"Fabrikas iela 2A, Ventspils, LV-3601","pakalpojums":"naktspatversme","pakalpojuma_forma":"ar izmitināšanu","izmitinasana":"izmitināšana","planotais_klientu_skaits":36,"klienti":"pilngadīgas personas (abu dzimumu)","klientu_grupas":["krīzes situācijā nonākušas personas"],"juridiskais_statuss":"Biedrības struktūrvienība","vzd_kods":"101646813","majaslapa":"https://www.samariesi.lv"}},{"type":"Feature","geometry":{"type":"Point","coordinates":[24.122079,56.994998]},"properties":{"kategorija":"soc_pakalpojumi","id":"969","nosaukums":"Valsts SIA \"Rīgas psihiatrijas un narkoloģijas centrs\" stacionārs","adrese":"Tvaika iela 2, Rīga, LV-1005","pakalpojums":"Sociālā darba pakalpojums","pakalpojuma_forma":"ar izmitināšanu","izmitinasana":"izmitināšana","klienti":"pilngadīgas personas (abu dzimumu)","klientu_grupas":["personas, kas atkarīgas no psihoaktīvām vielām","personas ar garīga rakstura traucējumiem"],"juridiskais_statuss":"Valsts SIA struktūrvienība","vzd_kods":"102009786"}},{"type":"Feature","geometry":{"type":"Point","coordinates":[24.072891,56.940858]},"properties":{"kategorija":"soc_pakalpojumi","id":"970","nosaukums":"Valsts SIA \"Rīgas psihiatrijas un narkoloģijas centrs\" Ambulatorās aprūpes nodaļa \"Pārdaugava\" ar dienas stacionāru","adrese":"Viļa Plūdoņa iela 1, Rīga, LV-1002","pakalpojums":"Sociālā darba pakalpojums","pakalpojuma_forma":"bez izmitināšanas","klienti":"pilngadīgas personas (abu dzimumu)","klientu_grupas":["personas ar garīga rakstura traucējumiem"],"juridiskais_statuss":"Valsts SIA struktūrvienība","vzd_kods":"101834950"}},{"type":"Feature","geometry":{"type":"Point","coordinates":[24.248355,56.980108]},"properties":{"kategorija":"soc_pakalpojumi","id":"971","nosaukums":"Valsts SIA \"Rīgas psihiatrijas un narkoloģijas centrs\" Ambulatorās aprūpes centrs \"Veldre\" ar dienas stacionāru","adrese":"Veldres iela 1A, Rīga, LV-1064","pakalpojums":"Sociālā darba pakalpojums","pakalpojuma_forma":"bez izmitināšanas","klienti":"pilngadīgas personas (abu dzimumu)","klientu_grupas":["personas ar garīga rakstura traucējumiem"],"juridiskais_statuss":"Valsts SIA struktūrvienība","vzd_kods":"102020068"}},{"type":"Feature","geometry":{"type":"Point","coordinates":[24.1423,56.97982]},"properties":{"kategorija":"soc_pakalpojumi","id":"972","nosaukums":"Valsts SIA \"Rīgas psihiatrijas un narkoloģijas centrs\" Tiesu psihiatrisko ekspertīžu un piespiedu ārstēšanas centrs","adrese":"Laktas iela 6, Rīga, LV-1013","pakalpojums":"Sociālā darba pakalpojums","pakalpojuma_forma":"ar izmitināšanu","izmitinasana":"izmitināšana","klienti":"pilngadīgas personas (abu dzimumu)","klientu_grupas":["personas ar garīga rakstura traucējumiem"],"juridiskais_statuss":"Valsts SIA struktūrvienība","vzd_kods":"102614323"}},{"type":"Feature","geometry":{"type":"Point","coordinates":[24.122079,56.994998]},"properties":{"kategorija":"soc_pakalpojumi","id":"973","nosaukums":"Valsts SIA \"Rīgas psihiatrijas un narkoloģijas centrs\" Ilgtermiņa farmakoterapijas programmas kabinets","adrese":"Tvaika iela 2, Rīga, LV-1005","pakalpojums":"Sociālā darba pakalpojums","pakalpojuma_forma":"bez izmitināšanas","klienti":"pilngadīgas personas (abu dzimumu)","klientu_grupas":["personas, kas atkarīgas no psihoaktīvām vielām"],"juridiskais_statuss":"Valsts SIA struktūrvienība","vzd_kods":"102009786"}},{"type":"Feature","geometry":{"type":"Point","coordinates":[24.047907,56.930013]},"properties":{"kategorija":"soc_pakalpojumi","id":"974","nosaukums":"SIA Adoro Melodija","adrese":"Jaunpils iela 20, Rīga, LV-1002","pakalpojums":"ilgstoša sociālā aprūpe un sociālā rehabilitācija","pakalpojuma_forma":"ar izmitināšanu","izmitinasana":"izmitināšana","planotais_klientu_skaits":200,"klienti":"pilngadīgas personas (abu dzimumu)","klientu_grupas":["pensijas vecuma personas","citi"],"juridiskais_statuss":"SIA struktūrvienība","vzd_kods":"101838033","majaslapa":"https://www.adoro.lv"}},{"type":"Feature","geometry":{"type":"Point","coordinates":[21.017115,56.509271]},"properties":{"kategorija":"soc_pakalpojumi","id":"978","nosaukums":"Nodibinājums Fonds \"AGAPE\"","adrese":"Bāriņu iela 11, Liepāja, LV-3401","pakalpojums":"Sociālās rehabilitācijas institūcija","pakalpojuma_forma":"ar izmitināšanu un bez izmitināšanas","izmitinasana":"izmitināšana","planotais_klientu_skaits":24,"klienti":"pilngadīgas personas (abu dzimumu)","klientu_grupas":["citi","personas, kas atgriezušās no ieslodzījuma vietas","personas, kas atkarīgas no psihoaktīvām vielām"],"juridiskais_statuss":"Nodibinājums","vzd_kods":"102396310"}},{"type":"Feature","geometry":{"type":"Point","coordinates":[24.161474,56.964313]},"properties":{"kategorija":"soc_pakalpojumi","id":"98","nosaukums":"Biedrības „Rīgas pilsētas „Rūpju bērns”” Dienas aprūpes centrs personām ar garīga rakstura traucējumiem „Cerību tilts”","adrese":"Ieriķu iela 2B, Rīga, LV-1084","pakalpojums":"Dienas aprūpes centrs","pakalpojuma_forma":"bez izmitināšanas","planotais_klientu_skaits":24,"klienti":"pilngadīgas personas (abu dzimumu)","klientu_grupas":["personas ar garīga rakstura traucējumiem"],"juridiskais_statuss":"Biedrības struktūrvienība","vzd_kods":"101834782","majaslapa":"https://www.rupjuberns.lv"}},{"type":"Feature","geometry":{"type":"Point","coordinates":[26.509872,55.868455]},"properties":{"kategorija":"soc_pakalpojumi","id":"985","nosaukums":"Augšdaugavas novada Sociālais dienests","adrese":"Rīgas iela 2, Daugavpils, LV-5401","pakalpojums":"aprūpe mājās","pakalpojuma_forma":"bez izmitināšanas","planotais_klientu_skaits":100,"klienti":"visu vecumu un dzimumu personas","klientu_grupas":["personas ar invaliditāti ar fiziska rakstura traucējumiem","pensijas vecuma personas","personas ar garīga rakstura traucējumiem","citi"],"juridiskais_statuss":"Pašvaldības iestādes struktūrvienība","vzd_kods":"101805294","majaslapa":"https://www.augsdaugavasnovads.lv"}},{"type":"Feature","geometry":{"type":"Point","coordinates":[26.530002,56.099246]},"properties":{"kategorija":"soc_pakalpojumi","id":"99","nosaukums":"Valsts sociālās aprūpes centra \"Latgale\" filiāle \"Kalupe\"","adrese":"Lielā iela 1, Kalupe, Kalupes pag., Augšdaugavas nov., LV-5450","pakalpojums":"ilgstoša sociālā aprūpe un sociālā rehabilitācija","pakalpojuma_forma":"ar izmitināšanu","izmitinasana":"izmitināšana","planotais_klientu_skaits":190,"klienti":"pilngadīgas personas (abu dzimumu)","klientu_grupas":["personas ar garīga rakstura traucējumiem"],"juridiskais_statuss":"Valsts pārvaldes iestādes struktūrvienība","vzd_kods":"103778727","majaslapa":"https://www.vsaclatgale.gov.lv"}},{"type":"Feature","geometry":{"type":"Point","coordinates":[21.596716,57.390219]},"properties":{"kategorija":"soc_pakalpojumi","id":"992","nosaukums":"Biedrības \"Latvijas Samariešu apvienība\" Sociālās aprūpes centrs \"Vēji\"","adrese":"Fabrikas iela 2A, Ventspils, LV-3601","pakalpojums":"ilgstoša sociālā aprūpe un sociālā rehabilitācija","pakalpojuma_forma":"ar izmitināšanu","izmitinasana":"izmitināšana","planotais_klientu_skaits":24,"klienti":"pilngadīgas personas (abu dzimumu)","klientu_grupas":["personas ar invaliditāti ar fiziska rakstura traucējumiem","pensijas vecuma personas"],"juridiskais_statuss":"Biedrības struktūrvienība","vzd_kods":"101646813","majaslapa":"https://www.samariesi.lv"}},{"type":"Feature","geometry":{"type":"Point","coordinates":[24.174341,56.967469]},"properties":{"kategorija":"soc_pakalpojumi","id":"995","nosaukums":"Nodibinājuma \"Latvijas Evaņģēliski luteriskās Baznīcas Diakonijas centrs\" struktūrvienība Daudzfunkcionālais sociālo pakalpojumu dienas centrs \"Paaudzes\"","adrese":"Ūnijas iela 49, Rīga, LV-1039","pakalpojums":"Dienas centrs","pakalpojuma_forma":"bez izmitināšanas","planotais_klientu_skaits":50,"klienti":"pilngadīgas personas (abu dzimumu)","klientu_grupas":["citi"],"juridiskais_statuss":"Nodibinājuma struktūrvienība","vzd_kods":"102011540","majaslapa":"https://www.diakonija.lv"}}]}