id,nosaukums,apzimejums,tilpums,x,y
51399,Ūdens ņemšanas vieta ugunsdzēsībai U1,Ut;300 (U1),300,525283.8586482704,281183.3839942664
51400,Ūdens ņemšanas vieta ugunsdzēsībai U2,Ut;1000 (U2),1000,531372.8182461038,274320.0012994446
51401,Ūdens ņemšanas vieta ugunsdzēsībai U4,Ut;300 (U4),300,529777.3002153998,276911.7969761379
51402,Ūdens ņemšanas vieta ugunsdzēsībai U5,Ut;300 (U5),300,531724.8410909567,273537.214872092
51403,Ūdens ņemšanas vieta ugunsdzēsībai U7,Ut;300 (U7),300,532934.7504742015,272337.52916604653
51404,Ūdens ņemšanas vieta ugunsdzēsībai U8,Ut;700 (U8),700,537384.3977140002,267436.65326767415
51405,Ūdens ņemšanas vieta ugunsdzēsībai U9,Ut;700 (U9),700,527539.3277297746,271807.1577639431
51406,Ūdens ņemšanas vieta ugunsdzēsībai U10,Ut;500 (U10),500,527392.2561811786,271595.9324029684
51407,Ūdens ņemšanas vieta ugunsdzēsībai U11,Ut;1000 (U11),1000,526812.7239906834,271514.9566038735
51408,Ūdens ņemšanas vieta ugunsdzēsībai U12,Ut; (U12),,525650.1173675219,269389.70252206177
51409,Ūdens ņemšanas vieta ugunsdzēsībai U13,Ut;400 (U13),400,524105.36121883057,272064.39834308624
51410,Ūdens ņemšanas vieta ugunsdzēsībai U14,Ut;600 (U14),600,524870.8032012414,271564.83037532866
51411,Ūdens ņemšanas vieta ugunsdzēsībai U15,Ut; (U15),,539344.9024104541,270200.1511790566
51412,Ūdens ņemšanas vieta ugunsdzēsībai U16,Ut;300 (U16),300,532637.9044458885,266163.50792806223
51413,Ūdens ņemšanas vieta ugunsdzēsībai U17,Ut;300 (U17),300,531939.9900520416,266059.3275239356
51414,Ūdens ņemšanas vieta ugunsdzēsībai U18,Ut; (U18),,530996.5440356797,265189.6359630637
51415,Ūdens ņemšanas vieta ugunsdzēsībai U19,Ut; (U19),,531770.4641251452,265433.3687666878
51416,Ūdens ņemšanas vieta ugunsdzēsībai U20,Ut; (U20),,531136.0384663548,261557.58409661427
51417,Ūdens ņemšanas vieta ugunsdzēsībai U21,Ut;800 (U21),800,528890.9459102033,265007.74648370966
51418,Ūdens ņemšanas vieta ugunsdzēsībai U22,Ut;400 (U22),400,536651.0756510673,265745.0535271205
51419,Ūdens ņemšanas vieta ugunsdzēsībai U24,Ut; (U24),,540008.4240987943,248515.81386406347
51420,Ūdens ņemšanas vieta ugunsdzēsībai U25,Ut;300 (U25),300,534390.4490738204,242533.30481285602
51421,Ūdens ņemšanas vieta ugunsdzēsībai U26,Ut;400 (U26),400,536561.042336911,256180.66511229053
51422,Ūdens ņemšanas vieta ugunsdzēsībai U27,Ut;150 (U27),150,536971.3075151285,256462.5033395402
51423,Ūdens ņemšanas vieta ugunsdzēsībai U28,Ut;500 (U28),500,537224.0065272432,256347.28189384937
51424,Ūdens ņemšanas vieta ugunsdzēsībai U29,Ut;500 (U29),500,543318.1022653272,251671.25913995132
51425,Ūdens ņemšanas vieta ugunsdzēsībai U30,Ut;300 (U30),300,550636.9782541692,253072.58935592696
51426,Ūdens ņemšanas vieta ugunsdzēsībai U31,Ut; (U31),,550967.1126690581,253268.2297263816
51427,Ūdens ņemšanas vieta ugunsdzēsībai U32,Ut;150 (U32),150,551514.517537835,252928.53565949202
51428,Ūdens ņemšanas vieta ugunsdzēsībai U33,Ut; (U33),,544312.7068888983,263264.3454235643
51429,Ūdens ņemšanas vieta ugunsdzēsībai U34,Ut;600 (U34),600,544330.1834468823,263552.16759089753
51430,Ūdens ņemšanas vieta ugunsdzēsībai U35,Ut;700 (U35),700,544083.384026601,263447.5105149299
51431,Ūdens ņemšanas vieta ugunsdzēsībai U36,Ut;500 (U36),500,543981.8223007917,262200.3908759244
51432,Ūdens ņemšanas vieta ugunsdzēsībai U37,Ut;300 (U37),300,541505.3371121734,260845.71584929898
51433,Ūdens ņemšanas vieta ugunsdzēsībai U38,Ut; (U38),,546998.8837926481,257532.7531930171
51434,Ūdens ņemšanas vieta ugunsdzēsībai U39,Ut;150 (U39),150,448285.28346019424,313737.43193028495
51435,Ūdens ņemšanas vieta ugunsdzēsībai U40,Ut;300 (U40),300,444917.1004966432,310948.0754429102
51436,Ūdens ņemšanas vieta ugunsdzēsībai U41,Ut;300 (U41),300,444677.4332448235,310722.3653909676
51437,Ūdens ņemšanas vieta ugunsdzēsībai U42,Ut;150 (U42),150,444518.7308020601,310102.9334621765
51438,Ūdens ņemšanas vieta ugunsdzēsībai U43,Ut; (U43),,438475.50053077657,304584.2876826115
51439,Ūdens ņemšanas vieta ugunsdzēsībai U44,Ut; (U44),,439093.73725066613,303328.8689598888
51440,Ūdens ņemšanas vieta ugunsdzēsībai U45,Ut;120 (U45),120,444147.27577269636,315423.8552581109
51441,Ūdens ņemšanas vieta ugunsdzēsībai U46,Ut;150 (U46),150,459715.8618554836,311464.94706954435
51442,Ūdens ņemšanas vieta ugunsdzēsībai U47,Ut;200 (U47),200,601277.5108725792,274007.36781486124
51443,Ūdens ņemšanas vieta ugunsdzēsībai U48,Ut;600 (U48),600,603112.4200651608,279616.5908877477
51444,Ūdens ņemšanas vieta ugunsdzēsībai U49,Ut;300 (U49),300,601308.8084748136,279226.3186095394
51445,Ūdens ņemšanas vieta ugunsdzēsībai U50,Ut;600 (U50),600,606304.7010999946,277097.734907493
51446,Ūdens ņemšanas vieta ugunsdzēsībai U51,Ut;500 (U51),500,607551.0627057087,281101.32296612486
51447,Ūdens ņemšanas vieta ugunsdzēsībai U52,Ut; (U52),,605348.1818369329,281042.40410075337
51448,Ūdens ņemšanas vieta ugunsdzēsībai U53,Ut; (U53),,605676.7732074447,275962.0943350382
51449,Ūdens ņemšanas vieta ugunsdzēsībai U54,Ut;5000 (U54),5000,608080.2897159653,289513.43834383786
51450,Ūdens ņemšanas vieta ugunsdzēsībai U55,Ut;4000 (U55),4000,603213.490341723,286523.25188605115
51451,Ūdens ņemšanas vieta ugunsdzēsībai U56,Ut; (U56),,600629.060975669,273441.29498071223
51452,Ūdens ņemšanas vieta ugunsdzēsībai U57,Ut;3000 (U57),3000,600788.6898490181,273899.7681439519
51453,Ūdens ņemšanas vieta ugunsdzēsībai U58,Ut;550 (U58),550,600818.4405742167,274011.8339335881
51454,Ūdens ņemšanas vieta ugunsdzēsībai U59,Ut; (U59),,581511.8931583734,228800.64767044783
51455,Ūdens ņemšanas vieta ugunsdzēsībai U60,Ut; (U60),,581254.8778363755,229173.0551385358
51456,Ūdens ņemšanas vieta ugunsdzēsībai U61,Ut;300 (U61),300,581367.3862226866,229147.36153492704
51457,Ūdens ņemšanas vieta ugunsdzēsībai U62,Ut;100 (U62),100,581365.9287746632,230313.18376662955
51458,Ūdens ņemšanas vieta ugunsdzēsībai U63,Ut; (U63),,582241.9227069607,229210.40194514394
51459,Ūdens ņemšanas vieta ugunsdzēsībai U64,Ut;120 (U64),120,581243.9130041068,230292.27123089507
51460,Ūdens ņemšanas vieta ugunsdzēsībai U65,Ut; (U65),,557409.8784217378,251442.62737466395
51461,Ūdens ņemšanas vieta ugunsdzēsībai U66,Ut; (U66),,561185.4470392903,248223.75858157873
51462,Ūdens ņemšanas vieta ugunsdzēsībai U67,Ut; (U67),,562640.6934081195,247280.2498615496
51463,Ūdens ņemšanas vieta ugunsdzēsībai U68,Ut; (U68),,560062.6128475163,243646.74721272662
51464,Ūdens ņemšanas vieta ugunsdzēsībai U69,Ut; (U69),,564528.31844691,237097.84965844825
51465,Ūdens ņemšanas vieta ugunsdzēsībai U70,Ut;500 (U70),500,572498.7195105227,228205.45507165417
51466,Ūdens ņemšanas vieta ugunsdzēsībai U71,Ut; (U71),,427339.9068009127,321813.8312256038
51467,Ūdens ņemšanas vieta ugunsdzēsībai U72,Ut; (U72),,426593.6117803417,310009.4948486686
51468,Ūdens ņemšanas vieta ugunsdzēsībai U73,Ut; (U73),,422421.72090124525,299826.3668716736
51469,Ūdens ņemšanas vieta ugunsdzēsībai U74,Ut; (U74),,412404.34220564086,309526.18846093863
51470,Ūdens ņemšanas vieta ugunsdzēsībai U75,Ut; (U75),,414651.9314923696,310741.3869554959
51471,Ūdens ņemšanas vieta ugunsdzēsībai U76,Ut; (U76),,412414.25197239406,309516.73791505024
51472,Ūdens ņemšanas vieta ugunsdzēsībai U77,Ut; (U77),,422896.620218412,324538.531075608
51473,Ūdens ņemšanas vieta ugunsdzēsībai U78,Ut; (U78),,426788.831194886,323552.31859627366
51474,Ūdens ņemšanas vieta ugunsdzēsībai U79,Ut; (U79),,481613.36889013276,256882.1723448299
51475,Ūdens ņemšanas vieta ugunsdzēsībai U80,Ut; (U80),,484301.1573712807,256404.5405464396
51476,Ūdens ņemšanas vieta ugunsdzēsībai U81,Ut;100 (U81),100,482568.3484266447,255561.0421807915
51477,Ūdens ņemšanas vieta ugunsdzēsībai U82,Ut;100 (U82),100,481782.9090316128,254513.1643119268
51478,Ūdens ņemšanas vieta ugunsdzēsībai U83,Ut; (U83),,478643.39708728064,252542.76518650725
51479,Ūdens ņemšanas vieta ugunsdzēsībai U84,Ut;100 (U84),100,480283.0457252497,252083.48104185238
51480,Ūdens ņemšanas vieta ugunsdzēsībai U85,Ut;400 (U85),400,481407.8623678703,249839.9264104329
51481,Ūdens ņemšanas vieta ugunsdzēsībai U86,Ut;150 (U86),150,480508.4603186343,251522.79102994502
51482,Ūdens ņemšanas vieta ugunsdzēsībai U87,Ut;50 (U87),50,480450.4442062769,251587.94947342575
51483,Ūdens ņemšanas vieta ugunsdzēsībai U88,Ut;200 (U88),200,480793.8537196182,251710.0429795608
51484,Ūdens ņemšanas vieta ugunsdzēsībai U89,Ut;100 (U89),100,481405.61833242513,252455.63102443144
51485,Ūdens ņemšanas vieta ugunsdzēsībai U90,Ut;150 (U90),150,480603.2389391046,252384.981661167
51486,Ūdens ņemšanas vieta ugunsdzēsībai U91,Ut; (U91),,481313.1003374057,253232.0660587959
51487,Ūdens ņemšanas vieta ugunsdzēsībai U93,Ut;150 (U93),150,480448.86593701784,252731.9648288451
51488,Ūdens ņemšanas vieta ugunsdzēsībai U94,Ut;500 (U94),500,479728.3876864454,251498.6183420457
51489,Ūdens ņemšanas vieta ugunsdzēsībai U95,Ut;200 (U95),200,479937.81940014753,246841.35560748726
51490,Ūdens ņemšanas vieta ugunsdzēsībai U96,Ut; (U96),,483671.15049454663,252866.7107515782
51491,Ūdens ņemšanas vieta ugunsdzēsībai U97,Ut; (U97),,472438.51225622464,275458.9934734404
51492,Ūdens ņemšanas vieta ugunsdzēsībai U98,Ut;300 (U98),300,471310.240059915,275723.10579335317
51493,Ūdens ņemšanas vieta ugunsdzēsībai U99,Ut; (U99),,465766.9505333863,275047.22797913104
51494,Ūdens ņemšanas vieta ugunsdzēsībai U100,Ut; (U100),,464936.85973506235,275270.45299015194
51495,Ūdens ņemšanas vieta ugunsdzēsībai U101,Ut; (U101),,464994.3650383949,275418.46742510423
51496,Ūdens ņemšanas vieta ugunsdzēsībai U102,Ut;25 (U102),25,465552.64831992425,275318.0212910436
51497,Ūdens ņemšanas vieta ugunsdzēsībai U103,Ut;100 (U103),100,466062.2448649164,275310.7659711279
51498,Ūdens ņemšanas vieta ugunsdzēsībai U104,Ut;50 (U104),50,466133.48071053065,275477.1629185155
51499,Ūdens ņemšanas vieta ugunsdzēsībai U105,Ut;200 (U105),200,466410.9367800215,275641.9106157534
51500,Ūdens ņemšanas vieta ugunsdzēsībai U106,Ut;50 (U106),50,466478.66422461625,273866.4771368839
51501,Ūdens ņemšanas vieta ugunsdzēsībai U107,Ut;100 (U107),100,466585.694783736,273816.20365373045
51502,Ūdens ņemšanas vieta ugunsdzēsībai U108,Ut; (U108),,466539.4718586877,273584.7049544193
51503,Ūdens ņemšanas vieta ugunsdzēsībai U109,Ut; (U109),,466402.29473283794,274343.28433099017
51504,Ūdens ņemšanas vieta ugunsdzēsībai U110,Ut;30 (U110),30,471692.3988306187,275779.29150783643
51505,Ūdens ņemšanas vieta ugunsdzēsībai U111,Ut;50 (U111),50,469219.85721924994,273057.1287532449
51506,Ūdens ņemšanas vieta ugunsdzēsībai U112,Ut;100 (U112),100,471393.54665819276,273180.95028296486
51507,Ūdens ņemšanas vieta ugunsdzēsībai U113,Ut; (U113),,471370.334273573,273035.7346580215
51508,Ūdens ņemšanas vieta ugunsdzēsībai U114,Ut;100 (U114),100,471688.0452475799,271833.9820386097
51509,Ūdens ņemšanas vieta ugunsdzēsībai U115,Ut; (U115),,471928.3664258402,271547.8626069501
51510,Ūdens ņemšanas vieta ugunsdzēsībai U116,Ut;100 (U116),100,472818.62642375473,271495.61170650646
51511,Ūdens ņemšanas vieta ugunsdzēsībai U117,Ut; (U117),,473019.4802973382,271151.1491728239
51512,Ūdens ņemšanas vieta ugunsdzēsībai U118,Ut;100 (U118),100,472422.92780572176,270984.92521620914
51513,Ūdens ņemšanas vieta ugunsdzēsībai U119,Ut; (U119),,474421.2421615282,270455.95873004943
51514,Ūdens ņemšanas vieta ugunsdzēsībai U120,Ut;50 (U120),50,474342.8240714427,270471.90727490187
51515,Ūdens ņemšanas vieta ugunsdzēsībai U121,Ut;200 (U121),200,474365.6686365837,270864.47262012213
51516,Ūdens ņemšanas vieta ugunsdzēsībai U122,Ut;15 (U122),15,476317.71084645577,271759.01281488314
51517,Ūdens ņemšanas vieta ugunsdzēsībai U123,Ut; (U123),,475910.46245877724,271544.93273356557
51518,Ūdens ņemšanas vieta ugunsdzēsībai U124,Ut; (U124),,474067.34994167835,274793.13167883083
51519,Ūdens ņemšanas vieta ugunsdzēsībai U125,Ut; (U125),,473538.4167675907,274984.9840996377
51520,Ūdens ņemšanas vieta ugunsdzēsībai U126,Ut;50 (U126),50,475039.86500547733,275207.7889975719
51521,Ūdens ņemšanas vieta ugunsdzēsībai U127,Ut; (U127),,475163.2829445293,275615.12648749724
51522,Ūdens ņemšanas vieta ugunsdzēsībai U128,Ut; (U128),,475372.7644509673,275583.0625905618
51523,Ūdens ņemšanas vieta ugunsdzēsībai U129,Ut; (U129),,475626.9101311201,276502.9074028507
51524,Ūdens ņemšanas vieta ugunsdzēsībai U130,Ut; (U130),,476347.87408329826,277126.4782392122
51525,Ūdens ņemšanas vieta ugunsdzēsībai U131,Ut; (U131),,476789.4469400458,276870.4522474818
51526,Ūdens ņemšanas vieta ugunsdzēsībai U132,Ut; (U132),,476271.47432890534,277479.4315760061
51527,Ūdens ņemšanas vieta ugunsdzēsībai U133,Ut;200 (U133),200,486146.92568303086,277766.1368997209
51528,Ūdens ņemšanas vieta ugunsdzēsībai U134,Ut;70 (U134),70,486542.34906215034,277301.0257394351
51529,Ūdens ņemšanas vieta ugunsdzēsībai U135,Ut; (U135),,489614.96796682663,276244.2317002043
51530,Ūdens ņemšanas vieta ugunsdzēsībai U136,Ut; (U136),,487072.01793080475,276677.9235958196
51531,Ūdens ņemšanas vieta ugunsdzēsībai U137,Ut; (U137),,486892.3111862894,276431.1497518793
51532,Ūdens ņemšanas vieta ugunsdzēsībai U138,Ut;50 (U138),50,486441.5778733706,275625.5839176588
51533,Ūdens ņemšanas vieta ugunsdzēsībai U139,Ut;300 (U139),300,487167.4168419298,274426.73451268673
51534,Ūdens ņemšanas vieta ugunsdzēsībai U140,Ut; (U140),,486541.477793552,274898.63593296334
51535,Ūdens ņemšanas vieta ugunsdzēsībai U141,Ut; (U141),,486182.42560807243,275091.47352624685
51536,Ūdens ņemšanas vieta ugunsdzēsībai U142,Ut; (U142),,486502.6834125547,274493.7057034783
51537,Ūdens ņemšanas vieta ugunsdzēsībai U143,Ut; (U143),,488100.3511668872,272151.4023734592
51538,Ūdens ņemšanas vieta ugunsdzēsībai U144,Ut; (U144),,491108.6397186667,269348.9234606996
51539,Ūdens ņemšanas vieta ugunsdzēsībai U145,Ut; (U145),,492227.3163344618,268774.7033155151
51540,Ūdens ņemšanas vieta ugunsdzēsībai U146,Ut;50 (U146),50,492501.9629527014,268666.0152355209
51541,Ūdens ņemšanas vieta ugunsdzēsībai U147,Ut; (U147),,494744.46169948205,269429.4248820953
51542,Ūdens ņemšanas vieta ugunsdzēsībai U148,Ut; (U148),,496555.5297712451,269511.03818259016
51543,Ūdens ņemšanas vieta ugunsdzēsībai U149,Ut;250 (U149),250,497593.43601373956,269736.0503229834
51544,Ūdens ņemšanas vieta ugunsdzēsībai U150,Ut; (U150),,493042.71915809903,274604.60404041037
51545,Ūdens ņemšanas vieta ugunsdzēsībai U151,Ut; (U151),,494133.67879605666,273322.89549949765
51546,Ūdens ņemšanas vieta ugunsdzēsībai U152,Ut;30 (U152),30,497497.449112596,268990.9017349519
51547,Ūdens ņemšanas vieta ugunsdzēsībai U153,Ut;200 (U153),200,499835.87266747095,263115.5995625593
51548,Ūdens ņemšanas vieta ugunsdzēsībai U154,Ut; (U154),,495682.3513839673,261853.24738251418
51549,Ūdens ņemšanas vieta ugunsdzēsībai U155,Ut; (U155),,495709.9362642607,262041.88376567885
51550,Ūdens ņemšanas vieta ugunsdzēsībai U156,Ut;100 (U156),100,472799.6258464707,299002.6320324652
51551,Ūdens ņemšanas vieta ugunsdzēsībai U157,Ut; (U157),,473733.17650745437,299751.04178066924
51552,Ūdens ņemšanas vieta ugunsdzēsībai U158,Ut; (U158),,472522.5461893175,299134.2400569618
51553,Ūdens ņemšanas vieta ugunsdzēsībai U159,Ut; (U159),,474762.8460884951,295703.3981112838
51554,Ūdens ņemšanas vieta ugunsdzēsībai U160,Ut; (U160),,473489.6653384315,293682.89760797843
51555,Ūdens ņemšanas vieta ugunsdzēsībai U161,Ut; (U161),,475962.3480902463,295142.8746817261
51556,Ūdens ņemšanas vieta ugunsdzēsībai U162,Ut; (U162),,476406.648568579,295409.27974297106
51557,Ūdens ņemšanas vieta ugunsdzēsībai U163,Ut; (U163),,476134.2961493749,295553.0850965604
51558,Ūdens ņemšanas vieta ugunsdzēsībai U164,Ut; (U164),,476693.17560817953,295076.84700536355
51559,Ūdens ņemšanas vieta ugunsdzēsībai U165,Ut; (U165),,476416.3862913493,295035.09751724824
51560,Ūdens ņemšanas vieta ugunsdzēsībai U166,Ut; (U166),,478068.46494481247,290418.951493904
51561,Ūdens ņemšanas vieta ugunsdzēsībai U167,Ut; (U167),,477563.5732417563,293185.98461408913
51562,Ūdens ņemšanas vieta ugunsdzēsībai U168,Ut; (U168),,477397.8234593794,293925.77760621905
51563,Ūdens ņemšanas vieta ugunsdzēsībai U169,Ut; (U169),,476569.9133671755,294573.5051664673
51564,Ūdens ņemšanas vieta ugunsdzēsībai U170,Ut; (U170),,477158.31572824065,293574.65865811333
51565,Ūdens ņemšanas vieta ugunsdzēsībai U171,Ut;150 (U171),150,476429.20106654614,258088.93291243538
51566,Ūdens ņemšanas vieta ugunsdzēsībai U172,Ut; (U172),,477341.87771426234,254324.31037868187
51567,Ūdens ņemšanas vieta ugunsdzēsībai U173,Ut; (U173),,477309.8852157062,254107.98852883652
51568,Ūdens ņemšanas vieta ugunsdzēsībai U174,Ut;50 (U174),50,476845.03093830775,253053.08087042347
51569,Ūdens ņemšanas vieta ugunsdzēsībai U175,Ut; (U175),,476838.73553251196,253470.5178077817
51570,Ūdens ņemšanas vieta ugunsdzēsībai U176,Ut;40 (U176),40,477867.3634605408,254890.42703716084
51571,Ūdens ņemšanas vieta ugunsdzēsībai U177,Ut; (U177),,478582.6614995785,254089.01447213814
51572,Ūdens ņemšanas vieta ugunsdzēsībai U178,Ut; (U178),,477956.1390914293,255823.72288844362
51573,Ūdens ņemšanas vieta ugunsdzēsībai U179,Ut; (U179),,479147.5120990956,256429.88438362628
51574,Ūdens ņemšanas vieta ugunsdzēsībai U180,Ut; (U180),,478765.8678571768,256459.60653178766
51575,Ūdens ņemšanas vieta ugunsdzēsībai U181,Ut; (U181),,479389.8075441588,256960.41449376196
51576,Ūdens ņemšanas vieta ugunsdzēsībai U182,Ut; (U182),,479331.1104387855,257208.1369991228
51577,Ūdens ņemšanas vieta ugunsdzēsībai U183,Ut; (U183),,479811.6928431392,258541.5098825246
51578,Ūdens ņemšanas vieta ugunsdzēsībai U184,Ut;300 (U184),300,479740.3752801847,255440.7149978727
51579,Ūdens ņemšanas vieta ugunsdzēsībai U185,Ut; (U185),,475495.52229951415,284935.56336582825
51580,Ūdens ņemšanas vieta ugunsdzēsībai U186,Ut; (U186),,477446.87581493147,283159.09898420796
51581,Ūdens ņemšanas vieta ugunsdzēsībai U187,Ut; (U187),,479375.9561009621,281714.48559318855
51582,Ūdens ņemšanas vieta ugunsdzēsībai U188,Ut; (U188),,479731.46115039755,281678.80539766327
51583,Ūdens ņemšanas vieta ugunsdzēsībai U189,Ut; (U189),,476165.73188598733,281663.460157264
51584,Ūdens ņemšanas vieta ugunsdzēsībai U190,Ut; (U190),,476306.66031009704,281001.0242151804
51585,Ūdens ņemšanas vieta ugunsdzēsībai U191,Ut; (U191),,476728.7605534047,279449.5394806899
51586,Ūdens ņemšanas vieta ugunsdzēsībai U192,Ut;250 (U192),250,476895.3633379461,278474.64471198246
51587,Ūdens ņemšanas vieta ugunsdzēsībai U193,Ut;250 (U193),250,476914.88999084197,278613.67681160197
51588,Ūdens ņemšanas vieta ugunsdzēsībai U194,Ut; (U194),,477535.9324825816,278492.8801673278
51589,Ūdens ņemšanas vieta ugunsdzēsībai U195,Ut;200 (U195),200,477608.38696274627,278350.23794744164
51590,Ūdens ņemšanas vieta ugunsdzēsībai U196,Ut; (U196),,477979.4725306565,278298.7452268787
51591,Ūdens ņemšanas vieta ugunsdzēsībai U197,Ut; (U197),,479555.2542571211,277987.80216035247
51592,Ūdens ņemšanas vieta ugunsdzēsībai U198,Ut; (U198),,479338.9648644803,278001.2144753672
51593,Ūdens ņemšanas vieta ugunsdzēsībai U199,Ut; (U199),,473156.18285610806,279999.56622476503
51594,Ūdens ņemšanas vieta ugunsdzēsībai U201,Ut;50 (U201),50,470921.47447195183,281613.0004779212
51595,Ūdens ņemšanas vieta ugunsdzēsībai U202,Ut; (U202),,469619.8394558318,282385.93512044474
51596,Ūdens ņemšanas vieta ugunsdzēsībai U203,Ut;100 (U203),100,469310.26319957897,282635.6366429068
51597,Ūdens ņemšanas vieta ugunsdzēsībai U204,Ut;200 (U204),200,468835.17094825115,283053.446445331
51598,Ūdens ņemšanas vieta ugunsdzēsībai U205,Ut;15 (U205),15,469207.73517748713,283273.32610017434
51599,Ūdens ņemšanas vieta ugunsdzēsībai U206,Ut;100 (U206),100,469854.8087969767,282875.91526179016
51600,Ūdens ņemšanas vieta ugunsdzēsībai U207,Ut;50 (U207),50,469497.74596763216,282909.438860558
51601,Ūdens ņemšanas vieta ugunsdzēsībai U208,Ut;100 (U208),100,467249.8455412118,285727.7172731459
51602,Ūdens ņemšanas vieta ugunsdzēsībai U209,Ut; (U209),,466386.0389000457,284451.41881843284
51603,Ūdens ņemšanas vieta ugunsdzēsībai U210,Ut;200 (U210),200,467838.7688624589,284022.60585737973
51604,Ūdens ņemšanas vieta ugunsdzēsībai U211,Ut; (U211),,469938.38264344726,278620.69205414504
51605,Ūdens ņemšanas vieta ugunsdzēsībai U212,Ut;200 (U212),200,482598.2999929795,271954.14221376926
51606,Ūdens ņemšanas vieta ugunsdzēsībai U213,Ut;100 (U213),100,482576.8735531131,266345.48635760695
51607,Ūdens ņemšanas vieta ugunsdzēsībai U214,Ut;200 (U214),200,482982.9796085404,266665.4004392028
51608,Ūdens ņemšanas vieta ugunsdzēsībai U215,Ut;50 (U215),50,481717.3198239142,266661.3406939842
51609,Ūdens ņemšanas vieta ugunsdzēsībai U216,Ut; (U216),,481003.3639498418,265910.1531963274
51610,Ūdens ņemšanas vieta ugunsdzēsībai U217,Ut; (U217),,481045.81338210497,266228.4165440276
51611,Ūdens ņemšanas vieta ugunsdzēsībai U218,Ut;100 (U218),100,481409.9038550239,266668.9161697142
51612,Ūdens ņemšanas vieta ugunsdzēsībai U219,Ut; (U219),,481418.12775710505,265435.2469054535
51613,Ūdens ņemšanas vieta ugunsdzēsībai U220,Ut;100 (U220),100,481352.9357088683,265757.10448979214
51614,Ūdens ņemšanas vieta ugunsdzēsībai U221,Ut;100 (U221),100,482757.3040642524,264523.63118328527
51615,Ūdens ņemšanas vieta ugunsdzēsībai U222,Ut; (U222),,483674.69888882805,263997.39665203914
51616,Ūdens ņemšanas vieta ugunsdzēsībai U223,Ut;200 (U223),200,483703.6685908269,263978.80774253234
51617,Ūdens ņemšanas vieta ugunsdzēsībai U224,Ut;400 (U224),400,484738.8993034661,263368.87255647033
51618,Ūdens ņemšanas vieta ugunsdzēsībai U225,Ut; (U225),,485101.2351004947,262863.5794147663
51619,Ūdens ņemšanas vieta ugunsdzēsībai U226,Ut;40 (U226),40,485008.1583432006,264106.8807346858
51620,Ūdens ņemšanas vieta ugunsdzēsībai U227,Ut; (U227),,480546.89053757396,262498.7351310067
51621,Ūdens ņemšanas vieta ugunsdzēsībai U228,Ut; (U228),,479804.59959784336,260644.03700275347
51622,Ūdens ņemšanas vieta ugunsdzēsībai U229,Ut; (U229),,477705.72869564313,262246.8433785662
51623,Ūdens ņemšanas vieta ugunsdzēsībai U230,Ut; (U230),,483310.58339038026,273478.64897265285
51624,Ūdens ņemšanas vieta ugunsdzēsībai U231,Ut; (U231),,484496.67377890553,251342.50802647322
51625,Ūdens ņemšanas vieta ugunsdzēsībai U232,Ut;80 (U232),80,484224.93726561684,251105.42621875927
51626,Ūdens ņemšanas vieta ugunsdzēsībai U233,Ut;60 (U233),60,484178.67386295274,251111.7202046886
51627,Ūdens ņemšanas vieta ugunsdzēsībai U234,Ut;200 (U234),200,484532.88108999934,250931.1014248766
51628,Ūdens ņemšanas vieta ugunsdzēsībai U235,Ut;40 (U235),40,484411.35608793795,250981.07694446668
51629,Ūdens ņemšanas vieta ugunsdzēsībai U236,Ut; (U236),,484589.8751186384,248216.26615555957
51630,Ūdens ņemšanas vieta ugunsdzēsībai U237,Ut;50 (U237),50,485652.88982805423,248045.5864675194
51631,Ūdens ņemšanas vieta ugunsdzēsībai U238,Ut; (U238),,488678.95590374805,246032.96583030745
51632,Ūdens ņemšanas vieta ugunsdzēsībai U239,Ut; (U239),,488600.1476347111,246091.94508105144
51633,Ūdens ņemšanas vieta ugunsdzēsībai U240,Ut; (U240),,488736.6294573629,247720.96796963364
51634,Ūdens ņemšanas vieta ugunsdzēsībai U241,Ut;200 (U241),200,490307.8655217448,247590.3184821345
51635,Ūdens ņemšanas vieta ugunsdzēsībai U242,Ut; (U242),,488525.2465819493,248237.87592786178
51636,Ūdens ņemšanas vieta ugunsdzēsībai U243,Ut;50 (U243),50,487827.41379195265,249560.00533652678
51637,Ūdens ņemšanas vieta ugunsdzēsībai U244,Ut;300 (U244),300,484992.16405842453,250889.2716347091
51638,Ūdens ņemšanas vieta ugunsdzēsībai U245,Ut; (U245),,487452.1943688467,249672.402349893
51639,Ūdens ņemšanas vieta ugunsdzēsībai U246,Ut;100 (U246),100,485103.8983510481,250966.23548976332
51640,Ūdens ņemšanas vieta ugunsdzēsībai U247,Ut;30 (U247),30,489082.2035358995,251996.06831191108
51641,Ūdens ņemšanas vieta ugunsdzēsībai U248,Ut;150 (U248),150,488886.99096904043,253390.89809872955
51642,Ūdens ņemšanas vieta ugunsdzēsībai U249,Ut;300 (U249),300,488300.98143769335,253380.11893897504
51643,Ūdens ņemšanas vieta ugunsdzēsībai U250,Ut; (U250),,488563.8376551382,253642.1946197711
51644,Ūdens ņemšanas vieta ugunsdzēsībai U251,Ut;50 (U251),50,488760.0626578601,255280.4242907539
51645,Ūdens ņemšanas vieta ugunsdzēsībai U252,Ut;20 (U252),20,487188.43498676363,257730.50326010957
51646,Ūdens ņemšanas vieta ugunsdzēsībai U253,Ut; (U253),,486466.28442971595,260994.59424890578
51647,Ūdens ņemšanas vieta ugunsdzēsībai U254,Ut; (U254),,480381.8483793689,272217.4390643276
51648,Ūdens ņemšanas vieta ugunsdzēsībai U255,Ut;200 (U255),200,479909.90988852177,271622.81905449927
51649,Ūdens ņemšanas vieta ugunsdzēsībai U256,Ut; (U256),,480287.2778164912,271324.2859627381
51650,Ūdens ņemšanas vieta ugunsdzēsībai U257,Ut; (U257),,479712.8961388506,272161.8343028985
51651,Ūdens ņemšanas vieta ugunsdzēsībai U258,Ut;20 (U258),20,479500.47133487277,271983.5418727845
51652,Ūdens ņemšanas vieta ugunsdzēsībai U259,Ut; (U259),,478742.35370938387,271841.9262163006
51653,Ūdens ņemšanas vieta ugunsdzēsībai U260,Ut;100 (U260),100,479926.9069241816,273759.33209353685
51654,Ūdens ņemšanas vieta ugunsdzēsībai U261,Ut; (U261),,480334.7751177065,274196.4151741415
51655,Ūdens ņemšanas vieta ugunsdzēsībai U262,Ut; (U262),,480730.78224330023,275412.87416729704
51656,Ūdens ņemšanas vieta ugunsdzēsībai U263,Ut; (U263),,478079.9855423579,267488.7651394233
51657,Ūdens ņemšanas vieta ugunsdzēsībai U264,Ut; (U264),,475463.505102681,265391.3925237991
51658,Ūdens ņemšanas vieta ugunsdzēsībai U265,Ut;50 (U265),50,475292.3876961516,265633.5979424231
51659,Ūdens ņemšanas vieta ugunsdzēsībai U266,Ut; (U266),,475093.3253140608,264042.3715881258
51660,Ūdens ņemšanas vieta ugunsdzēsībai U267,Ut; (U267),,476223.23561489396,267406.09353981167
51661,Ūdens ņemšanas vieta ugunsdzēsībai U268,Ut;80 (U268),80,482312.5932953479,284316.9085240327
51662,Ūdens ņemšanas vieta ugunsdzēsībai U269,Ut;50 (U269),50,481740.10078476276,284872.9123441689
51663,Ūdens ņemšanas vieta ugunsdzēsībai U270,Ut; (U270),,480095.48046004307,287721.8547820598
51664,Ūdens ņemšanas vieta ugunsdzēsībai U271,Ut; (U271),,480239.49271658063,288355.0974408649
51665,Ūdens ņemšanas vieta ugunsdzēsībai U272,Ut; (U272),,479236.4526239587,288941.2207719572
51666,Ūdens ņemšanas vieta ugunsdzēsībai U273,Ut;50 (U273),50,478645.85802138876,289077.0960721113
51667,Ūdens ņemšanas vieta ugunsdzēsībai U274,Ut; (U274),,481044.43436832074,288994.54257804155
51668,Ūdens ņemšanas vieta ugunsdzēsībai U275,Ut;1000 (U275),1000,480546.3931400813,289670.82226491347
51669,Ūdens ņemšanas vieta ugunsdzēsībai U276,Ut;500 (U276),500,480210.0065622926,289663.15873484686
51670,Ūdens ņemšanas vieta ugunsdzēsībai U277,Ut; (U277),,478880.4108082671,290773.4294404276
51671,Ūdens ņemšanas vieta ugunsdzēsībai U278,Ut; (U278),,476843.075246403,295190.4452463612
51672,Ūdens ņemšanas vieta ugunsdzēsībai U279,Ut; (U279),,477170.0058288332,296341.97415600345
51673,Ūdens ņemšanas vieta ugunsdzēsībai U280,Ut; (U280),,478393.90570343286,296211.7990768254
51674,Ūdens ņemšanas vieta ugunsdzēsībai U281,Ut;100 (U281),100,482788.50690547936,297456.0266495198
51675,Ūdens ņemšanas vieta ugunsdzēsībai U282,Ut;20 (U282),20,475279.72385265306,299624.16127156094
51676,Ūdens ņemšanas vieta ugunsdzēsībai U283,Ut; (U283),,474030.81783340685,299375.048456613
51677,Ūdens ņemšanas vieta ugunsdzēsībai U284,Ut; (U284),,474610.61222445127,300234.17755520344
51678,Ūdens ņemšanas vieta ugunsdzēsībai U285,Ut; (U285),,475943.262517049,303599.8118733652
51679,Ūdens ņemšanas vieta ugunsdzēsībai U286,Ut; (U286),,472275.70420613047,299231.7144467868
51680,Ūdens ņemšanas vieta ugunsdzēsībai U287,Ut;100 (U287),100,472620.42710876744,252698.01400093734
51681,Ūdens ņemšanas vieta ugunsdzēsībai U288,Ut;100 (U288),100,472057.8686310891,253143.7984824218
51682,Ūdens ņemšanas vieta ugunsdzēsībai U289,Ut;200 (U289),200,471773.94976801425,253222.92618826404
51683,Ūdens ņemšanas vieta ugunsdzēsībai U290,Ut;80 (U290),80,471789.65668246336,250174.20011436567
51684,Ūdens ņemšanas vieta ugunsdzēsībai U291,Ut; (U291),,471865.44521016907,247635.3236015737
51685,Ūdens ņemšanas vieta ugunsdzēsībai U292,Ut;300 (U292),300,472223.46947094984,244392.70454018563
51686,Ūdens ņemšanas vieta ugunsdzēsībai U293,Ut;200 (U293),200,471979.41470867675,244616.91884450242
51687,Ūdens ņemšanas vieta ugunsdzēsībai U294,Ut; (U294),,470840.5725151589,245805.6549626924
51688,Ūdens ņemšanas vieta ugunsdzēsībai U295,Ut; (U295),,469177.4767372366,247017.06167628244
51689,Ūdens ņemšanas vieta ugunsdzēsībai U296,Ut; (U296),,469038.9558025664,247082.96098374203
51690,Ūdens ņemšanas vieta ugunsdzēsībai U297,Ut; (U297),,467635.84272991214,246487.3369045742
51691,Ūdens ņemšanas vieta ugunsdzēsībai U298,Ut; (U298),,467757.76048995834,249436.09154148772
51692,Ūdens ņemšanas vieta ugunsdzēsībai U299,Ut;100 (U299),100,468093.1562303221,252754.35554539412
51693,Ūdens ņemšanas vieta ugunsdzēsībai U300,Ut; (U300),,467892.39214817435,253853.49362983927
51694,Ūdens ņemšanas vieta ugunsdzēsībai U301,Ut; (U301),,467907.6044301428,254054.29242298007
51695,Ūdens ņemšanas vieta ugunsdzēsībai U302,Ut;80 (U302),80,467770.53458664287,254732.54053588957
51696,Ūdens ņemšanas vieta ugunsdzēsībai U303,Ut; (U303),,470959.85369292926,254455.93476085737
51697,Ūdens ņemšanas vieta ugunsdzēsībai U304,Ut;200 (U304),200,472607.24085048307,252509.4317256175
51698,Ūdens ņemšanas vieta ugunsdzēsībai U305,Ut; (U305),,491510.9662726177,264861.84443584457
51699,Ūdens ņemšanas vieta ugunsdzēsībai U306,Ut; (U306),,490954.58529007714,265963.6055471152
51700,Ūdens ņemšanas vieta ugunsdzēsībai U307,Ut; (U307),,494253.36717392504,264776.74966348335
51701,Ūdens ņemšanas vieta ugunsdzēsībai U308,Ut; (U308),,491015.6474407837,264167.1988964267
51702,Ūdens ņemšanas vieta ugunsdzēsībai U309,Ut; (U309),,490980.4784393851,263687.985591352
51703,Ūdens ņemšanas vieta ugunsdzēsībai U310,Ut; (U310),,490763.98460640945,261620.0374446623
51704,Ūdens ņemšanas vieta ugunsdzēsībai U311,Ut; (U311),,489453.8833684921,260856.30865401775
51705,Ūdens ņemšanas vieta ugunsdzēsībai U312,Ut;100 (U312),100,488411.125680957,264804.20591749996
51706,Ūdens ņemšanas vieta ugunsdzēsībai U313,Ut;150 (U313),150,487320.49930272903,268078.5636382587
51707,Ūdens ņemšanas vieta ugunsdzēsībai U314,Ut; (U314),,486224.45333334804,268116.0589734763
51708,Ūdens ņemšanas vieta ugunsdzēsībai U315,Ut;100 (U315),100,486083.49461927824,268354.6097784564
51709,Ūdens ņemšanas vieta ugunsdzēsībai U316,Ut;30 (U316),30,485870.37139349245,268438.7991839461
51710,Ūdens ņemšanas vieta ugunsdzēsībai U317,Ut;200 (U317),200,485104.2489881739,269053.63042569533
51711,Ūdens ņemšanas vieta ugunsdzēsībai U318,Ut; (U318),,487101.7990835123,261873.8268916048
51712,Ūdens ņemšanas vieta ugunsdzēsībai U319,Ut;100 (U319),100,485512.96309491526,268761.4696242772
51713,Ūdens ņemšanas vieta ugunsdzēsībai U320,Ut;100 (U320),100,474367.7933220146,266712.0242645219
51714,Ūdens ņemšanas vieta ugunsdzēsībai U321,Ut; (U321),,469792.48769168276,264896.29319807515
51715,Ūdens ņemšanas vieta ugunsdzēsībai U322,Ut; (U322),,469809.38714360073,265341.41626252607
51716,Ūdens ņemšanas vieta ugunsdzēsībai U323,Ut; (U323),,470356.9977592183,264487.2352558337
51717,Ūdens ņemšanas vieta ugunsdzēsībai U324,Ut; (U324),,473044.60325356387,259834.4145643264
51718,Ūdens ņemšanas vieta ugunsdzēsībai U325,Ut; (U325),,472923.53730896115,259096.31657735258
51719,Ūdens ņemšanas vieta ugunsdzēsībai U326,Ut; (U326),,472873.81215789914,258805.89534371346
51720,Ūdens ņemšanas vieta ugunsdzēsībai U327,Ut; (U327),,474195.88574870024,261212.48097040877
51721,Ūdens ņemšanas vieta ugunsdzēsībai U328,Ut; (U328),,468528.72892987914,259479.11400316283
51722,Ūdens ņemšanas vieta ugunsdzēsībai U329,Ut; (U329),,465909.0063880244,260108.4964120984
51723,Ūdens ņemšanas vieta ugunsdzēsībai U330,Ut; (U330),,469199.4991717404,265358.1743198633
51724,Ūdens ņemšanas vieta ugunsdzēsībai U331,Ut; (U331),,468935.45422423165,269413.7412387654
51725,Ūdens ņemšanas vieta ugunsdzēsībai U332,Ut;100 (U332),100,468918.48846738506,270121.9216319993
51726,Ūdens ņemšanas vieta ugunsdzēsībai U333,Ut; (U333),,565916.1878574649,274793.1375611201
51727,Ūdens ņemšanas vieta ugunsdzēsībai U334,Ut;60 (U334),60,566369.7245109081,275338.42192902043
51728,Ūdens ņemšanas vieta ugunsdzēsībai U335,Ut;200 (U335),200,455326.3939430034,276944.7276502624
51729,Ūdens ņemšanas vieta ugunsdzēsībai U336,Ut;170 (U336),170,457298.3966504559,276141.9188265279
51730,Ūdens ņemšanas vieta ugunsdzēsībai U337,Ut; (U337),,455477.48020910285,275597.9645498879
51731,Ūdens ņemšanas vieta ugunsdzēsībai U338,Ut;1200 (U338),1200,455038.0868924167,275160.4807537906
51732,Ūdens ņemšanas vieta ugunsdzēsībai U339,Ut;200 (U339),200,454670.41870679334,277270.2238625251
51733,Ūdens ņemšanas vieta ugunsdzēsībai U340,Ut;150 (U340),150,456922.4866543086,276216.88079929724
51734,Ūdens ņemšanas vieta ugunsdzēsībai U341,Ut;400 (U341),400,455225.1487545548,277196.26884489134
51735,Ūdens ņemšanas vieta ugunsdzēsībai U342,Ut; (U342),,459888.061201402,275324.87650609016
51736,Ūdens ņemšanas vieta ugunsdzēsībai U343,Ut;2000 (U343),2000,460273.67557683587,276446.7335903868
51737,Ūdens ņemšanas vieta ugunsdzēsībai U344,Ut;1000 (U344),1000,463713.6203313032,275948.7046478018
51738,Ūdens ņemšanas vieta ugunsdzēsībai U345,Ut;1000 (U345),1000,463776.69668661244,275549.3215197958
51739,Ūdens ņemšanas vieta ugunsdzēsībai U346,Ut;400 (U346),400,456189.93536260724,269192.8985602297
51740,Ūdens ņemšanas vieta ugunsdzēsībai U347,Ut;150 (U347),150,457289.3332097903,269691.78604520485
51741,Ūdens ņemšanas vieta ugunsdzēsībai U348,Ut; (U348),,444176.9172215462,281620.4116887562
51742,Ūdens ņemšanas vieta ugunsdzēsībai U349,Ut; (U349),,458961.1716872053,263964.18983119354
51743,Ūdens ņemšanas vieta ugunsdzēsībai U350,Ut; (U350),,449995.25860493723,273297.0876854509
51744,Ūdens ņemšanas vieta ugunsdzēsībai U351,Ut;2000 (U351),2000,454094.59795985837,274777.93176315725
51745,Ūdens ņemšanas vieta ugunsdzēsībai U352,Ut;150 (U352),150,454967.626528332,275424.05469177663
51746,Ūdens ņemšanas vieta ugunsdzēsībai U353,Ut;300 (U353),300,453350.0266900901,278206.0412793793
51747,Ūdens ņemšanas vieta ugunsdzēsībai U354,Ut;2000 (U354),2000,440458.2526764767,280483.9596434273
51748,Ūdens ņemšanas vieta ugunsdzēsībai U355,Ut;2000 (U355),2000,460461.49671168346,256408.42903623357
51749,Ūdens ņemšanas vieta ugunsdzēsībai U356,Ut;300 (U356),300,457658.389497499,279731.3728739284
51750,Ūdens ņemšanas vieta ugunsdzēsībai U357,Ut;6000 (U357),6000,457914.67944508046,280328.5768323764
51751,Ūdens ņemšanas vieta ugunsdzēsībai U358,Ut;400 (U358),400,457780.5355215678,281381.3155278191
51752,Ūdens ņemšanas vieta ugunsdzēsībai U359,Ut;400 (U359),400,451349.8284979593,283485.5692337826
51753,Ūdens ņemšanas vieta ugunsdzēsībai U360,Ut;200 (U360),200,451834.8459735513,282904.7854505442
51754,Ūdens ņemšanas vieta ugunsdzēsībai U361,Ut;1200 (U361),1200,453250.42762688454,280588.1497790329
51755,Ūdens ņemšanas vieta ugunsdzēsībai U362,Ut; (U362),,454067.6172597986,268229.09087653086
51756,Ūdens ņemšanas vieta ugunsdzēsībai U363,Ut;108 (U363),108,450684.4485825114,266006.8416095711
51757,Ūdens ņemšanas vieta ugunsdzēsībai U364,Ut; (U364),,450696.28728504945,265703.6961610429
51758,Ūdens ņemšanas vieta ugunsdzēsībai U365,Ut;600 (U365),600,450135.60488855746,264958.88091460615
51759,Ūdens ņemšanas vieta ugunsdzēsībai U366,Ut; (U366),,453272.8576385323,266005.24199426174
51760,Ūdens ņemšanas vieta ugunsdzēsībai U367,Ut;150 (U367),150,461801.8986572772,269809.35964617506
51761,Ūdens ņemšanas vieta ugunsdzēsībai U368,Ut;150 (U368),150,461763.24746011477,270060.16681544855
51762,Ūdens ņemšanas vieta ugunsdzēsībai U369,Ut;40 (U369),40,526079.0433327965,243995.3939693831
51763,Ūdens ņemšanas vieta ugunsdzēsībai U370,Ut; (U370),,526077.9253296843,244177.81845031306
51764,Ūdens ņemšanas vieta ugunsdzēsībai U371,Ut;150 (U371),150,525935.1452343194,243373.09095367417
51765,Ūdens ņemšanas vieta ugunsdzēsībai U372,Ut;40 (U372),40,526079.0433327965,243995.3939693831
51766,Ūdens ņemšanas vieta ugunsdzēsībai U373,Ut;30 (U373),30,506571.3554082019,244180.33841091022
51767,Ūdens ņemšanas vieta ugunsdzēsībai U374,Ut;70 (U374),70,506897.9978899369,244975.4530270286
51768,Ūdens ņemšanas vieta ugunsdzēsībai U375,Ut;30 (U375),30,512342.41334213316,250117.02090177685
51769,Ūdens ņemšanas vieta ugunsdzēsībai U376,Ut;60 (U376),60,510019.46900282893,248466.0427431427
51770,Ūdens ņemšanas vieta ugunsdzēsībai U377,Ut;1000 (U377),1000,511084.373303242,250561.88747784868
51771,Ūdens ņemšanas vieta ugunsdzēsībai U379,Ut;400 (U379),400,508301.47725638095,246288.78802917898
51772,Ūdens ņemšanas vieta ugunsdzēsībai U381,Ut;100 (U381),100,515676.397959657,242052.1820023395
51773,Ūdens ņemšanas vieta ugunsdzēsībai U383,Ut;1200 (U383),1200,517891.55057215877,247205.76362646
51774,Ūdens ņemšanas vieta ugunsdzēsībai U384,Ut;1400 (U384),1400,514105.88235378265,249903.0184710808
51775,Ūdens ņemšanas vieta ugunsdzēsībai U385,Ut;60 (U385),60,526077.9253296843,244177.81845031306
51776,Ūdens ņemšanas vieta ugunsdzēsībai U386,Ut;100 (U386),100,510789.80949869566,253142.7428680472
51777,Ūdens ņemšanas vieta ugunsdzēsībai U387,Ut;50 (U387),50,520499.8247743184,241129.6960168518
51778,Ūdens ņemšanas vieta ugunsdzēsībai U388,Ut;1000 (U388),1000,513460.5671719909,257624.32616400346
51779,Ūdens ņemšanas vieta ugunsdzēsībai U389,Ut;1000 (U389),1000,521031.72204984725,253076.08315572143
51780,Ūdens ņemšanas vieta ugunsdzēsībai U390,Ut;700 (U390),700,528590.1099306773,254378.6335378848
51781,Ūdens ņemšanas vieta ugunsdzēsībai U391,Ut;1500 (U391),1500,528569.6367973695,254369.25692189112
51782,Ūdens ņemšanas vieta ugunsdzēsībai U392,Ut;200 (U392),200,527362.3375271866,244454.912614841
51783,Ūdens ņemšanas vieta ugunsdzēsībai U393,Ut;25 (U393),25,521655.22161949985,254473.675901521
51784,Ūdens ņemšanas vieta ugunsdzēsībai U394,Ut;70 (U394),70,521072.46292854846,260048.47461623326
51785,Ūdens ņemšanas vieta ugunsdzēsībai U395,Ut;70 (U395),70,521163.5491104312,259962.3314515166
51786,Ūdens ņemšanas vieta ugunsdzēsībai U396,Ut;60 (U396),60,521288.6325298622,259925.89318558946
51787,Ūdens ņemšanas vieta ugunsdzēsībai U397,Ut;60 (U397),60,521095.09755850397,259621.83243236318
51788,Ūdens ņemšanas vieta ugunsdzēsībai U398,Ut; (U398),,521752.2865896132,264566.0322628617
51789,Ūdens ņemšanas vieta ugunsdzēsībai U399,Ut;50 (U399),50,521621.7879395867,264352.0947206691
51790,Ūdens ņemšanas vieta ugunsdzēsībai U400,Ut;50 (U400),50,503298.7971689394,254889.59270325303
51791,Ūdens ņemšanas vieta ugunsdzēsībai U401,Ut;60 (U401),60,503596.5233919909,255214.4011245668
51792,Ūdens ņemšanas vieta ugunsdzēsībai U402,Ut;50 (U402),50,506010.9194737477,262776.7108871639
51793,Ūdens ņemšanas vieta ugunsdzēsībai U403,Ut;60 (U403),60,506141.34390003234,262430.6233099662
51794,Ūdens ņemšanas vieta ugunsdzēsībai U404,Ut;150 (U404),150,432280.0299865082,257872.1347536631
51795,Ūdens ņemšanas vieta ugunsdzēsībai U405,Ut;500 (U405),500,431438.91887846217,258479.48313990235
51796,Ūdens ņemšanas vieta ugunsdzēsībai U406,Ut;200 (U406),200,431658.54671060387,259146.89868687466
51797,Ūdens ņemšanas vieta ugunsdzēsībai U407,Ut; (U407),,431659.3760152934,258667.62396701425
51798,Ūdens ņemšanas vieta ugunsdzēsībai U408,Ut;500 (U408),500,431322.376452758,259106.02665614337
51799,Ūdens ņemšanas vieta ugunsdzēsībai U409,Ut;500 (U409),500,432473.24633004516,257535.07194949314
51800,Ūdens ņemšanas vieta ugunsdzēsībai U410,Ut; (U410),,432764.89637124166,257140.79262965173
51801,Ūdens ņemšanas vieta ugunsdzēsībai U411,Ut;300 (U411),300,433371.6369850943,258807.32341574132
51802,Ūdens ņemšanas vieta ugunsdzēsībai U412,Ut; (U412),,432047.2482369086,258410.8972757198
51803,Ūdens ņemšanas vieta ugunsdzēsībai U413,Ut;300 (U413),300,432283.7572561763,258536.91508084163
51804,Ūdens ņemšanas vieta ugunsdzēsībai U414,Ut;300 (U414),300,432843.0338213565,257640.5189334266
51805,Ūdens ņemšanas vieta ugunsdzēsībai U415,Ut;200 (U415),200,430884.29185834713,258899.7416015789
51806,Ūdens ņemšanas vieta ugunsdzēsībai U416,Ut;200 (U416),200,432781.71618225053,259710.37313635275
51807,Ūdens ņemšanas vieta ugunsdzēsībai U417,Ut; (U417),,432608.85960516334,260891.28832837567
51808,Ūdens ņemšanas vieta ugunsdzēsībai U418,Ut;200 (U418),200,442659.9575357493,261154.36036095396
51809,Ūdens ņemšanas vieta ugunsdzēsībai U419,Ut;300 (U419),300,442355.3594955038,261022.46531883255
51810,Ūdens ņemšanas vieta ugunsdzēsībai U420,Ut;500 (U420),500,445139.76519277506,257543.78496690467
51811,Ūdens ņemšanas vieta ugunsdzēsībai U421,Ut; (U421),,445437.6708675958,256349.49386626855
51812,Ūdens ņemšanas vieta ugunsdzēsībai U422,Ut;300 (U422),300,442320.821332559,259866.42263394222
51813,Ūdens ņemšanas vieta ugunsdzēsībai U423,Ut;200 (U423),200,499033.29210894275,259182.92301472276
51814,Ūdens ņemšanas vieta ugunsdzēsībai U424,Ut;300 (U424),300,442483.6386523079,259508.6485229209
51815,Ūdens ņemšanas vieta ugunsdzēsībai U425,Ut;300 (U425),300,438414.44532516785,266573.03929821774
51816,Ūdens ņemšanas vieta ugunsdzēsībai U426,Ut; (U426),,439615.861420786,270300.50828782097
51817,Ūdens ņemšanas vieta ugunsdzēsībai U427,Ut;500 (U427),500,439526.0109088123,268078.43452760205
51818,Ūdens ņemšanas vieta ugunsdzēsībai U428,Ut;500 (U428),500,429886.5211826693,263452.7692745738
51819,Ūdens ņemšanas vieta ugunsdzēsībai U429,Ut; (U429),,427700.937710044,266727.39986531064
51820,Ūdens ņemšanas vieta ugunsdzēsībai U430,Ut; (U430),,432129.3061495526,264906.7283184007
51821,Ūdens ņemšanas vieta ugunsdzēsībai U431,Ut; (U431),,441519.98368051555,244063.8586999774
51822,Ūdens ņemšanas vieta ugunsdzēsībai U432,Ut; (U432),,432336.7096500229,255202.52545153722
51823,Ūdens ņemšanas vieta ugunsdzēsībai U433,Ut; (U433),,427855.5642718319,260165.6465478018
51824,Ūdens ņemšanas vieta ugunsdzēsībai U434,Ut; (U434),,424832.9082739642,261869.6309932582
51825,Ūdens ņemšanas vieta ugunsdzēsībai U435,Ut; (U435),,431250.897987457,251416.32092770562
51826,Ūdens ņemšanas vieta ugunsdzēsībai U436,Ut;500 (U436),500,433537.0285025202,255601.0058362037
51827,Ūdens ņemšanas vieta ugunsdzēsībai U437,Ut;200 (U437),200,431519.7505541891,273677.4520248994
51828,Ūdens ņemšanas vieta ugunsdzēsībai U438,Ut; (U438),,427129.1152405767,272888.2894038968
51829,Ūdens ņemšanas vieta ugunsdzēsībai U439,Ut;400 (U439),400,611256.4743928537,221592.58625797555
51830,Ūdens ņemšanas vieta ugunsdzēsībai U440,Ut;400 (U440),400,611232.779071508,221573.37544752657
51831,Ūdens ņemšanas vieta ugunsdzēsībai U441,Ut; (U441),,609056.12588563,221842.2811678052
51832,Ūdens ņemšanas vieta ugunsdzēsībai U442,Ut; (U442),,612766.6561574992,218758.4023869969
51833,Ūdens ņemšanas vieta ugunsdzēsībai U443,Ut;350 (U443),350,612694.6426085075,218734.90823818743
51834,Ūdens ņemšanas vieta ugunsdzēsībai U444,Ut; (U444),,612916.8301518876,218635.5169632621
51835,Ūdens ņemšanas vieta ugunsdzēsībai U445,Ut;450 (U445),450,617632.8012987878,220797.6038906835
51836,Ūdens ņemšanas vieta ugunsdzēsībai U446,Ut;400 (U446),400,621848.0112116598,218660.14603045583
51837,Ūdens ņemšanas vieta ugunsdzēsībai U447,Ut;350 (U447),350,609584.5879860539,224818.96032774448
51838,Ūdens ņemšanas vieta ugunsdzēsībai U448,Ut; (U448),,637267.714388785,232522.50614462048
51839,Ūdens ņemšanas vieta ugunsdzēsībai U449,Ut; (U449),,636696.5762593066,231999.8497943096
51840,Ūdens ņemšanas vieta ugunsdzēsībai U450,Ut;8 (U450),8,552118.984653255,403286.4588775784
51841,Ūdens ņemšanas vieta ugunsdzēsībai U451,Ut;10 (U451),10,552577.5433375137,403230.6218010299
51842,Ūdens ņemšanas vieta ugunsdzēsībai U452,Ut; (U452),,552642.627540594,404824.2249509245
51843,Ūdens ņemšanas vieta ugunsdzēsībai U453,Ut; (U453),,557246.9266341319,399477.59679117054
51844,Ūdens ņemšanas vieta ugunsdzēsībai U454,Ut;20 (U454),20,560465.1311950823,398117.2464836538
51845,Ūdens ņemšanas vieta ugunsdzēsībai U455,Ut;15 (U455),15,560578.5793341445,397945.69363193586
51846,Ūdens ņemšanas vieta ugunsdzēsībai U456,Ut;50 (U456),50,562515.2221738202,388928.3540200293
51847,Ūdens ņemšanas vieta ugunsdzēsībai U457,Ut; (U457),,552444.1891233763,394405.07324976847
51848,Ūdens ņemšanas vieta ugunsdzēsībai U458,Ut; (U458),,548419.2900456209,403923.81780258194
51849,Ūdens ņemšanas vieta ugunsdzēsībai U459,Ut;300 (U459),300,543660.6578189572,410902.36986905336
51850,Ūdens ņemšanas vieta ugunsdzēsībai U460,Ut; (U460),,547544.6422561873,413600.0452646725
51851,Ūdens ņemšanas vieta ugunsdzēsībai U461,Ut; (U461),,694569.215082976,359492.3159282394
51852,Ūdens ņemšanas vieta ugunsdzēsībai U462,Ut; (U462),,695602.8008829029,360083.6010446176
51853,Ūdens ņemšanas vieta ugunsdzēsībai U463,Ut; (U463),,694874.554247342,360008.5944880843
51854,Ūdens ņemšanas vieta ugunsdzēsībai U464,Ut; (U464),,694559.511852459,360541.8406140171
51855,Ūdens ņemšanas vieta ugunsdzēsībai U465,Ut; (U465),,690231.1256711641,362022.99898595735
51856,Ūdens ņemšanas vieta ugunsdzēsībai U466,Ut; (U466),,694301.6145767123,367402.2995056696
51857,Ūdens ņemšanas vieta ugunsdzēsībai U467,Ut; (U467),,692202.7435493451,366466.6777226329
51858,Ūdens ņemšanas vieta ugunsdzēsībai U468,Ut; (U468),,692953.752496575,366176.87089123204
51859,Ūdens ņemšanas vieta ugunsdzēsībai U469,Ut; (U469),,687055.1953401007,370659.18449260667
51860,Ūdens ņemšanas vieta ugunsdzēsībai U470,Ut; (U470),,676088.4241267294,370585.56542960927
51861,Ūdens ņemšanas vieta ugunsdzēsībai U471,Ut; (U471),,677551.7119216993,373287.2593796961
51862,Ūdens ņemšanas vieta ugunsdzēsībai U472,Ut; (U472),,678612.4879751736,375804.59585641325
51863,Ūdens ņemšanas vieta ugunsdzēsībai U473,Ut; (U473),,678280.1328829005,375625.9287270829
51864,Ūdens ņemšanas vieta ugunsdzēsībai U474,Ut; (U474),,671905.3679800043,379732.8285128288
51865,Ūdens ņemšanas vieta ugunsdzēsībai U475,Ut; (U475),,671588.5257916059,379781.29788313434
51866,Ūdens ņemšanas vieta ugunsdzēsībai U476,Ut; (U476),,671086.9917195542,379784.892519027
51867,Ūdens ņemšanas vieta ugunsdzēsībai U477,Ut; (U477),,671629.961272588,381913.24677595124
51868,Ūdens ņemšanas vieta ugunsdzēsībai U478,Ut; (U478),,668888.1559519367,375141.67673479766
51869,Ūdens ņemšanas vieta ugunsdzēsībai U479,Ut; (U479),,670658.7632228266,374946.14359937236
51870,Ūdens ņemšanas vieta ugunsdzēsībai U480,Ut; (U480),,679101.0077309385,383251.6387677714
51871,Ūdens ņemšanas vieta ugunsdzēsībai U481,Ut; (U481),,676345.6200901931,383384.9051140882
51872,Ūdens ņemšanas vieta ugunsdzēsībai U482,Ut; (U482),,677240.4001288768,385188.9771821536
51873,Ūdens ņemšanas vieta ugunsdzēsībai U483,Ut; (U483),,675747.8307724008,387306.9861722775
51874,Ūdens ņemšanas vieta ugunsdzēsībai U484,Ut; (U484),,671314.4489722196,380711.04459724575
51875,Ūdens ņemšanas vieta ugunsdzēsībai U485,Ut; (U485),,671673.6682333937,379775.6430507861
51876,Ūdens ņemšanas vieta ugunsdzēsībai U486,Ut; (U486),,677327.7281691823,372760.3803795688
51877,Ūdens ņemšanas vieta ugunsdzēsībai U487,Ut; (U487),,676106.6464226255,370589.4738639705
51878,Ūdens ņemšanas vieta ugunsdzēsībai U488,Ut; (U488),,655768.2295024348,370126.8448411152
51879,Ūdens ņemšanas vieta ugunsdzēsībai U489,Ut; (U489),,655854.9983718852,370476.84471475706
51880,Ūdens ņemšanas vieta ugunsdzēsībai U490,Ut; (U490),,659845.4995373059,362276.18140508235
51881,Ūdens ņemšanas vieta ugunsdzēsībai U491,Ut; (U491),,661487.2561276527,379426.1171783246
51882,Ūdens ņemšanas vieta ugunsdzēsībai U492,Ut; (U492),,661864.1796732899,380874.4605317712
51883,Ūdens ņemšanas vieta ugunsdzēsībai U493,Ut; (U493),,700023.6068768064,377408.22152819857
51884,Ūdens ņemšanas vieta ugunsdzēsībai U494,Ut; (U494),,702601.752583703,380224.6800918244
51885,Ūdens ņemšanas vieta ugunsdzēsībai U495,Ut; (U495),,704455.1615277892,380094.4867510572
51886,Ūdens ņemšanas vieta ugunsdzēsībai U496,Ut; (U496),,707930.2573971637,381962.4232092723
51887,Ūdens ņemšanas vieta ugunsdzēsībai U497,Ut; (U497),,706597.1690451717,376091.8765007518
51888,Ūdens ņemšanas vieta ugunsdzēsībai U498,Ut; (U498),,707718.5318058142,375535.5705051571
51889,Ūdens ņemšanas vieta ugunsdzēsībai U499,Ut; (U499),,706204.3328862963,375644.3612168208
51890,Ūdens ņemšanas vieta ugunsdzēsībai U500,Ut; (U500),,708973.5006326884,374757.1028901562
51891,Ūdens ņemšanas vieta ugunsdzēsībai U501,Ut; (U501),,707551.6912599271,378770.62147404626
51892,Ūdens ņemšanas vieta ugunsdzēsībai U502,Ut; (U502),,706845.4700957183,367839.25500267
51893,Ūdens ņemšanas vieta ugunsdzēsībai U503,Ut; (U503),,708461.380952308,361530.3646657355
51894,Ūdens ņemšanas vieta ugunsdzēsībai U504,Ut; (U504),,709121.6940655895,360932.05885989964
51895,Ūdens ņemšanas vieta ugunsdzēsībai U505,Ut; (U505),,661875.5990892192,380881.15683045983
51896,Ūdens ņemšanas vieta ugunsdzēsībai U506,Ut; (U506),,662065.77809746,381120.8908757493
51897,Ūdens ņemšanas vieta ugunsdzēsībai U507,Ut; (U507),,662441.4138347898,381634.3045505546
51898,Ūdens ņemšanas vieta ugunsdzēsībai U508,Ut; (U508),,661205.5182744777,380105.2383196838
51899,Ūdens ņemšanas vieta ugunsdzēsībai U509,Ut; (U509),,660814.4738803422,380857.50112322345
51900,Ūdens ņemšanas vieta ugunsdzēsībai U510,Ut; (U510),,661495.5761178741,379426.4478476718
51901,Ūdens ņemšanas vieta ugunsdzēsībai U511,Ut; (U511),,661147.1737068072,381282.48952165246
51902,Ūdens ņemšanas vieta ugunsdzēsībai U512,Ut; (U512),,661905.3496314567,379925.6633941643
51903,Ūdens ņemšanas vieta ugunsdzēsībai U513,Ut;130 (U513),130,640983.126288157,316361.85037181526
51904,Ūdens ņemšanas vieta ugunsdzēsībai U514,Ut;300 (U514),300,640235.3872274477,316831.61414308846
51905,Ūdens ņemšanas vieta ugunsdzēsībai U515,Ut;250 (U515),250,640212.2266347893,316917.5051168017
51906,Ūdens ņemšanas vieta ugunsdzēsībai U516,Ut;300 (U516),300,639926.0543060955,316332.2212724276
51907,Ūdens ņemšanas vieta ugunsdzēsībai U517,Ut;7000 (U517),7000,640705.7026152853,316367.814191293
51908,Ūdens ņemšanas vieta ugunsdzēsībai U518,Ut; (U518),,640465.5512370002,316223.54583120346
51909,Ūdens ņemšanas vieta ugunsdzēsībai U519,Ut; (U519),,639440.7826645179,315582.5240724832
51910,Ūdens ņemšanas vieta ugunsdzēsībai U520,Ut; (U520),,641174.8467872161,311212.72649231553
51911,Ūdens ņemšanas vieta ugunsdzēsībai U521,Ut; (U521),,639703.7747804429,319218.1404068023
51912,Ūdens ņemšanas vieta ugunsdzēsībai U522,Ut; (U522),,599988.9403794631,307411.2854894027
51913,Ūdens ņemšanas vieta ugunsdzēsībai U523,Ut;50 (U523),50,600181.4454146149,307570.59004115313
51914,Ūdens ņemšanas vieta ugunsdzēsībai U524,Ut;50 (U524),50,600073.3182649864,307209.1905140281
51915,Ūdens ņemšanas vieta ugunsdzēsībai U525,Ut;250 (U525),250,601030.1746477718,298586.45932930335
51916,Ūdens ņemšanas vieta ugunsdzēsībai U526,Ut;30000 (U526),30000,656807.4269474773,321825.9396819025
51917,Ūdens ņemšanas vieta ugunsdzēsībai U527,Ut;20000 (U527),20000,657581.9846980628,327247.3277328275
51918,Ūdens ņemšanas vieta ugunsdzēsībai U528,Ut;20000 (U528),20000,659351.110766991,328995.8519903794
51919,Ūdens ņemšanas vieta ugunsdzēsībai U529,Ut;10000 (U529),10000,659512.8690743605,329042.31740767136
51920,Ūdens ņemšanas vieta ugunsdzēsībai U530,Ut;5000 (U530),5000,665061.4962503351,333625.01470280066
51921,Ūdens ņemšanas vieta ugunsdzēsībai U531,Ut; (U531),,665165.2386175701,333852.0518170558
51922,Ūdens ņemšanas vieta ugunsdzēsībai U532,Ut;10000 (U532),10000,665099.7450069021,334143.5317031145
51923,Ūdens ņemšanas vieta ugunsdzēsībai U533,Ut;50 (U533),50,681034.973607854,342394.90091409534
51924,Ūdens ņemšanas vieta ugunsdzēsībai U534,Ut;40 (U534),40,681034.973607854,342394.90091409534
51925,Ūdens ņemšanas vieta ugunsdzēsībai U535,Ut;30000 (U535),30000,682641.461566668,342487.50393020734
51926,Ūdens ņemšanas vieta ugunsdzēsībai U536,Ut;500000 (U536),500000,674542.2735192161,345021.6756502688
51927,Ūdens ņemšanas vieta ugunsdzēsībai U537,Ut;500000 (U537),500000,674717.4763569552,345128.2054637037
51928,Ūdens ņemšanas vieta ugunsdzēsībai U538,Ut;300 (U538),300,674920.9212759715,345044.0076397173
51929,Ūdens ņemšanas vieta ugunsdzēsībai U539,Ut;20000 (U539),20000,675227.3509803293,344831.009331353
51930,Ūdens ņemšanas vieta ugunsdzēsībai U540,Ut;450 (U540),450,643263.1893160474,341457.9352410175
51931,Ūdens ņemšanas vieta ugunsdzēsībai U541,Ut;10000 (U541),10000,642578.6908513419,341721.95181461424
51932,Ūdens ņemšanas vieta ugunsdzēsībai U542,Ut;16000 (U542),16000,643227.3339066533,341716.6169513725
51933,Ūdens ņemšanas vieta ugunsdzēsībai U543,Ut;1000 (U543),1000,655436.8638220802,351315.6339705847
51934,Ūdens ņemšanas vieta ugunsdzēsībai U544,Ut;200000 (U544),200000,662113.7245803364,351007.56516110897
51935,Ūdens ņemšanas vieta ugunsdzēsībai U545,Ut;2000 (U545),2000,667904.717087293,353172.24745234475
51936,Ūdens ņemšanas vieta ugunsdzēsībai U546,Ut;100 (U546),100,667136.3753734659,349193.60743066296
51937,Ūdens ņemšanas vieta ugunsdzēsībai U547,Ut;300 (U547),300,667176.9404668873,349062.1871962175
51938,Ūdens ņemšanas vieta ugunsdzēsībai U548,Ut;10 (U548),10,645576.5783390366,335513.34384451434
51939,Ūdens ņemšanas vieta ugunsdzēsībai U549,Ut; (U549),,647134.3961417554,335568.6143801324
51940,Ūdens ņemšanas vieta ugunsdzēsībai U550,Ut;75000 (U550),75000,644855.3974311417,335973.83776830137
51941,Ūdens ņemšanas vieta ugunsdzēsībai U551,Ut;200 (U551),200,654423.4139520777,339314.08211939037
51942,Ūdens ņemšanas vieta ugunsdzēsībai U552,Ut;200 (U552),200,631629.9917577924,342820.97187000513
51943,Ūdens ņemšanas vieta ugunsdzēsībai U553,Ut;10000 (U553),10000,632022.2633715682,342944.93984418735
51944,Ūdens ņemšanas vieta ugunsdzēsībai U554,Ut;50000 (U554),50000,632767.3000233388,341867.269088801
51945,Ūdens ņemšanas vieta ugunsdzēsībai U555,Ut;30000 (U555),30000,638987.9302404262,332466.8288407214
51946,Ūdens ņemšanas vieta ugunsdzēsībai U556,Ut; (U556),,634001.49850858,346462.41806600615
51947,Ūdens ņemšanas vieta ugunsdzēsībai U557,Ut;100 (U557),100,666310.722892276,340767.4874141589
51948,Ūdens ņemšanas vieta ugunsdzēsībai U558,Ut; (U558),,624156.6722153453,339587.3833264634
51949,Ūdens ņemšanas vieta ugunsdzēsībai U559,Ut; (U559),,622920.173408445,339581.2653883882
51950,Ūdens ņemšanas vieta ugunsdzēsībai U560,Ut; (U560),,620952.6632097391,337864.59062601626
51951,Ūdens ņemšanas vieta ugunsdzēsībai U561,Ut; (U561),,624312.9412522623,340031.42033796385
51952,Ūdens ņemšanas vieta ugunsdzēsībai U562,Ut;25500 (U562),25500,623416.4873629278,339784.7995528355
51953,Ūdens ņemšanas vieta ugunsdzēsībai U563,Ut;1000 (U563),1000,611621.6607462056,344602.5903790854
51954,Ūdens ņemšanas vieta ugunsdzēsībai U564,Ut;3600 (U564),3600,611935.0704756519,344552.3025849685
51955,Ūdens ņemšanas vieta ugunsdzēsībai U565,Ut; (U565),,612222.9568858165,344516.8232784122
51956,Ūdens ņemšanas vieta ugunsdzēsībai U566,Ut;730 (U566),730,612544.6792319249,344655.59468152
51957,Ūdens ņemšanas vieta ugunsdzēsībai U567,Ut;4000 (U567),4000,611942.8193403967,321055.38178808615
51958,Ūdens ņemšanas vieta ugunsdzēsībai U568,Ut; (U568),,610520.8036441961,321669.9762672223
51959,Ūdens ņemšanas vieta ugunsdzēsībai U569,Ut;400 (U569),400,609802.4056749213,325347.7518485524
51960,Ūdens ņemšanas vieta ugunsdzēsībai U570,Ut;450 (U570),450,609854.6805298096,325856.55021033064
51961,Ūdens ņemšanas vieta ugunsdzēsībai U571,Ut;1000 (U571),1000,610267.8825227041,325972.67483364046
51962,Ūdens ņemšanas vieta ugunsdzēsībai U572,Ut;140 (U572),140,609565.9165067654,326003.5907202251
51963,Ūdens ņemšanas vieta ugunsdzēsībai U573,Ut;400 (U573),400,610227.57411661,325649.9571472928
51964,Ūdens ņemšanas vieta ugunsdzēsībai U574,Ut;150 (U574),150,598876.9274643231,324292.82805570215
51965,Ūdens ņemšanas vieta ugunsdzēsībai U575,Ut;100 (U575),100,598370.4991538208,324463.286256928
51966,Ūdens ņemšanas vieta ugunsdzēsībai U576,Ut; (U576),,542773.2474125782,376622.8620750047
51967,Ūdens ņemšanas vieta ugunsdzēsībai U577,Ut; (U577),,543157.1604987103,375241.4845563732
51968,Ūdens ņemšanas vieta ugunsdzēsībai U578,Ut; (U578),,542169.8748703394,373520.94763892144
51969,Ūdens ņemšanas vieta ugunsdzēsībai U579,Ut; (U579),,536484.8239161139,386102.1629819758
51970,Ūdens ņemšanas vieta ugunsdzēsībai U580,Ut;25 (U580),25,536931.1239060396,385753.6141611561
51971,Ūdens ņemšanas vieta ugunsdzēsībai U581,Ut; (U581),,539781.4614218734,385690.84997987375
51972,Ūdens ņemšanas vieta ugunsdzēsībai U582,Ut; (U582),,540303.6313124662,395249.1962403916
51973,Ūdens ņemšanas vieta ugunsdzēsībai U583,Ut; (U583),,539649.4630817957,396269.45816656575
51974,Ūdens ņemšanas vieta ugunsdzēsībai U584,Ut; (U584),,539623.8843349833,395669.2208219245
51975,Ūdens ņemšanas vieta ugunsdzēsībai U585,Ut; (U585),,546290.5547710033,391119.5995921567
51976,Ūdens ņemšanas vieta ugunsdzēsībai U586,Ut; (U586),,543223.1469046082,369177.54797384515
51977,Ūdens ņemšanas vieta ugunsdzēsībai U587,Ut; (U587),,541482.7423067363,365133.0571780391
51978,Ūdens ņemšanas vieta ugunsdzēsībai U588,Ut; (U588),,541187.395214525,360005.7459399551
51979,Ūdens ņemšanas vieta ugunsdzēsībai U589,Ut; (U589),,539857.0194231113,355972.35360278934
51980,Ūdens ņemšanas vieta ugunsdzēsībai U590,Ut; (U590),,535990.3759538596,370882.43738375977
51981,Ūdens ņemšanas vieta ugunsdzēsībai U591,Ut;100000 (U591),100000,634936.0835025487,302100.07849812135
51982,Ūdens ņemšanas vieta ugunsdzēsībai U592,Ut;12000 (U592),12000,634748.684799999,302598.42080309615
51983,Ūdens ņemšanas vieta ugunsdzēsībai U593,Ut;15000 (U593),15000,634525.5173469288,302999.70481704175
51984,Ūdens ņemšanas vieta ugunsdzēsībai U594,Ut;5000000 (U594),5000000,629818.5156867336,308187.9281724952
51985,Ūdens ņemšanas vieta ugunsdzēsībai U595,Ut;10000 (U595),10000,634257.9169741832,303832.6724992953
51986,Ūdens ņemšanas vieta ugunsdzēsībai U596,Ut;15000 (U596),15000,634200.6848652139,303874.1629340835
51987,Ūdens ņemšanas vieta ugunsdzēsībai U597,Ut;1000 (U597),1000,562524.5829340387,414024.9836820625
51988,Ūdens ņemšanas vieta ugunsdzēsībai U598,Ut; (U598),,562417.3807656514,413389.2917249277
51989,Ūdens ņemšanas vieta ugunsdzēsībai U599,Ut;100000 (U599),100000,572009.9524931461,412652.8009204529
51990,Ūdens ņemšanas vieta ugunsdzēsībai U600,Ut; (U600),,572119.3914045738,412988.8312932141
51991,Ūdens ņemšanas vieta ugunsdzēsībai U601,Ut;150 (U601),150,580863.5549421087,415982.774984695
51992,Ūdens ņemšanas vieta ugunsdzēsībai U602,Ut; (U602),,582054.6097036554,413584.8111037798
51993,Ūdens ņemšanas vieta ugunsdzēsībai U603,Ut;100 (U603),100,580144.8858865397,420605.3690916933
51994,Ūdens ņemšanas vieta ugunsdzēsībai U604,Ut; (U604),,587305.389890641,416980.90524694324
51995,Ūdens ņemšanas vieta ugunsdzēsībai U605,Ut; (U605),,579705.8926952751,417930.15247073025
51996,Ūdens ņemšanas vieta ugunsdzēsībai U606,Ut; (U606),,580986.6195686581,423502.27706898004
51997,Ūdens ņemšanas vieta ugunsdzēsībai U607,Ut;100 (U607),100,580139.1751744961,419160.6589360349
51998,Ūdens ņemšanas vieta ugunsdzēsībai U608,Ut; (U608),,521342.013679089,413882.48250376433
51999,Ūdens ņemšanas vieta ugunsdzēsībai U609,Ut; (U609),,528351.5224118335,413622.7054994032
52000,Ūdens ņemšanas vieta ugunsdzēsībai U610,Ut; (U610),,521230.31758468784,401616.785319943
52001,Ūdens ņemšanas vieta ugunsdzēsībai U611,Ut; (U611),,523299.98693807796,401334.41266832873
52002,Ūdens ņemšanas vieta ugunsdzēsībai U612,Ut; (U612),,520908.5757737616,401816.0560432896
52003,Ūdens ņemšanas vieta ugunsdzēsībai U613,Ut; (U613),,613980.3613141924,367404.73121860996
52004,Ūdens ņemšanas vieta ugunsdzēsībai U614,Ut; (U614),,614600.0334612215,366431.99071737006
52005,Ūdens ņemšanas vieta ugunsdzēsībai U615,Ut; (U615),,614554.4548734324,364964.1104749553
52006,Ūdens ņemšanas vieta ugunsdzēsībai U616,Ut; (U616),,615349.9577507107,366827.484838631
52007,Ūdens ņemšanas vieta ugunsdzēsībai U617,Ut; (U617),,618569.414414553,367111.5756097287
52008,Ūdens ņemšanas vieta ugunsdzēsībai U618,Ut; (U618),,616122.1174609903,365262.1300693527
52009,Ūdens ņemšanas vieta ugunsdzēsībai U619,Ut; (U619),,613544.2737021297,369403.6093255505
52010,Ūdens ņemšanas vieta ugunsdzēsībai U620,Ut; (U620),,635903.6463554623,370756.16568046436
52011,Ūdens ņemšanas vieta ugunsdzēsībai U621,Ut; (U621),,631518.1106776185,362284.8068950772
52012,Ūdens ņemšanas vieta ugunsdzēsībai U622,Ut; (U622),,604031.6544282511,367581.3029806763
52013,Ūdens ņemšanas vieta ugunsdzēsībai U623,Ut; (U623),,604546.3097166782,367876.0150632113
52014,Ūdens ņemšanas vieta ugunsdzēsībai U624,Ut;100 (U624),100,600724.8593949396,388745.8146773577
52015,Ūdens ņemšanas vieta ugunsdzēsībai U625,Ut; (U625),,600921.8830528939,388763.0825263299
52016,Ūdens ņemšanas vieta ugunsdzēsībai U626,Ut; (U626),,601008.2624510657,387960.8855606578
52017,Ūdens ņemšanas vieta ugunsdzēsībai U627,Ut; (U627),,600847.8155907709,388606.5375629626
52018,Ūdens ņemšanas vieta ugunsdzēsībai U628,Ut;100 (U628),100,599836.5837585507,388222.6359766647
52019,Ūdens ņemšanas vieta ugunsdzēsībai U629,Ut;200 (U629),200,600477.502837263,388346.74044268206
52020,Ūdens ņemšanas vieta ugunsdzēsībai U630,Ut;100 (U630),100,604686.7410982372,391488.4267611429
52021,Ūdens ņemšanas vieta ugunsdzēsībai U631,Ut; (U631),,595570.4898532247,387055.48116017133
52022,Ūdens ņemšanas vieta ugunsdzēsībai U632,Ut; (U632),,603786.1426939815,390323.5975092985
52023,Ūdens ņemšanas vieta ugunsdzēsībai U633,Ut; (U633),,598118.1975318268,394265.94545895606
52024,Ūdens ņemšanas vieta ugunsdzēsībai U634,Ut; (U634),,613256.6635406958,377814.50927709416
52025,Ūdens ņemšanas vieta ugunsdzēsībai U635,Ut;100 (U635),100,603211.2965997523,384752.4099462293
52026,Ūdens ņemšanas vieta ugunsdzēsībai U636,Ut;250 (U636),250,619823.9792925566,405223.4690596573
52027,Ūdens ņemšanas vieta ugunsdzēsībai U637,Ut;250 (U637),250,619648.8127325317,406555.0353816338
52028,Ūdens ņemšanas vieta ugunsdzēsībai U638,Ut; (U638),,619687.5205451418,405643.279662136
52029,Ūdens ņemšanas vieta ugunsdzēsībai U639,Ut; (U639),,617656.6943790149,407480.26840266585
52030,Ūdens ņemšanas vieta ugunsdzēsībai U640,Ut;1000 (U640),1000,618830.0813181074,403943.9224162698
52031,Ūdens ņemšanas vieta ugunsdzēsībai U641,Ut;50 (U641),50,620136.5782800084,406272.4648809992
52032,Ūdens ņemšanas vieta ugunsdzēsībai U642,Ut;75 (U642),75,619385.6332135666,405566.25275548175
52033,Ūdens ņemšanas vieta ugunsdzēsībai U643,Ut;50 (U643),50,619423.8306468781,404611.2608092874
52034,Ūdens ņemšanas vieta ugunsdzēsībai U644,Ut; (U644),,620299.2504314622,405862.69726024196
52035,Ūdens ņemšanas vieta ugunsdzēsībai U645,Ut;250 (U645),250,619920.8269460956,406080.3305458911
52036,Ūdens ņemšanas vieta ugunsdzēsībai U646,Ut; (U646),,600469.3147529308,405185.93005969
52037,Ūdens ņemšanas vieta ugunsdzēsībai U647,Ut; (U647),,595549.9773183577,409530.48522828147
52038,Ūdens ņemšanas vieta ugunsdzēsībai U648,Ut;250 (U648),250,632908.9133831067,382302.65372800827
52039,Ūdens ņemšanas vieta ugunsdzēsībai U649,Ut; (U649),,608335.8008998884,408796.52007233724
52040,Ūdens ņemšanas vieta ugunsdzēsībai U650,Ut; (U650),,616187.7472890122,403987.4879488535
52041,Ūdens ņemšanas vieta ugunsdzēsībai U651,Ut;200 (U651),200,614199.6598110674,405632.4800472334
52042,Ūdens ņemšanas vieta ugunsdzēsībai U652,Ut; (U652),,614388.1769042369,409870.7421749048
52043,Ūdens ņemšanas vieta ugunsdzēsībai U653,Ut; (U653),,616765.9780705776,384380.538848076
52044,Ūdens ņemšanas vieta ugunsdzēsībai U654,Ut; (U654),,585266.5194181968,378371.5458858125
52045,Ūdens ņemšanas vieta ugunsdzēsībai U655,Ut; (U655),,584627.4089674558,379586.142998036
52046,Ūdens ņemšanas vieta ugunsdzēsībai U656,Ut; (U656),,584256.4097402273,377348.25286262855
52047,Ūdens ņemšanas vieta ugunsdzēsībai U657,Ut;10000 (U657),10000,582541.9075883022,379187.5585856326
52048,Ūdens ņemšanas vieta ugunsdzēsībai U658,Ut; (U658),,581578.8714063568,376374.9561141841
52049,Ūdens ņemšanas vieta ugunsdzēsībai U659,Ut; (U659),,586847.7499190187,378717.3948479742
52050,Ūdens ņemšanas vieta ugunsdzēsībai U660,Ut;10 (U660),10,592583.6885289364,379422.576699201
52051,Ūdens ņemšanas vieta ugunsdzēsībai U661,Ut; (U661),,602410.8311982397,378813.7506182194
52052,Ūdens ņemšanas vieta ugunsdzēsībai U662,Ut; (U662),,589283.7001153147,371321.28631936386
52053,Ūdens ņemšanas vieta ugunsdzēsībai U663,Ut; (U663),,589401.9453508761,371323.8793798834
52054,Ūdens ņemšanas vieta ugunsdzēsībai U664,Ut; (U664),,572455.7502848059,380600.51157737523
52055,Ūdens ņemšanas vieta ugunsdzēsībai U665,Ut; (U665),,572107.3794797873,379718.87775904685
52056,Ūdens ņemšanas vieta ugunsdzēsībai U666,Ut; (U666),,576733.1626586299,366277.480915159
52057,Ūdens ņemšanas vieta ugunsdzēsībai U667,Ut; (U667),,577091.6764040925,366373.98636959493
52058,Ūdens ņemšanas vieta ugunsdzēsībai U668,Ut;600 (U668),600,577148.1141959131,366034.7640619017
52059,Ūdens ņemšanas vieta ugunsdzēsībai U669,Ut; (U669),,565689.9907175796,380834.8377496153
52060,Ūdens ņemšanas vieta ugunsdzēsībai U670,Ut; (U670),,565899.9121705238,384590.0532998219
52061,Ūdens ņemšanas vieta ugunsdzēsībai U671,Ut; (U671),,580229.435186307,376700.6620587334
52062,Ūdens ņemšanas vieta ugunsdzēsībai U672,Ut; (U672),,580053.8605272761,376322.9377095066
52063,Ūdens ņemšanas vieta ugunsdzēsībai U673,Ut;140 (U673),140,575330.4537037956,370235.23265196756
52064,Ūdens ņemšanas vieta ugunsdzēsībai U674,Ut; (U674),,575042.4650707049,369762.917000521
52065,Ūdens ņemšanas vieta ugunsdzēsībai U675,Ut; (U675),,574663.6412294628,370062.1728165895
52066,Ūdens ņemšanas vieta ugunsdzēsībai U676,Ut;100000 (U676),100000,568112.8356888648,401350.63945459947
52067,Ūdens ņemšanas vieta ugunsdzēsībai U677,Ut; (U677),,667426.7313255407,275755.56774799153
52068,Ūdens ņemšanas vieta ugunsdzēsībai U678,Ut; (U678),,664333.4395190589,273677.5611981191
52069,Ūdens ņemšanas vieta ugunsdzēsībai U679,Ut;500 (U679),500,546505.2471773475,276506.83020542935
52070,Ūdens ņemšanas vieta ugunsdzēsībai U680,Ut;150 (U680),150,559592.5195010127,281347.4512504041
52071,Ūdens ņemšanas vieta ugunsdzēsībai U681,Ut;150 (U681),150,559361.8120095795,281409.19950391725
52072,Ūdens ņemšanas vieta ugunsdzēsībai U682,Ut;150 (U682),150,561399.1662668549,284469.0147655979
52073,Ūdens ņemšanas vieta ugunsdzēsībai U683,Ut;300 (U683),300,541829.7704568263,294315.0725588463
52074,Ūdens ņemšanas vieta ugunsdzēsībai U684,Ut;500 (U684),500,534621.8638211908,303000.00548455864
52075,Ūdens ņemšanas vieta ugunsdzēsībai U685,Ut; (U685),,537570.1191049917,294528.22870307416
52076,Ūdens ņemšanas vieta ugunsdzēsībai U686,Ut;1200 (U686),1200,555507.5312008988,307626.2356256023
52077,Ūdens ņemšanas vieta ugunsdzēsībai U687,Ut;127 (U687),127,556744.8018332589,307831.5025577098
52078,Ūdens ņemšanas vieta ugunsdzēsībai U688,Ut;50 (U688),50,561978.9695205167,301801.5229003541
52079,Ūdens ņemšanas vieta ugunsdzēsībai U689,Ut;50 (U689),50,550445.9210563106,294864.6390659921
52080,Ūdens ņemšanas vieta ugunsdzēsībai U690,Ut; (U690),,568829.3522247421,289096.3393777497
52081,Ūdens ņemšanas vieta ugunsdzēsībai U691,Ut;400 (U691),400,561139.1197025841,291911.8036697209
52082,Ūdens ņemšanas vieta ugunsdzēsībai U692,Ut;400 (U692),400,582469.0301385559,305239.8893219009
52083,Ūdens ņemšanas vieta ugunsdzēsībai U694,Ut; (U694),,577119.8347854046,305545.64882417396
52084,Ūdens ņemšanas vieta ugunsdzēsībai U695,Ut;400 (U695),400,582339.0593495751,305391.8653163314
52085,Ūdens ņemšanas vieta ugunsdzēsībai U697,Ut;100 (U697),100,586324.814961181,305386.00454590097
52086,Ūdens ņemšanas vieta ugunsdzēsībai U699,Ut; (U699),,509478.63702437,300195.5597489588
52087,Ūdens ņemšanas vieta ugunsdzēsībai U701,Ut;100 (U701),100,570225.4314993462,300571.4314667098
52088,Ūdens ņemšanas vieta ugunsdzēsībai U703,Ut;100 (U703),100,570848.327348805,301021.0642266236
52089,Ūdens ņemšanas vieta ugunsdzēsībai U704,Ut;100 (U704),100,570744.2137292959,301062.60765261203
52090,Ūdens ņemšanas vieta ugunsdzēsībai U705,Ut;100 (U705),100,570643.464900285,301107.32797103375
52091,Ūdens ņemšanas vieta ugunsdzēsībai U706,Ut; (U706),,570478.5167610571,301243.70830995217
52092,Ūdens ņemšanas vieta ugunsdzēsībai U707,Ut;150 (U707),150,570341.6602822766,301219.68896720186
52093,Ūdens ņemšanas vieta ugunsdzēsībai U708,Ut; (U708),,570174.7570183221,301266.4232690595
52094,Ūdens ņemšanas vieta ugunsdzēsībai U709,Ut; (U709),,570154.5147876842,301058.88837193325
52095,Ūdens ņemšanas vieta ugunsdzēsībai U710,Ut;100 (U710),100,570633.0792305497,300318.564261239
52096,Ūdens ņemšanas vieta ugunsdzēsībai U711,Ut;300 (U711),300,572363.8036647653,305679.9040012099
52097,Ūdens ņemšanas vieta ugunsdzēsībai U712,Ut;250 (U712),250,571988.4174162084,305658.0374548435
52098,Ūdens ņemšanas vieta ugunsdzēsībai U713,Ut; (U713),,504591.65695958305,312688.5166012049
52099,Ūdens ņemšanas vieta ugunsdzēsībai U714,Ut; (U714),,505542.346486724,318060.63136287034
52100,Ūdens ņemšanas vieta ugunsdzēsībai U715,Ut; (U715),,505443.37364479713,318916.96290726215
52101,Ūdens ņemšanas vieta ugunsdzēsībai U716,Ut; (U716),,502604.1865796298,322049.64255995676
52102,Ūdens ņemšanas vieta ugunsdzēsībai U717,Ut; (U717),,502425.58472242206,321879.44316547737
52103,Ūdens ņemšanas vieta ugunsdzēsībai U718,Ut; (U718),,501885.06348314136,320735.05639414117
52104,Ūdens ņemšanas vieta ugunsdzēsībai U719,Ut; (U719),,498677.47436457407,318771.34076714516
52105,Ūdens ņemšanas vieta ugunsdzēsībai U720,Ut;3000 (U720),3000,499478.14849287644,313783.68727841973
52106,Ūdens ņemšanas vieta ugunsdzēsībai U721,Ut; (U721),,483909.4877405418,311106.163018588
52107,Ūdens ņemšanas vieta ugunsdzēsībai U722,Ut; (U722),,486120.61593502015,311796.9223113172
52108,Ūdens ņemšanas vieta ugunsdzēsībai U723,Ut; (U723),,486245.98489750084,313413.6962400004
52109,Ūdens ņemšanas vieta ugunsdzēsībai U724,Ut; (U724),,484858.1278759595,311727.19194788113
52110,Ūdens ņemšanas vieta ugunsdzēsībai U725,Ut; (U725),,481435.89647055604,310866.00763125345
52111,Ūdens ņemšanas vieta ugunsdzēsībai U726,Ut; (U726),,495482.2228052495,316924.52834391594
52112,Ūdens ņemšanas vieta ugunsdzēsībai U727,Ut; (U727),,493620.5386793781,315674.67451125756
52113,Ūdens ņemšanas vieta ugunsdzēsībai U728,Ut; (U728),,492563.0991254682,315308.5366589092
52114,Ūdens ņemšanas vieta ugunsdzēsībai U729,Ut; (U729),,492194.58401594684,315074.2263972126
52115,Ūdens ņemšanas vieta ugunsdzēsībai U730,Ut; (U730),,491614.299059581,314472.36283133924
52116,Ūdens ņemšanas vieta ugunsdzēsībai U731,Ut; (U731),,491853.7661210587,314323.5032527074
52117,Ūdens ņemšanas vieta ugunsdzēsībai U732,Ut; (U732),,493697.0897761695,314938.6529684663
52118,Ūdens ņemšanas vieta ugunsdzēsībai U733,Ut; (U733),,494063.4643160347,314959.8196162805
52119,Ūdens ņemšanas vieta ugunsdzēsībai U734,Ut; (U734),,494377.55722063035,314977.8608779013
52120,Ūdens ņemšanas vieta ugunsdzēsībai U735,Ut; (U735),,489982.5295553999,312849.55088809505
52121,Ūdens ņemšanas vieta ugunsdzēsībai U736,Ut; (U736),,488465.607845664,313478.0734185912
52122,Ūdens ņemšanas vieta ugunsdzēsībai U737,Ut; (U737),,488221.8240175592,313880.7170026675
52123,Ūdens ņemšanas vieta ugunsdzēsībai U738,Ut;100000 (U738),100000,475938.99608958606,310189.09231928363
52124,Ūdens ņemšanas vieta ugunsdzēsībai U739,Ut;5000 (U739),5000,475887.8054091865,309809.1305172555
52125,Ūdens ņemšanas vieta ugunsdzēsībai U740,Ut; (U740),,476076.1604290148,309637.9513540268
52126,Ūdens ņemšanas vieta ugunsdzēsībai U741,Ut; (U741),,476911.5170081025,310888.6613051668
52127,Ūdens ņemšanas vieta ugunsdzēsībai U742,Ut; (U742),,477753.8574951142,311013.8659445755
52128,Ūdens ņemšanas vieta ugunsdzēsībai U743,Ut; (U743),,475086.41137407813,312058.6728422269
52129,Ūdens ņemšanas vieta ugunsdzēsībai U744,Ut;300 (U744),300,475010.751329205,309872.96942544356
52130,Ūdens ņemšanas vieta ugunsdzēsībai U745,Ut;500 (U745),500,478372.73932693433,311397.0926089883
52131,Ūdens ņemšanas vieta ugunsdzēsībai U746,Ut; (U746),,474024.2203591233,314597.6523601636
52132,Ūdens ņemšanas vieta ugunsdzēsībai U747,Ut; (U747),,476685.0937249474,313607.83987605944
52133,Ūdens ņemšanas vieta ugunsdzēsībai U748,Ut; (U748),,485763.7626956953,314169.81785467267
52134,Ūdens ņemšanas vieta ugunsdzēsībai U749,Ut; (U749),,486071.4535873914,314261.5009234883
52135,Ūdens ņemšanas vieta ugunsdzēsībai U750,Ut; (U750),,488510.4060615683,315033.24852379784
52136,Ūdens ņemšanas vieta ugunsdzēsībai U751,Ut; (U751),,491078.72195389215,315939.16759702936
52137,Ūdens ņemšanas vieta ugunsdzēsībai U752,Ut; (U752),,494058.1402714178,317142.83115027845
52138,Ūdens ņemšanas vieta ugunsdzēsībai U753,Ut; (U753),,468478.8124885373,310835.7058829181
52139,Ūdens ņemšanas vieta ugunsdzēsībai U754,Ut; (U754),,468688.5574293919,311078.46639856324
52140,Ūdens ņemšanas vieta ugunsdzēsībai U755,Ut; (U755),,468806.5110701043,311253.7976918854
52141,Ūdens ņemšanas vieta ugunsdzēsībai U756,Ut; (U756),,468758.57514409255,311173.7853395194
52142,Ūdens ņemšanas vieta ugunsdzēsībai U757,Ut; (U757),,468891.73241677135,311349.0048291199
52143,Ūdens ņemšanas vieta ugunsdzēsībai U758,Ut; (U758),,470197.47637346014,311738.4079394266
52144,Ūdens ņemšanas vieta ugunsdzēsībai U759,Ut; (U759),,469182.151505257,311541.65032755584
52145,Ūdens ņemšanas vieta ugunsdzēsībai U760,Ut; (U760),,472422.88168188557,312734.1547925249
52146,Ūdens ņemšanas vieta ugunsdzēsībai U761,Ut; (U761),,505793.8891091291,313119.8047529645
52147,Ūdens ņemšanas vieta ugunsdzēsībai U762,Ut; (U762),,505635.2916432405,314198.6731052883
52148,Ūdens ņemšanas vieta ugunsdzēsībai U763,Ut; (U763),,505760.54568682984,312782.6972831711
52149,Ūdens ņemšanas vieta ugunsdzēsībai U764,Ut; (U764),,505651.81489042286,313224.69029576704
52150,Ūdens ņemšanas vieta ugunsdzēsībai U765,Ut; (U765),,507824.46974226553,310309.31853697076
52151,Ūdens ņemšanas vieta ugunsdzēsībai U766,Ut; (U766),,508031.1489625769,310074.7275486402
52152,Ūdens ņemšanas vieta ugunsdzēsībai U767,Ut; (U767),,508904.23696752544,309705.4933045469
52153,Ūdens ņemšanas vieta ugunsdzēsībai U768,Ut; (U768),,508970.36201312393,309606.67678038403
52154,Ūdens ņemšanas vieta ugunsdzēsībai U769,Ut; (U769),,509553.10975402873,309079.2301669754
52155,Ūdens ņemšanas vieta ugunsdzēsībai U770,Ut; (U770),,508148.20453967433,309001.995925609
52156,Ūdens ņemšanas vieta ugunsdzēsībai U771,Ut; (U771),,508554.34653280117,308848.19528936595
52157,Ūdens ņemšanas vieta ugunsdzēsībai U772,Ut;300 (U772),300,509291.6084300978,311097.7727839723
52158,Ūdens ņemšanas vieta ugunsdzēsībai U773,Ut; (U773),,506522.330281809,317149.8250989802
52159,Ūdens ņemšanas vieta ugunsdzēsībai U774,Ut; (U774),,506718.63567954674,317852.0941286087
52160,Ūdens ņemšanas vieta ugunsdzēsībai U775,Ut; (U775),,510830.79175938014,317749.4740013294
52161,Ūdens ņemšanas vieta ugunsdzēsībai U776,Ut; (U776),,509679.349299605,318763.94442582503
52162,Ūdens ņemšanas vieta ugunsdzēsībai U777,Ut; (U777),,506709.27075255476,316355.442185197
52163,Ūdens ņemšanas vieta ugunsdzēsībai U778,Ut; (U778),,507855.71826819703,320606.04298428446
52164,Ūdens ņemšanas vieta ugunsdzēsībai U779,Ut; (U779),,507088.9885294223,319336.883289624
52165,Ūdens ņemšanas vieta ugunsdzēsībai U780,Ut; (U780),,507503.6259120554,318573.87475544587
52166,Ūdens ņemšanas vieta ugunsdzēsībai U781,Ut; (U781),,507457.7388039492,318762.47227773815
52167,Ūdens ņemšanas vieta ugunsdzēsībai U782,Ut; (U782),,506943.49827634357,317598.88735608384
52168,Ūdens ņemšanas vieta ugunsdzēsībai U783,Ut;10000 (U783),10000,506906.7974971263,315304.50441386923
52169,Ūdens ņemšanas vieta ugunsdzēsībai U784,Ut;10000 (U784),10000,507112.3306317283,315564.5497864336
52170,Ūdens ņemšanas vieta ugunsdzēsībai U785,Ut;10000 (U785),10000,507295.8181765862,315870.98519005626
52171,Ūdens ņemšanas vieta ugunsdzēsībai U786,Ut;10000 (U786),10000,507579.653629845,315716.8766016327
52172,Ūdens ņemšanas vieta ugunsdzēsībai U787,Ut;10000 (U787),10000,507539.35870995,315617.95524646714
52173,Ūdens ņemšanas vieta ugunsdzēsībai U788,Ut; (U788),,504902.3498149412,322834.05492143705
52174,Ūdens ņemšanas vieta ugunsdzēsībai U789,Ut; (U789),,506361.3299525669,324196.54879594594
52175,Ūdens ņemšanas vieta ugunsdzēsībai U790,Ut; (U790),,506109.6307798596,323503.558214359
52176,Ūdens ņemšanas vieta ugunsdzēsībai U791,Ut; (U791),,506259.58430054504,324623.07040955126
52177,Ūdens ņemšanas vieta ugunsdzēsībai U792,Ut; (U792),,504805.5376382554,323449.1870174259
52178,Ūdens ņemšanas vieta ugunsdzēsībai U793,Ut; (U793),,505552.8476341851,325311.6690334268
52179,Ūdens ņemšanas vieta ugunsdzēsībai U794,Ut; (U794),,502269.26599255484,324207.7569221258
52180,Ūdens ņemšanas vieta ugunsdzēsībai U795,Ut; (U795),,502950.1463163104,323803.10556923226
52181,Ūdens ņemšanas vieta ugunsdzēsībai U796,Ut; (U796),,504770.42261829134,323232.7473523244
52182,Ūdens ņemšanas vieta ugunsdzēsībai U797,Ut;10000 (U797),10000,506189.64424195606,315037.4417797178
52183,Ūdens ņemšanas vieta ugunsdzēsībai U798,Ut;10000 (U798),10000,506247.86428325344,315649.7624465637
52184,Ūdens ņemšanas vieta ugunsdzēsībai U799,Ut; (U799),,507326.6240686383,321340.9852267429
52185,Ūdens ņemšanas vieta ugunsdzēsībai U800,Ut; (U800),,511045.14910355303,306899.9361332916
52186,Ūdens ņemšanas vieta ugunsdzēsībai U801,Ut; (U801),,512221.33574793674,305013.8858428374
52187,Ūdens ņemšanas vieta ugunsdzēsībai U802,Ut; (U802),,516030.5146364914,301214.28498936817
52188,Ūdens ņemšanas vieta ugunsdzēsībai U803,Ut; (U803),,515286.0439475458,300970.38602885604
52189,Ūdens ņemšanas vieta ugunsdzēsībai U804,Ut; (U804),,520957.5118880607,307479.12312122807
52190,Ūdens ņemšanas vieta ugunsdzēsībai U805,Ut; (U805),,517393.13684638124,310795.9379318282
52191,Ūdens ņemšanas vieta ugunsdzēsībai U806,Ut; (U806),,526372.0151179014,313094.23982596025
52192,Ūdens ņemšanas vieta ugunsdzēsībai U807,Ut; (U807),,529813.5103247548,314209.0935152136
52193,Ūdens ņemšanas vieta ugunsdzēsībai U808,Ut; (U808),,538833.2389662117,314806.15390615165
52194,Ūdens ņemšanas vieta ugunsdzēsībai U809,Ut; (U809),,538775.1932714302,314694.28987808526
52195,Ūdens ņemšanas vieta ugunsdzēsībai U810,Ut; (U810),,551300.4394214954,332141.65635214
52196,Ūdens ņemšanas vieta ugunsdzēsībai U811,Ut; (U811),,504885.80094528943,309655.53342208266
52197,Ūdens ņemšanas vieta ugunsdzēsībai U812,Ut; (U812),,506037.0195257496,310850.5568307303
52198,Ūdens ņemšanas vieta ugunsdzēsībai U813,Ut; (U813),,505456.2515972797,311650.5508165285
52199,Ūdens ņemšanas vieta ugunsdzēsībai U814,Ut; (U814),,511458.4997229995,302995.71499563754
52200,Ūdens ņemšanas vieta ugunsdzēsībai U815,Ut; (U815),,511873.9066842478,304589.3319736533
52201,Ūdens ņemšanas vieta ugunsdzēsībai U816,Ut; (U816),,508084.9797703987,303247.6162214801
52202,Ūdens ņemšanas vieta ugunsdzēsībai U817,Ut; (U817),,509614.3947481904,306710.82721073553
52203,Ūdens ņemšanas vieta ugunsdzēsībai U818,Ut; (U818),,515472.35757975,315992.3624727763
52204,Ūdens ņemšanas vieta ugunsdzēsībai U819,Ut; (U819),,514781.8242945885,316985.57000247017
52205,Ūdens ņemšanas vieta ugunsdzēsībai U820,Ut; (U820),,515255.5799818197,316640.9791900292
52206,Ūdens ņemšanas vieta ugunsdzēsībai U821,Ut;200 (U821),200,522356.5088876579,289085.44058096036
52207,Ūdens ņemšanas vieta ugunsdzēsībai U822,Ut; (U822),,526229.2783704186,291402.18569866195
52208,Ūdens ņemšanas vieta ugunsdzēsībai U823,Ut; (U823),,525204.3353809156,292138.02171548456
52209,Ūdens ņemšanas vieta ugunsdzēsībai U824,Ut; (U824),,526996.6509202318,293534.3965042941
52210,Ūdens ņemšanas vieta ugunsdzēsībai U825,Ut; (U825),,526899.2983325701,294421.28268772364
52211,Ūdens ņemšanas vieta ugunsdzēsībai U826,Ut;400 (U826),400,525997.1125991438,297337.59510022774
52212,Ūdens ņemšanas vieta ugunsdzēsībai U827,Ut; (U827),,525689.890045506,297663.40678974614
52213,Ūdens ņemšanas vieta ugunsdzēsībai U828,Ut; (U828),,521289.9456828693,284986.0356821902
52214,Ūdens ņemšanas vieta ugunsdzēsībai U829,Ut; (U829),,518305.84618539177,292652.5017071925
52215,Ūdens ņemšanas vieta ugunsdzēsībai U830,Ut; (U830),,522912.00807854533,288479.3357568309
52216,Ūdens ņemšanas vieta ugunsdzēsībai U831,Ut;100 (U831),100,643357.2366416911,204964.88139608875
52217,Ūdens ņemšanas vieta ugunsdzēsībai U832,Ut; (U832),,672506.4586467575,216670.82430746034
52218,Ūdens ņemšanas vieta ugunsdzēsībai U833,Ut; (U833),,672574.2906845622,216577.49695234746
52219,Ūdens ņemšanas vieta ugunsdzēsībai U834,Ut; (U834),,666795.3966924846,217980.33644678816
52220,Ūdens ņemšanas vieta ugunsdzēsībai U835,Ut;50 (U835),50,671592.8293531416,216482.47016886994
52221,Ūdens ņemšanas vieta ugunsdzēsībai U836,Ut;200 (U836),200,676195.6319916053,221797.90936227888
52222,Ūdens ņemšanas vieta ugunsdzēsībai U837,Ut;1000 (U837),1000,675195.7752090925,221673.3713860847
52223,Ūdens ņemšanas vieta ugunsdzēsībai U838,Ut; (U838),,675023.6751788463,216261.8364031911
52224,Ūdens ņemšanas vieta ugunsdzēsībai U839,Ut;100 (U839),100,673984.5283762002,221472.40372414887
52225,Ūdens ņemšanas vieta ugunsdzēsībai U840,Ut;30 (U840),30,676311.6098718615,221963.70061844587
52226,Ūdens ņemšanas vieta ugunsdzēsībai U841,Ut;50 (U841),50,675748.393514513,223045.5714423433
52227,Ūdens ņemšanas vieta ugunsdzēsībai U842,Ut;500 (U842),500,655570.4248880232,195436.37935016677
52228,Ūdens ņemšanas vieta ugunsdzēsībai U843,Ut;240 (U843),240,655814.2812459068,195476.1236665845
52229,Ūdens ņemšanas vieta ugunsdzēsībai U844,Ut; (U844),,657277.3985655354,220038.1687267609
52230,Ūdens ņemšanas vieta ugunsdzēsībai U845,Ut;20 (U845),20,679581.8204045324,269971.77072028816
52231,Ūdens ņemšanas vieta ugunsdzēsībai U846,Ut;2000 (U846),2000,676180.9026275994,268472.5288534425
52232,Ūdens ņemšanas vieta ugunsdzēsībai U847,Ut;50 (U847),50,683251.4730610801,267869.42968171835
52233,Ūdens ņemšanas vieta ugunsdzēsībai U848,Ut;2000 (U848),2000,710899.4519661609,266192.90047524497
52234,Ūdens ņemšanas vieta ugunsdzēsībai U849,Ut;3000 (U849),3000,718459.0349248005,260263.823108498
52235,Ūdens ņemšanas vieta ugunsdzēsībai U850,Ut;2000 (U850),2000,718960.4771709777,260091.4467465207
52236,Ūdens ņemšanas vieta ugunsdzēsībai U851,Ut;3000 (U851),3000,710781.953106368,253943.35783826932
52237,Ūdens ņemšanas vieta ugunsdzēsībai U852,Ut;50 (U852),50,710851.5526020471,253649.4395335652
52238,Ūdens ņemšanas vieta ugunsdzēsībai U853,Ut;1500 (U853),1500,716877.0111126984,244849.38256581873
52239,Ūdens ņemšanas vieta ugunsdzēsībai U854,Ut; (U854),,712793.5938336328,243887.48038114235
52240,Ūdens ņemšanas vieta ugunsdzēsībai U855,Ut;2500 (U855),2500,712685.8905193368,243733.4642575644
52241,Ūdens ņemšanas vieta ugunsdzēsībai U856,Ut;25000 (U856),25000,719016.6908096205,248415.9607198201
52242,Ūdens ņemšanas vieta ugunsdzēsībai U858,Ut;100 (U858),100,696645.467090534,248694.10951579735
52243,Ūdens ņemšanas vieta ugunsdzēsībai U859,Ut;100 (U859),100,693837.2523449464,269902.84262182564
52244,Ūdens ņemšanas vieta ugunsdzēsībai U860,Ut;250 (U860),250,693254.6276953556,270706.0466965847
52245,Ūdens ņemšanas vieta ugunsdzēsībai U861,Ut;100 (U861),100,693024.9968284192,273553.63586418703
52246,Ūdens ņemšanas vieta ugunsdzēsībai U862,Ut;250 (U862),250,693141.763924716,273243.0648682937
52247,Ūdens ņemšanas vieta ugunsdzēsībai U863,Ut;30 (U863),30,693626.3278444745,252261.88552391902
52248,Ūdens ņemšanas vieta ugunsdzēsībai U864,Ut;50 (U864),50,690106.8641139865,259552.40788999572
52249,Ūdens ņemšanas vieta ugunsdzēsībai U865,Ut;100 (U865),100,690280.5046198843,259389.88591158763
52250,Ūdens ņemšanas vieta ugunsdzēsībai U866,Ut;15 (U866),15,685056.4802404651,255697.0381498076
52251,Ūdens ņemšanas vieta ugunsdzēsībai U867,Ut;100 (U867),100,715384.6968279555,281833.2922808565
52252,Ūdens ņemšanas vieta ugunsdzēsībai U868,Ut;50 (U868),50,715384.6968279555,281833.2922808565
52253,Ūdens ņemšanas vieta ugunsdzēsībai U869,Ut;20 (U869),20,715417.1206493098,281766.70498923585
52254,Ūdens ņemšanas vieta ugunsdzēsībai U870,Ut;150 (U870),150,715706.5373419281,281617.3942799531
52255,Ūdens ņemšanas vieta ugunsdzēsībai U871,Ut; (U871),,715693.4135264521,276341.3574918695
52256,Ūdens ņemšanas vieta ugunsdzēsībai U872,Ut;50 (U872),50,715490.8560962351,276492.01612459496
52257,Ūdens ņemšanas vieta ugunsdzēsībai U873,Ut;100 (U873),100,688055.6513063097,239942.7522722669
52258,Ūdens ņemšanas vieta ugunsdzēsībai U874,Ut; (U874),,688188.4402653752,240719.57527561113
52259,Ūdens ņemšanas vieta ugunsdzēsībai U875,Ut; (U875),,688542.4175710101,240583.52576190606
52260,Ūdens ņemšanas vieta ugunsdzēsībai U876,Ut;100 (U876),100,699140.8081608824,237612.85026919097
52261,Ūdens ņemšanas vieta ugunsdzēsībai U877,Ut; (U877),,698816.5912370505,237761.9325977303
52262,Ūdens ņemšanas vieta ugunsdzēsībai U878,Ut;200 (U878),200,699302.351610628,237366.56051561236
52263,Ūdens ņemšanas vieta ugunsdzēsībai U879,Ut;200 (U879),200,701472.929186089,250982.68728015572
52264,Ūdens ņemšanas vieta ugunsdzēsībai U880,Ut; (U880),,701494.672769797,250850.49488979578
52265,Ūdens ņemšanas vieta ugunsdzēsībai U881,Ut; (U881),,699497.8773483448,256643.12732549757
52266,Ūdens ņemšanas vieta ugunsdzēsībai U882,Ut;50 (U882),50,699677.1077764044,256518.3453956209
52267,Ūdens ņemšanas vieta ugunsdzēsībai U883,Ut;350 (U883),350,701156.6487425948,260970.36749935523
52268,Ūdens ņemšanas vieta ugunsdzēsībai U884,Ut;200 (U884),200,697702.4501688099,257484.836352136
52269,Ūdens ņemšanas vieta ugunsdzēsībai U885,Ut;2000 (U885),2000,706871.0351983942,275031.41395424306
52270,Ūdens ņemšanas vieta ugunsdzēsībai U886,Ut;50 (U886),50,699109.6410228079,276487.6677597426
52271,Ūdens ņemšanas vieta ugunsdzēsībai U887,Ut; (U887),,668511.8607402118,241391.05329682305
52272,Ūdens ņemšanas vieta ugunsdzēsībai U888,Ut; (U888),,634638.1398554267,248063.39357364923
52273,Ūdens ņemšanas vieta ugunsdzēsībai U889,Ut; (U889),,633857.7383226072,246389.6020812057
52274,Ūdens ņemšanas vieta ugunsdzēsībai U890,Ut; (U890),,633574.843736412,248667.17721701413
52275,Ūdens ņemšanas vieta ugunsdzēsībai U891,Ut; (U891),,728682.2983048595,273398.5963778123
52276,Ūdens ņemšanas vieta ugunsdzēsībai U892,Ut; (U892),,727246.3004962625,273243.40876536444
52277,Ūdens ņemšanas vieta ugunsdzēsībai U893,Ut; (U893),,729747.8873302806,270330.1852572225
52278,Ūdens ņemšanas vieta ugunsdzēsībai U894,Ut; (U894),,739270.5235190019,295965.31413748115
52279,Ūdens ņemšanas vieta ugunsdzēsībai U895,Ut; (U895),,753439.6858434035,257046.67903029546
52280,Ūdens ņemšanas vieta ugunsdzēsībai U896,Ut; (U896),,755002.1926730778,257168.2914891839
52281,Ūdens ņemšanas vieta ugunsdzēsībai U897,Ut;50 (U897),50,756577.3081449419,253441.12956585735
52282,Ūdens ņemšanas vieta ugunsdzēsībai U898,Ut; (U898),,756292.3922738638,253200.72136046737
52283,Ūdens ņemšanas vieta ugunsdzēsībai U899,Ut;30 (U899),30,754132.8482254492,255894.70029031858
52284,Ūdens ņemšanas vieta ugunsdzēsībai U900,Ut;50 (U900),50,754023.2067339458,257351.216149766
52285,Ūdens ņemšanas vieta ugunsdzēsībai U901,Ut; (U901),,750607.7802076917,261261.03981736675
52286,Ūdens ņemšanas vieta ugunsdzēsībai U902,Ut;50 (U902),50,750738.0714716706,260627.13604927063
52287,Ūdens ņemšanas vieta ugunsdzēsībai U903,Ut;100 (U903),100,750335.4446580699,260987.7198795341
52288,Ūdens ņemšanas vieta ugunsdzēsībai U904,Ut;30 (U904),30,749928.2946470734,260610.2736722827
52289,Ūdens ņemšanas vieta ugunsdzēsībai U905,Ut; (U905),,742454.2725192765,259100.2647244744
52290,Ūdens ņemšanas vieta ugunsdzēsībai U906,Ut;50 (U906),50,742560.8779436573,258737.63751930743
52291,Ūdens ņemšanas vieta ugunsdzēsībai U907,Ut;50 (U907),50,742655.4151421348,258017.86214641854
52292,Ūdens ņemšanas vieta ugunsdzēsībai U908,Ut;50 (U908),50,742644.1653516553,257794.08293801174
52293,Ūdens ņemšanas vieta ugunsdzēsībai U909,Ut;50 (U909),50,742787.9651384214,258403.55873586982
52294,Ūdens ņemšanas vieta ugunsdzēsībai U910,Ut;30 (U910),30,746682.7956612818,250870.9480983466
52295,Ūdens ņemšanas vieta ugunsdzēsībai U911,Ut;50 (U911),50,746411.7925967257,251180.67813406512
52296,Ūdens ņemšanas vieta ugunsdzēsībai U912,Ut;50 (U912),50,746195.2376088258,250907.70743388683
52297,Ūdens ņemšanas vieta ugunsdzēsībai U913,Ut; (U913),,722467.2781936713,198245.39756742492
52298,Ūdens ņemšanas vieta ugunsdzēsībai U914,Ut; (U914),,721535.7973286416,198448.46173748001
52299,Ūdens ņemšanas vieta ugunsdzēsībai U915,Ut; (U915),,721435.5220656581,198536.32214693725
52300,Ūdens ņemšanas vieta ugunsdzēsībai U916,Ut;200 (U916),200,721441.7455683872,197938.7348752357
52301,Ūdens ņemšanas vieta ugunsdzēsībai U917,Ut;200 (U917),200,721885.9905310972,197357.57777632773
52302,Ūdens ņemšanas vieta ugunsdzēsībai U918,Ut;400 (U918),400,720992.0869994005,197401.57092148066
52303,Ūdens ņemšanas vieta ugunsdzēsībai U919,Ut;200 (U919),200,720927.5202120254,197915.55251608416
52304,Ūdens ņemšanas vieta ugunsdzēsībai U920,Ut; (U920),,718858.6829683315,194304.2572526075
52305,Ūdens ņemšanas vieta ugunsdzēsībai U921,Ut;300 (U921),300,718470.7795815375,194083.2930365689
52306,Ūdens ņemšanas vieta ugunsdzēsībai U922,Ut;400 (U922),400,715530.9969326444,189386.38829392567
52307,Ūdens ņemšanas vieta ugunsdzēsībai U923,Ut; (U923),,714917.3217866383,189238.1927355267
52308,Ūdens ņemšanas vieta ugunsdzēsībai U924,Ut; (U924),,715528.7370489091,188624.3225756921
52309,Ūdens ņemšanas vieta ugunsdzēsībai U925,Ut; (U925),,713206.0657326747,189451.0660993755
52310,Ūdens ņemšanas vieta ugunsdzēsībai U926,Ut;200 (U926),200,711253.071585658,196763.16667025164
52311,Ūdens ņemšanas vieta ugunsdzēsībai U927,Ut;400 (U927),400,711151.402134615,196349.4860388562
52312,Ūdens ņemšanas vieta ugunsdzēsībai U928,Ut;200 (U928),200,710633.3626446947,196079.51739636436
52313,Ūdens ņemšanas vieta ugunsdzēsībai U929,Ut;200 (U929),200,724509.9836213803,209040.96709272638
52314,Ūdens ņemšanas vieta ugunsdzēsībai U930,Ut; (U930),,725063.1745931385,208592.8718575649
52315,Ūdens ņemšanas vieta ugunsdzēsībai U931,Ut;100 (U931),100,724965.1344009442,209405.51072891057
52316,Ūdens ņemšanas vieta ugunsdzēsībai U932,Ut;200 (U932),200,721508.3797529107,199119.22887651995
52317,Ūdens ņemšanas vieta ugunsdzēsībai U933,Ut;100 (U933),100,721514.0973255411,199076.14513605088
52318,Ūdens ņemšanas vieta ugunsdzēsībai U934,Ut;200 (U934),200,721566.5129633211,198936.32391892
52319,Ūdens ņemšanas vieta ugunsdzēsībai U935,Ut; (U935),,700362.7988974759,213485.95708046854
52320,Ūdens ņemšanas vieta ugunsdzēsībai U936,Ut; (U936),,700510.9876271319,213245.16887139902
52321,Ūdens ņemšanas vieta ugunsdzēsībai U937,Ut; (U937),,697205.5744487569,200382.08388016373
52322,Ūdens ņemšanas vieta ugunsdzēsībai U938,Ut; (U938),,697447.2316523222,200383.87061180547
52323,Ūdens ņemšanas vieta ugunsdzēsībai U939,Ut; (U939),,697238.134245961,200621.99351498112
52324,Ūdens ņemšanas vieta ugunsdzēsībai U940,Ut;175 (U940),175,696893.624645493,201083.12086177617
52325,Ūdens ņemšanas vieta ugunsdzēsībai U941,Ut;400 (U941),400,696854.5996397529,200870.78600287065
52326,Ūdens ņemšanas vieta ugunsdzēsībai U942,Ut; (U942),,696517.8834787905,201161.97811260074
52327,Ūdens ņemšanas vieta ugunsdzēsībai U943,Ut; (U943),,703786.0075233467,217251.2732440941
52328,Ūdens ņemšanas vieta ugunsdzēsībai U944,Ut;100 (U944),100,704035.9478099626,217644.06790473312
52329,Ūdens ņemšanas vieta ugunsdzēsībai U945,Ut; (U945),,703442.2063437663,217340.32489167526
52330,Ūdens ņemšanas vieta ugunsdzēsībai U946,Ut; (U946),,699794.8303325213,211824.57361969724
52331,Ūdens ņemšanas vieta ugunsdzēsībai U947,Ut; (U947),,699573.0998009192,212043.47046785057
52332,Ūdens ņemšanas vieta ugunsdzēsībai U948,Ut; (U948),,698021.34621449,194109.23654126003
52333,Ūdens ņemšanas vieta ugunsdzēsībai U949,Ut; (U949),,699416.1937452704,194417.82273612916
52334,Ūdens ņemšanas vieta ugunsdzēsībai U950,Ut; (U950),,694924.8821995491,193563.10969529673
52335,Ūdens ņemšanas vieta ugunsdzēsībai U951,Ut; (U951),,692575.2077469407,192231.96425180137
52336,Ūdens ņemšanas vieta ugunsdzēsībai U952,Ut;300 (U952),300,689908.5345065454,191464.1467302777
52337,Ūdens ņemšanas vieta ugunsdzēsībai U953,Ut;200 (U953),200,690078.7729039453,194966.828403268
52338,Ūdens ņemšanas vieta ugunsdzēsībai U954,Ut;300 (U954),300,690232.4231495755,194481.29750011116
52339,Ūdens ņemšanas vieta ugunsdzēsībai U955,Ut; (U955),,748815.586893877,228751.50936374813
52340,Ūdens ņemšanas vieta ugunsdzēsībai U956,Ut; (U956),,748283.4173653498,227573.8738022335
52341,Ūdens ņemšanas vieta ugunsdzēsībai U957,Ut; (U957),,740202.2142756768,225365.16784215346
52342,Ūdens ņemšanas vieta ugunsdzēsībai U958,Ut;200 (U958),200,740851.8334511062,223294.4925414659
52343,Ūdens ņemšanas vieta ugunsdzēsībai U959,Ut;400 (U959),400,733249.9347711019,226573.59518450126
52344,Ūdens ņemšanas vieta ugunsdzēsībai U960,Ut;300 (U960),300,733064.8908329802,226603.78591497242
52345,Ūdens ņemšanas vieta ugunsdzēsībai U961,Ut; (U961),,727621.4190337108,219916.84165327623
52346,Ūdens ņemšanas vieta ugunsdzēsībai U962,Ut; (U962),,727320.3684034087,219352.51719081774
52347,Ūdens ņemšanas vieta ugunsdzēsībai U963,Ut; (U963),,725720.1784156356,214612.0672776401
52348,Ūdens ņemšanas vieta ugunsdzēsībai U964,Ut;100 (U964),100,725793.039947547,214975.2130738385
52349,Ūdens ņemšanas vieta ugunsdzēsībai U965,Ut; (U965),,733660.4105871003,216133.1134635061
52350,Ūdens ņemšanas vieta ugunsdzēsībai U966,Ut; (U966),,688692.8386319699,205558.9480676949
52351,Ūdens ņemšanas vieta ugunsdzēsībai U967,Ut; (U967),,688308.3394998545,205972.45361854509
52352,Ūdens ņemšanas vieta ugunsdzēsībai U968,Ut; (U968),,688624.5750819743,205292.82449669018
52353,Ūdens ņemšanas vieta ugunsdzēsībai U969,Ut; (U969),,698087.1328633623,208107.40780110657
52354,Ūdens ņemšanas vieta ugunsdzēsībai U970,Ut;110 (U970),110,697625.6948154774,208705.5313478671
52355,Ūdens ņemšanas vieta ugunsdzēsībai U971,Ut; (U971),,697793.2311448567,209403.65201645717
52356,Ūdens ņemšanas vieta ugunsdzēsībai U972,Ut;200 (U972),200,698784.4090004908,208573.02473635972
52357,Ūdens ņemšanas vieta ugunsdzēsībai U973,Ut;110 (U973),110,698860.4009089572,208883.07314833254
52358,Ūdens ņemšanas vieta ugunsdzēsībai U974,Ut;100 (U974),100,700322.9231384322,201305.8085081689
52359,Ūdens ņemšanas vieta ugunsdzēsībai U975,Ut; (U975),,702249.0412814859,198906.04805400595
52360,Ūdens ņemšanas vieta ugunsdzēsībai U976,Ut; (U976),,709041.0346962065,201886.25132829696
52361,Ūdens ņemšanas vieta ugunsdzēsībai U977,Ut; (U977),,712382.4495540094,201736.4658605419
52362,Ūdens ņemšanas vieta ugunsdzēsībai U978,Ut; (U978),,721650.2635533307,193969.25825095922
52363,Ūdens ņemšanas vieta ugunsdzēsībai U979,Ut; (U979),,721826.3259995598,193014.9614980556
52364,Ūdens ņemšanas vieta ugunsdzēsībai U980,Ut; (U980),,710188.2623262387,207107.54620619118
52365,Ūdens ņemšanas vieta ugunsdzēsībai U981,Ut;200 (U981),200,714091.4955296507,218164.5666672364
52366,Ūdens ņemšanas vieta ugunsdzēsībai U982,Ut; (U982),,714113.6791179525,218032.43098278716
52367,Ūdens ņemšanas vieta ugunsdzēsībai U983,Ut; (U983),,713308.8064876348,220454.70213557035
52368,Ūdens ņemšanas vieta ugunsdzēsībai U984,Ut; (U984),,712170.2568911724,221308.73523508757
52369,Ūdens ņemšanas vieta ugunsdzēsībai U985,Ut; (U985),,711906.6330154268,221633.31469085068
52370,Ūdens ņemšanas vieta ugunsdzēsībai U986,Ut; (U986),,710953.4801394017,223094.6296043098
52371,Ūdens ņemšanas vieta ugunsdzēsībai U987,Ut; (U987),,710739.5945448633,232139.99665160105
52372,Ūdens ņemšanas vieta ugunsdzēsībai U988,Ut; (U988),,713333.0717332577,230977.1426360309
52373,Ūdens ņemšanas vieta ugunsdzēsībai U989,Ut; (U989),,720444.8465925595,230575.81647454202
52374,Ūdens ņemšanas vieta ugunsdzēsībai U990,Ut; (U990),,723281.1073325202,227789.43817164376
52375,Ūdens ņemšanas vieta ugunsdzēsībai U991,Ut; (U991),,726943.0288739409,232309.83769008145
52376,Ūdens ņemšanas vieta ugunsdzēsībai U992,Ut; (U992),,726270.8830423225,232766.813669499
52377,Ūdens ņemšanas vieta ugunsdzēsībai U993,Ut; (U993),,724981.2229506448,190777.04265785217
52378,Ūdens ņemšanas vieta ugunsdzēsībai U994,Ut; (U994),,725043.3917171881,189847.9108272232
52379,Ūdens ņemšanas vieta ugunsdzēsībai U995,Ut; (U995),,722290.0685321745,188321.4058100395
52380,Ūdens ņemšanas vieta ugunsdzēsībai U996,Ut; (U996),,685714.0807736972,197321.9501341693
52381,Ūdens ņemšanas vieta ugunsdzēsībai U997,Ut; (U997),,695048.8026426174,198884.6653469093
52382,Ūdens ņemšanas vieta ugunsdzēsībai U998,Ut; (U998),,706567.4978530379,191910.47068800777
52383,Ūdens ņemšanas vieta ugunsdzēsībai U999,Ut; (U999),,706548.8869064488,191788.85173785686
52384,Ūdens ņemšanas vieta ugunsdzēsībai U1000,Ut; (U1000),,697249.6089740768,199074.38503872976
52385,Ūdens ņemšanas vieta ugunsdzēsībai U1001,Ut; (U1001),,698736.8367679277,200743.2987846434
52386,Ūdens ņemšanas vieta ugunsdzēsībai U1002,Ut; (U1002),,698728.6289143134,199371.20544953272
52387,Ūdens ņemšanas vieta ugunsdzēsībai U1003,Ut;400 (U1003),400,696231.9636403732,337779.8632958606
52388,Ūdens ņemšanas vieta ugunsdzēsībai U1004,Ut;400 (U1004),400,697179.5517561994,337821.9562014416
52389,Ūdens ņemšanas vieta ugunsdzēsībai U1005,Ut;200 (U1005),200,696024.2590356953,337686.35958166793
52390,Ūdens ņemšanas vieta ugunsdzēsībai U1006,Ut; (U1006),,697297.8558384599,337109.1207726076
52391,Ūdens ņemšanas vieta ugunsdzēsībai U1007,Ut;400 (U1007),400,696826.4142546328,337743.0878010653
52392,Ūdens ņemšanas vieta ugunsdzēsībai U1008,Ut;400 (U1008),400,696230.0243503246,337572.2759691961
52393,Ūdens ņemšanas vieta ugunsdzēsībai U1009,Ut;200 (U1009),200,696307.8896553582,337386.99608072266
52394,Ūdens ņemšanas vieta ugunsdzēsībai U1010,Ut;200 (U1010),200,696679.0591146881,337937.4193680398
52395,Ūdens ņemšanas vieta ugunsdzēsībai U1011,Ut; (U1011),,696826.2414256483,332093.97681906447
52396,Ūdens ņemšanas vieta ugunsdzēsībai U1012,Ut; (U1012),,712172.1054439116,327571.89656959847
52397,Ūdens ņemšanas vieta ugunsdzēsībai U1013,Ut;200 (U1013),200,721603.9629334388,316859.49227275327
52398,Ūdens ņemšanas vieta ugunsdzēsībai U1014,Ut;400 (U1014),400,704674.7616297808,311468.53555999696
52399,Ūdens ņemšanas vieta ugunsdzēsībai U1015,Ut;200 (U1015),200,704822.3002689984,311432.4214773923
52400,Ūdens ņemšanas vieta ugunsdzēsībai U1016,Ut;200 (U1016),200,710898.1091542486,316754.3284510523
52401,Ūdens ņemšanas vieta ugunsdzēsībai U1017,Ut; (U1017),,688991.6386385877,300569.86462116614
52402,Ūdens ņemšanas vieta ugunsdzēsībai U1018,Ut;400 (U1018),400,687171.2366982903,312907.7487130575
52403,Ūdens ņemšanas vieta ugunsdzēsībai U1019,Ut;200 (U1019),200,688966.0121869501,320721.31216550246
52404,Ūdens ņemšanas vieta ugunsdzēsībai U1020,Ut; (U1020),,690122.8543786714,320780.3242455162
52405,Ūdens ņemšanas vieta ugunsdzēsībai U1021,Ut;200 (U1021),200,689959.0068645813,321884.50729502365
52406,Ūdens ņemšanas vieta ugunsdzēsībai U1022,Ut; (U1022),,689817.5706840772,323386.14896169305
52407,Ūdens ņemšanas vieta ugunsdzēsībai U1023,Ut;200 (U1023),200,690897.5007529836,323228.29995195195
52408,Ūdens ņemšanas vieta ugunsdzēsībai U1024,Ut;200 (U1024),200,700353.1982060978,345919.7206051983
52409,Ūdens ņemšanas vieta ugunsdzēsībai U1025,Ut;200 (U1025),200,701229.7309427401,346690.45621835813
52410,Ūdens ņemšanas vieta ugunsdzēsībai U1026,Ut;500 (U1026),500,721709.3092657998,344571.3704778068
52411,Ūdens ņemšanas vieta ugunsdzēsībai U1027,Ut;100 (U1027),100,722110.8249573074,344425.70996505395
52412,Ūdens ņemšanas vieta ugunsdzēsībai U1028,Ut;200 (U1028),200,721905.6360755833,345297.76145005226
52413,Ūdens ņemšanas vieta ugunsdzēsībai U1029,Ut;300 (U1029),300,721883.0381653346,344001.35895710066
52414,Ūdens ņemšanas vieta ugunsdzēsībai U1030,Ut;350 (U1030),350,722496.8685204778,343104.9737640396
52415,Ūdens ņemšanas vieta ugunsdzēsībai U1031,Ut;200 (U1031),200,722843.2254990432,343266.16316819936
52416,Ūdens ņemšanas vieta ugunsdzēsībai U1032,Ut; (U1032),,722581.8585416116,344426.4072542861
52417,Ūdens ņemšanas vieta ugunsdzēsībai U1033,Ut;400 (U1033),400,721285.2750340858,352902.24065068364
52418,Ūdens ņemšanas vieta ugunsdzēsībai U1034,Ut;500 (U1034),500,721528.4067978542,352534.31286354735
52419,Ūdens ņemšanas vieta ugunsdzēsībai U1035,Ut;200 (U1035),200,710677.4950000122,348666.4093561284
52420,Ūdens ņemšanas vieta ugunsdzēsībai U1036,Ut;500 (U1036),500,710974.8935864791,348960.4927639663
52421,Ūdens ņemšanas vieta ugunsdzēsībai U1037,Ut;400 (U1037),400,710765.9921987094,349724.20915749297
52422,Ūdens ņemšanas vieta ugunsdzēsībai U1038,Ut;500 (U1038),500,719193.7872797055,327739.6610917114
52423,Ūdens ņemšanas vieta ugunsdzēsībai U1039,Ut;800 (U1039),800,719381.4710440421,328118.2436505817
52424,Ūdens ņemšanas vieta ugunsdzēsībai U1040,Ut;2000 (U1040),2000,720907.0533450879,329593.70684346557
52425,Ūdens ņemšanas vieta ugunsdzēsībai U1041,Ut; (U1041),,721177.0170977265,326184.47121598944
52426,Ūdens ņemšanas vieta ugunsdzēsībai U1042,Ut;400 (U1042),400,721092.9603161784,325860.86099633947
52427,Ūdens ņemšanas vieta ugunsdzēsībai U1043,Ut; (U1043),,429361.73702927306,373358.68248942867
52428,Ūdens ņemšanas vieta ugunsdzēsībai U1044,Ut; (U1044),,428800.7845652029,373182.83691736683
52429,Ūdens ņemšanas vieta ugunsdzēsībai U1045,Ut; (U1045),,429264.78310631774,372667.44866933674
52430,Ūdens ņemšanas vieta ugunsdzēsībai U1046,Ut;70 (U1046),70,434122.65282929875,367597.18747961894
52431,Ūdens ņemšanas vieta ugunsdzēsībai U1047,Ut;55 (U1047),55,436930.91582291294,363615.6484704353
52432,Ūdens ņemšanas vieta ugunsdzēsībai U1048,Ut; (U1048),,423847.4741471773,372796.1116149388
52433,Ūdens ņemšanas vieta ugunsdzēsībai U1049,Ut; (U1049),,423194.17105779704,373213.59185340255
52434,Ūdens ņemšanas vieta ugunsdzēsībai U1050,Ut;70 (U1050),70,419394.62746576034,381654.19064848125
52435,Ūdens ņemšanas vieta ugunsdzēsībai U1051,Ut; (U1051),,417908.84412848856,382478.94563631713
52436,Ūdens ņemšanas vieta ugunsdzēsībai U1052,Ut;50 (U1052),50,424687.1416840218,344018.6474403627
52437,Ūdens ņemšanas vieta ugunsdzēsībai U1053,Ut;50 (U1053),50,425049.13684532885,343541.82164066285
52438,Ūdens ņemšanas vieta ugunsdzēsībai U1054,Ut;50 (U1054),50,425298.7141436115,341768.11679589003
52439,Ūdens ņemšanas vieta ugunsdzēsībai U1055,Ut;50 (U1055),50,424884.70156502165,343538.6972503625
52440,Ūdens ņemšanas vieta ugunsdzēsībai U1056,Ut;50 (U1056),50,424678.0812657252,343523.8809720464
52441,Ūdens ņemšanas vieta ugunsdzēsībai U1057,Ut; (U1057),,433176.9875287628,347001.83358677104
52442,Ūdens ņemšanas vieta ugunsdzēsībai U1058,Ut; (U1058),,423465.229055305,346676.3440246992
52443,Ūdens ņemšanas vieta ugunsdzēsībai U1059,Ut; (U1059),,430361.63375207037,339285.49682079256
52444,Ūdens ņemšanas vieta ugunsdzēsībai U1060,Ut; (U1060),,430488.4885080792,338940.0893657543
52445,Ūdens ņemšanas vieta ugunsdzēsībai U1061,Ut; (U1061),,413631.3671143176,323843.00643222034
52446,Ūdens ņemšanas vieta ugunsdzēsībai U1062,Ut; (U1062),,412832.6725797672,323859.7409868203
52447,Ūdens ņemšanas vieta ugunsdzēsībai U1063,Ut; (U1063),,414398.417464979,323845.5640796125
52448,Ūdens ņemšanas vieta ugunsdzēsībai U1064,Ut; (U1064),,422782.9957103878,342745.63001864776
52449,Ūdens ņemšanas vieta ugunsdzēsībai U1065,Ut; (U1065),,400085.53807660006,395077.2127751224
52450,Ūdens ņemšanas vieta ugunsdzēsībai U1066,Ut;30 (U1066),30,399743.2983424617,394708.2379842326
52451,Ūdens ņemšanas vieta ugunsdzēsībai U1067,Ut; (U1067),,398414.85095968377,393278.03486352786
52452,Ūdens ņemšanas vieta ugunsdzēsībai U1068,Ut; (U1068),,398415.4717759732,393302.74484897405
52453,Ūdens ņemšanas vieta ugunsdzēsībai U1069,Ut; (U1069),,406942.1401214935,386446.3975085132
52454,Ūdens ņemšanas vieta ugunsdzēsībai U1070,Ut; (U1070),,404777.8480349947,379325.7523220219
52455,Ūdens ņemšanas vieta ugunsdzēsībai U1071,Ut; (U1071),,401353.0135139441,375620.8568044193
52456,Ūdens ņemšanas vieta ugunsdzēsībai U1072,Ut; (U1072),,396851.72289386485,374003.07498574257
52457,Ūdens ņemšanas vieta ugunsdzēsībai U1073,Ut; (U1073),,396628.4982990902,374067.5436860807
52458,Ūdens ņemšanas vieta ugunsdzēsībai U1074,Ut; (U1074),,400142.11373060197,373426.0900971107
52459,Ūdens ņemšanas vieta ugunsdzēsībai U1075,Ut; (U1075),,403911.70322478935,372933.22758549824
52460,Ūdens ņemšanas vieta ugunsdzēsībai U1076,Ut; (U1076),,395831.4721320085,383511.52752957866
52461,Ūdens ņemšanas vieta ugunsdzēsībai U1077,Ut; (U1077),,415248.5390116321,398640.79126439616
52462,Ūdens ņemšanas vieta ugunsdzēsībai U1078,Ut; (U1078),,409563.70353860594,399710.8033987768
52463,Ūdens ņemšanas vieta ugunsdzēsībai U1079,Ut; (U1079),,416201.1642788844,401315.1908143088
52464,Ūdens ņemšanas vieta ugunsdzēsībai U1080,Ut; (U1080),,415952.7991705956,401063.66998879984
52465,Ūdens ņemšanas vieta ugunsdzēsībai U1081,Ut; (U1081),,416078.60515941586,400510.3634012453
52466,Ūdens ņemšanas vieta ugunsdzēsībai U1082,Ut; (U1082),,381628.36603588425,376549.2470625378
52467,Ūdens ņemšanas vieta ugunsdzēsībai U1083,Ut; (U1083),,380878.3438414261,372480.6360985674
52468,Ūdens ņemšanas vieta ugunsdzēsībai U1084,Ut; (U1084),,381130.20894012135,372658.85383560136
52469,Ūdens ņemšanas vieta ugunsdzēsībai U1085,Ut; (U1085),,371317.0197124891,364537.0844372809
52470,Ūdens ņemšanas vieta ugunsdzēsībai U1086,Ut; (U1086),,371956.1192352455,363505.1544547789
52471,Ūdens ņemšanas vieta ugunsdzēsībai U1087,Ut; (U1087),,370578.40317107365,363365.9809314124
52472,Ūdens ņemšanas vieta ugunsdzēsībai U1088,Ut; (U1088),,383597.56513940915,358401.2823007107
52473,Ūdens ņemšanas vieta ugunsdzēsībai U1089,Ut; (U1089),,383598.0051534502,358416.75232505426
52474,Ūdens ņemšanas vieta ugunsdzēsībai U1090,Ut; (U1090),,383457.53989676107,358594.0655982867
52475,Ūdens ņemšanas vieta ugunsdzēsībai U1091,Ut; (U1091),,380552.08287438937,360289.86058732495
52476,Ūdens ņemšanas vieta ugunsdzēsībai U1092,Ut; (U1092),,382979.0198632069,358350.865610566
52477,Ūdens ņemšanas vieta ugunsdzēsībai U1093,Ut; (U1093),,358237.59731191304,356771.84052013233
52478,Ūdens ņemšanas vieta ugunsdzēsībai U1094,Ut; (U1094),,388986.71607490536,343456.87173656
52479,Ūdens ņemšanas vieta ugunsdzēsībai U1095,Ut; (U1095),,388663.9581035059,343314.01068420336
52480,Ūdens ņemšanas vieta ugunsdzēsībai U1096,Ut; (U1096),,388733.16111196205,342396.39836731553
52481,Ūdens ņemšanas vieta ugunsdzēsībai U1097,Ut; (U1097),,389375.2298252573,343987.80537348986
52482,Ūdens ņemšanas vieta ugunsdzēsībai U1098,Ut; (U1098),,346265.6150543699,345512.83859583363
52483,Ūdens ņemšanas vieta ugunsdzēsībai U1099,Ut; (U1099),,353353.1391937053,353916.8567527309
52484,Ūdens ņemšanas vieta ugunsdzēsībai U1100,Ut; (U1100),,353260.3186531868,354037.83963270485
52485,Ūdens ņemšanas vieta ugunsdzēsībai U1101,Ut; (U1101),,355721.7891451251,348246.4368090816
52486,Ūdens ņemšanas vieta ugunsdzēsībai U1102,Ut; (U1102),,355630.63336587604,345315.7012529038
52487,Ūdens ņemšanas vieta ugunsdzēsībai U1103,Ut; (U1103),,355663.6029407857,345203.1271783933
52488,Ūdens ņemšanas vieta ugunsdzēsībai U1104,Ut; (U1104),,356108.61221261136,345543.39083134383
52489,Ūdens ņemšanas vieta ugunsdzēsībai U1105,Ut; (U1105),,353546.2750173947,339239.6701966375
52490,Ūdens ņemšanas vieta ugunsdzēsībai U1106,Ut; (U1106),,368322.41961780004,333279.404497616
52491,Ūdens ņemšanas vieta ugunsdzēsībai U1107,Ut;25 (U1107),25,366792.19527123123,333894.7439193614
52492,Ūdens ņemšanas vieta ugunsdzēsībai U1108,Ut; (U1108),,365862.3962135259,335162.63583097234
52493,Ūdens ņemšanas vieta ugunsdzēsībai U1109,Ut; (U1109),,355250.15989317745,288623.93081608415
52494,Ūdens ņemšanas vieta ugunsdzēsībai U1110,Ut; (U1110),,351209.38060538657,289600.99352176115
52495,Ūdens ņemšanas vieta ugunsdzēsībai U1111,Ut; (U1111),,333907.9078299077,246533.01614953205
52496,Ūdens ņemšanas vieta ugunsdzēsībai U1112,Ut; (U1112),,324929.75472282525,269181.57831094787
52497,Ūdens ņemšanas vieta ugunsdzēsībai U1113,Ut; (U1113),,317293.8321897527,249406.34389241785
52498,Ūdens ņemšanas vieta ugunsdzēsībai U1114,Ut; (U1114),,318587.5956270173,248428.32237992436
52499,Ūdens ņemšanas vieta ugunsdzēsībai U1115,Ut; (U1115),,315684.0651797112,226813.96522011608
52500,Ūdens ņemšanas vieta ugunsdzēsībai U1116,Ut; (U1116),,323939.84702655487,227952.30910293385
52501,Ūdens ņemšanas vieta ugunsdzēsībai U1117,Ut; (U1117),,329403.91497487854,307829.7502884604
52502,Ūdens ņemšanas vieta ugunsdzēsībai U1118,Ut; (U1118),,328277.11061528046,287617.65820790455
52503,Ūdens ņemšanas vieta ugunsdzēsībai U1119,Ut; (U1119),,352208.8410818847,259699.36274127662
52504,Ūdens ņemšanas vieta ugunsdzēsībai U1120,Ut; (U1120),,352487.26357442886,259182.21218368039
52505,Ūdens ņemšanas vieta ugunsdzēsībai U1121,Ut; (U1121),,367531.20532534644,255705.3498404324
52506,Ūdens ņemšanas vieta ugunsdzēsībai U1122,Ut; (U1122),,338359.84047427867,274950.7120447643
52507,Ūdens ņemšanas vieta ugunsdzēsībai U1123,Ut; (U1123),,336935.8530927077,275794.8478064425
52508,Ūdens ņemšanas vieta ugunsdzēsībai U1124,Ut; (U1124),,516208.1436190307,315185.00985361636
52509,Ūdens ņemšanas vieta ugunsdzēsībai U1125,Ut; (U1125),,516289.04673265014,317801.2618098296
52510,Ūdens ņemšanas vieta ugunsdzēsībai U1126,Ut; (U1126),,515472.27198853064,317368.3431035057
52511,Ūdens ņemšanas vieta ugunsdzēsībai U1127,Ut; (U1127),,512377.2722173827,319126.66131899506
52512,Ūdens ņemšanas vieta ugunsdzēsībai U1128,Ut; (U1128),,510169.0544797564,321983.9377378896
52513,Ūdens ņemšanas vieta ugunsdzēsībai U1129,Ut; (U1129),,510135.87288363837,322475.5417793989
52514,Ūdens ņemšanas vieta ugunsdzēsībai U1130,Ut; (U1130),,509277.7998623671,323299.1666154526
52515,Ūdens ņemšanas vieta ugunsdzēsībai U1131,Ut; (U1131),,507615.0381476991,322191.8503475897
