id,nosaukums,adrese,tips,telefons,licence,x,y
353432,"SIA ""LATVIJAS APTIEKA"" Latvijas aptieka 83","Aleksandra Čaka iela 58, Rīga, LV-1011",Vispārēja tipa aptieka,20377470,A00003,24.13377,56.95479
336533,SIA “LATVIJAS APTIEKA” Latvijas aptieka 68,"Latgales iela 41, Rēzekne, LV-4601",Vispārēja tipa aptieka,22306457,A00005,27.33346,56.49984
353268,SIA “LATVIJAS APTIEKA” Latvijas aptieka 70,"Augusta Deglava iela 2-1, Rīga, LV-1009",Vispārēja tipa aptieka,20377612,A00006,24.14701,56.95344
319809,"Sabiedrība ar ierobežotu atbildību ""IkLat Serviss"" Valdeķu aptieka","Dižozolu iela 17, Rīga, LV-1058",Vispārēja tipa aptieka,20015214,A00008,24.09687,56.90325
235886,Apotheka SIA Apotheka 21,"Rītupes iela 2, Rīga, LV-1019",Vispārēja tipa aptieka,67140773,A00009,24.16806,56.93192
267754,BENU Aptieka Latvija SIA BENU aptieka-48,"Stirnu iela 39 k-1, Rīga, LV-1084",Vispārēja tipa aptieka,67597438,A00010,24.18819,56.96122
336559,SIA “LATVIJAS APTIEKA” Latvijas aptieka 65,"Lidotāju iela 26-38, Ventspils, LV-3602",Vispārēja tipa aptieka,63661047,A00011,21.59079,57.40315
234057,Apotheka SIA Apotheka 88,"Pils iela 9B, Alūksne, Alūksnes nov., LV-4301",Vispārēja tipa aptieka,64321980,A00012,27.03972,57.42932
348044,AS “SENTOR FARM APTIEKAS” Mēness aptieka 186,"Cietokšņa iela 60, Daugavpils, LV-5400",Vispārēja tipa aptieka,28808158,A00013,26.51791,55.87359
351432,AS “SENTOR FARM APTIEKAS” Mēness aptieka 224,"Odzienas iela 1, Pļaviņas, Aizkraukles nov., LV-5120",Vispārēja tipa aptieka,26019833,A00015,25.72084,56.61656
253061,AS “SENTOR FARM APTIEKAS” Mēness aptieka 16,"Imantas 15.līnija 7, Rīga, LV-1029",Vispārēja tipa aptieka,20377437,A00016,24.01208,56.94475
361386,AS “SENTOR FARM APTIEKAS” Mēness aptieka 130,"Linezera iela 3, Rīga, LV-1050",Vispārēja tipa aptieka,20377484,A00019,24.19784,56.97655
262745,AS “SENTOR FARM APTIEKAS” Mēness aptieka 144,"Brīvības iela 22, Ogre, Ogres nov., LV-5001",Vispārēja tipa aptieka,20377492,A00021,24.60514,56.81674
322709,Sabiedrība ar ierobežotu atbildību “MAZSALACAS APTIEKA”,"Baznīcas iela 19, Mazsalaca, Valmieras nov., LV-4215",Vispārēja tipa aptieka,64251031,A00022,25.06043,57.85874
313494,Apotheka SIA Apotheka 111,"Pulkveža Brieža iela 8-35, Rīga, LV-1010",Vispārēja tipa aptieka,63013016,A00025,24.10596,56.9597
307807,AS “SENTOR FARM APTIEKAS” Mēness aptieka 99,"Biķernieku iela 160, Rīga, LV-1079",Vispārēja tipa aptieka,26951326,A00027,24.25617,56.95683
343819,AS “SENTOR FARM APTIEKAS” Zviedru aptieka,"Stacijas laukums 2, Rīga, LV-1050",Vispārēja tipa aptieka,20377548,A00028,24.11994,56.94778
304865,AS “SENTOR FARM APTIEKAS” Mēness aptieka 64,"Vaidelotes iela 14, Rīga, LV-1055",Vispārēja tipa aptieka,20377547,A00029,24.05213,56.96576
359822,AS “SENTOR FARM APTIEKAS” Mēness aptieka 139,"Mežrozīšu iela 43, Rīga, LV-1016",Vispārēja tipa aptieka,25908047,A00030,24.049683,57.030392
348487,AS “SENTOR FARM APTIEKAS” Mēness aptieka 220,"Vidzemes šoseja 16, Sigulda, Siguldas nov., LV-2150",Vispārēja tipa aptieka,20377508,A00032,24.85966,57.14472
284657,AS “SENTOR FARM APTIEKAS” Mēness aptieka 172,"Lāčplēša iela 5, Aizkraukle, Aizkraukles nov., LV-5101",Vispārēja tipa aptieka,20377449,A00033,25.25641,56.60134
334941,AS “SENTOR FARM APTIEKAS” Mēness aptieka 209,"Stacijas iela 49-46, Ludza, Ludzas nov., LV-5701",Vispārēja tipa aptieka,20377629,A00036,27.72012,56.54223
290258,AS “SENTOR FARM APTIEKAS” Mēness aptieka 150,"Galvenā iela 1, Priekule, Dienvidkurzemes nov., LV-3434",Vispārēja tipa aptieka,20377544,A00037,21.58516,56.44738
288811,AS “SENTOR FARM APTIEKAS” Mēness aptieka 154,"Lielā iela 74, Grobiņa, Dienvidkurzemes nov., LV-3430",Vispārēja tipa aptieka,20032306,A00038,21.16826,56.53481
347011,AS “SENTOR FARM APTIEKAS” Mēness aptieka 30,"Liepājas iela 37, Kuldīga, Kuldīgas nov., LV-3301",Vispārēja tipa aptieka,20377563,A00039,21.96311,56.96865
267860,AS “SENTOR FARM APTIEKAS” Mēness aptieka 58,"Tārgales iela 63, Ventspils, LV-3601",Vispārēja tipa aptieka,20377439,A00040,21.60543,57.40004
348943,AS “SENTOR FARM APTIEKAS” Mēness aptieka 149,"Grostonas iela 1, Rīga, LV-1010",Vispārēja tipa aptieka,20377456,A00041,24.11991,56.96436
310637,AS “SENTOR FARM APTIEKAS” Mēness aptieka 126,"Zeiferta iela 12, Olaine, Olaines nov., LV-2114",Vispārēja tipa aptieka,20377598,A00042,23.93865,56.78943
343196,AS “SENTOR FARM APTIEKAS” Mēness aptieka 21,"Jomas iela 37, Jūrmala, LV-2015",Vispārēja tipa aptieka,20377589,A00043,23.79982,56.97325
327482,AS “SENTOR FARM APTIEKAS” Mēness aptieka 74,"Raiņa iela 112B, Jūrmala, LV-2016",Vispārēja tipa aptieka,20377588,A00044,23.61071,56.95973
300367,AS “SENTOR FARM APTIEKAS” Mēness aptieka 87,"Voldemāra Ruģēna iela 2, Talsi, Talsu nov., LV-3201",Vispārēja tipa aptieka,20377565,A00045,22.59987,57.24392
344620,AS “SENTOR FARM APTIEKAS” Mēness aptieka 110,"Stabu iela 100-1A, Rīga, LV-1009",Vispārēja tipa aptieka,27027184,A00046,24.14217,56.94954
349503,AS “SENTOR FARM APTIEKAS” Mēness aptieka 218,"Pulkveža Brieža iela 11, Liepāja, LV-3414",Vispārēja tipa aptieka,27011519,A00048,21.01554,56.55263
355536,"EUROAPTIEKA FARMĀCIJA, SIA aptieka - 15","Cietokšņa iela 60, Daugavpils, LV-5401",Vispārēja tipa aptieka,65427761,A00049,26.51752,55.87395
357560,AS “SENTOR FARM APTIEKAS” Mēness aptieka 88,"Stacijas iela 9, Bēne, Bēnes pag., Dobeles nov., LV-3711",Vispārēja tipa aptieka,26950214,A00051,23.06722,56.48211
277276,AS “SENTOR FARM APTIEKAS” Mēness aptieka 50,"Rēzeknes iela 15a-1A, Daugavpils, LV-5421",Vispārēja tipa aptieka,22326777,A00052,26.52639,55.90561
232541,Apotheka SIA Apotheka 73,"Daugavas iela 27, Mārupe, Mārupes nov., LV-2167",Vispārēja tipa aptieka,"67934504, 28448940",A00053,24.05671,56.90566
353354,"SIA ""LATVIJAS APTIEKA"" Latvijas aptieka 75","Juglas krastmala 2, Rīga, LV-1024",Vispārēja tipa aptieka,20377528,A00054,24.24516,56.98969
323200,AS “SENTOR FARM APTIEKAS” Mēness aptieka 187,"Patversmes iela 2-2, Rīga, LV-1005",Vispārēja tipa aptieka,20377523,A00055,24.12662,56.99456
337869,"Sabiedrība ar ierobežotu atbildību “Zeltkalnes aptieka""","Raiņa iela 28, Balvi, Balvu nov., LV-4501",Vispārēja tipa aptieka,64522117,A00057,27.25727,57.12819
272585,AS “SENTOR FARM APTIEKAS” Mēness aptieka 158,"Raiņa iela 5, Lielvārde, Ogres nov., LV-5070",Vispārēja tipa aptieka,65053168,A00058,24.81006,56.71592
210579,"SIA ""Gunda OK"" Ulbrokas aptieka","Institūta iela 4-26, Ulbroka, Stopiņu pag., Ropažu nov., LV-2130",Vispārēja tipa aptieka,67910947,A00059,24.27878,56.94352
354486,Apotheka SIA Apotheka 4,"Rēzeknes iela 3, Rīga, LV-1073",Vispārēja tipa aptieka,67241523,A00060,24.17287,56.93426
280916,Apotheka SIA Apotheka 92,"Jumaras iela 195, Valmiera, Valmieras nov., LV-4201",Vispārēja tipa aptieka,64229051,A00061,25.38506,57.51878
337112,Apotheka SIA Apotheka 9,"Vaļņu iela 11-3, Rīga, LV-1050",Vispārēja tipa aptieka,67215101,A00062,24.11066,56.94998
235863,Apotheka SIA Apotheka 14,"Mīlgrāvja iela 14, Rīga, LV-1034",Vispārēja tipa aptieka,67204428,A00063,24.13939,57.02562
331621,AS “SENTOR FARM APTIEKAS” Mēness aptieka 116,"Melīdas iela 10, Rīga, LV-1015",Vispārēja tipa aptieka,29634303,A00064,24.11309,57.03261
353335,"SIA ""LATVIJAS APTIEKA"" Latvijas aptieka 74","Andreja Saharova iela 16, Rīga, LV-1021",Vispārēja tipa aptieka,20377608,A00065,24.20465,56.93786
263155,Apotheka SIA Apotheka 71,"Baznīcas iela 1, Auce, Dobeles nov., LV-3708",Vispārēja tipa aptieka,63745164,A00066,22.892085,56.464899
311692,Sabiedrība ar ierobežotu atbildību “UNION MED” aptieka,"Baznīcas laukums 6, Smiltene, Smiltenes nov., LV-4729",Vispārēja tipa aptieka,"64772113, 64772112",A00067,25.90367,57.42495
275788,BENU Aptieka Latvija SIA BENU aptieka-30,"Ganību iela 175/177, Liepāja, LV-3407",Vispārēja tipa aptieka,63484238,A00072,21.01688,56.48634
354422,Apotheka SIA Apotheka 8,"Kārļa Ulmaņa gatve 122, Rīga, LV-1029",Vispārēja tipa aptieka,67404816,A00075,24.00036,56.94044
336506,SIA “LATVIJAS APTIEKA” Latvijas aptieka 40,"Valkas iela 5, Daugavpils, LV-5417",Vispārēja tipa aptieka,27012089,A00079,26.55825,55.88099
335790,SIA “LATVIJAS APTIEKA” Latvijas aptieka 38,"Kandavas iela 4-1B, Daugavpils, LV-5400",Vispārēja tipa aptieka,26003376,A00080,26.51431,55.87324
337380,AS “SENTOR FARM APTIEKAS” Kamēlijas aptieka,"Brīvības iela 74-26, Rīga, LV-1011",Vispārēja tipa aptieka,20377466,A00082,24.12454,56.95795
292896,SIA “ANDREJA APTIEKA”,"Tirgoņu iela 15, Liepāja, LV-3401",Vispārēja tipa aptieka,64222244,A00084,21.00979,56.50688
278880,SIA “VESELĪBA PLUSS” aptieka “Ritms”,"Ziemeļu iela 19, Liepāja, LV-3401",Vispārēja tipa aptieka,63441416,A00085,21.01976,56.53786
355130,AS “SENTOR FARM APTIEKAS” Mēness aptieka 63,"Talsu šoseja 29, Jūrmala, LV-2016",Vispārēja tipa aptieka,20377586,A00086,23.61571,56.96109
232470,Apotheka SIA Apotheka 5,"Anniņmuižas bulvāris 90, Rīga, LV-1029",Vispārēja tipa aptieka,67818001,A00087,24.00802,56.95444
336197,Apotheka SIA Apotheka 7,"Kokneses prospekts 18, Rīga, LV-1014",Vispārēja tipa aptieka,67518446,A00088,24.15999,57.00094
274050,Apotheka SIA Apotheka 34,"Kārļa Zāles laukums 8, Liepāja, LV-3401",Vispārēja tipa aptieka,63424104,A00089,21.01697,56.51134
348663,AS “SENTOR FARM APTIEKAS” Mēness aptieka 178,"Pasta iela 14, Tukums, Tukuma nov., LV-3100",Vispārēja tipa aptieka,20377519,A00092,23.15771,56.96755
280438,"SIA ""MAIJA APTIEKA"" aptieka","1.maija laukums 3, Skrunda, Kuldīgas nov., LV-3326",Vispārēja tipa aptieka,63350065,A00093,22.0142,56.676
336530,SIA “LATVIJAS APTIEKA” Latvijas aptieka 61,"J.Poruka iela 13-71, Ventspils, LV-3601",Vispārēja tipa aptieka,22317819,A00094,21.54741,57.38592
355553,"EUROAPTIEKA FARMĀCIJA, SIA aptieka - 16","Ieriķu iela 3, Rīga, LV-1084",Vispārēja tipa aptieka,67631621,A00095,24.16496,56.96637
279383,BENU Aptieka Latvija SIA BENU aptieka-23,"Brīvības iela 38-1, Rīga, LV-1050",Vispārēja tipa aptieka,67289761,A00096,24.11853,56.95445
352672,BENU Aptieka Latvija SIA BENU aptieka – 19,"Slokas iela 161, Rīga, LV-1067",Vispārēja tipa aptieka,67441449,A00097,24.03364,56.96062
208603,SIA “SAULES APTIEKA” Saules aptieka 10,"Brīvības iela 68-9, Rīga, LV-1011",Vispārēja tipa aptieka,67506927,A00098,24.12365,56.95735
352276,Sabiedrības ar ierobežotu atbildību “INTA” aptieka,"Kalēju iela 4, Smiltene, Smiltenes nov., LV-4729",Vispārēja tipa aptieka,64773733,A00100,25.89661,57.42606
269452,Sabiedrība ar ierobežotu atbildību “VIAFARMA” Sauriešu aptieka,"Līdumnieku iela 1-53, Saurieši, Stopiņu pag., Ropažu nov., LV-2118",Vispārēja tipa aptieka,67956156,A00101,24.36061,56.91906
284079,Apotheka SIA Apotheka 96,"Rīgas iela 10, Ropaži, Ropažu pag., Ropažu nov., LV-2135",Vispārēja tipa aptieka,67918322,A00104,24.63494,56.9721
353367,"SIA ""LATVIJAS APTIEKA"" Latvijas aptieka 76","Kūdras iela 8B, Rīga, LV-1083",Vispārēja tipa aptieka,20377617,A00105,24.05356,56.94735
347162,BENU Aptieka Latvija SIA BENU aptieka - 55,"Miera iela 45, Rīga, LV-1013",Vispārēja tipa aptieka,67011208,A00106,24.13345,56.96686
344972,BENU Aptieka Latvija SIA BENU aptieka - 64,"Rīgas iela 7, Cēsis, Cēsu nov., LV-4101",Vispārēja tipa aptieka,64122652,A00107,25.27389,57.31211
266370,BENU Aptieka Latvija SIA BENU aptieka -29,"Ganību iela 8, Ventspils, LV-3601",Vispārēja tipa aptieka,63625513,A00110,21.56326,57.39188
313239,BENU Aptieka Latvija SIA BENU aptieka – 27,"Aleksandra Čaka iela 104, Rīga, LV-1011",Vispārēja tipa aptieka,67314211,A00111,24.14173,56.95894
341791,BENU Aptieka Latvija SIA BENU aptieka–17,"Stabu iela 2A-2N, Rīga, LV-1010",Vispārēja tipa aptieka,67842240,A00112,24.12152,56.95952
324304,Sabiedrības ar ierobežotu atbildību “ASJ” Euroaptieka - 43,"Cietokšņa iela 72A, Daugavpils, LV-5401",Vispārēja tipa aptieka,65457486,A00114,26.51458,55.87654
355551,"EUROAPTIEKA FARMĀCIJA, SIA aptieka - 20","Anniņmuižas bulvāris 40A, Rīga, LV-1069",Vispārēja tipa aptieka,67425201,A00115,24.01248,56.96066
349783,AS “SENTOR FARM APTIEKAS” Mēness aptieka 207,"Rīgas iela 14, Baloži, Ķekavas nov., LV-2112",Vispārēja tipa aptieka,20377469,A00116,24.11846,56.87534
338581,AS “SENTOR FARM APTIEKAS” Mēness aptieka 211,"Īslīces iela 7, Rīga, LV-1058",Vispārēja tipa aptieka,20392879,A00118,24.08425,56.90012
314688,AS “SENTOR FARM APTIEKAS” Mēness aptieka 164,"Rīgas iela 48, Salaspils, Salaspils nov., LV-2169",Vispārēja tipa aptieka,20377600,A00119,24.354485,56.872223
208869,"AS ""SENTOR FARM APTIEKAS"" Daugavas aptieka","Viestura iela 60, Daugavpils, LV-5401",Vispārēja tipa aptieka,20377453,A00120,26.52404,55.87215
343137,AS “SENTOR FARM APTIEKAS” Mēness aptieka 72,"Stadiona iela 1, Jēkabpils, Jēkabpils nov., LV-5201",Vispārēja tipa aptieka,20377537,A00122,25.83946,56.49863
287768,AS “SENTOR FARM APTIEKAS” Mēness aptieka 146,"Cietokšņa iela 46, Daugavpils, LV-5400",Vispārēja tipa aptieka,27025515,A00125,26.51984,55.8716
354804,AS “SENTOR FARM APTIEKAS” Mēness aptieka 124,"Stacijas laukums 4, Rīga, LV-1050",Vispārēja tipa aptieka,20377545,A00126,24.12131,56.94741
334530,AS “SENTOR FARM APTIEKAS” Mēness aptieka 98,"Brīvības iela 90, Rīga, LV-1001",Vispārēja tipa aptieka,20377573,A00127,24.12931,56.95962
270506,AS “SENTOR FARM APTIEKAS” Mēness aptieka 120,"Viestura iela 10, Daugavpils, LV-5400",Vispārēja tipa aptieka,20377451,A00128,26.52494,55.87137
361815,AS “SENTOR FARM APTIEKAS” Mēness aptieka 182,"Nometņu iela 63-8, Rīga, LV-1002",Vispārēja tipa aptieka,20377603,A00129,24.07063,56.93598
303181,AS “SENTOR FARM APTIEKAS” Mēness aptieka 134,"Bauskas iela 108, Daugavpils, LV-5417",Vispārēja tipa aptieka,20377460,A00130,26.56213,55.88056
227696,AS “SENTOR FARM APTIEKAS” Mēness aptieka 38,"Rūpnīcas iela 7, Rēzekne, LV-4604",Vispārēja tipa aptieka,20377530,A00131,27.34739,56.5264
273167,AS “SENTOR FARM APTIEKAS” Mēness aptieka 143,"Vienības iela 7, Jēkabpils, Jēkabpils nov., LV-5201",Vispārēja tipa aptieka,20377536,A00132,25.87828,56.49556
325861,AS “SENTOR FARM APTIEKAS” Mēness aptieka 93,"Rusova iela 1, Rīga, LV-1026",Vispārēja tipa aptieka,20377514,A00133,24.167015,56.989887
321063,AS “SENTOR FARM APTIEKAS” Mēness aptieka 53,"Valdeķu iela 10, Rīga, LV-1004",Vispārēja tipa aptieka,29625433,A00135,24.09753,56.91599
325784,AS “SENTOR FARM APTIEKAS” Mēness aptieka 18,"Skanstes iela 25, Rīga, LV-1013",Vispārēja tipa aptieka,27002588,A00136,24.12125,56.97077
301868,AS “SENTOR FARM APTIEKAS” Mēness aptieka 90,"Brīvības iela 95, Liepāja, LV-3400",Vispārēja tipa aptieka,20377517,A00137,21.02538,56.52394
327743,AS “SENTOR FARM APTIEKAS” Mēness aptieka 104,"Mūkusalas iela 41B, Rīga, LV-1004",Vispārēja tipa aptieka,20377450,A00138,24.10201,56.93527
266842,AS “SENTOR FARM APTIEKAS” Mēness aptieka 75,"Matīsa iela 25, Rīga, LV-1001",Vispārēja tipa aptieka,20377431,A00139,24.13442,56.95706
347116,AS “SENTOR FARM APTIEKAS” Mēness aptieka 40,"Centrāltirgus iela 1, Rīga, LV-1050",Vispārēja tipa aptieka,20377579,A00140,24.11703,56.94489
311188,AS “SENTOR FARM APTIEKAS” Mēness aptieka 195,"Latgales iela 256B, Rīga, LV-1063",Vispārēja tipa aptieka,26951258,A00141,24.17792,56.91115
302848,AS “SENTOR FARM APTIEKAS” Mēness aptieka 180,"Tilta iela 1, Rīga, LV-1005",Vispārēja tipa aptieka,20377524,A00142,24.12575,56.99497
306955,AS “SENTOR FARM APTIEKAS” Mēness aptieka 109,"Krasta iela 79, Rīga, LV-1003",Vispārēja tipa aptieka,27019909,A00143,24.146717,56.931845
312730,AS “SENTOR FARM APTIEKAS” Mēness aptieka 62,"Bruņinieku iela 8-16, Rīga, LV-1010",Vispārēja tipa aptieka,20377440,A00144,24.12491,56.9597
360803,AS “SENTOR FARM APTIEKAS” Mēness aptieka 26,"13.janvāra iela 8, Rīga, LV-1050",Vispārēja tipa aptieka,20377494,A00145,24.11705,56.94611
260211,AS “SENTOR FARM APTIEKAS” Mēness aptieka 34,"Centrāltirgus iela 3, Rīga, LV-1029",Vispārēja tipa aptieka,20377505,A00146,24.11483,56.94369
353064,AS “SENTOR FARM APTIEKAS” Mēness aptieka 12,"Tīraines iela 15, Rīga, LV-1058",Vispārēja tipa aptieka,20377487,A00147,24.07333,56.88134
317147,"SIA ""Contract Pharma"" Saules aptieka 3","Krūzes iela 38, Rīga, LV-1004",Vispārēja tipa aptieka,67809858,A00148,24.060561,56.928836
329340,SIA “LATVIJAS APTIEKA” Latvijas aptieka 19,"Latgales iela 398, Rīga, LV-1063",Vispārēja tipa aptieka,28236773,A00149,24.20436,56.89924
210160,AS “SENTOR FARM APTIEKAS” Mēness aptieka 91,"Lielā Dzirnavu iela 24, Ventspils, LV-3600",Vispārēja tipa aptieka,20377509,A00150,21.56068,57.39032
323271,AS “SENTOR FARM APTIEKAS” Mēness aptieka 46,"Varšavas iela 43A, Daugavpils, LV-5404",Vispārēja tipa aptieka,20377622,A00152,26.53377,55.87668
291367,AS “SENTOR FARM APTIEKAS” Mēness aptieka 177,"Krasta iela 46, Rīga, LV-1009",Vispārēja tipa aptieka,27002847,A00156,24.14275,56.93492
316522,AS “SENTOR FARM APTIEKAS” Mēness aptieka 85,"Latgales iela 357, Rīga, LV-1063",Vispārēja tipa aptieka,20377613,A00157,24.19082,56.90597
347127,AS “SENTOR FARM APTIEKAS” Mēness aptieka 166,"Stendes iela 1 k-4, Rīga, LV-1046",Vispārēja tipa aptieka,25905889,A00158,24.04064,56.94060
334252,AS “SENTOR FARM APTIEKAS” Mēness aptieka 145,"Nīcgales iela 2, Rīga, LV-1035",Vispārēja tipa aptieka,20377486,A00159,24.17465,56.95941
362911,AS “SENTOR FARM APTIEKAS” Mēness aptieka 10,"Katoļu iela 18, Jelgava, LV-3000",Vispārēja tipa aptieka,20377594,A00160,23.72623,56.64756
290493,AS “SENTOR FARM APTIEKAS” Mēness aptieka 56,"Ropažu iela 62, Rīga, LV-1006",Vispārēja tipa aptieka,20377485,A00161,24.18154,56.9812
355166,AS “SENTOR FARM APTIEKAS” Mēness aptieka 71,"Brīvības gatve 372-1, Rīga, LV-1006",Vispārēja tipa aptieka,20377578,A00162,24.20388,56.98217
320089,AS “SENTOR FARM APTIEKAS” Mēness aptieka 136,"Juglas iela 20, Rīga, LV-1079",Vispārēja tipa aptieka,20377526,A00163,24.25541,56.95871
273418,AS “SENTOR FARM APTIEKAS” Mēness aptieka 153,"Rīgas iela 79 k-1, Baldone, Ķekavas nov., LV-2125",Vispārēja tipa aptieka,20377597,A00164,24.39731,56.74286
342201,AS “SENTOR FARM APTIEKAS” Sentor aptieka - 27,"Brīvības iela 154, Rīga, LV -1012",Vispārēja tipa aptieka,20377582,A00165,24.14254,56.96512
315366,AS “SENTOR FARM APTIEKAS” Mēness aptieka 198,"Zaļā iela 11, Bauska, Bauskas nov., LV-3901",Vispārēja tipa aptieka,20377480,A00167,24.20021,56.40645
317405,AS “SENTOR FARM APTIEKAS” Mēness aptieka 33,"Mārupes iela 10A, Rīga, LV-1002",Vispārēja tipa aptieka,29712980,A00168,24.07292,56.93201
309789,AS “SENTOR FARM APTIEKAS” Mēness aptieka 132,"Edgara Francmaņa iela 10, Dobele, Dobeles nov., LV-3701",Vispārēja tipa aptieka,20377446,A00169,23.28151,56.62797
334517,AS “SENTOR FARM APTIEKAS” Mēness aptieka 208,"Kuldīgas iela 23-72, Ventspils, LV-3601",Vispārēja tipa aptieka,20377438,A00170,21.56474,57.39269
322441,AS “SENTOR FARM APTIEKAS” Mēness aptieka 175,"Viestura iela 1-14, Dobele, Dobeles nov., LV-3701",Vispārēja tipa aptieka,20377447,A00171,23.27971,56.62292
322071,AS “SENTOR FARM APTIEKAS” Mēness aptieka 202,"Rēzeknes iela 4A, Preiļi, Preiļu nov., LV-5301",Vispārēja tipa aptieka,20377532,A00172,26.72592,56.29475
362731,AS “SENTOR FARM APTIEKAS” Mēness aptieka 197,"Salātu iela 9A, Bauska, Bauskas nov., LV-3901",Vispārēja tipa aptieka,20377441,A00173,24.19905,56.41174
348225,AS “SENTOR FARM APTIEKAS” Mēness aptieka 142,"Lielvārdes iela 68 k-1, Rīga, LV-1006",Vispārēja tipa aptieka,20377595,A00174,24.19745,56.96867
295360,AS “SENTOR FARM APTIEKAS” Mēness aptieka 101,"Anniņmuižas bulvāris 85, Rīga, LV-1067",Vispārēja tipa aptieka,20377626,A00175,24.01037,56.95464
340927,SIA “LATVIJAS APTIEKA” Latvijas aptieka 35,"Biķernieku iela 98, Rīga, LV-1079",Vispārēja tipa aptieka,29905155,A00176,24.23458,56.96082
360424,AS “SENTOR FARM APTIEKAS” Tuneļa aptieka,"Daugavgrīvas iela 112, Rīga, LV-1055",Vispārēja tipa aptieka,20377546 ,A00177,24.07087,56.96545
347996,AS “SENTOR FARM APTIEKAS” Mēness aptieka 152,"Jūras iela 1A, Aloja, Limbažu nov., LV-4064",Vispārēja tipa aptieka,20006059,A00178,24.88334,57.76662
289007,AS “SENTOR FARM APTIEKAS” Mēness aptieka 23,"Vienības iela 1A, Jēkabpils, Jēkabpils nov., LV-5201",Vispārēja tipa aptieka,20377535,A00181,25.8745,56.49355
348941,AS “SENTOR FARM APTIEKAS” Rīgas Vecpilsētas aptieka,"Vaļņu iela 28-9, Rīga, LV-1050",Vispārēja tipa aptieka,20377476,A00182,24.11387,56.9478
308640,AS “SENTOR FARM APTIEKAS” Mēness aptieka 131,"Biķernieku iela 67, Rīga, LV-1039",Vispārēja tipa aptieka,20377498,A00183,24.18491,56.96922
293462,AS “SENTOR FARM APTIEKAS” Mēness aptieka 141,"Riepnieku iela 2, Rīga, LV-1050",Vispārēja tipa aptieka,20377502,A00184,24.1244,56.94462
340230,AS “SENTOR FARM APTIEKAS” Mēness aptieka 121,"Klaipēdas iela 104C, Liepāja, LV-3407",Vispārēja tipa aptieka,20377529,A00185,21.0047,56.48686
360767,AS “SENTOR FARM APTIEKAS” Mēness aptieka 135,"Rīgas iela 46, Valmiera, Valmieras nov., LV-4201",Vispārēja tipa aptieka,20377436,A00186,25.40773,57.53727
315500,AS “SENTOR FARM APTIEKAS” Mēness aptieka 29,"Zemītes iela 2A, Tukums, Tukuma nov., LV-3101",Vispārēja tipa aptieka,20377456,A00187,23.11965,56.9566
343321,AS “SENTOR FARM APTIEKAS” Mēness aptieka 157,"Viestura iela 37, Jēkabpils, Jēkabpils nov., LV-5201",Vispārēja tipa aptieka,20377539,A00188,25.86539,56.49011
294278,AS “SENTOR FARM APTIEKAS” Mēness aptieka 48,"Jāņa Poruka iela 19, Cēsis, Cēsu nov., LV-4101",Vispārēja tipa aptieka,20377596,A00189,25.29103,57.31485
337727,AS “SENTOR FARM APTIEKAS” Mēness aptieka 24,"Arodu iela 21, Daugavpils, LV-5404",Vispārēja tipa aptieka,20023274,A00191,26.54097,55.87803
342052,Sabiedrība ar ierobežotu atbildību “RUMIS” Māras aptieka,"Atmodas iela 24, Aizpute, Dienvidkurzemes nov., LV-3456",Vispārēja tipa aptieka,"63448113, 26241158",A00192,21.60476,56.71843
319505,AS “SENTOR FARM APTIEKAS” Mēness aptieka 102,"Andreja Saharova iela 21-15, Rīga, LV-1082",Vispārēja tipa aptieka,20377581,A00194,24.20235,56.93811
260221,AS “SENTOR FARM APTIEKAS” Mēness aptieka 129,"Centrāltirgus iela 3 k-1, Rīga, LV-1050",Vispārēja tipa aptieka,20377503,A00195,24.11603,56.94415
289399,Sabiedrība ar ierobežotu atbildību “Rubenes aptieka” aptieka,"""Zelta Sietiņš"", Rubeņi, Rubenes pag., Jēkabpils nov., LV-5229",Vispārēja tipa aptieka,65228159,A00196,25.98428,56.13795
344527,SIA “LATVIJAS APTIEKA” Latvijas aptieka 2,"Tēriņu iela 56, Rīga, LV-1058",Vispārēja tipa aptieka,28811240,A00197,24.06974,56.91454
331552,AS “SENTOR FARM APTIEKAS” aptieka “Olvita”,"Skolas iela 10, Salaspils, Salaspils nov., LV-2121",Vispārēja tipa aptieka,20377616,A00200,24.33329,56.85771
335263,AS “SENTOR FARM APTIEKAS” Vecumnieku aptieka,"""Atvasaras"", Vecumnieki, Vecumnieku pag., Bauskas nov., LV- 3933",Vispārēja tipa aptieka,20386911,A00201,24.515297,56.599304
306001,SIA “VIDRIŽU DOKTORĀTS” Vidrižu aptieka,"Ambulances iela 1-1A, Gravas, Vidrižu pag., Limbažu nov., LV-4013",Vispārēja tipa aptieka,64062282,A00202,24.64042,57.32494
355744,SIA “LATVIJAS APTIEKA” Latvijas aptieka 20,"Aleksandra Bieziņa iela 8, Rīga, LV-1029",Vispārēja tipa aptieka,27093718,A00203,24.02286943,56.94548478
336572,SIA “LATVIJAS APTIEKA” Latvijas aptieka 41,"Rušonu iela 15, Rīga, LV-1057",Vispārēja tipa aptieka,27093668,A00208,24.18159,56.91267
344949,BENU Aptieka Latvija SIA BENU aptieka -28,"Rīgas iela 14A, Carnikava, Carnikavas pag., Ādažu nov., LV-2163",Vispārēja tipa aptieka,67992948,A00209,24.27609,57.12867
321039,AS “SENTOR FARM APTIEKAS” Mēness aptieka 52,"Gaiļezera iela 8, Rīga, LV-1079",Vispārēja tipa aptieka,20377492,A00210,24.23703,56.96821
279684,AS “SENTOR FARM APTIEKAS” Mēness aptieka 169,"Katrīnas dambis 10-1, Rīga, LV-1045",Vispārēja tipa aptieka,20377520,A00211,24.10228,56.97011
308687,AS “SENTOR FARM APTIEKAS” Mēness aptieka 97,"Veldres iela 1A, Rīga, LV-1064",Vispārēja tipa aptieka,20377475,A00212,24.2483,56.98016
355526,"EUROAPTIEKA FARMĀCIJA, SIA aptieka - 35","Brīvības gatve 404, Rīga, LV-1024",Vispārēja tipa aptieka,67566636,A00213,24.22787,56.98753
294706,AS “SENTOR FARM APTIEKAS” Mēness aptieka 181,"Ādama iela 2, Dobele, Dobeles nov., LV-3701",Vispārēja tipa aptieka,20377445,A00214,23.26924,56.62241
328265,AS “SENTOR FARM APTIEKAS” Mēness aptieka 83,"Matīsa iela 23, Rīga, LV-1011",Vispārēja tipa aptieka,20377432,A00215,24.1332,56.95731
360465,"EUROAPTIEKA FARMĀCIJA, SIA aptieka - 19","Vaidavas 1A, Rīga, LV-1084",Vispārēja tipa aptieka,27002904,A00217,24.177000,56.964020
355564,"EUROAPTIEKA FARMĀCIJA, SIA aptieka - 69","Lielā iela 12-1, Jelgava, LV-3001",Vispārēja tipa aptieka,63013158,A00220,23.72173,56.65188
306515,Apotheka SIA Apotheka 11,"Prāgas iela 1, Rīga, LV-1050",Vispārēja tipa aptieka,67814246,A00223,24.11465,56.94525
360395,AS “SENTOR FARM APTIEKAS” Mēness aptieka 243,"Lauku iela 8, Salaspils, Salaspils nov., LV-2121",Vispārēja tipa aptieka,20377599,A00224,24.33896,56.85488
334622,Apotheka SIA Apotheka 1,"Brīvības gatve 230-1, Rīga, LV-1039",Vispārēja tipa aptieka,67553368,A00225,24.16683,56.97302
263677,AS “SENTOR FARM APTIEKAS” Mēness aptieka 66,"Spīdolas iela 22-601, Aizkraukle, Aizkraukles nov., LV-5101",Vispārēja tipa aptieka,20045124,A00228,25.25187,56.60259
263235,Individuālais komersants “APTIEKA BALTINAVA”,"Kārsavas iela 11, Baltinava, Baltinavas pag., Balvu nov., LV-4594",Vispārēja tipa aptieka,64563292,A00230,27.64419,56.94479
351975,AS “SENTOR FARM APTIEKAS” Mēness aptieka 233,"Teātra iela 12, Kārsava, Ludzas nov., LV-5717",Vispārēja tipa aptieka,29364136,A00232,27.678,56.78512
361289,AS “SENTOR FARM APTIEKAS” Mēness aptieka 237,"Dārza iela 6-607, Priekuļi, Priekuļu pag., Cēsu nov., LV-4126",Vispārēja tipa aptieka,26013623,A00233,25.36021,57.31059
345055,BENU Aptieka Latvija SIA BENU aptieka -26,"Klaipēdas iela 62, Liepāja, LV-3416",Vispārēja tipa aptieka,63407353,A00234,21.00376,56.49198
235981,Apotheka SIA Apotheka 87,"Tirgus laukums 5, Preiļi, Preiļu nov., LV-5301",Vispārēja tipa aptieka,65381174,A00235,26.72383,56.29398
319147,Sabiedrības ar ierobežotu atbildību “Jelgavas pils aptieka ” Pils Dzeltenā aptieka,"Rūpniecības iela 77A, Jelgava, LV-3008",Vispārēja tipa aptieka,63081938,A00236,23.70543,56.63714
23923,Sabiedrības ar ierobežotu atbildību  “GOBA-FARM” aptieka,"Raiņa iela 6, Sauleskalns, Bērzaunes pag., Madonas nov., LV-4853",Vispārēja tipa aptieka,29180251,A00237,26.07359,56.80598
355558,"EUROAPTIEKA FARMĀCIJA, SIA aptieka - 37","Vaidavas iela 9B, Rīga, LV-1084",Vispārēja tipa aptieka,67564017,A00238,24.176833,56.961858
350091,Apotheka SIA Apotheka 114,"Rīgas iela 33, Ogre, Ogres nov., LV-5001",Vispārēja tipa aptieka,63013341,A00241,24.57692,56.81758
327466,AS “SENTOR FARM APTIEKAS” Mēness aptieka 6,"Latgales iela 295, Rīga, LV-1063",Vispārēja tipa aptieka,20377624,A00242,24.17671,56.91439
267398,Gulbenes rajona Antras Žundas individuālais daudznozaru uzņēmums “JAUNGULBENES APTIEKA”,"""Mežniecība"" - 2, Jaungulbene, Jaungulbenes pag., Gulbenes nov., LV-4425",Vispārēja tipa aptieka,"64470122, 26349525",A00243,26.59872,57.06183
303151,BENU Aptieka Latvija SIA BENU aptieka-35,"Gaujas iela 13/15, Ādaži, Ādažu nov., LV-2164",Vispārēja tipa aptieka,67997477,A00244,24.32507,57.07814
355547,"EUROAPTIEKA FARMĀCIJA, SIA aptieka - 6","Andreja Saharova iela 20A, Rīga, LV-1021",Vispārēja tipa aptieka,67137234,A00246,24.20671,56.94156
263168,Apotheka SIA Apotheka 99,"Brīvības iela 11, Zilupe, Ludzas nov., LV-5751",Vispārēja tipa aptieka,65725371,A00250,28.12081,56.38923
336860,AS “SENTOR FARM APTIEKAS” Mēness aptieka 210,"Krišjāņa Barona iela 6, Sigulda, Siguldas nov., LV-2150",Vispārēja tipa aptieka,27029878,A00252,24.86754,57.15876
292473,SIA “RETĒJS” Dārtas aptieka,"Talsu iela 39, Liepāja, LV-3401",Vispārēja tipa aptieka,634231436,A00254,21.06966,56.54476
306448,Apotheka SIA Apotheka 12,"Hipokrāta iela 28, Rīga, LV - 1079",Vispārēja tipa aptieka,67817724,A00256,24.23932,56.95971
330540,SIA “LATVIJAS APTIEKA” Latvijas aptieka 26,"Valkas iela 2A-1, Daugavpils, LV-5417",Vispārēja tipa aptieka,26809879,A00257,26.56194,55.87986
355694,Apotheka SIA Apotheka 67,"Augšzemes iela 37-1, Aknīste, Jēkabpils nov., LV-5208",Vispārēja tipa aptieka,65266435,A00258,25.75302,56.15943
320188,AS “SENTOR FARM APTIEKAS” Mēness aptieka 19,"Stūrmaņu iela 27, Rīga, LV-1016",Vispārēja tipa aptieka,29713065,A00259,24.04874,57.03292
299909,BENU Aptieka Latvija SIA BENU aptieka - 12,"Tirgotāju iela 13, Alūksne, Alūksnes nov., LV-4301",Vispārēja tipa aptieka,64381338,A00260,27.05131,57.42106
275268,AS “SENTOR FARM APTIEKAS” Mēness aptieka 13,"Mālkalnes prospekts 4-4, Ogre, Ogres nov., LV-5003",Vispārēja tipa aptieka,22333165,A00261,24.59632,56.82162
237694,Apotheka SIA Apotheka 41,"Mūkusalas iela 71, Rīga, LV-1004",Vispārēja tipa aptieka,67633703,A00262,24.10313,56.92652
270046,BENU Aptieka Latvija SIA BENU aptieka - 21,"Kuldīgas iela 14/16, Ventspils, LV-3601",Vispārēja tipa aptieka,63664203,A00263,21.56828,57.39523
355529,"EUROAPTIEKA FARMĀCIJA, SIA aptieka - 21","Vienības gatve 113, Rīga, LV-1058",Vispārēja tipa aptieka,67603011,A00264,24.08171,56.90827
336437,AS “SENTOR FARM APTIEKAS” Mēness aptieka 61,"Tvaika iela 2, Rīga, LV-1005",Vispārēja tipa aptieka,20377521,A00266,24.12198,56.99505
269497,BENU Aptieka Latvija SIA BENU aptieka -62,"Dārzu iela 24A, Rēzekne, LV-4601",Vispārēja tipa aptieka,"64624067, 64624693",A00267,27.33621,56.50746
355531,"EUROAPTIEKA FARMĀCIJA, SIA aptieka - 18","Rīgas iela 109, Jēkabpils, Jēkabpils nov., LV-5202",Vispārēja tipa aptieka,65221298,A00268,25.873347,56.501472
351717,AS “SENTOR FARM APTIEKAS” Mēness aptieka 226,"Firsa Sadovņikova iela 20, Rīga, LV-1003",Vispārēja tipa aptieka,20042015,A00273,24.13482,56.94089
236801,Apotheka SIA Apotheka 32,"Raiņa iela 98A, Jūrmala, LV-2016",Vispārēja tipa aptieka,67734888,A00274,23.61031,56.95757
331328,AS “SENTOR FARM APTIEKAS” Mēness aptieka 128,"Merķeļa iela 10, Rīga, LV-1050",Vispārēja tipa aptieka,26955116,A00275,24.120098,56.94867
336555,SIA “LATVIJAS APTIEKA” Latvijas aptieka 67,"Dārza iela 7 k-3, Bauska, Bauskas nov., LV-3901",Vispārēja tipa aptieka,63922067,A00276,24.1915,56.40841
349842,BENU Aptieka Latvija SIA BENU aptieka-60,"Latgales iela 185, Rīga, LV-1019",Vispārēja tipa aptieka,67113408,A00277,24.15871,56.93459
361918,AS “SENTOR FARM APTIEKAS” Mēness aptieka 25,"Kvēles iela 41, Rīga, LV-1024",Vispārēja tipa aptieka,26821878,A00278,24.24903,56.98331
266321,BENU Aptieka Latvija SIA BENU aptieka – 11,"Vienības gatve 95, Rīga, LV-1058",Vispārēja tipa aptieka,67606720,A00280,24.08533,56.91153
355542,"EUROAPTIEKA FARMĀCIJA, SIA aptieka - 23","Atbrīvošanas aleja 142A, Rēzekne, LV-4601",Vispārēja tipa aptieka,64638254,A00281,27.33755,56.51529
268679,BENU Aptieka Latvija SIA BENU aptieka - 53,"Ropažu iela 61, Rīga, LV-1006",Vispārēja tipa aptieka,67541554,A00282,24.18347,56.98125
295575,BENU Aptieka Latvija SIA BENU aptieka-45,"Auseklīša iela 2, Jēkabpils, Jēkabpils nov., LV-5201",Vispārēja tipa aptieka,65233240,A00283,25.88797,56.49395
340445,Sabiedrība ar ierobežotu atbildību “LIEPU APTIEKA”,"Rīgas iela 20-37A, Saldus, Saldus nov., LV-3801",Vispārēja tipa aptieka,63881215,A00284,22.49779,56.66632
339785,Apotheka SIA Apotheka 46,"J. Poruka iela 5, Ventspils, LV-3601",Vispārēja tipa aptieka,63622250,A00285,21.54906,57.38698
229547,Sabiedrības ar ierobežotu atbildību “SIRIA” Valguma aptieka,"Meža iela 22, Tukums, Tukuma nov., LV-3101",Vispārēja tipa aptieka,27993974,A00287,23.16233,56.96986
360466,"EUROAPTIEKA FARMĀCIJA, SIA aptieka - 17","Saules iela 6, Madona, Madonas nov., LV-4801",Vispārēja tipa aptieka,64822133,A00288,26.22133,56.85193
292,Sabiedrība ar ierobežotu atbildību “PREIĻU AINAVA” aptieka “Ainava”,"Raiņa bulvāris 13, Preiļi, Preiļu nov., LV-5301",Vispārēja tipa aptieka,65322527,A00289,26.72699,56.29162
279687,Sabiedrība ar ierobežotu atbildību “NIGELLA” Pārgaujas aptieka,"Stacijas iela 11, Valmiera, Valmieras nov., LV-4201",Vispārēja tipa aptieka,"64281562, 64222993",A00291,25.43005,57.53112
279689,Sabiedrība ar ierobežotu atbildību “NIGELLA” aptieka “Lauma”,"Brīvības iela 2A, Valmiera, Valmieras nov., LV-4201",Vispārēja tipa aptieka,64281744,A00292,25.43214,57.54421
267699,BENU Aptieka Latvija SIA BENU aptieka - 37,"Viestura iela 3, Daugavpils, LV-5400",Vispārēja tipa aptieka,65422520,A00296,26.52737,55.86785
330469,BENU Aptieka Latvija SIA BENU aptieka -38,"Raipoles iela 10B-1, Daugavpils, LV-5421",Vispārēja tipa aptieka,65448529,A00297,26.52935,55.90196
231757,Sabiedrības ar ierobežotu atbildību “INSBERGS” Dzirciema aptieka,"Dzirciema iela 5A, Rīga, LV-1083",Vispārēja tipa aptieka,29470419,A00299,24.052291,56.951865
317764,Apotheka SIA Apotheka 43,"Rīgas iela 6, Cēsis, Cēsu nov., LV-4101",Vispārēja tipa aptieka,64120703,A00301,25.27361,57.31234
347213,BENU Aptieka Latvija SIA BENU aptieka - 31,"Baznīcas iela 9, Kuldīga, Kuldīgas nov., LV-3301",Vispārēja tipa aptieka,63322474,A00302,21.97121,56.96823
346425,Sabiedrības ar ierobežotu atbildību “VECĀ APTIEKA KANDAVĀ” Vecā aptieka,"Sabiles iela 7, Kandava, Tukuma nov., LV-3120",Vispārēja tipa aptieka,27887339,A00303,22.77563,57.03574
350166,Apotheka SIA Apotheka 19,"Latgales iela 400, Rīga, LV-1063",Vispārēja tipa aptieka,67809922,A00305,24.20432,56.89793
305092,"SIA ""Ozolnieku aptieka"" Ozolnieku aptieka","Skolas iela 6A, Ozolnieki, Ozolnieku pag., Jelgavas nov., LV-3018",Vispārēja tipa aptieka,63050213,A00307,23.79035,56.69171
322160,BENU Aptieka Latvija SIA BENU aptieka – 59,"Pētersalas iela 18B, Rīga, LV-1045",Vispārēja tipa aptieka,67381349,A00308,24.10147,56.96881
356873,SIA “LATVIJAS APTIEKA” Latvijas aptieka 82,"Tomsona iela 30, Rīga, LV-1013",Vispārēja tipa aptieka,26101805,A00309,24.12833,56.96639
353753,AS “SENTOR FARM APTIEKAS” Mēness aptieka 168,"Miera iela 91, Rīga, LV-1013",Vispārēja tipa aptieka,20377576,A00311,24.14135,56.97319
347140,AS “SENTOR FARM APTIEKAS” Mēness aptieka 67,"Hipokrāta iela 7, Rīga, LV-1079",Vispārēja tipa aptieka,20377497,A00312,24.23955,56.96704
345260,AS “SENTOR FARM APTIEKAS” Mēness aptieka 86,"Nākotnes iela 2, Jēkabpils, Jēkabpils nov., LV-5201",Vispārēja tipa aptieka,20377618,A00313,25.85948,56.49049
260978,"SIA ""Madaras aptieka""","Gaujas iela 6-19, Jaunpiebalga, Jaunpiebalgas pag., Cēsu nov., LV-4125",Vispārēja tipa aptieka,64162444,A00314,26.05308,57.17958
350034,Apotheka SIA Apotheka 98,"Krišjāņa Barona iela 15, Rīga, LV-1011",Vispārēja tipa aptieka,67281188,A00315,24.12293,56.95227
330103,AS “SENTOR FARM APTIEKAS” Mēness aptieka 44,"Krišjāņa Barona iela 46, Rīga, LV-1011",Vispārēja tipa aptieka,26955546,A00316,24.12797,56.95423
339099,SIA “LĪVENA APTIEKA”,"Dakteru iela 14, Smiltene, Smiltenes nov., LV-4729",Vispārēja tipa aptieka,64773798,A00317,25.91444,57.42502
353441,SIA “LATVIJAS APTIEKA” Latvijas aptieka 85,"Patversmes iela 1-25, Rīga, LV-1005",Vispārēja tipa aptieka,27020441,A00319,24.1269,56.99471
234168,Apotheka SIA Apotheka 65,"Bērzpils iela 7, Balvi, Balvu nov., LV-4501",Vispārēja tipa aptieka,64521570,A00321,27.26733,57.12998
272396,AS “SENTOR FARM APTIEKAS” Mēness aptieka 100,"18.novembra iela 398A, Vecstropi, Naujenes pag., Augšdaugavas nov., LV-5413",Vispārēja tipa aptieka,20377531,A00322,26.61007,55.89814
275408,Sabiedrība ar ierobežotu atbildību “DOMES APTIEKA”,"Tirgus laukums 18, Subate, Augšdaugavas nov., LV-5471",Vispārēja tipa aptieka,65463314,A00323,25.90518,56.00355
356105,AS “SENTOR FARM APTIEKAS” Mēness aptieka 174,"Jomas iela 66, Jūrmala, LV-2015",Vispārēja tipa aptieka,26809302,A00324,23.80566,56.97376
329666,"Sabiedrība ar ierobežotu atbildību ""RENDOLS"" Ligitas Kalniņas privātaptieka","Pils iela 8 k-1, Tukums, Tukuma nov., LV-3100",Vispārēja tipa aptieka,"63122341, 29272871",A00325,23.15855,56.9654
324120,AS “SENTOR FARM APTIEKAS” Mēness aptieka 155,"Melioratoru iela 25, Ikšķile, Ogres nov., LV-5052",Vispārēja tipa aptieka,20377472,A00327,24.50365,56.83957
342048,"SIA ""Aptieka Bite"" aptieka Birzgalē","Nākotnes iela 1, Birzgale, Birzgales pag., Ogres nov., LV-5033",Vispārēja tipa aptieka,"27876270, 26516620",A00329,24.75578,56.63087
346361,SIA “LATVIJAS APTIEKA” Latvijas aptieka 58,"Selgas iela 2, Roja, Rojas pag., Talsu nov., LV-3264",Vispārēja tipa aptieka,20014393,A00330,22.80111,57.50569
327715,AS “SENTOR FARM APTIEKAS” Mēness aptieka 176,"Cēsu iela 23A, Limbaži, Limbažu nov., LV-4001",Vispārēja tipa aptieka,20377481,A00331,24.7214,57.51331
358358,AS “SENTOR FARM APTIEKAS” Mēness aptieka 206,"Rīgas iela 6, Madona, Madonas nov., LV-4801",Vispārēja tipa aptieka,20034752,A00332,26.21389,56.84903
297362,AS “SENTOR FARM APTIEKAS” Mēness aptieka 125,"Tirgoņu iela 24, Liepāja, LV-3401",Vispārēja tipa aptieka,20377467,A00334,21.0087,56.50601
311689,BENU Aptieka Latvija SIA BENU aptieka - 36,"Mazā Rencēnu iela 1, Rīga, LV-1073",Vispārēja tipa aptieka,67139954,A00335,24.17915,56.92769
259591,SIA “JAUNĀ APTIEKA”,"""Dālderi"", Kārķi, Kārķu pag., Valkas nov., LV-4716",Vispārēja tipa aptieka,"64728041, 26090543",A00336,25.60916,57.8157
289880,Apotheka SIA Apotheka 85,"Raiņa iela 5, Lielvārde, Ogres nov., LV-5070",Vispārēja tipa aptieka,65053232,A00337,24.8102,56.71568
269359,Sabiedrība ar ierobežotu atbildību “NAMEDA L” aptieka,"Somersētas iela 35, Aglona, Aglonas pag., Preiļu nov., LV-5304",Vispārēja tipa aptieka,65322398,A00338,27.00765,56.13105
360870,AS “SENTOR FARM APTIEKAS” Mēness aptieka 241,"Zemgales prospekts 15, Jelgava, LV-3008",Vispārēja tipa aptieka,63080184,A00339,23.73185,56.64292
345581,Sabiedrība ar ierobežotu atbildību “LIMBAŽU APTIEKA” Straupes aptieka,"""Upkalni-1"", Plācis, Straupes pag., Cēsu nov., LV-4152",Vispārēja tipa aptieka,64132272,A00340,24.97832,57.36288
342537,Sabiedrības ar ierobežotu atbildību “Jelgavas pils aptieka” Pils Baltā aptieka,"Sudrabu Edžus iela 10, Jelgava, LV-3001",Vispārēja tipa aptieka,28333964,A00342,23.72439,56.6472
344861,Sabiedrības ar ierobežotu atbildību “Jelgavas pils aptieka” Pils oranžā aptieka,"Lastādijas iela 35-3N, Rīga, LV-1003",Vispārēja tipa aptieka,20370069,A00343,24.12669,56.94002
190365,"SIA ""Durbes Aptieka 1""","Tirgus iela 6A, Durbe, Dienvidkurzemes nov., LV-3440",Vispārēja tipa aptieka,63498759,A00344,21.37255,56.58713
326514,Apotheka SIA Apotheka 37,"Andreja Saharova iela 30, Rīga, LV-1021",Vispārēja tipa aptieka,63013161,A00345,24.208408,56.945690
213666,"Sabiedrība ar ierobežotu atbildību ""Lēdurgas aptieka 1"" Lēdurgas aptieka","""Brunīši"" 1, Lēdurga, Lēdurgas pag., Siguldas nov., LV-4012",Vispārēja tipa aptieka,64064442,A00346,24.74389,57.32128
333086,AS “SENTOR FARM APTIEKAS” Mēness aptieka 15,"Lucavsalas iela 3, Rīga, LV-1004",Vispārēja tipa aptieka,26819024,A00347,24.1123,56.92544
274088,Apotheka SIA Apotheka 18,"Stacijas iela 1, Koknese, Aizkraukles nov., LV-5113",Vispārēja tipa aptieka,65161351,A00349,25.43976,56.65041
323406,AS “SENTOR FARM APTIEKAS” Mēness aptieka 105,"Dundagas iela 21, Talsi, Talsu nov., LV-3201",Vispārēja tipa aptieka,20377566,A00350,22.57936,57.25123
355637,Apotheka SIA Apotheka 54,"Stacijas iela 20A, Rēzekne, LV-4601",Vispārēja tipa aptieka,64625797,A00353,27.347409,56.518178
320690,Sabiedrība ar ierobežotu atbildību “SALDUS ZAĻĀ APTIEKA” aptieka,"Lielā iela 15, Saldus, Saldus nov., LV-3801",Vispārēja tipa aptieka,"63821037, 63807058",A00354,22.49142,56.66321
316799,BENU Aptieka Latvija SIA BENU aptieka -51,"Brīvības iela 8, Rūjiena, Valmieras nov., LV-4240",Vispārēja tipa aptieka,64263373,A00355,25.32496,57.89746
361166,AS “SENTOR FARM APTIEKAS” Mēness aptieka 148,"Mīlgrāvja iela 2, Rīga, LV-1006",Vispārēja tipa aptieka,20377491,A00357,24.13552,57.02138
288588,AS “SENTOR FARM APTIEKAS” Mēness aptieka 80,"Nometņu iela 60A, Rīga, LV-1010",Vispārēja tipa aptieka,20377513,A00358,24.07144,56.93709
344570,"AS ""SENTOR FARM APTIEKAS"" Mēness aptieka 201","Talsu šoseja 25, Jūrmala, LV-2016",Vispārēja tipa aptieka,20377591,A00359,23.61808,56.96059
319800,AS “SENTOR FARM APTIEKAS” Mēness aptieka 111,"Zvejnieku iela 13, Jelgava, LV-3007",Vispārēja tipa aptieka,20377448,A00360,23.70925,56.66025
293983,AS “SENTOR FARM APTIEKAS” Mēness aptieka 96,"Andreja Saharova iela 2, Rīga, LV-1021",Vispārēja tipa aptieka,29710835,A00361,24.20262,56.93328
316448,AS “SENTOR FARM APTIEKAS” Mēness aptieka 95,"Latgales iela 250A, Rīga, LV-1063",Vispārēja tipa aptieka,20377516,A00362,24.17252,56.91801
355769,SIA “LATVIJAS APTIEKA” Latvijas aptieka 24,"Kurzemes prospekts 132-1, Rīga, LV-1029",Vispārēja tipa aptieka,28444106,A00363,23.99943,56.96183
346422,SIA “LATVIJAS APTIEKA” Latvijas aptieka 57,"Kūdras iela 16, Olaine, Olaines nov., LV-2114",Vispārēja tipa aptieka,27066461,A00364,23.93479,56.7863
350683,Apotheka SIA Apotheka 60,"Rīgas iela 27, Iecava, Bauskas nov., LV-3913",Vispārēja tipa aptieka,63960228,A00365,24.19684,56.59781
274015,Apotheka SIA Apotheka 61,"Edvarta Virzas iela 2, Iecava, Bauskas nov., LV-3913",Vispārēja tipa aptieka,63960226,A00366,24.20658,56.59505
210161,“LIZUMA APTIEKA” SIA,"""Aptieka"", Lizums, Lizuma pag., Gulbenes nov., LV-4425",Vispārēja tipa aptieka,64473836,A00367,26.37006,57.19382
345017,BENU Aptieka Latvija SIA BENU aptieka - 46,"Rīgas iela 24, Ērgļi, Ērgļu pag., Madonas nov., LV-4840",Vispārēja tipa aptieka,64871614,A00369,25.63555,56.89777
22636,Sabiedrība ar ierobežotu atbildību “KOLIBRI AD” aptieka,"Viestura iela 10, Jēkabpils, Jēkabpils nov., LV-5201",Vispārēja tipa aptieka,65235853,A00370,25.86626,56.4962
335357,SIA “LATVIJAS APTIEKA” Latvijas aptieka 36,"Krišjāņa Valdemāra iela 70, Rīga, LV-1013",Vispārēja tipa aptieka,27099396,A00371,24.13171,56.96812
288424,AS “SENTOR FARM APTIEKAS” Mēness aptieka 35,"Bērzpils iela 12, Balvi, Balvu nov., LV-4501",Vispārēja tipa aptieka,26005076,A00372,27.26654,57.12981
269453,Sabiedrība ar ierobežotu atbildību “VIAFARMA” Liezēres aptieka,"Vidzemes iela 3-20, Liezēre, Liezēres pag., Madonas nov., LV-4884",Vispārēja tipa aptieka,64823234,A00375,26.06597,57.014
263140,Apotheka SIA Apotheka 36,"Avotu iela 2, Aizpute, Dienvidkurzemes nov., LV-3456",Vispārēja tipa aptieka,63448877,A00377,21.61287,56.71546
362938,Ražošanas komercfirmas “BALTFARM” sabiedrības ar ierobežotu atbildību aptieka “Ilga”,"Dzirciema iela 84A, Rīga, LV-1055",Vispārēja tipa aptieka,67463003,A00378,24.058232,56.969003
330280,AS “SENTOR FARM APTIEKAS” Mēness aptieka 127,"Zemgales iela 29, Olaine, Olaines nov., LV-2114",Vispārēja tipa aptieka,29533727,A00380,23.93795,56.7845
326194,Apotheka SIA Apotheka 90,"Kuršu iela 7/9, Liepāja, LV-3400",Vispārēja tipa aptieka,63420265,A00381,21.00994,56.50435
346844,AS “SENTOR FARM APTIEKAS” Mēness aptieka 204,"Ulbrokas iela 7-74, Rīga, LV-1021",Vispārēja tipa aptieka,27795860,A00382,24.2161,56.94343
235774,Apotheka SIA Apotheka 3,"Nīcgales iela 2A, Rīga, LV-1035",Vispārēja tipa aptieka,67840246,A00383,24.17622,56.95908
274097,Apotheka SIA Apotheka 17,"1905.gada iela 8A, Koknese, Aizkraukles nov., LV-5113",Vispārēja tipa aptieka,65161644,A00384,25.43421,56.64446
338974,AS “SENTOR FARM APTIEKAS” Mēness aptieka 167,"Asaru prospekts 14, Jūrmala, LV-2008",Vispārēja tipa aptieka,20377587,A00385,23.68957,56.95896
237700,Apotheka SIA Apotheka 45,"Valmieras iela 17A, Cēsis, Cēsu nov., LV-4101",Vispārēja tipa aptieka,64125599,A00386,25.27991,57.31728
355790,Sabiedrība ar ierobežotu atbildību “Jelgavas pils aptieka” Pils baltā aptieka II,"Kaņiera iela 13, Rīga, LV-1063",Vispārēja tipa aptieka,67260223,A00387,24.17196,56.91413
274202,"SIA ""Elixir"" aptieka ""Evita""","Dzintaru iela 2-25, Mērsrags, Mērsraga pag., Talsu nov., LV-3284",Vispārēja tipa aptieka,63235971,A00388,23.1221,57.3373
358540,Apotheka SIA Apotheka 13,"Satiksmes iela 35, Jelgava, LV-3001",Vispārēja tipa aptieka,63083631,A00390,23.69939,56.65674
350757,Apotheka SIA Apotheka 29,"Zemgales prospekts 19A, Jelgava, LV-3001",Vispārēja tipa aptieka,63029190 ,A00391,23.735629,56.642734
236781,Apotheka SIA Apotheka 33,"Ainažu iela 34, Saulkrasti, Saulkrastu nov., LV-2160",Vispārēja tipa aptieka,67952892,A00392,24.41686,57.27361
232745,Apotheka SIA Apotheka 2,"Juglas iela 2, Rīga, LV-1024",Vispārēja tipa aptieka,67520696,A00393,24.24402,56.98883
341499,"AS ""SENTOR FARM APTIEKAS"" Mēness aptieka 49","Lubānas iela 117A, Rīga, LV-1079",Vispārēja tipa aptieka,26951681,A00394,24.20013,56.9323
294281,Sabiedrība ar ierobežotu atbildību “PIE DZIRNAVĀM” aptieka,"Raiņa iela 24, Viesīte, Jēkabpils nov., LV-5237",Vispārēja tipa aptieka,29184221,A00395,25.55617,56.34558
303691,Apotheka SIA Apotheka 26,"Rīgas iela 9, Daugavpils, LV-5401",Vispārēja tipa aptieka,65424774,A00396,26.51801,55.87217
236805,Apotheka SIA Apotheka 30,"Spīdolas iela 17, Aizkraukle, Aizkraukles nov., LV-5100",Vispārēja tipa aptieka,65122521,A00397,25.25053,56.60272
263177,Apotheka SIA Apotheka 24,"Daugavpils iela 8A, Dagda, Krāslavas nov., LV-5674",Vispārēja tipa aptieka,65622375,A00398,27.53598,56.09455
236737,Apotheka SIA Apotheka 23,"Rīgas iela 159, Krāslava, Krāslavas nov., LV-5600",Vispārēja tipa aptieka,65681489,A00399,27.17475,55.88682
257725,"Sabiedrības ar ierobežotu atbildību ""SKULTES APTIEKA 1"" Skultes aptieka 1","Strautu iela 2A-1, Skulte, Skultes pag., Limbažu nov., LV-4025",Vispārēja tipa aptieka,"64065468, 29100339",A00400,24.44233,57.33062
269357,AS “SENTOR FARM APTIEKAS” Mēness aptieka 147,"Oskara Kalpaka iela 86, Liepāja, LV-3401",Vispārēja tipa aptieka,20377468,A00403,21.0026,56.53683
339661,AS “SENTOR FARM APTIEKAS” Mēness aptieka 170,"Mirdzas Ķempes iela 5-2, Liepāja, LV-3407",Vispārēja tipa aptieka,20377465,A00404,21.01586,56.48363
248815,SIA “Valdas aptieka”,"""Mežrūpnieki"", Ugāle, Ugāles pag., Ventspils nov., LV-3615",Vispārēja tipa aptieka,63662350,A00405,22.02204,57.27937
324428,Apotheka SIA Apotheka 35,"Slimnīcas iela 18, Liepāja, LV-3430",Vispārēja tipa aptieka,63429173,A00408,21.09758,56.5523
329667,"Sabiedrības ar ierobežotu atbildību ""RENDOLS"" Veidenbauma aptieka","Eduarda Veidenbauma iela 10A, Tukums, Tukuma nov., LV-3100",Vispārēja tipa aptieka,63124307,A00409,23.16163,56.96904
343645,"SIA “LATVIJAS APTIEKA"" Latvijas aptieka 7","Asaru prospekts 61, Jūrmala, LV-2008",Vispārēja tipa aptieka,20023480,A00410,23.66754,56.95929
342314,AS “SENTOR FARM APTIEKAS” Mēness aptieka 140,"Lielā iela 1A, Saldus, Saldus nov., LV-3801",Vispārēja tipa aptieka,20377434,A00411,22.49215,56.66615
112850,"IK ""Ciskādu aptieka"" aptieka","Aptiekas iela 5, Ciskādi, Sakstagala pag., Rēzeknes nov., LV-4638",Vispārēja tipa aptieka,64640806,A00413,27.13569,56.49315
336200,SIA “Viktorijas aptieka”,"1.Maija laukums 3, Varakļāni, Madonas nov., LV-4838",Vispārēja tipa aptieka,64866531,A00414,26.75162,56.61029
346408,SIA “LATVIJAS APTIEKA” Latvijas aptieka 8,"Dzelzavas iela 74, Rīga, LV-1082",Vispārēja tipa aptieka,22330090,A00415,24.19213,56.9561
346433,Sabiedrības ar ierobežotu atbildību “LIMBAŽU APTIEKA” aptieka,"Burtnieku iela 1, Limbaži, Limbažu nov., LV-4001",Vispārēja tipa aptieka,"64070112, 29282497",A00417,24.71304,57.51496
336393,AS “SENTOR FARM APTIEKAS” Mēness aptieka 2,"Mazā Nometņu iela 32, Rīga, LV-1002",Vispārēja tipa aptieka,20377602,A00418,24.07161,56.93521
337344,AS “SENTOR FARM APTIEKAS” Mēness aptieka 3,"Brīvības iela 121-34, Rīga, LV-1012",Vispārēja tipa aptieka,20377574,A00419,24.13732,56.96376
357474,AS “SENTOR FARM APTIEKAS” Mēness aptieka 4,"Ķīšezera iela 6, Rīga, LV-1014",Vispārēja tipa aptieka,27012273,A00420,24.16637,56.99188
297817,AS “SENTOR FARM APTIEKAS” Mēness aptieka 79,"Graudu iela 10, Rīga, LV-1058",Vispārēja tipa aptieka,20375420,A00421,24.107316,56.912553
306000,AS “SENTOR FARM APTIEKAS” Mēness aptieka 159,"Nītaures iela 5, Augšlīgatne, Līgatnes pag., Cēsu nov., LV-4108",Vispārēja tipa aptieka,20377592,A00423,25.03513,57.1833
321341,AS “SENTOR FARM APTIEKAS” Mēness aptieka 9,"Slimnīcas iela 3, Saldus, Saldus nov., LV-3801",Vispārēja tipa aptieka,20377433,A00424,22.49136,56.67165
342275,AS “SENTOR FARM APTIEKAS” Mēness aptieka 215,"Brīvības iela 30, Saldus, Saldus nov., LV-3801",Vispārēja tipa aptieka,20377562,A00425,22.48999,56.66882
273123,AS “SENTOR FARM APTIEKAS” Mēness aptieka 156,"Skolas iela 4A, Ikšķile, Ogres nov., LV-5052",Vispārēja tipa aptieka,20377435,A00426,24.49701,56.83829
287116,AS “SENTOR FARM APTIEKAS” Mēness aptieka 103,"Dundagas iela 18, Talsi, Talsu nov., LV-3200",Vispārēja tipa aptieka,20377564,A00427,22.57816,57.24783
354659,"AS ""SENTOR FARM APTIEKAS"" Mēness aptieka 214","Brīvības iela 30, Dobele, Dobeles nov., LV-3700",Vispārēja tipa aptieka,20377443,A00428,23.28698,56.62645
327186,AS “SENTOR FARM APTIEKAS” Mēness aptieka 1,"Buļļu iela 7, Rīga, LV-1055",Vispārēja tipa aptieka,28812051,A00429,24.06006,56.96510
237142,AS “SENTOR FARM APTIEKAS” Mēness aptieka 11,"Krišjāņa Valdemāra iela 112, Rīga, LV-1013",Vispārēja tipa aptieka,26802004,A00430,24.13669,56.97466
347665,AS “SENTOR FARM APTIEKAS” Mēness aptieka 7,"Hipokrāta iela 4, Rīga, LV-1079",Vispārēja tipa aptieka,20377474,A00431,24.24114,56.96572
303579,Apotheka SIA Apotheka 15,"Ieriķu iela 3, Rīga, LV-1084",Vispārēja tipa aptieka,67869327,A00432,24.16465,56.96671
185539,"Sabiedrība ar ierobežotu atbildību ""Līcija"" aptieka","""Zvaniņš"", Rucava, Rucavas pag., Dienvidkurzemes nov., LV-3477",Vispārēja tipa aptieka,63467114,A00435,21.1567,56.15659
344982,BENU Aptieka Latvija SIA BENU aptieka-49,"Pils iela 1A, Cesvaine, Madonas nov., LV-4871",Vispārēja tipa aptieka,64852332,A00436,26.30931,56.96851
342047,Apotheka SIA Apotheka 48,"Skolas iela 26, Dobele, Dobeles nov., LV-3701",Vispārēja tipa aptieka,63722877,A00437,23.28274,56.61708
184501,"AS ""SENTOR FARM APTIEKAS"" Mēness aptieka 8","Pils iela 27A-1A, Alūksne, Alūksnes nov., LV-4301",Vispārēja tipa aptieka,20377471,A00441,27.05058,57.42405
355539,"EUROAPTIEKA FARMĀCIJA, SIA aptieka - 14","Strādnieku iela 103, Daugavpils, LV-5404",Vispārēja tipa aptieka,65451027,A00442,26.55957,55.88105
347385,Sabiedrība ar ierobežotu atbildību “RAES” Euroaptieka - 54,"Atbrīvošanas aleja 141A, Rēzekne, LV-4604",Vispārēja tipa aptieka,64633774,A00443,27.34538,56.52377
345573,Apotheka SIA Apotheka 44,"Valmieras iela 27, Cēsis, Cēsu nov., LV-4101",Vispārēja tipa aptieka,64121840,A00444,25.28883,57.32024
323864,AS “SENTOR FARM APTIEKAS” Mēness aptieka 82,"Hipokrāta iela 2, Rīga, LV-1038",Vispārēja tipa aptieka,20377482,A00445,24.24501,56.96742
341221,AS “SENTOR FARM APTIEKAS” Mēness aptieka 45,"Rūpniecības iela 39, Madona, Madonas nov., LV-4801",Vispārēja tipa aptieka,20377506,A00446,26.22157,56.8616
353426,Sabiedrība ar ierobežotu atbildību “PĀVILOSTAS APTIEKA”,"Lejas iela 10, Pāvilosta, Dienvidkurzemes nov., LV-3466",Vispārēja tipa aptieka,63498222,A00448,21.18117,56.88952
335635,AS “SENTOR FARM APTIEKAS” Mēness aptieka 73,"Gaujas iela 29, Cēsis, Cēsu nov., LV-4101",Vispārēja tipa aptieka,20377593,A00449,25.25306,57.30705
317886,Apotheka SIA Apotheka 81,"Uzvaras bulvāris 16-1, Cēsis, Cēsu nov., LV-4101",Vispārēja tipa aptieka,64122910,A00450,25.27863,57.31436
349469,AS “SENTOR FARM APTIEKAS” Mēness aptieka 221,"Aldaru iela 20/24, Liepāja, LV-3400",Vispārēja tipa aptieka,27043413,A00451,21.01,56.51639
361513,Apotheka SIA Apotheka 59,"Slimnīcas iela 9, Cēsis, Cēsu nov., LV-4101",Vispārēja tipa aptieka,64122579,A00452,25.26613,57.31254
353437,SIA “LATVIJAS APTIEKA” Latvijas aptieka 84,"Ķiršu iela 2-8, Mālpils, Mālpils pag., Siguldas nov., LV-2152",Vispārēja tipa aptieka,29543002,A00455,24.95664,57.01122
707,Sabiedrība ar ierobežotu atbildību “MATĪŠU APTIEKA”,"Valmieras iela 9, Matīši, Matīšu pag., Valmieras nov., LV-4210",Vispārēja tipa aptieka,64224552,A00456,25.16269,57.69829
263194,Apotheka SIA Apotheka 77,"Saules iela 1C, Ragana, Krimuldas pag., Siguldas nov., LV-2145",Vispārēja tipa aptieka,67978135,A00457,24.70941,57.18103
306717,Apotheka SIA Apotheka 47,"Aleksandra iela 16, Ventspils, LV-3601",Vispārēja tipa aptieka,63624314,A00458,21.56919,57.39046
346561,Apotheka SIA Apotheka 6,"Mazā Stacijas iela 2A, Rīga, LV-1083",Vispārēja tipa aptieka,67454277,A00459,24.05099,56.95986
328354,BENU Aptieka Latvija SIA BENU aptieka –6,"Lapsu iela 6, Rīga, LV-1035",Vispārēja tipa aptieka,67817357,A00460,24.175866,56.950197
240429,Apotheka SIA Apotheka 68,"Krasta iela 1, Balvi, Balvu nov., LV-4501",Vispārēja tipa aptieka,64522285,A00461,27.25903,57.13936
307519,AS “SENTOR FARM APTIEKAS” Mēness aptieka 137,"Valdeķu iela 65-67, Rīga, LV-1058",Vispārēja tipa aptieka,27072485,A00462,24.09118,56.89935
346517,Apotheka SIA Apotheka 51,"Piltenes iela 5A, Kuldīga, Kuldīgas nov., LV-3301",Vispārēja tipa aptieka,63322879,A00463,21.9595,56.97129
272586,Sabiedrība ar ierobežotu atbildību “MAZZALVES APTIEKA”,"Liepu iela 3, Ērberģe, Mazzalves pag., Aizkraukles nov., LV-5133",Vispārēja tipa aptieka,65175160,A00464,25.01889,56.36837
355562,"EUROAPTIEKA FARMĀCIJA, SIA aptieka - 11","Slokas iela 115, Rīga, LV-1067",Vispārēja tipa aptieka,67411067,A00465,24.03772,56.96046
355538,"EUROAPTIEKA FARMĀCIJA, SIA aptieka - 10","Gaigalas iela 29, Rīga, LV-1015",Vispārēja tipa aptieka,67304700,A00466,24.04838,57.02677
272040,Apotheka SIA Apotheka 94,"Rīgas iela 17, Valka, Valkas nov., LV-4701",Vispārēja tipa aptieka,64722908,A00468,26.01955,57.77387
317148,Sabiedrība ar ierobežotu atbildību “SANUS AG” Doktorāta aptieka,"Blaumaņa iela 2A, Smiltene, Smiltenes nov., LV-4729",Vispārēja tipa aptieka,64772022,A00469,25.90973,57.42422
353286,SIA “LATVIJAS APTIEKA” Latvijas aptieka 71,"Slokas iela 74-1, Rīga, LV-1007",Vispārēja tipa aptieka,20376528,A00472,24.06017,56.95972
358575,SIA “LATVIJAS APTIEKA” Latvijas aptieka 87,"Kokles iela 12B, Rīga, LV-1002",Vispārēja tipa aptieka,20363932,A00473,24.08091,56.93395
343452,AS “SENTOR FARM APTIEKAS” Mēness aptieka 138,"Zaļā iela 5-1, Baloži, Ķekavas nov., LV-2112",Vispārēja tipa aptieka,20383873,A00474,24.14994,56.87958
349897,SIA MEDELENS 1 KORSOFARM aptieka,"Lielvārdes iela 13-2, Rīga, LV-1006",Vispārēja tipa aptieka,25451183,A00480,24.18725,56.97666
273996,Apotheka SIA Apotheka 38,"Augusta Deglava  iela 110, Rīga, LV-1021",Vispārēja tipa aptieka,67186005,A00482,24.1935,56.94756
341915,Apotheka SIA Apotheka 40,"Jaunmoku iela 21, Rīga, LV-1084",Vispārēja tipa aptieka,67304194,A00483,24.03725,56.92951
295832,Apotheka SIA Apotheka 39,"Mūkusalas iela 71, Rīga, LV-1004",Vispārēja tipa aptieka,67214454,A00484,24.10282,56.92744
268237,Apotheka SIA Apotheka 97,"Raiņa iela 9-1, Nereta, Neretas pag., Aizkraukles nov., LV-5118",Vispārēja tipa aptieka,65176248,A00485,25.30823,56.20531
326381,BENU Aptieka Latvija SIA Benu aptieka-65,"Lielā iela 36-2, Jelgava, LV-3001",Vispārēja tipa aptieka,63084218,A00490,23.71198,56.65013
334654,Apotheka SIA Apotheka 110,"Brīvības gatve 201, Rīga, LV-1039",Vispārēja tipa aptieka,26238428,A00493,24.16193,56.97443
272071,AS “SENTOR FARM APTIEKAS” Mēness aptieka 161,"Daugavas iela 96, Skrīveri, Skrīveru pag., Aizkraukles nov., LV-5125",Vispārēja tipa aptieka,20032598,A00497,25.12055,56.64897
333615,AS “SENTOR FARM APTIEKAS” Mēness aptieka 84,"Slokas iela 14, Rīga, LV-1048",Vispārēja tipa aptieka,27204558,A00500,24.07463,56.94554
343503,AS “SENTOR FARM APTIEKAS” Mēness aptieka 212,"Skanstes iela 17, Rīga, LV-1013",Vispārēja tipa aptieka,27079304,A00501,24.11871,56.96774
348587,AS “SENTOR FARM APTIEKAS” Jaunā Torņakalna aptieka,"Vienības gatve 49, Rīga, LV-1004",Vispārēja tipa aptieka,20377604,A00502,24.08823,56.92031
309407,AS “SENTOR FARM APTIEKAS” Mēness aptieka 191,"Čiekurkalna 1.līnija 1 k-1, Rīga, LV-1026",Vispārēja tipa aptieka,28810820,A00503,24.15559,56.98337
237981,Apotheka SIA Apotheka 57,"Kurzemes prospekts 1A, Rīga, LV-1067",Vispārēja tipa aptieka,66116926,A00505,24.03816,56.95423
355540,"EUROAPTIEKA FARMĀCIJA, SIA aptieka - 38","Rīgas iela 11A, Jelgava, LV-3002",Vispārēja tipa aptieka,63080956,A00508,23.74623,56.66192
129497,Sabiedrība ar ierobežotu atbildību “ĀLANTE DN” aptieka Nr.2,"Smilšu iela 101, Daugavpils, LV-5410",Vispārēja tipa aptieka,65445541,A00510,26.5526,55.88669
244093,SIA “Apotheka” Apotheka 53,"Brīvības iela 13, Ogre, Ogres nov., LV-5001",Vispārēja tipa aptieka,65047845,A00514,24.60412,56.81665
323741,SIA MEDELENS 1 MARINEFARM aptieka,"Celmu iela 3B, Rīga, LV-1079",Vispārēja tipa aptieka,25665272,A00515,24.23373,56.97395
329341,SIA “LATVIJAS APTIEKA” Latvijas aptieka 17,"Patversmes iela 27, Rīga, LV-1005",Vispārēja tipa aptieka,20373258,A00521,24.13712,56.98898
235502,Apotheka SIA Apotheka 16,"Slimnīcas iela 25, Liepāja, LV-3400",Vispārēja tipa aptieka,63426809,A00522,21.09957,56.553
856,Individuālais komersants “ŽĪGURU APTIEKA”,"Viļakas iela 25A, Žīguri, Žīguru pag., Balvu nov., LV-4584",Vispārēja tipa aptieka,64563054,A00524,27.66515,57.26479
272587,Individuālais komersants “KUPRAVAS APTIEKA”,"Rūpnīcas iela 4, Kuprava, Kupravas pag., Balvu nov., LV-4582",Vispārēja tipa aptieka,64521310,A00525,27.49512,57.23634
342317,AS “SENTOR FARM APTIEKAS” Mēness aptieka 122,"Baznīcas iela 12, Dobele, Dobeles nov., LV-3700",Vispārēja tipa aptieka,20377442,A00527,23.28265,56.62425
306839,Apotheka SIA Apotheka 105,"Lietuvas iela 42, Eleja, Elejas pag., Jelgavas nov., LV-3023",Vispārēja tipa aptieka,63061368,A00528,23.68159,56.40912
327746,SIA “Brocēnu aptieka”,"Skolas iela 7, Brocēni, Saldus nov., LV-3851",Vispārēja tipa aptieka,63865062,A00529,22.56641,56.68271
343895,AS “SENTOR FARM APTIEKAS” Mēness aptieka 216,"Dižozolu iela 2, Rīga, LV-1058",Vispārēja tipa aptieka,20647351,A00531,24.09465,56.90298
190325,Sabiedrība ar ierobežotu atbildību “SUNTAŽU APTIEKA ”,"""Aptieka"", Suntaži, Suntažu pag., Ogres nov., LV-5060",Vispārēja tipa aptieka,65037329,A00532,24.93029,56.90445
299712,Apotheka SIA Apotheka 10,"Višķu iela 14, Rīga, LV-1063",Vispārēja tipa aptieka,67134300,A00533,24.2165,56.89994
238340,AS “SENTOR FARM APTIEKAS” Mēness aptieka 5,"Gobas iela 13, Rīga, LV-1016",Vispārēja tipa aptieka,27036580,A00534,24.04846,57.03399
355541,"EUROAPTIEKA FARMĀCIJA, SIA aptieka - 33","Nīcgales iela 46A, Rīga, LV-1035",Vispārēja tipa aptieka,67570439,A00535,24.1716,56.94483
350758,Apotheka SIA Apotheka 50,"Raunas iela 37-47, Rīga, LV-1084",Vispārēja tipa aptieka,67533507,A00537,24.1798,56.96825
1003,Individuālais komersants “APTIEKA TIRZA”,"""Aptiekas māja"", Tirza, Tirzas pag., Gulbenes nov., LV-4424",Vispārēja tipa aptieka,64430724,A00544,26.43183,57.14099
342065,AS “SENTOR FARM APTIEKAS” Mēness aptieka 217,"Nīcgales iela 5, Rīga, LV-1035",Vispārēja tipa aptieka,20650573,A00545,24.17772,56.9581
342524,Apotheka SIA Apotheka 25,"Gustava Zemgala gatve 74, Rīga, LV-1039",Vispārēja tipa aptieka,67745540,A00547,24.16555,56.97607
266333,BENU Aptieka Latvija SIA BENU aptieka - 18,"Vidus iela 1, Alūksne, Alūksnes nov., LV-4301",Vispārēja tipa aptieka,64321098,A00548,27.0484,57.42368
114851,Sabiedrības ar ierobežotu atbildību “ANĪSS V.K.” Lejas aptieka,"Ābeļu iela 17, Gulbene, Gulbenes nov., LV-4401",Vispārēja tipa aptieka,64471759,A00549,26.75688,57.17151
326335,BENU Aptieka Latvija SIA BENU aptieka - 61,"Pasta iela 4-1, Limbaži, Limbažu nov., LV-4001",Vispārēja tipa aptieka,64070265,A00552,24.71771,57.51113
321509,Sabiedrība ar ierobežotu atbildību “Jelgavas pils aptieka”,"Akadēmijas iela 2, Jelgava, LV-3001",Vispārēja tipa aptieka,63023966,A00553,23.72815,56.65152
340344,BENU Aptieka Latvija SIA BENU aptieka-54,"Atpūtas iela 1, Carnikava, Carnikavas pag., Ādažu nov., LV-2163",Vispārēja tipa aptieka,67304650,A00554,24.27761,57.1294
338287,"SIA Pharmabaltix aptieka ""Pharmabaltix""","Ozolu iela 10, Rīga, LV-1005",Vispārēja tipa aptieka,67078520,A00555,24.13798,56.98543
272042,“VECPIEBALGAS  APTIEKA” SIA,"""Gaitnieki"", Vecpiebalga, Vecpiebalgas pag., Cēsu nov., LV-4122",Vispārēja tipa aptieka,64164269,A00556,25.80909,57.05827
236740,Apotheka SIA Apotheka 27,"Raipoles iela 11A, Daugavpils, LV-5421",Vispārēja tipa aptieka,65450058,A00557,26.52616,55.90022
236748,Apotheka SIA Apotheka 28,"Pils iela 3A, Sigulda, Siguldas nov., LV-2150",Vispārēja tipa aptieka,67970910,A00560,24.85209,57.15463
329812,Apotheka SIA Apotheka 49,"Garozas iela 22, Jelgava, LV-3002",Vispārēja tipa aptieka,63083839,A00561,23.7502,56.65535
280931,"SIA ""Īrisi"" Barkavas aptieka","Skolas iela 1, Barkava, Barkavas pag., Madonas nov., LV-4834",Vispārēja tipa aptieka,"64894597, 29193792",A00562,26.60675,56.72635
337448,“TAURENES APTIEKA” SIA,"Vecpiebalgas iela 2, Taurene, Taurenes pag., Cēsu nov., LV-4119",Vispārēja tipa aptieka,64170254,A00563,25.663892,57.154327
273745,SIA “IVINA” Euroaptieka - 59,"Gaismas iela 22, Aizkraukle, Aizkraukles nov., LV-5101",Vispārēja tipa aptieka,65122850,A00564,25.25974,56.60835
330643,SIA “LATVIJAS APTIEKA” Latvijas aptieka 39,"Akadēmiķa Graftio iela 29-112A, Daugavpils, LV-5414",Vispārēja tipa aptieka,26800501,A00565,26.586176,55.867117
273620,BENU Aptieka Latvija SIA BENU aptieka – 9,"Marijas iela 16-201, Rīga, LV-1011",Vispārēja tipa aptieka,67282539,A00566,24.1256,56.95049
355522,BENU Aptieka Latvija SIA BENU aptieka – 20,"Prūšu iela 114A, Rīga, LV-1057",Vispārēja tipa aptieka,67803250,A00567,24.20948,56.90464
315768,SIA “Aptieka Nurme”,"""Aptieka"", Lauciene, Laucienes pag., Talsu nov., LV-3285",Vispārēja tipa aptieka,63291409,A00568,22.74873,57.22758
314407,Sabiedrības ar ierobežotu atbildību “TUMES APTIEKA” aptieka,"Eksporta iela 6, Tukums, Tukuma nov., LV-3101",Vispārēja tipa aptieka,63122524,A00569,23.11404,56.9525
356386,AS “SENTOR FARM APTIEKAS” Mēness aptieka 114,"Rīgas iela 23, Ogre, Ogres nov., LV-5001",Vispārēja tipa aptieka,20036574,A00570,24.58562,56.81648
278883,Sabiedrība ar ierobežotu atbildību “ORDERS-M” Avicenna aptieka,"Ilūkstes iela 54A, Rīga, LV-1082",Vispārēja tipa aptieka,63029159,A00571,24.20127,56.95024
277521,AS “SENTOR FARM APTIEKAS” Mēness aptieka 165,"Rūpniecības iela 49, Madona, Madonas nov., LV-4801",Vispārēja tipa aptieka,20377609,A00573,26.2309,56.85996
275404,Sabiedrība ar ierobežotu atbildību  “BEBRA SERVISS” Bebrenes aptieka,"""Doktorāts"", Bebrene, Bebrenes pag., Augšdaugavas nov., LV-5439",Vispārēja tipa aptieka,65444831,A00574,26.13207,56.06761
350991,AS “SENTOR FARM APTIEKAS” Mēness aptieka 235,"Kuldīgas iela 4, Skrunda, Kuldīgas nov., LV-3326",Vispārēja tipa aptieka,27020119,A00575,22.01649,56.67676
355525,"EUROAPTIEKA FARMĀCIJA, SIA aptieka - 28","Lielā iela 13, Liepāja, LV-3401",Vispārēja tipa aptieka,63427407,A00576,21.01072,56.50766
311547,Sabiedrība ar ierobežotu atbildību “BEBRA SERVISS” Āla aptieka,"Raiņa iela 7, Ilūkste, Augšdaugavas nov., LV-5447",Vispārēja tipa aptieka,65463144,A00577,26.2953,55.97871
326494,Apotheka SIA Apotheka 20,"Augusta Deglava iela 100, Rīga, LV-1082",Vispārēja tipa aptieka,67347580,A00578,24.18728,56.94841
275103,AS “SENTOR FARM APTIEKAS” Mēness aptieka 69,"Pērnavas iela 38, Rīga, LV-1009",Vispārēja tipa aptieka,29577497,A00579,24.151533,56.960346
326430,Apotheka SIA Apotheka 42,"Augusta Deglava iela 160A, Rīga, LV-1021",Vispārēja tipa aptieka,67246113,A00580,24.22283,56.94386
269364,BENU Aptieka Latvija SIA BENU aptieka – 5,"Dzelzavas iela 78, Rīga, LV-1082",Vispārēja tipa aptieka,67802725,A00581,24.2009,56.95466
200886,SIA “ZĀLES” Cēsu Centra aptieka,"Vienības laukums 2A, Cēsis, Cēsu nov., LV-4101",Vispārēja tipa aptieka,64107158,A00584,25.27579,57.31405
330567,SIA “LATVIJAS APTIEKA” Latvijas aptieka 46,"Zemgales iela 45A, Olaine, Olaines nov., LV-2114",Vispārēja tipa aptieka,27095941,A00585,23.93115,56.78147
355555,"EUROAPTIEKA FARMĀCIJA, SIA aptieka - 34","Ilūkstes iela 24A, Rīga, LV-1082",Vispārēja tipa aptieka,67327086,A00587,24.19595,56.94155
358522,Apotheka SIA Apotheka 55,"Lielais prospekts 3/5, Ventspils, LV-3602",Vispārēja tipa aptieka,63663109,A00588,21.57985,57.38766
350245,SIA “LATVIJAS APTIEKA” Latvijas aptieka 21,"Paula Lejiņa iela 2-60, Rīga, LV-1029",Vispārēja tipa aptieka,28444101,A00589,24.01453,56.94621
199014,Sabiedrības ar ierobežotu atbildību “PRIMULA B” Ievas aptieka,"Meža iela 9, Rēzekne, LV-4601",Vispārēja tipa aptieka,64622048,A00590,27.36354,56.5012
338289,Sabiedrība ar ierobežotu atbildību “VECĀ APTIEKA KANDAVĀ” aptieka “Ozolāji”,"Kūrorta iela 1A, Kandava, Tukuma nov., LV-3120",Vispārēja tipa aptieka,63122969,A00591,22.78101,57.03302
333045,Sabiedrība ar ierobežotu atbildību “MĀRAS APTIEKA” Māras aptieka Jumpravā,"Ceriņu iela 2A, Jumprava, Jumpravas pag., Ogres nov., LV-5022",Vispārēja tipa aptieka,65057517,A00593,24.9736,56.67468
355528,"EUROAPTIEKA FARMĀCIJA, SIA aptieka - 31","Georga Apiņa iela 10A, Valmiera, Valmieras nov., LV-4201",Vispārēja tipa aptieka,64228252,A00597,25.41692,57.54202
351848,AS “SENTOR FARM APTIEKAS” Mēness aptieka 231,"Bastiona iela 24, Valmiera, Valmieras nov., LV-4201",Vispārēja tipa aptieka,26612214,A00598,25.42247,57.53941
331869,AS “SENTOR FARM APTIEKAS” Mēness aptieka 94,"Brīvības iela 116, Ogre, Ogres nov., LV-5001",Vispārēja tipa aptieka,26016242,A00599,24.64701,56.81401
351067,AS “SENTOR FARM APTIEKAS” Mēness aptieka 236,"""Franči"", Lapmežciems, Lapmežciema pag., Tukuma nov., LV-3118",Vispārēja tipa aptieka,27057499,A00600,23.514540,57.002183
269439,BENU Aptieka Latvija SIA BENU aptieka - 32,"Melīdas iela 11-145, Rīga, LV-1015",Vispārēja tipa aptieka,67353467,A00601,24.11045,57.03225
345105,Sabiedrība ar ierobežotu atbildību “MŪSAS APTIEKA”,"Dārza iela 12C, Bauska, Bauskas nov., LV-3901",Vispārēja tipa aptieka,63960590,A00603,24.1928,56.40804
355557,"EUROAPTIEKA FARMĀCIJA, SIA aptieka - 25","Dārzkopības iela 19, Jūrmala, LV-2010",Vispārēja tipa aptieka,63013323,A00607,23.85422,56.97498
281943,BENU Aptieka Latvija SIA BENU aptieka 70,"Rīgas iela 74, Valmiera, Valmieras nov., LV-4201",Vispārēja tipa aptieka,64229155,A00609,25.393679,57.532413
268325,BENU Aptieka Latvija SIA BENU aptieka-56,"Lāčplēša iela 38, Rīga, LV-1011",Vispārēja tipa aptieka,67243014,A00610,24.12719,56.95313
342897,AS “SENTOR FARM APTIEKAS” Mēness aptieka 113,"Ziemeļu iela 13, Liepāja, LV-3405",Vispārēja tipa aptieka,27046116,A00611,21.012351,56.535241
348886,AS “SENTOR FARM APTIEKAS” Mēness aptieka 106,"Līvciema iela 46, Rīga, LV-1057",Vispārēja tipa aptieka,20373771,A00613,24.10323,56.90349
353410,SIA “LATVIJAS APTIEKA” Latvijas aptieka 80,"Nēģu iela 3, Rīga, LV-1050",Vispārēja tipa aptieka,20377631,A00614,24.11771,56.94448
355752,SIA “LATVIJAS APTIEKA” Latvijas aptieka 53,"Nīcgales iela 53, Rīga, LV-1035",Vispārēja tipa aptieka,27009631,A00615,24.17289,56.94524
273611,BENU Aptieka Latvija SIA BENU aptieka -33,"Aleksandra Čaka iela 37-1C, Rīga, LV-1011",Vispārēja tipa aptieka,67282431,A00618,24.1287,56.95239
350504,Sabiedrība ar ierobežotu atbildību “APTIEKA DIKĻI” aptieka,"""Skaras""-1, Dikļi, Dikļu pag., Valmieras nov., LV-4223",Vispārēja tipa aptieka,"64231455, 26153569",A00619,25.09315,57.59861
195335,AS “SENTOR FARM APTIEKAS” Vidus aptieka,"Slokas iela 26, Jūrmala, LV-2015",Vispārēja tipa aptieka,20377590,A00621,23.77007,56.96655
347098,AS “SENTOR FARM APTIEKAS” Rudens aptieka,"Jasmuižas iela 1, Rīga, LV-1021",Vispārēja tipa aptieka,20377580,A00622,24.20602,56.93772
276093,AS “SENTOR FARM APTIEKAS” Rudens aptieka-6,"Vasarnīcu iela 20, Daugavpils, LV-5417",Vispārēja tipa aptieka,20377620,A00624,26.59187,55.89849
290481,AS “SENTOR FARM APTIEKAS” Purvciema aptieka,"Ilūkstes iela 40, Rīga, LV-1082",Vispārēja tipa aptieka,20377490,A00626,24.19755,56.94881
354972,SIA “LATVIJAS APTIEKA” Latvijas aptieka 9,"Valērijas Seiles iela 6, Rīga, LV-1003",Vispārēja tipa aptieka,20005822,A00627,24.15911,56.93654
316094,AS “SENTOR FARM APTIEKAS” Mēness aptieka 194,"Latgales iela 264, Rīga, LV- 1063",Vispārēja tipa aptieka,20377515,A00628,24.18272,56.90829
343201,"Sabiedrība ar ierobežotu atbildību ""DALMA LJ"" Euroaptieka-44","Dobeles šoseja 47A, Jelgava, LV-3001",Vispārēja tipa aptieka,63027128,A00629,23.6908,56.65197
195088,Sabiedrība ar ierobežotu atbildību “JUNOSO” Pārlielupes aptieka,"Aviācijas iela 8C, Jelgava, LV-3002",Vispārēja tipa aptieka,63082717,A00630,23.75783,56.65524
306961,AS “SENTOR FARM APTIEKAS” Mēness aptieka 37,"Spulgas iela 24, Rīga, LV-1058",Vispārēja tipa aptieka,22318804,A00631,24.08965,56.90272
352577,AS “SENTOR FARM APTIEKAS” Mēness aptieka 107,"Kurzemes prospekts 59A, Rīga, LV-1067",Vispārēja tipa aptieka,22305055,A00632,24.02965,56.96449
338694,BENU Aptieka Latvija SIA BENU aptieka- 39,"Vienības gatve 194A, Rīga, LV-1058",Vispārēja tipa aptieka,68805640,A00633,24.077946,56.895673
271938,Apotheka SIA Apotheka 22,"Lidosta ""Rīga"" 10/1, Lidosta ""Rīga"", Mārupes pag., Mārupes nov., LV-1053",Vispārēja tipa aptieka,67783956,A00634,23.97834,56.91599
197635,SIA “RETĒJS” Vecliepājas aptieka,"Republikas iela 5, Liepāja, LV-3401",Vispārēja tipa aptieka,63423458,A00635,21.00611,56.50794
352768,AS “SENTOR FARM APTIEKAS” Mēness aptieka 234,"Mazcenu aleja 6-12, Jaunmārupe, Mārupes pag., Mārupes nov., LV-2166",Vispārēja tipa aptieka,29719875,A00636,23.94666,56.87993
344848,Sabiedrība ar ierobežotu atbildību “LIEPA UN GAILĪTE” Gaiļu aptieka,"Rīgas iela 50, Baldone, Ķekavas nov., LV-2125",Vispārēja tipa aptieka,67932636,A00637,24.39909,56.74214
336562,SIA “LATVIJAS APTIEKA” Latvijas aptieka 27,"Lielā Dārza iela 60/62, Daugavpils, LV-5417",Vispārēja tipa aptieka,26955435,A00638,26.56127,55.87634
344847,AS “SENTOR FARM APTIEKAS” Mēness aptieka 219,"Dammes iela 46, Rīga, LV-1069",Vispārēja tipa aptieka,29578186,A00639,24.00979,56.96591
350633,Apotheka SIA Apotheka 52,"Sūru iela 2, Kuldīga, Kuldīgas nov., LV-3301",Vispārēja tipa aptieka,63322463,A00641,21.95844,56.96714
277483,AS “SENTOR FARM APTIEKAS” Mēness aptieka 42,"18.novembra iela 41, Rēzekne, LV-4600",Vispārēja tipa aptieka,64625937,A00642,27.34223,56.50887
336567,SIA “LATVIJAS APTIEKA” Latvijas aptieka 69,"Latgales iela 22, Rēzekne, LV-4600",Vispārēja tipa aptieka,64625761,A00643,27.33059,56.49934
313755,AS “SENTOR FARM APTIEKAS” Mēness aptieka 76,"Maskavas iela 16, Rēzekne, LV-4604",Vispārēja tipa aptieka,20029501,A00644,27.35455,56.52663
314281,Sabiedrība ar ierobežotu atbildību “ILŪKSTES APTIEKA” Kastaņu aptieka,"Raiņa iela 35, Ilūkste, Augšdaugavas nov., LV-5447",Vispārēja tipa aptieka,65462361,A00645,26.28957,55.98133
353303,SIA “LATVIJAS APTIEKA” Latvijas aptieka 72,"Pilsoņu iela 13, Rīga, LV-1002",Vispārēja tipa aptieka,20377610,A00646,24.06464,56.93216
358573,Apotheka SIA Apotheka 80,"Ieriķu iela 3, Rīga, LV-1029",Vispārēja tipa aptieka,67407516,A00647,24.159996,56.965580
327846,Ražošanas komercfirmas “BALTFARM” sabiedrības ar ierobežotu atbildību aptieka “Baltā Baznīca”,"Baltāsbaznīcas iela 15, Rīga, LV-1015",Vispārēja tipa aptieka,67340033,A00648,24.09499,57.03627
354357,AS “SENTOR FARM APTIEKAS” Mēness aptieka 227,"Kleistu iela 9, Rīga, LV-1067",Vispārēja tipa aptieka,28444105,A00649,24.02202,56.96263
300423,AS “SENTOR FARM APTIEKAS” Mēness aptieka 184,"Nometņu iela 10-9, Jūrmala, LV-2016",Vispārēja tipa aptieka,20155161,A00650,23.60473,56.95947
300735,BENU Aptieka Latvija SIA BENU aptieka – 14,"Jaunmoku iela 21, Rīga, LV-1046",Vispārēja tipa aptieka,67807241,A00651,24.03759,56.92933
354892,BENU Aptieka Latvija SIA BENU aptieka – 15,"Audēju iela 16-1, Rīga, LV-1050",Vispārēja tipa aptieka,67018059,A00652,24.1129,56.94814
275731,BENU Aptieka Latvija SIA BENU aptieka –16,"Viestura iela 22, Jūrmala, LV-2001",Vispārēja tipa aptieka,67752403,A00653,23.85902,56.9748
353390,SIA “LATVIJAS APTIEKA” Latvijas aptieka 78,"Bruņinieku iela 5, Rīga, LV-1001",Vispārēja tipa aptieka,20377615,A00654,24.12414,56.96141
355527,"EUROAPTIEKA FARMĀCIJA, SIA aptieka - 45","Ruses iela 5-59, Rīga, LV-1029",Vispārēja tipa aptieka,67411604,A00655,24.00335,56.94808
324324,Apotheka SIA Apotheka 66,"Skolas iela 9, Aknīste, Jēkabpils nov., LV-5208",Vispārēja tipa aptieka,65266379,A00656,25.74004,56.16229
350306,Apotheka SIA Apotheka 62,"Rīgas iela 4D, Preiļi, Preiļu nov., LV-5301",Vispārēja tipa aptieka,65322323,A00657,26.70966,56.29964
346436,"Sabiedrība ar ierobežotu atbildību ""Lunafarm"" Veselības aptieka","Cukura iela 27, Liepāja, LV-3401",Vispārēja tipa aptieka,63427110,A00658,21.05342,56.54186
325006,AS “SENTOR FARM APTIEKAS” Mēness aptieka 193,"Slimnīcas iela 1, Ogre, Ogres nov., LV-5001",Vispārēja tipa aptieka,20366922,A00659,24.61973,56.81968
355304,AS “SENTOR FARM APTIEKAS” Mēness aptieka 92,"Mednieku iela 21/23, Ogre, Ogres nov., LV-5001",Vispārēja tipa aptieka,20370825,A00660,24.6023,56.82534
346516,Apotheka SIA Apotheka 89,"Graudu iela 40-3N, Liepāja, LV-3401",Vispārēja tipa aptieka,63424204,A00661,21.00687,56.50965
183495,AS “SENTOR FARM APTIEKAS” aptieka “Valdemārpils”,"Raiņa iela 16, Valdemārpils, Talsu nov., LV-3260",Vispārēja tipa aptieka,29522306,A00662,22.59342,57.37456
335795,SIA “LATVIJAS APTIEKA” Latvijas aptieka 30,"Voldemāra Ruģēna iela 4, Talsi, Talsu nov., LV-3201",Vispārēja tipa aptieka,27044780,A00663,22.60071,57.2439
350914,AS “SENTOR FARM APTIEKAS” Mēness aptieka 230,"Jūras iela 60A, Engure, Engures pag., Tukuma nov., LV-3113",Vispārēja tipa aptieka,27082122,A00664,23.22932,57.16206
343706,SIA “LATVIJAS APTIEKA” Latvijas aptieka 42,"Latgales iela 220B, Rīga, LV-1019",Vispārēja tipa aptieka,29724705,A00665,24.16801,56.92523
330606,SIA “LATVIJAS APTIEKA” Latvijas aptieka 43,"Tēriņu iela 79, Rīga, LV-1058",Vispārēja tipa aptieka,29536949,A00666,24.06303,56.91087
345163,"EUROAPTIEKA FARMĀCIJA, SIA aptieka - 26","Kurzemes prospekts 141, Rīga, LV-1069",Vispārēja tipa aptieka,67704450,A00668,23.996709,56.959690
294370,BENU Aptieka Latvija SIA BENU aptieka-58,"Nometņu iela 9, Rīga, LV-1048",Vispārēja tipa aptieka,67614704,A00669,24.07712,56.94291
347135,AS “SENTOR FARM APTIEKAS” Mēness aptieka 14,"Dienvidu iela 3 k-1-2, Salaspils, Salaspils nov., LV-2169",Vispārēja tipa aptieka,26001561,A00671,24.36624,56.86074
354057,Sabiedrība ar ierobežotu atbildību “HOMEOPĀTIJA” Homeopātiskā aptieka – 2,"Biķernieku iela 12, Rīga, LV-1039",Vispārēja tipa aptieka,67542228,A00672,24.17781,56.97093
320178,AS “SENTOR FARM APTIEKAS” Mēness aptieka 78,"Rīgas iela 8, Talsi, Talsu nov., LV-3201",Vispārēja tipa aptieka,20377464,A00673,22.58476,57.23905
332723,SIA “LATVIJAS APTIEKA” Latvijas aptieka 62,"Tēriņu iela 62, Rīga, LV-1058",Vispārēja tipa aptieka,26805686,A00675,24.066632,56.912253
324182,BENU Aptieka Latvija SIA BENU aptieka - 50,"Rīgas iela 4, Valmiera, Valmieras nov., LV-4201",Vispārēja tipa aptieka,64207556,A00677,25.42359,57.53879
334261,AS “SENTOR FARM APTIEKAS” Mēness aptieka 60,"Pilskalnes iela 4-4, Ilūkste, Augšdaugavas nov., LV-5447",Vispārēja tipa aptieka,25903467,A00678,26.29584,55.97712
268258,BENU Aptieka Latvija SIA BENU aptieka -25,"Ludviķa iela 4-1, Liepāja, LV-3401",Vispārēja tipa aptieka,63420199,A00679,21.00829,56.5072
336581,SIA “LATVIJAS APTIEKA” Latvijas aptieka 34,"Tērbatas iela 28-2, Rīga, LV-1011",Vispārēja tipa aptieka,25904698,A00680,24.12352,56.95464
351142,AS “SENTOR FARM APTIEKAS” Mēness aptieka 225,"Pils iela 6A, Dundaga, Dundagas pag., Talsu nov., LV-3270",Vispārēja tipa aptieka,29807680,A00681,22.3523,57.50943
354810,BENU Aptieka Latvija SIA BENU aptieka-22,"Brīvības gatve 372-1, Rīga, LV-1006",Vispārēja tipa aptieka,68203839,A00683,24.20335,56.98296
327987,AS “SENTOR FARM APTIEKAS” Mēness aptieka 205,"Lubānas iela 117-2, Rīga, LV-1082",Vispārēja tipa aptieka,27796855,A00684,24.19952,56.93269
276734,BENU Aptieka Latvija SIA BENU aptieka - 41,"Driksas iela 4, Jelgava, LV-3001",Vispārēja tipa aptieka,63023690,A00685,23.7249,56.65089
353379,SIA “LATVIJAS APTIEKA” Latvijas aptieka 77,"Latgales iela 108, Rīga, LV-1003",Vispārēja tipa aptieka,20377614,A00687,24.13827,56.93935
319806,Sabiedrība ar ierobežotu atbildību “BALTĀ APTIEKA K.I.” aptieka,"Kultūras laukums 11, Viļāni, Rēzeknes nov., LV-4650",Vispārēja tipa aptieka,64662976,A00689,26.92156,56.55204
309494,BENU Aptieka Latvija SIA BENU aptieka-42,"Mātera iela 26, Jelgava, LV-3001",Vispārēja tipa aptieka,63022547,A00690,23.71993,56.64993
269435,BENU Aptieka Latvija SIA BENU aptieka – 8,"18.novembra iela 136, Daugavpils, LV-5420",Vispārēja tipa aptieka,65420055,A00691,26.55112,55.877
280771,AS “SENTOR FARM APTIEKAS” Mēness aptieka 123,"Parka iela 2, Vangaži, Ropažu nov., LV-2136",Vispārēja tipa aptieka,26009142,A00692,24.54332,57.09539
337943,Apotheka SIA Apotheka 102,"Valdeķu iela 39, Rīga, LV-1058",Vispārēja tipa aptieka,67550080,A00693,24.09418,56.90735
336548,SIA “LATVIJAS APTIEKA” Latvijas aptieka 66,"Pionieru iela 2, Bauska, Bauskas nov., LV-3901",Vispārēja tipa aptieka,63928172,A00695,24.18879,56.40591
357921,AS “SENTOR FARM APTIEKAS” Mēness aptieka 171,"Ausekļa iela 5, Sigulda, Siguldas nov., LV-2150",Vispārēja tipa aptieka,22325083,A00697,24.84918,57.15313
343004,AS “SENTOR FARM APTIEKAS” Mēness aptieka 39,"Raiņa iela 23 k-1, Viļāni, Rēzeknes nov., LV-4650",Vispārēja tipa aptieka,26955928,A00700,26.92511,56.54597
362307,Apotheka SIA Apotheka 93,"Ķeguma prospekts 5C, Ķegums, Ogres nov., LV-5020",Vispārēja tipa aptieka,65038517,A00702,24.71805,56.74376
266386,BENU Aptieka Latvija SIA BENU aptieka -34,"Pērnavas iela 10-93, Rīga, LV-1012",Vispārēja tipa aptieka,67506429,A00705,24.14876,56.9656
351289,AS “SENTOR FARM APTIEKAS” Mēness aptieka 232,"Dobeles šoseja 7, Jelgava, LV-3001",Vispārēja tipa aptieka,26005025,A00708,23.70642,56.65143
356497,"AZETA, SIA aptieka - 63","Mārupes iela 35, Rīga, LV-1002",Vispārēja tipa aptieka,63588751,A00709,24.07638,56.92802
329665,Apotheka SIA Apotheka 113,"Alejas iela 19, Dagda, Krāslavas nov., LV-5674",Vispārēja tipa aptieka,65681368,A00712,27.53204,56.0956
343161,AS “SENTOR FARM APTIEKAS” Mēness aptieka 31,"Sporta iela 2A, Ilūkste, Augšdaugavas nov., LV-5447",Vispārēja tipa aptieka,20365622,A00713,26.29544,55.97768
355560,"EUROAPTIEKA FARMĀCIJA, SIA aptieka - 64","Satiksmes iela 3-103A, Rīga, LV-1004",Vispārēja tipa aptieka,67304618,A00714,24.091508,56.927625
323753,SIA MEDELENS 1 Citadeles aptieka,"Citadeles iela 1A, Rīga, LV-1010",Vispārēja tipa aptieka,22028958,A00715,24.10082,56.95316
330639,SIA “LATVIJAS APTIEKA” Latvijas aptieka 47,"Čiekurkalna 4. šķērslīnija 4, Rīga, LV-1026",Vispārēja tipa aptieka,27088471,A00716,24.170421,56.983808
359701,AS “SENTOR FARM APTIEKAS” Mēness aptieka 239,"Jelgavas iela 44, Jaunjelgava, Aizkraukles nov., LV-5134",Vispārēja tipa aptieka,27095589,A00718,25.0892,56.61755
313149,Sabiedrība ar ierobežotu atbildību “ORDERS-M” aptieka “SVARI”,"18.novembra iela 90, Daugavpils, LV-5404",Vispārēja tipa aptieka,65456892,A00719,26.54464,55.87324
215938,AS “SENTOR FARM APTIEKAS” Mēness aptieka 108,"Brīvības gatve 430, Rīga, LV-1024",Vispārēja tipa aptieka,20377527,A00721,24.23976,56.98891
355530,"EUROAPTIEKA FARMĀCIJA, SIA aptieka - 7","Juglas iela 45, Rīga, LV-1064",Vispārēja tipa aptieka,67816051,A00722,24.25329,56.97824
240651,Apotheka SIA Apotheka 58,"Stirnu iela 26, Rīga, LV-1082",Vispārēja tipa aptieka,67585050,A00723,24.18589,56.95902
332111,BENU Aptieka Latvija SIA BENU aptieka - 40,"Uzvaras bulvāris 5-68, Rīga, LV-1048",Vispārēja tipa aptieka,67371214,A00725,24.09413,56.94159
331050,Sabiedrība ar ierobežotu atbildību “Lauras Aptieka”,"Brīvības bulvāris 6, Jelgava, LV-3002",Vispārēja tipa aptieka,63030151,A00726,23.7501,56.65749
351216,AS “SENTOR FARM APTIEKAS” Mēness aptieka 229,"Balvu iela 5, Viļaka, Balvu nov., LV-4583",Vispārēja tipa aptieka,27088322,A00729,27.67138,57.1842
319137,AS “SENTOR FARM APTIEKAS” Mēness aptieka 70,"Pilsoņu iela 13, Rīga, LV-1002",Vispārēja tipa aptieka,25169001,A00730,24.067372,56.933259
240207,AS “SENTOR FARM APTIEKAS” Sentor Smiltenes aptieka,"Baznīcas laukums 2, Smiltene, Smiltenes nov., LV-4729",Vispārēja tipa aptieka,20364032,A00733,25.904021,57.424363
236784,Apotheka SIA Apotheka 31,"Raiņa iela 74, Jūrmala, LV-2011",Vispārēja tipa aptieka,67764413,A00734,23.61186,56.95336
310621,AS “SENTOR FARM APTIEKAS” Mēness aptieka 22,"Vienības prospekts 19/21, Jūrmala, LV-2010",Vispārēja tipa aptieka,20377632,A00735,23.85885,56.98083
354,Sabiedrība ar ierobežotu atbildību “GUNTAS APTIEKA”,"""Aptieka"", Madliena, Madlienas pag., Ogres nov., LV-5045",Vispārēja tipa aptieka,65039286,A00736,25.15413,56.8468
256450,Sabiedrība ar ierobežotu atbildību “HOMEOPĀTIJA” Homeopātiskā aptieka,"Lāčplēša iela 7-2, Rīga, LV- 1010",Vispārēja tipa aptieka,67240095,A00737,24.11903,56.95776
329310,SIA “LATVIJAS APTIEKA” Latvijas aptieka 11,"Grebenščikova iela 1, Rīga, LV-1003",Vispārēja tipa aptieka,27011536,A00738,24.13803,56.93831
336570,SIA “LATVIJAS APTIEKA” Latvijas aptieka 63,"Galdnieku iela 8, Rēzekne, LV-4600",Vispārēja tipa aptieka,25916579,A00739,27.32974,56.50191
332674,SIA “LATVIJAS APTIEKA” Latvijas aptieka 50,"Aizputes iela 5, Priekule, Dienvidkurzemes nov., LV-3434",Vispārēja tipa aptieka,20031399,A00741,21.58245,56.44189
297650,AS “SENTOR FARM APTIEKAS” Mēness aptieka 68,"Rušonu iela 17A, Rīga, LV-1057",Vispārēja tipa aptieka,20377572,A00743,24.18348,56.91393
263136,Apotheka SIA Apotheka 91,"Kuršu laukums 7, Liepāja, LV-3401",Vispārēja tipa aptieka,63423789,A00744,21.01054,56.50421
233679,"AS “SENTOR FARM APTIEKAS” aptieka ""Senā Grīva""","Ventspils iela 41A, Daugavpils, LV-5404",Vispārēja tipa aptieka,20385208,A00745,26.542961,55.875124
355534,"EUROAPTIEKA FARMĀCIJA, SIA aptieka - 1","Jūrmalas gatve 85, Rīga, LV-1029",Vispārēja tipa aptieka,67403007,A00746,24.00608,56.95397
297736,BENU Aptieka Latvija SIA BENU aptieka -43,"Lauku iela 6, Salaspils, Salaspils nov., LV-2121",Vispārēja tipa aptieka,67980038,A00749,24.33889,56.85468
361084,AS “SENTOR FARM APTIEKAS” Mēness aptieka 47,"O.Kalpaka iela 62, Gulbene, Gulbenes nov., LV-4400",Vispārēja tipa aptieka,27092174,A00750,26.76217,57.1734
267770,BENU Aptieka Latvija SIA BENU aptieka-44,"Rīgas iela 6-2, Salacgrīva, Limbažu nov., LV-4033",Vispārēja tipa aptieka,64071735,A00751,24.357,57.75292
339098,Apotheka SIA Apotheka 76,"Pērnavas iela 10-2, Jelgava, LV-3004",Vispārēja tipa aptieka,63010171,A00753,23.75515,56.66868
263662,AS “SENTOR FARM APTIEKAS” Mēness aptieka 20,"Sēlijas iela 79-1, Daugavpils, LV-5404",Vispārēja tipa aptieka,20385208,A00754,26.52050,55.86076
332651,Apotheka SIA Apotheka 107,"Muitas iela 3E, Daugavpils, LV-5401",Vispārēja tipa aptieka,65443261,A00757,26.52740,55.87866
332096,BENU Aptieka Latvija SIA Benu aptieka - 68,"Ernesta Birznieka – Upīša iela 16, Rīga, LV-1050",Vispārēja tipa aptieka,67564335,A00758,24.12788,56.94905
333324,AS “SENTOR FARM APTIEKAS” Mēness aptieka 179,"Satiksmes iela 33-1C, Jelgava, LV-3007",Vispārēja tipa aptieka,25173779,A00760,23.6983,56.65644
280834,Apotheka SIA Apotheka 63,"Rīgas iela 33-601, Valmiera, Valmieras nov., LV-4201",Vispārēja tipa aptieka,64233800,A00763,25.4135,57.53734
358083,AS “SENTOR FARM APTIEKAS” Mēness aptieka 151,"Zvaigžņu iela 2, Aizpute, Dienvidkurzemes nov., LV-3456",Vispārēja tipa aptieka,20377479,A00765,21.60712,56.71909
337449,Sabiedrība ar ierobežotu atbildību “JAUNAIS JUMIS” Rugāju aptieka,"Kurmenes iela 83, Rugāji, Rugāju pag., Balvu nov., LV-4570",Vispārēja tipa aptieka,64507081,A00766,27.129062,57.000646
349900,SIA MEDELENS 1 FARMEKA aptieka,"Sergeja Eizenšteina iela 29, Rīga, LV-1079",Vispārēja tipa aptieka,20229241,A00768,24.23228,56.96905
335917,AS “SENTOR FARM APTIEKAS” Mēness aptieka 203,"Mucenieku iela 26, Kuldīga, Kuldīgas nov., LV-3301",Vispārēja tipa aptieka,20377478,A00772,21.95361,56.96773
355561,"EUROAPTIEKA FARMĀCIJA, SIA aptieka - 3","Latgales iela 267, Rīga, LV-1063",Vispārēja tipa aptieka,67813365,A00773,24.17258,56.92019
355552,"EUROAPTIEKA FARMĀCIJA, SIA aptieka - 4","Kalnciema iela 41, Rīga, LV-1046",Vispārēja tipa aptieka,67458251,A00774,24.06229,56.94205
354985,SIA “LATVIJAS APTIEKA” Latvijas aptieka 44,"Jaunciema gatve 182E, Rīga, LV-1023",Vispārēja tipa aptieka,29901126,A00775,24.17359,57.04593
343199,"Sabiedrība ar ierobežotu atbildību ""DALMA LJ"" Euroaptieka-2","Gunāra Astras iela 2 k-2, Rīga, LV-1035",Vispārēja tipa aptieka,67802438,A00776,24.19059,56.9572
238038,Apotheka SIA Apotheka 64,"Ģertrūdes iela 15/17, Rīga, LV-1050",Vispārēja tipa aptieka,67278439,A00777,24.12432,56.95683
195728,AS “SENTOR FARM APTIEKAS” Siguldas aptieka – 1,"Strēlnieku iela 2, Sigulda, Siguldas nov., LV-2150",Vispārēja tipa aptieka,27024254,A00779,24.84469,57.1433
270111,BENU Aptieka Latvija SIA BENU aptieka - 67,"Rūpnīcas iela 8, Liepa, Liepas pag., Cēsu nov., LV-4128",Vispārēja tipa aptieka,64195299,A00780,25.41843,57.3877
285179,AS “SENTOR FARM APTIEKAS” Mēness aptieka 173,"Centrāltirgus iela 3 k-2, Rīga, LV-1050",Vispārēja tipa aptieka,22327300,A00781,24.11547,56.9437
330483,SIA “LATVIJAS APTIEKA” Latvijas aptieka 29,"Dundagas iela 15, Talsi, Talsu nov., LV-3201",Vispārēja tipa aptieka,27037043,A00782,22.57952,57.24837
329344,SIA “LATVIJAS APTIEKA” Latvijas aptieka 22,"Lidoņu iela 27 k-1, Rīga, LV-1055",Vispārēja tipa aptieka,28444107,A00783,24.05961,56.96962
353320,"SIA ""LATVIJAS APTIEKA"" Latvijas aptieka 73","Emīlijas Benjamiņas iela 3, Rīga, LV-1050",Vispārēja tipa aptieka,20377542,A00784,24.12031,56.94554
360123,AS “SENTOR FARM APTIEKAS” Mēness aptieka 183,"Vienības prospekts 11A, Jūrmala, LV-2010",Vispārēja tipa aptieka,20155159,A00787,23.85674,56.98283
353418,SIA “LATVIJAS APTIEKA” Latvijas aptieka 81,"Melnsila iela 19A, Rīga, LV-1046",Vispārēja tipa aptieka,20377541,A00788,24.0653,56.94432
361891,SIA “LATVIJAS APTIEKA” Latvijas aptieka 86,"Līksnas iela 9A, Rīga, LV-1003",Vispārēja tipa aptieka,20485445,A00789,24.14876,56.93932
332693,SIA “LATVIJAS APTIEKA” Latvijas aptieka 51,"Ventspils šoseja 32, Jūrmala, LV-2011",Vispārēja tipa aptieka,26134596,A00790,23.6177,56.94673
271567,Sabiedrības ar ierobežotu atbildību “FARMA-SANTA” Piņķu aptieka,"Jūrmalas iela 14, Piņķi, Babītes pag., Mārupes nov., LV-2107",Vispārēja tipa aptieka,67914295,A00791,23.91216,56.94343
307269,AS “SENTOR FARM APTIEKAS” Mēness aptieka 192,"Lielā iela 4, Talsi, Talsu nov., LV-3201",Vispārēja tipa aptieka,28814504,A00792,22.5872,57.2448
281736,Ražošanas komercfirmas “BALTFARM” sabiedrības ar ierobežotu atbildību Nometņu aptieka,"Parādes iela 12A, Rīga, LV-1016",Vispārēja tipa aptieka,67430415,A00795,24.0281,57.04068
269440,BENU Aptieka Latvija SIA BENU aptieka -47,"Atmodas iela 10, Inčukalns, Inčukalna pag., Siguldas nov., LV-2141",Vispārēja tipa aptieka,67977166,A00796,24.6861,57.09898
269376,BENU Aptieka Latvija SIA BENU aptieka – 7,"Pulkveža Brieža iela 33A, Rīga, LV-1045",Vispārēja tipa aptieka,67338673,A00797,24.10567,56.9655
358444,Sabiedrības ar ierobežotu atbildību “JUNOSO” Centra aptieka,"Sudrabu Edžus iela 9 k-6, Jelgava, LV-3001",Vispārēja tipa aptieka,63024828,A00800,23.72718,56.64676
324095,AS “SENTOR FARM APTIEKAS” Mēness aptieka 190,"Uzvaras iela 3-1C, Jelgava, LV-3001",Vispārēja tipa aptieka,28550686,A00801,23.72257,56.65505
243985,Apotheka SIA Apotheka 70,"Ventspils iela 1/3, Sabile, Talsu nov., LV-3294",Vispārēja tipa aptieka,63252200,A00802,22.57254,57.04587
349902,SIA MEDELENS 1 AiLi aptieka,"Kolkas iela 20, Jūrmala, LV-2012",Vispārēja tipa aptieka,20235324,A00803,23.56255,56.96948
333824,BENU Aptieka Latvija SIA BENU aptieka -2,"Brīvības iela 194, Rīga, LV-1012",Vispārēja tipa aptieka,67432022,A00805,24.14998,56.96782
317207,AS “SENTOR FARM APTIEKAS” Mēness aptieka 199,"Baložu iela 28-3, Rīga, LV-1048",Vispārēja tipa aptieka,67612140,A00806,24.07011,56.94811
357174,AS “SENTOR FARM APTIEKAS” Mēness aptieka 36,"Peldu iela 2, Ikšķile, Ogres nov., LV-5052",Vispārēja tipa aptieka,26954741,A00809,24.49093,56.83234
271448,Sabiedrība ar ierobežotu atbildību “Krāslavas aptieka” aptieka,"Brīvības iela 8, Krāslava, Krāslavas nov., LV-5600",Vispārēja tipa aptieka,65681156,A00810,27.16537,55.89599
350095,Apotheka SIA Apotheka 103,"Pilskalna iela 3, Baldone, Ķekavas nov., LV-2125",Vispārēja tipa aptieka,63013105,A00811,24.39044,56.74307
306380,AS “SENTOR FARM APTIEKAS” Mēness aptieka 112,"Brīvības iela 56, Gulbene, Gulbenes nov., LV-4401",Vispārēja tipa aptieka,29646360,A00812,26.75212,57.17225
332704,SIA “LATVIJAS APTIEKA” Latvijas aptieka 52,"Vidzemes iela 9, Vangaži, Ropažu nov., LV-2136",Vispārēja tipa aptieka,28459986,A00814,24.54502,57.09093
362194,AS “SENTOR FARM APTIEKAS” Mēness aptieka 244,"Duntes iela 19A, Rīga, LV-1005",Vispārēja tipa aptieka,67853485,A00817,24.1327,56.98629
341345,AS “SENTOR FARM APTIEKAS” Mēness aptieka 163,"Brīvības iela 3-4, Viļāni, Rēzeknes nov.",Vispārēja tipa aptieka,27077254,A00819,26.92302,56.54981
269362,SIA “SPROĢES aptieka “BAIBA””,"""Zītari"", Kolka, Kolkas pag., Talsu nov., LV-3275",Vispārēja tipa aptieka,"63276484, 26559762",A00821,22.5852,57.7432
349871,BENU Aptieka Latvija SIA BENU aptieka - 71,"Stacijas iela 8A, Ape, Smiltenes nov., LV-4337",Vispārēja tipa aptieka,64355517,A00822,26.693580,57.539395
322448,Sabiedrības ar ierobežotu atbildību “ALANTE” Tirgus aptieka Tukumā,"J.Raiņa iela 14-1, Tukums, Tukuma nov., LV-3101",Vispārēja tipa aptieka,"63124170, 27993971",A00824,23.15047,56.96779
340723,AS “SENTOR FARM APTIEKAS” Mēness aptieka 89,"Meža prospekts 9, Ogre, Ogres nov., LV-5001",Vispārēja tipa aptieka,27009563,A00825,24.60093,56.82188
299840,BENU Aptieka Latvija SIA BENU aptieka -3,"Augusta Dombrovska iela 23, Rīga, LV-1015",Vispārēja tipa aptieka,67353817,A00827,24.10953,57.03167
357783,AS “SENTOR FARM APTIEKAS” Mēness aptieka 43,"1.maija iela 79A, Malta, Maltas pag., Rēzeknes nov., LV-4630",Vispārēja tipa aptieka,22333170,A00828,27.16474,56.34804
355533,"EUROAPTIEKA FARMĀCIJA, SIA aptieka - 41","Dzelzavas iela 6A, Rīga, LV-1084",Vispārēja tipa aptieka,67302735,A00829,24.16784,56.96399
338671,BENU Aptieka Latvija SIA BENU aptieka -24,"Āzenes iela 5, Rīga, LV-1048",Vispārēja tipa aptieka,67808895,A00830,24.083001,56.950145
341790,BENU Aptieka Latvija SIA BENU aptieka -52,"Aleksandra Čaka iela 49-50, Rīga, LV-1011",Vispārēja tipa aptieka,67272839,A00831,24.13158,56.95391
298096,BENU Aptieka Latvija SIA BENU aptieka -57,"Skolas iela 4, Aizkraukle, Aizkraukles nov., LV-5101",Vispārēja tipa aptieka,65124718,A00832,25.24994722,56.59973120
355532,"EUROAPTIEKA FARMĀCIJA, SIA aptieka - 13","Lielais prospekts 3/5, Ventspils, LV-3601",Vispārēja tipa aptieka,63628115,A00833,21.58017,57.38776
346392,SIA “LATVIJAS APTIEKA” Latvijas aptieka 55,"Skolas iela 5, Rīga, LV-1010",Vispārēja tipa aptieka,26005214,A00834,24.1163,56.95658
356496,AS “SENTOR FARM APTIEKAS” Mēness aptieka 240,"Atvaru iela 2, Pļaviņas, Aizkraukles nov., LV-5120",Vispārēja tipa aptieka,20000972,A00835,25.73884,56.61816
316477,AS “SENTOR FARM APTIEKAS” Mēness aptieka 77,"Raiņa iela 17, Talsi, Talsu nov., LV-3201",Vispārēja tipa aptieka,29803128,A00836,22.58008,57.24201
211170,"Sabiedrība ar ierobežotu atbildību ""Vitafarm"" aptieka ""Vita""","Atbrīvošanas aleja 121B, Rēzekne, LV-4600",Vispārēja tipa aptieka,64632808,A00838,27.33562,56.51618
352098,AS “SENTOR FARM APTIEKAS” Mēness aptieka 228,"Nīcgales iela 47A, Rīga, LV-1035",Vispārēja tipa aptieka,27062699,A00839,24.17237,56.94626
355559,"EUROAPTIEKA FARMĀCIJA, SIA aptieka - 8","Zaļā iela 12, Dobele, Dobeles nov., LV-3701",Vispārēja tipa aptieka,63781971,A00840,23.28199,56.62128
355535,"EUROAPTIEKA FARMĀCIJA, SIA aptieka - 5","Augusta Deglava iela 67, Rīga, LV-1082",Vispārēja tipa aptieka,67802896,A00841,24.1872,56.95004
340355,BENU Aptieka Latvija SIA BENU aptieka - 1,"Dzirnavu iela 43-1, Rīga, LV-1010",Vispārēja tipa aptieka,67289478,A00842,24.11582,56.95746
352158,AS “SENTOR FARM APTIEKAS” Mēness aptieka 223,"Krišjāņa Barona iela 117, Rīga, LV-1012",Vispārēja tipa aptieka,29553485,A00843,24.14596,56.9641
47918,Sabiedrība ar ierobežotu atbildību “KLIMA” Bajāru aptieka,"Brīvības gatve 260, Rīga, LV-1079",Vispārēja tipa aptieka,67556686,A00844,24.17538,56.97567
273753,Sabiedrība ar ierobežotu atbildību “BRUTUSS” aptieka,"Rīgas iela 7, Cesvaine, Madonas nov., LV-4871",Vispārēja tipa aptieka,64852277,A00845,26.30519,56.96825
355434,Sabiedrība ar ierobežotu atbildību “NĪGRANDES APTIEKA”,"Sporta iela 12-58, Kalni, Nīgrandes pag., Saldus nov., LV-3898",Vispārēja tipa aptieka,63842788,A00846,22.12677,56.44339
322707,Apotheka SIA Apotheka 100,"Tērbatas iela 59/61-1A, Rīga, LV-1001",Vispārēja tipa aptieka,67291604,A00847,24.129295,56.957497
343202,Sabiedrība ar ierobežotu atbildību “DALMA LJ” Euroaptieka-51,"Latgales iela 322A, Rīga, LV-1063",Vispārēja tipa aptieka,67257715,A00849,24.18894,56.90534
343627,Apotheka SIA Apotheka 84,"Lielais prospekts 26-1B, Ventspils, LV-3601",Vispārēja tipa aptieka,63634180,A00850,21.57541,57.38962
283894,AS “SENTOR FARM APTIEKAS” Mēness aptieka 27,"Dārzu iela 28-27A, Rēzekne, LV-4601",Vispārēja tipa aptieka,26956713,A00851,27.33525,56.50842
355545,"EUROAPTIEKA FARMĀCIJA, SIA aptieka - 12","Mūkusalas iela 73, Rīga, LV-1011",Vispārēja tipa aptieka,67808580,A00852,24.10673,56.92295
355537,"EUROAPTIEKA FARMĀCIJA, SIA aptieka - 9","Jaunā ostmala 3/5, Liepāja, LV-3401",Vispārēja tipa aptieka,63427363,A00854,21.01776,56.51525
263156,Apotheka SIA Apotheka 86,"Lāčplēša iela 14, Lielvārde, Ogres nov., LV-5070",Vispārēja tipa aptieka,65049556,A00855,24.81475,56.71824
343200,"Sabiedrība ar ierobežotu atbildību ""DALMA LJ"" Euroaptieka-50","Latgales iela 257, Rīga, LV-1019",Vispārēja tipa aptieka,67252202,A00856,24.17651,56.92283
303560,Apotheka SIA Apotheka 79,"Viestura prospekts 69, Rīga, LV-1005",Vispārēja tipa aptieka,67395749,A00857,24.12821,57.00592
337153,Apotheka SIA Apotheka 112,"Atbrīvošanas aleja 114, Rēzekne, LV-4600",Vispārēja tipa aptieka,64622753,A00858,27.33344,56.50999
324705,AS “SENTOR FARM APTIEKAS” Mēness aptieka 196,"Latgales iela 250E, Rīga, LV-1063",Vispārēja tipa aptieka,26009710,A00859,24.17324,56.91736
298372,AS “SENTOR FARM APTIEKAS” Mēness aptieka 115,"Zāģeru iela 11, Rīga, LV-1005",Vispārēja tipa aptieka,29613416,A00860,24.12497,57.00318
288885,AS “SENTOR FARM APTIEKAS” Mēness aptieka 117,"Avotu iela 25, Rīga, LV-1011",Vispārēja tipa aptieka,28441345,A00861,24.13283,56.9508
349223,AS “SENTOR FARM APTIEKAS” Mēness aptieka 133,"Oskara Kalpaka iela 74, Liepāja, LV-3401",Vispārēja tipa aptieka,20010557,A00862,21.003529,56.533637
275213,AS “SENTOR FARM APTIEKAS” Mēness aptieka 32,"Strēlnieku prospekts 16, Jūrmala, LV-2015",Vispārēja tipa aptieka,20377605,A00867,23.76856,56.96665
84497,"Sabiedrība ar ierobežotu atbildību “APTIEKA “DZIEDNIEKS”"" aptieka","Ģimnāzijas iela 23, Daugavpils, LV-5401",Vispārēja tipa aptieka,"65422192, 26555702",A00868,26.51957,55.86887
283315,BENU Aptieka Latvija SIA BENU aptieka –10,"Gaujas iela 2A, Ādaži, Ādažu nov., LV-2164",Vispārēja tipa aptieka,67904016,A00869,24.32076,57.07579
295971,BENU Aptieka Latvija SIA BENU aptieka – 4,"Zolitūdes iela 34-5, Rīga, LV-1029",Vispārēja tipa aptieka,67407324,A00871,23.99979,56.94922
349893,SIA MEDELENS 1 SV. Jura aptieka,"Ēvalda Valtera iela 46-144, Rīga, LV-1021",Vispārēja tipa aptieka,67704663,A00873,24.24179,56.95548
284072,Apotheka SIA Apotheka 56,"Rīgas iela 22A, Ķekava, Ķekavas nov., LV-2123",Vispārēja tipa aptieka,67319229,A00875,24.23221,56.8319
263105,Apotheka SIA Apotheka 83,"Vienības iela 85-1, Kārsava, Ludzas nov., LV-5717",Vispārēja tipa aptieka,65733044,A00876,27.68441,56.78321
298102,"SIA ""VELGAS APTIEKA PLUSS"" Velgas aptieka","Zemgales iela 13A, Sesava, Sesavas pag., Jelgavas nov., LV-3034",Vispārēja tipa aptieka,29616559,A00877,23.81829,56.42524
346044,AS “SENTOR FARM APTIEKAS” Mēness aptieka 162,"Sporta iela 2A, Seda, Valmieras nov., LV-4728",Vispārēja tipa aptieka,28800676,A00878,25.75538,57.65185
351783,AS “SENTOR FARM APTIEKAS” Mēness aptieka 222,"Rīgas gatve 5, Ādaži, Ādažu nov., LV-2164",Vispārēja tipa aptieka,20222373,A00883,24.3201,57.07126
352275,SIA “LATVIJAS APTIEKA” Latvijas aptieka 4,"Tukuma iela 20 k-1, Jūrmala, LV-2012",Vispārēja tipa aptieka,29117673,A00884,23.49412,56.94295
122202,"Sabiedrības ar ierobežotu atbildību ""LAURIS K"" aptieka","Rīgas iela 57B, Līvāni, Līvānu nov., LV-5316",Vispārēja tipa aptieka,"65341212, 26157388",A00885,26.17671,56.35025
340847,"KADIĶOGA, SIA Euroaptieka - 53","Rīgas iela 23, Piņķi, Babītes pag., Mārupes nov., LV-2107",Vispārēja tipa aptieka,67512600,A00888,23.921574,56.944707
354797,AS “SENTOR FARM APTIEKAS” Mēness aptieka 238,"Atpūtas iela 5, Valdlauči, Ķekavas pag., Ķekavas nov., LV-1076",Vispārēja tipa aptieka,27096942,A00890,24.14736,56.90424
329353,SIA “LATVIJAS APTIEKA” Latvijas aptieka 15,"Miera iela 4-7, Seda, Valmieras nov., LV-4728",Vispārēja tipa aptieka,29600212,A00891,25.75087,57.64953
309105,Apotheka SIA Apotheka 69,"""Džutas"", Krustkalni, Ķekavas pag., Ķekavas nov., LV-2111",Vispārēja tipa aptieka,67302998,A00892,24.13899,56.89598
346343,AS “SENTOR FARM APTIEKAS” Mēness aptieka 160,"Sniedzes iela 1, Mālpils, Mālpils pag., Siguldas nov., LV-2152",Vispārēja tipa aptieka,26810027,A00893,24.95865,57.0107
344323,AS “SENTOR FARM APTIEKAS” Mēness aptieka 185,"Vidzemes šoseja 18, Garkalne, Garkalnes pag., Ropažu nov., LV-2137",Vispārēja tipa aptieka,27201515,A00894,24.41498,57.04450
338007,Apotheka SIA Apotheka 75,"Institūta iela 7, Ulbroka, Stopiņu pag., Ropažu nov., LV-2130",Vispārēja tipa aptieka,66118520,A00896,24.29005,56.64176
326498,Apotheka SIA Apotheka 74,"Lielcieceres iela 1A, Brocēni, Saldus nov., LV-3851",Vispārēja tipa aptieka,63822544,A00897,22.56655,56.68372
343203,"Sabiedrība ar ierobežotu atbildību ""DALMA LJ"" Euroaptieka-55","Lielā iela 118A, Grobiņa, Dienvidkurzemes nov., LV-3430",Vispārēja tipa aptieka,63467243,A00899,21.18012,56.53389
263150,Apotheka SIA Apotheka 101,"Alejas iela 8, Kocēni, Kocēnu pag., Valmieras nov., LV-4220",Vispārēja tipa aptieka,64229166,A00900,25.33984,57.52028
343205,"Sabiedrība ar ierobežotu atbildību ""DALMA LJ"" Euroaptieka-56","Lambertu iela 35, Mārupe, Mārupes nov., LV-2167",Vispārēja tipa aptieka,63013331,A00901,24.02608,56.91770
345728,Apotheka SIA Apotheka 78,"Ozolu iela 11, Lubāna, Madonas nov., LV-4830",Vispārēja tipa aptieka,64894525,A00902,26.71352,56.90353
324305,Sabiedrības ar ierobežotu atbildību “ASJ” Euroaptieka - 58,"Rīgas iela 20, Ozolnieki, Ozolnieku pag., Jelgavas nov., LV-3018",Vispārēja tipa aptieka,63014980,A00903,23.78865,56.68607
281854,Apotheka SIA Apotheka 82,"Daugavas iela 38, Mārupe, Mārupes nov., LV-2167",Vispārēja tipa aptieka,67286812 ,A00904,24.035053,56.89841
340846,"KADIĶOGA, SIA Euroaptieka - 67","Lielā iela 26A, Mārupe, Mārupes nov., LV-2167",Vispārēja tipa aptieka,20103223,A00905,24.030870,56.920335
139476,"SIA ""LuRaVe"" Augstkalnes aptieka","""Indrāni"", Augstkalne, Augstkalnes pag., Dobeles nov., LV-3709",Vispārēja tipa aptieka,29454964,A00910,23.32964,56.4052
355556,"EUROAPTIEKA FARMĀCIJA, SIA aptieka - 61","""Rīgas-Siguldas šoseja 8"", Berģi, Garkalnes pag., Ropažu nov., LV-1024",Vispārēja tipa aptieka,29622211,A00913,24.28924,57.00284
273754,"KADIĶOGA, SIA Euroaptieka - 62","Rožu prospekts 48, Berģi, Garkalnes pag., Ropažu nov., LV-1024",Vispārēja tipa aptieka,28455688,A00914,24.29099,56.99979
269531,BENU Aptieka Latvija SIA BENU aptieka - 66,"Gaismas iela 35, Aizkraukle, Aizkraukles nov., LV-5101",Vispārēja tipa aptieka,67869471,A00915,25.2593,56.61037
350487,SIA “LATVIJAS APTIEKA” Latvijas aptieka 10,"Brīvības iela 12, Stende, Talsu nov., LV-3257",Vispārēja tipa aptieka,27048642,A00916,22.5355,57.14708
348017,AS “SENTOR FARM APTIEKAS” Mēness aptieka 119,"Biķeru iela 4, Ulbroka, Stopiņu pag., Ropažu nov., LV-1079",Vispārēja tipa aptieka,27026569,A00918,24.25266,56.95111
353400,SIA “LATVIJAS APTIEKA” Latvijas aptieka 79,"Biķeru iela 4, Ulbroka, Stopiņu pag., Ropažu nov., LV-1079",Vispārēja tipa aptieka,27098907,A00919,24.2524,56.95059
297071,"SIA “VESELĪBA PLUSS” ""Kadagas aptieka""","Mežavēju iela 1, Kadaga, Ādažu pag., Ādažu nov., LV-2103",Vispārēja tipa aptieka,20257216,A00921,24.35803,57.09042
340845,"KADIĶOGA, SIA Euroaptieka - 68","Tehnikas iela 1, Lidosta ""Rīga"", Mārupes pag., Mārupes nov., LV-1053",Vispārēja tipa aptieka,25187866,A00922,23.98165,56.92058
347358,SIA LD FARM Jaunolaines aptieka,"Baznīcas iela 7A, Jaunolaine, Olaines pag., Olaines nov., LV-2127",Vispārēja tipa aptieka,26389999,A00924,23.985968,56.801336
309408,"SIA Medica Mente aptieka ""Rāmkalni""","""Vītiņkalni"", Krustiņi, Inčukalna pag., Siguldas nov., LV-2141",Vispārēja tipa aptieka,26383575,A00925,24.65872,57.12485
241736,"SIA ""Ievas aptiekas"" Baltezera aptieka","Tallinas šoseja 72, Baltezers, Ādažu pag., Ādažu nov., LV-2164",Vispārēja tipa aptieka,28463511,A00926,24.316632,57.044593
300649,Apotheka SIA Apotheka 72,"Raiņa iela 29, Auce, Dobeles nov., LV-3708",Vispārēja tipa aptieka,63745375,A00928,22.894266,56.461450
323599,Apotheka SIA Apotheka 104,"Daugavas iela 36, Mārupe, Mārupes nov., LV-2167",Vispārēja tipa aptieka,67286812,A00930,24.03651,56.89859
287154,Sabiedrība ar ierobežotu atbildību “ORDERS-M” Mārupes aptieka,"Pakalniņu iela 4, Tīraine, Mārupes pag., Mārupes nov., LV-2167",Vispārēja tipa aptieka,22442161,A00931,24.067090,56.886952
290950,"SIA “PANPHARMACY” ""InternetAptieka.lv-3""","Dzirnieku iela 26, Mārupe, Mārupes nov., LV-2167",Vispārēja tipa aptieka,20209252,A00933,23.985698,56.915993
304455,Apotheka SIA Apotheka 108,"Tirgus iela 10, Ragana, Krimuldas pag., Siguldas nov., LV-2144",Vispārēja tipa aptieka,63013138,A00935,24.71617,57.18133
350409,Apotheka SIA Apotheka 109,"Ozolu iela 28 k-1, Jaunmārupe, Mārupes pag., Mārupes nov., LV-2166",Vispārēja tipa aptieka,67718733,A00936,23.930706,56.877600
314523,AS “SENTOR FARM APTIEKAS” Mēness aptieka 188,"Rīgas iela 1, Skaistkalne, Skaistkalnes pag., Bauskas nov., LV-3924",Vispārēja tipa aptieka,27041106,A00937,24.64484,56.37891
326391,BENU Aptieka Latvija SIA BENU aptieka -73,"Noliktavu iela 5, Dreiliņi, Stopiņu pag., Ropažu nov., LV-2130",Vispārēja tipa aptieka,68204235,A00940,24.237685,56.934685
317642,"SIA ""Contract Pharma"" Saules aptieka 4","“Pagastmāja”, Daudzeva, Daudzeses pag., Aizkraukles nov., LV-5111",Vispārēja tipa aptieka,"68804700, 29750493",A00941,25.2415277,56.506111
327747,"SIA ""Rodiola"" aptieka ""Rodiola""","""Hermaņi 1"", Smārdes pag., Tukuma nov., LV-3129",Vispārēja tipa aptieka,29232963,A00942,23.1835,56.95012
455,Sabiedrība ar ierobežotu atbildību “APTIEKA LITENĒ”,"Aptiekas māja, Litene, Litenes pag., Gulbenes nov., LV-4405",Vispārēja tipa aptieka,64497025,AP- 017/2,27.02539,57.19026
22600,Sabiedrība  ar ierobežotu atbildību “NAUKŠĒNU APTIEKA”,"""Doktorāts"", Naukšēni, Naukšēnu pag., Valmieras nov., LV-4244",Vispārēja tipa aptieka,4268735,AP- 416/2,25.45795,57.88467
848,IK “VALLES APTIEKA”,"""Rosmes"", Valle, Valles pag., Bauskas nov., LV-5106",Vispārēja tipa aptieka,"65152890, 26414588",AP- 520/2,24.72381,56.50882
920,SIA “Jaunā Jaunpils Aptieka”,"""Jaunkalni"", Jaunpils, Jaunpils pag., Tukuma nov., LV-3145",Vispārēja tipa aptieka,3162135,AP- 538/2,23.01447,56.73212
21370,Balvu rajona I.Studentes individuālais uzņēmums “TILŽAS APTIEKA”,"Brīvības iela 55, Tilža, Tilžas pag., Balvu nov., LV-4572",Vispārēja tipa aptieka,4563883,AP- 694/2,27.36344,56.90679
148328,Ražošanas komercfirmas “BALTFARM” sabiedrības ar ierobežotu atbildību Skuju aptieka,"Skuju iela 6A, Rīga, LV-1015",Vispārēja tipa aptieka,67343577,AP-007/6,24.10272,57.03035
131715,AS “SENTOR FARM APTIEKAS” Sentor aptieka –10,"Cietokšņa iela 60., Daugavpils, LV-5401",Vispārēja tipa aptieka,20377452,AP-014/6,26.51738,55.87403
54584,SIA “PILSĒTAS APTIEKA”,"Rīgas iela 16, Valmiera, Valmieras nov., LV-4201",Vispārēja tipa aptieka,64281160,AP-018/4,25.419,57.53848
280693,AS “SENTOR FARM APTIEKAS” aptieka “Roja”,"Selgas iela 1C, Roja, Rojas pag., Talsu nov., LV-3264",Vispārēja tipa aptieka,22333946,AP-047/7,22.80215,57.50617
113,SIA “VALVES  APTIEKA”,"Kalnciema iela 112, Rīga, LV-1046",Vispārēja tipa aptieka,7459781,AP-081/4,24.04195,56.93633
336071,AS “SENTOR FARM APTIEKAS” Varakļānu aptieka,"Kosmonautu iela 14, Varakļāni, Madonas nov., LV-4838",Vispārēja tipa aptieka,27060186,AP-090/6,26.75796,56.61005
51218,Sabiedrība ar ierobežou atbildību “SAULGRIEŽI LTD” aptieka,"Pulkveža Brieža iela 89A, Sigulda, Siguldas nov., LV-2150",Vispārēja tipa aptieka,67973725,AP-109/4,24.87788,57.15345
346867,AS “SENTOR FARM APTIEKAS” Mēness aptieka 28,"Raipoles iela 6, Daugavpils, LV-5421",Vispārēja tipa aptieka,20377459,AP-124/8,26.52864,55.90036
131846,AS “SENTOR FARM APTIEKAS” Ceriņu aptieka,"Arhitektu iela 12, Daugavpils, LV-5421",Vispārēja tipa aptieka,20377623,AP-153/4,26.56344,55.89335
153125,AS “SENTOR FARM APTIEKAS” Mēness aptieka 59,"Miesnieku iela 1, Krāslava, Krāslavas nov., LV-5601",Vispārēja tipa aptieka,20377534,AP-154/8,27.17132,55.89692
131793,AS “SENTOR FARM APTIEKAS” aptieka “Dubna”,"Rīgas iela 145, Līvāni, Līvānu nov., LV-5316",Vispārēja tipa aptieka,20377533,AP-155/7,26.17131,56.36163
131723,AS “SENTOR FARM APTIEKAS” Rēzeknes Māras aptieka,"Atbrīvošanas aleja 117, Rēzekne, LV-4600",Vispārēja tipa aptieka,20377627,AP-179/7,27.33482,56.51384
49501,Sabiedrība ar ierobežotu atbildību “ALĪNA PLUS” Priežu aptieka,"Rūpniecības iela 20-9, Madona, Madonas nov., LV-4801",Vispārēja tipa aptieka,64807434,AP-198/4,26.22517,56.86018
131641,"AS ""SENTOR FARM APTIEKAS"" Ozolu aptieka","Rīgas iela 41, Gulbene, Gulbenes nov., LV-4401",Vispārēja tipa aptieka,20377507,AP-247/5,26.75683,57.17232
319,"SIA “KAĶIS LJ” aptieka ""Kaķis""","""Aptieka"", Mēri, Bilskas pag., Smiltenes nov., LV-4706",Vispārēja tipa aptieka,64729158,AP-248/3,26.09096,57.44455
27612,Sabiedrība ar ierobežotu atbildību “NOTA BENE” aptieka,"Pērnavas iela 4B, Jelgava, LV-3004",Vispārēja tipa aptieka,63025754,AP-255/4,23.75823,56.66859
255496,Sabiedrība ar ierobežotu atbildību “MĀRSILS” aptieka,"Rīgas iela 7, Vecumnieki, Vecumnieku pag., Bauskas nov., LV-3933",Vispārēja tipa aptieka,63976393,AP-298/4,24.52177,56.60653
874,IK “Taurupes  aptieka”,"""Pagastmāja"", Taurupes pag., Ogres nov., LV-5064",Vispārēja tipa aptieka,65031380,AP-304/2,25.33899,56.88297
283106,"AS “SENTOR FARM APTIEKAS” aptieka ""Pie Dālderiem”","Nākotnes iela 1, Ķekava, Ķekavas nov., LV-2123",Vispārēja tipa aptieka,26957307,AP-318/5,24.23873,56.82777
78270,SIA “APTIEKA VESELĪBA DA”,"Eduarda Veidenbauma iela 11, Liepāja, LV-3401",Vispārēja tipa aptieka,63423227,AP-356/5,21.01475,56.50376
1041,IK “SKUJAS APTIEKA”,"""Rimmas"", Liepupes pag., Limbažu nov., LV-4023",Vispārēja tipa aptieka,4020108,AP-368/3,24.44549,57.47038
52174,SIA “CERTRĀRIJA” aptieka “Certrārija-2”,"Raiņa iela 34-30, Ludza, Ludzas nov., LV-5701",Vispārēja tipa aptieka,65722693,AP-373/5,27.7144,56.54214
52173,"Sabiedrības ar ierobežotu atbildību “CERTRĀRIJA” aptieka ""Certrārija""","Kr.Barona iela 41, Ludza, Ludzas nov., LV-5701",Vispārēja tipa aptieka,65707045,AP-374/5,27.72468,56.5464
57261,Sabiedrība ar ierobežotu atbildību “LIMBAŽU APTIEKA” Staiceles aptieka,"Lielā iela 26, Staicele, Limbažu nov., LV-4043",Vispārēja tipa aptieka,64035473,AP-401/5,24.74927,57.83295
61050,SIA “LAMINĀRIJA” aptieka,"Ģenerāļa Baloža iela 2-10, Liepāja, LV-3402",Vispārēja tipa aptieka,63457098,AP-434/4,21.0136,56.55351
1342,“STACIJAS APTIEKA” SIA,"Stacijas iela 22, Limbaži, Limbažu nov., LV-4001",Vispārēja tipa aptieka,4023858,AP-439/3,24.72098,57.50951
87528,IK “STAĻĢENES APTIEKA” aptieka,"Lielupes iela 5, Staļģene, Jaunsvirlaukas pag., Jelgavas nov., LV-3031",Vispārēja tipa aptieka,29455058,AP-471/4,23.95757,56.57117
21495,Sabiedrības ar ierobežotu atbildību “Līvānu centra aptieka” aptieka Nr.2,"Rīgas iela 33, Līvāni, Līvānu nov., LV-5316",Vispārēja tipa aptieka,65381892,AP-481/4,26.17821,56.3465
61637,SIA “ GAUJIENAS APTIEKA”,"""Nolejas"", Gaujiena, Gaujienas pag., Smiltenes nov., LV-4339",Vispārēja tipa aptieka,64381678,AP-540/4,26.39816,57.51909
810,“STRENČU APTIEKA” SIA,"Rīgas iela 9, Strenči, Valmieras nov., LV-4730",Vispārēja tipa aptieka,4731258,AP-550/3,25.68435,57.62717
1015,Sabiedrība ar ierobežotu atbildību “KRUSTPILS APTIEKA”,"Rīgas iela 141, Jēkabpils, Jēkabpils nov., LV-5202",Vispārēja tipa aptieka,"5221637, 9259394",AP-559/4,25.8694,56.50214
137619,Sabiedrības ar ierobežotu atbildību “FITAS” aptieka “Diāna”,"Jāņa Poruka iela 16, Ventspils, LV-3601",Vispārēja tipa aptieka,63629144,AP-592/9,21.54789,57.38679
336198,Sabiedrības ar ierobežotu atbildību “ALIANSE-2M” Alianses aptieka,"Rīgas iela 13, Varakļāni, Madonas nov., LV-4838",Vispārēja tipa aptieka,64866106,AP-604/3,26.75266,56.60979
57263,Sabiedrības ar ierobežotu atbildību “LIMBAŽU APTIEKA” Poliklīnikas aptieka,"Klostera iela 6A, Limbaži, Limbažu nov., LV-4001",Vispārēja tipa aptieka,64022901,AP-605/3,24.71749,57.51447
33907,Sabiedrības ar ierobežotu atbildību “IKA RS” Pīlādžu aptieka,"""Ambulance"", Rekova, Šķilbēnu pag., Balvu nov., LV-4587",Vispārēja tipa aptieka,64546458,AP-606/3,27.61486,57.041
297067,SIA “VESELĪBA PLUSS” Ģintermuižas aptieka,"Filozofu iela 69, Jelgava, LV-3008",Vispārēja tipa aptieka,63029159,AP-612/4,23.69344,56.63876
131716,AS “SENTOR FARM APTIEKAS” Rudens aptieka - 5,"Ventspils iela 31, Daugavpils, LV-5421",Vispārēja tipa aptieka,20377621,AP-625/5,26.54423,55.87437
47123,Sabiedrība ar ierobežotu atbildību “CERĪBA-L” aptieka,"Dzirciema iela 23-4, Rīga, LV-1083",Vispārēja tipa aptieka,67459157,AP-676/3,24.05227,56.95386
125436,SIA “GAILĪŠU APTIEKA”,"Uzvaras iela 1, Uzvara, Gailīšu pag., Bauskas nov., LV-3931",Vispārēja tipa aptieka,63956676,AP-724/4,24.25675,56.31566
20509,Sabiedrība ar ierobežotu atbildību “Kristīnes Viesītes aptieka”,"Brīvības iela 2, Viesīte, Jēkabpils nov., LV-5237",Vispārēja tipa aptieka,65245184,AP-740/2,25.5545,56.34848
29459,Balvu rajona I.Ozoliņas individuālais uzņēmums “BĒRZPILS APTIEKA”,"""Domopole"", Bērzpils pag., Balvu nov., LV-4576",Vispārēja tipa aptieka,64546573,AP-742/2,27.08222,56.86052
401,Sabiedrība ar ierobežotu atbildību “PILTENES APTIEKA”,"Lielā iela 2a, Piltene, Ventspils nov., LV-3620",Vispārēja tipa aptieka,63661252,AP-748/4,21.67218,57.22275
68638,Sabiedrība ar ierobežotu atbildību “Valdekas aptieka”,"Rīgas iela 20c, Jelgava, LV-3002",Vispārēja tipa aptieka,63021408,AP-756/4,23.74686,56.65977
78496,"SIA ""MEDUS APTIEKA"" Medus aptieka","Bocmaņa laukums 5, Salacgrīva, Limbažu nov., LV-4033",Vispārēja tipa aptieka,64041466,AP-804/4,24.35988,57.75585
4881,SIA “VIRŠU APTIEKA”,"Viršu iela 1A, Liepāja, LV-3402",Vispārēja tipa aptieka,63434215,AP-807/3,21.04181,56.55486
63173,Sabiedrība ar ierobežotu atbildību “FARMA-SANTA” Mellužu aptieka,"Mellužu prospekts 42, Jūrmala, LV-2008",Vispārēja tipa aptieka,67767376,AP-826/3,23.71343,56.96082
74150,Sabiedrība ar ierobežotu atbildību aptieka “TEIKSMA”,"Brīvības gatve 340, Rīga, LV-1006",Vispārēja tipa aptieka,67552457,AP-870/3,24.19298,56.98093
165,Sabiedrības ar ierobežotu atbildību “LAMINARIA” Kalnciema aptieka,"Lielupes iela 7, Kalnciems, Jelgavas nov., LV-3016",Vispārēja tipa aptieka,63069775,AP-872/3,23.61666,56.79967
148616,Sabiedrības ar ierobežotu atbildību “LESKO N” Laimas aptieka,"Krasuhas iela 3, Audriņi, Audriņu pag., Rēzeknes nov., LV-4611",Vispārēja tipa aptieka,28660143,AP-912/3,27.24756,56.5879
131687,AS “SENTOR FARM APTIEKAS” Ludzas jaunā aptieka,"Latgales iela 61, Ludza, Ludzas  nov., LV-5701",Vispārēja tipa aptieka,20377630,APN-034/12,27.71034,56.54573
346898,AS “SENTOR FARM APTIEKAS” Mēness aptieka 54,"Ausekļa iela 54, Valka, Valkas nov., LV-4701",Vispārēja tipa aptieka,20384834,APN-035/14,26.01492,57.78527
142556,"SIA ""Lubānas aptieka""","Tilta iela 17, Lubāna, Madonas nov., LV-4830",Vispārēja tipa aptieka,64894371,APN-050/5,26.72307,56.90334
346968,AS “SENTOR FARM APTIEKAS” Mēness aptieka 65,"Lielā iela 42, Daugavpils, LV-5418",Vispārēja tipa aptieka,65421363,APN-074/12,26.50274,55.86615
127931,AS “SENTOR FARM APTIEKAS” Mēness aptieka 17,"Smilšu iela 92B, Daugavpils, LV-5410",Vispārēja tipa aptieka,20377461,APN-123/6,26.55383,55.88698
131776,AS “SENTOR FARM APTIEKAS” aptieka “Kastanītis”,"Cietokšņa iela 60, Daugavpils, LV-5400",Vispārēja tipa aptieka,20377458,APN-151/7,26.51738,55.87405
131711,AS “SENTOR FARM APTIEKAS” Sentor Ludzas aptieka,"Raiņa iela 40A, Ludza, Ludzas nov., LV-5701",Vispārēja tipa aptieka,20377628,APN-166/8,27.71163,56.54106
283037,AS “SENTOR FARM APTIEKAS” Ķekavas aptieka,"Gaismas iela 15, Ķekava, Ķekavas nov., LV-2123",Vispārēja tipa aptieka,20377601,APN-180/8,24.23037,56.82527
16822,Sabiedrība ar ierobežotu atbildību “DAUGUĻA APTIEKA”,"Rīgas iela 11, Mazsalaca, Valmieras nov., LV-4215",Vispārēja tipa aptieka,64251165,APN-222/3,25.05665,57.85702
307,Sabiedrības ar ierobežotu atbildību “SAULKRASTU APTIEKA R.B.” aptieka,"Ainažu iela 10, Saulkrasti, Saulkrastu nov., LV-2160",Vispārēja tipa aptieka,67951289,APN-227/6,24.41547,57.26355
322446,Sabiedrība ar ierobežotu atbildību “ALANTE” Centra aptieka,"Elizabetes iela 8, Tukums, Tukuma nov., LV-3101",Vispārēja tipa aptieka,"t.63125695, 63122204",APN-265/3,23.15549,56.96627
355543,"EUROAPTIEKA FARMĀCIJA, SIA aptieka - 22","Skolas iela 4D, Salaspils, Salaspils nov., LV-2121",Vispārēja tipa aptieka,67946730,APN-290/5,24.33524,56.85531
355550,"EUROAPTIEKA  FARMĀCIJA, SIA aptieka - 29","Andreja Saharova iela 21, Rīga, LV-1082",Vispārēja tipa aptieka,67174483,APN-293/9,24.2023,56.9379
86847,Sabiedrības ar ierobežotu atbildību “ALANTE” Jaunā aptieka,"Raudas iela 8, Tukums, Tukuma nov., LV-3101",Vispārēja tipa aptieka,63181112,APN-310/5,23.15635,56.96905
21496,Sabiedrība ar ierobežotu atbildību “Līvānu centra aptieka”,"Rīgas iela 114, Līvāni, Līvānu nov., LV-5316",Vispārēja tipa aptieka,65381772,APN-351/4,26.17566,56.35542
93451,Sabiedrība ar ierobežotu atbildību “PREIĻU APTIEKA”,"Raiņa bulvāris 5, Preiļi, Preiļu nov., LV-5301",Vispārēja tipa aptieka,65307006,APN-352/7,26.72622,56.2928
93093,Sabiedrība ar ierobežotu atbildību “PIRTS APTIEKA”,"Rīgas iela 23A, Limbaži, Limbažu nov., LV-4001",Vispārēja tipa aptieka,4070689,APN-412/3,24.7146,57.50835
281532,AS “SENTOR FARM APTIEKAS” Mēness aptieka 41,"Rīgas iela 55A, Gulbene, Gulbenes nov., LV-4401",Vispārēja tipa aptieka,20377163,APN-453/10,26.75679,57.17435
346971,AS “SENTOR FARM APTIEKAS” Mēness aptieka 51,"Rūpniecības iela 38, Madona, Madonas nov., LV-4801",Vispārēja tipa aptieka,20377437,APN-454/7,26.23655,56.85136
343197,Sabiedrība ar ierobežotu atbildību “DALMA LJ” aptieka,"Dārzu iela 16, Rēzekne, LV-4601",Vispārēja tipa aptieka,64622668,APN-478/6,27.334,56.5057
55268,SIA “APTIEKA VALKA” aptieka,"Rīgas iela 13, Valka, Valkas nov., LV-4701",Vispārēja tipa aptieka,28013337,APN-499/4,26.02057,57.77463
129496,Sabiedrība ar ierobežotu atbildību “ĀLANTE DN” aptieka Nr.1,"Cialkovska iela 3-1b, Daugavpils, LV-5410",Vispārēja tipa aptieka,65441484,APN-509/4,26.56092,55.89409
123162,AS “SENTOR FARM APTIEKAS” CNS aptieka,"Imantas 8.līnija 1 k-1, Rīga, LV-1067",Vispārēja tipa aptieka,20377457,APN-530/15,24.01919,56.95143
145397,“RAUNAS APTIEKA ” SIA,"Cēsu iela 2A, Rauna, Raunas pag., Smiltenes nov., LV-4131",Vispārēja tipa aptieka,64177103,APN-541/9,25.60867,57.33135
162414,Sabiedrības ar ierobežotu atbildību “CERĪBA A.G.” Nītaures aptieka,"""Strautiņi"" -2, Nītaure, Nītaures pag., Cēsu nov., LV-4112",Vispārēja tipa aptieka,64164267; 29400585,APN-542/5,25.19027,57.0676
355548,"EUROAPTIEKA FARMĀCIJA, SIA aptieka - 24","Krišjāņa Barona iela 8, Rīga, LV-1050",Vispārēja tipa aptieka,67225579,APN-572/6,24.11933,56.95014
136256,"SIA ""PILNIBA FARMA"" Aptieka 911","Šaurā iela 28-1B, Daugavpils, LV-5410",Vispārēja tipa aptieka,27066680,APN-667/5,26.54869,55.89441
355546,"EUROAPTIEKA FARMĀCIJA, SIA aptieka - 27","Viestura prospekts 26, Rīga, LV-1002",Vispārēja tipa aptieka,67305252,APN-699/8,24.13443,57.02057
121986,AS “SENTOR FARM APTIEKAS” Ziedu aptieka,"Ziedu iela 5, Sigulda, Siguldas nov., LV-2150",Vispārēja tipa aptieka,26003518,APN-720/8,24.84367,57.15796
267397,Sabiedrības ar ierobežotu atbildību “Jēkabpils Vecpilsētas aptieka”,"Brīvības iela 144, Jēkabpils, Jēkabpils nov., LV-5201",Vispārēja tipa aptieka,65232255,APN-761/3,25.86717,56.49801
157536,SIA “RŪJIENAS APTIEKA”,"Rīgas iela 3, Rūjiena, Valmieras nov., LV-4240",Vispārēja tipa aptieka,64263426,APN-764/4,25.3276,57.89686
142544,AS “SENTOR FARM APTIEKAS” Mēness aptieka 57,"1.maija iela 41, Malta, Maltas pag., Rēzeknes nov., LV-4630",Vispārēja tipa aptieka,64635333,APN-778/4,27.15924,56.34443
131664,AS “SENTOR FARM APTIEKAS” Rudens aptieka-8,"Viestura iela 2, Daugavpils, LV-5401",Vispārēja tipa aptieka,20377538,APN-798/8,26.5282,55.86805
211341,"Sabiedrība ar ierobežotu atbildību ""Lunafarm"" Jaunrozes aptieka","Rīgas iela 37/39, Liepāja, LV-3401",Vispārēja tipa aptieka,63422573,APN-820/6,21.01572,56.51908
355544,"EUROAPTIEKA FARMĀCIJA, SIA aptieka - 42","Celtnieku iela 17, Ventspils, LV-3601",Vispārēja tipa aptieka,63622620,APN-853/10,21.59938,57.40777
57259,Sabiedrības ar ierobežotu atbildību “AINAŽU APTIEKA” aptieka,"Valdemāra iela 61, Ainaži, Limbažu nov., LV-4035",Vispārēja tipa aptieka,29178016,APN-864/3,24.35878,57.86358
292468,Sabiedrības ar ierobežotu atbildību “RETĒJS” Liepājas Centra aptieka,"Kārļa Zāles laukums 6, Liepāja, LV-3401",Vispārēja tipa aptieka,63423458,APN-865/2,21.01608,56.51165
56400,"Sabiedrība ar ierobežotu atbildību ""Ķeipenes aptieka""","""Atvari""-1, Ķeipene, Ķeipenes pag., Ogres nov., LV-5062",Vispārēja tipa aptieka,652025066,APN-882/2,25.17997,56.89094
140176,"SIA ""LAVANDULA"" Lavandas aptieka","""Ceļmalas"", Daugmale, Daugmales pag., Ķekavas nov., LV-2124",Vispārēja tipa aptieka,22462334,APN-887/4,24.41587,56.82186
273622,SIA “LATVIJAS APTIEKA” Latvijas aptiekas 65 aptiekas filiāle Ancē,"""Dālderi""-11, Ance, Ances pag., Ventspils nov., LV-3612",Vispārēja tipa aptiekas filiāle,26486181,A00011,22.019,57.51073
357704,"AS “SENTOR FARM APTIEKAS” Mēness aptiekas 88 filiāle ""Tišas""","""Tišas"", Kroņauce, Tērvetes pag., Dobeles nov., LV-3730",Vispārēja tipa aptiekas filiāle,28445001,A00051,23.34113,56.51093
311691,"Sabiedrība ar ierobežotu atbildību “UNION MED” aptiekas filiāle ""Trikāta""","Nākotnes iela 2, Trikāta, Trikātas pag., Valmieras nov., LV-4731",Vispārēja tipa aptiekas filiāle,64707755,A00067,25.70921,57.54392
280432,"SIA ""MAIJA APTIEKA"" aptiekas Laidu filiāle","""Bitīte"", Laidi, Laidu pag., Kuldīgas nov., LV-3317",Vispārēja tipa aptiekas filiāle,63354419,A00093,21.87933,56.74442
280435,"SIA ""MAIJA APTIEKA"" aptiekas filiāle ""Alsungas aptieka""","Skolas iela 7, Alsunga, Alsungas pag., Kuldīgas nov., LV-3306",Vispārēja tipa aptiekas filiāle,63351133,A00093,21.56894,56.97929
280437,"SIA ""MAIJA APTIEKA"" aptiekas filiāle ""Ezeres aptieka""","Centra iela 4, Ezere, Ezeres pag., Saldus nov., LV-3891",Vispārēja tipa aptiekas filiāle,63842237,A00093,22.360954,56.406273
208602,SIA “SAULES APTIEKA” Saules aptiekas 10 filiāle Vietalvā,"Aveņu iela 2-1, Vietalva, Vietalvas pag., Aizkraukles nov., LV-2008",Vispārēja tipa aptiekas filiāle,65129178,A00098,25.77027,56.74067
342051,Sabiedrība ar ierobežotu atbildību “RUMIS” Māras aptiekas filiāle Cīravā,"""Bērnudārzs"", Cīrava, Cīravas pag., Dienvidkurzemes nov., LV-3448",Vispārēja tipa aptiekas filiāle,63449950,A00192,21.38304,56.73657
273862,Sabiedrības ar ierobežotu atbildību “Rubenes aptieka” aptiekas Slates filiāle,"Slates feldšerpunkts, Slate, Rubenes pag., Jēkabpils nov., LV-5229",Vispārēja tipa aptiekas filiāle,65229738,A00196,25.996,56.20071
324706,Sabiedrība ar ierobežotu atbildību “Rubenes aptieka” aptiekas Zasas filiāle,"Zaļā iela 10, Zasa, Zasas pag., Jēkabpils nov., LV-5239",Vispārēja tipa aptiekas filiāle,65229738,A00196,25.97961,56.29408
355524,"EUROAPTIEKA FARMĀCIJA, SIA aptiekas - 69 filiāle ""Zaļenieki""","Centra iela 9, Zaļenieki, Zaļenieku pag., Jelgavas nov., LV-3011",Vispārēja tipa aptiekas filiāle,63013188,A00220,23.5113,56.52612
292471,"SIA “RETĒJS” Dārtas aptiekas filiāle ""Nīca""","Skolas iela 5, Nīca, Nīcas pag., Dienvidkurzemes nov., LV-3473",Vispārēja tipa aptiekas filiāle,"63469066, 27077484",A00254,21.06725,56.34541
208927,"Sabiedrības ar ierobežotu atbildību “SIRIA” Valguma aptiekas filiāle ""Slampe""","Tūjas, Slampe, Slampes pag., Tukuma nov., LV-3119",Vispārēja tipa aptiekas filiāle,23303880,A00287,23.29618,56.84848
279688,Sabiedrība ar ierobežotu atbildību “NIGELLA” Pārgaujas aptiekas filiāle Rencēnos,"Valmieras iela 12, Rencēni, Rencēnu pag., Valmieras nov., LV-4232",Vispārēja tipa aptiekas filiāle,64268400,A00291,25.43051,57.72926
346424,Sabiedrības ar ierobežotu atbildību “VECĀ APTIEKA KANDAVĀ” Vecās aptiekas filiāle Pūrē,"""Pūre-18"", Pūre, Pūres pag., Tukuma nov., LV-3124",Vispārēja tipa aptiekas filiāle,63188022,A00303,22.90659,57.03512
319812,SIA “LĪVENA APTIEKA” aptiekas filiāle Trapene,"""Doktorāts"", Trapene, Trapenes pag., Smiltenes nov., LV-4348",Vispārēja tipa aptiekas filiāle,29400207,A00317,26.59477,57.44919
339101,SIA “LĪVENA APTIEKA” aptiekas filiāle Palsmane,"""Kultūras nams"", Palsmane, Palsmanes pag., Smiltenes nov., LV-4724",Vispārēja tipa aptiekas filiāle,64773373,A00317,26.18272,57.38999
107659,"Sabiedrības ar ierobežotu atbildību ""RENDOLS"" Ligitas Kalniņas privātaptiekas Smārdes filiāle","Jaunā iela 9, Smārde, Smārdes pag., Tukuma nov., LV-3129",Vispārēja tipa aptiekas filiāle,29162091,A00325,23.3381,56.94546
329662,AS “SENTOR FARM APTIEKAS” Mēness aptiekas 206 Praulienas filiāle,"Kalna iela 2, Prauliena, Praulienas pag., Madonas nov., LV-4825",Vispārēja tipa aptiekas filiāle,29559879,A00332,26.30477,56.82697
355587,Apotheka SIA Apotheka 54 filiāle,"Ezera iela 30, Vecružina, Silmalas pag., Rēzeknes nov., LV-4636",Vispārēja tipa aptiekas filiāle,64646122,A00353,27.08541,56.44492
119238,Sabiedrība ar ierobežotu atbildību “SALDUS ZAĻĀ APTIEKA” aptiekas Kabiles filiāle,"""Spārītes"", Kabile, Kabiles pag., Kuldīgas nov., LV-3314",Vispārēja tipa aptiekas filiāle,63354113,A00354,22.39996,56.95081
175030,Sabiedrība ar ierobežotu atbildību “SALDUS ZAĻĀ APTIEKA” aptiekas Vārmes filiāle,"""Madaras"" -14, Vārme, Vārmes pag., Kuldīgas nov., LV-3333",Vispārēja tipa aptiekas filiāle,27874493,A00354,22.23851,56.87274
202953,Sabiedrība ar ierobežotu atbildību “SALDUS ZAĻĀ APTIEKA” aptiekas Zaņas filiāle,"""Zaņas pamatskola"", Zaņas pag., Saldus nov., LV-3897",Vispārēja tipa aptiekas filiāle,29164736,A00354,22.21131,56.46656
210861,Sabiedrība ar ierobežotu atbildību “SALDUS ZAĻĀ APTIEKA” aptiekas Kursīšu filiāle,"Kalna iela 2, Kursīši, Kursīšu pag., Saldus nov., LV-3890",Vispārēja tipa aptiekas filiāle,63846693,A00354,22.40171,56.51163
320691,Sabiedrība ar ierobežotu atbildību “SALDUS ZAĻĀ APTIEKA” aptiekas Turlavas filiāle,"""Gundegas 1"", Turlava, Turlavas pag., Kuldīgas nov., LV-3329",Vispārēja tipa aptiekas filiāle,63372441,A00354,21.77678,56.83279
290337,"AS “SENTOR FARM APTIEKAS” Mēness aptiekas 140 filiāle ""Druva""","Vienības iela 15/17, Druva, Saldus pag., Saldus nov., LV-3862",Vispārēja tipa aptiekas filiāle,20377430,A00411,22.44962,56.69541
112851,"IK ""Ciskādu aptieka"" aptiekas filiāle Lūznavā","Jaunatnes iela 1-37, Lūznava, Lūznavas pag., Rēzeknes nov., LV-4627",Vispārēja tipa aptiekas filiāle,26306743,A00413,27.25904,56.3619
346426,"Sabiedrība ar ierobežotu atbildību “LIMBAŽU APTIEKA” aptiekas filiāle ""Pāle""","Ambulances iela 1-6, Pāle, Pāles pag., Limbažu nov., LV-4052",Vispārēja tipa aptiekas filiāle,64032010,A00417,24.6636,57.70293
346434,"Sabiedrība ar ierobežotu atbildību “LIMBAŽU APTIEKA” aptiekas filiāle ""Viļķene""","Dārza iela 3-1A, Viļķene, Viļķenes pag., Limbažu nov., LV-4050",Vispārēja tipa aptiekas filiāle,26429900,A00417,24.60874,57.60758
362941,"Sabiedrība ar ierobežotu atbildību ""Līcija"" aptiekas filiāle Kalētu aptieka","Liepu aleja 6, Kalēti, Kalētu pag., Dienvidkurzemes nov., LV-3484",Vispārēja tipa aptieka,29883377,A00435,21.475015,56.361122
266503,Apotheka SIA Apotheka 77 filiāle,"Anšlava Eglīša iela 5, Inciems, Krimuldas pag., Siguldas nov., LV-2145",Vispārēja tipa aptiekas filiāle,67957773,A00457,24.87803,57.25724
321506,Sabiedrība ar ierobežotu atbildību “Jelgavas pils aptieka” Valgundes filiāle,"Celtnieku iela 41-1, Valgunde, Valgundes pag., Jelgavas nov., LV-3017",Vispārēja tipa aptiekas filiāle,26322391,A00553,23.68501,56.74873
280932,"SIA ""Īrisi"" Barkavas aptiekas Ļaudonas filiāle","Avotu iela 3, Ļaudona, Ļaudonas pag., Madonas nov., LV-4862",Vispārēja tipa aptiekas filiāle,26519946,A00562,26.19271,56.70405
315767,SIA “ Aptieka Nurme” aptiekas Dursupes filiāle,"""Rīti"" 3, Dursupe, Balgales pag., Talsu nov., LV-3287",Vispārēja tipa aptiekas filiāle,63254979,A00568,22.87353,57.19031
277783,AS “SENTOR FARM APTIEKAS” Mēness aptiekas 165 filiāle Jaunkalsnavā,"Ceriņu iela 1, Jaunkalsnava, Kalsnavas pag., Madonas nov., LV-4860",Vispārēja tipa aptiekas filiāle,20377611,A00573,25.96965,56.69063
64376,Sabiedrības ar ierobežotu atbildību “PRIMULA B” Ievas aptiekas Kaunatas filiāle,"Rāznas iela 20, Kaunata, Kaunatas pag., Rēzeknes nov., LV-4622",Vispārēja tipa aptiekas filiāle,64667280,A00590,27.54314,56.33132
333046,Sabiedrība ar ierobežotu atbildību “MĀRAS APTIEKA” Māras aptiekas Jumpravā filiāle Lēdmanē,"""Jaunšinkas"", Lēdmane, Lēdmanes pag., Ogres nov., LV-5011",Vispārēja tipa aptiekas filiāle,65053168,A00593,25.00455,56.76752
327856,"Sabiedrība ar ierobežotu atbildību “ILŪKSTES APTIEKA” Kastaņu aptiekas filiāle ""Višķi""","Šosejas iela 3, Špoģi, Višķu pag., Augšdaugavas nov., LV-5481",Vispārēja tipa aptiekas filiāle,65462361,A00645,26.73474,56.07453
362321,Apotheka SIA Apotheka 93 filiāle,"Priedes iela 10-3, Silakrogs, Ropažu pag., Ropažu nov., LV-2133",Vispārēja tipa aptiekas filiāle,67399195,A00702,24.42773,56.96501
270127,SIA “LATVIJAS APTIEKA” Latvijas aptiekas 11 filiāle Vaiņodē,"Raiņa iela 1, Vaiņode, Vaiņodes pag., Dienvidkurzemes nov., LV-3435",Vispārēja tipa aptiekas filiāle,29547553 ,A00738,21.85508,56.41808
266442,Apotheka SIA Apotheka 91 filiāle,"""Vērgales veselības centrs"", Vērgale, Vērgales pag., Dienvidkurzemes nov., LV-3463",Vispārēja tipa aptiekas filiāle,65796365,A00744,21.19763,56.69745
271565,Sabiedrības ar ierobežotu atbildību “FARMA-SANTA” Piņķu aptiekas filiāle,"Liepu aleja 15A, Babīte, Babītes pag., Mārupes nov., LV-2101",Vispārēja tipa aptiekas filiāle,67512323,A00791,23.94829,56.9564
270065,"BENU Aptieka Latvija SIA BENU aptiekas -47 filiāle ""Sēja""","""Jēņi"", Loja, Sējas pag., Saulkrastu nov., LV-2143",Vispārēja tipa aptiekas filiāle,67708361,A00796,24.64676,57.15534
322451,"Sabiedrība ar ierobežotu atbildību “ALANTE” Tirgus aptiekas Tukumā filiāle ""Lestene""","""Saules"", Lestene, Lestenes pag., Tukuma nov., LV-3146",Vispārēja tipa aptiekas filiāle,26498847,A00824,23.14546,56.77387
352217,AS “SENTOR FARM APTIEKAS” Mēness aptiekas 223 filiāle Zaubē,"""Ancīši"", Zaube, Zaubes pag., Cēsu nov., LV-4113",Vispārēja tipa aptiekas filiāle,26187552,A00843,25.26345,56.99641
355433,"Sabiedrība ar ierobežotu atbildību “NĪGRANDES APTIEKA” aptiekas filiāle ""Nīgrande""","Bērzu iela 2-18, Nīgrande, Nīgrandes pag., Saldus nov., LV-3899",Vispārēja tipa aptiekas filiāle,26490600,A00846,22.09531,56.48566
282700,"SIA ""VELGAS APTIEKA PLUSS"" Velgas aptiekas filiāle Pilsrundālē","""Pilsrundāle 1"", Pilsrundāle, Rundāles pag., Bauskas nov., LV-3921",Vispārēja tipa aptiekas filiāle,63974918,A00877,24.00582,56.42142
266535,Apotheka SIA Apotheka 101 filiāle,"Kultūras iela 13-13, Zilaiskalns, Zilākalna pag., Valmieras nov., LV-4222",Vispārēja tipa aptiekas filiāle,26401083,A00900,25.20775,57.55774
54585,SIA “PILSĒTAS APTIEKA” aptiekas filiāle,"Draudzības iela 12A, Valmiermuiža, Valmieras pag., Valmieras nov., LV-4219",Vispārēja tipa aptiekas filiāle,64238542,AP-018/4,25.43201,57.56001
49503,Sabiedrība ar ierobežotu atbildību “ALĪNA PLUS” Priežu aptiekas filiāle Kusā,"Melioratoru iela 3, Kusa, Aronas pag., Madonas nov., LV-4847",Vispārēja tipa aptiekas filiāle,26422341,AP-198/4,26.12747,56.8968
84790,Sabiedrība ar ierobežotu atbildību “ALĪNA PLUS” Priežu aptiekas filiāle Mārcienā,"Jaunā iela 1, Mārciena, Mārcienas pag., Madonas nov., LV-4852",Vispārēja tipa aptiekas filiāle,64820126,AP-198/4,26.1013,56.77508
150057,Sabiedrība ar ierobežotu atbildību “LESKO N” Laimas aptiekas Gaigalavas filiāle,"Skolas iela 3, Gaigalavas pag., Rēzeknes nov., LV-4618",Vispārēja tipa aptiekas filiāle,20016746,AP-912/3,27.06566,56.73471
322449,"Sabiedrības ar ierobežotu atbildību “ALANTE” Centra aptiekas filiāle ""Irlava""","""Svīres"" 601, Irlava, Irlavas pag., Tukuma nov., LV-3137",Vispārēja tipa aptiekas filiāle,26658926,APN-265/3,22.99222,56.87627
93452,Sabiedrība ar ierobežotu atbildību “PREIĻU APTIEKA” Riebiņu filiāle,"Viļānu iela 2A, Riebiņi, Riebiņu pag., Preiļu nov., LV-5326",Vispārēja tipa aptiekas filiāle,25645604,APN-352/7,26.80077,56.34259
281475,"AS “SENTOR FARM APTIEKAS” Mēness aptiekas 41 filiāle ""Lejasciema filiāle""","Rīgas iela 23, Lejasciems, Lejasciema pag., Gulbenes nov., LV-4412",Vispārēja tipa aptiekas filiāle,64471934,APN-453/10,26.57636,57.27932
162415,Sabiedrības ar ierobežotu atbildību “CERĪBA A.G.” Nītaures aptiekas filiāle,"""Gundegas"" -1, Skujene, Skujenes pag., Cēsu nov., LV-4143",Vispārēja tipa aptiekas filiāle,64125970,APN-542/5,25.47111,57.09326
292469,"Sabiedrības  ar ierobežotu atbildību “RETĒJS” Liepājas Centra aptiekas filiāle ""Bārta""","""Ambulance"", Bārta, Bārtas pag., Dienvidkurzemes nov., LV-3482",Vispārēja tipa aptiekas filiāle,63430377,APN-865/2,21.32479,56.35246
292470,"Sabiedrība ar ierobežotu atbildību “RETĒJS” Liepājas Centra aptiekas filiāles ""Dunika""","""Līvas"", Sikšņi, Dunikas pag., Dienvidkurzemes nov., LV-3480",Vispārēja tipa aptiekas filiāle,63453381,APN-865/2,21.25325,56.26314
